ISO-10303-21;
HEADER;
/* Generated by software containing ST-Developer
 * from STEP Tools, Inc. (www.steptools.com) 
 */
/* OPTION: using custom renumber hook */

FILE_DESCRIPTION(
/* description */ ('STEP AP242 Edition 2',
'CAx-IF Rec.Pracs.---Representation and Presentation of Product Manufa
cturing Information (PMI)---4.0---2014-10-13',
'CAx-IF Rec.Pracs.---3D Tessellated Geometry---0.4---2014-09-14','2;1',
'CAx-IF Rec.Pracs.---User Defined Attributes---1.5---2016-08-15'),
/* implementation_level */ '2;1');

FILE_NAME(
/* name */ 'Assembly 1 - (POD) Drive input gear 2',
/* time_stamp */ '2026-08-06T04:33:16Z',
/* author */ (''),
/* organization */ (''),
/* preprocessor_version */ 'ST-DEVELOPER v20',
/* originating_system */ 'ONSHAPE BY PTC INC, 1.218',
/* authorisation */ '  ');

FILE_SCHEMA (('AP242_MANAGED_MODEL_BASED_3D_ENGINEERING_MIM_LF { 1 0 10303 442 3 1 4 }'));
ENDSEC;

DATA;
#10=SHAPE_REPRESENTATION_RELATIONSHIP('','',#2463,#11);
#11=ADVANCED_BREP_SHAPE_REPRESENTATION('',(#2461),#7607);
#12=PLANE('',#2705);
#13=PLANE('',#2706);
#14=PLANE('',#2710);
#15=PLANE('',#2711);
#16=PLANE('',#2712);
#17=PLANE('',#2713);
#18=PLANE('',#2714);
#19=PLANE('',#2715);
#20=PLANE('',#2716);
#21=B_SPLINE_CURVE_WITH_KNOTS('',3,(#3399,#3400,#3401,#3402,#3403,#3404,
#3405,#3406,#3407,#3408,#3409,#3410,#3411,#3412,#3413,#3414,#3415,#3416,
#3417,#3418,#3419,#3420,#3421,#3422,#3423,#3424,#3425,#3426,#3427,#3428,
#3429,#3430,#3431,#3432),.UNSPECIFIED.,.F.,.F.,(4,1,1,1,1,1,1,1,1,1,1,1,
1,1,1,1,1,1,1,1,1,1,1,1,1,1,1,1,1,1,1,4),(0.,0.103000416310753,0.112602086818187,
0.124997787693311,0.139664577964043,0.156295154557825,0.174680948552336,
0.194668413745219,0.216138395335841,0.238994936075388,0.263158603014357,
0.288562227667102,0.315148041388082,0.342865668217028,0.371670670958546,
0.401523468631774,0.432388511559897,0.46423364024604,0.497029578518293,
0.530749526817626,0.565368831540411,0.600864713071814,0.637216039758935,
0.674403138303366,0.712407633358658,0.751212310791611,0.790801000299534,
0.831158473997034,0.872270358283008,0.91412305683221,0.956703682968573,
0.97505004386342),.UNSPECIFIED.);
#22=B_SPLINE_CURVE_WITH_KNOTS('',3,(#3436,#3437,#3438,#3439,#3440,#3441,
#3442,#3443,#3444,#3445,#3446,#3447,#3448,#3449,#3450,#3451,#3452,#3453,
#3454,#3455,#3456,#3457,#3458,#3459,#3460,#3461,#3462,#3463,#3464,#3465,
#3466,#3467,#3468,#3469),.UNSPECIFIED.,.F.,.F.,(4,1,1,1,1,1,1,1,1,1,1,1,
1,1,1,1,1,1,1,1,1,1,1,1,1,1,1,1,1,1,1,4),(0.,0.103000416310753,0.112602086818187,
0.124997787693311,0.139664577964043,0.156295154557825,0.174680948552336,
0.194668413745219,0.216138395335841,0.238994936075388,0.263158603014357,
0.288562227667102,0.315148041388082,0.342865668217028,0.371670670958546,
0.401523468631774,0.432388511559897,0.46423364024604,0.497029578518293,
0.530749526817626,0.565368831540411,0.600864713071814,0.637216039758935,
0.674403138303366,0.712407633358658,0.751212310791611,0.790801000299534,
0.831158473997034,0.872270358283008,0.91412305683221,0.956703682968573,
0.97505004386342),.UNSPECIFIED.);
#23=B_SPLINE_CURVE_WITH_KNOTS('',3,(#3498,#3499,#3500,#3501,#3502,#3503,
#3504,#3505,#3506,#3507,#3508,#3509,#3510,#3511,#3512,#3513,#3514,#3515,
#3516,#3517,#3518,#3519,#3520,#3521,#3522,#3523,#3524,#3525,#3526,#3527,
#3528,#3529,#3530,#3531),.UNSPECIFIED.,.F.,.F.,(4,1,1,1,1,1,1,1,1,1,1,1,
1,1,1,1,1,1,1,1,1,1,1,1,1,1,1,1,1,1,1,4),(0.,0.103000416310753,0.112602086818187,
0.124997787693311,0.139664577964043,0.156295154557825,0.174680948552336,
0.194668413745219,0.216138395335841,0.238994936075388,0.263158603014357,
0.288562227667102,0.315148041388082,0.342865668217028,0.371670670958546,
0.401523468631774,0.432388511559897,0.46423364024604,0.497029578518293,
0.530749526817626,0.565368831540411,0.600864713071814,0.637216039758935,
0.674403138303366,0.712407633358658,0.751212310791611,0.790801000299534,
0.831158473997034,0.872270358283008,0.91412305683221,0.956703682968573,
0.975050043863419),.UNSPECIFIED.);
#24=B_SPLINE_CURVE_WITH_KNOTS('',3,(#3533,#3534,#3535,#3536,#3537,#3538,
#3539,#3540,#3541,#3542,#3543,#3544,#3545,#3546,#3547,#3548,#3549,#3550,
#3551,#3552,#3553,#3554,#3555,#3556,#3557,#3558,#3559,#3560,#3561,#3562,
#3563,#3564,#3565,#3566),.UNSPECIFIED.,.F.,.F.,(4,1,1,1,1,1,1,1,1,1,1,1,
1,1,1,1,1,1,1,1,1,1,1,1,1,1,1,1,1,1,1,4),(0.,0.103000416310753,0.112602086818187,
0.124997787693311,0.139664577964043,0.156295154557825,0.174680948552336,
0.194668413745219,0.216138395335841,0.238994936075388,0.263158603014357,
0.288562227667102,0.315148041388082,0.342865668217028,0.371670670958546,
0.401523468631774,0.432388511559897,0.46423364024604,0.497029578518293,
0.530749526817626,0.565368831540411,0.600864713071814,0.637216039758935,
0.674403138303366,0.712407633358658,0.751212310791611,0.790801000299534,
0.831158473997034,0.872270358283008,0.91412305683221,0.956703682968573,
0.975050043863419),.UNSPECIFIED.);
#25=B_SPLINE_CURVE_WITH_KNOTS('',3,(#3609,#3610,#3611,#3612,#3613,#3614,
#3615,#3616,#3617,#3618,#3619,#3620,#3621,#3622,#3623,#3624,#3625,#3626,
#3627,#3628,#3629,#3630,#3631,#3632,#3633,#3634,#3635,#3636,#3637,#3638,
#3639,#3640,#3641,#3642),.UNSPECIFIED.,.F.,.F.,(4,1,1,1,1,1,1,1,1,1,1,1,
1,1,1,1,1,1,1,1,1,1,1,1,1,1,1,1,1,1,1,4),(0.,0.103000416310753,0.112602086818187,
0.124997787693311,0.139664577964043,0.156295154557825,0.174680948552336,
0.194668413745219,0.216138395335841,0.238994936075388,0.263158603014357,
0.288562227667102,0.315148041388082,0.342865668217028,0.371670670958546,
0.401523468631774,0.432388511559897,0.46423364024604,0.497029578518293,
0.530749526817626,0.565368831540411,0.600864713071814,0.637216039758935,
0.674403138303366,0.712407633358658,0.751212310791611,0.790801000299534,
0.831158473997034,0.872270358283008,0.91412305683221,0.956703682968573,
0.97505004386342),.UNSPECIFIED.);
#26=B_SPLINE_CURVE_WITH_KNOTS('',3,(#3646,#3647,#3648,#3649,#3650,#3651,
#3652,#3653,#3654,#3655,#3656,#3657,#3658,#3659,#3660,#3661,#3662,#3663,
#3664,#3665,#3666,#3667,#3668,#3669,#3670,#3671,#3672,#3673,#3674,#3675,
#3676,#3677,#3678,#3679),.UNSPECIFIED.,.F.,.F.,(4,1,1,1,1,1,1,1,1,1,1,1,
1,1,1,1,1,1,1,1,1,1,1,1,1,1,1,1,1,1,1,4),(0.,0.103000416310753,0.112602086818187,
0.124997787693311,0.139664577964043,0.156295154557825,0.174680948552336,
0.194668413745219,0.216138395335841,0.238994936075388,0.263158603014357,
0.288562227667102,0.315148041388082,0.342865668217028,0.371670670958546,
0.401523468631774,0.432388511559897,0.46423364024604,0.497029578518293,
0.530749526817626,0.565368831540411,0.600864713071814,0.637216039758935,
0.674403138303366,0.712407633358658,0.751212310791611,0.790801000299534,
0.831158473997034,0.872270358283008,0.91412305683221,0.956703682968573,
0.97505004386342),.UNSPECIFIED.);
#27=B_SPLINE_CURVE_WITH_KNOTS('',3,(#3708,#3709,#3710,#3711,#3712,#3713,
#3714,#3715,#3716,#3717,#3718,#3719,#3720,#3721,#3722,#3723,#3724,#3725,
#3726,#3727,#3728,#3729,#3730,#3731,#3732,#3733,#3734,#3735,#3736,#3737,
#3738,#3739,#3740,#3741),.UNSPECIFIED.,.F.,.F.,(4,1,1,1,1,1,1,1,1,1,1,1,
1,1,1,1,1,1,1,1,1,1,1,1,1,1,1,1,1,1,1,4),(0.,0.103000416310753,0.112602086818187,
0.124997787693311,0.139664577964043,0.156295154557825,0.174680948552336,
0.194668413745219,0.216138395335841,0.238994936075388,0.263158603014357,
0.288562227667102,0.315148041388082,0.342865668217028,0.371670670958546,
0.401523468631774,0.432388511559897,0.46423364024604,0.497029578518293,
0.530749526817626,0.565368831540411,0.600864713071814,0.637216039758935,
0.674403138303366,0.712407633358658,0.751212310791611,0.790801000299534,
0.831158473997034,0.872270358283008,0.91412305683221,0.956703682968573,
0.975050043863419),.UNSPECIFIED.);
#28=B_SPLINE_CURVE_WITH_KNOTS('',3,(#3743,#3744,#3745,#3746,#3747,#3748,
#3749,#3750,#3751,#3752,#3753,#3754,#3755,#3756,#3757,#3758,#3759,#3760,
#3761,#3762,#3763,#3764,#3765,#3766,#3767,#3768,#3769,#3770,#3771,#3772,
#3773,#3774,#3775,#3776),.UNSPECIFIED.,.F.,.F.,(4,1,1,1,1,1,1,1,1,1,1,1,
1,1,1,1,1,1,1,1,1,1,1,1,1,1,1,1,1,1,1,4),(0.,0.103000416310753,0.112602086818187,
0.124997787693311,0.139664577964043,0.156295154557825,0.174680948552336,
0.194668413745219,0.216138395335841,0.238994936075388,0.263158603014357,
0.288562227667102,0.315148041388082,0.342865668217028,0.371670670958546,
0.401523468631774,0.432388511559897,0.46423364024604,0.497029578518293,
0.530749526817626,0.565368831540411,0.600864713071814,0.637216039758935,
0.674403138303366,0.712407633358658,0.751212310791611,0.790801000299534,
0.831158473997034,0.872270358283008,0.91412305683221,0.956703682968573,
0.975050043863419),.UNSPECIFIED.);
#29=B_SPLINE_CURVE_WITH_KNOTS('',3,(#3819,#3820,#3821,#3822,#3823,#3824,
#3825,#3826,#3827,#3828,#3829,#3830,#3831,#3832,#3833,#3834,#3835,#3836,
#3837,#3838,#3839,#3840,#3841,#3842,#3843,#3844,#3845,#3846,#3847,#3848,
#3849,#3850,#3851,#3852),.UNSPECIFIED.,.F.,.F.,(4,1,1,1,1,1,1,1,1,1,1,1,
1,1,1,1,1,1,1,1,1,1,1,1,1,1,1,1,1,1,1,4),(0.,0.103000416310753,0.112602086818187,
0.124997787693311,0.139664577964043,0.156295154557825,0.174680948552336,
0.194668413745219,0.216138395335841,0.238994936075388,0.263158603014357,
0.288562227667102,0.315148041388082,0.342865668217028,0.371670670958546,
0.401523468631774,0.432388511559897,0.46423364024604,0.497029578518293,
0.530749526817626,0.565368831540411,0.600864713071814,0.637216039758935,
0.674403138303366,0.712407633358658,0.751212310791611,0.790801000299534,
0.831158473997034,0.872270358283008,0.91412305683221,0.956703682968573,
0.97505004386342),.UNSPECIFIED.);
#30=B_SPLINE_CURVE_WITH_KNOTS('',3,(#3856,#3857,#3858,#3859,#3860,#3861,
#3862,#3863,#3864,#3865,#3866,#3867,#3868,#3869,#3870,#3871,#3872,#3873,
#3874,#3875,#3876,#3877,#3878,#3879,#3880,#3881,#3882,#3883,#3884,#3885,
#3886,#3887,#3888,#3889),.UNSPECIFIED.,.F.,.F.,(4,1,1,1,1,1,1,1,1,1,1,1,
1,1,1,1,1,1,1,1,1,1,1,1,1,1,1,1,1,1,1,4),(0.,0.103000416310753,0.112602086818187,
0.124997787693311,0.139664577964043,0.156295154557825,0.174680948552336,
0.194668413745219,0.216138395335841,0.238994936075388,0.263158603014357,
0.288562227667102,0.315148041388082,0.342865668217028,0.371670670958546,
0.401523468631774,0.432388511559897,0.46423364024604,0.497029578518293,
0.530749526817626,0.565368831540411,0.600864713071814,0.637216039758935,
0.674403138303366,0.712407633358658,0.751212310791611,0.790801000299534,
0.831158473997034,0.872270358283008,0.91412305683221,0.956703682968573,
0.97505004386342),.UNSPECIFIED.);
#31=B_SPLINE_CURVE_WITH_KNOTS('',3,(#3918,#3919,#3920,#3921,#3922,#3923,
#3924,#3925,#3926,#3927,#3928,#3929,#3930,#3931,#3932,#3933,#3934,#3935,
#3936,#3937,#3938,#3939,#3940,#3941,#3942,#3943,#3944,#3945,#3946,#3947,
#3948,#3949,#3950,#3951),.UNSPECIFIED.,.F.,.F.,(4,1,1,1,1,1,1,1,1,1,1,1,
1,1,1,1,1,1,1,1,1,1,1,1,1,1,1,1,1,1,1,4),(0.,0.103000416310753,0.112602086818187,
0.124997787693311,0.139664577964043,0.156295154557825,0.174680948552336,
0.194668413745219,0.216138395335841,0.238994936075388,0.263158603014357,
0.288562227667102,0.315148041388082,0.342865668217028,0.371670670958546,
0.401523468631774,0.432388511559897,0.46423364024604,0.497029578518293,
0.530749526817626,0.565368831540411,0.600864713071814,0.637216039758935,
0.674403138303366,0.712407633358658,0.751212310791611,0.790801000299534,
0.831158473997034,0.872270358283008,0.91412305683221,0.956703682968573,
0.975050043863419),.UNSPECIFIED.);
#32=B_SPLINE_CURVE_WITH_KNOTS('',3,(#3953,#3954,#3955,#3956,#3957,#3958,
#3959,#3960,#3961,#3962,#3963,#3964,#3965,#3966,#3967,#3968,#3969,#3970,
#3971,#3972,#3973,#3974,#3975,#3976,#3977,#3978,#3979,#3980,#3981,#3982,
#3983,#3984,#3985,#3986),.UNSPECIFIED.,.F.,.F.,(4,1,1,1,1,1,1,1,1,1,1,1,
1,1,1,1,1,1,1,1,1,1,1,1,1,1,1,1,1,1,1,4),(0.,0.103000416310753,0.112602086818187,
0.124997787693311,0.139664577964043,0.156295154557825,0.174680948552336,
0.194668413745219,0.216138395335841,0.238994936075388,0.263158603014357,
0.288562227667102,0.315148041388082,0.342865668217028,0.371670670958546,
0.401523468631774,0.432388511559897,0.46423364024604,0.497029578518293,
0.530749526817626,0.565368831540411,0.600864713071814,0.637216039758935,
0.674403138303366,0.712407633358658,0.751212310791611,0.790801000299534,
0.831158473997034,0.872270358283008,0.91412305683221,0.956703682968573,
0.975050043863419),.UNSPECIFIED.);
#33=B_SPLINE_CURVE_WITH_KNOTS('',3,(#4029,#4030,#4031,#4032,#4033,#4034,
#4035,#4036,#4037,#4038,#4039,#4040,#4041,#4042,#4043,#4044,#4045,#4046,
#4047,#4048,#4049,#4050,#4051,#4052,#4053,#4054,#4055,#4056,#4057,#4058,
#4059,#4060,#4061,#4062),.UNSPECIFIED.,.F.,.F.,(4,1,1,1,1,1,1,1,1,1,1,1,
1,1,1,1,1,1,1,1,1,1,1,1,1,1,1,1,1,1,1,4),(0.,0.103000416310753,0.112602086818187,
0.124997787693311,0.139664577964043,0.156295154557825,0.174680948552336,
0.194668413745219,0.216138395335841,0.238994936075388,0.263158603014357,
0.288562227667102,0.315148041388082,0.342865668217028,0.371670670958546,
0.401523468631774,0.432388511559897,0.46423364024604,0.497029578518293,
0.530749526817626,0.565368831540411,0.600864713071814,0.637216039758935,
0.674403138303366,0.712407633358658,0.751212310791611,0.790801000299534,
0.831158473997034,0.872270358283008,0.91412305683221,0.956703682968573,
0.97505004386342),.UNSPECIFIED.);
#34=B_SPLINE_CURVE_WITH_KNOTS('',3,(#4066,#4067,#4068,#4069,#4070,#4071,
#4072,#4073,#4074,#4075,#4076,#4077,#4078,#4079,#4080,#4081,#4082,#4083,
#4084,#4085,#4086,#4087,#4088,#4089,#4090,#4091,#4092,#4093,#4094,#4095,
#4096,#4097,#4098,#4099),.UNSPECIFIED.,.F.,.F.,(4,1,1,1,1,1,1,1,1,1,1,1,
1,1,1,1,1,1,1,1,1,1,1,1,1,1,1,1,1,1,1,4),(0.,0.103000416310753,0.112602086818187,
0.124997787693311,0.139664577964043,0.156295154557825,0.174680948552336,
0.194668413745219,0.216138395335841,0.238994936075388,0.263158603014357,
0.288562227667102,0.315148041388082,0.342865668217028,0.371670670958546,
0.401523468631774,0.432388511559897,0.46423364024604,0.497029578518293,
0.530749526817626,0.565368831540411,0.600864713071814,0.637216039758935,
0.674403138303366,0.712407633358658,0.751212310791611,0.790801000299534,
0.831158473997034,0.872270358283008,0.91412305683221,0.956703682968573,
0.97505004386342),.UNSPECIFIED.);
#35=B_SPLINE_CURVE_WITH_KNOTS('',3,(#4128,#4129,#4130,#4131,#4132,#4133,
#4134,#4135,#4136,#4137,#4138,#4139,#4140,#4141,#4142,#4143,#4144,#4145,
#4146,#4147,#4148,#4149,#4150,#4151,#4152,#4153,#4154,#4155,#4156,#4157,
#4158,#4159,#4160,#4161),.UNSPECIFIED.,.F.,.F.,(4,1,1,1,1,1,1,1,1,1,1,1,
1,1,1,1,1,1,1,1,1,1,1,1,1,1,1,1,1,1,1,4),(0.,0.103000416310753,0.112602086818187,
0.124997787693311,0.139664577964043,0.156295154557825,0.174680948552336,
0.194668413745219,0.216138395335841,0.238994936075388,0.263158603014357,
0.288562227667102,0.315148041388082,0.342865668217028,0.371670670958546,
0.401523468631774,0.432388511559897,0.46423364024604,0.497029578518293,
0.530749526817626,0.565368831540411,0.600864713071814,0.637216039758935,
0.674403138303366,0.712407633358658,0.751212310791611,0.790801000299534,
0.831158473997034,0.872270358283008,0.91412305683221,0.956703682968573,
0.975050043863419),.UNSPECIFIED.);
#36=B_SPLINE_CURVE_WITH_KNOTS('',3,(#4163,#4164,#4165,#4166,#4167,#4168,
#4169,#4170,#4171,#4172,#4173,#4174,#4175,#4176,#4177,#4178,#4179,#4180,
#4181,#4182,#4183,#4184,#4185,#4186,#4187,#4188,#4189,#4190,#4191,#4192,
#4193,#4194,#4195,#4196),.UNSPECIFIED.,.F.,.F.,(4,1,1,1,1,1,1,1,1,1,1,1,
1,1,1,1,1,1,1,1,1,1,1,1,1,1,1,1,1,1,1,4),(0.,0.103000416310753,0.112602086818187,
0.124997787693311,0.139664577964043,0.156295154557825,0.174680948552336,
0.194668413745219,0.216138395335841,0.238994936075388,0.263158603014357,
0.288562227667102,0.315148041388082,0.342865668217028,0.371670670958546,
0.401523468631774,0.432388511559897,0.46423364024604,0.497029578518293,
0.530749526817626,0.565368831540411,0.600864713071814,0.637216039758935,
0.674403138303366,0.712407633358658,0.751212310791611,0.790801000299534,
0.831158473997034,0.872270358283008,0.91412305683221,0.956703682968573,
0.975050043863419),.UNSPECIFIED.);
#37=B_SPLINE_CURVE_WITH_KNOTS('',3,(#4239,#4240,#4241,#4242,#4243,#4244,
#4245,#4246,#4247,#4248,#4249,#4250,#4251,#4252,#4253,#4254,#4255,#4256,
#4257,#4258,#4259,#4260,#4261,#4262,#4263,#4264,#4265,#4266,#4267,#4268,
#4269,#4270,#4271,#4272),.UNSPECIFIED.,.F.,.F.,(4,1,1,1,1,1,1,1,1,1,1,1,
1,1,1,1,1,1,1,1,1,1,1,1,1,1,1,1,1,1,1,4),(0.,0.103000416310753,0.112602086818187,
0.124997787693311,0.139664577964043,0.156295154557825,0.174680948552336,
0.194668413745219,0.216138395335841,0.238994936075388,0.263158603014357,
0.288562227667102,0.315148041388082,0.342865668217028,0.371670670958546,
0.401523468631774,0.432388511559897,0.46423364024604,0.497029578518293,
0.530749526817626,0.565368831540411,0.600864713071814,0.637216039758935,
0.674403138303366,0.712407633358658,0.751212310791611,0.790801000299534,
0.831158473997034,0.872270358283008,0.91412305683221,0.956703682968573,
0.97505004386342),.UNSPECIFIED.);
#38=B_SPLINE_CURVE_WITH_KNOTS('',3,(#4276,#4277,#4278,#4279,#4280,#4281,
#4282,#4283,#4284,#4285,#4286,#4287,#4288,#4289,#4290,#4291,#4292,#4293,
#4294,#4295,#4296,#4297,#4298,#4299,#4300,#4301,#4302,#4303,#4304,#4305,
#4306,#4307,#4308,#4309),.UNSPECIFIED.,.F.,.F.,(4,1,1,1,1,1,1,1,1,1,1,1,
1,1,1,1,1,1,1,1,1,1,1,1,1,1,1,1,1,1,1,4),(0.,0.103000416310753,0.112602086818187,
0.124997787693311,0.139664577964043,0.156295154557825,0.174680948552336,
0.194668413745219,0.216138395335841,0.238994936075388,0.263158603014357,
0.288562227667102,0.315148041388082,0.342865668217028,0.371670670958546,
0.401523468631774,0.432388511559897,0.46423364024604,0.497029578518293,
0.530749526817626,0.565368831540411,0.600864713071814,0.637216039758935,
0.674403138303366,0.712407633358658,0.751212310791611,0.790801000299534,
0.831158473997034,0.872270358283008,0.91412305683221,0.956703682968573,
0.97505004386342),.UNSPECIFIED.);
#39=B_SPLINE_CURVE_WITH_KNOTS('',3,(#4338,#4339,#4340,#4341,#4342,#4343,
#4344,#4345,#4346,#4347,#4348,#4349,#4350,#4351,#4352,#4353,#4354,#4355,
#4356,#4357,#4358,#4359,#4360,#4361,#4362,#4363,#4364,#4365,#4366,#4367,
#4368,#4369,#4370,#4371),.UNSPECIFIED.,.F.,.F.,(4,1,1,1,1,1,1,1,1,1,1,1,
1,1,1,1,1,1,1,1,1,1,1,1,1,1,1,1,1,1,1,4),(0.,0.103000416310753,0.112602086818187,
0.124997787693311,0.139664577964043,0.156295154557825,0.174680948552336,
0.194668413745219,0.216138395335841,0.238994936075388,0.263158603014357,
0.288562227667102,0.315148041388082,0.342865668217028,0.371670670958546,
0.401523468631774,0.432388511559897,0.46423364024604,0.497029578518293,
0.530749526817626,0.565368831540411,0.600864713071814,0.637216039758935,
0.674403138303366,0.712407633358658,0.751212310791611,0.790801000299534,
0.831158473997034,0.872270358283008,0.91412305683221,0.956703682968573,
0.975050043863419),.UNSPECIFIED.);
#40=B_SPLINE_CURVE_WITH_KNOTS('',3,(#4373,#4374,#4375,#4376,#4377,#4378,
#4379,#4380,#4381,#4382,#4383,#4384,#4385,#4386,#4387,#4388,#4389,#4390,
#4391,#4392,#4393,#4394,#4395,#4396,#4397,#4398,#4399,#4400,#4401,#4402,
#4403,#4404,#4405,#4406),.UNSPECIFIED.,.F.,.F.,(4,1,1,1,1,1,1,1,1,1,1,1,
1,1,1,1,1,1,1,1,1,1,1,1,1,1,1,1,1,1,1,4),(0.,0.103000416310753,0.112602086818187,
0.124997787693311,0.139664577964043,0.156295154557825,0.174680948552336,
0.194668413745219,0.216138395335841,0.238994936075388,0.263158603014357,
0.288562227667102,0.315148041388082,0.342865668217028,0.371670670958546,
0.401523468631774,0.432388511559897,0.46423364024604,0.497029578518293,
0.530749526817626,0.565368831540411,0.600864713071814,0.637216039758935,
0.674403138303366,0.712407633358658,0.751212310791611,0.790801000299534,
0.831158473997034,0.872270358283008,0.91412305683221,0.956703682968573,
0.975050043863419),.UNSPECIFIED.);
#41=B_SPLINE_CURVE_WITH_KNOTS('',3,(#4449,#4450,#4451,#4452,#4453,#4454,
#4455,#4456,#4457,#4458,#4459,#4460,#4461,#4462,#4463,#4464,#4465,#4466,
#4467,#4468,#4469,#4470,#4471,#4472,#4473,#4474,#4475,#4476,#4477,#4478,
#4479,#4480,#4481,#4482),.UNSPECIFIED.,.F.,.F.,(4,1,1,1,1,1,1,1,1,1,1,1,
1,1,1,1,1,1,1,1,1,1,1,1,1,1,1,1,1,1,1,4),(0.,0.103000416310753,0.112602086818187,
0.124997787693311,0.139664577964043,0.156295154557825,0.174680948552336,
0.194668413745219,0.216138395335841,0.238994936075388,0.263158603014357,
0.288562227667102,0.315148041388082,0.342865668217028,0.371670670958546,
0.401523468631774,0.432388511559897,0.46423364024604,0.497029578518293,
0.530749526817626,0.565368831540411,0.600864713071814,0.637216039758935,
0.674403138303366,0.712407633358658,0.751212310791611,0.790801000299534,
0.831158473997034,0.872270358283008,0.91412305683221,0.956703682968573,
0.97505004386342),.UNSPECIFIED.);
#42=B_SPLINE_CURVE_WITH_KNOTS('',3,(#4486,#4487,#4488,#4489,#4490,#4491,
#4492,#4493,#4494,#4495,#4496,#4497,#4498,#4499,#4500,#4501,#4502,#4503,
#4504,#4505,#4506,#4507,#4508,#4509,#4510,#4511,#4512,#4513,#4514,#4515,
#4516,#4517,#4518,#4519),.UNSPECIFIED.,.F.,.F.,(4,1,1,1,1,1,1,1,1,1,1,1,
1,1,1,1,1,1,1,1,1,1,1,1,1,1,1,1,1,1,1,4),(0.,0.103000416310753,0.112602086818187,
0.124997787693311,0.139664577964043,0.156295154557825,0.174680948552336,
0.194668413745219,0.216138395335841,0.238994936075388,0.263158603014357,
0.288562227667102,0.315148041388082,0.342865668217028,0.371670670958546,
0.401523468631774,0.432388511559897,0.46423364024604,0.497029578518293,
0.530749526817626,0.565368831540411,0.600864713071814,0.637216039758935,
0.674403138303366,0.712407633358658,0.751212310791611,0.790801000299534,
0.831158473997034,0.872270358283008,0.91412305683221,0.956703682968573,
0.97505004386342),.UNSPECIFIED.);
#43=B_SPLINE_CURVE_WITH_KNOTS('',3,(#4548,#4549,#4550,#4551,#4552,#4553,
#4554,#4555,#4556,#4557,#4558,#4559,#4560,#4561,#4562,#4563,#4564,#4565,
#4566,#4567,#4568,#4569,#4570,#4571,#4572,#4573,#4574,#4575,#4576,#4577,
#4578,#4579,#4580,#4581),.UNSPECIFIED.,.F.,.F.,(4,1,1,1,1,1,1,1,1,1,1,1,
1,1,1,1,1,1,1,1,1,1,1,1,1,1,1,1,1,1,1,4),(0.,0.103000416310753,0.112602086818187,
0.124997787693311,0.139664577964043,0.156295154557825,0.174680948552336,
0.194668413745219,0.216138395335841,0.238994936075388,0.263158603014357,
0.288562227667102,0.315148041388082,0.342865668217028,0.371670670958546,
0.401523468631774,0.432388511559897,0.46423364024604,0.497029578518293,
0.530749526817626,0.565368831540411,0.600864713071814,0.637216039758935,
0.674403138303366,0.712407633358658,0.751212310791611,0.790801000299534,
0.831158473997034,0.872270358283008,0.91412305683221,0.956703682968573,
0.975050043863419),.UNSPECIFIED.);
#44=B_SPLINE_CURVE_WITH_KNOTS('',3,(#4583,#4584,#4585,#4586,#4587,#4588,
#4589,#4590,#4591,#4592,#4593,#4594,#4595,#4596,#4597,#4598,#4599,#4600,
#4601,#4602,#4603,#4604,#4605,#4606,#4607,#4608,#4609,#4610,#4611,#4612,
#4613,#4614,#4615,#4616),.UNSPECIFIED.,.F.,.F.,(4,1,1,1,1,1,1,1,1,1,1,1,
1,1,1,1,1,1,1,1,1,1,1,1,1,1,1,1,1,1,1,4),(0.,0.103000416310753,0.112602086818187,
0.124997787693311,0.139664577964043,0.156295154557825,0.174680948552336,
0.194668413745219,0.216138395335841,0.238994936075388,0.263158603014357,
0.288562227667102,0.315148041388082,0.342865668217028,0.371670670958546,
0.401523468631774,0.432388511559897,0.46423364024604,0.497029578518293,
0.530749526817626,0.565368831540411,0.600864713071814,0.637216039758935,
0.674403138303366,0.712407633358658,0.751212310791611,0.790801000299534,
0.831158473997034,0.872270358283008,0.91412305683221,0.956703682968573,
0.975050043863419),.UNSPECIFIED.);
#45=B_SPLINE_CURVE_WITH_KNOTS('',3,(#4659,#4660,#4661,#4662,#4663,#4664,
#4665,#4666,#4667,#4668,#4669,#4670,#4671,#4672,#4673,#4674,#4675,#4676,
#4677,#4678,#4679,#4680,#4681,#4682,#4683,#4684,#4685,#4686,#4687,#4688,
#4689,#4690,#4691,#4692),.UNSPECIFIED.,.F.,.F.,(4,1,1,1,1,1,1,1,1,1,1,1,
1,1,1,1,1,1,1,1,1,1,1,1,1,1,1,1,1,1,1,4),(0.,0.103000416310753,0.112602086818187,
0.124997787693311,0.139664577964043,0.156295154557825,0.174680948552336,
0.194668413745219,0.216138395335841,0.238994936075388,0.263158603014357,
0.288562227667102,0.315148041388082,0.342865668217028,0.371670670958546,
0.401523468631774,0.432388511559897,0.46423364024604,0.497029578518293,
0.530749526817626,0.565368831540411,0.600864713071814,0.637216039758935,
0.674403138303366,0.712407633358658,0.751212310791611,0.790801000299534,
0.831158473997034,0.872270358283008,0.91412305683221,0.956703682968573,
0.97505004386342),.UNSPECIFIED.);
#46=B_SPLINE_CURVE_WITH_KNOTS('',3,(#4696,#4697,#4698,#4699,#4700,#4701,
#4702,#4703,#4704,#4705,#4706,#4707,#4708,#4709,#4710,#4711,#4712,#4713,
#4714,#4715,#4716,#4717,#4718,#4719,#4720,#4721,#4722,#4723,#4724,#4725,
#4726,#4727,#4728,#4729),.UNSPECIFIED.,.F.,.F.,(4,1,1,1,1,1,1,1,1,1,1,1,
1,1,1,1,1,1,1,1,1,1,1,1,1,1,1,1,1,1,1,4),(0.,0.103000416310753,0.112602086818187,
0.124997787693311,0.139664577964043,0.156295154557825,0.174680948552336,
0.194668413745219,0.216138395335841,0.238994936075388,0.263158603014357,
0.288562227667102,0.315148041388082,0.342865668217028,0.371670670958546,
0.401523468631774,0.432388511559897,0.46423364024604,0.497029578518293,
0.530749526817626,0.565368831540411,0.600864713071814,0.637216039758935,
0.674403138303366,0.712407633358658,0.751212310791611,0.790801000299534,
0.831158473997034,0.872270358283008,0.91412305683221,0.956703682968573,
0.97505004386342),.UNSPECIFIED.);
#47=B_SPLINE_CURVE_WITH_KNOTS('',3,(#4758,#4759,#4760,#4761,#4762,#4763,
#4764,#4765,#4766,#4767,#4768,#4769,#4770,#4771,#4772,#4773,#4774,#4775,
#4776,#4777,#4778,#4779,#4780,#4781,#4782,#4783,#4784,#4785,#4786,#4787,
#4788,#4789,#4790,#4791),.UNSPECIFIED.,.F.,.F.,(4,1,1,1,1,1,1,1,1,1,1,1,
1,1,1,1,1,1,1,1,1,1,1,1,1,1,1,1,1,1,1,4),(0.,0.103000416310753,0.112602086818187,
0.124997787693311,0.139664577964043,0.156295154557825,0.174680948552336,
0.194668413745219,0.216138395335841,0.238994936075388,0.263158603014357,
0.288562227667102,0.315148041388082,0.342865668217028,0.371670670958546,
0.401523468631774,0.432388511559897,0.46423364024604,0.497029578518293,
0.530749526817626,0.565368831540411,0.600864713071814,0.637216039758935,
0.674403138303366,0.712407633358658,0.751212310791611,0.790801000299534,
0.831158473997034,0.872270358283008,0.91412305683221,0.956703682968573,
0.975050043863419),.UNSPECIFIED.);
#48=B_SPLINE_CURVE_WITH_KNOTS('',3,(#4793,#4794,#4795,#4796,#4797,#4798,
#4799,#4800,#4801,#4802,#4803,#4804,#4805,#4806,#4807,#4808,#4809,#4810,
#4811,#4812,#4813,#4814,#4815,#4816,#4817,#4818,#4819,#4820,#4821,#4822,
#4823,#4824,#4825,#4826),.UNSPECIFIED.,.F.,.F.,(4,1,1,1,1,1,1,1,1,1,1,1,
1,1,1,1,1,1,1,1,1,1,1,1,1,1,1,1,1,1,1,4),(0.,0.103000416310753,0.112602086818187,
0.124997787693311,0.139664577964043,0.156295154557825,0.174680948552336,
0.194668413745219,0.216138395335841,0.238994936075388,0.263158603014357,
0.288562227667102,0.315148041388082,0.342865668217028,0.371670670958546,
0.401523468631774,0.432388511559897,0.46423364024604,0.497029578518293,
0.530749526817626,0.565368831540411,0.600864713071814,0.637216039758935,
0.674403138303366,0.712407633358658,0.751212310791611,0.790801000299534,
0.831158473997034,0.872270358283008,0.91412305683221,0.956703682968573,
0.975050043863419),.UNSPECIFIED.);
#49=B_SPLINE_CURVE_WITH_KNOTS('',3,(#4869,#4870,#4871,#4872,#4873,#4874,
#4875,#4876,#4877,#4878,#4879,#4880,#4881,#4882,#4883,#4884,#4885,#4886,
#4887,#4888,#4889,#4890,#4891,#4892,#4893,#4894,#4895,#4896,#4897,#4898,
#4899,#4900,#4901,#4902),.UNSPECIFIED.,.F.,.F.,(4,1,1,1,1,1,1,1,1,1,1,1,
1,1,1,1,1,1,1,1,1,1,1,1,1,1,1,1,1,1,1,4),(0.,0.103000416310753,0.112602086818187,
0.124997787693311,0.139664577964043,0.156295154557825,0.174680948552336,
0.194668413745219,0.216138395335841,0.238994936075388,0.263158603014357,
0.288562227667102,0.315148041388082,0.342865668217028,0.371670670958546,
0.401523468631774,0.432388511559897,0.46423364024604,0.497029578518293,
0.530749526817626,0.565368831540411,0.600864713071814,0.637216039758935,
0.674403138303366,0.712407633358658,0.751212310791611,0.790801000299534,
0.831158473997034,0.872270358283008,0.91412305683221,0.956703682968573,
0.97505004386342),.UNSPECIFIED.);
#50=B_SPLINE_CURVE_WITH_KNOTS('',3,(#4906,#4907,#4908,#4909,#4910,#4911,
#4912,#4913,#4914,#4915,#4916,#4917,#4918,#4919,#4920,#4921,#4922,#4923,
#4924,#4925,#4926,#4927,#4928,#4929,#4930,#4931,#4932,#4933,#4934,#4935,
#4936,#4937,#4938,#4939),.UNSPECIFIED.,.F.,.F.,(4,1,1,1,1,1,1,1,1,1,1,1,
1,1,1,1,1,1,1,1,1,1,1,1,1,1,1,1,1,1,1,4),(0.,0.103000416310753,0.112602086818187,
0.124997787693311,0.139664577964043,0.156295154557825,0.174680948552336,
0.194668413745219,0.216138395335841,0.238994936075388,0.263158603014357,
0.288562227667102,0.315148041388082,0.342865668217028,0.371670670958546,
0.401523468631774,0.432388511559897,0.46423364024604,0.497029578518293,
0.530749526817626,0.565368831540411,0.600864713071814,0.637216039758935,
0.674403138303366,0.712407633358658,0.751212310791611,0.790801000299534,
0.831158473997034,0.872270358283008,0.91412305683221,0.956703682968573,
0.97505004386342),.UNSPECIFIED.);
#51=B_SPLINE_CURVE_WITH_KNOTS('',3,(#4968,#4969,#4970,#4971,#4972,#4973,
#4974,#4975,#4976,#4977,#4978,#4979,#4980,#4981,#4982,#4983,#4984,#4985,
#4986,#4987,#4988,#4989,#4990,#4991,#4992,#4993,#4994,#4995,#4996,#4997,
#4998,#4999,#5000,#5001),.UNSPECIFIED.,.F.,.F.,(4,1,1,1,1,1,1,1,1,1,1,1,
1,1,1,1,1,1,1,1,1,1,1,1,1,1,1,1,1,1,1,4),(0.,0.103000416310753,0.112602086818187,
0.124997787693311,0.139664577964043,0.156295154557825,0.174680948552336,
0.194668413745219,0.216138395335841,0.238994936075388,0.263158603014357,
0.288562227667102,0.315148041388082,0.342865668217028,0.371670670958546,
0.401523468631774,0.432388511559897,0.46423364024604,0.497029578518293,
0.530749526817626,0.565368831540411,0.600864713071814,0.637216039758935,
0.674403138303366,0.712407633358658,0.751212310791611,0.790801000299534,
0.831158473997034,0.872270358283008,0.91412305683221,0.956703682968573,
0.975050043863419),.UNSPECIFIED.);
#52=B_SPLINE_CURVE_WITH_KNOTS('',3,(#5003,#5004,#5005,#5006,#5007,#5008,
#5009,#5010,#5011,#5012,#5013,#5014,#5015,#5016,#5017,#5018,#5019,#5020,
#5021,#5022,#5023,#5024,#5025,#5026,#5027,#5028,#5029,#5030,#5031,#5032,
#5033,#5034,#5035,#5036),.UNSPECIFIED.,.F.,.F.,(4,1,1,1,1,1,1,1,1,1,1,1,
1,1,1,1,1,1,1,1,1,1,1,1,1,1,1,1,1,1,1,4),(0.,0.103000416310753,0.112602086818187,
0.124997787693311,0.139664577964043,0.156295154557825,0.174680948552336,
0.194668413745219,0.216138395335841,0.238994936075388,0.263158603014357,
0.288562227667102,0.315148041388082,0.342865668217028,0.371670670958546,
0.401523468631774,0.432388511559897,0.46423364024604,0.497029578518293,
0.530749526817626,0.565368831540411,0.600864713071814,0.637216039758935,
0.674403138303366,0.712407633358658,0.751212310791611,0.790801000299534,
0.831158473997034,0.872270358283008,0.91412305683221,0.956703682968573,
0.975050043863419),.UNSPECIFIED.);
#53=B_SPLINE_CURVE_WITH_KNOTS('',3,(#5079,#5080,#5081,#5082,#5083,#5084,
#5085,#5086,#5087,#5088,#5089,#5090,#5091,#5092,#5093,#5094,#5095,#5096,
#5097,#5098,#5099,#5100,#5101,#5102,#5103,#5104,#5105,#5106,#5107,#5108,
#5109,#5110,#5111,#5112),.UNSPECIFIED.,.F.,.F.,(4,1,1,1,1,1,1,1,1,1,1,1,
1,1,1,1,1,1,1,1,1,1,1,1,1,1,1,1,1,1,1,4),(0.,0.103000416310753,0.112602086818187,
0.124997787693311,0.139664577964043,0.156295154557825,0.174680948552336,
0.194668413745219,0.216138395335841,0.238994936075388,0.263158603014357,
0.288562227667102,0.315148041388082,0.342865668217028,0.371670670958546,
0.401523468631774,0.432388511559897,0.46423364024604,0.497029578518293,
0.530749526817626,0.565368831540411,0.600864713071814,0.637216039758935,
0.674403138303366,0.712407633358658,0.751212310791611,0.790801000299534,
0.831158473997034,0.872270358283008,0.91412305683221,0.956703682968573,
0.97505004386342),.UNSPECIFIED.);
#54=B_SPLINE_CURVE_WITH_KNOTS('',3,(#5116,#5117,#5118,#5119,#5120,#5121,
#5122,#5123,#5124,#5125,#5126,#5127,#5128,#5129,#5130,#5131,#5132,#5133,
#5134,#5135,#5136,#5137,#5138,#5139,#5140,#5141,#5142,#5143,#5144,#5145,
#5146,#5147,#5148,#5149),.UNSPECIFIED.,.F.,.F.,(4,1,1,1,1,1,1,1,1,1,1,1,
1,1,1,1,1,1,1,1,1,1,1,1,1,1,1,1,1,1,1,4),(0.,0.103000416310753,0.112602086818187,
0.124997787693311,0.139664577964043,0.156295154557825,0.174680948552336,
0.194668413745219,0.216138395335841,0.238994936075388,0.263158603014357,
0.288562227667102,0.315148041388082,0.342865668217028,0.371670670958546,
0.401523468631774,0.432388511559897,0.46423364024604,0.497029578518293,
0.530749526817626,0.565368831540411,0.600864713071814,0.637216039758935,
0.674403138303366,0.712407633358658,0.751212310791611,0.790801000299534,
0.831158473997034,0.872270358283008,0.91412305683221,0.956703682968573,
0.97505004386342),.UNSPECIFIED.);
#55=B_SPLINE_CURVE_WITH_KNOTS('',3,(#5178,#5179,#5180,#5181,#5182,#5183,
#5184,#5185,#5186,#5187,#5188,#5189,#5190,#5191,#5192,#5193,#5194,#5195,
#5196,#5197,#5198,#5199,#5200,#5201,#5202,#5203,#5204,#5205,#5206,#5207,
#5208,#5209,#5210,#5211),.UNSPECIFIED.,.F.,.F.,(4,1,1,1,1,1,1,1,1,1,1,1,
1,1,1,1,1,1,1,1,1,1,1,1,1,1,1,1,1,1,1,4),(0.,0.103000416310753,0.112602086818187,
0.124997787693311,0.139664577964043,0.156295154557825,0.174680948552336,
0.194668413745219,0.216138395335841,0.238994936075388,0.263158603014357,
0.288562227667102,0.315148041388082,0.342865668217028,0.371670670958546,
0.401523468631774,0.432388511559897,0.46423364024604,0.497029578518293,
0.530749526817626,0.565368831540411,0.600864713071814,0.637216039758935,
0.674403138303366,0.712407633358658,0.751212310791611,0.790801000299534,
0.831158473997034,0.872270358283008,0.91412305683221,0.956703682968573,
0.975050043863419),.UNSPECIFIED.);
#56=B_SPLINE_CURVE_WITH_KNOTS('',3,(#5213,#5214,#5215,#5216,#5217,#5218,
#5219,#5220,#5221,#5222,#5223,#5224,#5225,#5226,#5227,#5228,#5229,#5230,
#5231,#5232,#5233,#5234,#5235,#5236,#5237,#5238,#5239,#5240,#5241,#5242,
#5243,#5244,#5245,#5246),.UNSPECIFIED.,.F.,.F.,(4,1,1,1,1,1,1,1,1,1,1,1,
1,1,1,1,1,1,1,1,1,1,1,1,1,1,1,1,1,1,1,4),(0.,0.103000416310753,0.112602086818187,
0.124997787693311,0.139664577964043,0.156295154557825,0.174680948552336,
0.194668413745219,0.216138395335841,0.238994936075388,0.263158603014357,
0.288562227667102,0.315148041388082,0.342865668217028,0.371670670958546,
0.401523468631774,0.432388511559897,0.46423364024604,0.497029578518293,
0.530749526817626,0.565368831540411,0.600864713071814,0.637216039758935,
0.674403138303366,0.712407633358658,0.751212310791611,0.790801000299534,
0.831158473997034,0.872270358283008,0.91412305683221,0.956703682968573,
0.975050043863419),.UNSPECIFIED.);
#57=B_SPLINE_CURVE_WITH_KNOTS('',3,(#5289,#5290,#5291,#5292,#5293,#5294,
#5295,#5296,#5297,#5298,#5299,#5300,#5301,#5302,#5303,#5304,#5305,#5306,
#5307,#5308,#5309,#5310,#5311,#5312,#5313,#5314,#5315,#5316,#5317,#5318,
#5319,#5320,#5321,#5322),.UNSPECIFIED.,.F.,.F.,(4,1,1,1,1,1,1,1,1,1,1,1,
1,1,1,1,1,1,1,1,1,1,1,1,1,1,1,1,1,1,1,4),(0.,0.103000416310753,0.112602086818187,
0.124997787693311,0.139664577964043,0.156295154557825,0.174680948552336,
0.194668413745219,0.216138395335841,0.238994936075388,0.263158603014357,
0.288562227667102,0.315148041388082,0.342865668217028,0.371670670958546,
0.401523468631774,0.432388511559897,0.46423364024604,0.497029578518293,
0.530749526817626,0.565368831540411,0.600864713071814,0.637216039758935,
0.674403138303366,0.712407633358658,0.751212310791611,0.790801000299534,
0.831158473997034,0.872270358283008,0.91412305683221,0.956703682968573,
0.97505004386342),.UNSPECIFIED.);
#58=B_SPLINE_CURVE_WITH_KNOTS('',3,(#5326,#5327,#5328,#5329,#5330,#5331,
#5332,#5333,#5334,#5335,#5336,#5337,#5338,#5339,#5340,#5341,#5342,#5343,
#5344,#5345,#5346,#5347,#5348,#5349,#5350,#5351,#5352,#5353,#5354,#5355,
#5356,#5357,#5358,#5359),.UNSPECIFIED.,.F.,.F.,(4,1,1,1,1,1,1,1,1,1,1,1,
1,1,1,1,1,1,1,1,1,1,1,1,1,1,1,1,1,1,1,4),(0.,0.103000416310753,0.112602086818187,
0.124997787693311,0.139664577964043,0.156295154557825,0.174680948552336,
0.194668413745219,0.216138395335841,0.238994936075388,0.263158603014357,
0.288562227667102,0.315148041388082,0.342865668217028,0.371670670958546,
0.401523468631774,0.432388511559897,0.46423364024604,0.497029578518293,
0.530749526817626,0.565368831540411,0.600864713071814,0.637216039758935,
0.674403138303366,0.712407633358658,0.751212310791611,0.790801000299534,
0.831158473997034,0.872270358283008,0.91412305683221,0.956703682968573,
0.97505004386342),.UNSPECIFIED.);
#59=B_SPLINE_CURVE_WITH_KNOTS('',3,(#5388,#5389,#5390,#5391,#5392,#5393,
#5394,#5395,#5396,#5397,#5398,#5399,#5400,#5401,#5402,#5403,#5404,#5405,
#5406,#5407,#5408,#5409,#5410,#5411,#5412,#5413,#5414,#5415,#5416,#5417,
#5418,#5419,#5420,#5421),.UNSPECIFIED.,.F.,.F.,(4,1,1,1,1,1,1,1,1,1,1,1,
1,1,1,1,1,1,1,1,1,1,1,1,1,1,1,1,1,1,1,4),(0.,0.103000416310753,0.112602086818187,
0.124997787693311,0.139664577964043,0.156295154557825,0.174680948552336,
0.194668413745219,0.216138395335841,0.238994936075388,0.263158603014357,
0.288562227667102,0.315148041388082,0.342865668217028,0.371670670958546,
0.401523468631774,0.432388511559897,0.46423364024604,0.497029578518293,
0.530749526817626,0.565368831540411,0.600864713071814,0.637216039758935,
0.674403138303366,0.712407633358658,0.751212310791611,0.790801000299534,
0.831158473997034,0.872270358283008,0.91412305683221,0.956703682968573,
0.975050043863419),.UNSPECIFIED.);
#60=B_SPLINE_CURVE_WITH_KNOTS('',3,(#5423,#5424,#5425,#5426,#5427,#5428,
#5429,#5430,#5431,#5432,#5433,#5434,#5435,#5436,#5437,#5438,#5439,#5440,
#5441,#5442,#5443,#5444,#5445,#5446,#5447,#5448,#5449,#5450,#5451,#5452,
#5453,#5454,#5455,#5456),.UNSPECIFIED.,.F.,.F.,(4,1,1,1,1,1,1,1,1,1,1,1,
1,1,1,1,1,1,1,1,1,1,1,1,1,1,1,1,1,1,1,4),(0.,0.103000416310753,0.112602086818187,
0.124997787693311,0.139664577964043,0.156295154557825,0.174680948552336,
0.194668413745219,0.216138395335841,0.238994936075388,0.263158603014357,
0.288562227667102,0.315148041388082,0.342865668217028,0.371670670958546,
0.401523468631774,0.432388511559897,0.46423364024604,0.497029578518293,
0.530749526817626,0.565368831540411,0.600864713071814,0.637216039758935,
0.674403138303366,0.712407633358658,0.751212310791611,0.790801000299534,
0.831158473997034,0.872270358283008,0.91412305683221,0.956703682968573,
0.975050043863419),.UNSPECIFIED.);
#61=B_SPLINE_CURVE_WITH_KNOTS('',3,(#5499,#5500,#5501,#5502,#5503,#5504,
#5505,#5506,#5507,#5508,#5509,#5510,#5511,#5512,#5513,#5514,#5515,#5516,
#5517,#5518,#5519,#5520,#5521,#5522,#5523,#5524,#5525,#5526,#5527,#5528,
#5529,#5530,#5531,#5532),.UNSPECIFIED.,.F.,.F.,(4,1,1,1,1,1,1,1,1,1,1,1,
1,1,1,1,1,1,1,1,1,1,1,1,1,1,1,1,1,1,1,4),(0.,0.103000416310753,0.112602086818187,
0.124997787693311,0.139664577964043,0.156295154557825,0.174680948552336,
0.194668413745219,0.216138395335841,0.238994936075388,0.263158603014357,
0.288562227667102,0.315148041388082,0.342865668217028,0.371670670958546,
0.401523468631774,0.432388511559897,0.46423364024604,0.497029578518293,
0.530749526817626,0.565368831540411,0.600864713071814,0.637216039758935,
0.674403138303366,0.712407633358658,0.751212310791611,0.790801000299534,
0.831158473997034,0.872270358283008,0.91412305683221,0.956703682968573,
0.97505004386342),.UNSPECIFIED.);
#62=B_SPLINE_CURVE_WITH_KNOTS('',3,(#5536,#5537,#5538,#5539,#5540,#5541,
#5542,#5543,#5544,#5545,#5546,#5547,#5548,#5549,#5550,#5551,#5552,#5553,
#5554,#5555,#5556,#5557,#5558,#5559,#5560,#5561,#5562,#5563,#5564,#5565,
#5566,#5567,#5568,#5569),.UNSPECIFIED.,.F.,.F.,(4,1,1,1,1,1,1,1,1,1,1,1,
1,1,1,1,1,1,1,1,1,1,1,1,1,1,1,1,1,1,1,4),(0.,0.103000416310753,0.112602086818187,
0.124997787693311,0.139664577964043,0.156295154557825,0.174680948552336,
0.194668413745219,0.216138395335841,0.238994936075388,0.263158603014357,
0.288562227667102,0.315148041388082,0.342865668217028,0.371670670958546,
0.401523468631774,0.432388511559897,0.46423364024604,0.497029578518293,
0.530749526817626,0.565368831540411,0.600864713071814,0.637216039758935,
0.674403138303366,0.712407633358658,0.751212310791611,0.790801000299534,
0.831158473997034,0.872270358283008,0.91412305683221,0.956703682968573,
0.97505004386342),.UNSPECIFIED.);
#63=B_SPLINE_CURVE_WITH_KNOTS('',3,(#5598,#5599,#5600,#5601,#5602,#5603,
#5604,#5605,#5606,#5607,#5608,#5609,#5610,#5611,#5612,#5613,#5614,#5615,
#5616,#5617,#5618,#5619,#5620,#5621,#5622,#5623,#5624,#5625,#5626,#5627,
#5628,#5629,#5630,#5631),.UNSPECIFIED.,.F.,.F.,(4,1,1,1,1,1,1,1,1,1,1,1,
1,1,1,1,1,1,1,1,1,1,1,1,1,1,1,1,1,1,1,4),(0.,0.103000416310753,0.112602086818187,
0.124997787693311,0.139664577964043,0.156295154557825,0.174680948552336,
0.194668413745219,0.216138395335841,0.238994936075388,0.263158603014357,
0.288562227667102,0.315148041388082,0.342865668217028,0.371670670958546,
0.401523468631774,0.432388511559897,0.46423364024604,0.497029578518293,
0.530749526817626,0.565368831540411,0.600864713071814,0.637216039758935,
0.674403138303366,0.712407633358658,0.751212310791611,0.790801000299534,
0.831158473997034,0.872270358283008,0.91412305683221,0.956703682968573,
0.975050043863419),.UNSPECIFIED.);
#64=B_SPLINE_CURVE_WITH_KNOTS('',3,(#5633,#5634,#5635,#5636,#5637,#5638,
#5639,#5640,#5641,#5642,#5643,#5644,#5645,#5646,#5647,#5648,#5649,#5650,
#5651,#5652,#5653,#5654,#5655,#5656,#5657,#5658,#5659,#5660,#5661,#5662,
#5663,#5664,#5665,#5666),.UNSPECIFIED.,.F.,.F.,(4,1,1,1,1,1,1,1,1,1,1,1,
1,1,1,1,1,1,1,1,1,1,1,1,1,1,1,1,1,1,1,4),(0.,0.103000416310753,0.112602086818187,
0.124997787693311,0.139664577964043,0.156295154557825,0.174680948552336,
0.194668413745219,0.216138395335841,0.238994936075388,0.263158603014357,
0.288562227667102,0.315148041388082,0.342865668217028,0.371670670958546,
0.401523468631774,0.432388511559897,0.46423364024604,0.497029578518293,
0.530749526817626,0.565368831540411,0.600864713071814,0.637216039758935,
0.674403138303366,0.712407633358658,0.751212310791611,0.790801000299534,
0.831158473997034,0.872270358283008,0.91412305683221,0.956703682968573,
0.975050043863419),.UNSPECIFIED.);
#65=B_SPLINE_CURVE_WITH_KNOTS('',3,(#5709,#5710,#5711,#5712,#5713,#5714,
#5715,#5716,#5717,#5718,#5719,#5720,#5721,#5722,#5723,#5724,#5725,#5726,
#5727,#5728,#5729,#5730,#5731,#5732,#5733,#5734,#5735,#5736,#5737,#5738,
#5739,#5740,#5741,#5742),.UNSPECIFIED.,.F.,.F.,(4,1,1,1,1,1,1,1,1,1,1,1,
1,1,1,1,1,1,1,1,1,1,1,1,1,1,1,1,1,1,1,4),(0.,0.103000416310753,0.112602086818187,
0.124997787693311,0.139664577964043,0.156295154557825,0.174680948552336,
0.194668413745219,0.216138395335841,0.238994936075388,0.263158603014357,
0.288562227667102,0.315148041388082,0.342865668217028,0.371670670958546,
0.401523468631774,0.432388511559897,0.46423364024604,0.497029578518293,
0.530749526817626,0.565368831540411,0.600864713071814,0.637216039758935,
0.674403138303366,0.712407633358658,0.751212310791611,0.790801000299534,
0.831158473997034,0.872270358283008,0.91412305683221,0.956703682968573,
0.97505004386342),.UNSPECIFIED.);
#66=B_SPLINE_CURVE_WITH_KNOTS('',3,(#5746,#5747,#5748,#5749,#5750,#5751,
#5752,#5753,#5754,#5755,#5756,#5757,#5758,#5759,#5760,#5761,#5762,#5763,
#5764,#5765,#5766,#5767,#5768,#5769,#5770,#5771,#5772,#5773,#5774,#5775,
#5776,#5777,#5778,#5779),.UNSPECIFIED.,.F.,.F.,(4,1,1,1,1,1,1,1,1,1,1,1,
1,1,1,1,1,1,1,1,1,1,1,1,1,1,1,1,1,1,1,4),(0.,0.103000416310753,0.112602086818187,
0.124997787693311,0.139664577964043,0.156295154557825,0.174680948552336,
0.194668413745219,0.216138395335841,0.238994936075388,0.263158603014357,
0.288562227667102,0.315148041388082,0.342865668217028,0.371670670958546,
0.401523468631774,0.432388511559897,0.46423364024604,0.497029578518293,
0.530749526817626,0.565368831540411,0.600864713071814,0.637216039758935,
0.674403138303366,0.712407633358658,0.751212310791611,0.790801000299534,
0.831158473997034,0.872270358283008,0.91412305683221,0.956703682968573,
0.97505004386342),.UNSPECIFIED.);
#67=B_SPLINE_CURVE_WITH_KNOTS('',3,(#5808,#5809,#5810,#5811,#5812,#5813,
#5814,#5815,#5816,#5817,#5818,#5819,#5820,#5821,#5822,#5823,#5824,#5825,
#5826,#5827,#5828,#5829,#5830,#5831,#5832,#5833,#5834,#5835,#5836,#5837,
#5838,#5839,#5840,#5841),.UNSPECIFIED.,.F.,.F.,(4,1,1,1,1,1,1,1,1,1,1,1,
1,1,1,1,1,1,1,1,1,1,1,1,1,1,1,1,1,1,1,4),(0.,0.103000416310753,0.112602086818187,
0.124997787693311,0.139664577964043,0.156295154557825,0.174680948552336,
0.194668413745219,0.216138395335841,0.238994936075388,0.263158603014357,
0.288562227667102,0.315148041388082,0.342865668217028,0.371670670958546,
0.401523468631774,0.432388511559897,0.46423364024604,0.497029578518293,
0.530749526817626,0.565368831540411,0.600864713071814,0.637216039758935,
0.674403138303366,0.712407633358658,0.751212310791611,0.790801000299534,
0.831158473997034,0.872270358283008,0.91412305683221,0.956703682968573,
0.975050043863419),.UNSPECIFIED.);
#68=B_SPLINE_CURVE_WITH_KNOTS('',3,(#5843,#5844,#5845,#5846,#5847,#5848,
#5849,#5850,#5851,#5852,#5853,#5854,#5855,#5856,#5857,#5858,#5859,#5860,
#5861,#5862,#5863,#5864,#5865,#5866,#5867,#5868,#5869,#5870,#5871,#5872,
#5873,#5874,#5875,#5876),.UNSPECIFIED.,.F.,.F.,(4,1,1,1,1,1,1,1,1,1,1,1,
1,1,1,1,1,1,1,1,1,1,1,1,1,1,1,1,1,1,1,4),(0.,0.103000416310753,0.112602086818187,
0.124997787693311,0.139664577964043,0.156295154557825,0.174680948552336,
0.194668413745219,0.216138395335841,0.238994936075388,0.263158603014357,
0.288562227667102,0.315148041388082,0.342865668217028,0.371670670958546,
0.401523468631774,0.432388511559897,0.46423364024604,0.497029578518293,
0.530749526817626,0.565368831540411,0.600864713071814,0.637216039758935,
0.674403138303366,0.712407633358658,0.751212310791611,0.790801000299534,
0.831158473997034,0.872270358283008,0.91412305683221,0.956703682968573,
0.975050043863419),.UNSPECIFIED.);
#69=B_SPLINE_CURVE_WITH_KNOTS('',3,(#5919,#5920,#5921,#5922,#5923,#5924,
#5925,#5926,#5927,#5928,#5929,#5930,#5931,#5932,#5933,#5934,#5935,#5936,
#5937,#5938,#5939,#5940,#5941,#5942,#5943,#5944,#5945,#5946,#5947,#5948,
#5949,#5950,#5951,#5952),.UNSPECIFIED.,.F.,.F.,(4,1,1,1,1,1,1,1,1,1,1,1,
1,1,1,1,1,1,1,1,1,1,1,1,1,1,1,1,1,1,1,4),(0.,0.103000416310753,0.112602086818187,
0.124997787693311,0.139664577964043,0.156295154557825,0.174680948552336,
0.194668413745219,0.216138395335841,0.238994936075388,0.263158603014357,
0.288562227667102,0.315148041388082,0.342865668217028,0.371670670958546,
0.401523468631774,0.432388511559897,0.46423364024604,0.497029578518293,
0.530749526817626,0.565368831540411,0.600864713071814,0.637216039758935,
0.674403138303366,0.712407633358658,0.751212310791611,0.790801000299534,
0.831158473997034,0.872270358283008,0.91412305683221,0.956703682968573,
0.97505004386342),.UNSPECIFIED.);
#70=B_SPLINE_CURVE_WITH_KNOTS('',3,(#5956,#5957,#5958,#5959,#5960,#5961,
#5962,#5963,#5964,#5965,#5966,#5967,#5968,#5969,#5970,#5971,#5972,#5973,
#5974,#5975,#5976,#5977,#5978,#5979,#5980,#5981,#5982,#5983,#5984,#5985,
#5986,#5987,#5988,#5989),.UNSPECIFIED.,.F.,.F.,(4,1,1,1,1,1,1,1,1,1,1,1,
1,1,1,1,1,1,1,1,1,1,1,1,1,1,1,1,1,1,1,4),(0.,0.103000416310753,0.112602086818187,
0.124997787693311,0.139664577964043,0.156295154557825,0.174680948552336,
0.194668413745219,0.216138395335841,0.238994936075388,0.263158603014357,
0.288562227667102,0.315148041388082,0.342865668217028,0.371670670958546,
0.401523468631774,0.432388511559897,0.46423364024604,0.497029578518293,
0.530749526817626,0.565368831540411,0.600864713071814,0.637216039758935,
0.674403138303366,0.712407633358658,0.751212310791611,0.790801000299534,
0.831158473997034,0.872270358283008,0.91412305683221,0.956703682968573,
0.97505004386342),.UNSPECIFIED.);
#71=B_SPLINE_CURVE_WITH_KNOTS('',3,(#6018,#6019,#6020,#6021,#6022,#6023,
#6024,#6025,#6026,#6027,#6028,#6029,#6030,#6031,#6032,#6033,#6034,#6035,
#6036,#6037,#6038,#6039,#6040,#6041,#6042,#6043,#6044,#6045,#6046,#6047,
#6048,#6049,#6050,#6051),.UNSPECIFIED.,.F.,.F.,(4,1,1,1,1,1,1,1,1,1,1,1,
1,1,1,1,1,1,1,1,1,1,1,1,1,1,1,1,1,1,1,4),(0.,0.103000416310753,0.112602086818187,
0.124997787693311,0.139664577964043,0.156295154557825,0.174680948552336,
0.194668413745219,0.216138395335841,0.238994936075388,0.263158603014357,
0.288562227667102,0.315148041388082,0.342865668217028,0.371670670958546,
0.401523468631774,0.432388511559897,0.46423364024604,0.497029578518293,
0.530749526817626,0.565368831540411,0.600864713071814,0.637216039758935,
0.674403138303366,0.712407633358658,0.751212310791611,0.790801000299534,
0.831158473997034,0.872270358283008,0.91412305683221,0.956703682968573,
0.975050043863419),.UNSPECIFIED.);
#72=B_SPLINE_CURVE_WITH_KNOTS('',3,(#6053,#6054,#6055,#6056,#6057,#6058,
#6059,#6060,#6061,#6062,#6063,#6064,#6065,#6066,#6067,#6068,#6069,#6070,
#6071,#6072,#6073,#6074,#6075,#6076,#6077,#6078,#6079,#6080,#6081,#6082,
#6083,#6084,#6085,#6086),.UNSPECIFIED.,.F.,.F.,(4,1,1,1,1,1,1,1,1,1,1,1,
1,1,1,1,1,1,1,1,1,1,1,1,1,1,1,1,1,1,1,4),(0.,0.103000416310753,0.112602086818187,
0.124997787693311,0.139664577964043,0.156295154557825,0.174680948552336,
0.194668413745219,0.216138395335841,0.238994936075388,0.263158603014357,
0.288562227667102,0.315148041388082,0.342865668217028,0.371670670958546,
0.401523468631774,0.432388511559897,0.46423364024604,0.497029578518293,
0.530749526817626,0.565368831540411,0.600864713071814,0.637216039758935,
0.674403138303366,0.712407633358658,0.751212310791611,0.790801000299534,
0.831158473997034,0.872270358283008,0.91412305683221,0.956703682968573,
0.975050043863419),.UNSPECIFIED.);
#73=B_SPLINE_CURVE_WITH_KNOTS('',3,(#6129,#6130,#6131,#6132,#6133,#6134,
#6135,#6136,#6137,#6138,#6139,#6140,#6141,#6142,#6143,#6144,#6145,#6146,
#6147,#6148,#6149,#6150,#6151,#6152,#6153,#6154,#6155,#6156,#6157,#6158,
#6159,#6160,#6161,#6162),.UNSPECIFIED.,.F.,.F.,(4,1,1,1,1,1,1,1,1,1,1,1,
1,1,1,1,1,1,1,1,1,1,1,1,1,1,1,1,1,1,1,4),(0.,0.103000416310753,0.112602086818187,
0.124997787693311,0.139664577964043,0.156295154557825,0.174680948552336,
0.194668413745219,0.216138395335841,0.238994936075388,0.263158603014357,
0.288562227667102,0.315148041388082,0.342865668217028,0.371670670958546,
0.401523468631774,0.432388511559897,0.46423364024604,0.497029578518293,
0.530749526817626,0.565368831540411,0.600864713071814,0.637216039758935,
0.674403138303366,0.712407633358658,0.751212310791611,0.790801000299534,
0.831158473997034,0.872270358283008,0.91412305683221,0.956703682968573,
0.97505004386342),.UNSPECIFIED.);
#74=B_SPLINE_CURVE_WITH_KNOTS('',3,(#6166,#6167,#6168,#6169,#6170,#6171,
#6172,#6173,#6174,#6175,#6176,#6177,#6178,#6179,#6180,#6181,#6182,#6183,
#6184,#6185,#6186,#6187,#6188,#6189,#6190,#6191,#6192,#6193,#6194,#6195,
#6196,#6197,#6198,#6199),.UNSPECIFIED.,.F.,.F.,(4,1,1,1,1,1,1,1,1,1,1,1,
1,1,1,1,1,1,1,1,1,1,1,1,1,1,1,1,1,1,1,4),(0.,0.103000416310753,0.112602086818187,
0.124997787693311,0.139664577964043,0.156295154557825,0.174680948552336,
0.194668413745219,0.216138395335841,0.238994936075388,0.263158603014357,
0.288562227667102,0.315148041388082,0.342865668217028,0.371670670958546,
0.401523468631774,0.432388511559897,0.46423364024604,0.497029578518293,
0.530749526817626,0.565368831540411,0.600864713071814,0.637216039758935,
0.674403138303366,0.712407633358658,0.751212310791611,0.790801000299534,
0.831158473997034,0.872270358283008,0.91412305683221,0.956703682968573,
0.97505004386342),.UNSPECIFIED.);
#75=B_SPLINE_CURVE_WITH_KNOTS('',3,(#6228,#6229,#6230,#6231,#6232,#6233,
#6234,#6235,#6236,#6237,#6238,#6239,#6240,#6241,#6242,#6243,#6244,#6245,
#6246,#6247,#6248,#6249,#6250,#6251,#6252,#6253,#6254,#6255,#6256,#6257,
#6258,#6259,#6260,#6261),.UNSPECIFIED.,.F.,.F.,(4,1,1,1,1,1,1,1,1,1,1,1,
1,1,1,1,1,1,1,1,1,1,1,1,1,1,1,1,1,1,1,4),(0.,0.103000416310753,0.112602086818187,
0.124997787693311,0.139664577964043,0.156295154557825,0.174680948552336,
0.194668413745219,0.216138395335841,0.238994936075388,0.263158603014357,
0.288562227667102,0.315148041388082,0.342865668217028,0.371670670958546,
0.401523468631774,0.432388511559897,0.46423364024604,0.497029578518293,
0.530749526817626,0.565368831540411,0.600864713071814,0.637216039758935,
0.674403138303366,0.712407633358658,0.751212310791611,0.790801000299534,
0.831158473997034,0.872270358283008,0.91412305683221,0.956703682968573,
0.975050043863419),.UNSPECIFIED.);
#76=B_SPLINE_CURVE_WITH_KNOTS('',3,(#6263,#6264,#6265,#6266,#6267,#6268,
#6269,#6270,#6271,#6272,#6273,#6274,#6275,#6276,#6277,#6278,#6279,#6280,
#6281,#6282,#6283,#6284,#6285,#6286,#6287,#6288,#6289,#6290,#6291,#6292,
#6293,#6294,#6295,#6296),.UNSPECIFIED.,.F.,.F.,(4,1,1,1,1,1,1,1,1,1,1,1,
1,1,1,1,1,1,1,1,1,1,1,1,1,1,1,1,1,1,1,4),(0.,0.103000416310753,0.112602086818187,
0.124997787693311,0.139664577964043,0.156295154557825,0.174680948552336,
0.194668413745219,0.216138395335841,0.238994936075388,0.263158603014357,
0.288562227667102,0.315148041388082,0.342865668217028,0.371670670958546,
0.401523468631774,0.432388511559897,0.46423364024604,0.497029578518293,
0.530749526817626,0.565368831540411,0.600864713071814,0.637216039758935,
0.674403138303366,0.712407633358658,0.751212310791611,0.790801000299534,
0.831158473997034,0.872270358283008,0.91412305683221,0.956703682968573,
0.975050043863419),.UNSPECIFIED.);
#77=B_SPLINE_CURVE_WITH_KNOTS('',3,(#6339,#6340,#6341,#6342,#6343,#6344,
#6345,#6346,#6347,#6348,#6349,#6350,#6351,#6352,#6353,#6354,#6355,#6356,
#6357,#6358,#6359,#6360,#6361,#6362,#6363,#6364,#6365,#6366,#6367,#6368,
#6369,#6370,#6371,#6372),.UNSPECIFIED.,.F.,.F.,(4,1,1,1,1,1,1,1,1,1,1,1,
1,1,1,1,1,1,1,1,1,1,1,1,1,1,1,1,1,1,1,4),(0.,0.103000416310753,0.112602086818187,
0.124997787693311,0.139664577964043,0.156295154557825,0.174680948552336,
0.194668413745219,0.216138395335841,0.238994936075388,0.263158603014357,
0.288562227667102,0.315148041388082,0.342865668217028,0.371670670958546,
0.401523468631774,0.432388511559897,0.46423364024604,0.497029578518293,
0.530749526817626,0.565368831540411,0.600864713071814,0.637216039758935,
0.674403138303366,0.712407633358658,0.751212310791611,0.790801000299534,
0.831158473997034,0.872270358283008,0.91412305683221,0.956703682968573,
0.97505004386342),.UNSPECIFIED.);
#78=B_SPLINE_CURVE_WITH_KNOTS('',3,(#6376,#6377,#6378,#6379,#6380,#6381,
#6382,#6383,#6384,#6385,#6386,#6387,#6388,#6389,#6390,#6391,#6392,#6393,
#6394,#6395,#6396,#6397,#6398,#6399,#6400,#6401,#6402,#6403,#6404,#6405,
#6406,#6407,#6408,#6409),.UNSPECIFIED.,.F.,.F.,(4,1,1,1,1,1,1,1,1,1,1,1,
1,1,1,1,1,1,1,1,1,1,1,1,1,1,1,1,1,1,1,4),(0.,0.103000416310753,0.112602086818187,
0.124997787693311,0.139664577964043,0.156295154557825,0.174680948552336,
0.194668413745219,0.216138395335841,0.238994936075388,0.263158603014357,
0.288562227667102,0.315148041388082,0.342865668217028,0.371670670958546,
0.401523468631774,0.432388511559897,0.46423364024604,0.497029578518293,
0.530749526817626,0.565368831540411,0.600864713071814,0.637216039758935,
0.674403138303366,0.712407633358658,0.751212310791611,0.790801000299534,
0.831158473997034,0.872270358283008,0.91412305683221,0.956703682968573,
0.97505004386342),.UNSPECIFIED.);
#79=B_SPLINE_CURVE_WITH_KNOTS('',3,(#6438,#6439,#6440,#6441,#6442,#6443,
#6444,#6445,#6446,#6447,#6448,#6449,#6450,#6451,#6452,#6453,#6454,#6455,
#6456,#6457,#6458,#6459,#6460,#6461,#6462,#6463,#6464,#6465,#6466,#6467,
#6468,#6469,#6470,#6471),.UNSPECIFIED.,.F.,.F.,(4,1,1,1,1,1,1,1,1,1,1,1,
1,1,1,1,1,1,1,1,1,1,1,1,1,1,1,1,1,1,1,4),(0.,0.103000416310753,0.112602086818187,
0.124997787693311,0.139664577964043,0.156295154557825,0.174680948552336,
0.194668413745219,0.216138395335841,0.238994936075388,0.263158603014357,
0.288562227667102,0.315148041388082,0.342865668217028,0.371670670958546,
0.401523468631774,0.432388511559897,0.46423364024604,0.497029578518293,
0.530749526817626,0.565368831540411,0.600864713071814,0.637216039758935,
0.674403138303366,0.712407633358658,0.751212310791611,0.790801000299534,
0.831158473997034,0.872270358283008,0.91412305683221,0.956703682968573,
0.975050043863419),.UNSPECIFIED.);
#80=B_SPLINE_CURVE_WITH_KNOTS('',3,(#6473,#6474,#6475,#6476,#6477,#6478,
#6479,#6480,#6481,#6482,#6483,#6484,#6485,#6486,#6487,#6488,#6489,#6490,
#6491,#6492,#6493,#6494,#6495,#6496,#6497,#6498,#6499,#6500,#6501,#6502,
#6503,#6504,#6505,#6506),.UNSPECIFIED.,.F.,.F.,(4,1,1,1,1,1,1,1,1,1,1,1,
1,1,1,1,1,1,1,1,1,1,1,1,1,1,1,1,1,1,1,4),(0.,0.103000416310753,0.112602086818187,
0.124997787693311,0.139664577964043,0.156295154557825,0.174680948552336,
0.194668413745219,0.216138395335841,0.238994936075388,0.263158603014357,
0.288562227667102,0.315148041388082,0.342865668217028,0.371670670958546,
0.401523468631774,0.432388511559897,0.46423364024604,0.497029578518293,
0.530749526817626,0.565368831540411,0.600864713071814,0.637216039758935,
0.674403138303366,0.712407633358658,0.751212310791611,0.790801000299534,
0.831158473997034,0.872270358283008,0.91412305683221,0.956703682968573,
0.975050043863419),.UNSPECIFIED.);
#81=B_SPLINE_CURVE_WITH_KNOTS('',3,(#6549,#6550,#6551,#6552,#6553,#6554,
#6555,#6556,#6557,#6558,#6559,#6560,#6561,#6562,#6563,#6564,#6565,#6566,
#6567,#6568,#6569,#6570,#6571,#6572,#6573,#6574,#6575,#6576,#6577,#6578,
#6579,#6580,#6581,#6582),.UNSPECIFIED.,.F.,.F.,(4,1,1,1,1,1,1,1,1,1,1,1,
1,1,1,1,1,1,1,1,1,1,1,1,1,1,1,1,1,1,1,4),(0.,0.103000416310753,0.112602086818187,
0.124997787693311,0.139664577964043,0.156295154557825,0.174680948552336,
0.194668413745219,0.216138395335841,0.238994936075388,0.263158603014357,
0.288562227667102,0.315148041388082,0.342865668217028,0.371670670958546,
0.401523468631774,0.432388511559897,0.46423364024604,0.497029578518293,
0.530749526817626,0.565368831540411,0.600864713071814,0.637216039758935,
0.674403138303366,0.712407633358658,0.751212310791611,0.790801000299534,
0.831158473997034,0.872270358283008,0.91412305683221,0.956703682968573,
0.97505004386342),.UNSPECIFIED.);
#82=B_SPLINE_CURVE_WITH_KNOTS('',3,(#6586,#6587,#6588,#6589,#6590,#6591,
#6592,#6593,#6594,#6595,#6596,#6597,#6598,#6599,#6600,#6601,#6602,#6603,
#6604,#6605,#6606,#6607,#6608,#6609,#6610,#6611,#6612,#6613,#6614,#6615,
#6616,#6617,#6618,#6619),.UNSPECIFIED.,.F.,.F.,(4,1,1,1,1,1,1,1,1,1,1,1,
1,1,1,1,1,1,1,1,1,1,1,1,1,1,1,1,1,1,1,4),(0.,0.103000416310753,0.112602086818187,
0.124997787693311,0.139664577964043,0.156295154557825,0.174680948552336,
0.194668413745219,0.216138395335841,0.238994936075388,0.263158603014357,
0.288562227667102,0.315148041388082,0.342865668217028,0.371670670958546,
0.401523468631774,0.432388511559897,0.46423364024604,0.497029578518293,
0.530749526817626,0.565368831540411,0.600864713071814,0.637216039758935,
0.674403138303366,0.712407633358658,0.751212310791611,0.790801000299534,
0.831158473997034,0.872270358283008,0.91412305683221,0.956703682968573,
0.97505004386342),.UNSPECIFIED.);
#83=B_SPLINE_CURVE_WITH_KNOTS('',3,(#6648,#6649,#6650,#6651,#6652,#6653,
#6654,#6655,#6656,#6657,#6658,#6659,#6660,#6661,#6662,#6663,#6664,#6665,
#6666,#6667,#6668,#6669,#6670,#6671,#6672,#6673,#6674,#6675,#6676,#6677,
#6678,#6679,#6680,#6681),.UNSPECIFIED.,.F.,.F.,(4,1,1,1,1,1,1,1,1,1,1,1,
1,1,1,1,1,1,1,1,1,1,1,1,1,1,1,1,1,1,1,4),(0.,0.103000416310753,0.112602086818187,
0.124997787693311,0.139664577964043,0.156295154557825,0.174680948552336,
0.194668413745219,0.216138395335841,0.238994936075388,0.263158603014357,
0.288562227667102,0.315148041388082,0.342865668217028,0.371670670958546,
0.401523468631774,0.432388511559897,0.46423364024604,0.497029578518293,
0.530749526817626,0.565368831540411,0.600864713071814,0.637216039758935,
0.674403138303366,0.712407633358658,0.751212310791611,0.790801000299534,
0.831158473997034,0.872270358283008,0.91412305683221,0.956703682968573,
0.975050043863419),.UNSPECIFIED.);
#84=B_SPLINE_CURVE_WITH_KNOTS('',3,(#6683,#6684,#6685,#6686,#6687,#6688,
#6689,#6690,#6691,#6692,#6693,#6694,#6695,#6696,#6697,#6698,#6699,#6700,
#6701,#6702,#6703,#6704,#6705,#6706,#6707,#6708,#6709,#6710,#6711,#6712,
#6713,#6714,#6715,#6716),.UNSPECIFIED.,.F.,.F.,(4,1,1,1,1,1,1,1,1,1,1,1,
1,1,1,1,1,1,1,1,1,1,1,1,1,1,1,1,1,1,1,4),(0.,0.103000416310753,0.112602086818187,
0.124997787693311,0.139664577964043,0.156295154557825,0.174680948552336,
0.194668413745219,0.216138395335841,0.238994936075388,0.263158603014357,
0.288562227667102,0.315148041388082,0.342865668217028,0.371670670958546,
0.401523468631774,0.432388511559897,0.46423364024604,0.497029578518293,
0.530749526817626,0.565368831540411,0.600864713071814,0.637216039758935,
0.674403138303366,0.712407633358658,0.751212310791611,0.790801000299534,
0.831158473997034,0.872270358283008,0.91412305683221,0.956703682968573,
0.975050043863419),.UNSPECIFIED.);
#85=B_SPLINE_CURVE_WITH_KNOTS('',3,(#6759,#6760,#6761,#6762,#6763,#6764,
#6765,#6766,#6767,#6768,#6769,#6770,#6771,#6772,#6773,#6774,#6775,#6776,
#6777,#6778,#6779,#6780,#6781,#6782,#6783,#6784,#6785,#6786,#6787,#6788,
#6789,#6790,#6791,#6792),.UNSPECIFIED.,.F.,.F.,(4,1,1,1,1,1,1,1,1,1,1,1,
1,1,1,1,1,1,1,1,1,1,1,1,1,1,1,1,1,1,1,4),(0.,0.103000416310753,0.112602086818187,
0.124997787693311,0.139664577964043,0.156295154557825,0.174680948552336,
0.194668413745219,0.216138395335841,0.238994936075388,0.263158603014357,
0.288562227667102,0.315148041388082,0.342865668217028,0.371670670958546,
0.401523468631774,0.432388511559897,0.46423364024604,0.497029578518293,
0.530749526817626,0.565368831540411,0.600864713071814,0.637216039758935,
0.674403138303366,0.712407633358658,0.751212310791611,0.790801000299534,
0.831158473997034,0.872270358283008,0.91412305683221,0.956703682968573,
0.97505004386342),.UNSPECIFIED.);
#86=B_SPLINE_CURVE_WITH_KNOTS('',3,(#6796,#6797,#6798,#6799,#6800,#6801,
#6802,#6803,#6804,#6805,#6806,#6807,#6808,#6809,#6810,#6811,#6812,#6813,
#6814,#6815,#6816,#6817,#6818,#6819,#6820,#6821,#6822,#6823,#6824,#6825,
#6826,#6827,#6828,#6829),.UNSPECIFIED.,.F.,.F.,(4,1,1,1,1,1,1,1,1,1,1,1,
1,1,1,1,1,1,1,1,1,1,1,1,1,1,1,1,1,1,1,4),(0.,0.103000416310753,0.112602086818187,
0.124997787693311,0.139664577964043,0.156295154557825,0.174680948552336,
0.194668413745219,0.216138395335841,0.238994936075388,0.263158603014357,
0.288562227667102,0.315148041388082,0.342865668217028,0.371670670958546,
0.401523468631774,0.432388511559897,0.46423364024604,0.497029578518293,
0.530749526817626,0.565368831540411,0.600864713071814,0.637216039758935,
0.674403138303366,0.712407633358658,0.751212310791611,0.790801000299534,
0.831158473997034,0.872270358283008,0.91412305683221,0.956703682968573,
0.97505004386342),.UNSPECIFIED.);
#87=B_SPLINE_CURVE_WITH_KNOTS('',3,(#6858,#6859,#6860,#6861,#6862,#6863,
#6864,#6865,#6866,#6867,#6868,#6869,#6870,#6871,#6872,#6873,#6874,#6875,
#6876,#6877,#6878,#6879,#6880,#6881,#6882,#6883,#6884,#6885,#6886,#6887,
#6888,#6889,#6890,#6891),.UNSPECIFIED.,.F.,.F.,(4,1,1,1,1,1,1,1,1,1,1,1,
1,1,1,1,1,1,1,1,1,1,1,1,1,1,1,1,1,1,1,4),(0.,0.103000416310753,0.112602086818187,
0.124997787693311,0.139664577964043,0.156295154557825,0.174680948552336,
0.194668413745219,0.216138395335841,0.238994936075388,0.263158603014357,
0.288562227667102,0.315148041388082,0.342865668217028,0.371670670958546,
0.401523468631774,0.432388511559897,0.46423364024604,0.497029578518293,
0.530749526817626,0.565368831540411,0.600864713071814,0.637216039758935,
0.674403138303366,0.712407633358658,0.751212310791611,0.790801000299534,
0.831158473997034,0.872270358283008,0.91412305683221,0.956703682968573,
0.975050043863419),.UNSPECIFIED.);
#88=B_SPLINE_CURVE_WITH_KNOTS('',3,(#6893,#6894,#6895,#6896,#6897,#6898,
#6899,#6900,#6901,#6902,#6903,#6904,#6905,#6906,#6907,#6908,#6909,#6910,
#6911,#6912,#6913,#6914,#6915,#6916,#6917,#6918,#6919,#6920,#6921,#6922,
#6923,#6924,#6925,#6926),.UNSPECIFIED.,.F.,.F.,(4,1,1,1,1,1,1,1,1,1,1,1,
1,1,1,1,1,1,1,1,1,1,1,1,1,1,1,1,1,1,1,4),(0.,0.103000416310753,0.112602086818187,
0.124997787693311,0.139664577964043,0.156295154557825,0.174680948552336,
0.194668413745219,0.216138395335841,0.238994936075388,0.263158603014357,
0.288562227667102,0.315148041388082,0.342865668217028,0.371670670958546,
0.401523468631774,0.432388511559897,0.46423364024604,0.497029578518293,
0.530749526817626,0.565368831540411,0.600864713071814,0.637216039758935,
0.674403138303366,0.712407633358658,0.751212310791611,0.790801000299534,
0.831158473997034,0.872270358283008,0.91412305683221,0.956703682968573,
0.975050043863419),.UNSPECIFIED.);
#89=B_SPLINE_CURVE_WITH_KNOTS('',3,(#6969,#6970,#6971,#6972,#6973,#6974,
#6975,#6976,#6977,#6978,#6979,#6980,#6981,#6982,#6983,#6984,#6985,#6986,
#6987,#6988,#6989,#6990,#6991,#6992,#6993,#6994,#6995,#6996,#6997,#6998,
#6999,#7000,#7001,#7002),.UNSPECIFIED.,.F.,.F.,(4,1,1,1,1,1,1,1,1,1,1,1,
1,1,1,1,1,1,1,1,1,1,1,1,1,1,1,1,1,1,1,4),(0.,0.103000416310753,0.112602086818187,
0.124997787693311,0.139664577964043,0.156295154557825,0.174680948552336,
0.194668413745219,0.216138395335841,0.238994936075388,0.263158603014357,
0.288562227667102,0.315148041388082,0.342865668217028,0.371670670958546,
0.401523468631774,0.432388511559897,0.46423364024604,0.497029578518293,
0.530749526817626,0.565368831540411,0.600864713071814,0.637216039758935,
0.674403138303366,0.712407633358658,0.751212310791611,0.790801000299534,
0.831158473997034,0.872270358283008,0.91412305683221,0.956703682968573,
0.97505004386342),.UNSPECIFIED.);
#90=B_SPLINE_CURVE_WITH_KNOTS('',3,(#7006,#7007,#7008,#7009,#7010,#7011,
#7012,#7013,#7014,#7015,#7016,#7017,#7018,#7019,#7020,#7021,#7022,#7023,
#7024,#7025,#7026,#7027,#7028,#7029,#7030,#7031,#7032,#7033,#7034,#7035,
#7036,#7037,#7038,#7039),.UNSPECIFIED.,.F.,.F.,(4,1,1,1,1,1,1,1,1,1,1,1,
1,1,1,1,1,1,1,1,1,1,1,1,1,1,1,1,1,1,1,4),(0.,0.103000416310753,0.112602086818187,
0.124997787693311,0.139664577964043,0.156295154557825,0.174680948552336,
0.194668413745219,0.216138395335841,0.238994936075388,0.263158603014357,
0.288562227667102,0.315148041388082,0.342865668217028,0.371670670958546,
0.401523468631774,0.432388511559897,0.46423364024604,0.497029578518293,
0.530749526817626,0.565368831540411,0.600864713071814,0.637216039758935,
0.674403138303366,0.712407633358658,0.751212310791611,0.790801000299534,
0.831158473997034,0.872270358283008,0.91412305683221,0.956703682968573,
0.97505004386342),.UNSPECIFIED.);
#91=B_SPLINE_CURVE_WITH_KNOTS('',3,(#7068,#7069,#7070,#7071,#7072,#7073,
#7074,#7075,#7076,#7077,#7078,#7079,#7080,#7081,#7082,#7083,#7084,#7085,
#7086,#7087,#7088,#7089,#7090,#7091,#7092,#7093,#7094,#7095,#7096,#7097,
#7098,#7099,#7100,#7101),.UNSPECIFIED.,.F.,.F.,(4,1,1,1,1,1,1,1,1,1,1,1,
1,1,1,1,1,1,1,1,1,1,1,1,1,1,1,1,1,1,1,4),(0.,0.103000416310753,0.112602086818187,
0.124997787693311,0.139664577964043,0.156295154557825,0.174680948552336,
0.194668413745219,0.216138395335841,0.238994936075388,0.263158603014357,
0.288562227667102,0.315148041388082,0.342865668217028,0.371670670958546,
0.401523468631774,0.432388511559897,0.46423364024604,0.497029578518293,
0.530749526817626,0.565368831540411,0.600864713071814,0.637216039758935,
0.674403138303366,0.712407633358658,0.751212310791611,0.790801000299534,
0.831158473997034,0.872270358283008,0.91412305683221,0.956703682968573,
0.975050043863419),.UNSPECIFIED.);
#92=B_SPLINE_CURVE_WITH_KNOTS('',3,(#7103,#7104,#7105,#7106,#7107,#7108,
#7109,#7110,#7111,#7112,#7113,#7114,#7115,#7116,#7117,#7118,#7119,#7120,
#7121,#7122,#7123,#7124,#7125,#7126,#7127,#7128,#7129,#7130,#7131,#7132,
#7133,#7134,#7135,#7136),.UNSPECIFIED.,.F.,.F.,(4,1,1,1,1,1,1,1,1,1,1,1,
1,1,1,1,1,1,1,1,1,1,1,1,1,1,1,1,1,1,1,4),(0.,0.103000416310753,0.112602086818187,
0.124997787693311,0.139664577964043,0.156295154557825,0.174680948552336,
0.194668413745219,0.216138395335841,0.238994936075388,0.263158603014357,
0.288562227667102,0.315148041388082,0.342865668217028,0.371670670958546,
0.401523468631774,0.432388511559897,0.46423364024604,0.497029578518293,
0.530749526817626,0.565368831540411,0.600864713071814,0.637216039758935,
0.674403138303366,0.712407633358658,0.751212310791611,0.790801000299534,
0.831158473997034,0.872270358283008,0.91412305683221,0.956703682968573,
0.975050043863419),.UNSPECIFIED.);
#93=B_SPLINE_CURVE_WITH_KNOTS('',3,(#7179,#7180,#7181,#7182,#7183,#7184,
#7185,#7186,#7187,#7188,#7189,#7190,#7191,#7192,#7193,#7194,#7195,#7196,
#7197,#7198,#7199,#7200,#7201,#7202,#7203,#7204,#7205,#7206,#7207,#7208,
#7209,#7210,#7211,#7212),.UNSPECIFIED.,.F.,.F.,(4,1,1,1,1,1,1,1,1,1,1,1,
1,1,1,1,1,1,1,1,1,1,1,1,1,1,1,1,1,1,1,4),(0.,0.103000416310753,0.112602086818187,
0.124997787693311,0.139664577964043,0.156295154557825,0.174680948552336,
0.194668413745219,0.216138395335841,0.238994936075388,0.263158603014357,
0.288562227667102,0.315148041388082,0.342865668217028,0.371670670958546,
0.401523468631774,0.432388511559897,0.46423364024604,0.497029578518293,
0.530749526817626,0.565368831540411,0.600864713071814,0.637216039758935,
0.674403138303366,0.712407633358658,0.751212310791611,0.790801000299534,
0.831158473997034,0.872270358283008,0.91412305683221,0.956703682968573,
0.97505004386342),.UNSPECIFIED.);
#94=B_SPLINE_CURVE_WITH_KNOTS('',3,(#7216,#7217,#7218,#7219,#7220,#7221,
#7222,#7223,#7224,#7225,#7226,#7227,#7228,#7229,#7230,#7231,#7232,#7233,
#7234,#7235,#7236,#7237,#7238,#7239,#7240,#7241,#7242,#7243,#7244,#7245,
#7246,#7247,#7248,#7249),.UNSPECIFIED.,.F.,.F.,(4,1,1,1,1,1,1,1,1,1,1,1,
1,1,1,1,1,1,1,1,1,1,1,1,1,1,1,1,1,1,1,4),(0.,0.103000416310753,0.112602086818187,
0.124997787693311,0.139664577964043,0.156295154557825,0.174680948552336,
0.194668413745219,0.216138395335841,0.238994936075388,0.263158603014357,
0.288562227667102,0.315148041388082,0.342865668217028,0.371670670958546,
0.401523468631774,0.432388511559897,0.46423364024604,0.497029578518293,
0.530749526817626,0.565368831540411,0.600864713071814,0.637216039758935,
0.674403138303366,0.712407633358658,0.751212310791611,0.790801000299534,
0.831158473997034,0.872270358283008,0.91412305683221,0.956703682968573,
0.97505004386342),.UNSPECIFIED.);
#95=B_SPLINE_CURVE_WITH_KNOTS('',3,(#7278,#7279,#7280,#7281,#7282,#7283,
#7284,#7285,#7286,#7287,#7288,#7289,#7290,#7291,#7292,#7293,#7294,#7295,
#7296,#7297,#7298,#7299,#7300,#7301,#7302,#7303,#7304,#7305,#7306,#7307,
#7308,#7309,#7310,#7311),.UNSPECIFIED.,.F.,.F.,(4,1,1,1,1,1,1,1,1,1,1,1,
1,1,1,1,1,1,1,1,1,1,1,1,1,1,1,1,1,1,1,4),(0.,0.103000416310753,0.112602086818187,
0.124997787693311,0.139664577964043,0.156295154557825,0.174680948552336,
0.194668413745219,0.216138395335841,0.238994936075388,0.263158603014357,
0.288562227667102,0.315148041388082,0.342865668217028,0.371670670958546,
0.401523468631774,0.432388511559897,0.46423364024604,0.497029578518293,
0.530749526817626,0.565368831540411,0.600864713071814,0.637216039758935,
0.674403138303366,0.712407633358658,0.751212310791611,0.790801000299534,
0.831158473997034,0.872270358283008,0.91412305683221,0.956703682968573,
0.975050043863419),.UNSPECIFIED.);
#96=B_SPLINE_CURVE_WITH_KNOTS('',3,(#7313,#7314,#7315,#7316,#7317,#7318,
#7319,#7320,#7321,#7322,#7323,#7324,#7325,#7326,#7327,#7328,#7329,#7330,
#7331,#7332,#7333,#7334,#7335,#7336,#7337,#7338,#7339,#7340,#7341,#7342,
#7343,#7344,#7345,#7346),.UNSPECIFIED.,.F.,.F.,(4,1,1,1,1,1,1,1,1,1,1,1,
1,1,1,1,1,1,1,1,1,1,1,1,1,1,1,1,1,1,1,4),(0.,0.103000416310753,0.112602086818187,
0.124997787693311,0.139664577964043,0.156295154557825,0.174680948552336,
0.194668413745219,0.216138395335841,0.238994936075388,0.263158603014357,
0.288562227667102,0.315148041388082,0.342865668217028,0.371670670958546,
0.401523468631774,0.432388511559897,0.46423364024604,0.497029578518293,
0.530749526817626,0.565368831540411,0.600864713071814,0.637216039758935,
0.674403138303366,0.712407633358658,0.751212310791611,0.790801000299534,
0.831158473997034,0.872270358283008,0.91412305683221,0.956703682968573,
0.975050043863419),.UNSPECIFIED.);
#97=B_SPLINE_CURVE_WITH_KNOTS('',3,(#7389,#7390,#7391,#7392,#7393,#7394,
#7395,#7396,#7397,#7398,#7399,#7400,#7401,#7402,#7403,#7404,#7405,#7406,
#7407,#7408,#7409,#7410,#7411,#7412,#7413,#7414,#7415,#7416,#7417,#7418,
#7419,#7420,#7421,#7422),.UNSPECIFIED.,.F.,.F.,(4,1,1,1,1,1,1,1,1,1,1,1,
1,1,1,1,1,1,1,1,1,1,1,1,1,1,1,1,1,1,1,4),(0.,0.103000416310753,0.112602086818187,
0.124997787693311,0.139664577964043,0.156295154557825,0.174680948552336,
0.194668413745219,0.216138395335841,0.238994936075388,0.263158603014357,
0.288562227667102,0.315148041388082,0.342865668217028,0.371670670958546,
0.401523468631774,0.432388511559897,0.46423364024604,0.497029578518293,
0.530749526817626,0.565368831540411,0.600864713071814,0.637216039758935,
0.674403138303366,0.712407633358658,0.751212310791611,0.790801000299534,
0.831158473997034,0.872270358283008,0.91412305683221,0.956703682968573,
0.97505004386342),.UNSPECIFIED.);
#98=B_SPLINE_CURVE_WITH_KNOTS('',3,(#7426,#7427,#7428,#7429,#7430,#7431,
#7432,#7433,#7434,#7435,#7436,#7437,#7438,#7439,#7440,#7441,#7442,#7443,
#7444,#7445,#7446,#7447,#7448,#7449,#7450,#7451,#7452,#7453,#7454,#7455,
#7456,#7457,#7458,#7459),.UNSPECIFIED.,.F.,.F.,(4,1,1,1,1,1,1,1,1,1,1,1,
1,1,1,1,1,1,1,1,1,1,1,1,1,1,1,1,1,1,1,4),(0.,0.103000416310753,0.112602086818187,
0.124997787693311,0.139664577964043,0.156295154557825,0.174680948552336,
0.194668413745219,0.216138395335841,0.238994936075388,0.263158603014357,
0.288562227667102,0.315148041388082,0.342865668217028,0.371670670958546,
0.401523468631774,0.432388511559897,0.46423364024604,0.497029578518293,
0.530749526817626,0.565368831540411,0.600864713071814,0.637216039758935,
0.674403138303366,0.712407633358658,0.751212310791611,0.790801000299534,
0.831158473997034,0.872270358283008,0.91412305683221,0.956703682968573,
0.97505004386342),.UNSPECIFIED.);
#99=B_SPLINE_CURVE_WITH_KNOTS('',3,(#7488,#7489,#7490,#7491,#7492,#7493,
#7494,#7495,#7496,#7497,#7498,#7499,#7500,#7501,#7502,#7503,#7504,#7505,
#7506,#7507,#7508,#7509,#7510,#7511,#7512,#7513,#7514,#7515,#7516,#7517,
#7518,#7519,#7520,#7521),.UNSPECIFIED.,.F.,.F.,(4,1,1,1,1,1,1,1,1,1,1,1,
1,1,1,1,1,1,1,1,1,1,1,1,1,1,1,1,1,1,1,4),(0.,0.103000416310753,0.112602086818187,
0.124997787693311,0.139664577964043,0.156295154557825,0.174680948552336,
0.194668413745219,0.216138395335841,0.238994936075388,0.263158603014357,
0.288562227667102,0.315148041388082,0.342865668217028,0.371670670958546,
0.401523468631774,0.432388511559897,0.46423364024604,0.497029578518293,
0.530749526817626,0.565368831540411,0.600864713071814,0.637216039758935,
0.674403138303366,0.712407633358658,0.751212310791611,0.790801000299534,
0.831158473997034,0.872270358283008,0.91412305683221,0.956703682968573,
0.975050043863419),.UNSPECIFIED.);
#100=B_SPLINE_CURVE_WITH_KNOTS('',3,(#7523,#7524,#7525,#7526,#7527,#7528,
#7529,#7530,#7531,#7532,#7533,#7534,#7535,#7536,#7537,#7538,#7539,#7540,
#7541,#7542,#7543,#7544,#7545,#7546,#7547,#7548,#7549,#7550,#7551,#7552,
#7553,#7554,#7555,#7556),.UNSPECIFIED.,.F.,.F.,(4,1,1,1,1,1,1,1,1,1,1,1,
1,1,1,1,1,1,1,1,1,1,1,1,1,1,1,1,1,1,1,4),(0.,0.103000416310753,0.112602086818187,
0.124997787693311,0.139664577964043,0.156295154557825,0.174680948552336,
0.194668413745219,0.216138395335841,0.238994936075388,0.263158603014357,
0.288562227667102,0.315148041388082,0.342865668217028,0.371670670958546,
0.401523468631774,0.432388511559897,0.46423364024604,0.497029578518293,
0.530749526817626,0.565368831540411,0.600864713071814,0.637216039758935,
0.674403138303366,0.712407633358658,0.751212310791611,0.790801000299534,
0.831158473997034,0.872270358283008,0.91412305683221,0.956703682968573,
0.975050043863419),.UNSPECIFIED.);
#101=B_SPLINE_SURFACE_WITH_KNOTS('',3,1,((#3377,#3378),(#3379,#3380),(#3381,
#3382),(#3383,#3384),(#3385,#3386),(#3387,#3388),(#3389,#3390),(#3391,#3392),
(#3393,#3394),(#3395,#3396),(#3397,#3398)),.SURF_OF_LINEAR_EXTRUSION.,.F.,
 .F.,.F.,(4,1,1,1,1,1,1,1,4),(2,2),(0.0519523930587879,0.0807991946464326,
0.109645996234077,0.167339599409367,0.282726805759946,0.398114012110525,
0.513501218461104,0.744275631162262,0.97505004386342),(0.,1.),
 .UNSPECIFIED.);
#102=B_SPLINE_SURFACE_WITH_KNOTS('',3,1,((#3476,#3477),(#3478,#3479),(#3480,
#3481),(#3482,#3483),(#3484,#3485),(#3486,#3487),(#3488,#3489),(#3490,#3491),
(#3492,#3493),(#3494,#3495),(#3496,#3497)),.SURF_OF_LINEAR_EXTRUSION.,.F.,
 .F.,.F.,(4,1,1,1,1,1,1,1,4),(2,2),(0.0519523930587615,0.0807991946464071,
0.109645996234053,0.167339599409344,0.282726805759926,0.398114012110508,
0.51350121846109,0.744275631162255,0.975050043863419),(0.,1.),
 .UNSPECIFIED.);
#103=B_SPLINE_SURFACE_WITH_KNOTS('',3,1,((#3587,#3588),(#3589,#3590),(#3591,
#3592),(#3593,#3594),(#3595,#3596),(#3597,#3598),(#3599,#3600),(#3601,#3602),
(#3603,#3604),(#3605,#3606),(#3607,#3608)),.SURF_OF_LINEAR_EXTRUSION.,.F.,
 .F.,.F.,(4,1,1,1,1,1,1,1,4),(2,2),(0.0519523930587881,0.0807991946464328,
0.109645996234078,0.167339599409367,0.282726805759946,0.398114012110525,
0.513501218461104,0.744275631162262,0.97505004386342),(0.,1.),
 .UNSPECIFIED.);
#104=B_SPLINE_SURFACE_WITH_KNOTS('',3,1,((#3686,#3687),(#3688,#3689),(#3690,
#3691),(#3692,#3693),(#3694,#3695),(#3696,#3697),(#3698,#3699),(#3700,#3701),
(#3702,#3703),(#3704,#3705),(#3706,#3707)),.SURF_OF_LINEAR_EXTRUSION.,.F.,
 .F.,.F.,(4,1,1,1,1,1,1,1,4),(2,2),(0.0519523930587595,0.0807991946464051,
0.109645996234051,0.167339599409342,0.282726805759924,0.398114012110507,
0.513501218461089,0.744275631162254,0.975050043863419),(0.,1.),
 .UNSPECIFIED.);
#105=B_SPLINE_SURFACE_WITH_KNOTS('',3,1,((#3797,#3798),(#3799,#3800),(#3801,
#3802),(#3803,#3804),(#3805,#3806),(#3807,#3808),(#3809,#3810),(#3811,#3812),
(#3813,#3814),(#3815,#3816),(#3817,#3818)),.SURF_OF_LINEAR_EXTRUSION.,.F.,
 .F.,.F.,(4,1,1,1,1,1,1,1,4),(2,2),(0.0519523930587882,0.080799194646433,
0.109645996234078,0.167339599409367,0.282726805759946,0.398114012110525,
0.513501218461104,0.744275631162262,0.97505004386342),(0.,1.),
 .UNSPECIFIED.);
#106=B_SPLINE_SURFACE_WITH_KNOTS('',3,1,((#3896,#3897),(#3898,#3899),(#3900,
#3901),(#3902,#3903),(#3904,#3905),(#3906,#3907),(#3908,#3909),(#3910,#3911),
(#3912,#3913),(#3914,#3915),(#3916,#3917)),.SURF_OF_LINEAR_EXTRUSION.,.F.,
 .F.,.F.,(4,1,1,1,1,1,1,1,4),(2,2),(0.0519523930587609,0.0807991946464065,
0.109645996234052,0.167339599409343,0.282726805759925,0.398114012110508,
0.51350121846109,0.744275631162254,0.975050043863419),(0.,1.),
 .UNSPECIFIED.);
#107=B_SPLINE_SURFACE_WITH_KNOTS('',3,1,((#4007,#4008),(#4009,#4010),(#4011,
#4012),(#4013,#4014),(#4015,#4016),(#4017,#4018),(#4019,#4020),(#4021,#4022),
(#4023,#4024),(#4025,#4026),(#4027,#4028)),.SURF_OF_LINEAR_EXTRUSION.,.F.,
 .F.,.F.,(4,1,1,1,1,1,1,1,4),(2,2),(0.0519523930587883,0.0807991946464331,
0.109645996234078,0.167339599409367,0.282726805759946,0.398114012110525,
0.513501218461104,0.744275631162262,0.97505004386342),(0.,1.),
 .UNSPECIFIED.);
#108=B_SPLINE_SURFACE_WITH_KNOTS('',3,1,((#4106,#4107),(#4108,#4109),(#4110,
#4111),(#4112,#4113),(#4114,#4115),(#4116,#4117),(#4118,#4119),(#4120,#4121),
(#4122,#4123),(#4124,#4125),(#4126,#4127)),.SURF_OF_LINEAR_EXTRUSION.,.F.,
 .F.,.F.,(4,1,1,1,1,1,1,1,4),(2,2),(0.051952393058761,0.0807991946464066,
0.109645996234052,0.167339599409343,0.282726805759925,0.398114012110508,
0.51350121846109,0.744275631162254,0.975050043863419),(0.,1.),
 .UNSPECIFIED.);
#109=B_SPLINE_SURFACE_WITH_KNOTS('',3,1,((#4217,#4218),(#4219,#4220),(#4221,
#4222),(#4223,#4224),(#4225,#4226),(#4227,#4228),(#4229,#4230),(#4231,#4232),
(#4233,#4234),(#4235,#4236),(#4237,#4238)),.SURF_OF_LINEAR_EXTRUSION.,.F.,
 .F.,.F.,(4,1,1,1,1,1,1,1,4),(2,2),(0.0519523930587883,0.080799194646433,
0.109645996234078,0.167339599409367,0.282726805759946,0.398114012110525,
0.513501218461104,0.744275631162262,0.97505004386342),(0.,1.),
 .UNSPECIFIED.);
#110=B_SPLINE_SURFACE_WITH_KNOTS('',3,1,((#4316,#4317),(#4318,#4319),(#4320,
#4321),(#4322,#4323),(#4324,#4325),(#4326,#4327),(#4328,#4329),(#4330,#4331),
(#4332,#4333),(#4334,#4335),(#4336,#4337)),.SURF_OF_LINEAR_EXTRUSION.,.F.,
 .F.,.F.,(4,1,1,1,1,1,1,1,4),(2,2),(0.0519523930587621,0.0807991946464077,
0.109645996234053,0.167339599409344,0.282726805759926,0.398114012110508,
0.513501218461091,0.744275631162255,0.975050043863419),(0.,1.),
 .UNSPECIFIED.);
#111=B_SPLINE_SURFACE_WITH_KNOTS('',3,1,((#4427,#4428),(#4429,#4430),(#4431,
#4432),(#4433,#4434),(#4435,#4436),(#4437,#4438),(#4439,#4440),(#4441,#4442),
(#4443,#4444),(#4445,#4446),(#4447,#4448)),.SURF_OF_LINEAR_EXTRUSION.,.F.,
 .F.,.F.,(4,1,1,1,1,1,1,1,4),(2,2),(0.0519523930587873,0.0807991946464321,
0.109645996234077,0.167339599409366,0.282726805759945,0.398114012110525,
0.513501218461104,0.744275631162262,0.97505004386342),(0.,1.),
 .UNSPECIFIED.);
#112=B_SPLINE_SURFACE_WITH_KNOTS('',3,1,((#4526,#4527),(#4528,#4529),(#4530,
#4531),(#4532,#4533),(#4534,#4535),(#4536,#4537),(#4538,#4539),(#4540,#4541),
(#4542,#4543),(#4544,#4545),(#4546,#4547)),.SURF_OF_LINEAR_EXTRUSION.,.F.,
 .F.,.F.,(4,1,1,1,1,1,1,1,4),(2,2),(0.0519523930587606,0.0807991946464062,
0.109645996234052,0.167339599409343,0.282726805759925,0.398114012110507,
0.51350121846109,0.744275631162254,0.975050043863419),(0.,1.),
 .UNSPECIFIED.);
#113=B_SPLINE_SURFACE_WITH_KNOTS('',3,1,((#4637,#4638),(#4639,#4640),(#4641,
#4642),(#4643,#4644),(#4645,#4646),(#4647,#4648),(#4649,#4650),(#4651,#4652),
(#4653,#4654),(#4655,#4656),(#4657,#4658)),.SURF_OF_LINEAR_EXTRUSION.,.F.,
 .F.,.F.,(4,1,1,1,1,1,1,1,4),(2,2),(0.0519523930587883,0.0807991946464331,
0.109645996234078,0.167339599409367,0.282726805759946,0.398114012110525,
0.513501218461104,0.744275631162262,0.97505004386342),(0.,1.),
 .UNSPECIFIED.);
#114=B_SPLINE_SURFACE_WITH_KNOTS('',3,1,((#4736,#4737),(#4738,#4739),(#4740,
#4741),(#4742,#4743),(#4744,#4745),(#4746,#4747),(#4748,#4749),(#4750,#4751),
(#4752,#4753),(#4754,#4755),(#4756,#4757)),.SURF_OF_LINEAR_EXTRUSION.,.F.,
 .F.,.F.,(4,1,1,1,1,1,1,1,4),(2,2),(0.0519523930587589,0.0807991946464045,
0.10964599623405,0.167339599409341,0.282726805759924,0.398114012110506,
0.513501218461089,0.744275631162254,0.975050043863419),(0.,1.),
 .UNSPECIFIED.);
#115=B_SPLINE_SURFACE_WITH_KNOTS('',3,1,((#4847,#4848),(#4849,#4850),(#4851,
#4852),(#4853,#4854),(#4855,#4856),(#4857,#4858),(#4859,#4860),(#4861,#4862),
(#4863,#4864),(#4865,#4866),(#4867,#4868)),.SURF_OF_LINEAR_EXTRUSION.,.F.,
 .F.,.F.,(4,1,1,1,1,1,1,1,4),(2,2),(0.0519523930587891,0.0807991946464338,
0.109645996234079,0.167339599409368,0.282726805759947,0.398114012110526,
0.513501218461105,0.744275631162262,0.97505004386342),(0.,1.),
 .UNSPECIFIED.);
#116=B_SPLINE_SURFACE_WITH_KNOTS('',3,1,((#4946,#4947),(#4948,#4949),(#4950,
#4951),(#4952,#4953),(#4954,#4955),(#4956,#4957),(#4958,#4959),(#4960,#4961),
(#4962,#4963),(#4964,#4965),(#4966,#4967)),.SURF_OF_LINEAR_EXTRUSION.,.F.,
 .F.,.F.,(4,1,1,1,1,1,1,1,4),(2,2),(0.0519523930587626,0.0807991946464081,
0.109645996234054,0.167339599409345,0.282726805759927,0.398114012110509,
0.513501218461091,0.744275631162255,0.975050043863419),(0.,1.),
 .UNSPECIFIED.);
#117=B_SPLINE_SURFACE_WITH_KNOTS('',3,1,((#5057,#5058),(#5059,#5060),(#5061,
#5062),(#5063,#5064),(#5065,#5066),(#5067,#5068),(#5069,#5070),(#5071,#5072),
(#5073,#5074),(#5075,#5076),(#5077,#5078)),.SURF_OF_LINEAR_EXTRUSION.,.F.,
 .F.,.F.,(4,1,1,1,1,1,1,1,4),(2,2),(0.0519523930587881,0.0807991946464329,
0.109645996234078,0.167339599409367,0.282726805759946,0.398114012110525,
0.513501218461104,0.744275631162262,0.97505004386342),(0.,1.),
 .UNSPECIFIED.);
#118=B_SPLINE_SURFACE_WITH_KNOTS('',3,1,((#5156,#5157),(#5158,#5159),(#5160,
#5161),(#5162,#5163),(#5164,#5165),(#5166,#5167),(#5168,#5169),(#5170,#5171),
(#5172,#5173),(#5174,#5175),(#5176,#5177)),.SURF_OF_LINEAR_EXTRUSION.,.F.,
 .F.,.F.,(4,1,1,1,1,1,1,1,4),(2,2),(0.0519523930587614,0.0807991946464069,
0.109645996234052,0.167339599409344,0.282726805759926,0.398114012110508,
0.51350121846109,0.744275631162255,0.975050043863419),(0.,1.),
 .UNSPECIFIED.);
#119=B_SPLINE_SURFACE_WITH_KNOTS('',3,1,((#5267,#5268),(#5269,#5270),(#5271,
#5272),(#5273,#5274),(#5275,#5276),(#5277,#5278),(#5279,#5280),(#5281,#5282),
(#5283,#5284),(#5285,#5286),(#5287,#5288)),.SURF_OF_LINEAR_EXTRUSION.,.F.,
 .F.,.F.,(4,1,1,1,1,1,1,1,4),(2,2),(0.0519523930587873,0.0807991946464321,
0.109645996234077,0.167339599409366,0.282726805759945,0.398114012110525,
0.513501218461104,0.744275631162262,0.97505004386342),(0.,1.),
 .UNSPECIFIED.);
#120=B_SPLINE_SURFACE_WITH_KNOTS('',3,1,((#5366,#5367),(#5368,#5369),(#5370,
#5371),(#5372,#5373),(#5374,#5375),(#5376,#5377),(#5378,#5379),(#5380,#5381),
(#5382,#5383),(#5384,#5385),(#5386,#5387)),.SURF_OF_LINEAR_EXTRUSION.,.F.,
 .F.,.F.,(4,1,1,1,1,1,1,1,4),(2,2),(0.0519523930587617,0.0807991946464072,
0.109645996234053,0.167339599409344,0.282726805759926,0.398114012110508,
0.51350121846109,0.744275631162255,0.975050043863419),(0.,1.),
 .UNSPECIFIED.);
#121=B_SPLINE_SURFACE_WITH_KNOTS('',3,1,((#5477,#5478),(#5479,#5480),(#5481,
#5482),(#5483,#5484),(#5485,#5486),(#5487,#5488),(#5489,#5490),(#5491,#5492),
(#5493,#5494),(#5495,#5496),(#5497,#5498)),.SURF_OF_LINEAR_EXTRUSION.,.F.,
 .F.,.F.,(4,1,1,1,1,1,1,1,4),(2,2),(0.0519523930587871,0.0807991946464319,
0.109645996234077,0.167339599409366,0.282726805759945,0.398114012110524,
0.513501218461104,0.744275631162262,0.97505004386342),(0.,1.),
 .UNSPECIFIED.);
#122=B_SPLINE_SURFACE_WITH_KNOTS('',3,1,((#5576,#5577),(#5578,#5579),(#5580,
#5581),(#5582,#5583),(#5584,#5585),(#5586,#5587),(#5588,#5589),(#5590,#5591),
(#5592,#5593),(#5594,#5595),(#5596,#5597)),.SURF_OF_LINEAR_EXTRUSION.,.F.,
 .F.,.F.,(4,1,1,1,1,1,1,1,4),(2,2),(0.0519523930587632,0.0807991946464087,
0.109645996234054,0.167339599409345,0.282726805759927,0.398114012110509,
0.513501218461091,0.744275631162255,0.975050043863419),(0.,1.),
 .UNSPECIFIED.);
#123=B_SPLINE_SURFACE_WITH_KNOTS('',3,1,((#5687,#5688),(#5689,#5690),(#5691,
#5692),(#5693,#5694),(#5695,#5696),(#5697,#5698),(#5699,#5700),(#5701,#5702),
(#5703,#5704),(#5705,#5706),(#5707,#5708)),.SURF_OF_LINEAR_EXTRUSION.,.F.,
 .F.,.F.,(4,1,1,1,1,1,1,1,4),(2,2),(0.0519523930587866,0.0807991946464314,
0.109645996234076,0.167339599409366,0.282726805759945,0.398114012110524,
0.513501218461103,0.744275631162262,0.97505004386342),(0.,1.),
 .UNSPECIFIED.);
#124=B_SPLINE_SURFACE_WITH_KNOTS('',3,1,((#5786,#5787),(#5788,#5789),(#5790,
#5791),(#5792,#5793),(#5794,#5795),(#5796,#5797),(#5798,#5799),(#5800,#5801),
(#5802,#5803),(#5804,#5805),(#5806,#5807)),.SURF_OF_LINEAR_EXTRUSION.,.F.,
 .F.,.F.,(4,1,1,1,1,1,1,1,4),(2,2),(0.0519523930587584,0.0807991946464041,
0.10964599623405,0.167339599409341,0.282726805759924,0.398114012110506,
0.513501218461089,0.744275631162254,0.975050043863419),(0.,1.),
 .UNSPECIFIED.);
#125=B_SPLINE_SURFACE_WITH_KNOTS('',3,1,((#5897,#5898),(#5899,#5900),(#5901,
#5902),(#5903,#5904),(#5905,#5906),(#5907,#5908),(#5909,#5910),(#5911,#5912),
(#5913,#5914),(#5915,#5916),(#5917,#5918)),.SURF_OF_LINEAR_EXTRUSION.,.F.,
 .F.,.F.,(4,1,1,1,1,1,1,1,4),(2,2),(0.0519523930587923,0.0807991946464369,
0.109645996234082,0.167339599409371,0.282726805759949,0.398114012110528,
0.513501218461106,0.744275631162263,0.97505004386342),(0.,1.),
 .UNSPECIFIED.);
#126=B_SPLINE_SURFACE_WITH_KNOTS('',3,1,((#5996,#5997),(#5998,#5999),(#6000,
#6001),(#6002,#6003),(#6004,#6005),(#6006,#6007),(#6008,#6009),(#6010,#6011),
(#6012,#6013),(#6014,#6015),(#6016,#6017)),.SURF_OF_LINEAR_EXTRUSION.,.F.,
 .F.,.F.,(4,1,1,1,1,1,1,1,4),(2,2),(0.0519523930587608,0.0807991946464064,
0.109645996234052,0.167339599409343,0.282726805759925,0.398114012110508,
0.51350121846109,0.744275631162254,0.975050043863419),(0.,1.),
 .UNSPECIFIED.);
#127=B_SPLINE_SURFACE_WITH_KNOTS('',3,1,((#6107,#6108),(#6109,#6110),(#6111,
#6112),(#6113,#6114),(#6115,#6116),(#6117,#6118),(#6119,#6120),(#6121,#6122),
(#6123,#6124),(#6125,#6126),(#6127,#6128)),.SURF_OF_LINEAR_EXTRUSION.,.F.,
 .F.,.F.,(4,1,1,1,1,1,1,1,4),(2,2),(0.0519523930587827,0.0807991946464276,
0.109645996234073,0.167339599409362,0.282726805759942,0.398114012110522,
0.513501218461101,0.744275631162261,0.97505004386342),(0.,1.),
 .UNSPECIFIED.);
#128=B_SPLINE_SURFACE_WITH_KNOTS('',3,1,((#6206,#6207),(#6208,#6209),(#6210,
#6211),(#6212,#6213),(#6214,#6215),(#6216,#6217),(#6218,#6219),(#6220,#6221),
(#6222,#6223),(#6224,#6225),(#6226,#6227)),.SURF_OF_LINEAR_EXTRUSION.,.F.,
 .F.,.F.,(4,1,1,1,1,1,1,1,4),(2,2),(0.0519523930587624,0.0807991946464079,
0.109645996234053,0.167339599409344,0.282726805759926,0.398114012110509,
0.513501218461091,0.744275631162255,0.975050043863419),(0.,1.),
 .UNSPECIFIED.);
#129=B_SPLINE_SURFACE_WITH_KNOTS('',3,1,((#6317,#6318),(#6319,#6320),(#6321,
#6322),(#6323,#6324),(#6325,#6326),(#6327,#6328),(#6329,#6330),(#6331,#6332),
(#6333,#6334),(#6335,#6336),(#6337,#6338)),.SURF_OF_LINEAR_EXTRUSION.,.F.,
 .F.,.F.,(4,1,1,1,1,1,1,1,4),(2,2),(0.05195239305879,0.0807991946464347,
0.109645996234079,0.167339599409369,0.282726805759947,0.398114012110526,
0.513501218461105,0.744275631162262,0.97505004386342),(0.,1.),
 .UNSPECIFIED.);
#130=B_SPLINE_SURFACE_WITH_KNOTS('',3,1,((#6416,#6417),(#6418,#6419),(#6420,
#6421),(#6422,#6423),(#6424,#6425),(#6426,#6427),(#6428,#6429),(#6430,#6431),
(#6432,#6433),(#6434,#6435),(#6436,#6437)),.SURF_OF_LINEAR_EXTRUSION.,.F.,
 .F.,.F.,(4,1,1,1,1,1,1,1,4),(2,2),(0.0519523930587558,0.0807991946464015,
0.109645996234047,0.167339599409339,0.282726805759922,0.398114012110505,
0.513501218461087,0.744275631162253,0.975050043863419),(0.,1.),
 .UNSPECIFIED.);
#131=B_SPLINE_SURFACE_WITH_KNOTS('',3,1,((#6527,#6528),(#6529,#6530),(#6531,
#6532),(#6533,#6534),(#6535,#6536),(#6537,#6538),(#6539,#6540),(#6541,#6542),
(#6543,#6544),(#6545,#6546),(#6547,#6548)),.SURF_OF_LINEAR_EXTRUSION.,.F.,
 .F.,.F.,(4,1,1,1,1,1,1,1,4),(2,2),(0.0519523930587898,0.0807991946464345,
0.109645996234079,0.167339599409369,0.282726805759947,0.398114012110526,
0.513501218461105,0.744275631162262,0.97505004386342),(0.,1.),
 .UNSPECIFIED.);
#132=B_SPLINE_SURFACE_WITH_KNOTS('',3,1,((#6626,#6627),(#6628,#6629),(#6630,
#6631),(#6632,#6633),(#6634,#6635),(#6636,#6637),(#6638,#6639),(#6640,#6641),
(#6642,#6643),(#6644,#6645),(#6646,#6647)),.SURF_OF_LINEAR_EXTRUSION.,.F.,
 .F.,.F.,(4,1,1,1,1,1,1,1,4),(2,2),(0.0519523930587614,0.080799194646407,
0.109645996234053,0.167339599409344,0.282726805759926,0.398114012110508,
0.51350121846109,0.744275631162255,0.975050043863419),(0.,1.),
 .UNSPECIFIED.);
#133=B_SPLINE_SURFACE_WITH_KNOTS('',3,1,((#6737,#6738),(#6739,#6740),(#6741,
#6742),(#6743,#6744),(#6745,#6746),(#6747,#6748),(#6749,#6750),(#6751,#6752),
(#6753,#6754),(#6755,#6756),(#6757,#6758)),.SURF_OF_LINEAR_EXTRUSION.,.F.,
 .F.,.F.,(4,1,1,1,1,1,1,1,4),(2,2),(0.0519523930587902,0.0807991946464348,
0.10964599623408,0.167339599409369,0.282726805759948,0.398114012110526,
0.513501218461105,0.744275631162262,0.97505004386342),(0.,1.),
 .UNSPECIFIED.);
#134=B_SPLINE_SURFACE_WITH_KNOTS('',3,1,((#6836,#6837),(#6838,#6839),(#6840,
#6841),(#6842,#6843),(#6844,#6845),(#6846,#6847),(#6848,#6849),(#6850,#6851),
(#6852,#6853),(#6854,#6855),(#6856,#6857)),.SURF_OF_LINEAR_EXTRUSION.,.F.,
 .F.,.F.,(4,1,1,1,1,1,1,1,4),(2,2),(0.05195239305876,0.0807991946464056,
0.109645996234051,0.167339599409342,0.282726805759925,0.398114012110507,
0.51350121846109,0.744275631162254,0.975050043863419),(0.,1.),
 .UNSPECIFIED.);
#135=B_SPLINE_SURFACE_WITH_KNOTS('',3,1,((#6947,#6948),(#6949,#6950),(#6951,
#6952),(#6953,#6954),(#6955,#6956),(#6957,#6958),(#6959,#6960),(#6961,#6962),
(#6963,#6964),(#6965,#6966),(#6967,#6968)),.SURF_OF_LINEAR_EXTRUSION.,.F.,
 .F.,.F.,(4,1,1,1,1,1,1,1,4),(2,2),(0.0519523930587877,0.0807991946464325,
0.109645996234077,0.167339599409367,0.282726805759946,0.398114012110525,
0.513501218461104,0.744275631162262,0.97505004386342),(0.,1.),
 .UNSPECIFIED.);
#136=B_SPLINE_SURFACE_WITH_KNOTS('',3,1,((#7046,#7047),(#7048,#7049),(#7050,
#7051),(#7052,#7053),(#7054,#7055),(#7056,#7057),(#7058,#7059),(#7060,#7061),
(#7062,#7063),(#7064,#7065),(#7066,#7067)),.SURF_OF_LINEAR_EXTRUSION.,.F.,
 .F.,.F.,(4,1,1,1,1,1,1,1,4),(2,2),(0.0519523930587614,0.0807991946464069,
0.109645996234052,0.167339599409344,0.282726805759926,0.398114012110508,
0.51350121846109,0.744275631162255,0.975050043863419),(0.,1.),
 .UNSPECIFIED.);
#137=B_SPLINE_SURFACE_WITH_KNOTS('',3,1,((#7157,#7158),(#7159,#7160),(#7161,
#7162),(#7163,#7164),(#7165,#7166),(#7167,#7168),(#7169,#7170),(#7171,#7172),
(#7173,#7174),(#7175,#7176),(#7177,#7178)),.SURF_OF_LINEAR_EXTRUSION.,.F.,
 .F.,.F.,(4,1,1,1,1,1,1,1,4),(2,2),(0.0519523930587882,0.080799194646433,
0.109645996234078,0.167339599409367,0.282726805759946,0.398114012110525,
0.513501218461104,0.744275631162262,0.97505004386342),(0.,1.),
 .UNSPECIFIED.);
#138=B_SPLINE_SURFACE_WITH_KNOTS('',3,1,((#7256,#7257),(#7258,#7259),(#7260,
#7261),(#7262,#7263),(#7264,#7265),(#7266,#7267),(#7268,#7269),(#7270,#7271),
(#7272,#7273),(#7274,#7275),(#7276,#7277)),.SURF_OF_LINEAR_EXTRUSION.,.F.,
 .F.,.F.,(4,1,1,1,1,1,1,1,4),(2,2),(0.0519523930587614,0.0807991946464069,
0.109645996234052,0.167339599409344,0.282726805759926,0.398114012110508,
0.51350121846109,0.744275631162255,0.975050043863419),(0.,1.),
 .UNSPECIFIED.);
#139=B_SPLINE_SURFACE_WITH_KNOTS('',3,1,((#7367,#7368),(#7369,#7370),(#7371,
#7372),(#7373,#7374),(#7375,#7376),(#7377,#7378),(#7379,#7380),(#7381,#7382),
(#7383,#7384),(#7385,#7386),(#7387,#7388)),.SURF_OF_LINEAR_EXTRUSION.,.F.,
 .F.,.F.,(4,1,1,1,1,1,1,1,4),(2,2),(0.0519523930587866,0.0807991946464314,
0.109645996234076,0.167339599409366,0.282726805759945,0.398114012110524,
0.513501218461103,0.744275631162262,0.97505004386342),(0.,1.),
 .UNSPECIFIED.);
#140=B_SPLINE_SURFACE_WITH_KNOTS('',3,1,((#7466,#7467),(#7468,#7469),(#7470,
#7471),(#7472,#7473),(#7474,#7475),(#7476,#7477),(#7478,#7479),(#7480,#7481),
(#7482,#7483),(#7484,#7485),(#7486,#7487)),.SURF_OF_LINEAR_EXTRUSION.,.F.,
 .F.,.F.,(4,1,1,1,1,1,1,1,4),(2,2),(0.0519523930587617,0.0807991946464073,
0.109645996234053,0.167339599409344,0.282726805759926,0.398114012110508,
0.51350121846109,0.744275631162255,0.975050043863419),(0.,1.),
 .UNSPECIFIED.);
#141=LINE('',#3366,#279);
#142=LINE('',#3370,#280);
#143=LINE('',#3374,#281);
#144=LINE('',#3434,#282);
#145=LINE('',#3473,#283);
#146=LINE('',#3568,#284);
#147=LINE('',#3572,#285);
#148=LINE('',#3580,#286);
#149=LINE('',#3584,#287);
#150=LINE('',#3644,#288);
#151=LINE('',#3683,#289);
#152=LINE('',#3778,#290);
#153=LINE('',#3782,#291);
#154=LINE('',#3790,#292);
#155=LINE('',#3794,#293);
#156=LINE('',#3854,#294);
#157=LINE('',#3893,#295);
#158=LINE('',#3988,#296);
#159=LINE('',#3992,#297);
#160=LINE('',#4000,#298);
#161=LINE('',#4004,#299);
#162=LINE('',#4064,#300);
#163=LINE('',#4103,#301);
#164=LINE('',#4198,#302);
#165=LINE('',#4202,#303);
#166=LINE('',#4210,#304);
#167=LINE('',#4214,#305);
#168=LINE('',#4274,#306);
#169=LINE('',#4313,#307);
#170=LINE('',#4408,#308);
#171=LINE('',#4412,#309);
#172=LINE('',#4420,#310);
#173=LINE('',#4424,#311);
#174=LINE('',#4484,#312);
#175=LINE('',#4523,#313);
#176=LINE('',#4618,#314);
#177=LINE('',#4622,#315);
#178=LINE('',#4630,#316);
#179=LINE('',#4634,#317);
#180=LINE('',#4694,#318);
#181=LINE('',#4733,#319);
#182=LINE('',#4828,#320);
#183=LINE('',#4832,#321);
#184=LINE('',#4840,#322);
#185=LINE('',#4844,#323);
#186=LINE('',#4904,#324);
#187=LINE('',#4943,#325);
#188=LINE('',#5038,#326);
#189=LINE('',#5042,#327);
#190=LINE('',#5050,#328);
#191=LINE('',#5054,#329);
#192=LINE('',#5114,#330);
#193=LINE('',#5153,#331);
#194=LINE('',#5248,#332);
#195=LINE('',#5252,#333);
#196=LINE('',#5260,#334);
#197=LINE('',#5264,#335);
#198=LINE('',#5324,#336);
#199=LINE('',#5363,#337);
#200=LINE('',#5458,#338);
#201=LINE('',#5462,#339);
#202=LINE('',#5470,#340);
#203=LINE('',#5474,#341);
#204=LINE('',#5534,#342);
#205=LINE('',#5573,#343);
#206=LINE('',#5668,#344);
#207=LINE('',#5672,#345);
#208=LINE('',#5680,#346);
#209=LINE('',#5684,#347);
#210=LINE('',#5744,#348);
#211=LINE('',#5783,#349);
#212=LINE('',#5878,#350);
#213=LINE('',#5882,#351);
#214=LINE('',#5890,#352);
#215=LINE('',#5894,#353);
#216=LINE('',#5954,#354);
#217=LINE('',#5993,#355);
#218=LINE('',#6088,#356);
#219=LINE('',#6092,#357);
#220=LINE('',#6100,#358);
#221=LINE('',#6104,#359);
#222=LINE('',#6164,#360);
#223=LINE('',#6203,#361);
#224=LINE('',#6298,#362);
#225=LINE('',#6302,#363);
#226=LINE('',#6310,#364);
#227=LINE('',#6314,#365);
#228=LINE('',#6374,#366);
#229=LINE('',#6413,#367);
#230=LINE('',#6508,#368);
#231=LINE('',#6512,#369);
#232=LINE('',#6520,#370);
#233=LINE('',#6524,#371);
#234=LINE('',#6584,#372);
#235=LINE('',#6623,#373);
#236=LINE('',#6718,#374);
#237=LINE('',#6722,#375);
#238=LINE('',#6730,#376);
#239=LINE('',#6734,#377);
#240=LINE('',#6794,#378);
#241=LINE('',#6833,#379);
#242=LINE('',#6928,#380);
#243=LINE('',#6932,#381);
#244=LINE('',#6940,#382);
#245=LINE('',#6944,#383);
#246=LINE('',#7004,#384);
#247=LINE('',#7043,#385);
#248=LINE('',#7138,#386);
#249=LINE('',#7142,#387);
#250=LINE('',#7150,#388);
#251=LINE('',#7154,#389);
#252=LINE('',#7214,#390);
#253=LINE('',#7253,#391);
#254=LINE('',#7348,#392);
#255=LINE('',#7352,#393);
#256=LINE('',#7360,#394);
#257=LINE('',#7364,#395);
#258=LINE('',#7424,#396);
#259=LINE('',#7463,#397);
#260=LINE('',#7558,#398);
#261=LINE('',#7563,#399);
#262=LINE('',#7566,#400);
#263=LINE('',#7568,#401);
#264=LINE('',#7570,#402);
#265=LINE('',#7572,#403);
#266=LINE('',#7574,#404);
#267=LINE('',#7582,#405);
#268=LINE('',#7585,#406);
#269=LINE('',#7587,#407);
#270=LINE('',#7589,#408);
#271=LINE('',#7591,#409);
#272=LINE('',#7593,#410);
#273=LINE('',#7595,#411);
#274=LINE('',#7596,#412);
#275=LINE('',#7598,#413);
#276=LINE('',#7600,#414);
#277=LINE('',#7602,#415);
#278=LINE('',#7604,#416);
#279=VECTOR('',#2723,1.);
#280=VECTOR('',#2726,1.);
#281=VECTOR('',#2731,1.);
#282=VECTOR('',#2734,1.);
#283=VECTOR('',#2739,1.);
#284=VECTOR('',#2742,1.);
#285=VECTOR('',#2747,1.);
#286=VECTOR('',#2756,1.);
#287=VECTOR('',#2761,1.);
#288=VECTOR('',#2764,1.);
#289=VECTOR('',#2769,1.);
#290=VECTOR('',#2772,1.);
#291=VECTOR('',#2777,1.);
#292=VECTOR('',#2786,1.);
#293=VECTOR('',#2791,1.);
#294=VECTOR('',#2794,1.);
#295=VECTOR('',#2799,1.);
#296=VECTOR('',#2802,1.);
#297=VECTOR('',#2807,1.);
#298=VECTOR('',#2816,1.);
#299=VECTOR('',#2821,1.);
#300=VECTOR('',#2824,1.);
#301=VECTOR('',#2829,1.);
#302=VECTOR('',#2832,1.);
#303=VECTOR('',#2837,1.);
#304=VECTOR('',#2846,1.);
#305=VECTOR('',#2851,1.);
#306=VECTOR('',#2854,1.);
#307=VECTOR('',#2859,1.);
#308=VECTOR('',#2862,1.);
#309=VECTOR('',#2867,1.);
#310=VECTOR('',#2876,1.);
#311=VECTOR('',#2881,1.);
#312=VECTOR('',#2884,1.);
#313=VECTOR('',#2889,1.);
#314=VECTOR('',#2892,1.);
#315=VECTOR('',#2897,1.);
#316=VECTOR('',#2906,1.);
#317=VECTOR('',#2911,1.);
#318=VECTOR('',#2914,1.);
#319=VECTOR('',#2919,1.);
#320=VECTOR('',#2922,1.);
#321=VECTOR('',#2927,1.);
#322=VECTOR('',#2936,1.);
#323=VECTOR('',#2941,1.);
#324=VECTOR('',#2944,1.);
#325=VECTOR('',#2949,1.);
#326=VECTOR('',#2952,1.);
#327=VECTOR('',#2957,1.);
#328=VECTOR('',#2966,1.);
#329=VECTOR('',#2971,1.);
#330=VECTOR('',#2974,1.);
#331=VECTOR('',#2979,1.);
#332=VECTOR('',#2982,1.);
#333=VECTOR('',#2987,1.);
#334=VECTOR('',#2996,1.);
#335=VECTOR('',#3001,1.);
#336=VECTOR('',#3004,1.);
#337=VECTOR('',#3009,1.);
#338=VECTOR('',#3012,1.);
#339=VECTOR('',#3017,1.);
#340=VECTOR('',#3026,1.);
#341=VECTOR('',#3031,1.);
#342=VECTOR('',#3034,1.);
#343=VECTOR('',#3039,1.);
#344=VECTOR('',#3042,1.);
#345=VECTOR('',#3047,1.);
#346=VECTOR('',#3056,1.);
#347=VECTOR('',#3061,1.);
#348=VECTOR('',#3064,1.);
#349=VECTOR('',#3069,1.);
#350=VECTOR('',#3072,1.);
#351=VECTOR('',#3077,1.);
#352=VECTOR('',#3086,1.);
#353=VECTOR('',#3091,1.);
#354=VECTOR('',#3094,1.);
#355=VECTOR('',#3099,1.);
#356=VECTOR('',#3102,1.);
#357=VECTOR('',#3107,1.);
#358=VECTOR('',#3116,1.);
#359=VECTOR('',#3121,1.);
#360=VECTOR('',#3124,1.);
#361=VECTOR('',#3129,1.);
#362=VECTOR('',#3132,1.);
#363=VECTOR('',#3137,1.);
#364=VECTOR('',#3146,1.);
#365=VECTOR('',#3151,1.);
#366=VECTOR('',#3154,1.);
#367=VECTOR('',#3159,1.);
#368=VECTOR('',#3162,1.);
#369=VECTOR('',#3167,1.);
#370=VECTOR('',#3176,1.);
#371=VECTOR('',#3181,1.);
#372=VECTOR('',#3184,1.);
#373=VECTOR('',#3189,1.);
#374=VECTOR('',#3192,1.);
#375=VECTOR('',#3197,1.);
#376=VECTOR('',#3206,1.);
#377=VECTOR('',#3211,1.);
#378=VECTOR('',#3214,1.);
#379=VECTOR('',#3219,1.);
#380=VECTOR('',#3222,1.);
#381=VECTOR('',#3227,1.);
#382=VECTOR('',#3236,1.);
#383=VECTOR('',#3241,1.);
#384=VECTOR('',#3244,1.);
#385=VECTOR('',#3249,1.);
#386=VECTOR('',#3252,1.);
#387=VECTOR('',#3257,1.);
#388=VECTOR('',#3266,1.);
#389=VECTOR('',#3271,1.);
#390=VECTOR('',#3274,1.);
#391=VECTOR('',#3279,1.);
#392=VECTOR('',#3282,1.);
#393=VECTOR('',#3287,1.);
#394=VECTOR('',#3296,1.);
#395=VECTOR('',#3301,1.);
#396=VECTOR('',#3304,1.);
#397=VECTOR('',#3309,1.);
#398=VECTOR('',#3312,1.);
#399=VECTOR('',#3321,1.);
#400=VECTOR('',#3322,1.);
#401=VECTOR('',#3323,1.);
#402=VECTOR('',#3324,1.);
#403=VECTOR('',#3325,1.);
#404=VECTOR('',#3326,1.);
#405=VECTOR('',#3337,1.);
#406=VECTOR('',#3338,1.);
#407=VECTOR('',#3339,1.);
#408=VECTOR('',#3340,1.);
#409=VECTOR('',#3341,1.);
#410=VECTOR('',#3342,1.);
#411=VECTOR('',#3345,1.);
#412=VECTOR('',#3346,1.);
#413=VECTOR('',#3349,1.);
#414=VECTOR('',#3352,1.);
#415=VECTOR('',#3355,1.);
#416=VECTOR('',#3358,1.);
#417=ORIENTED_EDGE('',*,*,#1177,.T.);
#418=ORIENTED_EDGE('',*,*,#1178,.F.);
#419=ORIENTED_EDGE('',*,*,#1179,.F.);
#420=ORIENTED_EDGE('',*,*,#1180,.F.);
#421=ORIENTED_EDGE('',*,*,#1181,.T.);
#422=ORIENTED_EDGE('',*,*,#1182,.T.);
#423=ORIENTED_EDGE('',*,*,#1183,.T.);
#424=ORIENTED_EDGE('',*,*,#1180,.T.);
#425=ORIENTED_EDGE('',*,*,#1184,.T.);
#426=ORIENTED_EDGE('',*,*,#1185,.T.);
#427=ORIENTED_EDGE('',*,*,#1186,.F.);
#428=ORIENTED_EDGE('',*,*,#1182,.F.);
#429=ORIENTED_EDGE('',*,*,#1185,.F.);
#430=ORIENTED_EDGE('',*,*,#1187,.F.);
#431=ORIENTED_EDGE('',*,*,#1188,.T.);
#432=ORIENTED_EDGE('',*,*,#1189,.T.);
#433=ORIENTED_EDGE('',*,*,#1190,.T.);
#434=ORIENTED_EDGE('',*,*,#1188,.F.);
#435=ORIENTED_EDGE('',*,*,#1191,.F.);
#436=ORIENTED_EDGE('',*,*,#1192,.F.);
#437=ORIENTED_EDGE('',*,*,#1193,.T.);
#438=ORIENTED_EDGE('',*,*,#1194,.T.);
#439=ORIENTED_EDGE('',*,*,#1195,.T.);
#440=ORIENTED_EDGE('',*,*,#1192,.T.);
#441=ORIENTED_EDGE('',*,*,#1196,.T.);
#442=ORIENTED_EDGE('',*,*,#1194,.F.);
#443=ORIENTED_EDGE('',*,*,#1197,.F.);
#444=ORIENTED_EDGE('',*,*,#1198,.F.);
#445=ORIENTED_EDGE('',*,*,#1199,.T.);
#446=ORIENTED_EDGE('',*,*,#1200,.T.);
#447=ORIENTED_EDGE('',*,*,#1201,.T.);
#448=ORIENTED_EDGE('',*,*,#1198,.T.);
#449=ORIENTED_EDGE('',*,*,#1202,.T.);
#450=ORIENTED_EDGE('',*,*,#1203,.T.);
#451=ORIENTED_EDGE('',*,*,#1204,.F.);
#452=ORIENTED_EDGE('',*,*,#1200,.F.);
#453=ORIENTED_EDGE('',*,*,#1205,.F.);
#454=ORIENTED_EDGE('',*,*,#1206,.T.);
#455=ORIENTED_EDGE('',*,*,#1207,.T.);
#456=ORIENTED_EDGE('',*,*,#1203,.F.);
#457=ORIENTED_EDGE('',*,*,#1208,.T.);
#458=ORIENTED_EDGE('',*,*,#1206,.F.);
#459=ORIENTED_EDGE('',*,*,#1209,.F.);
#460=ORIENTED_EDGE('',*,*,#1210,.F.);
#461=ORIENTED_EDGE('',*,*,#1211,.T.);
#462=ORIENTED_EDGE('',*,*,#1212,.T.);
#463=ORIENTED_EDGE('',*,*,#1213,.T.);
#464=ORIENTED_EDGE('',*,*,#1210,.T.);
#465=ORIENTED_EDGE('',*,*,#1214,.T.);
#466=ORIENTED_EDGE('',*,*,#1212,.F.);
#467=ORIENTED_EDGE('',*,*,#1215,.F.);
#468=ORIENTED_EDGE('',*,*,#1216,.F.);
#469=ORIENTED_EDGE('',*,*,#1217,.T.);
#470=ORIENTED_EDGE('',*,*,#1218,.T.);
#471=ORIENTED_EDGE('',*,*,#1219,.T.);
#472=ORIENTED_EDGE('',*,*,#1216,.T.);
#473=ORIENTED_EDGE('',*,*,#1220,.T.);
#474=ORIENTED_EDGE('',*,*,#1221,.T.);
#475=ORIENTED_EDGE('',*,*,#1222,.F.);
#476=ORIENTED_EDGE('',*,*,#1218,.F.);
#477=ORIENTED_EDGE('',*,*,#1221,.F.);
#478=ORIENTED_EDGE('',*,*,#1223,.F.);
#479=ORIENTED_EDGE('',*,*,#1224,.T.);
#480=ORIENTED_EDGE('',*,*,#1225,.T.);
#481=ORIENTED_EDGE('',*,*,#1226,.T.);
#482=ORIENTED_EDGE('',*,*,#1224,.F.);
#483=ORIENTED_EDGE('',*,*,#1227,.F.);
#484=ORIENTED_EDGE('',*,*,#1228,.F.);
#485=ORIENTED_EDGE('',*,*,#1229,.T.);
#486=ORIENTED_EDGE('',*,*,#1230,.T.);
#487=ORIENTED_EDGE('',*,*,#1231,.T.);
#488=ORIENTED_EDGE('',*,*,#1228,.T.);
#489=ORIENTED_EDGE('',*,*,#1232,.T.);
#490=ORIENTED_EDGE('',*,*,#1230,.F.);
#491=ORIENTED_EDGE('',*,*,#1233,.F.);
#492=ORIENTED_EDGE('',*,*,#1234,.F.);
#493=ORIENTED_EDGE('',*,*,#1235,.T.);
#494=ORIENTED_EDGE('',*,*,#1236,.T.);
#495=ORIENTED_EDGE('',*,*,#1237,.T.);
#496=ORIENTED_EDGE('',*,*,#1234,.T.);
#497=ORIENTED_EDGE('',*,*,#1238,.T.);
#498=ORIENTED_EDGE('',*,*,#1239,.T.);
#499=ORIENTED_EDGE('',*,*,#1240,.F.);
#500=ORIENTED_EDGE('',*,*,#1236,.F.);
#501=ORIENTED_EDGE('',*,*,#1239,.F.);
#502=ORIENTED_EDGE('',*,*,#1241,.F.);
#503=ORIENTED_EDGE('',*,*,#1242,.T.);
#504=ORIENTED_EDGE('',*,*,#1243,.T.);
#505=ORIENTED_EDGE('',*,*,#1244,.T.);
#506=ORIENTED_EDGE('',*,*,#1242,.F.);
#507=ORIENTED_EDGE('',*,*,#1245,.F.);
#508=ORIENTED_EDGE('',*,*,#1246,.F.);
#509=ORIENTED_EDGE('',*,*,#1247,.T.);
#510=ORIENTED_EDGE('',*,*,#1248,.T.);
#511=ORIENTED_EDGE('',*,*,#1249,.T.);
#512=ORIENTED_EDGE('',*,*,#1246,.T.);
#513=ORIENTED_EDGE('',*,*,#1250,.T.);
#514=ORIENTED_EDGE('',*,*,#1248,.F.);
#515=ORIENTED_EDGE('',*,*,#1251,.F.);
#516=ORIENTED_EDGE('',*,*,#1252,.F.);
#517=ORIENTED_EDGE('',*,*,#1253,.T.);
#518=ORIENTED_EDGE('',*,*,#1254,.T.);
#519=ORIENTED_EDGE('',*,*,#1255,.T.);
#520=ORIENTED_EDGE('',*,*,#1252,.T.);
#521=ORIENTED_EDGE('',*,*,#1256,.T.);
#522=ORIENTED_EDGE('',*,*,#1257,.T.);
#523=ORIENTED_EDGE('',*,*,#1258,.F.);
#524=ORIENTED_EDGE('',*,*,#1254,.F.);
#525=ORIENTED_EDGE('',*,*,#1257,.F.);
#526=ORIENTED_EDGE('',*,*,#1259,.F.);
#527=ORIENTED_EDGE('',*,*,#1260,.T.);
#528=ORIENTED_EDGE('',*,*,#1261,.T.);
#529=ORIENTED_EDGE('',*,*,#1262,.T.);
#530=ORIENTED_EDGE('',*,*,#1260,.F.);
#531=ORIENTED_EDGE('',*,*,#1263,.F.);
#532=ORIENTED_EDGE('',*,*,#1264,.F.);
#533=ORIENTED_EDGE('',*,*,#1265,.T.);
#534=ORIENTED_EDGE('',*,*,#1266,.T.);
#535=ORIENTED_EDGE('',*,*,#1267,.T.);
#536=ORIENTED_EDGE('',*,*,#1264,.T.);
#537=ORIENTED_EDGE('',*,*,#1268,.T.);
#538=ORIENTED_EDGE('',*,*,#1266,.F.);
#539=ORIENTED_EDGE('',*,*,#1269,.F.);
#540=ORIENTED_EDGE('',*,*,#1270,.F.);
#541=ORIENTED_EDGE('',*,*,#1271,.T.);
#542=ORIENTED_EDGE('',*,*,#1272,.T.);
#543=ORIENTED_EDGE('',*,*,#1273,.T.);
#544=ORIENTED_EDGE('',*,*,#1270,.T.);
#545=ORIENTED_EDGE('',*,*,#1274,.T.);
#546=ORIENTED_EDGE('',*,*,#1275,.T.);
#547=ORIENTED_EDGE('',*,*,#1276,.F.);
#548=ORIENTED_EDGE('',*,*,#1272,.F.);
#549=ORIENTED_EDGE('',*,*,#1277,.F.);
#550=ORIENTED_EDGE('',*,*,#1278,.T.);
#551=ORIENTED_EDGE('',*,*,#1279,.T.);
#552=ORIENTED_EDGE('',*,*,#1275,.F.);
#553=ORIENTED_EDGE('',*,*,#1280,.T.);
#554=ORIENTED_EDGE('',*,*,#1278,.F.);
#555=ORIENTED_EDGE('',*,*,#1281,.F.);
#556=ORIENTED_EDGE('',*,*,#1282,.F.);
#557=ORIENTED_EDGE('',*,*,#1283,.T.);
#558=ORIENTED_EDGE('',*,*,#1284,.T.);
#559=ORIENTED_EDGE('',*,*,#1285,.T.);
#560=ORIENTED_EDGE('',*,*,#1282,.T.);
#561=ORIENTED_EDGE('',*,*,#1286,.T.);
#562=ORIENTED_EDGE('',*,*,#1284,.F.);
#563=ORIENTED_EDGE('',*,*,#1287,.F.);
#564=ORIENTED_EDGE('',*,*,#1288,.F.);
#565=ORIENTED_EDGE('',*,*,#1289,.T.);
#566=ORIENTED_EDGE('',*,*,#1290,.T.);
#567=ORIENTED_EDGE('',*,*,#1291,.T.);
#568=ORIENTED_EDGE('',*,*,#1288,.T.);
#569=ORIENTED_EDGE('',*,*,#1292,.T.);
#570=ORIENTED_EDGE('',*,*,#1293,.T.);
#571=ORIENTED_EDGE('',*,*,#1294,.F.);
#572=ORIENTED_EDGE('',*,*,#1290,.F.);
#573=ORIENTED_EDGE('',*,*,#1295,.F.);
#574=ORIENTED_EDGE('',*,*,#1296,.T.);
#575=ORIENTED_EDGE('',*,*,#1297,.T.);
#576=ORIENTED_EDGE('',*,*,#1293,.F.);
#577=ORIENTED_EDGE('',*,*,#1298,.T.);
#578=ORIENTED_EDGE('',*,*,#1296,.F.);
#579=ORIENTED_EDGE('',*,*,#1299,.F.);
#580=ORIENTED_EDGE('',*,*,#1300,.F.);
#581=ORIENTED_EDGE('',*,*,#1301,.T.);
#582=ORIENTED_EDGE('',*,*,#1302,.T.);
#583=ORIENTED_EDGE('',*,*,#1303,.T.);
#584=ORIENTED_EDGE('',*,*,#1300,.T.);
#585=ORIENTED_EDGE('',*,*,#1304,.T.);
#586=ORIENTED_EDGE('',*,*,#1302,.F.);
#587=ORIENTED_EDGE('',*,*,#1305,.F.);
#588=ORIENTED_EDGE('',*,*,#1306,.F.);
#589=ORIENTED_EDGE('',*,*,#1307,.T.);
#590=ORIENTED_EDGE('',*,*,#1308,.T.);
#591=ORIENTED_EDGE('',*,*,#1309,.T.);
#592=ORIENTED_EDGE('',*,*,#1306,.T.);
#593=ORIENTED_EDGE('',*,*,#1310,.T.);
#594=ORIENTED_EDGE('',*,*,#1311,.T.);
#595=ORIENTED_EDGE('',*,*,#1312,.F.);
#596=ORIENTED_EDGE('',*,*,#1308,.F.);
#597=ORIENTED_EDGE('',*,*,#1313,.F.);
#598=ORIENTED_EDGE('',*,*,#1314,.T.);
#599=ORIENTED_EDGE('',*,*,#1315,.T.);
#600=ORIENTED_EDGE('',*,*,#1311,.F.);
#601=ORIENTED_EDGE('',*,*,#1316,.T.);
#602=ORIENTED_EDGE('',*,*,#1314,.F.);
#603=ORIENTED_EDGE('',*,*,#1317,.F.);
#604=ORIENTED_EDGE('',*,*,#1318,.F.);
#605=ORIENTED_EDGE('',*,*,#1319,.T.);
#606=ORIENTED_EDGE('',*,*,#1320,.T.);
#607=ORIENTED_EDGE('',*,*,#1321,.T.);
#608=ORIENTED_EDGE('',*,*,#1318,.T.);
#609=ORIENTED_EDGE('',*,*,#1322,.T.);
#610=ORIENTED_EDGE('',*,*,#1320,.F.);
#611=ORIENTED_EDGE('',*,*,#1323,.F.);
#612=ORIENTED_EDGE('',*,*,#1324,.F.);
#613=ORIENTED_EDGE('',*,*,#1325,.T.);
#614=ORIENTED_EDGE('',*,*,#1326,.T.);
#615=ORIENTED_EDGE('',*,*,#1327,.T.);
#616=ORIENTED_EDGE('',*,*,#1324,.T.);
#617=ORIENTED_EDGE('',*,*,#1328,.T.);
#618=ORIENTED_EDGE('',*,*,#1329,.T.);
#619=ORIENTED_EDGE('',*,*,#1330,.F.);
#620=ORIENTED_EDGE('',*,*,#1326,.F.);
#621=ORIENTED_EDGE('',*,*,#1329,.F.);
#622=ORIENTED_EDGE('',*,*,#1331,.F.);
#623=ORIENTED_EDGE('',*,*,#1332,.T.);
#624=ORIENTED_EDGE('',*,*,#1333,.T.);
#625=ORIENTED_EDGE('',*,*,#1334,.T.);
#626=ORIENTED_EDGE('',*,*,#1332,.F.);
#627=ORIENTED_EDGE('',*,*,#1335,.F.);
#628=ORIENTED_EDGE('',*,*,#1336,.F.);
#629=ORIENTED_EDGE('',*,*,#1337,.T.);
#630=ORIENTED_EDGE('',*,*,#1338,.T.);
#631=ORIENTED_EDGE('',*,*,#1339,.T.);
#632=ORIENTED_EDGE('',*,*,#1336,.T.);
#633=ORIENTED_EDGE('',*,*,#1340,.T.);
#634=ORIENTED_EDGE('',*,*,#1338,.F.);
#635=ORIENTED_EDGE('',*,*,#1341,.F.);
#636=ORIENTED_EDGE('',*,*,#1342,.F.);
#637=ORIENTED_EDGE('',*,*,#1343,.T.);
#638=ORIENTED_EDGE('',*,*,#1344,.T.);
#639=ORIENTED_EDGE('',*,*,#1345,.T.);
#640=ORIENTED_EDGE('',*,*,#1342,.T.);
#641=ORIENTED_EDGE('',*,*,#1346,.T.);
#642=ORIENTED_EDGE('',*,*,#1347,.T.);
#643=ORIENTED_EDGE('',*,*,#1348,.F.);
#644=ORIENTED_EDGE('',*,*,#1344,.F.);
#645=ORIENTED_EDGE('',*,*,#1349,.F.);
#646=ORIENTED_EDGE('',*,*,#1350,.T.);
#647=ORIENTED_EDGE('',*,*,#1351,.T.);
#648=ORIENTED_EDGE('',*,*,#1347,.F.);
#649=ORIENTED_EDGE('',*,*,#1352,.T.);
#650=ORIENTED_EDGE('',*,*,#1350,.F.);
#651=ORIENTED_EDGE('',*,*,#1353,.F.);
#652=ORIENTED_EDGE('',*,*,#1354,.F.);
#653=ORIENTED_EDGE('',*,*,#1355,.T.);
#654=ORIENTED_EDGE('',*,*,#1356,.T.);
#655=ORIENTED_EDGE('',*,*,#1357,.T.);
#656=ORIENTED_EDGE('',*,*,#1354,.T.);
#657=ORIENTED_EDGE('',*,*,#1358,.T.);
#658=ORIENTED_EDGE('',*,*,#1356,.F.);
#659=ORIENTED_EDGE('',*,*,#1359,.F.);
#660=ORIENTED_EDGE('',*,*,#1360,.F.);
#661=ORIENTED_EDGE('',*,*,#1361,.T.);
#662=ORIENTED_EDGE('',*,*,#1362,.T.);
#663=ORIENTED_EDGE('',*,*,#1363,.T.);
#664=ORIENTED_EDGE('',*,*,#1360,.T.);
#665=ORIENTED_EDGE('',*,*,#1364,.T.);
#666=ORIENTED_EDGE('',*,*,#1365,.T.);
#667=ORIENTED_EDGE('',*,*,#1366,.F.);
#668=ORIENTED_EDGE('',*,*,#1362,.F.);
#669=ORIENTED_EDGE('',*,*,#1367,.F.);
#670=ORIENTED_EDGE('',*,*,#1368,.T.);
#671=ORIENTED_EDGE('',*,*,#1369,.T.);
#672=ORIENTED_EDGE('',*,*,#1365,.F.);
#673=ORIENTED_EDGE('',*,*,#1370,.T.);
#674=ORIENTED_EDGE('',*,*,#1368,.F.);
#675=ORIENTED_EDGE('',*,*,#1371,.F.);
#676=ORIENTED_EDGE('',*,*,#1372,.F.);
#677=ORIENTED_EDGE('',*,*,#1373,.T.);
#678=ORIENTED_EDGE('',*,*,#1374,.T.);
#679=ORIENTED_EDGE('',*,*,#1375,.T.);
#680=ORIENTED_EDGE('',*,*,#1372,.T.);
#681=ORIENTED_EDGE('',*,*,#1376,.T.);
#682=ORIENTED_EDGE('',*,*,#1374,.F.);
#683=ORIENTED_EDGE('',*,*,#1377,.F.);
#684=ORIENTED_EDGE('',*,*,#1378,.F.);
#685=ORIENTED_EDGE('',*,*,#1379,.T.);
#686=ORIENTED_EDGE('',*,*,#1380,.T.);
#687=ORIENTED_EDGE('',*,*,#1381,.T.);
#688=ORIENTED_EDGE('',*,*,#1378,.T.);
#689=ORIENTED_EDGE('',*,*,#1382,.T.);
#690=ORIENTED_EDGE('',*,*,#1383,.T.);
#691=ORIENTED_EDGE('',*,*,#1384,.F.);
#692=ORIENTED_EDGE('',*,*,#1380,.F.);
#693=ORIENTED_EDGE('',*,*,#1383,.F.);
#694=ORIENTED_EDGE('',*,*,#1385,.F.);
#695=ORIENTED_EDGE('',*,*,#1386,.T.);
#696=ORIENTED_EDGE('',*,*,#1387,.T.);
#697=ORIENTED_EDGE('',*,*,#1388,.T.);
#698=ORIENTED_EDGE('',*,*,#1386,.F.);
#699=ORIENTED_EDGE('',*,*,#1389,.F.);
#700=ORIENTED_EDGE('',*,*,#1390,.F.);
#701=ORIENTED_EDGE('',*,*,#1391,.T.);
#702=ORIENTED_EDGE('',*,*,#1392,.T.);
#703=ORIENTED_EDGE('',*,*,#1393,.T.);
#704=ORIENTED_EDGE('',*,*,#1390,.T.);
#705=ORIENTED_EDGE('',*,*,#1394,.T.);
#706=ORIENTED_EDGE('',*,*,#1392,.F.);
#707=ORIENTED_EDGE('',*,*,#1395,.F.);
#708=ORIENTED_EDGE('',*,*,#1396,.F.);
#709=ORIENTED_EDGE('',*,*,#1397,.T.);
#710=ORIENTED_EDGE('',*,*,#1398,.T.);
#711=ORIENTED_EDGE('',*,*,#1399,.T.);
#712=ORIENTED_EDGE('',*,*,#1396,.T.);
#713=ORIENTED_EDGE('',*,*,#1400,.T.);
#714=ORIENTED_EDGE('',*,*,#1401,.T.);
#715=ORIENTED_EDGE('',*,*,#1402,.F.);
#716=ORIENTED_EDGE('',*,*,#1398,.F.);
#717=ORIENTED_EDGE('',*,*,#1403,.F.);
#718=ORIENTED_EDGE('',*,*,#1404,.T.);
#719=ORIENTED_EDGE('',*,*,#1405,.T.);
#720=ORIENTED_EDGE('',*,*,#1401,.F.);
#721=ORIENTED_EDGE('',*,*,#1406,.T.);
#722=ORIENTED_EDGE('',*,*,#1404,.F.);
#723=ORIENTED_EDGE('',*,*,#1407,.F.);
#724=ORIENTED_EDGE('',*,*,#1408,.F.);
#725=ORIENTED_EDGE('',*,*,#1409,.T.);
#726=ORIENTED_EDGE('',*,*,#1410,.T.);
#727=ORIENTED_EDGE('',*,*,#1411,.T.);
#728=ORIENTED_EDGE('',*,*,#1408,.T.);
#729=ORIENTED_EDGE('',*,*,#1412,.T.);
#730=ORIENTED_EDGE('',*,*,#1410,.F.);
#731=ORIENTED_EDGE('',*,*,#1413,.F.);
#732=ORIENTED_EDGE('',*,*,#1414,.F.);
#733=ORIENTED_EDGE('',*,*,#1415,.T.);
#734=ORIENTED_EDGE('',*,*,#1416,.T.);
#735=ORIENTED_EDGE('',*,*,#1417,.T.);
#736=ORIENTED_EDGE('',*,*,#1414,.T.);
#737=ORIENTED_EDGE('',*,*,#1418,.T.);
#738=ORIENTED_EDGE('',*,*,#1419,.T.);
#739=ORIENTED_EDGE('',*,*,#1420,.F.);
#740=ORIENTED_EDGE('',*,*,#1416,.F.);
#741=ORIENTED_EDGE('',*,*,#1421,.F.);
#742=ORIENTED_EDGE('',*,*,#1422,.T.);
#743=ORIENTED_EDGE('',*,*,#1423,.T.);
#744=ORIENTED_EDGE('',*,*,#1419,.F.);
#745=ORIENTED_EDGE('',*,*,#1424,.T.);
#746=ORIENTED_EDGE('',*,*,#1422,.F.);
#747=ORIENTED_EDGE('',*,*,#1425,.F.);
#748=ORIENTED_EDGE('',*,*,#1426,.F.);
#749=ORIENTED_EDGE('',*,*,#1427,.T.);
#750=ORIENTED_EDGE('',*,*,#1428,.T.);
#751=ORIENTED_EDGE('',*,*,#1429,.T.);
#752=ORIENTED_EDGE('',*,*,#1426,.T.);
#753=ORIENTED_EDGE('',*,*,#1430,.T.);
#754=ORIENTED_EDGE('',*,*,#1428,.F.);
#755=ORIENTED_EDGE('',*,*,#1431,.F.);
#756=ORIENTED_EDGE('',*,*,#1432,.F.);
#757=ORIENTED_EDGE('',*,*,#1433,.T.);
#758=ORIENTED_EDGE('',*,*,#1434,.T.);
#759=ORIENTED_EDGE('',*,*,#1435,.T.);
#760=ORIENTED_EDGE('',*,*,#1432,.T.);
#761=ORIENTED_EDGE('',*,*,#1436,.T.);
#762=ORIENTED_EDGE('',*,*,#1437,.T.);
#763=ORIENTED_EDGE('',*,*,#1438,.F.);
#764=ORIENTED_EDGE('',*,*,#1434,.F.);
#765=ORIENTED_EDGE('',*,*,#1439,.F.);
#766=ORIENTED_EDGE('',*,*,#1440,.T.);
#767=ORIENTED_EDGE('',*,*,#1441,.T.);
#768=ORIENTED_EDGE('',*,*,#1437,.F.);
#769=ORIENTED_EDGE('',*,*,#1442,.T.);
#770=ORIENTED_EDGE('',*,*,#1440,.F.);
#771=ORIENTED_EDGE('',*,*,#1443,.F.);
#772=ORIENTED_EDGE('',*,*,#1444,.F.);
#773=ORIENTED_EDGE('',*,*,#1445,.T.);
#774=ORIENTED_EDGE('',*,*,#1446,.T.);
#775=ORIENTED_EDGE('',*,*,#1447,.T.);
#776=ORIENTED_EDGE('',*,*,#1444,.T.);
#777=ORIENTED_EDGE('',*,*,#1448,.T.);
#778=ORIENTED_EDGE('',*,*,#1446,.F.);
#779=ORIENTED_EDGE('',*,*,#1449,.F.);
#780=ORIENTED_EDGE('',*,*,#1450,.F.);
#781=ORIENTED_EDGE('',*,*,#1451,.T.);
#782=ORIENTED_EDGE('',*,*,#1452,.T.);
#783=ORIENTED_EDGE('',*,*,#1453,.T.);
#784=ORIENTED_EDGE('',*,*,#1450,.T.);
#785=ORIENTED_EDGE('',*,*,#1454,.T.);
#786=ORIENTED_EDGE('',*,*,#1455,.T.);
#787=ORIENTED_EDGE('',*,*,#1456,.F.);
#788=ORIENTED_EDGE('',*,*,#1452,.F.);
#789=ORIENTED_EDGE('',*,*,#1457,.F.);
#790=ORIENTED_EDGE('',*,*,#1458,.T.);
#791=ORIENTED_EDGE('',*,*,#1459,.T.);
#792=ORIENTED_EDGE('',*,*,#1455,.F.);
#793=ORIENTED_EDGE('',*,*,#1460,.T.);
#794=ORIENTED_EDGE('',*,*,#1458,.F.);
#795=ORIENTED_EDGE('',*,*,#1461,.F.);
#796=ORIENTED_EDGE('',*,*,#1462,.F.);
#797=ORIENTED_EDGE('',*,*,#1463,.T.);
#798=ORIENTED_EDGE('',*,*,#1464,.T.);
#799=ORIENTED_EDGE('',*,*,#1465,.T.);
#800=ORIENTED_EDGE('',*,*,#1462,.T.);
#801=ORIENTED_EDGE('',*,*,#1466,.T.);
#802=ORIENTED_EDGE('',*,*,#1464,.F.);
#803=ORIENTED_EDGE('',*,*,#1467,.F.);
#804=ORIENTED_EDGE('',*,*,#1468,.F.);
#805=ORIENTED_EDGE('',*,*,#1469,.T.);
#806=ORIENTED_EDGE('',*,*,#1470,.T.);
#807=ORIENTED_EDGE('',*,*,#1471,.T.);
#808=ORIENTED_EDGE('',*,*,#1468,.T.);
#809=ORIENTED_EDGE('',*,*,#1472,.T.);
#810=ORIENTED_EDGE('',*,*,#1473,.T.);
#811=ORIENTED_EDGE('',*,*,#1474,.F.);
#812=ORIENTED_EDGE('',*,*,#1470,.F.);
#813=ORIENTED_EDGE('',*,*,#1475,.F.);
#814=ORIENTED_EDGE('',*,*,#1476,.T.);
#815=ORIENTED_EDGE('',*,*,#1477,.T.);
#816=ORIENTED_EDGE('',*,*,#1473,.F.);
#817=ORIENTED_EDGE('',*,*,#1478,.T.);
#818=ORIENTED_EDGE('',*,*,#1476,.F.);
#819=ORIENTED_EDGE('',*,*,#1479,.F.);
#820=ORIENTED_EDGE('',*,*,#1480,.F.);
#821=ORIENTED_EDGE('',*,*,#1481,.T.);
#822=ORIENTED_EDGE('',*,*,#1482,.T.);
#823=ORIENTED_EDGE('',*,*,#1483,.T.);
#824=ORIENTED_EDGE('',*,*,#1480,.T.);
#825=ORIENTED_EDGE('',*,*,#1484,.T.);
#826=ORIENTED_EDGE('',*,*,#1482,.F.);
#827=ORIENTED_EDGE('',*,*,#1485,.F.);
#828=ORIENTED_EDGE('',*,*,#1486,.F.);
#829=ORIENTED_EDGE('',*,*,#1487,.T.);
#830=ORIENTED_EDGE('',*,*,#1488,.T.);
#831=ORIENTED_EDGE('',*,*,#1489,.T.);
#832=ORIENTED_EDGE('',*,*,#1486,.T.);
#833=ORIENTED_EDGE('',*,*,#1490,.T.);
#834=ORIENTED_EDGE('',*,*,#1491,.T.);
#835=ORIENTED_EDGE('',*,*,#1492,.F.);
#836=ORIENTED_EDGE('',*,*,#1488,.F.);
#837=ORIENTED_EDGE('',*,*,#1493,.F.);
#838=ORIENTED_EDGE('',*,*,#1494,.T.);
#839=ORIENTED_EDGE('',*,*,#1495,.T.);
#840=ORIENTED_EDGE('',*,*,#1491,.F.);
#841=ORIENTED_EDGE('',*,*,#1496,.T.);
#842=ORIENTED_EDGE('',*,*,#1494,.F.);
#843=ORIENTED_EDGE('',*,*,#1497,.F.);
#844=ORIENTED_EDGE('',*,*,#1498,.F.);
#845=ORIENTED_EDGE('',*,*,#1499,.T.);
#846=ORIENTED_EDGE('',*,*,#1500,.T.);
#847=ORIENTED_EDGE('',*,*,#1501,.T.);
#848=ORIENTED_EDGE('',*,*,#1498,.T.);
#849=ORIENTED_EDGE('',*,*,#1502,.T.);
#850=ORIENTED_EDGE('',*,*,#1500,.F.);
#851=ORIENTED_EDGE('',*,*,#1503,.F.);
#852=ORIENTED_EDGE('',*,*,#1504,.F.);
#853=ORIENTED_EDGE('',*,*,#1505,.T.);
#854=ORIENTED_EDGE('',*,*,#1506,.T.);
#855=ORIENTED_EDGE('',*,*,#1507,.T.);
#856=ORIENTED_EDGE('',*,*,#1504,.T.);
#857=ORIENTED_EDGE('',*,*,#1508,.T.);
#858=ORIENTED_EDGE('',*,*,#1509,.T.);
#859=ORIENTED_EDGE('',*,*,#1510,.F.);
#860=ORIENTED_EDGE('',*,*,#1506,.F.);
#861=ORIENTED_EDGE('',*,*,#1511,.F.);
#862=ORIENTED_EDGE('',*,*,#1512,.T.);
#863=ORIENTED_EDGE('',*,*,#1513,.T.);
#864=ORIENTED_EDGE('',*,*,#1509,.F.);
#865=ORIENTED_EDGE('',*,*,#1514,.T.);
#866=ORIENTED_EDGE('',*,*,#1512,.F.);
#867=ORIENTED_EDGE('',*,*,#1515,.F.);
#868=ORIENTED_EDGE('',*,*,#1516,.F.);
#869=ORIENTED_EDGE('',*,*,#1517,.T.);
#870=ORIENTED_EDGE('',*,*,#1518,.T.);
#871=ORIENTED_EDGE('',*,*,#1519,.T.);
#872=ORIENTED_EDGE('',*,*,#1516,.T.);
#873=ORIENTED_EDGE('',*,*,#1520,.T.);
#874=ORIENTED_EDGE('',*,*,#1518,.F.);
#875=ORIENTED_EDGE('',*,*,#1521,.F.);
#876=ORIENTED_EDGE('',*,*,#1522,.F.);
#877=ORIENTED_EDGE('',*,*,#1523,.T.);
#878=ORIENTED_EDGE('',*,*,#1524,.T.);
#879=ORIENTED_EDGE('',*,*,#1525,.T.);
#880=ORIENTED_EDGE('',*,*,#1522,.T.);
#881=ORIENTED_EDGE('',*,*,#1526,.T.);
#882=ORIENTED_EDGE('',*,*,#1527,.T.);
#883=ORIENTED_EDGE('',*,*,#1528,.F.);
#884=ORIENTED_EDGE('',*,*,#1524,.F.);
#885=ORIENTED_EDGE('',*,*,#1529,.F.);
#886=ORIENTED_EDGE('',*,*,#1530,.T.);
#887=ORIENTED_EDGE('',*,*,#1531,.T.);
#888=ORIENTED_EDGE('',*,*,#1527,.F.);
#889=ORIENTED_EDGE('',*,*,#1532,.T.);
#890=ORIENTED_EDGE('',*,*,#1530,.F.);
#891=ORIENTED_EDGE('',*,*,#1533,.F.);
#892=ORIENTED_EDGE('',*,*,#1534,.F.);
#893=ORIENTED_EDGE('',*,*,#1535,.T.);
#894=ORIENTED_EDGE('',*,*,#1178,.T.);
#895=ORIENTED_EDGE('',*,*,#1536,.T.);
#896=ORIENTED_EDGE('',*,*,#1534,.T.);
#897=ORIENTED_EDGE('',*,*,#1537,.F.);
#898=ORIENTED_EDGE('',*,*,#1538,.F.);
#899=ORIENTED_EDGE('',*,*,#1539,.F.);
#900=ORIENTED_EDGE('',*,*,#1540,.F.);
#901=ORIENTED_EDGE('',*,*,#1541,.F.);
#902=ORIENTED_EDGE('',*,*,#1542,.F.);
#903=ORIENTED_EDGE('',*,*,#1535,.F.);
#904=ORIENTED_EDGE('',*,*,#1533,.T.);
#905=ORIENTED_EDGE('',*,*,#1529,.T.);
#906=ORIENTED_EDGE('',*,*,#1526,.F.);
#907=ORIENTED_EDGE('',*,*,#1523,.F.);
#908=ORIENTED_EDGE('',*,*,#1521,.T.);
#909=ORIENTED_EDGE('',*,*,#1517,.F.);
#910=ORIENTED_EDGE('',*,*,#1515,.T.);
#911=ORIENTED_EDGE('',*,*,#1511,.T.);
#912=ORIENTED_EDGE('',*,*,#1508,.F.);
#913=ORIENTED_EDGE('',*,*,#1505,.F.);
#914=ORIENTED_EDGE('',*,*,#1503,.T.);
#915=ORIENTED_EDGE('',*,*,#1499,.F.);
#916=ORIENTED_EDGE('',*,*,#1497,.T.);
#917=ORIENTED_EDGE('',*,*,#1493,.T.);
#918=ORIENTED_EDGE('',*,*,#1490,.F.);
#919=ORIENTED_EDGE('',*,*,#1487,.F.);
#920=ORIENTED_EDGE('',*,*,#1485,.T.);
#921=ORIENTED_EDGE('',*,*,#1481,.F.);
#922=ORIENTED_EDGE('',*,*,#1479,.T.);
#923=ORIENTED_EDGE('',*,*,#1475,.T.);
#924=ORIENTED_EDGE('',*,*,#1472,.F.);
#925=ORIENTED_EDGE('',*,*,#1469,.F.);
#926=ORIENTED_EDGE('',*,*,#1467,.T.);
#927=ORIENTED_EDGE('',*,*,#1463,.F.);
#928=ORIENTED_EDGE('',*,*,#1461,.T.);
#929=ORIENTED_EDGE('',*,*,#1457,.T.);
#930=ORIENTED_EDGE('',*,*,#1454,.F.);
#931=ORIENTED_EDGE('',*,*,#1451,.F.);
#932=ORIENTED_EDGE('',*,*,#1449,.T.);
#933=ORIENTED_EDGE('',*,*,#1445,.F.);
#934=ORIENTED_EDGE('',*,*,#1443,.T.);
#935=ORIENTED_EDGE('',*,*,#1439,.T.);
#936=ORIENTED_EDGE('',*,*,#1436,.F.);
#937=ORIENTED_EDGE('',*,*,#1433,.F.);
#938=ORIENTED_EDGE('',*,*,#1431,.T.);
#939=ORIENTED_EDGE('',*,*,#1427,.F.);
#940=ORIENTED_EDGE('',*,*,#1425,.T.);
#941=ORIENTED_EDGE('',*,*,#1421,.T.);
#942=ORIENTED_EDGE('',*,*,#1418,.F.);
#943=ORIENTED_EDGE('',*,*,#1415,.F.);
#944=ORIENTED_EDGE('',*,*,#1413,.T.);
#945=ORIENTED_EDGE('',*,*,#1409,.F.);
#946=ORIENTED_EDGE('',*,*,#1407,.T.);
#947=ORIENTED_EDGE('',*,*,#1403,.T.);
#948=ORIENTED_EDGE('',*,*,#1400,.F.);
#949=ORIENTED_EDGE('',*,*,#1397,.F.);
#950=ORIENTED_EDGE('',*,*,#1395,.T.);
#951=ORIENTED_EDGE('',*,*,#1391,.F.);
#952=ORIENTED_EDGE('',*,*,#1389,.T.);
#953=ORIENTED_EDGE('',*,*,#1385,.T.);
#954=ORIENTED_EDGE('',*,*,#1382,.F.);
#955=ORIENTED_EDGE('',*,*,#1379,.F.);
#956=ORIENTED_EDGE('',*,*,#1377,.T.);
#957=ORIENTED_EDGE('',*,*,#1373,.F.);
#958=ORIENTED_EDGE('',*,*,#1371,.T.);
#959=ORIENTED_EDGE('',*,*,#1367,.T.);
#960=ORIENTED_EDGE('',*,*,#1364,.F.);
#961=ORIENTED_EDGE('',*,*,#1361,.F.);
#962=ORIENTED_EDGE('',*,*,#1359,.T.);
#963=ORIENTED_EDGE('',*,*,#1355,.F.);
#964=ORIENTED_EDGE('',*,*,#1353,.T.);
#965=ORIENTED_EDGE('',*,*,#1349,.T.);
#966=ORIENTED_EDGE('',*,*,#1346,.F.);
#967=ORIENTED_EDGE('',*,*,#1343,.F.);
#968=ORIENTED_EDGE('',*,*,#1341,.T.);
#969=ORIENTED_EDGE('',*,*,#1337,.F.);
#970=ORIENTED_EDGE('',*,*,#1335,.T.);
#971=ORIENTED_EDGE('',*,*,#1331,.T.);
#972=ORIENTED_EDGE('',*,*,#1328,.F.);
#973=ORIENTED_EDGE('',*,*,#1325,.F.);
#974=ORIENTED_EDGE('',*,*,#1323,.T.);
#975=ORIENTED_EDGE('',*,*,#1319,.F.);
#976=ORIENTED_EDGE('',*,*,#1317,.T.);
#977=ORIENTED_EDGE('',*,*,#1313,.T.);
#978=ORIENTED_EDGE('',*,*,#1310,.F.);
#979=ORIENTED_EDGE('',*,*,#1307,.F.);
#980=ORIENTED_EDGE('',*,*,#1305,.T.);
#981=ORIENTED_EDGE('',*,*,#1301,.F.);
#982=ORIENTED_EDGE('',*,*,#1299,.T.);
#983=ORIENTED_EDGE('',*,*,#1295,.T.);
#984=ORIENTED_EDGE('',*,*,#1292,.F.);
#985=ORIENTED_EDGE('',*,*,#1289,.F.);
#986=ORIENTED_EDGE('',*,*,#1287,.T.);
#987=ORIENTED_EDGE('',*,*,#1283,.F.);
#988=ORIENTED_EDGE('',*,*,#1281,.T.);
#989=ORIENTED_EDGE('',*,*,#1277,.T.);
#990=ORIENTED_EDGE('',*,*,#1274,.F.);
#991=ORIENTED_EDGE('',*,*,#1271,.F.);
#992=ORIENTED_EDGE('',*,*,#1269,.T.);
#993=ORIENTED_EDGE('',*,*,#1265,.F.);
#994=ORIENTED_EDGE('',*,*,#1263,.T.);
#995=ORIENTED_EDGE('',*,*,#1259,.T.);
#996=ORIENTED_EDGE('',*,*,#1256,.F.);
#997=ORIENTED_EDGE('',*,*,#1253,.F.);
#998=ORIENTED_EDGE('',*,*,#1251,.T.);
#999=ORIENTED_EDGE('',*,*,#1247,.F.);
#1000=ORIENTED_EDGE('',*,*,#1245,.T.);
#1001=ORIENTED_EDGE('',*,*,#1241,.T.);
#1002=ORIENTED_EDGE('',*,*,#1238,.F.);
#1003=ORIENTED_EDGE('',*,*,#1235,.F.);
#1004=ORIENTED_EDGE('',*,*,#1233,.T.);
#1005=ORIENTED_EDGE('',*,*,#1229,.F.);
#1006=ORIENTED_EDGE('',*,*,#1227,.T.);
#1007=ORIENTED_EDGE('',*,*,#1223,.T.);
#1008=ORIENTED_EDGE('',*,*,#1220,.F.);
#1009=ORIENTED_EDGE('',*,*,#1217,.F.);
#1010=ORIENTED_EDGE('',*,*,#1215,.T.);
#1011=ORIENTED_EDGE('',*,*,#1211,.F.);
#1012=ORIENTED_EDGE('',*,*,#1209,.T.);
#1013=ORIENTED_EDGE('',*,*,#1205,.T.);
#1014=ORIENTED_EDGE('',*,*,#1202,.F.);
#1015=ORIENTED_EDGE('',*,*,#1199,.F.);
#1016=ORIENTED_EDGE('',*,*,#1197,.T.);
#1017=ORIENTED_EDGE('',*,*,#1193,.F.);
#1018=ORIENTED_EDGE('',*,*,#1191,.T.);
#1019=ORIENTED_EDGE('',*,*,#1187,.T.);
#1020=ORIENTED_EDGE('',*,*,#1184,.F.);
#1021=ORIENTED_EDGE('',*,*,#1181,.F.);
#1022=ORIENTED_EDGE('',*,*,#1179,.T.);
#1023=ORIENTED_EDGE('',*,*,#1543,.F.);
#1024=ORIENTED_EDGE('',*,*,#1183,.F.);
#1025=ORIENTED_EDGE('',*,*,#1186,.T.);
#1026=ORIENTED_EDGE('',*,*,#1189,.F.);
#1027=ORIENTED_EDGE('',*,*,#1190,.F.);
#1028=ORIENTED_EDGE('',*,*,#1195,.F.);
#1029=ORIENTED_EDGE('',*,*,#1196,.F.);
#1030=ORIENTED_EDGE('',*,*,#1201,.F.);
#1031=ORIENTED_EDGE('',*,*,#1204,.T.);
#1032=ORIENTED_EDGE('',*,*,#1207,.F.);
#1033=ORIENTED_EDGE('',*,*,#1208,.F.);
#1034=ORIENTED_EDGE('',*,*,#1213,.F.);
#1035=ORIENTED_EDGE('',*,*,#1214,.F.);
#1036=ORIENTED_EDGE('',*,*,#1219,.F.);
#1037=ORIENTED_EDGE('',*,*,#1222,.T.);
#1038=ORIENTED_EDGE('',*,*,#1225,.F.);
#1039=ORIENTED_EDGE('',*,*,#1226,.F.);
#1040=ORIENTED_EDGE('',*,*,#1231,.F.);
#1041=ORIENTED_EDGE('',*,*,#1232,.F.);
#1042=ORIENTED_EDGE('',*,*,#1237,.F.);
#1043=ORIENTED_EDGE('',*,*,#1240,.T.);
#1044=ORIENTED_EDGE('',*,*,#1243,.F.);
#1045=ORIENTED_EDGE('',*,*,#1244,.F.);
#1046=ORIENTED_EDGE('',*,*,#1249,.F.);
#1047=ORIENTED_EDGE('',*,*,#1250,.F.);
#1048=ORIENTED_EDGE('',*,*,#1255,.F.);
#1049=ORIENTED_EDGE('',*,*,#1258,.T.);
#1050=ORIENTED_EDGE('',*,*,#1261,.F.);
#1051=ORIENTED_EDGE('',*,*,#1262,.F.);
#1052=ORIENTED_EDGE('',*,*,#1267,.F.);
#1053=ORIENTED_EDGE('',*,*,#1268,.F.);
#1054=ORIENTED_EDGE('',*,*,#1273,.F.);
#1055=ORIENTED_EDGE('',*,*,#1276,.T.);
#1056=ORIENTED_EDGE('',*,*,#1279,.F.);
#1057=ORIENTED_EDGE('',*,*,#1280,.F.);
#1058=ORIENTED_EDGE('',*,*,#1285,.F.);
#1059=ORIENTED_EDGE('',*,*,#1286,.F.);
#1060=ORIENTED_EDGE('',*,*,#1291,.F.);
#1061=ORIENTED_EDGE('',*,*,#1294,.T.);
#1062=ORIENTED_EDGE('',*,*,#1297,.F.);
#1063=ORIENTED_EDGE('',*,*,#1298,.F.);
#1064=ORIENTED_EDGE('',*,*,#1303,.F.);
#1065=ORIENTED_EDGE('',*,*,#1304,.F.);
#1066=ORIENTED_EDGE('',*,*,#1309,.F.);
#1067=ORIENTED_EDGE('',*,*,#1312,.T.);
#1068=ORIENTED_EDGE('',*,*,#1315,.F.);
#1069=ORIENTED_EDGE('',*,*,#1316,.F.);
#1070=ORIENTED_EDGE('',*,*,#1321,.F.);
#1071=ORIENTED_EDGE('',*,*,#1322,.F.);
#1072=ORIENTED_EDGE('',*,*,#1327,.F.);
#1073=ORIENTED_EDGE('',*,*,#1330,.T.);
#1074=ORIENTED_EDGE('',*,*,#1333,.F.);
#1075=ORIENTED_EDGE('',*,*,#1334,.F.);
#1076=ORIENTED_EDGE('',*,*,#1339,.F.);
#1077=ORIENTED_EDGE('',*,*,#1340,.F.);
#1078=ORIENTED_EDGE('',*,*,#1345,.F.);
#1079=ORIENTED_EDGE('',*,*,#1348,.T.);
#1080=ORIENTED_EDGE('',*,*,#1351,.F.);
#1081=ORIENTED_EDGE('',*,*,#1352,.F.);
#1082=ORIENTED_EDGE('',*,*,#1357,.F.);
#1083=ORIENTED_EDGE('',*,*,#1358,.F.);
#1084=ORIENTED_EDGE('',*,*,#1363,.F.);
#1085=ORIENTED_EDGE('',*,*,#1366,.T.);
#1086=ORIENTED_EDGE('',*,*,#1369,.F.);
#1087=ORIENTED_EDGE('',*,*,#1370,.F.);
#1088=ORIENTED_EDGE('',*,*,#1375,.F.);
#1089=ORIENTED_EDGE('',*,*,#1376,.F.);
#1090=ORIENTED_EDGE('',*,*,#1381,.F.);
#1091=ORIENTED_EDGE('',*,*,#1384,.T.);
#1092=ORIENTED_EDGE('',*,*,#1387,.F.);
#1093=ORIENTED_EDGE('',*,*,#1388,.F.);
#1094=ORIENTED_EDGE('',*,*,#1393,.F.);
#1095=ORIENTED_EDGE('',*,*,#1394,.F.);
#1096=ORIENTED_EDGE('',*,*,#1399,.F.);
#1097=ORIENTED_EDGE('',*,*,#1402,.T.);
#1098=ORIENTED_EDGE('',*,*,#1405,.F.);
#1099=ORIENTED_EDGE('',*,*,#1406,.F.);
#1100=ORIENTED_EDGE('',*,*,#1411,.F.);
#1101=ORIENTED_EDGE('',*,*,#1412,.F.);
#1102=ORIENTED_EDGE('',*,*,#1417,.F.);
#1103=ORIENTED_EDGE('',*,*,#1420,.T.);
#1104=ORIENTED_EDGE('',*,*,#1423,.F.);
#1105=ORIENTED_EDGE('',*,*,#1424,.F.);
#1106=ORIENTED_EDGE('',*,*,#1429,.F.);
#1107=ORIENTED_EDGE('',*,*,#1430,.F.);
#1108=ORIENTED_EDGE('',*,*,#1435,.F.);
#1109=ORIENTED_EDGE('',*,*,#1438,.T.);
#1110=ORIENTED_EDGE('',*,*,#1441,.F.);
#1111=ORIENTED_EDGE('',*,*,#1442,.F.);
#1112=ORIENTED_EDGE('',*,*,#1447,.F.);
#1113=ORIENTED_EDGE('',*,*,#1448,.F.);
#1114=ORIENTED_EDGE('',*,*,#1453,.F.);
#1115=ORIENTED_EDGE('',*,*,#1456,.T.);
#1116=ORIENTED_EDGE('',*,*,#1459,.F.);
#1117=ORIENTED_EDGE('',*,*,#1460,.F.);
#1118=ORIENTED_EDGE('',*,*,#1465,.F.);
#1119=ORIENTED_EDGE('',*,*,#1466,.F.);
#1120=ORIENTED_EDGE('',*,*,#1471,.F.);
#1121=ORIENTED_EDGE('',*,*,#1474,.T.);
#1122=ORIENTED_EDGE('',*,*,#1477,.F.);
#1123=ORIENTED_EDGE('',*,*,#1478,.F.);
#1124=ORIENTED_EDGE('',*,*,#1483,.F.);
#1125=ORIENTED_EDGE('',*,*,#1484,.F.);
#1126=ORIENTED_EDGE('',*,*,#1489,.F.);
#1127=ORIENTED_EDGE('',*,*,#1492,.T.);
#1128=ORIENTED_EDGE('',*,*,#1495,.F.);
#1129=ORIENTED_EDGE('',*,*,#1496,.F.);
#1130=ORIENTED_EDGE('',*,*,#1501,.F.);
#1131=ORIENTED_EDGE('',*,*,#1502,.F.);
#1132=ORIENTED_EDGE('',*,*,#1507,.F.);
#1133=ORIENTED_EDGE('',*,*,#1510,.T.);
#1134=ORIENTED_EDGE('',*,*,#1513,.F.);
#1135=ORIENTED_EDGE('',*,*,#1514,.F.);
#1136=ORIENTED_EDGE('',*,*,#1519,.F.);
#1137=ORIENTED_EDGE('',*,*,#1520,.F.);
#1138=ORIENTED_EDGE('',*,*,#1525,.F.);
#1139=ORIENTED_EDGE('',*,*,#1528,.T.);
#1140=ORIENTED_EDGE('',*,*,#1531,.F.);
#1141=ORIENTED_EDGE('',*,*,#1532,.F.);
#1142=ORIENTED_EDGE('',*,*,#1536,.F.);
#1143=ORIENTED_EDGE('',*,*,#1177,.F.);
#1144=ORIENTED_EDGE('',*,*,#1544,.F.);
#1145=ORIENTED_EDGE('',*,*,#1543,.T.);
#1146=ORIENTED_EDGE('',*,*,#1545,.F.);
#1147=ORIENTED_EDGE('',*,*,#1546,.F.);
#1148=ORIENTED_EDGE('',*,*,#1547,.F.);
#1149=ORIENTED_EDGE('',*,*,#1548,.F.);
#1150=ORIENTED_EDGE('',*,*,#1549,.F.);
#1151=ORIENTED_EDGE('',*,*,#1550,.F.);
#1152=ORIENTED_EDGE('',*,*,#1544,.T.);
#1153=ORIENTED_EDGE('',*,*,#1538,.T.);
#1154=ORIENTED_EDGE('',*,*,#1551,.F.);
#1155=ORIENTED_EDGE('',*,*,#1550,.T.);
#1156=ORIENTED_EDGE('',*,*,#1552,.T.);
#1157=ORIENTED_EDGE('',*,*,#1539,.T.);
#1158=ORIENTED_EDGE('',*,*,#1552,.F.);
#1159=ORIENTED_EDGE('',*,*,#1549,.T.);
#1160=ORIENTED_EDGE('',*,*,#1553,.T.);
#1161=ORIENTED_EDGE('',*,*,#1540,.T.);
#1162=ORIENTED_EDGE('',*,*,#1553,.F.);
#1163=ORIENTED_EDGE('',*,*,#1548,.T.);
#1164=ORIENTED_EDGE('',*,*,#1554,.T.);
#1165=ORIENTED_EDGE('',*,*,#1541,.T.);
#1166=ORIENTED_EDGE('',*,*,#1554,.F.);
#1167=ORIENTED_EDGE('',*,*,#1547,.T.);
#1168=ORIENTED_EDGE('',*,*,#1555,.T.);
#1169=ORIENTED_EDGE('',*,*,#1542,.T.);
#1170=ORIENTED_EDGE('',*,*,#1555,.F.);
#1171=ORIENTED_EDGE('',*,*,#1546,.T.);
#1172=ORIENTED_EDGE('',*,*,#1556,.T.);
#1173=ORIENTED_EDGE('',*,*,#1537,.T.);
#1174=ORIENTED_EDGE('',*,*,#1556,.F.);
#1175=ORIENTED_EDGE('',*,*,#1545,.T.);
#1176=ORIENTED_EDGE('',*,*,#1551,.T.);
#1177=EDGE_CURVE('',#1557,#1558,#1811,.T.);
#1178=EDGE_CURVE('',#1559,#1558,#141,.T.);
#1179=EDGE_CURVE('',#1560,#1559,#1812,.T.);
#1180=EDGE_CURVE('',#1557,#1560,#142,.F.);
#1181=EDGE_CURVE('',#1560,#1561,#1813,.T.);
#1182=EDGE_CURVE('',#1561,#1562,#143,.T.);
#1183=EDGE_CURVE('',#1562,#1557,#1814,.F.);
#1184=EDGE_CURVE('',#1561,#1563,#21,.T.);
#1185=EDGE_CURVE('',#1563,#1564,#144,.T.);
#1186=EDGE_CURVE('',#1562,#1564,#22,.T.);
#1187=EDGE_CURVE('',#1565,#1563,#1815,.T.);
#1188=EDGE_CURVE('',#1565,#1566,#145,.T.);
#1189=EDGE_CURVE('',#1566,#1564,#1816,.T.);
#1190=EDGE_CURVE('',#1567,#1566,#23,.T.);
#1191=EDGE_CURVE('',#1568,#1565,#24,.T.);
#1192=EDGE_CURVE('',#1567,#1568,#146,.F.);
#1193=EDGE_CURVE('',#1568,#1569,#1817,.T.);
#1194=EDGE_CURVE('',#1569,#1570,#147,.T.);
#1195=EDGE_CURVE('',#1570,#1567,#1818,.F.);
#1196=EDGE_CURVE('',#1571,#1570,#1819,.T.);
#1197=EDGE_CURVE('',#1572,#1569,#1820,.T.);
#1198=EDGE_CURVE('',#1571,#1572,#148,.F.);
#1199=EDGE_CURVE('',#1572,#1573,#1821,.T.);
#1200=EDGE_CURVE('',#1573,#1574,#149,.T.);
#1201=EDGE_CURVE('',#1574,#1571,#1822,.F.);
#1202=EDGE_CURVE('',#1573,#1575,#25,.T.);
#1203=EDGE_CURVE('',#1575,#1576,#150,.T.);
#1204=EDGE_CURVE('',#1574,#1576,#26,.T.);
#1205=EDGE_CURVE('',#1577,#1575,#1823,.T.);
#1206=EDGE_CURVE('',#1577,#1578,#151,.T.);
#1207=EDGE_CURVE('',#1578,#1576,#1824,.T.);
#1208=EDGE_CURVE('',#1579,#1578,#27,.T.);
#1209=EDGE_CURVE('',#1580,#1577,#28,.T.);
#1210=EDGE_CURVE('',#1579,#1580,#152,.F.);
#1211=EDGE_CURVE('',#1580,#1581,#1825,.T.);
#1212=EDGE_CURVE('',#1581,#1582,#153,.T.);
#1213=EDGE_CURVE('',#1582,#1579,#1826,.F.);
#1214=EDGE_CURVE('',#1583,#1582,#1827,.T.);
#1215=EDGE_CURVE('',#1584,#1581,#1828,.T.);
#1216=EDGE_CURVE('',#1583,#1584,#154,.F.);
#1217=EDGE_CURVE('',#1584,#1585,#1829,.T.);
#1218=EDGE_CURVE('',#1585,#1586,#155,.T.);
#1219=EDGE_CURVE('',#1586,#1583,#1830,.F.);
#1220=EDGE_CURVE('',#1585,#1587,#29,.T.);
#1221=EDGE_CURVE('',#1587,#1588,#156,.T.);
#1222=EDGE_CURVE('',#1586,#1588,#30,.T.);
#1223=EDGE_CURVE('',#1589,#1587,#1831,.T.);
#1224=EDGE_CURVE('',#1589,#1590,#157,.T.);
#1225=EDGE_CURVE('',#1590,#1588,#1832,.T.);
#1226=EDGE_CURVE('',#1591,#1590,#31,.T.);
#1227=EDGE_CURVE('',#1592,#1589,#32,.T.);
#1228=EDGE_CURVE('',#1591,#1592,#158,.F.);
#1229=EDGE_CURVE('',#1592,#1593,#1833,.T.);
#1230=EDGE_CURVE('',#1593,#1594,#159,.T.);
#1231=EDGE_CURVE('',#1594,#1591,#1834,.F.);
#1232=EDGE_CURVE('',#1595,#1594,#1835,.T.);
#1233=EDGE_CURVE('',#1596,#1593,#1836,.T.);
#1234=EDGE_CURVE('',#1595,#1596,#160,.F.);
#1235=EDGE_CURVE('',#1596,#1597,#1837,.T.);
#1236=EDGE_CURVE('',#1597,#1598,#161,.T.);
#1237=EDGE_CURVE('',#1598,#1595,#1838,.F.);
#1238=EDGE_CURVE('',#1597,#1599,#33,.T.);
#1239=EDGE_CURVE('',#1599,#1600,#162,.T.);
#1240=EDGE_CURVE('',#1598,#1600,#34,.T.);
#1241=EDGE_CURVE('',#1601,#1599,#1839,.T.);
#1242=EDGE_CURVE('',#1601,#1602,#163,.T.);
#1243=EDGE_CURVE('',#1602,#1600,#1840,.T.);
#1244=EDGE_CURVE('',#1603,#1602,#35,.T.);
#1245=EDGE_CURVE('',#1604,#1601,#36,.T.);
#1246=EDGE_CURVE('',#1603,#1604,#164,.F.);
#1247=EDGE_CURVE('',#1604,#1605,#1841,.T.);
#1248=EDGE_CURVE('',#1605,#1606,#165,.T.);
#1249=EDGE_CURVE('',#1606,#1603,#1842,.F.);
#1250=EDGE_CURVE('',#1607,#1606,#1843,.T.);
#1251=EDGE_CURVE('',#1608,#1605,#1844,.T.);
#1252=EDGE_CURVE('',#1607,#1608,#166,.F.);
#1253=EDGE_CURVE('',#1608,#1609,#1845,.T.);
#1254=EDGE_CURVE('',#1609,#1610,#167,.T.);
#1255=EDGE_CURVE('',#1610,#1607,#1846,.F.);
#1256=EDGE_CURVE('',#1609,#1611,#37,.T.);
#1257=EDGE_CURVE('',#1611,#1612,#168,.T.);
#1258=EDGE_CURVE('',#1610,#1612,#38,.T.);
#1259=EDGE_CURVE('',#1613,#1611,#1847,.T.);
#1260=EDGE_CURVE('',#1613,#1614,#169,.T.);
#1261=EDGE_CURVE('',#1614,#1612,#1848,.T.);
#1262=EDGE_CURVE('',#1615,#1614,#39,.T.);
#1263=EDGE_CURVE('',#1616,#1613,#40,.T.);
#1264=EDGE_CURVE('',#1615,#1616,#170,.F.);
#1265=EDGE_CURVE('',#1616,#1617,#1849,.T.);
#1266=EDGE_CURVE('',#1617,#1618,#171,.T.);
#1267=EDGE_CURVE('',#1618,#1615,#1850,.F.);
#1268=EDGE_CURVE('',#1619,#1618,#1851,.T.);
#1269=EDGE_CURVE('',#1620,#1617,#1852,.T.);
#1270=EDGE_CURVE('',#1619,#1620,#172,.F.);
#1271=EDGE_CURVE('',#1620,#1621,#1853,.T.);
#1272=EDGE_CURVE('',#1621,#1622,#173,.T.);
#1273=EDGE_CURVE('',#1622,#1619,#1854,.F.);
#1274=EDGE_CURVE('',#1621,#1623,#41,.T.);
#1275=EDGE_CURVE('',#1623,#1624,#174,.T.);
#1276=EDGE_CURVE('',#1622,#1624,#42,.T.);
#1277=EDGE_CURVE('',#1625,#1623,#1855,.T.);
#1278=EDGE_CURVE('',#1625,#1626,#175,.T.);
#1279=EDGE_CURVE('',#1626,#1624,#1856,.T.);
#1280=EDGE_CURVE('',#1627,#1626,#43,.T.);
#1281=EDGE_CURVE('',#1628,#1625,#44,.T.);
#1282=EDGE_CURVE('',#1627,#1628,#176,.F.);
#1283=EDGE_CURVE('',#1628,#1629,#1857,.T.);
#1284=EDGE_CURVE('',#1629,#1630,#177,.T.);
#1285=EDGE_CURVE('',#1630,#1627,#1858,.F.);
#1286=EDGE_CURVE('',#1631,#1630,#1859,.T.);
#1287=EDGE_CURVE('',#1632,#1629,#1860,.T.);
#1288=EDGE_CURVE('',#1631,#1632,#178,.F.);
#1289=EDGE_CURVE('',#1632,#1633,#1861,.T.);
#1290=EDGE_CURVE('',#1633,#1634,#179,.T.);
#1291=EDGE_CURVE('',#1634,#1631,#1862,.F.);
#1292=EDGE_CURVE('',#1633,#1635,#45,.T.);
#1293=EDGE_CURVE('',#1635,#1636,#180,.T.);
#1294=EDGE_CURVE('',#1634,#1636,#46,.T.);
#1295=EDGE_CURVE('',#1637,#1635,#1863,.T.);
#1296=EDGE_CURVE('',#1637,#1638,#181,.T.);
#1297=EDGE_CURVE('',#1638,#1636,#1864,.T.);
#1298=EDGE_CURVE('',#1639,#1638,#47,.T.);
#1299=EDGE_CURVE('',#1640,#1637,#48,.T.);
#1300=EDGE_CURVE('',#1639,#1640,#182,.F.);
#1301=EDGE_CURVE('',#1640,#1641,#1865,.T.);
#1302=EDGE_CURVE('',#1641,#1642,#183,.T.);
#1303=EDGE_CURVE('',#1642,#1639,#1866,.F.);
#1304=EDGE_CURVE('',#1643,#1642,#1867,.T.);
#1305=EDGE_CURVE('',#1644,#1641,#1868,.T.);
#1306=EDGE_CURVE('',#1643,#1644,#184,.F.);
#1307=EDGE_CURVE('',#1644,#1645,#1869,.T.);
#1308=EDGE_CURVE('',#1645,#1646,#185,.T.);
#1309=EDGE_CURVE('',#1646,#1643,#1870,.F.);
#1310=EDGE_CURVE('',#1645,#1647,#49,.T.);
#1311=EDGE_CURVE('',#1647,#1648,#186,.T.);
#1312=EDGE_CURVE('',#1646,#1648,#50,.T.);
#1313=EDGE_CURVE('',#1649,#1647,#1871,.T.);
#1314=EDGE_CURVE('',#1649,#1650,#187,.T.);
#1315=EDGE_CURVE('',#1650,#1648,#1872,.T.);
#1316=EDGE_CURVE('',#1651,#1650,#51,.T.);
#1317=EDGE_CURVE('',#1652,#1649,#52,.T.);
#1318=EDGE_CURVE('',#1651,#1652,#188,.F.);
#1319=EDGE_CURVE('',#1652,#1653,#1873,.T.);
#1320=EDGE_CURVE('',#1653,#1654,#189,.T.);
#1321=EDGE_CURVE('',#1654,#1651,#1874,.F.);
#1322=EDGE_CURVE('',#1655,#1654,#1875,.T.);
#1323=EDGE_CURVE('',#1656,#1653,#1876,.T.);
#1324=EDGE_CURVE('',#1655,#1656,#190,.F.);
#1325=EDGE_CURVE('',#1656,#1657,#1877,.T.);
#1326=EDGE_CURVE('',#1657,#1658,#191,.T.);
#1327=EDGE_CURVE('',#1658,#1655,#1878,.F.);
#1328=EDGE_CURVE('',#1657,#1659,#53,.T.);
#1329=EDGE_CURVE('',#1659,#1660,#192,.T.);
#1330=EDGE_CURVE('',#1658,#1660,#54,.T.);
#1331=EDGE_CURVE('',#1661,#1659,#1879,.T.);
#1332=EDGE_CURVE('',#1661,#1662,#193,.T.);
#1333=EDGE_CURVE('',#1662,#1660,#1880,.T.);
#1334=EDGE_CURVE('',#1663,#1662,#55,.T.);
#1335=EDGE_CURVE('',#1664,#1661,#56,.T.);
#1336=EDGE_CURVE('',#1663,#1664,#194,.F.);
#1337=EDGE_CURVE('',#1664,#1665,#1881,.T.);
#1338=EDGE_CURVE('',#1665,#1666,#195,.T.);
#1339=EDGE_CURVE('',#1666,#1663,#1882,.F.);
#1340=EDGE_CURVE('',#1667,#1666,#1883,.T.);
#1341=EDGE_CURVE('',#1668,#1665,#1884,.T.);
#1342=EDGE_CURVE('',#1667,#1668,#196,.F.);
#1343=EDGE_CURVE('',#1668,#1669,#1885,.T.);
#1344=EDGE_CURVE('',#1669,#1670,#197,.T.);
#1345=EDGE_CURVE('',#1670,#1667,#1886,.F.);
#1346=EDGE_CURVE('',#1669,#1671,#57,.T.);
#1347=EDGE_CURVE('',#1671,#1672,#198,.T.);
#1348=EDGE_CURVE('',#1670,#1672,#58,.T.);
#1349=EDGE_CURVE('',#1673,#1671,#1887,.T.);
#1350=EDGE_CURVE('',#1673,#1674,#199,.T.);
#1351=EDGE_CURVE('',#1674,#1672,#1888,.T.);
#1352=EDGE_CURVE('',#1675,#1674,#59,.T.);
#1353=EDGE_CURVE('',#1676,#1673,#60,.T.);
#1354=EDGE_CURVE('',#1675,#1676,#200,.F.);
#1355=EDGE_CURVE('',#1676,#1677,#1889,.T.);
#1356=EDGE_CURVE('',#1677,#1678,#201,.T.);
#1357=EDGE_CURVE('',#1678,#1675,#1890,.F.);
#1358=EDGE_CURVE('',#1679,#1678,#1891,.T.);
#1359=EDGE_CURVE('',#1680,#1677,#1892,.T.);
#1360=EDGE_CURVE('',#1679,#1680,#202,.F.);
#1361=EDGE_CURVE('',#1680,#1681,#1893,.T.);
#1362=EDGE_CURVE('',#1681,#1682,#203,.T.);
#1363=EDGE_CURVE('',#1682,#1679,#1894,.F.);
#1364=EDGE_CURVE('',#1681,#1683,#61,.T.);
#1365=EDGE_CURVE('',#1683,#1684,#204,.T.);
#1366=EDGE_CURVE('',#1682,#1684,#62,.T.);
#1367=EDGE_CURVE('',#1685,#1683,#1895,.T.);
#1368=EDGE_CURVE('',#1685,#1686,#205,.T.);
#1369=EDGE_CURVE('',#1686,#1684,#1896,.T.);
#1370=EDGE_CURVE('',#1687,#1686,#63,.T.);
#1371=EDGE_CURVE('',#1688,#1685,#64,.T.);
#1372=EDGE_CURVE('',#1687,#1688,#206,.F.);
#1373=EDGE_CURVE('',#1688,#1689,#1897,.T.);
#1374=EDGE_CURVE('',#1689,#1690,#207,.T.);
#1375=EDGE_CURVE('',#1690,#1687,#1898,.F.);
#1376=EDGE_CURVE('',#1691,#1690,#1899,.T.);
#1377=EDGE_CURVE('',#1692,#1689,#1900,.T.);
#1378=EDGE_CURVE('',#1691,#1692,#208,.F.);
#1379=EDGE_CURVE('',#1692,#1693,#1901,.T.);
#1380=EDGE_CURVE('',#1693,#1694,#209,.T.);
#1381=EDGE_CURVE('',#1694,#1691,#1902,.F.);
#1382=EDGE_CURVE('',#1693,#1695,#65,.T.);
#1383=EDGE_CURVE('',#1695,#1696,#210,.T.);
#1384=EDGE_CURVE('',#1694,#1696,#66,.T.);
#1385=EDGE_CURVE('',#1697,#1695,#1903,.T.);
#1386=EDGE_CURVE('',#1697,#1698,#211,.T.);
#1387=EDGE_CURVE('',#1698,#1696,#1904,.T.);
#1388=EDGE_CURVE('',#1699,#1698,#67,.T.);
#1389=EDGE_CURVE('',#1700,#1697,#68,.T.);
#1390=EDGE_CURVE('',#1699,#1700,#212,.F.);
#1391=EDGE_CURVE('',#1700,#1701,#1905,.T.);
#1392=EDGE_CURVE('',#1701,#1702,#213,.T.);
#1393=EDGE_CURVE('',#1702,#1699,#1906,.F.);
#1394=EDGE_CURVE('',#1703,#1702,#1907,.T.);
#1395=EDGE_CURVE('',#1704,#1701,#1908,.T.);
#1396=EDGE_CURVE('',#1703,#1704,#214,.F.);
#1397=EDGE_CURVE('',#1704,#1705,#1909,.T.);
#1398=EDGE_CURVE('',#1705,#1706,#215,.T.);
#1399=EDGE_CURVE('',#1706,#1703,#1910,.F.);
#1400=EDGE_CURVE('',#1705,#1707,#69,.T.);
#1401=EDGE_CURVE('',#1707,#1708,#216,.T.);
#1402=EDGE_CURVE('',#1706,#1708,#70,.T.);
#1403=EDGE_CURVE('',#1709,#1707,#1911,.T.);
#1404=EDGE_CURVE('',#1709,#1710,#217,.T.);
#1405=EDGE_CURVE('',#1710,#1708,#1912,.T.);
#1406=EDGE_CURVE('',#1711,#1710,#71,.T.);
#1407=EDGE_CURVE('',#1712,#1709,#72,.T.);
#1408=EDGE_CURVE('',#1711,#1712,#218,.F.);
#1409=EDGE_CURVE('',#1712,#1713,#1913,.T.);
#1410=EDGE_CURVE('',#1713,#1714,#219,.T.);
#1411=EDGE_CURVE('',#1714,#1711,#1914,.F.);
#1412=EDGE_CURVE('',#1715,#1714,#1915,.T.);
#1413=EDGE_CURVE('',#1716,#1713,#1916,.T.);
#1414=EDGE_CURVE('',#1715,#1716,#220,.F.);
#1415=EDGE_CURVE('',#1716,#1717,#1917,.T.);
#1416=EDGE_CURVE('',#1717,#1718,#221,.T.);
#1417=EDGE_CURVE('',#1718,#1715,#1918,.F.);
#1418=EDGE_CURVE('',#1717,#1719,#73,.T.);
#1419=EDGE_CURVE('',#1719,#1720,#222,.T.);
#1420=EDGE_CURVE('',#1718,#1720,#74,.T.);
#1421=EDGE_CURVE('',#1721,#1719,#1919,.T.);
#1422=EDGE_CURVE('',#1721,#1722,#223,.T.);
#1423=EDGE_CURVE('',#1722,#1720,#1920,.T.);
#1424=EDGE_CURVE('',#1723,#1722,#75,.T.);
#1425=EDGE_CURVE('',#1724,#1721,#76,.T.);
#1426=EDGE_CURVE('',#1723,#1724,#224,.F.);
#1427=EDGE_CURVE('',#1724,#1725,#1921,.T.);
#1428=EDGE_CURVE('',#1725,#1726,#225,.T.);
#1429=EDGE_CURVE('',#1726,#1723,#1922,.F.);
#1430=EDGE_CURVE('',#1727,#1726,#1923,.T.);
#1431=EDGE_CURVE('',#1728,#1725,#1924,.T.);
#1432=EDGE_CURVE('',#1727,#1728,#226,.F.);
#1433=EDGE_CURVE('',#1728,#1729,#1925,.T.);
#1434=EDGE_CURVE('',#1729,#1730,#227,.T.);
#1435=EDGE_CURVE('',#1730,#1727,#1926,.F.);
#1436=EDGE_CURVE('',#1729,#1731,#77,.T.);
#1437=EDGE_CURVE('',#1731,#1732,#228,.T.);
#1438=EDGE_CURVE('',#1730,#1732,#78,.T.);
#1439=EDGE_CURVE('',#1733,#1731,#1927,.T.);
#1440=EDGE_CURVE('',#1733,#1734,#229,.T.);
#1441=EDGE_CURVE('',#1734,#1732,#1928,.T.);
#1442=EDGE_CURVE('',#1735,#1734,#79,.T.);
#1443=EDGE_CURVE('',#1736,#1733,#80,.T.);
#1444=EDGE_CURVE('',#1735,#1736,#230,.F.);
#1445=EDGE_CURVE('',#1736,#1737,#1929,.T.);
#1446=EDGE_CURVE('',#1737,#1738,#231,.T.);
#1447=EDGE_CURVE('',#1738,#1735,#1930,.F.);
#1448=EDGE_CURVE('',#1739,#1738,#1931,.T.);
#1449=EDGE_CURVE('',#1740,#1737,#1932,.T.);
#1450=EDGE_CURVE('',#1739,#1740,#232,.F.);
#1451=EDGE_CURVE('',#1740,#1741,#1933,.T.);
#1452=EDGE_CURVE('',#1741,#1742,#233,.T.);
#1453=EDGE_CURVE('',#1742,#1739,#1934,.F.);
#1454=EDGE_CURVE('',#1741,#1743,#81,.T.);
#1455=EDGE_CURVE('',#1743,#1744,#234,.T.);
#1456=EDGE_CURVE('',#1742,#1744,#82,.T.);
#1457=EDGE_CURVE('',#1745,#1743,#1935,.T.);
#1458=EDGE_CURVE('',#1745,#1746,#235,.T.);
#1459=EDGE_CURVE('',#1746,#1744,#1936,.T.);
#1460=EDGE_CURVE('',#1747,#1746,#83,.T.);
#1461=EDGE_CURVE('',#1748,#1745,#84,.T.);
#1462=EDGE_CURVE('',#1747,#1748,#236,.F.);
#1463=EDGE_CURVE('',#1748,#1749,#1937,.T.);
#1464=EDGE_CURVE('',#1749,#1750,#237,.T.);
#1465=EDGE_CURVE('',#1750,#1747,#1938,.F.);
#1466=EDGE_CURVE('',#1751,#1750,#1939,.T.);
#1467=EDGE_CURVE('',#1752,#1749,#1940,.T.);
#1468=EDGE_CURVE('',#1751,#1752,#238,.F.);
#1469=EDGE_CURVE('',#1752,#1753,#1941,.T.);
#1470=EDGE_CURVE('',#1753,#1754,#239,.T.);
#1471=EDGE_CURVE('',#1754,#1751,#1942,.F.);
#1472=EDGE_CURVE('',#1753,#1755,#85,.T.);
#1473=EDGE_CURVE('',#1755,#1756,#240,.T.);
#1474=EDGE_CURVE('',#1754,#1756,#86,.T.);
#1475=EDGE_CURVE('',#1757,#1755,#1943,.T.);
#1476=EDGE_CURVE('',#1757,#1758,#241,.T.);
#1477=EDGE_CURVE('',#1758,#1756,#1944,.T.);
#1478=EDGE_CURVE('',#1759,#1758,#87,.T.);
#1479=EDGE_CURVE('',#1760,#1757,#88,.T.);
#1480=EDGE_CURVE('',#1759,#1760,#242,.F.);
#1481=EDGE_CURVE('',#1760,#1761,#1945,.T.);
#1482=EDGE_CURVE('',#1761,#1762,#243,.T.);
#1483=EDGE_CURVE('',#1762,#1759,#1946,.F.);
#1484=EDGE_CURVE('',#1763,#1762,#1947,.T.);
#1485=EDGE_CURVE('',#1764,#1761,#1948,.T.);
#1486=EDGE_CURVE('',#1763,#1764,#244,.F.);
#1487=EDGE_CURVE('',#1764,#1765,#1949,.T.);
#1488=EDGE_CURVE('',#1765,#1766,#245,.T.);
#1489=EDGE_CURVE('',#1766,#1763,#1950,.F.);
#1490=EDGE_CURVE('',#1765,#1767,#89,.T.);
#1491=EDGE_CURVE('',#1767,#1768,#246,.T.);
#1492=EDGE_CURVE('',#1766,#1768,#90,.T.);
#1493=EDGE_CURVE('',#1769,#1767,#1951,.T.);
#1494=EDGE_CURVE('',#1769,#1770,#247,.T.);
#1495=EDGE_CURVE('',#1770,#1768,#1952,.T.);
#1496=EDGE_CURVE('',#1771,#1770,#91,.T.);
#1497=EDGE_CURVE('',#1772,#1769,#92,.T.);
#1498=EDGE_CURVE('',#1771,#1772,#248,.F.);
#1499=EDGE_CURVE('',#1772,#1773,#1953,.T.);
#1500=EDGE_CURVE('',#1773,#1774,#249,.T.);
#1501=EDGE_CURVE('',#1774,#1771,#1954,.F.);
#1502=EDGE_CURVE('',#1775,#1774,#1955,.T.);
#1503=EDGE_CURVE('',#1776,#1773,#1956,.T.);
#1504=EDGE_CURVE('',#1775,#1776,#250,.F.);
#1505=EDGE_CURVE('',#1776,#1777,#1957,.T.);
#1506=EDGE_CURVE('',#1777,#1778,#251,.T.);
#1507=EDGE_CURVE('',#1778,#1775,#1958,.F.);
#1508=EDGE_CURVE('',#1777,#1779,#93,.T.);
#1509=EDGE_CURVE('',#1779,#1780,#252,.T.);
#1510=EDGE_CURVE('',#1778,#1780,#94,.T.);
#1511=EDGE_CURVE('',#1781,#1779,#1959,.T.);
#1512=EDGE_CURVE('',#1781,#1782,#253,.T.);
#1513=EDGE_CURVE('',#1782,#1780,#1960,.T.);
#1514=EDGE_CURVE('',#1783,#1782,#95,.T.);
#1515=EDGE_CURVE('',#1784,#1781,#96,.T.);
#1516=EDGE_CURVE('',#1783,#1784,#254,.F.);
#1517=EDGE_CURVE('',#1784,#1785,#1961,.T.);
#1518=EDGE_CURVE('',#1785,#1786,#255,.T.);
#1519=EDGE_CURVE('',#1786,#1783,#1962,.F.);
#1520=EDGE_CURVE('',#1787,#1786,#1963,.T.);
#1521=EDGE_CURVE('',#1788,#1785,#1964,.T.);
#1522=EDGE_CURVE('',#1787,#1788,#256,.F.);
#1523=EDGE_CURVE('',#1788,#1789,#1965,.T.);
#1524=EDGE_CURVE('',#1789,#1790,#257,.T.);
#1525=EDGE_CURVE('',#1790,#1787,#1966,.F.);
#1526=EDGE_CURVE('',#1789,#1791,#97,.T.);
#1527=EDGE_CURVE('',#1791,#1792,#258,.T.);
#1528=EDGE_CURVE('',#1790,#1792,#98,.T.);
#1529=EDGE_CURVE('',#1793,#1791,#1967,.T.);
#1530=EDGE_CURVE('',#1793,#1794,#259,.T.);
#1531=EDGE_CURVE('',#1794,#1792,#1968,.T.);
#1532=EDGE_CURVE('',#1795,#1794,#99,.T.);
#1533=EDGE_CURVE('',#1796,#1793,#100,.T.);
#1534=EDGE_CURVE('',#1795,#1796,#260,.F.);
#1535=EDGE_CURVE('',#1796,#1559,#1969,.T.);
#1536=EDGE_CURVE('',#1558,#1795,#1970,.F.);
#1537=EDGE_CURVE('',#1797,#1798,#261,.T.);
#1538=EDGE_CURVE('',#1799,#1797,#262,.T.);
#1539=EDGE_CURVE('',#1800,#1799,#263,.T.);
#1540=EDGE_CURVE('',#1801,#1800,#264,.T.);
#1541=EDGE_CURVE('',#1802,#1801,#265,.T.);
#1542=EDGE_CURVE('',#1798,#1802,#266,.T.);
#1543=EDGE_CURVE('',#1803,#1803,#1971,.F.);
#1544=EDGE_CURVE('',#1804,#1804,#1972,.T.);
#1545=EDGE_CURVE('',#1805,#1806,#267,.T.);
#1546=EDGE_CURVE('',#1807,#1805,#268,.T.);
#1547=EDGE_CURVE('',#1808,#1807,#269,.T.);
#1548=EDGE_CURVE('',#1809,#1808,#270,.T.);
#1549=EDGE_CURVE('',#1810,#1809,#271,.T.);
#1550=EDGE_CURVE('',#1806,#1810,#272,.T.);
#1551=EDGE_CURVE('',#1806,#1797,#273,.T.);
#1552=EDGE_CURVE('',#1810,#1799,#274,.T.);
#1553=EDGE_CURVE('',#1809,#1800,#275,.T.);
#1554=EDGE_CURVE('',#1808,#1801,#276,.T.);
#1555=EDGE_CURVE('',#1807,#1802,#277,.T.);
#1556=EDGE_CURVE('',#1805,#1798,#278,.T.);
#1557=VERTEX_POINT('',#3364);
#1558=VERTEX_POINT('',#3365);
#1559=VERTEX_POINT('',#3367);
#1560=VERTEX_POINT('',#3369);
#1561=VERTEX_POINT('',#3373);
#1562=VERTEX_POINT('',#3375);
#1563=VERTEX_POINT('',#3433);
#1564=VERTEX_POINT('',#3435);
#1565=VERTEX_POINT('',#3472);
#1566=VERTEX_POINT('',#3474);
#1567=VERTEX_POINT('',#3532);
#1568=VERTEX_POINT('',#3567);
#1569=VERTEX_POINT('',#3571);
#1570=VERTEX_POINT('',#3573);
#1571=VERTEX_POINT('',#3577);
#1572=VERTEX_POINT('',#3579);
#1573=VERTEX_POINT('',#3583);
#1574=VERTEX_POINT('',#3585);
#1575=VERTEX_POINT('',#3643);
#1576=VERTEX_POINT('',#3645);
#1577=VERTEX_POINT('',#3682);
#1578=VERTEX_POINT('',#3684);
#1579=VERTEX_POINT('',#3742);
#1580=VERTEX_POINT('',#3777);
#1581=VERTEX_POINT('',#3781);
#1582=VERTEX_POINT('',#3783);
#1583=VERTEX_POINT('',#3787);
#1584=VERTEX_POINT('',#3789);
#1585=VERTEX_POINT('',#3793);
#1586=VERTEX_POINT('',#3795);
#1587=VERTEX_POINT('',#3853);
#1588=VERTEX_POINT('',#3855);
#1589=VERTEX_POINT('',#3892);
#1590=VERTEX_POINT('',#3894);
#1591=VERTEX_POINT('',#3952);
#1592=VERTEX_POINT('',#3987);
#1593=VERTEX_POINT('',#3991);
#1594=VERTEX_POINT('',#3993);
#1595=VERTEX_POINT('',#3997);
#1596=VERTEX_POINT('',#3999);
#1597=VERTEX_POINT('',#4003);
#1598=VERTEX_POINT('',#4005);
#1599=VERTEX_POINT('',#4063);
#1600=VERTEX_POINT('',#4065);
#1601=VERTEX_POINT('',#4102);
#1602=VERTEX_POINT('',#4104);
#1603=VERTEX_POINT('',#4162);
#1604=VERTEX_POINT('',#4197);
#1605=VERTEX_POINT('',#4201);
#1606=VERTEX_POINT('',#4203);
#1607=VERTEX_POINT('',#4207);
#1608=VERTEX_POINT('',#4209);
#1609=VERTEX_POINT('',#4213);
#1610=VERTEX_POINT('',#4215);
#1611=VERTEX_POINT('',#4273);
#1612=VERTEX_POINT('',#4275);
#1613=VERTEX_POINT('',#4312);
#1614=VERTEX_POINT('',#4314);
#1615=VERTEX_POINT('',#4372);
#1616=VERTEX_POINT('',#4407);
#1617=VERTEX_POINT('',#4411);
#1618=VERTEX_POINT('',#4413);
#1619=VERTEX_POINT('',#4417);
#1620=VERTEX_POINT('',#4419);
#1621=VERTEX_POINT('',#4423);
#1622=VERTEX_POINT('',#4425);
#1623=VERTEX_POINT('',#4483);
#1624=VERTEX_POINT('',#4485);
#1625=VERTEX_POINT('',#4522);
#1626=VERTEX_POINT('',#4524);
#1627=VERTEX_POINT('',#4582);
#1628=VERTEX_POINT('',#4617);
#1629=VERTEX_POINT('',#4621);
#1630=VERTEX_POINT('',#4623);
#1631=VERTEX_POINT('',#4627);
#1632=VERTEX_POINT('',#4629);
#1633=VERTEX_POINT('',#4633);
#1634=VERTEX_POINT('',#4635);
#1635=VERTEX_POINT('',#4693);
#1636=VERTEX_POINT('',#4695);
#1637=VERTEX_POINT('',#4732);
#1638=VERTEX_POINT('',#4734);
#1639=VERTEX_POINT('',#4792);
#1640=VERTEX_POINT('',#4827);
#1641=VERTEX_POINT('',#4831);
#1642=VERTEX_POINT('',#4833);
#1643=VERTEX_POINT('',#4837);
#1644=VERTEX_POINT('',#4839);
#1645=VERTEX_POINT('',#4843);
#1646=VERTEX_POINT('',#4845);
#1647=VERTEX_POINT('',#4903);
#1648=VERTEX_POINT('',#4905);
#1649=VERTEX_POINT('',#4942);
#1650=VERTEX_POINT('',#4944);
#1651=VERTEX_POINT('',#5002);
#1652=VERTEX_POINT('',#5037);
#1653=VERTEX_POINT('',#5041);
#1654=VERTEX_POINT('',#5043);
#1655=VERTEX_POINT('',#5047);
#1656=VERTEX_POINT('',#5049);
#1657=VERTEX_POINT('',#5053);
#1658=VERTEX_POINT('',#5055);
#1659=VERTEX_POINT('',#5113);
#1660=VERTEX_POINT('',#5115);
#1661=VERTEX_POINT('',#5152);
#1662=VERTEX_POINT('',#5154);
#1663=VERTEX_POINT('',#5212);
#1664=VERTEX_POINT('',#5247);
#1665=VERTEX_POINT('',#5251);
#1666=VERTEX_POINT('',#5253);
#1667=VERTEX_POINT('',#5257);
#1668=VERTEX_POINT('',#5259);
#1669=VERTEX_POINT('',#5263);
#1670=VERTEX_POINT('',#5265);
#1671=VERTEX_POINT('',#5323);
#1672=VERTEX_POINT('',#5325);
#1673=VERTEX_POINT('',#5362);
#1674=VERTEX_POINT('',#5364);
#1675=VERTEX_POINT('',#5422);
#1676=VERTEX_POINT('',#5457);
#1677=VERTEX_POINT('',#5461);
#1678=VERTEX_POINT('',#5463);
#1679=VERTEX_POINT('',#5467);
#1680=VERTEX_POINT('',#5469);
#1681=VERTEX_POINT('',#5473);
#1682=VERTEX_POINT('',#5475);
#1683=VERTEX_POINT('',#5533);
#1684=VERTEX_POINT('',#5535);
#1685=VERTEX_POINT('',#5572);
#1686=VERTEX_POINT('',#5574);
#1687=VERTEX_POINT('',#5632);
#1688=VERTEX_POINT('',#5667);
#1689=VERTEX_POINT('',#5671);
#1690=VERTEX_POINT('',#5673);
#1691=VERTEX_POINT('',#5677);
#1692=VERTEX_POINT('',#5679);
#1693=VERTEX_POINT('',#5683);
#1694=VERTEX_POINT('',#5685);
#1695=VERTEX_POINT('',#5743);
#1696=VERTEX_POINT('',#5745);
#1697=VERTEX_POINT('',#5782);
#1698=VERTEX_POINT('',#5784);
#1699=VERTEX_POINT('',#5842);
#1700=VERTEX_POINT('',#5877);
#1701=VERTEX_POINT('',#5881);
#1702=VERTEX_POINT('',#5883);
#1703=VERTEX_POINT('',#5887);
#1704=VERTEX_POINT('',#5889);
#1705=VERTEX_POINT('',#5893);
#1706=VERTEX_POINT('',#5895);
#1707=VERTEX_POINT('',#5953);
#1708=VERTEX_POINT('',#5955);
#1709=VERTEX_POINT('',#5992);
#1710=VERTEX_POINT('',#5994);
#1711=VERTEX_POINT('',#6052);
#1712=VERTEX_POINT('',#6087);
#1713=VERTEX_POINT('',#6091);
#1714=VERTEX_POINT('',#6093);
#1715=VERTEX_POINT('',#6097);
#1716=VERTEX_POINT('',#6099);
#1717=VERTEX_POINT('',#6103);
#1718=VERTEX_POINT('',#6105);
#1719=VERTEX_POINT('',#6163);
#1720=VERTEX_POINT('',#6165);
#1721=VERTEX_POINT('',#6202);
#1722=VERTEX_POINT('',#6204);
#1723=VERTEX_POINT('',#6262);
#1724=VERTEX_POINT('',#6297);
#1725=VERTEX_POINT('',#6301);
#1726=VERTEX_POINT('',#6303);
#1727=VERTEX_POINT('',#6307);
#1728=VERTEX_POINT('',#6309);
#1729=VERTEX_POINT('',#6313);
#1730=VERTEX_POINT('',#6315);
#1731=VERTEX_POINT('',#6373);
#1732=VERTEX_POINT('',#6375);
#1733=VERTEX_POINT('',#6412);
#1734=VERTEX_POINT('',#6414);
#1735=VERTEX_POINT('',#6472);
#1736=VERTEX_POINT('',#6507);
#1737=VERTEX_POINT('',#6511);
#1738=VERTEX_POINT('',#6513);
#1739=VERTEX_POINT('',#6517);
#1740=VERTEX_POINT('',#6519);
#1741=VERTEX_POINT('',#6523);
#1742=VERTEX_POINT('',#6525);
#1743=VERTEX_POINT('',#6583);
#1744=VERTEX_POINT('',#6585);
#1745=VERTEX_POINT('',#6622);
#1746=VERTEX_POINT('',#6624);
#1747=VERTEX_POINT('',#6682);
#1748=VERTEX_POINT('',#6717);
#1749=VERTEX_POINT('',#6721);
#1750=VERTEX_POINT('',#6723);
#1751=VERTEX_POINT('',#6727);
#1752=VERTEX_POINT('',#6729);
#1753=VERTEX_POINT('',#6733);
#1754=VERTEX_POINT('',#6735);
#1755=VERTEX_POINT('',#6793);
#1756=VERTEX_POINT('',#6795);
#1757=VERTEX_POINT('',#6832);
#1758=VERTEX_POINT('',#6834);
#1759=VERTEX_POINT('',#6892);
#1760=VERTEX_POINT('',#6927);
#1761=VERTEX_POINT('',#6931);
#1762=VERTEX_POINT('',#6933);
#1763=VERTEX_POINT('',#6937);
#1764=VERTEX_POINT('',#6939);
#1765=VERTEX_POINT('',#6943);
#1766=VERTEX_POINT('',#6945);
#1767=VERTEX_POINT('',#7003);
#1768=VERTEX_POINT('',#7005);
#1769=VERTEX_POINT('',#7042);
#1770=VERTEX_POINT('',#7044);
#1771=VERTEX_POINT('',#7102);
#1772=VERTEX_POINT('',#7137);
#1773=VERTEX_POINT('',#7141);
#1774=VERTEX_POINT('',#7143);
#1775=VERTEX_POINT('',#7147);
#1776=VERTEX_POINT('',#7149);
#1777=VERTEX_POINT('',#7153);
#1778=VERTEX_POINT('',#7155);
#1779=VERTEX_POINT('',#7213);
#1780=VERTEX_POINT('',#7215);
#1781=VERTEX_POINT('',#7252);
#1782=VERTEX_POINT('',#7254);
#1783=VERTEX_POINT('',#7312);
#1784=VERTEX_POINT('',#7347);
#1785=VERTEX_POINT('',#7351);
#1786=VERTEX_POINT('',#7353);
#1787=VERTEX_POINT('',#7357);
#1788=VERTEX_POINT('',#7359);
#1789=VERTEX_POINT('',#7363);
#1790=VERTEX_POINT('',#7365);
#1791=VERTEX_POINT('',#7423);
#1792=VERTEX_POINT('',#7425);
#1793=VERTEX_POINT('',#7462);
#1794=VERTEX_POINT('',#7464);
#1795=VERTEX_POINT('',#7522);
#1796=VERTEX_POINT('',#7557);
#1797=VERTEX_POINT('',#7564);
#1798=VERTEX_POINT('',#7565);
#1799=VERTEX_POINT('',#7567);
#1800=VERTEX_POINT('',#7569);
#1801=VERTEX_POINT('',#7571);
#1802=VERTEX_POINT('',#7573);
#1803=VERTEX_POINT('',#7577);
#1804=VERTEX_POINT('',#7580);
#1805=VERTEX_POINT('',#7583);
#1806=VERTEX_POINT('',#7584);
#1807=VERTEX_POINT('',#7586);
#1808=VERTEX_POINT('',#7588);
#1809=VERTEX_POINT('',#7590);
#1810=VERTEX_POINT('',#7592);
#1811=CIRCLE('',#2466,0.007);
#1812=CIRCLE('',#2467,0.007);
#1813=CIRCLE('',#2469,0.000352447762268243);
#1814=CIRCLE('',#2470,0.000352447762268243);
#1815=CIRCLE('',#2472,0.0088);
#1816=CIRCLE('',#2473,0.0088);
#1817=CIRCLE('',#2475,0.000352447762268243);
#1818=CIRCLE('',#2476,0.000352447762268243);
#1819=CIRCLE('',#2478,0.007);
#1820=CIRCLE('',#2479,0.007);
#1821=CIRCLE('',#2481,0.000352447762268243);
#1822=CIRCLE('',#2482,0.000352447762268243);
#1823=CIRCLE('',#2484,0.0088);
#1824=CIRCLE('',#2485,0.0088);
#1825=CIRCLE('',#2487,0.000352447762268243);
#1826=CIRCLE('',#2488,0.000352447762268243);
#1827=CIRCLE('',#2490,0.007);
#1828=CIRCLE('',#2491,0.007);
#1829=CIRCLE('',#2493,0.000352447762268243);
#1830=CIRCLE('',#2494,0.000352447762268243);
#1831=CIRCLE('',#2496,0.0088);
#1832=CIRCLE('',#2497,0.0088);
#1833=CIRCLE('',#2499,0.000352447762268243);
#1834=CIRCLE('',#2500,0.000352447762268243);
#1835=CIRCLE('',#2502,0.007);
#1836=CIRCLE('',#2503,0.007);
#1837=CIRCLE('',#2505,0.000352447762268243);
#1838=CIRCLE('',#2506,0.000352447762268243);
#1839=CIRCLE('',#2508,0.0088);
#1840=CIRCLE('',#2509,0.0088);
#1841=CIRCLE('',#2511,0.000352447762268243);
#1842=CIRCLE('',#2512,0.000352447762268243);
#1843=CIRCLE('',#2514,0.007);
#1844=CIRCLE('',#2515,0.007);
#1845=CIRCLE('',#2517,0.000352447762268243);
#1846=CIRCLE('',#2518,0.000352447762268243);
#1847=CIRCLE('',#2520,0.0088);
#1848=CIRCLE('',#2521,0.0088);
#1849=CIRCLE('',#2523,0.000352447762268243);
#1850=CIRCLE('',#2524,0.000352447762268243);
#1851=CIRCLE('',#2526,0.007);
#1852=CIRCLE('',#2527,0.007);
#1853=CIRCLE('',#2529,0.000352447762268243);
#1854=CIRCLE('',#2530,0.000352447762268243);
#1855=CIRCLE('',#2532,0.0088);
#1856=CIRCLE('',#2533,0.0088);
#1857=CIRCLE('',#2535,0.000352447762268243);
#1858=CIRCLE('',#2536,0.000352447762268243);
#1859=CIRCLE('',#2538,0.007);
#1860=CIRCLE('',#2539,0.007);
#1861=CIRCLE('',#2541,0.000352447762268243);
#1862=CIRCLE('',#2542,0.000352447762268243);
#1863=CIRCLE('',#2544,0.0088);
#1864=CIRCLE('',#2545,0.0088);
#1865=CIRCLE('',#2547,0.000352447762268243);
#1866=CIRCLE('',#2548,0.000352447762268243);
#1867=CIRCLE('',#2550,0.007);
#1868=CIRCLE('',#2551,0.007);
#1869=CIRCLE('',#2553,0.000352447762268243);
#1870=CIRCLE('',#2554,0.000352447762268243);
#1871=CIRCLE('',#2556,0.0088);
#1872=CIRCLE('',#2557,0.0088);
#1873=CIRCLE('',#2559,0.000352447762268243);
#1874=CIRCLE('',#2560,0.000352447762268243);
#1875=CIRCLE('',#2562,0.007);
#1876=CIRCLE('',#2563,0.007);
#1877=CIRCLE('',#2565,0.000352447762268243);
#1878=CIRCLE('',#2566,0.000352447762268243);
#1879=CIRCLE('',#2568,0.0088);
#1880=CIRCLE('',#2569,0.0088);
#1881=CIRCLE('',#2571,0.000352447762268243);
#1882=CIRCLE('',#2572,0.000352447762268243);
#1883=CIRCLE('',#2574,0.007);
#1884=CIRCLE('',#2575,0.007);
#1885=CIRCLE('',#2577,0.000352447762268243);
#1886=CIRCLE('',#2578,0.000352447762268243);
#1887=CIRCLE('',#2580,0.0088);
#1888=CIRCLE('',#2581,0.0088);
#1889=CIRCLE('',#2583,0.000352447762268243);
#1890=CIRCLE('',#2584,0.000352447762268243);
#1891=CIRCLE('',#2586,0.007);
#1892=CIRCLE('',#2587,0.007);
#1893=CIRCLE('',#2589,0.000352447762268243);
#1894=CIRCLE('',#2590,0.000352447762268243);
#1895=CIRCLE('',#2592,0.0088);
#1896=CIRCLE('',#2593,0.0088);
#1897=CIRCLE('',#2595,0.000352447762268243);
#1898=CIRCLE('',#2596,0.000352447762268243);
#1899=CIRCLE('',#2598,0.007);
#1900=CIRCLE('',#2599,0.007);
#1901=CIRCLE('',#2601,0.000352447762268243);
#1902=CIRCLE('',#2602,0.000352447762268243);
#1903=CIRCLE('',#2604,0.0088);
#1904=CIRCLE('',#2605,0.0088);
#1905=CIRCLE('',#2607,0.000352447762268243);
#1906=CIRCLE('',#2608,0.000352447762268243);
#1907=CIRCLE('',#2610,0.007);
#1908=CIRCLE('',#2611,0.007);
#1909=CIRCLE('',#2613,0.000352447762268243);
#1910=CIRCLE('',#2614,0.000352447762268243);
#1911=CIRCLE('',#2616,0.0088);
#1912=CIRCLE('',#2617,0.0088);
#1913=CIRCLE('',#2619,0.000352447762268243);
#1914=CIRCLE('',#2620,0.000352447762268243);
#1915=CIRCLE('',#2622,0.007);
#1916=CIRCLE('',#2623,0.007);
#1917=CIRCLE('',#2625,0.000352447762268243);
#1918=CIRCLE('',#2626,0.000352447762268243);
#1919=CIRCLE('',#2628,0.0088);
#1920=CIRCLE('',#2629,0.0088);
#1921=CIRCLE('',#2631,0.000352447762268243);
#1922=CIRCLE('',#2632,0.000352447762268243);
#1923=CIRCLE('',#2634,0.007);
#1924=CIRCLE('',#2635,0.007);
#1925=CIRCLE('',#2637,0.000352447762268243);
#1926=CIRCLE('',#2638,0.000352447762268243);
#1927=CIRCLE('',#2640,0.0088);
#1928=CIRCLE('',#2641,0.0088);
#1929=CIRCLE('',#2643,0.000352447762268243);
#1930=CIRCLE('',#2644,0.000352447762268243);
#1931=CIRCLE('',#2646,0.007);
#1932=CIRCLE('',#2647,0.007);
#1933=CIRCLE('',#2649,0.000352447762268243);
#1934=CIRCLE('',#2650,0.000352447762268243);
#1935=CIRCLE('',#2652,0.0088);
#1936=CIRCLE('',#2653,0.0088);
#1937=CIRCLE('',#2655,0.000352447762268243);
#1938=CIRCLE('',#2656,0.000352447762268243);
#1939=CIRCLE('',#2658,0.007);
#1940=CIRCLE('',#2659,0.007);
#1941=CIRCLE('',#2661,0.000352447762268243);
#1942=CIRCLE('',#2662,0.000352447762268243);
#1943=CIRCLE('',#2664,0.0088);
#1944=CIRCLE('',#2665,0.0088);
#1945=CIRCLE('',#2667,0.000352447762268243);
#1946=CIRCLE('',#2668,0.000352447762268243);
#1947=CIRCLE('',#2670,0.007);
#1948=CIRCLE('',#2671,0.007);
#1949=CIRCLE('',#2673,0.000352447762268243);
#1950=CIRCLE('',#2674,0.000352447762268243);
#1951=CIRCLE('',#2676,0.0088);
#1952=CIRCLE('',#2677,0.0088);
#1953=CIRCLE('',#2679,0.000352447762268243);
#1954=CIRCLE('',#2680,0.000352447762268243);
#1955=CIRCLE('',#2682,0.007);
#1956=CIRCLE('',#2683,0.007);
#1957=CIRCLE('',#2685,0.000352447762268243);
#1958=CIRCLE('',#2686,0.000352447762268243);
#1959=CIRCLE('',#2688,0.0088);
#1960=CIRCLE('',#2689,0.0088);
#1961=CIRCLE('',#2691,0.000352447762268243);
#1962=CIRCLE('',#2692,0.000352447762268243);
#1963=CIRCLE('',#2694,0.007);
#1964=CIRCLE('',#2695,0.007);
#1965=CIRCLE('',#2697,0.000352447762268243);
#1966=CIRCLE('',#2698,0.000352447762268243);
#1967=CIRCLE('',#2700,0.0088);
#1968=CIRCLE('',#2701,0.0088);
#1969=CIRCLE('',#2703,0.000352447762268243);
#1970=CIRCLE('',#2704,0.000352447762268243);
#1971=CIRCLE('',#2707,0.005);
#1972=CIRCLE('',#2709,0.005);
#1973=EDGE_LOOP('',(#417,#418,#419,#420));
#1974=EDGE_LOOP('',(#421,#422,#423,#424));
#1975=EDGE_LOOP('',(#425,#426,#427,#428));
#1976=EDGE_LOOP('',(#429,#430,#431,#432));
#1977=EDGE_LOOP('',(#433,#434,#435,#436));
#1978=EDGE_LOOP('',(#437,#438,#439,#440));
#1979=EDGE_LOOP('',(#441,#442,#443,#444));
#1980=EDGE_LOOP('',(#445,#446,#447,#448));
#1981=EDGE_LOOP('',(#449,#450,#451,#452));
#1982=EDGE_LOOP('',(#453,#454,#455,#456));
#1983=EDGE_LOOP('',(#457,#458,#459,#460));
#1984=EDGE_LOOP('',(#461,#462,#463,#464));
#1985=EDGE_LOOP('',(#465,#466,#467,#468));
#1986=EDGE_LOOP('',(#469,#470,#471,#472));
#1987=EDGE_LOOP('',(#473,#474,#475,#476));
#1988=EDGE_LOOP('',(#477,#478,#479,#480));
#1989=EDGE_LOOP('',(#481,#482,#483,#484));
#1990=EDGE_LOOP('',(#485,#486,#487,#488));
#1991=EDGE_LOOP('',(#489,#490,#491,#492));
#1992=EDGE_LOOP('',(#493,#494,#495,#496));
#1993=EDGE_LOOP('',(#497,#498,#499,#500));
#1994=EDGE_LOOP('',(#501,#502,#503,#504));
#1995=EDGE_LOOP('',(#505,#506,#507,#508));
#1996=EDGE_LOOP('',(#509,#510,#511,#512));
#1997=EDGE_LOOP('',(#513,#514,#515,#516));
#1998=EDGE_LOOP('',(#517,#518,#519,#520));
#1999=EDGE_LOOP('',(#521,#522,#523,#524));
#2000=EDGE_LOOP('',(#525,#526,#527,#528));
#2001=EDGE_LOOP('',(#529,#530,#531,#532));
#2002=EDGE_LOOP('',(#533,#534,#535,#536));
#2003=EDGE_LOOP('',(#537,#538,#539,#540));
#2004=EDGE_LOOP('',(#541,#542,#543,#544));
#2005=EDGE_LOOP('',(#545,#546,#547,#548));
#2006=EDGE_LOOP('',(#549,#550,#551,#552));
#2007=EDGE_LOOP('',(#553,#554,#555,#556));
#2008=EDGE_LOOP('',(#557,#558,#559,#560));
#2009=EDGE_LOOP('',(#561,#562,#563,#564));
#2010=EDGE_LOOP('',(#565,#566,#567,#568));
#2011=EDGE_LOOP('',(#569,#570,#571,#572));
#2012=EDGE_LOOP('',(#573,#574,#575,#576));
#2013=EDGE_LOOP('',(#577,#578,#579,#580));
#2014=EDGE_LOOP('',(#581,#582,#583,#584));
#2015=EDGE_LOOP('',(#585,#586,#587,#588));
#2016=EDGE_LOOP('',(#589,#590,#591,#592));
#2017=EDGE_LOOP('',(#593,#594,#595,#596));
#2018=EDGE_LOOP('',(#597,#598,#599,#600));
#2019=EDGE_LOOP('',(#601,#602,#603,#604));
#2020=EDGE_LOOP('',(#605,#606,#607,#608));
#2021=EDGE_LOOP('',(#609,#610,#611,#612));
#2022=EDGE_LOOP('',(#613,#614,#615,#616));
#2023=EDGE_LOOP('',(#617,#618,#619,#620));
#2024=EDGE_LOOP('',(#621,#622,#623,#624));
#2025=EDGE_LOOP('',(#625,#626,#627,#628));
#2026=EDGE_LOOP('',(#629,#630,#631,#632));
#2027=EDGE_LOOP('',(#633,#634,#635,#636));
#2028=EDGE_LOOP('',(#637,#638,#639,#640));
#2029=EDGE_LOOP('',(#641,#642,#643,#644));
#2030=EDGE_LOOP('',(#645,#646,#647,#648));
#2031=EDGE_LOOP('',(#649,#650,#651,#652));
#2032=EDGE_LOOP('',(#653,#654,#655,#656));
#2033=EDGE_LOOP('',(#657,#658,#659,#660));
#2034=EDGE_LOOP('',(#661,#662,#663,#664));
#2035=EDGE_LOOP('',(#665,#666,#667,#668));
#2036=EDGE_LOOP('',(#669,#670,#671,#672));
#2037=EDGE_LOOP('',(#673,#674,#675,#676));
#2038=EDGE_LOOP('',(#677,#678,#679,#680));
#2039=EDGE_LOOP('',(#681,#682,#683,#684));
#2040=EDGE_LOOP('',(#685,#686,#687,#688));
#2041=EDGE_LOOP('',(#689,#690,#691,#692));
#2042=EDGE_LOOP('',(#693,#694,#695,#696));
#2043=EDGE_LOOP('',(#697,#698,#699,#700));
#2044=EDGE_LOOP('',(#701,#702,#703,#704));
#2045=EDGE_LOOP('',(#705,#706,#707,#708));
#2046=EDGE_LOOP('',(#709,#710,#711,#712));
#2047=EDGE_LOOP('',(#713,#714,#715,#716));
#2048=EDGE_LOOP('',(#717,#718,#719,#720));
#2049=EDGE_LOOP('',(#721,#722,#723,#724));
#2050=EDGE_LOOP('',(#725,#726,#727,#728));
#2051=EDGE_LOOP('',(#729,#730,#731,#732));
#2052=EDGE_LOOP('',(#733,#734,#735,#736));
#2053=EDGE_LOOP('',(#737,#738,#739,#740));
#2054=EDGE_LOOP('',(#741,#742,#743,#744));
#2055=EDGE_LOOP('',(#745,#746,#747,#748));
#2056=EDGE_LOOP('',(#749,#750,#751,#752));
#2057=EDGE_LOOP('',(#753,#754,#755,#756));
#2058=EDGE_LOOP('',(#757,#758,#759,#760));
#2059=EDGE_LOOP('',(#761,#762,#763,#764));
#2060=EDGE_LOOP('',(#765,#766,#767,#768));
#2061=EDGE_LOOP('',(#769,#770,#771,#772));
#2062=EDGE_LOOP('',(#773,#774,#775,#776));
#2063=EDGE_LOOP('',(#777,#778,#779,#780));
#2064=EDGE_LOOP('',(#781,#782,#783,#784));
#2065=EDGE_LOOP('',(#785,#786,#787,#788));
#2066=EDGE_LOOP('',(#789,#790,#791,#792));
#2067=EDGE_LOOP('',(#793,#794,#795,#796));
#2068=EDGE_LOOP('',(#797,#798,#799,#800));
#2069=EDGE_LOOP('',(#801,#802,#803,#804));
#2070=EDGE_LOOP('',(#805,#806,#807,#808));
#2071=EDGE_LOOP('',(#809,#810,#811,#812));
#2072=EDGE_LOOP('',(#813,#814,#815,#816));
#2073=EDGE_LOOP('',(#817,#818,#819,#820));
#2074=EDGE_LOOP('',(#821,#822,#823,#824));
#2075=EDGE_LOOP('',(#825,#826,#827,#828));
#2076=EDGE_LOOP('',(#829,#830,#831,#832));
#2077=EDGE_LOOP('',(#833,#834,#835,#836));
#2078=EDGE_LOOP('',(#837,#838,#839,#840));
#2079=EDGE_LOOP('',(#841,#842,#843,#844));
#2080=EDGE_LOOP('',(#845,#846,#847,#848));
#2081=EDGE_LOOP('',(#849,#850,#851,#852));
#2082=EDGE_LOOP('',(#853,#854,#855,#856));
#2083=EDGE_LOOP('',(#857,#858,#859,#860));
#2084=EDGE_LOOP('',(#861,#862,#863,#864));
#2085=EDGE_LOOP('',(#865,#866,#867,#868));
#2086=EDGE_LOOP('',(#869,#870,#871,#872));
#2087=EDGE_LOOP('',(#873,#874,#875,#876));
#2088=EDGE_LOOP('',(#877,#878,#879,#880));
#2089=EDGE_LOOP('',(#881,#882,#883,#884));
#2090=EDGE_LOOP('',(#885,#886,#887,#888));
#2091=EDGE_LOOP('',(#889,#890,#891,#892));
#2092=EDGE_LOOP('',(#893,#894,#895,#896));
#2093=EDGE_LOOP('',(#897,#898,#899,#900,#901,#902));
#2094=EDGE_LOOP('',(#903,#904,#905,#906,#907,#908,#909,#910,#911,#912,#913,
#914,#915,#916,#917,#918,#919,#920,#921,#922,#923,#924,#925,#926,#927,#928,
#929,#930,#931,#932,#933,#934,#935,#936,#937,#938,#939,#940,#941,#942,#943,
#944,#945,#946,#947,#948,#949,#950,#951,#952,#953,#954,#955,#956,#957,#958,
#959,#960,#961,#962,#963,#964,#965,#966,#967,#968,#969,#970,#971,#972,#973,
#974,#975,#976,#977,#978,#979,#980,#981,#982,#983,#984,#985,#986,#987,#988,
#989,#990,#991,#992,#993,#994,#995,#996,#997,#998,#999,#1000,#1001,#1002,
#1003,#1004,#1005,#1006,#1007,#1008,#1009,#1010,#1011,#1012,#1013,#1014,
#1015,#1016,#1017,#1018,#1019,#1020,#1021,#1022));
#2095=EDGE_LOOP('',(#1023));
#2096=EDGE_LOOP('',(#1024,#1025,#1026,#1027,#1028,#1029,#1030,#1031,#1032,
#1033,#1034,#1035,#1036,#1037,#1038,#1039,#1040,#1041,#1042,#1043,#1044,
#1045,#1046,#1047,#1048,#1049,#1050,#1051,#1052,#1053,#1054,#1055,#1056,
#1057,#1058,#1059,#1060,#1061,#1062,#1063,#1064,#1065,#1066,#1067,#1068,
#1069,#1070,#1071,#1072,#1073,#1074,#1075,#1076,#1077,#1078,#1079,#1080,
#1081,#1082,#1083,#1084,#1085,#1086,#1087,#1088,#1089,#1090,#1091,#1092,
#1093,#1094,#1095,#1096,#1097,#1098,#1099,#1100,#1101,#1102,#1103,#1104,
#1105,#1106,#1107,#1108,#1109,#1110,#1111,#1112,#1113,#1114,#1115,#1116,
#1117,#1118,#1119,#1120,#1121,#1122,#1123,#1124,#1125,#1126,#1127,#1128,
#1129,#1130,#1131,#1132,#1133,#1134,#1135,#1136,#1137,#1138,#1139,#1140,
#1141,#1142,#1143));
#2097=EDGE_LOOP('',(#1144));
#2098=EDGE_LOOP('',(#1145));
#2099=EDGE_LOOP('',(#1146,#1147,#1148,#1149,#1150,#1151));
#2100=EDGE_LOOP('',(#1152));
#2101=EDGE_LOOP('',(#1153,#1154,#1155,#1156));
#2102=EDGE_LOOP('',(#1157,#1158,#1159,#1160));
#2103=EDGE_LOOP('',(#1161,#1162,#1163,#1164));
#2104=EDGE_LOOP('',(#1165,#1166,#1167,#1168));
#2105=EDGE_LOOP('',(#1169,#1170,#1171,#1172));
#2106=EDGE_LOOP('',(#1173,#1174,#1175,#1176));
#2107=FACE_BOUND('',#1973,.T.);
#2108=FACE_BOUND('',#1974,.T.);
#2109=FACE_BOUND('',#1975,.T.);
#2110=FACE_BOUND('',#1976,.T.);
#2111=FACE_BOUND('',#1977,.T.);
#2112=FACE_BOUND('',#1978,.T.);
#2113=FACE_BOUND('',#1979,.T.);
#2114=FACE_BOUND('',#1980,.T.);
#2115=FACE_BOUND('',#1981,.T.);
#2116=FACE_BOUND('',#1982,.T.);
#2117=FACE_BOUND('',#1983,.T.);
#2118=FACE_BOUND('',#1984,.T.);
#2119=FACE_BOUND('',#1985,.T.);
#2120=FACE_BOUND('',#1986,.T.);
#2121=FACE_BOUND('',#1987,.T.);
#2122=FACE_BOUND('',#1988,.T.);
#2123=FACE_BOUND('',#1989,.T.);
#2124=FACE_BOUND('',#1990,.T.);
#2125=FACE_BOUND('',#1991,.T.);
#2126=FACE_BOUND('',#1992,.T.);
#2127=FACE_BOUND('',#1993,.T.);
#2128=FACE_BOUND('',#1994,.T.);
#2129=FACE_BOUND('',#1995,.T.);
#2130=FACE_BOUND('',#1996,.T.);
#2131=FACE_BOUND('',#1997,.T.);
#2132=FACE_BOUND('',#1998,.T.);
#2133=FACE_BOUND('',#1999,.T.);
#2134=FACE_BOUND('',#2000,.T.);
#2135=FACE_BOUND('',#2001,.T.);
#2136=FACE_BOUND('',#2002,.T.);
#2137=FACE_BOUND('',#2003,.T.);
#2138=FACE_BOUND('',#2004,.T.);
#2139=FACE_BOUND('',#2005,.T.);
#2140=FACE_BOUND('',#2006,.T.);
#2141=FACE_BOUND('',#2007,.T.);
#2142=FACE_BOUND('',#2008,.T.);
#2143=FACE_BOUND('',#2009,.T.);
#2144=FACE_BOUND('',#2010,.T.);
#2145=FACE_BOUND('',#2011,.T.);
#2146=FACE_BOUND('',#2012,.T.);
#2147=FACE_BOUND('',#2013,.T.);
#2148=FACE_BOUND('',#2014,.T.);
#2149=FACE_BOUND('',#2015,.T.);
#2150=FACE_BOUND('',#2016,.T.);
#2151=FACE_BOUND('',#2017,.T.);
#2152=FACE_BOUND('',#2018,.T.);
#2153=FACE_BOUND('',#2019,.T.);
#2154=FACE_BOUND('',#2020,.T.);
#2155=FACE_BOUND('',#2021,.T.);
#2156=FACE_BOUND('',#2022,.T.);
#2157=FACE_BOUND('',#2023,.T.);
#2158=FACE_BOUND('',#2024,.T.);
#2159=FACE_BOUND('',#2025,.T.);
#2160=FACE_BOUND('',#2026,.T.);
#2161=FACE_BOUND('',#2027,.T.);
#2162=FACE_BOUND('',#2028,.T.);
#2163=FACE_BOUND('',#2029,.T.);
#2164=FACE_BOUND('',#2030,.T.);
#2165=FACE_BOUND('',#2031,.T.);
#2166=FACE_BOUND('',#2032,.T.);
#2167=FACE_BOUND('',#2033,.T.);
#2168=FACE_BOUND('',#2034,.T.);
#2169=FACE_BOUND('',#2035,.T.);
#2170=FACE_BOUND('',#2036,.T.);
#2171=FACE_BOUND('',#2037,.T.);
#2172=FACE_BOUND('',#2038,.T.);
#2173=FACE_BOUND('',#2039,.T.);
#2174=FACE_BOUND('',#2040,.T.);
#2175=FACE_BOUND('',#2041,.T.);
#2176=FACE_BOUND('',#2042,.T.);
#2177=FACE_BOUND('',#2043,.T.);
#2178=FACE_BOUND('',#2044,.T.);
#2179=FACE_BOUND('',#2045,.T.);
#2180=FACE_BOUND('',#2046,.T.);
#2181=FACE_BOUND('',#2047,.T.);
#2182=FACE_BOUND('',#2048,.T.);
#2183=FACE_BOUND('',#2049,.T.);
#2184=FACE_BOUND('',#2050,.T.);
#2185=FACE_BOUND('',#2051,.T.);
#2186=FACE_BOUND('',#2052,.T.);
#2187=FACE_BOUND('',#2053,.T.);
#2188=FACE_BOUND('',#2054,.T.);
#2189=FACE_BOUND('',#2055,.T.);
#2190=FACE_BOUND('',#2056,.T.);
#2191=FACE_BOUND('',#2057,.T.);
#2192=FACE_BOUND('',#2058,.T.);
#2193=FACE_BOUND('',#2059,.T.);
#2194=FACE_BOUND('',#2060,.T.);
#2195=FACE_BOUND('',#2061,.T.);
#2196=FACE_BOUND('',#2062,.T.);
#2197=FACE_BOUND('',#2063,.T.);
#2198=FACE_BOUND('',#2064,.T.);
#2199=FACE_BOUND('',#2065,.T.);
#2200=FACE_BOUND('',#2066,.T.);
#2201=FACE_BOUND('',#2067,.T.);
#2202=FACE_BOUND('',#2068,.T.);
#2203=FACE_BOUND('',#2069,.T.);
#2204=FACE_BOUND('',#2070,.T.);
#2205=FACE_BOUND('',#2071,.T.);
#2206=FACE_BOUND('',#2072,.T.);
#2207=FACE_BOUND('',#2073,.T.);
#2208=FACE_BOUND('',#2074,.T.);
#2209=FACE_BOUND('',#2075,.T.);
#2210=FACE_BOUND('',#2076,.T.);
#2211=FACE_BOUND('',#2077,.T.);
#2212=FACE_BOUND('',#2078,.T.);
#2213=FACE_BOUND('',#2079,.T.);
#2214=FACE_BOUND('',#2080,.T.);
#2215=FACE_BOUND('',#2081,.T.);
#2216=FACE_BOUND('',#2082,.T.);
#2217=FACE_BOUND('',#2083,.T.);
#2218=FACE_BOUND('',#2084,.T.);
#2219=FACE_BOUND('',#2085,.T.);
#2220=FACE_BOUND('',#2086,.T.);
#2221=FACE_BOUND('',#2087,.T.);
#2222=FACE_BOUND('',#2088,.T.);
#2223=FACE_BOUND('',#2089,.T.);
#2224=FACE_BOUND('',#2090,.T.);
#2225=FACE_BOUND('',#2091,.T.);
#2226=FACE_BOUND('',#2092,.T.);
#2227=FACE_BOUND('',#2093,.T.);
#2228=FACE_BOUND('',#2094,.T.);
#2229=FACE_BOUND('',#2095,.T.);
#2230=FACE_BOUND('',#2096,.T.);
#2231=FACE_BOUND('',#2097,.T.);
#2232=FACE_BOUND('',#2098,.T.);
#2233=FACE_BOUND('',#2099,.T.);
#2234=FACE_BOUND('',#2100,.T.);
#2235=FACE_BOUND('',#2101,.T.);
#2236=FACE_BOUND('',#2102,.T.);
#2237=FACE_BOUND('',#2103,.T.);
#2238=FACE_BOUND('',#2104,.T.);
#2239=FACE_BOUND('',#2105,.T.);
#2240=FACE_BOUND('',#2106,.T.);
#2241=CYLINDRICAL_SURFACE('',#2465,0.007);
#2242=CYLINDRICAL_SURFACE('',#2468,0.000352447762268243);
#2243=CYLINDRICAL_SURFACE('',#2471,0.0088);
#2244=CYLINDRICAL_SURFACE('',#2474,0.000352447762268243);
#2245=CYLINDRICAL_SURFACE('',#2477,0.007);
#2246=CYLINDRICAL_SURFACE('',#2480,0.000352447762268243);
#2247=CYLINDRICAL_SURFACE('',#2483,0.0088);
#2248=CYLINDRICAL_SURFACE('',#2486,0.000352447762268243);
#2249=CYLINDRICAL_SURFACE('',#2489,0.007);
#2250=CYLINDRICAL_SURFACE('',#2492,0.000352447762268243);
#2251=CYLINDRICAL_SURFACE('',#2495,0.0088);
#2252=CYLINDRICAL_SURFACE('',#2498,0.000352447762268243);
#2253=CYLINDRICAL_SURFACE('',#2501,0.007);
#2254=CYLINDRICAL_SURFACE('',#2504,0.000352447762268243);
#2255=CYLINDRICAL_SURFACE('',#2507,0.0088);
#2256=CYLINDRICAL_SURFACE('',#2510,0.000352447762268243);
#2257=CYLINDRICAL_SURFACE('',#2513,0.007);
#2258=CYLINDRICAL_SURFACE('',#2516,0.000352447762268243);
#2259=CYLINDRICAL_SURFACE('',#2519,0.0088);
#2260=CYLINDRICAL_SURFACE('',#2522,0.000352447762268243);
#2261=CYLINDRICAL_SURFACE('',#2525,0.007);
#2262=CYLINDRICAL_SURFACE('',#2528,0.000352447762268243);
#2263=CYLINDRICAL_SURFACE('',#2531,0.0088);
#2264=CYLINDRICAL_SURFACE('',#2534,0.000352447762268243);
#2265=CYLINDRICAL_SURFACE('',#2537,0.007);
#2266=CYLINDRICAL_SURFACE('',#2540,0.000352447762268243);
#2267=CYLINDRICAL_SURFACE('',#2543,0.0088);
#2268=CYLINDRICAL_SURFACE('',#2546,0.000352447762268243);
#2269=CYLINDRICAL_SURFACE('',#2549,0.007);
#2270=CYLINDRICAL_SURFACE('',#2552,0.000352447762268243);
#2271=CYLINDRICAL_SURFACE('',#2555,0.0088);
#2272=CYLINDRICAL_SURFACE('',#2558,0.000352447762268243);
#2273=CYLINDRICAL_SURFACE('',#2561,0.007);
#2274=CYLINDRICAL_SURFACE('',#2564,0.000352447762268243);
#2275=CYLINDRICAL_SURFACE('',#2567,0.0088);
#2276=CYLINDRICAL_SURFACE('',#2570,0.000352447762268243);
#2277=CYLINDRICAL_SURFACE('',#2573,0.007);
#2278=CYLINDRICAL_SURFACE('',#2576,0.000352447762268243);
#2279=CYLINDRICAL_SURFACE('',#2579,0.0088);
#2280=CYLINDRICAL_SURFACE('',#2582,0.000352447762268243);
#2281=CYLINDRICAL_SURFACE('',#2585,0.007);
#2282=CYLINDRICAL_SURFACE('',#2588,0.000352447762268243);
#2283=CYLINDRICAL_SURFACE('',#2591,0.0088);
#2284=CYLINDRICAL_SURFACE('',#2594,0.000352447762268243);
#2285=CYLINDRICAL_SURFACE('',#2597,0.007);
#2286=CYLINDRICAL_SURFACE('',#2600,0.000352447762268243);
#2287=CYLINDRICAL_SURFACE('',#2603,0.0088);
#2288=CYLINDRICAL_SURFACE('',#2606,0.000352447762268243);
#2289=CYLINDRICAL_SURFACE('',#2609,0.007);
#2290=CYLINDRICAL_SURFACE('',#2612,0.000352447762268243);
#2291=CYLINDRICAL_SURFACE('',#2615,0.0088);
#2292=CYLINDRICAL_SURFACE('',#2618,0.000352447762268243);
#2293=CYLINDRICAL_SURFACE('',#2621,0.007);
#2294=CYLINDRICAL_SURFACE('',#2624,0.000352447762268243);
#2295=CYLINDRICAL_SURFACE('',#2627,0.0088);
#2296=CYLINDRICAL_SURFACE('',#2630,0.000352447762268243);
#2297=CYLINDRICAL_SURFACE('',#2633,0.007);
#2298=CYLINDRICAL_SURFACE('',#2636,0.000352447762268243);
#2299=CYLINDRICAL_SURFACE('',#2639,0.0088);
#2300=CYLINDRICAL_SURFACE('',#2642,0.000352447762268243);
#2301=CYLINDRICAL_SURFACE('',#2645,0.007);
#2302=CYLINDRICAL_SURFACE('',#2648,0.000352447762268243);
#2303=CYLINDRICAL_SURFACE('',#2651,0.0088);
#2304=CYLINDRICAL_SURFACE('',#2654,0.000352447762268243);
#2305=CYLINDRICAL_SURFACE('',#2657,0.007);
#2306=CYLINDRICAL_SURFACE('',#2660,0.000352447762268243);
#2307=CYLINDRICAL_SURFACE('',#2663,0.0088);
#2308=CYLINDRICAL_SURFACE('',#2666,0.000352447762268243);
#2309=CYLINDRICAL_SURFACE('',#2669,0.007);
#2310=CYLINDRICAL_SURFACE('',#2672,0.000352447762268243);
#2311=CYLINDRICAL_SURFACE('',#2675,0.0088);
#2312=CYLINDRICAL_SURFACE('',#2678,0.000352447762268243);
#2313=CYLINDRICAL_SURFACE('',#2681,0.007);
#2314=CYLINDRICAL_SURFACE('',#2684,0.000352447762268243);
#2315=CYLINDRICAL_SURFACE('',#2687,0.0088);
#2316=CYLINDRICAL_SURFACE('',#2690,0.000352447762268243);
#2317=CYLINDRICAL_SURFACE('',#2693,0.007);
#2318=CYLINDRICAL_SURFACE('',#2696,0.000352447762268243);
#2319=CYLINDRICAL_SURFACE('',#2699,0.0088);
#2320=CYLINDRICAL_SURFACE('',#2702,0.000352447762268243);
#2321=CYLINDRICAL_SURFACE('',#2708,0.005);
#2322=ADVANCED_FACE('',(#2107),#2241,.T.);
#2323=ADVANCED_FACE('',(#2108),#2242,.F.);
#2324=ADVANCED_FACE('',(#2109),#101,.T.);
#2325=ADVANCED_FACE('',(#2110),#2243,.T.);
#2326=ADVANCED_FACE('',(#2111),#102,.F.);
#2327=ADVANCED_FACE('',(#2112),#2244,.F.);
#2328=ADVANCED_FACE('',(#2113),#2245,.T.);
#2329=ADVANCED_FACE('',(#2114),#2246,.F.);
#2330=ADVANCED_FACE('',(#2115),#103,.T.);
#2331=ADVANCED_FACE('',(#2116),#2247,.T.);
#2332=ADVANCED_FACE('',(#2117),#104,.F.);
#2333=ADVANCED_FACE('',(#2118),#2248,.F.);
#2334=ADVANCED_FACE('',(#2119),#2249,.T.);
#2335=ADVANCED_FACE('',(#2120),#2250,.F.);
#2336=ADVANCED_FACE('',(#2121),#105,.T.);
#2337=ADVANCED_FACE('',(#2122),#2251,.T.);
#2338=ADVANCED_FACE('',(#2123),#106,.F.);
#2339=ADVANCED_FACE('',(#2124),#2252,.F.);
#2340=ADVANCED_FACE('',(#2125),#2253,.T.);
#2341=ADVANCED_FACE('',(#2126),#2254,.F.);
#2342=ADVANCED_FACE('',(#2127),#107,.T.);
#2343=ADVANCED_FACE('',(#2128),#2255,.T.);
#2344=ADVANCED_FACE('',(#2129),#108,.F.);
#2345=ADVANCED_FACE('',(#2130),#2256,.F.);
#2346=ADVANCED_FACE('',(#2131),#2257,.T.);
#2347=ADVANCED_FACE('',(#2132),#2258,.F.);
#2348=ADVANCED_FACE('',(#2133),#109,.T.);
#2349=ADVANCED_FACE('',(#2134),#2259,.T.);
#2350=ADVANCED_FACE('',(#2135),#110,.F.);
#2351=ADVANCED_FACE('',(#2136),#2260,.F.);
#2352=ADVANCED_FACE('',(#2137),#2261,.T.);
#2353=ADVANCED_FACE('',(#2138),#2262,.F.);
#2354=ADVANCED_FACE('',(#2139),#111,.T.);
#2355=ADVANCED_FACE('',(#2140),#2263,.T.);
#2356=ADVANCED_FACE('',(#2141),#112,.F.);
#2357=ADVANCED_FACE('',(#2142),#2264,.F.);
#2358=ADVANCED_FACE('',(#2143),#2265,.T.);
#2359=ADVANCED_FACE('',(#2144),#2266,.F.);
#2360=ADVANCED_FACE('',(#2145),#113,.T.);
#2361=ADVANCED_FACE('',(#2146),#2267,.T.);
#2362=ADVANCED_FACE('',(#2147),#114,.F.);
#2363=ADVANCED_FACE('',(#2148),#2268,.F.);
#2364=ADVANCED_FACE('',(#2149),#2269,.T.);
#2365=ADVANCED_FACE('',(#2150),#2270,.F.);
#2366=ADVANCED_FACE('',(#2151),#115,.T.);
#2367=ADVANCED_FACE('',(#2152),#2271,.T.);
#2368=ADVANCED_FACE('',(#2153),#116,.F.);
#2369=ADVANCED_FACE('',(#2154),#2272,.F.);
#2370=ADVANCED_FACE('',(#2155),#2273,.T.);
#2371=ADVANCED_FACE('',(#2156),#2274,.F.);
#2372=ADVANCED_FACE('',(#2157),#117,.T.);
#2373=ADVANCED_FACE('',(#2158),#2275,.T.);
#2374=ADVANCED_FACE('',(#2159),#118,.F.);
#2375=ADVANCED_FACE('',(#2160),#2276,.F.);
#2376=ADVANCED_FACE('',(#2161),#2277,.T.);
#2377=ADVANCED_FACE('',(#2162),#2278,.F.);
#2378=ADVANCED_FACE('',(#2163),#119,.T.);
#2379=ADVANCED_FACE('',(#2164),#2279,.T.);
#2380=ADVANCED_FACE('',(#2165),#120,.F.);
#2381=ADVANCED_FACE('',(#2166),#2280,.F.);
#2382=ADVANCED_FACE('',(#2167),#2281,.T.);
#2383=ADVANCED_FACE('',(#2168),#2282,.F.);
#2384=ADVANCED_FACE('',(#2169),#121,.T.);
#2385=ADVANCED_FACE('',(#2170),#2283,.T.);
#2386=ADVANCED_FACE('',(#2171),#122,.F.);
#2387=ADVANCED_FACE('',(#2172),#2284,.F.);
#2388=ADVANCED_FACE('',(#2173),#2285,.T.);
#2389=ADVANCED_FACE('',(#2174),#2286,.F.);
#2390=ADVANCED_FACE('',(#2175),#123,.T.);
#2391=ADVANCED_FACE('',(#2176),#2287,.T.);
#2392=ADVANCED_FACE('',(#2177),#124,.F.);
#2393=ADVANCED_FACE('',(#2178),#2288,.F.);
#2394=ADVANCED_FACE('',(#2179),#2289,.T.);
#2395=ADVANCED_FACE('',(#2180),#2290,.F.);
#2396=ADVANCED_FACE('',(#2181),#125,.T.);
#2397=ADVANCED_FACE('',(#2182),#2291,.T.);
#2398=ADVANCED_FACE('',(#2183),#126,.F.);
#2399=ADVANCED_FACE('',(#2184),#2292,.F.);
#2400=ADVANCED_FACE('',(#2185),#2293,.T.);
#2401=ADVANCED_FACE('',(#2186),#2294,.F.);
#2402=ADVANCED_FACE('',(#2187),#127,.T.);
#2403=ADVANCED_FACE('',(#2188),#2295,.T.);
#2404=ADVANCED_FACE('',(#2189),#128,.F.);
#2405=ADVANCED_FACE('',(#2190),#2296,.F.);
#2406=ADVANCED_FACE('',(#2191),#2297,.T.);
#2407=ADVANCED_FACE('',(#2192),#2298,.F.);
#2408=ADVANCED_FACE('',(#2193),#129,.T.);
#2409=ADVANCED_FACE('',(#2194),#2299,.T.);
#2410=ADVANCED_FACE('',(#2195),#130,.F.);
#2411=ADVANCED_FACE('',(#2196),#2300,.F.);
#2412=ADVANCED_FACE('',(#2197),#2301,.T.);
#2413=ADVANCED_FACE('',(#2198),#2302,.F.);
#2414=ADVANCED_FACE('',(#2199),#131,.T.);
#2415=ADVANCED_FACE('',(#2200),#2303,.T.);
#2416=ADVANCED_FACE('',(#2201),#132,.F.);
#2417=ADVANCED_FACE('',(#2202),#2304,.F.);
#2418=ADVANCED_FACE('',(#2203),#2305,.T.);
#2419=ADVANCED_FACE('',(#2204),#2306,.F.);
#2420=ADVANCED_FACE('',(#2205),#133,.T.);
#2421=ADVANCED_FACE('',(#2206),#2307,.T.);
#2422=ADVANCED_FACE('',(#2207),#134,.F.);
#2423=ADVANCED_FACE('',(#2208),#2308,.F.);
#2424=ADVANCED_FACE('',(#2209),#2309,.T.);
#2425=ADVANCED_FACE('',(#2210),#2310,.F.);
#2426=ADVANCED_FACE('',(#2211),#135,.T.);
#2427=ADVANCED_FACE('',(#2212),#2311,.T.);
#2428=ADVANCED_FACE('',(#2213),#136,.F.);
#2429=ADVANCED_FACE('',(#2214),#2312,.F.);
#2430=ADVANCED_FACE('',(#2215),#2313,.T.);
#2431=ADVANCED_FACE('',(#2216),#2314,.F.);
#2432=ADVANCED_FACE('',(#2217),#137,.T.);
#2433=ADVANCED_FACE('',(#2218),#2315,.T.);
#2434=ADVANCED_FACE('',(#2219),#138,.F.);
#2435=ADVANCED_FACE('',(#2220),#2316,.F.);
#2436=ADVANCED_FACE('',(#2221),#2317,.T.);
#2437=ADVANCED_FACE('',(#2222),#2318,.F.);
#2438=ADVANCED_FACE('',(#2223),#139,.T.);
#2439=ADVANCED_FACE('',(#2224),#2319,.T.);
#2440=ADVANCED_FACE('',(#2225),#140,.F.);
#2441=ADVANCED_FACE('',(#2226),#2320,.F.);
#2442=ADVANCED_FACE('',(#2227,#2228),#12,.T.);
#2443=ADVANCED_FACE('',(#2229,#2230),#13,.F.);
#2444=ADVANCED_FACE('',(#2231,#2232),#2321,.T.);
#2445=ADVANCED_FACE('',(#2233,#2234),#14,.T.);
#2446=ADVANCED_FACE('',(#2235),#15,.F.);
#2447=ADVANCED_FACE('',(#2236),#16,.F.);
#2448=ADVANCED_FACE('',(#2237),#17,.F.);
#2449=ADVANCED_FACE('',(#2238),#18,.F.);
#2450=ADVANCED_FACE('',(#2239),#19,.F.);
#2451=ADVANCED_FACE('',(#2240),#20,.F.);
#2452=CLOSED_SHELL('',(#2322,#2323,#2324,#2325,#2326,#2327,#2328,#2329,
#2330,#2331,#2332,#2333,#2334,#2335,#2336,#2337,#2338,#2339,#2340,#2341,
#2342,#2343,#2344,#2345,#2346,#2347,#2348,#2349,#2350,#2351,#2352,#2353,
#2354,#2355,#2356,#2357,#2358,#2359,#2360,#2361,#2362,#2363,#2364,#2365,
#2366,#2367,#2368,#2369,#2370,#2371,#2372,#2373,#2374,#2375,#2376,#2377,
#2378,#2379,#2380,#2381,#2382,#2383,#2384,#2385,#2386,#2387,#2388,#2389,
#2390,#2391,#2392,#2393,#2394,#2395,#2396,#2397,#2398,#2399,#2400,#2401,
#2402,#2403,#2404,#2405,#2406,#2407,#2408,#2409,#2410,#2411,#2412,#2413,
#2414,#2415,#2416,#2417,#2418,#2419,#2420,#2421,#2422,#2423,#2424,#2425,
#2426,#2427,#2428,#2429,#2430,#2431,#2432,#2433,#2434,#2435,#2436,#2437,
#2438,#2439,#2440,#2441,#2442,#2443,#2444,#2445,#2446,#2447,#2448,#2449,
#2450,#2451));
#2453=STYLED_ITEM('',(#2454),#2461);
#2454=PRESENTATION_STYLE_ASSIGNMENT((#2455));
#2455=SURFACE_STYLE_USAGE(.BOTH.,#2456);
#2456=SURFACE_SIDE_STYLE('',(#2457));
#2457=SURFACE_STYLE_FILL_AREA(#2458);
#2458=FILL_AREA_STYLE('',(#2459));
#2459=FILL_AREA_STYLE_COLOUR('',#2460);
#2460=COLOUR_RGB('',0.301960784313725,0.301960784313725,0.301960784313725);
#2461=MANIFOLD_SOLID_BREP('(POD) Drive input gear 2',#2452);
#2462=SHAPE_DEFINITION_REPRESENTATION(#7612,#2463);
#2463=SHAPE_REPRESENTATION('(POD) Drive input gear 2',(#2464),#7607);
#2464=AXIS2_PLACEMENT_3D('',#3361,#2717,#2718);
#2465=AXIS2_PLACEMENT_3D('',#3362,#2719,#2720);
#2466=AXIS2_PLACEMENT_3D('',#3363,#2721,#2722);
#2467=AXIS2_PLACEMENT_3D('',#3368,#2724,#2725);
#2468=AXIS2_PLACEMENT_3D('',#3371,#2727,#2728);
#2469=AXIS2_PLACEMENT_3D('',#3372,#2729,#2730);
#2470=AXIS2_PLACEMENT_3D('',#3376,#2732,#2733);
#2471=AXIS2_PLACEMENT_3D('',#3470,#2735,#2736);
#2472=AXIS2_PLACEMENT_3D('',#3471,#2737,#2738);
#2473=AXIS2_PLACEMENT_3D('',#3475,#2740,#2741);
#2474=AXIS2_PLACEMENT_3D('',#3569,#2743,#2744);
#2475=AXIS2_PLACEMENT_3D('',#3570,#2745,#2746);
#2476=AXIS2_PLACEMENT_3D('',#3574,#2748,#2749);
#2477=AXIS2_PLACEMENT_3D('',#3575,#2750,#2751);
#2478=AXIS2_PLACEMENT_3D('',#3576,#2752,#2753);
#2479=AXIS2_PLACEMENT_3D('',#3578,#2754,#2755);
#2480=AXIS2_PLACEMENT_3D('',#3581,#2757,#2758);
#2481=AXIS2_PLACEMENT_3D('',#3582,#2759,#2760);
#2482=AXIS2_PLACEMENT_3D('',#3586,#2762,#2763);
#2483=AXIS2_PLACEMENT_3D('',#3680,#2765,#2766);
#2484=AXIS2_PLACEMENT_3D('',#3681,#2767,#2768);
#2485=AXIS2_PLACEMENT_3D('',#3685,#2770,#2771);
#2486=AXIS2_PLACEMENT_3D('',#3779,#2773,#2774);
#2487=AXIS2_PLACEMENT_3D('',#3780,#2775,#2776);
#2488=AXIS2_PLACEMENT_3D('',#3784,#2778,#2779);
#2489=AXIS2_PLACEMENT_3D('',#3785,#2780,#2781);
#2490=AXIS2_PLACEMENT_3D('',#3786,#2782,#2783);
#2491=AXIS2_PLACEMENT_3D('',#3788,#2784,#2785);
#2492=AXIS2_PLACEMENT_3D('',#3791,#2787,#2788);
#2493=AXIS2_PLACEMENT_3D('',#3792,#2789,#2790);
#2494=AXIS2_PLACEMENT_3D('',#3796,#2792,#2793);
#2495=AXIS2_PLACEMENT_3D('',#3890,#2795,#2796);
#2496=AXIS2_PLACEMENT_3D('',#3891,#2797,#2798);
#2497=AXIS2_PLACEMENT_3D('',#3895,#2800,#2801);
#2498=AXIS2_PLACEMENT_3D('',#3989,#2803,#2804);
#2499=AXIS2_PLACEMENT_3D('',#3990,#2805,#2806);
#2500=AXIS2_PLACEMENT_3D('',#3994,#2808,#2809);
#2501=AXIS2_PLACEMENT_3D('',#3995,#2810,#2811);
#2502=AXIS2_PLACEMENT_3D('',#3996,#2812,#2813);
#2503=AXIS2_PLACEMENT_3D('',#3998,#2814,#2815);
#2504=AXIS2_PLACEMENT_3D('',#4001,#2817,#2818);
#2505=AXIS2_PLACEMENT_3D('',#4002,#2819,#2820);
#2506=AXIS2_PLACEMENT_3D('',#4006,#2822,#2823);
#2507=AXIS2_PLACEMENT_3D('',#4100,#2825,#2826);
#2508=AXIS2_PLACEMENT_3D('',#4101,#2827,#2828);
#2509=AXIS2_PLACEMENT_3D('',#4105,#2830,#2831);
#2510=AXIS2_PLACEMENT_3D('',#4199,#2833,#2834);
#2511=AXIS2_PLACEMENT_3D('',#4200,#2835,#2836);
#2512=AXIS2_PLACEMENT_3D('',#4204,#2838,#2839);
#2513=AXIS2_PLACEMENT_3D('',#4205,#2840,#2841);
#2514=AXIS2_PLACEMENT_3D('',#4206,#2842,#2843);
#2515=AXIS2_PLACEMENT_3D('',#4208,#2844,#2845);
#2516=AXIS2_PLACEMENT_3D('',#4211,#2847,#2848);
#2517=AXIS2_PLACEMENT_3D('',#4212,#2849,#2850);
#2518=AXIS2_PLACEMENT_3D('',#4216,#2852,#2853);
#2519=AXIS2_PLACEMENT_3D('',#4310,#2855,#2856);
#2520=AXIS2_PLACEMENT_3D('',#4311,#2857,#2858);
#2521=AXIS2_PLACEMENT_3D('',#4315,#2860,#2861);
#2522=AXIS2_PLACEMENT_3D('',#4409,#2863,#2864);
#2523=AXIS2_PLACEMENT_3D('',#4410,#2865,#2866);
#2524=AXIS2_PLACEMENT_3D('',#4414,#2868,#2869);
#2525=AXIS2_PLACEMENT_3D('',#4415,#2870,#2871);
#2526=AXIS2_PLACEMENT_3D('',#4416,#2872,#2873);
#2527=AXIS2_PLACEMENT_3D('',#4418,#2874,#2875);
#2528=AXIS2_PLACEMENT_3D('',#4421,#2877,#2878);
#2529=AXIS2_PLACEMENT_3D('',#4422,#2879,#2880);
#2530=AXIS2_PLACEMENT_3D('',#4426,#2882,#2883);
#2531=AXIS2_PLACEMENT_3D('',#4520,#2885,#2886);
#2532=AXIS2_PLACEMENT_3D('',#4521,#2887,#2888);
#2533=AXIS2_PLACEMENT_3D('',#4525,#2890,#2891);
#2534=AXIS2_PLACEMENT_3D('',#4619,#2893,#2894);
#2535=AXIS2_PLACEMENT_3D('',#4620,#2895,#2896);
#2536=AXIS2_PLACEMENT_3D('',#4624,#2898,#2899);
#2537=AXIS2_PLACEMENT_3D('',#4625,#2900,#2901);
#2538=AXIS2_PLACEMENT_3D('',#4626,#2902,#2903);
#2539=AXIS2_PLACEMENT_3D('',#4628,#2904,#2905);
#2540=AXIS2_PLACEMENT_3D('',#4631,#2907,#2908);
#2541=AXIS2_PLACEMENT_3D('',#4632,#2909,#2910);
#2542=AXIS2_PLACEMENT_3D('',#4636,#2912,#2913);
#2543=AXIS2_PLACEMENT_3D('',#4730,#2915,#2916);
#2544=AXIS2_PLACEMENT_3D('',#4731,#2917,#2918);
#2545=AXIS2_PLACEMENT_3D('',#4735,#2920,#2921);
#2546=AXIS2_PLACEMENT_3D('',#4829,#2923,#2924);
#2547=AXIS2_PLACEMENT_3D('',#4830,#2925,#2926);
#2548=AXIS2_PLACEMENT_3D('',#4834,#2928,#2929);
#2549=AXIS2_PLACEMENT_3D('',#4835,#2930,#2931);
#2550=AXIS2_PLACEMENT_3D('',#4836,#2932,#2933);
#2551=AXIS2_PLACEMENT_3D('',#4838,#2934,#2935);
#2552=AXIS2_PLACEMENT_3D('',#4841,#2937,#2938);
#2553=AXIS2_PLACEMENT_3D('',#4842,#2939,#2940);
#2554=AXIS2_PLACEMENT_3D('',#4846,#2942,#2943);
#2555=AXIS2_PLACEMENT_3D('',#4940,#2945,#2946);
#2556=AXIS2_PLACEMENT_3D('',#4941,#2947,#2948);
#2557=AXIS2_PLACEMENT_3D('',#4945,#2950,#2951);
#2558=AXIS2_PLACEMENT_3D('',#5039,#2953,#2954);
#2559=AXIS2_PLACEMENT_3D('',#5040,#2955,#2956);
#2560=AXIS2_PLACEMENT_3D('',#5044,#2958,#2959);
#2561=AXIS2_PLACEMENT_3D('',#5045,#2960,#2961);
#2562=AXIS2_PLACEMENT_3D('',#5046,#2962,#2963);
#2563=AXIS2_PLACEMENT_3D('',#5048,#2964,#2965);
#2564=AXIS2_PLACEMENT_3D('',#5051,#2967,#2968);
#2565=AXIS2_PLACEMENT_3D('',#5052,#2969,#2970);
#2566=AXIS2_PLACEMENT_3D('',#5056,#2972,#2973);
#2567=AXIS2_PLACEMENT_3D('',#5150,#2975,#2976);
#2568=AXIS2_PLACEMENT_3D('',#5151,#2977,#2978);
#2569=AXIS2_PLACEMENT_3D('',#5155,#2980,#2981);
#2570=AXIS2_PLACEMENT_3D('',#5249,#2983,#2984);
#2571=AXIS2_PLACEMENT_3D('',#5250,#2985,#2986);
#2572=AXIS2_PLACEMENT_3D('',#5254,#2988,#2989);
#2573=AXIS2_PLACEMENT_3D('',#5255,#2990,#2991);
#2574=AXIS2_PLACEMENT_3D('',#5256,#2992,#2993);
#2575=AXIS2_PLACEMENT_3D('',#5258,#2994,#2995);
#2576=AXIS2_PLACEMENT_3D('',#5261,#2997,#2998);
#2577=AXIS2_PLACEMENT_3D('',#5262,#2999,#3000);
#2578=AXIS2_PLACEMENT_3D('',#5266,#3002,#3003);
#2579=AXIS2_PLACEMENT_3D('',#5360,#3005,#3006);
#2580=AXIS2_PLACEMENT_3D('',#5361,#3007,#3008);
#2581=AXIS2_PLACEMENT_3D('',#5365,#3010,#3011);
#2582=AXIS2_PLACEMENT_3D('',#5459,#3013,#3014);
#2583=AXIS2_PLACEMENT_3D('',#5460,#3015,#3016);
#2584=AXIS2_PLACEMENT_3D('',#5464,#3018,#3019);
#2585=AXIS2_PLACEMENT_3D('',#5465,#3020,#3021);
#2586=AXIS2_PLACEMENT_3D('',#5466,#3022,#3023);
#2587=AXIS2_PLACEMENT_3D('',#5468,#3024,#3025);
#2588=AXIS2_PLACEMENT_3D('',#5471,#3027,#3028);
#2589=AXIS2_PLACEMENT_3D('',#5472,#3029,#3030);
#2590=AXIS2_PLACEMENT_3D('',#5476,#3032,#3033);
#2591=AXIS2_PLACEMENT_3D('',#5570,#3035,#3036);
#2592=AXIS2_PLACEMENT_3D('',#5571,#3037,#3038);
#2593=AXIS2_PLACEMENT_3D('',#5575,#3040,#3041);
#2594=AXIS2_PLACEMENT_3D('',#5669,#3043,#3044);
#2595=AXIS2_PLACEMENT_3D('',#5670,#3045,#3046);
#2596=AXIS2_PLACEMENT_3D('',#5674,#3048,#3049);
#2597=AXIS2_PLACEMENT_3D('',#5675,#3050,#3051);
#2598=AXIS2_PLACEMENT_3D('',#5676,#3052,#3053);
#2599=AXIS2_PLACEMENT_3D('',#5678,#3054,#3055);
#2600=AXIS2_PLACEMENT_3D('',#5681,#3057,#3058);
#2601=AXIS2_PLACEMENT_3D('',#5682,#3059,#3060);
#2602=AXIS2_PLACEMENT_3D('',#5686,#3062,#3063);
#2603=AXIS2_PLACEMENT_3D('',#5780,#3065,#3066);
#2604=AXIS2_PLACEMENT_3D('',#5781,#3067,#3068);
#2605=AXIS2_PLACEMENT_3D('',#5785,#3070,#3071);
#2606=AXIS2_PLACEMENT_3D('',#5879,#3073,#3074);
#2607=AXIS2_PLACEMENT_3D('',#5880,#3075,#3076);
#2608=AXIS2_PLACEMENT_3D('',#5884,#3078,#3079);
#2609=AXIS2_PLACEMENT_3D('',#5885,#3080,#3081);
#2610=AXIS2_PLACEMENT_3D('',#5886,#3082,#3083);
#2611=AXIS2_PLACEMENT_3D('',#5888,#3084,#3085);
#2612=AXIS2_PLACEMENT_3D('',#5891,#3087,#3088);
#2613=AXIS2_PLACEMENT_3D('',#5892,#3089,#3090);
#2614=AXIS2_PLACEMENT_3D('',#5896,#3092,#3093);
#2615=AXIS2_PLACEMENT_3D('',#5990,#3095,#3096);
#2616=AXIS2_PLACEMENT_3D('',#5991,#3097,#3098);
#2617=AXIS2_PLACEMENT_3D('',#5995,#3100,#3101);
#2618=AXIS2_PLACEMENT_3D('',#6089,#3103,#3104);
#2619=AXIS2_PLACEMENT_3D('',#6090,#3105,#3106);
#2620=AXIS2_PLACEMENT_3D('',#6094,#3108,#3109);
#2621=AXIS2_PLACEMENT_3D('',#6095,#3110,#3111);
#2622=AXIS2_PLACEMENT_3D('',#6096,#3112,#3113);
#2623=AXIS2_PLACEMENT_3D('',#6098,#3114,#3115);
#2624=AXIS2_PLACEMENT_3D('',#6101,#3117,#3118);
#2625=AXIS2_PLACEMENT_3D('',#6102,#3119,#3120);
#2626=AXIS2_PLACEMENT_3D('',#6106,#3122,#3123);
#2627=AXIS2_PLACEMENT_3D('',#6200,#3125,#3126);
#2628=AXIS2_PLACEMENT_3D('',#6201,#3127,#3128);
#2629=AXIS2_PLACEMENT_3D('',#6205,#3130,#3131);
#2630=AXIS2_PLACEMENT_3D('',#6299,#3133,#3134);
#2631=AXIS2_PLACEMENT_3D('',#6300,#3135,#3136);
#2632=AXIS2_PLACEMENT_3D('',#6304,#3138,#3139);
#2633=AXIS2_PLACEMENT_3D('',#6305,#3140,#3141);
#2634=AXIS2_PLACEMENT_3D('',#6306,#3142,#3143);
#2635=AXIS2_PLACEMENT_3D('',#6308,#3144,#3145);
#2636=AXIS2_PLACEMENT_3D('',#6311,#3147,#3148);
#2637=AXIS2_PLACEMENT_3D('',#6312,#3149,#3150);
#2638=AXIS2_PLACEMENT_3D('',#6316,#3152,#3153);
#2639=AXIS2_PLACEMENT_3D('',#6410,#3155,#3156);
#2640=AXIS2_PLACEMENT_3D('',#6411,#3157,#3158);
#2641=AXIS2_PLACEMENT_3D('',#6415,#3160,#3161);
#2642=AXIS2_PLACEMENT_3D('',#6509,#3163,#3164);
#2643=AXIS2_PLACEMENT_3D('',#6510,#3165,#3166);
#2644=AXIS2_PLACEMENT_3D('',#6514,#3168,#3169);
#2645=AXIS2_PLACEMENT_3D('',#6515,#3170,#3171);
#2646=AXIS2_PLACEMENT_3D('',#6516,#3172,#3173);
#2647=AXIS2_PLACEMENT_3D('',#6518,#3174,#3175);
#2648=AXIS2_PLACEMENT_3D('',#6521,#3177,#3178);
#2649=AXIS2_PLACEMENT_3D('',#6522,#3179,#3180);
#2650=AXIS2_PLACEMENT_3D('',#6526,#3182,#3183);
#2651=AXIS2_PLACEMENT_3D('',#6620,#3185,#3186);
#2652=AXIS2_PLACEMENT_3D('',#6621,#3187,#3188);
#2653=AXIS2_PLACEMENT_3D('',#6625,#3190,#3191);
#2654=AXIS2_PLACEMENT_3D('',#6719,#3193,#3194);
#2655=AXIS2_PLACEMENT_3D('',#6720,#3195,#3196);
#2656=AXIS2_PLACEMENT_3D('',#6724,#3198,#3199);
#2657=AXIS2_PLACEMENT_3D('',#6725,#3200,#3201);
#2658=AXIS2_PLACEMENT_3D('',#6726,#3202,#3203);
#2659=AXIS2_PLACEMENT_3D('',#6728,#3204,#3205);
#2660=AXIS2_PLACEMENT_3D('',#6731,#3207,#3208);
#2661=AXIS2_PLACEMENT_3D('',#6732,#3209,#3210);
#2662=AXIS2_PLACEMENT_3D('',#6736,#3212,#3213);
#2663=AXIS2_PLACEMENT_3D('',#6830,#3215,#3216);
#2664=AXIS2_PLACEMENT_3D('',#6831,#3217,#3218);
#2665=AXIS2_PLACEMENT_3D('',#6835,#3220,#3221);
#2666=AXIS2_PLACEMENT_3D('',#6929,#3223,#3224);
#2667=AXIS2_PLACEMENT_3D('',#6930,#3225,#3226);
#2668=AXIS2_PLACEMENT_3D('',#6934,#3228,#3229);
#2669=AXIS2_PLACEMENT_3D('',#6935,#3230,#3231);
#2670=AXIS2_PLACEMENT_3D('',#6936,#3232,#3233);
#2671=AXIS2_PLACEMENT_3D('',#6938,#3234,#3235);
#2672=AXIS2_PLACEMENT_3D('',#6941,#3237,#3238);
#2673=AXIS2_PLACEMENT_3D('',#6942,#3239,#3240);
#2674=AXIS2_PLACEMENT_3D('',#6946,#3242,#3243);
#2675=AXIS2_PLACEMENT_3D('',#7040,#3245,#3246);
#2676=AXIS2_PLACEMENT_3D('',#7041,#3247,#3248);
#2677=AXIS2_PLACEMENT_3D('',#7045,#3250,#3251);
#2678=AXIS2_PLACEMENT_3D('',#7139,#3253,#3254);
#2679=AXIS2_PLACEMENT_3D('',#7140,#3255,#3256);
#2680=AXIS2_PLACEMENT_3D('',#7144,#3258,#3259);
#2681=AXIS2_PLACEMENT_3D('',#7145,#3260,#3261);
#2682=AXIS2_PLACEMENT_3D('',#7146,#3262,#3263);
#2683=AXIS2_PLACEMENT_3D('',#7148,#3264,#3265);
#2684=AXIS2_PLACEMENT_3D('',#7151,#3267,#3268);
#2685=AXIS2_PLACEMENT_3D('',#7152,#3269,#3270);
#2686=AXIS2_PLACEMENT_3D('',#7156,#3272,#3273);
#2687=AXIS2_PLACEMENT_3D('',#7250,#3275,#3276);
#2688=AXIS2_PLACEMENT_3D('',#7251,#3277,#3278);
#2689=AXIS2_PLACEMENT_3D('',#7255,#3280,#3281);
#2690=AXIS2_PLACEMENT_3D('',#7349,#3283,#3284);
#2691=AXIS2_PLACEMENT_3D('',#7350,#3285,#3286);
#2692=AXIS2_PLACEMENT_3D('',#7354,#3288,#3289);
#2693=AXIS2_PLACEMENT_3D('',#7355,#3290,#3291);
#2694=AXIS2_PLACEMENT_3D('',#7356,#3292,#3293);
#2695=AXIS2_PLACEMENT_3D('',#7358,#3294,#3295);
#2696=AXIS2_PLACEMENT_3D('',#7361,#3297,#3298);
#2697=AXIS2_PLACEMENT_3D('',#7362,#3299,#3300);
#2698=AXIS2_PLACEMENT_3D('',#7366,#3302,#3303);
#2699=AXIS2_PLACEMENT_3D('',#7460,#3305,#3306);
#2700=AXIS2_PLACEMENT_3D('',#7461,#3307,#3308);
#2701=AXIS2_PLACEMENT_3D('',#7465,#3310,#3311);
#2702=AXIS2_PLACEMENT_3D('',#7559,#3313,#3314);
#2703=AXIS2_PLACEMENT_3D('',#7560,#3315,#3316);
#2704=AXIS2_PLACEMENT_3D('',#7561,#3317,#3318);
#2705=AXIS2_PLACEMENT_3D('',#7562,#3319,#3320);
#2706=AXIS2_PLACEMENT_3D('',#7575,#3327,#3328);
#2707=AXIS2_PLACEMENT_3D('',#7576,#3329,#3330);
#2708=AXIS2_PLACEMENT_3D('',#7578,#3331,#3332);
#2709=AXIS2_PLACEMENT_3D('',#7579,#3333,#3334);
#2710=AXIS2_PLACEMENT_3D('',#7581,#3335,#3336);
#2711=AXIS2_PLACEMENT_3D('',#7594,#3343,#3344);
#2712=AXIS2_PLACEMENT_3D('',#7597,#3347,#3348);
#2713=AXIS2_PLACEMENT_3D('',#7599,#3350,#3351);
#2714=AXIS2_PLACEMENT_3D('',#7601,#3353,#3354);
#2715=AXIS2_PLACEMENT_3D('',#7603,#3356,#3357);
#2716=AXIS2_PLACEMENT_3D('',#7605,#3359,#3360);
#2717=DIRECTION('',(0.,0.,1.));
#2718=DIRECTION('',(1.,0.,0.));
#2719=DIRECTION('',(0.,0.,-1.));
#2720=DIRECTION('',(0.951056516295154,-0.309016994374948,0.));
#2721=DIRECTION('',(0.,0.,1.));
#2722=DIRECTION('',(-0.951056516295154,0.309016994374948,0.));
#2723=DIRECTION('',(0.,0.,-1.));
#2724=DIRECTION('',(0.,0.,1.));
#2725=DIRECTION('',(-0.951056516295154,0.309016994374948,0.));
#2726=DIRECTION('',(0.,0.,-1.));
#2727=DIRECTION('',(0.,0.,-1.));
#2728=DIRECTION('',(0.951056516295154,-0.309016994374948,0.));
#2729=DIRECTION('',(0.,0.,1.));
#2730=DIRECTION('',(-0.951056516295154,0.309016994374948,0.));
#2731=DIRECTION('',(0.,0.,-1.));
#2732=DIRECTION('',(0.,0.,1.));
#2733=DIRECTION('',(-0.951056516295154,0.309016994374948,0.));
#2734=DIRECTION('',(0.,0.,-1.));
#2735=DIRECTION('',(0.,0.,-1.));
#2736=DIRECTION('',(-1.,0.,0.));
#2737=DIRECTION('',(0.,0.,1.));
#2738=DIRECTION('',(1.,0.,0.));
#2739=DIRECTION('',(0.,0.,-1.));
#2740=DIRECTION('',(0.,0.,1.));
#2741=DIRECTION('',(1.,0.,0.));
#2742=DIRECTION('',(0.,0.,-1.));
#2743=DIRECTION('',(0.,0.,-1.));
#2744=DIRECTION('',(0.809016994374947,-0.587785252292473,0.));
#2745=DIRECTION('',(0.,0.,1.));
#2746=DIRECTION('',(-0.809016994374947,0.587785252292473,0.));
#2747=DIRECTION('',(0.,0.,-1.));
#2748=DIRECTION('',(0.,0.,1.));
#2749=DIRECTION('',(-0.809016994374947,0.587785252292473,0.));
#2750=DIRECTION('',(0.,0.,-1.));
#2751=DIRECTION('',(0.809016994374947,-0.587785252292473,0.));
#2752=DIRECTION('',(0.,0.,1.));
#2753=DIRECTION('',(-0.809016994374947,0.587785252292473,0.));
#2754=DIRECTION('',(0.,0.,1.));
#2755=DIRECTION('',(-0.809016994374947,0.587785252292473,0.));
#2756=DIRECTION('',(0.,0.,-1.));
#2757=DIRECTION('',(0.,0.,-1.));
#2758=DIRECTION('',(0.809016994374947,-0.587785252292473,0.));
#2759=DIRECTION('',(0.,0.,1.));
#2760=DIRECTION('',(-0.809016994374947,0.587785252292473,0.));
#2761=DIRECTION('',(0.,0.,-1.));
#2762=DIRECTION('',(0.,0.,1.));
#2763=DIRECTION('',(-0.809016994374947,0.587785252292473,0.));
#2764=DIRECTION('',(0.,0.,-1.));
#2765=DIRECTION('',(0.,0.,-1.));
#2766=DIRECTION('',(-1.,0.,0.));
#2767=DIRECTION('',(0.,0.,1.));
#2768=DIRECTION('',(1.,0.,0.));
#2769=DIRECTION('',(0.,0.,-1.));
#2770=DIRECTION('',(0.,0.,1.));
#2771=DIRECTION('',(1.,0.,0.));
#2772=DIRECTION('',(0.,0.,-1.));
#2773=DIRECTION('',(0.,0.,-1.));
#2774=DIRECTION('',(0.587785252292473,-0.809016994374948,0.));
#2775=DIRECTION('',(0.,0.,1.));
#2776=DIRECTION('',(-0.587785252292473,0.809016994374948,0.));
#2777=DIRECTION('',(0.,0.,-1.));
#2778=DIRECTION('',(0.,0.,1.));
#2779=DIRECTION('',(-0.587785252292473,0.809016994374948,0.));
#2780=DIRECTION('',(0.,0.,-1.));
#2781=DIRECTION('',(0.587785252292473,-0.809016994374948,0.));
#2782=DIRECTION('',(0.,0.,1.));
#2783=DIRECTION('',(-0.587785252292473,0.809016994374948,0.));
#2784=DIRECTION('',(0.,0.,1.));
#2785=DIRECTION('',(-0.587785252292473,0.809016994374948,0.));
#2786=DIRECTION('',(0.,0.,-1.));
#2787=DIRECTION('',(0.,0.,-1.));
#2788=DIRECTION('',(0.587785252292473,-0.809016994374948,0.));
#2789=DIRECTION('',(0.,0.,1.));
#2790=DIRECTION('',(-0.587785252292473,0.809016994374948,0.));
#2791=DIRECTION('',(0.,0.,-1.));
#2792=DIRECTION('',(0.,0.,1.));
#2793=DIRECTION('',(-0.587785252292473,0.809016994374948,0.));
#2794=DIRECTION('',(0.,0.,-1.));
#2795=DIRECTION('',(0.,0.,-1.));
#2796=DIRECTION('',(-1.,0.,0.));
#2797=DIRECTION('',(0.,0.,1.));
#2798=DIRECTION('',(1.,0.,0.));
#2799=DIRECTION('',(0.,0.,-1.));
#2800=DIRECTION('',(0.,0.,1.));
#2801=DIRECTION('',(1.,0.,0.));
#2802=DIRECTION('',(0.,0.,-1.));
#2803=DIRECTION('',(0.,0.,-1.));
#2804=DIRECTION('',(0.309016994374948,-0.951056516295154,0.));
#2805=DIRECTION('',(0.,0.,1.));
#2806=DIRECTION('',(-0.309016994374948,0.951056516295154,0.));
#2807=DIRECTION('',(0.,0.,-1.));
#2808=DIRECTION('',(0.,0.,1.));
#2809=DIRECTION('',(-0.309016994374948,0.951056516295154,0.));
#2810=DIRECTION('',(0.,0.,-1.));
#2811=DIRECTION('',(0.309016994374948,-0.951056516295154,0.));
#2812=DIRECTION('',(0.,0.,1.));
#2813=DIRECTION('',(-0.309016994374948,0.951056516295154,0.));
#2814=DIRECTION('',(0.,0.,1.));
#2815=DIRECTION('',(-0.309016994374948,0.951056516295154,0.));
#2816=DIRECTION('',(0.,0.,-1.));
#2817=DIRECTION('',(0.,0.,-1.));
#2818=DIRECTION('',(0.309016994374948,-0.951056516295154,0.));
#2819=DIRECTION('',(0.,0.,1.));
#2820=DIRECTION('',(-0.309016994374948,0.951056516295154,0.));
#2821=DIRECTION('',(0.,0.,-1.));
#2822=DIRECTION('',(0.,0.,1.));
#2823=DIRECTION('',(-0.309016994374948,0.951056516295154,0.));
#2824=DIRECTION('',(0.,0.,-1.));
#2825=DIRECTION('',(0.,0.,-1.));
#2826=DIRECTION('',(-1.,0.,0.));
#2827=DIRECTION('',(0.,0.,1.));
#2828=DIRECTION('',(1.,0.,0.));
#2829=DIRECTION('',(0.,0.,-1.));
#2830=DIRECTION('',(0.,0.,1.));
#2831=DIRECTION('',(1.,0.,0.));
#2832=DIRECTION('',(0.,0.,-1.));
#2833=DIRECTION('',(0.,0.,-1.));
#2834=DIRECTION('',(-6.12323399573677E-17,-1.,0.));
#2835=DIRECTION('',(0.,0.,1.));
#2836=DIRECTION('',(6.12323399573677E-17,1.,0.));
#2837=DIRECTION('',(0.,0.,-1.));
#2838=DIRECTION('',(0.,0.,1.));
#2839=DIRECTION('',(6.12323399573677E-17,1.,0.));
#2840=DIRECTION('',(0.,0.,-1.));
#2841=DIRECTION('',(-6.12323399573677E-17,-1.,0.));
#2842=DIRECTION('',(0.,0.,1.));
#2843=DIRECTION('',(6.12323399573677E-17,1.,0.));
#2844=DIRECTION('',(0.,0.,1.));
#2845=DIRECTION('',(6.12323399573677E-17,1.,0.));
#2846=DIRECTION('',(0.,0.,-1.));
#2847=DIRECTION('',(0.,0.,-1.));
#2848=DIRECTION('',(-6.12323399573677E-17,-1.,0.));
#2849=DIRECTION('',(0.,0.,1.));
#2850=DIRECTION('',(6.12323399573677E-17,1.,0.));
#2851=DIRECTION('',(0.,0.,-1.));
#2852=DIRECTION('',(0.,0.,1.));
#2853=DIRECTION('',(6.12323399573677E-17,1.,0.));
#2854=DIRECTION('',(0.,0.,-1.));
#2855=DIRECTION('',(0.,0.,-1.));
#2856=DIRECTION('',(-1.,0.,0.));
#2857=DIRECTION('',(0.,0.,1.));
#2858=DIRECTION('',(1.,0.,0.));
#2859=DIRECTION('',(0.,0.,-1.));
#2860=DIRECTION('',(0.,0.,1.));
#2861=DIRECTION('',(1.,0.,0.));
#2862=DIRECTION('',(0.,0.,-1.));
#2863=DIRECTION('',(0.,0.,-1.));
#2864=DIRECTION('',(-0.309016994374948,-0.951056516295154,0.));
#2865=DIRECTION('',(0.,0.,1.));
#2866=DIRECTION('',(0.309016994374948,0.951056516295154,0.));
#2867=DIRECTION('',(0.,0.,-1.));
#2868=DIRECTION('',(0.,0.,1.));
#2869=DIRECTION('',(0.309016994374948,0.951056516295154,0.));
#2870=DIRECTION('',(0.,0.,-1.));
#2871=DIRECTION('',(-0.309016994374948,-0.951056516295154,0.));
#2872=DIRECTION('',(0.,0.,1.));
#2873=DIRECTION('',(0.309016994374948,0.951056516295154,0.));
#2874=DIRECTION('',(0.,0.,1.));
#2875=DIRECTION('',(0.309016994374948,0.951056516295154,0.));
#2876=DIRECTION('',(0.,0.,-1.));
#2877=DIRECTION('',(0.,0.,-1.));
#2878=DIRECTION('',(-0.309016994374948,-0.951056516295154,0.));
#2879=DIRECTION('',(0.,0.,1.));
#2880=DIRECTION('',(0.309016994374948,0.951056516295154,0.));
#2881=DIRECTION('',(0.,0.,-1.));
#2882=DIRECTION('',(0.,0.,1.));
#2883=DIRECTION('',(0.309016994374948,0.951056516295154,0.));
#2884=DIRECTION('',(0.,0.,-1.));
#2885=DIRECTION('',(0.,0.,-1.));
#2886=DIRECTION('',(-1.,0.,0.));
#2887=DIRECTION('',(0.,0.,1.));
#2888=DIRECTION('',(1.,0.,0.));
#2889=DIRECTION('',(0.,0.,-1.));
#2890=DIRECTION('',(0.,0.,1.));
#2891=DIRECTION('',(1.,0.,0.));
#2892=DIRECTION('',(0.,0.,-1.));
#2893=DIRECTION('',(0.,0.,-1.));
#2894=DIRECTION('',(-0.587785252292473,-0.809016994374948,0.));
#2895=DIRECTION('',(0.,0.,1.));
#2896=DIRECTION('',(0.587785252292473,0.809016994374948,0.));
#2897=DIRECTION('',(0.,0.,-1.));
#2898=DIRECTION('',(0.,0.,1.));
#2899=DIRECTION('',(0.587785252292473,0.809016994374948,0.));
#2900=DIRECTION('',(0.,0.,-1.));
#2901=DIRECTION('',(-0.587785252292473,-0.809016994374948,0.));
#2902=DIRECTION('',(0.,0.,1.));
#2903=DIRECTION('',(0.587785252292473,0.809016994374948,0.));
#2904=DIRECTION('',(0.,0.,1.));
#2905=DIRECTION('',(0.587785252292473,0.809016994374948,0.));
#2906=DIRECTION('',(0.,0.,-1.));
#2907=DIRECTION('',(0.,0.,-1.));
#2908=DIRECTION('',(-0.587785252292473,-0.809016994374948,0.));
#2909=DIRECTION('',(0.,0.,1.));
#2910=DIRECTION('',(0.587785252292473,0.809016994374948,0.));
#2911=DIRECTION('',(0.,0.,-1.));
#2912=DIRECTION('',(0.,0.,1.));
#2913=DIRECTION('',(0.587785252292473,0.809016994374948,0.));
#2914=DIRECTION('',(0.,0.,-1.));
#2915=DIRECTION('',(0.,0.,-1.));
#2916=DIRECTION('',(-1.,0.,0.));
#2917=DIRECTION('',(0.,0.,1.));
#2918=DIRECTION('',(1.,0.,0.));
#2919=DIRECTION('',(0.,0.,-1.));
#2920=DIRECTION('',(0.,0.,1.));
#2921=DIRECTION('',(1.,0.,0.));
#2922=DIRECTION('',(0.,0.,-1.));
#2923=DIRECTION('',(0.,0.,-1.));
#2924=DIRECTION('',(-0.809016994374948,-0.587785252292473,0.));
#2925=DIRECTION('',(0.,0.,1.));
#2926=DIRECTION('',(0.809016994374948,0.587785252292473,0.));
#2927=DIRECTION('',(0.,0.,-1.));
#2928=DIRECTION('',(0.,0.,1.));
#2929=DIRECTION('',(0.809016994374948,0.587785252292473,0.));
#2930=DIRECTION('',(0.,0.,-1.));
#2931=DIRECTION('',(-0.809016994374948,-0.587785252292473,0.));
#2932=DIRECTION('',(0.,0.,1.));
#2933=DIRECTION('',(0.809016994374948,0.587785252292473,0.));
#2934=DIRECTION('',(0.,0.,1.));
#2935=DIRECTION('',(0.809016994374948,0.587785252292473,0.));
#2936=DIRECTION('',(0.,0.,-1.));
#2937=DIRECTION('',(0.,0.,-1.));
#2938=DIRECTION('',(-0.809016994374948,-0.587785252292473,0.));
#2939=DIRECTION('',(0.,0.,1.));
#2940=DIRECTION('',(0.809016994374948,0.587785252292473,0.));
#2941=DIRECTION('',(0.,0.,-1.));
#2942=DIRECTION('',(0.,0.,1.));
#2943=DIRECTION('',(0.809016994374948,0.587785252292473,0.));
#2944=DIRECTION('',(0.,0.,-1.));
#2945=DIRECTION('',(0.,0.,-1.));
#2946=DIRECTION('',(-1.,0.,0.));
#2947=DIRECTION('',(0.,0.,1.));
#2948=DIRECTION('',(1.,0.,0.));
#2949=DIRECTION('',(0.,0.,-1.));
#2950=DIRECTION('',(0.,0.,1.));
#2951=DIRECTION('',(1.,0.,0.));
#2952=DIRECTION('',(0.,0.,-1.));
#2953=DIRECTION('',(0.,0.,-1.));
#2954=DIRECTION('',(-0.951056516295154,-0.309016994374948,0.));
#2955=DIRECTION('',(0.,0.,1.));
#2956=DIRECTION('',(0.951056516295154,0.309016994374948,0.));
#2957=DIRECTION('',(0.,0.,-1.));
#2958=DIRECTION('',(0.,0.,1.));
#2959=DIRECTION('',(0.951056516295154,0.309016994374948,0.));
#2960=DIRECTION('',(0.,0.,-1.));
#2961=DIRECTION('',(-0.951056516295154,-0.309016994374948,0.));
#2962=DIRECTION('',(0.,0.,1.));
#2963=DIRECTION('',(0.951056516295154,0.309016994374948,0.));
#2964=DIRECTION('',(0.,0.,1.));
#2965=DIRECTION('',(0.951056516295154,0.309016994374948,0.));
#2966=DIRECTION('',(0.,0.,-1.));
#2967=DIRECTION('',(0.,0.,-1.));
#2968=DIRECTION('',(-0.951056516295154,-0.309016994374948,0.));
#2969=DIRECTION('',(0.,0.,1.));
#2970=DIRECTION('',(0.951056516295154,0.309016994374948,0.));
#2971=DIRECTION('',(0.,0.,-1.));
#2972=DIRECTION('',(0.,0.,1.));
#2973=DIRECTION('',(0.951056516295154,0.309016994374948,0.));
#2974=DIRECTION('',(0.,0.,-1.));
#2975=DIRECTION('',(0.,0.,-1.));
#2976=DIRECTION('',(-1.,0.,0.));
#2977=DIRECTION('',(0.,0.,1.));
#2978=DIRECTION('',(1.,0.,0.));
#2979=DIRECTION('',(0.,0.,-1.));
#2980=DIRECTION('',(0.,0.,1.));
#2981=DIRECTION('',(1.,0.,0.));
#2982=DIRECTION('',(0.,0.,-1.));
#2983=DIRECTION('',(0.,0.,-1.));
#2984=DIRECTION('',(-1.,0.,0.));
#2985=DIRECTION('',(0.,0.,1.));
#2986=DIRECTION('',(1.,0.,0.));
#2987=DIRECTION('',(0.,0.,-1.));
#2988=DIRECTION('',(0.,0.,1.));
#2989=DIRECTION('',(1.,0.,0.));
#2990=DIRECTION('',(0.,0.,-1.));
#2991=DIRECTION('',(-1.,0.,0.));
#2992=DIRECTION('',(0.,0.,1.));
#2993=DIRECTION('',(1.,0.,0.));
#2994=DIRECTION('',(0.,0.,1.));
#2995=DIRECTION('',(1.,0.,0.));
#2996=DIRECTION('',(0.,0.,-1.));
#2997=DIRECTION('',(0.,0.,-1.));
#2998=DIRECTION('',(-1.,0.,0.));
#2999=DIRECTION('',(0.,0.,1.));
#3000=DIRECTION('',(1.,0.,0.));
#3001=DIRECTION('',(0.,0.,-1.));
#3002=DIRECTION('',(0.,0.,1.));
#3003=DIRECTION('',(1.,0.,0.));
#3004=DIRECTION('',(0.,0.,-1.));
#3005=DIRECTION('',(0.,0.,-1.));
#3006=DIRECTION('',(-1.,0.,0.));
#3007=DIRECTION('',(0.,0.,1.));
#3008=DIRECTION('',(1.,0.,0.));
#3009=DIRECTION('',(0.,0.,-1.));
#3010=DIRECTION('',(0.,0.,1.));
#3011=DIRECTION('',(1.,0.,0.));
#3012=DIRECTION('',(0.,0.,-1.));
#3013=DIRECTION('',(0.,0.,-1.));
#3014=DIRECTION('',(-0.951056516295154,0.309016994374948,0.));
#3015=DIRECTION('',(0.,0.,1.));
#3016=DIRECTION('',(0.951056516295154,-0.309016994374948,0.));
#3017=DIRECTION('',(0.,0.,-1.));
#3018=DIRECTION('',(0.,0.,1.));
#3019=DIRECTION('',(0.951056516295154,-0.309016994374948,0.));
#3020=DIRECTION('',(0.,0.,-1.));
#3021=DIRECTION('',(-0.951056516295154,0.309016994374948,0.));
#3022=DIRECTION('',(0.,0.,1.));
#3023=DIRECTION('',(0.951056516295154,-0.309016994374948,0.));
#3024=DIRECTION('',(0.,0.,1.));
#3025=DIRECTION('',(0.951056516295154,-0.309016994374948,0.));
#3026=DIRECTION('',(0.,0.,-1.));
#3027=DIRECTION('',(0.,0.,-1.));
#3028=DIRECTION('',(-0.951056516295154,0.309016994374948,0.));
#3029=DIRECTION('',(0.,0.,1.));
#3030=DIRECTION('',(0.951056516295154,-0.309016994374948,0.));
#3031=DIRECTION('',(0.,0.,-1.));
#3032=DIRECTION('',(0.,0.,1.));
#3033=DIRECTION('',(0.951056516295154,-0.309016994374948,0.));
#3034=DIRECTION('',(0.,0.,-1.));
#3035=DIRECTION('',(0.,0.,-1.));
#3036=DIRECTION('',(-1.,0.,0.));
#3037=DIRECTION('',(0.,0.,1.));
#3038=DIRECTION('',(1.,0.,0.));
#3039=DIRECTION('',(0.,0.,-1.));
#3040=DIRECTION('',(0.,0.,1.));
#3041=DIRECTION('',(1.,0.,0.));
#3042=DIRECTION('',(0.,0.,-1.));
#3043=DIRECTION('',(0.,0.,-1.));
#3044=DIRECTION('',(-0.809016994374947,0.587785252292473,0.));
#3045=DIRECTION('',(0.,0.,1.));
#3046=DIRECTION('',(0.809016994374947,-0.587785252292473,0.));
#3047=DIRECTION('',(0.,0.,-1.));
#3048=DIRECTION('',(0.,0.,1.));
#3049=DIRECTION('',(0.809016994374947,-0.587785252292473,0.));
#3050=DIRECTION('',(0.,0.,-1.));
#3051=DIRECTION('',(-0.809016994374947,0.587785252292473,0.));
#3052=DIRECTION('',(0.,0.,1.));
#3053=DIRECTION('',(0.809016994374947,-0.587785252292473,0.));
#3054=DIRECTION('',(0.,0.,1.));
#3055=DIRECTION('',(0.809016994374947,-0.587785252292473,0.));
#3056=DIRECTION('',(0.,0.,-1.));
#3057=DIRECTION('',(0.,0.,-1.));
#3058=DIRECTION('',(-0.809016994374947,0.587785252292473,0.));
#3059=DIRECTION('',(0.,0.,1.));
#3060=DIRECTION('',(0.809016994374947,-0.587785252292473,0.));
#3061=DIRECTION('',(0.,0.,-1.));
#3062=DIRECTION('',(0.,0.,1.));
#3063=DIRECTION('',(0.809016994374947,-0.587785252292473,0.));
#3064=DIRECTION('',(0.,0.,-1.));
#3065=DIRECTION('',(0.,0.,-1.));
#3066=DIRECTION('',(-1.,0.,0.));
#3067=DIRECTION('',(0.,0.,1.));
#3068=DIRECTION('',(1.,0.,0.));
#3069=DIRECTION('',(0.,0.,-1.));
#3070=DIRECTION('',(0.,0.,1.));
#3071=DIRECTION('',(1.,0.,0.));
#3072=DIRECTION('',(0.,0.,-1.));
#3073=DIRECTION('',(0.,0.,-1.));
#3074=DIRECTION('',(-0.587785252292473,0.809016994374948,0.));
#3075=DIRECTION('',(0.,0.,1.));
#3076=DIRECTION('',(0.587785252292473,-0.809016994374948,0.));
#3077=DIRECTION('',(0.,0.,-1.));
#3078=DIRECTION('',(0.,0.,1.));
#3079=DIRECTION('',(0.587785252292473,-0.809016994374948,0.));
#3080=DIRECTION('',(0.,0.,-1.));
#3081=DIRECTION('',(-0.587785252292473,0.809016994374948,0.));
#3082=DIRECTION('',(0.,0.,1.));
#3083=DIRECTION('',(0.587785252292473,-0.809016994374948,0.));
#3084=DIRECTION('',(0.,0.,1.));
#3085=DIRECTION('',(0.587785252292473,-0.809016994374948,0.));
#3086=DIRECTION('',(0.,0.,-1.));
#3087=DIRECTION('',(0.,0.,-1.));
#3088=DIRECTION('',(-0.587785252292473,0.809016994374948,0.));
#3089=DIRECTION('',(0.,0.,1.));
#3090=DIRECTION('',(0.587785252292473,-0.809016994374948,0.));
#3091=DIRECTION('',(0.,0.,-1.));
#3092=DIRECTION('',(0.,0.,1.));
#3093=DIRECTION('',(0.587785252292473,-0.809016994374948,0.));
#3094=DIRECTION('',(0.,0.,-1.));
#3095=DIRECTION('',(0.,0.,-1.));
#3096=DIRECTION('',(-1.,0.,0.));
#3097=DIRECTION('',(0.,0.,1.));
#3098=DIRECTION('',(1.,0.,0.));
#3099=DIRECTION('',(0.,0.,-1.));
#3100=DIRECTION('',(0.,0.,1.));
#3101=DIRECTION('',(1.,0.,0.));
#3102=DIRECTION('',(0.,0.,-1.));
#3103=DIRECTION('',(0.,0.,-1.));
#3104=DIRECTION('',(-0.309016994374948,0.951056516295154,0.));
#3105=DIRECTION('',(0.,0.,1.));
#3106=DIRECTION('',(0.309016994374948,-0.951056516295154,0.));
#3107=DIRECTION('',(0.,0.,-1.));
#3108=DIRECTION('',(0.,0.,1.));
#3109=DIRECTION('',(0.309016994374948,-0.951056516295154,0.));
#3110=DIRECTION('',(0.,0.,-1.));
#3111=DIRECTION('',(-0.309016994374948,0.951056516295154,0.));
#3112=DIRECTION('',(0.,0.,1.));
#3113=DIRECTION('',(0.309016994374948,-0.951056516295154,0.));
#3114=DIRECTION('',(0.,0.,1.));
#3115=DIRECTION('',(0.309016994374948,-0.951056516295154,0.));
#3116=DIRECTION('',(0.,0.,-1.));
#3117=DIRECTION('',(0.,0.,-1.));
#3118=DIRECTION('',(-0.309016994374948,0.951056516295154,0.));
#3119=DIRECTION('',(0.,0.,1.));
#3120=DIRECTION('',(0.309016994374948,-0.951056516295154,0.));
#3121=DIRECTION('',(0.,0.,-1.));
#3122=DIRECTION('',(0.,0.,1.));
#3123=DIRECTION('',(0.309016994374948,-0.951056516295154,0.));
#3124=DIRECTION('',(0.,0.,-1.));
#3125=DIRECTION('',(0.,0.,-1.));
#3126=DIRECTION('',(-1.,0.,0.));
#3127=DIRECTION('',(0.,0.,1.));
#3128=DIRECTION('',(1.,0.,0.));
#3129=DIRECTION('',(0.,0.,-1.));
#3130=DIRECTION('',(0.,0.,1.));
#3131=DIRECTION('',(1.,0.,0.));
#3132=DIRECTION('',(0.,0.,-1.));
#3133=DIRECTION('',(0.,0.,-1.));
#3134=DIRECTION('',(1.83697019872103E-16,1.,0.));
#3135=DIRECTION('',(0.,0.,1.));
#3136=DIRECTION('',(-1.83697019872103E-16,-1.,0.));
#3137=DIRECTION('',(0.,0.,-1.));
#3138=DIRECTION('',(0.,0.,1.));
#3139=DIRECTION('',(-1.83697019872103E-16,-1.,0.));
#3140=DIRECTION('',(0.,0.,-1.));
#3141=DIRECTION('',(1.83697019872103E-16,1.,0.));
#3142=DIRECTION('',(0.,0.,1.));
#3143=DIRECTION('',(-1.83697019872103E-16,-1.,0.));
#3144=DIRECTION('',(0.,0.,1.));
#3145=DIRECTION('',(-1.83697019872103E-16,-1.,0.));
#3146=DIRECTION('',(0.,0.,-1.));
#3147=DIRECTION('',(0.,0.,-1.));
#3148=DIRECTION('',(1.83697019872103E-16,1.,0.));
#3149=DIRECTION('',(0.,0.,1.));
#3150=DIRECTION('',(-1.83697019872103E-16,-1.,0.));
#3151=DIRECTION('',(0.,0.,-1.));
#3152=DIRECTION('',(0.,0.,1.));
#3153=DIRECTION('',(-1.83697019872103E-16,-1.,0.));
#3154=DIRECTION('',(0.,0.,-1.));
#3155=DIRECTION('',(0.,0.,-1.));
#3156=DIRECTION('',(-1.,0.,0.));
#3157=DIRECTION('',(0.,0.,1.));
#3158=DIRECTION('',(1.,0.,0.));
#3159=DIRECTION('',(0.,0.,-1.));
#3160=DIRECTION('',(0.,0.,1.));
#3161=DIRECTION('',(1.,0.,0.));
#3162=DIRECTION('',(0.,0.,-1.));
#3163=DIRECTION('',(0.,0.,-1.));
#3164=DIRECTION('',(0.309016994374948,0.951056516295154,0.));
#3165=DIRECTION('',(0.,0.,1.));
#3166=DIRECTION('',(-0.309016994374948,-0.951056516295154,0.));
#3167=DIRECTION('',(0.,0.,-1.));
#3168=DIRECTION('',(0.,0.,1.));
#3169=DIRECTION('',(-0.309016994374948,-0.951056516295154,0.));
#3170=DIRECTION('',(0.,0.,-1.));
#3171=DIRECTION('',(0.309016994374948,0.951056516295154,0.));
#3172=DIRECTION('',(0.,0.,1.));
#3173=DIRECTION('',(-0.309016994374948,-0.951056516295154,0.));
#3174=DIRECTION('',(0.,0.,1.));
#3175=DIRECTION('',(-0.309016994374948,-0.951056516295154,0.));
#3176=DIRECTION('',(0.,0.,-1.));
#3177=DIRECTION('',(0.,0.,-1.));
#3178=DIRECTION('',(0.309016994374948,0.951056516295154,0.));
#3179=DIRECTION('',(0.,0.,1.));
#3180=DIRECTION('',(-0.309016994374948,-0.951056516295154,0.));
#3181=DIRECTION('',(0.,0.,-1.));
#3182=DIRECTION('',(0.,0.,1.));
#3183=DIRECTION('',(-0.309016994374948,-0.951056516295154,0.));
#3184=DIRECTION('',(0.,0.,-1.));
#3185=DIRECTION('',(0.,0.,-1.));
#3186=DIRECTION('',(-1.,0.,0.));
#3187=DIRECTION('',(0.,0.,1.));
#3188=DIRECTION('',(1.,0.,0.));
#3189=DIRECTION('',(0.,0.,-1.));
#3190=DIRECTION('',(0.,0.,1.));
#3191=DIRECTION('',(1.,0.,0.));
#3192=DIRECTION('',(0.,0.,-1.));
#3193=DIRECTION('',(0.,0.,-1.));
#3194=DIRECTION('',(0.587785252292473,0.809016994374947,0.));
#3195=DIRECTION('',(0.,0.,1.));
#3196=DIRECTION('',(-0.587785252292473,-0.809016994374947,0.));
#3197=DIRECTION('',(0.,0.,-1.));
#3198=DIRECTION('',(0.,0.,1.));
#3199=DIRECTION('',(-0.587785252292473,-0.809016994374947,0.));
#3200=DIRECTION('',(0.,0.,-1.));
#3201=DIRECTION('',(0.587785252292473,0.809016994374947,0.));
#3202=DIRECTION('',(0.,0.,1.));
#3203=DIRECTION('',(-0.587785252292473,-0.809016994374947,0.));
#3204=DIRECTION('',(0.,0.,1.));
#3205=DIRECTION('',(-0.587785252292473,-0.809016994374947,0.));
#3206=DIRECTION('',(0.,0.,-1.));
#3207=DIRECTION('',(0.,0.,-1.));
#3208=DIRECTION('',(0.587785252292473,0.809016994374947,0.));
#3209=DIRECTION('',(0.,0.,1.));
#3210=DIRECTION('',(-0.587785252292473,-0.809016994374947,0.));
#3211=DIRECTION('',(0.,0.,-1.));
#3212=DIRECTION('',(0.,0.,1.));
#3213=DIRECTION('',(-0.587785252292473,-0.809016994374947,0.));
#3214=DIRECTION('',(0.,0.,-1.));
#3215=DIRECTION('',(0.,0.,-1.));
#3216=DIRECTION('',(-1.,0.,0.));
#3217=DIRECTION('',(0.,0.,1.));
#3218=DIRECTION('',(1.,0.,0.));
#3219=DIRECTION('',(0.,0.,-1.));
#3220=DIRECTION('',(0.,0.,1.));
#3221=DIRECTION('',(1.,0.,0.));
#3222=DIRECTION('',(0.,0.,-1.));
#3223=DIRECTION('',(0.,0.,-1.));
#3224=DIRECTION('',(0.809016994374948,0.587785252292473,0.));
#3225=DIRECTION('',(0.,0.,1.));
#3226=DIRECTION('',(-0.809016994374948,-0.587785252292473,0.));
#3227=DIRECTION('',(0.,0.,-1.));
#3228=DIRECTION('',(0.,0.,1.));
#3229=DIRECTION('',(-0.809016994374948,-0.587785252292473,0.));
#3230=DIRECTION('',(0.,0.,-1.));
#3231=DIRECTION('',(0.809016994374948,0.587785252292473,0.));
#3232=DIRECTION('',(0.,0.,1.));
#3233=DIRECTION('',(-0.809016994374948,-0.587785252292473,0.));
#3234=DIRECTION('',(0.,0.,1.));
#3235=DIRECTION('',(-0.809016994374948,-0.587785252292473,0.));
#3236=DIRECTION('',(0.,0.,-1.));
#3237=DIRECTION('',(0.,0.,-1.));
#3238=DIRECTION('',(0.809016994374948,0.587785252292473,0.));
#3239=DIRECTION('',(0.,0.,1.));
#3240=DIRECTION('',(-0.809016994374948,-0.587785252292473,0.));
#3241=DIRECTION('',(0.,0.,-1.));
#3242=DIRECTION('',(0.,0.,1.));
#3243=DIRECTION('',(-0.809016994374948,-0.587785252292473,0.));
#3244=DIRECTION('',(0.,0.,-1.));
#3245=DIRECTION('',(0.,0.,-1.));
#3246=DIRECTION('',(-1.,0.,0.));
#3247=DIRECTION('',(0.,0.,1.));
#3248=DIRECTION('',(1.,0.,0.));
#3249=DIRECTION('',(0.,0.,-1.));
#3250=DIRECTION('',(0.,0.,1.));
#3251=DIRECTION('',(1.,0.,0.));
#3252=DIRECTION('',(0.,0.,-1.));
#3253=DIRECTION('',(0.,0.,-1.));
#3254=DIRECTION('',(0.951056516295154,0.309016994374948,0.));
#3255=DIRECTION('',(0.,0.,1.));
#3256=DIRECTION('',(-0.951056516295154,-0.309016994374948,0.));
#3257=DIRECTION('',(0.,0.,-1.));
#3258=DIRECTION('',(0.,0.,1.));
#3259=DIRECTION('',(-0.951056516295154,-0.309016994374948,0.));
#3260=DIRECTION('',(0.,0.,-1.));
#3261=DIRECTION('',(0.951056516295154,0.309016994374948,0.));
#3262=DIRECTION('',(0.,0.,1.));
#3263=DIRECTION('',(-0.951056516295154,-0.309016994374948,0.));
#3264=DIRECTION('',(0.,0.,1.));
#3265=DIRECTION('',(-0.951056516295154,-0.309016994374948,0.));
#3266=DIRECTION('',(0.,0.,-1.));
#3267=DIRECTION('',(0.,0.,-1.));
#3268=DIRECTION('',(0.951056516295154,0.309016994374948,0.));
#3269=DIRECTION('',(0.,0.,1.));
#3270=DIRECTION('',(-0.951056516295154,-0.309016994374948,0.));
#3271=DIRECTION('',(0.,0.,-1.));
#3272=DIRECTION('',(0.,0.,1.));
#3273=DIRECTION('',(-0.951056516295154,-0.309016994374948,0.));
#3274=DIRECTION('',(0.,0.,-1.));
#3275=DIRECTION('',(0.,0.,-1.));
#3276=DIRECTION('',(-1.,0.,0.));
#3277=DIRECTION('',(0.,0.,1.));
#3278=DIRECTION('',(1.,0.,0.));
#3279=DIRECTION('',(0.,0.,-1.));
#3280=DIRECTION('',(0.,0.,1.));
#3281=DIRECTION('',(1.,0.,0.));
#3282=DIRECTION('',(0.,0.,-1.));
#3283=DIRECTION('',(0.,0.,-1.));
#3284=DIRECTION('',(1.,-1.22464679914735E-16,0.));
#3285=DIRECTION('',(0.,0.,1.));
#3286=DIRECTION('',(-1.,1.22464679914735E-16,0.));
#3287=DIRECTION('',(0.,0.,-1.));
#3288=DIRECTION('',(0.,0.,1.));
#3289=DIRECTION('',(-1.,1.22464679914735E-16,0.));
#3290=DIRECTION('',(0.,0.,-1.));
#3291=DIRECTION('',(1.,-1.22464679914735E-16,0.));
#3292=DIRECTION('',(0.,0.,1.));
#3293=DIRECTION('',(-1.,1.22464679914735E-16,0.));
#3294=DIRECTION('',(0.,0.,1.));
#3295=DIRECTION('',(-1.,1.22464679914735E-16,0.));
#3296=DIRECTION('',(0.,0.,-1.));
#3297=DIRECTION('',(0.,0.,-1.));
#3298=DIRECTION('',(1.,-1.22464679914735E-16,0.));
#3299=DIRECTION('',(0.,0.,1.));
#3300=DIRECTION('',(-1.,1.22464679914735E-16,0.));
#3301=DIRECTION('',(0.,0.,-1.));
#3302=DIRECTION('',(0.,0.,1.));
#3303=DIRECTION('',(-1.,1.22464679914735E-16,0.));
#3304=DIRECTION('',(0.,0.,-1.));
#3305=DIRECTION('',(0.,0.,-1.));
#3306=DIRECTION('',(-1.,0.,0.));
#3307=DIRECTION('',(0.,0.,1.));
#3308=DIRECTION('',(1.,0.,0.));
#3309=DIRECTION('',(0.,0.,-1.));
#3310=DIRECTION('',(0.,0.,1.));
#3311=DIRECTION('',(1.,0.,0.));
#3312=DIRECTION('',(0.,0.,-1.));
#3313=DIRECTION('',(0.,0.,-1.));
#3314=DIRECTION('',(0.951056516295154,-0.309016994374948,0.));
#3315=DIRECTION('',(0.,0.,1.));
#3316=DIRECTION('',(-0.951056516295154,0.309016994374948,0.));
#3317=DIRECTION('',(0.,0.,1.));
#3318=DIRECTION('',(-0.951056516295154,0.309016994374948,0.));
#3319=DIRECTION('',(0.,0.,1.));
#3320=DIRECTION('',(1.,0.,0.));
#3321=DIRECTION('',(0.5,-0.866025403784439,0.));
#3322=DIRECTION('',(-0.5,-0.866025403784438,0.));
#3323=DIRECTION('',(-1.,0.,0.));
#3324=DIRECTION('',(-0.5,0.866025403784439,0.));
#3325=DIRECTION('',(0.5,0.866025403784439,0.));
#3326=DIRECTION('',(1.,0.,0.));
#3327=DIRECTION('',(0.,0.,1.));
#3328=DIRECTION('',(1.,0.,0.));
#3329=DIRECTION('',(0.,0.,1.));
#3330=DIRECTION('',(1.,0.,0.));
#3331=DIRECTION('',(0.,0.,1.));
#3332=DIRECTION('',(1.,0.,0.));
#3333=DIRECTION('',(0.,0.,-1.));
#3334=DIRECTION('',(-1.,0.,0.));
#3335=DIRECTION('',(0.,0.,-1.));
#3336=DIRECTION('',(1.,0.,0.));
#3337=DIRECTION('',(-0.5,0.866025403784439,0.));
#3338=DIRECTION('',(-1.,0.,0.));
#3339=DIRECTION('',(-0.5,-0.866025403784439,0.));
#3340=DIRECTION('',(0.5,-0.866025403784439,0.));
#3341=DIRECTION('',(1.,0.,0.));
#3342=DIRECTION('',(0.5,0.866025403784438,0.));
#3343=DIRECTION('',(-0.866025403784438,0.5,0.));
#3344=DIRECTION('',(-0.5,-0.866025403784438,0.));
#3345=DIRECTION('',(0.,0.,1.));
#3346=DIRECTION('',(0.,0.,1.));
#3347=DIRECTION('',(0.,1.,0.));
#3348=DIRECTION('',(0.,0.,1.));
#3349=DIRECTION('',(0.,0.,1.));
#3350=DIRECTION('',(0.866025403784439,0.5,0.));
#3351=DIRECTION('',(-0.5,0.866025403784439,0.));
#3352=DIRECTION('',(0.,0.,1.));
#3353=DIRECTION('',(0.866025403784439,-0.5,0.));
#3354=DIRECTION('',(0.5,0.866025403784439,0.));
#3355=DIRECTION('',(0.,0.,1.));
#3356=DIRECTION('',(0.,-1.,0.));
#3357=DIRECTION('',(0.,0.,-1.));
#3358=DIRECTION('',(0.,0.,1.));
#3359=DIRECTION('',(-0.866025403784439,-0.5,0.));
#3360=DIRECTION('',(0.5,-0.866025403784439,0.));
#3361=CARTESIAN_POINT('',(0.,0.,0.));
#3362=CARTESIAN_POINT('',(4.68375338513738E-17,-0.016,0.01184775));
#3363=CARTESIAN_POINT('',(4.68375338513738E-17,-0.016,0.006));
#3364=CARTESIAN_POINT('',(-0.00660749444493173,-0.0136889359246883,0.006));
#3365=CARTESIAN_POINT('',(-0.0067039846767587,-0.0139859023226814,0.006));
#3366=CARTESIAN_POINT('',(-0.00670398467675899,-0.0139859023226813,0.01184775));
#3367=CARTESIAN_POINT('',(-0.00670398467675899,-0.0139859023226813,0.01184775));
#3368=CARTESIAN_POINT('',(4.68375338513738E-17,-0.016,0.01184775));
#3369=CARTESIAN_POINT('',(-0.00660749444493173,-0.0136889359246883,0.01184775));
#3370=CARTESIAN_POINT('',(-0.00660749444493173,-0.0136889359246883,0.01184775));
#3371=CARTESIAN_POINT('',(-0.00694017967797673,-0.013572574587288,0.008923875));
#3372=CARTESIAN_POINT('',(-0.00694017967797673,-0.013572574587288,0.01184775));
#3373=CARTESIAN_POINT('',(-0.00680805860198348,-0.013245827825397,0.01184775));
#3374=CARTESIAN_POINT('',(-0.00680805860198349,-0.013245827825397,0.01184775));
#3375=CARTESIAN_POINT('',(-0.00680805860198348,-0.013245827825397,0.006));
#3376=CARTESIAN_POINT('',(-0.00694017967797673,-0.013572574587288,0.006));
#3377=CARTESIAN_POINT('',(-0.00680805851284622,-0.0132458278614399,0.01184775));
#3378=CARTESIAN_POINT('',(-0.00680805851284622,-0.0132458278614399,0.00600000000000002));
#3379=CARTESIAN_POINT('',(-0.00685746240497456,-0.0132258512430337,0.01184775));
#3380=CARTESIAN_POINT('',(-0.00685746240497456,-0.0132258512430337,0.00600000000000002));
#3381=CARTESIAN_POINT('',(-0.006944231996495,-0.01319068421702,0.01184775));
#3382=CARTESIAN_POINT('',(-0.006944231996495,-0.01319068421702,0.00600000000000002));
#3383=CARTESIAN_POINT('',(-0.00698569999701439,-0.0131737906992344,0.01184775));
#3384=CARTESIAN_POINT('',(-0.00698569999701439,-0.0131737906992344,0.00600000000000002));
#3385=CARTESIAN_POINT('',(-0.00701581664075618,-0.0131574585845426,0.01184775));
#3386=CARTESIAN_POINT('',(-0.00701581664075618,-0.0131574585845426,0.00600000000000002));
#3387=CARTESIAN_POINT('',(-0.00711922701109721,-0.01309622793777,0.01184775));
#3388=CARTESIAN_POINT('',(-0.00711922701109721,-0.01309622793777,0.00600000000000002));
#3389=CARTESIAN_POINT('',(-0.00724420387734398,-0.0130018343480694,0.01184775));
#3390=CARTESIAN_POINT('',(-0.00724420387734398,-0.0130018343480694,0.00600000000000002));
#3391=CARTESIAN_POINT('',(-0.00742774594436225,-0.0128419574590855,0.01184775));
#3392=CARTESIAN_POINT('',(-0.00742774594436225,-0.0128419574590855,0.00600000000000003));
#3393=CARTESIAN_POINT('',(-0.00766431056188881,-0.0125891424932467,0.01184775));
#3394=CARTESIAN_POINT('',(-0.00766431056188881,-0.0125891424932467,0.00600000000000002));
#3395=CARTESIAN_POINT('',(-0.00784919554274945,-0.0123381637857489,0.01184775));
#3396=CARTESIAN_POINT('',(-0.00784919554274945,-0.0123381637857489,0.00600000000000002));
#3397=CARTESIAN_POINT('',(-0.00793798741184744,-0.0122015324340793,0.01184775));
#3398=CARTESIAN_POINT('',(-0.00793798741184744,-0.0122015324340793,0.00600000000000002));
#3399=CARTESIAN_POINT('',(-0.00648904495307153,-0.0133746818103291,0.01184775));
#3400=CARTESIAN_POINT('',(-0.00671708108104045,-0.0132826136506069,0.01184775));
#3401=CARTESIAN_POINT('',(-0.00696637467420198,-0.0131819629223326,0.01184775));
#3402=CARTESIAN_POINT('',(-0.00697384770814505,-0.0131783851568625,0.01184775));
#3403=CARTESIAN_POINT('',(-0.00698164523477139,-0.013174816387123,0.01184775));
#3404=CARTESIAN_POINT('',(-0.00699075419494979,-0.0131703403760407,0.01184775));
#3405=CARTESIAN_POINT('',(-0.00700290177017345,-0.0131641128026674,0.01184775));
#3406=CARTESIAN_POINT('',(-0.0070174244245594,-0.0131562790364716,0.01184775));
#3407=CARTESIAN_POINT('',(-0.00703445104216344,-0.0131466569901438,0.01184775));
#3408=CARTESIAN_POINT('',(-0.00705385614938837,-0.0131351704235207,0.01184775));
#3409=CARTESIAN_POINT('',(-0.00707558852229441,-0.0131217130614452,0.01184775));
#3410=CARTESIAN_POINT('',(-0.00709957078980433,-0.0131061902452189,0.01184775));
#3411=CARTESIAN_POINT('',(-0.00712572953439681,-0.0130885065786729,0.01184775));
#3412=CARTESIAN_POINT('',(-0.00715398646342879,-0.0130685696836266,0.01184775));
#3413=CARTESIAN_POINT('',(-0.00718426105359096,-0.013046289206632,0.01184775));
#3414=CARTESIAN_POINT('',(-0.00721646985884727,-0.0130215772057392,0.01184775));
#3415=CARTESIAN_POINT('',(-0.00725052678639223,-0.0129943481359004,0.01184775));
#3416=CARTESIAN_POINT('',(-0.00728634309811723,-0.0129645189471639,0.01184775));
#3417=CARTESIAN_POINT('',(-0.00732382749317124,-0.0129320091484445,0.01184775));
#3418=CARTESIAN_POINT('',(-0.00736288617005188,-0.0128967408788966,0.01184775));
#3419=CARTESIAN_POINT('',(-0.00740342289682267,-0.0128586389748021,0.01184775));
#3420=CARTESIAN_POINT('',(-0.00744533908148216,-0.0128176310359942,0.01184775));
#3421=CARTESIAN_POINT('',(-0.0074885338438122,-0.0127736474881903,0.01184775));
#3422=CARTESIAN_POINT('',(-0.00753290409148182,-0.0127266216517433,0.01184775));
#3423=CARTESIAN_POINT('',(-0.00757834458709154,-0.0126764897769311,0.01184775));
#3424=CARTESIAN_POINT('',(-0.00762474805798955,-0.0126231911994125,0.01184775));
#3425=CARTESIAN_POINT('',(-0.00767200514852383,-0.0125666680231883,0.01184775));
#3426=CARTESIAN_POINT('',(-0.00772000498618569,-0.0125068666136557,0.01184775));
#3427=CARTESIAN_POINT('',(-0.00776863339374915,-0.0124437321198896,0.01184775));
#3428=CARTESIAN_POINT('',(-0.00781778015070912,-0.0123772297646696,0.01184775));
#3429=CARTESIAN_POINT('',(-0.00786731153658745,-0.0123072634097624,0.01184775));
#3430=CARTESIAN_POINT('',(-0.00790743574578972,-0.0122483011080296,0.01184775));
#3431=CARTESIAN_POINT('',(-0.00793092853709641,-0.012212394505216,0.01184775));
#3432=CARTESIAN_POINT('',(-0.00793798741184744,-0.0122015324340793,0.01184775));
#3433=CARTESIAN_POINT('',(-0.00793798741184744,-0.0122015324340793,0.01184775));
#3434=CARTESIAN_POINT('',(-0.00793798741184744,-0.0122015324340793,0.01184775));
#3435=CARTESIAN_POINT('',(-0.00793798741184744,-0.0122015324340793,0.006));
#3436=CARTESIAN_POINT('',(-0.00648904495307153,-0.0133746818103291,0.006));
#3437=CARTESIAN_POINT('',(-0.00671708108104045,-0.0132826136506069,0.006));
#3438=CARTESIAN_POINT('',(-0.00696637467420198,-0.0131819629223326,0.006));
#3439=CARTESIAN_POINT('',(-0.00697384770814505,-0.0131783851568625,0.006));
#3440=CARTESIAN_POINT('',(-0.00698164523477139,-0.013174816387123,0.006));
#3441=CARTESIAN_POINT('',(-0.00699075419494979,-0.0131703403760407,0.006));
#3442=CARTESIAN_POINT('',(-0.00700290177017345,-0.0131641128026674,0.006));
#3443=CARTESIAN_POINT('',(-0.0070174244245594,-0.0131562790364716,0.006));
#3444=CARTESIAN_POINT('',(-0.00703445104216344,-0.0131466569901438,0.006));
#3445=CARTESIAN_POINT('',(-0.00705385614938837,-0.0131351704235207,0.006));
#3446=CARTESIAN_POINT('',(-0.00707558852229441,-0.0131217130614452,0.006));
#3447=CARTESIAN_POINT('',(-0.00709957078980433,-0.0131061902452189,0.006));
#3448=CARTESIAN_POINT('',(-0.00712572953439681,-0.0130885065786729,0.006));
#3449=CARTESIAN_POINT('',(-0.00715398646342879,-0.0130685696836266,0.006));
#3450=CARTESIAN_POINT('',(-0.00718426105359096,-0.013046289206632,0.006));
#3451=CARTESIAN_POINT('',(-0.00721646985884727,-0.0130215772057392,0.006));
#3452=CARTESIAN_POINT('',(-0.00725052678639223,-0.0129943481359004,0.006));
#3453=CARTESIAN_POINT('',(-0.00728634309811723,-0.0129645189471639,0.006));
#3454=CARTESIAN_POINT('',(-0.00732382749317124,-0.0129320091484445,0.006));
#3455=CARTESIAN_POINT('',(-0.00736288617005188,-0.0128967408788966,0.006));
#3456=CARTESIAN_POINT('',(-0.00740342289682267,-0.0128586389748021,0.006));
#3457=CARTESIAN_POINT('',(-0.00744533908148216,-0.0128176310359942,0.006));
#3458=CARTESIAN_POINT('',(-0.0074885338438122,-0.0127736474881903,0.006));
#3459=CARTESIAN_POINT('',(-0.00753290409148182,-0.0127266216517433,0.006));
#3460=CARTESIAN_POINT('',(-0.00757834458709154,-0.0126764897769311,0.006));
#3461=CARTESIAN_POINT('',(-0.00762474805798955,-0.0126231911994125,0.006));
#3462=CARTESIAN_POINT('',(-0.00767200514852383,-0.0125666680231883,0.006));
#3463=CARTESIAN_POINT('',(-0.00772000498618569,-0.0125068666136557,0.006));
#3464=CARTESIAN_POINT('',(-0.00776863339374915,-0.0124437321198896,0.006));
#3465=CARTESIAN_POINT('',(-0.00781778015070912,-0.0123772297646696,0.006));
#3466=CARTESIAN_POINT('',(-0.00786731153658745,-0.0123072634097624,0.006));
#3467=CARTESIAN_POINT('',(-0.00790743574578972,-0.0122483011080296,0.006));
#3468=CARTESIAN_POINT('',(-0.00793092853709641,-0.012212394505216,0.006));
#3469=CARTESIAN_POINT('',(-0.00793798741184744,-0.0122015324340793,0.006));
#3470=CARTESIAN_POINT('',(0.,-0.016,0.01184775));
#3471=CARTESIAN_POINT('',(0.,-0.016,0.01184775));
#3472=CARTESIAN_POINT('',(-0.00773885674697912,-0.0118107164992405,0.01184775));
#3473=CARTESIAN_POINT('',(-0.00773885674697912,-0.0118107164992405,0.01184775));
#3474=CARTESIAN_POINT('',(-0.00773885674697912,-0.0118107164992405,0.006));
#3475=CARTESIAN_POINT('',(0.,-0.016,0.006));
#3476=CARTESIAN_POINT('',(-0.0062298484561242,-0.0121110267297289,0.01184775));
#3477=CARTESIAN_POINT('',(-0.0062298484561242,-0.0121110267297289,0.00599999999999998));
#3478=CARTESIAN_POINT('',(-0.00627504875910385,-0.0120828001030986,0.01184775));
#3479=CARTESIAN_POINT('',(-0.00627504875910385,-0.0120828001030986,0.00599999999999998));
#3480=CARTESIAN_POINT('',(-0.00635450136703381,-0.0120332726882215,0.01184775));
#3481=CARTESIAN_POINT('',(-0.00635450136703381,-0.0120332726882215,0.00599999999999999));
#3482=CARTESIAN_POINT('',(-0.00639254278916459,-0.0120096541316922,0.01184775));
#3483=CARTESIAN_POINT('',(-0.00639254278916459,-0.0120096541316922,0.00599999999999998));
#3484=CARTESIAN_POINT('',(-0.00642345786654418,-0.0119948890312462,0.01184775));
#3485=CARTESIAN_POINT('',(-0.00642345786654418,-0.0119948890312462,0.00599999999999998));
#3486=CARTESIAN_POINT('',(-0.00653377759098044,-0.0119472187554069,0.01184775));
#3487=CARTESIAN_POINT('',(-0.00653377759098044,-0.0119472187554069,0.00599999999999998));
#3488=CARTESIAN_POINT('',(-0.00668360316806583,-0.0119015935066465,0.01184775));
#3489=CARTESIAN_POINT('',(-0.00668360316806583,-0.0119015935066465,0.00599999999999998));
#3490=CARTESIAN_POINT('',(-0.00692082960843024,-0.0118470781327732,0.01184775));
#3491=CARTESIAN_POINT('',(-0.00692082960843024,-0.0118470781327732,0.00599999999999999));
#3492=CARTESIAN_POINT('',(-0.00726441040562249,-0.0118042942454052,0.01184775));
#3493=CARTESIAN_POINT('',(-0.00726441040562249,-0.0118042942454052,0.00599999999999998));
#3494=CARTESIAN_POINT('',(-0.0075761291103346,-0.0118022407367908,0.01184775));
#3495=CARTESIAN_POINT('',(-0.0075761291103346,-0.0118022407367908,0.00599999999999998));
#3496=CARTESIAN_POINT('',(-0.00773885674697912,-0.0118107164992405,0.01184775));
#3497=CARTESIAN_POINT('',(-0.00773885674697912,-0.0118107164992405,0.00599999999999998));
#3498=CARTESIAN_POINT('',(-0.00593809195596378,-0.0122933756701659,0.006));
#3499=CARTESIAN_POINT('',(-0.0061466129348299,-0.012163006873798,0.006));
#3500=CARTESIAN_POINT('',(-0.00637457218205137,-0.0120204851340537,0.006));
#3501=CARTESIAN_POINT('',(-0.00638185919426015,-0.0120165422803736,0.006));
#3502=CARTESIAN_POINT('',(-0.00638932966078372,-0.0120123316190405,0.006));
#3503=CARTESIAN_POINT('',(-0.00639830494227292,-0.0120075932487584,0.006));
#3504=CARTESIAN_POINT('',(-0.00641048332053321,-0.0120014261297484,0.006));
#3505=CARTESIAN_POINT('',(-0.0064253571725878,-0.0119942816277866,0.006));
#3506=CARTESIAN_POINT('',(-0.00644314956631168,-0.0119861625017165,0.006));
#3507=CARTESIAN_POINT('',(-0.00646384842976277,-0.0119772150746544,0.006));
#3508=CARTESIAN_POINT('',(-0.00648750963267283,-0.0119675432546081,0.006));
#3509=CARTESIAN_POINT('',(-0.00651416427795934,-0.0119572652750808,0.006));
#3510=CARTESIAN_POINT('',(-0.0065438463890078,-0.0119464966045561,0.006));
#3511=CARTESIAN_POINT('',(-0.00657658468207541,-0.0119353548816451,0.006));
#3512=CARTESIAN_POINT('',(-0.0066124049242234,-0.0119239583594977,0.006));
#3513=CARTESIAN_POINT('',(-0.00665132921363428,-0.0119124262383562,0.006));
#3514=CARTESIAN_POINT('',(-0.00669337615362423,-0.0119008784508811,0.006));
#3515=CARTESIAN_POINT('',(-0.00673856077406391,-0.0118894356032468,0.006));
#3516=CARTESIAN_POINT('',(-0.00678689452831544,-0.0118782188708665,0.006));
#3517=CARTESIAN_POINT('',(-0.00683838527198639,-0.0118673499062064,0.006));
#3518=CARTESIAN_POINT('',(-0.00689303725008902,-0.0118569507426636,0.006));
#3519=CARTESIAN_POINT('',(-0.00695085108466409,-0.0118471436985928,0.006));
#3520=CARTESIAN_POINT('',(-0.00701182376658425,-0.0118380512825425,0.006));
#3521=CARTESIAN_POINT('',(-0.00707594864466528,-0.0118297960912734,0.006));
#3522=CARTESIAN_POINT('',(-0.00714321543652449,-0.0118225007347767,0.006));
#3523=CARTESIAN_POINT('',(-0.00721361016736212,-0.0118162876560558,0.006));
#3524=CARTESIAN_POINT('',(-0.00728711539838581,-0.0118112793561062,0.006));
#3525=CARTESIAN_POINT('',(-0.00736370935167535,-0.0118075970583001,0.006));
#3526=CARTESIAN_POINT('',(-0.00744336929087163,-0.0118053653745185,0.006));
#3527=CARTESIAN_POINT('',(-0.0075260585653497,-0.0118046939165605,0.006));
#3528=CARTESIAN_POINT('',(-0.00761177635364893,-0.0118057473752011,0.006));
#3529=CARTESIAN_POINT('',(-0.00768306227620726,-0.0118079433794704,0.006));
#3530=CARTESIAN_POINT('',(-0.00772592004435901,-0.0118100426836518,0.006));
#3531=CARTESIAN_POINT('',(-0.00773885674697912,-0.0118107164992405,0.006));
#3532=CARTESIAN_POINT('',(-0.0062298485376771,-0.0121110266788008,0.006));
#3533=CARTESIAN_POINT('',(-0.00593809195596378,-0.0122933756701659,0.01184775));
#3534=CARTESIAN_POINT('',(-0.0061466129348299,-0.012163006873798,0.01184775));
#3535=CARTESIAN_POINT('',(-0.00637457218205137,-0.0120204851340537,0.01184775));
#3536=CARTESIAN_POINT('',(-0.00638185919426015,-0.0120165422803736,0.01184775));
#3537=CARTESIAN_POINT('',(-0.00638932966078372,-0.0120123316190405,0.01184775));
#3538=CARTESIAN_POINT('',(-0.00639830494227292,-0.0120075932487584,0.01184775));
#3539=CARTESIAN_POINT('',(-0.00641048332053321,-0.0120014261297484,0.01184775));
#3540=CARTESIAN_POINT('',(-0.0064253571725878,-0.0119942816277866,0.01184775));
#3541=CARTESIAN_POINT('',(-0.00644314956631168,-0.0119861625017165,0.01184775));
#3542=CARTESIAN_POINT('',(-0.00646384842976277,-0.0119772150746544,0.01184775));
#3543=CARTESIAN_POINT('',(-0.00648750963267283,-0.0119675432546081,0.01184775));
#3544=CARTESIAN_POINT('',(-0.00651416427795934,-0.0119572652750808,0.01184775));
#3545=CARTESIAN_POINT('',(-0.0065438463890078,-0.0119464966045561,0.01184775));
#3546=CARTESIAN_POINT('',(-0.00657658468207541,-0.0119353548816451,0.01184775));
#3547=CARTESIAN_POINT('',(-0.0066124049242234,-0.0119239583594977,0.01184775));
#3548=CARTESIAN_POINT('',(-0.00665132921363428,-0.0119124262383562,0.01184775));
#3549=CARTESIAN_POINT('',(-0.00669337615362423,-0.0119008784508811,0.01184775));
#3550=CARTESIAN_POINT('',(-0.00673856077406391,-0.0118894356032468,0.01184775));
#3551=CARTESIAN_POINT('',(-0.00678689452831544,-0.0118782188708665,0.01184775));
#3552=CARTESIAN_POINT('',(-0.00683838527198639,-0.0118673499062064,0.01184775));
#3553=CARTESIAN_POINT('',(-0.00689303725008902,-0.0118569507426636,0.01184775));
#3554=CARTESIAN_POINT('',(-0.00695085108466409,-0.0118471436985928,0.01184775));
#3555=CARTESIAN_POINT('',(-0.00701182376658425,-0.0118380512825425,0.01184775));
#3556=CARTESIAN_POINT('',(-0.00707594864466528,-0.0118297960912734,0.01184775));
#3557=CARTESIAN_POINT('',(-0.00714321543652449,-0.0118225007347767,0.01184775));
#3558=CARTESIAN_POINT('',(-0.00721361016736212,-0.0118162876560558,0.01184775));
#3559=CARTESIAN_POINT('',(-0.00728711539838581,-0.0118112793561062,0.01184775));
#3560=CARTESIAN_POINT('',(-0.00736370935167535,-0.0118075970583001,0.01184775));
#3561=CARTESIAN_POINT('',(-0.00744336929087163,-0.0118053653745185,0.01184775));
#3562=CARTESIAN_POINT('',(-0.0075260585653497,-0.0118046939165605,0.01184775));
#3563=CARTESIAN_POINT('',(-0.00761177635364893,-0.0118057473752011,0.01184775));
#3564=CARTESIAN_POINT('',(-0.00768306227620726,-0.0118079433794704,0.01184775));
#3565=CARTESIAN_POINT('',(-0.00772592004435901,-0.0118100426836518,0.01184775));
#3566=CARTESIAN_POINT('',(-0.00773885674697912,-0.0118107164992405,0.01184775));
#3567=CARTESIAN_POINT('',(-0.0062298485376771,-0.0121110266788008,0.01184775));
#3568=CARTESIAN_POINT('',(-0.0062298485376771,-0.0121110266788008,0.006));
#3569=CARTESIAN_POINT('',(-0.00604316367443611,-0.0118120815551333,0.008923875));
#3570=CARTESIAN_POINT('',(-0.00604316367443611,-0.0118120815551333,0.01184775));
#3571=CARTESIAN_POINT('',(-0.0057534779013519,-0.0120128340843833,0.01184775));
#3572=CARTESIAN_POINT('',(-0.0057534779013519,-0.0120128340843833,0.01184775));
#3573=CARTESIAN_POINT('',(-0.00575347790135165,-0.0120128340843835,0.006));
#3574=CARTESIAN_POINT('',(-0.00604316367443611,-0.0118120815551333,0.006));
#3575=CARTESIAN_POINT('',(3.98986399474665E-17,-0.016,0.01184775));
#3576=CARTESIAN_POINT('',(3.98986399474665E-17,-0.016,0.006));
#3577=CARTESIAN_POINT('',(-0.00556994257387561,-0.0117602193778772,0.006));
#3578=CARTESIAN_POINT('',(3.98986399474665E-17,-0.016,0.01184775));
#3579=CARTESIAN_POINT('',(-0.00556994257387561,-0.0117602193778772,0.01184775));
#3580=CARTESIAN_POINT('',(-0.00556994257387561,-0.0117602193778772,0.01184775));
#3581=CARTESIAN_POINT('',(-0.00585038740189335,-0.0115467477789094,0.008923875));
#3582=CARTESIAN_POINT('',(-0.00585038740189335,-0.0115467477789094,0.01184775));
#3583=CARTESIAN_POINT('',(-0.00562376248934874,-0.0112768207996316,0.01184775));
#3584=CARTESIAN_POINT('',(-0.00562376248934874,-0.0112768207996316,0.01184775));
#3585=CARTESIAN_POINT('',(-0.00562376248934874,-0.0112768207996316,0.006));
#3586=CARTESIAN_POINT('',(-0.00585038740189335,-0.0115467477789094,0.006));
#3587=CARTESIAN_POINT('',(-0.00562376241571205,-0.0112768208614554,0.01184775));
#3588=CARTESIAN_POINT('',(-0.00562376241571205,-0.0112768208614554,0.006));
#3589=CARTESIAN_POINT('',(-0.00566457519467339,-0.0112425553260907,0.01184775));
#3590=CARTESIAN_POINT('',(-0.00566457519467339,-0.0112425553260907,0.006));
#3591=CARTESIAN_POINT('',(-0.00573623077142528,-0.0111822962184668,0.01184775));
#3592=CARTESIAN_POINT('',(-0.00573623077142528,-0.0111822962184668,0.006));
#3593=CARTESIAN_POINT('',(-0.00577044879944646,-0.0111534152114104,0.01184775));
#3594=CARTESIAN_POINT('',(-0.00577044879944646,-0.0111534152114104,0.006));
#3595=CARTESIAN_POINT('',(-0.00579404452873219,-0.0111285758925782,0.01184775));
#3596=CARTESIAN_POINT('',(-0.00579404452873219,-0.0111285758925782,0.006));
#3597=CARTESIAN_POINT('',(-0.0058734723248682,-0.0110383865251381,0.01184775));
#3598=CARTESIAN_POINT('',(-0.0058734723248682,-0.0110383865251381,0.006));
#3599=CARTESIAN_POINT('',(-0.00596316316452081,-0.0109099929109829,0.01184775));
#3600=CARTESIAN_POINT('',(-0.00596316316452081,-0.0109099929109829,0.006));
#3601=CARTESIAN_POINT('',(-0.00608831736766898,-0.0107012233360184,0.01184775));
#3602=CARTESIAN_POINT('',(-0.00608831736766898,-0.0107012233360184,0.006));
#3603=CARTESIAN_POINT('',(-0.00623517956781595,-0.010387679528257,0.01184775));
#3604=CARTESIAN_POINT('',(-0.00623517956781595,-0.010387679528257,0.006));
#3605=CARTESIAN_POINT('',(-0.00633345894778562,-0.0100918519919493,0.01184775));
#3606=CARTESIAN_POINT('',(-0.00633345894778562,-0.0100918519919493,0.006));
#3607=CARTESIAN_POINT('',(-0.00637568362385486,-0.00993446965810005,0.01184775));
#3608=CARTESIAN_POINT('',(-0.00637568362385486,-0.00993446965810005,0.006));
#3609=CARTESIAN_POINT('',(-0.00536018055090088,-0.0114979488606032,0.01184775));
#3610=CARTESIAN_POINT('',(-0.00554860517036144,-0.0113399197984822,0.01184775));
#3611=CARTESIAN_POINT('',(-0.00575459468107537,-0.0111671593106114,0.01184775));
#3612=CARTESIAN_POINT('',(-0.00576059636837129,-0.0111614473589594,0.01184775));
#3613=CARTESIAN_POINT('',(-0.00576690944638174,-0.0111556436890019,0.01184775));
#3614=CARTESIAN_POINT('',(-0.00577418941882463,-0.0111485719259988,0.01184775));
#3615=CARTESIAN_POINT('',(-0.00578381802339221,-0.0111388953445768,0.01184775));
#3616=CARTESIAN_POINT('',(-0.00579520912159541,-0.0111269572431805,0.01184775));
#3617=CARTESIAN_POINT('',(-0.00580842902138225,-0.011112544619124,0.01184775));
#3618=CARTESIAN_POINT('',(-0.00582333483076437,-0.0110956237371771,0.01184775));
#3619=CARTESIAN_POINT('',(-0.00583984499205042,-0.0110761093527269,0.01184775));
#3620=CARTESIAN_POINT('',(-0.00585785666982677,-0.0110539353489794,0.01184775));
#3621=CARTESIAN_POINT('',(-0.00587727056084399,-0.0110290336860483,0.01184775));
#3622=CARTESIAN_POINT('',(-0.00589798365794597,-0.0110013407008201,0.01184775));
#3623=CARTESIAN_POINT('',(-0.00591989145816373,-0.0109707953451303,0.01184775));
#3624=CARTESIAN_POINT('',(-0.00594288742404396,-0.0109373397674579,0.01184775));
#3625=CARTESIAN_POINT('',(-0.00596686324158936,-0.0109009192137674,0.01184775));
#3626=CARTESIAN_POINT('',(-0.0059917088519971,-0.0108614821204449,0.01184775));
#3627=CARTESIAN_POINT('',(-0.0060173125498846,-0.0108189801494339,0.01184775));
#3628=CARTESIAN_POINT('',(-0.00604356106439731,-0.010773368236928,0.01184775));
#3629=CARTESIAN_POINT('',(-0.00607033964665867,-0.0107246046352871,0.01184775));
#3630=CARTESIAN_POINT('',(-0.0060975321572214,-0.0106726509544649,0.01184775));
#3631=CARTESIAN_POINT('',(-0.00612502115366088,-0.0106174721990882,0.01184775));
#3632=CARTESIAN_POINT('',(-0.0061526879841999,-0.0105590368103266,0.01184775));
#3633=CARTESIAN_POINT('',(-0.00618041286237636,-0.0104973166787361,0.01184775));
#3634=CARTESIAN_POINT('',(-0.00620807501952336,-0.0104322872581723,0.01184775));
#3635=CARTESIAN_POINT('',(-0.00623555256138782,-0.0103639272790228,0.01184775));
#3636=CARTESIAN_POINT('',(-0.00626272346794407,-0.0102922199932384,0.01184775));
#3637=CARTESIAN_POINT('',(-0.00628946220032939,-0.0102171485171927,0.01184775));
#3638=CARTESIAN_POINT('',(-0.00631565318586199,-0.0101387138357926,0.01184775));
#3639=CARTESIAN_POINT('',(-0.00634113954046193,-0.0100568658380454,0.01184775));
#3640=CARTESIAN_POINT('',(-0.00636107957782201,-0.00998839029423726,0.01184775));
#3641=CARTESIAN_POINT('',(-0.00637232679960053,-0.00994698141389427,0.01184775));
#3642=CARTESIAN_POINT('',(-0.00637568362385486,-0.00993446965810005,0.01184775));
#3643=CARTESIAN_POINT('',(-0.00637568362385486,-0.00993446965810005,0.01184775));
#3644=CARTESIAN_POINT('',(-0.00637568362385486,-0.00993446965810005,0.01184775));
#3645=CARTESIAN_POINT('',(-0.00637568362385486,-0.00993446965810005,0.006));
#3646=CARTESIAN_POINT('',(-0.00536018055090088,-0.0114979488606032,0.006));
#3647=CARTESIAN_POINT('',(-0.00554860517036144,-0.0113399197984822,0.006));
#3648=CARTESIAN_POINT('',(-0.00575459468107537,-0.0111671593106114,0.006));
#3649=CARTESIAN_POINT('',(-0.00576059636837129,-0.0111614473589594,0.006));
#3650=CARTESIAN_POINT('',(-0.00576690944638174,-0.0111556436890019,0.006));
#3651=CARTESIAN_POINT('',(-0.00577418941882463,-0.0111485719259988,0.006));
#3652=CARTESIAN_POINT('',(-0.00578381802339221,-0.0111388953445768,0.006));
#3653=CARTESIAN_POINT('',(-0.00579520912159541,-0.0111269572431805,0.006));
#3654=CARTESIAN_POINT('',(-0.00580842902138225,-0.011112544619124,0.006));
#3655=CARTESIAN_POINT('',(-0.00582333483076437,-0.0110956237371771,0.006));
#3656=CARTESIAN_POINT('',(-0.00583984499205042,-0.0110761093527269,0.006));
#3657=CARTESIAN_POINT('',(-0.00585785666982677,-0.0110539353489794,0.006));
#3658=CARTESIAN_POINT('',(-0.00587727056084399,-0.0110290336860483,0.006));
#3659=CARTESIAN_POINT('',(-0.00589798365794597,-0.0110013407008201,0.006));
#3660=CARTESIAN_POINT('',(-0.00591989145816373,-0.0109707953451303,0.006));
#3661=CARTESIAN_POINT('',(-0.00594288742404396,-0.0109373397674579,0.006));
#3662=CARTESIAN_POINT('',(-0.00596686324158936,-0.0109009192137674,0.006));
#3663=CARTESIAN_POINT('',(-0.0059917088519971,-0.0108614821204449,0.006));
#3664=CARTESIAN_POINT('',(-0.0060173125498846,-0.0108189801494339,0.006));
#3665=CARTESIAN_POINT('',(-0.00604356106439731,-0.010773368236928,0.006));
#3666=CARTESIAN_POINT('',(-0.00607033964665867,-0.0107246046352871,0.006));
#3667=CARTESIAN_POINT('',(-0.0060975321572214,-0.0106726509544649,0.006));
#3668=CARTESIAN_POINT('',(-0.00612502115366088,-0.0106174721990882,0.006));
#3669=CARTESIAN_POINT('',(-0.0061526879841999,-0.0105590368103266,0.006));
#3670=CARTESIAN_POINT('',(-0.00618041286237636,-0.0104973166787361,0.006));
#3671=CARTESIAN_POINT('',(-0.00620807501952336,-0.0104322872581723,0.006));
#3672=CARTESIAN_POINT('',(-0.00623555256138782,-0.0103639272790228,0.006));
#3673=CARTESIAN_POINT('',(-0.00626272346794407,-0.0102922199932384,0.006));
#3674=CARTESIAN_POINT('',(-0.00628946220032939,-0.0102171485171927,0.006));
#3675=CARTESIAN_POINT('',(-0.00631565318586199,-0.0101387138357926,0.006));
#3676=CARTESIAN_POINT('',(-0.00634113954046193,-0.0100568658380454,0.006));
#3677=CARTESIAN_POINT('',(-0.00636107957782201,-0.00998839029423726,0.006));
#3678=CARTESIAN_POINT('',(-0.00637232679960053,-0.00994698141389427,0.006));
#3679=CARTESIAN_POINT('',(-0.00637568362385486,-0.00993446965810005,0.006));
#3680=CARTESIAN_POINT('',(0.,-0.016,0.01184775));
#3681=CARTESIAN_POINT('',(0.,-0.016,0.01184775));
#3682=CARTESIAN_POINT('',(-0.00606553034189995,-0.00962431637614513,0.01184775));
#3683=CARTESIAN_POINT('',(-0.00606553034189995,-0.00962431637614513,0.01184775));
#3684=CARTESIAN_POINT('',(-0.00606553034189995,-0.00962431637614513,0.006));
#3685=CARTESIAN_POINT('',(0.,-0.016,0.006));
#3686=CARTESIAN_POINT('',(-0.00472317913854452,-0.0103762375842881,0.01184775));
#3687=CARTESIAN_POINT('',(-0.00472317913854452,-0.0103762375842881,0.00599999999999999));
#3688=CARTESIAN_POINT('',(-0.00475744467390921,-0.0103354248053267,0.01184775));
#3689=CARTESIAN_POINT('',(-0.00475744467390921,-0.0103354248053267,0.00599999999999999));
#3690=CARTESIAN_POINT('',(-0.00481770378153314,-0.0102637692285748,0.01184775));
#3691=CARTESIAN_POINT('',(-0.00481770378153314,-0.0102637692285748,0.00599999999999999));
#3692=CARTESIAN_POINT('',(-0.00484658478858961,-0.0102295512005535,0.01184775));
#3693=CARTESIAN_POINT('',(-0.00484658478858961,-0.0102295512005535,0.00599999999999998));
#3694=CARTESIAN_POINT('',(-0.00487142410742177,-0.0102059554712679,0.01184775));
#3695=CARTESIAN_POINT('',(-0.00487142410742177,-0.0102059554712679,0.00599999999999998));
#3696=CARTESIAN_POINT('',(-0.00496161347486189,-0.0101265276751318,0.01184775));
#3697=CARTESIAN_POINT('',(-0.00496161347486189,-0.0101265276751318,0.00599999999999998));
#3698=CARTESIAN_POINT('',(-0.00509000708901708,-0.0100368368354792,0.01184775));
#3699=CARTESIAN_POINT('',(-0.00509000708901708,-0.0100368368354792,0.00599999999999998));
#3700=CARTESIAN_POINT('',(-0.00529877666398159,-0.00991168263233103,0.01184775));
#3701=CARTESIAN_POINT('',(-0.00529877666398159,-0.00991168263233103,0.00599999999999999));
#3702=CARTESIAN_POINT('',(-0.00561232047174302,-0.00976482043218405,0.01184775));
#3703=CARTESIAN_POINT('',(-0.00561232047174302,-0.00976482043218405,0.00599999999999998));
#3704=CARTESIAN_POINT('',(-0.00590814800805069,-0.00966654105221437,0.01184775));
#3705=CARTESIAN_POINT('',(-0.00590814800805069,-0.00966654105221437,0.00599999999999998));
#3706=CARTESIAN_POINT('',(-0.00606553034189995,-0.00962431637614513,0.01184775));
#3707=CARTESIAN_POINT('',(-0.00606553034189995,-0.00962431637614513,0.00599999999999998));
#3708=CARTESIAN_POINT('',(-0.00450205113939679,-0.0106398194490991,0.006));
#3709=CARTESIAN_POINT('',(-0.00466008020151778,-0.0104513948296385,0.006));
#3710=CARTESIAN_POINT('',(-0.00483284068938861,-0.0102454053189246,0.006));
#3711=CARTESIAN_POINT('',(-0.00483855264104063,-0.0102394036316287,0.006));
#3712=CARTESIAN_POINT('',(-0.00484435631099815,-0.0102330905536183,0.006));
#3713=CARTESIAN_POINT('',(-0.00485142807400123,-0.0102258105811754,0.006));
#3714=CARTESIAN_POINT('',(-0.00486110465542316,-0.0102161819766078,0.006));
#3715=CARTESIAN_POINT('',(-0.00487304275681953,-0.0102047908784046,0.006));
#3716=CARTESIAN_POINT('',(-0.00488745538087599,-0.0101915709786177,0.006));
#3717=CARTESIAN_POINT('',(-0.00490437626282293,-0.0101766651692356,0.006));
#3718=CARTESIAN_POINT('',(-0.00492389064727308,-0.0101601550079496,0.006));
#3719=CARTESIAN_POINT('',(-0.00494606465102058,-0.0101421433301732,0.006));
#3720=CARTESIAN_POINT('',(-0.00497096631395167,-0.010122729439156,0.006));
#3721=CARTESIAN_POINT('',(-0.00499865929917988,-0.010102016342054,0.006));
#3722=CARTESIAN_POINT('',(-0.00502920465486967,-0.0100801085418363,0.006));
#3723=CARTESIAN_POINT('',(-0.00506266023254215,-0.010057112575956,0.006));
#3724=CARTESIAN_POINT('',(-0.0050990807862326,-0.0100331367584106,0.006));
#3725=CARTESIAN_POINT('',(-0.00513851787955506,-0.0100082911480029,0.006));
#3726=CARTESIAN_POINT('',(-0.00518101985056612,-0.0099826874501154,0.006));
#3727=CARTESIAN_POINT('',(-0.00522663176307202,-0.00995643893560269,0.006));
#3728=CARTESIAN_POINT('',(-0.00527539536471293,-0.00992966035334133,0.006));
#3729=CARTESIAN_POINT('',(-0.00532734904553512,-0.0099024678427786,0.006));
#3730=CARTESIAN_POINT('',(-0.0053825278009118,-0.00987497884633912,0.006));
#3731=CARTESIAN_POINT('',(-0.00544096318967343,-0.0098473120158001,0.006));
#3732=CARTESIAN_POINT('',(-0.00550268332126389,-0.00981958713762364,0.006));
#3733=CARTESIAN_POINT('',(-0.00556771274182773,-0.00979192498047664,0.006));
#3734=CARTESIAN_POINT('',(-0.00563607272097722,-0.00976444743861218,0.006));
#3735=CARTESIAN_POINT('',(-0.00570778000676162,-0.00973727653205592,0.006));
#3736=CARTESIAN_POINT('',(-0.00578285148280733,-0.00971053779967061,0.006));
#3737=CARTESIAN_POINT('',(-0.00586128616420739,-0.00968434681413801,0.006));
#3738=CARTESIAN_POINT('',(-0.00594313416195459,-0.00965886045953807,0.006));
#3739=CARTESIAN_POINT('',(-0.00601160970576274,-0.00963892042217799,0.006));
#3740=CARTESIAN_POINT('',(-0.00605301858610573,-0.00962767320039946,0.006));
#3741=CARTESIAN_POINT('',(-0.00606553034189995,-0.00962431637614513,0.006));
#3742=CARTESIAN_POINT('',(-0.00472317920036832,-0.0103762375106514,0.006));
#3743=CARTESIAN_POINT('',(-0.00450205113939679,-0.0106398194490991,0.01184775));
#3744=CARTESIAN_POINT('',(-0.00466008020151778,-0.0104513948296385,0.01184775));
#3745=CARTESIAN_POINT('',(-0.00483284068938861,-0.0102454053189246,0.01184775));
#3746=CARTESIAN_POINT('',(-0.00483855264104063,-0.0102394036316287,0.01184775));
#3747=CARTESIAN_POINT('',(-0.00484435631099815,-0.0102330905536183,0.01184775));
#3748=CARTESIAN_POINT('',(-0.00485142807400123,-0.0102258105811754,0.01184775));
#3749=CARTESIAN_POINT('',(-0.00486110465542316,-0.0102161819766078,0.01184775));
#3750=CARTESIAN_POINT('',(-0.00487304275681953,-0.0102047908784046,0.01184775));
#3751=CARTESIAN_POINT('',(-0.00488745538087599,-0.0101915709786177,0.01184775));
#3752=CARTESIAN_POINT('',(-0.00490437626282293,-0.0101766651692356,0.01184775));
#3753=CARTESIAN_POINT('',(-0.00492389064727308,-0.0101601550079496,0.01184775));
#3754=CARTESIAN_POINT('',(-0.00494606465102058,-0.0101421433301732,0.01184775));
#3755=CARTESIAN_POINT('',(-0.00497096631395167,-0.010122729439156,0.01184775));
#3756=CARTESIAN_POINT('',(-0.00499865929917988,-0.010102016342054,0.01184775));
#3757=CARTESIAN_POINT('',(-0.00502920465486967,-0.0100801085418363,0.01184775));
#3758=CARTESIAN_POINT('',(-0.00506266023254215,-0.010057112575956,0.01184775));
#3759=CARTESIAN_POINT('',(-0.0050990807862326,-0.0100331367584106,0.01184775));
#3760=CARTESIAN_POINT('',(-0.00513851787955506,-0.0100082911480029,0.01184775));
#3761=CARTESIAN_POINT('',(-0.00518101985056612,-0.0099826874501154,0.01184775));
#3762=CARTESIAN_POINT('',(-0.00522663176307202,-0.00995643893560269,0.01184775));
#3763=CARTESIAN_POINT('',(-0.00527539536471293,-0.00992966035334133,0.01184775));
#3764=CARTESIAN_POINT('',(-0.00532734904553512,-0.0099024678427786,0.01184775));
#3765=CARTESIAN_POINT('',(-0.0053825278009118,-0.00987497884633912,0.01184775));
#3766=CARTESIAN_POINT('',(-0.00544096318967343,-0.0098473120158001,0.01184775));
#3767=CARTESIAN_POINT('',(-0.00550268332126389,-0.00981958713762364,0.01184775));
#3768=CARTESIAN_POINT('',(-0.00556771274182773,-0.00979192498047664,0.01184775));
#3769=CARTESIAN_POINT('',(-0.00563607272097722,-0.00976444743861218,0.01184775));
#3770=CARTESIAN_POINT('',(-0.00570778000676162,-0.00973727653205592,0.01184775));
#3771=CARTESIAN_POINT('',(-0.00578285148280733,-0.00971053779967061,0.01184775));
#3772=CARTESIAN_POINT('',(-0.00586128616420739,-0.00968434681413801,0.01184775));
#3773=CARTESIAN_POINT('',(-0.00594313416195459,-0.00965886045953807,0.01184775));
#3774=CARTESIAN_POINT('',(-0.00601160970576274,-0.00963892042217799,0.01184775));
#3775=CARTESIAN_POINT('',(-0.00605301858610573,-0.00962767320039946,0.01184775));
#3776=CARTESIAN_POINT('',(-0.00606553034189995,-0.00962431637614513,0.01184775));
#3777=CARTESIAN_POINT('',(-0.00472317920036832,-0.0103762375106514,0.01184775));
#3778=CARTESIAN_POINT('',(-0.00472317920036832,-0.0103762375106514,0.006));
#3779=CARTESIAN_POINT('',(-0.00445325222109053,-0.0101496125981068,0.008923875));
#3780=CARTESIAN_POINT('',(-0.00445325222109053,-0.0101496125981068,0.01184775));
#3781=CARTESIAN_POINT('',(-0.00423978062212279,-0.0104300574261244,0.01184775));
#3782=CARTESIAN_POINT('',(-0.00423978062212279,-0.0104300574261244,0.01184775));
#3783=CARTESIAN_POINT('',(-0.00423978062212261,-0.0104300574261246,0.006));
#3784=CARTESIAN_POINT('',(-0.00445325222109053,-0.0101496125981068,0.006));
#3785=CARTESIAN_POINT('',(2.94902990916057E-17,-0.016,0.01184775));
#3786=CARTESIAN_POINT('',(2.94902990916057E-17,-0.016,0.006));
#3787=CARTESIAN_POINT('',(-0.00398716591561667,-0.0102465220986481,0.006));
#3788=CARTESIAN_POINT('',(2.94902990916057E-17,-0.016,0.01184775));
#3789=CARTESIAN_POINT('',(-0.00398716591561667,-0.0102465220986481,0.01184775));
#3790=CARTESIAN_POINT('',(-0.00398716591561667,-0.0102465220986481,0.01184775));
#3791=CARTESIAN_POINT('',(-0.00418791844486677,-0.00995683632556377,0.008923875));
#3792=CARTESIAN_POINT('',(-0.00418791844486677,-0.00995683632556377,0.01184775));
#3793=CARTESIAN_POINT('',(-0.00388897332119926,-0.00977015146232277,0.01184775));
#3794=CARTESIAN_POINT('',(-0.00388897332119926,-0.00977015146232277,0.01184775));
#3795=CARTESIAN_POINT('',(-0.00388897332119926,-0.00977015146232277,0.006));
#3796=CARTESIAN_POINT('',(-0.00418791844486677,-0.00995683632556377,0.006));
#3797=CARTESIAN_POINT('',(-0.0038889732702712,-0.00977015154387568,0.01184775));
#3798=CARTESIAN_POINT('',(-0.0038889732702712,-0.00977015154387568,0.00600000000000002));
#3799=CARTESIAN_POINT('',(-0.00391719989690146,-0.00972495124089604,0.01184775));
#3800=CARTESIAN_POINT('',(-0.00391719989690146,-0.00972495124089604,0.00600000000000002));
#3801=CARTESIAN_POINT('',(-0.00396672731177858,-0.00964549863296612,0.01184775));
#3802=CARTESIAN_POINT('',(-0.00396672731177858,-0.00964549863296612,0.00600000000000002));
#3803=CARTESIAN_POINT('',(-0.0039903458683078,-0.00960745721083544,0.01184775));
#3804=CARTESIAN_POINT('',(-0.0039903458683078,-0.00960745721083544,0.00600000000000001));
#3805=CARTESIAN_POINT('',(-0.00400511096875389,-0.00957654213345575,0.01184775));
#3806=CARTESIAN_POINT('',(-0.00400511096875389,-0.00957654213345575,0.00600000000000002));
#3807=CARTESIAN_POINT('',(-0.00405278124459309,-0.00946622240901954,0.01184775));
#3808=CARTESIAN_POINT('',(-0.00405278124459309,-0.00946622240901954,0.00600000000000002));
#3809=CARTESIAN_POINT('',(-0.0040984064933535,-0.00931639683193414,0.01184775));
#3810=CARTESIAN_POINT('',(-0.0040984064933535,-0.00931639683193414,0.00600000000000002));
#3811=CARTESIAN_POINT('',(-0.00415292186722684,-0.00907917039156973,0.01184775));
#3812=CARTESIAN_POINT('',(-0.00415292186722684,-0.00907917039156973,0.00600000000000002));
#3813=CARTESIAN_POINT('',(-0.00419570575459474,-0.00873558959437756,0.01184775));
#3814=CARTESIAN_POINT('',(-0.00419570575459474,-0.00873558959437756,0.00600000000000002));
#3815=CARTESIAN_POINT('',(-0.00419775926320921,-0.00842387088966526,0.01184775));
#3816=CARTESIAN_POINT('',(-0.00419775926320921,-0.00842387088966526,0.00600000000000002));
#3817=CARTESIAN_POINT('',(-0.00418928350075949,-0.00826114325302088,0.01184775));
#3818=CARTESIAN_POINT('',(-0.00418928350075949,-0.00826114325302088,0.00600000000000002));
#3819=CARTESIAN_POINT('',(-0.00370662432983413,-0.0100619080440362,0.01184775));
#3820=CARTESIAN_POINT('',(-0.00383699312620201,-0.0098533870651701,0.01184775));
#3821=CARTESIAN_POINT('',(-0.00397951486594634,-0.00962542781794863,0.01184775));
#3822=CARTESIAN_POINT('',(-0.00398345771962637,-0.00961814080573985,0.01184775));
#3823=CARTESIAN_POINT('',(-0.00398766838095947,-0.00961067033921628,0.01184775));
#3824=CARTESIAN_POINT('',(-0.0039924067512416,-0.00960169505772707,0.01184775));
#3825=CARTESIAN_POINT('',(-0.00399857387025159,-0.00958951667946678,0.01184775));
#3826=CARTESIAN_POINT('',(-0.00400571837221345,-0.0095746428274122,0.01184775));
#3827=CARTESIAN_POINT('',(-0.00401383749828352,-0.00955685043368832,0.01184775));
#3828=CARTESIAN_POINT('',(-0.00402278492534561,-0.00953615157023723,0.01184775));
#3829=CARTESIAN_POINT('',(-0.00403245674539193,-0.00951249036732717,0.01184775));
#3830=CARTESIAN_POINT('',(-0.00404273472491923,-0.00948583572204066,0.01184775));
#3831=CARTESIAN_POINT('',(-0.0040535033954439,-0.00945615361099219,0.01184775));
#3832=CARTESIAN_POINT('',(-0.00406464511835489,-0.00942341531792458,0.01184775));
#3833=CARTESIAN_POINT('',(-0.00407604164050232,-0.0093875950757766,0.01184775));
#3834=CARTESIAN_POINT('',(-0.00408757376164378,-0.00934867078636572,0.01184775));
#3835=CARTESIAN_POINT('',(-0.00409912154911894,-0.00930662384637577,0.01184775));
#3836=CARTESIAN_POINT('',(-0.00411056439675316,-0.00926143922593609,0.01184775));
#3837=CARTESIAN_POINT('',(-0.00412178112913348,-0.00921310547168456,0.01184775));
#3838=CARTESIAN_POINT('',(-0.00413265009379359,-0.00916161472801361,0.01184775));
#3839=CARTESIAN_POINT('',(-0.00414304925733643,-0.00910696274991098,0.01184775));
#3840=CARTESIAN_POINT('',(-0.00415285630140715,-0.00904914891533591,0.01184775));
#3841=CARTESIAN_POINT('',(-0.00416194871745748,-0.00898817623341575,0.01184775));
#3842=CARTESIAN_POINT('',(-0.0041702039087266,-0.00892405135533471,0.01184775));
#3843=CARTESIAN_POINT('',(-0.0041774992652233,-0.00885678456347551,0.01184775));
#3844=CARTESIAN_POINT('',(-0.00418371234394415,-0.00878638983263788,0.01184775));
#3845=CARTESIAN_POINT('',(-0.00418872064389381,-0.00871288460161419,0.01184775));
#3846=CARTESIAN_POINT('',(-0.00419240294169991,-0.00863629064832465,0.01184775));
#3847=CARTESIAN_POINT('',(-0.00419463462548149,-0.00855663070912837,0.01184775));
#3848=CARTESIAN_POINT('',(-0.00419530608343946,-0.0084739414346503,0.01184775));
#3849=CARTESIAN_POINT('',(-0.00419425262479889,-0.00838822364635107,0.01184775));
#3850=CARTESIAN_POINT('',(-0.00419205662052958,-0.00831693772379273,0.01184775));
#3851=CARTESIAN_POINT('',(-0.00418995731634824,-0.00827407995564098,0.01184775));
#3852=CARTESIAN_POINT('',(-0.00418928350075949,-0.00826114325302088,0.01184775));
#3853=CARTESIAN_POINT('',(-0.00418928350075949,-0.00826114325302088,0.01184775));
#3854=CARTESIAN_POINT('',(-0.00418928350075949,-0.00826114325302088,0.01184775));
#3855=CARTESIAN_POINT('',(-0.00418928350075949,-0.00826114325302088,0.006));
#3856=CARTESIAN_POINT('',(-0.00370662432983413,-0.0100619080440362,0.006));
#3857=CARTESIAN_POINT('',(-0.00383699312620201,-0.0098533870651701,0.006));
#3858=CARTESIAN_POINT('',(-0.00397951486594634,-0.00962542781794863,0.006));
#3859=CARTESIAN_POINT('',(-0.00398345771962637,-0.00961814080573985,0.006));
#3860=CARTESIAN_POINT('',(-0.00398766838095947,-0.00961067033921628,0.006));
#3861=CARTESIAN_POINT('',(-0.0039924067512416,-0.00960169505772707,0.006));
#3862=CARTESIAN_POINT('',(-0.00399857387025159,-0.00958951667946678,0.006));
#3863=CARTESIAN_POINT('',(-0.00400571837221345,-0.0095746428274122,0.006));
#3864=CARTESIAN_POINT('',(-0.00401383749828352,-0.00955685043368832,0.006));
#3865=CARTESIAN_POINT('',(-0.00402278492534561,-0.00953615157023723,0.006));
#3866=CARTESIAN_POINT('',(-0.00403245674539193,-0.00951249036732717,0.006));
#3867=CARTESIAN_POINT('',(-0.00404273472491923,-0.00948583572204066,0.006));
#3868=CARTESIAN_POINT('',(-0.0040535033954439,-0.00945615361099219,0.006));
#3869=CARTESIAN_POINT('',(-0.00406464511835489,-0.00942341531792458,0.006));
#3870=CARTESIAN_POINT('',(-0.00407604164050232,-0.0093875950757766,0.006));
#3871=CARTESIAN_POINT('',(-0.00408757376164378,-0.00934867078636572,0.006));
#3872=CARTESIAN_POINT('',(-0.00409912154911894,-0.00930662384637577,0.006));
#3873=CARTESIAN_POINT('',(-0.00411056439675316,-0.00926143922593609,0.006));
#3874=CARTESIAN_POINT('',(-0.00412178112913348,-0.00921310547168456,0.006));
#3875=CARTESIAN_POINT('',(-0.00413265009379359,-0.00916161472801361,0.006));
#3876=CARTESIAN_POINT('',(-0.00414304925733643,-0.00910696274991098,0.006));
#3877=CARTESIAN_POINT('',(-0.00415285630140715,-0.00904914891533591,0.006));
#3878=CARTESIAN_POINT('',(-0.00416194871745748,-0.00898817623341575,0.006));
#3879=CARTESIAN_POINT('',(-0.0041702039087266,-0.00892405135533471,0.006));
#3880=CARTESIAN_POINT('',(-0.0041774992652233,-0.00885678456347551,0.006));
#3881=CARTESIAN_POINT('',(-0.00418371234394415,-0.00878638983263788,0.006));
#3882=CARTESIAN_POINT('',(-0.00418872064389381,-0.00871288460161419,0.006));
#3883=CARTESIAN_POINT('',(-0.00419240294169991,-0.00863629064832465,0.006));
#3884=CARTESIAN_POINT('',(-0.00419463462548149,-0.00855663070912837,0.006));
#3885=CARTESIAN_POINT('',(-0.00419530608343946,-0.0084739414346503,0.006));
#3886=CARTESIAN_POINT('',(-0.00419425262479889,-0.00838822364635107,0.006));
#3887=CARTESIAN_POINT('',(-0.00419205662052958,-0.00831693772379273,0.006));
#3888=CARTESIAN_POINT('',(-0.00418995731634824,-0.00827407995564098,0.006));
#3889=CARTESIAN_POINT('',(-0.00418928350075949,-0.00826114325302088,0.006));
#3890=CARTESIAN_POINT('',(0.,-0.016,0.01184775));
#3891=CARTESIAN_POINT('',(0.,-0.016,0.01184775));
#3892=CARTESIAN_POINT('',(-0.00379846756592072,-0.00806201258815256,0.01184775));
#3893=CARTESIAN_POINT('',(-0.00379846756592072,-0.00806201258815256,0.01184775));
#3894=CARTESIAN_POINT('',(-0.00379846756592072,-0.00806201258815256,0.006));
#3895=CARTESIAN_POINT('',(0.,-0.016,0.006));
#3896=CARTESIAN_POINT('',(-0.00275417213856001,-0.00919194148715391,0.01184775));
#3897=CARTESIAN_POINT('',(-0.00275417213856001,-0.00919194148715391,0.00599999999999999));
#3898=CARTESIAN_POINT('',(-0.00277414875696621,-0.00914253759502556,0.01184775));
#3899=CARTESIAN_POINT('',(-0.00277414875696621,-0.00914253759502556,0.00599999999999999));
#3900=CARTESIAN_POINT('',(-0.00280931578297999,-0.00905576800350509,0.01184775));
#3901=CARTESIAN_POINT('',(-0.00280931578297999,-0.00905576800350509,0.00599999999999999));
#3902=CARTESIAN_POINT('',(-0.00282620930076563,-0.00901430000298559,0.01184775));
#3903=CARTESIAN_POINT('',(-0.00282620930076563,-0.00901430000298559,0.006));
#3904=CARTESIAN_POINT('',(-0.00284254141545735,-0.00898418335924387,0.01184775));
#3905=CARTESIAN_POINT('',(-0.00284254141545735,-0.00898418335924387,0.00599999999999999));
#3906=CARTESIAN_POINT('',(-0.00290377206223004,-0.00888077298890281,0.01184775));
#3907=CARTESIAN_POINT('',(-0.00290377206223004,-0.00888077298890281,0.006));
#3908=CARTESIAN_POINT('',(-0.0029981656519306,-0.00875579612265603,0.01184775));
#3909=CARTESIAN_POINT('',(-0.0029981656519306,-0.00875579612265603,0.00599999999999999));
#3910=CARTESIAN_POINT('',(-0.00315804254091453,-0.00857225405563778,0.01184775));
#3911=CARTESIAN_POINT('',(-0.00315804254091453,-0.00857225405563778,0.006));
#3912=CARTESIAN_POINT('',(-0.00341085750675333,-0.00833568943811118,0.01184775));
#3913=CARTESIAN_POINT('',(-0.00341085750675333,-0.00833568943811118,0.00599999999999999));
#3914=CARTESIAN_POINT('',(-0.003661836214251,-0.00815080445725058,0.01184775));
#3915=CARTESIAN_POINT('',(-0.003661836214251,-0.00815080445725058,0.00599999999999999));
#3916=CARTESIAN_POINT('',(-0.00379846756592072,-0.00806201258815256,0.01184775));
#3917=CARTESIAN_POINT('',(-0.00379846756592072,-0.00806201258815256,0.00599999999999999));
#3918=CARTESIAN_POINT('',(-0.0026253181896709,-0.00951095504692847,0.006));
#3919=CARTESIAN_POINT('',(-0.00271738634939313,-0.00928291891895954,0.006));
#3920=CARTESIAN_POINT('',(-0.00281803707766743,-0.00903362532579803,0.006));
#3921=CARTESIAN_POINT('',(-0.00282161484313748,-0.00902615229185496,0.006));
#3922=CARTESIAN_POINT('',(-0.00282518361287696,-0.00901835476522862,0.006));
#3923=CARTESIAN_POINT('',(-0.0028296596239593,-0.00900924580505021,0.006));
#3924=CARTESIAN_POINT('',(-0.00283588719733259,-0.00899709822982655,0.006));
#3925=CARTESIAN_POINT('',(-0.00284372096352842,-0.0089825755754406,0.006));
#3926=CARTESIAN_POINT('',(-0.00285334300985615,-0.00896554895783657,0.006));
#3927=CARTESIAN_POINT('',(-0.00286482957647927,-0.00894614385061163,0.006));
#3928=CARTESIAN_POINT('',(-0.00287828693855481,-0.00892441147770559,0.006));
#3929=CARTESIAN_POINT('',(-0.00289380975478112,-0.00890042921019567,0.006));
#3930=CARTESIAN_POINT('',(-0.00291149342132706,-0.00887427046560319,0.006));
#3931=CARTESIAN_POINT('',(-0.00293143031637338,-0.00884601353657121,0.006));
#3932=CARTESIAN_POINT('',(-0.00295371079336804,-0.00881573894640904,0.006));
#3933=CARTESIAN_POINT('',(-0.0029784227942608,-0.00878353014115273,0.006));
#3934=CARTESIAN_POINT('',(-0.00300565186409963,-0.00874947321360777,0.006));
#3935=CARTESIAN_POINT('',(-0.00303548105283609,-0.00871365690188277,0.006));
#3936=CARTESIAN_POINT('',(-0.00306799085155547,-0.00867617250682877,0.006));
#3937=CARTESIAN_POINT('',(-0.00310325912110336,-0.00863711382994812,0.006));
#3938=CARTESIAN_POINT('',(-0.00314136102519794,-0.00859657710317734,0.006));
#3939=CARTESIAN_POINT('',(-0.00318236896400579,-0.00855466091851784,0.006));
#3940=CARTESIAN_POINT('',(-0.00322635251180974,-0.0085114661561878,0.006));
#3941=CARTESIAN_POINT('',(-0.00327337834825667,-0.00846709590851818,0.006));
#3942=CARTESIAN_POINT('',(-0.00332351022306888,-0.00842165541290846,0.006));
#3943=CARTESIAN_POINT('',(-0.00337680880058751,-0.00837525194201045,0.006));
#3944=CARTESIAN_POINT('',(-0.00343333197681167,-0.00832799485147617,0.006));
#3945=CARTESIAN_POINT('',(-0.0034931333863443,-0.00827999501381431,0.006));
#3946=CARTESIAN_POINT('',(-0.00355626788011036,-0.00823136660625085,0.006));
#3947=CARTESIAN_POINT('',(-0.00362277023533043,-0.00818221984929088,0.006));
#3948=CARTESIAN_POINT('',(-0.00369273659023757,-0.00813268846341255,0.006));
#3949=CARTESIAN_POINT('',(-0.00375169889197043,-0.00809256425421029,0.006));
#3950=CARTESIAN_POINT('',(-0.00378760549478405,-0.00806907146290359,0.006));
#3951=CARTESIAN_POINT('',(-0.00379846756592072,-0.00806201258815256,0.006));
#3952=CARTESIAN_POINT('',(-0.00275417217460293,-0.00919194139801666,0.006));
#3953=CARTESIAN_POINT('',(-0.0026253181896709,-0.00951095504692847,0.01184775));
#3954=CARTESIAN_POINT('',(-0.00271738634939313,-0.00928291891895954,0.01184775));
#3955=CARTESIAN_POINT('',(-0.00281803707766743,-0.00903362532579803,0.01184775));
#3956=CARTESIAN_POINT('',(-0.00282161484313748,-0.00902615229185496,0.01184775));
#3957=CARTESIAN_POINT('',(-0.00282518361287696,-0.00901835476522862,0.01184775));
#3958=CARTESIAN_POINT('',(-0.0028296596239593,-0.00900924580505021,0.01184775));
#3959=CARTESIAN_POINT('',(-0.00283588719733259,-0.00899709822982655,0.01184775));
#3960=CARTESIAN_POINT('',(-0.00284372096352842,-0.0089825755754406,0.01184775));
#3961=CARTESIAN_POINT('',(-0.00285334300985615,-0.00896554895783657,0.01184775));
#3962=CARTESIAN_POINT('',(-0.00286482957647927,-0.00894614385061163,0.01184775));
#3963=CARTESIAN_POINT('',(-0.00287828693855481,-0.00892441147770559,0.01184775));
#3964=CARTESIAN_POINT('',(-0.00289380975478112,-0.00890042921019567,0.01184775));
#3965=CARTESIAN_POINT('',(-0.00291149342132706,-0.00887427046560319,0.01184775));
#3966=CARTESIAN_POINT('',(-0.00293143031637338,-0.00884601353657121,0.01184775));
#3967=CARTESIAN_POINT('',(-0.00295371079336804,-0.00881573894640904,0.01184775));
#3968=CARTESIAN_POINT('',(-0.0029784227942608,-0.00878353014115273,0.01184775));
#3969=CARTESIAN_POINT('',(-0.00300565186409963,-0.00874947321360777,0.01184775));
#3970=CARTESIAN_POINT('',(-0.00303548105283609,-0.00871365690188277,0.01184775));
#3971=CARTESIAN_POINT('',(-0.00306799085155547,-0.00867617250682877,0.01184775));
#3972=CARTESIAN_POINT('',(-0.00310325912110336,-0.00863711382994812,0.01184775));
#3973=CARTESIAN_POINT('',(-0.00314136102519794,-0.00859657710317734,0.01184775));
#3974=CARTESIAN_POINT('',(-0.00318236896400579,-0.00855466091851784,0.01184775));
#3975=CARTESIAN_POINT('',(-0.00322635251180974,-0.0085114661561878,0.01184775));
#3976=CARTESIAN_POINT('',(-0.00327337834825667,-0.00846709590851818,0.01184775));
#3977=CARTESIAN_POINT('',(-0.00332351022306888,-0.00842165541290846,0.01184775));
#3978=CARTESIAN_POINT('',(-0.00337680880058751,-0.00837525194201045,0.01184775));
#3979=CARTESIAN_POINT('',(-0.00343333197681167,-0.00832799485147617,0.01184775));
#3980=CARTESIAN_POINT('',(-0.0034931333863443,-0.00827999501381431,0.01184775));
#3981=CARTESIAN_POINT('',(-0.00355626788011036,-0.00823136660625085,0.01184775));
#3982=CARTESIAN_POINT('',(-0.00362277023533043,-0.00818221984929088,0.01184775));
#3983=CARTESIAN_POINT('',(-0.00369273659023757,-0.00813268846341255,0.01184775));
#3984=CARTESIAN_POINT('',(-0.00375169889197043,-0.00809256425421029,0.01184775));
#3985=CARTESIAN_POINT('',(-0.00378760549478405,-0.00806907146290359,0.01184775));
#3986=CARTESIAN_POINT('',(-0.00379846756592072,-0.00806201258815256,0.01184775));
#3987=CARTESIAN_POINT('',(-0.00275417217460293,-0.00919194139801666,0.01184775));
#3988=CARTESIAN_POINT('',(-0.00275417217460293,-0.00919194139801666,0.006));
#3989=CARTESIAN_POINT('',(-0.0024274254127119,-0.00905982032202341,0.008923875));
#3990=CARTESIAN_POINT('',(-0.0024274254127119,-0.00905982032202341,0.01184775));
#3991=CARTESIAN_POINT('',(-0.0023110640753117,-0.00939250555506827,0.01184775));
#3992=CARTESIAN_POINT('',(-0.0023110640753117,-0.00939250555506827,0.01184775));
#3993=CARTESIAN_POINT('',(-0.0023110640753116,-0.00939250555506856,0.006));
#3994=CARTESIAN_POINT('',(-0.0024274254127119,-0.00905982032202341,0.006));
#3995=CARTESIAN_POINT('',(1.56125112837912E-17,-0.016,0.01184775));
#3996=CARTESIAN_POINT('',(1.56125112837912E-17,-0.016,0.006));
#3997=CARTESIAN_POINT('',(-0.00201409767731873,-0.00929601532324101,0.006));
#3998=CARTESIAN_POINT('',(1.56125112837912E-17,-0.016,0.01184775));
#3999=CARTESIAN_POINT('',(-0.00201409767731873,-0.00929601532324101,0.01184775));
#4000=CARTESIAN_POINT('',(-0.00201409767731873,-0.00929601532324101,0.01184775));
#4001=CARTESIAN_POINT('',(-0.00211550685151306,-0.00895847183786913,0.008923875));
#4002=CARTESIAN_POINT('',(-0.00211550685151306,-0.00895847183786913,0.01184775));
#4003=CARTESIAN_POINT('',(-0.00177350434830038,-0.00887330310578889,0.01184775));
#4004=CARTESIAN_POINT('',(-0.00177350434830038,-0.00887330310578889,0.01184775));
#4005=CARTESIAN_POINT('',(-0.00177350434830038,-0.00887330310578889,0.006));
#4006=CARTESIAN_POINT('',(-0.00211550685151306,-0.00895847183786913,0.006));
#4007=CARTESIAN_POINT('',(-0.00177350432506616,-0.00887330319908794,0.01184775));
#4008=CARTESIAN_POINT('',(-0.00177350432506616,-0.00887330319908794,0.006));
#4009=CARTESIAN_POINT('',(-0.00178638178048429,-0.00882159264907802,0.01184775));
#4010=CARTESIAN_POINT('',(-0.00178638178048429,-0.00882159264907802,0.006));
#4011=CARTESIAN_POINT('',(-0.00180893294504067,-0.00873072391568514,0.01184775));
#4012=CARTESIAN_POINT('',(-0.00180893294504067,-0.00873072391568514,0.006));
#4013=CARTESIAN_POINT('',(-0.0018196400812047,-0.00868724583792849,0.01184775));
#4014=CARTESIAN_POINT('',(-0.0018196400812047,-0.00868724583792849,0.006));
#4015=CARTESIAN_POINT('',(-0.00182412924190496,-0.00865328118517326,0.01184775));
#4016=CARTESIAN_POINT('',(-0.00182412924190496,-0.00865328118517326,0.006));
#4017=CARTESIAN_POINT('',(-0.00183537569870987,-0.00853362996701148,0.01184775));
#4018=CARTESIAN_POINT('',(-0.00183537569870987,-0.00853362996701148,0.006));
#4019=CARTESIAN_POINT('',(-0.00183246923933963,-0.00837703839837716,0.01184775));
#4020=CARTESIAN_POINT('',(-0.00183246923933963,-0.00837703839837716,0.006));
#4021=CARTESIAN_POINT('',(-0.00181100943931245,-0.00813457646944952,0.01184775));
#4022=CARTESIAN_POINT('',(-0.00181100943931245,-0.00813457646944952,0.00599999999999999));
#4023=CARTESIAN_POINT('',(-0.00174552702891288,-0.00779459076512393,0.01184775));
#4024=CARTESIAN_POINT('',(-0.00174552702891288,-0.00779459076512393,0.006));
#4025=CARTESIAN_POINT('',(-0.00165115365444124,-0.0074974940906962,0.01184775));
#4026=CARTESIAN_POINT('',(-0.00165115365444124,-0.0074974940906962,0.006));
#4027=CARTESIAN_POINT('',(-0.00159280712015533,-0.00734535006612154,0.01184775));
#4028=CARTESIAN_POINT('',(-0.00159280712015533,-0.00734535006612154,0.006));
#4029=CARTESIAN_POINT('',(-0.00169023789379292,-0.00920712904123842,0.01184775));
#4030=CARTESIAN_POINT('',(-0.00174978946094683,-0.00896852763188967,0.01184775));
#4031=CARTESIAN_POINT('',(-0.00181489240882804,-0.00870768386472107,0.01184775));
#4032=CARTESIAN_POINT('',(-0.0018163904749025,-0.00869953509548213,0.01184775));
#4033=CARTESIAN_POINT('',(-0.00181808655068956,-0.00869112909370563,0.01184775));
#4034=CARTESIAN_POINT('',(-0.00181981949411353,-0.00868112885681692,0.01184775));
#4035=CARTESIAN_POINT('',(-0.0018219214469884,-0.00866764078623415,0.01184775));
#4036=CARTESIAN_POINT('',(-0.00182411999907822,-0.00865128713979266,0.01184775));
#4037=CARTESIAN_POINT('',(-0.00182634359480249,-0.00863185661986596,0.01184775));
#4038=CARTESIAN_POINT('',(-0.00182845680304335,-0.00860940592388277,0.01184775));
#4039=CARTESIAN_POINT('',(-0.00183034353671626,-0.00858391402591093,0.01184775));
#4040=CARTESIAN_POINT('',(-0.00183188173774748,-0.00855538788147989,0.01184775));
#4041=CARTESIAN_POINT('',(-0.0018329510752789,-0.0085238308141509,0.01184775));
#4042=CARTESIAN_POINT('',(-0.00183343079453144,-0.00848925186547046,0.01184775));
#4043=CARTESIAN_POINT('',(-0.0018332004676165,-0.00845166307174002,0.01184775));
#4044=CARTESIAN_POINT('',(-0.00183213989965286,-0.00841108025123974,0.01184775));
#4045=CARTESIAN_POINT('',(-0.00183012927916155,-0.00836752277239477,0.01184775));
#4046=CARTESIAN_POINT('',(-0.0018270492583688,-0.00832101361030627,0.01184775));
#4047=CARTESIAN_POINT('',(-0.00182278105332497,-0.00827157931744148,0.01184775));
#4048=CARTESIAN_POINT('',(-0.00181720653814302,-0.0082192500153531,0.01184775));
#4049=CARTESIAN_POINT('',(-0.00181020834038454,-0.00816405937718815,0.01184775));
#4050=CARTESIAN_POINT('',(-0.00180166993615992,-0.00810604460980109,0.01184775));
#4051=CARTESIAN_POINT('',(-0.0017914757427875,-0.00804524643226545,0.01184775));
#4052=CARTESIAN_POINT('',(-0.00177951121914801,-0.00798170905471587,0.01184775));
#4053=CARTESIAN_POINT('',(-0.0017656629336413,-0.0079154801448504,0.01184775));
#4054=CARTESIAN_POINT('',(-0.00174981875450176,-0.0078466108304623,0.01184775));
#4055=CARTESIAN_POINT('',(-0.00173186756524265,-0.00777515555171806,0.01184775));
#4056=CARTESIAN_POINT('',(-0.00171170080533325,-0.0077011724807328,0.01184775));
#4057=CARTESIAN_POINT('',(-0.00168920698775352,-0.00762472174825793,0.01184775));
#4058=CARTESIAN_POINT('',(-0.0016642931911536,-0.00754587208301782,0.01184775));
#4059=CARTESIAN_POINT('',(-0.00163680303914415,-0.00746467515851624,0.01184775));
#4060=CARTESIAN_POINT('',(-0.00161268595344379,-0.00739755681998595,0.01184775));
#4061=CARTESIAN_POINT('',(-0.00159744561782257,-0.00735744538097976,0.01184775));
#4062=CARTESIAN_POINT('',(-0.00159280712015533,-0.00734535006612154,0.01184775));
#4063=CARTESIAN_POINT('',(-0.00159280712015533,-0.00734535006612154,0.01184775));
#4064=CARTESIAN_POINT('',(-0.00159280712015533,-0.00734535006612154,0.01184775));
#4065=CARTESIAN_POINT('',(-0.00159280712015533,-0.00734535006612154,0.006));
#4066=CARTESIAN_POINT('',(-0.00169023789379292,-0.00920712904123842,0.006));
#4067=CARTESIAN_POINT('',(-0.00174978946094683,-0.00896852763188967,0.006));
#4068=CARTESIAN_POINT('',(-0.00181489240882804,-0.00870768386472107,0.006));
#4069=CARTESIAN_POINT('',(-0.0018163904749025,-0.00869953509548213,0.006));
#4070=CARTESIAN_POINT('',(-0.00181808655068956,-0.00869112909370563,0.006));
#4071=CARTESIAN_POINT('',(-0.00181981949411353,-0.00868112885681692,0.006));
#4072=CARTESIAN_POINT('',(-0.0018219214469884,-0.00866764078623415,0.006));
#4073=CARTESIAN_POINT('',(-0.00182411999907822,-0.00865128713979266,0.006));
#4074=CARTESIAN_POINT('',(-0.00182634359480249,-0.00863185661986596,0.006));
#4075=CARTESIAN_POINT('',(-0.00182845680304335,-0.00860940592388277,0.006));
#4076=CARTESIAN_POINT('',(-0.00183034353671626,-0.00858391402591093,0.006));
#4077=CARTESIAN_POINT('',(-0.00183188173774748,-0.00855538788147989,0.006));
#4078=CARTESIAN_POINT('',(-0.0018329510752789,-0.0085238308141509,0.006));
#4079=CARTESIAN_POINT('',(-0.00183343079453144,-0.00848925186547046,0.006));
#4080=CARTESIAN_POINT('',(-0.0018332004676165,-0.00845166307174002,0.006));
#4081=CARTESIAN_POINT('',(-0.00183213989965286,-0.00841108025123974,0.006));
#4082=CARTESIAN_POINT('',(-0.00183012927916155,-0.00836752277239477,0.006));
#4083=CARTESIAN_POINT('',(-0.0018270492583688,-0.00832101361030627,0.006));
#4084=CARTESIAN_POINT('',(-0.00182278105332497,-0.00827157931744148,0.006));
#4085=CARTESIAN_POINT('',(-0.00181720653814302,-0.0082192500153531,0.006));
#4086=CARTESIAN_POINT('',(-0.00181020834038454,-0.00816405937718815,0.006));
#4087=CARTESIAN_POINT('',(-0.00180166993615992,-0.00810604460980109,0.006));
#4088=CARTESIAN_POINT('',(-0.0017914757427875,-0.00804524643226545,0.006));
#4089=CARTESIAN_POINT('',(-0.00177951121914801,-0.00798170905471587,0.006));
#4090=CARTESIAN_POINT('',(-0.0017656629336413,-0.0079154801448504,0.006));
#4091=CARTESIAN_POINT('',(-0.00174981875450176,-0.0078466108304623,0.006));
#4092=CARTESIAN_POINT('',(-0.00173186756524265,-0.00777515555171806,0.006));
#4093=CARTESIAN_POINT('',(-0.00171170080533325,-0.0077011724807328,0.006));
#4094=CARTESIAN_POINT('',(-0.00168920698775352,-0.00762472174825793,0.006));
#4095=CARTESIAN_POINT('',(-0.0016642931911536,-0.00754587208301782,0.006));
#4096=CARTESIAN_POINT('',(-0.00163680303914415,-0.00746467515851624,0.006));
#4097=CARTESIAN_POINT('',(-0.00161268595344379,-0.00739755681998595,0.006));
#4098=CARTESIAN_POINT('',(-0.00159744561782257,-0.00735744538097976,0.006));
#4099=CARTESIAN_POINT('',(-0.00159280712015533,-0.00734535006612154,0.006));
#4100=CARTESIAN_POINT('',(0.,-0.016,0.01184775));
#4101=CARTESIAN_POINT('',(0.,-0.016,0.01184775));
#4102=CARTESIAN_POINT('',(-0.00115958431910942,-0.00727673431524205,0.01184775));
#4103=CARTESIAN_POINT('',(-0.00115958431910942,-0.00727673431524205,0.01184775));
#4104=CARTESIAN_POINT('',(-0.00115958431910942,-0.00727673431524205,0.006));
#4105=CARTESIAN_POINT('',(0.,-0.016,0.006));
#4106=CARTESIAN_POINT('',(-0.00051556758020758,-0.00867406559179001,0.01184775));
#4107=CARTESIAN_POINT('',(-0.00051556758020758,-0.00867406559179001,0.006));
#4108=CARTESIAN_POINT('',(-0.000519299831060412,-0.00862090658367333,0.01184775));
#4109=CARTESIAN_POINT('',(-0.000519299831060412,-0.00862090658367333,0.006));
#4110=CARTESIAN_POINT('',(-0.000525932381934746,-0.00852751658956163,0.01184775));
#4111=CARTESIAN_POINT('',(-0.000525932381934746,-0.00852751658956163,0.006));
#4112=CARTESIAN_POINT('',(-0.000529184755224653,-0.00848285779335928,0.01184775));
#4113=CARTESIAN_POINT('',(-0.000529184755224653,-0.00848285779335928,0.006));
#4114=CARTESIAN_POINT('',(-0.000535410964597369,-0.00844916826208598,0.01184775));
#4115=CARTESIAN_POINT('',(-0.000535410964597369,-0.00844916826208598,0.006));
#4116=CARTESIAN_POINT('',(-0.000561689208377494,-0.00833189784509127,0.01184775));
#4117=CARTESIAN_POINT('',(-0.000561689208377494,-0.00833189784509127,0.006));
#4118=CARTESIAN_POINT('',(-0.000612842871384738,-0.00818386855868361,0.01184775));
#4119=CARTESIAN_POINT('',(-0.000612842871384738,-0.00818386855868361,0.006));
#4120=CARTESIAN_POINT('',(-0.000708177210566543,-0.00795990500412777,0.01184775));
#4121=CARTESIAN_POINT('',(-0.000708177210566543,-0.00795990500412777,0.006));
#4122=CARTESIAN_POINT('',(-0.000875516044160978,-0.00765679456222773,0.01184775));
#4123=CARTESIAN_POINT('',(-0.000875516044160978,-0.00765679456222773,0.006));
#4124=CARTESIAN_POINT('',(-0.00105707837828726,-0.00740340181057212,0.01184775));
#4125=CARTESIAN_POINT('',(-0.00105707837828726,-0.00740340181057212,0.006));
#4126=CARTESIAN_POINT('',(-0.00115958431910942,-0.00727673431524205,0.01184775));
#4127=CARTESIAN_POINT('',(-0.00115958431910942,-0.00727673431524205,0.006));
#4128=CARTESIAN_POINT('',(-0.000491600803872613,-0.00901728357659916,0.006));
#4129=CARTESIAN_POINT('',(-0.000508695788245887,-0.00877195770514861,0.006));
#4130=CARTESIAN_POINT('',(-0.000527384362365312,-0.00850376262336874,0.006));
#4131=CARTESIAN_POINT('',(-0.000528477725041433,-0.00849554975540855,0.006));
#4132=CARTESIAN_POINT('',(-0.000529462258515691,-0.00848703105640107,0.006));
#4133=CARTESIAN_POINT('',(-0.000530904374526344,-0.00847698475697527,0.006));
#4134=CARTESIAN_POINT('',(-0.000533073341579163,-0.00846350730039557,0.006));
#4135=CARTESIAN_POINT('',(-0.000536035948958142,-0.00844727466842343,0.006));
#4136=CARTESIAN_POINT('',(-0.000539925544621863,-0.00842810801696472,0.006));
#4137=CARTESIAN_POINT('',(-0.000544853410748461,-0.00840610311899547,0.006));
#4138=CARTESIAN_POINT('',(-0.000550936450086487,-0.00838127585054783,0.006));
#4139=CARTESIAN_POINT('',(-0.000558288597385563,-0.0083536705447425,0.006));
#4140=CARTESIAN_POINT('',(-0.000567023267055475,-0.00832332754675417,0.006));
#4141=CARTESIAN_POINT('',(-0.000577252509724237,-0.00829029277088343,0.006));
#4142=CARTESIAN_POINT('',(-0.000589087139698328,-0.0082546148785974,0.006));
#4143=CARTESIAN_POINT('',(-0.000602636580985375,-0.00821634605623543,0.006));
#4144=CARTESIAN_POINT('',(-0.000618008795900658,-0.00817554174804759,0.006));
#4145=CARTESIAN_POINT('',(-0.000635310191225405,-0.00813226068514388,0.006));
#4146=CARTESIAN_POINT('',(-0.000654645532045358,-0.00808656482668039,0.006));
#4147=CARTESIAN_POINT('',(-0.000676117854683422,-0.00803851932286269,0.006));
#4148=CARTESIAN_POINT('',(-0.000699828381387319,-0.00798819246883479,0.006));
#4149=CARTESIAN_POINT('',(-0.000725876435411218,-0.00793565565828023,0.006));
#4150=CARTESIAN_POINT('',(-0.000754359359531965,-0.00788098333435211,0.006));
#4151=CARTESIAN_POINT('',(-0.000785372427144517,-0.00782425293853949,0.006));
#4152=CARTESIAN_POINT('',(-0.000819008787982531,-0.00776554485780933,0.006));
#4153=CARTESIAN_POINT('',(-0.000855359286335429,-0.0077049423682038,0.006));
#4154=CARTESIAN_POINT('',(-0.000894512777325308,-0.0076425315822807,0.006));
#4155=CARTESIAN_POINT('',(-0.000936554531980199,-0.00757840137205813,0.006));
#4156=CARTESIAN_POINT('',(-0.000981571999332905,-0.00751264337666287,0.006));
#4157=CARTESIAN_POINT('',(-0.00102963231449488,-0.00744535167527235,0.006));
#4158=CARTESIAN_POINT('',(-0.00108086823225938,-0.00737662373527086,0.006));
#4159=CARTESIAN_POINT('',(-0.00112454565100882,-0.00732024299138494,0.006));
#4160=CARTESIAN_POINT('',(-0.00115143518783366,-0.00728680426864707,0.006));
#4161=CARTESIAN_POINT('',(-0.00115958431910942,-0.00727673431524205,0.006));
#4162=CARTESIAN_POINT('',(-0.000515567586941514,-0.00867406549587756,0.006));
#4163=CARTESIAN_POINT('',(-0.000491600803872613,-0.00901728357659916,0.01184775));
#4164=CARTESIAN_POINT('',(-0.000508695788245887,-0.00877195770514861,0.01184775));
#4165=CARTESIAN_POINT('',(-0.000527384362365312,-0.00850376262336874,0.01184775));
#4166=CARTESIAN_POINT('',(-0.000528477725041433,-0.00849554975540855,0.01184775));
#4167=CARTESIAN_POINT('',(-0.000529462258515691,-0.00848703105640107,0.01184775));
#4168=CARTESIAN_POINT('',(-0.000530904374526344,-0.00847698475697527,0.01184775));
#4169=CARTESIAN_POINT('',(-0.000533073341579163,-0.00846350730039557,0.01184775));
#4170=CARTESIAN_POINT('',(-0.000536035948958142,-0.00844727466842343,0.01184775));
#4171=CARTESIAN_POINT('',(-0.000539925544621863,-0.00842810801696472,0.01184775));
#4172=CARTESIAN_POINT('',(-0.000544853410748461,-0.00840610311899547,0.01184775));
#4173=CARTESIAN_POINT('',(-0.000550936450086487,-0.00838127585054783,0.01184775));
#4174=CARTESIAN_POINT('',(-0.000558288597385563,-0.0083536705447425,0.01184775));
#4175=CARTESIAN_POINT('',(-0.000567023267055475,-0.00832332754675417,0.01184775));
#4176=CARTESIAN_POINT('',(-0.000577252509724237,-0.00829029277088343,0.01184775));
#4177=CARTESIAN_POINT('',(-0.000589087139698328,-0.0082546148785974,0.01184775));
#4178=CARTESIAN_POINT('',(-0.000602636580985375,-0.00821634605623543,0.01184775));
#4179=CARTESIAN_POINT('',(-0.000618008795900658,-0.00817554174804759,0.01184775));
#4180=CARTESIAN_POINT('',(-0.000635310191225405,-0.00813226068514388,0.01184775));
#4181=CARTESIAN_POINT('',(-0.000654645532045358,-0.00808656482668039,0.01184775));
#4182=CARTESIAN_POINT('',(-0.000676117854683422,-0.00803851932286269,0.01184775));
#4183=CARTESIAN_POINT('',(-0.000699828381387319,-0.00798819246883479,0.01184775));
#4184=CARTESIAN_POINT('',(-0.000725876435411218,-0.00793565565828023,0.01184775));
#4185=CARTESIAN_POINT('',(-0.000754359359531965,-0.00788098333435211,0.01184775));
#4186=CARTESIAN_POINT('',(-0.000785372427144517,-0.00782425293853949,0.01184775));
#4187=CARTESIAN_POINT('',(-0.000819008787982531,-0.00776554485780933,0.01184775));
#4188=CARTESIAN_POINT('',(-0.000855359286335429,-0.0077049423682038,0.01184775));
#4189=CARTESIAN_POINT('',(-0.000894512777325308,-0.0076425315822807,0.01184775));
#4190=CARTESIAN_POINT('',(-0.000936554531980199,-0.00757840137205813,0.01184775));
#4191=CARTESIAN_POINT('',(-0.000981571999332905,-0.00751264337666287,0.01184775));
#4192=CARTESIAN_POINT('',(-0.00102963231449488,-0.00744535167527235,0.01184775));
#4193=CARTESIAN_POINT('',(-0.00108086823225938,-0.00737662373527086,0.01184775));
#4194=CARTESIAN_POINT('',(-0.00112454565100882,-0.00732024299138494,0.01184775));
#4195=CARTESIAN_POINT('',(-0.00115143518783366,-0.00728680426864707,0.01184775));
#4196=CARTESIAN_POINT('',(-0.00115958431910942,-0.00727673431524205,0.01184775));
#4197=CARTESIAN_POINT('',(-0.000515567586941514,-0.00867406549587756,0.01184775));
#4198=CARTESIAN_POINT('',(-0.000515567586941514,-0.00867406549587756,0.006));
#4199=CARTESIAN_POINT('',(-0.00016398529206969,-0.00864938118789557,0.008923875));
#4200=CARTESIAN_POINT('',(-0.00016398529206969,-0.00864938118789557,0.01184775));
#4201=CARTESIAN_POINT('',(-0.00015612447467886,-0.00900174127740291,0.01184775));
#4202=CARTESIAN_POINT('',(-0.00015612447467886,-0.00900174127740291,0.01184775));
#4203=CARTESIAN_POINT('',(-0.000156124474678853,-0.00900174127740322,0.006));
#4204=CARTESIAN_POINT('',(-0.00016398529206969,-0.00864938118789557,0.006));
#4205=CARTESIAN_POINT('',(0.,-0.016,0.01184775));
#4206=CARTESIAN_POINT('',(0.,-0.016,0.006));
#4207=CARTESIAN_POINT('',(0.00015612447467886,-0.00900174127740291,0.006));
#4208=CARTESIAN_POINT('',(0.,-0.016,0.01184775));
#4209=CARTESIAN_POINT('',(0.00015612447467886,-0.00900174127740291,0.01184775));
#4210=CARTESIAN_POINT('',(0.00015612447467886,-0.00900174127740291,0.01184775));
#4211=CARTESIAN_POINT('',(0.000163985292069693,-0.00864938118789542,0.008923875));
#4212=CARTESIAN_POINT('',(0.000163985292069693,-0.00864938118789542,0.01184775));
#4213=CARTESIAN_POINT('',(0.000515567586941525,-0.00867406549587741,0.01184775));
#4214=CARTESIAN_POINT('',(0.000515567586941525,-0.00867406549587741,0.01184775));
#4215=CARTESIAN_POINT('',(0.000515567586941525,-0.00867406549587741,0.006));
#4216=CARTESIAN_POINT('',(0.000163985292069693,-0.00864938118789542,0.006));
#4217=CARTESIAN_POINT('',(0.00051556758020759,-0.00867406559178985,0.01184775));
#4218=CARTESIAN_POINT('',(0.00051556758020759,-0.00867406559178985,0.006));
#4219=CARTESIAN_POINT('',(0.000519299831060421,-0.0086209065836732,0.01184775));
#4220=CARTESIAN_POINT('',(0.000519299831060421,-0.0086209065836732,0.006));
#4221=CARTESIAN_POINT('',(0.000525932381934752,-0.00852751658956154,0.01184775));
#4222=CARTESIAN_POINT('',(0.000525932381934752,-0.00852751658956154,0.006));
#4223=CARTESIAN_POINT('',(0.000529184755224651,-0.00848285779335932,0.01184775));
#4224=CARTESIAN_POINT('',(0.000529184755224651,-0.00848285779335932,0.006));
#4225=CARTESIAN_POINT('',(0.000535410964597376,-0.00844916826208591,0.01184775));
#4226=CARTESIAN_POINT('',(0.000535410964597376,-0.00844916826208591,0.00599999999999999));
#4227=CARTESIAN_POINT('',(0.0005616892083775,-0.00833189784509127,0.01184775));
#4228=CARTESIAN_POINT('',(0.0005616892083775,-0.00833189784509127,0.006));
#4229=CARTESIAN_POINT('',(0.000612842871384748,-0.00818386855868358,0.01184775));
#4230=CARTESIAN_POINT('',(0.000612842871384748,-0.00818386855868358,0.006));
#4231=CARTESIAN_POINT('',(0.000708177210566554,-0.00795990500412775,0.01184775));
#4232=CARTESIAN_POINT('',(0.000708177210566554,-0.00795990500412775,0.006));
#4233=CARTESIAN_POINT('',(0.000875516044160961,-0.00765679456222772,0.01184775));
#4234=CARTESIAN_POINT('',(0.000875516044160961,-0.00765679456222772,0.006));
#4235=CARTESIAN_POINT('',(0.00105707837828732,-0.00740340181057211,0.01184775));
#4236=CARTESIAN_POINT('',(0.00105707837828732,-0.00740340181057211,0.006));
#4237=CARTESIAN_POINT('',(0.00115958431910942,-0.00727673431524205,0.01184775));
#4238=CARTESIAN_POINT('',(0.00115958431910942,-0.00727673431524205,0.006));
#4239=CARTESIAN_POINT('',(0.000491600803872613,-0.00901728357659916,0.01184775));
#4240=CARTESIAN_POINT('',(0.000508695788245889,-0.00877195770514861,0.01184775));
#4241=CARTESIAN_POINT('',(0.00052738436236531,-0.00850376262336874,0.01184775));
#4242=CARTESIAN_POINT('',(0.000528477725041433,-0.00849554975540855,0.01184775));
#4243=CARTESIAN_POINT('',(0.000529462258515693,-0.00848703105640107,0.01184775));
#4244=CARTESIAN_POINT('',(0.000530904374526346,-0.00847698475697527,0.01184775));
#4245=CARTESIAN_POINT('',(0.000533073341579163,-0.00846350730039557,0.01184775));
#4246=CARTESIAN_POINT('',(0.000536035948958142,-0.00844727466842343,0.01184775));
#4247=CARTESIAN_POINT('',(0.000539925544621862,-0.00842810801696472,0.01184775));
#4248=CARTESIAN_POINT('',(0.000544853410748461,-0.00840610311899547,0.01184775));
#4249=CARTESIAN_POINT('',(0.000550936450086487,-0.00838127585054783,0.01184775));
#4250=CARTESIAN_POINT('',(0.000558288597385562,-0.0083536705447425,0.01184775));
#4251=CARTESIAN_POINT('',(0.000567023267055475,-0.00832332754675417,0.01184775));
#4252=CARTESIAN_POINT('',(0.000577252509724235,-0.00829029277088343,0.01184775));
#4253=CARTESIAN_POINT('',(0.000589087139698328,-0.0082546148785974,0.01184775));
#4254=CARTESIAN_POINT('',(0.000602636580985375,-0.00821634605623543,0.01184775));
#4255=CARTESIAN_POINT('',(0.000618008795900658,-0.00817554174804759,0.01184775));
#4256=CARTESIAN_POINT('',(0.000635310191225407,-0.00813226068514388,0.01184775));
#4257=CARTESIAN_POINT('',(0.000654645532045358,-0.00808656482668039,0.01184775));
#4258=CARTESIAN_POINT('',(0.000676117854683422,-0.00803851932286269,0.01184775));
#4259=CARTESIAN_POINT('',(0.000699828381387317,-0.00798819246883479,0.01184775));
#4260=CARTESIAN_POINT('',(0.000725876435411218,-0.00793565565828023,0.01184775));
#4261=CARTESIAN_POINT('',(0.000754359359531966,-0.00788098333435211,0.01184775));
#4262=CARTESIAN_POINT('',(0.000785372427144517,-0.00782425293853949,0.01184775));
#4263=CARTESIAN_POINT('',(0.000819008787982533,-0.00776554485780933,0.01184775));
#4264=CARTESIAN_POINT('',(0.000855359286335428,-0.0077049423682038,0.01184775));
#4265=CARTESIAN_POINT('',(0.000894512777325308,-0.0076425315822807,0.01184775));
#4266=CARTESIAN_POINT('',(0.000936554531980199,-0.00757840137205813,0.01184775));
#4267=CARTESIAN_POINT('',(0.000981571999332905,-0.00751264337666287,0.01184775));
#4268=CARTESIAN_POINT('',(0.00102963231449488,-0.00744535167527235,0.01184775));
#4269=CARTESIAN_POINT('',(0.00108086823225938,-0.00737662373527086,0.01184775));
#4270=CARTESIAN_POINT('',(0.00112454565100883,-0.00732024299138494,0.01184775));
#4271=CARTESIAN_POINT('',(0.00115143518783366,-0.00728680426864707,0.01184775));
#4272=CARTESIAN_POINT('',(0.00115958431910942,-0.00727673431524205,0.01184775));
#4273=CARTESIAN_POINT('',(0.00115958431910942,-0.00727673431524205,0.01184775));
#4274=CARTESIAN_POINT('',(0.00115958431910942,-0.00727673431524205,0.01184775));
#4275=CARTESIAN_POINT('',(0.00115958431910942,-0.00727673431524205,0.006));
#4276=CARTESIAN_POINT('',(0.000491600803872613,-0.00901728357659916,0.006));
#4277=CARTESIAN_POINT('',(0.000508695788245889,-0.00877195770514861,0.006));
#4278=CARTESIAN_POINT('',(0.00052738436236531,-0.00850376262336874,0.006));
#4279=CARTESIAN_POINT('',(0.000528477725041433,-0.00849554975540855,0.006));
#4280=CARTESIAN_POINT('',(0.000529462258515693,-0.00848703105640107,0.006));
#4281=CARTESIAN_POINT('',(0.000530904374526346,-0.00847698475697527,0.006));
#4282=CARTESIAN_POINT('',(0.000533073341579163,-0.00846350730039557,0.006));
#4283=CARTESIAN_POINT('',(0.000536035948958142,-0.00844727466842343,0.006));
#4284=CARTESIAN_POINT('',(0.000539925544621862,-0.00842810801696472,0.006));
#4285=CARTESIAN_POINT('',(0.000544853410748461,-0.00840610311899547,0.006));
#4286=CARTESIAN_POINT('',(0.000550936450086487,-0.00838127585054783,0.006));
#4287=CARTESIAN_POINT('',(0.000558288597385562,-0.0083536705447425,0.006));
#4288=CARTESIAN_POINT('',(0.000567023267055475,-0.00832332754675417,0.006));
#4289=CARTESIAN_POINT('',(0.000577252509724235,-0.00829029277088343,0.006));
#4290=CARTESIAN_POINT('',(0.000589087139698328,-0.0082546148785974,0.006));
#4291=CARTESIAN_POINT('',(0.000602636580985375,-0.00821634605623543,0.006));
#4292=CARTESIAN_POINT('',(0.000618008795900658,-0.00817554174804759,0.006));
#4293=CARTESIAN_POINT('',(0.000635310191225407,-0.00813226068514388,0.006));
#4294=CARTESIAN_POINT('',(0.000654645532045358,-0.00808656482668039,0.006));
#4295=CARTESIAN_POINT('',(0.000676117854683422,-0.00803851932286269,0.006));
#4296=CARTESIAN_POINT('',(0.000699828381387317,-0.00798819246883479,0.006));
#4297=CARTESIAN_POINT('',(0.000725876435411218,-0.00793565565828023,0.006));
#4298=CARTESIAN_POINT('',(0.000754359359531966,-0.00788098333435211,0.006));
#4299=CARTESIAN_POINT('',(0.000785372427144517,-0.00782425293853949,0.006));
#4300=CARTESIAN_POINT('',(0.000819008787982533,-0.00776554485780933,0.006));
#4301=CARTESIAN_POINT('',(0.000855359286335428,-0.0077049423682038,0.006));
#4302=CARTESIAN_POINT('',(0.000894512777325308,-0.0076425315822807,0.006));
#4303=CARTESIAN_POINT('',(0.000936554531980199,-0.00757840137205813,0.006));
#4304=CARTESIAN_POINT('',(0.000981571999332905,-0.00751264337666287,0.006));
#4305=CARTESIAN_POINT('',(0.00102963231449488,-0.00744535167527235,0.006));
#4306=CARTESIAN_POINT('',(0.00108086823225938,-0.00737662373527086,0.006));
#4307=CARTESIAN_POINT('',(0.00112454565100883,-0.00732024299138494,0.006));
#4308=CARTESIAN_POINT('',(0.00115143518783366,-0.00728680426864707,0.006));
#4309=CARTESIAN_POINT('',(0.00115958431910942,-0.00727673431524205,0.006));
#4310=CARTESIAN_POINT('',(0.,-0.016,0.01184775));
#4311=CARTESIAN_POINT('',(0.,-0.016,0.01184775));
#4312=CARTESIAN_POINT('',(0.00159280712015532,-0.00734535006612153,0.01184775));
#4313=CARTESIAN_POINT('',(0.00159280712015532,-0.00734535006612153,0.01184775));
#4314=CARTESIAN_POINT('',(0.00159280712015532,-0.00734535006612153,0.006));
#4315=CARTESIAN_POINT('',(0.,-0.016,0.006));
#4316=CARTESIAN_POINT('',(0.00177350432506612,-0.00887330319908809,0.01184775));
#4317=CARTESIAN_POINT('',(0.00177350432506612,-0.00887330319908809,0.006));
#4318=CARTESIAN_POINT('',(0.00178638178048426,-0.00882159264907814,0.01184775));
#4319=CARTESIAN_POINT('',(0.00178638178048426,-0.00882159264907814,0.006));
#4320=CARTESIAN_POINT('',(0.00180893294504065,-0.00873072391568523,0.01184775));
#4321=CARTESIAN_POINT('',(0.00180893294504065,-0.00873072391568523,0.006));
#4322=CARTESIAN_POINT('',(0.00181964008120471,-0.00868724583792845,0.01184775));
#4323=CARTESIAN_POINT('',(0.00181964008120471,-0.00868724583792845,0.00599999999999999));
#4324=CARTESIAN_POINT('',(0.00182412924190495,-0.00865328118517333,0.01184775));
#4325=CARTESIAN_POINT('',(0.00182412924190495,-0.00865328118517333,0.006));
#4326=CARTESIAN_POINT('',(0.00183537569870987,-0.00853362996701149,0.01184775));
#4327=CARTESIAN_POINT('',(0.00183537569870987,-0.00853362996701149,0.006));
#4328=CARTESIAN_POINT('',(0.00183246923933964,-0.00837703839837719,0.01184775));
#4329=CARTESIAN_POINT('',(0.00183246923933964,-0.00837703839837719,0.006));
#4330=CARTESIAN_POINT('',(0.00181100943931245,-0.00813457646944954,0.01184775));
#4331=CARTESIAN_POINT('',(0.00181100943931245,-0.00813457646944954,0.006));
#4332=CARTESIAN_POINT('',(0.00174552702891285,-0.00779459076512389,0.01184775));
#4333=CARTESIAN_POINT('',(0.00174552702891285,-0.00779459076512389,0.006));
#4334=CARTESIAN_POINT('',(0.00165115365444131,-0.00749749409069632,0.01184775));
#4335=CARTESIAN_POINT('',(0.00165115365444131,-0.00749749409069632,0.006));
#4336=CARTESIAN_POINT('',(0.00159280712015532,-0.00734535006612153,0.01184775));
#4337=CARTESIAN_POINT('',(0.00159280712015532,-0.00734535006612153,0.006));
#4338=CARTESIAN_POINT('',(0.00169023789379292,-0.00920712904123842,0.006));
#4339=CARTESIAN_POINT('',(0.00174978946094683,-0.00896852763188967,0.006));
#4340=CARTESIAN_POINT('',(0.00181489240882804,-0.00870768386472107,0.006));
#4341=CARTESIAN_POINT('',(0.0018163904749025,-0.00869953509548213,0.006));
#4342=CARTESIAN_POINT('',(0.00181808655068956,-0.00869112909370563,0.006));
#4343=CARTESIAN_POINT('',(0.00181981949411353,-0.00868112885681692,0.006));
#4344=CARTESIAN_POINT('',(0.0018219214469884,-0.00866764078623415,0.006));
#4345=CARTESIAN_POINT('',(0.00182411999907822,-0.00865128713979266,0.006));
#4346=CARTESIAN_POINT('',(0.00182634359480249,-0.00863185661986596,0.006));
#4347=CARTESIAN_POINT('',(0.00182845680304335,-0.00860940592388277,0.006));
#4348=CARTESIAN_POINT('',(0.00183034353671626,-0.00858391402591093,0.006));
#4349=CARTESIAN_POINT('',(0.00183188173774748,-0.00855538788147989,0.006));
#4350=CARTESIAN_POINT('',(0.0018329510752789,-0.0085238308141509,0.006));
#4351=CARTESIAN_POINT('',(0.00183343079453144,-0.00848925186547046,0.006));
#4352=CARTESIAN_POINT('',(0.0018332004676165,-0.00845166307174002,0.006));
#4353=CARTESIAN_POINT('',(0.00183213989965286,-0.00841108025123974,0.006));
#4354=CARTESIAN_POINT('',(0.00183012927916155,-0.00836752277239477,0.006));
#4355=CARTESIAN_POINT('',(0.0018270492583688,-0.00832101361030627,0.006));
#4356=CARTESIAN_POINT('',(0.00182278105332497,-0.00827157931744147,0.006));
#4357=CARTESIAN_POINT('',(0.00181720653814302,-0.0082192500153531,0.006));
#4358=CARTESIAN_POINT('',(0.00181020834038454,-0.00816405937718815,0.006));
#4359=CARTESIAN_POINT('',(0.00180166993615992,-0.00810604460980109,0.006));
#4360=CARTESIAN_POINT('',(0.0017914757427875,-0.00804524643226545,0.006));
#4361=CARTESIAN_POINT('',(0.00177951121914801,-0.00798170905471587,0.006));
#4362=CARTESIAN_POINT('',(0.00176566293364131,-0.0079154801448504,0.006));
#4363=CARTESIAN_POINT('',(0.00174981875450175,-0.0078466108304623,0.006));
#4364=CARTESIAN_POINT('',(0.00173186756524265,-0.00777515555171806,0.006));
#4365=CARTESIAN_POINT('',(0.00171170080533325,-0.0077011724807328,0.006));
#4366=CARTESIAN_POINT('',(0.00168920698775352,-0.00762472174825793,0.006));
#4367=CARTESIAN_POINT('',(0.0016642931911536,-0.00754587208301782,0.006));
#4368=CARTESIAN_POINT('',(0.00163680303914415,-0.00746467515851624,0.006));
#4369=CARTESIAN_POINT('',(0.00161268595344379,-0.00739755681998596,0.006));
#4370=CARTESIAN_POINT('',(0.00159744561782257,-0.00735744538097976,0.006));
#4371=CARTESIAN_POINT('',(0.00159280712015532,-0.00734535006612153,0.006));
#4372=CARTESIAN_POINT('',(0.00177350434830035,-0.00887330310578903,0.006));
#4373=CARTESIAN_POINT('',(0.00169023789379292,-0.00920712904123842,0.01184775));
#4374=CARTESIAN_POINT('',(0.00174978946094683,-0.00896852763188967,0.01184775));
#4375=CARTESIAN_POINT('',(0.00181489240882804,-0.00870768386472107,0.01184775));
#4376=CARTESIAN_POINT('',(0.0018163904749025,-0.00869953509548213,0.01184775));
#4377=CARTESIAN_POINT('',(0.00181808655068956,-0.00869112909370563,0.01184775));
#4378=CARTESIAN_POINT('',(0.00181981949411353,-0.00868112885681692,0.01184775));
#4379=CARTESIAN_POINT('',(0.0018219214469884,-0.00866764078623415,0.01184775));
#4380=CARTESIAN_POINT('',(0.00182411999907822,-0.00865128713979266,0.01184775));
#4381=CARTESIAN_POINT('',(0.00182634359480249,-0.00863185661986596,0.01184775));
#4382=CARTESIAN_POINT('',(0.00182845680304335,-0.00860940592388277,0.01184775));
#4383=CARTESIAN_POINT('',(0.00183034353671626,-0.00858391402591093,0.01184775));
#4384=CARTESIAN_POINT('',(0.00183188173774748,-0.00855538788147989,0.01184775));
#4385=CARTESIAN_POINT('',(0.0018329510752789,-0.0085238308141509,0.01184775));
#4386=CARTESIAN_POINT('',(0.00183343079453144,-0.00848925186547046,0.01184775));
#4387=CARTESIAN_POINT('',(0.0018332004676165,-0.00845166307174002,0.01184775));
#4388=CARTESIAN_POINT('',(0.00183213989965286,-0.00841108025123974,0.01184775));
#4389=CARTESIAN_POINT('',(0.00183012927916155,-0.00836752277239477,0.01184775));
#4390=CARTESIAN_POINT('',(0.0018270492583688,-0.00832101361030627,0.01184775));
#4391=CARTESIAN_POINT('',(0.00182278105332497,-0.00827157931744147,0.01184775));
#4392=CARTESIAN_POINT('',(0.00181720653814302,-0.0082192500153531,0.01184775));
#4393=CARTESIAN_POINT('',(0.00181020834038454,-0.00816405937718815,0.01184775));
#4394=CARTESIAN_POINT('',(0.00180166993615992,-0.00810604460980109,0.01184775));
#4395=CARTESIAN_POINT('',(0.0017914757427875,-0.00804524643226545,0.01184775));
#4396=CARTESIAN_POINT('',(0.00177951121914801,-0.00798170905471587,0.01184775));
#4397=CARTESIAN_POINT('',(0.00176566293364131,-0.0079154801448504,0.01184775));
#4398=CARTESIAN_POINT('',(0.00174981875450175,-0.0078466108304623,0.01184775));
#4399=CARTESIAN_POINT('',(0.00173186756524265,-0.00777515555171806,0.01184775));
#4400=CARTESIAN_POINT('',(0.00171170080533325,-0.0077011724807328,0.01184775));
#4401=CARTESIAN_POINT('',(0.00168920698775352,-0.00762472174825793,0.01184775));
#4402=CARTESIAN_POINT('',(0.0016642931911536,-0.00754587208301782,0.01184775));
#4403=CARTESIAN_POINT('',(0.00163680303914415,-0.00746467515851624,0.01184775));
#4404=CARTESIAN_POINT('',(0.00161268595344379,-0.00739755681998596,0.01184775));
#4405=CARTESIAN_POINT('',(0.00159744561782257,-0.00735744538097976,0.01184775));
#4406=CARTESIAN_POINT('',(0.00159280712015532,-0.00734535006612153,0.01184775));
#4407=CARTESIAN_POINT('',(0.00177350434830035,-0.00887330310578903,0.01184775));
#4408=CARTESIAN_POINT('',(0.00177350434830035,-0.00887330310578903,0.006));
#4409=CARTESIAN_POINT('',(0.00211550685151302,-0.00895847183786926,0.008923875));
#4410=CARTESIAN_POINT('',(0.00211550685151302,-0.00895847183786926,0.01184775));
#4411=CARTESIAN_POINT('',(0.00201409767731873,-0.00929601532324101,0.01184775));
#4412=CARTESIAN_POINT('',(0.00201409767731873,-0.00929601532324101,0.01184775));
#4413=CARTESIAN_POINT('',(0.00201409767731864,-0.0092960153232413,0.006));
#4414=CARTESIAN_POINT('',(0.00211550685151302,-0.00895847183786926,0.006));
#4415=CARTESIAN_POINT('',(-1.56125112837912E-17,-0.016,0.01184775));
#4416=CARTESIAN_POINT('',(-1.56125112837912E-17,-0.016,0.006));
#4417=CARTESIAN_POINT('',(0.0023110640753117,-0.00939250555506827,0.006));
#4418=CARTESIAN_POINT('',(-1.56125112837912E-17,-0.016,0.01184775));
#4419=CARTESIAN_POINT('',(0.0023110640753117,-0.00939250555506827,0.01184775));
#4420=CARTESIAN_POINT('',(0.0023110640753117,-0.00939250555506827,0.01184775));
#4421=CARTESIAN_POINT('',(0.00242742541271195,-0.00905982032202327,0.008923875));
#4422=CARTESIAN_POINT('',(0.00242742541271195,-0.00905982032202327,0.01184775));
#4423=CARTESIAN_POINT('',(0.00275417217460299,-0.00919194139801652,0.01184775));
#4424=CARTESIAN_POINT('',(0.00275417217460299,-0.00919194139801651,0.01184775));
#4425=CARTESIAN_POINT('',(0.00275417217460299,-0.00919194139801652,0.006));
#4426=CARTESIAN_POINT('',(0.00242742541271195,-0.00905982032202327,0.006));
#4427=CARTESIAN_POINT('',(0.00275417213856006,-0.00919194148715377,0.01184775));
#4428=CARTESIAN_POINT('',(0.00275417213856006,-0.00919194148715377,0.006));
#4429=CARTESIAN_POINT('',(0.00277414875696626,-0.00914253759502544,0.01184775));
#4430=CARTESIAN_POINT('',(0.00277414875696626,-0.00914253759502544,0.006));
#4431=CARTESIAN_POINT('',(0.00280931578298003,-0.00905576800350501,0.01184775));
#4432=CARTESIAN_POINT('',(0.00280931578298003,-0.00905576800350501,0.006));
#4433=CARTESIAN_POINT('',(0.00282620930076562,-0.00901430000298561,0.01184775));
#4434=CARTESIAN_POINT('',(0.00282620930076562,-0.00901430000298561,0.006));
#4435=CARTESIAN_POINT('',(0.00284254141545739,-0.00898418335924382,0.01184775));
#4436=CARTESIAN_POINT('',(0.00284254141545739,-0.00898418335924382,0.006));
#4437=CARTESIAN_POINT('',(0.00290377206223005,-0.00888077298890279,0.01184775));
#4438=CARTESIAN_POINT('',(0.00290377206223005,-0.00888077298890279,0.006));
#4439=CARTESIAN_POINT('',(0.00299816565193062,-0.00875579612265602,0.01184775));
#4440=CARTESIAN_POINT('',(0.00299816565193062,-0.00875579612265602,0.006));
#4441=CARTESIAN_POINT('',(0.00315804254091455,-0.00857225405563776,0.01184775));
#4442=CARTESIAN_POINT('',(0.00315804254091455,-0.00857225405563776,0.006));
#4443=CARTESIAN_POINT('',(0.00341085750675334,-0.00833568943811118,0.01184775));
#4444=CARTESIAN_POINT('',(0.00341085750675334,-0.00833568943811118,0.006));
#4445=CARTESIAN_POINT('',(0.00366183621425101,-0.00815080445725058,0.01184775));
#4446=CARTESIAN_POINT('',(0.00366183621425101,-0.00815080445725058,0.006));
#4447=CARTESIAN_POINT('',(0.00379846756592072,-0.00806201258815256,0.01184775));
#4448=CARTESIAN_POINT('',(0.00379846756592072,-0.00806201258815256,0.006));
#4449=CARTESIAN_POINT('',(0.0026253181896709,-0.00951095504692847,0.01184775));
#4450=CARTESIAN_POINT('',(0.00271738634939313,-0.00928291891895954,0.01184775));
#4451=CARTESIAN_POINT('',(0.00281803707766742,-0.00903362532579802,0.01184775));
#4452=CARTESIAN_POINT('',(0.00282161484313748,-0.00902615229185495,0.01184775));
#4453=CARTESIAN_POINT('',(0.00282518361287697,-0.00901835476522862,0.01184775));
#4454=CARTESIAN_POINT('',(0.0028296596239593,-0.00900924580505021,0.01184775));
#4455=CARTESIAN_POINT('',(0.00283588719733259,-0.00899709822982655,0.01184775));
#4456=CARTESIAN_POINT('',(0.00284372096352842,-0.0089825755754406,0.01184775));
#4457=CARTESIAN_POINT('',(0.00285334300985615,-0.00896554895783657,0.01184775));
#4458=CARTESIAN_POINT('',(0.00286482957647927,-0.00894614385061163,0.01184775));
#4459=CARTESIAN_POINT('',(0.00287828693855481,-0.00892441147770559,0.01184775));
#4460=CARTESIAN_POINT('',(0.00289380975478112,-0.00890042921019567,0.01184775));
#4461=CARTESIAN_POINT('',(0.00291149342132706,-0.00887427046560319,0.01184775));
#4462=CARTESIAN_POINT('',(0.00293143031637338,-0.00884601353657121,0.01184775));
#4463=CARTESIAN_POINT('',(0.00295371079336803,-0.00881573894640904,0.01184775));
#4464=CARTESIAN_POINT('',(0.0029784227942608,-0.00878353014115273,0.01184775));
#4465=CARTESIAN_POINT('',(0.00300565186409963,-0.00874947321360777,0.01184775));
#4466=CARTESIAN_POINT('',(0.00303548105283609,-0.00871365690188277,0.01184775));
#4467=CARTESIAN_POINT('',(0.00306799085155547,-0.00867617250682876,0.01184775));
#4468=CARTESIAN_POINT('',(0.00310325912110336,-0.00863711382994812,0.01184775));
#4469=CARTESIAN_POINT('',(0.00314136102519794,-0.00859657710317733,0.01184775));
#4470=CARTESIAN_POINT('',(0.00318236896400579,-0.00855466091851784,0.01184775));
#4471=CARTESIAN_POINT('',(0.00322635251180973,-0.0085114661561878,0.01184775));
#4472=CARTESIAN_POINT('',(0.00327337834825667,-0.00846709590851818,0.01184775));
#4473=CARTESIAN_POINT('',(0.00332351022306888,-0.00842165541290846,0.01184775));
#4474=CARTESIAN_POINT('',(0.00337680880058751,-0.00837525194201045,0.01184775));
#4475=CARTESIAN_POINT('',(0.00343333197681168,-0.00832799485147617,0.01184775));
#4476=CARTESIAN_POINT('',(0.0034931333863443,-0.00827999501381431,0.01184775));
#4477=CARTESIAN_POINT('',(0.00355626788011036,-0.00823136660625085,0.01184775));
#4478=CARTESIAN_POINT('',(0.00362277023533043,-0.00818221984929088,0.01184775));
#4479=CARTESIAN_POINT('',(0.00369273659023757,-0.00813268846341255,0.01184775));
#4480=CARTESIAN_POINT('',(0.00375169889197043,-0.00809256425421029,0.01184775));
#4481=CARTESIAN_POINT('',(0.00378760549478405,-0.00806907146290359,0.01184775));
#4482=CARTESIAN_POINT('',(0.00379846756592072,-0.00806201258815256,0.01184775));
#4483=CARTESIAN_POINT('',(0.00379846756592072,-0.00806201258815256,0.01184775));
#4484=CARTESIAN_POINT('',(0.00379846756592072,-0.00806201258815256,0.01184775));
#4485=CARTESIAN_POINT('',(0.00379846756592072,-0.00806201258815256,0.006));
#4486=CARTESIAN_POINT('',(0.0026253181896709,-0.00951095504692847,0.006));
#4487=CARTESIAN_POINT('',(0.00271738634939313,-0.00928291891895954,0.006));
#4488=CARTESIAN_POINT('',(0.00281803707766742,-0.00903362532579802,0.006));
#4489=CARTESIAN_POINT('',(0.00282161484313748,-0.00902615229185495,0.006));
#4490=CARTESIAN_POINT('',(0.00282518361287697,-0.00901835476522862,0.006));
#4491=CARTESIAN_POINT('',(0.0028296596239593,-0.00900924580505021,0.006));
#4492=CARTESIAN_POINT('',(0.00283588719733259,-0.00899709822982655,0.006));
#4493=CARTESIAN_POINT('',(0.00284372096352842,-0.0089825755754406,0.006));
#4494=CARTESIAN_POINT('',(0.00285334300985615,-0.00896554895783657,0.006));
#4495=CARTESIAN_POINT('',(0.00286482957647927,-0.00894614385061163,0.006));
#4496=CARTESIAN_POINT('',(0.00287828693855481,-0.00892441147770559,0.006));
#4497=CARTESIAN_POINT('',(0.00289380975478112,-0.00890042921019567,0.006));
#4498=CARTESIAN_POINT('',(0.00291149342132706,-0.00887427046560319,0.006));
#4499=CARTESIAN_POINT('',(0.00293143031637338,-0.00884601353657121,0.006));
#4500=CARTESIAN_POINT('',(0.00295371079336803,-0.00881573894640904,0.006));
#4501=CARTESIAN_POINT('',(0.0029784227942608,-0.00878353014115273,0.006));
#4502=CARTESIAN_POINT('',(0.00300565186409963,-0.00874947321360777,0.006));
#4503=CARTESIAN_POINT('',(0.00303548105283609,-0.00871365690188277,0.006));
#4504=CARTESIAN_POINT('',(0.00306799085155547,-0.00867617250682876,0.006));
#4505=CARTESIAN_POINT('',(0.00310325912110336,-0.00863711382994812,0.006));
#4506=CARTESIAN_POINT('',(0.00314136102519794,-0.00859657710317733,0.006));
#4507=CARTESIAN_POINT('',(0.00318236896400579,-0.00855466091851784,0.006));
#4508=CARTESIAN_POINT('',(0.00322635251180973,-0.0085114661561878,0.006));
#4509=CARTESIAN_POINT('',(0.00327337834825667,-0.00846709590851818,0.006));
#4510=CARTESIAN_POINT('',(0.00332351022306888,-0.00842165541290846,0.006));
#4511=CARTESIAN_POINT('',(0.00337680880058751,-0.00837525194201045,0.006));
#4512=CARTESIAN_POINT('',(0.00343333197681168,-0.00832799485147617,0.006));
#4513=CARTESIAN_POINT('',(0.0034931333863443,-0.00827999501381431,0.006));
#4514=CARTESIAN_POINT('',(0.00355626788011036,-0.00823136660625085,0.006));
#4515=CARTESIAN_POINT('',(0.00362277023533043,-0.00818221984929088,0.006));
#4516=CARTESIAN_POINT('',(0.00369273659023757,-0.00813268846341255,0.006));
#4517=CARTESIAN_POINT('',(0.00375169889197043,-0.00809256425421029,0.006));
#4518=CARTESIAN_POINT('',(0.00378760549478405,-0.00806907146290359,0.006));
#4519=CARTESIAN_POINT('',(0.00379846756592072,-0.00806201258815256,0.006));
#4520=CARTESIAN_POINT('',(0.,-0.016,0.01184775));
#4521=CARTESIAN_POINT('',(0.,-0.016,0.01184775));
#4522=CARTESIAN_POINT('',(0.0041892835007595,-0.00826114325302088,0.01184775));
#4523=CARTESIAN_POINT('',(0.0041892835007595,-0.00826114325302088,0.01184775));
#4524=CARTESIAN_POINT('',(0.0041892835007595,-0.00826114325302088,0.006));
#4525=CARTESIAN_POINT('',(0.,-0.016,0.006));
#4526=CARTESIAN_POINT('',(0.00388897327027112,-0.00977015154387581,0.01184775));
#4527=CARTESIAN_POINT('',(0.00388897327027112,-0.00977015154387581,0.00599999999999999));
#4528=CARTESIAN_POINT('',(0.00391719989690139,-0.00972495124089615,0.01184775));
#4529=CARTESIAN_POINT('',(0.00391719989690139,-0.00972495124089615,0.00599999999999999));
#4530=CARTESIAN_POINT('',(0.00396672731177853,-0.00964549863296619,0.01184775));
#4531=CARTESIAN_POINT('',(0.00396672731177853,-0.00964549863296619,0.006));
#4532=CARTESIAN_POINT('',(0.00399034586830783,-0.00960745721083541,0.01184775));
#4533=CARTESIAN_POINT('',(0.00399034586830783,-0.00960745721083541,0.00599999999999999));
#4534=CARTESIAN_POINT('',(0.00400511096875385,-0.00957654213345581,0.01184775));
#4535=CARTESIAN_POINT('',(0.00400511096875385,-0.00957654213345581,0.00599999999999999));
#4536=CARTESIAN_POINT('',(0.00405278124459309,-0.00946622240901956,0.01184775));
#4537=CARTESIAN_POINT('',(0.00405278124459309,-0.00946622240901956,0.00599999999999999));
#4538=CARTESIAN_POINT('',(0.00409840649335349,-0.00931639683193417,0.01184775));
#4539=CARTESIAN_POINT('',(0.00409840649335349,-0.00931639683193417,0.00599999999999999));
#4540=CARTESIAN_POINT('',(0.00415292186722684,-0.00907917039156976,0.01184775));
#4541=CARTESIAN_POINT('',(0.00415292186722684,-0.00907917039156976,0.006));
#4542=CARTESIAN_POINT('',(0.00419570575459473,-0.00873558959437752,0.01184775));
#4543=CARTESIAN_POINT('',(0.00419570575459473,-0.00873558959437752,0.00599999999999999));
#4544=CARTESIAN_POINT('',(0.00419775926320921,-0.00842387088966538,0.01184775));
#4545=CARTESIAN_POINT('',(0.00419775926320921,-0.00842387088966538,0.00599999999999999));
#4546=CARTESIAN_POINT('',(0.0041892835007595,-0.00826114325302088,0.01184775));
#4547=CARTESIAN_POINT('',(0.0041892835007595,-0.00826114325302088,0.00599999999999999));
#4548=CARTESIAN_POINT('',(0.00370662432983413,-0.0100619080440362,0.006));
#4549=CARTESIAN_POINT('',(0.00383699312620201,-0.0098533870651701,0.006));
#4550=CARTESIAN_POINT('',(0.00397951486594634,-0.00962542781794863,0.006));
#4551=CARTESIAN_POINT('',(0.00398345771962637,-0.00961814080573985,0.006));
#4552=CARTESIAN_POINT('',(0.00398766838095947,-0.00961067033921629,0.006));
#4553=CARTESIAN_POINT('',(0.0039924067512416,-0.00960169505772708,0.006));
#4554=CARTESIAN_POINT('',(0.00399857387025159,-0.00958951667946679,0.006));
#4555=CARTESIAN_POINT('',(0.00400571837221345,-0.0095746428274122,0.006));
#4556=CARTESIAN_POINT('',(0.00401383749828352,-0.00955685043368832,0.006));
#4557=CARTESIAN_POINT('',(0.00402278492534561,-0.00953615157023723,0.006));
#4558=CARTESIAN_POINT('',(0.00403245674539194,-0.00951249036732717,0.006));
#4559=CARTESIAN_POINT('',(0.00404273472491923,-0.00948583572204066,0.006));
#4560=CARTESIAN_POINT('',(0.0040535033954439,-0.0094561536109922,0.006));
#4561=CARTESIAN_POINT('',(0.00406464511835489,-0.00942341531792459,0.006));
#4562=CARTESIAN_POINT('',(0.00407604164050232,-0.0093875950757766,0.006));
#4563=CARTESIAN_POINT('',(0.00408757376164378,-0.00934867078636572,0.006));
#4564=CARTESIAN_POINT('',(0.00409912154911894,-0.00930662384637577,0.006));
#4565=CARTESIAN_POINT('',(0.00411056439675316,-0.00926143922593609,0.006));
#4566=CARTESIAN_POINT('',(0.00412178112913348,-0.00921310547168456,0.006));
#4567=CARTESIAN_POINT('',(0.00413265009379359,-0.00916161472801361,0.006));
#4568=CARTESIAN_POINT('',(0.00414304925733642,-0.00910696274991098,0.006));
#4569=CARTESIAN_POINT('',(0.00415285630140715,-0.00904914891533591,0.006));
#4570=CARTESIAN_POINT('',(0.00416194871745748,-0.00898817623341575,0.006));
#4571=CARTESIAN_POINT('',(0.0041702039087266,-0.00892405135533472,0.006));
#4572=CARTESIAN_POINT('',(0.00417749926522331,-0.00885678456347551,0.006));
#4573=CARTESIAN_POINT('',(0.00418371234394415,-0.00878638983263788,0.006));
#4574=CARTESIAN_POINT('',(0.00418872064389381,-0.00871288460161419,0.006));
#4575=CARTESIAN_POINT('',(0.00419240294169991,-0.00863629064832465,0.006));
#4576=CARTESIAN_POINT('',(0.00419463462548149,-0.00855663070912837,0.006));
#4577=CARTESIAN_POINT('',(0.00419530608343946,-0.0084739414346503,0.006));
#4578=CARTESIAN_POINT('',(0.00419425262479889,-0.00838822364635107,0.006));
#4579=CARTESIAN_POINT('',(0.00419205662052958,-0.00831693772379274,0.006));
#4580=CARTESIAN_POINT('',(0.00418995731634824,-0.00827407995564099,0.006));
#4581=CARTESIAN_POINT('',(0.0041892835007595,-0.00826114325302088,0.006));
#4582=CARTESIAN_POINT('',(0.00388897332119917,-0.0097701514623229,0.006));
#4583=CARTESIAN_POINT('',(0.00370662432983413,-0.0100619080440362,0.01184775));
#4584=CARTESIAN_POINT('',(0.00383699312620201,-0.0098533870651701,0.01184775));
#4585=CARTESIAN_POINT('',(0.00397951486594634,-0.00962542781794863,0.01184775));
#4586=CARTESIAN_POINT('',(0.00398345771962637,-0.00961814080573985,0.01184775));
#4587=CARTESIAN_POINT('',(0.00398766838095947,-0.00961067033921629,0.01184775));
#4588=CARTESIAN_POINT('',(0.0039924067512416,-0.00960169505772708,0.01184775));
#4589=CARTESIAN_POINT('',(0.00399857387025159,-0.00958951667946679,0.01184775));
#4590=CARTESIAN_POINT('',(0.00400571837221345,-0.0095746428274122,0.01184775));
#4591=CARTESIAN_POINT('',(0.00401383749828352,-0.00955685043368832,0.01184775));
#4592=CARTESIAN_POINT('',(0.00402278492534561,-0.00953615157023723,0.01184775));
#4593=CARTESIAN_POINT('',(0.00403245674539194,-0.00951249036732717,0.01184775));
#4594=CARTESIAN_POINT('',(0.00404273472491923,-0.00948583572204066,0.01184775));
#4595=CARTESIAN_POINT('',(0.0040535033954439,-0.0094561536109922,0.01184775));
#4596=CARTESIAN_POINT('',(0.00406464511835489,-0.00942341531792459,0.01184775));
#4597=CARTESIAN_POINT('',(0.00407604164050232,-0.0093875950757766,0.01184775));
#4598=CARTESIAN_POINT('',(0.00408757376164378,-0.00934867078636572,0.01184775));
#4599=CARTESIAN_POINT('',(0.00409912154911894,-0.00930662384637577,0.01184775));
#4600=CARTESIAN_POINT('',(0.00411056439675316,-0.00926143922593609,0.01184775));
#4601=CARTESIAN_POINT('',(0.00412178112913348,-0.00921310547168456,0.01184775));
#4602=CARTESIAN_POINT('',(0.00413265009379359,-0.00916161472801361,0.01184775));
#4603=CARTESIAN_POINT('',(0.00414304925733642,-0.00910696274991098,0.01184775));
#4604=CARTESIAN_POINT('',(0.00415285630140715,-0.00904914891533591,0.01184775));
#4605=CARTESIAN_POINT('',(0.00416194871745748,-0.00898817623341575,0.01184775));
#4606=CARTESIAN_POINT('',(0.0041702039087266,-0.00892405135533472,0.01184775));
#4607=CARTESIAN_POINT('',(0.00417749926522331,-0.00885678456347551,0.01184775));
#4608=CARTESIAN_POINT('',(0.00418371234394415,-0.00878638983263788,0.01184775));
#4609=CARTESIAN_POINT('',(0.00418872064389381,-0.00871288460161419,0.01184775));
#4610=CARTESIAN_POINT('',(0.00419240294169991,-0.00863629064832465,0.01184775));
#4611=CARTESIAN_POINT('',(0.00419463462548149,-0.00855663070912837,0.01184775));
#4612=CARTESIAN_POINT('',(0.00419530608343946,-0.0084739414346503,0.01184775));
#4613=CARTESIAN_POINT('',(0.00419425262479889,-0.00838822364635107,0.01184775));
#4614=CARTESIAN_POINT('',(0.00419205662052958,-0.00831693772379274,0.01184775));
#4615=CARTESIAN_POINT('',(0.00418995731634824,-0.00827407995564099,0.01184775));
#4616=CARTESIAN_POINT('',(0.0041892835007595,-0.00826114325302088,0.01184775));
#4617=CARTESIAN_POINT('',(0.00388897332119917,-0.0097701514623229,0.01184775));
#4618=CARTESIAN_POINT('',(0.00388897332119917,-0.0097701514623229,0.006));
#4619=CARTESIAN_POINT('',(0.00418791844486668,-0.00995683632556389,0.008923875));
#4620=CARTESIAN_POINT('',(0.00418791844486668,-0.00995683632556389,0.01184775));
#4621=CARTESIAN_POINT('',(0.00398716591561667,-0.0102465220986481,0.01184775));
#4622=CARTESIAN_POINT('',(0.00398716591561667,-0.0102465220986481,0.01184775));
#4623=CARTESIAN_POINT('',(0.0039871659156165,-0.0102465220986483,0.006));
#4624=CARTESIAN_POINT('',(0.00418791844486668,-0.00995683632556389,0.006));
#4625=CARTESIAN_POINT('',(-2.94902990916057E-17,-0.016,0.01184775));
#4626=CARTESIAN_POINT('',(-2.94902990916057E-17,-0.016,0.006));
#4627=CARTESIAN_POINT('',(0.00423978062212279,-0.0104300574261244,0.006));
#4628=CARTESIAN_POINT('',(-2.94902990916057E-17,-0.016,0.01184775));
#4629=CARTESIAN_POINT('',(0.00423978062212279,-0.0104300574261244,0.01184775));
#4630=CARTESIAN_POINT('',(0.00423978062212279,-0.0104300574261244,0.01184775));
#4631=CARTESIAN_POINT('',(0.00445325222109061,-0.0101496125981066,0.008923875));
#4632=CARTESIAN_POINT('',(0.00445325222109061,-0.0101496125981066,0.01184775));
#4633=CARTESIAN_POINT('',(0.00472317920036841,-0.0103762375106513,0.01184775));
#4634=CARTESIAN_POINT('',(0.00472317920036841,-0.0103762375106513,0.01184775));
#4635=CARTESIAN_POINT('',(0.00472317920036841,-0.0103762375106513,0.006));
#4636=CARTESIAN_POINT('',(0.00445325222109061,-0.0101496125981066,0.006));
#4637=CARTESIAN_POINT('',(0.00472317913854463,-0.010376237584288,0.01184775));
#4638=CARTESIAN_POINT('',(0.00472317913854463,-0.010376237584288,0.00600000000000001));
#4639=CARTESIAN_POINT('',(0.0047574446739093,-0.0103354248053266,0.01184775));
#4640=CARTESIAN_POINT('',(0.0047574446739093,-0.0103354248053266,0.00600000000000001));
#4641=CARTESIAN_POINT('',(0.0048177037815332,-0.0102637692285747,0.01184775));
#4642=CARTESIAN_POINT('',(0.0048177037815332,-0.0102637692285747,0.00600000000000001));
#4643=CARTESIAN_POINT('',(0.00484658478858958,-0.0102295512005536,0.01184775));
#4644=CARTESIAN_POINT('',(0.00484658478858958,-0.0102295512005536,0.00600000000000001));
#4645=CARTESIAN_POINT('',(0.00487142410742181,-0.0102059554712678,0.01184775));
#4646=CARTESIAN_POINT('',(0.00487142410742181,-0.0102059554712678,0.00600000000000001));
#4647=CARTESIAN_POINT('',(0.0049616134748619,-0.0101265276751318,0.01184775));
#4648=CARTESIAN_POINT('',(0.0049616134748619,-0.0101265276751318,0.00600000000000001));
#4649=CARTESIAN_POINT('',(0.0050900070890171,-0.0100368368354792,0.01184775));
#4650=CARTESIAN_POINT('',(0.0050900070890171,-0.0100368368354792,0.00600000000000001));
#4651=CARTESIAN_POINT('',(0.00529877666398162,-0.00991168263233101,0.01184775));
#4652=CARTESIAN_POINT('',(0.00529877666398162,-0.00991168263233101,0.006));
#4653=CARTESIAN_POINT('',(0.00561232047174303,-0.00976482043218405,0.01184775));
#4654=CARTESIAN_POINT('',(0.00561232047174303,-0.00976482043218405,0.00600000000000001));
#4655=CARTESIAN_POINT('',(0.00590814800805071,-0.00966654105221438,0.01184775));
#4656=CARTESIAN_POINT('',(0.00590814800805071,-0.00966654105221438,0.00600000000000001));
#4657=CARTESIAN_POINT('',(0.00606553034189995,-0.00962431637614514,0.01184775));
#4658=CARTESIAN_POINT('',(0.00606553034189995,-0.00962431637614514,0.00600000000000001));
#4659=CARTESIAN_POINT('',(0.00450205113939679,-0.0106398194490991,0.01184775));
#4660=CARTESIAN_POINT('',(0.00466008020151778,-0.0104513948296386,0.01184775));
#4661=CARTESIAN_POINT('',(0.00483284068938861,-0.0102454053189246,0.01184775));
#4662=CARTESIAN_POINT('',(0.00483855264104063,-0.0102394036316287,0.01184775));
#4663=CARTESIAN_POINT('',(0.00484435631099815,-0.0102330905536183,0.01184775));
#4664=CARTESIAN_POINT('',(0.00485142807400123,-0.0102258105811754,0.01184775));
#4665=CARTESIAN_POINT('',(0.00486110465542316,-0.0102161819766078,0.01184775));
#4666=CARTESIAN_POINT('',(0.00487304275681953,-0.0102047908784046,0.01184775));
#4667=CARTESIAN_POINT('',(0.00488745538087599,-0.0101915709786177,0.01184775));
#4668=CARTESIAN_POINT('',(0.00490437626282293,-0.0101766651692356,0.01184775));
#4669=CARTESIAN_POINT('',(0.00492389064727308,-0.0101601550079496,0.01184775));
#4670=CARTESIAN_POINT('',(0.00494606465102057,-0.0101421433301732,0.01184775));
#4671=CARTESIAN_POINT('',(0.00497096631395167,-0.010122729439156,0.01184775));
#4672=CARTESIAN_POINT('',(0.00499865929917988,-0.010102016342054,0.01184775));
#4673=CARTESIAN_POINT('',(0.00502920465486967,-0.0100801085418363,0.01184775));
#4674=CARTESIAN_POINT('',(0.00506266023254215,-0.010057112575956,0.01184775));
#4675=CARTESIAN_POINT('',(0.0050990807862326,-0.0100331367584106,0.01184775));
#4676=CARTESIAN_POINT('',(0.00513851787955507,-0.0100082911480029,0.01184775));
#4677=CARTESIAN_POINT('',(0.00518101985056612,-0.0099826874501154,0.01184775));
#4678=CARTESIAN_POINT('',(0.00522663176307203,-0.00995643893560269,0.01184775));
#4679=CARTESIAN_POINT('',(0.00527539536471293,-0.00992966035334133,0.01184775));
#4680=CARTESIAN_POINT('',(0.00532734904553512,-0.0099024678427786,0.01184775));
#4681=CARTESIAN_POINT('',(0.0053825278009118,-0.00987497884633912,0.01184775));
#4682=CARTESIAN_POINT('',(0.00544096318967343,-0.0098473120158001,0.01184775));
#4683=CARTESIAN_POINT('',(0.0055026833212639,-0.00981958713762364,0.01184775));
#4684=CARTESIAN_POINT('',(0.00556771274182773,-0.00979192498047664,0.01184775));
#4685=CARTESIAN_POINT('',(0.00563607272097722,-0.00976444743861218,0.01184775));
#4686=CARTESIAN_POINT('',(0.00570778000676162,-0.00973727653205593,0.01184775));
#4687=CARTESIAN_POINT('',(0.00578285148280732,-0.00971053779967061,0.01184775));
#4688=CARTESIAN_POINT('',(0.00586128616420739,-0.00968434681413801,0.01184775));
#4689=CARTESIAN_POINT('',(0.00594313416195459,-0.00965886045953807,0.01184775));
#4690=CARTESIAN_POINT('',(0.00601160970576275,-0.00963892042217799,0.01184775));
#4691=CARTESIAN_POINT('',(0.00605301858610573,-0.00962767320039947,0.01184775));
#4692=CARTESIAN_POINT('',(0.00606553034189995,-0.00962431637614514,0.01184775));
#4693=CARTESIAN_POINT('',(0.00606553034189995,-0.00962431637614514,0.01184775));
#4694=CARTESIAN_POINT('',(0.00606553034189995,-0.00962431637614514,0.01184775));
#4695=CARTESIAN_POINT('',(0.00606553034189995,-0.00962431637614514,0.006));
#4696=CARTESIAN_POINT('',(0.00450205113939679,-0.0106398194490991,0.006));
#4697=CARTESIAN_POINT('',(0.00466008020151778,-0.0104513948296386,0.006));
#4698=CARTESIAN_POINT('',(0.00483284068938861,-0.0102454053189246,0.006));
#4699=CARTESIAN_POINT('',(0.00483855264104063,-0.0102394036316287,0.006));
#4700=CARTESIAN_POINT('',(0.00484435631099815,-0.0102330905536183,0.006));
#4701=CARTESIAN_POINT('',(0.00485142807400123,-0.0102258105811754,0.006));
#4702=CARTESIAN_POINT('',(0.00486110465542316,-0.0102161819766078,0.006));
#4703=CARTESIAN_POINT('',(0.00487304275681953,-0.0102047908784046,0.006));
#4704=CARTESIAN_POINT('',(0.00488745538087599,-0.0101915709786177,0.006));
#4705=CARTESIAN_POINT('',(0.00490437626282293,-0.0101766651692356,0.006));
#4706=CARTESIAN_POINT('',(0.00492389064727308,-0.0101601550079496,0.006));
#4707=CARTESIAN_POINT('',(0.00494606465102057,-0.0101421433301732,0.006));
#4708=CARTESIAN_POINT('',(0.00497096631395167,-0.010122729439156,0.006));
#4709=CARTESIAN_POINT('',(0.00499865929917988,-0.010102016342054,0.006));
#4710=CARTESIAN_POINT('',(0.00502920465486967,-0.0100801085418363,0.006));
#4711=CARTESIAN_POINT('',(0.00506266023254215,-0.010057112575956,0.006));
#4712=CARTESIAN_POINT('',(0.0050990807862326,-0.0100331367584106,0.006));
#4713=CARTESIAN_POINT('',(0.00513851787955507,-0.0100082911480029,0.006));
#4714=CARTESIAN_POINT('',(0.00518101985056612,-0.0099826874501154,0.006));
#4715=CARTESIAN_POINT('',(0.00522663176307203,-0.00995643893560269,0.006));
#4716=CARTESIAN_POINT('',(0.00527539536471293,-0.00992966035334133,0.006));
#4717=CARTESIAN_POINT('',(0.00532734904553512,-0.0099024678427786,0.006));
#4718=CARTESIAN_POINT('',(0.0053825278009118,-0.00987497884633912,0.006));
#4719=CARTESIAN_POINT('',(0.00544096318967343,-0.0098473120158001,0.006));
#4720=CARTESIAN_POINT('',(0.0055026833212639,-0.00981958713762364,0.006));
#4721=CARTESIAN_POINT('',(0.00556771274182773,-0.00979192498047664,0.006));
#4722=CARTESIAN_POINT('',(0.00563607272097722,-0.00976444743861218,0.006));
#4723=CARTESIAN_POINT('',(0.00570778000676162,-0.00973727653205593,0.006));
#4724=CARTESIAN_POINT('',(0.00578285148280732,-0.00971053779967061,0.006));
#4725=CARTESIAN_POINT('',(0.00586128616420739,-0.00968434681413801,0.006));
#4726=CARTESIAN_POINT('',(0.00594313416195459,-0.00965886045953807,0.006));
#4727=CARTESIAN_POINT('',(0.00601160970576275,-0.00963892042217799,0.006));
#4728=CARTESIAN_POINT('',(0.00605301858610573,-0.00962767320039947,0.006));
#4729=CARTESIAN_POINT('',(0.00606553034189995,-0.00962431637614514,0.006));
#4730=CARTESIAN_POINT('',(0.,-0.016,0.01184775));
#4731=CARTESIAN_POINT('',(0.,-0.016,0.01184775));
#4732=CARTESIAN_POINT('',(0.00637568362385487,-0.00993446965810005,0.01184775));
#4733=CARTESIAN_POINT('',(0.00637568362385487,-0.00993446965810005,0.01184775));
#4734=CARTESIAN_POINT('',(0.00637568362385487,-0.00993446965810005,0.006));
#4735=CARTESIAN_POINT('',(0.,-0.016,0.006));
#4736=CARTESIAN_POINT('',(0.00562376241571193,-0.0112768208614555,0.01184775));
#4737=CARTESIAN_POINT('',(0.00562376241571193,-0.0112768208614555,0.006));
#4738=CARTESIAN_POINT('',(0.00566457519467328,-0.0112425553260908,0.01184775));
#4739=CARTESIAN_POINT('',(0.00566457519467328,-0.0112425553260908,0.006));
#4740=CARTESIAN_POINT('',(0.00573623077142521,-0.0111822962184669,0.01184775));
#4741=CARTESIAN_POINT('',(0.00573623077142521,-0.0111822962184669,0.006));
#4742=CARTESIAN_POINT('',(0.00577044879944649,-0.0111534152114104,0.01184775));
#4743=CARTESIAN_POINT('',(0.00577044879944649,-0.0111534152114104,0.006));
#4744=CARTESIAN_POINT('',(0.00579404452873214,-0.0111285758925783,0.01184775));
#4745=CARTESIAN_POINT('',(0.00579404452873214,-0.0111285758925783,0.00599999999999999));
#4746=CARTESIAN_POINT('',(0.0058734723248682,-0.0110383865251381,0.01184775));
#4747=CARTESIAN_POINT('',(0.0058734723248682,-0.0110383865251381,0.006));
#4748=CARTESIAN_POINT('',(0.00596316316452079,-0.0109099929109829,0.01184775));
#4749=CARTESIAN_POINT('',(0.00596316316452079,-0.0109099929109829,0.006));
#4750=CARTESIAN_POINT('',(0.00608831736766897,-0.0107012233360184,0.01184775));
#4751=CARTESIAN_POINT('',(0.00608831736766897,-0.0107012233360184,0.006));
#4752=CARTESIAN_POINT('',(0.00623517956781601,-0.010387679528257,0.01184775));
#4753=CARTESIAN_POINT('',(0.00623517956781601,-0.010387679528257,0.00599999999999999));
#4754=CARTESIAN_POINT('',(0.0063334589477855,-0.0100918519919493,0.01184775));
#4755=CARTESIAN_POINT('',(0.0063334589477855,-0.0100918519919493,0.006));
#4756=CARTESIAN_POINT('',(0.00637568362385487,-0.00993446965810005,0.01184775));
#4757=CARTESIAN_POINT('',(0.00637568362385487,-0.00993446965810005,0.006));
#4758=CARTESIAN_POINT('',(0.00536018055090089,-0.0114979488606032,0.006));
#4759=CARTESIAN_POINT('',(0.00554860517036145,-0.0113399197984822,0.006));
#4760=CARTESIAN_POINT('',(0.00575459468107537,-0.0111671593106114,0.006));
#4761=CARTESIAN_POINT('',(0.00576059636837129,-0.0111614473589594,0.006));
#4762=CARTESIAN_POINT('',(0.00576690944638174,-0.0111556436890018,0.006));
#4763=CARTESIAN_POINT('',(0.00577418941882463,-0.0111485719259988,0.006));
#4764=CARTESIAN_POINT('',(0.00578381802339222,-0.0111388953445768,0.006));
#4765=CARTESIAN_POINT('',(0.00579520912159541,-0.0111269572431805,0.006));
#4766=CARTESIAN_POINT('',(0.00580842902138225,-0.011112544619124,0.006));
#4767=CARTESIAN_POINT('',(0.00582333483076437,-0.0110956237371771,0.006));
#4768=CARTESIAN_POINT('',(0.00583984499205042,-0.0110761093527269,0.006));
#4769=CARTESIAN_POINT('',(0.00585785666982677,-0.0110539353489794,0.006));
#4770=CARTESIAN_POINT('',(0.005877270560844,-0.0110290336860483,0.006));
#4771=CARTESIAN_POINT('',(0.00589798365794597,-0.0110013407008201,0.006));
#4772=CARTESIAN_POINT('',(0.00591989145816374,-0.0109707953451303,0.006));
#4773=CARTESIAN_POINT('',(0.00594288742404396,-0.0109373397674579,0.006));
#4774=CARTESIAN_POINT('',(0.00596686324158936,-0.0109009192137674,0.006));
#4775=CARTESIAN_POINT('',(0.0059917088519971,-0.0108614821204449,0.006));
#4776=CARTESIAN_POINT('',(0.0060173125498846,-0.0108189801494339,0.006));
#4777=CARTESIAN_POINT('',(0.00604356106439731,-0.010773368236928,0.006));
#4778=CARTESIAN_POINT('',(0.00607033964665867,-0.0107246046352871,0.006));
#4779=CARTESIAN_POINT('',(0.0060975321572214,-0.0106726509544649,0.006));
#4780=CARTESIAN_POINT('',(0.00612502115366088,-0.0106174721990882,0.006));
#4781=CARTESIAN_POINT('',(0.0061526879841999,-0.0105590368103266,0.006));
#4782=CARTESIAN_POINT('',(0.00618041286237636,-0.0104973166787361,0.006));
#4783=CARTESIAN_POINT('',(0.00620807501952336,-0.0104322872581723,0.006));
#4784=CARTESIAN_POINT('',(0.00623555256138782,-0.0103639272790228,0.006));
#4785=CARTESIAN_POINT('',(0.00626272346794408,-0.0102922199932384,0.006));
#4786=CARTESIAN_POINT('',(0.00628946220032939,-0.0102171485171927,0.006));
#4787=CARTESIAN_POINT('',(0.00631565318586199,-0.0101387138357926,0.006));
#4788=CARTESIAN_POINT('',(0.00634113954046193,-0.0100568658380454,0.006));
#4789=CARTESIAN_POINT('',(0.00636107957782202,-0.00998839029423726,0.006));
#4790=CARTESIAN_POINT('',(0.00637232679960053,-0.00994698141389427,0.006));
#4791=CARTESIAN_POINT('',(0.00637568362385487,-0.00993446965810005,0.006));
#4792=CARTESIAN_POINT('',(0.00562376248934862,-0.0112768207996317,0.006));
#4793=CARTESIAN_POINT('',(0.00536018055090089,-0.0114979488606032,0.01184775));
#4794=CARTESIAN_POINT('',(0.00554860517036145,-0.0113399197984822,0.01184775));
#4795=CARTESIAN_POINT('',(0.00575459468107537,-0.0111671593106114,0.01184775));
#4796=CARTESIAN_POINT('',(0.00576059636837129,-0.0111614473589594,0.01184775));
#4797=CARTESIAN_POINT('',(0.00576690944638174,-0.0111556436890018,0.01184775));
#4798=CARTESIAN_POINT('',(0.00577418941882463,-0.0111485719259988,0.01184775));
#4799=CARTESIAN_POINT('',(0.00578381802339222,-0.0111388953445768,0.01184775));
#4800=CARTESIAN_POINT('',(0.00579520912159541,-0.0111269572431805,0.01184775));
#4801=CARTESIAN_POINT('',(0.00580842902138225,-0.011112544619124,0.01184775));
#4802=CARTESIAN_POINT('',(0.00582333483076437,-0.0110956237371771,0.01184775));
#4803=CARTESIAN_POINT('',(0.00583984499205042,-0.0110761093527269,0.01184775));
#4804=CARTESIAN_POINT('',(0.00585785666982677,-0.0110539353489794,0.01184775));
#4805=CARTESIAN_POINT('',(0.005877270560844,-0.0110290336860483,0.01184775));
#4806=CARTESIAN_POINT('',(0.00589798365794597,-0.0110013407008201,0.01184775));
#4807=CARTESIAN_POINT('',(0.00591989145816374,-0.0109707953451303,0.01184775));
#4808=CARTESIAN_POINT('',(0.00594288742404396,-0.0109373397674579,0.01184775));
#4809=CARTESIAN_POINT('',(0.00596686324158936,-0.0109009192137674,0.01184775));
#4810=CARTESIAN_POINT('',(0.0059917088519971,-0.0108614821204449,0.01184775));
#4811=CARTESIAN_POINT('',(0.0060173125498846,-0.0108189801494339,0.01184775));
#4812=CARTESIAN_POINT('',(0.00604356106439731,-0.010773368236928,0.01184775));
#4813=CARTESIAN_POINT('',(0.00607033964665867,-0.0107246046352871,0.01184775));
#4814=CARTESIAN_POINT('',(0.0060975321572214,-0.0106726509544649,0.01184775));
#4815=CARTESIAN_POINT('',(0.00612502115366088,-0.0106174721990882,0.01184775));
#4816=CARTESIAN_POINT('',(0.0061526879841999,-0.0105590368103266,0.01184775));
#4817=CARTESIAN_POINT('',(0.00618041286237636,-0.0104973166787361,0.01184775));
#4818=CARTESIAN_POINT('',(0.00620807501952336,-0.0104322872581723,0.01184775));
#4819=CARTESIAN_POINT('',(0.00623555256138782,-0.0103639272790228,0.01184775));
#4820=CARTESIAN_POINT('',(0.00626272346794408,-0.0102922199932384,0.01184775));
#4821=CARTESIAN_POINT('',(0.00628946220032939,-0.0102171485171927,0.01184775));
#4822=CARTESIAN_POINT('',(0.00631565318586199,-0.0101387138357926,0.01184775));
#4823=CARTESIAN_POINT('',(0.00634113954046193,-0.0100568658380454,0.01184775));
#4824=CARTESIAN_POINT('',(0.00636107957782202,-0.00998839029423726,0.01184775));
#4825=CARTESIAN_POINT('',(0.00637232679960053,-0.00994698141389427,0.01184775));
#4826=CARTESIAN_POINT('',(0.00637568362385487,-0.00993446965810005,0.01184775));
#4827=CARTESIAN_POINT('',(0.00562376248934862,-0.0112768207996317,0.01184775));
#4828=CARTESIAN_POINT('',(0.00562376248934862,-0.0112768207996317,0.006));
#4829=CARTESIAN_POINT('',(0.00585038740189324,-0.0115467477789095,0.008923875));
#4830=CARTESIAN_POINT('',(0.00585038740189324,-0.0115467477789095,0.01184775));
#4831=CARTESIAN_POINT('',(0.00556994257387562,-0.0117602193778772,0.01184775));
#4832=CARTESIAN_POINT('',(0.00556994257387562,-0.0117602193778772,0.01184775));
#4833=CARTESIAN_POINT('',(0.00556994257387537,-0.0117602193778774,0.006));
#4834=CARTESIAN_POINT('',(0.00585038740189324,-0.0115467477789095,0.006));
#4835=CARTESIAN_POINT('',(-3.98986399474665E-17,-0.016,0.01184775));
#4836=CARTESIAN_POINT('',(-3.98986399474665E-17,-0.016,0.006));
#4837=CARTESIAN_POINT('',(0.0057534779013519,-0.0120128340843833,0.006));
#4838=CARTESIAN_POINT('',(-3.98986399474665E-17,-0.016,0.01184775));
#4839=CARTESIAN_POINT('',(0.0057534779013519,-0.0120128340843833,0.01184775));
#4840=CARTESIAN_POINT('',(0.0057534779013519,-0.0120128340843833,0.01184775));
#4841=CARTESIAN_POINT('',(0.00604316367443623,-0.0118120815551332,0.008923875));
#4842=CARTESIAN_POINT('',(0.00604316367443623,-0.0118120815551332,0.01184775));
#4843=CARTESIAN_POINT('',(0.00622984853767723,-0.0121110266788007,0.01184775));
#4844=CARTESIAN_POINT('',(0.00622984853767723,-0.0121110266788007,0.01184775));
#4845=CARTESIAN_POINT('',(0.00622984853767723,-0.0121110266788007,0.006));
#4846=CARTESIAN_POINT('',(0.00604316367443623,-0.0118120815551332,0.006));
#4847=CARTESIAN_POINT('',(0.00622984845612433,-0.0121110267297288,0.01184775));
#4848=CARTESIAN_POINT('',(0.00622984845612433,-0.0121110267297288,0.006));
#4849=CARTESIAN_POINT('',(0.00627504875910397,-0.0120828001030985,0.01184775));
#4850=CARTESIAN_POINT('',(0.00627504875910397,-0.0120828001030985,0.006));
#4851=CARTESIAN_POINT('',(0.00635450136703389,-0.0120332726882214,0.01184775));
#4852=CARTESIAN_POINT('',(0.00635450136703389,-0.0120332726882214,0.006));
#4853=CARTESIAN_POINT('',(0.00639254278916456,-0.0120096541316922,0.01184775));
#4854=CARTESIAN_POINT('',(0.00639254278916456,-0.0120096541316922,0.006));
#4855=CARTESIAN_POINT('',(0.00642345786654424,-0.0119948890312461,0.01184775));
#4856=CARTESIAN_POINT('',(0.00642345786654424,-0.0119948890312461,0.006));
#4857=CARTESIAN_POINT('',(0.00653377759098046,-0.0119472187554069,0.01184775));
#4858=CARTESIAN_POINT('',(0.00653377759098046,-0.0119472187554069,0.006));
#4859=CARTESIAN_POINT('',(0.00668360316806586,-0.0119015935066465,0.01184775));
#4860=CARTESIAN_POINT('',(0.00668360316806586,-0.0119015935066465,0.006));
#4861=CARTESIAN_POINT('',(0.00692082960843027,-0.0118470781327732,0.01184775));
#4862=CARTESIAN_POINT('',(0.00692082960843027,-0.0118470781327732,0.006));
#4863=CARTESIAN_POINT('',(0.00726441040562244,-0.0118042942454052,0.01184775));
#4864=CARTESIAN_POINT('',(0.00726441040562244,-0.0118042942454052,0.006));
#4865=CARTESIAN_POINT('',(0.00757612911033474,-0.0118022407367908,0.01184775));
#4866=CARTESIAN_POINT('',(0.00757612911033474,-0.0118022407367908,0.006));
#4867=CARTESIAN_POINT('',(0.00773885674697912,-0.0118107164992405,0.01184775));
#4868=CARTESIAN_POINT('',(0.00773885674697912,-0.0118107164992405,0.006));
#4869=CARTESIAN_POINT('',(0.00593809195596378,-0.0122933756701659,0.01184775));
#4870=CARTESIAN_POINT('',(0.0061466129348299,-0.012163006873798,0.01184775));
#4871=CARTESIAN_POINT('',(0.00637457218205137,-0.0120204851340537,0.01184775));
#4872=CARTESIAN_POINT('',(0.00638185919426015,-0.0120165422803736,0.01184775));
#4873=CARTESIAN_POINT('',(0.00638932966078372,-0.0120123316190405,0.01184775));
#4874=CARTESIAN_POINT('',(0.00639830494227293,-0.0120075932487584,0.01184775));
#4875=CARTESIAN_POINT('',(0.00641048332053322,-0.0120014261297484,0.01184775));
#4876=CARTESIAN_POINT('',(0.0064253571725878,-0.0119942816277866,0.01184775));
#4877=CARTESIAN_POINT('',(0.00644314956631168,-0.0119861625017165,0.01184775));
#4878=CARTESIAN_POINT('',(0.00646384842976277,-0.0119772150746544,0.01184775));
#4879=CARTESIAN_POINT('',(0.00648750963267283,-0.0119675432546081,0.01184775));
#4880=CARTESIAN_POINT('',(0.00651416427795934,-0.0119572652750808,0.01184775));
#4881=CARTESIAN_POINT('',(0.00654384638900781,-0.0119464966045561,0.01184775));
#4882=CARTESIAN_POINT('',(0.00657658468207541,-0.0119353548816451,0.01184775));
#4883=CARTESIAN_POINT('',(0.00661240492422341,-0.0119239583594977,0.01184775));
#4884=CARTESIAN_POINT('',(0.00665132921363429,-0.0119124262383562,0.01184775));
#4885=CARTESIAN_POINT('',(0.00669337615362423,-0.0119008784508811,0.01184775));
#4886=CARTESIAN_POINT('',(0.00673856077406391,-0.0118894356032468,0.01184775));
#4887=CARTESIAN_POINT('',(0.00678689452831544,-0.0118782188708665,0.01184775));
#4888=CARTESIAN_POINT('',(0.00683838527198639,-0.0118673499062064,0.01184775));
#4889=CARTESIAN_POINT('',(0.00689303725008902,-0.0118569507426636,0.01184775));
#4890=CARTESIAN_POINT('',(0.00695085108466409,-0.0118471436985928,0.01184775));
#4891=CARTESIAN_POINT('',(0.00701182376658425,-0.0118380512825425,0.01184775));
#4892=CARTESIAN_POINT('',(0.00707594864466529,-0.0118297960912734,0.01184775));
#4893=CARTESIAN_POINT('',(0.0071432154365245,-0.0118225007347767,0.01184775));
#4894=CARTESIAN_POINT('',(0.00721361016736212,-0.0118162876560558,0.01184775));
#4895=CARTESIAN_POINT('',(0.00728711539838581,-0.0118112793561062,0.01184775));
#4896=CARTESIAN_POINT('',(0.00736370935167536,-0.0118075970583001,0.01184775));
#4897=CARTESIAN_POINT('',(0.00744336929087163,-0.0118053653745185,0.01184775));
#4898=CARTESIAN_POINT('',(0.0075260585653497,-0.0118046939165605,0.01184775));
#4899=CARTESIAN_POINT('',(0.00761177635364893,-0.0118057473752011,0.01184775));
#4900=CARTESIAN_POINT('',(0.00768306227620727,-0.0118079433794704,0.01184775));
#4901=CARTESIAN_POINT('',(0.00772592004435902,-0.0118100426836518,0.01184775));
#4902=CARTESIAN_POINT('',(0.00773885674697912,-0.0118107164992405,0.01184775));
#4903=CARTESIAN_POINT('',(0.00773885674697912,-0.0118107164992405,0.01184775));
#4904=CARTESIAN_POINT('',(0.00773885674697912,-0.0118107164992405,0.01184775));
#4905=CARTESIAN_POINT('',(0.00773885674697912,-0.0118107164992405,0.006));
#4906=CARTESIAN_POINT('',(0.00593809195596378,-0.0122933756701659,0.006));
#4907=CARTESIAN_POINT('',(0.0061466129348299,-0.012163006873798,0.006));
#4908=CARTESIAN_POINT('',(0.00637457218205137,-0.0120204851340537,0.006));
#4909=CARTESIAN_POINT('',(0.00638185919426015,-0.0120165422803736,0.006));
#4910=CARTESIAN_POINT('',(0.00638932966078372,-0.0120123316190405,0.006));
#4911=CARTESIAN_POINT('',(0.00639830494227293,-0.0120075932487584,0.006));
#4912=CARTESIAN_POINT('',(0.00641048332053322,-0.0120014261297484,0.006));
#4913=CARTESIAN_POINT('',(0.0064253571725878,-0.0119942816277866,0.006));
#4914=CARTESIAN_POINT('',(0.00644314956631168,-0.0119861625017165,0.006));
#4915=CARTESIAN_POINT('',(0.00646384842976277,-0.0119772150746544,0.006));
#4916=CARTESIAN_POINT('',(0.00648750963267283,-0.0119675432546081,0.006));
#4917=CARTESIAN_POINT('',(0.00651416427795934,-0.0119572652750808,0.006));
#4918=CARTESIAN_POINT('',(0.00654384638900781,-0.0119464966045561,0.006));
#4919=CARTESIAN_POINT('',(0.00657658468207541,-0.0119353548816451,0.006));
#4920=CARTESIAN_POINT('',(0.00661240492422341,-0.0119239583594977,0.006));
#4921=CARTESIAN_POINT('',(0.00665132921363429,-0.0119124262383562,0.006));
#4922=CARTESIAN_POINT('',(0.00669337615362423,-0.0119008784508811,0.006));
#4923=CARTESIAN_POINT('',(0.00673856077406391,-0.0118894356032468,0.006));
#4924=CARTESIAN_POINT('',(0.00678689452831544,-0.0118782188708665,0.006));
#4925=CARTESIAN_POINT('',(0.00683838527198639,-0.0118673499062064,0.006));
#4926=CARTESIAN_POINT('',(0.00689303725008902,-0.0118569507426636,0.006));
#4927=CARTESIAN_POINT('',(0.00695085108466409,-0.0118471436985928,0.006));
#4928=CARTESIAN_POINT('',(0.00701182376658425,-0.0118380512825425,0.006));
#4929=CARTESIAN_POINT('',(0.00707594864466529,-0.0118297960912734,0.006));
#4930=CARTESIAN_POINT('',(0.0071432154365245,-0.0118225007347767,0.006));
#4931=CARTESIAN_POINT('',(0.00721361016736212,-0.0118162876560558,0.006));
#4932=CARTESIAN_POINT('',(0.00728711539838581,-0.0118112793561062,0.006));
#4933=CARTESIAN_POINT('',(0.00736370935167536,-0.0118075970583001,0.006));
#4934=CARTESIAN_POINT('',(0.00744336929087163,-0.0118053653745185,0.006));
#4935=CARTESIAN_POINT('',(0.0075260585653497,-0.0118046939165605,0.006));
#4936=CARTESIAN_POINT('',(0.00761177635364893,-0.0118057473752011,0.006));
#4937=CARTESIAN_POINT('',(0.00768306227620727,-0.0118079433794704,0.006));
#4938=CARTESIAN_POINT('',(0.00772592004435902,-0.0118100426836518,0.006));
#4939=CARTESIAN_POINT('',(0.00773885674697912,-0.0118107164992405,0.006));
#4940=CARTESIAN_POINT('',(0.,-0.016,0.01184775));
#4941=CARTESIAN_POINT('',(0.,-0.016,0.01184775));
#4942=CARTESIAN_POINT('',(0.00793798741184744,-0.0122015324340793,0.01184775));
#4943=CARTESIAN_POINT('',(0.00793798741184744,-0.0122015324340793,0.01184775));
#4944=CARTESIAN_POINT('',(0.00793798741184744,-0.0122015324340793,0.006));
#4945=CARTESIAN_POINT('',(0.,-0.016,0.006));
#4946=CARTESIAN_POINT('',(0.0068080585128461,-0.01324582786144,0.01184775));
#4947=CARTESIAN_POINT('',(0.0068080585128461,-0.01324582786144,0.006));
#4948=CARTESIAN_POINT('',(0.00685746240497445,-0.0132258512430338,0.01184775));
#4949=CARTESIAN_POINT('',(0.00685746240497445,-0.0132258512430338,0.006));
#4950=CARTESIAN_POINT('',(0.00694423199649491,-0.01319068421702,0.01184775));
#4951=CARTESIAN_POINT('',(0.00694423199649491,-0.01319068421702,0.006));
#4952=CARTESIAN_POINT('',(0.00698569999701442,-0.0131737906992344,0.01184775));
#4953=CARTESIAN_POINT('',(0.00698569999701442,-0.0131737906992344,0.00599999999999999));
#4954=CARTESIAN_POINT('',(0.00701581664075612,-0.0131574585845426,0.01184775));
#4955=CARTESIAN_POINT('',(0.00701581664075612,-0.0131574585845426,0.00600000000000001));
#4956=CARTESIAN_POINT('',(0.00711922701109721,-0.01309622793777,0.01184775));
#4957=CARTESIAN_POINT('',(0.00711922701109721,-0.01309622793777,0.006));
#4958=CARTESIAN_POINT('',(0.00724420387734396,-0.0130018343480694,0.01184775));
#4959=CARTESIAN_POINT('',(0.00724420387734396,-0.0130018343480694,0.006));
#4960=CARTESIAN_POINT('',(0.00742774594436224,-0.0128419574590855,0.01184775));
#4961=CARTESIAN_POINT('',(0.00742774594436224,-0.0128419574590855,0.00600000000000001));
#4962=CARTESIAN_POINT('',(0.00766431056188881,-0.0125891424932467,0.01184775));
#4963=CARTESIAN_POINT('',(0.00766431056188881,-0.0125891424932467,0.006));
#4964=CARTESIAN_POINT('',(0.00784919554274944,-0.0123381637857489,0.01184775));
#4965=CARTESIAN_POINT('',(0.00784919554274944,-0.0123381637857489,0.006));
#4966=CARTESIAN_POINT('',(0.00793798741184744,-0.0122015324340793,0.01184775));
#4967=CARTESIAN_POINT('',(0.00793798741184744,-0.0122015324340793,0.006));
#4968=CARTESIAN_POINT('',(0.00648904495307153,-0.0133746818103291,0.006));
#4969=CARTESIAN_POINT('',(0.00671708108104046,-0.0132826136506069,0.006));
#4970=CARTESIAN_POINT('',(0.00696637467420197,-0.0131819629223326,0.006));
#4971=CARTESIAN_POINT('',(0.00697384770814505,-0.0131783851568625,0.006));
#4972=CARTESIAN_POINT('',(0.00698164523477139,-0.013174816387123,0.006));
#4973=CARTESIAN_POINT('',(0.00699075419494979,-0.0131703403760407,0.006));
#4974=CARTESIAN_POINT('',(0.00700290177017345,-0.0131641128026674,0.006));
#4975=CARTESIAN_POINT('',(0.0070174244245594,-0.0131562790364716,0.006));
#4976=CARTESIAN_POINT('',(0.00703445104216343,-0.0131466569901438,0.006));
#4977=CARTESIAN_POINT('',(0.00705385614938837,-0.0131351704235207,0.006));
#4978=CARTESIAN_POINT('',(0.00707558852229441,-0.0131217130614452,0.006));
#4979=CARTESIAN_POINT('',(0.00709957078980433,-0.0131061902452189,0.006));
#4980=CARTESIAN_POINT('',(0.00712572953439681,-0.0130885065786729,0.006));
#4981=CARTESIAN_POINT('',(0.00715398646342879,-0.0130685696836266,0.006));
#4982=CARTESIAN_POINT('',(0.00718426105359096,-0.013046289206632,0.006));
#4983=CARTESIAN_POINT('',(0.00721646985884727,-0.0130215772057392,0.006));
#4984=CARTESIAN_POINT('',(0.00725052678639223,-0.0129943481359004,0.006));
#4985=CARTESIAN_POINT('',(0.00728634309811723,-0.0129645189471639,0.006));
#4986=CARTESIAN_POINT('',(0.00732382749317124,-0.0129320091484445,0.006));
#4987=CARTESIAN_POINT('',(0.00736288617005188,-0.0128967408788966,0.006));
#4988=CARTESIAN_POINT('',(0.00740342289682267,-0.0128586389748021,0.006));
#4989=CARTESIAN_POINT('',(0.00744533908148216,-0.0128176310359942,0.006));
#4990=CARTESIAN_POINT('',(0.0074885338438122,-0.0127736474881903,0.006));
#4991=CARTESIAN_POINT('',(0.00753290409148182,-0.0127266216517433,0.006));
#4992=CARTESIAN_POINT('',(0.00757834458709154,-0.0126764897769311,0.006));
#4993=CARTESIAN_POINT('',(0.00762474805798955,-0.0126231911994125,0.006));
#4994=CARTESIAN_POINT('',(0.00767200514852383,-0.0125666680231883,0.006));
#4995=CARTESIAN_POINT('',(0.00772000498618569,-0.0125068666136557,0.006));
#4996=CARTESIAN_POINT('',(0.00776863339374915,-0.0124437321198896,0.006));
#4997=CARTESIAN_POINT('',(0.00781778015070913,-0.0123772297646696,0.006));
#4998=CARTESIAN_POINT('',(0.00786731153658745,-0.0123072634097624,0.006));
#4999=CARTESIAN_POINT('',(0.00790743574578971,-0.0122483011080296,0.006));
#5000=CARTESIAN_POINT('',(0.00793092853709641,-0.012212394505216,0.006));
#5001=CARTESIAN_POINT('',(0.00793798741184744,-0.0122015324340793,0.006));
#5002=CARTESIAN_POINT('',(0.00680805860198335,-0.0132458278253971,0.006));
#5003=CARTESIAN_POINT('',(0.00648904495307153,-0.0133746818103291,0.01184775));
#5004=CARTESIAN_POINT('',(0.00671708108104046,-0.0132826136506069,0.01184775));
#5005=CARTESIAN_POINT('',(0.00696637467420197,-0.0131819629223326,0.01184775));
#5006=CARTESIAN_POINT('',(0.00697384770814505,-0.0131783851568625,0.01184775));
#5007=CARTESIAN_POINT('',(0.00698164523477139,-0.013174816387123,0.01184775));
#5008=CARTESIAN_POINT('',(0.00699075419494979,-0.0131703403760407,0.01184775));
#5009=CARTESIAN_POINT('',(0.00700290177017345,-0.0131641128026674,0.01184775));
#5010=CARTESIAN_POINT('',(0.0070174244245594,-0.0131562790364716,0.01184775));
#5011=CARTESIAN_POINT('',(0.00703445104216343,-0.0131466569901438,0.01184775));
#5012=CARTESIAN_POINT('',(0.00705385614938837,-0.0131351704235207,0.01184775));
#5013=CARTESIAN_POINT('',(0.00707558852229441,-0.0131217130614452,0.01184775));
#5014=CARTESIAN_POINT('',(0.00709957078980433,-0.0131061902452189,0.01184775));
#5015=CARTESIAN_POINT('',(0.00712572953439681,-0.0130885065786729,0.01184775));
#5016=CARTESIAN_POINT('',(0.00715398646342879,-0.0130685696836266,0.01184775));
#5017=CARTESIAN_POINT('',(0.00718426105359096,-0.013046289206632,0.01184775));
#5018=CARTESIAN_POINT('',(0.00721646985884727,-0.0130215772057392,0.01184775));
#5019=CARTESIAN_POINT('',(0.00725052678639223,-0.0129943481359004,0.01184775));
#5020=CARTESIAN_POINT('',(0.00728634309811723,-0.0129645189471639,0.01184775));
#5021=CARTESIAN_POINT('',(0.00732382749317124,-0.0129320091484445,0.01184775));
#5022=CARTESIAN_POINT('',(0.00736288617005188,-0.0128967408788966,0.01184775));
#5023=CARTESIAN_POINT('',(0.00740342289682267,-0.0128586389748021,0.01184775));
#5024=CARTESIAN_POINT('',(0.00744533908148216,-0.0128176310359942,0.01184775));
#5025=CARTESIAN_POINT('',(0.0074885338438122,-0.0127736474881903,0.01184775));
#5026=CARTESIAN_POINT('',(0.00753290409148182,-0.0127266216517433,0.01184775));
#5027=CARTESIAN_POINT('',(0.00757834458709154,-0.0126764897769311,0.01184775));
#5028=CARTESIAN_POINT('',(0.00762474805798955,-0.0126231911994125,0.01184775));
#5029=CARTESIAN_POINT('',(0.00767200514852383,-0.0125666680231883,0.01184775));
#5030=CARTESIAN_POINT('',(0.00772000498618569,-0.0125068666136557,0.01184775));
#5031=CARTESIAN_POINT('',(0.00776863339374915,-0.0124437321198896,0.01184775));
#5032=CARTESIAN_POINT('',(0.00781778015070913,-0.0123772297646696,0.01184775));
#5033=CARTESIAN_POINT('',(0.00786731153658745,-0.0123072634097624,0.01184775));
#5034=CARTESIAN_POINT('',(0.00790743574578971,-0.0122483011080296,0.01184775));
#5035=CARTESIAN_POINT('',(0.00793092853709641,-0.012212394505216,0.01184775));
#5036=CARTESIAN_POINT('',(0.00793798741184744,-0.0122015324340793,0.01184775));
#5037=CARTESIAN_POINT('',(0.00680805860198335,-0.0132458278253971,0.01184775));
#5038=CARTESIAN_POINT('',(0.00680805860198335,-0.0132458278253971,0.006));
#5039=CARTESIAN_POINT('',(0.00694017967797659,-0.0135725745872881,0.008923875));
#5040=CARTESIAN_POINT('',(0.00694017967797659,-0.0135725745872881,0.01184775));
#5041=CARTESIAN_POINT('',(0.00660749444493173,-0.0136889359246883,0.01184775));
#5042=CARTESIAN_POINT('',(0.00660749444493173,-0.0136889359246883,0.01184775));
#5043=CARTESIAN_POINT('',(0.00660749444493144,-0.0136889359246884,0.006));
#5044=CARTESIAN_POINT('',(0.00694017967797659,-0.0135725745872881,0.006));
#5045=CARTESIAN_POINT('',(-4.68375338513738E-17,-0.016,0.01184775));
#5046=CARTESIAN_POINT('',(-4.68375338513738E-17,-0.016,0.006));
#5047=CARTESIAN_POINT('',(0.00670398467675899,-0.0139859023226813,0.006));
#5048=CARTESIAN_POINT('',(-4.68375338513738E-17,-0.016,0.01184775));
#5049=CARTESIAN_POINT('',(0.00670398467675899,-0.0139859023226813,0.01184775));
#5050=CARTESIAN_POINT('',(0.00670398467675899,-0.0139859023226813,0.01184775));
#5051=CARTESIAN_POINT('',(0.00704152816213088,-0.0138844931484869,0.008923875));
#5052=CARTESIAN_POINT('',(0.00704152816213088,-0.0138844931484869,0.01184775));
#5053=CARTESIAN_POINT('',(0.00712669689421111,-0.0142264956516996,0.01184775));
#5054=CARTESIAN_POINT('',(0.00712669689421111,-0.0142264956516996,0.01184775));
#5055=CARTESIAN_POINT('',(0.00712669689421111,-0.0142264956516996,0.006));
#5056=CARTESIAN_POINT('',(0.00704152816213088,-0.0138844931484869,0.006));
#5057=CARTESIAN_POINT('',(0.00712669680091206,-0.0142264956749338,0.01184775));
#5058=CARTESIAN_POINT('',(0.00712669680091206,-0.0142264956749338,0.00600000000000001));
#5059=CARTESIAN_POINT('',(0.00717840735092198,-0.0142136182195157,0.01184775));
#5060=CARTESIAN_POINT('',(0.00717840735092198,-0.0142136182195157,0.00600000000000001));
#5061=CARTESIAN_POINT('',(0.00726927608431486,-0.0141910670549593,0.01184775));
#5062=CARTESIAN_POINT('',(0.00726927608431486,-0.0141910670549593,0.00600000000000001));
#5063=CARTESIAN_POINT('',(0.00731275416207151,-0.0141803599187953,0.01184775));
#5064=CARTESIAN_POINT('',(0.00731275416207151,-0.0141803599187953,0.006));
#5065=CARTESIAN_POINT('',(0.00734671881482673,-0.014175870758095,0.01184775));
#5066=CARTESIAN_POINT('',(0.00734671881482673,-0.014175870758095,0.006));
#5067=CARTESIAN_POINT('',(0.00746637003298852,-0.0141646243012901,0.01184775));
#5068=CARTESIAN_POINT('',(0.00746637003298852,-0.0141646243012901,0.00600000000000001));
#5069=CARTESIAN_POINT('',(0.00762296160162284,-0.0141675307606604,0.01184775));
#5070=CARTESIAN_POINT('',(0.00762296160162284,-0.0141675307606604,0.006));
#5071=CARTESIAN_POINT('',(0.00786542353055047,-0.0141889905606875,0.01184775));
#5072=CARTESIAN_POINT('',(0.00786542353055047,-0.0141889905606875,0.00600000000000001));
#5073=CARTESIAN_POINT('',(0.00820540923487612,-0.0142544729710872,0.01184775));
#5074=CARTESIAN_POINT('',(0.00820540923487612,-0.0142544729710872,0.006));
#5075=CARTESIAN_POINT('',(0.00850250590930368,-0.0143488463455585,0.01184775));
#5076=CARTESIAN_POINT('',(0.00850250590930368,-0.0143488463455585,0.00600000000000001));
#5077=CARTESIAN_POINT('',(0.00865464993387847,-0.0144071928798447,0.01184775));
#5078=CARTESIAN_POINT('',(0.00865464993387847,-0.0144071928798447,0.00600000000000001));
#5079=CARTESIAN_POINT('',(0.00679287095876158,-0.0143097621062071,0.01184775));
#5080=CARTESIAN_POINT('',(0.00703147236811033,-0.0142502105390532,0.01184775));
#5081=CARTESIAN_POINT('',(0.00729231613527893,-0.014185107591172,0.01184775));
#5082=CARTESIAN_POINT('',(0.00730046490451787,-0.0141836095250975,0.01184775));
#5083=CARTESIAN_POINT('',(0.00730887090629437,-0.0141819134493104,0.01184775));
#5084=CARTESIAN_POINT('',(0.00731887114318308,-0.0141801805058865,0.01184775));
#5085=CARTESIAN_POINT('',(0.00733235921376585,-0.0141780785530116,0.01184775));
#5086=CARTESIAN_POINT('',(0.00734871286020734,-0.0141758800009218,0.01184775));
#5087=CARTESIAN_POINT('',(0.00736814338013404,-0.0141736564051975,0.01184775));
#5088=CARTESIAN_POINT('',(0.00739059407611723,-0.0141715431969567,0.01184775));
#5089=CARTESIAN_POINT('',(0.00741608597408907,-0.0141696564632837,0.01184775));
#5090=CARTESIAN_POINT('',(0.00744461211852011,-0.0141681182622525,0.01184775));
#5091=CARTESIAN_POINT('',(0.0074761691858491,-0.0141670489247211,0.01184775));
#5092=CARTESIAN_POINT('',(0.00751074813452954,-0.0141665692054686,0.01184775));
#5093=CARTESIAN_POINT('',(0.00754833692825998,-0.0141667995323835,0.01184775));
#5094=CARTESIAN_POINT('',(0.00758891974876026,-0.0141678601003471,0.01184775));
#5095=CARTESIAN_POINT('',(0.00763247722760523,-0.0141698707208384,0.01184775));
#5096=CARTESIAN_POINT('',(0.00767898638969373,-0.0141729507416312,0.01184775));
#5097=CARTESIAN_POINT('',(0.00772842068255853,-0.014177218946675,0.01184775));
#5098=CARTESIAN_POINT('',(0.0077807499846469,-0.014182793461857,0.01184775));
#5099=CARTESIAN_POINT('',(0.00783594062281185,-0.0141897916596155,0.01184775));
#5100=CARTESIAN_POINT('',(0.00789395539019891,-0.0141983300638401,0.01184775));
#5101=CARTESIAN_POINT('',(0.00795475356773456,-0.0142085242572125,0.01184775));
#5102=CARTESIAN_POINT('',(0.00801829094528413,-0.014220488780852,0.01184775));
#5103=CARTESIAN_POINT('',(0.00808451985514961,-0.0142343370663587,0.01184775));
#5104=CARTESIAN_POINT('',(0.0081533891695377,-0.0142501812454982,0.01184775));
#5105=CARTESIAN_POINT('',(0.00822484444828194,-0.0142681324347573,0.01184775));
#5106=CARTESIAN_POINT('',(0.0082988275192672,-0.0142882991946667,0.01184775));
#5107=CARTESIAN_POINT('',(0.00837527825174207,-0.0143107930122465,0.01184775));
#5108=CARTESIAN_POINT('',(0.00845412791698218,-0.0143357068088464,0.01184775));
#5109=CARTESIAN_POINT('',(0.00853532484148377,-0.0143631969608558,0.01184775));
#5110=CARTESIAN_POINT('',(0.00860244318001405,-0.0143873140465562,0.01184775));
#5111=CARTESIAN_POINT('',(0.00864255461902024,-0.0144025543821774,0.01184775));
#5112=CARTESIAN_POINT('',(0.00865464993387847,-0.0144071928798447,0.01184775));
#5113=CARTESIAN_POINT('',(0.00865464993387847,-0.0144071928798447,0.01184775));
#5114=CARTESIAN_POINT('',(0.00865464993387847,-0.0144071928798447,0.01184775));
#5115=CARTESIAN_POINT('',(0.00865464993387847,-0.0144071928798447,0.006));
#5116=CARTESIAN_POINT('',(0.00679287095876158,-0.0143097621062071,0.006));
#5117=CARTESIAN_POINT('',(0.00703147236811033,-0.0142502105390532,0.006));
#5118=CARTESIAN_POINT('',(0.00729231613527893,-0.014185107591172,0.006));
#5119=CARTESIAN_POINT('',(0.00730046490451787,-0.0141836095250975,0.006));
#5120=CARTESIAN_POINT('',(0.00730887090629437,-0.0141819134493104,0.006));
#5121=CARTESIAN_POINT('',(0.00731887114318308,-0.0141801805058865,0.006));
#5122=CARTESIAN_POINT('',(0.00733235921376585,-0.0141780785530116,0.006));
#5123=CARTESIAN_POINT('',(0.00734871286020734,-0.0141758800009218,0.006));
#5124=CARTESIAN_POINT('',(0.00736814338013404,-0.0141736564051975,0.006));
#5125=CARTESIAN_POINT('',(0.00739059407611723,-0.0141715431969567,0.006));
#5126=CARTESIAN_POINT('',(0.00741608597408907,-0.0141696564632837,0.006));
#5127=CARTESIAN_POINT('',(0.00744461211852011,-0.0141681182622525,0.006));
#5128=CARTESIAN_POINT('',(0.0074761691858491,-0.0141670489247211,0.006));
#5129=CARTESIAN_POINT('',(0.00751074813452954,-0.0141665692054686,0.006));
#5130=CARTESIAN_POINT('',(0.00754833692825998,-0.0141667995323835,0.006));
#5131=CARTESIAN_POINT('',(0.00758891974876026,-0.0141678601003471,0.006));
#5132=CARTESIAN_POINT('',(0.00763247722760523,-0.0141698707208384,0.006));
#5133=CARTESIAN_POINT('',(0.00767898638969373,-0.0141729507416312,0.006));
#5134=CARTESIAN_POINT('',(0.00772842068255853,-0.014177218946675,0.006));
#5135=CARTESIAN_POINT('',(0.0077807499846469,-0.014182793461857,0.006));
#5136=CARTESIAN_POINT('',(0.00783594062281185,-0.0141897916596155,0.006));
#5137=CARTESIAN_POINT('',(0.00789395539019891,-0.0141983300638401,0.006));
#5138=CARTESIAN_POINT('',(0.00795475356773456,-0.0142085242572125,0.006));
#5139=CARTESIAN_POINT('',(0.00801829094528413,-0.014220488780852,0.006));
#5140=CARTESIAN_POINT('',(0.00808451985514961,-0.0142343370663587,0.006));
#5141=CARTESIAN_POINT('',(0.0081533891695377,-0.0142501812454982,0.006));
#5142=CARTESIAN_POINT('',(0.00822484444828194,-0.0142681324347573,0.006));
#5143=CARTESIAN_POINT('',(0.0082988275192672,-0.0142882991946667,0.006));
#5144=CARTESIAN_POINT('',(0.00837527825174207,-0.0143107930122465,0.006));
#5145=CARTESIAN_POINT('',(0.00845412791698218,-0.0143357068088464,0.006));
#5146=CARTESIAN_POINT('',(0.00853532484148377,-0.0143631969608558,0.006));
#5147=CARTESIAN_POINT('',(0.00860244318001405,-0.0143873140465562,0.006));
#5148=CARTESIAN_POINT('',(0.00864255461902024,-0.0144025543821774,0.006));
#5149=CARTESIAN_POINT('',(0.00865464993387847,-0.0144071928798447,0.006));
#5150=CARTESIAN_POINT('',(0.,-0.016,0.01184775));
#5151=CARTESIAN_POINT('',(0.,-0.016,0.01184775));
#5152=CARTESIAN_POINT('',(0.00872326568475795,-0.0148404156808906,0.01184775));
#5153=CARTESIAN_POINT('',(0.00872326568475795,-0.0148404156808906,0.01184775));
#5154=CARTESIAN_POINT('',(0.00872326568475795,-0.0148404156808906,0.006));
#5155=CARTESIAN_POINT('',(0.,-0.016,0.006));
#5156=CARTESIAN_POINT('',(0.00732593440821,-0.0154844324197924,0.01184775));
#5157=CARTESIAN_POINT('',(0.00732593440821,-0.0154844324197924,0.006));
#5158=CARTESIAN_POINT('',(0.00737909341632668,-0.0154807001689396,0.01184775));
#5159=CARTESIAN_POINT('',(0.00737909341632668,-0.0154807001689396,0.006));
#5160=CARTESIAN_POINT('',(0.00747248341043837,-0.0154740676180653,0.01184775));
#5161=CARTESIAN_POINT('',(0.00747248341043837,-0.0154740676180653,0.006));
#5162=CARTESIAN_POINT('',(0.00751714220664072,-0.0154708152447753,0.01184775));
#5163=CARTESIAN_POINT('',(0.00751714220664072,-0.0154708152447753,0.00600000000000001));
#5164=CARTESIAN_POINT('',(0.00755083173791403,-0.0154645890354026,0.01184775));
#5165=CARTESIAN_POINT('',(0.00755083173791403,-0.0154645890354026,0.006));
#5166=CARTESIAN_POINT('',(0.00766810215490874,-0.0154383107916225,0.01184775));
#5167=CARTESIAN_POINT('',(0.00766810215490874,-0.0154383107916225,0.006));
#5168=CARTESIAN_POINT('',(0.00781613144131638,-0.0153871571286153,0.01184775));
#5169=CARTESIAN_POINT('',(0.00781613144131638,-0.0153871571286153,0.006));
#5170=CARTESIAN_POINT('',(0.00804009499587224,-0.0152918227894335,0.01184775));
#5171=CARTESIAN_POINT('',(0.00804009499587224,-0.0152918227894335,0.006));
#5172=CARTESIAN_POINT('',(0.00834320543777221,-0.015124483955839,0.01184775));
#5173=CARTESIAN_POINT('',(0.00834320543777221,-0.015124483955839,0.006));
#5174=CARTESIAN_POINT('',(0.00859659818942802,-0.0149429216217127,0.01184775));
#5175=CARTESIAN_POINT('',(0.00859659818942802,-0.0149429216217127,0.006));
#5176=CARTESIAN_POINT('',(0.00872326568475795,-0.0148404156808906,0.01184775));
#5177=CARTESIAN_POINT('',(0.00872326568475795,-0.0148404156808906,0.006));
#5178=CARTESIAN_POINT('',(0.00698271642340084,-0.0155083991961274,0.006));
#5179=CARTESIAN_POINT('',(0.0072280422948514,-0.0154913042117541,0.006));
#5180=CARTESIAN_POINT('',(0.00749623737663127,-0.0154726156376347,0.006));
#5181=CARTESIAN_POINT('',(0.00750445024459145,-0.0154715222749585,0.006));
#5182=CARTESIAN_POINT('',(0.00751296894359893,-0.0154705377414843,0.006));
#5183=CARTESIAN_POINT('',(0.00752301524302473,-0.0154690956254736,0.006));
#5184=CARTESIAN_POINT('',(0.00753649269960444,-0.0154669266584209,0.006));
#5185=CARTESIAN_POINT('',(0.00755272533157657,-0.0154639640510419,0.006));
#5186=CARTESIAN_POINT('',(0.00757189198303528,-0.0154600744553781,0.006));
#5187=CARTESIAN_POINT('',(0.00759389688100453,-0.0154551465892515,0.006));
#5188=CARTESIAN_POINT('',(0.00761872414945217,-0.0154490635499135,0.006));
#5189=CARTESIAN_POINT('',(0.00764632945525751,-0.0154417114026145,0.006));
#5190=CARTESIAN_POINT('',(0.00767667245324584,-0.0154329767329446,0.006));
#5191=CARTESIAN_POINT('',(0.00770970722911657,-0.0154227474902757,0.006));
#5192=CARTESIAN_POINT('',(0.0077453851214026,-0.0154109128603016,0.006));
#5193=CARTESIAN_POINT('',(0.00778365394376457,-0.0153973634190147,0.006));
#5194=CARTESIAN_POINT('',(0.00782445825195241,-0.0153819912040993,0.006));
#5195=CARTESIAN_POINT('',(0.00786773931485612,-0.0153646898087746,0.006));
#5196=CARTESIAN_POINT('',(0.00791343517331961,-0.0153453544679547,0.006));
#5197=CARTESIAN_POINT('',(0.00796148067713731,-0.0153238821453166,0.006));
#5198=CARTESIAN_POINT('',(0.00801180753116521,-0.0153001716186127,0.006));
#5199=CARTESIAN_POINT('',(0.00806434434171977,-0.0152741235645888,0.006));
#5200=CARTESIAN_POINT('',(0.00811901666564789,-0.015245640640468,0.006));
#5201=CARTESIAN_POINT('',(0.00817574706146051,-0.0152146275728555,0.006));
#5202=CARTESIAN_POINT('',(0.00823445514219067,-0.0151809912120175,0.006));
#5203=CARTESIAN_POINT('',(0.00829505763179621,-0.0151446407136646,0.006));
#5204=CARTESIAN_POINT('',(0.0083574684177193,-0.0151054872226747,0.006));
#5205=CARTESIAN_POINT('',(0.00842159862794187,-0.0150634454680198,0.006));
#5206=CARTESIAN_POINT('',(0.00848735662333713,-0.0150184280006671,0.006));
#5207=CARTESIAN_POINT('',(0.00855464832472765,-0.0149703676855051,0.006));
#5208=CARTESIAN_POINT('',(0.00862337626472914,-0.0149191317677406,0.006));
#5209=CARTESIAN_POINT('',(0.00867975700861506,-0.0148754543489912,0.006));
#5210=CARTESIAN_POINT('',(0.00871319573135294,-0.0148485648121663,0.006));
#5211=CARTESIAN_POINT('',(0.00872326568475795,-0.0148404156808906,0.006));
#5212=CARTESIAN_POINT('',(0.00732593450412245,-0.0154844324130585,0.006));
#5213=CARTESIAN_POINT('',(0.00698271642340084,-0.0155083991961274,0.01184775));
#5214=CARTESIAN_POINT('',(0.0072280422948514,-0.0154913042117541,0.01184775));
#5215=CARTESIAN_POINT('',(0.00749623737663127,-0.0154726156376347,0.01184775));
#5216=CARTESIAN_POINT('',(0.00750445024459145,-0.0154715222749585,0.01184775));
#5217=CARTESIAN_POINT('',(0.00751296894359893,-0.0154705377414843,0.01184775));
#5218=CARTESIAN_POINT('',(0.00752301524302473,-0.0154690956254736,0.01184775));
#5219=CARTESIAN_POINT('',(0.00753649269960444,-0.0154669266584209,0.01184775));
#5220=CARTESIAN_POINT('',(0.00755272533157657,-0.0154639640510419,0.01184775));
#5221=CARTESIAN_POINT('',(0.00757189198303528,-0.0154600744553781,0.01184775));
#5222=CARTESIAN_POINT('',(0.00759389688100453,-0.0154551465892515,0.01184775));
#5223=CARTESIAN_POINT('',(0.00761872414945217,-0.0154490635499135,0.01184775));
#5224=CARTESIAN_POINT('',(0.00764632945525751,-0.0154417114026145,0.01184775));
#5225=CARTESIAN_POINT('',(0.00767667245324584,-0.0154329767329446,0.01184775));
#5226=CARTESIAN_POINT('',(0.00770970722911657,-0.0154227474902757,0.01184775));
#5227=CARTESIAN_POINT('',(0.0077453851214026,-0.0154109128603016,0.01184775));
#5228=CARTESIAN_POINT('',(0.00778365394376457,-0.0153973634190147,0.01184775));
#5229=CARTESIAN_POINT('',(0.00782445825195241,-0.0153819912040993,0.01184775));
#5230=CARTESIAN_POINT('',(0.00786773931485612,-0.0153646898087746,0.01184775));
#5231=CARTESIAN_POINT('',(0.00791343517331961,-0.0153453544679547,0.01184775));
#5232=CARTESIAN_POINT('',(0.00796148067713731,-0.0153238821453166,0.01184775));
#5233=CARTESIAN_POINT('',(0.00801180753116521,-0.0153001716186127,0.01184775));
#5234=CARTESIAN_POINT('',(0.00806434434171977,-0.0152741235645888,0.01184775));
#5235=CARTESIAN_POINT('',(0.00811901666564789,-0.015245640640468,0.01184775));
#5236=CARTESIAN_POINT('',(0.00817574706146051,-0.0152146275728555,0.01184775));
#5237=CARTESIAN_POINT('',(0.00823445514219067,-0.0151809912120175,0.01184775));
#5238=CARTESIAN_POINT('',(0.00829505763179621,-0.0151446407136646,0.01184775));
#5239=CARTESIAN_POINT('',(0.0083574684177193,-0.0151054872226747,0.01184775));
#5240=CARTESIAN_POINT('',(0.00842159862794187,-0.0150634454680198,0.01184775));
#5241=CARTESIAN_POINT('',(0.00848735662333713,-0.0150184280006671,0.01184775));
#5242=CARTESIAN_POINT('',(0.00855464832472765,-0.0149703676855051,0.01184775));
#5243=CARTESIAN_POINT('',(0.00862337626472914,-0.0149191317677406,0.01184775));
#5244=CARTESIAN_POINT('',(0.00867975700861506,-0.0148754543489912,0.01184775));
#5245=CARTESIAN_POINT('',(0.00871319573135294,-0.0148485648121663,0.01184775));
#5246=CARTESIAN_POINT('',(0.00872326568475795,-0.0148404156808906,0.01184775));
#5247=CARTESIAN_POINT('',(0.00732593450412245,-0.0154844324130585,0.01184775));
#5248=CARTESIAN_POINT('',(0.00732593450412245,-0.0154844324130585,0.006));
#5249=CARTESIAN_POINT('',(0.00735061881210444,-0.0158360147079303,0.008923875));
#5250=CARTESIAN_POINT('',(0.00735061881210444,-0.0158360147079303,0.01184775));
#5251=CARTESIAN_POINT('',(0.00699825872259709,-0.0158438755253212,0.01184775));
#5252=CARTESIAN_POINT('',(0.00699825872259709,-0.0158438755253212,0.01184775));
#5253=CARTESIAN_POINT('',(0.00699825872259679,-0.0158438755253212,0.006));
#5254=CARTESIAN_POINT('',(0.00735061881210444,-0.0158360147079303,0.006));
#5255=CARTESIAN_POINT('',(-4.9439619065339E-17,-0.016,0.01184775));
#5256=CARTESIAN_POINT('',(-4.9439619065339E-17,-0.016,0.006));
#5257=CARTESIAN_POINT('',(0.00699825872259709,-0.0161561244746789,0.006));
#5258=CARTESIAN_POINT('',(-4.9439619065339E-17,-0.016,0.01184775));
#5259=CARTESIAN_POINT('',(0.00699825872259709,-0.0161561244746789,0.01184775));
#5260=CARTESIAN_POINT('',(0.00699825872259709,-0.0161561244746789,0.01184775));
#5261=CARTESIAN_POINT('',(0.00735061881210458,-0.0161639852920697,0.008923875));
#5262=CARTESIAN_POINT('',(0.00735061881210458,-0.0161639852920697,0.01184775));
#5263=CARTESIAN_POINT('',(0.00732593450412259,-0.0165155675869416,0.01184775));
#5264=CARTESIAN_POINT('',(0.0073259345041226,-0.0165155675869416,0.01184775));
#5265=CARTESIAN_POINT('',(0.00732593450412259,-0.0165155675869416,0.006));
#5266=CARTESIAN_POINT('',(0.00735061881210458,-0.0161639852920697,0.006));
#5267=CARTESIAN_POINT('',(0.00732593440821015,-0.0165155675802076,0.01184775));
#5268=CARTESIAN_POINT('',(0.00732593440821015,-0.0165155675802076,0.00599999999999999));
#5269=CARTESIAN_POINT('',(0.0073790934163268,-0.0165192998310604,0.01184775));
#5270=CARTESIAN_POINT('',(0.0073790934163268,-0.0165192998310604,0.00599999999999999));
#5271=CARTESIAN_POINT('',(0.00747248341043846,-0.0165259323819348,0.01184775));
#5272=CARTESIAN_POINT('',(0.00747248341043846,-0.0165259323819348,0.00599999999999998));
#5273=CARTESIAN_POINT('',(0.00751714220664068,-0.0165291847552247,0.01184775));
#5274=CARTESIAN_POINT('',(0.00751714220664068,-0.0165291847552247,0.00599999999999998));
#5275=CARTESIAN_POINT('',(0.0075508317379141,-0.0165354109645974,0.01184775));
#5276=CARTESIAN_POINT('',(0.0075508317379141,-0.0165354109645974,0.00599999999999999));
#5277=CARTESIAN_POINT('',(0.00766810215490875,-0.0165616892083775,0.01184775));
#5278=CARTESIAN_POINT('',(0.00766810215490875,-0.0165616892083775,0.00599999999999998));
#5279=CARTESIAN_POINT('',(0.00781613144131641,-0.0166128428713848,0.01184775));
#5280=CARTESIAN_POINT('',(0.00781613144131641,-0.0166128428713848,0.00599999999999998));
#5281=CARTESIAN_POINT('',(0.00804009499587226,-0.0167081772105665,0.01184775));
#5282=CARTESIAN_POINT('',(0.00804009499587226,-0.0167081772105665,0.00599999999999999));
#5283=CARTESIAN_POINT('',(0.00834320543777222,-0.0168755160441612,0.01184775));
#5284=CARTESIAN_POINT('',(0.00834320543777222,-0.0168755160441612,0.00599999999999998));
#5285=CARTESIAN_POINT('',(0.00859659818942803,-0.0170570783782869,0.01184775));
#5286=CARTESIAN_POINT('',(0.00859659818942803,-0.0170570783782869,0.00599999999999999));
#5287=CARTESIAN_POINT('',(0.00872326568475795,-0.0171595843191095,0.01184775));
#5288=CARTESIAN_POINT('',(0.00872326568475795,-0.0171595843191095,0.00599999999999999));
#5289=CARTESIAN_POINT('',(0.00698271642340084,-0.0164916008038726,0.01184775));
#5290=CARTESIAN_POINT('',(0.0072280422948514,-0.0165086957882459,0.01184775));
#5291=CARTESIAN_POINT('',(0.00749623737663127,-0.0165273843623653,0.01184775));
#5292=CARTESIAN_POINT('',(0.00750445024459145,-0.0165284777250415,0.01184775));
#5293=CARTESIAN_POINT('',(0.00751296894359893,-0.0165294622585157,0.01184775));
#5294=CARTESIAN_POINT('',(0.00752301524302473,-0.0165309043745263,0.01184775));
#5295=CARTESIAN_POINT('',(0.00753649269960444,-0.0165330733415791,0.01184775));
#5296=CARTESIAN_POINT('',(0.00755272533157657,-0.0165360359489581,0.01184775));
#5297=CARTESIAN_POINT('',(0.00757189198303528,-0.0165399255446219,0.01184775));
#5298=CARTESIAN_POINT('',(0.00759389688100453,-0.0165448534107485,0.01184775));
#5299=CARTESIAN_POINT('',(0.00761872414945217,-0.0165509364500865,0.01184775));
#5300=CARTESIAN_POINT('',(0.00764632945525751,-0.0165582885973856,0.01184775));
#5301=CARTESIAN_POINT('',(0.00767667245324584,-0.0165670232670555,0.01184775));
#5302=CARTESIAN_POINT('',(0.00770970722911657,-0.0165772525097242,0.01184775));
#5303=CARTESIAN_POINT('',(0.0077453851214026,-0.0165890871396983,0.01184775));
#5304=CARTESIAN_POINT('',(0.00778365394376457,-0.0166026365809854,0.01184775));
#5305=CARTESIAN_POINT('',(0.00782445825195241,-0.0166180087959007,0.01184775));
#5306=CARTESIAN_POINT('',(0.00786773931485612,-0.0166353101912254,0.01184775));
#5307=CARTESIAN_POINT('',(0.00791343517331961,-0.0166546455320454,0.01184775));
#5308=CARTESIAN_POINT('',(0.00796148067713731,-0.0166761178546834,0.01184775));
#5309=CARTESIAN_POINT('',(0.00801180753116521,-0.0166998283813873,0.01184775));
#5310=CARTESIAN_POINT('',(0.00806434434171977,-0.0167258764354112,0.01184775));
#5311=CARTESIAN_POINT('',(0.00811901666564789,-0.016754359359532,0.01184775));
#5312=CARTESIAN_POINT('',(0.00817574706146051,-0.0167853724271445,0.01184775));
#5313=CARTESIAN_POINT('',(0.00823445514219067,-0.0168190087879825,0.01184775));
#5314=CARTESIAN_POINT('',(0.00829505763179621,-0.0168553592863354,0.01184775));
#5315=CARTESIAN_POINT('',(0.0083574684177193,-0.0168945127773253,0.01184775));
#5316=CARTESIAN_POINT('',(0.00842159862794187,-0.0169365545319802,0.01184775));
#5317=CARTESIAN_POINT('',(0.00848735662333713,-0.0169815719993329,0.01184775));
#5318=CARTESIAN_POINT('',(0.00855464832472765,-0.0170296323144949,0.01184775));
#5319=CARTESIAN_POINT('',(0.00862337626472914,-0.0170808682322594,0.01184775));
#5320=CARTESIAN_POINT('',(0.00867975700861506,-0.0171245456510088,0.01184775));
#5321=CARTESIAN_POINT('',(0.00871319573135294,-0.0171514351878337,0.01184775));
#5322=CARTESIAN_POINT('',(0.00872326568475795,-0.0171595843191094,0.01184775));
#5323=CARTESIAN_POINT('',(0.00872326568475795,-0.0171595843191094,0.01184775));
#5324=CARTESIAN_POINT('',(0.00872326568475795,-0.0171595843191094,0.01184775));
#5325=CARTESIAN_POINT('',(0.00872326568475795,-0.0171595843191094,0.006));
#5326=CARTESIAN_POINT('',(0.00698271642340084,-0.0164916008038726,0.006));
#5327=CARTESIAN_POINT('',(0.0072280422948514,-0.0165086957882459,0.006));
#5328=CARTESIAN_POINT('',(0.00749623737663127,-0.0165273843623653,0.006));
#5329=CARTESIAN_POINT('',(0.00750445024459145,-0.0165284777250415,0.006));
#5330=CARTESIAN_POINT('',(0.00751296894359893,-0.0165294622585157,0.006));
#5331=CARTESIAN_POINT('',(0.00752301524302473,-0.0165309043745263,0.006));
#5332=CARTESIAN_POINT('',(0.00753649269960444,-0.0165330733415791,0.006));
#5333=CARTESIAN_POINT('',(0.00755272533157657,-0.0165360359489581,0.006));
#5334=CARTESIAN_POINT('',(0.00757189198303528,-0.0165399255446219,0.006));
#5335=CARTESIAN_POINT('',(0.00759389688100453,-0.0165448534107485,0.006));
#5336=CARTESIAN_POINT('',(0.00761872414945217,-0.0165509364500865,0.006));
#5337=CARTESIAN_POINT('',(0.00764632945525751,-0.0165582885973856,0.006));
#5338=CARTESIAN_POINT('',(0.00767667245324584,-0.0165670232670555,0.006));
#5339=CARTESIAN_POINT('',(0.00770970722911657,-0.0165772525097242,0.006));
#5340=CARTESIAN_POINT('',(0.0077453851214026,-0.0165890871396983,0.006));
#5341=CARTESIAN_POINT('',(0.00778365394376457,-0.0166026365809854,0.006));
#5342=CARTESIAN_POINT('',(0.00782445825195241,-0.0166180087959007,0.006));
#5343=CARTESIAN_POINT('',(0.00786773931485612,-0.0166353101912254,0.006));
#5344=CARTESIAN_POINT('',(0.00791343517331961,-0.0166546455320454,0.006));
#5345=CARTESIAN_POINT('',(0.00796148067713731,-0.0166761178546834,0.006));
#5346=CARTESIAN_POINT('',(0.00801180753116521,-0.0166998283813873,0.006));
#5347=CARTESIAN_POINT('',(0.00806434434171977,-0.0167258764354112,0.006));
#5348=CARTESIAN_POINT('',(0.00811901666564789,-0.016754359359532,0.006));
#5349=CARTESIAN_POINT('',(0.00817574706146051,-0.0167853724271445,0.006));
#5350=CARTESIAN_POINT('',(0.00823445514219067,-0.0168190087879825,0.006));
#5351=CARTESIAN_POINT('',(0.00829505763179621,-0.0168553592863354,0.006));
#5352=CARTESIAN_POINT('',(0.0083574684177193,-0.0168945127773253,0.006));
#5353=CARTESIAN_POINT('',(0.00842159862794187,-0.0169365545319802,0.006));
#5354=CARTESIAN_POINT('',(0.00848735662333713,-0.0169815719993329,0.006));
#5355=CARTESIAN_POINT('',(0.00855464832472765,-0.0170296323144949,0.006));
#5356=CARTESIAN_POINT('',(0.00862337626472914,-0.0170808682322594,0.006));
#5357=CARTESIAN_POINT('',(0.00867975700861506,-0.0171245456510088,0.006));
#5358=CARTESIAN_POINT('',(0.00871319573135294,-0.0171514351878337,0.006));
#5359=CARTESIAN_POINT('',(0.00872326568475795,-0.0171595843191094,0.006));
#5360=CARTESIAN_POINT('',(0.,-0.016,0.01184775));
#5361=CARTESIAN_POINT('',(0.,-0.016,0.01184775));
#5362=CARTESIAN_POINT('',(0.00865464993387847,-0.0175928071201553,0.01184775));
#5363=CARTESIAN_POINT('',(0.00865464993387847,-0.0175928071201553,0.01184775));
#5364=CARTESIAN_POINT('',(0.00865464993387847,-0.0175928071201553,0.006));
#5365=CARTESIAN_POINT('',(0.,-0.016,0.006));
#5366=CARTESIAN_POINT('',(0.00712669680091191,-0.0177735043250661,0.01184775));
#5367=CARTESIAN_POINT('',(0.00712669680091191,-0.0177735043250661,0.006));
#5368=CARTESIAN_POINT('',(0.00717840735092185,-0.0177863817804843,0.01184775));
#5369=CARTESIAN_POINT('',(0.00717840735092185,-0.0177863817804843,0.006));
#5370=CARTESIAN_POINT('',(0.00726927608431478,-0.0178089329450407,0.01184775));
#5371=CARTESIAN_POINT('',(0.00726927608431478,-0.0178089329450407,0.006));
#5372=CARTESIAN_POINT('',(0.00731275416207155,-0.0178196400812047,0.01184775));
#5373=CARTESIAN_POINT('',(0.00731275416207155,-0.0178196400812047,0.006));
#5374=CARTESIAN_POINT('',(0.00734671881482667,-0.0178241292419049,0.01184775));
#5375=CARTESIAN_POINT('',(0.00734671881482667,-0.0178241292419049,0.006));
#5376=CARTESIAN_POINT('',(0.00746637003298851,-0.0178353756987099,0.01184775));
#5377=CARTESIAN_POINT('',(0.00746637003298851,-0.0178353756987099,0.006));
#5378=CARTESIAN_POINT('',(0.00762296160162281,-0.0178324692393396,0.01184775));
#5379=CARTESIAN_POINT('',(0.00762296160162281,-0.0178324692393396,0.006));
#5380=CARTESIAN_POINT('',(0.00786542353055045,-0.0178110094393125,0.01184775));
#5381=CARTESIAN_POINT('',(0.00786542353055045,-0.0178110094393125,0.006));
#5382=CARTESIAN_POINT('',(0.00820540923487611,-0.0177455270289128,0.01184775));
#5383=CARTESIAN_POINT('',(0.00820540923487611,-0.0177455270289128,0.006));
#5384=CARTESIAN_POINT('',(0.00850250590930367,-0.0176511536544414,0.01184775));
#5385=CARTESIAN_POINT('',(0.00850250590930367,-0.0176511536544414,0.006));
#5386=CARTESIAN_POINT('',(0.00865464993387847,-0.0175928071201553,0.01184775));
#5387=CARTESIAN_POINT('',(0.00865464993387847,-0.0175928071201553,0.006));
#5388=CARTESIAN_POINT('',(0.00679287095876158,-0.0176902378937929,0.006));
#5389=CARTESIAN_POINT('',(0.00703147236811033,-0.0177497894609468,0.006));
#5390=CARTESIAN_POINT('',(0.00729231613527893,-0.0178148924088281,0.006));
#5391=CARTESIAN_POINT('',(0.00730046490451787,-0.0178163904749025,0.006));
#5392=CARTESIAN_POINT('',(0.00730887090629437,-0.0178180865506895,0.006));
#5393=CARTESIAN_POINT('',(0.00731887114318308,-0.0178198194941135,0.006));
#5394=CARTESIAN_POINT('',(0.00733235921376586,-0.0178219214469884,0.006));
#5395=CARTESIAN_POINT('',(0.00734871286020734,-0.0178241199990782,0.006));
#5396=CARTESIAN_POINT('',(0.00736814338013404,-0.0178263435948025,0.006));
#5397=CARTESIAN_POINT('',(0.00739059407611723,-0.0178284568030434,0.006));
#5398=CARTESIAN_POINT('',(0.00741608597408907,-0.0178303435367162,0.006));
#5399=CARTESIAN_POINT('',(0.00744461211852012,-0.0178318817377475,0.006));
#5400=CARTESIAN_POINT('',(0.0074761691858491,-0.0178329510752789,0.006));
#5401=CARTESIAN_POINT('',(0.00751074813452955,-0.0178334307945315,0.006));
#5402=CARTESIAN_POINT('',(0.00754833692825998,-0.0178332004676165,0.006));
#5403=CARTESIAN_POINT('',(0.00758891974876026,-0.0178321398996529,0.006));
#5404=CARTESIAN_POINT('',(0.00763247722760523,-0.0178301292791616,0.006));
#5405=CARTESIAN_POINT('',(0.00767898638969373,-0.0178270492583688,0.006));
#5406=CARTESIAN_POINT('',(0.00772842068255853,-0.017822781053325,0.006));
#5407=CARTESIAN_POINT('',(0.0077807499846469,-0.017817206538143,0.006));
#5408=CARTESIAN_POINT('',(0.00783594062281185,-0.0178102083403846,0.006));
#5409=CARTESIAN_POINT('',(0.00789395539019891,-0.0178016699361599,0.006));
#5410=CARTESIAN_POINT('',(0.00795475356773456,-0.0177914757427875,0.006));
#5411=CARTESIAN_POINT('',(0.00801829094528413,-0.017779511219148,0.006));
#5412=CARTESIAN_POINT('',(0.00808451985514961,-0.0177656629336413,0.006));
#5413=CARTESIAN_POINT('',(0.0081533891695377,-0.0177498187545017,0.006));
#5414=CARTESIAN_POINT('',(0.00822484444828194,-0.0177318675652426,0.006));
#5415=CARTESIAN_POINT('',(0.0082988275192672,-0.0177117008053333,0.006));
#5416=CARTESIAN_POINT('',(0.00837527825174207,-0.0176892069877536,0.006));
#5417=CARTESIAN_POINT('',(0.00845412791698218,-0.0176642931911536,0.006));
#5418=CARTESIAN_POINT('',(0.00853532484148377,-0.0176368030391441,0.006));
#5419=CARTESIAN_POINT('',(0.00860244318001405,-0.0176126859534438,0.006));
#5420=CARTESIAN_POINT('',(0.00864255461902024,-0.0175974456178226,0.006));
#5421=CARTESIAN_POINT('',(0.00865464993387847,-0.0175928071201553,0.006));
#5422=CARTESIAN_POINT('',(0.00712669689421097,-0.0177735043483003,0.006));
#5423=CARTESIAN_POINT('',(0.00679287095876158,-0.0176902378937929,0.01184775));
#5424=CARTESIAN_POINT('',(0.00703147236811033,-0.0177497894609468,0.01184775));
#5425=CARTESIAN_POINT('',(0.00729231613527893,-0.0178148924088281,0.01184775));
#5426=CARTESIAN_POINT('',(0.00730046490451787,-0.0178163904749025,0.01184775));
#5427=CARTESIAN_POINT('',(0.00730887090629437,-0.0178180865506895,0.01184775));
#5428=CARTESIAN_POINT('',(0.00731887114318308,-0.0178198194941135,0.01184775));
#5429=CARTESIAN_POINT('',(0.00733235921376586,-0.0178219214469884,0.01184775));
#5430=CARTESIAN_POINT('',(0.00734871286020734,-0.0178241199990782,0.01184775));
#5431=CARTESIAN_POINT('',(0.00736814338013404,-0.0178263435948025,0.01184775));
#5432=CARTESIAN_POINT('',(0.00739059407611723,-0.0178284568030434,0.01184775));
#5433=CARTESIAN_POINT('',(0.00741608597408907,-0.0178303435367162,0.01184775));
#5434=CARTESIAN_POINT('',(0.00744461211852012,-0.0178318817377475,0.01184775));
#5435=CARTESIAN_POINT('',(0.0074761691858491,-0.0178329510752789,0.01184775));
#5436=CARTESIAN_POINT('',(0.00751074813452955,-0.0178334307945315,0.01184775));
#5437=CARTESIAN_POINT('',(0.00754833692825998,-0.0178332004676165,0.01184775));
#5438=CARTESIAN_POINT('',(0.00758891974876026,-0.0178321398996529,0.01184775));
#5439=CARTESIAN_POINT('',(0.00763247722760523,-0.0178301292791616,0.01184775));
#5440=CARTESIAN_POINT('',(0.00767898638969373,-0.0178270492583688,0.01184775));
#5441=CARTESIAN_POINT('',(0.00772842068255853,-0.017822781053325,0.01184775));
#5442=CARTESIAN_POINT('',(0.0077807499846469,-0.017817206538143,0.01184775));
#5443=CARTESIAN_POINT('',(0.00783594062281185,-0.0178102083403846,0.01184775));
#5444=CARTESIAN_POINT('',(0.00789395539019891,-0.0178016699361599,0.01184775));
#5445=CARTESIAN_POINT('',(0.00795475356773456,-0.0177914757427875,0.01184775));
#5446=CARTESIAN_POINT('',(0.00801829094528413,-0.017779511219148,0.01184775));
#5447=CARTESIAN_POINT('',(0.00808451985514961,-0.0177656629336413,0.01184775));
#5448=CARTESIAN_POINT('',(0.0081533891695377,-0.0177498187545017,0.01184775));
#5449=CARTESIAN_POINT('',(0.00822484444828194,-0.0177318675652426,0.01184775));
#5450=CARTESIAN_POINT('',(0.0082988275192672,-0.0177117008053333,0.01184775));
#5451=CARTESIAN_POINT('',(0.00837527825174207,-0.0176892069877536,0.01184775));
#5452=CARTESIAN_POINT('',(0.00845412791698218,-0.0176642931911536,0.01184775));
#5453=CARTESIAN_POINT('',(0.00853532484148377,-0.0176368030391441,0.01184775));
#5454=CARTESIAN_POINT('',(0.00860244318001405,-0.0176126859534438,0.01184775));
#5455=CARTESIAN_POINT('',(0.00864255461902024,-0.0175974456178226,0.01184775));
#5456=CARTESIAN_POINT('',(0.00865464993387847,-0.0175928071201553,0.01184775));
#5457=CARTESIAN_POINT('',(0.00712669689421097,-0.0177735043483003,0.01184775));
#5458=CARTESIAN_POINT('',(0.00712669689421097,-0.0177735043483003,0.006));
#5459=CARTESIAN_POINT('',(0.00704152816213074,-0.018115506851513,0.008923875));
#5460=CARTESIAN_POINT('',(0.00704152816213074,-0.018115506851513,0.01184775));
#5461=CARTESIAN_POINT('',(0.00670398467675899,-0.0180140976773187,0.01184775));
#5462=CARTESIAN_POINT('',(0.00670398467675899,-0.0180140976773187,0.01184775));
#5463=CARTESIAN_POINT('',(0.0067039846767587,-0.0180140976773186,0.006));
#5464=CARTESIAN_POINT('',(0.00704152816213074,-0.018115506851513,0.006));
#5465=CARTESIAN_POINT('',(-4.68375338513738E-17,-0.016,0.01184775));
#5466=CARTESIAN_POINT('',(-4.68375338513738E-17,-0.016,0.006));
#5467=CARTESIAN_POINT('',(0.00660749444493173,-0.0183110640753117,0.006));
#5468=CARTESIAN_POINT('',(-4.68375338513738E-17,-0.016,0.01184775));
#5469=CARTESIAN_POINT('',(0.00660749444493173,-0.0183110640753117,0.01184775));
#5470=CARTESIAN_POINT('',(0.00660749444493173,-0.0183110640753117,0.01184775));
#5471=CARTESIAN_POINT('',(0.00694017967797673,-0.0184274254127119,0.008923875));
#5472=CARTESIAN_POINT('',(0.00694017967797673,-0.0184274254127119,0.01184775));
#5473=CARTESIAN_POINT('',(0.00680805860198348,-0.018754172174603,0.01184775));
#5474=CARTESIAN_POINT('',(0.00680805860198349,-0.018754172174603,0.01184775));
#5475=CARTESIAN_POINT('',(0.00680805860198348,-0.018754172174603,0.006));
#5476=CARTESIAN_POINT('',(0.00694017967797673,-0.0184274254127119,0.006));
#5477=CARTESIAN_POINT('',(0.00680805851284622,-0.0187541721385601,0.01184775));
#5478=CARTESIAN_POINT('',(0.00680805851284622,-0.0187541721385601,0.00599999999999999));
#5479=CARTESIAN_POINT('',(0.00685746240497456,-0.0187741487569663,0.01184775));
#5480=CARTESIAN_POINT('',(0.00685746240497456,-0.0187741487569663,0.00599999999999999));
#5481=CARTESIAN_POINT('',(0.006944231996495,-0.01880931578298,0.01184775));
#5482=CARTESIAN_POINT('',(0.006944231996495,-0.01880931578298,0.00599999999999999));
#5483=CARTESIAN_POINT('',(0.00698569999701439,-0.0188262093007656,0.01184775));
#5484=CARTESIAN_POINT('',(0.00698569999701439,-0.0188262093007656,0.00599999999999999));
#5485=CARTESIAN_POINT('',(0.00701581664075617,-0.0188425414154573,0.01184775));
#5486=CARTESIAN_POINT('',(0.00701581664075617,-0.0188425414154573,0.00599999999999999));
#5487=CARTESIAN_POINT('',(0.00711922701109721,-0.0189037720622301,0.01184775));
#5488=CARTESIAN_POINT('',(0.00711922701109721,-0.0189037720622301,0.00599999999999999));
#5489=CARTESIAN_POINT('',(0.00724420387734398,-0.0189981656519306,0.01184775));
#5490=CARTESIAN_POINT('',(0.00724420387734398,-0.0189981656519306,0.00599999999999999));
#5491=CARTESIAN_POINT('',(0.00742774594436225,-0.0191580425409145,0.01184775));
#5492=CARTESIAN_POINT('',(0.00742774594436225,-0.0191580425409145,0.006));
#5493=CARTESIAN_POINT('',(0.00766431056188881,-0.0194108575067533,0.01184775));
#5494=CARTESIAN_POINT('',(0.00766431056188881,-0.0194108575067533,0.00599999999999999));
#5495=CARTESIAN_POINT('',(0.00784919554274945,-0.0196618362142512,0.01184775));
#5496=CARTESIAN_POINT('',(0.00784919554274945,-0.0196618362142512,0.006));
#5497=CARTESIAN_POINT('',(0.00793798741184744,-0.0197984675659207,0.01184775));
#5498=CARTESIAN_POINT('',(0.00793798741184744,-0.0197984675659207,0.006));
#5499=CARTESIAN_POINT('',(0.00648904495307153,-0.0186253181896709,0.01184775));
#5500=CARTESIAN_POINT('',(0.00671708108104045,-0.0187173863493931,0.01184775));
#5501=CARTESIAN_POINT('',(0.00696637467420198,-0.0188180370776675,0.01184775));
#5502=CARTESIAN_POINT('',(0.00697384770814505,-0.0188216148431375,0.01184775));
#5503=CARTESIAN_POINT('',(0.00698164523477139,-0.0188251836128769,0.01184775));
#5504=CARTESIAN_POINT('',(0.00699075419494979,-0.0188296596239593,0.01184775));
#5505=CARTESIAN_POINT('',(0.00700290177017345,-0.0188358871973326,0.01184775));
#5506=CARTESIAN_POINT('',(0.0070174244245594,-0.0188437209635284,0.01184775));
#5507=CARTESIAN_POINT('',(0.00703445104216344,-0.0188533430098562,0.01184775));
#5508=CARTESIAN_POINT('',(0.00705385614938837,-0.0188648295764793,0.01184775));
#5509=CARTESIAN_POINT('',(0.00707558852229441,-0.0188782869385548,0.01184775));
#5510=CARTESIAN_POINT('',(0.00709957078980433,-0.0188938097547812,0.01184775));
#5511=CARTESIAN_POINT('',(0.00712572953439681,-0.0189114934213271,0.01184775));
#5512=CARTESIAN_POINT('',(0.00715398646342879,-0.0189314303163734,0.01184775));
#5513=CARTESIAN_POINT('',(0.00718426105359096,-0.0189537107933681,0.01184775));
#5514=CARTESIAN_POINT('',(0.00721646985884727,-0.0189784227942608,0.01184775));
#5515=CARTESIAN_POINT('',(0.00725052678639223,-0.0190056518640997,0.01184775));
#5516=CARTESIAN_POINT('',(0.00728634309811723,-0.0190354810528361,0.01184775));
#5517=CARTESIAN_POINT('',(0.00732382749317124,-0.0190679908515555,0.01184775));
#5518=CARTESIAN_POINT('',(0.00736288617005188,-0.0191032591211034,0.01184775));
#5519=CARTESIAN_POINT('',(0.00740342289682267,-0.019141361025198,0.01184775));
#5520=CARTESIAN_POINT('',(0.00744533908148216,-0.0191823689640058,0.01184775));
#5521=CARTESIAN_POINT('',(0.0074885338438122,-0.0192263525118097,0.01184775));
#5522=CARTESIAN_POINT('',(0.00753290409148182,-0.0192733783482566,0.01184775));
#5523=CARTESIAN_POINT('',(0.00757834458709154,-0.0193235102230689,0.01184775));
#5524=CARTESIAN_POINT('',(0.00762474805798955,-0.0193768088005875,0.01184775));
#5525=CARTESIAN_POINT('',(0.00767200514852383,-0.0194333319768117,0.01184775));
#5526=CARTESIAN_POINT('',(0.00772000498618569,-0.0194931333863443,0.01184775));
#5527=CARTESIAN_POINT('',(0.00776863339374915,-0.0195562678801103,0.01184775));
#5528=CARTESIAN_POINT('',(0.00781778015070912,-0.0196227702353305,0.01184775));
#5529=CARTESIAN_POINT('',(0.00786731153658745,-0.0196927365902375,0.01184775));
#5530=CARTESIAN_POINT('',(0.00790743574578972,-0.0197516988919705,0.01184775));
#5531=CARTESIAN_POINT('',(0.00793092853709641,-0.0197876054947841,0.01184775));
#5532=CARTESIAN_POINT('',(0.00793798741184744,-0.0197984675659207,0.01184775));
#5533=CARTESIAN_POINT('',(0.00793798741184744,-0.0197984675659207,0.01184775));
#5534=CARTESIAN_POINT('',(0.00793798741184744,-0.0197984675659207,0.01184775));
#5535=CARTESIAN_POINT('',(0.00793798741184744,-0.0197984675659207,0.006));
#5536=CARTESIAN_POINT('',(0.00648904495307153,-0.0186253181896709,0.006));
#5537=CARTESIAN_POINT('',(0.00671708108104045,-0.0187173863493931,0.006));
#5538=CARTESIAN_POINT('',(0.00696637467420198,-0.0188180370776675,0.006));
#5539=CARTESIAN_POINT('',(0.00697384770814505,-0.0188216148431375,0.006));
#5540=CARTESIAN_POINT('',(0.00698164523477139,-0.0188251836128769,0.006));
#5541=CARTESIAN_POINT('',(0.00699075419494979,-0.0188296596239593,0.006));
#5542=CARTESIAN_POINT('',(0.00700290177017345,-0.0188358871973326,0.006));
#5543=CARTESIAN_POINT('',(0.0070174244245594,-0.0188437209635284,0.006));
#5544=CARTESIAN_POINT('',(0.00703445104216344,-0.0188533430098562,0.006));
#5545=CARTESIAN_POINT('',(0.00705385614938837,-0.0188648295764793,0.006));
#5546=CARTESIAN_POINT('',(0.00707558852229441,-0.0188782869385548,0.006));
#5547=CARTESIAN_POINT('',(0.00709957078980433,-0.0188938097547812,0.006));
#5548=CARTESIAN_POINT('',(0.00712572953439681,-0.0189114934213271,0.006));
#5549=CARTESIAN_POINT('',(0.00715398646342879,-0.0189314303163734,0.006));
#5550=CARTESIAN_POINT('',(0.00718426105359096,-0.0189537107933681,0.006));
#5551=CARTESIAN_POINT('',(0.00721646985884727,-0.0189784227942608,0.006));
#5552=CARTESIAN_POINT('',(0.00725052678639223,-0.0190056518640997,0.006));
#5553=CARTESIAN_POINT('',(0.00728634309811723,-0.0190354810528361,0.006));
#5554=CARTESIAN_POINT('',(0.00732382749317124,-0.0190679908515555,0.006));
#5555=CARTESIAN_POINT('',(0.00736288617005188,-0.0191032591211034,0.006));
#5556=CARTESIAN_POINT('',(0.00740342289682267,-0.019141361025198,0.006));
#5557=CARTESIAN_POINT('',(0.00744533908148216,-0.0191823689640058,0.006));
#5558=CARTESIAN_POINT('',(0.0074885338438122,-0.0192263525118097,0.006));
#5559=CARTESIAN_POINT('',(0.00753290409148182,-0.0192733783482566,0.006));
#5560=CARTESIAN_POINT('',(0.00757834458709154,-0.0193235102230689,0.006));
#5561=CARTESIAN_POINT('',(0.00762474805798955,-0.0193768088005875,0.006));
#5562=CARTESIAN_POINT('',(0.00767200514852383,-0.0194333319768117,0.006));
#5563=CARTESIAN_POINT('',(0.00772000498618569,-0.0194931333863443,0.006));
#5564=CARTESIAN_POINT('',(0.00776863339374915,-0.0195562678801103,0.006));
#5565=CARTESIAN_POINT('',(0.00781778015070912,-0.0196227702353305,0.006));
#5566=CARTESIAN_POINT('',(0.00786731153658745,-0.0196927365902375,0.006));
#5567=CARTESIAN_POINT('',(0.00790743574578972,-0.0197516988919705,0.006));
#5568=CARTESIAN_POINT('',(0.00793092853709641,-0.0197876054947841,0.006));
#5569=CARTESIAN_POINT('',(0.00793798741184744,-0.0197984675659207,0.006));
#5570=CARTESIAN_POINT('',(0.,-0.016,0.01184775));
#5571=CARTESIAN_POINT('',(0.,-0.016,0.01184775));
#5572=CARTESIAN_POINT('',(0.00773885674697912,-0.0201892835007595,0.01184775));
#5573=CARTESIAN_POINT('',(0.00773885674697912,-0.0201892835007595,0.01184775));
#5574=CARTESIAN_POINT('',(0.00773885674697912,-0.0201892835007595,0.006));
#5575=CARTESIAN_POINT('',(0.,-0.016,0.006));
#5576=CARTESIAN_POINT('',(0.00622984845612421,-0.0198889732702711,0.01184775));
#5577=CARTESIAN_POINT('',(0.00622984845612421,-0.0198889732702711,0.006));
#5578=CARTESIAN_POINT('',(0.00627504875910386,-0.0199171998969014,0.01184775));
#5579=CARTESIAN_POINT('',(0.00627504875910386,-0.0199171998969014,0.006));
#5580=CARTESIAN_POINT('',(0.00635450136703381,-0.0199667273117785,0.01184775));
#5581=CARTESIAN_POINT('',(0.00635450136703381,-0.0199667273117785,0.006));
#5582=CARTESIAN_POINT('',(0.00639254278916459,-0.0199903458683078,0.01184775));
#5583=CARTESIAN_POINT('',(0.00639254278916459,-0.0199903458683078,0.006));
#5584=CARTESIAN_POINT('',(0.00642345786654418,-0.0200051109687539,0.01184775));
#5585=CARTESIAN_POINT('',(0.00642345786654418,-0.0200051109687539,0.006));
#5586=CARTESIAN_POINT('',(0.00653377759098044,-0.0200527812445931,0.01184775));
#5587=CARTESIAN_POINT('',(0.00653377759098044,-0.0200527812445931,0.006));
#5588=CARTESIAN_POINT('',(0.00668360316806584,-0.0200984064933535,0.01184775));
#5589=CARTESIAN_POINT('',(0.00668360316806584,-0.0200984064933535,0.006));
#5590=CARTESIAN_POINT('',(0.00692082960843024,-0.0201529218672269,0.01184775));
#5591=CARTESIAN_POINT('',(0.00692082960843024,-0.0201529218672269,0.006));
#5592=CARTESIAN_POINT('',(0.00726441040562249,-0.0201957057545947,0.01184775));
#5593=CARTESIAN_POINT('',(0.00726441040562249,-0.0201957057545947,0.006));
#5594=CARTESIAN_POINT('',(0.0075761291103346,-0.0201977592632093,0.01184775));
#5595=CARTESIAN_POINT('',(0.0075761291103346,-0.0201977592632093,0.006));
#5596=CARTESIAN_POINT('',(0.00773885674697912,-0.0201892835007595,0.01184775));
#5597=CARTESIAN_POINT('',(0.00773885674697912,-0.0201892835007595,0.006));
#5598=CARTESIAN_POINT('',(0.00593809195596378,-0.0197066243298342,0.006));
#5599=CARTESIAN_POINT('',(0.0061466129348299,-0.019836993126202,0.006));
#5600=CARTESIAN_POINT('',(0.00637457218205137,-0.0199795148659463,0.006));
#5601=CARTESIAN_POINT('',(0.00638185919426015,-0.0199834577196263,0.006));
#5602=CARTESIAN_POINT('',(0.00638932966078372,-0.0199876683809595,0.006));
#5603=CARTESIAN_POINT('',(0.00639830494227292,-0.0199924067512416,0.006));
#5604=CARTESIAN_POINT('',(0.00641048332053321,-0.0199985738702516,0.006));
#5605=CARTESIAN_POINT('',(0.0064253571725878,-0.0200057183722135,0.006));
#5606=CARTESIAN_POINT('',(0.00644314956631168,-0.0200138374982835,0.006));
#5607=CARTESIAN_POINT('',(0.00646384842976277,-0.0200227849253456,0.006));
#5608=CARTESIAN_POINT('',(0.00648750963267283,-0.020032456745392,0.006));
#5609=CARTESIAN_POINT('',(0.00651416427795934,-0.0200427347249192,0.006));
#5610=CARTESIAN_POINT('',(0.0065438463890078,-0.0200535033954439,0.006));
#5611=CARTESIAN_POINT('',(0.00657658468207541,-0.0200646451183549,0.006));
#5612=CARTESIAN_POINT('',(0.0066124049242234,-0.0200760416405023,0.006));
#5613=CARTESIAN_POINT('',(0.00665132921363428,-0.0200875737616438,0.006));
#5614=CARTESIAN_POINT('',(0.00669337615362423,-0.0200991215491189,0.006));
#5615=CARTESIAN_POINT('',(0.00673856077406391,-0.0201105643967531,0.006));
#5616=CARTESIAN_POINT('',(0.00678689452831544,-0.0201217811291335,0.006));
#5617=CARTESIAN_POINT('',(0.00683838527198639,-0.0201326500937936,0.006));
#5618=CARTESIAN_POINT('',(0.00689303725008902,-0.0201430492573365,0.006));
#5619=CARTESIAN_POINT('',(0.00695085108466409,-0.0201528563014071,0.006));
#5620=CARTESIAN_POINT('',(0.00701182376658425,-0.0201619487174575,0.006));
#5621=CARTESIAN_POINT('',(0.00707594864466528,-0.0201702039087266,0.006));
#5622=CARTESIAN_POINT('',(0.00714321543652449,-0.0201774992652233,0.006));
#5623=CARTESIAN_POINT('',(0.00721361016736212,-0.0201837123439442,0.006));
#5624=CARTESIAN_POINT('',(0.00728711539838581,-0.0201887206438938,0.006));
#5625=CARTESIAN_POINT('',(0.00736370935167535,-0.0201924029416999,0.006));
#5626=CARTESIAN_POINT('',(0.00744336929087163,-0.0201946346254815,0.006));
#5627=CARTESIAN_POINT('',(0.0075260585653497,-0.0201953060834394,0.006));
#5628=CARTESIAN_POINT('',(0.00761177635364893,-0.0201942526247989,0.006));
#5629=CARTESIAN_POINT('',(0.00768306227620726,-0.0201920566205296,0.006));
#5630=CARTESIAN_POINT('',(0.00772592004435901,-0.0201899573163482,0.006));
#5631=CARTESIAN_POINT('',(0.00773885674697912,-0.0201892835007595,0.006));
#5632=CARTESIAN_POINT('',(0.0062298485376771,-0.0198889733211992,0.006));
#5633=CARTESIAN_POINT('',(0.00593809195596378,-0.0197066243298342,0.01184775));
#5634=CARTESIAN_POINT('',(0.0061466129348299,-0.019836993126202,0.01184775));
#5635=CARTESIAN_POINT('',(0.00637457218205137,-0.0199795148659463,0.01184775));
#5636=CARTESIAN_POINT('',(0.00638185919426015,-0.0199834577196263,0.01184775));
#5637=CARTESIAN_POINT('',(0.00638932966078372,-0.0199876683809595,0.01184775));
#5638=CARTESIAN_POINT('',(0.00639830494227292,-0.0199924067512416,0.01184775));
#5639=CARTESIAN_POINT('',(0.00641048332053321,-0.0199985738702516,0.01184775));
#5640=CARTESIAN_POINT('',(0.0064253571725878,-0.0200057183722135,0.01184775));
#5641=CARTESIAN_POINT('',(0.00644314956631168,-0.0200138374982835,0.01184775));
#5642=CARTESIAN_POINT('',(0.00646384842976277,-0.0200227849253456,0.01184775));
#5643=CARTESIAN_POINT('',(0.00648750963267283,-0.020032456745392,0.01184775));
#5644=CARTESIAN_POINT('',(0.00651416427795934,-0.0200427347249192,0.01184775));
#5645=CARTESIAN_POINT('',(0.0065438463890078,-0.0200535033954439,0.01184775));
#5646=CARTESIAN_POINT('',(0.00657658468207541,-0.0200646451183549,0.01184775));
#5647=CARTESIAN_POINT('',(0.0066124049242234,-0.0200760416405023,0.01184775));
#5648=CARTESIAN_POINT('',(0.00665132921363428,-0.0200875737616438,0.01184775));
#5649=CARTESIAN_POINT('',(0.00669337615362423,-0.0200991215491189,0.01184775));
#5650=CARTESIAN_POINT('',(0.00673856077406391,-0.0201105643967531,0.01184775));
#5651=CARTESIAN_POINT('',(0.00678689452831544,-0.0201217811291335,0.01184775));
#5652=CARTESIAN_POINT('',(0.00683838527198639,-0.0201326500937936,0.01184775));
#5653=CARTESIAN_POINT('',(0.00689303725008902,-0.0201430492573365,0.01184775));
#5654=CARTESIAN_POINT('',(0.00695085108466409,-0.0201528563014071,0.01184775));
#5655=CARTESIAN_POINT('',(0.00701182376658425,-0.0201619487174575,0.01184775));
#5656=CARTESIAN_POINT('',(0.00707594864466528,-0.0201702039087266,0.01184775));
#5657=CARTESIAN_POINT('',(0.00714321543652449,-0.0201774992652233,0.01184775));
#5658=CARTESIAN_POINT('',(0.00721361016736212,-0.0201837123439442,0.01184775));
#5659=CARTESIAN_POINT('',(0.00728711539838581,-0.0201887206438938,0.01184775));
#5660=CARTESIAN_POINT('',(0.00736370935167535,-0.0201924029416999,0.01184775));
#5661=CARTESIAN_POINT('',(0.00744336929087163,-0.0201946346254815,0.01184775));
#5662=CARTESIAN_POINT('',(0.0075260585653497,-0.0201953060834394,0.01184775));
#5663=CARTESIAN_POINT('',(0.00761177635364893,-0.0201942526247989,0.01184775));
#5664=CARTESIAN_POINT('',(0.00768306227620726,-0.0201920566205296,0.01184775));
#5665=CARTESIAN_POINT('',(0.00772592004435901,-0.0201899573163482,0.01184775));
#5666=CARTESIAN_POINT('',(0.00773885674697912,-0.0201892835007595,0.01184775));
#5667=CARTESIAN_POINT('',(0.0062298485376771,-0.0198889733211992,0.01184775));
#5668=CARTESIAN_POINT('',(0.0062298485376771,-0.0198889733211992,0.006));
#5669=CARTESIAN_POINT('',(0.00604316367443611,-0.0201879184448667,0.008923875));
#5670=CARTESIAN_POINT('',(0.00604316367443611,-0.0201879184448667,0.01184775));
#5671=CARTESIAN_POINT('',(0.0057534779013519,-0.0199871659156167,0.01184775));
#5672=CARTESIAN_POINT('',(0.0057534779013519,-0.0199871659156167,0.01184775));
#5673=CARTESIAN_POINT('',(0.00575347790135165,-0.0199871659156165,0.006));
#5674=CARTESIAN_POINT('',(0.00604316367443611,-0.0201879184448667,0.006));
#5675=CARTESIAN_POINT('',(-3.98986399474665E-17,-0.016,0.01184775));
#5676=CARTESIAN_POINT('',(-3.98986399474665E-17,-0.016,0.006));
#5677=CARTESIAN_POINT('',(0.00556994257387561,-0.0202397806221228,0.006));
#5678=CARTESIAN_POINT('',(-3.98986399474665E-17,-0.016,0.01184775));
#5679=CARTESIAN_POINT('',(0.00556994257387561,-0.0202397806221228,0.01184775));
#5680=CARTESIAN_POINT('',(0.00556994257387561,-0.0202397806221228,0.01184775));
#5681=CARTESIAN_POINT('',(0.00585038740189335,-0.0204532522210906,0.008923875));
#5682=CARTESIAN_POINT('',(0.00585038740189335,-0.0204532522210906,0.01184775));
#5683=CARTESIAN_POINT('',(0.00562376248934874,-0.0207231792003684,0.01184775));
#5684=CARTESIAN_POINT('',(0.00562376248934874,-0.0207231792003684,0.01184775));
#5685=CARTESIAN_POINT('',(0.00562376248934874,-0.0207231792003684,0.006));
#5686=CARTESIAN_POINT('',(0.00585038740189335,-0.0204532522210906,0.006));
#5687=CARTESIAN_POINT('',(0.00562376241571204,-0.0207231791385446,0.01184775));
#5688=CARTESIAN_POINT('',(0.00562376241571204,-0.0207231791385446,0.00599999999999999));
#5689=CARTESIAN_POINT('',(0.00566457519467338,-0.0207574446739093,0.01184775));
#5690=CARTESIAN_POINT('',(0.00566457519467338,-0.0207574446739093,0.00599999999999999));
#5691=CARTESIAN_POINT('',(0.00573623077142528,-0.0208177037815332,0.01184775));
#5692=CARTESIAN_POINT('',(0.00573623077142528,-0.0208177037815332,0.00599999999999999));
#5693=CARTESIAN_POINT('',(0.00577044879944646,-0.0208465847885896,0.01184775));
#5694=CARTESIAN_POINT('',(0.00577044879944646,-0.0208465847885896,0.00599999999999999));
#5695=CARTESIAN_POINT('',(0.00579404452873219,-0.0208714241074218,0.01184775));
#5696=CARTESIAN_POINT('',(0.00579404452873219,-0.0208714241074218,0.00599999999999999));
#5697=CARTESIAN_POINT('',(0.0058734723248682,-0.0209616134748619,0.01184775));
#5698=CARTESIAN_POINT('',(0.0058734723248682,-0.0209616134748619,0.00599999999999999));
#5699=CARTESIAN_POINT('',(0.00596316316452081,-0.0210900070890171,0.01184775));
#5700=CARTESIAN_POINT('',(0.00596316316452081,-0.0210900070890171,0.00599999999999999));
#5701=CARTESIAN_POINT('',(0.00608831736766899,-0.0212987766639817,0.01184775));
#5702=CARTESIAN_POINT('',(0.00608831736766899,-0.0212987766639817,0.00599999999999999));
#5703=CARTESIAN_POINT('',(0.00623517956781595,-0.0216123204717429,0.01184775));
#5704=CARTESIAN_POINT('',(0.00623517956781595,-0.0216123204717429,0.00599999999999999));
#5705=CARTESIAN_POINT('',(0.00633345894778562,-0.021908148008051,0.01184775));
#5706=CARTESIAN_POINT('',(0.00633345894778562,-0.021908148008051,0.00599999999999999));
#5707=CARTESIAN_POINT('',(0.00637568362385486,-0.0220655303418999,0.01184775));
#5708=CARTESIAN_POINT('',(0.00637568362385486,-0.0220655303418999,0.00599999999999999));
#5709=CARTESIAN_POINT('',(0.00536018055090088,-0.0205020511393968,0.01184775));
#5710=CARTESIAN_POINT('',(0.00554860517036144,-0.0206600802015178,0.01184775));
#5711=CARTESIAN_POINT('',(0.00575459468107537,-0.0208328406893886,0.01184775));
#5712=CARTESIAN_POINT('',(0.00576059636837129,-0.0208385526410407,0.01184775));
#5713=CARTESIAN_POINT('',(0.00576690944638174,-0.0208443563109981,0.01184775));
#5714=CARTESIAN_POINT('',(0.00577418941882463,-0.0208514280740013,0.01184775));
#5715=CARTESIAN_POINT('',(0.00578381802339221,-0.0208611046554232,0.01184775));
#5716=CARTESIAN_POINT('',(0.00579520912159541,-0.0208730427568195,0.01184775));
#5717=CARTESIAN_POINT('',(0.00580842902138225,-0.020887455380876,0.01184775));
#5718=CARTESIAN_POINT('',(0.00582333483076437,-0.0209043762628229,0.01184775));
#5719=CARTESIAN_POINT('',(0.00583984499205042,-0.0209238906472731,0.01184775));
#5720=CARTESIAN_POINT('',(0.00585785666982677,-0.0209460646510206,0.01184775));
#5721=CARTESIAN_POINT('',(0.00587727056084399,-0.0209709663139517,0.01184775));
#5722=CARTESIAN_POINT('',(0.00589798365794597,-0.0209986592991799,0.01184775));
#5723=CARTESIAN_POINT('',(0.00591989145816373,-0.0210292046548697,0.01184775));
#5724=CARTESIAN_POINT('',(0.00594288742404396,-0.0210626602325421,0.01184775));
#5725=CARTESIAN_POINT('',(0.00596686324158936,-0.0210990807862326,0.01184775));
#5726=CARTESIAN_POINT('',(0.0059917088519971,-0.0211385178795551,0.01184775));
#5727=CARTESIAN_POINT('',(0.0060173125498846,-0.0211810198505661,0.01184775));
#5728=CARTESIAN_POINT('',(0.00604356106439731,-0.021226631763072,0.01184775));
#5729=CARTESIAN_POINT('',(0.00607033964665867,-0.0212753953647129,0.01184775));
#5730=CARTESIAN_POINT('',(0.0060975321572214,-0.0213273490455351,0.01184775));
#5731=CARTESIAN_POINT('',(0.00612502115366088,-0.0213825278009118,0.01184775));
#5732=CARTESIAN_POINT('',(0.0061526879841999,-0.0214409631896735,0.01184775));
#5733=CARTESIAN_POINT('',(0.00618041286237636,-0.0215026833212639,0.01184775));
#5734=CARTESIAN_POINT('',(0.00620807501952336,-0.0215677127418278,0.01184775));
#5735=CARTESIAN_POINT('',(0.00623555256138782,-0.0216360727209772,0.01184775));
#5736=CARTESIAN_POINT('',(0.00626272346794407,-0.0217077800067616,0.01184775));
#5737=CARTESIAN_POINT('',(0.00628946220032939,-0.0217828514828074,0.01184775));
#5738=CARTESIAN_POINT('',(0.00631565318586199,-0.0218612861642074,0.01184775));
#5739=CARTESIAN_POINT('',(0.00634113954046193,-0.0219431341619546,0.01184775));
#5740=CARTESIAN_POINT('',(0.00636107957782201,-0.0220116097057628,0.01184775));
#5741=CARTESIAN_POINT('',(0.00637232679960053,-0.0220530185861058,0.01184775));
#5742=CARTESIAN_POINT('',(0.00637568362385486,-0.0220655303418999,0.01184775));
#5743=CARTESIAN_POINT('',(0.00637568362385486,-0.0220655303418999,0.01184775));
#5744=CARTESIAN_POINT('',(0.00637568362385486,-0.0220655303418999,0.01184775));
#5745=CARTESIAN_POINT('',(0.00637568362385486,-0.0220655303418999,0.006));
#5746=CARTESIAN_POINT('',(0.00536018055090088,-0.0205020511393968,0.006));
#5747=CARTESIAN_POINT('',(0.00554860517036144,-0.0206600802015178,0.006));
#5748=CARTESIAN_POINT('',(0.00575459468107537,-0.0208328406893886,0.006));
#5749=CARTESIAN_POINT('',(0.00576059636837129,-0.0208385526410407,0.006));
#5750=CARTESIAN_POINT('',(0.00576690944638174,-0.0208443563109981,0.006));
#5751=CARTESIAN_POINT('',(0.00577418941882463,-0.0208514280740013,0.006));
#5752=CARTESIAN_POINT('',(0.00578381802339221,-0.0208611046554232,0.006));
#5753=CARTESIAN_POINT('',(0.00579520912159541,-0.0208730427568195,0.006));
#5754=CARTESIAN_POINT('',(0.00580842902138225,-0.020887455380876,0.006));
#5755=CARTESIAN_POINT('',(0.00582333483076437,-0.0209043762628229,0.006));
#5756=CARTESIAN_POINT('',(0.00583984499205042,-0.0209238906472731,0.006));
#5757=CARTESIAN_POINT('',(0.00585785666982677,-0.0209460646510206,0.006));
#5758=CARTESIAN_POINT('',(0.00587727056084399,-0.0209709663139517,0.006));
#5759=CARTESIAN_POINT('',(0.00589798365794597,-0.0209986592991799,0.006));
#5760=CARTESIAN_POINT('',(0.00591989145816373,-0.0210292046548697,0.006));
#5761=CARTESIAN_POINT('',(0.00594288742404396,-0.0210626602325421,0.006));
#5762=CARTESIAN_POINT('',(0.00596686324158936,-0.0210990807862326,0.006));
#5763=CARTESIAN_POINT('',(0.0059917088519971,-0.0211385178795551,0.006));
#5764=CARTESIAN_POINT('',(0.0060173125498846,-0.0211810198505661,0.006));
#5765=CARTESIAN_POINT('',(0.00604356106439731,-0.021226631763072,0.006));
#5766=CARTESIAN_POINT('',(0.00607033964665867,-0.0212753953647129,0.006));
#5767=CARTESIAN_POINT('',(0.0060975321572214,-0.0213273490455351,0.006));
#5768=CARTESIAN_POINT('',(0.00612502115366088,-0.0213825278009118,0.006));
#5769=CARTESIAN_POINT('',(0.0061526879841999,-0.0214409631896735,0.006));
#5770=CARTESIAN_POINT('',(0.00618041286237636,-0.0215026833212639,0.006));
#5771=CARTESIAN_POINT('',(0.00620807501952336,-0.0215677127418278,0.006));
#5772=CARTESIAN_POINT('',(0.00623555256138782,-0.0216360727209772,0.006));
#5773=CARTESIAN_POINT('',(0.00626272346794407,-0.0217077800067616,0.006));
#5774=CARTESIAN_POINT('',(0.00628946220032939,-0.0217828514828074,0.006));
#5775=CARTESIAN_POINT('',(0.00631565318586199,-0.0218612861642074,0.006));
#5776=CARTESIAN_POINT('',(0.00634113954046193,-0.0219431341619546,0.006));
#5777=CARTESIAN_POINT('',(0.00636107957782201,-0.0220116097057628,0.006));
#5778=CARTESIAN_POINT('',(0.00637232679960053,-0.0220530185861058,0.006));
#5779=CARTESIAN_POINT('',(0.00637568362385486,-0.0220655303418999,0.006));
#5780=CARTESIAN_POINT('',(0.,-0.016,0.01184775));
#5781=CARTESIAN_POINT('',(0.,-0.016,0.01184775));
#5782=CARTESIAN_POINT('',(0.00606553034189995,-0.0223756836238549,0.01184775));
#5783=CARTESIAN_POINT('',(0.00606553034189995,-0.0223756836238549,0.01184775));
#5784=CARTESIAN_POINT('',(0.00606553034189995,-0.0223756836238549,0.006));
#5785=CARTESIAN_POINT('',(0.,-0.016,0.006));
#5786=CARTESIAN_POINT('',(0.00472317913854452,-0.0216237624157119,0.01184775));
#5787=CARTESIAN_POINT('',(0.00472317913854452,-0.0216237624157119,0.006));
#5788=CARTESIAN_POINT('',(0.0047574446739092,-0.0216645751946733,0.01184775));
#5789=CARTESIAN_POINT('',(0.0047574446739092,-0.0216645751946733,0.006));
#5790=CARTESIAN_POINT('',(0.00481770378153314,-0.0217362307714252,0.01184775));
#5791=CARTESIAN_POINT('',(0.00481770378153314,-0.0217362307714252,0.006));
#5792=CARTESIAN_POINT('',(0.00484658478858961,-0.0217704487994465,0.01184775));
#5793=CARTESIAN_POINT('',(0.00484658478858961,-0.0217704487994465,0.00600000000000001));
#5794=CARTESIAN_POINT('',(0.00487142410742175,-0.0217940445287321,0.01184775));
#5795=CARTESIAN_POINT('',(0.00487142410742175,-0.0217940445287321,0.006));
#5796=CARTESIAN_POINT('',(0.00496161347486189,-0.0218734723248682,0.01184775));
#5797=CARTESIAN_POINT('',(0.00496161347486189,-0.0218734723248682,0.006));
#5798=CARTESIAN_POINT('',(0.00509000708901707,-0.0219631631645208,0.01184775));
#5799=CARTESIAN_POINT('',(0.00509000708901707,-0.0219631631645208,0.006));
#5800=CARTESIAN_POINT('',(0.00529877666398158,-0.022088317367669,0.01184775));
#5801=CARTESIAN_POINT('',(0.00529877666398158,-0.022088317367669,0.006));
#5802=CARTESIAN_POINT('',(0.00561232047174308,-0.0222351795678158,0.01184775));
#5803=CARTESIAN_POINT('',(0.00561232047174308,-0.0222351795678158,0.006));
#5804=CARTESIAN_POINT('',(0.00590814800805057,-0.022333458947786,0.01184775));
#5805=CARTESIAN_POINT('',(0.00590814800805057,-0.022333458947786,0.006));
#5806=CARTESIAN_POINT('',(0.00606553034189995,-0.0223756836238549,0.01184775));
#5807=CARTESIAN_POINT('',(0.00606553034189995,-0.0223756836238549,0.006));
#5808=CARTESIAN_POINT('',(0.00450205113939679,-0.0213601805509009,0.006));
#5809=CARTESIAN_POINT('',(0.00466008020151777,-0.0215486051703614,0.006));
#5810=CARTESIAN_POINT('',(0.00483284068938861,-0.0217545946810754,0.006));
#5811=CARTESIAN_POINT('',(0.00483855264104063,-0.0217605963683713,0.006));
#5812=CARTESIAN_POINT('',(0.00484435631099815,-0.0217669094463817,0.006));
#5813=CARTESIAN_POINT('',(0.00485142807400122,-0.0217741894188247,0.006));
#5814=CARTESIAN_POINT('',(0.00486110465542316,-0.0217838180233922,0.006));
#5815=CARTESIAN_POINT('',(0.00487304275681952,-0.0217952091215954,0.006));
#5816=CARTESIAN_POINT('',(0.00488745538087598,-0.0218084290213823,0.006));
#5817=CARTESIAN_POINT('',(0.00490437626282293,-0.0218233348307643,0.006));
#5818=CARTESIAN_POINT('',(0.00492389064727308,-0.0218398449920504,0.006));
#5819=CARTESIAN_POINT('',(0.00494606465102057,-0.0218578566698268,0.006));
#5820=CARTESIAN_POINT('',(0.00497096631395167,-0.021877270560844,0.006));
#5821=CARTESIAN_POINT('',(0.00499865929917988,-0.021897983657946,0.006));
#5822=CARTESIAN_POINT('',(0.00502920465486967,-0.0219198914581638,0.006));
#5823=CARTESIAN_POINT('',(0.00506266023254214,-0.021942887424044,0.006));
#5824=CARTESIAN_POINT('',(0.0050990807862326,-0.0219668632415893,0.006));
#5825=CARTESIAN_POINT('',(0.00513851787955506,-0.0219917088519971,0.006));
#5826=CARTESIAN_POINT('',(0.00518101985056612,-0.0220173125498846,0.006));
#5827=CARTESIAN_POINT('',(0.00522663176307202,-0.0220435610643973,0.006));
#5828=CARTESIAN_POINT('',(0.00527539536471293,-0.0220703396466586,0.006));
#5829=CARTESIAN_POINT('',(0.00532734904553512,-0.0220975321572214,0.006));
#5830=CARTESIAN_POINT('',(0.0053825278009118,-0.0221250211536609,0.006));
#5831=CARTESIAN_POINT('',(0.00544096318967343,-0.0221526879841999,0.006));
#5832=CARTESIAN_POINT('',(0.00550268332126389,-0.0221804128623764,0.006));
#5833=CARTESIAN_POINT('',(0.00556771274182773,-0.0222080750195234,0.006));
#5834=CARTESIAN_POINT('',(0.00563607272097722,-0.0222355525613878,0.006));
#5835=CARTESIAN_POINT('',(0.00570778000676161,-0.0222627234679441,0.006));
#5836=CARTESIAN_POINT('',(0.00578285148280732,-0.0222894622003294,0.006));
#5837=CARTESIAN_POINT('',(0.00586128616420739,-0.022315653185862,0.006));
#5838=CARTESIAN_POINT('',(0.00594313416195459,-0.0223411395404619,0.006));
#5839=CARTESIAN_POINT('',(0.00601160970576274,-0.022361079577822,0.006));
#5840=CARTESIAN_POINT('',(0.00605301858610572,-0.0223723267996006,0.006));
#5841=CARTESIAN_POINT('',(0.00606553034189995,-0.0223756836238549,0.006));
#5842=CARTESIAN_POINT('',(0.00472317920036831,-0.0216237624893486,0.006));
#5843=CARTESIAN_POINT('',(0.00450205113939679,-0.0213601805509009,0.01184775));
#5844=CARTESIAN_POINT('',(0.00466008020151777,-0.0215486051703614,0.01184775));
#5845=CARTESIAN_POINT('',(0.00483284068938861,-0.0217545946810754,0.01184775));
#5846=CARTESIAN_POINT('',(0.00483855264104063,-0.0217605963683713,0.01184775));
#5847=CARTESIAN_POINT('',(0.00484435631099815,-0.0217669094463817,0.01184775));
#5848=CARTESIAN_POINT('',(0.00485142807400122,-0.0217741894188247,0.01184775));
#5849=CARTESIAN_POINT('',(0.00486110465542316,-0.0217838180233922,0.01184775));
#5850=CARTESIAN_POINT('',(0.00487304275681952,-0.0217952091215954,0.01184775));
#5851=CARTESIAN_POINT('',(0.00488745538087598,-0.0218084290213823,0.01184775));
#5852=CARTESIAN_POINT('',(0.00490437626282293,-0.0218233348307643,0.01184775));
#5853=CARTESIAN_POINT('',(0.00492389064727308,-0.0218398449920504,0.01184775));
#5854=CARTESIAN_POINT('',(0.00494606465102057,-0.0218578566698268,0.01184775));
#5855=CARTESIAN_POINT('',(0.00497096631395167,-0.021877270560844,0.01184775));
#5856=CARTESIAN_POINT('',(0.00499865929917988,-0.021897983657946,0.01184775));
#5857=CARTESIAN_POINT('',(0.00502920465486967,-0.0219198914581638,0.01184775));
#5858=CARTESIAN_POINT('',(0.00506266023254214,-0.021942887424044,0.01184775));
#5859=CARTESIAN_POINT('',(0.0050990807862326,-0.0219668632415893,0.01184775));
#5860=CARTESIAN_POINT('',(0.00513851787955506,-0.0219917088519971,0.01184775));
#5861=CARTESIAN_POINT('',(0.00518101985056612,-0.0220173125498846,0.01184775));
#5862=CARTESIAN_POINT('',(0.00522663176307202,-0.0220435610643973,0.01184775));
#5863=CARTESIAN_POINT('',(0.00527539536471293,-0.0220703396466586,0.01184775));
#5864=CARTESIAN_POINT('',(0.00532734904553512,-0.0220975321572214,0.01184775));
#5865=CARTESIAN_POINT('',(0.0053825278009118,-0.0221250211536609,0.01184775));
#5866=CARTESIAN_POINT('',(0.00544096318967343,-0.0221526879841999,0.01184775));
#5867=CARTESIAN_POINT('',(0.00550268332126389,-0.0221804128623764,0.01184775));
#5868=CARTESIAN_POINT('',(0.00556771274182773,-0.0222080750195234,0.01184775));
#5869=CARTESIAN_POINT('',(0.00563607272097722,-0.0222355525613878,0.01184775));
#5870=CARTESIAN_POINT('',(0.00570778000676161,-0.0222627234679441,0.01184775));
#5871=CARTESIAN_POINT('',(0.00578285148280732,-0.0222894622003294,0.01184775));
#5872=CARTESIAN_POINT('',(0.00586128616420739,-0.022315653185862,0.01184775));
#5873=CARTESIAN_POINT('',(0.00594313416195459,-0.0223411395404619,0.01184775));
#5874=CARTESIAN_POINT('',(0.00601160970576274,-0.022361079577822,0.01184775));
#5875=CARTESIAN_POINT('',(0.00605301858610572,-0.0223723267996006,0.01184775));
#5876=CARTESIAN_POINT('',(0.00606553034189995,-0.0223756836238549,0.01184775));
#5877=CARTESIAN_POINT('',(0.00472317920036831,-0.0216237624893486,0.01184775));
#5878=CARTESIAN_POINT('',(0.00472317920036831,-0.0216237624893486,0.006));
#5879=CARTESIAN_POINT('',(0.00445325222109052,-0.0218503874018933,0.008923875));
#5880=CARTESIAN_POINT('',(0.00445325222109052,-0.0218503874018933,0.01184775));
#5881=CARTESIAN_POINT('',(0.00423978062212279,-0.0215699425738756,0.01184775));
#5882=CARTESIAN_POINT('',(0.00423978062212279,-0.0215699425738756,0.01184775));
#5883=CARTESIAN_POINT('',(0.00423978062212261,-0.0215699425738754,0.006));
#5884=CARTESIAN_POINT('',(0.00445325222109052,-0.0218503874018933,0.006));
#5885=CARTESIAN_POINT('',(-2.94902990916057E-17,-0.016,0.01184775));
#5886=CARTESIAN_POINT('',(-2.94902990916057E-17,-0.016,0.006));
#5887=CARTESIAN_POINT('',(0.00398716591561667,-0.0217534779013519,0.006));
#5888=CARTESIAN_POINT('',(-2.94902990916057E-17,-0.016,0.01184775));
#5889=CARTESIAN_POINT('',(0.00398716591561667,-0.0217534779013519,0.01184775));
#5890=CARTESIAN_POINT('',(0.00398716591561667,-0.0217534779013519,0.01184775));
#5891=CARTESIAN_POINT('',(0.00418791844486676,-0.0220431636744362,0.008923875));
#5892=CARTESIAN_POINT('',(0.00418791844486676,-0.0220431636744362,0.01184775));
#5893=CARTESIAN_POINT('',(0.00388897332119926,-0.0222298485376772,0.01184775));
#5894=CARTESIAN_POINT('',(0.00388897332119926,-0.0222298485376772,0.01184775));
#5895=CARTESIAN_POINT('',(0.00388897332119926,-0.0222298485376772,0.006));
#5896=CARTESIAN_POINT('',(0.00418791844486676,-0.0220431636744362,0.006));
#5897=CARTESIAN_POINT('',(0.00388897327027121,-0.0222298484561243,0.01184775));
#5898=CARTESIAN_POINT('',(0.00388897327027121,-0.0222298484561243,0.006));
#5899=CARTESIAN_POINT('',(0.00391719989690147,-0.022275048759104,0.01184775));
#5900=CARTESIAN_POINT('',(0.00391719989690147,-0.022275048759104,0.006));
#5901=CARTESIAN_POINT('',(0.00396672731177859,-0.0223545013670339,0.01184775));
#5902=CARTESIAN_POINT('',(0.00396672731177859,-0.0223545013670339,0.006));
#5903=CARTESIAN_POINT('',(0.0039903458683078,-0.0223925427891646,0.01184775));
#5904=CARTESIAN_POINT('',(0.0039903458683078,-0.0223925427891646,0.006));
#5905=CARTESIAN_POINT('',(0.00400511096875389,-0.0224234578665442,0.01184775));
#5906=CARTESIAN_POINT('',(0.00400511096875389,-0.0224234578665442,0.006));
#5907=CARTESIAN_POINT('',(0.00405278124459309,-0.0225337775909804,0.01184775));
#5908=CARTESIAN_POINT('',(0.00405278124459309,-0.0225337775909804,0.006));
#5909=CARTESIAN_POINT('',(0.0040984064933535,-0.0226836031680659,0.01184775));
#5910=CARTESIAN_POINT('',(0.0040984064933535,-0.0226836031680659,0.006));
#5911=CARTESIAN_POINT('',(0.00415292186722683,-0.0229208296084302,0.01184775));
#5912=CARTESIAN_POINT('',(0.00415292186722683,-0.0229208296084302,0.006));
#5913=CARTESIAN_POINT('',(0.00419570575459474,-0.0232644104056227,0.01184775));
#5914=CARTESIAN_POINT('',(0.00419570575459474,-0.0232644104056227,0.006));
#5915=CARTESIAN_POINT('',(0.00419775926320921,-0.0235761291103341,0.01184775));
#5916=CARTESIAN_POINT('',(0.00419775926320921,-0.0235761291103341,0.006));
#5917=CARTESIAN_POINT('',(0.0041892835007595,-0.0237388567469792,0.01184775));
#5918=CARTESIAN_POINT('',(0.0041892835007595,-0.0237388567469792,0.006));
#5919=CARTESIAN_POINT('',(0.00370662432983413,-0.0219380919559638,0.01184775));
#5920=CARTESIAN_POINT('',(0.00383699312620201,-0.0221466129348299,0.01184775));
#5921=CARTESIAN_POINT('',(0.00397951486594634,-0.0223745721820513,0.01184775));
#5922=CARTESIAN_POINT('',(0.00398345771962637,-0.0223818591942601,0.01184775));
#5923=CARTESIAN_POINT('',(0.00398766838095947,-0.0223893296607837,0.01184775));
#5924=CARTESIAN_POINT('',(0.00399240675124159,-0.0223983049422729,0.01184775));
#5925=CARTESIAN_POINT('',(0.00399857387025159,-0.0224104833205332,0.01184775));
#5926=CARTESIAN_POINT('',(0.00400571837221345,-0.0224253571725878,0.01184775));
#5927=CARTESIAN_POINT('',(0.00401383749828352,-0.0224431495663117,0.01184775));
#5928=CARTESIAN_POINT('',(0.00402278492534561,-0.0224638484297628,0.01184775));
#5929=CARTESIAN_POINT('',(0.00403245674539193,-0.0224875096326729,0.01184775));
#5930=CARTESIAN_POINT('',(0.00404273472491923,-0.0225141642779593,0.01184775));
#5931=CARTESIAN_POINT('',(0.0040535033954439,-0.0225438463890078,0.01184775));
#5932=CARTESIAN_POINT('',(0.00406464511835489,-0.0225765846820754,0.01184775));
#5933=CARTESIAN_POINT('',(0.00407604164050232,-0.0226124049242234,0.01184775));
#5934=CARTESIAN_POINT('',(0.00408757376164378,-0.0226513292136343,0.01184775));
#5935=CARTESIAN_POINT('',(0.00409912154911894,-0.0226933761536242,0.01184775));
#5936=CARTESIAN_POINT('',(0.00411056439675316,-0.0227385607740639,0.01184775));
#5937=CARTESIAN_POINT('',(0.00412178112913347,-0.0227868945283155,0.01184775));
#5938=CARTESIAN_POINT('',(0.00413265009379358,-0.0228383852719864,0.01184775));
#5939=CARTESIAN_POINT('',(0.00414304925733642,-0.0228930372500891,0.01184775));
#5940=CARTESIAN_POINT('',(0.00415285630140715,-0.0229508510846641,0.01184775));
#5941=CARTESIAN_POINT('',(0.00416194871745747,-0.0230118237665842,0.01184775));
#5942=CARTESIAN_POINT('',(0.0041702039087266,-0.0230759486446653,0.01184775));
#5943=CARTESIAN_POINT('',(0.0041774992652233,-0.0231432154365245,0.01184775));
#5944=CARTESIAN_POINT('',(0.00418371234394415,-0.0232136101673621,0.01184775));
#5945=CARTESIAN_POINT('',(0.00418872064389381,-0.0232871153983858,0.01184775));
#5946=CARTESIAN_POINT('',(0.0041924029416999,-0.0233637093516754,0.01184775));
#5947=CARTESIAN_POINT('',(0.00419463462548149,-0.0234433692908717,0.01184775));
#5948=CARTESIAN_POINT('',(0.00419530608343946,-0.0235260585653497,0.01184775));
#5949=CARTESIAN_POINT('',(0.00419425262479889,-0.023611776353649,0.01184775));
#5950=CARTESIAN_POINT('',(0.00419205662052958,-0.0236830622762072,0.01184775));
#5951=CARTESIAN_POINT('',(0.00418995731634824,-0.023725920044359,0.01184775));
#5952=CARTESIAN_POINT('',(0.00418928350075949,-0.0237388567469792,0.01184775));
#5953=CARTESIAN_POINT('',(0.00418928350075949,-0.0237388567469792,0.01184775));
#5954=CARTESIAN_POINT('',(0.00418928350075949,-0.0237388567469792,0.01184775));
#5955=CARTESIAN_POINT('',(0.00418928350075949,-0.0237388567469792,0.006));
#5956=CARTESIAN_POINT('',(0.00370662432983413,-0.0219380919559638,0.006));
#5957=CARTESIAN_POINT('',(0.00383699312620201,-0.0221466129348299,0.006));
#5958=CARTESIAN_POINT('',(0.00397951486594634,-0.0223745721820513,0.006));
#5959=CARTESIAN_POINT('',(0.00398345771962637,-0.0223818591942601,0.006));
#5960=CARTESIAN_POINT('',(0.00398766838095947,-0.0223893296607837,0.006));
#5961=CARTESIAN_POINT('',(0.00399240675124159,-0.0223983049422729,0.006));
#5962=CARTESIAN_POINT('',(0.00399857387025159,-0.0224104833205332,0.006));
#5963=CARTESIAN_POINT('',(0.00400571837221345,-0.0224253571725878,0.006));
#5964=CARTESIAN_POINT('',(0.00401383749828352,-0.0224431495663117,0.006));
#5965=CARTESIAN_POINT('',(0.00402278492534561,-0.0224638484297628,0.006));
#5966=CARTESIAN_POINT('',(0.00403245674539193,-0.0224875096326729,0.006));
#5967=CARTESIAN_POINT('',(0.00404273472491923,-0.0225141642779593,0.006));
#5968=CARTESIAN_POINT('',(0.0040535033954439,-0.0225438463890078,0.006));
#5969=CARTESIAN_POINT('',(0.00406464511835489,-0.0225765846820754,0.006));
#5970=CARTESIAN_POINT('',(0.00407604164050232,-0.0226124049242234,0.006));
#5971=CARTESIAN_POINT('',(0.00408757376164378,-0.0226513292136343,0.006));
#5972=CARTESIAN_POINT('',(0.00409912154911894,-0.0226933761536242,0.006));
#5973=CARTESIAN_POINT('',(0.00411056439675316,-0.0227385607740639,0.006));
#5974=CARTESIAN_POINT('',(0.00412178112913347,-0.0227868945283155,0.006));
#5975=CARTESIAN_POINT('',(0.00413265009379358,-0.0228383852719864,0.006));
#5976=CARTESIAN_POINT('',(0.00414304925733642,-0.0228930372500891,0.006));
#5977=CARTESIAN_POINT('',(0.00415285630140715,-0.0229508510846641,0.006));
#5978=CARTESIAN_POINT('',(0.00416194871745747,-0.0230118237665842,0.006));
#5979=CARTESIAN_POINT('',(0.0041702039087266,-0.0230759486446653,0.006));
#5980=CARTESIAN_POINT('',(0.0041774992652233,-0.0231432154365245,0.006));
#5981=CARTESIAN_POINT('',(0.00418371234394415,-0.0232136101673621,0.006));
#5982=CARTESIAN_POINT('',(0.00418872064389381,-0.0232871153983858,0.006));
#5983=CARTESIAN_POINT('',(0.0041924029416999,-0.0233637093516754,0.006));
#5984=CARTESIAN_POINT('',(0.00419463462548149,-0.0234433692908717,0.006));
#5985=CARTESIAN_POINT('',(0.00419530608343946,-0.0235260585653497,0.006));
#5986=CARTESIAN_POINT('',(0.00419425262479889,-0.023611776353649,0.006));
#5987=CARTESIAN_POINT('',(0.00419205662052958,-0.0236830622762072,0.006));
#5988=CARTESIAN_POINT('',(0.00418995731634824,-0.023725920044359,0.006));
#5989=CARTESIAN_POINT('',(0.00418928350075949,-0.0237388567469792,0.006));
#5990=CARTESIAN_POINT('',(0.,-0.016,0.01184775));
#5991=CARTESIAN_POINT('',(0.,-0.016,0.01184775));
#5992=CARTESIAN_POINT('',(0.00379846756592072,-0.0239379874118474,0.01184775));
#5993=CARTESIAN_POINT('',(0.00379846756592072,-0.0239379874118474,0.01184775));
#5994=CARTESIAN_POINT('',(0.00379846756592072,-0.0239379874118474,0.006));
#5995=CARTESIAN_POINT('',(0.,-0.016,0.006));
#5996=CARTESIAN_POINT('',(0.00275417213856001,-0.0228080585128461,0.01184775));
#5997=CARTESIAN_POINT('',(0.00275417213856001,-0.0228080585128461,0.00600000000000002));
#5998=CARTESIAN_POINT('',(0.00277414875696621,-0.0228574624049744,0.01184775));
#5999=CARTESIAN_POINT('',(0.00277414875696621,-0.0228574624049744,0.00600000000000003));
#6000=CARTESIAN_POINT('',(0.00280931578297999,-0.0229442319964949,0.01184775));
#6001=CARTESIAN_POINT('',(0.00280931578297999,-0.0229442319964949,0.00600000000000002));
#6002=CARTESIAN_POINT('',(0.00282620930076563,-0.0229856999970144,0.01184775));
#6003=CARTESIAN_POINT('',(0.00282620930076563,-0.0229856999970144,0.00600000000000003));
#6004=CARTESIAN_POINT('',(0.00284254141545735,-0.0230158166407561,0.01184775));
#6005=CARTESIAN_POINT('',(0.00284254141545735,-0.0230158166407561,0.00600000000000003));
#6006=CARTESIAN_POINT('',(0.00290377206223004,-0.0231192270110972,0.01184775));
#6007=CARTESIAN_POINT('',(0.00290377206223004,-0.0231192270110972,0.00600000000000002));
#6008=CARTESIAN_POINT('',(0.0029981656519306,-0.023244203877344,0.01184775));
#6009=CARTESIAN_POINT('',(0.0029981656519306,-0.023244203877344,0.00600000000000003));
#6010=CARTESIAN_POINT('',(0.00315804254091453,-0.0234277459443622,0.01184775));
#6011=CARTESIAN_POINT('',(0.00315804254091453,-0.0234277459443622,0.00600000000000003));
#6012=CARTESIAN_POINT('',(0.00341085750675336,-0.023664310561889,0.01184775));
#6013=CARTESIAN_POINT('',(0.00341085750675336,-0.023664310561889,0.00600000000000002));
#6014=CARTESIAN_POINT('',(0.00366183621425093,-0.0238491955427492,0.01184775));
#6015=CARTESIAN_POINT('',(0.00366183621425093,-0.0238491955427492,0.00600000000000003));
#6016=CARTESIAN_POINT('',(0.00379846756592072,-0.0239379874118475,0.01184775));
#6017=CARTESIAN_POINT('',(0.00379846756592072,-0.0239379874118475,0.00600000000000003));
#6018=CARTESIAN_POINT('',(0.0026253181896709,-0.0224890449530716,0.006));
#6019=CARTESIAN_POINT('',(0.00271738634939313,-0.0227170810810404,0.006));
#6020=CARTESIAN_POINT('',(0.00281803707766743,-0.022966374674202,0.006));
#6021=CARTESIAN_POINT('',(0.00282161484313748,-0.0229738477081451,0.006));
#6022=CARTESIAN_POINT('',(0.00282518361287696,-0.0229816452347714,0.006));
#6023=CARTESIAN_POINT('',(0.0028296596239593,-0.0229907541949498,0.006));
#6024=CARTESIAN_POINT('',(0.00283588719733259,-0.0230029017701735,0.006));
#6025=CARTESIAN_POINT('',(0.00284372096352842,-0.0230174244245594,0.006));
#6026=CARTESIAN_POINT('',(0.00285334300985615,-0.0230344510421635,0.006));
#6027=CARTESIAN_POINT('',(0.00286482957647927,-0.0230538561493884,0.006));
#6028=CARTESIAN_POINT('',(0.00287828693855481,-0.0230755885222944,0.006));
#6029=CARTESIAN_POINT('',(0.00289380975478112,-0.0230995707898044,0.006));
#6030=CARTESIAN_POINT('',(0.00291149342132706,-0.0231257295343968,0.006));
#6031=CARTESIAN_POINT('',(0.00293143031637338,-0.0231539864634288,0.006));
#6032=CARTESIAN_POINT('',(0.00295371079336803,-0.023184261053591,0.006));
#6033=CARTESIAN_POINT('',(0.0029784227942608,-0.0232164698588473,0.006));
#6034=CARTESIAN_POINT('',(0.00300565186409963,-0.0232505267863923,0.006));
#6035=CARTESIAN_POINT('',(0.00303548105283609,-0.0232863430981173,0.006));
#6036=CARTESIAN_POINT('',(0.00306799085155546,-0.0233238274931712,0.006));
#6037=CARTESIAN_POINT('',(0.00310325912110336,-0.0233628861700519,0.006));
#6038=CARTESIAN_POINT('',(0.00314136102519794,-0.0234034228968227,0.006));
#6039=CARTESIAN_POINT('',(0.00318236896400579,-0.0234453390814821,0.006));
#6040=CARTESIAN_POINT('',(0.00322635251180973,-0.0234885338438122,0.006));
#6041=CARTESIAN_POINT('',(0.00327337834825667,-0.0235329040914818,0.006));
#6042=CARTESIAN_POINT('',(0.00332351022306888,-0.0235783445870916,0.006));
#6043=CARTESIAN_POINT('',(0.00337680880058751,-0.0236247480579896,0.006));
#6044=CARTESIAN_POINT('',(0.00343333197681167,-0.0236720051485239,0.006));
#6045=CARTESIAN_POINT('',(0.0034931333863443,-0.0237200049861857,0.006));
#6046=CARTESIAN_POINT('',(0.00355626788011036,-0.0237686333937492,0.006));
#6047=CARTESIAN_POINT('',(0.00362277023533043,-0.0238177801507092,0.006));
#6048=CARTESIAN_POINT('',(0.00369273659023757,-0.0238673115365874,0.006));
#6049=CARTESIAN_POINT('',(0.00375169889197043,-0.0239074357457897,0.006));
#6050=CARTESIAN_POINT('',(0.00378760549478404,-0.0239309285370964,0.006));
#6051=CARTESIAN_POINT('',(0.00379846756592072,-0.0239379874118474,0.006));
#6052=CARTESIAN_POINT('',(0.00275417217460293,-0.0228080586019834,0.006));
#6053=CARTESIAN_POINT('',(0.0026253181896709,-0.0224890449530716,0.01184775));
#6054=CARTESIAN_POINT('',(0.00271738634939313,-0.0227170810810404,0.01184775));
#6055=CARTESIAN_POINT('',(0.00281803707766743,-0.022966374674202,0.01184775));
#6056=CARTESIAN_POINT('',(0.00282161484313748,-0.0229738477081451,0.01184775));
#6057=CARTESIAN_POINT('',(0.00282518361287696,-0.0229816452347714,0.01184775));
#6058=CARTESIAN_POINT('',(0.0028296596239593,-0.0229907541949498,0.01184775));
#6059=CARTESIAN_POINT('',(0.00283588719733259,-0.0230029017701735,0.01184775));
#6060=CARTESIAN_POINT('',(0.00284372096352842,-0.0230174244245594,0.01184775));
#6061=CARTESIAN_POINT('',(0.00285334300985615,-0.0230344510421635,0.01184775));
#6062=CARTESIAN_POINT('',(0.00286482957647927,-0.0230538561493884,0.01184775));
#6063=CARTESIAN_POINT('',(0.00287828693855481,-0.0230755885222944,0.01184775));
#6064=CARTESIAN_POINT('',(0.00289380975478112,-0.0230995707898044,0.01184775));
#6065=CARTESIAN_POINT('',(0.00291149342132706,-0.0231257295343968,0.01184775));
#6066=CARTESIAN_POINT('',(0.00293143031637338,-0.0231539864634288,0.01184775));
#6067=CARTESIAN_POINT('',(0.00295371079336803,-0.023184261053591,0.01184775));
#6068=CARTESIAN_POINT('',(0.0029784227942608,-0.0232164698588473,0.01184775));
#6069=CARTESIAN_POINT('',(0.00300565186409963,-0.0232505267863923,0.01184775));
#6070=CARTESIAN_POINT('',(0.00303548105283609,-0.0232863430981173,0.01184775));
#6071=CARTESIAN_POINT('',(0.00306799085155546,-0.0233238274931712,0.01184775));
#6072=CARTESIAN_POINT('',(0.00310325912110336,-0.0233628861700519,0.01184775));
#6073=CARTESIAN_POINT('',(0.00314136102519794,-0.0234034228968227,0.01184775));
#6074=CARTESIAN_POINT('',(0.00318236896400579,-0.0234453390814821,0.01184775));
#6075=CARTESIAN_POINT('',(0.00322635251180973,-0.0234885338438122,0.01184775));
#6076=CARTESIAN_POINT('',(0.00327337834825667,-0.0235329040914818,0.01184775));
#6077=CARTESIAN_POINT('',(0.00332351022306888,-0.0235783445870916,0.01184775));
#6078=CARTESIAN_POINT('',(0.00337680880058751,-0.0236247480579896,0.01184775));
#6079=CARTESIAN_POINT('',(0.00343333197681167,-0.0236720051485239,0.01184775));
#6080=CARTESIAN_POINT('',(0.0034931333863443,-0.0237200049861857,0.01184775));
#6081=CARTESIAN_POINT('',(0.00355626788011036,-0.0237686333937492,0.01184775));
#6082=CARTESIAN_POINT('',(0.00362277023533043,-0.0238177801507092,0.01184775));
#6083=CARTESIAN_POINT('',(0.00369273659023757,-0.0238673115365874,0.01184775));
#6084=CARTESIAN_POINT('',(0.00375169889197043,-0.0239074357457897,0.01184775));
#6085=CARTESIAN_POINT('',(0.00378760549478404,-0.0239309285370964,0.01184775));
#6086=CARTESIAN_POINT('',(0.00379846756592072,-0.0239379874118474,0.01184775));
#6087=CARTESIAN_POINT('',(0.00275417217460293,-0.0228080586019834,0.01184775));
#6088=CARTESIAN_POINT('',(0.00275417217460293,-0.0228080586019834,0.006));
#6089=CARTESIAN_POINT('',(0.0024274254127119,-0.0229401796779766,0.008923875));
#6090=CARTESIAN_POINT('',(0.0024274254127119,-0.0229401796779766,0.01184775));
#6091=CARTESIAN_POINT('',(0.0023110640753117,-0.0226074944449317,0.01184775));
#6092=CARTESIAN_POINT('',(0.0023110640753117,-0.0226074944449317,0.01184775));
#6093=CARTESIAN_POINT('',(0.0023110640753116,-0.0226074944449315,0.006));
#6094=CARTESIAN_POINT('',(0.0024274254127119,-0.0229401796779766,0.006));
#6095=CARTESIAN_POINT('',(-1.56125112837912E-17,-0.016,0.01184775));
#6096=CARTESIAN_POINT('',(-1.56125112837912E-17,-0.016,0.006));
#6097=CARTESIAN_POINT('',(0.00201409767731873,-0.022703984676759,0.006));
#6098=CARTESIAN_POINT('',(-1.56125112837912E-17,-0.016,0.01184775));
#6099=CARTESIAN_POINT('',(0.00201409767731873,-0.022703984676759,0.01184775));
#6100=CARTESIAN_POINT('',(0.00201409767731873,-0.022703984676759,0.01184775));
#6101=CARTESIAN_POINT('',(0.00211550685151306,-0.0230415281621309,0.008923875));
#6102=CARTESIAN_POINT('',(0.00211550685151306,-0.0230415281621309,0.01184775));
#6103=CARTESIAN_POINT('',(0.00177350434830038,-0.0231266968942111,0.01184775));
#6104=CARTESIAN_POINT('',(0.00177350434830038,-0.0231266968942111,0.01184775));
#6105=CARTESIAN_POINT('',(0.00177350434830038,-0.0231266968942111,0.006));
#6106=CARTESIAN_POINT('',(0.00211550685151306,-0.0230415281621309,0.006));
#6107=CARTESIAN_POINT('',(0.00177350432506615,-0.0231266968009121,0.01184775));
#6108=CARTESIAN_POINT('',(0.00177350432506615,-0.0231266968009121,0.00600000000000002));
#6109=CARTESIAN_POINT('',(0.00178638178048428,-0.023178407350922,0.01184775));
#6110=CARTESIAN_POINT('',(0.00178638178048428,-0.023178407350922,0.00600000000000002));
#6111=CARTESIAN_POINT('',(0.00180893294504067,-0.0232692760843149,0.01184775));
#6112=CARTESIAN_POINT('',(0.00180893294504067,-0.0232692760843149,0.00600000000000002));
#6113=CARTESIAN_POINT('',(0.00181964008120471,-0.0233127541620716,0.01184775));
#6114=CARTESIAN_POINT('',(0.00181964008120471,-0.0233127541620716,0.00600000000000002));
#6115=CARTESIAN_POINT('',(0.00182412924190496,-0.0233467188148267,0.01184775));
#6116=CARTESIAN_POINT('',(0.00182412924190496,-0.0233467188148267,0.00600000000000002));
#6117=CARTESIAN_POINT('',(0.00183537569870987,-0.0234663700329885,0.01184775));
#6118=CARTESIAN_POINT('',(0.00183537569870987,-0.0234663700329885,0.00600000000000002));
#6119=CARTESIAN_POINT('',(0.00183246923933962,-0.0236229616016228,0.01184775));
#6120=CARTESIAN_POINT('',(0.00183246923933962,-0.0236229616016228,0.00600000000000002));
#6121=CARTESIAN_POINT('',(0.00181100943931246,-0.0238654235305505,0.01184775));
#6122=CARTESIAN_POINT('',(0.00181100943931246,-0.0238654235305505,0.00600000000000003));
#6123=CARTESIAN_POINT('',(0.00174552702891285,-0.0242054092348759,0.01184775));
#6124=CARTESIAN_POINT('',(0.00174552702891285,-0.0242054092348759,0.00600000000000002));
#6125=CARTESIAN_POINT('',(0.0016511536544413,-0.0245025059093041,0.01184775));
#6126=CARTESIAN_POINT('',(0.0016511536544413,-0.0245025059093041,0.00600000000000002));
#6127=CARTESIAN_POINT('',(0.00159280712015532,-0.0246546499338784,0.01184775));
#6128=CARTESIAN_POINT('',(0.00159280712015532,-0.0246546499338784,0.00600000000000002));
#6129=CARTESIAN_POINT('',(0.00169023789379292,-0.0227928709587616,0.01184775));
#6130=CARTESIAN_POINT('',(0.00174978946094683,-0.0230314723681104,0.01184775));
#6131=CARTESIAN_POINT('',(0.00181489240882804,-0.0232923161352789,0.01184775));
#6132=CARTESIAN_POINT('',(0.0018163904749025,-0.0233004649045179,0.01184775));
#6133=CARTESIAN_POINT('',(0.00181808655068956,-0.0233088709062944,0.01184775));
#6134=CARTESIAN_POINT('',(0.00181981949411353,-0.0233188711431831,0.01184775));
#6135=CARTESIAN_POINT('',(0.0018219214469884,-0.0233323592137658,0.01184775));
#6136=CARTESIAN_POINT('',(0.00182411999907822,-0.0233487128602074,0.01184775));
#6137=CARTESIAN_POINT('',(0.00182634359480249,-0.0233681433801341,0.01184775));
#6138=CARTESIAN_POINT('',(0.00182845680304335,-0.0233905940761173,0.01184775));
#6139=CARTESIAN_POINT('',(0.00183034353671626,-0.0234160859740891,0.01184775));
#6140=CARTESIAN_POINT('',(0.00183188173774748,-0.0234446121185201,0.01184775));
#6141=CARTESIAN_POINT('',(0.0018329510752789,-0.0234761691858491,0.01184775));
#6142=CARTESIAN_POINT('',(0.00183343079453144,-0.0235107481345295,0.01184775));
#6143=CARTESIAN_POINT('',(0.0018332004676165,-0.02354833692826,0.01184775));
#6144=CARTESIAN_POINT('',(0.00183213989965286,-0.0235889197487602,0.01184775));
#6145=CARTESIAN_POINT('',(0.00183012927916155,-0.0236324772276053,0.01184775));
#6146=CARTESIAN_POINT('',(0.0018270492583688,-0.0236789863896937,0.01184775));
#6147=CARTESIAN_POINT('',(0.00182278105332497,-0.0237284206825586,0.01184775));
#6148=CARTESIAN_POINT('',(0.00181720653814302,-0.0237807499846469,0.01184775));
#6149=CARTESIAN_POINT('',(0.00181020834038454,-0.0238359406228119,0.01184775));
#6150=CARTESIAN_POINT('',(0.00180166993615992,-0.0238939553901989,0.01184775));
#6151=CARTESIAN_POINT('',(0.0017914757427875,-0.0239547535677345,0.01184775));
#6152=CARTESIAN_POINT('',(0.001779511219148,-0.0240182909452842,0.01184775));
#6153=CARTESIAN_POINT('',(0.0017656629336413,-0.0240845198551496,0.01184775));
#6154=CARTESIAN_POINT('',(0.00174981875450176,-0.0241533891695377,0.01184775));
#6155=CARTESIAN_POINT('',(0.00173186756524265,-0.024224844448282,0.01184775));
#6156=CARTESIAN_POINT('',(0.00171170080533325,-0.0242988275192672,0.01184775));
#6157=CARTESIAN_POINT('',(0.00168920698775352,-0.0243752782517421,0.01184775));
#6158=CARTESIAN_POINT('',(0.0016642931911536,-0.0244541279169822,0.01184775));
#6159=CARTESIAN_POINT('',(0.00163680303914415,-0.0245353248414838,0.01184775));
#6160=CARTESIAN_POINT('',(0.00161268595344379,-0.0246024431800141,0.01184775));
#6161=CARTESIAN_POINT('',(0.00159744561782257,-0.0246425546190203,0.01184775));
#6162=CARTESIAN_POINT('',(0.00159280712015532,-0.0246546499338784,0.01184775));
#6163=CARTESIAN_POINT('',(0.00159280712015532,-0.0246546499338784,0.01184775));
#6164=CARTESIAN_POINT('',(0.00159280712015532,-0.0246546499338784,0.01184775));
#6165=CARTESIAN_POINT('',(0.00159280712015532,-0.0246546499338784,0.006));
#6166=CARTESIAN_POINT('',(0.00169023789379292,-0.0227928709587616,0.006));
#6167=CARTESIAN_POINT('',(0.00174978946094683,-0.0230314723681104,0.006));
#6168=CARTESIAN_POINT('',(0.00181489240882804,-0.0232923161352789,0.006));
#6169=CARTESIAN_POINT('',(0.0018163904749025,-0.0233004649045179,0.006));
#6170=CARTESIAN_POINT('',(0.00181808655068956,-0.0233088709062944,0.006));
#6171=CARTESIAN_POINT('',(0.00181981949411353,-0.0233188711431831,0.006));
#6172=CARTESIAN_POINT('',(0.0018219214469884,-0.0233323592137658,0.006));
#6173=CARTESIAN_POINT('',(0.00182411999907822,-0.0233487128602074,0.006));
#6174=CARTESIAN_POINT('',(0.00182634359480249,-0.0233681433801341,0.006));
#6175=CARTESIAN_POINT('',(0.00182845680304335,-0.0233905940761173,0.006));
#6176=CARTESIAN_POINT('',(0.00183034353671626,-0.0234160859740891,0.006));
#6177=CARTESIAN_POINT('',(0.00183188173774748,-0.0234446121185201,0.006));
#6178=CARTESIAN_POINT('',(0.0018329510752789,-0.0234761691858491,0.006));
#6179=CARTESIAN_POINT('',(0.00183343079453144,-0.0235107481345295,0.006));
#6180=CARTESIAN_POINT('',(0.0018332004676165,-0.02354833692826,0.006));
#6181=CARTESIAN_POINT('',(0.00183213989965286,-0.0235889197487602,0.006));
#6182=CARTESIAN_POINT('',(0.00183012927916155,-0.0236324772276053,0.006));
#6183=CARTESIAN_POINT('',(0.0018270492583688,-0.0236789863896937,0.006));
#6184=CARTESIAN_POINT('',(0.00182278105332497,-0.0237284206825586,0.006));
#6185=CARTESIAN_POINT('',(0.00181720653814302,-0.0237807499846469,0.006));
#6186=CARTESIAN_POINT('',(0.00181020834038454,-0.0238359406228119,0.006));
#6187=CARTESIAN_POINT('',(0.00180166993615992,-0.0238939553901989,0.006));
#6188=CARTESIAN_POINT('',(0.0017914757427875,-0.0239547535677345,0.006));
#6189=CARTESIAN_POINT('',(0.001779511219148,-0.0240182909452842,0.006));
#6190=CARTESIAN_POINT('',(0.0017656629336413,-0.0240845198551496,0.006));
#6191=CARTESIAN_POINT('',(0.00174981875450176,-0.0241533891695377,0.006));
#6192=CARTESIAN_POINT('',(0.00173186756524265,-0.024224844448282,0.006));
#6193=CARTESIAN_POINT('',(0.00171170080533325,-0.0242988275192672,0.006));
#6194=CARTESIAN_POINT('',(0.00168920698775352,-0.0243752782517421,0.006));
#6195=CARTESIAN_POINT('',(0.0016642931911536,-0.0244541279169822,0.006));
#6196=CARTESIAN_POINT('',(0.00163680303914415,-0.0245353248414838,0.006));
#6197=CARTESIAN_POINT('',(0.00161268595344379,-0.0246024431800141,0.006));
#6198=CARTESIAN_POINT('',(0.00159744561782257,-0.0246425546190203,0.006));
#6199=CARTESIAN_POINT('',(0.00159280712015532,-0.0246546499338784,0.006));
#6200=CARTESIAN_POINT('',(0.,-0.016,0.01184775));
#6201=CARTESIAN_POINT('',(0.,-0.016,0.01184775));
#6202=CARTESIAN_POINT('',(0.00115958431910942,-0.0247232656847579,0.01184775));
#6203=CARTESIAN_POINT('',(0.00115958431910942,-0.0247232656847579,0.01184775));
#6204=CARTESIAN_POINT('',(0.00115958431910942,-0.0247232656847579,0.006));
#6205=CARTESIAN_POINT('',(0.,-0.016,0.006));
#6206=CARTESIAN_POINT('',(0.000515567580207578,-0.02332593440821,0.01184775));
#6207=CARTESIAN_POINT('',(0.000515567580207578,-0.02332593440821,0.00600000000000002));
#6208=CARTESIAN_POINT('',(0.00051929983106041,-0.0233790934163267,0.01184775));
#6209=CARTESIAN_POINT('',(0.00051929983106041,-0.0233790934163267,0.00600000000000002));
#6210=CARTESIAN_POINT('',(0.000525932381934745,-0.0234724834104384,0.01184775));
#6211=CARTESIAN_POINT('',(0.000525932381934745,-0.0234724834104384,0.00600000000000002));
#6212=CARTESIAN_POINT('',(0.000529184755224651,-0.0235171422066407,0.01184775));
#6213=CARTESIAN_POINT('',(0.000529184755224651,-0.0235171422066407,0.00600000000000002));
#6214=CARTESIAN_POINT('',(0.000535410964597367,-0.023550831737914,0.01184775));
#6215=CARTESIAN_POINT('',(0.000535410964597367,-0.023550831737914,0.00600000000000002));
#6216=CARTESIAN_POINT('',(0.000561689208377493,-0.0236681021549087,0.01184775));
#6217=CARTESIAN_POINT('',(0.000561689208377493,-0.0236681021549087,0.00600000000000002));
#6218=CARTESIAN_POINT('',(0.000612842871384736,-0.0238161314413164,0.01184775));
#6219=CARTESIAN_POINT('',(0.000612842871384736,-0.0238161314413164,0.00600000000000002));
#6220=CARTESIAN_POINT('',(0.000708177210566543,-0.0240400949958722,0.01184775));
#6221=CARTESIAN_POINT('',(0.000708177210566543,-0.0240400949958722,0.00600000000000003));
#6222=CARTESIAN_POINT('',(0.000875516044160967,-0.0243432054377722,0.01184775));
#6223=CARTESIAN_POINT('',(0.000875516044160967,-0.0243432054377722,0.00600000000000002));
#6224=CARTESIAN_POINT('',(0.00105707837828728,-0.0245965981894282,0.01184775));
#6225=CARTESIAN_POINT('',(0.00105707837828728,-0.0245965981894282,0.00600000000000002));
#6226=CARTESIAN_POINT('',(0.00115958431910942,-0.0247232656847579,0.01184775));
#6227=CARTESIAN_POINT('',(0.00115958431910942,-0.0247232656847579,0.00600000000000002));
#6228=CARTESIAN_POINT('',(0.000491600803872611,-0.0229827164234008,0.006));
#6229=CARTESIAN_POINT('',(0.000508695788245885,-0.0232280422948514,0.006));
#6230=CARTESIAN_POINT('',(0.00052738436236531,-0.0234962373766313,0.006));
#6231=CARTESIAN_POINT('',(0.000528477725041431,-0.0235044502445914,0.006));
#6232=CARTESIAN_POINT('',(0.000529462258515689,-0.023512968943599,0.006));
#6233=CARTESIAN_POINT('',(0.000530904374526343,-0.0235230152430248,0.006));
#6234=CARTESIAN_POINT('',(0.000533073341579161,-0.0235364926996044,0.006));
#6235=CARTESIAN_POINT('',(0.00053603594895814,-0.0235527253315766,0.006));
#6236=CARTESIAN_POINT('',(0.000539925544621862,-0.0235718919830353,0.006));
#6237=CARTESIAN_POINT('',(0.000544853410748459,-0.0235938968810046,0.006));
#6238=CARTESIAN_POINT('',(0.000550936450086486,-0.0236187241494522,0.006));
#6239=CARTESIAN_POINT('',(0.000558288597385562,-0.0236463294552575,0.006));
#6240=CARTESIAN_POINT('',(0.000567023267055473,-0.0236766724532458,0.006));
#6241=CARTESIAN_POINT('',(0.000577252509724235,-0.0237097072291165,0.006));
#6242=CARTESIAN_POINT('',(0.000589087139698326,-0.0237453851214026,0.006));
#6243=CARTESIAN_POINT('',(0.000602636580985373,-0.0237836539437646,0.006));
#6244=CARTESIAN_POINT('',(0.000618008795900656,-0.0238244582519524,0.006));
#6245=CARTESIAN_POINT('',(0.000635310191225404,-0.0238677393148561,0.006));
#6246=CARTESIAN_POINT('',(0.000654645532045356,-0.0239134351733196,0.006));
#6247=CARTESIAN_POINT('',(0.00067611785468342,-0.0239614806771373,0.006));
#6248=CARTESIAN_POINT('',(0.000699828381387317,-0.0240118075311652,0.006));
#6249=CARTESIAN_POINT('',(0.000725876435411216,-0.0240643443417197,0.006));
#6250=CARTESIAN_POINT('',(0.000754359359531963,-0.0241190166656479,0.006));
#6251=CARTESIAN_POINT('',(0.000785372427144515,-0.0241757470614605,0.006));
#6252=CARTESIAN_POINT('',(0.00081900878798253,-0.0242344551421907,0.006));
#6253=CARTESIAN_POINT('',(0.000855359286335428,-0.0242950576317962,0.006));
#6254=CARTESIAN_POINT('',(0.000894512777325307,-0.0243574684177193,0.006));
#6255=CARTESIAN_POINT('',(0.000936554531980197,-0.0244215986279419,0.006));
#6256=CARTESIAN_POINT('',(0.000981571999332903,-0.0244873566233372,0.006));
#6257=CARTESIAN_POINT('',(0.00102963231449488,-0.0245546483247276,0.006));
#6258=CARTESIAN_POINT('',(0.00108086823225938,-0.0246233762647292,0.006));
#6259=CARTESIAN_POINT('',(0.00112454565100882,-0.024679757008615,0.006));
#6260=CARTESIAN_POINT('',(0.00115143518783366,-0.024713195731353,0.006));
#6261=CARTESIAN_POINT('',(0.00115958431910942,-0.0247232656847579,0.006));
#6262=CARTESIAN_POINT('',(0.000515567586941513,-0.0233259345041224,0.006));
#6263=CARTESIAN_POINT('',(0.000491600803872611,-0.0229827164234008,0.01184775));
#6264=CARTESIAN_POINT('',(0.000508695788245885,-0.0232280422948514,0.01184775));
#6265=CARTESIAN_POINT('',(0.00052738436236531,-0.0234962373766313,0.01184775));
#6266=CARTESIAN_POINT('',(0.000528477725041431,-0.0235044502445914,0.01184775));
#6267=CARTESIAN_POINT('',(0.000529462258515689,-0.023512968943599,0.01184775));
#6268=CARTESIAN_POINT('',(0.000530904374526343,-0.0235230152430248,0.01184775));
#6269=CARTESIAN_POINT('',(0.000533073341579161,-0.0235364926996044,0.01184775));
#6270=CARTESIAN_POINT('',(0.00053603594895814,-0.0235527253315766,0.01184775));
#6271=CARTESIAN_POINT('',(0.000539925544621862,-0.0235718919830353,0.01184775));
#6272=CARTESIAN_POINT('',(0.000544853410748459,-0.0235938968810046,0.01184775));
#6273=CARTESIAN_POINT('',(0.000550936450086486,-0.0236187241494522,0.01184775));
#6274=CARTESIAN_POINT('',(0.000558288597385562,-0.0236463294552575,0.01184775));
#6275=CARTESIAN_POINT('',(0.000567023267055473,-0.0236766724532458,0.01184775));
#6276=CARTESIAN_POINT('',(0.000577252509724235,-0.0237097072291165,0.01184775));
#6277=CARTESIAN_POINT('',(0.000589087139698326,-0.0237453851214026,0.01184775));
#6278=CARTESIAN_POINT('',(0.000602636580985373,-0.0237836539437646,0.01184775));
#6279=CARTESIAN_POINT('',(0.000618008795900656,-0.0238244582519524,0.01184775));
#6280=CARTESIAN_POINT('',(0.000635310191225404,-0.0238677393148561,0.01184775));
#6281=CARTESIAN_POINT('',(0.000654645532045356,-0.0239134351733196,0.01184775));
#6282=CARTESIAN_POINT('',(0.00067611785468342,-0.0239614806771373,0.01184775));
#6283=CARTESIAN_POINT('',(0.000699828381387317,-0.0240118075311652,0.01184775));
#6284=CARTESIAN_POINT('',(0.000725876435411216,-0.0240643443417197,0.01184775));
#6285=CARTESIAN_POINT('',(0.000754359359531963,-0.0241190166656479,0.01184775));
#6286=CARTESIAN_POINT('',(0.000785372427144515,-0.0241757470614605,0.01184775));
#6287=CARTESIAN_POINT('',(0.00081900878798253,-0.0242344551421907,0.01184775));
#6288=CARTESIAN_POINT('',(0.000855359286335428,-0.0242950576317962,0.01184775));
#6289=CARTESIAN_POINT('',(0.000894512777325307,-0.0243574684177193,0.01184775));
#6290=CARTESIAN_POINT('',(0.000936554531980197,-0.0244215986279419,0.01184775));
#6291=CARTESIAN_POINT('',(0.000981571999332903,-0.0244873566233372,0.01184775));
#6292=CARTESIAN_POINT('',(0.00102963231449488,-0.0245546483247276,0.01184775));
#6293=CARTESIAN_POINT('',(0.00108086823225938,-0.0246233762647292,0.01184775));
#6294=CARTESIAN_POINT('',(0.00112454565100882,-0.024679757008615,0.01184775));
#6295=CARTESIAN_POINT('',(0.00115143518783366,-0.024713195731353,0.01184775));
#6296=CARTESIAN_POINT('',(0.00115958431910942,-0.0247232656847579,0.01184775));
#6297=CARTESIAN_POINT('',(0.000515567586941513,-0.0233259345041224,0.01184775));
#6298=CARTESIAN_POINT('',(0.000515567586941513,-0.0233259345041224,0.006));
#6299=CARTESIAN_POINT('',(0.00016398529206969,-0.0233506188121044,0.008923875));
#6300=CARTESIAN_POINT('',(0.00016398529206969,-0.0233506188121044,0.01184775));
#6301=CARTESIAN_POINT('',(0.00015612447467886,-0.0229982587225971,0.01184775));
#6302=CARTESIAN_POINT('',(0.00015612447467886,-0.0229982587225971,0.01184775));
#6303=CARTESIAN_POINT('',(0.000156124474678853,-0.0229982587225968,0.006));
#6304=CARTESIAN_POINT('',(0.00016398529206969,-0.0233506188121044,0.006));
#6305=CARTESIAN_POINT('',(0.,-0.016,0.01184775));
#6306=CARTESIAN_POINT('',(0.,-0.016,0.006));
#6307=CARTESIAN_POINT('',(-0.00015612447467886,-0.0229982587225971,0.006));
#6308=CARTESIAN_POINT('',(0.,-0.016,0.01184775));
#6309=CARTESIAN_POINT('',(-0.00015612447467886,-0.0229982587225971,0.01184775));
#6310=CARTESIAN_POINT('',(-0.00015612447467886,-0.0229982587225971,0.01184775));
#6311=CARTESIAN_POINT('',(-0.000163985292069693,-0.0233506188121046,0.008923875));
#6312=CARTESIAN_POINT('',(-0.000163985292069693,-0.0233506188121046,0.01184775));
#6313=CARTESIAN_POINT('',(-0.000515567586941525,-0.0233259345041226,0.01184775));
#6314=CARTESIAN_POINT('',(-0.000515567586941525,-0.0233259345041226,0.01184775));
#6315=CARTESIAN_POINT('',(-0.000515567586941525,-0.0233259345041226,0.006));
#6316=CARTESIAN_POINT('',(-0.000163985292069693,-0.0233506188121046,0.006));
#6317=CARTESIAN_POINT('',(-0.000515567580207591,-0.0233259344082102,0.01184775));
#6318=CARTESIAN_POINT('',(-0.000515567580207591,-0.0233259344082102,0.00600000000000002));
#6319=CARTESIAN_POINT('',(-0.000519299831060421,-0.0233790934163268,0.01184775));
#6320=CARTESIAN_POINT('',(-0.000519299831060421,-0.0233790934163268,0.00600000000000002));
#6321=CARTESIAN_POINT('',(-0.000525932381934752,-0.0234724834104385,0.01184775));
#6322=CARTESIAN_POINT('',(-0.000525932381934752,-0.0234724834104385,0.00600000000000001));
#6323=CARTESIAN_POINT('',(-0.000529184755224651,-0.0235171422066407,0.01184775));
#6324=CARTESIAN_POINT('',(-0.000529184755224651,-0.0235171422066407,0.00600000000000002));
#6325=CARTESIAN_POINT('',(-0.000535410964597376,-0.0235508317379141,0.01184775));
#6326=CARTESIAN_POINT('',(-0.000535410964597376,-0.0235508317379141,0.00600000000000001));
#6327=CARTESIAN_POINT('',(-0.0005616892083775,-0.0236681021549088,0.01184775));
#6328=CARTESIAN_POINT('',(-0.0005616892083775,-0.0236681021549088,0.00600000000000002));
#6329=CARTESIAN_POINT('',(-0.000612842871384748,-0.0238161314413164,0.01184775));
#6330=CARTESIAN_POINT('',(-0.000612842871384748,-0.0238161314413164,0.00600000000000002));
#6331=CARTESIAN_POINT('',(-0.000708177210566555,-0.0240400949958723,0.01184775));
#6332=CARTESIAN_POINT('',(-0.000708177210566555,-0.0240400949958723,0.00600000000000002));
#6333=CARTESIAN_POINT('',(-0.000875516044160961,-0.0243432054377722,0.01184775));
#6334=CARTESIAN_POINT('',(-0.000875516044160961,-0.0243432054377722,0.00600000000000002));
#6335=CARTESIAN_POINT('',(-0.00105707837828732,-0.0245965981894282,0.01184775));
#6336=CARTESIAN_POINT('',(-0.00105707837828732,-0.0245965981894282,0.00600000000000002));
#6337=CARTESIAN_POINT('',(-0.00115958431910942,-0.024723265684758,0.01184775));
#6338=CARTESIAN_POINT('',(-0.00115958431910942,-0.024723265684758,0.00600000000000002));
#6339=CARTESIAN_POINT('',(-0.000491600803872613,-0.0229827164234008,0.01184775));
#6340=CARTESIAN_POINT('',(-0.000508695788245889,-0.0232280422948514,0.01184775));
#6341=CARTESIAN_POINT('',(-0.00052738436236531,-0.0234962373766313,0.01184775));
#6342=CARTESIAN_POINT('',(-0.000528477725041433,-0.0235044502445914,0.01184775));
#6343=CARTESIAN_POINT('',(-0.000529462258515693,-0.023512968943599,0.01184775));
#6344=CARTESIAN_POINT('',(-0.000530904374526346,-0.0235230152430248,0.01184775));
#6345=CARTESIAN_POINT('',(-0.000533073341579163,-0.0235364926996044,0.01184775));
#6346=CARTESIAN_POINT('',(-0.000536035948958142,-0.0235527253315766,0.01184775));
#6347=CARTESIAN_POINT('',(-0.000539925544621862,-0.0235718919830353,0.01184775));
#6348=CARTESIAN_POINT('',(-0.000544853410748461,-0.0235938968810046,0.01184775));
#6349=CARTESIAN_POINT('',(-0.000550936450086487,-0.0236187241494522,0.01184775));
#6350=CARTESIAN_POINT('',(-0.000558288597385562,-0.0236463294552575,0.01184775));
#6351=CARTESIAN_POINT('',(-0.000567023267055475,-0.0236766724532458,0.01184775));
#6352=CARTESIAN_POINT('',(-0.000577252509724235,-0.0237097072291165,0.01184775));
#6353=CARTESIAN_POINT('',(-0.000589087139698328,-0.0237453851214026,0.01184775));
#6354=CARTESIAN_POINT('',(-0.000602636580985375,-0.0237836539437646,0.01184775));
#6355=CARTESIAN_POINT('',(-0.000618008795900658,-0.0238244582519524,0.01184775));
#6356=CARTESIAN_POINT('',(-0.000635310191225407,-0.0238677393148561,0.01184775));
#6357=CARTESIAN_POINT('',(-0.000654645532045358,-0.0239134351733196,0.01184775));
#6358=CARTESIAN_POINT('',(-0.000676117854683422,-0.0239614806771373,0.01184775));
#6359=CARTESIAN_POINT('',(-0.000699828381387317,-0.0240118075311652,0.01184775));
#6360=CARTESIAN_POINT('',(-0.000725876435411218,-0.0240643443417197,0.01184775));
#6361=CARTESIAN_POINT('',(-0.000754359359531966,-0.0241190166656479,0.01184775));
#6362=CARTESIAN_POINT('',(-0.000785372427144517,-0.0241757470614605,0.01184775));
#6363=CARTESIAN_POINT('',(-0.000819008787982533,-0.0242344551421907,0.01184775));
#6364=CARTESIAN_POINT('',(-0.000855359286335428,-0.0242950576317962,0.01184775));
#6365=CARTESIAN_POINT('',(-0.000894512777325308,-0.0243574684177193,0.01184775));
#6366=CARTESIAN_POINT('',(-0.000936554531980199,-0.0244215986279419,0.01184775));
#6367=CARTESIAN_POINT('',(-0.000981571999332905,-0.0244873566233372,0.01184775));
#6368=CARTESIAN_POINT('',(-0.00102963231449488,-0.0245546483247276,0.01184775));
#6369=CARTESIAN_POINT('',(-0.00108086823225938,-0.0246233762647292,0.01184775));
#6370=CARTESIAN_POINT('',(-0.00112454565100883,-0.024679757008615,0.01184775));
#6371=CARTESIAN_POINT('',(-0.00115143518783366,-0.024713195731353,0.01184775));
#6372=CARTESIAN_POINT('',(-0.00115958431910942,-0.0247232656847579,0.01184775));
#6373=CARTESIAN_POINT('',(-0.00115958431910942,-0.0247232656847579,0.01184775));
#6374=CARTESIAN_POINT('',(-0.00115958431910942,-0.0247232656847579,0.01184775));
#6375=CARTESIAN_POINT('',(-0.00115958431910942,-0.0247232656847579,0.006));
#6376=CARTESIAN_POINT('',(-0.000491600803872613,-0.0229827164234008,0.006));
#6377=CARTESIAN_POINT('',(-0.000508695788245889,-0.0232280422948514,0.006));
#6378=CARTESIAN_POINT('',(-0.00052738436236531,-0.0234962373766313,0.006));
#6379=CARTESIAN_POINT('',(-0.000528477725041433,-0.0235044502445914,0.006));
#6380=CARTESIAN_POINT('',(-0.000529462258515693,-0.023512968943599,0.006));
#6381=CARTESIAN_POINT('',(-0.000530904374526346,-0.0235230152430248,0.006));
#6382=CARTESIAN_POINT('',(-0.000533073341579163,-0.0235364926996044,0.006));
#6383=CARTESIAN_POINT('',(-0.000536035948958142,-0.0235527253315766,0.006));
#6384=CARTESIAN_POINT('',(-0.000539925544621862,-0.0235718919830353,0.006));
#6385=CARTESIAN_POINT('',(-0.000544853410748461,-0.0235938968810046,0.006));
#6386=CARTESIAN_POINT('',(-0.000550936450086487,-0.0236187241494522,0.006));
#6387=CARTESIAN_POINT('',(-0.000558288597385562,-0.0236463294552575,0.006));
#6388=CARTESIAN_POINT('',(-0.000567023267055475,-0.0236766724532458,0.006));
#6389=CARTESIAN_POINT('',(-0.000577252509724235,-0.0237097072291165,0.006));
#6390=CARTESIAN_POINT('',(-0.000589087139698328,-0.0237453851214026,0.006));
#6391=CARTESIAN_POINT('',(-0.000602636580985375,-0.0237836539437646,0.006));
#6392=CARTESIAN_POINT('',(-0.000618008795900658,-0.0238244582519524,0.006));
#6393=CARTESIAN_POINT('',(-0.000635310191225407,-0.0238677393148561,0.006));
#6394=CARTESIAN_POINT('',(-0.000654645532045358,-0.0239134351733196,0.006));
#6395=CARTESIAN_POINT('',(-0.000676117854683422,-0.0239614806771373,0.006));
#6396=CARTESIAN_POINT('',(-0.000699828381387317,-0.0240118075311652,0.006));
#6397=CARTESIAN_POINT('',(-0.000725876435411218,-0.0240643443417197,0.006));
#6398=CARTESIAN_POINT('',(-0.000754359359531966,-0.0241190166656479,0.006));
#6399=CARTESIAN_POINT('',(-0.000785372427144517,-0.0241757470614605,0.006));
#6400=CARTESIAN_POINT('',(-0.000819008787982533,-0.0242344551421907,0.006));
#6401=CARTESIAN_POINT('',(-0.000855359286335428,-0.0242950576317962,0.006));
#6402=CARTESIAN_POINT('',(-0.000894512777325308,-0.0243574684177193,0.006));
#6403=CARTESIAN_POINT('',(-0.000936554531980199,-0.0244215986279419,0.006));
#6404=CARTESIAN_POINT('',(-0.000981571999332905,-0.0244873566233372,0.006));
#6405=CARTESIAN_POINT('',(-0.00102963231449488,-0.0245546483247276,0.006));
#6406=CARTESIAN_POINT('',(-0.00108086823225938,-0.0246233762647292,0.006));
#6407=CARTESIAN_POINT('',(-0.00112454565100883,-0.024679757008615,0.006));
#6408=CARTESIAN_POINT('',(-0.00115143518783366,-0.024713195731353,0.006));
#6409=CARTESIAN_POINT('',(-0.00115958431910942,-0.0247232656847579,0.006));
#6410=CARTESIAN_POINT('',(0.,-0.016,0.01184775));
#6411=CARTESIAN_POINT('',(0.,-0.016,0.01184775));
#6412=CARTESIAN_POINT('',(-0.00159280712015532,-0.0246546499338784,0.01184775));
#6413=CARTESIAN_POINT('',(-0.00159280712015532,-0.0246546499338784,0.01184775));
#6414=CARTESIAN_POINT('',(-0.00159280712015532,-0.0246546499338784,0.006));
#6415=CARTESIAN_POINT('',(0.,-0.016,0.006));
#6416=CARTESIAN_POINT('',(-0.00177350432506612,-0.0231266968009119,0.01184775));
#6417=CARTESIAN_POINT('',(-0.00177350432506612,-0.0231266968009119,0.006));
#6418=CARTESIAN_POINT('',(-0.00178638178048425,-0.0231784073509218,0.01184775));
#6419=CARTESIAN_POINT('',(-0.00178638178048425,-0.0231784073509218,0.006));
#6420=CARTESIAN_POINT('',(-0.00180893294504065,-0.0232692760843148,0.01184775));
#6421=CARTESIAN_POINT('',(-0.00180893294504065,-0.0232692760843148,0.006));
#6422=CARTESIAN_POINT('',(-0.00181964008120471,-0.0233127541620715,0.01184775));
#6423=CARTESIAN_POINT('',(-0.00181964008120471,-0.0233127541620715,0.00600000000000001));
#6424=CARTESIAN_POINT('',(-0.00182412924190495,-0.0233467188148267,0.01184775));
#6425=CARTESIAN_POINT('',(-0.00182412924190495,-0.0233467188148267,0.00599999999999999));
#6426=CARTESIAN_POINT('',(-0.00183537569870987,-0.0234663700329885,0.01184775));
#6427=CARTESIAN_POINT('',(-0.00183537569870987,-0.0234663700329885,0.006));
#6428=CARTESIAN_POINT('',(-0.00183246923933963,-0.0236229616016228,0.01184775));
#6429=CARTESIAN_POINT('',(-0.00183246923933963,-0.0236229616016228,0.006));
#6430=CARTESIAN_POINT('',(-0.00181100943931246,-0.0238654235305504,0.01184775));
#6431=CARTESIAN_POINT('',(-0.00181100943931246,-0.0238654235305504,0.006));
#6432=CARTESIAN_POINT('',(-0.00174552702891282,-0.0242054092348759,0.01184775));
#6433=CARTESIAN_POINT('',(-0.00174552702891282,-0.0242054092348759,0.006));
#6434=CARTESIAN_POINT('',(-0.00165115365444137,-0.0245025059093041,0.01184775));
#6435=CARTESIAN_POINT('',(-0.00165115365444137,-0.0245025059093041,0.006));
#6436=CARTESIAN_POINT('',(-0.00159280712015532,-0.0246546499338785,0.01184775));
#6437=CARTESIAN_POINT('',(-0.00159280712015532,-0.0246546499338785,0.006));
#6438=CARTESIAN_POINT('',(-0.00169023789379292,-0.0227928709587616,0.006));
#6439=CARTESIAN_POINT('',(-0.00174978946094683,-0.0230314723681104,0.006));
#6440=CARTESIAN_POINT('',(-0.00181489240882804,-0.0232923161352789,0.006));
#6441=CARTESIAN_POINT('',(-0.0018163904749025,-0.0233004649045179,0.006));
#6442=CARTESIAN_POINT('',(-0.00181808655068956,-0.0233088709062944,0.006));
#6443=CARTESIAN_POINT('',(-0.00181981949411353,-0.0233188711431831,0.006));
#6444=CARTESIAN_POINT('',(-0.0018219214469884,-0.0233323592137658,0.006));
#6445=CARTESIAN_POINT('',(-0.00182411999907822,-0.0233487128602074,0.006));
#6446=CARTESIAN_POINT('',(-0.0018263435948025,-0.0233681433801341,0.006));
#6447=CARTESIAN_POINT('',(-0.00182845680304335,-0.0233905940761173,0.006));
#6448=CARTESIAN_POINT('',(-0.00183034353671626,-0.0234160859740891,0.006));
#6449=CARTESIAN_POINT('',(-0.00183188173774748,-0.0234446121185201,0.006));
#6450=CARTESIAN_POINT('',(-0.00183295107527891,-0.0234761691858491,0.006));
#6451=CARTESIAN_POINT('',(-0.00183343079453144,-0.0235107481345295,0.006));
#6452=CARTESIAN_POINT('',(-0.0018332004676165,-0.02354833692826,0.006));
#6453=CARTESIAN_POINT('',(-0.00183213989965286,-0.0235889197487602,0.006));
#6454=CARTESIAN_POINT('',(-0.00183012927916155,-0.0236324772276053,0.006));
#6455=CARTESIAN_POINT('',(-0.0018270492583688,-0.0236789863896937,0.006));
#6456=CARTESIAN_POINT('',(-0.00182278105332497,-0.0237284206825586,0.006));
#6457=CARTESIAN_POINT('',(-0.00181720653814302,-0.0237807499846469,0.006));
#6458=CARTESIAN_POINT('',(-0.00181020834038454,-0.0238359406228119,0.006));
#6459=CARTESIAN_POINT('',(-0.00180166993615993,-0.0238939553901989,0.006));
#6460=CARTESIAN_POINT('',(-0.0017914757427875,-0.0239547535677345,0.006));
#6461=CARTESIAN_POINT('',(-0.00177951121914801,-0.0240182909452842,0.006));
#6462=CARTESIAN_POINT('',(-0.00176566293364131,-0.0240845198551496,0.006));
#6463=CARTESIAN_POINT('',(-0.00174981875450176,-0.0241533891695377,0.006));
#6464=CARTESIAN_POINT('',(-0.00173186756524265,-0.024224844448282,0.006));
#6465=CARTESIAN_POINT('',(-0.00171170080533325,-0.0242988275192672,0.006));
#6466=CARTESIAN_POINT('',(-0.00168920698775352,-0.0243752782517421,0.006));
#6467=CARTESIAN_POINT('',(-0.0016642931911536,-0.0244541279169822,0.006));
#6468=CARTESIAN_POINT('',(-0.00163680303914416,-0.0245353248414838,0.006));
#6469=CARTESIAN_POINT('',(-0.00161268595344379,-0.0246024431800141,0.006));
#6470=CARTESIAN_POINT('',(-0.00159744561782257,-0.0246425546190203,0.006));
#6471=CARTESIAN_POINT('',(-0.00159280712015532,-0.0246546499338784,0.006));
#6472=CARTESIAN_POINT('',(-0.00177350434830035,-0.023126696894211,0.006));
#6473=CARTESIAN_POINT('',(-0.00169023789379292,-0.0227928709587616,0.01184775));
#6474=CARTESIAN_POINT('',(-0.00174978946094683,-0.0230314723681104,0.01184775));
#6475=CARTESIAN_POINT('',(-0.00181489240882804,-0.0232923161352789,0.01184775));
#6476=CARTESIAN_POINT('',(-0.0018163904749025,-0.0233004649045179,0.01184775));
#6477=CARTESIAN_POINT('',(-0.00181808655068956,-0.0233088709062944,0.01184775));
#6478=CARTESIAN_POINT('',(-0.00181981949411353,-0.0233188711431831,0.01184775));
#6479=CARTESIAN_POINT('',(-0.0018219214469884,-0.0233323592137658,0.01184775));
#6480=CARTESIAN_POINT('',(-0.00182411999907822,-0.0233487128602074,0.01184775));
#6481=CARTESIAN_POINT('',(-0.0018263435948025,-0.0233681433801341,0.01184775));
#6482=CARTESIAN_POINT('',(-0.00182845680304335,-0.0233905940761173,0.01184775));
#6483=CARTESIAN_POINT('',(-0.00183034353671626,-0.0234160859740891,0.01184775));
#6484=CARTESIAN_POINT('',(-0.00183188173774748,-0.0234446121185201,0.01184775));
#6485=CARTESIAN_POINT('',(-0.00183295107527891,-0.0234761691858491,0.01184775));
#6486=CARTESIAN_POINT('',(-0.00183343079453144,-0.0235107481345295,0.01184775));
#6487=CARTESIAN_POINT('',(-0.0018332004676165,-0.02354833692826,0.01184775));
#6488=CARTESIAN_POINT('',(-0.00183213989965286,-0.0235889197487602,0.01184775));
#6489=CARTESIAN_POINT('',(-0.00183012927916155,-0.0236324772276053,0.01184775));
#6490=CARTESIAN_POINT('',(-0.0018270492583688,-0.0236789863896937,0.01184775));
#6491=CARTESIAN_POINT('',(-0.00182278105332497,-0.0237284206825586,0.01184775));
#6492=CARTESIAN_POINT('',(-0.00181720653814302,-0.0237807499846469,0.01184775));
#6493=CARTESIAN_POINT('',(-0.00181020834038454,-0.0238359406228119,0.01184775));
#6494=CARTESIAN_POINT('',(-0.00180166993615993,-0.0238939553901989,0.01184775));
#6495=CARTESIAN_POINT('',(-0.0017914757427875,-0.0239547535677345,0.01184775));
#6496=CARTESIAN_POINT('',(-0.00177951121914801,-0.0240182909452842,0.01184775));
#6497=CARTESIAN_POINT('',(-0.00176566293364131,-0.0240845198551496,0.01184775));
#6498=CARTESIAN_POINT('',(-0.00174981875450176,-0.0241533891695377,0.01184775));
#6499=CARTESIAN_POINT('',(-0.00173186756524265,-0.024224844448282,0.01184775));
#6500=CARTESIAN_POINT('',(-0.00171170080533325,-0.0242988275192672,0.01184775));
#6501=CARTESIAN_POINT('',(-0.00168920698775352,-0.0243752782517421,0.01184775));
#6502=CARTESIAN_POINT('',(-0.0016642931911536,-0.0244541279169822,0.01184775));
#6503=CARTESIAN_POINT('',(-0.00163680303914416,-0.0245353248414838,0.01184775));
#6504=CARTESIAN_POINT('',(-0.00161268595344379,-0.0246024431800141,0.01184775));
#6505=CARTESIAN_POINT('',(-0.00159744561782257,-0.0246425546190203,0.01184775));
#6506=CARTESIAN_POINT('',(-0.00159280712015532,-0.0246546499338784,0.01184775));
#6507=CARTESIAN_POINT('',(-0.00177350434830035,-0.023126696894211,0.01184775));
#6508=CARTESIAN_POINT('',(-0.00177350434830035,-0.023126696894211,0.006));
#6509=CARTESIAN_POINT('',(-0.00211550685151302,-0.0230415281621307,0.008923875));
#6510=CARTESIAN_POINT('',(-0.00211550685151302,-0.0230415281621307,0.01184775));
#6511=CARTESIAN_POINT('',(-0.00201409767731873,-0.022703984676759,0.01184775));
#6512=CARTESIAN_POINT('',(-0.00201409767731873,-0.022703984676759,0.01184775));
#6513=CARTESIAN_POINT('',(-0.00201409767731864,-0.0227039846767587,0.006));
#6514=CARTESIAN_POINT('',(-0.00211550685151302,-0.0230415281621307,0.006));
#6515=CARTESIAN_POINT('',(1.56125112837912E-17,-0.016,0.01184775));
#6516=CARTESIAN_POINT('',(1.56125112837912E-17,-0.016,0.006));
#6517=CARTESIAN_POINT('',(-0.0023110640753117,-0.0226074944449317,0.006));
#6518=CARTESIAN_POINT('',(1.56125112837912E-17,-0.016,0.01184775));
#6519=CARTESIAN_POINT('',(-0.0023110640753117,-0.0226074944449317,0.01184775));
#6520=CARTESIAN_POINT('',(-0.0023110640753117,-0.0226074944449317,0.01184775));
#6521=CARTESIAN_POINT('',(-0.00242742541271195,-0.0229401796779767,0.008923875));
#6522=CARTESIAN_POINT('',(-0.00242742541271195,-0.0229401796779767,0.01184775));
#6523=CARTESIAN_POINT('',(-0.00275417217460299,-0.0228080586019835,0.01184775));
#6524=CARTESIAN_POINT('',(-0.00275417217460299,-0.0228080586019835,0.01184775));
#6525=CARTESIAN_POINT('',(-0.00275417217460299,-0.0228080586019835,0.006));
#6526=CARTESIAN_POINT('',(-0.00242742541271195,-0.0229401796779767,0.006));
#6527=CARTESIAN_POINT('',(-0.00275417213856007,-0.0228080585128462,0.01184775));
#6528=CARTESIAN_POINT('',(-0.00275417213856007,-0.0228080585128462,0.006));
#6529=CARTESIAN_POINT('',(-0.00277414875696626,-0.0228574624049746,0.01184775));
#6530=CARTESIAN_POINT('',(-0.00277414875696626,-0.0228574624049746,0.006));
#6531=CARTESIAN_POINT('',(-0.00280931578298003,-0.022944231996495,0.01184775));
#6532=CARTESIAN_POINT('',(-0.00280931578298003,-0.022944231996495,0.006));
#6533=CARTESIAN_POINT('',(-0.00282620930076563,-0.0229856999970144,0.01184775));
#6534=CARTESIAN_POINT('',(-0.00282620930076563,-0.0229856999970144,0.00600000000000001));
#6535=CARTESIAN_POINT('',(-0.00284254141545738,-0.0230158166407562,0.01184775));
#6536=CARTESIAN_POINT('',(-0.00284254141545738,-0.0230158166407562,0.00600000000000001));
#6537=CARTESIAN_POINT('',(-0.00290377206223005,-0.0231192270110972,0.01184775));
#6538=CARTESIAN_POINT('',(-0.00290377206223005,-0.0231192270110972,0.006));
#6539=CARTESIAN_POINT('',(-0.00299816565193062,-0.023244203877344,0.01184775));
#6540=CARTESIAN_POINT('',(-0.00299816565193062,-0.023244203877344,0.006));
#6541=CARTESIAN_POINT('',(-0.00315804254091455,-0.0234277459443622,0.01184775));
#6542=CARTESIAN_POINT('',(-0.00315804254091455,-0.0234277459443622,0.00600000000000001));
#6543=CARTESIAN_POINT('',(-0.00341085750675335,-0.023664310561889,0.01184775));
#6544=CARTESIAN_POINT('',(-0.00341085750675335,-0.023664310561889,0.006));
#6545=CARTESIAN_POINT('',(-0.00366183621425101,-0.0238491955427492,0.01184775));
#6546=CARTESIAN_POINT('',(-0.00366183621425101,-0.0238491955427492,0.006));
#6547=CARTESIAN_POINT('',(-0.00379846756592072,-0.0239379874118475,0.01184775));
#6548=CARTESIAN_POINT('',(-0.00379846756592072,-0.0239379874118475,0.006));
#6549=CARTESIAN_POINT('',(-0.0026253181896709,-0.0224890449530716,0.01184775));
#6550=CARTESIAN_POINT('',(-0.00271738634939313,-0.0227170810810404,0.01184775));
#6551=CARTESIAN_POINT('',(-0.00281803707766742,-0.022966374674202,0.01184775));
#6552=CARTESIAN_POINT('',(-0.00282161484313749,-0.0229738477081451,0.01184775));
#6553=CARTESIAN_POINT('',(-0.00282518361287697,-0.0229816452347714,0.01184775));
#6554=CARTESIAN_POINT('',(-0.0028296596239593,-0.0229907541949498,0.01184775));
#6555=CARTESIAN_POINT('',(-0.00283588719733259,-0.0230029017701735,0.01184775));
#6556=CARTESIAN_POINT('',(-0.00284372096352842,-0.0230174244245594,0.01184775));
#6557=CARTESIAN_POINT('',(-0.00285334300985615,-0.0230344510421635,0.01184775));
#6558=CARTESIAN_POINT('',(-0.00286482957647928,-0.0230538561493883,0.01184775));
#6559=CARTESIAN_POINT('',(-0.00287828693855481,-0.0230755885222944,0.01184775));
#6560=CARTESIAN_POINT('',(-0.00289380975478112,-0.0230995707898044,0.01184775));
#6561=CARTESIAN_POINT('',(-0.00291149342132706,-0.0231257295343968,0.01184775));
#6562=CARTESIAN_POINT('',(-0.00293143031637338,-0.0231539864634288,0.01184775));
#6563=CARTESIAN_POINT('',(-0.00295371079336803,-0.023184261053591,0.01184775));
#6564=CARTESIAN_POINT('',(-0.00297842279426081,-0.0232164698588473,0.01184775));
#6565=CARTESIAN_POINT('',(-0.00300565186409963,-0.0232505267863923,0.01184775));
#6566=CARTESIAN_POINT('',(-0.00303548105283609,-0.0232863430981173,0.01184775));
#6567=CARTESIAN_POINT('',(-0.00306799085155547,-0.0233238274931712,0.01184775));
#6568=CARTESIAN_POINT('',(-0.00310325912110336,-0.0233628861700519,0.01184775));
#6569=CARTESIAN_POINT('',(-0.00314136102519794,-0.0234034228968227,0.01184775));
#6570=CARTESIAN_POINT('',(-0.00318236896400579,-0.0234453390814821,0.01184775));
#6571=CARTESIAN_POINT('',(-0.00322635251180974,-0.0234885338438122,0.01184775));
#6572=CARTESIAN_POINT('',(-0.00327337834825667,-0.0235329040914818,0.01184775));
#6573=CARTESIAN_POINT('',(-0.00332351022306888,-0.0235783445870916,0.01184775));
#6574=CARTESIAN_POINT('',(-0.00337680880058751,-0.0236247480579896,0.01184775));
#6575=CARTESIAN_POINT('',(-0.00343333197681168,-0.0236720051485239,0.01184775));
#6576=CARTESIAN_POINT('',(-0.0034931333863443,-0.0237200049861857,0.01184775));
#6577=CARTESIAN_POINT('',(-0.00355626788011036,-0.0237686333937492,0.01184775));
#6578=CARTESIAN_POINT('',(-0.00362277023533043,-0.0238177801507091,0.01184775));
#6579=CARTESIAN_POINT('',(-0.00369273659023757,-0.0238673115365874,0.01184775));
#6580=CARTESIAN_POINT('',(-0.00375169889197043,-0.0239074357457897,0.01184775));
#6581=CARTESIAN_POINT('',(-0.00378760549478405,-0.0239309285370964,0.01184775));
#6582=CARTESIAN_POINT('',(-0.00379846756592072,-0.0239379874118474,0.01184775));
#6583=CARTESIAN_POINT('',(-0.00379846756592072,-0.0239379874118474,0.01184775));
#6584=CARTESIAN_POINT('',(-0.00379846756592072,-0.0239379874118474,0.01184775));
#6585=CARTESIAN_POINT('',(-0.00379846756592072,-0.0239379874118474,0.006));
#6586=CARTESIAN_POINT('',(-0.0026253181896709,-0.0224890449530716,0.006));
#6587=CARTESIAN_POINT('',(-0.00271738634939313,-0.0227170810810404,0.006));
#6588=CARTESIAN_POINT('',(-0.00281803707766742,-0.022966374674202,0.006));
#6589=CARTESIAN_POINT('',(-0.00282161484313749,-0.0229738477081451,0.006));
#6590=CARTESIAN_POINT('',(-0.00282518361287697,-0.0229816452347714,0.006));
#6591=CARTESIAN_POINT('',(-0.0028296596239593,-0.0229907541949498,0.006));
#6592=CARTESIAN_POINT('',(-0.00283588719733259,-0.0230029017701735,0.006));
#6593=CARTESIAN_POINT('',(-0.00284372096352842,-0.0230174244245594,0.006));
#6594=CARTESIAN_POINT('',(-0.00285334300985615,-0.0230344510421635,0.006));
#6595=CARTESIAN_POINT('',(-0.00286482957647928,-0.0230538561493883,0.006));
#6596=CARTESIAN_POINT('',(-0.00287828693855481,-0.0230755885222944,0.006));
#6597=CARTESIAN_POINT('',(-0.00289380975478112,-0.0230995707898044,0.006));
#6598=CARTESIAN_POINT('',(-0.00291149342132706,-0.0231257295343968,0.006));
#6599=CARTESIAN_POINT('',(-0.00293143031637338,-0.0231539864634288,0.006));
#6600=CARTESIAN_POINT('',(-0.00295371079336803,-0.023184261053591,0.006));
#6601=CARTESIAN_POINT('',(-0.00297842279426081,-0.0232164698588473,0.006));
#6602=CARTESIAN_POINT('',(-0.00300565186409963,-0.0232505267863923,0.006));
#6603=CARTESIAN_POINT('',(-0.00303548105283609,-0.0232863430981173,0.006));
#6604=CARTESIAN_POINT('',(-0.00306799085155547,-0.0233238274931712,0.006));
#6605=CARTESIAN_POINT('',(-0.00310325912110336,-0.0233628861700519,0.006));
#6606=CARTESIAN_POINT('',(-0.00314136102519794,-0.0234034228968227,0.006));
#6607=CARTESIAN_POINT('',(-0.00318236896400579,-0.0234453390814821,0.006));
#6608=CARTESIAN_POINT('',(-0.00322635251180974,-0.0234885338438122,0.006));
#6609=CARTESIAN_POINT('',(-0.00327337834825667,-0.0235329040914818,0.006));
#6610=CARTESIAN_POINT('',(-0.00332351022306888,-0.0235783445870916,0.006));
#6611=CARTESIAN_POINT('',(-0.00337680880058751,-0.0236247480579896,0.006));
#6612=CARTESIAN_POINT('',(-0.00343333197681168,-0.0236720051485239,0.006));
#6613=CARTESIAN_POINT('',(-0.0034931333863443,-0.0237200049861857,0.006));
#6614=CARTESIAN_POINT('',(-0.00355626788011036,-0.0237686333937492,0.006));
#6615=CARTESIAN_POINT('',(-0.00362277023533043,-0.0238177801507091,0.006));
#6616=CARTESIAN_POINT('',(-0.00369273659023757,-0.0238673115365874,0.006));
#6617=CARTESIAN_POINT('',(-0.00375169889197043,-0.0239074357457897,0.006));
#6618=CARTESIAN_POINT('',(-0.00378760549478405,-0.0239309285370964,0.006));
#6619=CARTESIAN_POINT('',(-0.00379846756592072,-0.0239379874118474,0.006));
#6620=CARTESIAN_POINT('',(0.,-0.016,0.01184775));
#6621=CARTESIAN_POINT('',(0.,-0.016,0.01184775));
#6622=CARTESIAN_POINT('',(-0.0041892835007595,-0.0237388567469792,0.01184775));
#6623=CARTESIAN_POINT('',(-0.0041892835007595,-0.0237388567469792,0.01184775));
#6624=CARTESIAN_POINT('',(-0.0041892835007595,-0.0237388567469792,0.006));
#6625=CARTESIAN_POINT('',(0.,-0.016,0.006));
#6626=CARTESIAN_POINT('',(-0.00388897327027113,-0.0222298484561242,0.01184775));
#6627=CARTESIAN_POINT('',(-0.00388897327027113,-0.0222298484561242,0.006));
#6628=CARTESIAN_POINT('',(-0.00391719989690139,-0.0222750487591038,0.01184775));
#6629=CARTESIAN_POINT('',(-0.00391719989690139,-0.0222750487591038,0.006));
#6630=CARTESIAN_POINT('',(-0.00396672731177854,-0.0223545013670338,0.01184775));
#6631=CARTESIAN_POINT('',(-0.00396672731177854,-0.0223545013670338,0.00599999999999999));
#6632=CARTESIAN_POINT('',(-0.00399034586830782,-0.0223925427891646,0.01184775));
#6633=CARTESIAN_POINT('',(-0.00399034586830782,-0.0223925427891646,0.00600000000000001));
#6634=CARTESIAN_POINT('',(-0.00400511096875386,-0.0224234578665442,0.01184775));
#6635=CARTESIAN_POINT('',(-0.00400511096875386,-0.0224234578665442,0.00599999999999999));
#6636=CARTESIAN_POINT('',(-0.00405278124459308,-0.0225337775909804,0.01184775));
#6637=CARTESIAN_POINT('',(-0.00405278124459308,-0.0225337775909804,0.006));
#6638=CARTESIAN_POINT('',(-0.0040984064933535,-0.0226836031680659,0.01184775));
#6639=CARTESIAN_POINT('',(-0.0040984064933535,-0.0226836031680659,0.006));
#6640=CARTESIAN_POINT('',(-0.00415292186722683,-0.0229208296084302,0.01184775));
#6641=CARTESIAN_POINT('',(-0.00415292186722683,-0.0229208296084302,0.006));
#6642=CARTESIAN_POINT('',(-0.00419570575459474,-0.0232644104056227,0.01184775));
#6643=CARTESIAN_POINT('',(-0.00419570575459474,-0.0232644104056227,0.006));
#6644=CARTESIAN_POINT('',(-0.00419775926320921,-0.0235761291103341,0.01184775));
#6645=CARTESIAN_POINT('',(-0.00419775926320921,-0.0235761291103341,0.006));
#6646=CARTESIAN_POINT('',(-0.0041892835007595,-0.0237388567469792,0.01184775));
#6647=CARTESIAN_POINT('',(-0.0041892835007595,-0.0237388567469792,0.006));
#6648=CARTESIAN_POINT('',(-0.00370662432983413,-0.0219380919559638,0.006));
#6649=CARTESIAN_POINT('',(-0.00383699312620201,-0.0221466129348299,0.006));
#6650=CARTESIAN_POINT('',(-0.00397951486594634,-0.0223745721820513,0.006));
#6651=CARTESIAN_POINT('',(-0.00398345771962637,-0.0223818591942601,0.006));
#6652=CARTESIAN_POINT('',(-0.00398766838095947,-0.0223893296607837,0.006));
#6653=CARTESIAN_POINT('',(-0.0039924067512416,-0.0223983049422729,0.006));
#6654=CARTESIAN_POINT('',(-0.00399857387025159,-0.0224104833205332,0.006));
#6655=CARTESIAN_POINT('',(-0.00400571837221345,-0.0224253571725878,0.006));
#6656=CARTESIAN_POINT('',(-0.00401383749828352,-0.0224431495663117,0.006));
#6657=CARTESIAN_POINT('',(-0.00402278492534561,-0.0224638484297628,0.006));
#6658=CARTESIAN_POINT('',(-0.00403245674539193,-0.0224875096326729,0.006));
#6659=CARTESIAN_POINT('',(-0.00404273472491923,-0.0225141642779593,0.006));
#6660=CARTESIAN_POINT('',(-0.0040535033954439,-0.0225438463890078,0.006));
#6661=CARTESIAN_POINT('',(-0.00406464511835489,-0.0225765846820754,0.006));
#6662=CARTESIAN_POINT('',(-0.00407604164050232,-0.0226124049242234,0.006));
#6663=CARTESIAN_POINT('',(-0.00408757376164378,-0.0226513292136343,0.006));
#6664=CARTESIAN_POINT('',(-0.00409912154911895,-0.0226933761536242,0.006));
#6665=CARTESIAN_POINT('',(-0.00411056439675316,-0.0227385607740639,0.006));
#6666=CARTESIAN_POINT('',(-0.00412178112913348,-0.0227868945283155,0.006));
#6667=CARTESIAN_POINT('',(-0.00413265009379359,-0.0228383852719864,0.006));
#6668=CARTESIAN_POINT('',(-0.00414304925733643,-0.0228930372500891,0.006));
#6669=CARTESIAN_POINT('',(-0.00415285630140715,-0.0229508510846641,0.006));
#6670=CARTESIAN_POINT('',(-0.00416194871745749,-0.0230118237665842,0.006));
#6671=CARTESIAN_POINT('',(-0.0041702039087266,-0.0230759486446653,0.006));
#6672=CARTESIAN_POINT('',(-0.0041774992652233,-0.0231432154365245,0.006));
#6673=CARTESIAN_POINT('',(-0.00418371234394415,-0.0232136101673621,0.006));
#6674=CARTESIAN_POINT('',(-0.00418872064389381,-0.0232871153983858,0.006));
#6675=CARTESIAN_POINT('',(-0.00419240294169991,-0.0233637093516754,0.006));
#6676=CARTESIAN_POINT('',(-0.0041946346254815,-0.0234433692908717,0.006));
#6677=CARTESIAN_POINT('',(-0.00419530608343946,-0.0235260585653497,0.006));
#6678=CARTESIAN_POINT('',(-0.0041942526247989,-0.023611776353649,0.006));
#6679=CARTESIAN_POINT('',(-0.00419205662052959,-0.0236830622762072,0.006));
#6680=CARTESIAN_POINT('',(-0.00418995731634824,-0.023725920044359,0.006));
#6681=CARTESIAN_POINT('',(-0.0041892835007595,-0.0237388567469792,0.006));
#6682=CARTESIAN_POINT('',(-0.00388897332119917,-0.0222298485376771,0.006));
#6683=CARTESIAN_POINT('',(-0.00370662432983413,-0.0219380919559638,0.01184775));
#6684=CARTESIAN_POINT('',(-0.00383699312620201,-0.0221466129348299,0.01184775));
#6685=CARTESIAN_POINT('',(-0.00397951486594634,-0.0223745721820513,0.01184775));
#6686=CARTESIAN_POINT('',(-0.00398345771962637,-0.0223818591942601,0.01184775));
#6687=CARTESIAN_POINT('',(-0.00398766838095947,-0.0223893296607837,0.01184775));
#6688=CARTESIAN_POINT('',(-0.0039924067512416,-0.0223983049422729,0.01184775));
#6689=CARTESIAN_POINT('',(-0.00399857387025159,-0.0224104833205332,0.01184775));
#6690=CARTESIAN_POINT('',(-0.00400571837221345,-0.0224253571725878,0.01184775));
#6691=CARTESIAN_POINT('',(-0.00401383749828352,-0.0224431495663117,0.01184775));
#6692=CARTESIAN_POINT('',(-0.00402278492534561,-0.0224638484297628,0.01184775));
#6693=CARTESIAN_POINT('',(-0.00403245674539193,-0.0224875096326729,0.01184775));
#6694=CARTESIAN_POINT('',(-0.00404273472491923,-0.0225141642779593,0.01184775));
#6695=CARTESIAN_POINT('',(-0.0040535033954439,-0.0225438463890078,0.01184775));
#6696=CARTESIAN_POINT('',(-0.00406464511835489,-0.0225765846820754,0.01184775));
#6697=CARTESIAN_POINT('',(-0.00407604164050232,-0.0226124049242234,0.01184775));
#6698=CARTESIAN_POINT('',(-0.00408757376164378,-0.0226513292136343,0.01184775));
#6699=CARTESIAN_POINT('',(-0.00409912154911895,-0.0226933761536242,0.01184775));
#6700=CARTESIAN_POINT('',(-0.00411056439675316,-0.0227385607740639,0.01184775));
#6701=CARTESIAN_POINT('',(-0.00412178112913348,-0.0227868945283155,0.01184775));
#6702=CARTESIAN_POINT('',(-0.00413265009379359,-0.0228383852719864,0.01184775));
#6703=CARTESIAN_POINT('',(-0.00414304925733643,-0.0228930372500891,0.01184775));
#6704=CARTESIAN_POINT('',(-0.00415285630140715,-0.0229508510846641,0.01184775));
#6705=CARTESIAN_POINT('',(-0.00416194871745749,-0.0230118237665842,0.01184775));
#6706=CARTESIAN_POINT('',(-0.0041702039087266,-0.0230759486446653,0.01184775));
#6707=CARTESIAN_POINT('',(-0.0041774992652233,-0.0231432154365245,0.01184775));
#6708=CARTESIAN_POINT('',(-0.00418371234394415,-0.0232136101673621,0.01184775));
#6709=CARTESIAN_POINT('',(-0.00418872064389381,-0.0232871153983858,0.01184775));
#6710=CARTESIAN_POINT('',(-0.00419240294169991,-0.0233637093516754,0.01184775));
#6711=CARTESIAN_POINT('',(-0.0041946346254815,-0.0234433692908717,0.01184775));
#6712=CARTESIAN_POINT('',(-0.00419530608343946,-0.0235260585653497,0.01184775));
#6713=CARTESIAN_POINT('',(-0.0041942526247989,-0.023611776353649,0.01184775));
#6714=CARTESIAN_POINT('',(-0.00419205662052959,-0.0236830622762072,0.01184775));
#6715=CARTESIAN_POINT('',(-0.00418995731634824,-0.023725920044359,0.01184775));
#6716=CARTESIAN_POINT('',(-0.0041892835007595,-0.0237388567469792,0.01184775));
#6717=CARTESIAN_POINT('',(-0.00388897332119917,-0.0222298485376771,0.01184775));
#6718=CARTESIAN_POINT('',(-0.00388897332119917,-0.0222298485376771,0.006));
#6719=CARTESIAN_POINT('',(-0.00418791844486668,-0.0220431636744361,0.008923875));
#6720=CARTESIAN_POINT('',(-0.00418791844486668,-0.0220431636744361,0.01184775));
#6721=CARTESIAN_POINT('',(-0.00398716591561667,-0.0217534779013519,0.01184775));
#6722=CARTESIAN_POINT('',(-0.00398716591561667,-0.0217534779013519,0.01184775));
#6723=CARTESIAN_POINT('',(-0.0039871659156165,-0.0217534779013516,0.006));
#6724=CARTESIAN_POINT('',(-0.00418791844486668,-0.0220431636744361,0.006));
#6725=CARTESIAN_POINT('',(2.94902990916057E-17,-0.016,0.01184775));
#6726=CARTESIAN_POINT('',(2.94902990916057E-17,-0.016,0.006));
#6727=CARTESIAN_POINT('',(-0.00423978062212279,-0.0215699425738756,0.006));
#6728=CARTESIAN_POINT('',(2.94902990916057E-17,-0.016,0.01184775));
#6729=CARTESIAN_POINT('',(-0.00423978062212279,-0.0215699425738756,0.01184775));
#6730=CARTESIAN_POINT('',(-0.00423978062212279,-0.0215699425738756,0.01184775));
#6731=CARTESIAN_POINT('',(-0.00445325222109061,-0.0218503874018934,0.008923875));
#6732=CARTESIAN_POINT('',(-0.00445325222109061,-0.0218503874018934,0.01184775));
#6733=CARTESIAN_POINT('',(-0.00472317920036841,-0.0216237624893488,0.01184775));
#6734=CARTESIAN_POINT('',(-0.00472317920036841,-0.0216237624893488,0.01184775));
#6735=CARTESIAN_POINT('',(-0.00472317920036841,-0.0216237624893488,0.006));
#6736=CARTESIAN_POINT('',(-0.00445325222109061,-0.0218503874018934,0.006));
#6737=CARTESIAN_POINT('',(-0.00472317913854463,-0.0216237624157121,0.01184775));
#6738=CARTESIAN_POINT('',(-0.00472317913854463,-0.0216237624157121,0.006));
#6739=CARTESIAN_POINT('',(-0.00475744467390931,-0.0216645751946734,0.01184775));
#6740=CARTESIAN_POINT('',(-0.00475744467390931,-0.0216645751946734,0.006));
#6741=CARTESIAN_POINT('',(-0.00481770378153321,-0.0217362307714253,0.01184775));
#6742=CARTESIAN_POINT('',(-0.00481770378153321,-0.0217362307714253,0.006));
#6743=CARTESIAN_POINT('',(-0.00484658478858958,-0.0217704487994465,0.01184775));
#6744=CARTESIAN_POINT('',(-0.00484658478858958,-0.0217704487994465,0.00600000000000001));
#6745=CARTESIAN_POINT('',(-0.00487142410742181,-0.0217940445287321,0.01184775));
#6746=CARTESIAN_POINT('',(-0.00487142410742181,-0.0217940445287321,0.00599999999999999));
#6747=CARTESIAN_POINT('',(-0.0049616134748619,-0.0218734723248682,0.01184775));
#6748=CARTESIAN_POINT('',(-0.0049616134748619,-0.0218734723248682,0.006));
#6749=CARTESIAN_POINT('',(-0.0050900070890171,-0.0219631631645208,0.01184775));
#6750=CARTESIAN_POINT('',(-0.0050900070890171,-0.0219631631645208,0.00599999999999999));
#6751=CARTESIAN_POINT('',(-0.00529877666398161,-0.022088317367669,0.01184775));
#6752=CARTESIAN_POINT('',(-0.00529877666398161,-0.022088317367669,0.00600000000000001));
#6753=CARTESIAN_POINT('',(-0.00561232047174303,-0.0222351795678157,0.01184775));
#6754=CARTESIAN_POINT('',(-0.00561232047174303,-0.0222351795678157,0.00599999999999999));
#6755=CARTESIAN_POINT('',(-0.00590814800805071,-0.022333458947786,0.01184775));
#6756=CARTESIAN_POINT('',(-0.00590814800805071,-0.022333458947786,0.006));
#6757=CARTESIAN_POINT('',(-0.00606553034189995,-0.0223756836238549,0.01184775));
#6758=CARTESIAN_POINT('',(-0.00606553034189995,-0.0223756836238549,0.006));
#6759=CARTESIAN_POINT('',(-0.00450205113939679,-0.0213601805509009,0.01184775));
#6760=CARTESIAN_POINT('',(-0.00466008020151778,-0.0215486051703614,0.01184775));
#6761=CARTESIAN_POINT('',(-0.00483284068938861,-0.0217545946810754,0.01184775));
#6762=CARTESIAN_POINT('',(-0.00483855264104063,-0.0217605963683713,0.01184775));
#6763=CARTESIAN_POINT('',(-0.00484435631099815,-0.0217669094463817,0.01184775));
#6764=CARTESIAN_POINT('',(-0.00485142807400123,-0.0217741894188247,0.01184775));
#6765=CARTESIAN_POINT('',(-0.00486110465542316,-0.0217838180233922,0.01184775));
#6766=CARTESIAN_POINT('',(-0.00487304275681953,-0.0217952091215954,0.01184775));
#6767=CARTESIAN_POINT('',(-0.00488745538087598,-0.0218084290213823,0.01184775));
#6768=CARTESIAN_POINT('',(-0.00490437626282293,-0.0218233348307643,0.01184775));
#6769=CARTESIAN_POINT('',(-0.00492389064727308,-0.0218398449920504,0.01184775));
#6770=CARTESIAN_POINT('',(-0.00494606465102057,-0.0218578566698268,0.01184775));
#6771=CARTESIAN_POINT('',(-0.00497096631395167,-0.021877270560844,0.01184775));
#6772=CARTESIAN_POINT('',(-0.00499865929917988,-0.021897983657946,0.01184775));
#6773=CARTESIAN_POINT('',(-0.00502920465486967,-0.0219198914581638,0.01184775));
#6774=CARTESIAN_POINT('',(-0.00506266023254215,-0.021942887424044,0.01184775));
#6775=CARTESIAN_POINT('',(-0.0050990807862326,-0.0219668632415893,0.01184775));
#6776=CARTESIAN_POINT('',(-0.00513851787955507,-0.0219917088519971,0.01184775));
#6777=CARTESIAN_POINT('',(-0.00518101985056612,-0.0220173125498846,0.01184775));
#6778=CARTESIAN_POINT('',(-0.00522663176307202,-0.0220435610643973,0.01184775));
#6779=CARTESIAN_POINT('',(-0.00527539536471293,-0.0220703396466586,0.01184775));
#6780=CARTESIAN_POINT('',(-0.00532734904553512,-0.0220975321572214,0.01184775));
#6781=CARTESIAN_POINT('',(-0.0053825278009118,-0.0221250211536609,0.01184775));
#6782=CARTESIAN_POINT('',(-0.00544096318967343,-0.0221526879841999,0.01184775));
#6783=CARTESIAN_POINT('',(-0.0055026833212639,-0.0221804128623764,0.01184775));
#6784=CARTESIAN_POINT('',(-0.00556771274182773,-0.0222080750195234,0.01184775));
#6785=CARTESIAN_POINT('',(-0.00563607272097722,-0.0222355525613878,0.01184775));
#6786=CARTESIAN_POINT('',(-0.00570778000676162,-0.0222627234679441,0.01184775));
#6787=CARTESIAN_POINT('',(-0.00578285148280732,-0.0222894622003294,0.01184775));
#6788=CARTESIAN_POINT('',(-0.0058612861642074,-0.022315653185862,0.01184775));
#6789=CARTESIAN_POINT('',(-0.00594313416195459,-0.0223411395404619,0.01184775));
#6790=CARTESIAN_POINT('',(-0.00601160970576275,-0.022361079577822,0.01184775));
#6791=CARTESIAN_POINT('',(-0.00605301858610573,-0.0223723267996006,0.01184775));
#6792=CARTESIAN_POINT('',(-0.00606553034189995,-0.0223756836238549,0.01184775));
#6793=CARTESIAN_POINT('',(-0.00606553034189995,-0.0223756836238549,0.01184775));
#6794=CARTESIAN_POINT('',(-0.00606553034189995,-0.0223756836238549,0.01184775));
#6795=CARTESIAN_POINT('',(-0.00606553034189995,-0.0223756836238549,0.006));
#6796=CARTESIAN_POINT('',(-0.00450205113939679,-0.0213601805509009,0.006));
#6797=CARTESIAN_POINT('',(-0.00466008020151778,-0.0215486051703614,0.006));
#6798=CARTESIAN_POINT('',(-0.00483284068938861,-0.0217545946810754,0.006));
#6799=CARTESIAN_POINT('',(-0.00483855264104063,-0.0217605963683713,0.006));
#6800=CARTESIAN_POINT('',(-0.00484435631099815,-0.0217669094463817,0.006));
#6801=CARTESIAN_POINT('',(-0.00485142807400123,-0.0217741894188247,0.006));
#6802=CARTESIAN_POINT('',(-0.00486110465542316,-0.0217838180233922,0.006));
#6803=CARTESIAN_POINT('',(-0.00487304275681953,-0.0217952091215954,0.006));
#6804=CARTESIAN_POINT('',(-0.00488745538087598,-0.0218084290213823,0.006));
#6805=CARTESIAN_POINT('',(-0.00490437626282293,-0.0218233348307643,0.006));
#6806=CARTESIAN_POINT('',(-0.00492389064727308,-0.0218398449920504,0.006));
#6807=CARTESIAN_POINT('',(-0.00494606465102057,-0.0218578566698268,0.006));
#6808=CARTESIAN_POINT('',(-0.00497096631395167,-0.021877270560844,0.006));
#6809=CARTESIAN_POINT('',(-0.00499865929917988,-0.021897983657946,0.006));
#6810=CARTESIAN_POINT('',(-0.00502920465486967,-0.0219198914581638,0.006));
#6811=CARTESIAN_POINT('',(-0.00506266023254215,-0.021942887424044,0.006));
#6812=CARTESIAN_POINT('',(-0.0050990807862326,-0.0219668632415893,0.006));
#6813=CARTESIAN_POINT('',(-0.00513851787955507,-0.0219917088519971,0.006));
#6814=CARTESIAN_POINT('',(-0.00518101985056612,-0.0220173125498846,0.006));
#6815=CARTESIAN_POINT('',(-0.00522663176307202,-0.0220435610643973,0.006));
#6816=CARTESIAN_POINT('',(-0.00527539536471293,-0.0220703396466586,0.006));
#6817=CARTESIAN_POINT('',(-0.00532734904553512,-0.0220975321572214,0.006));
#6818=CARTESIAN_POINT('',(-0.0053825278009118,-0.0221250211536609,0.006));
#6819=CARTESIAN_POINT('',(-0.00544096318967343,-0.0221526879841999,0.006));
#6820=CARTESIAN_POINT('',(-0.0055026833212639,-0.0221804128623764,0.006));
#6821=CARTESIAN_POINT('',(-0.00556771274182773,-0.0222080750195234,0.006));
#6822=CARTESIAN_POINT('',(-0.00563607272097722,-0.0222355525613878,0.006));
#6823=CARTESIAN_POINT('',(-0.00570778000676162,-0.0222627234679441,0.006));
#6824=CARTESIAN_POINT('',(-0.00578285148280732,-0.0222894622003294,0.006));
#6825=CARTESIAN_POINT('',(-0.0058612861642074,-0.022315653185862,0.006));
#6826=CARTESIAN_POINT('',(-0.00594313416195459,-0.0223411395404619,0.006));
#6827=CARTESIAN_POINT('',(-0.00601160970576275,-0.022361079577822,0.006));
#6828=CARTESIAN_POINT('',(-0.00605301858610573,-0.0223723267996006,0.006));
#6829=CARTESIAN_POINT('',(-0.00606553034189995,-0.0223756836238549,0.006));
#6830=CARTESIAN_POINT('',(0.,-0.016,0.01184775));
#6831=CARTESIAN_POINT('',(0.,-0.016,0.01184775));
#6832=CARTESIAN_POINT('',(-0.00637568362385487,-0.0220655303418999,0.01184775));
#6833=CARTESIAN_POINT('',(-0.00637568362385487,-0.0220655303418999,0.01184775));
#6834=CARTESIAN_POINT('',(-0.00637568362385487,-0.0220655303418999,0.006));
#6835=CARTESIAN_POINT('',(0.,-0.016,0.006));
#6836=CARTESIAN_POINT('',(-0.00562376241571193,-0.0207231791385445,0.01184775));
#6837=CARTESIAN_POINT('',(-0.00562376241571193,-0.0207231791385445,0.00599999999999999));
#6838=CARTESIAN_POINT('',(-0.00566457519467328,-0.0207574446739092,0.01184775));
#6839=CARTESIAN_POINT('',(-0.00566457519467328,-0.0207574446739092,0.00599999999999999));
#6840=CARTESIAN_POINT('',(-0.00573623077142521,-0.0208177037815331,0.01184775));
#6841=CARTESIAN_POINT('',(-0.00573623077142521,-0.0208177037815331,0.00599999999999998));
#6842=CARTESIAN_POINT('',(-0.00577044879944648,-0.0208465847885896,0.01184775));
#6843=CARTESIAN_POINT('',(-0.00577044879944648,-0.0208465847885896,0.00599999999999998));
#6844=CARTESIAN_POINT('',(-0.00579404452873215,-0.0208714241074218,0.01184775));
#6845=CARTESIAN_POINT('',(-0.00579404452873215,-0.0208714241074218,0.00599999999999999));
#6846=CARTESIAN_POINT('',(-0.0058734723248682,-0.0209616134748619,0.01184775));
#6847=CARTESIAN_POINT('',(-0.0058734723248682,-0.0209616134748619,0.00599999999999999));
#6848=CARTESIAN_POINT('',(-0.00596316316452079,-0.0210900070890171,0.01184775));
#6849=CARTESIAN_POINT('',(-0.00596316316452079,-0.0210900070890171,0.00599999999999998));
#6850=CARTESIAN_POINT('',(-0.00608831736766897,-0.0212987766639816,0.01184775));
#6851=CARTESIAN_POINT('',(-0.00608831736766897,-0.0212987766639816,0.00599999999999999));
#6852=CARTESIAN_POINT('',(-0.00623517956781601,-0.0216123204717432,0.01184775));
#6853=CARTESIAN_POINT('',(-0.00623517956781601,-0.0216123204717432,0.00599999999999999));
#6854=CARTESIAN_POINT('',(-0.0063334589477855,-0.0219081480080503,0.01184775));
#6855=CARTESIAN_POINT('',(-0.0063334589477855,-0.0219081480080503,0.00599999999999998));
#6856=CARTESIAN_POINT('',(-0.00637568362385487,-0.0220655303418999,0.01184775));
#6857=CARTESIAN_POINT('',(-0.00637568362385487,-0.0220655303418999,0.00599999999999998));
#6858=CARTESIAN_POINT('',(-0.00536018055090089,-0.0205020511393968,0.006));
#6859=CARTESIAN_POINT('',(-0.00554860517036145,-0.0206600802015178,0.006));
#6860=CARTESIAN_POINT('',(-0.00575459468107537,-0.0208328406893886,0.006));
#6861=CARTESIAN_POINT('',(-0.00576059636837129,-0.0208385526410407,0.006));
#6862=CARTESIAN_POINT('',(-0.00576690944638174,-0.0208443563109981,0.006));
#6863=CARTESIAN_POINT('',(-0.00577418941882464,-0.0208514280740012,0.006));
#6864=CARTESIAN_POINT('',(-0.00578381802339222,-0.0208611046554232,0.006));
#6865=CARTESIAN_POINT('',(-0.00579520912159541,-0.0208730427568195,0.006));
#6866=CARTESIAN_POINT('',(-0.00580842902138226,-0.020887455380876,0.006));
#6867=CARTESIAN_POINT('',(-0.00582333483076438,-0.0209043762628229,0.006));
#6868=CARTESIAN_POINT('',(-0.00583984499205042,-0.0209238906472731,0.006));
#6869=CARTESIAN_POINT('',(-0.00585785666982677,-0.0209460646510206,0.006));
#6870=CARTESIAN_POINT('',(-0.005877270560844,-0.0209709663139517,0.006));
#6871=CARTESIAN_POINT('',(-0.00589798365794597,-0.0209986592991799,0.006));
#6872=CARTESIAN_POINT('',(-0.00591989145816374,-0.0210292046548697,0.006));
#6873=CARTESIAN_POINT('',(-0.00594288742404396,-0.0210626602325421,0.006));
#6874=CARTESIAN_POINT('',(-0.00596686324158936,-0.0210990807862326,0.006));
#6875=CARTESIAN_POINT('',(-0.0059917088519971,-0.0211385178795551,0.006));
#6876=CARTESIAN_POINT('',(-0.0060173125498846,-0.0211810198505661,0.006));
#6877=CARTESIAN_POINT('',(-0.00604356106439731,-0.021226631763072,0.006));
#6878=CARTESIAN_POINT('',(-0.00607033964665867,-0.0212753953647129,0.006));
#6879=CARTESIAN_POINT('',(-0.0060975321572214,-0.0213273490455351,0.006));
#6880=CARTESIAN_POINT('',(-0.00612502115366088,-0.0213825278009118,0.006));
#6881=CARTESIAN_POINT('',(-0.0061526879841999,-0.0214409631896735,0.006));
#6882=CARTESIAN_POINT('',(-0.00618041286237637,-0.0215026833212639,0.006));
#6883=CARTESIAN_POINT('',(-0.00620807501952336,-0.0215677127418278,0.006));
#6884=CARTESIAN_POINT('',(-0.00623555256138782,-0.0216360727209772,0.006));
#6885=CARTESIAN_POINT('',(-0.00626272346794408,-0.0217077800067616,0.006));
#6886=CARTESIAN_POINT('',(-0.00628946220032939,-0.0217828514828073,0.006));
#6887=CARTESIAN_POINT('',(-0.00631565318586199,-0.0218612861642074,0.006));
#6888=CARTESIAN_POINT('',(-0.00634113954046193,-0.0219431341619546,0.006));
#6889=CARTESIAN_POINT('',(-0.00636107957782202,-0.0220116097057628,0.006));
#6890=CARTESIAN_POINT('',(-0.00637232679960053,-0.0220530185861057,0.006));
#6891=CARTESIAN_POINT('',(-0.00637568362385487,-0.0220655303418999,0.006));
#6892=CARTESIAN_POINT('',(-0.00562376248934862,-0.0207231792003683,0.006));
#6893=CARTESIAN_POINT('',(-0.00536018055090089,-0.0205020511393968,0.01184775));
#6894=CARTESIAN_POINT('',(-0.00554860517036145,-0.0206600802015178,0.01184775));
#6895=CARTESIAN_POINT('',(-0.00575459468107537,-0.0208328406893886,0.01184775));
#6896=CARTESIAN_POINT('',(-0.00576059636837129,-0.0208385526410407,0.01184775));
#6897=CARTESIAN_POINT('',(-0.00576690944638174,-0.0208443563109981,0.01184775));
#6898=CARTESIAN_POINT('',(-0.00577418941882464,-0.0208514280740012,0.01184775));
#6899=CARTESIAN_POINT('',(-0.00578381802339222,-0.0208611046554232,0.01184775));
#6900=CARTESIAN_POINT('',(-0.00579520912159541,-0.0208730427568195,0.01184775));
#6901=CARTESIAN_POINT('',(-0.00580842902138226,-0.020887455380876,0.01184775));
#6902=CARTESIAN_POINT('',(-0.00582333483076438,-0.0209043762628229,0.01184775));
#6903=CARTESIAN_POINT('',(-0.00583984499205042,-0.0209238906472731,0.01184775));
#6904=CARTESIAN_POINT('',(-0.00585785666982677,-0.0209460646510206,0.01184775));
#6905=CARTESIAN_POINT('',(-0.005877270560844,-0.0209709663139517,0.01184775));
#6906=CARTESIAN_POINT('',(-0.00589798365794597,-0.0209986592991799,0.01184775));
#6907=CARTESIAN_POINT('',(-0.00591989145816374,-0.0210292046548697,0.01184775));
#6908=CARTESIAN_POINT('',(-0.00594288742404396,-0.0210626602325421,0.01184775));
#6909=CARTESIAN_POINT('',(-0.00596686324158936,-0.0210990807862326,0.01184775));
#6910=CARTESIAN_POINT('',(-0.0059917088519971,-0.0211385178795551,0.01184775));
#6911=CARTESIAN_POINT('',(-0.0060173125498846,-0.0211810198505661,0.01184775));
#6912=CARTESIAN_POINT('',(-0.00604356106439731,-0.021226631763072,0.01184775));
#6913=CARTESIAN_POINT('',(-0.00607033964665867,-0.0212753953647129,0.01184775));
#6914=CARTESIAN_POINT('',(-0.0060975321572214,-0.0213273490455351,0.01184775));
#6915=CARTESIAN_POINT('',(-0.00612502115366088,-0.0213825278009118,0.01184775));
#6916=CARTESIAN_POINT('',(-0.0061526879841999,-0.0214409631896735,0.01184775));
#6917=CARTESIAN_POINT('',(-0.00618041286237637,-0.0215026833212639,0.01184775));
#6918=CARTESIAN_POINT('',(-0.00620807501952336,-0.0215677127418278,0.01184775));
#6919=CARTESIAN_POINT('',(-0.00623555256138782,-0.0216360727209772,0.01184775));
#6920=CARTESIAN_POINT('',(-0.00626272346794408,-0.0217077800067616,0.01184775));
#6921=CARTESIAN_POINT('',(-0.00628946220032939,-0.0217828514828073,0.01184775));
#6922=CARTESIAN_POINT('',(-0.00631565318586199,-0.0218612861642074,0.01184775));
#6923=CARTESIAN_POINT('',(-0.00634113954046193,-0.0219431341619546,0.01184775));
#6924=CARTESIAN_POINT('',(-0.00636107957782202,-0.0220116097057628,0.01184775));
#6925=CARTESIAN_POINT('',(-0.00637232679960053,-0.0220530185861057,0.01184775));
#6926=CARTESIAN_POINT('',(-0.00637568362385487,-0.0220655303418999,0.01184775));
#6927=CARTESIAN_POINT('',(-0.00562376248934862,-0.0207231792003683,0.01184775));
#6928=CARTESIAN_POINT('',(-0.00562376248934862,-0.0207231792003683,0.006));
#6929=CARTESIAN_POINT('',(-0.00585038740189324,-0.0204532522210905,0.008923875));
#6930=CARTESIAN_POINT('',(-0.00585038740189324,-0.0204532522210905,0.01184775));
#6931=CARTESIAN_POINT('',(-0.00556994257387562,-0.0202397806221228,0.01184775));
#6932=CARTESIAN_POINT('',(-0.00556994257387562,-0.0202397806221228,0.01184775));
#6933=CARTESIAN_POINT('',(-0.00556994257387537,-0.0202397806221226,0.006));
#6934=CARTESIAN_POINT('',(-0.00585038740189324,-0.0204532522210905,0.006));
#6935=CARTESIAN_POINT('',(3.98986399474665E-17,-0.016,0.01184775));
#6936=CARTESIAN_POINT('',(3.98986399474665E-17,-0.016,0.006));
#6937=CARTESIAN_POINT('',(-0.0057534779013519,-0.0199871659156166,0.006));
#6938=CARTESIAN_POINT('',(3.98986399474665E-17,-0.016,0.01184775));
#6939=CARTESIAN_POINT('',(-0.0057534779013519,-0.0199871659156166,0.01184775));
#6940=CARTESIAN_POINT('',(-0.0057534779013519,-0.0199871659156166,0.01184775));
#6941=CARTESIAN_POINT('',(-0.00604316367443624,-0.0201879184448668,0.008923875));
#6942=CARTESIAN_POINT('',(-0.00604316367443624,-0.0201879184448668,0.01184775));
#6943=CARTESIAN_POINT('',(-0.00622984853767723,-0.0198889733211992,0.01184775));
#6944=CARTESIAN_POINT('',(-0.00622984853767723,-0.0198889733211992,0.01184775));
#6945=CARTESIAN_POINT('',(-0.00622984853767723,-0.0198889733211992,0.006));
#6946=CARTESIAN_POINT('',(-0.00604316367443624,-0.0201879184448668,0.006));
#6947=CARTESIAN_POINT('',(-0.00622984845612432,-0.0198889732702712,0.01184775));
#6948=CARTESIAN_POINT('',(-0.00622984845612432,-0.0198889732702712,0.006));
#6949=CARTESIAN_POINT('',(-0.00627504875910396,-0.0199171998969015,0.01184775));
#6950=CARTESIAN_POINT('',(-0.00627504875910396,-0.0199171998969015,0.006));
#6951=CARTESIAN_POINT('',(-0.00635450136703388,-0.0199667273117786,0.01184775));
#6952=CARTESIAN_POINT('',(-0.00635450136703388,-0.0199667273117786,0.006));
#6953=CARTESIAN_POINT('',(-0.00639254278916456,-0.0199903458683078,0.01184775));
#6954=CARTESIAN_POINT('',(-0.00639254278916456,-0.0199903458683078,0.006));
#6955=CARTESIAN_POINT('',(-0.00642345786654424,-0.0200051109687539,0.01184775));
#6956=CARTESIAN_POINT('',(-0.00642345786654424,-0.0200051109687539,0.006));
#6957=CARTESIAN_POINT('',(-0.00653377759098046,-0.0200527812445931,0.01184775));
#6958=CARTESIAN_POINT('',(-0.00653377759098046,-0.0200527812445931,0.006));
#6959=CARTESIAN_POINT('',(-0.00668360316806586,-0.0200984064933535,0.01184775));
#6960=CARTESIAN_POINT('',(-0.00668360316806586,-0.0200984064933535,0.006));
#6961=CARTESIAN_POINT('',(-0.00692082960843027,-0.0201529218672269,0.01184775));
#6962=CARTESIAN_POINT('',(-0.00692082960843027,-0.0201529218672269,0.006));
#6963=CARTESIAN_POINT('',(-0.00726441040562249,-0.0201957057545947,0.01184775));
#6964=CARTESIAN_POINT('',(-0.00726441040562249,-0.0201957057545947,0.006));
#6965=CARTESIAN_POINT('',(-0.00757612911033463,-0.0201977592632093,0.01184775));
#6966=CARTESIAN_POINT('',(-0.00757612911033463,-0.0201977592632093,0.006));
#6967=CARTESIAN_POINT('',(-0.00773885674697913,-0.0201892835007595,0.01184775));
#6968=CARTESIAN_POINT('',(-0.00773885674697913,-0.0201892835007595,0.006));
#6969=CARTESIAN_POINT('',(-0.00593809195596378,-0.0197066243298342,0.01184775));
#6970=CARTESIAN_POINT('',(-0.0061466129348299,-0.019836993126202,0.01184775));
#6971=CARTESIAN_POINT('',(-0.00637457218205137,-0.0199795148659463,0.01184775));
#6972=CARTESIAN_POINT('',(-0.00638185919426015,-0.0199834577196263,0.01184775));
#6973=CARTESIAN_POINT('',(-0.00638932966078372,-0.0199876683809595,0.01184775));
#6974=CARTESIAN_POINT('',(-0.00639830494227293,-0.0199924067512416,0.01184775));
#6975=CARTESIAN_POINT('',(-0.00641048332053322,-0.0199985738702516,0.01184775));
#6976=CARTESIAN_POINT('',(-0.0064253571725878,-0.0200057183722135,0.01184775));
#6977=CARTESIAN_POINT('',(-0.00644314956631168,-0.0200138374982835,0.01184775));
#6978=CARTESIAN_POINT('',(-0.00646384842976277,-0.0200227849253456,0.01184775));
#6979=CARTESIAN_POINT('',(-0.00648750963267283,-0.020032456745392,0.01184775));
#6980=CARTESIAN_POINT('',(-0.00651416427795934,-0.0200427347249192,0.01184775));
#6981=CARTESIAN_POINT('',(-0.00654384638900781,-0.0200535033954439,0.01184775));
#6982=CARTESIAN_POINT('',(-0.00657658468207542,-0.0200646451183549,0.01184775));
#6983=CARTESIAN_POINT('',(-0.0066124049242234,-0.0200760416405023,0.01184775));
#6984=CARTESIAN_POINT('',(-0.00665132921363429,-0.0200875737616438,0.01184775));
#6985=CARTESIAN_POINT('',(-0.00669337615362423,-0.0200991215491189,0.01184775));
#6986=CARTESIAN_POINT('',(-0.00673856077406391,-0.0201105643967531,0.01184775));
#6987=CARTESIAN_POINT('',(-0.00678689452831544,-0.0201217811291335,0.01184775));
#6988=CARTESIAN_POINT('',(-0.00683838527198639,-0.0201326500937936,0.01184775));
#6989=CARTESIAN_POINT('',(-0.00689303725008903,-0.0201430492573365,0.01184775));
#6990=CARTESIAN_POINT('',(-0.00695085108466409,-0.0201528563014071,0.01184775));
#6991=CARTESIAN_POINT('',(-0.00701182376658425,-0.0201619487174575,0.01184775));
#6992=CARTESIAN_POINT('',(-0.00707594864466529,-0.0201702039087266,0.01184775));
#6993=CARTESIAN_POINT('',(-0.0071432154365245,-0.0201774992652233,0.01184775));
#6994=CARTESIAN_POINT('',(-0.00721361016736212,-0.0201837123439442,0.01184775));
#6995=CARTESIAN_POINT('',(-0.00728711539838581,-0.0201887206438938,0.01184775));
#6996=CARTESIAN_POINT('',(-0.00736370935167536,-0.0201924029416999,0.01184775));
#6997=CARTESIAN_POINT('',(-0.00744336929087163,-0.0201946346254815,0.01184775));
#6998=CARTESIAN_POINT('',(-0.0075260585653497,-0.0201953060834394,0.01184775));
#6999=CARTESIAN_POINT('',(-0.00761177635364893,-0.0201942526247989,0.01184775));
#7000=CARTESIAN_POINT('',(-0.00768306227620727,-0.0201920566205296,0.01184775));
#7001=CARTESIAN_POINT('',(-0.00772592004435902,-0.0201899573163482,0.01184775));
#7002=CARTESIAN_POINT('',(-0.00773885674697913,-0.0201892835007595,0.01184775));
#7003=CARTESIAN_POINT('',(-0.00773885674697913,-0.0201892835007595,0.01184775));
#7004=CARTESIAN_POINT('',(-0.00773885674697913,-0.0201892835007595,0.01184775));
#7005=CARTESIAN_POINT('',(-0.00773885674697913,-0.0201892835007595,0.006));
#7006=CARTESIAN_POINT('',(-0.00593809195596378,-0.0197066243298342,0.006));
#7007=CARTESIAN_POINT('',(-0.0061466129348299,-0.019836993126202,0.006));
#7008=CARTESIAN_POINT('',(-0.00637457218205137,-0.0199795148659463,0.006));
#7009=CARTESIAN_POINT('',(-0.00638185919426015,-0.0199834577196263,0.006));
#7010=CARTESIAN_POINT('',(-0.00638932966078372,-0.0199876683809595,0.006));
#7011=CARTESIAN_POINT('',(-0.00639830494227293,-0.0199924067512416,0.006));
#7012=CARTESIAN_POINT('',(-0.00641048332053322,-0.0199985738702516,0.006));
#7013=CARTESIAN_POINT('',(-0.0064253571725878,-0.0200057183722135,0.006));
#7014=CARTESIAN_POINT('',(-0.00644314956631168,-0.0200138374982835,0.006));
#7015=CARTESIAN_POINT('',(-0.00646384842976277,-0.0200227849253456,0.006));
#7016=CARTESIAN_POINT('',(-0.00648750963267283,-0.020032456745392,0.006));
#7017=CARTESIAN_POINT('',(-0.00651416427795934,-0.0200427347249192,0.006));
#7018=CARTESIAN_POINT('',(-0.00654384638900781,-0.0200535033954439,0.006));
#7019=CARTESIAN_POINT('',(-0.00657658468207542,-0.0200646451183549,0.006));
#7020=CARTESIAN_POINT('',(-0.0066124049242234,-0.0200760416405023,0.006));
#7021=CARTESIAN_POINT('',(-0.00665132921363429,-0.0200875737616438,0.006));
#7022=CARTESIAN_POINT('',(-0.00669337615362423,-0.0200991215491189,0.006));
#7023=CARTESIAN_POINT('',(-0.00673856077406391,-0.0201105643967531,0.006));
#7024=CARTESIAN_POINT('',(-0.00678689452831544,-0.0201217811291335,0.006));
#7025=CARTESIAN_POINT('',(-0.00683838527198639,-0.0201326500937936,0.006));
#7026=CARTESIAN_POINT('',(-0.00689303725008903,-0.0201430492573365,0.006));
#7027=CARTESIAN_POINT('',(-0.00695085108466409,-0.0201528563014071,0.006));
#7028=CARTESIAN_POINT('',(-0.00701182376658425,-0.0201619487174575,0.006));
#7029=CARTESIAN_POINT('',(-0.00707594864466529,-0.0201702039087266,0.006));
#7030=CARTESIAN_POINT('',(-0.0071432154365245,-0.0201774992652233,0.006));
#7031=CARTESIAN_POINT('',(-0.00721361016736212,-0.0201837123439442,0.006));
#7032=CARTESIAN_POINT('',(-0.00728711539838581,-0.0201887206438938,0.006));
#7033=CARTESIAN_POINT('',(-0.00736370935167536,-0.0201924029416999,0.006));
#7034=CARTESIAN_POINT('',(-0.00744336929087163,-0.0201946346254815,0.006));
#7035=CARTESIAN_POINT('',(-0.0075260585653497,-0.0201953060834394,0.006));
#7036=CARTESIAN_POINT('',(-0.00761177635364893,-0.0201942526247989,0.006));
#7037=CARTESIAN_POINT('',(-0.00768306227620727,-0.0201920566205296,0.006));
#7038=CARTESIAN_POINT('',(-0.00772592004435902,-0.0201899573163482,0.006));
#7039=CARTESIAN_POINT('',(-0.00773885674697913,-0.0201892835007595,0.006));
#7040=CARTESIAN_POINT('',(0.,-0.016,0.01184775));
#7041=CARTESIAN_POINT('',(0.,-0.016,0.01184775));
#7042=CARTESIAN_POINT('',(-0.00793798741184744,-0.0197984675659207,0.01184775));
#7043=CARTESIAN_POINT('',(-0.00793798741184744,-0.0197984675659207,0.01184775));
#7044=CARTESIAN_POINT('',(-0.00793798741184744,-0.0197984675659207,0.006));
#7045=CARTESIAN_POINT('',(0.,-0.016,0.006));
#7046=CARTESIAN_POINT('',(-0.00680805851284609,-0.01875417213856,0.01184775));
#7047=CARTESIAN_POINT('',(-0.00680805851284609,-0.01875417213856,0.006));
#7048=CARTESIAN_POINT('',(-0.00685746240497445,-0.0187741487569662,0.01184775));
#7049=CARTESIAN_POINT('',(-0.00685746240497445,-0.0187741487569662,0.006));
#7050=CARTESIAN_POINT('',(-0.00694423199649492,-0.01880931578298,0.01184775));
#7051=CARTESIAN_POINT('',(-0.00694423199649492,-0.01880931578298,0.006));
#7052=CARTESIAN_POINT('',(-0.00698569999701443,-0.0188262093007657,0.01184775));
#7053=CARTESIAN_POINT('',(-0.00698569999701443,-0.0188262093007657,0.00600000000000001));
#7054=CARTESIAN_POINT('',(-0.00701581664075612,-0.0188425414154573,0.01184775));
#7055=CARTESIAN_POINT('',(-0.00701581664075612,-0.0188425414154573,0.006));
#7056=CARTESIAN_POINT('',(-0.00711922701109721,-0.01890377206223,0.01184775));
#7057=CARTESIAN_POINT('',(-0.00711922701109721,-0.01890377206223,0.006));
#7058=CARTESIAN_POINT('',(-0.00724420387734396,-0.0189981656519306,0.01184775));
#7059=CARTESIAN_POINT('',(-0.00724420387734396,-0.0189981656519306,0.006));
#7060=CARTESIAN_POINT('',(-0.00742774594436224,-0.0191580425409145,0.01184775));
#7061=CARTESIAN_POINT('',(-0.00742774594436224,-0.0191580425409145,0.006));
#7062=CARTESIAN_POINT('',(-0.00766431056188874,-0.0194108575067533,0.01184775));
#7063=CARTESIAN_POINT('',(-0.00766431056188874,-0.0194108575067533,0.006));
#7064=CARTESIAN_POINT('',(-0.00784919554274957,-0.0196618362142512,0.01184775));
#7065=CARTESIAN_POINT('',(-0.00784919554274957,-0.0196618362142512,0.006));
#7066=CARTESIAN_POINT('',(-0.00793798741184744,-0.0197984675659207,0.01184775));
#7067=CARTESIAN_POINT('',(-0.00793798741184744,-0.0197984675659207,0.006));
#7068=CARTESIAN_POINT('',(-0.00648904495307153,-0.0186253181896709,0.006));
#7069=CARTESIAN_POINT('',(-0.00671708108104046,-0.0187173863493931,0.006));
#7070=CARTESIAN_POINT('',(-0.00696637467420198,-0.0188180370776675,0.006));
#7071=CARTESIAN_POINT('',(-0.00697384770814505,-0.0188216148431375,0.006));
#7072=CARTESIAN_POINT('',(-0.00698164523477139,-0.0188251836128769,0.006));
#7073=CARTESIAN_POINT('',(-0.00699075419494979,-0.0188296596239593,0.006));
#7074=CARTESIAN_POINT('',(-0.00700290177017345,-0.0188358871973326,0.006));
#7075=CARTESIAN_POINT('',(-0.0070174244245594,-0.0188437209635284,0.006));
#7076=CARTESIAN_POINT('',(-0.00703445104216344,-0.0188533430098562,0.006));
#7077=CARTESIAN_POINT('',(-0.00705385614938837,-0.0188648295764793,0.006));
#7078=CARTESIAN_POINT('',(-0.00707558852229441,-0.0188782869385548,0.006));
#7079=CARTESIAN_POINT('',(-0.00709957078980433,-0.0188938097547812,0.006));
#7080=CARTESIAN_POINT('',(-0.00712572953439681,-0.0189114934213271,0.006));
#7081=CARTESIAN_POINT('',(-0.00715398646342879,-0.0189314303163734,0.006));
#7082=CARTESIAN_POINT('',(-0.00718426105359096,-0.0189537107933681,0.006));
#7083=CARTESIAN_POINT('',(-0.00721646985884727,-0.0189784227942608,0.006));
#7084=CARTESIAN_POINT('',(-0.00725052678639223,-0.0190056518640997,0.006));
#7085=CARTESIAN_POINT('',(-0.00728634309811723,-0.0190354810528361,0.006));
#7086=CARTESIAN_POINT('',(-0.00732382749317124,-0.0190679908515555,0.006));
#7087=CARTESIAN_POINT('',(-0.00736288617005188,-0.0191032591211034,0.006));
#7088=CARTESIAN_POINT('',(-0.00740342289682267,-0.019141361025198,0.006));
#7089=CARTESIAN_POINT('',(-0.00744533908148216,-0.0191823689640058,0.006));
#7090=CARTESIAN_POINT('',(-0.0074885338438122,-0.0192263525118097,0.006));
#7091=CARTESIAN_POINT('',(-0.00753290409148182,-0.0192733783482566,0.006));
#7092=CARTESIAN_POINT('',(-0.00757834458709154,-0.0193235102230689,0.006));
#7093=CARTESIAN_POINT('',(-0.00762474805798955,-0.0193768088005875,0.006));
#7094=CARTESIAN_POINT('',(-0.00767200514852383,-0.0194333319768117,0.006));
#7095=CARTESIAN_POINT('',(-0.00772000498618569,-0.0194931333863443,0.006));
#7096=CARTESIAN_POINT('',(-0.00776863339374915,-0.0195562678801103,0.006));
#7097=CARTESIAN_POINT('',(-0.00781778015070913,-0.0196227702353305,0.006));
#7098=CARTESIAN_POINT('',(-0.00786731153658746,-0.0196927365902375,0.006));
#7099=CARTESIAN_POINT('',(-0.00790743574578972,-0.0197516988919705,0.006));
#7100=CARTESIAN_POINT('',(-0.00793092853709642,-0.0197876054947841,0.006));
#7101=CARTESIAN_POINT('',(-0.00793798741184744,-0.0197984675659207,0.006));
#7102=CARTESIAN_POINT('',(-0.00680805860198335,-0.0187541721746029,0.006));
#7103=CARTESIAN_POINT('',(-0.00648904495307153,-0.0186253181896709,0.01184775));
#7104=CARTESIAN_POINT('',(-0.00671708108104046,-0.0187173863493931,0.01184775));
#7105=CARTESIAN_POINT('',(-0.00696637467420198,-0.0188180370776675,0.01184775));
#7106=CARTESIAN_POINT('',(-0.00697384770814505,-0.0188216148431375,0.01184775));
#7107=CARTESIAN_POINT('',(-0.00698164523477139,-0.0188251836128769,0.01184775));
#7108=CARTESIAN_POINT('',(-0.00699075419494979,-0.0188296596239593,0.01184775));
#7109=CARTESIAN_POINT('',(-0.00700290177017345,-0.0188358871973326,0.01184775));
#7110=CARTESIAN_POINT('',(-0.0070174244245594,-0.0188437209635284,0.01184775));
#7111=CARTESIAN_POINT('',(-0.00703445104216344,-0.0188533430098562,0.01184775));
#7112=CARTESIAN_POINT('',(-0.00705385614938837,-0.0188648295764793,0.01184775));
#7113=CARTESIAN_POINT('',(-0.00707558852229441,-0.0188782869385548,0.01184775));
#7114=CARTESIAN_POINT('',(-0.00709957078980433,-0.0188938097547812,0.01184775));
#7115=CARTESIAN_POINT('',(-0.00712572953439681,-0.0189114934213271,0.01184775));
#7116=CARTESIAN_POINT('',(-0.00715398646342879,-0.0189314303163734,0.01184775));
#7117=CARTESIAN_POINT('',(-0.00718426105359096,-0.0189537107933681,0.01184775));
#7118=CARTESIAN_POINT('',(-0.00721646985884727,-0.0189784227942608,0.01184775));
#7119=CARTESIAN_POINT('',(-0.00725052678639223,-0.0190056518640997,0.01184775));
#7120=CARTESIAN_POINT('',(-0.00728634309811723,-0.0190354810528361,0.01184775));
#7121=CARTESIAN_POINT('',(-0.00732382749317124,-0.0190679908515555,0.01184775));
#7122=CARTESIAN_POINT('',(-0.00736288617005188,-0.0191032591211034,0.01184775));
#7123=CARTESIAN_POINT('',(-0.00740342289682267,-0.019141361025198,0.01184775));
#7124=CARTESIAN_POINT('',(-0.00744533908148216,-0.0191823689640058,0.01184775));
#7125=CARTESIAN_POINT('',(-0.0074885338438122,-0.0192263525118097,0.01184775));
#7126=CARTESIAN_POINT('',(-0.00753290409148182,-0.0192733783482566,0.01184775));
#7127=CARTESIAN_POINT('',(-0.00757834458709154,-0.0193235102230689,0.01184775));
#7128=CARTESIAN_POINT('',(-0.00762474805798955,-0.0193768088005875,0.01184775));
#7129=CARTESIAN_POINT('',(-0.00767200514852383,-0.0194333319768117,0.01184775));
#7130=CARTESIAN_POINT('',(-0.00772000498618569,-0.0194931333863443,0.01184775));
#7131=CARTESIAN_POINT('',(-0.00776863339374915,-0.0195562678801103,0.01184775));
#7132=CARTESIAN_POINT('',(-0.00781778015070913,-0.0196227702353305,0.01184775));
#7133=CARTESIAN_POINT('',(-0.00786731153658746,-0.0196927365902375,0.01184775));
#7134=CARTESIAN_POINT('',(-0.00790743574578972,-0.0197516988919705,0.01184775));
#7135=CARTESIAN_POINT('',(-0.00793092853709642,-0.0197876054947841,0.01184775));
#7136=CARTESIAN_POINT('',(-0.00793798741184744,-0.0197984675659207,0.01184775));
#7137=CARTESIAN_POINT('',(-0.00680805860198335,-0.0187541721746029,0.01184775));
#7138=CARTESIAN_POINT('',(-0.00680805860198335,-0.0187541721746029,0.006));
#7139=CARTESIAN_POINT('',(-0.00694017967797659,-0.0184274254127119,0.008923875));
#7140=CARTESIAN_POINT('',(-0.00694017967797659,-0.0184274254127119,0.01184775));
#7141=CARTESIAN_POINT('',(-0.00660749444493173,-0.0183110640753117,0.01184775));
#7142=CARTESIAN_POINT('',(-0.00660749444493173,-0.0183110640753117,0.01184775));
#7143=CARTESIAN_POINT('',(-0.00660749444493144,-0.0183110640753116,0.006));
#7144=CARTESIAN_POINT('',(-0.00694017967797659,-0.0184274254127119,0.006));
#7145=CARTESIAN_POINT('',(4.68375338513738E-17,-0.016,0.01184775));
#7146=CARTESIAN_POINT('',(4.68375338513738E-17,-0.016,0.006));
#7147=CARTESIAN_POINT('',(-0.00670398467675899,-0.0180140976773187,0.006));
#7148=CARTESIAN_POINT('',(4.68375338513738E-17,-0.016,0.01184775));
#7149=CARTESIAN_POINT('',(-0.00670398467675899,-0.0180140976773187,0.01184775));
#7150=CARTESIAN_POINT('',(-0.00670398467675899,-0.0180140976773187,0.01184775));
#7151=CARTESIAN_POINT('',(-0.00704152816213088,-0.0181155068515131,0.008923875));
#7152=CARTESIAN_POINT('',(-0.00704152816213088,-0.0181155068515131,0.01184775));
#7153=CARTESIAN_POINT('',(-0.00712669689421111,-0.0177735043483004,0.01184775));
#7154=CARTESIAN_POINT('',(-0.00712669689421112,-0.0177735043483004,0.01184775));
#7155=CARTESIAN_POINT('',(-0.00712669689421111,-0.0177735043483004,0.006));
#7156=CARTESIAN_POINT('',(-0.00704152816213088,-0.0181155068515131,0.006));
#7157=CARTESIAN_POINT('',(-0.00712669680091206,-0.0177735043250662,0.01184775));
#7158=CARTESIAN_POINT('',(-0.00712669680091206,-0.0177735043250662,0.00600000000000001));
#7159=CARTESIAN_POINT('',(-0.00717840735092198,-0.0177863817804843,0.01184775));
#7160=CARTESIAN_POINT('',(-0.00717840735092198,-0.0177863817804843,0.00600000000000001));
#7161=CARTESIAN_POINT('',(-0.00726927608431487,-0.0178089329450407,0.01184775));
#7162=CARTESIAN_POINT('',(-0.00726927608431487,-0.0178089329450407,0.00600000000000001));
#7163=CARTESIAN_POINT('',(-0.00731275416207151,-0.0178196400812047,0.01184775));
#7164=CARTESIAN_POINT('',(-0.00731275416207151,-0.0178196400812047,0.00600000000000001));
#7165=CARTESIAN_POINT('',(-0.00734671881482674,-0.0178241292419049,0.01184775));
#7166=CARTESIAN_POINT('',(-0.00734671881482674,-0.0178241292419049,0.006));
#7167=CARTESIAN_POINT('',(-0.00746637003298853,-0.0178353756987099,0.01184775));
#7168=CARTESIAN_POINT('',(-0.00746637003298853,-0.0178353756987099,0.00600000000000001));
#7169=CARTESIAN_POINT('',(-0.00762296160162284,-0.0178324692393396,0.01184775));
#7170=CARTESIAN_POINT('',(-0.00762296160162284,-0.0178324692393396,0.00600000000000001));
#7171=CARTESIAN_POINT('',(-0.00786542353055047,-0.0178110094393125,0.01184775));
#7172=CARTESIAN_POINT('',(-0.00786542353055047,-0.0178110094393125,0.00600000000000001));
#7173=CARTESIAN_POINT('',(-0.00820540923487612,-0.0177455270289131,0.01184775));
#7174=CARTESIAN_POINT('',(-0.00820540923487612,-0.0177455270289131,0.00600000000000001));
#7175=CARTESIAN_POINT('',(-0.00850250590930368,-0.0176511536544408,0.01184775));
#7176=CARTESIAN_POINT('',(-0.00850250590930368,-0.0176511536544408,0.00600000000000001));
#7177=CARTESIAN_POINT('',(-0.00865464993387847,-0.0175928071201554,0.01184775));
#7178=CARTESIAN_POINT('',(-0.00865464993387847,-0.0175928071201554,0.00600000000000001));
#7179=CARTESIAN_POINT('',(-0.00679287095876158,-0.0176902378937929,0.01184775));
#7180=CARTESIAN_POINT('',(-0.00703147236811033,-0.0177497894609468,0.01184775));
#7181=CARTESIAN_POINT('',(-0.00729231613527893,-0.0178148924088281,0.01184775));
#7182=CARTESIAN_POINT('',(-0.00730046490451787,-0.0178163904749025,0.01184775));
#7183=CARTESIAN_POINT('',(-0.00730887090629437,-0.0178180865506895,0.01184775));
#7184=CARTESIAN_POINT('',(-0.00731887114318308,-0.0178198194941135,0.01184775));
#7185=CARTESIAN_POINT('',(-0.00733235921376586,-0.0178219214469884,0.01184775));
#7186=CARTESIAN_POINT('',(-0.00734871286020734,-0.0178241199990782,0.01184775));
#7187=CARTESIAN_POINT('',(-0.00736814338013404,-0.0178263435948025,0.01184775));
#7188=CARTESIAN_POINT('',(-0.00739059407611723,-0.0178284568030434,0.01184775));
#7189=CARTESIAN_POINT('',(-0.00741608597408907,-0.0178303435367162,0.01184775));
#7190=CARTESIAN_POINT('',(-0.00744461211852012,-0.0178318817377475,0.01184775));
#7191=CARTESIAN_POINT('',(-0.0074761691858491,-0.0178329510752789,0.01184775));
#7192=CARTESIAN_POINT('',(-0.00751074813452954,-0.0178334307945315,0.01184775));
#7193=CARTESIAN_POINT('',(-0.00754833692825999,-0.0178332004676165,0.01184775));
#7194=CARTESIAN_POINT('',(-0.00758891974876026,-0.0178321398996529,0.01184775));
#7195=CARTESIAN_POINT('',(-0.00763247722760523,-0.0178301292791616,0.01184775));
#7196=CARTESIAN_POINT('',(-0.00767898638969373,-0.0178270492583688,0.01184775));
#7197=CARTESIAN_POINT('',(-0.00772842068255853,-0.017822781053325,0.01184775));
#7198=CARTESIAN_POINT('',(-0.0077807499846469,-0.017817206538143,0.01184775));
#7199=CARTESIAN_POINT('',(-0.00783594062281185,-0.0178102083403846,0.01184775));
#7200=CARTESIAN_POINT('',(-0.00789395539019891,-0.0178016699361599,0.01184775));
#7201=CARTESIAN_POINT('',(-0.00795475356773456,-0.0177914757427875,0.01184775));
#7202=CARTESIAN_POINT('',(-0.00801829094528413,-0.017779511219148,0.01184775));
#7203=CARTESIAN_POINT('',(-0.00808451985514961,-0.0177656629336413,0.01184775));
#7204=CARTESIAN_POINT('',(-0.0081533891695377,-0.0177498187545017,0.01184775));
#7205=CARTESIAN_POINT('',(-0.00822484444828194,-0.0177318675652426,0.01184775));
#7206=CARTESIAN_POINT('',(-0.0082988275192672,-0.0177117008053333,0.01184775));
#7207=CARTESIAN_POINT('',(-0.00837527825174208,-0.0176892069877536,0.01184775));
#7208=CARTESIAN_POINT('',(-0.00845412791698218,-0.0176642931911536,0.01184775));
#7209=CARTESIAN_POINT('',(-0.00853532484148377,-0.0176368030391441,0.01184775));
#7210=CARTESIAN_POINT('',(-0.00860244318001405,-0.0176126859534438,0.01184775));
#7211=CARTESIAN_POINT('',(-0.00864255461902024,-0.0175974456178226,0.01184775));
#7212=CARTESIAN_POINT('',(-0.00865464993387847,-0.0175928071201554,0.01184775));
#7213=CARTESIAN_POINT('',(-0.00865464993387847,-0.0175928071201554,0.01184775));
#7214=CARTESIAN_POINT('',(-0.00865464993387847,-0.0175928071201554,0.01184775));
#7215=CARTESIAN_POINT('',(-0.00865464993387847,-0.0175928071201554,0.006));
#7216=CARTESIAN_POINT('',(-0.00679287095876158,-0.0176902378937929,0.006));
#7217=CARTESIAN_POINT('',(-0.00703147236811033,-0.0177497894609468,0.006));
#7218=CARTESIAN_POINT('',(-0.00729231613527893,-0.0178148924088281,0.006));
#7219=CARTESIAN_POINT('',(-0.00730046490451787,-0.0178163904749025,0.006));
#7220=CARTESIAN_POINT('',(-0.00730887090629437,-0.0178180865506895,0.006));
#7221=CARTESIAN_POINT('',(-0.00731887114318308,-0.0178198194941135,0.006));
#7222=CARTESIAN_POINT('',(-0.00733235921376586,-0.0178219214469884,0.006));
#7223=CARTESIAN_POINT('',(-0.00734871286020734,-0.0178241199990782,0.006));
#7224=CARTESIAN_POINT('',(-0.00736814338013404,-0.0178263435948025,0.006));
#7225=CARTESIAN_POINT('',(-0.00739059407611723,-0.0178284568030434,0.006));
#7226=CARTESIAN_POINT('',(-0.00741608597408907,-0.0178303435367162,0.006));
#7227=CARTESIAN_POINT('',(-0.00744461211852012,-0.0178318817377475,0.006));
#7228=CARTESIAN_POINT('',(-0.0074761691858491,-0.0178329510752789,0.006));
#7229=CARTESIAN_POINT('',(-0.00751074813452954,-0.0178334307945315,0.006));
#7230=CARTESIAN_POINT('',(-0.00754833692825999,-0.0178332004676165,0.006));
#7231=CARTESIAN_POINT('',(-0.00758891974876026,-0.0178321398996529,0.006));
#7232=CARTESIAN_POINT('',(-0.00763247722760523,-0.0178301292791616,0.006));
#7233=CARTESIAN_POINT('',(-0.00767898638969373,-0.0178270492583688,0.006));
#7234=CARTESIAN_POINT('',(-0.00772842068255853,-0.017822781053325,0.006));
#7235=CARTESIAN_POINT('',(-0.0077807499846469,-0.017817206538143,0.006));
#7236=CARTESIAN_POINT('',(-0.00783594062281185,-0.0178102083403846,0.006));
#7237=CARTESIAN_POINT('',(-0.00789395539019891,-0.0178016699361599,0.006));
#7238=CARTESIAN_POINT('',(-0.00795475356773456,-0.0177914757427875,0.006));
#7239=CARTESIAN_POINT('',(-0.00801829094528413,-0.017779511219148,0.006));
#7240=CARTESIAN_POINT('',(-0.00808451985514961,-0.0177656629336413,0.006));
#7241=CARTESIAN_POINT('',(-0.0081533891695377,-0.0177498187545017,0.006));
#7242=CARTESIAN_POINT('',(-0.00822484444828194,-0.0177318675652426,0.006));
#7243=CARTESIAN_POINT('',(-0.0082988275192672,-0.0177117008053333,0.006));
#7244=CARTESIAN_POINT('',(-0.00837527825174208,-0.0176892069877536,0.006));
#7245=CARTESIAN_POINT('',(-0.00845412791698218,-0.0176642931911536,0.006));
#7246=CARTESIAN_POINT('',(-0.00853532484148377,-0.0176368030391441,0.006));
#7247=CARTESIAN_POINT('',(-0.00860244318001405,-0.0176126859534438,0.006));
#7248=CARTESIAN_POINT('',(-0.00864255461902024,-0.0175974456178226,0.006));
#7249=CARTESIAN_POINT('',(-0.00865464993387847,-0.0175928071201554,0.006));
#7250=CARTESIAN_POINT('',(0.,-0.016,0.01184775));
#7251=CARTESIAN_POINT('',(0.,-0.016,0.01184775));
#7252=CARTESIAN_POINT('',(-0.00872326568475795,-0.0171595843191094,0.01184775));
#7253=CARTESIAN_POINT('',(-0.00872326568475795,-0.0171595843191094,0.01184775));
#7254=CARTESIAN_POINT('',(-0.00872326568475795,-0.0171595843191094,0.006));
#7255=CARTESIAN_POINT('',(0.,-0.016,0.006));
#7256=CARTESIAN_POINT('',(-0.00732593440821,-0.0165155675802076,0.01184775));
#7257=CARTESIAN_POINT('',(-0.00732593440821,-0.0165155675802076,0.00599999999999999));
#7258=CARTESIAN_POINT('',(-0.00737909341632668,-0.0165192998310604,0.01184775));
#7259=CARTESIAN_POINT('',(-0.00737909341632668,-0.0165192998310604,0.00599999999999999));
#7260=CARTESIAN_POINT('',(-0.00747248341043837,-0.0165259323819347,0.01184775));
#7261=CARTESIAN_POINT('',(-0.00747248341043837,-0.0165259323819347,0.00599999999999999));
#7262=CARTESIAN_POINT('',(-0.00751714220664072,-0.0165291847552247,0.01184775));
#7263=CARTESIAN_POINT('',(-0.00751714220664072,-0.0165291847552247,0.00599999999999999));
#7264=CARTESIAN_POINT('',(-0.00755083173791403,-0.0165354109645973,0.01184775));
#7265=CARTESIAN_POINT('',(-0.00755083173791403,-0.0165354109645973,0.00599999999999999));
#7266=CARTESIAN_POINT('',(-0.00766810215490874,-0.0165616892083775,0.01184775));
#7267=CARTESIAN_POINT('',(-0.00766810215490874,-0.0165616892083775,0.00599999999999999));
#7268=CARTESIAN_POINT('',(-0.00781613144131638,-0.0166128428713847,0.01184775));
#7269=CARTESIAN_POINT('',(-0.00781613144131638,-0.0166128428713847,0.00599999999999999));
#7270=CARTESIAN_POINT('',(-0.00804009499587224,-0.0167081772105665,0.01184775));
#7271=CARTESIAN_POINT('',(-0.00804009499587224,-0.0167081772105665,0.00599999999999999));
#7272=CARTESIAN_POINT('',(-0.00834320543777221,-0.0168755160441612,0.01184775));
#7273=CARTESIAN_POINT('',(-0.00834320543777221,-0.0168755160441612,0.00599999999999999));
#7274=CARTESIAN_POINT('',(-0.00859659818942802,-0.0170570783782869,0.01184775));
#7275=CARTESIAN_POINT('',(-0.00859659818942802,-0.0170570783782869,0.00599999999999999));
#7276=CARTESIAN_POINT('',(-0.00872326568475795,-0.0171595843191094,0.01184775));
#7277=CARTESIAN_POINT('',(-0.00872326568475795,-0.0171595843191094,0.00599999999999999));
#7278=CARTESIAN_POINT('',(-0.00698271642340084,-0.0164916008038726,0.006));
#7279=CARTESIAN_POINT('',(-0.0072280422948514,-0.0165086957882459,0.006));
#7280=CARTESIAN_POINT('',(-0.00749623737663127,-0.0165273843623653,0.006));
#7281=CARTESIAN_POINT('',(-0.00750445024459145,-0.0165284777250415,0.006));
#7282=CARTESIAN_POINT('',(-0.00751296894359893,-0.0165294622585157,0.006));
#7283=CARTESIAN_POINT('',(-0.00752301524302473,-0.0165309043745263,0.006));
#7284=CARTESIAN_POINT('',(-0.00753649269960444,-0.0165330733415791,0.006));
#7285=CARTESIAN_POINT('',(-0.00755272533157657,-0.0165360359489581,0.006));
#7286=CARTESIAN_POINT('',(-0.00757189198303528,-0.0165399255446219,0.006));
#7287=CARTESIAN_POINT('',(-0.00759389688100453,-0.0165448534107485,0.006));
#7288=CARTESIAN_POINT('',(-0.00761872414945217,-0.0165509364500865,0.006));
#7289=CARTESIAN_POINT('',(-0.00764632945525751,-0.0165582885973856,0.006));
#7290=CARTESIAN_POINT('',(-0.00767667245324584,-0.0165670232670555,0.006));
#7291=CARTESIAN_POINT('',(-0.00770970722911657,-0.0165772525097242,0.006));
#7292=CARTESIAN_POINT('',(-0.0077453851214026,-0.0165890871396983,0.006));
#7293=CARTESIAN_POINT('',(-0.00778365394376457,-0.0166026365809854,0.006));
#7294=CARTESIAN_POINT('',(-0.00782445825195241,-0.0166180087959007,0.006));
#7295=CARTESIAN_POINT('',(-0.00786773931485612,-0.0166353101912254,0.006));
#7296=CARTESIAN_POINT('',(-0.00791343517331961,-0.0166546455320454,0.006));
#7297=CARTESIAN_POINT('',(-0.00796148067713731,-0.0166761178546834,0.006));
#7298=CARTESIAN_POINT('',(-0.00801180753116521,-0.0166998283813873,0.006));
#7299=CARTESIAN_POINT('',(-0.00806434434171977,-0.0167258764354112,0.006));
#7300=CARTESIAN_POINT('',(-0.00811901666564789,-0.016754359359532,0.006));
#7301=CARTESIAN_POINT('',(-0.00817574706146051,-0.0167853724271445,0.006));
#7302=CARTESIAN_POINT('',(-0.00823445514219067,-0.0168190087879825,0.006));
#7303=CARTESIAN_POINT('',(-0.00829505763179621,-0.0168553592863354,0.006));
#7304=CARTESIAN_POINT('',(-0.0083574684177193,-0.0168945127773253,0.006));
#7305=CARTESIAN_POINT('',(-0.00842159862794187,-0.0169365545319802,0.006));
#7306=CARTESIAN_POINT('',(-0.00848735662333713,-0.0169815719993329,0.006));
#7307=CARTESIAN_POINT('',(-0.00855464832472765,-0.0170296323144949,0.006));
#7308=CARTESIAN_POINT('',(-0.00862337626472914,-0.0170808682322594,0.006));
#7309=CARTESIAN_POINT('',(-0.00867975700861506,-0.0171245456510088,0.006));
#7310=CARTESIAN_POINT('',(-0.00871319573135294,-0.0171514351878337,0.006));
#7311=CARTESIAN_POINT('',(-0.00872326568475795,-0.0171595843191094,0.006));
#7312=CARTESIAN_POINT('',(-0.00732593450412245,-0.0165155675869415,0.006));
#7313=CARTESIAN_POINT('',(-0.00698271642340084,-0.0164916008038726,0.01184775));
#7314=CARTESIAN_POINT('',(-0.0072280422948514,-0.0165086957882459,0.01184775));
#7315=CARTESIAN_POINT('',(-0.00749623737663127,-0.0165273843623653,0.01184775));
#7316=CARTESIAN_POINT('',(-0.00750445024459145,-0.0165284777250415,0.01184775));
#7317=CARTESIAN_POINT('',(-0.00751296894359893,-0.0165294622585157,0.01184775));
#7318=CARTESIAN_POINT('',(-0.00752301524302473,-0.0165309043745263,0.01184775));
#7319=CARTESIAN_POINT('',(-0.00753649269960444,-0.0165330733415791,0.01184775));
#7320=CARTESIAN_POINT('',(-0.00755272533157657,-0.0165360359489581,0.01184775));
#7321=CARTESIAN_POINT('',(-0.00757189198303528,-0.0165399255446219,0.01184775));
#7322=CARTESIAN_POINT('',(-0.00759389688100453,-0.0165448534107485,0.01184775));
#7323=CARTESIAN_POINT('',(-0.00761872414945217,-0.0165509364500865,0.01184775));
#7324=CARTESIAN_POINT('',(-0.00764632945525751,-0.0165582885973856,0.01184775));
#7325=CARTESIAN_POINT('',(-0.00767667245324584,-0.0165670232670555,0.01184775));
#7326=CARTESIAN_POINT('',(-0.00770970722911657,-0.0165772525097242,0.01184775));
#7327=CARTESIAN_POINT('',(-0.0077453851214026,-0.0165890871396983,0.01184775));
#7328=CARTESIAN_POINT('',(-0.00778365394376457,-0.0166026365809854,0.01184775));
#7329=CARTESIAN_POINT('',(-0.00782445825195241,-0.0166180087959007,0.01184775));
#7330=CARTESIAN_POINT('',(-0.00786773931485612,-0.0166353101912254,0.01184775));
#7331=CARTESIAN_POINT('',(-0.00791343517331961,-0.0166546455320454,0.01184775));
#7332=CARTESIAN_POINT('',(-0.00796148067713731,-0.0166761178546834,0.01184775));
#7333=CARTESIAN_POINT('',(-0.00801180753116521,-0.0166998283813873,0.01184775));
#7334=CARTESIAN_POINT('',(-0.00806434434171977,-0.0167258764354112,0.01184775));
#7335=CARTESIAN_POINT('',(-0.00811901666564789,-0.016754359359532,0.01184775));
#7336=CARTESIAN_POINT('',(-0.00817574706146051,-0.0167853724271445,0.01184775));
#7337=CARTESIAN_POINT('',(-0.00823445514219067,-0.0168190087879825,0.01184775));
#7338=CARTESIAN_POINT('',(-0.00829505763179621,-0.0168553592863354,0.01184775));
#7339=CARTESIAN_POINT('',(-0.0083574684177193,-0.0168945127773253,0.01184775));
#7340=CARTESIAN_POINT('',(-0.00842159862794187,-0.0169365545319802,0.01184775));
#7341=CARTESIAN_POINT('',(-0.00848735662333713,-0.0169815719993329,0.01184775));
#7342=CARTESIAN_POINT('',(-0.00855464832472765,-0.0170296323144949,0.01184775));
#7343=CARTESIAN_POINT('',(-0.00862337626472914,-0.0170808682322594,0.01184775));
#7344=CARTESIAN_POINT('',(-0.00867975700861506,-0.0171245456510088,0.01184775));
#7345=CARTESIAN_POINT('',(-0.00871319573135294,-0.0171514351878337,0.01184775));
#7346=CARTESIAN_POINT('',(-0.00872326568475795,-0.0171595843191094,0.01184775));
#7347=CARTESIAN_POINT('',(-0.00732593450412245,-0.0165155675869415,0.01184775));
#7348=CARTESIAN_POINT('',(-0.00732593450412245,-0.0165155675869415,0.006));
#7349=CARTESIAN_POINT('',(-0.00735061881210444,-0.0161639852920697,0.008923875));
#7350=CARTESIAN_POINT('',(-0.00735061881210444,-0.0161639852920697,0.01184775));
#7351=CARTESIAN_POINT('',(-0.00699825872259709,-0.0161561244746789,0.01184775));
#7352=CARTESIAN_POINT('',(-0.00699825872259709,-0.0161561244746789,0.01184775));
#7353=CARTESIAN_POINT('',(-0.00699825872259679,-0.0161561244746789,0.006));
#7354=CARTESIAN_POINT('',(-0.00735061881210444,-0.0161639852920697,0.006));
#7355=CARTESIAN_POINT('',(4.9439619065339E-17,-0.016,0.01184775));
#7356=CARTESIAN_POINT('',(4.9439619065339E-17,-0.016,0.006));
#7357=CARTESIAN_POINT('',(-0.00699825872259709,-0.0158438755253212,0.006));
#7358=CARTESIAN_POINT('',(4.9439619065339E-17,-0.016,0.01184775));
#7359=CARTESIAN_POINT('',(-0.00699825872259709,-0.0158438755253212,0.01184775));
#7360=CARTESIAN_POINT('',(-0.00699825872259709,-0.0158438755253212,0.01184775));
#7361=CARTESIAN_POINT('',(-0.00735061881210458,-0.0158360147079303,0.008923875));
#7362=CARTESIAN_POINT('',(-0.00735061881210458,-0.0158360147079303,0.01184775));
#7363=CARTESIAN_POINT('',(-0.00732593450412259,-0.0154844324130585,0.01184775));
#7364=CARTESIAN_POINT('',(-0.0073259345041226,-0.0154844324130585,0.01184775));
#7365=CARTESIAN_POINT('',(-0.00732593450412259,-0.0154844324130585,0.006));
#7366=CARTESIAN_POINT('',(-0.00735061881210458,-0.0158360147079303,0.006));
#7367=CARTESIAN_POINT('',(-0.00732593440821015,-0.0154844324197924,0.01184775));
#7368=CARTESIAN_POINT('',(-0.00732593440821015,-0.0154844324197924,0.006));
#7369=CARTESIAN_POINT('',(-0.0073790934163268,-0.0154807001689396,0.01184775));
#7370=CARTESIAN_POINT('',(-0.0073790934163268,-0.0154807001689396,0.006));
#7371=CARTESIAN_POINT('',(-0.00747248341043846,-0.0154740676180652,0.01184775));
#7372=CARTESIAN_POINT('',(-0.00747248341043846,-0.0154740676180652,0.006));
#7373=CARTESIAN_POINT('',(-0.00751714220664068,-0.0154708152447753,0.01184775));
#7374=CARTESIAN_POINT('',(-0.00751714220664068,-0.0154708152447753,0.006));
#7375=CARTESIAN_POINT('',(-0.00755083173791409,-0.0154645890354026,0.01184775));
#7376=CARTESIAN_POINT('',(-0.00755083173791409,-0.0154645890354026,0.00599999999999999));
#7377=CARTESIAN_POINT('',(-0.00766810215490875,-0.0154383107916225,0.01184775));
#7378=CARTESIAN_POINT('',(-0.00766810215490875,-0.0154383107916225,0.006));
#7379=CARTESIAN_POINT('',(-0.00781613144131641,-0.0153871571286153,0.01184775));
#7380=CARTESIAN_POINT('',(-0.00781613144131641,-0.0153871571286153,0.006));
#7381=CARTESIAN_POINT('',(-0.00804009499587226,-0.0152918227894335,0.01184775));
#7382=CARTESIAN_POINT('',(-0.00804009499587226,-0.0152918227894335,0.006));
#7383=CARTESIAN_POINT('',(-0.00834320543777222,-0.015124483955839,0.01184775));
#7384=CARTESIAN_POINT('',(-0.00834320543777222,-0.015124483955839,0.006));
#7385=CARTESIAN_POINT('',(-0.00859659818942803,-0.0149429216217127,0.01184775));
#7386=CARTESIAN_POINT('',(-0.00859659818942803,-0.0149429216217127,0.006));
#7387=CARTESIAN_POINT('',(-0.00872326568475795,-0.0148404156808906,0.01184775));
#7388=CARTESIAN_POINT('',(-0.00872326568475795,-0.0148404156808906,0.006));
#7389=CARTESIAN_POINT('',(-0.00698271642340084,-0.0155083991961274,0.01184775));
#7390=CARTESIAN_POINT('',(-0.0072280422948514,-0.0154913042117541,0.01184775));
#7391=CARTESIAN_POINT('',(-0.00749623737663127,-0.0154726156376347,0.01184775));
#7392=CARTESIAN_POINT('',(-0.00750445024459145,-0.0154715222749585,0.01184775));
#7393=CARTESIAN_POINT('',(-0.00751296894359893,-0.0154705377414843,0.01184775));
#7394=CARTESIAN_POINT('',(-0.00752301524302473,-0.0154690956254736,0.01184775));
#7395=CARTESIAN_POINT('',(-0.00753649269960444,-0.0154669266584209,0.01184775));
#7396=CARTESIAN_POINT('',(-0.00755272533157657,-0.0154639640510419,0.01184775));
#7397=CARTESIAN_POINT('',(-0.00757189198303528,-0.0154600744553781,0.01184775));
#7398=CARTESIAN_POINT('',(-0.00759389688100453,-0.0154551465892515,0.01184775));
#7399=CARTESIAN_POINT('',(-0.00761872414945217,-0.0154490635499135,0.01184775));
#7400=CARTESIAN_POINT('',(-0.00764632945525751,-0.0154417114026145,0.01184775));
#7401=CARTESIAN_POINT('',(-0.00767667245324584,-0.0154329767329446,0.01184775));
#7402=CARTESIAN_POINT('',(-0.00770970722911657,-0.0154227474902757,0.01184775));
#7403=CARTESIAN_POINT('',(-0.0077453851214026,-0.0154109128603016,0.01184775));
#7404=CARTESIAN_POINT('',(-0.00778365394376457,-0.0153973634190147,0.01184775));
#7405=CARTESIAN_POINT('',(-0.00782445825195241,-0.0153819912040993,0.01184775));
#7406=CARTESIAN_POINT('',(-0.00786773931485612,-0.0153646898087746,0.01184775));
#7407=CARTESIAN_POINT('',(-0.00791343517331961,-0.0153453544679547,0.01184775));
#7408=CARTESIAN_POINT('',(-0.00796148067713731,-0.0153238821453166,0.01184775));
#7409=CARTESIAN_POINT('',(-0.00801180753116521,-0.0153001716186127,0.01184775));
#7410=CARTESIAN_POINT('',(-0.00806434434171977,-0.0152741235645888,0.01184775));
#7411=CARTESIAN_POINT('',(-0.00811901666564789,-0.015245640640468,0.01184775));
#7412=CARTESIAN_POINT('',(-0.00817574706146051,-0.0152146275728555,0.01184775));
#7413=CARTESIAN_POINT('',(-0.00823445514219067,-0.0151809912120175,0.01184775));
#7414=CARTESIAN_POINT('',(-0.00829505763179621,-0.0151446407136646,0.01184775));
#7415=CARTESIAN_POINT('',(-0.0083574684177193,-0.0151054872226747,0.01184775));
#7416=CARTESIAN_POINT('',(-0.00842159862794187,-0.0150634454680198,0.01184775));
#7417=CARTESIAN_POINT('',(-0.00848735662333713,-0.0150184280006671,0.01184775));
#7418=CARTESIAN_POINT('',(-0.00855464832472765,-0.0149703676855051,0.01184775));
#7419=CARTESIAN_POINT('',(-0.00862337626472914,-0.0149191317677406,0.01184775));
#7420=CARTESIAN_POINT('',(-0.00867975700861506,-0.0148754543489912,0.01184775));
#7421=CARTESIAN_POINT('',(-0.00871319573135294,-0.0148485648121663,0.01184775));
#7422=CARTESIAN_POINT('',(-0.00872326568475795,-0.0148404156808906,0.01184775));
#7423=CARTESIAN_POINT('',(-0.00872326568475795,-0.0148404156808906,0.01184775));
#7424=CARTESIAN_POINT('',(-0.00872326568475795,-0.0148404156808906,0.01184775));
#7425=CARTESIAN_POINT('',(-0.00872326568475795,-0.0148404156808906,0.006));
#7426=CARTESIAN_POINT('',(-0.00698271642340084,-0.0155083991961274,0.006));
#7427=CARTESIAN_POINT('',(-0.0072280422948514,-0.0154913042117541,0.006));
#7428=CARTESIAN_POINT('',(-0.00749623737663127,-0.0154726156376347,0.006));
#7429=CARTESIAN_POINT('',(-0.00750445024459145,-0.0154715222749585,0.006));
#7430=CARTESIAN_POINT('',(-0.00751296894359893,-0.0154705377414843,0.006));
#7431=CARTESIAN_POINT('',(-0.00752301524302473,-0.0154690956254736,0.006));
#7432=CARTESIAN_POINT('',(-0.00753649269960444,-0.0154669266584209,0.006));
#7433=CARTESIAN_POINT('',(-0.00755272533157657,-0.0154639640510419,0.006));
#7434=CARTESIAN_POINT('',(-0.00757189198303528,-0.0154600744553781,0.006));
#7435=CARTESIAN_POINT('',(-0.00759389688100453,-0.0154551465892515,0.006));
#7436=CARTESIAN_POINT('',(-0.00761872414945217,-0.0154490635499135,0.006));
#7437=CARTESIAN_POINT('',(-0.00764632945525751,-0.0154417114026145,0.006));
#7438=CARTESIAN_POINT('',(-0.00767667245324584,-0.0154329767329446,0.006));
#7439=CARTESIAN_POINT('',(-0.00770970722911657,-0.0154227474902757,0.006));
#7440=CARTESIAN_POINT('',(-0.0077453851214026,-0.0154109128603016,0.006));
#7441=CARTESIAN_POINT('',(-0.00778365394376457,-0.0153973634190147,0.006));
#7442=CARTESIAN_POINT('',(-0.00782445825195241,-0.0153819912040993,0.006));
#7443=CARTESIAN_POINT('',(-0.00786773931485612,-0.0153646898087746,0.006));
#7444=CARTESIAN_POINT('',(-0.00791343517331961,-0.0153453544679547,0.006));
#7445=CARTESIAN_POINT('',(-0.00796148067713731,-0.0153238821453166,0.006));
#7446=CARTESIAN_POINT('',(-0.00801180753116521,-0.0153001716186127,0.006));
#7447=CARTESIAN_POINT('',(-0.00806434434171977,-0.0152741235645888,0.006));
#7448=CARTESIAN_POINT('',(-0.00811901666564789,-0.015245640640468,0.006));
#7449=CARTESIAN_POINT('',(-0.00817574706146051,-0.0152146275728555,0.006));
#7450=CARTESIAN_POINT('',(-0.00823445514219067,-0.0151809912120175,0.006));
#7451=CARTESIAN_POINT('',(-0.00829505763179621,-0.0151446407136646,0.006));
#7452=CARTESIAN_POINT('',(-0.0083574684177193,-0.0151054872226747,0.006));
#7453=CARTESIAN_POINT('',(-0.00842159862794187,-0.0150634454680198,0.006));
#7454=CARTESIAN_POINT('',(-0.00848735662333713,-0.0150184280006671,0.006));
#7455=CARTESIAN_POINT('',(-0.00855464832472765,-0.0149703676855051,0.006));
#7456=CARTESIAN_POINT('',(-0.00862337626472914,-0.0149191317677406,0.006));
#7457=CARTESIAN_POINT('',(-0.00867975700861506,-0.0148754543489912,0.006));
#7458=CARTESIAN_POINT('',(-0.00871319573135294,-0.0148485648121663,0.006));
#7459=CARTESIAN_POINT('',(-0.00872326568475795,-0.0148404156808906,0.006));
#7460=CARTESIAN_POINT('',(0.,-0.016,0.01184775));
#7461=CARTESIAN_POINT('',(0.,-0.016,0.01184775));
#7462=CARTESIAN_POINT('',(-0.00865464993387847,-0.0144071928798447,0.01184775));
#7463=CARTESIAN_POINT('',(-0.00865464993387847,-0.0144071928798447,0.01184775));
#7464=CARTESIAN_POINT('',(-0.00865464993387847,-0.0144071928798447,0.006));
#7465=CARTESIAN_POINT('',(0.,-0.016,0.006));
#7466=CARTESIAN_POINT('',(-0.00712669680091191,-0.0142264956749339,0.01184775));
#7467=CARTESIAN_POINT('',(-0.00712669680091191,-0.0142264956749339,0.00599999999999998));
#7468=CARTESIAN_POINT('',(-0.00717840735092186,-0.0142136182195157,0.01184775));
#7469=CARTESIAN_POINT('',(-0.00717840735092186,-0.0142136182195157,0.00599999999999998));
#7470=CARTESIAN_POINT('',(-0.00726927608431478,-0.0141910670549594,0.01184775));
#7471=CARTESIAN_POINT('',(-0.00726927608431478,-0.0141910670549594,0.00599999999999998));
#7472=CARTESIAN_POINT('',(-0.00731275416207155,-0.0141803599187953,0.01184775));
#7473=CARTESIAN_POINT('',(-0.00731275416207155,-0.0141803599187953,0.00599999999999998));
#7474=CARTESIAN_POINT('',(-0.00734671881482667,-0.0141758707580951,0.01184775));
#7475=CARTESIAN_POINT('',(-0.00734671881482667,-0.0141758707580951,0.00599999999999998));
#7476=CARTESIAN_POINT('',(-0.00746637003298851,-0.0141646243012901,0.01184775));
#7477=CARTESIAN_POINT('',(-0.00746637003298851,-0.0141646243012901,0.00599999999999997));
#7478=CARTESIAN_POINT('',(-0.00762296160162281,-0.0141675307606604,0.01184775));
#7479=CARTESIAN_POINT('',(-0.00762296160162281,-0.0141675307606604,0.00599999999999998));
#7480=CARTESIAN_POINT('',(-0.00786542353055045,-0.0141889905606876,0.01184775));
#7481=CARTESIAN_POINT('',(-0.00786542353055045,-0.0141889905606876,0.00599999999999998));
#7482=CARTESIAN_POINT('',(-0.00820540923487611,-0.0142544729710872,0.01184775));
#7483=CARTESIAN_POINT('',(-0.00820540923487611,-0.0142544729710872,0.00599999999999998));
#7484=CARTESIAN_POINT('',(-0.00850250590930367,-0.0143488463455585,0.01184775));
#7485=CARTESIAN_POINT('',(-0.00850250590930367,-0.0143488463455585,0.00599999999999998));
#7486=CARTESIAN_POINT('',(-0.00865464993387847,-0.0144071928798447,0.01184775));
#7487=CARTESIAN_POINT('',(-0.00865464993387847,-0.0144071928798447,0.00599999999999998));
#7488=CARTESIAN_POINT('',(-0.00679287095876158,-0.0143097621062071,0.006));
#7489=CARTESIAN_POINT('',(-0.00703147236811033,-0.0142502105390532,0.006));
#7490=CARTESIAN_POINT('',(-0.00729231613527893,-0.014185107591172,0.006));
#7491=CARTESIAN_POINT('',(-0.00730046490451787,-0.0141836095250975,0.006));
#7492=CARTESIAN_POINT('',(-0.00730887090629437,-0.0141819134493104,0.006));
#7493=CARTESIAN_POINT('',(-0.00731887114318308,-0.0141801805058865,0.006));
#7494=CARTESIAN_POINT('',(-0.00733235921376586,-0.0141780785530116,0.006));
#7495=CARTESIAN_POINT('',(-0.00734871286020734,-0.0141758800009218,0.006));
#7496=CARTESIAN_POINT('',(-0.00736814338013404,-0.0141736564051975,0.006));
#7497=CARTESIAN_POINT('',(-0.00739059407611723,-0.0141715431969567,0.006));
#7498=CARTESIAN_POINT('',(-0.00741608597408907,-0.0141696564632837,0.006));
#7499=CARTESIAN_POINT('',(-0.00744461211852012,-0.0141681182622525,0.006));
#7500=CARTESIAN_POINT('',(-0.0074761691858491,-0.0141670489247211,0.006));
#7501=CARTESIAN_POINT('',(-0.00751074813452955,-0.0141665692054686,0.006));
#7502=CARTESIAN_POINT('',(-0.00754833692825998,-0.0141667995323835,0.006));
#7503=CARTESIAN_POINT('',(-0.00758891974876026,-0.0141678601003471,0.006));
#7504=CARTESIAN_POINT('',(-0.00763247722760523,-0.0141698707208384,0.006));
#7505=CARTESIAN_POINT('',(-0.00767898638969373,-0.0141729507416312,0.006));
#7506=CARTESIAN_POINT('',(-0.00772842068255853,-0.014177218946675,0.006));
#7507=CARTESIAN_POINT('',(-0.0077807499846469,-0.014182793461857,0.006));
#7508=CARTESIAN_POINT('',(-0.00783594062281185,-0.0141897916596155,0.006));
#7509=CARTESIAN_POINT('',(-0.00789395539019891,-0.0141983300638401,0.006));
#7510=CARTESIAN_POINT('',(-0.00795475356773456,-0.0142085242572125,0.006));
#7511=CARTESIAN_POINT('',(-0.00801829094528413,-0.014220488780852,0.006));
#7512=CARTESIAN_POINT('',(-0.00808451985514961,-0.0142343370663587,0.006));
#7513=CARTESIAN_POINT('',(-0.0081533891695377,-0.0142501812454982,0.006));
#7514=CARTESIAN_POINT('',(-0.00822484444828194,-0.0142681324347573,0.006));
#7515=CARTESIAN_POINT('',(-0.0082988275192672,-0.0142882991946667,0.006));
#7516=CARTESIAN_POINT('',(-0.00837527825174207,-0.0143107930122465,0.006));
#7517=CARTESIAN_POINT('',(-0.00845412791698218,-0.0143357068088464,0.006));
#7518=CARTESIAN_POINT('',(-0.00853532484148377,-0.0143631969608558,0.006));
#7519=CARTESIAN_POINT('',(-0.00860244318001405,-0.0143873140465562,0.006));
#7520=CARTESIAN_POINT('',(-0.00864255461902024,-0.0144025543821774,0.006));
#7521=CARTESIAN_POINT('',(-0.00865464993387847,-0.0144071928798447,0.006));
#7522=CARTESIAN_POINT('',(-0.00712669689421097,-0.0142264956516997,0.006));
#7523=CARTESIAN_POINT('',(-0.00679287095876158,-0.0143097621062071,0.01184775));
#7524=CARTESIAN_POINT('',(-0.00703147236811033,-0.0142502105390532,0.01184775));
#7525=CARTESIAN_POINT('',(-0.00729231613527893,-0.014185107591172,0.01184775));
#7526=CARTESIAN_POINT('',(-0.00730046490451787,-0.0141836095250975,0.01184775));
#7527=CARTESIAN_POINT('',(-0.00730887090629437,-0.0141819134493104,0.01184775));
#7528=CARTESIAN_POINT('',(-0.00731887114318308,-0.0141801805058865,0.01184775));
#7529=CARTESIAN_POINT('',(-0.00733235921376586,-0.0141780785530116,0.01184775));
#7530=CARTESIAN_POINT('',(-0.00734871286020734,-0.0141758800009218,0.01184775));
#7531=CARTESIAN_POINT('',(-0.00736814338013404,-0.0141736564051975,0.01184775));
#7532=CARTESIAN_POINT('',(-0.00739059407611723,-0.0141715431969567,0.01184775));
#7533=CARTESIAN_POINT('',(-0.00741608597408907,-0.0141696564632837,0.01184775));
#7534=CARTESIAN_POINT('',(-0.00744461211852012,-0.0141681182622525,0.01184775));
#7535=CARTESIAN_POINT('',(-0.0074761691858491,-0.0141670489247211,0.01184775));
#7536=CARTESIAN_POINT('',(-0.00751074813452955,-0.0141665692054686,0.01184775));
#7537=CARTESIAN_POINT('',(-0.00754833692825998,-0.0141667995323835,0.01184775));
#7538=CARTESIAN_POINT('',(-0.00758891974876026,-0.0141678601003471,0.01184775));
#7539=CARTESIAN_POINT('',(-0.00763247722760523,-0.0141698707208384,0.01184775));
#7540=CARTESIAN_POINT('',(-0.00767898638969373,-0.0141729507416312,0.01184775));
#7541=CARTESIAN_POINT('',(-0.00772842068255853,-0.014177218946675,0.01184775));
#7542=CARTESIAN_POINT('',(-0.0077807499846469,-0.014182793461857,0.01184775));
#7543=CARTESIAN_POINT('',(-0.00783594062281185,-0.0141897916596155,0.01184775));
#7544=CARTESIAN_POINT('',(-0.00789395539019891,-0.0141983300638401,0.01184775));
#7545=CARTESIAN_POINT('',(-0.00795475356773456,-0.0142085242572125,0.01184775));
#7546=CARTESIAN_POINT('',(-0.00801829094528413,-0.014220488780852,0.01184775));
#7547=CARTESIAN_POINT('',(-0.00808451985514961,-0.0142343370663587,0.01184775));
#7548=CARTESIAN_POINT('',(-0.0081533891695377,-0.0142501812454982,0.01184775));
#7549=CARTESIAN_POINT('',(-0.00822484444828194,-0.0142681324347573,0.01184775));
#7550=CARTESIAN_POINT('',(-0.0082988275192672,-0.0142882991946667,0.01184775));
#7551=CARTESIAN_POINT('',(-0.00837527825174207,-0.0143107930122465,0.01184775));
#7552=CARTESIAN_POINT('',(-0.00845412791698218,-0.0143357068088464,0.01184775));
#7553=CARTESIAN_POINT('',(-0.00853532484148377,-0.0143631969608558,0.01184775));
#7554=CARTESIAN_POINT('',(-0.00860244318001405,-0.0143873140465562,0.01184775));
#7555=CARTESIAN_POINT('',(-0.00864255461902024,-0.0144025543821774,0.01184775));
#7556=CARTESIAN_POINT('',(-0.00865464993387847,-0.0144071928798447,0.01184775));
#7557=CARTESIAN_POINT('',(-0.00712669689421097,-0.0142264956516997,0.01184775));
#7558=CARTESIAN_POINT('',(-0.00712669689421097,-0.0142264956516997,0.006));
#7559=CARTESIAN_POINT('',(-0.00704152816213074,-0.013884493148487,0.008923875));
#7560=CARTESIAN_POINT('',(-0.00704152816213074,-0.013884493148487,0.01184775));
#7561=CARTESIAN_POINT('',(-0.00704152816213074,-0.013884493148487,0.006));
#7562=CARTESIAN_POINT('',(0.,-0.016,0.01184775));
#7563=CARTESIAN_POINT('',(-0.00311769145362392,-0.0178,0.01184775));
#7564=CARTESIAN_POINT('',(-0.00415692193816531,-0.016,0.01184775));
#7565=CARTESIAN_POINT('',(-0.00207846096908265,-0.0196,0.01184775));
#7566=CARTESIAN_POINT('',(-0.00311769145362404,-0.0142,0.01184775));
#7567=CARTESIAN_POINT('',(-0.00207846096908265,-0.0123999999999999,0.01184775));
#7568=CARTESIAN_POINT('',(0.,-0.0123999999999999,0.01184775));
#7569=CARTESIAN_POINT('',(0.00207846096908265,-0.0123999999999999,0.01184775));
#7570=CARTESIAN_POINT('',(0.00311769145362404,-0.0142,0.01184775));
#7571=CARTESIAN_POINT('',(0.00415692193816531,-0.016,0.01184775));
#7572=CARTESIAN_POINT('',(0.00311769145362392,-0.0178,0.01184775));
#7573=CARTESIAN_POINT('',(0.00207846096908265,-0.0196,0.01184775));
#7574=CARTESIAN_POINT('',(0.,-0.0196,0.01184775));
#7575=CARTESIAN_POINT('',(0.,-0.016,0.006));
#7576=CARTESIAN_POINT('',(0.,-0.016,0.006));
#7577=CARTESIAN_POINT('',(0.005,-0.016,0.006));
#7578=CARTESIAN_POINT('',(0.,-0.016,0.0055));
#7579=CARTESIAN_POINT('',(0.,-0.016,0.0055));
#7580=CARTESIAN_POINT('',(-0.005,-0.016,0.0055));
#7581=CARTESIAN_POINT('',(0.,-0.016,0.0055));
#7582=CARTESIAN_POINT('',(-0.00311769145362392,-0.0178,0.0055));
#7583=CARTESIAN_POINT('',(-0.00207846096908265,-0.0196,0.0055));
#7584=CARTESIAN_POINT('',(-0.00415692193816531,-0.016,0.0055));
#7585=CARTESIAN_POINT('',(0.,-0.0196,0.0055));
#7586=CARTESIAN_POINT('',(0.00207846096908265,-0.0196,0.0055));
#7587=CARTESIAN_POINT('',(0.00311769145362392,-0.0178,0.0055));
#7588=CARTESIAN_POINT('',(0.00415692193816531,-0.016,0.0055));
#7589=CARTESIAN_POINT('',(0.00311769145362404,-0.0142,0.0055));
#7590=CARTESIAN_POINT('',(0.00207846096908265,-0.0123999999999999,0.0055));
#7591=CARTESIAN_POINT('',(0.,-0.0123999999999999,0.0055));
#7592=CARTESIAN_POINT('',(-0.00207846096908265,-0.0123999999999999,0.0055));
#7593=CARTESIAN_POINT('',(-0.00311769145362404,-0.0142,0.0055));
#7594=CARTESIAN_POINT('',(-0.00311769145362398,-0.0141999999999999,-0.00865225));
#7595=CARTESIAN_POINT('',(-0.00415692193816531,-0.016,-0.00865225));
#7596=CARTESIAN_POINT('',(-0.00207846096908265,-0.0123999999999999,-0.00865225));
#7597=CARTESIAN_POINT('',(-4.33680868994202E-19,-0.0123999999999999,-0.00865225));
#7598=CARTESIAN_POINT('',(0.00207846096908265,-0.0123999999999999,-0.00865225));
#7599=CARTESIAN_POINT('',(0.00311769145362398,-0.0141999999999999,-0.00865225));
#7600=CARTESIAN_POINT('',(0.00415692193816531,-0.016,-0.00865225));
#7601=CARTESIAN_POINT('',(0.00311769145362398,-0.0178,-0.00865225));
#7602=CARTESIAN_POINT('',(0.00207846096908265,-0.0196,-0.00865225));
#7603=CARTESIAN_POINT('',(8.67361737988404E-19,-0.0196,-0.00865225));
#7604=CARTESIAN_POINT('',(-0.00207846096908265,-0.0196,-0.00865225));
#7605=CARTESIAN_POINT('',(-0.00311769145362398,-0.0178,-0.00865225));
#7606=MECHANICAL_DESIGN_GEOMETRIC_PRESENTATION_REPRESENTATION('',(#2453),
#7607);
#7607=(
GEOMETRIC_REPRESENTATION_CONTEXT(3)
GLOBAL_UNCERTAINTY_ASSIGNED_CONTEXT((#7608))
GLOBAL_UNIT_ASSIGNED_CONTEXT((#7611,#7610,#7609))
REPRESENTATION_CONTEXT('(POD) Drive input gear 2',
'TOP_LEVEL_ASSEMBLY_PART')
);
#7608=UNCERTAINTY_MEASURE_WITH_UNIT(LENGTH_MEASURE(2.E-5),#7611,
'DISTANCE_ACCURACY_VALUE','Maximum Tolerance applied to model');
#7609=(
NAMED_UNIT(*)
SI_UNIT($,.STERADIAN.)
SOLID_ANGLE_UNIT()
);
#7610=(
NAMED_UNIT(*)
PLANE_ANGLE_UNIT()
SI_UNIT($,.RADIAN.)
);
#7611=(
LENGTH_UNIT()
NAMED_UNIT(*)
SI_UNIT($,.METRE.)
);
#7612=PRODUCT_DEFINITION_SHAPE('','',#7613);
#7613=PRODUCT_DEFINITION('','',#7615,#7614);
#7614=PRODUCT_DEFINITION_CONTEXT('',#7621,'design');
#7615=PRODUCT_DEFINITION_FORMATION_WITH_SPECIFIED_SOURCE('','',#7617,
 .NOT_KNOWN.);
#7616=PRODUCT_RELATED_PRODUCT_CATEGORY('','',(#7617));
#7617=PRODUCT('(POD) Drive input gear 2','(POD) Drive input gear 2',
'(POD) Drive input gear 2',(#7619));
#7618=PRODUCT_CATEGORY('','');
#7619=PRODUCT_CONTEXT('',#7621,'mechanical');
#7620=APPLICATION_PROTOCOL_DEFINITION('international standard',
'ap242_managed_model_based_3d_engineering',2020,#7621);
#7621=APPLICATION_CONTEXT('managed model based 3d engineering');
ENDSEC;
END-ISO-10303-21;
