ISO-10303-21;
HEADER;
/* Generated by software containing ST-Developer
 * from STEP Tools, Inc. (www.steptools.com) 
 */
/* OPTION: using custom renumber hook */

FILE_DESCRIPTION(
/* description */ ('STEP AP242 Edition 2',
'CAx-IF Rec.Pracs.---Representation and Presentation of Product Manufa
cturing Information (PMI)---4.0---2014-10-13',
'CAx-IF Rec.Pracs.---3D Tessellated Geometry---0.4---2014-09-14','2;1',
'CAx-IF Rec.Pracs.---User Defined Attributes---1.5---2016-08-15'),
/* implementation_level */ '2;1');

FILE_NAME(
/* name */ 'drive belt (3dp) - HTD timing belt',
/* time_stamp */ '2026-08-07T00:04:27Z',
/* author */ (''),
/* organization */ (''),
/* preprocessor_version */ 'ST-DEVELOPER v20',
/* originating_system */ 'ONSHAPE BY PTC INC, 1.218',
/* authorisation */ '  ');

FILE_SCHEMA (('AP242_MANAGED_MODEL_BASED_3D_ENGINEERING_MIM_LF { 1 0 10303 442 3 1 4 }'));
ENDSEC;

DATA;
#10=SHAPE_REPRESENTATION_RELATIONSHIP('','',#3015,#11);
#11=ADVANCED_BREP_SHAPE_REPRESENTATION('',(#3013),#5539);
#12=PLANE('',#3098);
#13=PLANE('',#3229);
#14=CIRCLE('',#3018,0.0197701426019464);
#15=CIRCLE('',#3019,0.0197701426019464);
#16=CIRCLE('',#3021,0.0197701426019464);
#17=CIRCLE('',#3022,0.0197701426019464);
#18=CIRCLE('',#3024,0.0197701426019464);
#19=CIRCLE('',#3025,0.0197701426019464);
#20=CIRCLE('',#3027,0.0197701426019464);
#21=CIRCLE('',#3028,0.0197701426019464);
#22=CIRCLE('',#3030,0.0197701426019464);
#23=CIRCLE('',#3031,0.0197701426019464);
#24=CIRCLE('',#3033,0.0197701426019464);
#25=CIRCLE('',#3034,0.0197701426019464);
#26=CIRCLE('',#3036,0.0197701426019464);
#27=CIRCLE('',#3037,0.0197701426019464);
#28=CIRCLE('',#3039,0.0197701426019464);
#29=CIRCLE('',#3040,0.0197701426019464);
#30=CIRCLE('',#3042,0.0197701426019464);
#31=CIRCLE('',#3043,0.0197701426019464);
#32=CIRCLE('',#3045,0.0197701426019464);
#33=CIRCLE('',#3046,0.0197701426019464);
#34=CIRCLE('',#3048,0.0197701426019464);
#35=CIRCLE('',#3049,0.0197701426019464);
#36=CIRCLE('',#3051,0.0197701426019464);
#37=CIRCLE('',#3052,0.0197701426019464);
#38=CIRCLE('',#3054,0.0197701426019464);
#39=CIRCLE('',#3055,0.0197701426019464);
#40=CIRCLE('',#3057,0.0197701426019464);
#41=CIRCLE('',#3058,0.0197701426019464);
#42=CIRCLE('',#3060,0.0197701426019464);
#43=CIRCLE('',#3061,0.0197701426019464);
#44=CIRCLE('',#3063,0.0197701426019464);
#45=CIRCLE('',#3064,0.0197701426019464);
#46=CIRCLE('',#3066,0.0197701426019464);
#47=CIRCLE('',#3067,0.0197701426019464);
#48=CIRCLE('',#3069,0.0197701426019464);
#49=CIRCLE('',#3070,0.0197701426019464);
#50=CIRCLE('',#3072,0.0197701426019464);
#51=CIRCLE('',#3073,0.0197701426019464);
#52=CIRCLE('',#3075,0.0197701426019464);
#53=CIRCLE('',#3076,0.0197701426019464);
#54=CIRCLE('',#3078,0.0197701426019464);
#55=CIRCLE('',#3079,0.0197701426019464);
#56=CIRCLE('',#3081,0.0197701426019464);
#57=CIRCLE('',#3082,0.0197701426019464);
#58=CIRCLE('',#3084,0.0197701426019464);
#59=CIRCLE('',#3085,0.0197701426019464);
#60=CIRCLE('',#3087,0.0197701426019464);
#61=CIRCLE('',#3088,0.0197701426019464);
#62=CIRCLE('',#3090,0.0197701426019464);
#63=CIRCLE('',#3091,0.0197701426019464);
#64=CIRCLE('',#3093,0.0197701426019464);
#65=CIRCLE('',#3094,0.0197701426019464);
#66=CIRCLE('',#3096,0.0215101426019464);
#67=CIRCLE('',#3097,0.0215101426019464);
#68=CIRCLE('',#3099,0.000419999999999992);
#69=CIRCLE('',#3100,0.00042);
#70=CIRCLE('',#3101,0.00471302239328044);
#71=CIRCLE('',#3102,0.00149);
#72=CIRCLE('',#3103,0.00471302239328041);
#73=CIRCLE('',#3104,0.000419999999999992);
#74=CIRCLE('',#3105,0.00042);
#75=CIRCLE('',#3106,0.00471302239328044);
#76=CIRCLE('',#3107,0.00149);
#77=CIRCLE('',#3108,0.00471302239328041);
#78=CIRCLE('',#3109,0.000419999999999992);
#79=CIRCLE('',#3110,0.00042);
#80=CIRCLE('',#3111,0.00471302239328044);
#81=CIRCLE('',#3112,0.00149);
#82=CIRCLE('',#3113,0.00471302239328041);
#83=CIRCLE('',#3114,0.000419999999999992);
#84=CIRCLE('',#3115,0.00042);
#85=CIRCLE('',#3116,0.00471302239328044);
#86=CIRCLE('',#3117,0.00149);
#87=CIRCLE('',#3118,0.00471302239328041);
#88=CIRCLE('',#3119,0.000419999999999992);
#89=CIRCLE('',#3120,0.00042);
#90=CIRCLE('',#3121,0.00471302239328044);
#91=CIRCLE('',#3122,0.00149);
#92=CIRCLE('',#3123,0.00471302239328041);
#93=CIRCLE('',#3124,0.000419999999999992);
#94=CIRCLE('',#3125,0.00042);
#95=CIRCLE('',#3126,0.00471302239328044);
#96=CIRCLE('',#3127,0.00149);
#97=CIRCLE('',#3128,0.00471302239328041);
#98=CIRCLE('',#3129,0.000419999999999992);
#99=CIRCLE('',#3130,0.00042);
#100=CIRCLE('',#3131,0.00471302239328044);
#101=CIRCLE('',#3132,0.00149);
#102=CIRCLE('',#3133,0.00471302239328041);
#103=CIRCLE('',#3134,0.000419999999999992);
#104=CIRCLE('',#3135,0.00042);
#105=CIRCLE('',#3136,0.00471302239328044);
#106=CIRCLE('',#3137,0.00149);
#107=CIRCLE('',#3138,0.00471302239328041);
#108=CIRCLE('',#3139,0.000419999999999992);
#109=CIRCLE('',#3140,0.00042);
#110=CIRCLE('',#3141,0.00471302239328044);
#111=CIRCLE('',#3142,0.00149);
#112=CIRCLE('',#3143,0.00471302239328041);
#113=CIRCLE('',#3144,0.000419999999999992);
#114=CIRCLE('',#3145,0.00042);
#115=CIRCLE('',#3146,0.00471302239328044);
#116=CIRCLE('',#3147,0.00149);
#117=CIRCLE('',#3148,0.00471302239328041);
#118=CIRCLE('',#3149,0.000419999999999992);
#119=CIRCLE('',#3150,0.00042);
#120=CIRCLE('',#3151,0.00471302239328044);
#121=CIRCLE('',#3152,0.00149);
#122=CIRCLE('',#3153,0.00471302239328041);
#123=CIRCLE('',#3154,0.000419999999999992);
#124=CIRCLE('',#3155,0.00042);
#125=CIRCLE('',#3156,0.00471302239328044);
#126=CIRCLE('',#3157,0.00149);
#127=CIRCLE('',#3158,0.00471302239328041);
#128=CIRCLE('',#3159,0.000419999999999992);
#129=CIRCLE('',#3160,0.00042);
#130=CIRCLE('',#3161,0.00471302239328044);
#131=CIRCLE('',#3162,0.00149);
#132=CIRCLE('',#3163,0.00471302239328041);
#133=CIRCLE('',#3164,0.000419999999999992);
#134=CIRCLE('',#3165,0.00042);
#135=CIRCLE('',#3166,0.00471302239328044);
#136=CIRCLE('',#3167,0.00149);
#137=CIRCLE('',#3168,0.00471302239328041);
#138=CIRCLE('',#3169,0.000419999999999992);
#139=CIRCLE('',#3170,0.00042);
#140=CIRCLE('',#3171,0.00471302239328044);
#141=CIRCLE('',#3172,0.00149);
#142=CIRCLE('',#3173,0.00471302239328041);
#143=CIRCLE('',#3174,0.000419999999999992);
#144=CIRCLE('',#3175,0.00042);
#145=CIRCLE('',#3176,0.00471302239328044);
#146=CIRCLE('',#3177,0.00149);
#147=CIRCLE('',#3178,0.00471302239328041);
#148=CIRCLE('',#3179,0.000419999999999992);
#149=CIRCLE('',#3180,0.00042);
#150=CIRCLE('',#3181,0.00471302239328044);
#151=CIRCLE('',#3182,0.00149);
#152=CIRCLE('',#3183,0.00471302239328041);
#153=CIRCLE('',#3184,0.000419999999999992);
#154=CIRCLE('',#3185,0.00042);
#155=CIRCLE('',#3186,0.00471302239328044);
#156=CIRCLE('',#3187,0.00149);
#157=CIRCLE('',#3188,0.00471302239328041);
#158=CIRCLE('',#3189,0.000419999999999992);
#159=CIRCLE('',#3190,0.00042);
#160=CIRCLE('',#3191,0.00471302239328044);
#161=CIRCLE('',#3192,0.00149);
#162=CIRCLE('',#3193,0.00471302239328041);
#163=CIRCLE('',#3194,0.000419999999999992);
#164=CIRCLE('',#3195,0.00042);
#165=CIRCLE('',#3196,0.00471302239328044);
#166=CIRCLE('',#3197,0.00149);
#167=CIRCLE('',#3198,0.00471302239328041);
#168=CIRCLE('',#3199,0.000419999999999992);
#169=CIRCLE('',#3200,0.00042);
#170=CIRCLE('',#3201,0.00471302239328044);
#171=CIRCLE('',#3202,0.00149);
#172=CIRCLE('',#3203,0.00471302239328041);
#173=CIRCLE('',#3204,0.000419999999999992);
#174=CIRCLE('',#3205,0.00042);
#175=CIRCLE('',#3206,0.00471302239328044);
#176=CIRCLE('',#3207,0.00149);
#177=CIRCLE('',#3208,0.00471302239328041);
#178=CIRCLE('',#3209,0.000419999999999992);
#179=CIRCLE('',#3210,0.00042);
#180=CIRCLE('',#3211,0.00471302239328044);
#181=CIRCLE('',#3212,0.00149);
#182=CIRCLE('',#3213,0.00471302239328041);
#183=CIRCLE('',#3214,0.000419999999999992);
#184=CIRCLE('',#3215,0.00042);
#185=CIRCLE('',#3216,0.00471302239328044);
#186=CIRCLE('',#3217,0.00149);
#187=CIRCLE('',#3218,0.00471302239328041);
#188=CIRCLE('',#3219,0.000419999999999992);
#189=CIRCLE('',#3220,0.00042);
#190=CIRCLE('',#3221,0.00471302239328044);
#191=CIRCLE('',#3222,0.00149);
#192=CIRCLE('',#3223,0.00471302239328041);
#193=CIRCLE('',#3224,0.000419999999999992);
#194=CIRCLE('',#3225,0.00042);
#195=CIRCLE('',#3226,0.00471302239328044);
#196=CIRCLE('',#3227,0.00149);
#197=CIRCLE('',#3228,0.00471302239328041);
#198=CIRCLE('',#3230,0.000419999999999992);
#199=CIRCLE('',#3231,0.00471302239328041);
#200=CIRCLE('',#3232,0.00149);
#201=CIRCLE('',#3233,0.00471302239328044);
#202=CIRCLE('',#3234,0.00042);
#203=CIRCLE('',#3235,0.000419999999999992);
#204=CIRCLE('',#3236,0.00471302239328041);
#205=CIRCLE('',#3237,0.00149);
#206=CIRCLE('',#3238,0.00471302239328044);
#207=CIRCLE('',#3239,0.00042);
#208=CIRCLE('',#3240,0.000419999999999992);
#209=CIRCLE('',#3241,0.00471302239328041);
#210=CIRCLE('',#3242,0.00149);
#211=CIRCLE('',#3243,0.00471302239328044);
#212=CIRCLE('',#3244,0.00042);
#213=CIRCLE('',#3245,0.000419999999999992);
#214=CIRCLE('',#3246,0.00471302239328041);
#215=CIRCLE('',#3247,0.00149);
#216=CIRCLE('',#3248,0.00471302239328044);
#217=CIRCLE('',#3249,0.00042);
#218=CIRCLE('',#3250,0.000419999999999992);
#219=CIRCLE('',#3251,0.00471302239328041);
#220=CIRCLE('',#3252,0.00149);
#221=CIRCLE('',#3253,0.00471302239328044);
#222=CIRCLE('',#3254,0.00042);
#223=CIRCLE('',#3255,0.000419999999999992);
#224=CIRCLE('',#3256,0.00471302239328041);
#225=CIRCLE('',#3257,0.00149);
#226=CIRCLE('',#3258,0.00471302239328044);
#227=CIRCLE('',#3259,0.00042);
#228=CIRCLE('',#3260,0.000419999999999992);
#229=CIRCLE('',#3261,0.00471302239328041);
#230=CIRCLE('',#3262,0.00149);
#231=CIRCLE('',#3263,0.00471302239328044);
#232=CIRCLE('',#3264,0.00042);
#233=CIRCLE('',#3265,0.000419999999999992);
#234=CIRCLE('',#3266,0.00471302239328041);
#235=CIRCLE('',#3267,0.00149);
#236=CIRCLE('',#3268,0.00471302239328044);
#237=CIRCLE('',#3269,0.00042);
#238=CIRCLE('',#3270,0.000419999999999992);
#239=CIRCLE('',#3271,0.00471302239328041);
#240=CIRCLE('',#3272,0.00149);
#241=CIRCLE('',#3273,0.00471302239328044);
#242=CIRCLE('',#3274,0.00042);
#243=CIRCLE('',#3275,0.000419999999999992);
#244=CIRCLE('',#3276,0.00471302239328041);
#245=CIRCLE('',#3277,0.00149);
#246=CIRCLE('',#3278,0.00471302239328044);
#247=CIRCLE('',#3279,0.00042);
#248=CIRCLE('',#3280,0.000419999999999992);
#249=CIRCLE('',#3281,0.00471302239328041);
#250=CIRCLE('',#3282,0.00149);
#251=CIRCLE('',#3283,0.00471302239328044);
#252=CIRCLE('',#3284,0.00042);
#253=CIRCLE('',#3285,0.000419999999999992);
#254=CIRCLE('',#3286,0.00471302239328041);
#255=CIRCLE('',#3287,0.00149);
#256=CIRCLE('',#3288,0.00471302239328044);
#257=CIRCLE('',#3289,0.00042);
#258=CIRCLE('',#3290,0.000419999999999992);
#259=CIRCLE('',#3291,0.00471302239328041);
#260=CIRCLE('',#3292,0.00149);
#261=CIRCLE('',#3293,0.00471302239328044);
#262=CIRCLE('',#3294,0.00042);
#263=CIRCLE('',#3295,0.000419999999999992);
#264=CIRCLE('',#3296,0.00471302239328041);
#265=CIRCLE('',#3297,0.00149);
#266=CIRCLE('',#3298,0.00471302239328044);
#267=CIRCLE('',#3299,0.00042);
#268=CIRCLE('',#3300,0.000419999999999992);
#269=CIRCLE('',#3301,0.00471302239328041);
#270=CIRCLE('',#3302,0.00149);
#271=CIRCLE('',#3303,0.00471302239328044);
#272=CIRCLE('',#3304,0.00042);
#273=CIRCLE('',#3305,0.000419999999999992);
#274=CIRCLE('',#3306,0.00471302239328041);
#275=CIRCLE('',#3307,0.00149);
#276=CIRCLE('',#3308,0.00471302239328044);
#277=CIRCLE('',#3309,0.00042);
#278=CIRCLE('',#3310,0.000419999999999992);
#279=CIRCLE('',#3311,0.00471302239328041);
#280=CIRCLE('',#3312,0.00149);
#281=CIRCLE('',#3313,0.00471302239328044);
#282=CIRCLE('',#3314,0.00042);
#283=CIRCLE('',#3315,0.000419999999999992);
#284=CIRCLE('',#3316,0.00471302239328041);
#285=CIRCLE('',#3317,0.00149);
#286=CIRCLE('',#3318,0.00471302239328044);
#287=CIRCLE('',#3319,0.00042);
#288=CIRCLE('',#3320,0.000419999999999992);
#289=CIRCLE('',#3321,0.00471302239328041);
#290=CIRCLE('',#3322,0.00149);
#291=CIRCLE('',#3323,0.00471302239328044);
#292=CIRCLE('',#3324,0.00042);
#293=CIRCLE('',#3325,0.000419999999999992);
#294=CIRCLE('',#3326,0.00471302239328041);
#295=CIRCLE('',#3327,0.00149);
#296=CIRCLE('',#3328,0.00471302239328044);
#297=CIRCLE('',#3329,0.00042);
#298=CIRCLE('',#3330,0.000419999999999992);
#299=CIRCLE('',#3331,0.00471302239328041);
#300=CIRCLE('',#3332,0.00149);
#301=CIRCLE('',#3333,0.00471302239328044);
#302=CIRCLE('',#3334,0.00042);
#303=CIRCLE('',#3335,0.000419999999999992);
#304=CIRCLE('',#3336,0.00471302239328041);
#305=CIRCLE('',#3337,0.00149);
#306=CIRCLE('',#3338,0.00471302239328044);
#307=CIRCLE('',#3339,0.00042);
#308=CIRCLE('',#3340,0.000419999999999992);
#309=CIRCLE('',#3341,0.00471302239328041);
#310=CIRCLE('',#3342,0.00149);
#311=CIRCLE('',#3343,0.00471302239328044);
#312=CIRCLE('',#3344,0.00042);
#313=CIRCLE('',#3345,0.000419999999999992);
#314=CIRCLE('',#3346,0.00471302239328041);
#315=CIRCLE('',#3347,0.00149);
#316=CIRCLE('',#3348,0.00471302239328044);
#317=CIRCLE('',#3349,0.00042);
#318=CIRCLE('',#3350,0.000419999999999992);
#319=CIRCLE('',#3351,0.00471302239328041);
#320=CIRCLE('',#3352,0.00149);
#321=CIRCLE('',#3353,0.00471302239328044);
#322=CIRCLE('',#3354,0.00042);
#323=CIRCLE('',#3355,0.000419999999999992);
#324=CIRCLE('',#3356,0.00471302239328041);
#325=CIRCLE('',#3357,0.00149);
#326=CIRCLE('',#3358,0.00471302239328044);
#327=CIRCLE('',#3359,0.00042);
#328=ORIENTED_EDGE('',*,*,#1268,.F.);
#329=ORIENTED_EDGE('',*,*,#1269,.F.);
#330=ORIENTED_EDGE('',*,*,#1270,.T.);
#331=ORIENTED_EDGE('',*,*,#1271,.T.);
#332=ORIENTED_EDGE('',*,*,#1272,.F.);
#333=ORIENTED_EDGE('',*,*,#1273,.F.);
#334=ORIENTED_EDGE('',*,*,#1274,.T.);
#335=ORIENTED_EDGE('',*,*,#1275,.T.);
#336=ORIENTED_EDGE('',*,*,#1276,.F.);
#337=ORIENTED_EDGE('',*,*,#1277,.F.);
#338=ORIENTED_EDGE('',*,*,#1278,.T.);
#339=ORIENTED_EDGE('',*,*,#1279,.T.);
#340=ORIENTED_EDGE('',*,*,#1280,.F.);
#341=ORIENTED_EDGE('',*,*,#1281,.F.);
#342=ORIENTED_EDGE('',*,*,#1282,.T.);
#343=ORIENTED_EDGE('',*,*,#1283,.T.);
#344=ORIENTED_EDGE('',*,*,#1284,.F.);
#345=ORIENTED_EDGE('',*,*,#1285,.F.);
#346=ORIENTED_EDGE('',*,*,#1286,.T.);
#347=ORIENTED_EDGE('',*,*,#1287,.T.);
#348=ORIENTED_EDGE('',*,*,#1288,.F.);
#349=ORIENTED_EDGE('',*,*,#1289,.F.);
#350=ORIENTED_EDGE('',*,*,#1290,.T.);
#351=ORIENTED_EDGE('',*,*,#1291,.T.);
#352=ORIENTED_EDGE('',*,*,#1292,.F.);
#353=ORIENTED_EDGE('',*,*,#1293,.F.);
#354=ORIENTED_EDGE('',*,*,#1294,.T.);
#355=ORIENTED_EDGE('',*,*,#1295,.T.);
#356=ORIENTED_EDGE('',*,*,#1296,.F.);
#357=ORIENTED_EDGE('',*,*,#1297,.F.);
#358=ORIENTED_EDGE('',*,*,#1298,.T.);
#359=ORIENTED_EDGE('',*,*,#1299,.T.);
#360=ORIENTED_EDGE('',*,*,#1300,.F.);
#361=ORIENTED_EDGE('',*,*,#1301,.F.);
#362=ORIENTED_EDGE('',*,*,#1302,.T.);
#363=ORIENTED_EDGE('',*,*,#1303,.T.);
#364=ORIENTED_EDGE('',*,*,#1304,.F.);
#365=ORIENTED_EDGE('',*,*,#1305,.F.);
#366=ORIENTED_EDGE('',*,*,#1306,.T.);
#367=ORIENTED_EDGE('',*,*,#1307,.T.);
#368=ORIENTED_EDGE('',*,*,#1308,.F.);
#369=ORIENTED_EDGE('',*,*,#1309,.F.);
#370=ORIENTED_EDGE('',*,*,#1310,.T.);
#371=ORIENTED_EDGE('',*,*,#1311,.T.);
#372=ORIENTED_EDGE('',*,*,#1312,.F.);
#373=ORIENTED_EDGE('',*,*,#1313,.F.);
#374=ORIENTED_EDGE('',*,*,#1314,.T.);
#375=ORIENTED_EDGE('',*,*,#1315,.T.);
#376=ORIENTED_EDGE('',*,*,#1316,.F.);
#377=ORIENTED_EDGE('',*,*,#1317,.F.);
#378=ORIENTED_EDGE('',*,*,#1318,.T.);
#379=ORIENTED_EDGE('',*,*,#1319,.T.);
#380=ORIENTED_EDGE('',*,*,#1320,.F.);
#381=ORIENTED_EDGE('',*,*,#1321,.F.);
#382=ORIENTED_EDGE('',*,*,#1322,.T.);
#383=ORIENTED_EDGE('',*,*,#1323,.T.);
#384=ORIENTED_EDGE('',*,*,#1324,.F.);
#385=ORIENTED_EDGE('',*,*,#1325,.F.);
#386=ORIENTED_EDGE('',*,*,#1326,.T.);
#387=ORIENTED_EDGE('',*,*,#1327,.T.);
#388=ORIENTED_EDGE('',*,*,#1328,.F.);
#389=ORIENTED_EDGE('',*,*,#1329,.F.);
#390=ORIENTED_EDGE('',*,*,#1330,.T.);
#391=ORIENTED_EDGE('',*,*,#1331,.T.);
#392=ORIENTED_EDGE('',*,*,#1332,.F.);
#393=ORIENTED_EDGE('',*,*,#1333,.F.);
#394=ORIENTED_EDGE('',*,*,#1334,.T.);
#395=ORIENTED_EDGE('',*,*,#1335,.T.);
#396=ORIENTED_EDGE('',*,*,#1336,.F.);
#397=ORIENTED_EDGE('',*,*,#1337,.F.);
#398=ORIENTED_EDGE('',*,*,#1338,.T.);
#399=ORIENTED_EDGE('',*,*,#1339,.T.);
#400=ORIENTED_EDGE('',*,*,#1340,.F.);
#401=ORIENTED_EDGE('',*,*,#1341,.F.);
#402=ORIENTED_EDGE('',*,*,#1342,.T.);
#403=ORIENTED_EDGE('',*,*,#1343,.T.);
#404=ORIENTED_EDGE('',*,*,#1344,.F.);
#405=ORIENTED_EDGE('',*,*,#1345,.F.);
#406=ORIENTED_EDGE('',*,*,#1346,.T.);
#407=ORIENTED_EDGE('',*,*,#1347,.T.);
#408=ORIENTED_EDGE('',*,*,#1348,.F.);
#409=ORIENTED_EDGE('',*,*,#1349,.F.);
#410=ORIENTED_EDGE('',*,*,#1350,.T.);
#411=ORIENTED_EDGE('',*,*,#1351,.T.);
#412=ORIENTED_EDGE('',*,*,#1352,.F.);
#413=ORIENTED_EDGE('',*,*,#1353,.F.);
#414=ORIENTED_EDGE('',*,*,#1354,.T.);
#415=ORIENTED_EDGE('',*,*,#1355,.T.);
#416=ORIENTED_EDGE('',*,*,#1356,.F.);
#417=ORIENTED_EDGE('',*,*,#1357,.F.);
#418=ORIENTED_EDGE('',*,*,#1358,.T.);
#419=ORIENTED_EDGE('',*,*,#1359,.T.);
#420=ORIENTED_EDGE('',*,*,#1360,.F.);
#421=ORIENTED_EDGE('',*,*,#1361,.F.);
#422=ORIENTED_EDGE('',*,*,#1362,.T.);
#423=ORIENTED_EDGE('',*,*,#1363,.T.);
#424=ORIENTED_EDGE('',*,*,#1364,.F.);
#425=ORIENTED_EDGE('',*,*,#1365,.F.);
#426=ORIENTED_EDGE('',*,*,#1366,.T.);
#427=ORIENTED_EDGE('',*,*,#1367,.T.);
#428=ORIENTED_EDGE('',*,*,#1368,.F.);
#429=ORIENTED_EDGE('',*,*,#1369,.T.);
#430=ORIENTED_EDGE('',*,*,#1370,.T.);
#431=ORIENTED_EDGE('',*,*,#1371,.F.);
#432=ORIENTED_EDGE('',*,*,#1372,.T.);
#433=ORIENTED_EDGE('',*,*,#1373,.F.);
#434=ORIENTED_EDGE('',*,*,#1374,.T.);
#435=ORIENTED_EDGE('',*,*,#1365,.T.);
#436=ORIENTED_EDGE('',*,*,#1375,.F.);
#437=ORIENTED_EDGE('',*,*,#1376,.F.);
#438=ORIENTED_EDGE('',*,*,#1377,.T.);
#439=ORIENTED_EDGE('',*,*,#1378,.T.);
#440=ORIENTED_EDGE('',*,*,#1379,.T.);
#441=ORIENTED_EDGE('',*,*,#1361,.T.);
#442=ORIENTED_EDGE('',*,*,#1380,.F.);
#443=ORIENTED_EDGE('',*,*,#1381,.F.);
#444=ORIENTED_EDGE('',*,*,#1382,.T.);
#445=ORIENTED_EDGE('',*,*,#1383,.T.);
#446=ORIENTED_EDGE('',*,*,#1384,.T.);
#447=ORIENTED_EDGE('',*,*,#1357,.T.);
#448=ORIENTED_EDGE('',*,*,#1385,.F.);
#449=ORIENTED_EDGE('',*,*,#1386,.F.);
#450=ORIENTED_EDGE('',*,*,#1387,.T.);
#451=ORIENTED_EDGE('',*,*,#1388,.T.);
#452=ORIENTED_EDGE('',*,*,#1389,.T.);
#453=ORIENTED_EDGE('',*,*,#1353,.T.);
#454=ORIENTED_EDGE('',*,*,#1390,.F.);
#455=ORIENTED_EDGE('',*,*,#1391,.F.);
#456=ORIENTED_EDGE('',*,*,#1392,.T.);
#457=ORIENTED_EDGE('',*,*,#1393,.T.);
#458=ORIENTED_EDGE('',*,*,#1394,.T.);
#459=ORIENTED_EDGE('',*,*,#1349,.T.);
#460=ORIENTED_EDGE('',*,*,#1395,.F.);
#461=ORIENTED_EDGE('',*,*,#1396,.F.);
#462=ORIENTED_EDGE('',*,*,#1397,.T.);
#463=ORIENTED_EDGE('',*,*,#1398,.T.);
#464=ORIENTED_EDGE('',*,*,#1399,.T.);
#465=ORIENTED_EDGE('',*,*,#1345,.T.);
#466=ORIENTED_EDGE('',*,*,#1400,.F.);
#467=ORIENTED_EDGE('',*,*,#1401,.F.);
#468=ORIENTED_EDGE('',*,*,#1402,.T.);
#469=ORIENTED_EDGE('',*,*,#1403,.T.);
#470=ORIENTED_EDGE('',*,*,#1404,.T.);
#471=ORIENTED_EDGE('',*,*,#1341,.T.);
#472=ORIENTED_EDGE('',*,*,#1405,.F.);
#473=ORIENTED_EDGE('',*,*,#1406,.F.);
#474=ORIENTED_EDGE('',*,*,#1407,.T.);
#475=ORIENTED_EDGE('',*,*,#1408,.T.);
#476=ORIENTED_EDGE('',*,*,#1409,.T.);
#477=ORIENTED_EDGE('',*,*,#1337,.T.);
#478=ORIENTED_EDGE('',*,*,#1410,.F.);
#479=ORIENTED_EDGE('',*,*,#1411,.F.);
#480=ORIENTED_EDGE('',*,*,#1412,.T.);
#481=ORIENTED_EDGE('',*,*,#1413,.T.);
#482=ORIENTED_EDGE('',*,*,#1414,.T.);
#483=ORIENTED_EDGE('',*,*,#1333,.T.);
#484=ORIENTED_EDGE('',*,*,#1415,.F.);
#485=ORIENTED_EDGE('',*,*,#1416,.F.);
#486=ORIENTED_EDGE('',*,*,#1417,.T.);
#487=ORIENTED_EDGE('',*,*,#1418,.T.);
#488=ORIENTED_EDGE('',*,*,#1419,.T.);
#489=ORIENTED_EDGE('',*,*,#1329,.T.);
#490=ORIENTED_EDGE('',*,*,#1420,.F.);
#491=ORIENTED_EDGE('',*,*,#1421,.F.);
#492=ORIENTED_EDGE('',*,*,#1422,.T.);
#493=ORIENTED_EDGE('',*,*,#1423,.T.);
#494=ORIENTED_EDGE('',*,*,#1424,.T.);
#495=ORIENTED_EDGE('',*,*,#1325,.T.);
#496=ORIENTED_EDGE('',*,*,#1425,.F.);
#497=ORIENTED_EDGE('',*,*,#1426,.F.);
#498=ORIENTED_EDGE('',*,*,#1427,.T.);
#499=ORIENTED_EDGE('',*,*,#1428,.T.);
#500=ORIENTED_EDGE('',*,*,#1429,.T.);
#501=ORIENTED_EDGE('',*,*,#1321,.T.);
#502=ORIENTED_EDGE('',*,*,#1430,.F.);
#503=ORIENTED_EDGE('',*,*,#1431,.F.);
#504=ORIENTED_EDGE('',*,*,#1432,.T.);
#505=ORIENTED_EDGE('',*,*,#1433,.T.);
#506=ORIENTED_EDGE('',*,*,#1434,.T.);
#507=ORIENTED_EDGE('',*,*,#1317,.T.);
#508=ORIENTED_EDGE('',*,*,#1435,.F.);
#509=ORIENTED_EDGE('',*,*,#1436,.F.);
#510=ORIENTED_EDGE('',*,*,#1437,.T.);
#511=ORIENTED_EDGE('',*,*,#1438,.T.);
#512=ORIENTED_EDGE('',*,*,#1439,.T.);
#513=ORIENTED_EDGE('',*,*,#1313,.T.);
#514=ORIENTED_EDGE('',*,*,#1440,.F.);
#515=ORIENTED_EDGE('',*,*,#1441,.F.);
#516=ORIENTED_EDGE('',*,*,#1442,.T.);
#517=ORIENTED_EDGE('',*,*,#1443,.T.);
#518=ORIENTED_EDGE('',*,*,#1444,.T.);
#519=ORIENTED_EDGE('',*,*,#1309,.T.);
#520=ORIENTED_EDGE('',*,*,#1445,.F.);
#521=ORIENTED_EDGE('',*,*,#1446,.F.);
#522=ORIENTED_EDGE('',*,*,#1447,.T.);
#523=ORIENTED_EDGE('',*,*,#1448,.T.);
#524=ORIENTED_EDGE('',*,*,#1449,.T.);
#525=ORIENTED_EDGE('',*,*,#1305,.T.);
#526=ORIENTED_EDGE('',*,*,#1450,.F.);
#527=ORIENTED_EDGE('',*,*,#1451,.F.);
#528=ORIENTED_EDGE('',*,*,#1452,.T.);
#529=ORIENTED_EDGE('',*,*,#1453,.T.);
#530=ORIENTED_EDGE('',*,*,#1454,.T.);
#531=ORIENTED_EDGE('',*,*,#1301,.T.);
#532=ORIENTED_EDGE('',*,*,#1455,.F.);
#533=ORIENTED_EDGE('',*,*,#1456,.F.);
#534=ORIENTED_EDGE('',*,*,#1457,.T.);
#535=ORIENTED_EDGE('',*,*,#1458,.T.);
#536=ORIENTED_EDGE('',*,*,#1459,.T.);
#537=ORIENTED_EDGE('',*,*,#1297,.T.);
#538=ORIENTED_EDGE('',*,*,#1460,.F.);
#539=ORIENTED_EDGE('',*,*,#1461,.F.);
#540=ORIENTED_EDGE('',*,*,#1462,.T.);
#541=ORIENTED_EDGE('',*,*,#1463,.T.);
#542=ORIENTED_EDGE('',*,*,#1464,.T.);
#543=ORIENTED_EDGE('',*,*,#1293,.T.);
#544=ORIENTED_EDGE('',*,*,#1465,.F.);
#545=ORIENTED_EDGE('',*,*,#1466,.F.);
#546=ORIENTED_EDGE('',*,*,#1467,.T.);
#547=ORIENTED_EDGE('',*,*,#1468,.T.);
#548=ORIENTED_EDGE('',*,*,#1469,.T.);
#549=ORIENTED_EDGE('',*,*,#1289,.T.);
#550=ORIENTED_EDGE('',*,*,#1470,.F.);
#551=ORIENTED_EDGE('',*,*,#1471,.F.);
#552=ORIENTED_EDGE('',*,*,#1472,.T.);
#553=ORIENTED_EDGE('',*,*,#1473,.T.);
#554=ORIENTED_EDGE('',*,*,#1474,.T.);
#555=ORIENTED_EDGE('',*,*,#1285,.T.);
#556=ORIENTED_EDGE('',*,*,#1475,.F.);
#557=ORIENTED_EDGE('',*,*,#1476,.F.);
#558=ORIENTED_EDGE('',*,*,#1477,.T.);
#559=ORIENTED_EDGE('',*,*,#1478,.T.);
#560=ORIENTED_EDGE('',*,*,#1479,.T.);
#561=ORIENTED_EDGE('',*,*,#1281,.T.);
#562=ORIENTED_EDGE('',*,*,#1480,.F.);
#563=ORIENTED_EDGE('',*,*,#1481,.F.);
#564=ORIENTED_EDGE('',*,*,#1482,.T.);
#565=ORIENTED_EDGE('',*,*,#1483,.T.);
#566=ORIENTED_EDGE('',*,*,#1484,.T.);
#567=ORIENTED_EDGE('',*,*,#1277,.T.);
#568=ORIENTED_EDGE('',*,*,#1485,.F.);
#569=ORIENTED_EDGE('',*,*,#1486,.F.);
#570=ORIENTED_EDGE('',*,*,#1487,.T.);
#571=ORIENTED_EDGE('',*,*,#1488,.T.);
#572=ORIENTED_EDGE('',*,*,#1489,.T.);
#573=ORIENTED_EDGE('',*,*,#1273,.T.);
#574=ORIENTED_EDGE('',*,*,#1490,.F.);
#575=ORIENTED_EDGE('',*,*,#1491,.F.);
#576=ORIENTED_EDGE('',*,*,#1492,.T.);
#577=ORIENTED_EDGE('',*,*,#1493,.T.);
#578=ORIENTED_EDGE('',*,*,#1494,.T.);
#579=ORIENTED_EDGE('',*,*,#1269,.T.);
#580=ORIENTED_EDGE('',*,*,#1495,.F.);
#581=ORIENTED_EDGE('',*,*,#1496,.F.);
#582=ORIENTED_EDGE('',*,*,#1497,.T.);
#583=ORIENTED_EDGE('',*,*,#1498,.T.);
#584=ORIENTED_EDGE('',*,*,#1499,.T.);
#585=ORIENTED_EDGE('',*,*,#1368,.T.);
#586=ORIENTED_EDGE('',*,*,#1500,.F.);
#587=ORIENTED_EDGE('',*,*,#1501,.F.);
#588=ORIENTED_EDGE('',*,*,#1502,.T.);
#589=ORIENTED_EDGE('',*,*,#1503,.T.);
#590=ORIENTED_EDGE('',*,*,#1372,.F.);
#591=ORIENTED_EDGE('',*,*,#1367,.F.);
#592=ORIENTED_EDGE('',*,*,#1504,.F.);
#593=ORIENTED_EDGE('',*,*,#1505,.F.);
#594=ORIENTED_EDGE('',*,*,#1506,.F.);
#595=ORIENTED_EDGE('',*,*,#1507,.T.);
#596=ORIENTED_EDGE('',*,*,#1508,.T.);
#597=ORIENTED_EDGE('',*,*,#1370,.F.);
#598=ORIENTED_EDGE('',*,*,#1509,.F.);
#599=ORIENTED_EDGE('',*,*,#1510,.F.);
#600=ORIENTED_EDGE('',*,*,#1511,.F.);
#601=ORIENTED_EDGE('',*,*,#1512,.T.);
#602=ORIENTED_EDGE('',*,*,#1513,.T.);
#603=ORIENTED_EDGE('',*,*,#1271,.F.);
#604=ORIENTED_EDGE('',*,*,#1514,.F.);
#605=ORIENTED_EDGE('',*,*,#1515,.F.);
#606=ORIENTED_EDGE('',*,*,#1516,.F.);
#607=ORIENTED_EDGE('',*,*,#1517,.T.);
#608=ORIENTED_EDGE('',*,*,#1518,.T.);
#609=ORIENTED_EDGE('',*,*,#1275,.F.);
#610=ORIENTED_EDGE('',*,*,#1519,.F.);
#611=ORIENTED_EDGE('',*,*,#1520,.F.);
#612=ORIENTED_EDGE('',*,*,#1521,.F.);
#613=ORIENTED_EDGE('',*,*,#1522,.T.);
#614=ORIENTED_EDGE('',*,*,#1523,.T.);
#615=ORIENTED_EDGE('',*,*,#1279,.F.);
#616=ORIENTED_EDGE('',*,*,#1524,.F.);
#617=ORIENTED_EDGE('',*,*,#1525,.F.);
#618=ORIENTED_EDGE('',*,*,#1526,.F.);
#619=ORIENTED_EDGE('',*,*,#1527,.T.);
#620=ORIENTED_EDGE('',*,*,#1528,.T.);
#621=ORIENTED_EDGE('',*,*,#1283,.F.);
#622=ORIENTED_EDGE('',*,*,#1529,.F.);
#623=ORIENTED_EDGE('',*,*,#1530,.F.);
#624=ORIENTED_EDGE('',*,*,#1531,.F.);
#625=ORIENTED_EDGE('',*,*,#1532,.T.);
#626=ORIENTED_EDGE('',*,*,#1533,.T.);
#627=ORIENTED_EDGE('',*,*,#1287,.F.);
#628=ORIENTED_EDGE('',*,*,#1534,.F.);
#629=ORIENTED_EDGE('',*,*,#1535,.F.);
#630=ORIENTED_EDGE('',*,*,#1536,.F.);
#631=ORIENTED_EDGE('',*,*,#1537,.T.);
#632=ORIENTED_EDGE('',*,*,#1538,.T.);
#633=ORIENTED_EDGE('',*,*,#1291,.F.);
#634=ORIENTED_EDGE('',*,*,#1539,.F.);
#635=ORIENTED_EDGE('',*,*,#1540,.F.);
#636=ORIENTED_EDGE('',*,*,#1541,.F.);
#637=ORIENTED_EDGE('',*,*,#1542,.T.);
#638=ORIENTED_EDGE('',*,*,#1543,.T.);
#639=ORIENTED_EDGE('',*,*,#1295,.F.);
#640=ORIENTED_EDGE('',*,*,#1544,.F.);
#641=ORIENTED_EDGE('',*,*,#1545,.F.);
#642=ORIENTED_EDGE('',*,*,#1546,.F.);
#643=ORIENTED_EDGE('',*,*,#1547,.T.);
#644=ORIENTED_EDGE('',*,*,#1548,.T.);
#645=ORIENTED_EDGE('',*,*,#1299,.F.);
#646=ORIENTED_EDGE('',*,*,#1549,.F.);
#647=ORIENTED_EDGE('',*,*,#1550,.F.);
#648=ORIENTED_EDGE('',*,*,#1551,.F.);
#649=ORIENTED_EDGE('',*,*,#1552,.T.);
#650=ORIENTED_EDGE('',*,*,#1553,.T.);
#651=ORIENTED_EDGE('',*,*,#1303,.F.);
#652=ORIENTED_EDGE('',*,*,#1554,.F.);
#653=ORIENTED_EDGE('',*,*,#1555,.F.);
#654=ORIENTED_EDGE('',*,*,#1556,.F.);
#655=ORIENTED_EDGE('',*,*,#1557,.T.);
#656=ORIENTED_EDGE('',*,*,#1558,.T.);
#657=ORIENTED_EDGE('',*,*,#1307,.F.);
#658=ORIENTED_EDGE('',*,*,#1559,.F.);
#659=ORIENTED_EDGE('',*,*,#1560,.F.);
#660=ORIENTED_EDGE('',*,*,#1561,.F.);
#661=ORIENTED_EDGE('',*,*,#1562,.T.);
#662=ORIENTED_EDGE('',*,*,#1563,.T.);
#663=ORIENTED_EDGE('',*,*,#1311,.F.);
#664=ORIENTED_EDGE('',*,*,#1564,.F.);
#665=ORIENTED_EDGE('',*,*,#1565,.F.);
#666=ORIENTED_EDGE('',*,*,#1566,.F.);
#667=ORIENTED_EDGE('',*,*,#1567,.T.);
#668=ORIENTED_EDGE('',*,*,#1568,.T.);
#669=ORIENTED_EDGE('',*,*,#1315,.F.);
#670=ORIENTED_EDGE('',*,*,#1569,.F.);
#671=ORIENTED_EDGE('',*,*,#1570,.F.);
#672=ORIENTED_EDGE('',*,*,#1571,.F.);
#673=ORIENTED_EDGE('',*,*,#1572,.T.);
#674=ORIENTED_EDGE('',*,*,#1573,.T.);
#675=ORIENTED_EDGE('',*,*,#1319,.F.);
#676=ORIENTED_EDGE('',*,*,#1574,.F.);
#677=ORIENTED_EDGE('',*,*,#1575,.F.);
#678=ORIENTED_EDGE('',*,*,#1576,.F.);
#679=ORIENTED_EDGE('',*,*,#1577,.T.);
#680=ORIENTED_EDGE('',*,*,#1578,.T.);
#681=ORIENTED_EDGE('',*,*,#1323,.F.);
#682=ORIENTED_EDGE('',*,*,#1579,.F.);
#683=ORIENTED_EDGE('',*,*,#1580,.F.);
#684=ORIENTED_EDGE('',*,*,#1581,.F.);
#685=ORIENTED_EDGE('',*,*,#1582,.T.);
#686=ORIENTED_EDGE('',*,*,#1583,.T.);
#687=ORIENTED_EDGE('',*,*,#1327,.F.);
#688=ORIENTED_EDGE('',*,*,#1584,.F.);
#689=ORIENTED_EDGE('',*,*,#1585,.F.);
#690=ORIENTED_EDGE('',*,*,#1586,.F.);
#691=ORIENTED_EDGE('',*,*,#1587,.T.);
#692=ORIENTED_EDGE('',*,*,#1588,.T.);
#693=ORIENTED_EDGE('',*,*,#1331,.F.);
#694=ORIENTED_EDGE('',*,*,#1589,.F.);
#695=ORIENTED_EDGE('',*,*,#1590,.F.);
#696=ORIENTED_EDGE('',*,*,#1591,.F.);
#697=ORIENTED_EDGE('',*,*,#1592,.T.);
#698=ORIENTED_EDGE('',*,*,#1593,.T.);
#699=ORIENTED_EDGE('',*,*,#1335,.F.);
#700=ORIENTED_EDGE('',*,*,#1594,.F.);
#701=ORIENTED_EDGE('',*,*,#1595,.F.);
#702=ORIENTED_EDGE('',*,*,#1596,.F.);
#703=ORIENTED_EDGE('',*,*,#1597,.T.);
#704=ORIENTED_EDGE('',*,*,#1598,.T.);
#705=ORIENTED_EDGE('',*,*,#1339,.F.);
#706=ORIENTED_EDGE('',*,*,#1599,.F.);
#707=ORIENTED_EDGE('',*,*,#1600,.F.);
#708=ORIENTED_EDGE('',*,*,#1601,.F.);
#709=ORIENTED_EDGE('',*,*,#1602,.T.);
#710=ORIENTED_EDGE('',*,*,#1603,.T.);
#711=ORIENTED_EDGE('',*,*,#1343,.F.);
#712=ORIENTED_EDGE('',*,*,#1604,.F.);
#713=ORIENTED_EDGE('',*,*,#1605,.F.);
#714=ORIENTED_EDGE('',*,*,#1606,.F.);
#715=ORIENTED_EDGE('',*,*,#1607,.T.);
#716=ORIENTED_EDGE('',*,*,#1608,.T.);
#717=ORIENTED_EDGE('',*,*,#1347,.F.);
#718=ORIENTED_EDGE('',*,*,#1609,.F.);
#719=ORIENTED_EDGE('',*,*,#1610,.F.);
#720=ORIENTED_EDGE('',*,*,#1611,.F.);
#721=ORIENTED_EDGE('',*,*,#1612,.T.);
#722=ORIENTED_EDGE('',*,*,#1613,.T.);
#723=ORIENTED_EDGE('',*,*,#1351,.F.);
#724=ORIENTED_EDGE('',*,*,#1614,.F.);
#725=ORIENTED_EDGE('',*,*,#1615,.F.);
#726=ORIENTED_EDGE('',*,*,#1616,.F.);
#727=ORIENTED_EDGE('',*,*,#1617,.T.);
#728=ORIENTED_EDGE('',*,*,#1618,.T.);
#729=ORIENTED_EDGE('',*,*,#1355,.F.);
#730=ORIENTED_EDGE('',*,*,#1619,.F.);
#731=ORIENTED_EDGE('',*,*,#1620,.F.);
#732=ORIENTED_EDGE('',*,*,#1621,.F.);
#733=ORIENTED_EDGE('',*,*,#1622,.T.);
#734=ORIENTED_EDGE('',*,*,#1623,.T.);
#735=ORIENTED_EDGE('',*,*,#1359,.F.);
#736=ORIENTED_EDGE('',*,*,#1624,.F.);
#737=ORIENTED_EDGE('',*,*,#1625,.F.);
#738=ORIENTED_EDGE('',*,*,#1626,.F.);
#739=ORIENTED_EDGE('',*,*,#1627,.T.);
#740=ORIENTED_EDGE('',*,*,#1628,.T.);
#741=ORIENTED_EDGE('',*,*,#1363,.F.);
#742=ORIENTED_EDGE('',*,*,#1629,.F.);
#743=ORIENTED_EDGE('',*,*,#1630,.F.);
#744=ORIENTED_EDGE('',*,*,#1631,.F.);
#745=ORIENTED_EDGE('',*,*,#1632,.T.);
#746=ORIENTED_EDGE('',*,*,#1633,.T.);
#747=ORIENTED_EDGE('',*,*,#1373,.T.);
#748=ORIENTED_EDGE('',*,*,#1630,.T.);
#749=ORIENTED_EDGE('',*,*,#1634,.F.);
#750=ORIENTED_EDGE('',*,*,#1378,.F.);
#751=ORIENTED_EDGE('',*,*,#1635,.T.);
#752=ORIENTED_EDGE('',*,*,#1629,.T.);
#753=ORIENTED_EDGE('',*,*,#1362,.F.);
#754=ORIENTED_EDGE('',*,*,#1379,.F.);
#755=ORIENTED_EDGE('',*,*,#1634,.T.);
#756=ORIENTED_EDGE('',*,*,#1633,.F.);
#757=ORIENTED_EDGE('',*,*,#1636,.F.);
#758=ORIENTED_EDGE('',*,*,#1375,.T.);
#759=ORIENTED_EDGE('',*,*,#1364,.T.);
#760=ORIENTED_EDGE('',*,*,#1632,.F.);
#761=ORIENTED_EDGE('',*,*,#1637,.F.);
#762=ORIENTED_EDGE('',*,*,#1376,.T.);
#763=ORIENTED_EDGE('',*,*,#1636,.T.);
#764=ORIENTED_EDGE('',*,*,#1631,.T.);
#765=ORIENTED_EDGE('',*,*,#1635,.F.);
#766=ORIENTED_EDGE('',*,*,#1377,.F.);
#767=ORIENTED_EDGE('',*,*,#1637,.T.);
#768=ORIENTED_EDGE('',*,*,#1625,.T.);
#769=ORIENTED_EDGE('',*,*,#1638,.F.);
#770=ORIENTED_EDGE('',*,*,#1383,.F.);
#771=ORIENTED_EDGE('',*,*,#1639,.T.);
#772=ORIENTED_EDGE('',*,*,#1624,.T.);
#773=ORIENTED_EDGE('',*,*,#1358,.F.);
#774=ORIENTED_EDGE('',*,*,#1384,.F.);
#775=ORIENTED_EDGE('',*,*,#1638,.T.);
#776=ORIENTED_EDGE('',*,*,#1628,.F.);
#777=ORIENTED_EDGE('',*,*,#1640,.F.);
#778=ORIENTED_EDGE('',*,*,#1380,.T.);
#779=ORIENTED_EDGE('',*,*,#1360,.T.);
#780=ORIENTED_EDGE('',*,*,#1627,.F.);
#781=ORIENTED_EDGE('',*,*,#1641,.F.);
#782=ORIENTED_EDGE('',*,*,#1381,.T.);
#783=ORIENTED_EDGE('',*,*,#1640,.T.);
#784=ORIENTED_EDGE('',*,*,#1626,.T.);
#785=ORIENTED_EDGE('',*,*,#1639,.F.);
#786=ORIENTED_EDGE('',*,*,#1382,.F.);
#787=ORIENTED_EDGE('',*,*,#1641,.T.);
#788=ORIENTED_EDGE('',*,*,#1620,.T.);
#789=ORIENTED_EDGE('',*,*,#1642,.F.);
#790=ORIENTED_EDGE('',*,*,#1388,.F.);
#791=ORIENTED_EDGE('',*,*,#1643,.T.);
#792=ORIENTED_EDGE('',*,*,#1619,.T.);
#793=ORIENTED_EDGE('',*,*,#1354,.F.);
#794=ORIENTED_EDGE('',*,*,#1389,.F.);
#795=ORIENTED_EDGE('',*,*,#1642,.T.);
#796=ORIENTED_EDGE('',*,*,#1623,.F.);
#797=ORIENTED_EDGE('',*,*,#1644,.F.);
#798=ORIENTED_EDGE('',*,*,#1385,.T.);
#799=ORIENTED_EDGE('',*,*,#1356,.T.);
#800=ORIENTED_EDGE('',*,*,#1622,.F.);
#801=ORIENTED_EDGE('',*,*,#1645,.F.);
#802=ORIENTED_EDGE('',*,*,#1386,.T.);
#803=ORIENTED_EDGE('',*,*,#1644,.T.);
#804=ORIENTED_EDGE('',*,*,#1621,.T.);
#805=ORIENTED_EDGE('',*,*,#1643,.F.);
#806=ORIENTED_EDGE('',*,*,#1387,.F.);
#807=ORIENTED_EDGE('',*,*,#1645,.T.);
#808=ORIENTED_EDGE('',*,*,#1615,.T.);
#809=ORIENTED_EDGE('',*,*,#1646,.F.);
#810=ORIENTED_EDGE('',*,*,#1393,.F.);
#811=ORIENTED_EDGE('',*,*,#1647,.T.);
#812=ORIENTED_EDGE('',*,*,#1614,.T.);
#813=ORIENTED_EDGE('',*,*,#1350,.F.);
#814=ORIENTED_EDGE('',*,*,#1394,.F.);
#815=ORIENTED_EDGE('',*,*,#1646,.T.);
#816=ORIENTED_EDGE('',*,*,#1618,.F.);
#817=ORIENTED_EDGE('',*,*,#1648,.F.);
#818=ORIENTED_EDGE('',*,*,#1390,.T.);
#819=ORIENTED_EDGE('',*,*,#1352,.T.);
#820=ORIENTED_EDGE('',*,*,#1617,.F.);
#821=ORIENTED_EDGE('',*,*,#1649,.F.);
#822=ORIENTED_EDGE('',*,*,#1391,.T.);
#823=ORIENTED_EDGE('',*,*,#1648,.T.);
#824=ORIENTED_EDGE('',*,*,#1616,.T.);
#825=ORIENTED_EDGE('',*,*,#1647,.F.);
#826=ORIENTED_EDGE('',*,*,#1392,.F.);
#827=ORIENTED_EDGE('',*,*,#1649,.T.);
#828=ORIENTED_EDGE('',*,*,#1610,.T.);
#829=ORIENTED_EDGE('',*,*,#1650,.F.);
#830=ORIENTED_EDGE('',*,*,#1398,.F.);
#831=ORIENTED_EDGE('',*,*,#1651,.T.);
#832=ORIENTED_EDGE('',*,*,#1609,.T.);
#833=ORIENTED_EDGE('',*,*,#1346,.F.);
#834=ORIENTED_EDGE('',*,*,#1399,.F.);
#835=ORIENTED_EDGE('',*,*,#1650,.T.);
#836=ORIENTED_EDGE('',*,*,#1613,.F.);
#837=ORIENTED_EDGE('',*,*,#1652,.F.);
#838=ORIENTED_EDGE('',*,*,#1395,.T.);
#839=ORIENTED_EDGE('',*,*,#1348,.T.);
#840=ORIENTED_EDGE('',*,*,#1612,.F.);
#841=ORIENTED_EDGE('',*,*,#1653,.F.);
#842=ORIENTED_EDGE('',*,*,#1396,.T.);
#843=ORIENTED_EDGE('',*,*,#1652,.T.);
#844=ORIENTED_EDGE('',*,*,#1611,.T.);
#845=ORIENTED_EDGE('',*,*,#1651,.F.);
#846=ORIENTED_EDGE('',*,*,#1397,.F.);
#847=ORIENTED_EDGE('',*,*,#1653,.T.);
#848=ORIENTED_EDGE('',*,*,#1605,.T.);
#849=ORIENTED_EDGE('',*,*,#1654,.F.);
#850=ORIENTED_EDGE('',*,*,#1403,.F.);
#851=ORIENTED_EDGE('',*,*,#1655,.T.);
#852=ORIENTED_EDGE('',*,*,#1604,.T.);
#853=ORIENTED_EDGE('',*,*,#1342,.F.);
#854=ORIENTED_EDGE('',*,*,#1404,.F.);
#855=ORIENTED_EDGE('',*,*,#1654,.T.);
#856=ORIENTED_EDGE('',*,*,#1608,.F.);
#857=ORIENTED_EDGE('',*,*,#1656,.F.);
#858=ORIENTED_EDGE('',*,*,#1400,.T.);
#859=ORIENTED_EDGE('',*,*,#1344,.T.);
#860=ORIENTED_EDGE('',*,*,#1607,.F.);
#861=ORIENTED_EDGE('',*,*,#1657,.F.);
#862=ORIENTED_EDGE('',*,*,#1401,.T.);
#863=ORIENTED_EDGE('',*,*,#1656,.T.);
#864=ORIENTED_EDGE('',*,*,#1606,.T.);
#865=ORIENTED_EDGE('',*,*,#1655,.F.);
#866=ORIENTED_EDGE('',*,*,#1402,.F.);
#867=ORIENTED_EDGE('',*,*,#1657,.T.);
#868=ORIENTED_EDGE('',*,*,#1600,.T.);
#869=ORIENTED_EDGE('',*,*,#1658,.F.);
#870=ORIENTED_EDGE('',*,*,#1408,.F.);
#871=ORIENTED_EDGE('',*,*,#1659,.T.);
#872=ORIENTED_EDGE('',*,*,#1599,.T.);
#873=ORIENTED_EDGE('',*,*,#1338,.F.);
#874=ORIENTED_EDGE('',*,*,#1409,.F.);
#875=ORIENTED_EDGE('',*,*,#1658,.T.);
#876=ORIENTED_EDGE('',*,*,#1603,.F.);
#877=ORIENTED_EDGE('',*,*,#1660,.F.);
#878=ORIENTED_EDGE('',*,*,#1405,.T.);
#879=ORIENTED_EDGE('',*,*,#1340,.T.);
#880=ORIENTED_EDGE('',*,*,#1602,.F.);
#881=ORIENTED_EDGE('',*,*,#1661,.F.);
#882=ORIENTED_EDGE('',*,*,#1406,.T.);
#883=ORIENTED_EDGE('',*,*,#1660,.T.);
#884=ORIENTED_EDGE('',*,*,#1601,.T.);
#885=ORIENTED_EDGE('',*,*,#1659,.F.);
#886=ORIENTED_EDGE('',*,*,#1407,.F.);
#887=ORIENTED_EDGE('',*,*,#1661,.T.);
#888=ORIENTED_EDGE('',*,*,#1595,.T.);
#889=ORIENTED_EDGE('',*,*,#1662,.F.);
#890=ORIENTED_EDGE('',*,*,#1413,.F.);
#891=ORIENTED_EDGE('',*,*,#1663,.T.);
#892=ORIENTED_EDGE('',*,*,#1594,.T.);
#893=ORIENTED_EDGE('',*,*,#1334,.F.);
#894=ORIENTED_EDGE('',*,*,#1414,.F.);
#895=ORIENTED_EDGE('',*,*,#1662,.T.);
#896=ORIENTED_EDGE('',*,*,#1598,.F.);
#897=ORIENTED_EDGE('',*,*,#1664,.F.);
#898=ORIENTED_EDGE('',*,*,#1410,.T.);
#899=ORIENTED_EDGE('',*,*,#1336,.T.);
#900=ORIENTED_EDGE('',*,*,#1597,.F.);
#901=ORIENTED_EDGE('',*,*,#1665,.F.);
#902=ORIENTED_EDGE('',*,*,#1411,.T.);
#903=ORIENTED_EDGE('',*,*,#1664,.T.);
#904=ORIENTED_EDGE('',*,*,#1596,.T.);
#905=ORIENTED_EDGE('',*,*,#1663,.F.);
#906=ORIENTED_EDGE('',*,*,#1412,.F.);
#907=ORIENTED_EDGE('',*,*,#1665,.T.);
#908=ORIENTED_EDGE('',*,*,#1590,.T.);
#909=ORIENTED_EDGE('',*,*,#1666,.F.);
#910=ORIENTED_EDGE('',*,*,#1418,.F.);
#911=ORIENTED_EDGE('',*,*,#1667,.T.);
#912=ORIENTED_EDGE('',*,*,#1589,.T.);
#913=ORIENTED_EDGE('',*,*,#1330,.F.);
#914=ORIENTED_EDGE('',*,*,#1419,.F.);
#915=ORIENTED_EDGE('',*,*,#1666,.T.);
#916=ORIENTED_EDGE('',*,*,#1593,.F.);
#917=ORIENTED_EDGE('',*,*,#1668,.F.);
#918=ORIENTED_EDGE('',*,*,#1415,.T.);
#919=ORIENTED_EDGE('',*,*,#1332,.T.);
#920=ORIENTED_EDGE('',*,*,#1592,.F.);
#921=ORIENTED_EDGE('',*,*,#1669,.F.);
#922=ORIENTED_EDGE('',*,*,#1416,.T.);
#923=ORIENTED_EDGE('',*,*,#1668,.T.);
#924=ORIENTED_EDGE('',*,*,#1591,.T.);
#925=ORIENTED_EDGE('',*,*,#1667,.F.);
#926=ORIENTED_EDGE('',*,*,#1417,.F.);
#927=ORIENTED_EDGE('',*,*,#1669,.T.);
#928=ORIENTED_EDGE('',*,*,#1585,.T.);
#929=ORIENTED_EDGE('',*,*,#1670,.F.);
#930=ORIENTED_EDGE('',*,*,#1423,.F.);
#931=ORIENTED_EDGE('',*,*,#1671,.T.);
#932=ORIENTED_EDGE('',*,*,#1584,.T.);
#933=ORIENTED_EDGE('',*,*,#1326,.F.);
#934=ORIENTED_EDGE('',*,*,#1424,.F.);
#935=ORIENTED_EDGE('',*,*,#1670,.T.);
#936=ORIENTED_EDGE('',*,*,#1588,.F.);
#937=ORIENTED_EDGE('',*,*,#1672,.F.);
#938=ORIENTED_EDGE('',*,*,#1420,.T.);
#939=ORIENTED_EDGE('',*,*,#1328,.T.);
#940=ORIENTED_EDGE('',*,*,#1587,.F.);
#941=ORIENTED_EDGE('',*,*,#1673,.F.);
#942=ORIENTED_EDGE('',*,*,#1421,.T.);
#943=ORIENTED_EDGE('',*,*,#1672,.T.);
#944=ORIENTED_EDGE('',*,*,#1586,.T.);
#945=ORIENTED_EDGE('',*,*,#1671,.F.);
#946=ORIENTED_EDGE('',*,*,#1422,.F.);
#947=ORIENTED_EDGE('',*,*,#1673,.T.);
#948=ORIENTED_EDGE('',*,*,#1580,.T.);
#949=ORIENTED_EDGE('',*,*,#1674,.F.);
#950=ORIENTED_EDGE('',*,*,#1428,.F.);
#951=ORIENTED_EDGE('',*,*,#1675,.T.);
#952=ORIENTED_EDGE('',*,*,#1579,.T.);
#953=ORIENTED_EDGE('',*,*,#1322,.F.);
#954=ORIENTED_EDGE('',*,*,#1429,.F.);
#955=ORIENTED_EDGE('',*,*,#1674,.T.);
#956=ORIENTED_EDGE('',*,*,#1583,.F.);
#957=ORIENTED_EDGE('',*,*,#1676,.F.);
#958=ORIENTED_EDGE('',*,*,#1425,.T.);
#959=ORIENTED_EDGE('',*,*,#1324,.T.);
#960=ORIENTED_EDGE('',*,*,#1582,.F.);
#961=ORIENTED_EDGE('',*,*,#1677,.F.);
#962=ORIENTED_EDGE('',*,*,#1426,.T.);
#963=ORIENTED_EDGE('',*,*,#1676,.T.);
#964=ORIENTED_EDGE('',*,*,#1581,.T.);
#965=ORIENTED_EDGE('',*,*,#1675,.F.);
#966=ORIENTED_EDGE('',*,*,#1427,.F.);
#967=ORIENTED_EDGE('',*,*,#1677,.T.);
#968=ORIENTED_EDGE('',*,*,#1575,.T.);
#969=ORIENTED_EDGE('',*,*,#1678,.F.);
#970=ORIENTED_EDGE('',*,*,#1433,.F.);
#971=ORIENTED_EDGE('',*,*,#1679,.T.);
#972=ORIENTED_EDGE('',*,*,#1574,.T.);
#973=ORIENTED_EDGE('',*,*,#1318,.F.);
#974=ORIENTED_EDGE('',*,*,#1434,.F.);
#975=ORIENTED_EDGE('',*,*,#1678,.T.);
#976=ORIENTED_EDGE('',*,*,#1578,.F.);
#977=ORIENTED_EDGE('',*,*,#1680,.F.);
#978=ORIENTED_EDGE('',*,*,#1430,.T.);
#979=ORIENTED_EDGE('',*,*,#1320,.T.);
#980=ORIENTED_EDGE('',*,*,#1577,.F.);
#981=ORIENTED_EDGE('',*,*,#1681,.F.);
#982=ORIENTED_EDGE('',*,*,#1431,.T.);
#983=ORIENTED_EDGE('',*,*,#1680,.T.);
#984=ORIENTED_EDGE('',*,*,#1576,.T.);
#985=ORIENTED_EDGE('',*,*,#1679,.F.);
#986=ORIENTED_EDGE('',*,*,#1432,.F.);
#987=ORIENTED_EDGE('',*,*,#1681,.T.);
#988=ORIENTED_EDGE('',*,*,#1570,.T.);
#989=ORIENTED_EDGE('',*,*,#1682,.F.);
#990=ORIENTED_EDGE('',*,*,#1438,.F.);
#991=ORIENTED_EDGE('',*,*,#1683,.T.);
#992=ORIENTED_EDGE('',*,*,#1569,.T.);
#993=ORIENTED_EDGE('',*,*,#1314,.F.);
#994=ORIENTED_EDGE('',*,*,#1439,.F.);
#995=ORIENTED_EDGE('',*,*,#1682,.T.);
#996=ORIENTED_EDGE('',*,*,#1573,.F.);
#997=ORIENTED_EDGE('',*,*,#1684,.F.);
#998=ORIENTED_EDGE('',*,*,#1435,.T.);
#999=ORIENTED_EDGE('',*,*,#1316,.T.);
#1000=ORIENTED_EDGE('',*,*,#1572,.F.);
#1001=ORIENTED_EDGE('',*,*,#1685,.F.);
#1002=ORIENTED_EDGE('',*,*,#1436,.T.);
#1003=ORIENTED_EDGE('',*,*,#1684,.T.);
#1004=ORIENTED_EDGE('',*,*,#1571,.T.);
#1005=ORIENTED_EDGE('',*,*,#1683,.F.);
#1006=ORIENTED_EDGE('',*,*,#1437,.F.);
#1007=ORIENTED_EDGE('',*,*,#1685,.T.);
#1008=ORIENTED_EDGE('',*,*,#1565,.T.);
#1009=ORIENTED_EDGE('',*,*,#1686,.F.);
#1010=ORIENTED_EDGE('',*,*,#1443,.F.);
#1011=ORIENTED_EDGE('',*,*,#1687,.T.);
#1012=ORIENTED_EDGE('',*,*,#1564,.T.);
#1013=ORIENTED_EDGE('',*,*,#1310,.F.);
#1014=ORIENTED_EDGE('',*,*,#1444,.F.);
#1015=ORIENTED_EDGE('',*,*,#1686,.T.);
#1016=ORIENTED_EDGE('',*,*,#1568,.F.);
#1017=ORIENTED_EDGE('',*,*,#1688,.F.);
#1018=ORIENTED_EDGE('',*,*,#1440,.T.);
#1019=ORIENTED_EDGE('',*,*,#1312,.T.);
#1020=ORIENTED_EDGE('',*,*,#1567,.F.);
#1021=ORIENTED_EDGE('',*,*,#1689,.F.);
#1022=ORIENTED_EDGE('',*,*,#1441,.T.);
#1023=ORIENTED_EDGE('',*,*,#1688,.T.);
#1024=ORIENTED_EDGE('',*,*,#1566,.T.);
#1025=ORIENTED_EDGE('',*,*,#1687,.F.);
#1026=ORIENTED_EDGE('',*,*,#1442,.F.);
#1027=ORIENTED_EDGE('',*,*,#1689,.T.);
#1028=ORIENTED_EDGE('',*,*,#1560,.T.);
#1029=ORIENTED_EDGE('',*,*,#1690,.F.);
#1030=ORIENTED_EDGE('',*,*,#1448,.F.);
#1031=ORIENTED_EDGE('',*,*,#1691,.T.);
#1032=ORIENTED_EDGE('',*,*,#1559,.T.);
#1033=ORIENTED_EDGE('',*,*,#1306,.F.);
#1034=ORIENTED_EDGE('',*,*,#1449,.F.);
#1035=ORIENTED_EDGE('',*,*,#1690,.T.);
#1036=ORIENTED_EDGE('',*,*,#1563,.F.);
#1037=ORIENTED_EDGE('',*,*,#1692,.F.);
#1038=ORIENTED_EDGE('',*,*,#1445,.T.);
#1039=ORIENTED_EDGE('',*,*,#1308,.T.);
#1040=ORIENTED_EDGE('',*,*,#1562,.F.);
#1041=ORIENTED_EDGE('',*,*,#1693,.F.);
#1042=ORIENTED_EDGE('',*,*,#1446,.T.);
#1043=ORIENTED_EDGE('',*,*,#1692,.T.);
#1044=ORIENTED_EDGE('',*,*,#1561,.T.);
#1045=ORIENTED_EDGE('',*,*,#1691,.F.);
#1046=ORIENTED_EDGE('',*,*,#1447,.F.);
#1047=ORIENTED_EDGE('',*,*,#1693,.T.);
#1048=ORIENTED_EDGE('',*,*,#1555,.T.);
#1049=ORIENTED_EDGE('',*,*,#1694,.F.);
#1050=ORIENTED_EDGE('',*,*,#1453,.F.);
#1051=ORIENTED_EDGE('',*,*,#1695,.T.);
#1052=ORIENTED_EDGE('',*,*,#1554,.T.);
#1053=ORIENTED_EDGE('',*,*,#1302,.F.);
#1054=ORIENTED_EDGE('',*,*,#1454,.F.);
#1055=ORIENTED_EDGE('',*,*,#1694,.T.);
#1056=ORIENTED_EDGE('',*,*,#1558,.F.);
#1057=ORIENTED_EDGE('',*,*,#1696,.F.);
#1058=ORIENTED_EDGE('',*,*,#1450,.T.);
#1059=ORIENTED_EDGE('',*,*,#1304,.T.);
#1060=ORIENTED_EDGE('',*,*,#1557,.F.);
#1061=ORIENTED_EDGE('',*,*,#1697,.F.);
#1062=ORIENTED_EDGE('',*,*,#1451,.T.);
#1063=ORIENTED_EDGE('',*,*,#1696,.T.);
#1064=ORIENTED_EDGE('',*,*,#1556,.T.);
#1065=ORIENTED_EDGE('',*,*,#1695,.F.);
#1066=ORIENTED_EDGE('',*,*,#1452,.F.);
#1067=ORIENTED_EDGE('',*,*,#1697,.T.);
#1068=ORIENTED_EDGE('',*,*,#1550,.T.);
#1069=ORIENTED_EDGE('',*,*,#1698,.F.);
#1070=ORIENTED_EDGE('',*,*,#1458,.F.);
#1071=ORIENTED_EDGE('',*,*,#1699,.T.);
#1072=ORIENTED_EDGE('',*,*,#1549,.T.);
#1073=ORIENTED_EDGE('',*,*,#1298,.F.);
#1074=ORIENTED_EDGE('',*,*,#1459,.F.);
#1075=ORIENTED_EDGE('',*,*,#1698,.T.);
#1076=ORIENTED_EDGE('',*,*,#1553,.F.);
#1077=ORIENTED_EDGE('',*,*,#1700,.F.);
#1078=ORIENTED_EDGE('',*,*,#1455,.T.);
#1079=ORIENTED_EDGE('',*,*,#1300,.T.);
#1080=ORIENTED_EDGE('',*,*,#1552,.F.);
#1081=ORIENTED_EDGE('',*,*,#1701,.F.);
#1082=ORIENTED_EDGE('',*,*,#1456,.T.);
#1083=ORIENTED_EDGE('',*,*,#1700,.T.);
#1084=ORIENTED_EDGE('',*,*,#1551,.T.);
#1085=ORIENTED_EDGE('',*,*,#1699,.F.);
#1086=ORIENTED_EDGE('',*,*,#1457,.F.);
#1087=ORIENTED_EDGE('',*,*,#1701,.T.);
#1088=ORIENTED_EDGE('',*,*,#1545,.T.);
#1089=ORIENTED_EDGE('',*,*,#1702,.F.);
#1090=ORIENTED_EDGE('',*,*,#1463,.F.);
#1091=ORIENTED_EDGE('',*,*,#1703,.T.);
#1092=ORIENTED_EDGE('',*,*,#1544,.T.);
#1093=ORIENTED_EDGE('',*,*,#1294,.F.);
#1094=ORIENTED_EDGE('',*,*,#1464,.F.);
#1095=ORIENTED_EDGE('',*,*,#1702,.T.);
#1096=ORIENTED_EDGE('',*,*,#1548,.F.);
#1097=ORIENTED_EDGE('',*,*,#1704,.F.);
#1098=ORIENTED_EDGE('',*,*,#1460,.T.);
#1099=ORIENTED_EDGE('',*,*,#1296,.T.);
#1100=ORIENTED_EDGE('',*,*,#1547,.F.);
#1101=ORIENTED_EDGE('',*,*,#1705,.F.);
#1102=ORIENTED_EDGE('',*,*,#1461,.T.);
#1103=ORIENTED_EDGE('',*,*,#1704,.T.);
#1104=ORIENTED_EDGE('',*,*,#1546,.T.);
#1105=ORIENTED_EDGE('',*,*,#1703,.F.);
#1106=ORIENTED_EDGE('',*,*,#1462,.F.);
#1107=ORIENTED_EDGE('',*,*,#1705,.T.);
#1108=ORIENTED_EDGE('',*,*,#1540,.T.);
#1109=ORIENTED_EDGE('',*,*,#1706,.F.);
#1110=ORIENTED_EDGE('',*,*,#1468,.F.);
#1111=ORIENTED_EDGE('',*,*,#1707,.T.);
#1112=ORIENTED_EDGE('',*,*,#1539,.T.);
#1113=ORIENTED_EDGE('',*,*,#1290,.F.);
#1114=ORIENTED_EDGE('',*,*,#1469,.F.);
#1115=ORIENTED_EDGE('',*,*,#1706,.T.);
#1116=ORIENTED_EDGE('',*,*,#1543,.F.);
#1117=ORIENTED_EDGE('',*,*,#1708,.F.);
#1118=ORIENTED_EDGE('',*,*,#1465,.T.);
#1119=ORIENTED_EDGE('',*,*,#1292,.T.);
#1120=ORIENTED_EDGE('',*,*,#1542,.F.);
#1121=ORIENTED_EDGE('',*,*,#1709,.F.);
#1122=ORIENTED_EDGE('',*,*,#1466,.T.);
#1123=ORIENTED_EDGE('',*,*,#1708,.T.);
#1124=ORIENTED_EDGE('',*,*,#1541,.T.);
#1125=ORIENTED_EDGE('',*,*,#1707,.F.);
#1126=ORIENTED_EDGE('',*,*,#1467,.F.);
#1127=ORIENTED_EDGE('',*,*,#1709,.T.);
#1128=ORIENTED_EDGE('',*,*,#1535,.T.);
#1129=ORIENTED_EDGE('',*,*,#1710,.F.);
#1130=ORIENTED_EDGE('',*,*,#1473,.F.);
#1131=ORIENTED_EDGE('',*,*,#1711,.T.);
#1132=ORIENTED_EDGE('',*,*,#1534,.T.);
#1133=ORIENTED_EDGE('',*,*,#1286,.F.);
#1134=ORIENTED_EDGE('',*,*,#1474,.F.);
#1135=ORIENTED_EDGE('',*,*,#1710,.T.);
#1136=ORIENTED_EDGE('',*,*,#1538,.F.);
#1137=ORIENTED_EDGE('',*,*,#1712,.F.);
#1138=ORIENTED_EDGE('',*,*,#1470,.T.);
#1139=ORIENTED_EDGE('',*,*,#1288,.T.);
#1140=ORIENTED_EDGE('',*,*,#1537,.F.);
#1141=ORIENTED_EDGE('',*,*,#1713,.F.);
#1142=ORIENTED_EDGE('',*,*,#1471,.T.);
#1143=ORIENTED_EDGE('',*,*,#1712,.T.);
#1144=ORIENTED_EDGE('',*,*,#1536,.T.);
#1145=ORIENTED_EDGE('',*,*,#1711,.F.);
#1146=ORIENTED_EDGE('',*,*,#1472,.F.);
#1147=ORIENTED_EDGE('',*,*,#1713,.T.);
#1148=ORIENTED_EDGE('',*,*,#1530,.T.);
#1149=ORIENTED_EDGE('',*,*,#1714,.F.);
#1150=ORIENTED_EDGE('',*,*,#1478,.F.);
#1151=ORIENTED_EDGE('',*,*,#1715,.T.);
#1152=ORIENTED_EDGE('',*,*,#1529,.T.);
#1153=ORIENTED_EDGE('',*,*,#1282,.F.);
#1154=ORIENTED_EDGE('',*,*,#1479,.F.);
#1155=ORIENTED_EDGE('',*,*,#1714,.T.);
#1156=ORIENTED_EDGE('',*,*,#1533,.F.);
#1157=ORIENTED_EDGE('',*,*,#1716,.F.);
#1158=ORIENTED_EDGE('',*,*,#1475,.T.);
#1159=ORIENTED_EDGE('',*,*,#1284,.T.);
#1160=ORIENTED_EDGE('',*,*,#1532,.F.);
#1161=ORIENTED_EDGE('',*,*,#1717,.F.);
#1162=ORIENTED_EDGE('',*,*,#1476,.T.);
#1163=ORIENTED_EDGE('',*,*,#1716,.T.);
#1164=ORIENTED_EDGE('',*,*,#1531,.T.);
#1165=ORIENTED_EDGE('',*,*,#1715,.F.);
#1166=ORIENTED_EDGE('',*,*,#1477,.F.);
#1167=ORIENTED_EDGE('',*,*,#1717,.T.);
#1168=ORIENTED_EDGE('',*,*,#1525,.T.);
#1169=ORIENTED_EDGE('',*,*,#1718,.F.);
#1170=ORIENTED_EDGE('',*,*,#1483,.F.);
#1171=ORIENTED_EDGE('',*,*,#1719,.T.);
#1172=ORIENTED_EDGE('',*,*,#1524,.T.);
#1173=ORIENTED_EDGE('',*,*,#1278,.F.);
#1174=ORIENTED_EDGE('',*,*,#1484,.F.);
#1175=ORIENTED_EDGE('',*,*,#1718,.T.);
#1176=ORIENTED_EDGE('',*,*,#1528,.F.);
#1177=ORIENTED_EDGE('',*,*,#1720,.F.);
#1178=ORIENTED_EDGE('',*,*,#1480,.T.);
#1179=ORIENTED_EDGE('',*,*,#1280,.T.);
#1180=ORIENTED_EDGE('',*,*,#1527,.F.);
#1181=ORIENTED_EDGE('',*,*,#1721,.F.);
#1182=ORIENTED_EDGE('',*,*,#1481,.T.);
#1183=ORIENTED_EDGE('',*,*,#1720,.T.);
#1184=ORIENTED_EDGE('',*,*,#1526,.T.);
#1185=ORIENTED_EDGE('',*,*,#1719,.F.);
#1186=ORIENTED_EDGE('',*,*,#1482,.F.);
#1187=ORIENTED_EDGE('',*,*,#1721,.T.);
#1188=ORIENTED_EDGE('',*,*,#1520,.T.);
#1189=ORIENTED_EDGE('',*,*,#1722,.F.);
#1190=ORIENTED_EDGE('',*,*,#1488,.F.);
#1191=ORIENTED_EDGE('',*,*,#1723,.T.);
#1192=ORIENTED_EDGE('',*,*,#1519,.T.);
#1193=ORIENTED_EDGE('',*,*,#1274,.F.);
#1194=ORIENTED_EDGE('',*,*,#1489,.F.);
#1195=ORIENTED_EDGE('',*,*,#1722,.T.);
#1196=ORIENTED_EDGE('',*,*,#1523,.F.);
#1197=ORIENTED_EDGE('',*,*,#1724,.F.);
#1198=ORIENTED_EDGE('',*,*,#1485,.T.);
#1199=ORIENTED_EDGE('',*,*,#1276,.T.);
#1200=ORIENTED_EDGE('',*,*,#1522,.F.);
#1201=ORIENTED_EDGE('',*,*,#1725,.F.);
#1202=ORIENTED_EDGE('',*,*,#1486,.T.);
#1203=ORIENTED_EDGE('',*,*,#1724,.T.);
#1204=ORIENTED_EDGE('',*,*,#1521,.T.);
#1205=ORIENTED_EDGE('',*,*,#1723,.F.);
#1206=ORIENTED_EDGE('',*,*,#1487,.F.);
#1207=ORIENTED_EDGE('',*,*,#1725,.T.);
#1208=ORIENTED_EDGE('',*,*,#1515,.T.);
#1209=ORIENTED_EDGE('',*,*,#1726,.F.);
#1210=ORIENTED_EDGE('',*,*,#1493,.F.);
#1211=ORIENTED_EDGE('',*,*,#1727,.T.);
#1212=ORIENTED_EDGE('',*,*,#1514,.T.);
#1213=ORIENTED_EDGE('',*,*,#1270,.F.);
#1214=ORIENTED_EDGE('',*,*,#1494,.F.);
#1215=ORIENTED_EDGE('',*,*,#1726,.T.);
#1216=ORIENTED_EDGE('',*,*,#1518,.F.);
#1217=ORIENTED_EDGE('',*,*,#1728,.F.);
#1218=ORIENTED_EDGE('',*,*,#1490,.T.);
#1219=ORIENTED_EDGE('',*,*,#1272,.T.);
#1220=ORIENTED_EDGE('',*,*,#1517,.F.);
#1221=ORIENTED_EDGE('',*,*,#1729,.F.);
#1222=ORIENTED_EDGE('',*,*,#1491,.T.);
#1223=ORIENTED_EDGE('',*,*,#1728,.T.);
#1224=ORIENTED_EDGE('',*,*,#1516,.T.);
#1225=ORIENTED_EDGE('',*,*,#1727,.F.);
#1226=ORIENTED_EDGE('',*,*,#1492,.F.);
#1227=ORIENTED_EDGE('',*,*,#1729,.T.);
#1228=ORIENTED_EDGE('',*,*,#1510,.T.);
#1229=ORIENTED_EDGE('',*,*,#1730,.F.);
#1230=ORIENTED_EDGE('',*,*,#1498,.F.);
#1231=ORIENTED_EDGE('',*,*,#1731,.T.);
#1232=ORIENTED_EDGE('',*,*,#1509,.T.);
#1233=ORIENTED_EDGE('',*,*,#1369,.F.);
#1234=ORIENTED_EDGE('',*,*,#1499,.F.);
#1235=ORIENTED_EDGE('',*,*,#1730,.T.);
#1236=ORIENTED_EDGE('',*,*,#1513,.F.);
#1237=ORIENTED_EDGE('',*,*,#1732,.F.);
#1238=ORIENTED_EDGE('',*,*,#1495,.T.);
#1239=ORIENTED_EDGE('',*,*,#1268,.T.);
#1240=ORIENTED_EDGE('',*,*,#1512,.F.);
#1241=ORIENTED_EDGE('',*,*,#1733,.F.);
#1242=ORIENTED_EDGE('',*,*,#1496,.T.);
#1243=ORIENTED_EDGE('',*,*,#1732,.T.);
#1244=ORIENTED_EDGE('',*,*,#1511,.T.);
#1245=ORIENTED_EDGE('',*,*,#1731,.F.);
#1246=ORIENTED_EDGE('',*,*,#1497,.F.);
#1247=ORIENTED_EDGE('',*,*,#1733,.T.);
#1248=ORIENTED_EDGE('',*,*,#1505,.T.);
#1249=ORIENTED_EDGE('',*,*,#1734,.F.);
#1250=ORIENTED_EDGE('',*,*,#1503,.F.);
#1251=ORIENTED_EDGE('',*,*,#1735,.T.);
#1252=ORIENTED_EDGE('',*,*,#1366,.F.);
#1253=ORIENTED_EDGE('',*,*,#1374,.F.);
#1254=ORIENTED_EDGE('',*,*,#1734,.T.);
#1255=ORIENTED_EDGE('',*,*,#1504,.T.);
#1256=ORIENTED_EDGE('',*,*,#1500,.T.);
#1257=ORIENTED_EDGE('',*,*,#1371,.T.);
#1258=ORIENTED_EDGE('',*,*,#1508,.F.);
#1259=ORIENTED_EDGE('',*,*,#1736,.F.);
#1260=ORIENTED_EDGE('',*,*,#1507,.F.);
#1261=ORIENTED_EDGE('',*,*,#1737,.F.);
#1262=ORIENTED_EDGE('',*,*,#1501,.T.);
#1263=ORIENTED_EDGE('',*,*,#1736,.T.);
#1264=ORIENTED_EDGE('',*,*,#1506,.T.);
#1265=ORIENTED_EDGE('',*,*,#1735,.F.);
#1266=ORIENTED_EDGE('',*,*,#1502,.F.);
#1267=ORIENTED_EDGE('',*,*,#1737,.T.);
#1268=EDGE_CURVE('',#1738,#1739,#2052,.T.);
#1269=EDGE_CURVE('',#1740,#1738,#14,.T.);
#1270=EDGE_CURVE('',#1740,#1741,#2053,.T.);
#1271=EDGE_CURVE('',#1741,#1739,#15,.T.);
#1272=EDGE_CURVE('',#1742,#1743,#2054,.T.);
#1273=EDGE_CURVE('',#1744,#1742,#16,.T.);
#1274=EDGE_CURVE('',#1744,#1745,#2055,.T.);
#1275=EDGE_CURVE('',#1745,#1743,#17,.T.);
#1276=EDGE_CURVE('',#1746,#1747,#2056,.T.);
#1277=EDGE_CURVE('',#1748,#1746,#18,.T.);
#1278=EDGE_CURVE('',#1748,#1749,#2057,.T.);
#1279=EDGE_CURVE('',#1749,#1747,#19,.T.);
#1280=EDGE_CURVE('',#1750,#1751,#2058,.T.);
#1281=EDGE_CURVE('',#1752,#1750,#20,.T.);
#1282=EDGE_CURVE('',#1752,#1753,#2059,.T.);
#1283=EDGE_CURVE('',#1753,#1751,#21,.T.);
#1284=EDGE_CURVE('',#1754,#1755,#2060,.T.);
#1285=EDGE_CURVE('',#1756,#1754,#22,.T.);
#1286=EDGE_CURVE('',#1756,#1757,#2061,.T.);
#1287=EDGE_CURVE('',#1757,#1755,#23,.T.);
#1288=EDGE_CURVE('',#1758,#1759,#2062,.T.);
#1289=EDGE_CURVE('',#1760,#1758,#24,.T.);
#1290=EDGE_CURVE('',#1760,#1761,#2063,.T.);
#1291=EDGE_CURVE('',#1761,#1759,#25,.T.);
#1292=EDGE_CURVE('',#1762,#1763,#2064,.T.);
#1293=EDGE_CURVE('',#1764,#1762,#26,.T.);
#1294=EDGE_CURVE('',#1764,#1765,#2065,.T.);
#1295=EDGE_CURVE('',#1765,#1763,#27,.T.);
#1296=EDGE_CURVE('',#1766,#1767,#2066,.T.);
#1297=EDGE_CURVE('',#1768,#1766,#28,.T.);
#1298=EDGE_CURVE('',#1768,#1769,#2067,.T.);
#1299=EDGE_CURVE('',#1769,#1767,#29,.T.);
#1300=EDGE_CURVE('',#1770,#1771,#2068,.T.);
#1301=EDGE_CURVE('',#1772,#1770,#30,.T.);
#1302=EDGE_CURVE('',#1772,#1773,#2069,.T.);
#1303=EDGE_CURVE('',#1773,#1771,#31,.T.);
#1304=EDGE_CURVE('',#1774,#1775,#2070,.T.);
#1305=EDGE_CURVE('',#1776,#1774,#32,.T.);
#1306=EDGE_CURVE('',#1776,#1777,#2071,.T.);
#1307=EDGE_CURVE('',#1777,#1775,#33,.T.);
#1308=EDGE_CURVE('',#1778,#1779,#2072,.T.);
#1309=EDGE_CURVE('',#1780,#1778,#34,.T.);
#1310=EDGE_CURVE('',#1780,#1781,#2073,.T.);
#1311=EDGE_CURVE('',#1781,#1779,#35,.T.);
#1312=EDGE_CURVE('',#1782,#1783,#2074,.T.);
#1313=EDGE_CURVE('',#1784,#1782,#36,.T.);
#1314=EDGE_CURVE('',#1784,#1785,#2075,.T.);
#1315=EDGE_CURVE('',#1785,#1783,#37,.T.);
#1316=EDGE_CURVE('',#1786,#1787,#2076,.T.);
#1317=EDGE_CURVE('',#1788,#1786,#38,.T.);
#1318=EDGE_CURVE('',#1788,#1789,#2077,.T.);
#1319=EDGE_CURVE('',#1789,#1787,#39,.T.);
#1320=EDGE_CURVE('',#1790,#1791,#2078,.T.);
#1321=EDGE_CURVE('',#1792,#1790,#40,.T.);
#1322=EDGE_CURVE('',#1792,#1793,#2079,.T.);
#1323=EDGE_CURVE('',#1793,#1791,#41,.T.);
#1324=EDGE_CURVE('',#1794,#1795,#2080,.T.);
#1325=EDGE_CURVE('',#1796,#1794,#42,.T.);
#1326=EDGE_CURVE('',#1796,#1797,#2081,.T.);
#1327=EDGE_CURVE('',#1797,#1795,#43,.T.);
#1328=EDGE_CURVE('',#1798,#1799,#2082,.T.);
#1329=EDGE_CURVE('',#1800,#1798,#44,.T.);
#1330=EDGE_CURVE('',#1800,#1801,#2083,.T.);
#1331=EDGE_CURVE('',#1801,#1799,#45,.T.);
#1332=EDGE_CURVE('',#1802,#1803,#2084,.T.);
#1333=EDGE_CURVE('',#1804,#1802,#46,.T.);
#1334=EDGE_CURVE('',#1804,#1805,#2085,.T.);
#1335=EDGE_CURVE('',#1805,#1803,#47,.T.);
#1336=EDGE_CURVE('',#1806,#1807,#2086,.T.);
#1337=EDGE_CURVE('',#1808,#1806,#48,.T.);
#1338=EDGE_CURVE('',#1808,#1809,#2087,.T.);
#1339=EDGE_CURVE('',#1809,#1807,#49,.T.);
#1340=EDGE_CURVE('',#1810,#1811,#2088,.T.);
#1341=EDGE_CURVE('',#1812,#1810,#50,.T.);
#1342=EDGE_CURVE('',#1812,#1813,#2089,.T.);
#1343=EDGE_CURVE('',#1813,#1811,#51,.T.);
#1344=EDGE_CURVE('',#1814,#1815,#2090,.T.);
#1345=EDGE_CURVE('',#1816,#1814,#52,.T.);
#1346=EDGE_CURVE('',#1816,#1817,#2091,.T.);
#1347=EDGE_CURVE('',#1817,#1815,#53,.T.);
#1348=EDGE_CURVE('',#1818,#1819,#2092,.T.);
#1349=EDGE_CURVE('',#1820,#1818,#54,.T.);
#1350=EDGE_CURVE('',#1820,#1821,#2093,.T.);
#1351=EDGE_CURVE('',#1821,#1819,#55,.T.);
#1352=EDGE_CURVE('',#1822,#1823,#2094,.T.);
#1353=EDGE_CURVE('',#1824,#1822,#56,.T.);
#1354=EDGE_CURVE('',#1824,#1825,#2095,.T.);
#1355=EDGE_CURVE('',#1825,#1823,#57,.T.);
#1356=EDGE_CURVE('',#1826,#1827,#2096,.T.);
#1357=EDGE_CURVE('',#1828,#1826,#58,.T.);
#1358=EDGE_CURVE('',#1828,#1829,#2097,.T.);
#1359=EDGE_CURVE('',#1829,#1827,#59,.T.);
#1360=EDGE_CURVE('',#1830,#1831,#2098,.T.);
#1361=EDGE_CURVE('',#1832,#1830,#60,.T.);
#1362=EDGE_CURVE('',#1832,#1833,#2099,.T.);
#1363=EDGE_CURVE('',#1833,#1831,#61,.T.);
#1364=EDGE_CURVE('',#1834,#1835,#2100,.T.);
#1365=EDGE_CURVE('',#1836,#1834,#62,.T.);
#1366=EDGE_CURVE('',#1836,#1837,#2101,.T.);
#1367=EDGE_CURVE('',#1837,#1835,#63,.T.);
#1368=EDGE_CURVE('',#1838,#1839,#64,.T.);
#1369=EDGE_CURVE('',#1838,#1840,#2102,.T.);
#1370=EDGE_CURVE('',#1840,#1841,#65,.T.);
#1371=EDGE_CURVE('',#1839,#1841,#2103,.T.);
#1372=EDGE_CURVE('',#1842,#1842,#66,.T.);
#1373=EDGE_CURVE('',#1843,#1843,#67,.T.);
#1374=EDGE_CURVE('',#1844,#1836,#68,.T.);
#1375=EDGE_CURVE('',#1845,#1834,#69,.F.);
#1376=EDGE_CURVE('',#1846,#1845,#70,.T.);
#1377=EDGE_CURVE('',#1846,#1847,#71,.F.);
#1378=EDGE_CURVE('',#1847,#1848,#72,.F.);
#1379=EDGE_CURVE('',#1848,#1832,#73,.T.);
#1380=EDGE_CURVE('',#1849,#1830,#74,.F.);
#1381=EDGE_CURVE('',#1850,#1849,#75,.T.);
#1382=EDGE_CURVE('',#1850,#1851,#76,.F.);
#1383=EDGE_CURVE('',#1851,#1852,#77,.F.);
#1384=EDGE_CURVE('',#1852,#1828,#78,.T.);
#1385=EDGE_CURVE('',#1853,#1826,#79,.F.);
#1386=EDGE_CURVE('',#1854,#1853,#80,.T.);
#1387=EDGE_CURVE('',#1854,#1855,#81,.F.);
#1388=EDGE_CURVE('',#1855,#1856,#82,.F.);
#1389=EDGE_CURVE('',#1856,#1824,#83,.T.);
#1390=EDGE_CURVE('',#1857,#1822,#84,.F.);
#1391=EDGE_CURVE('',#1858,#1857,#85,.T.);
#1392=EDGE_CURVE('',#1858,#1859,#86,.F.);
#1393=EDGE_CURVE('',#1859,#1860,#87,.F.);
#1394=EDGE_CURVE('',#1860,#1820,#88,.T.);
#1395=EDGE_CURVE('',#1861,#1818,#89,.F.);
#1396=EDGE_CURVE('',#1862,#1861,#90,.T.);
#1397=EDGE_CURVE('',#1862,#1863,#91,.F.);
#1398=EDGE_CURVE('',#1863,#1864,#92,.F.);
#1399=EDGE_CURVE('',#1864,#1816,#93,.T.);
#1400=EDGE_CURVE('',#1865,#1814,#94,.F.);
#1401=EDGE_CURVE('',#1866,#1865,#95,.T.);
#1402=EDGE_CURVE('',#1866,#1867,#96,.F.);
#1403=EDGE_CURVE('',#1867,#1868,#97,.F.);
#1404=EDGE_CURVE('',#1868,#1812,#98,.T.);
#1405=EDGE_CURVE('',#1869,#1810,#99,.F.);
#1406=EDGE_CURVE('',#1870,#1869,#100,.T.);
#1407=EDGE_CURVE('',#1870,#1871,#101,.F.);
#1408=EDGE_CURVE('',#1871,#1872,#102,.F.);
#1409=EDGE_CURVE('',#1872,#1808,#103,.T.);
#1410=EDGE_CURVE('',#1873,#1806,#104,.F.);
#1411=EDGE_CURVE('',#1874,#1873,#105,.T.);
#1412=EDGE_CURVE('',#1874,#1875,#106,.F.);
#1413=EDGE_CURVE('',#1875,#1876,#107,.F.);
#1414=EDGE_CURVE('',#1876,#1804,#108,.T.);
#1415=EDGE_CURVE('',#1877,#1802,#109,.F.);
#1416=EDGE_CURVE('',#1878,#1877,#110,.T.);
#1417=EDGE_CURVE('',#1878,#1879,#111,.F.);
#1418=EDGE_CURVE('',#1879,#1880,#112,.F.);
#1419=EDGE_CURVE('',#1880,#1800,#113,.T.);
#1420=EDGE_CURVE('',#1881,#1798,#114,.F.);
#1421=EDGE_CURVE('',#1882,#1881,#115,.T.);
#1422=EDGE_CURVE('',#1882,#1883,#116,.F.);
#1423=EDGE_CURVE('',#1883,#1884,#117,.F.);
#1424=EDGE_CURVE('',#1884,#1796,#118,.T.);
#1425=EDGE_CURVE('',#1885,#1794,#119,.F.);
#1426=EDGE_CURVE('',#1886,#1885,#120,.T.);
#1427=EDGE_CURVE('',#1886,#1887,#121,.F.);
#1428=EDGE_CURVE('',#1887,#1888,#122,.F.);
#1429=EDGE_CURVE('',#1888,#1792,#123,.T.);
#1430=EDGE_CURVE('',#1889,#1790,#124,.F.);
#1431=EDGE_CURVE('',#1890,#1889,#125,.T.);
#1432=EDGE_CURVE('',#1890,#1891,#126,.F.);
#1433=EDGE_CURVE('',#1891,#1892,#127,.F.);
#1434=EDGE_CURVE('',#1892,#1788,#128,.T.);
#1435=EDGE_CURVE('',#1893,#1786,#129,.F.);
#1436=EDGE_CURVE('',#1894,#1893,#130,.T.);
#1437=EDGE_CURVE('',#1894,#1895,#131,.F.);
#1438=EDGE_CURVE('',#1895,#1896,#132,.F.);
#1439=EDGE_CURVE('',#1896,#1784,#133,.T.);
#1440=EDGE_CURVE('',#1897,#1782,#134,.F.);
#1441=EDGE_CURVE('',#1898,#1897,#135,.T.);
#1442=EDGE_CURVE('',#1898,#1899,#136,.F.);
#1443=EDGE_CURVE('',#1899,#1900,#137,.F.);
#1444=EDGE_CURVE('',#1900,#1780,#138,.T.);
#1445=EDGE_CURVE('',#1901,#1778,#139,.F.);
#1446=EDGE_CURVE('',#1902,#1901,#140,.T.);
#1447=EDGE_CURVE('',#1902,#1903,#141,.F.);
#1448=EDGE_CURVE('',#1903,#1904,#142,.F.);
#1449=EDGE_CURVE('',#1904,#1776,#143,.T.);
#1450=EDGE_CURVE('',#1905,#1774,#144,.F.);
#1451=EDGE_CURVE('',#1906,#1905,#145,.T.);
#1452=EDGE_CURVE('',#1906,#1907,#146,.F.);
#1453=EDGE_CURVE('',#1907,#1908,#147,.F.);
#1454=EDGE_CURVE('',#1908,#1772,#148,.T.);
#1455=EDGE_CURVE('',#1909,#1770,#149,.F.);
#1456=EDGE_CURVE('',#1910,#1909,#150,.T.);
#1457=EDGE_CURVE('',#1910,#1911,#151,.F.);
#1458=EDGE_CURVE('',#1911,#1912,#152,.F.);
#1459=EDGE_CURVE('',#1912,#1768,#153,.T.);
#1460=EDGE_CURVE('',#1913,#1766,#154,.F.);
#1461=EDGE_CURVE('',#1914,#1913,#155,.T.);
#1462=EDGE_CURVE('',#1914,#1915,#156,.F.);
#1463=EDGE_CURVE('',#1915,#1916,#157,.F.);
#1464=EDGE_CURVE('',#1916,#1764,#158,.T.);
#1465=EDGE_CURVE('',#1917,#1762,#159,.F.);
#1466=EDGE_CURVE('',#1918,#1917,#160,.T.);
#1467=EDGE_CURVE('',#1918,#1919,#161,.F.);
#1468=EDGE_CURVE('',#1919,#1920,#162,.F.);
#1469=EDGE_CURVE('',#1920,#1760,#163,.T.);
#1470=EDGE_CURVE('',#1921,#1758,#164,.F.);
#1471=EDGE_CURVE('',#1922,#1921,#165,.T.);
#1472=EDGE_CURVE('',#1922,#1923,#166,.F.);
#1473=EDGE_CURVE('',#1923,#1924,#167,.F.);
#1474=EDGE_CURVE('',#1924,#1756,#168,.T.);
#1475=EDGE_CURVE('',#1925,#1754,#169,.F.);
#1476=EDGE_CURVE('',#1926,#1925,#170,.T.);
#1477=EDGE_CURVE('',#1926,#1927,#171,.F.);
#1478=EDGE_CURVE('',#1927,#1928,#172,.F.);
#1479=EDGE_CURVE('',#1928,#1752,#173,.T.);
#1480=EDGE_CURVE('',#1929,#1750,#174,.F.);
#1481=EDGE_CURVE('',#1930,#1929,#175,.T.);
#1482=EDGE_CURVE('',#1930,#1931,#176,.F.);
#1483=EDGE_CURVE('',#1931,#1932,#177,.F.);
#1484=EDGE_CURVE('',#1932,#1748,#178,.T.);
#1485=EDGE_CURVE('',#1933,#1746,#179,.F.);
#1486=EDGE_CURVE('',#1934,#1933,#180,.T.);
#1487=EDGE_CURVE('',#1934,#1935,#181,.F.);
#1488=EDGE_CURVE('',#1935,#1936,#182,.F.);
#1489=EDGE_CURVE('',#1936,#1744,#183,.T.);
#1490=EDGE_CURVE('',#1937,#1742,#184,.F.);
#1491=EDGE_CURVE('',#1938,#1937,#185,.T.);
#1492=EDGE_CURVE('',#1938,#1939,#186,.F.);
#1493=EDGE_CURVE('',#1939,#1940,#187,.F.);
#1494=EDGE_CURVE('',#1940,#1740,#188,.T.);
#1495=EDGE_CURVE('',#1941,#1738,#189,.F.);
#1496=EDGE_CURVE('',#1942,#1941,#190,.T.);
#1497=EDGE_CURVE('',#1942,#1943,#191,.F.);
#1498=EDGE_CURVE('',#1943,#1944,#192,.F.);
#1499=EDGE_CURVE('',#1944,#1838,#193,.T.);
#1500=EDGE_CURVE('',#1945,#1839,#194,.F.);
#1501=EDGE_CURVE('',#1946,#1945,#195,.T.);
#1502=EDGE_CURVE('',#1946,#1947,#196,.F.);
#1503=EDGE_CURVE('',#1947,#1844,#197,.F.);
#1504=EDGE_CURVE('',#1948,#1837,#198,.T.);
#1505=EDGE_CURVE('',#1949,#1948,#199,.F.);
#1506=EDGE_CURVE('',#1950,#1949,#200,.F.);
#1507=EDGE_CURVE('',#1950,#1951,#201,.T.);
#1508=EDGE_CURVE('',#1951,#1841,#202,.F.);
#1509=EDGE_CURVE('',#1952,#1840,#203,.T.);
#1510=EDGE_CURVE('',#1953,#1952,#204,.F.);
#1511=EDGE_CURVE('',#1954,#1953,#205,.F.);
#1512=EDGE_CURVE('',#1954,#1955,#206,.T.);
#1513=EDGE_CURVE('',#1955,#1739,#207,.F.);
#1514=EDGE_CURVE('',#1956,#1741,#208,.T.);
#1515=EDGE_CURVE('',#1957,#1956,#209,.F.);
#1516=EDGE_CURVE('',#1958,#1957,#210,.F.);
#1517=EDGE_CURVE('',#1958,#1959,#211,.T.);
#1518=EDGE_CURVE('',#1959,#1743,#212,.F.);
#1519=EDGE_CURVE('',#1960,#1745,#213,.T.);
#1520=EDGE_CURVE('',#1961,#1960,#214,.F.);
#1521=EDGE_CURVE('',#1962,#1961,#215,.F.);
#1522=EDGE_CURVE('',#1962,#1963,#216,.T.);
#1523=EDGE_CURVE('',#1963,#1747,#217,.F.);
#1524=EDGE_CURVE('',#1964,#1749,#218,.T.);
#1525=EDGE_CURVE('',#1965,#1964,#219,.F.);
#1526=EDGE_CURVE('',#1966,#1965,#220,.F.);
#1527=EDGE_CURVE('',#1966,#1967,#221,.T.);
#1528=EDGE_CURVE('',#1967,#1751,#222,.F.);
#1529=EDGE_CURVE('',#1968,#1753,#223,.T.);
#1530=EDGE_CURVE('',#1969,#1968,#224,.F.);
#1531=EDGE_CURVE('',#1970,#1969,#225,.F.);
#1532=EDGE_CURVE('',#1970,#1971,#226,.T.);
#1533=EDGE_CURVE('',#1971,#1755,#227,.F.);
#1534=EDGE_CURVE('',#1972,#1757,#228,.T.);
#1535=EDGE_CURVE('',#1973,#1972,#229,.F.);
#1536=EDGE_CURVE('',#1974,#1973,#230,.F.);
#1537=EDGE_CURVE('',#1974,#1975,#231,.T.);
#1538=EDGE_CURVE('',#1975,#1759,#232,.F.);
#1539=EDGE_CURVE('',#1976,#1761,#233,.T.);
#1540=EDGE_CURVE('',#1977,#1976,#234,.F.);
#1541=EDGE_CURVE('',#1978,#1977,#235,.F.);
#1542=EDGE_CURVE('',#1978,#1979,#236,.T.);
#1543=EDGE_CURVE('',#1979,#1763,#237,.F.);
#1544=EDGE_CURVE('',#1980,#1765,#238,.T.);
#1545=EDGE_CURVE('',#1981,#1980,#239,.F.);
#1546=EDGE_CURVE('',#1982,#1981,#240,.F.);
#1547=EDGE_CURVE('',#1982,#1983,#241,.T.);
#1548=EDGE_CURVE('',#1983,#1767,#242,.F.);
#1549=EDGE_CURVE('',#1984,#1769,#243,.T.);
#1550=EDGE_CURVE('',#1985,#1984,#244,.F.);
#1551=EDGE_CURVE('',#1986,#1985,#245,.F.);
#1552=EDGE_CURVE('',#1986,#1987,#246,.T.);
#1553=EDGE_CURVE('',#1987,#1771,#247,.F.);
#1554=EDGE_CURVE('',#1988,#1773,#248,.T.);
#1555=EDGE_CURVE('',#1989,#1988,#249,.F.);
#1556=EDGE_CURVE('',#1990,#1989,#250,.F.);
#1557=EDGE_CURVE('',#1990,#1991,#251,.T.);
#1558=EDGE_CURVE('',#1991,#1775,#252,.F.);
#1559=EDGE_CURVE('',#1992,#1777,#253,.T.);
#1560=EDGE_CURVE('',#1993,#1992,#254,.F.);
#1561=EDGE_CURVE('',#1994,#1993,#255,.F.);
#1562=EDGE_CURVE('',#1994,#1995,#256,.T.);
#1563=EDGE_CURVE('',#1995,#1779,#257,.F.);
#1564=EDGE_CURVE('',#1996,#1781,#258,.T.);
#1565=EDGE_CURVE('',#1997,#1996,#259,.F.);
#1566=EDGE_CURVE('',#1998,#1997,#260,.F.);
#1567=EDGE_CURVE('',#1998,#1999,#261,.T.);
#1568=EDGE_CURVE('',#1999,#1783,#262,.F.);
#1569=EDGE_CURVE('',#2000,#1785,#263,.T.);
#1570=EDGE_CURVE('',#2001,#2000,#264,.F.);
#1571=EDGE_CURVE('',#2002,#2001,#265,.F.);
#1572=EDGE_CURVE('',#2002,#2003,#266,.T.);
#1573=EDGE_CURVE('',#2003,#1787,#267,.F.);
#1574=EDGE_CURVE('',#2004,#1789,#268,.T.);
#1575=EDGE_CURVE('',#2005,#2004,#269,.F.);
#1576=EDGE_CURVE('',#2006,#2005,#270,.F.);
#1577=EDGE_CURVE('',#2006,#2007,#271,.T.);
#1578=EDGE_CURVE('',#2007,#1791,#272,.F.);
#1579=EDGE_CURVE('',#2008,#1793,#273,.T.);
#1580=EDGE_CURVE('',#2009,#2008,#274,.F.);
#1581=EDGE_CURVE('',#2010,#2009,#275,.F.);
#1582=EDGE_CURVE('',#2010,#2011,#276,.T.);
#1583=EDGE_CURVE('',#2011,#1795,#277,.F.);
#1584=EDGE_CURVE('',#2012,#1797,#278,.T.);
#1585=EDGE_CURVE('',#2013,#2012,#279,.F.);
#1586=EDGE_CURVE('',#2014,#2013,#280,.F.);
#1587=EDGE_CURVE('',#2014,#2015,#281,.T.);
#1588=EDGE_CURVE('',#2015,#1799,#282,.F.);
#1589=EDGE_CURVE('',#2016,#1801,#283,.T.);
#1590=EDGE_CURVE('',#2017,#2016,#284,.F.);
#1591=EDGE_CURVE('',#2018,#2017,#285,.F.);
#1592=EDGE_CURVE('',#2018,#2019,#286,.T.);
#1593=EDGE_CURVE('',#2019,#1803,#287,.F.);
#1594=EDGE_CURVE('',#2020,#1805,#288,.T.);
#1595=EDGE_CURVE('',#2021,#2020,#289,.F.);
#1596=EDGE_CURVE('',#2022,#2021,#290,.F.);
#1597=EDGE_CURVE('',#2022,#2023,#291,.T.);
#1598=EDGE_CURVE('',#2023,#1807,#292,.F.);
#1599=EDGE_CURVE('',#2024,#1809,#293,.T.);
#1600=EDGE_CURVE('',#2025,#2024,#294,.F.);
#1601=EDGE_CURVE('',#2026,#2025,#295,.F.);
#1602=EDGE_CURVE('',#2026,#2027,#296,.T.);
#1603=EDGE_CURVE('',#2027,#1811,#297,.F.);
#1604=EDGE_CURVE('',#2028,#1813,#298,.T.);
#1605=EDGE_CURVE('',#2029,#2028,#299,.F.);
#1606=EDGE_CURVE('',#2030,#2029,#300,.F.);
#1607=EDGE_CURVE('',#2030,#2031,#301,.T.);
#1608=EDGE_CURVE('',#2031,#1815,#302,.F.);
#1609=EDGE_CURVE('',#2032,#1817,#303,.T.);
#1610=EDGE_CURVE('',#2033,#2032,#304,.F.);
#1611=EDGE_CURVE('',#2034,#2033,#305,.F.);
#1612=EDGE_CURVE('',#2034,#2035,#306,.T.);
#1613=EDGE_CURVE('',#2035,#1819,#307,.F.);
#1614=EDGE_CURVE('',#2036,#1821,#308,.T.);
#1615=EDGE_CURVE('',#2037,#2036,#309,.F.);
#1616=EDGE_CURVE('',#2038,#2037,#310,.F.);
#1617=EDGE_CURVE('',#2038,#2039,#311,.T.);
#1618=EDGE_CURVE('',#2039,#1823,#312,.F.);
#1619=EDGE_CURVE('',#2040,#1825,#313,.T.);
#1620=EDGE_CURVE('',#2041,#2040,#314,.F.);
#1621=EDGE_CURVE('',#2042,#2041,#315,.F.);
#1622=EDGE_CURVE('',#2042,#2043,#316,.T.);
#1623=EDGE_CURVE('',#2043,#1827,#317,.F.);
#1624=EDGE_CURVE('',#2044,#1829,#318,.T.);
#1625=EDGE_CURVE('',#2045,#2044,#319,.F.);
#1626=EDGE_CURVE('',#2046,#2045,#320,.F.);
#1627=EDGE_CURVE('',#2046,#2047,#321,.T.);
#1628=EDGE_CURVE('',#2047,#1831,#322,.F.);
#1629=EDGE_CURVE('',#2048,#1833,#323,.T.);
#1630=EDGE_CURVE('',#2049,#2048,#324,.F.);
#1631=EDGE_CURVE('',#2050,#2049,#325,.F.);
#1632=EDGE_CURVE('',#2050,#2051,#326,.T.);
#1633=EDGE_CURVE('',#2051,#1835,#327,.F.);
#1634=EDGE_CURVE('',#1848,#2048,#2104,.T.);
#1635=EDGE_CURVE('',#1847,#2049,#2105,.T.);
#1636=EDGE_CURVE('',#1845,#2051,#2106,.T.);
#1637=EDGE_CURVE('',#1846,#2050,#2107,.T.);
#1638=EDGE_CURVE('',#1852,#2044,#2108,.T.);
#1639=EDGE_CURVE('',#1851,#2045,#2109,.T.);
#1640=EDGE_CURVE('',#1849,#2047,#2110,.T.);
#1641=EDGE_CURVE('',#1850,#2046,#2111,.T.);
#1642=EDGE_CURVE('',#1856,#2040,#2112,.T.);
#1643=EDGE_CURVE('',#1855,#2041,#2113,.T.);
#1644=EDGE_CURVE('',#1853,#2043,#2114,.T.);
#1645=EDGE_CURVE('',#1854,#2042,#2115,.T.);
#1646=EDGE_CURVE('',#1860,#2036,#2116,.T.);
#1647=EDGE_CURVE('',#1859,#2037,#2117,.T.);
#1648=EDGE_CURVE('',#1857,#2039,#2118,.T.);
#1649=EDGE_CURVE('',#1858,#2038,#2119,.T.);
#1650=EDGE_CURVE('',#1864,#2032,#2120,.T.);
#1651=EDGE_CURVE('',#1863,#2033,#2121,.T.);
#1652=EDGE_CURVE('',#1861,#2035,#2122,.T.);
#1653=EDGE_CURVE('',#1862,#2034,#2123,.T.);
#1654=EDGE_CURVE('',#1868,#2028,#2124,.T.);
#1655=EDGE_CURVE('',#1867,#2029,#2125,.T.);
#1656=EDGE_CURVE('',#1865,#2031,#2126,.T.);
#1657=EDGE_CURVE('',#1866,#2030,#2127,.T.);
#1658=EDGE_CURVE('',#1872,#2024,#2128,.T.);
#1659=EDGE_CURVE('',#1871,#2025,#2129,.T.);
#1660=EDGE_CURVE('',#1869,#2027,#2130,.T.);
#1661=EDGE_CURVE('',#1870,#2026,#2131,.T.);
#1662=EDGE_CURVE('',#1876,#2020,#2132,.T.);
#1663=EDGE_CURVE('',#1875,#2021,#2133,.T.);
#1664=EDGE_CURVE('',#1873,#2023,#2134,.T.);
#1665=EDGE_CURVE('',#1874,#2022,#2135,.T.);
#1666=EDGE_CURVE('',#1880,#2016,#2136,.T.);
#1667=EDGE_CURVE('',#1879,#2017,#2137,.T.);
#1668=EDGE_CURVE('',#1877,#2019,#2138,.T.);
#1669=EDGE_CURVE('',#1878,#2018,#2139,.T.);
#1670=EDGE_CURVE('',#1884,#2012,#2140,.T.);
#1671=EDGE_CURVE('',#1883,#2013,#2141,.T.);
#1672=EDGE_CURVE('',#1881,#2015,#2142,.T.);
#1673=EDGE_CURVE('',#1882,#2014,#2143,.T.);
#1674=EDGE_CURVE('',#1888,#2008,#2144,.T.);
#1675=EDGE_CURVE('',#1887,#2009,#2145,.T.);
#1676=EDGE_CURVE('',#1885,#2011,#2146,.T.);
#1677=EDGE_CURVE('',#1886,#2010,#2147,.T.);
#1678=EDGE_CURVE('',#1892,#2004,#2148,.T.);
#1679=EDGE_CURVE('',#1891,#2005,#2149,.T.);
#1680=EDGE_CURVE('',#1889,#2007,#2150,.T.);
#1681=EDGE_CURVE('',#1890,#2006,#2151,.T.);
#1682=EDGE_CURVE('',#1896,#2000,#2152,.T.);
#1683=EDGE_CURVE('',#1895,#2001,#2153,.T.);
#1684=EDGE_CURVE('',#1893,#2003,#2154,.T.);
#1685=EDGE_CURVE('',#1894,#2002,#2155,.T.);
#1686=EDGE_CURVE('',#1900,#1996,#2156,.T.);
#1687=EDGE_CURVE('',#1899,#1997,#2157,.T.);
#1688=EDGE_CURVE('',#1897,#1999,#2158,.T.);
#1689=EDGE_CURVE('',#1898,#1998,#2159,.T.);
#1690=EDGE_CURVE('',#1904,#1992,#2160,.T.);
#1691=EDGE_CURVE('',#1903,#1993,#2161,.T.);
#1692=EDGE_CURVE('',#1901,#1995,#2162,.T.);
#1693=EDGE_CURVE('',#1902,#1994,#2163,.T.);
#1694=EDGE_CURVE('',#1908,#1988,#2164,.T.);
#1695=EDGE_CURVE('',#1907,#1989,#2165,.T.);
#1696=EDGE_CURVE('',#1905,#1991,#2166,.T.);
#1697=EDGE_CURVE('',#1906,#1990,#2167,.T.);
#1698=EDGE_CURVE('',#1912,#1984,#2168,.T.);
#1699=EDGE_CURVE('',#1911,#1985,#2169,.T.);
#1700=EDGE_CURVE('',#1909,#1987,#2170,.T.);
#1701=EDGE_CURVE('',#1910,#1986,#2171,.T.);
#1702=EDGE_CURVE('',#1916,#1980,#2172,.T.);
#1703=EDGE_CURVE('',#1915,#1981,#2173,.T.);
#1704=EDGE_CURVE('',#1913,#1983,#2174,.T.);
#1705=EDGE_CURVE('',#1914,#1982,#2175,.T.);
#1706=EDGE_CURVE('',#1920,#1976,#2176,.T.);
#1707=EDGE_CURVE('',#1919,#1977,#2177,.T.);
#1708=EDGE_CURVE('',#1917,#1979,#2178,.T.);
#1709=EDGE_CURVE('',#1918,#1978,#2179,.T.);
#1710=EDGE_CURVE('',#1924,#1972,#2180,.T.);
#1711=EDGE_CURVE('',#1923,#1973,#2181,.T.);
#1712=EDGE_CURVE('',#1921,#1975,#2182,.T.);
#1713=EDGE_CURVE('',#1922,#1974,#2183,.T.);
#1714=EDGE_CURVE('',#1928,#1968,#2184,.T.);
#1715=EDGE_CURVE('',#1927,#1969,#2185,.T.);
#1716=EDGE_CURVE('',#1925,#1971,#2186,.T.);
#1717=EDGE_CURVE('',#1926,#1970,#2187,.T.);
#1718=EDGE_CURVE('',#1932,#1964,#2188,.T.);
#1719=EDGE_CURVE('',#1931,#1965,#2189,.T.);
#1720=EDGE_CURVE('',#1929,#1967,#2190,.T.);
#1721=EDGE_CURVE('',#1930,#1966,#2191,.T.);
#1722=EDGE_CURVE('',#1936,#1960,#2192,.T.);
#1723=EDGE_CURVE('',#1935,#1961,#2193,.T.);
#1724=EDGE_CURVE('',#1933,#1963,#2194,.T.);
#1725=EDGE_CURVE('',#1934,#1962,#2195,.T.);
#1726=EDGE_CURVE('',#1940,#1956,#2196,.T.);
#1727=EDGE_CURVE('',#1939,#1957,#2197,.T.);
#1728=EDGE_CURVE('',#1937,#1959,#2198,.T.);
#1729=EDGE_CURVE('',#1938,#1958,#2199,.T.);
#1730=EDGE_CURVE('',#1944,#1952,#2200,.T.);
#1731=EDGE_CURVE('',#1943,#1953,#2201,.T.);
#1732=EDGE_CURVE('',#1941,#1955,#2202,.T.);
#1733=EDGE_CURVE('',#1942,#1954,#2203,.T.);
#1734=EDGE_CURVE('',#1844,#1948,#2204,.T.);
#1735=EDGE_CURVE('',#1947,#1949,#2205,.T.);
#1736=EDGE_CURVE('',#1945,#1951,#2206,.T.);
#1737=EDGE_CURVE('',#1946,#1950,#2207,.T.);
#1738=VERTEX_POINT('',#4597);
#1739=VERTEX_POINT('',#4598);
#1740=VERTEX_POINT('',#4600);
#1741=VERTEX_POINT('',#4602);
#1742=VERTEX_POINT('',#4606);
#1743=VERTEX_POINT('',#4607);
#1744=VERTEX_POINT('',#4609);
#1745=VERTEX_POINT('',#4611);
#1746=VERTEX_POINT('',#4615);
#1747=VERTEX_POINT('',#4616);
#1748=VERTEX_POINT('',#4618);
#1749=VERTEX_POINT('',#4620);
#1750=VERTEX_POINT('',#4624);
#1751=VERTEX_POINT('',#4625);
#1752=VERTEX_POINT('',#4627);
#1753=VERTEX_POINT('',#4629);
#1754=VERTEX_POINT('',#4633);
#1755=VERTEX_POINT('',#4634);
#1756=VERTEX_POINT('',#4636);
#1757=VERTEX_POINT('',#4638);
#1758=VERTEX_POINT('',#4642);
#1759=VERTEX_POINT('',#4643);
#1760=VERTEX_POINT('',#4645);
#1761=VERTEX_POINT('',#4647);
#1762=VERTEX_POINT('',#4651);
#1763=VERTEX_POINT('',#4652);
#1764=VERTEX_POINT('',#4654);
#1765=VERTEX_POINT('',#4656);
#1766=VERTEX_POINT('',#4660);
#1767=VERTEX_POINT('',#4661);
#1768=VERTEX_POINT('',#4663);
#1769=VERTEX_POINT('',#4665);
#1770=VERTEX_POINT('',#4669);
#1771=VERTEX_POINT('',#4670);
#1772=VERTEX_POINT('',#4672);
#1773=VERTEX_POINT('',#4674);
#1774=VERTEX_POINT('',#4678);
#1775=VERTEX_POINT('',#4679);
#1776=VERTEX_POINT('',#4681);
#1777=VERTEX_POINT('',#4683);
#1778=VERTEX_POINT('',#4687);
#1779=VERTEX_POINT('',#4688);
#1780=VERTEX_POINT('',#4690);
#1781=VERTEX_POINT('',#4692);
#1782=VERTEX_POINT('',#4696);
#1783=VERTEX_POINT('',#4697);
#1784=VERTEX_POINT('',#4699);
#1785=VERTEX_POINT('',#4701);
#1786=VERTEX_POINT('',#4705);
#1787=VERTEX_POINT('',#4706);
#1788=VERTEX_POINT('',#4708);
#1789=VERTEX_POINT('',#4710);
#1790=VERTEX_POINT('',#4714);
#1791=VERTEX_POINT('',#4715);
#1792=VERTEX_POINT('',#4717);
#1793=VERTEX_POINT('',#4719);
#1794=VERTEX_POINT('',#4723);
#1795=VERTEX_POINT('',#4724);
#1796=VERTEX_POINT('',#4726);
#1797=VERTEX_POINT('',#4728);
#1798=VERTEX_POINT('',#4732);
#1799=VERTEX_POINT('',#4733);
#1800=VERTEX_POINT('',#4735);
#1801=VERTEX_POINT('',#4737);
#1802=VERTEX_POINT('',#4741);
#1803=VERTEX_POINT('',#4742);
#1804=VERTEX_POINT('',#4744);
#1805=VERTEX_POINT('',#4746);
#1806=VERTEX_POINT('',#4750);
#1807=VERTEX_POINT('',#4751);
#1808=VERTEX_POINT('',#4753);
#1809=VERTEX_POINT('',#4755);
#1810=VERTEX_POINT('',#4759);
#1811=VERTEX_POINT('',#4760);
#1812=VERTEX_POINT('',#4762);
#1813=VERTEX_POINT('',#4764);
#1814=VERTEX_POINT('',#4768);
#1815=VERTEX_POINT('',#4769);
#1816=VERTEX_POINT('',#4771);
#1817=VERTEX_POINT('',#4773);
#1818=VERTEX_POINT('',#4777);
#1819=VERTEX_POINT('',#4778);
#1820=VERTEX_POINT('',#4780);
#1821=VERTEX_POINT('',#4782);
#1822=VERTEX_POINT('',#4786);
#1823=VERTEX_POINT('',#4787);
#1824=VERTEX_POINT('',#4789);
#1825=VERTEX_POINT('',#4791);
#1826=VERTEX_POINT('',#4795);
#1827=VERTEX_POINT('',#4796);
#1828=VERTEX_POINT('',#4798);
#1829=VERTEX_POINT('',#4800);
#1830=VERTEX_POINT('',#4804);
#1831=VERTEX_POINT('',#4805);
#1832=VERTEX_POINT('',#4807);
#1833=VERTEX_POINT('',#4809);
#1834=VERTEX_POINT('',#4813);
#1835=VERTEX_POINT('',#4814);
#1836=VERTEX_POINT('',#4816);
#1837=VERTEX_POINT('',#4818);
#1838=VERTEX_POINT('',#4822);
#1839=VERTEX_POINT('',#4823);
#1840=VERTEX_POINT('',#4825);
#1841=VERTEX_POINT('',#4827);
#1842=VERTEX_POINT('',#4831);
#1843=VERTEX_POINT('',#4833);
#1844=VERTEX_POINT('',#4836);
#1845=VERTEX_POINT('',#4838);
#1846=VERTEX_POINT('',#4840);
#1847=VERTEX_POINT('',#4842);
#1848=VERTEX_POINT('',#4844);
#1849=VERTEX_POINT('',#4847);
#1850=VERTEX_POINT('',#4849);
#1851=VERTEX_POINT('',#4851);
#1852=VERTEX_POINT('',#4853);
#1853=VERTEX_POINT('',#4856);
#1854=VERTEX_POINT('',#4858);
#1855=VERTEX_POINT('',#4860);
#1856=VERTEX_POINT('',#4862);
#1857=VERTEX_POINT('',#4865);
#1858=VERTEX_POINT('',#4867);
#1859=VERTEX_POINT('',#4869);
#1860=VERTEX_POINT('',#4871);
#1861=VERTEX_POINT('',#4874);
#1862=VERTEX_POINT('',#4876);
#1863=VERTEX_POINT('',#4878);
#1864=VERTEX_POINT('',#4880);
#1865=VERTEX_POINT('',#4883);
#1866=VERTEX_POINT('',#4885);
#1867=VERTEX_POINT('',#4887);
#1868=VERTEX_POINT('',#4889);
#1869=VERTEX_POINT('',#4892);
#1870=VERTEX_POINT('',#4894);
#1871=VERTEX_POINT('',#4896);
#1872=VERTEX_POINT('',#4898);
#1873=VERTEX_POINT('',#4901);
#1874=VERTEX_POINT('',#4903);
#1875=VERTEX_POINT('',#4905);
#1876=VERTEX_POINT('',#4907);
#1877=VERTEX_POINT('',#4910);
#1878=VERTEX_POINT('',#4912);
#1879=VERTEX_POINT('',#4914);
#1880=VERTEX_POINT('',#4916);
#1881=VERTEX_POINT('',#4919);
#1882=VERTEX_POINT('',#4921);
#1883=VERTEX_POINT('',#4923);
#1884=VERTEX_POINT('',#4925);
#1885=VERTEX_POINT('',#4928);
#1886=VERTEX_POINT('',#4930);
#1887=VERTEX_POINT('',#4932);
#1888=VERTEX_POINT('',#4934);
#1889=VERTEX_POINT('',#4937);
#1890=VERTEX_POINT('',#4939);
#1891=VERTEX_POINT('',#4941);
#1892=VERTEX_POINT('',#4943);
#1893=VERTEX_POINT('',#4946);
#1894=VERTEX_POINT('',#4948);
#1895=VERTEX_POINT('',#4950);
#1896=VERTEX_POINT('',#4952);
#1897=VERTEX_POINT('',#4955);
#1898=VERTEX_POINT('',#4957);
#1899=VERTEX_POINT('',#4959);
#1900=VERTEX_POINT('',#4961);
#1901=VERTEX_POINT('',#4964);
#1902=VERTEX_POINT('',#4966);
#1903=VERTEX_POINT('',#4968);
#1904=VERTEX_POINT('',#4970);
#1905=VERTEX_POINT('',#4973);
#1906=VERTEX_POINT('',#4975);
#1907=VERTEX_POINT('',#4977);
#1908=VERTEX_POINT('',#4979);
#1909=VERTEX_POINT('',#4982);
#1910=VERTEX_POINT('',#4984);
#1911=VERTEX_POINT('',#4986);
#1912=VERTEX_POINT('',#4988);
#1913=VERTEX_POINT('',#4991);
#1914=VERTEX_POINT('',#4993);
#1915=VERTEX_POINT('',#4995);
#1916=VERTEX_POINT('',#4997);
#1917=VERTEX_POINT('',#5000);
#1918=VERTEX_POINT('',#5002);
#1919=VERTEX_POINT('',#5004);
#1920=VERTEX_POINT('',#5006);
#1921=VERTEX_POINT('',#5009);
#1922=VERTEX_POINT('',#5011);
#1923=VERTEX_POINT('',#5013);
#1924=VERTEX_POINT('',#5015);
#1925=VERTEX_POINT('',#5018);
#1926=VERTEX_POINT('',#5020);
#1927=VERTEX_POINT('',#5022);
#1928=VERTEX_POINT('',#5024);
#1929=VERTEX_POINT('',#5027);
#1930=VERTEX_POINT('',#5029);
#1931=VERTEX_POINT('',#5031);
#1932=VERTEX_POINT('',#5033);
#1933=VERTEX_POINT('',#5036);
#1934=VERTEX_POINT('',#5038);
#1935=VERTEX_POINT('',#5040);
#1936=VERTEX_POINT('',#5042);
#1937=VERTEX_POINT('',#5045);
#1938=VERTEX_POINT('',#5047);
#1939=VERTEX_POINT('',#5049);
#1940=VERTEX_POINT('',#5051);
#1941=VERTEX_POINT('',#5054);
#1942=VERTEX_POINT('',#5056);
#1943=VERTEX_POINT('',#5058);
#1944=VERTEX_POINT('',#5060);
#1945=VERTEX_POINT('',#5063);
#1946=VERTEX_POINT('',#5065);
#1947=VERTEX_POINT('',#5067);
#1948=VERTEX_POINT('',#5071);
#1949=VERTEX_POINT('',#5073);
#1950=VERTEX_POINT('',#5075);
#1951=VERTEX_POINT('',#5077);
#1952=VERTEX_POINT('',#5080);
#1953=VERTEX_POINT('',#5082);
#1954=VERTEX_POINT('',#5084);
#1955=VERTEX_POINT('',#5086);
#1956=VERTEX_POINT('',#5089);
#1957=VERTEX_POINT('',#5091);
#1958=VERTEX_POINT('',#5093);
#1959=VERTEX_POINT('',#5095);
#1960=VERTEX_POINT('',#5098);
#1961=VERTEX_POINT('',#5100);
#1962=VERTEX_POINT('',#5102);
#1963=VERTEX_POINT('',#5104);
#1964=VERTEX_POINT('',#5107);
#1965=VERTEX_POINT('',#5109);
#1966=VERTEX_POINT('',#5111);
#1967=VERTEX_POINT('',#5113);
#1968=VERTEX_POINT('',#5116);
#1969=VERTEX_POINT('',#5118);
#1970=VERTEX_POINT('',#5120);
#1971=VERTEX_POINT('',#5122);
#1972=VERTEX_POINT('',#5125);
#1973=VERTEX_POINT('',#5127);
#1974=VERTEX_POINT('',#5129);
#1975=VERTEX_POINT('',#5131);
#1976=VERTEX_POINT('',#5134);
#1977=VERTEX_POINT('',#5136);
#1978=VERTEX_POINT('',#5138);
#1979=VERTEX_POINT('',#5140);
#1980=VERTEX_POINT('',#5143);
#1981=VERTEX_POINT('',#5145);
#1982=VERTEX_POINT('',#5147);
#1983=VERTEX_POINT('',#5149);
#1984=VERTEX_POINT('',#5152);
#1985=VERTEX_POINT('',#5154);
#1986=VERTEX_POINT('',#5156);
#1987=VERTEX_POINT('',#5158);
#1988=VERTEX_POINT('',#5161);
#1989=VERTEX_POINT('',#5163);
#1990=VERTEX_POINT('',#5165);
#1991=VERTEX_POINT('',#5167);
#1992=VERTEX_POINT('',#5170);
#1993=VERTEX_POINT('',#5172);
#1994=VERTEX_POINT('',#5174);
#1995=VERTEX_POINT('',#5176);
#1996=VERTEX_POINT('',#5179);
#1997=VERTEX_POINT('',#5181);
#1998=VERTEX_POINT('',#5183);
#1999=VERTEX_POINT('',#5185);
#2000=VERTEX_POINT('',#5188);
#2001=VERTEX_POINT('',#5190);
#2002=VERTEX_POINT('',#5192);
#2003=VERTEX_POINT('',#5194);
#2004=VERTEX_POINT('',#5197);
#2005=VERTEX_POINT('',#5199);
#2006=VERTEX_POINT('',#5201);
#2007=VERTEX_POINT('',#5203);
#2008=VERTEX_POINT('',#5206);
#2009=VERTEX_POINT('',#5208);
#2010=VERTEX_POINT('',#5210);
#2011=VERTEX_POINT('',#5212);
#2012=VERTEX_POINT('',#5215);
#2013=VERTEX_POINT('',#5217);
#2014=VERTEX_POINT('',#5219);
#2015=VERTEX_POINT('',#5221);
#2016=VERTEX_POINT('',#5224);
#2017=VERTEX_POINT('',#5226);
#2018=VERTEX_POINT('',#5228);
#2019=VERTEX_POINT('',#5230);
#2020=VERTEX_POINT('',#5233);
#2021=VERTEX_POINT('',#5235);
#2022=VERTEX_POINT('',#5237);
#2023=VERTEX_POINT('',#5239);
#2024=VERTEX_POINT('',#5242);
#2025=VERTEX_POINT('',#5244);
#2026=VERTEX_POINT('',#5246);
#2027=VERTEX_POINT('',#5248);
#2028=VERTEX_POINT('',#5251);
#2029=VERTEX_POINT('',#5253);
#2030=VERTEX_POINT('',#5255);
#2031=VERTEX_POINT('',#5257);
#2032=VERTEX_POINT('',#5260);
#2033=VERTEX_POINT('',#5262);
#2034=VERTEX_POINT('',#5264);
#2035=VERTEX_POINT('',#5266);
#2036=VERTEX_POINT('',#5269);
#2037=VERTEX_POINT('',#5271);
#2038=VERTEX_POINT('',#5273);
#2039=VERTEX_POINT('',#5275);
#2040=VERTEX_POINT('',#5278);
#2041=VERTEX_POINT('',#5280);
#2042=VERTEX_POINT('',#5282);
#2043=VERTEX_POINT('',#5284);
#2044=VERTEX_POINT('',#5287);
#2045=VERTEX_POINT('',#5289);
#2046=VERTEX_POINT('',#5291);
#2047=VERTEX_POINT('',#5293);
#2048=VERTEX_POINT('',#5296);
#2049=VERTEX_POINT('',#5298);
#2050=VERTEX_POINT('',#5300);
#2051=VERTEX_POINT('',#5302);
#2052=LINE('',#4596,#2208);
#2053=LINE('',#4601,#2209);
#2054=LINE('',#4605,#2210);
#2055=LINE('',#4610,#2211);
#2056=LINE('',#4614,#2212);
#2057=LINE('',#4619,#2213);
#2058=LINE('',#4623,#2214);
#2059=LINE('',#4628,#2215);
#2060=LINE('',#4632,#2216);
#2061=LINE('',#4637,#2217);
#2062=LINE('',#4641,#2218);
#2063=LINE('',#4646,#2219);
#2064=LINE('',#4650,#2220);
#2065=LINE('',#4655,#2221);
#2066=LINE('',#4659,#2222);
#2067=LINE('',#4664,#2223);
#2068=LINE('',#4668,#2224);
#2069=LINE('',#4673,#2225);
#2070=LINE('',#4677,#2226);
#2071=LINE('',#4682,#2227);
#2072=LINE('',#4686,#2228);
#2073=LINE('',#4691,#2229);
#2074=LINE('',#4695,#2230);
#2075=LINE('',#4700,#2231);
#2076=LINE('',#4704,#2232);
#2077=LINE('',#4709,#2233);
#2078=LINE('',#4713,#2234);
#2079=LINE('',#4718,#2235);
#2080=LINE('',#4722,#2236);
#2081=LINE('',#4727,#2237);
#2082=LINE('',#4731,#2238);
#2083=LINE('',#4736,#2239);
#2084=LINE('',#4740,#2240);
#2085=LINE('',#4745,#2241);
#2086=LINE('',#4749,#2242);
#2087=LINE('',#4754,#2243);
#2088=LINE('',#4758,#2244);
#2089=LINE('',#4763,#2245);
#2090=LINE('',#4767,#2246);
#2091=LINE('',#4772,#2247);
#2092=LINE('',#4776,#2248);
#2093=LINE('',#4781,#2249);
#2094=LINE('',#4785,#2250);
#2095=LINE('',#4790,#2251);
#2096=LINE('',#4794,#2252);
#2097=LINE('',#4799,#2253);
#2098=LINE('',#4803,#2254);
#2099=LINE('',#4808,#2255);
#2100=LINE('',#4812,#2256);
#2101=LINE('',#4817,#2257);
#2102=LINE('',#4824,#2258);
#2103=LINE('',#4828,#2259);
#2104=LINE('',#5305,#2260);
#2105=LINE('',#5306,#2261);
#2106=LINE('',#5309,#2262);
#2107=LINE('',#5311,#2263);
#2108=LINE('',#5314,#2264);
#2109=LINE('',#5315,#2265);
#2110=LINE('',#5318,#2266);
#2111=LINE('',#5320,#2267);
#2112=LINE('',#5323,#2268);
#2113=LINE('',#5324,#2269);
#2114=LINE('',#5327,#2270);
#2115=LINE('',#5329,#2271);
#2116=LINE('',#5332,#2272);
#2117=LINE('',#5333,#2273);
#2118=LINE('',#5336,#2274);
#2119=LINE('',#5338,#2275);
#2120=LINE('',#5341,#2276);
#2121=LINE('',#5342,#2277);
#2122=LINE('',#5345,#2278);
#2123=LINE('',#5347,#2279);
#2124=LINE('',#5350,#2280);
#2125=LINE('',#5351,#2281);
#2126=LINE('',#5354,#2282);
#2127=LINE('',#5356,#2283);
#2128=LINE('',#5359,#2284);
#2129=LINE('',#5360,#2285);
#2130=LINE('',#5363,#2286);
#2131=LINE('',#5365,#2287);
#2132=LINE('',#5368,#2288);
#2133=LINE('',#5369,#2289);
#2134=LINE('',#5372,#2290);
#2135=LINE('',#5374,#2291);
#2136=LINE('',#5377,#2292);
#2137=LINE('',#5378,#2293);
#2138=LINE('',#5381,#2294);
#2139=LINE('',#5383,#2295);
#2140=LINE('',#5386,#2296);
#2141=LINE('',#5387,#2297);
#2142=LINE('',#5390,#2298);
#2143=LINE('',#5392,#2299);
#2144=LINE('',#5395,#2300);
#2145=LINE('',#5396,#2301);
#2146=LINE('',#5399,#2302);
#2147=LINE('',#5401,#2303);
#2148=LINE('',#5404,#2304);
#2149=LINE('',#5405,#2305);
#2150=LINE('',#5408,#2306);
#2151=LINE('',#5410,#2307);
#2152=LINE('',#5413,#2308);
#2153=LINE('',#5414,#2309);
#2154=LINE('',#5417,#2310);
#2155=LINE('',#5419,#2311);
#2156=LINE('',#5422,#2312);
#2157=LINE('',#5423,#2313);
#2158=LINE('',#5426,#2314);
#2159=LINE('',#5428,#2315);
#2160=LINE('',#5431,#2316);
#2161=LINE('',#5432,#2317);
#2162=LINE('',#5435,#2318);
#2163=LINE('',#5437,#2319);
#2164=LINE('',#5440,#2320);
#2165=LINE('',#5441,#2321);
#2166=LINE('',#5444,#2322);
#2167=LINE('',#5446,#2323);
#2168=LINE('',#5449,#2324);
#2169=LINE('',#5450,#2325);
#2170=LINE('',#5453,#2326);
#2171=LINE('',#5455,#2327);
#2172=LINE('',#5458,#2328);
#2173=LINE('',#5459,#2329);
#2174=LINE('',#5462,#2330);
#2175=LINE('',#5464,#2331);
#2176=LINE('',#5467,#2332);
#2177=LINE('',#5468,#2333);
#2178=LINE('',#5471,#2334);
#2179=LINE('',#5473,#2335);
#2180=LINE('',#5476,#2336);
#2181=LINE('',#5477,#2337);
#2182=LINE('',#5480,#2338);
#2183=LINE('',#5482,#2339);
#2184=LINE('',#5485,#2340);
#2185=LINE('',#5486,#2341);
#2186=LINE('',#5489,#2342);
#2187=LINE('',#5491,#2343);
#2188=LINE('',#5494,#2344);
#2189=LINE('',#5495,#2345);
#2190=LINE('',#5498,#2346);
#2191=LINE('',#5500,#2347);
#2192=LINE('',#5503,#2348);
#2193=LINE('',#5504,#2349);
#2194=LINE('',#5507,#2350);
#2195=LINE('',#5509,#2351);
#2196=LINE('',#5512,#2352);
#2197=LINE('',#5513,#2353);
#2198=LINE('',#5516,#2354);
#2199=LINE('',#5518,#2355);
#2200=LINE('',#5521,#2356);
#2201=LINE('',#5522,#2357);
#2202=LINE('',#5525,#2358);
#2203=LINE('',#5527,#2359);
#2204=LINE('',#5530,#2360);
#2205=LINE('',#5531,#2361);
#2206=LINE('',#5534,#2362);
#2207=LINE('',#5536,#2363);
#2208=VECTOR('',#3494,1.);
#2209=VECTOR('',#3497,1.);
#2210=VECTOR('',#3502,1.);
#2211=VECTOR('',#3505,1.);
#2212=VECTOR('',#3510,1.);
#2213=VECTOR('',#3513,1.);
#2214=VECTOR('',#3518,1.);
#2215=VECTOR('',#3521,1.);
#2216=VECTOR('',#3526,1.);
#2217=VECTOR('',#3529,1.);
#2218=VECTOR('',#3534,1.);
#2219=VECTOR('',#3537,1.);
#2220=VECTOR('',#3542,1.);
#2221=VECTOR('',#3545,1.);
#2222=VECTOR('',#3550,1.);
#2223=VECTOR('',#3553,1.);
#2224=VECTOR('',#3558,1.);
#2225=VECTOR('',#3561,1.);
#2226=VECTOR('',#3566,1.);
#2227=VECTOR('',#3569,1.);
#2228=VECTOR('',#3574,1.);
#2229=VECTOR('',#3577,1.);
#2230=VECTOR('',#3582,1.);
#2231=VECTOR('',#3585,1.);
#2232=VECTOR('',#3590,1.);
#2233=VECTOR('',#3593,1.);
#2234=VECTOR('',#3598,1.);
#2235=VECTOR('',#3601,1.);
#2236=VECTOR('',#3606,1.);
#2237=VECTOR('',#3609,1.);
#2238=VECTOR('',#3614,1.);
#2239=VECTOR('',#3617,1.);
#2240=VECTOR('',#3622,1.);
#2241=VECTOR('',#3625,1.);
#2242=VECTOR('',#3630,1.);
#2243=VECTOR('',#3633,1.);
#2244=VECTOR('',#3638,1.);
#2245=VECTOR('',#3641,1.);
#2246=VECTOR('',#3646,1.);
#2247=VECTOR('',#3649,1.);
#2248=VECTOR('',#3654,1.);
#2249=VECTOR('',#3657,1.);
#2250=VECTOR('',#3662,1.);
#2251=VECTOR('',#3665,1.);
#2252=VECTOR('',#3670,1.);
#2253=VECTOR('',#3673,1.);
#2254=VECTOR('',#3678,1.);
#2255=VECTOR('',#3681,1.);
#2256=VECTOR('',#3686,1.);
#2257=VECTOR('',#3689,1.);
#2258=VECTOR('',#3696,1.);
#2259=VECTOR('',#3699,1.);
#2260=VECTOR('',#4232,1.);
#2261=VECTOR('',#4233,1.);
#2262=VECTOR('',#4238,1.);
#2263=VECTOR('',#4241,1.);
#2264=VECTOR('',#4246,1.);
#2265=VECTOR('',#4247,1.);
#2266=VECTOR('',#4252,1.);
#2267=VECTOR('',#4255,1.);
#2268=VECTOR('',#4260,1.);
#2269=VECTOR('',#4261,1.);
#2270=VECTOR('',#4266,1.);
#2271=VECTOR('',#4269,1.);
#2272=VECTOR('',#4274,1.);
#2273=VECTOR('',#4275,1.);
#2274=VECTOR('',#4280,1.);
#2275=VECTOR('',#4283,1.);
#2276=VECTOR('',#4288,1.);
#2277=VECTOR('',#4289,1.);
#2278=VECTOR('',#4294,1.);
#2279=VECTOR('',#4297,1.);
#2280=VECTOR('',#4302,1.);
#2281=VECTOR('',#4303,1.);
#2282=VECTOR('',#4308,1.);
#2283=VECTOR('',#4311,1.);
#2284=VECTOR('',#4316,1.);
#2285=VECTOR('',#4317,1.);
#2286=VECTOR('',#4322,1.);
#2287=VECTOR('',#4325,1.);
#2288=VECTOR('',#4330,1.);
#2289=VECTOR('',#4331,1.);
#2290=VECTOR('',#4336,1.);
#2291=VECTOR('',#4339,1.);
#2292=VECTOR('',#4344,1.);
#2293=VECTOR('',#4345,1.);
#2294=VECTOR('',#4350,1.);
#2295=VECTOR('',#4353,1.);
#2296=VECTOR('',#4358,1.);
#2297=VECTOR('',#4359,1.);
#2298=VECTOR('',#4364,1.);
#2299=VECTOR('',#4367,1.);
#2300=VECTOR('',#4372,1.);
#2301=VECTOR('',#4373,1.);
#2302=VECTOR('',#4378,1.);
#2303=VECTOR('',#4381,1.);
#2304=VECTOR('',#4386,1.);
#2305=VECTOR('',#4387,1.);
#2306=VECTOR('',#4392,1.);
#2307=VECTOR('',#4395,1.);
#2308=VECTOR('',#4400,1.);
#2309=VECTOR('',#4401,1.);
#2310=VECTOR('',#4406,1.);
#2311=VECTOR('',#4409,1.);
#2312=VECTOR('',#4414,1.);
#2313=VECTOR('',#4415,1.);
#2314=VECTOR('',#4420,1.);
#2315=VECTOR('',#4423,1.);
#2316=VECTOR('',#4428,1.);
#2317=VECTOR('',#4429,1.);
#2318=VECTOR('',#4434,1.);
#2319=VECTOR('',#4437,1.);
#2320=VECTOR('',#4442,1.);
#2321=VECTOR('',#4443,1.);
#2322=VECTOR('',#4448,1.);
#2323=VECTOR('',#4451,1.);
#2324=VECTOR('',#4456,1.);
#2325=VECTOR('',#4457,1.);
#2326=VECTOR('',#4462,1.);
#2327=VECTOR('',#4465,1.);
#2328=VECTOR('',#4470,1.);
#2329=VECTOR('',#4471,1.);
#2330=VECTOR('',#4476,1.);
#2331=VECTOR('',#4479,1.);
#2332=VECTOR('',#4484,1.);
#2333=VECTOR('',#4485,1.);
#2334=VECTOR('',#4490,1.);
#2335=VECTOR('',#4493,1.);
#2336=VECTOR('',#4498,1.);
#2337=VECTOR('',#4499,1.);
#2338=VECTOR('',#4504,1.);
#2339=VECTOR('',#4507,1.);
#2340=VECTOR('',#4512,1.);
#2341=VECTOR('',#4513,1.);
#2342=VECTOR('',#4518,1.);
#2343=VECTOR('',#4521,1.);
#2344=VECTOR('',#4526,1.);
#2345=VECTOR('',#4527,1.);
#2346=VECTOR('',#4532,1.);
#2347=VECTOR('',#4535,1.);
#2348=VECTOR('',#4540,1.);
#2349=VECTOR('',#4541,1.);
#2350=VECTOR('',#4546,1.);
#2351=VECTOR('',#4549,1.);
#2352=VECTOR('',#4554,1.);
#2353=VECTOR('',#4555,1.);
#2354=VECTOR('',#4560,1.);
#2355=VECTOR('',#4563,1.);
#2356=VECTOR('',#4568,1.);
#2357=VECTOR('',#4569,1.);
#2358=VECTOR('',#4574,1.);
#2359=VECTOR('',#4577,1.);
#2360=VECTOR('',#4582,1.);
#2361=VECTOR('',#4583,1.);
#2362=VECTOR('',#4588,1.);
#2363=VECTOR('',#4591,1.);
#2364=EDGE_LOOP('',(#328,#329,#330,#331));
#2365=EDGE_LOOP('',(#332,#333,#334,#335));
#2366=EDGE_LOOP('',(#336,#337,#338,#339));
#2367=EDGE_LOOP('',(#340,#341,#342,#343));
#2368=EDGE_LOOP('',(#344,#345,#346,#347));
#2369=EDGE_LOOP('',(#348,#349,#350,#351));
#2370=EDGE_LOOP('',(#352,#353,#354,#355));
#2371=EDGE_LOOP('',(#356,#357,#358,#359));
#2372=EDGE_LOOP('',(#360,#361,#362,#363));
#2373=EDGE_LOOP('',(#364,#365,#366,#367));
#2374=EDGE_LOOP('',(#368,#369,#370,#371));
#2375=EDGE_LOOP('',(#372,#373,#374,#375));
#2376=EDGE_LOOP('',(#376,#377,#378,#379));
#2377=EDGE_LOOP('',(#380,#381,#382,#383));
#2378=EDGE_LOOP('',(#384,#385,#386,#387));
#2379=EDGE_LOOP('',(#388,#389,#390,#391));
#2380=EDGE_LOOP('',(#392,#393,#394,#395));
#2381=EDGE_LOOP('',(#396,#397,#398,#399));
#2382=EDGE_LOOP('',(#400,#401,#402,#403));
#2383=EDGE_LOOP('',(#404,#405,#406,#407));
#2384=EDGE_LOOP('',(#408,#409,#410,#411));
#2385=EDGE_LOOP('',(#412,#413,#414,#415));
#2386=EDGE_LOOP('',(#416,#417,#418,#419));
#2387=EDGE_LOOP('',(#420,#421,#422,#423));
#2388=EDGE_LOOP('',(#424,#425,#426,#427));
#2389=EDGE_LOOP('',(#428,#429,#430,#431));
#2390=EDGE_LOOP('',(#432));
#2391=EDGE_LOOP('',(#433));
#2392=EDGE_LOOP('',(#434,#435,#436,#437,#438,#439,#440,#441,#442,#443,#444,
#445,#446,#447,#448,#449,#450,#451,#452,#453,#454,#455,#456,#457,#458,#459,
#460,#461,#462,#463,#464,#465,#466,#467,#468,#469,#470,#471,#472,#473,#474,
#475,#476,#477,#478,#479,#480,#481,#482,#483,#484,#485,#486,#487,#488,#489,
#490,#491,#492,#493,#494,#495,#496,#497,#498,#499,#500,#501,#502,#503,#504,
#505,#506,#507,#508,#509,#510,#511,#512,#513,#514,#515,#516,#517,#518,#519,
#520,#521,#522,#523,#524,#525,#526,#527,#528,#529,#530,#531,#532,#533,#534,
#535,#536,#537,#538,#539,#540,#541,#542,#543,#544,#545,#546,#547,#548,#549,
#550,#551,#552,#553,#554,#555,#556,#557,#558,#559,#560,#561,#562,#563,#564,
#565,#566,#567,#568,#569,#570,#571,#572,#573,#574,#575,#576,#577,#578,#579,
#580,#581,#582,#583,#584,#585,#586,#587,#588,#589));
#2393=EDGE_LOOP('',(#590));
#2394=EDGE_LOOP('',(#591,#592,#593,#594,#595,#596,#597,#598,#599,#600,#601,
#602,#603,#604,#605,#606,#607,#608,#609,#610,#611,#612,#613,#614,#615,#616,
#617,#618,#619,#620,#621,#622,#623,#624,#625,#626,#627,#628,#629,#630,#631,
#632,#633,#634,#635,#636,#637,#638,#639,#640,#641,#642,#643,#644,#645,#646,
#647,#648,#649,#650,#651,#652,#653,#654,#655,#656,#657,#658,#659,#660,#661,
#662,#663,#664,#665,#666,#667,#668,#669,#670,#671,#672,#673,#674,#675,#676,
#677,#678,#679,#680,#681,#682,#683,#684,#685,#686,#687,#688,#689,#690,#691,
#692,#693,#694,#695,#696,#697,#698,#699,#700,#701,#702,#703,#704,#705,#706,
#707,#708,#709,#710,#711,#712,#713,#714,#715,#716,#717,#718,#719,#720,#721,
#722,#723,#724,#725,#726,#727,#728,#729,#730,#731,#732,#733,#734,#735,#736,
#737,#738,#739,#740,#741,#742,#743,#744,#745,#746));
#2395=EDGE_LOOP('',(#747));
#2396=EDGE_LOOP('',(#748,#749,#750,#751));
#2397=EDGE_LOOP('',(#752,#753,#754,#755));
#2398=EDGE_LOOP('',(#756,#757,#758,#759));
#2399=EDGE_LOOP('',(#760,#761,#762,#763));
#2400=EDGE_LOOP('',(#764,#765,#766,#767));
#2401=EDGE_LOOP('',(#768,#769,#770,#771));
#2402=EDGE_LOOP('',(#772,#773,#774,#775));
#2403=EDGE_LOOP('',(#776,#777,#778,#779));
#2404=EDGE_LOOP('',(#780,#781,#782,#783));
#2405=EDGE_LOOP('',(#784,#785,#786,#787));
#2406=EDGE_LOOP('',(#788,#789,#790,#791));
#2407=EDGE_LOOP('',(#792,#793,#794,#795));
#2408=EDGE_LOOP('',(#796,#797,#798,#799));
#2409=EDGE_LOOP('',(#800,#801,#802,#803));
#2410=EDGE_LOOP('',(#804,#805,#806,#807));
#2411=EDGE_LOOP('',(#808,#809,#810,#811));
#2412=EDGE_LOOP('',(#812,#813,#814,#815));
#2413=EDGE_LOOP('',(#816,#817,#818,#819));
#2414=EDGE_LOOP('',(#820,#821,#822,#823));
#2415=EDGE_LOOP('',(#824,#825,#826,#827));
#2416=EDGE_LOOP('',(#828,#829,#830,#831));
#2417=EDGE_LOOP('',(#832,#833,#834,#835));
#2418=EDGE_LOOP('',(#836,#837,#838,#839));
#2419=EDGE_LOOP('',(#840,#841,#842,#843));
#2420=EDGE_LOOP('',(#844,#845,#846,#847));
#2421=EDGE_LOOP('',(#848,#849,#850,#851));
#2422=EDGE_LOOP('',(#852,#853,#854,#855));
#2423=EDGE_LOOP('',(#856,#857,#858,#859));
#2424=EDGE_LOOP('',(#860,#861,#862,#863));
#2425=EDGE_LOOP('',(#864,#865,#866,#867));
#2426=EDGE_LOOP('',(#868,#869,#870,#871));
#2427=EDGE_LOOP('',(#872,#873,#874,#875));
#2428=EDGE_LOOP('',(#876,#877,#878,#879));
#2429=EDGE_LOOP('',(#880,#881,#882,#883));
#2430=EDGE_LOOP('',(#884,#885,#886,#887));
#2431=EDGE_LOOP('',(#888,#889,#890,#891));
#2432=EDGE_LOOP('',(#892,#893,#894,#895));
#2433=EDGE_LOOP('',(#896,#897,#898,#899));
#2434=EDGE_LOOP('',(#900,#901,#902,#903));
#2435=EDGE_LOOP('',(#904,#905,#906,#907));
#2436=EDGE_LOOP('',(#908,#909,#910,#911));
#2437=EDGE_LOOP('',(#912,#913,#914,#915));
#2438=EDGE_LOOP('',(#916,#917,#918,#919));
#2439=EDGE_LOOP('',(#920,#921,#922,#923));
#2440=EDGE_LOOP('',(#924,#925,#926,#927));
#2441=EDGE_LOOP('',(#928,#929,#930,#931));
#2442=EDGE_LOOP('',(#932,#933,#934,#935));
#2443=EDGE_LOOP('',(#936,#937,#938,#939));
#2444=EDGE_LOOP('',(#940,#941,#942,#943));
#2445=EDGE_LOOP('',(#944,#945,#946,#947));
#2446=EDGE_LOOP('',(#948,#949,#950,#951));
#2447=EDGE_LOOP('',(#952,#953,#954,#955));
#2448=EDGE_LOOP('',(#956,#957,#958,#959));
#2449=EDGE_LOOP('',(#960,#961,#962,#963));
#2450=EDGE_LOOP('',(#964,#965,#966,#967));
#2451=EDGE_LOOP('',(#968,#969,#970,#971));
#2452=EDGE_LOOP('',(#972,#973,#974,#975));
#2453=EDGE_LOOP('',(#976,#977,#978,#979));
#2454=EDGE_LOOP('',(#980,#981,#982,#983));
#2455=EDGE_LOOP('',(#984,#985,#986,#987));
#2456=EDGE_LOOP('',(#988,#989,#990,#991));
#2457=EDGE_LOOP('',(#992,#993,#994,#995));
#2458=EDGE_LOOP('',(#996,#997,#998,#999));
#2459=EDGE_LOOP('',(#1000,#1001,#1002,#1003));
#2460=EDGE_LOOP('',(#1004,#1005,#1006,#1007));
#2461=EDGE_LOOP('',(#1008,#1009,#1010,#1011));
#2462=EDGE_LOOP('',(#1012,#1013,#1014,#1015));
#2463=EDGE_LOOP('',(#1016,#1017,#1018,#1019));
#2464=EDGE_LOOP('',(#1020,#1021,#1022,#1023));
#2465=EDGE_LOOP('',(#1024,#1025,#1026,#1027));
#2466=EDGE_LOOP('',(#1028,#1029,#1030,#1031));
#2467=EDGE_LOOP('',(#1032,#1033,#1034,#1035));
#2468=EDGE_LOOP('',(#1036,#1037,#1038,#1039));
#2469=EDGE_LOOP('',(#1040,#1041,#1042,#1043));
#2470=EDGE_LOOP('',(#1044,#1045,#1046,#1047));
#2471=EDGE_LOOP('',(#1048,#1049,#1050,#1051));
#2472=EDGE_LOOP('',(#1052,#1053,#1054,#1055));
#2473=EDGE_LOOP('',(#1056,#1057,#1058,#1059));
#2474=EDGE_LOOP('',(#1060,#1061,#1062,#1063));
#2475=EDGE_LOOP('',(#1064,#1065,#1066,#1067));
#2476=EDGE_LOOP('',(#1068,#1069,#1070,#1071));
#2477=EDGE_LOOP('',(#1072,#1073,#1074,#1075));
#2478=EDGE_LOOP('',(#1076,#1077,#1078,#1079));
#2479=EDGE_LOOP('',(#1080,#1081,#1082,#1083));
#2480=EDGE_LOOP('',(#1084,#1085,#1086,#1087));
#2481=EDGE_LOOP('',(#1088,#1089,#1090,#1091));
#2482=EDGE_LOOP('',(#1092,#1093,#1094,#1095));
#2483=EDGE_LOOP('',(#1096,#1097,#1098,#1099));
#2484=EDGE_LOOP('',(#1100,#1101,#1102,#1103));
#2485=EDGE_LOOP('',(#1104,#1105,#1106,#1107));
#2486=EDGE_LOOP('',(#1108,#1109,#1110,#1111));
#2487=EDGE_LOOP('',(#1112,#1113,#1114,#1115));
#2488=EDGE_LOOP('',(#1116,#1117,#1118,#1119));
#2489=EDGE_LOOP('',(#1120,#1121,#1122,#1123));
#2490=EDGE_LOOP('',(#1124,#1125,#1126,#1127));
#2491=EDGE_LOOP('',(#1128,#1129,#1130,#1131));
#2492=EDGE_LOOP('',(#1132,#1133,#1134,#1135));
#2493=EDGE_LOOP('',(#1136,#1137,#1138,#1139));
#2494=EDGE_LOOP('',(#1140,#1141,#1142,#1143));
#2495=EDGE_LOOP('',(#1144,#1145,#1146,#1147));
#2496=EDGE_LOOP('',(#1148,#1149,#1150,#1151));
#2497=EDGE_LOOP('',(#1152,#1153,#1154,#1155));
#2498=EDGE_LOOP('',(#1156,#1157,#1158,#1159));
#2499=EDGE_LOOP('',(#1160,#1161,#1162,#1163));
#2500=EDGE_LOOP('',(#1164,#1165,#1166,#1167));
#2501=EDGE_LOOP('',(#1168,#1169,#1170,#1171));
#2502=EDGE_LOOP('',(#1172,#1173,#1174,#1175));
#2503=EDGE_LOOP('',(#1176,#1177,#1178,#1179));
#2504=EDGE_LOOP('',(#1180,#1181,#1182,#1183));
#2505=EDGE_LOOP('',(#1184,#1185,#1186,#1187));
#2506=EDGE_LOOP('',(#1188,#1189,#1190,#1191));
#2507=EDGE_LOOP('',(#1192,#1193,#1194,#1195));
#2508=EDGE_LOOP('',(#1196,#1197,#1198,#1199));
#2509=EDGE_LOOP('',(#1200,#1201,#1202,#1203));
#2510=EDGE_LOOP('',(#1204,#1205,#1206,#1207));
#2511=EDGE_LOOP('',(#1208,#1209,#1210,#1211));
#2512=EDGE_LOOP('',(#1212,#1213,#1214,#1215));
#2513=EDGE_LOOP('',(#1216,#1217,#1218,#1219));
#2514=EDGE_LOOP('',(#1220,#1221,#1222,#1223));
#2515=EDGE_LOOP('',(#1224,#1225,#1226,#1227));
#2516=EDGE_LOOP('',(#1228,#1229,#1230,#1231));
#2517=EDGE_LOOP('',(#1232,#1233,#1234,#1235));
#2518=EDGE_LOOP('',(#1236,#1237,#1238,#1239));
#2519=EDGE_LOOP('',(#1240,#1241,#1242,#1243));
#2520=EDGE_LOOP('',(#1244,#1245,#1246,#1247));
#2521=EDGE_LOOP('',(#1248,#1249,#1250,#1251));
#2522=EDGE_LOOP('',(#1252,#1253,#1254,#1255));
#2523=EDGE_LOOP('',(#1256,#1257,#1258,#1259));
#2524=EDGE_LOOP('',(#1260,#1261,#1262,#1263));
#2525=EDGE_LOOP('',(#1264,#1265,#1266,#1267));
#2526=FACE_BOUND('',#2364,.T.);
#2527=FACE_BOUND('',#2365,.T.);
#2528=FACE_BOUND('',#2366,.T.);
#2529=FACE_BOUND('',#2367,.T.);
#2530=FACE_BOUND('',#2368,.T.);
#2531=FACE_BOUND('',#2369,.T.);
#2532=FACE_BOUND('',#2370,.T.);
#2533=FACE_BOUND('',#2371,.T.);
#2534=FACE_BOUND('',#2372,.T.);
#2535=FACE_BOUND('',#2373,.T.);
#2536=FACE_BOUND('',#2374,.T.);
#2537=FACE_BOUND('',#2375,.T.);
#2538=FACE_BOUND('',#2376,.T.);
#2539=FACE_BOUND('',#2377,.T.);
#2540=FACE_BOUND('',#2378,.T.);
#2541=FACE_BOUND('',#2379,.T.);
#2542=FACE_BOUND('',#2380,.T.);
#2543=FACE_BOUND('',#2381,.T.);
#2544=FACE_BOUND('',#2382,.T.);
#2545=FACE_BOUND('',#2383,.T.);
#2546=FACE_BOUND('',#2384,.T.);
#2547=FACE_BOUND('',#2385,.T.);
#2548=FACE_BOUND('',#2386,.T.);
#2549=FACE_BOUND('',#2387,.T.);
#2550=FACE_BOUND('',#2388,.T.);
#2551=FACE_BOUND('',#2389,.T.);
#2552=FACE_BOUND('',#2390,.T.);
#2553=FACE_BOUND('',#2391,.T.);
#2554=FACE_BOUND('',#2392,.T.);
#2555=FACE_BOUND('',#2393,.T.);
#2556=FACE_BOUND('',#2394,.T.);
#2557=FACE_BOUND('',#2395,.T.);
#2558=FACE_BOUND('',#2396,.T.);
#2559=FACE_BOUND('',#2397,.T.);
#2560=FACE_BOUND('',#2398,.T.);
#2561=FACE_BOUND('',#2399,.T.);
#2562=FACE_BOUND('',#2400,.T.);
#2563=FACE_BOUND('',#2401,.T.);
#2564=FACE_BOUND('',#2402,.T.);
#2565=FACE_BOUND('',#2403,.T.);
#2566=FACE_BOUND('',#2404,.T.);
#2567=FACE_BOUND('',#2405,.T.);
#2568=FACE_BOUND('',#2406,.T.);
#2569=FACE_BOUND('',#2407,.T.);
#2570=FACE_BOUND('',#2408,.T.);
#2571=FACE_BOUND('',#2409,.T.);
#2572=FACE_BOUND('',#2410,.T.);
#2573=FACE_BOUND('',#2411,.T.);
#2574=FACE_BOUND('',#2412,.T.);
#2575=FACE_BOUND('',#2413,.T.);
#2576=FACE_BOUND('',#2414,.T.);
#2577=FACE_BOUND('',#2415,.T.);
#2578=FACE_BOUND('',#2416,.T.);
#2579=FACE_BOUND('',#2417,.T.);
#2580=FACE_BOUND('',#2418,.T.);
#2581=FACE_BOUND('',#2419,.T.);
#2582=FACE_BOUND('',#2420,.T.);
#2583=FACE_BOUND('',#2421,.T.);
#2584=FACE_BOUND('',#2422,.T.);
#2585=FACE_BOUND('',#2423,.T.);
#2586=FACE_BOUND('',#2424,.T.);
#2587=FACE_BOUND('',#2425,.T.);
#2588=FACE_BOUND('',#2426,.T.);
#2589=FACE_BOUND('',#2427,.T.);
#2590=FACE_BOUND('',#2428,.T.);
#2591=FACE_BOUND('',#2429,.T.);
#2592=FACE_BOUND('',#2430,.T.);
#2593=FACE_BOUND('',#2431,.T.);
#2594=FACE_BOUND('',#2432,.T.);
#2595=FACE_BOUND('',#2433,.T.);
#2596=FACE_BOUND('',#2434,.T.);
#2597=FACE_BOUND('',#2435,.T.);
#2598=FACE_BOUND('',#2436,.T.);
#2599=FACE_BOUND('',#2437,.T.);
#2600=FACE_BOUND('',#2438,.T.);
#2601=FACE_BOUND('',#2439,.T.);
#2602=FACE_BOUND('',#2440,.T.);
#2603=FACE_BOUND('',#2441,.T.);
#2604=FACE_BOUND('',#2442,.T.);
#2605=FACE_BOUND('',#2443,.T.);
#2606=FACE_BOUND('',#2444,.T.);
#2607=FACE_BOUND('',#2445,.T.);
#2608=FACE_BOUND('',#2446,.T.);
#2609=FACE_BOUND('',#2447,.T.);
#2610=FACE_BOUND('',#2448,.T.);
#2611=FACE_BOUND('',#2449,.T.);
#2612=FACE_BOUND('',#2450,.T.);
#2613=FACE_BOUND('',#2451,.T.);
#2614=FACE_BOUND('',#2452,.T.);
#2615=FACE_BOUND('',#2453,.T.);
#2616=FACE_BOUND('',#2454,.T.);
#2617=FACE_BOUND('',#2455,.T.);
#2618=FACE_BOUND('',#2456,.T.);
#2619=FACE_BOUND('',#2457,.T.);
#2620=FACE_BOUND('',#2458,.T.);
#2621=FACE_BOUND('',#2459,.T.);
#2622=FACE_BOUND('',#2460,.T.);
#2623=FACE_BOUND('',#2461,.T.);
#2624=FACE_BOUND('',#2462,.T.);
#2625=FACE_BOUND('',#2463,.T.);
#2626=FACE_BOUND('',#2464,.T.);
#2627=FACE_BOUND('',#2465,.T.);
#2628=FACE_BOUND('',#2466,.T.);
#2629=FACE_BOUND('',#2467,.T.);
#2630=FACE_BOUND('',#2468,.T.);
#2631=FACE_BOUND('',#2469,.T.);
#2632=FACE_BOUND('',#2470,.T.);
#2633=FACE_BOUND('',#2471,.T.);
#2634=FACE_BOUND('',#2472,.T.);
#2635=FACE_BOUND('',#2473,.T.);
#2636=FACE_BOUND('',#2474,.T.);
#2637=FACE_BOUND('',#2475,.T.);
#2638=FACE_BOUND('',#2476,.T.);
#2639=FACE_BOUND('',#2477,.T.);
#2640=FACE_BOUND('',#2478,.T.);
#2641=FACE_BOUND('',#2479,.T.);
#2642=FACE_BOUND('',#2480,.T.);
#2643=FACE_BOUND('',#2481,.T.);
#2644=FACE_BOUND('',#2482,.T.);
#2645=FACE_BOUND('',#2483,.T.);
#2646=FACE_BOUND('',#2484,.T.);
#2647=FACE_BOUND('',#2485,.T.);
#2648=FACE_BOUND('',#2486,.T.);
#2649=FACE_BOUND('',#2487,.T.);
#2650=FACE_BOUND('',#2488,.T.);
#2651=FACE_BOUND('',#2489,.T.);
#2652=FACE_BOUND('',#2490,.T.);
#2653=FACE_BOUND('',#2491,.T.);
#2654=FACE_BOUND('',#2492,.T.);
#2655=FACE_BOUND('',#2493,.T.);
#2656=FACE_BOUND('',#2494,.T.);
#2657=FACE_BOUND('',#2495,.T.);
#2658=FACE_BOUND('',#2496,.T.);
#2659=FACE_BOUND('',#2497,.T.);
#2660=FACE_BOUND('',#2498,.T.);
#2661=FACE_BOUND('',#2499,.T.);
#2662=FACE_BOUND('',#2500,.T.);
#2663=FACE_BOUND('',#2501,.T.);
#2664=FACE_BOUND('',#2502,.T.);
#2665=FACE_BOUND('',#2503,.T.);
#2666=FACE_BOUND('',#2504,.T.);
#2667=FACE_BOUND('',#2505,.T.);
#2668=FACE_BOUND('',#2506,.T.);
#2669=FACE_BOUND('',#2507,.T.);
#2670=FACE_BOUND('',#2508,.T.);
#2671=FACE_BOUND('',#2509,.T.);
#2672=FACE_BOUND('',#2510,.T.);
#2673=FACE_BOUND('',#2511,.T.);
#2674=FACE_BOUND('',#2512,.T.);
#2675=FACE_BOUND('',#2513,.T.);
#2676=FACE_BOUND('',#2514,.T.);
#2677=FACE_BOUND('',#2515,.T.);
#2678=FACE_BOUND('',#2516,.T.);
#2679=FACE_BOUND('',#2517,.T.);
#2680=FACE_BOUND('',#2518,.T.);
#2681=FACE_BOUND('',#2519,.T.);
#2682=FACE_BOUND('',#2520,.T.);
#2683=FACE_BOUND('',#2521,.T.);
#2684=FACE_BOUND('',#2522,.T.);
#2685=FACE_BOUND('',#2523,.T.);
#2686=FACE_BOUND('',#2524,.T.);
#2687=FACE_BOUND('',#2525,.T.);
#2688=CYLINDRICAL_SURFACE('',#3017,0.0197701426019464);
#2689=CYLINDRICAL_SURFACE('',#3020,0.0197701426019464);
#2690=CYLINDRICAL_SURFACE('',#3023,0.0197701426019464);
#2691=CYLINDRICAL_SURFACE('',#3026,0.0197701426019464);
#2692=CYLINDRICAL_SURFACE('',#3029,0.0197701426019464);
#2693=CYLINDRICAL_SURFACE('',#3032,0.0197701426019464);
#2694=CYLINDRICAL_SURFACE('',#3035,0.0197701426019464);
#2695=CYLINDRICAL_SURFACE('',#3038,0.0197701426019464);
#2696=CYLINDRICAL_SURFACE('',#3041,0.0197701426019464);
#2697=CYLINDRICAL_SURFACE('',#3044,0.0197701426019464);
#2698=CYLINDRICAL_SURFACE('',#3047,0.0197701426019464);
#2699=CYLINDRICAL_SURFACE('',#3050,0.0197701426019464);
#2700=CYLINDRICAL_SURFACE('',#3053,0.0197701426019464);
#2701=CYLINDRICAL_SURFACE('',#3056,0.0197701426019464);
#2702=CYLINDRICAL_SURFACE('',#3059,0.0197701426019464);
#2703=CYLINDRICAL_SURFACE('',#3062,0.0197701426019464);
#2704=CYLINDRICAL_SURFACE('',#3065,0.0197701426019464);
#2705=CYLINDRICAL_SURFACE('',#3068,0.0197701426019464);
#2706=CYLINDRICAL_SURFACE('',#3071,0.0197701426019464);
#2707=CYLINDRICAL_SURFACE('',#3074,0.0197701426019464);
#2708=CYLINDRICAL_SURFACE('',#3077,0.0197701426019464);
#2709=CYLINDRICAL_SURFACE('',#3080,0.0197701426019464);
#2710=CYLINDRICAL_SURFACE('',#3083,0.0197701426019464);
#2711=CYLINDRICAL_SURFACE('',#3086,0.0197701426019464);
#2712=CYLINDRICAL_SURFACE('',#3089,0.0197701426019464);
#2713=CYLINDRICAL_SURFACE('',#3092,0.0197701426019464);
#2714=CYLINDRICAL_SURFACE('',#3095,0.0215101426019464);
#2715=CYLINDRICAL_SURFACE('',#3360,0.00471302239328041);
#2716=CYLINDRICAL_SURFACE('',#3361,0.000419999999999992);
#2717=CYLINDRICAL_SURFACE('',#3362,0.00042);
#2718=CYLINDRICAL_SURFACE('',#3363,0.00471302239328044);
#2719=CYLINDRICAL_SURFACE('',#3364,0.00149);
#2720=CYLINDRICAL_SURFACE('',#3365,0.00471302239328041);
#2721=CYLINDRICAL_SURFACE('',#3366,0.000419999999999992);
#2722=CYLINDRICAL_SURFACE('',#3367,0.00042);
#2723=CYLINDRICAL_SURFACE('',#3368,0.00471302239328044);
#2724=CYLINDRICAL_SURFACE('',#3369,0.00149);
#2725=CYLINDRICAL_SURFACE('',#3370,0.00471302239328041);
#2726=CYLINDRICAL_SURFACE('',#3371,0.000419999999999992);
#2727=CYLINDRICAL_SURFACE('',#3372,0.00042);
#2728=CYLINDRICAL_SURFACE('',#3373,0.00471302239328044);
#2729=CYLINDRICAL_SURFACE('',#3374,0.00149);
#2730=CYLINDRICAL_SURFACE('',#3375,0.00471302239328041);
#2731=CYLINDRICAL_SURFACE('',#3376,0.000419999999999992);
#2732=CYLINDRICAL_SURFACE('',#3377,0.00042);
#2733=CYLINDRICAL_SURFACE('',#3378,0.00471302239328044);
#2734=CYLINDRICAL_SURFACE('',#3379,0.00149);
#2735=CYLINDRICAL_SURFACE('',#3380,0.00471302239328041);
#2736=CYLINDRICAL_SURFACE('',#3381,0.000419999999999992);
#2737=CYLINDRICAL_SURFACE('',#3382,0.00042);
#2738=CYLINDRICAL_SURFACE('',#3383,0.00471302239328044);
#2739=CYLINDRICAL_SURFACE('',#3384,0.00149);
#2740=CYLINDRICAL_SURFACE('',#3385,0.00471302239328041);
#2741=CYLINDRICAL_SURFACE('',#3386,0.000419999999999992);
#2742=CYLINDRICAL_SURFACE('',#3387,0.00042);
#2743=CYLINDRICAL_SURFACE('',#3388,0.00471302239328044);
#2744=CYLINDRICAL_SURFACE('',#3389,0.00149);
#2745=CYLINDRICAL_SURFACE('',#3390,0.00471302239328041);
#2746=CYLINDRICAL_SURFACE('',#3391,0.000419999999999992);
#2747=CYLINDRICAL_SURFACE('',#3392,0.00042);
#2748=CYLINDRICAL_SURFACE('',#3393,0.00471302239328044);
#2749=CYLINDRICAL_SURFACE('',#3394,0.00149);
#2750=CYLINDRICAL_SURFACE('',#3395,0.00471302239328041);
#2751=CYLINDRICAL_SURFACE('',#3396,0.000419999999999992);
#2752=CYLINDRICAL_SURFACE('',#3397,0.00042);
#2753=CYLINDRICAL_SURFACE('',#3398,0.00471302239328044);
#2754=CYLINDRICAL_SURFACE('',#3399,0.00149);
#2755=CYLINDRICAL_SURFACE('',#3400,0.00471302239328041);
#2756=CYLINDRICAL_SURFACE('',#3401,0.000419999999999992);
#2757=CYLINDRICAL_SURFACE('',#3402,0.00042);
#2758=CYLINDRICAL_SURFACE('',#3403,0.00471302239328044);
#2759=CYLINDRICAL_SURFACE('',#3404,0.00149);
#2760=CYLINDRICAL_SURFACE('',#3405,0.00471302239328041);
#2761=CYLINDRICAL_SURFACE('',#3406,0.000419999999999992);
#2762=CYLINDRICAL_SURFACE('',#3407,0.00042);
#2763=CYLINDRICAL_SURFACE('',#3408,0.00471302239328044);
#2764=CYLINDRICAL_SURFACE('',#3409,0.00149);
#2765=CYLINDRICAL_SURFACE('',#3410,0.00471302239328041);
#2766=CYLINDRICAL_SURFACE('',#3411,0.000419999999999992);
#2767=CYLINDRICAL_SURFACE('',#3412,0.00042);
#2768=CYLINDRICAL_SURFACE('',#3413,0.00471302239328044);
#2769=CYLINDRICAL_SURFACE('',#3414,0.00149);
#2770=CYLINDRICAL_SURFACE('',#3415,0.00471302239328041);
#2771=CYLINDRICAL_SURFACE('',#3416,0.000419999999999992);
#2772=CYLINDRICAL_SURFACE('',#3417,0.00042);
#2773=CYLINDRICAL_SURFACE('',#3418,0.00471302239328044);
#2774=CYLINDRICAL_SURFACE('',#3419,0.00149);
#2775=CYLINDRICAL_SURFACE('',#3420,0.00471302239328041);
#2776=CYLINDRICAL_SURFACE('',#3421,0.000419999999999992);
#2777=CYLINDRICAL_SURFACE('',#3422,0.00042);
#2778=CYLINDRICAL_SURFACE('',#3423,0.00471302239328044);
#2779=CYLINDRICAL_SURFACE('',#3424,0.00149);
#2780=CYLINDRICAL_SURFACE('',#3425,0.00471302239328041);
#2781=CYLINDRICAL_SURFACE('',#3426,0.000419999999999992);
#2782=CYLINDRICAL_SURFACE('',#3427,0.00042);
#2783=CYLINDRICAL_SURFACE('',#3428,0.00471302239328044);
#2784=CYLINDRICAL_SURFACE('',#3429,0.00149);
#2785=CYLINDRICAL_SURFACE('',#3430,0.00471302239328041);
#2786=CYLINDRICAL_SURFACE('',#3431,0.000419999999999992);
#2787=CYLINDRICAL_SURFACE('',#3432,0.00042);
#2788=CYLINDRICAL_SURFACE('',#3433,0.00471302239328044);
#2789=CYLINDRICAL_SURFACE('',#3434,0.00149);
#2790=CYLINDRICAL_SURFACE('',#3435,0.00471302239328041);
#2791=CYLINDRICAL_SURFACE('',#3436,0.000419999999999992);
#2792=CYLINDRICAL_SURFACE('',#3437,0.00042);
#2793=CYLINDRICAL_SURFACE('',#3438,0.00471302239328044);
#2794=CYLINDRICAL_SURFACE('',#3439,0.00149);
#2795=CYLINDRICAL_SURFACE('',#3440,0.00471302239328041);
#2796=CYLINDRICAL_SURFACE('',#3441,0.000419999999999992);
#2797=CYLINDRICAL_SURFACE('',#3442,0.00042);
#2798=CYLINDRICAL_SURFACE('',#3443,0.00471302239328044);
#2799=CYLINDRICAL_SURFACE('',#3444,0.00149);
#2800=CYLINDRICAL_SURFACE('',#3445,0.00471302239328041);
#2801=CYLINDRICAL_SURFACE('',#3446,0.000419999999999992);
#2802=CYLINDRICAL_SURFACE('',#3447,0.00042);
#2803=CYLINDRICAL_SURFACE('',#3448,0.00471302239328044);
#2804=CYLINDRICAL_SURFACE('',#3449,0.00149);
#2805=CYLINDRICAL_SURFACE('',#3450,0.00471302239328041);
#2806=CYLINDRICAL_SURFACE('',#3451,0.000419999999999992);
#2807=CYLINDRICAL_SURFACE('',#3452,0.00042);
#2808=CYLINDRICAL_SURFACE('',#3453,0.00471302239328044);
#2809=CYLINDRICAL_SURFACE('',#3454,0.00149);
#2810=CYLINDRICAL_SURFACE('',#3455,0.00471302239328041);
#2811=CYLINDRICAL_SURFACE('',#3456,0.000419999999999992);
#2812=CYLINDRICAL_SURFACE('',#3457,0.00042);
#2813=CYLINDRICAL_SURFACE('',#3458,0.00471302239328044);
#2814=CYLINDRICAL_SURFACE('',#3459,0.00149);
#2815=CYLINDRICAL_SURFACE('',#3460,0.00471302239328041);
#2816=CYLINDRICAL_SURFACE('',#3461,0.000419999999999992);
#2817=CYLINDRICAL_SURFACE('',#3462,0.00042);
#2818=CYLINDRICAL_SURFACE('',#3463,0.00471302239328044);
#2819=CYLINDRICAL_SURFACE('',#3464,0.00149);
#2820=CYLINDRICAL_SURFACE('',#3465,0.00471302239328041);
#2821=CYLINDRICAL_SURFACE('',#3466,0.000419999999999992);
#2822=CYLINDRICAL_SURFACE('',#3467,0.00042);
#2823=CYLINDRICAL_SURFACE('',#3468,0.00471302239328044);
#2824=CYLINDRICAL_SURFACE('',#3469,0.00149);
#2825=CYLINDRICAL_SURFACE('',#3470,0.00471302239328041);
#2826=CYLINDRICAL_SURFACE('',#3471,0.000419999999999992);
#2827=CYLINDRICAL_SURFACE('',#3472,0.00042);
#2828=CYLINDRICAL_SURFACE('',#3473,0.00471302239328044);
#2829=CYLINDRICAL_SURFACE('',#3474,0.00149);
#2830=CYLINDRICAL_SURFACE('',#3475,0.00471302239328041);
#2831=CYLINDRICAL_SURFACE('',#3476,0.000419999999999992);
#2832=CYLINDRICAL_SURFACE('',#3477,0.00042);
#2833=CYLINDRICAL_SURFACE('',#3478,0.00471302239328044);
#2834=CYLINDRICAL_SURFACE('',#3479,0.00149);
#2835=CYLINDRICAL_SURFACE('',#3480,0.00471302239328041);
#2836=CYLINDRICAL_SURFACE('',#3481,0.000419999999999992);
#2837=CYLINDRICAL_SURFACE('',#3482,0.00042);
#2838=CYLINDRICAL_SURFACE('',#3483,0.00471302239328044);
#2839=CYLINDRICAL_SURFACE('',#3484,0.00149);
#2840=CYLINDRICAL_SURFACE('',#3485,0.00471302239328041);
#2841=CYLINDRICAL_SURFACE('',#3486,0.000419999999999992);
#2842=CYLINDRICAL_SURFACE('',#3487,0.00042);
#2843=CYLINDRICAL_SURFACE('',#3488,0.00471302239328044);
#2844=CYLINDRICAL_SURFACE('',#3489,0.00149);
#2845=ADVANCED_FACE('',(#2526),#2688,.F.);
#2846=ADVANCED_FACE('',(#2527),#2689,.F.);
#2847=ADVANCED_FACE('',(#2528),#2690,.F.);
#2848=ADVANCED_FACE('',(#2529),#2691,.F.);
#2849=ADVANCED_FACE('',(#2530),#2692,.F.);
#2850=ADVANCED_FACE('',(#2531),#2693,.F.);
#2851=ADVANCED_FACE('',(#2532),#2694,.F.);
#2852=ADVANCED_FACE('',(#2533),#2695,.F.);
#2853=ADVANCED_FACE('',(#2534),#2696,.F.);
#2854=ADVANCED_FACE('',(#2535),#2697,.F.);
#2855=ADVANCED_FACE('',(#2536),#2698,.F.);
#2856=ADVANCED_FACE('',(#2537),#2699,.F.);
#2857=ADVANCED_FACE('',(#2538),#2700,.F.);
#2858=ADVANCED_FACE('',(#2539),#2701,.F.);
#2859=ADVANCED_FACE('',(#2540),#2702,.F.);
#2860=ADVANCED_FACE('',(#2541),#2703,.F.);
#2861=ADVANCED_FACE('',(#2542),#2704,.F.);
#2862=ADVANCED_FACE('',(#2543),#2705,.F.);
#2863=ADVANCED_FACE('',(#2544),#2706,.F.);
#2864=ADVANCED_FACE('',(#2545),#2707,.F.);
#2865=ADVANCED_FACE('',(#2546),#2708,.F.);
#2866=ADVANCED_FACE('',(#2547),#2709,.F.);
#2867=ADVANCED_FACE('',(#2548),#2710,.F.);
#2868=ADVANCED_FACE('',(#2549),#2711,.F.);
#2869=ADVANCED_FACE('',(#2550),#2712,.F.);
#2870=ADVANCED_FACE('',(#2551),#2713,.F.);
#2871=ADVANCED_FACE('',(#2552,#2553),#2714,.T.);
#2872=ADVANCED_FACE('',(#2554,#2555),#12,.T.);
#2873=ADVANCED_FACE('',(#2556,#2557),#13,.F.);
#2874=ADVANCED_FACE('',(#2558),#2715,.T.);
#2875=ADVANCED_FACE('',(#2559),#2716,.F.);
#2876=ADVANCED_FACE('',(#2560),#2717,.F.);
#2877=ADVANCED_FACE('',(#2561),#2718,.T.);
#2878=ADVANCED_FACE('',(#2562),#2719,.T.);
#2879=ADVANCED_FACE('',(#2563),#2720,.T.);
#2880=ADVANCED_FACE('',(#2564),#2721,.F.);
#2881=ADVANCED_FACE('',(#2565),#2722,.F.);
#2882=ADVANCED_FACE('',(#2566),#2723,.T.);
#2883=ADVANCED_FACE('',(#2567),#2724,.T.);
#2884=ADVANCED_FACE('',(#2568),#2725,.T.);
#2885=ADVANCED_FACE('',(#2569),#2726,.F.);
#2886=ADVANCED_FACE('',(#2570),#2727,.F.);
#2887=ADVANCED_FACE('',(#2571),#2728,.T.);
#2888=ADVANCED_FACE('',(#2572),#2729,.T.);
#2889=ADVANCED_FACE('',(#2573),#2730,.T.);
#2890=ADVANCED_FACE('',(#2574),#2731,.F.);
#2891=ADVANCED_FACE('',(#2575),#2732,.F.);
#2892=ADVANCED_FACE('',(#2576),#2733,.T.);
#2893=ADVANCED_FACE('',(#2577),#2734,.T.);
#2894=ADVANCED_FACE('',(#2578),#2735,.T.);
#2895=ADVANCED_FACE('',(#2579),#2736,.F.);
#2896=ADVANCED_FACE('',(#2580),#2737,.F.);
#2897=ADVANCED_FACE('',(#2581),#2738,.T.);
#2898=ADVANCED_FACE('',(#2582),#2739,.T.);
#2899=ADVANCED_FACE('',(#2583),#2740,.T.);
#2900=ADVANCED_FACE('',(#2584),#2741,.F.);
#2901=ADVANCED_FACE('',(#2585),#2742,.F.);
#2902=ADVANCED_FACE('',(#2586),#2743,.T.);
#2903=ADVANCED_FACE('',(#2587),#2744,.T.);
#2904=ADVANCED_FACE('',(#2588),#2745,.T.);
#2905=ADVANCED_FACE('',(#2589),#2746,.F.);
#2906=ADVANCED_FACE('',(#2590),#2747,.F.);
#2907=ADVANCED_FACE('',(#2591),#2748,.T.);
#2908=ADVANCED_FACE('',(#2592),#2749,.T.);
#2909=ADVANCED_FACE('',(#2593),#2750,.T.);
#2910=ADVANCED_FACE('',(#2594),#2751,.F.);
#2911=ADVANCED_FACE('',(#2595),#2752,.F.);
#2912=ADVANCED_FACE('',(#2596),#2753,.T.);
#2913=ADVANCED_FACE('',(#2597),#2754,.T.);
#2914=ADVANCED_FACE('',(#2598),#2755,.T.);
#2915=ADVANCED_FACE('',(#2599),#2756,.F.);
#2916=ADVANCED_FACE('',(#2600),#2757,.F.);
#2917=ADVANCED_FACE('',(#2601),#2758,.T.);
#2918=ADVANCED_FACE('',(#2602),#2759,.T.);
#2919=ADVANCED_FACE('',(#2603),#2760,.T.);
#2920=ADVANCED_FACE('',(#2604),#2761,.F.);
#2921=ADVANCED_FACE('',(#2605),#2762,.F.);
#2922=ADVANCED_FACE('',(#2606),#2763,.T.);
#2923=ADVANCED_FACE('',(#2607),#2764,.T.);
#2924=ADVANCED_FACE('',(#2608),#2765,.T.);
#2925=ADVANCED_FACE('',(#2609),#2766,.F.);
#2926=ADVANCED_FACE('',(#2610),#2767,.F.);
#2927=ADVANCED_FACE('',(#2611),#2768,.T.);
#2928=ADVANCED_FACE('',(#2612),#2769,.T.);
#2929=ADVANCED_FACE('',(#2613),#2770,.T.);
#2930=ADVANCED_FACE('',(#2614),#2771,.F.);
#2931=ADVANCED_FACE('',(#2615),#2772,.F.);
#2932=ADVANCED_FACE('',(#2616),#2773,.T.);
#2933=ADVANCED_FACE('',(#2617),#2774,.T.);
#2934=ADVANCED_FACE('',(#2618),#2775,.T.);
#2935=ADVANCED_FACE('',(#2619),#2776,.F.);
#2936=ADVANCED_FACE('',(#2620),#2777,.F.);
#2937=ADVANCED_FACE('',(#2621),#2778,.T.);
#2938=ADVANCED_FACE('',(#2622),#2779,.T.);
#2939=ADVANCED_FACE('',(#2623),#2780,.T.);
#2940=ADVANCED_FACE('',(#2624),#2781,.F.);
#2941=ADVANCED_FACE('',(#2625),#2782,.F.);
#2942=ADVANCED_FACE('',(#2626),#2783,.T.);
#2943=ADVANCED_FACE('',(#2627),#2784,.T.);
#2944=ADVANCED_FACE('',(#2628),#2785,.T.);
#2945=ADVANCED_FACE('',(#2629),#2786,.F.);
#2946=ADVANCED_FACE('',(#2630),#2787,.F.);
#2947=ADVANCED_FACE('',(#2631),#2788,.T.);
#2948=ADVANCED_FACE('',(#2632),#2789,.T.);
#2949=ADVANCED_FACE('',(#2633),#2790,.T.);
#2950=ADVANCED_FACE('',(#2634),#2791,.F.);
#2951=ADVANCED_FACE('',(#2635),#2792,.F.);
#2952=ADVANCED_FACE('',(#2636),#2793,.T.);
#2953=ADVANCED_FACE('',(#2637),#2794,.T.);
#2954=ADVANCED_FACE('',(#2638),#2795,.T.);
#2955=ADVANCED_FACE('',(#2639),#2796,.F.);
#2956=ADVANCED_FACE('',(#2640),#2797,.F.);
#2957=ADVANCED_FACE('',(#2641),#2798,.T.);
#2958=ADVANCED_FACE('',(#2642),#2799,.T.);
#2959=ADVANCED_FACE('',(#2643),#2800,.T.);
#2960=ADVANCED_FACE('',(#2644),#2801,.F.);
#2961=ADVANCED_FACE('',(#2645),#2802,.F.);
#2962=ADVANCED_FACE('',(#2646),#2803,.T.);
#2963=ADVANCED_FACE('',(#2647),#2804,.T.);
#2964=ADVANCED_FACE('',(#2648),#2805,.T.);
#2965=ADVANCED_FACE('',(#2649),#2806,.F.);
#2966=ADVANCED_FACE('',(#2650),#2807,.F.);
#2967=ADVANCED_FACE('',(#2651),#2808,.T.);
#2968=ADVANCED_FACE('',(#2652),#2809,.T.);
#2969=ADVANCED_FACE('',(#2653),#2810,.T.);
#2970=ADVANCED_FACE('',(#2654),#2811,.F.);
#2971=ADVANCED_FACE('',(#2655),#2812,.F.);
#2972=ADVANCED_FACE('',(#2656),#2813,.T.);
#2973=ADVANCED_FACE('',(#2657),#2814,.T.);
#2974=ADVANCED_FACE('',(#2658),#2815,.T.);
#2975=ADVANCED_FACE('',(#2659),#2816,.F.);
#2976=ADVANCED_FACE('',(#2660),#2817,.F.);
#2977=ADVANCED_FACE('',(#2661),#2818,.T.);
#2978=ADVANCED_FACE('',(#2662),#2819,.T.);
#2979=ADVANCED_FACE('',(#2663),#2820,.T.);
#2980=ADVANCED_FACE('',(#2664),#2821,.F.);
#2981=ADVANCED_FACE('',(#2665),#2822,.F.);
#2982=ADVANCED_FACE('',(#2666),#2823,.T.);
#2983=ADVANCED_FACE('',(#2667),#2824,.T.);
#2984=ADVANCED_FACE('',(#2668),#2825,.T.);
#2985=ADVANCED_FACE('',(#2669),#2826,.F.);
#2986=ADVANCED_FACE('',(#2670),#2827,.F.);
#2987=ADVANCED_FACE('',(#2671),#2828,.T.);
#2988=ADVANCED_FACE('',(#2672),#2829,.T.);
#2989=ADVANCED_FACE('',(#2673),#2830,.T.);
#2990=ADVANCED_FACE('',(#2674),#2831,.F.);
#2991=ADVANCED_FACE('',(#2675),#2832,.F.);
#2992=ADVANCED_FACE('',(#2676),#2833,.T.);
#2993=ADVANCED_FACE('',(#2677),#2834,.T.);
#2994=ADVANCED_FACE('',(#2678),#2835,.T.);
#2995=ADVANCED_FACE('',(#2679),#2836,.F.);
#2996=ADVANCED_FACE('',(#2680),#2837,.F.);
#2997=ADVANCED_FACE('',(#2681),#2838,.T.);
#2998=ADVANCED_FACE('',(#2682),#2839,.T.);
#2999=ADVANCED_FACE('',(#2683),#2840,.T.);
#3000=ADVANCED_FACE('',(#2684),#2841,.F.);
#3001=ADVANCED_FACE('',(#2685),#2842,.F.);
#3002=ADVANCED_FACE('',(#2686),#2843,.T.);
#3003=ADVANCED_FACE('',(#2687),#2844,.T.);
#3004=CLOSED_SHELL('',(#2845,#2846,#2847,#2848,#2849,#2850,#2851,#2852,
#2853,#2854,#2855,#2856,#2857,#2858,#2859,#2860,#2861,#2862,#2863,#2864,
#2865,#2866,#2867,#2868,#2869,#2870,#2871,#2872,#2873,#2874,#2875,#2876,
#2877,#2878,#2879,#2880,#2881,#2882,#2883,#2884,#2885,#2886,#2887,#2888,
#2889,#2890,#2891,#2892,#2893,#2894,#2895,#2896,#2897,#2898,#2899,#2900,
#2901,#2902,#2903,#2904,#2905,#2906,#2907,#2908,#2909,#2910,#2911,#2912,
#2913,#2914,#2915,#2916,#2917,#2918,#2919,#2920,#2921,#2922,#2923,#2924,
#2925,#2926,#2927,#2928,#2929,#2930,#2931,#2932,#2933,#2934,#2935,#2936,
#2937,#2938,#2939,#2940,#2941,#2942,#2943,#2944,#2945,#2946,#2947,#2948,
#2949,#2950,#2951,#2952,#2953,#2954,#2955,#2956,#2957,#2958,#2959,#2960,
#2961,#2962,#2963,#2964,#2965,#2966,#2967,#2968,#2969,#2970,#2971,#2972,
#2973,#2974,#2975,#2976,#2977,#2978,#2979,#2980,#2981,#2982,#2983,#2984,
#2985,#2986,#2987,#2988,#2989,#2990,#2991,#2992,#2993,#2994,#2995,#2996,
#2997,#2998,#2999,#3000,#3001,#3002,#3003));
#3005=STYLED_ITEM('',(#3006),#3013);
#3006=PRESENTATION_STYLE_ASSIGNMENT((#3007));
#3007=SURFACE_STYLE_USAGE(.BOTH.,#3008);
#3008=SURFACE_SIDE_STYLE('',(#3009));
#3009=SURFACE_STYLE_FILL_AREA(#3010);
#3010=FILL_AREA_STYLE('',(#3011));
#3011=FILL_AREA_STYLE_COLOUR('',#3012);
#3012=COLOUR_RGB('',0.301960784313725,0.301960784313725,0.301960784313725);
#3013=MANIFOLD_SOLID_BREP('HTD timing belt',#3004);
#3014=SHAPE_DEFINITION_REPRESENTATION(#5544,#3015);
#3015=SHAPE_REPRESENTATION('HTD timing belt',(#3016),#5539);
#3016=AXIS2_PLACEMENT_3D('',#4594,#3490,#3491);
#3017=AXIS2_PLACEMENT_3D('',#4595,#3492,#3493);
#3018=AXIS2_PLACEMENT_3D('',#4599,#3495,#3496);
#3019=AXIS2_PLACEMENT_3D('',#4603,#3498,#3499);
#3020=AXIS2_PLACEMENT_3D('',#4604,#3500,#3501);
#3021=AXIS2_PLACEMENT_3D('',#4608,#3503,#3504);
#3022=AXIS2_PLACEMENT_3D('',#4612,#3506,#3507);
#3023=AXIS2_PLACEMENT_3D('',#4613,#3508,#3509);
#3024=AXIS2_PLACEMENT_3D('',#4617,#3511,#3512);
#3025=AXIS2_PLACEMENT_3D('',#4621,#3514,#3515);
#3026=AXIS2_PLACEMENT_3D('',#4622,#3516,#3517);
#3027=AXIS2_PLACEMENT_3D('',#4626,#3519,#3520);
#3028=AXIS2_PLACEMENT_3D('',#4630,#3522,#3523);
#3029=AXIS2_PLACEMENT_3D('',#4631,#3524,#3525);
#3030=AXIS2_PLACEMENT_3D('',#4635,#3527,#3528);
#3031=AXIS2_PLACEMENT_3D('',#4639,#3530,#3531);
#3032=AXIS2_PLACEMENT_3D('',#4640,#3532,#3533);
#3033=AXIS2_PLACEMENT_3D('',#4644,#3535,#3536);
#3034=AXIS2_PLACEMENT_3D('',#4648,#3538,#3539);
#3035=AXIS2_PLACEMENT_3D('',#4649,#3540,#3541);
#3036=AXIS2_PLACEMENT_3D('',#4653,#3543,#3544);
#3037=AXIS2_PLACEMENT_3D('',#4657,#3546,#3547);
#3038=AXIS2_PLACEMENT_3D('',#4658,#3548,#3549);
#3039=AXIS2_PLACEMENT_3D('',#4662,#3551,#3552);
#3040=AXIS2_PLACEMENT_3D('',#4666,#3554,#3555);
#3041=AXIS2_PLACEMENT_3D('',#4667,#3556,#3557);
#3042=AXIS2_PLACEMENT_3D('',#4671,#3559,#3560);
#3043=AXIS2_PLACEMENT_3D('',#4675,#3562,#3563);
#3044=AXIS2_PLACEMENT_3D('',#4676,#3564,#3565);
#3045=AXIS2_PLACEMENT_3D('',#4680,#3567,#3568);
#3046=AXIS2_PLACEMENT_3D('',#4684,#3570,#3571);
#3047=AXIS2_PLACEMENT_3D('',#4685,#3572,#3573);
#3048=AXIS2_PLACEMENT_3D('',#4689,#3575,#3576);
#3049=AXIS2_PLACEMENT_3D('',#4693,#3578,#3579);
#3050=AXIS2_PLACEMENT_3D('',#4694,#3580,#3581);
#3051=AXIS2_PLACEMENT_3D('',#4698,#3583,#3584);
#3052=AXIS2_PLACEMENT_3D('',#4702,#3586,#3587);
#3053=AXIS2_PLACEMENT_3D('',#4703,#3588,#3589);
#3054=AXIS2_PLACEMENT_3D('',#4707,#3591,#3592);
#3055=AXIS2_PLACEMENT_3D('',#4711,#3594,#3595);
#3056=AXIS2_PLACEMENT_3D('',#4712,#3596,#3597);
#3057=AXIS2_PLACEMENT_3D('',#4716,#3599,#3600);
#3058=AXIS2_PLACEMENT_3D('',#4720,#3602,#3603);
#3059=AXIS2_PLACEMENT_3D('',#4721,#3604,#3605);
#3060=AXIS2_PLACEMENT_3D('',#4725,#3607,#3608);
#3061=AXIS2_PLACEMENT_3D('',#4729,#3610,#3611);
#3062=AXIS2_PLACEMENT_3D('',#4730,#3612,#3613);
#3063=AXIS2_PLACEMENT_3D('',#4734,#3615,#3616);
#3064=AXIS2_PLACEMENT_3D('',#4738,#3618,#3619);
#3065=AXIS2_PLACEMENT_3D('',#4739,#3620,#3621);
#3066=AXIS2_PLACEMENT_3D('',#4743,#3623,#3624);
#3067=AXIS2_PLACEMENT_3D('',#4747,#3626,#3627);
#3068=AXIS2_PLACEMENT_3D('',#4748,#3628,#3629);
#3069=AXIS2_PLACEMENT_3D('',#4752,#3631,#3632);
#3070=AXIS2_PLACEMENT_3D('',#4756,#3634,#3635);
#3071=AXIS2_PLACEMENT_3D('',#4757,#3636,#3637);
#3072=AXIS2_PLACEMENT_3D('',#4761,#3639,#3640);
#3073=AXIS2_PLACEMENT_3D('',#4765,#3642,#3643);
#3074=AXIS2_PLACEMENT_3D('',#4766,#3644,#3645);
#3075=AXIS2_PLACEMENT_3D('',#4770,#3647,#3648);
#3076=AXIS2_PLACEMENT_3D('',#4774,#3650,#3651);
#3077=AXIS2_PLACEMENT_3D('',#4775,#3652,#3653);
#3078=AXIS2_PLACEMENT_3D('',#4779,#3655,#3656);
#3079=AXIS2_PLACEMENT_3D('',#4783,#3658,#3659);
#3080=AXIS2_PLACEMENT_3D('',#4784,#3660,#3661);
#3081=AXIS2_PLACEMENT_3D('',#4788,#3663,#3664);
#3082=AXIS2_PLACEMENT_3D('',#4792,#3666,#3667);
#3083=AXIS2_PLACEMENT_3D('',#4793,#3668,#3669);
#3084=AXIS2_PLACEMENT_3D('',#4797,#3671,#3672);
#3085=AXIS2_PLACEMENT_3D('',#4801,#3674,#3675);
#3086=AXIS2_PLACEMENT_3D('',#4802,#3676,#3677);
#3087=AXIS2_PLACEMENT_3D('',#4806,#3679,#3680);
#3088=AXIS2_PLACEMENT_3D('',#4810,#3682,#3683);
#3089=AXIS2_PLACEMENT_3D('',#4811,#3684,#3685);
#3090=AXIS2_PLACEMENT_3D('',#4815,#3687,#3688);
#3091=AXIS2_PLACEMENT_3D('',#4819,#3690,#3691);
#3092=AXIS2_PLACEMENT_3D('',#4820,#3692,#3693);
#3093=AXIS2_PLACEMENT_3D('',#4821,#3694,#3695);
#3094=AXIS2_PLACEMENT_3D('',#4826,#3697,#3698);
#3095=AXIS2_PLACEMENT_3D('',#4829,#3700,#3701);
#3096=AXIS2_PLACEMENT_3D('',#4830,#3702,#3703);
#3097=AXIS2_PLACEMENT_3D('',#4832,#3704,#3705);
#3098=AXIS2_PLACEMENT_3D('',#4834,#3706,#3707);
#3099=AXIS2_PLACEMENT_3D('',#4835,#3708,#3709);
#3100=AXIS2_PLACEMENT_3D('',#4837,#3710,#3711);
#3101=AXIS2_PLACEMENT_3D('',#4839,#3712,#3713);
#3102=AXIS2_PLACEMENT_3D('',#4841,#3714,#3715);
#3103=AXIS2_PLACEMENT_3D('',#4843,#3716,#3717);
#3104=AXIS2_PLACEMENT_3D('',#4845,#3718,#3719);
#3105=AXIS2_PLACEMENT_3D('',#4846,#3720,#3721);
#3106=AXIS2_PLACEMENT_3D('',#4848,#3722,#3723);
#3107=AXIS2_PLACEMENT_3D('',#4850,#3724,#3725);
#3108=AXIS2_PLACEMENT_3D('',#4852,#3726,#3727);
#3109=AXIS2_PLACEMENT_3D('',#4854,#3728,#3729);
#3110=AXIS2_PLACEMENT_3D('',#4855,#3730,#3731);
#3111=AXIS2_PLACEMENT_3D('',#4857,#3732,#3733);
#3112=AXIS2_PLACEMENT_3D('',#4859,#3734,#3735);
#3113=AXIS2_PLACEMENT_3D('',#4861,#3736,#3737);
#3114=AXIS2_PLACEMENT_3D('',#4863,#3738,#3739);
#3115=AXIS2_PLACEMENT_3D('',#4864,#3740,#3741);
#3116=AXIS2_PLACEMENT_3D('',#4866,#3742,#3743);
#3117=AXIS2_PLACEMENT_3D('',#4868,#3744,#3745);
#3118=AXIS2_PLACEMENT_3D('',#4870,#3746,#3747);
#3119=AXIS2_PLACEMENT_3D('',#4872,#3748,#3749);
#3120=AXIS2_PLACEMENT_3D('',#4873,#3750,#3751);
#3121=AXIS2_PLACEMENT_3D('',#4875,#3752,#3753);
#3122=AXIS2_PLACEMENT_3D('',#4877,#3754,#3755);
#3123=AXIS2_PLACEMENT_3D('',#4879,#3756,#3757);
#3124=AXIS2_PLACEMENT_3D('',#4881,#3758,#3759);
#3125=AXIS2_PLACEMENT_3D('',#4882,#3760,#3761);
#3126=AXIS2_PLACEMENT_3D('',#4884,#3762,#3763);
#3127=AXIS2_PLACEMENT_3D('',#4886,#3764,#3765);
#3128=AXIS2_PLACEMENT_3D('',#4888,#3766,#3767);
#3129=AXIS2_PLACEMENT_3D('',#4890,#3768,#3769);
#3130=AXIS2_PLACEMENT_3D('',#4891,#3770,#3771);
#3131=AXIS2_PLACEMENT_3D('',#4893,#3772,#3773);
#3132=AXIS2_PLACEMENT_3D('',#4895,#3774,#3775);
#3133=AXIS2_PLACEMENT_3D('',#4897,#3776,#3777);
#3134=AXIS2_PLACEMENT_3D('',#4899,#3778,#3779);
#3135=AXIS2_PLACEMENT_3D('',#4900,#3780,#3781);
#3136=AXIS2_PLACEMENT_3D('',#4902,#3782,#3783);
#3137=AXIS2_PLACEMENT_3D('',#4904,#3784,#3785);
#3138=AXIS2_PLACEMENT_3D('',#4906,#3786,#3787);
#3139=AXIS2_PLACEMENT_3D('',#4908,#3788,#3789);
#3140=AXIS2_PLACEMENT_3D('',#4909,#3790,#3791);
#3141=AXIS2_PLACEMENT_3D('',#4911,#3792,#3793);
#3142=AXIS2_PLACEMENT_3D('',#4913,#3794,#3795);
#3143=AXIS2_PLACEMENT_3D('',#4915,#3796,#3797);
#3144=AXIS2_PLACEMENT_3D('',#4917,#3798,#3799);
#3145=AXIS2_PLACEMENT_3D('',#4918,#3800,#3801);
#3146=AXIS2_PLACEMENT_3D('',#4920,#3802,#3803);
#3147=AXIS2_PLACEMENT_3D('',#4922,#3804,#3805);
#3148=AXIS2_PLACEMENT_3D('',#4924,#3806,#3807);
#3149=AXIS2_PLACEMENT_3D('',#4926,#3808,#3809);
#3150=AXIS2_PLACEMENT_3D('',#4927,#3810,#3811);
#3151=AXIS2_PLACEMENT_3D('',#4929,#3812,#3813);
#3152=AXIS2_PLACEMENT_3D('',#4931,#3814,#3815);
#3153=AXIS2_PLACEMENT_3D('',#4933,#3816,#3817);
#3154=AXIS2_PLACEMENT_3D('',#4935,#3818,#3819);
#3155=AXIS2_PLACEMENT_3D('',#4936,#3820,#3821);
#3156=AXIS2_PLACEMENT_3D('',#4938,#3822,#3823);
#3157=AXIS2_PLACEMENT_3D('',#4940,#3824,#3825);
#3158=AXIS2_PLACEMENT_3D('',#4942,#3826,#3827);
#3159=AXIS2_PLACEMENT_3D('',#4944,#3828,#3829);
#3160=AXIS2_PLACEMENT_3D('',#4945,#3830,#3831);
#3161=AXIS2_PLACEMENT_3D('',#4947,#3832,#3833);
#3162=AXIS2_PLACEMENT_3D('',#4949,#3834,#3835);
#3163=AXIS2_PLACEMENT_3D('',#4951,#3836,#3837);
#3164=AXIS2_PLACEMENT_3D('',#4953,#3838,#3839);
#3165=AXIS2_PLACEMENT_3D('',#4954,#3840,#3841);
#3166=AXIS2_PLACEMENT_3D('',#4956,#3842,#3843);
#3167=AXIS2_PLACEMENT_3D('',#4958,#3844,#3845);
#3168=AXIS2_PLACEMENT_3D('',#4960,#3846,#3847);
#3169=AXIS2_PLACEMENT_3D('',#4962,#3848,#3849);
#3170=AXIS2_PLACEMENT_3D('',#4963,#3850,#3851);
#3171=AXIS2_PLACEMENT_3D('',#4965,#3852,#3853);
#3172=AXIS2_PLACEMENT_3D('',#4967,#3854,#3855);
#3173=AXIS2_PLACEMENT_3D('',#4969,#3856,#3857);
#3174=AXIS2_PLACEMENT_3D('',#4971,#3858,#3859);
#3175=AXIS2_PLACEMENT_3D('',#4972,#3860,#3861);
#3176=AXIS2_PLACEMENT_3D('',#4974,#3862,#3863);
#3177=AXIS2_PLACEMENT_3D('',#4976,#3864,#3865);
#3178=AXIS2_PLACEMENT_3D('',#4978,#3866,#3867);
#3179=AXIS2_PLACEMENT_3D('',#4980,#3868,#3869);
#3180=AXIS2_PLACEMENT_3D('',#4981,#3870,#3871);
#3181=AXIS2_PLACEMENT_3D('',#4983,#3872,#3873);
#3182=AXIS2_PLACEMENT_3D('',#4985,#3874,#3875);
#3183=AXIS2_PLACEMENT_3D('',#4987,#3876,#3877);
#3184=AXIS2_PLACEMENT_3D('',#4989,#3878,#3879);
#3185=AXIS2_PLACEMENT_3D('',#4990,#3880,#3881);
#3186=AXIS2_PLACEMENT_3D('',#4992,#3882,#3883);
#3187=AXIS2_PLACEMENT_3D('',#4994,#3884,#3885);
#3188=AXIS2_PLACEMENT_3D('',#4996,#3886,#3887);
#3189=AXIS2_PLACEMENT_3D('',#4998,#3888,#3889);
#3190=AXIS2_PLACEMENT_3D('',#4999,#3890,#3891);
#3191=AXIS2_PLACEMENT_3D('',#5001,#3892,#3893);
#3192=AXIS2_PLACEMENT_3D('',#5003,#3894,#3895);
#3193=AXIS2_PLACEMENT_3D('',#5005,#3896,#3897);
#3194=AXIS2_PLACEMENT_3D('',#5007,#3898,#3899);
#3195=AXIS2_PLACEMENT_3D('',#5008,#3900,#3901);
#3196=AXIS2_PLACEMENT_3D('',#5010,#3902,#3903);
#3197=AXIS2_PLACEMENT_3D('',#5012,#3904,#3905);
#3198=AXIS2_PLACEMENT_3D('',#5014,#3906,#3907);
#3199=AXIS2_PLACEMENT_3D('',#5016,#3908,#3909);
#3200=AXIS2_PLACEMENT_3D('',#5017,#3910,#3911);
#3201=AXIS2_PLACEMENT_3D('',#5019,#3912,#3913);
#3202=AXIS2_PLACEMENT_3D('',#5021,#3914,#3915);
#3203=AXIS2_PLACEMENT_3D('',#5023,#3916,#3917);
#3204=AXIS2_PLACEMENT_3D('',#5025,#3918,#3919);
#3205=AXIS2_PLACEMENT_3D('',#5026,#3920,#3921);
#3206=AXIS2_PLACEMENT_3D('',#5028,#3922,#3923);
#3207=AXIS2_PLACEMENT_3D('',#5030,#3924,#3925);
#3208=AXIS2_PLACEMENT_3D('',#5032,#3926,#3927);
#3209=AXIS2_PLACEMENT_3D('',#5034,#3928,#3929);
#3210=AXIS2_PLACEMENT_3D('',#5035,#3930,#3931);
#3211=AXIS2_PLACEMENT_3D('',#5037,#3932,#3933);
#3212=AXIS2_PLACEMENT_3D('',#5039,#3934,#3935);
#3213=AXIS2_PLACEMENT_3D('',#5041,#3936,#3937);
#3214=AXIS2_PLACEMENT_3D('',#5043,#3938,#3939);
#3215=AXIS2_PLACEMENT_3D('',#5044,#3940,#3941);
#3216=AXIS2_PLACEMENT_3D('',#5046,#3942,#3943);
#3217=AXIS2_PLACEMENT_3D('',#5048,#3944,#3945);
#3218=AXIS2_PLACEMENT_3D('',#5050,#3946,#3947);
#3219=AXIS2_PLACEMENT_3D('',#5052,#3948,#3949);
#3220=AXIS2_PLACEMENT_3D('',#5053,#3950,#3951);
#3221=AXIS2_PLACEMENT_3D('',#5055,#3952,#3953);
#3222=AXIS2_PLACEMENT_3D('',#5057,#3954,#3955);
#3223=AXIS2_PLACEMENT_3D('',#5059,#3956,#3957);
#3224=AXIS2_PLACEMENT_3D('',#5061,#3958,#3959);
#3225=AXIS2_PLACEMENT_3D('',#5062,#3960,#3961);
#3226=AXIS2_PLACEMENT_3D('',#5064,#3962,#3963);
#3227=AXIS2_PLACEMENT_3D('',#5066,#3964,#3965);
#3228=AXIS2_PLACEMENT_3D('',#5068,#3966,#3967);
#3229=AXIS2_PLACEMENT_3D('',#5069,#3968,#3969);
#3230=AXIS2_PLACEMENT_3D('',#5070,#3970,#3971);
#3231=AXIS2_PLACEMENT_3D('',#5072,#3972,#3973);
#3232=AXIS2_PLACEMENT_3D('',#5074,#3974,#3975);
#3233=AXIS2_PLACEMENT_3D('',#5076,#3976,#3977);
#3234=AXIS2_PLACEMENT_3D('',#5078,#3978,#3979);
#3235=AXIS2_PLACEMENT_3D('',#5079,#3980,#3981);
#3236=AXIS2_PLACEMENT_3D('',#5081,#3982,#3983);
#3237=AXIS2_PLACEMENT_3D('',#5083,#3984,#3985);
#3238=AXIS2_PLACEMENT_3D('',#5085,#3986,#3987);
#3239=AXIS2_PLACEMENT_3D('',#5087,#3988,#3989);
#3240=AXIS2_PLACEMENT_3D('',#5088,#3990,#3991);
#3241=AXIS2_PLACEMENT_3D('',#5090,#3992,#3993);
#3242=AXIS2_PLACEMENT_3D('',#5092,#3994,#3995);
#3243=AXIS2_PLACEMENT_3D('',#5094,#3996,#3997);
#3244=AXIS2_PLACEMENT_3D('',#5096,#3998,#3999);
#3245=AXIS2_PLACEMENT_3D('',#5097,#4000,#4001);
#3246=AXIS2_PLACEMENT_3D('',#5099,#4002,#4003);
#3247=AXIS2_PLACEMENT_3D('',#5101,#4004,#4005);
#3248=AXIS2_PLACEMENT_3D('',#5103,#4006,#4007);
#3249=AXIS2_PLACEMENT_3D('',#5105,#4008,#4009);
#3250=AXIS2_PLACEMENT_3D('',#5106,#4010,#4011);
#3251=AXIS2_PLACEMENT_3D('',#5108,#4012,#4013);
#3252=AXIS2_PLACEMENT_3D('',#5110,#4014,#4015);
#3253=AXIS2_PLACEMENT_3D('',#5112,#4016,#4017);
#3254=AXIS2_PLACEMENT_3D('',#5114,#4018,#4019);
#3255=AXIS2_PLACEMENT_3D('',#5115,#4020,#4021);
#3256=AXIS2_PLACEMENT_3D('',#5117,#4022,#4023);
#3257=AXIS2_PLACEMENT_3D('',#5119,#4024,#4025);
#3258=AXIS2_PLACEMENT_3D('',#5121,#4026,#4027);
#3259=AXIS2_PLACEMENT_3D('',#5123,#4028,#4029);
#3260=AXIS2_PLACEMENT_3D('',#5124,#4030,#4031);
#3261=AXIS2_PLACEMENT_3D('',#5126,#4032,#4033);
#3262=AXIS2_PLACEMENT_3D('',#5128,#4034,#4035);
#3263=AXIS2_PLACEMENT_3D('',#5130,#4036,#4037);
#3264=AXIS2_PLACEMENT_3D('',#5132,#4038,#4039);
#3265=AXIS2_PLACEMENT_3D('',#5133,#4040,#4041);
#3266=AXIS2_PLACEMENT_3D('',#5135,#4042,#4043);
#3267=AXIS2_PLACEMENT_3D('',#5137,#4044,#4045);
#3268=AXIS2_PLACEMENT_3D('',#5139,#4046,#4047);
#3269=AXIS2_PLACEMENT_3D('',#5141,#4048,#4049);
#3270=AXIS2_PLACEMENT_3D('',#5142,#4050,#4051);
#3271=AXIS2_PLACEMENT_3D('',#5144,#4052,#4053);
#3272=AXIS2_PLACEMENT_3D('',#5146,#4054,#4055);
#3273=AXIS2_PLACEMENT_3D('',#5148,#4056,#4057);
#3274=AXIS2_PLACEMENT_3D('',#5150,#4058,#4059);
#3275=AXIS2_PLACEMENT_3D('',#5151,#4060,#4061);
#3276=AXIS2_PLACEMENT_3D('',#5153,#4062,#4063);
#3277=AXIS2_PLACEMENT_3D('',#5155,#4064,#4065);
#3278=AXIS2_PLACEMENT_3D('',#5157,#4066,#4067);
#3279=AXIS2_PLACEMENT_3D('',#5159,#4068,#4069);
#3280=AXIS2_PLACEMENT_3D('',#5160,#4070,#4071);
#3281=AXIS2_PLACEMENT_3D('',#5162,#4072,#4073);
#3282=AXIS2_PLACEMENT_3D('',#5164,#4074,#4075);
#3283=AXIS2_PLACEMENT_3D('',#5166,#4076,#4077);
#3284=AXIS2_PLACEMENT_3D('',#5168,#4078,#4079);
#3285=AXIS2_PLACEMENT_3D('',#5169,#4080,#4081);
#3286=AXIS2_PLACEMENT_3D('',#5171,#4082,#4083);
#3287=AXIS2_PLACEMENT_3D('',#5173,#4084,#4085);
#3288=AXIS2_PLACEMENT_3D('',#5175,#4086,#4087);
#3289=AXIS2_PLACEMENT_3D('',#5177,#4088,#4089);
#3290=AXIS2_PLACEMENT_3D('',#5178,#4090,#4091);
#3291=AXIS2_PLACEMENT_3D('',#5180,#4092,#4093);
#3292=AXIS2_PLACEMENT_3D('',#5182,#4094,#4095);
#3293=AXIS2_PLACEMENT_3D('',#5184,#4096,#4097);
#3294=AXIS2_PLACEMENT_3D('',#5186,#4098,#4099);
#3295=AXIS2_PLACEMENT_3D('',#5187,#4100,#4101);
#3296=AXIS2_PLACEMENT_3D('',#5189,#4102,#4103);
#3297=AXIS2_PLACEMENT_3D('',#5191,#4104,#4105);
#3298=AXIS2_PLACEMENT_3D('',#5193,#4106,#4107);
#3299=AXIS2_PLACEMENT_3D('',#5195,#4108,#4109);
#3300=AXIS2_PLACEMENT_3D('',#5196,#4110,#4111);
#3301=AXIS2_PLACEMENT_3D('',#5198,#4112,#4113);
#3302=AXIS2_PLACEMENT_3D('',#5200,#4114,#4115);
#3303=AXIS2_PLACEMENT_3D('',#5202,#4116,#4117);
#3304=AXIS2_PLACEMENT_3D('',#5204,#4118,#4119);
#3305=AXIS2_PLACEMENT_3D('',#5205,#4120,#4121);
#3306=AXIS2_PLACEMENT_3D('',#5207,#4122,#4123);
#3307=AXIS2_PLACEMENT_3D('',#5209,#4124,#4125);
#3308=AXIS2_PLACEMENT_3D('',#5211,#4126,#4127);
#3309=AXIS2_PLACEMENT_3D('',#5213,#4128,#4129);
#3310=AXIS2_PLACEMENT_3D('',#5214,#4130,#4131);
#3311=AXIS2_PLACEMENT_3D('',#5216,#4132,#4133);
#3312=AXIS2_PLACEMENT_3D('',#5218,#4134,#4135);
#3313=AXIS2_PLACEMENT_3D('',#5220,#4136,#4137);
#3314=AXIS2_PLACEMENT_3D('',#5222,#4138,#4139);
#3315=AXIS2_PLACEMENT_3D('',#5223,#4140,#4141);
#3316=AXIS2_PLACEMENT_3D('',#5225,#4142,#4143);
#3317=AXIS2_PLACEMENT_3D('',#5227,#4144,#4145);
#3318=AXIS2_PLACEMENT_3D('',#5229,#4146,#4147);
#3319=AXIS2_PLACEMENT_3D('',#5231,#4148,#4149);
#3320=AXIS2_PLACEMENT_3D('',#5232,#4150,#4151);
#3321=AXIS2_PLACEMENT_3D('',#5234,#4152,#4153);
#3322=AXIS2_PLACEMENT_3D('',#5236,#4154,#4155);
#3323=AXIS2_PLACEMENT_3D('',#5238,#4156,#4157);
#3324=AXIS2_PLACEMENT_3D('',#5240,#4158,#4159);
#3325=AXIS2_PLACEMENT_3D('',#5241,#4160,#4161);
#3326=AXIS2_PLACEMENT_3D('',#5243,#4162,#4163);
#3327=AXIS2_PLACEMENT_3D('',#5245,#4164,#4165);
#3328=AXIS2_PLACEMENT_3D('',#5247,#4166,#4167);
#3329=AXIS2_PLACEMENT_3D('',#5249,#4168,#4169);
#3330=AXIS2_PLACEMENT_3D('',#5250,#4170,#4171);
#3331=AXIS2_PLACEMENT_3D('',#5252,#4172,#4173);
#3332=AXIS2_PLACEMENT_3D('',#5254,#4174,#4175);
#3333=AXIS2_PLACEMENT_3D('',#5256,#4176,#4177);
#3334=AXIS2_PLACEMENT_3D('',#5258,#4178,#4179);
#3335=AXIS2_PLACEMENT_3D('',#5259,#4180,#4181);
#3336=AXIS2_PLACEMENT_3D('',#5261,#4182,#4183);
#3337=AXIS2_PLACEMENT_3D('',#5263,#4184,#4185);
#3338=AXIS2_PLACEMENT_3D('',#5265,#4186,#4187);
#3339=AXIS2_PLACEMENT_3D('',#5267,#4188,#4189);
#3340=AXIS2_PLACEMENT_3D('',#5268,#4190,#4191);
#3341=AXIS2_PLACEMENT_3D('',#5270,#4192,#4193);
#3342=AXIS2_PLACEMENT_3D('',#5272,#4194,#4195);
#3343=AXIS2_PLACEMENT_3D('',#5274,#4196,#4197);
#3344=AXIS2_PLACEMENT_3D('',#5276,#4198,#4199);
#3345=AXIS2_PLACEMENT_3D('',#5277,#4200,#4201);
#3346=AXIS2_PLACEMENT_3D('',#5279,#4202,#4203);
#3347=AXIS2_PLACEMENT_3D('',#5281,#4204,#4205);
#3348=AXIS2_PLACEMENT_3D('',#5283,#4206,#4207);
#3349=AXIS2_PLACEMENT_3D('',#5285,#4208,#4209);
#3350=AXIS2_PLACEMENT_3D('',#5286,#4210,#4211);
#3351=AXIS2_PLACEMENT_3D('',#5288,#4212,#4213);
#3352=AXIS2_PLACEMENT_3D('',#5290,#4214,#4215);
#3353=AXIS2_PLACEMENT_3D('',#5292,#4216,#4217);
#3354=AXIS2_PLACEMENT_3D('',#5294,#4218,#4219);
#3355=AXIS2_PLACEMENT_3D('',#5295,#4220,#4221);
#3356=AXIS2_PLACEMENT_3D('',#5297,#4222,#4223);
#3357=AXIS2_PLACEMENT_3D('',#5299,#4224,#4225);
#3358=AXIS2_PLACEMENT_3D('',#5301,#4226,#4227);
#3359=AXIS2_PLACEMENT_3D('',#5303,#4228,#4229);
#3360=AXIS2_PLACEMENT_3D('',#5304,#4230,#4231);
#3361=AXIS2_PLACEMENT_3D('',#5307,#4234,#4235);
#3362=AXIS2_PLACEMENT_3D('',#5308,#4236,#4237);
#3363=AXIS2_PLACEMENT_3D('',#5310,#4239,#4240);
#3364=AXIS2_PLACEMENT_3D('',#5312,#4242,#4243);
#3365=AXIS2_PLACEMENT_3D('',#5313,#4244,#4245);
#3366=AXIS2_PLACEMENT_3D('',#5316,#4248,#4249);
#3367=AXIS2_PLACEMENT_3D('',#5317,#4250,#4251);
#3368=AXIS2_PLACEMENT_3D('',#5319,#4253,#4254);
#3369=AXIS2_PLACEMENT_3D('',#5321,#4256,#4257);
#3370=AXIS2_PLACEMENT_3D('',#5322,#4258,#4259);
#3371=AXIS2_PLACEMENT_3D('',#5325,#4262,#4263);
#3372=AXIS2_PLACEMENT_3D('',#5326,#4264,#4265);
#3373=AXIS2_PLACEMENT_3D('',#5328,#4267,#4268);
#3374=AXIS2_PLACEMENT_3D('',#5330,#4270,#4271);
#3375=AXIS2_PLACEMENT_3D('',#5331,#4272,#4273);
#3376=AXIS2_PLACEMENT_3D('',#5334,#4276,#4277);
#3377=AXIS2_PLACEMENT_3D('',#5335,#4278,#4279);
#3378=AXIS2_PLACEMENT_3D('',#5337,#4281,#4282);
#3379=AXIS2_PLACEMENT_3D('',#5339,#4284,#4285);
#3380=AXIS2_PLACEMENT_3D('',#5340,#4286,#4287);
#3381=AXIS2_PLACEMENT_3D('',#5343,#4290,#4291);
#3382=AXIS2_PLACEMENT_3D('',#5344,#4292,#4293);
#3383=AXIS2_PLACEMENT_3D('',#5346,#4295,#4296);
#3384=AXIS2_PLACEMENT_3D('',#5348,#4298,#4299);
#3385=AXIS2_PLACEMENT_3D('',#5349,#4300,#4301);
#3386=AXIS2_PLACEMENT_3D('',#5352,#4304,#4305);
#3387=AXIS2_PLACEMENT_3D('',#5353,#4306,#4307);
#3388=AXIS2_PLACEMENT_3D('',#5355,#4309,#4310);
#3389=AXIS2_PLACEMENT_3D('',#5357,#4312,#4313);
#3390=AXIS2_PLACEMENT_3D('',#5358,#4314,#4315);
#3391=AXIS2_PLACEMENT_3D('',#5361,#4318,#4319);
#3392=AXIS2_PLACEMENT_3D('',#5362,#4320,#4321);
#3393=AXIS2_PLACEMENT_3D('',#5364,#4323,#4324);
#3394=AXIS2_PLACEMENT_3D('',#5366,#4326,#4327);
#3395=AXIS2_PLACEMENT_3D('',#5367,#4328,#4329);
#3396=AXIS2_PLACEMENT_3D('',#5370,#4332,#4333);
#3397=AXIS2_PLACEMENT_3D('',#5371,#4334,#4335);
#3398=AXIS2_PLACEMENT_3D('',#5373,#4337,#4338);
#3399=AXIS2_PLACEMENT_3D('',#5375,#4340,#4341);
#3400=AXIS2_PLACEMENT_3D('',#5376,#4342,#4343);
#3401=AXIS2_PLACEMENT_3D('',#5379,#4346,#4347);
#3402=AXIS2_PLACEMENT_3D('',#5380,#4348,#4349);
#3403=AXIS2_PLACEMENT_3D('',#5382,#4351,#4352);
#3404=AXIS2_PLACEMENT_3D('',#5384,#4354,#4355);
#3405=AXIS2_PLACEMENT_3D('',#5385,#4356,#4357);
#3406=AXIS2_PLACEMENT_3D('',#5388,#4360,#4361);
#3407=AXIS2_PLACEMENT_3D('',#5389,#4362,#4363);
#3408=AXIS2_PLACEMENT_3D('',#5391,#4365,#4366);
#3409=AXIS2_PLACEMENT_3D('',#5393,#4368,#4369);
#3410=AXIS2_PLACEMENT_3D('',#5394,#4370,#4371);
#3411=AXIS2_PLACEMENT_3D('',#5397,#4374,#4375);
#3412=AXIS2_PLACEMENT_3D('',#5398,#4376,#4377);
#3413=AXIS2_PLACEMENT_3D('',#5400,#4379,#4380);
#3414=AXIS2_PLACEMENT_3D('',#5402,#4382,#4383);
#3415=AXIS2_PLACEMENT_3D('',#5403,#4384,#4385);
#3416=AXIS2_PLACEMENT_3D('',#5406,#4388,#4389);
#3417=AXIS2_PLACEMENT_3D('',#5407,#4390,#4391);
#3418=AXIS2_PLACEMENT_3D('',#5409,#4393,#4394);
#3419=AXIS2_PLACEMENT_3D('',#5411,#4396,#4397);
#3420=AXIS2_PLACEMENT_3D('',#5412,#4398,#4399);
#3421=AXIS2_PLACEMENT_3D('',#5415,#4402,#4403);
#3422=AXIS2_PLACEMENT_3D('',#5416,#4404,#4405);
#3423=AXIS2_PLACEMENT_3D('',#5418,#4407,#4408);
#3424=AXIS2_PLACEMENT_3D('',#5420,#4410,#4411);
#3425=AXIS2_PLACEMENT_3D('',#5421,#4412,#4413);
#3426=AXIS2_PLACEMENT_3D('',#5424,#4416,#4417);
#3427=AXIS2_PLACEMENT_3D('',#5425,#4418,#4419);
#3428=AXIS2_PLACEMENT_3D('',#5427,#4421,#4422);
#3429=AXIS2_PLACEMENT_3D('',#5429,#4424,#4425);
#3430=AXIS2_PLACEMENT_3D('',#5430,#4426,#4427);
#3431=AXIS2_PLACEMENT_3D('',#5433,#4430,#4431);
#3432=AXIS2_PLACEMENT_3D('',#5434,#4432,#4433);
#3433=AXIS2_PLACEMENT_3D('',#5436,#4435,#4436);
#3434=AXIS2_PLACEMENT_3D('',#5438,#4438,#4439);
#3435=AXIS2_PLACEMENT_3D('',#5439,#4440,#4441);
#3436=AXIS2_PLACEMENT_3D('',#5442,#4444,#4445);
#3437=AXIS2_PLACEMENT_3D('',#5443,#4446,#4447);
#3438=AXIS2_PLACEMENT_3D('',#5445,#4449,#4450);
#3439=AXIS2_PLACEMENT_3D('',#5447,#4452,#4453);
#3440=AXIS2_PLACEMENT_3D('',#5448,#4454,#4455);
#3441=AXIS2_PLACEMENT_3D('',#5451,#4458,#4459);
#3442=AXIS2_PLACEMENT_3D('',#5452,#4460,#4461);
#3443=AXIS2_PLACEMENT_3D('',#5454,#4463,#4464);
#3444=AXIS2_PLACEMENT_3D('',#5456,#4466,#4467);
#3445=AXIS2_PLACEMENT_3D('',#5457,#4468,#4469);
#3446=AXIS2_PLACEMENT_3D('',#5460,#4472,#4473);
#3447=AXIS2_PLACEMENT_3D('',#5461,#4474,#4475);
#3448=AXIS2_PLACEMENT_3D('',#5463,#4477,#4478);
#3449=AXIS2_PLACEMENT_3D('',#5465,#4480,#4481);
#3450=AXIS2_PLACEMENT_3D('',#5466,#4482,#4483);
#3451=AXIS2_PLACEMENT_3D('',#5469,#4486,#4487);
#3452=AXIS2_PLACEMENT_3D('',#5470,#4488,#4489);
#3453=AXIS2_PLACEMENT_3D('',#5472,#4491,#4492);
#3454=AXIS2_PLACEMENT_3D('',#5474,#4494,#4495);
#3455=AXIS2_PLACEMENT_3D('',#5475,#4496,#4497);
#3456=AXIS2_PLACEMENT_3D('',#5478,#4500,#4501);
#3457=AXIS2_PLACEMENT_3D('',#5479,#4502,#4503);
#3458=AXIS2_PLACEMENT_3D('',#5481,#4505,#4506);
#3459=AXIS2_PLACEMENT_3D('',#5483,#4508,#4509);
#3460=AXIS2_PLACEMENT_3D('',#5484,#4510,#4511);
#3461=AXIS2_PLACEMENT_3D('',#5487,#4514,#4515);
#3462=AXIS2_PLACEMENT_3D('',#5488,#4516,#4517);
#3463=AXIS2_PLACEMENT_3D('',#5490,#4519,#4520);
#3464=AXIS2_PLACEMENT_3D('',#5492,#4522,#4523);
#3465=AXIS2_PLACEMENT_3D('',#5493,#4524,#4525);
#3466=AXIS2_PLACEMENT_3D('',#5496,#4528,#4529);
#3467=AXIS2_PLACEMENT_3D('',#5497,#4530,#4531);
#3468=AXIS2_PLACEMENT_3D('',#5499,#4533,#4534);
#3469=AXIS2_PLACEMENT_3D('',#5501,#4536,#4537);
#3470=AXIS2_PLACEMENT_3D('',#5502,#4538,#4539);
#3471=AXIS2_PLACEMENT_3D('',#5505,#4542,#4543);
#3472=AXIS2_PLACEMENT_3D('',#5506,#4544,#4545);
#3473=AXIS2_PLACEMENT_3D('',#5508,#4547,#4548);
#3474=AXIS2_PLACEMENT_3D('',#5510,#4550,#4551);
#3475=AXIS2_PLACEMENT_3D('',#5511,#4552,#4553);
#3476=AXIS2_PLACEMENT_3D('',#5514,#4556,#4557);
#3477=AXIS2_PLACEMENT_3D('',#5515,#4558,#4559);
#3478=AXIS2_PLACEMENT_3D('',#5517,#4561,#4562);
#3479=AXIS2_PLACEMENT_3D('',#5519,#4564,#4565);
#3480=AXIS2_PLACEMENT_3D('',#5520,#4566,#4567);
#3481=AXIS2_PLACEMENT_3D('',#5523,#4570,#4571);
#3482=AXIS2_PLACEMENT_3D('',#5524,#4572,#4573);
#3483=AXIS2_PLACEMENT_3D('',#5526,#4575,#4576);
#3484=AXIS2_PLACEMENT_3D('',#5528,#4578,#4579);
#3485=AXIS2_PLACEMENT_3D('',#5529,#4580,#4581);
#3486=AXIS2_PLACEMENT_3D('',#5532,#4584,#4585);
#3487=AXIS2_PLACEMENT_3D('',#5533,#4586,#4587);
#3488=AXIS2_PLACEMENT_3D('',#5535,#4589,#4590);
#3489=AXIS2_PLACEMENT_3D('',#5537,#4592,#4593);
#3490=DIRECTION('',(0.,0.,1.));
#3491=DIRECTION('',(1.,0.,0.));
#3492=DIRECTION('',(0.,0.,-1.));
#3493=DIRECTION('',(-1.,0.,0.));
#3494=DIRECTION('',(0.,0.,-1.));
#3495=DIRECTION('',(0.,0.,-1.));
#3496=DIRECTION('',(-1.,0.,0.));
#3497=DIRECTION('',(0.,0.,-1.));
#3498=DIRECTION('',(0.,0.,-1.));
#3499=DIRECTION('',(-1.,0.,0.));
#3500=DIRECTION('',(0.,0.,-1.));
#3501=DIRECTION('',(-1.,0.,0.));
#3502=DIRECTION('',(0.,0.,-1.));
#3503=DIRECTION('',(0.,0.,-1.));
#3504=DIRECTION('',(-1.,0.,0.));
#3505=DIRECTION('',(0.,0.,-1.));
#3506=DIRECTION('',(0.,0.,-1.));
#3507=DIRECTION('',(-1.,0.,0.));
#3508=DIRECTION('',(0.,0.,-1.));
#3509=DIRECTION('',(-1.,0.,0.));
#3510=DIRECTION('',(0.,0.,-1.));
#3511=DIRECTION('',(0.,0.,-1.));
#3512=DIRECTION('',(-1.,0.,0.));
#3513=DIRECTION('',(0.,0.,-1.));
#3514=DIRECTION('',(0.,0.,-1.));
#3515=DIRECTION('',(-1.,0.,0.));
#3516=DIRECTION('',(0.,0.,-1.));
#3517=DIRECTION('',(-1.,0.,0.));
#3518=DIRECTION('',(0.,0.,-1.));
#3519=DIRECTION('',(0.,0.,-1.));
#3520=DIRECTION('',(-1.,0.,0.));
#3521=DIRECTION('',(0.,0.,-1.));
#3522=DIRECTION('',(0.,0.,-1.));
#3523=DIRECTION('',(-1.,0.,0.));
#3524=DIRECTION('',(0.,0.,-1.));
#3525=DIRECTION('',(-1.,0.,0.));
#3526=DIRECTION('',(0.,0.,-1.));
#3527=DIRECTION('',(0.,0.,-1.));
#3528=DIRECTION('',(-1.,0.,0.));
#3529=DIRECTION('',(0.,0.,-1.));
#3530=DIRECTION('',(0.,0.,-1.));
#3531=DIRECTION('',(-1.,0.,0.));
#3532=DIRECTION('',(0.,0.,-1.));
#3533=DIRECTION('',(-1.,0.,0.));
#3534=DIRECTION('',(0.,0.,-1.));
#3535=DIRECTION('',(0.,0.,-1.));
#3536=DIRECTION('',(-1.,0.,0.));
#3537=DIRECTION('',(0.,0.,-1.));
#3538=DIRECTION('',(0.,0.,-1.));
#3539=DIRECTION('',(-1.,0.,0.));
#3540=DIRECTION('',(0.,0.,-1.));
#3541=DIRECTION('',(-1.,0.,0.));
#3542=DIRECTION('',(0.,0.,-1.));
#3543=DIRECTION('',(0.,0.,-1.));
#3544=DIRECTION('',(-1.,0.,0.));
#3545=DIRECTION('',(0.,0.,-1.));
#3546=DIRECTION('',(0.,0.,-1.));
#3547=DIRECTION('',(-1.,0.,0.));
#3548=DIRECTION('',(0.,0.,-1.));
#3549=DIRECTION('',(-1.,0.,0.));
#3550=DIRECTION('',(0.,0.,-1.));
#3551=DIRECTION('',(0.,0.,-1.));
#3552=DIRECTION('',(-1.,0.,0.));
#3553=DIRECTION('',(0.,0.,-1.));
#3554=DIRECTION('',(0.,0.,-1.));
#3555=DIRECTION('',(-1.,0.,0.));
#3556=DIRECTION('',(0.,0.,-1.));
#3557=DIRECTION('',(-1.,0.,0.));
#3558=DIRECTION('',(0.,0.,-1.));
#3559=DIRECTION('',(0.,0.,-1.));
#3560=DIRECTION('',(-1.,0.,0.));
#3561=DIRECTION('',(0.,0.,-1.));
#3562=DIRECTION('',(0.,0.,-1.));
#3563=DIRECTION('',(-1.,0.,0.));
#3564=DIRECTION('',(0.,0.,-1.));
#3565=DIRECTION('',(-1.,0.,0.));
#3566=DIRECTION('',(0.,0.,-1.));
#3567=DIRECTION('',(0.,0.,-1.));
#3568=DIRECTION('',(-1.,0.,0.));
#3569=DIRECTION('',(0.,0.,-1.));
#3570=DIRECTION('',(0.,0.,-1.));
#3571=DIRECTION('',(-1.,0.,0.));
#3572=DIRECTION('',(0.,0.,-1.));
#3573=DIRECTION('',(-1.,0.,0.));
#3574=DIRECTION('',(0.,0.,-1.));
#3575=DIRECTION('',(0.,0.,-1.));
#3576=DIRECTION('',(-1.,0.,0.));
#3577=DIRECTION('',(0.,0.,-1.));
#3578=DIRECTION('',(0.,0.,-1.));
#3579=DIRECTION('',(-1.,0.,0.));
#3580=DIRECTION('',(0.,0.,-1.));
#3581=DIRECTION('',(-1.,0.,0.));
#3582=DIRECTION('',(0.,0.,-1.));
#3583=DIRECTION('',(0.,0.,-1.));
#3584=DIRECTION('',(-1.,0.,0.));
#3585=DIRECTION('',(0.,0.,-1.));
#3586=DIRECTION('',(0.,0.,-1.));
#3587=DIRECTION('',(-1.,0.,0.));
#3588=DIRECTION('',(0.,0.,-1.));
#3589=DIRECTION('',(-1.,0.,0.));
#3590=DIRECTION('',(0.,0.,-1.));
#3591=DIRECTION('',(0.,0.,-1.));
#3592=DIRECTION('',(-1.,0.,0.));
#3593=DIRECTION('',(0.,0.,-1.));
#3594=DIRECTION('',(0.,0.,-1.));
#3595=DIRECTION('',(-1.,0.,0.));
#3596=DIRECTION('',(0.,0.,-1.));
#3597=DIRECTION('',(-1.,0.,0.));
#3598=DIRECTION('',(0.,0.,-1.));
#3599=DIRECTION('',(0.,0.,-1.));
#3600=DIRECTION('',(-1.,0.,0.));
#3601=DIRECTION('',(0.,0.,-1.));
#3602=DIRECTION('',(0.,0.,-1.));
#3603=DIRECTION('',(-1.,0.,0.));
#3604=DIRECTION('',(0.,0.,-1.));
#3605=DIRECTION('',(-1.,0.,0.));
#3606=DIRECTION('',(0.,0.,-1.));
#3607=DIRECTION('',(0.,0.,-1.));
#3608=DIRECTION('',(-1.,0.,0.));
#3609=DIRECTION('',(0.,0.,-1.));
#3610=DIRECTION('',(0.,0.,-1.));
#3611=DIRECTION('',(-1.,0.,0.));
#3612=DIRECTION('',(0.,0.,-1.));
#3613=DIRECTION('',(-1.,0.,0.));
#3614=DIRECTION('',(0.,0.,-1.));
#3615=DIRECTION('',(0.,0.,-1.));
#3616=DIRECTION('',(-1.,0.,0.));
#3617=DIRECTION('',(0.,0.,-1.));
#3618=DIRECTION('',(0.,0.,-1.));
#3619=DIRECTION('',(-1.,0.,0.));
#3620=DIRECTION('',(0.,0.,-1.));
#3621=DIRECTION('',(-1.,0.,0.));
#3622=DIRECTION('',(0.,0.,-1.));
#3623=DIRECTION('',(0.,0.,-1.));
#3624=DIRECTION('',(-1.,0.,0.));
#3625=DIRECTION('',(0.,0.,-1.));
#3626=DIRECTION('',(0.,0.,-1.));
#3627=DIRECTION('',(-1.,0.,0.));
#3628=DIRECTION('',(0.,0.,-1.));
#3629=DIRECTION('',(-1.,0.,0.));
#3630=DIRECTION('',(0.,0.,-1.));
#3631=DIRECTION('',(0.,0.,-1.));
#3632=DIRECTION('',(-1.,0.,0.));
#3633=DIRECTION('',(0.,0.,-1.));
#3634=DIRECTION('',(0.,0.,-1.));
#3635=DIRECTION('',(-1.,0.,0.));
#3636=DIRECTION('',(0.,0.,-1.));
#3637=DIRECTION('',(-1.,0.,0.));
#3638=DIRECTION('',(0.,0.,-1.));
#3639=DIRECTION('',(0.,0.,-1.));
#3640=DIRECTION('',(-1.,0.,0.));
#3641=DIRECTION('',(0.,0.,-1.));
#3642=DIRECTION('',(0.,0.,-1.));
#3643=DIRECTION('',(-1.,0.,0.));
#3644=DIRECTION('',(0.,0.,-1.));
#3645=DIRECTION('',(-1.,0.,0.));
#3646=DIRECTION('',(0.,0.,-1.));
#3647=DIRECTION('',(0.,0.,-1.));
#3648=DIRECTION('',(-1.,0.,0.));
#3649=DIRECTION('',(0.,0.,-1.));
#3650=DIRECTION('',(0.,0.,-1.));
#3651=DIRECTION('',(-1.,0.,0.));
#3652=DIRECTION('',(0.,0.,-1.));
#3653=DIRECTION('',(-1.,0.,0.));
#3654=DIRECTION('',(0.,0.,-1.));
#3655=DIRECTION('',(0.,0.,-1.));
#3656=DIRECTION('',(-1.,0.,0.));
#3657=DIRECTION('',(0.,0.,-1.));
#3658=DIRECTION('',(0.,0.,-1.));
#3659=DIRECTION('',(-1.,0.,0.));
#3660=DIRECTION('',(0.,0.,-1.));
#3661=DIRECTION('',(-1.,0.,0.));
#3662=DIRECTION('',(0.,0.,-1.));
#3663=DIRECTION('',(0.,0.,-1.));
#3664=DIRECTION('',(-1.,0.,0.));
#3665=DIRECTION('',(0.,0.,-1.));
#3666=DIRECTION('',(0.,0.,-1.));
#3667=DIRECTION('',(-1.,0.,0.));
#3668=DIRECTION('',(0.,0.,-1.));
#3669=DIRECTION('',(-1.,0.,0.));
#3670=DIRECTION('',(0.,0.,-1.));
#3671=DIRECTION('',(0.,0.,-1.));
#3672=DIRECTION('',(-1.,0.,0.));
#3673=DIRECTION('',(0.,0.,-1.));
#3674=DIRECTION('',(0.,0.,-1.));
#3675=DIRECTION('',(-1.,0.,0.));
#3676=DIRECTION('',(0.,0.,-1.));
#3677=DIRECTION('',(-1.,0.,0.));
#3678=DIRECTION('',(0.,0.,-1.));
#3679=DIRECTION('',(0.,0.,-1.));
#3680=DIRECTION('',(-1.,0.,0.));
#3681=DIRECTION('',(0.,0.,-1.));
#3682=DIRECTION('',(0.,0.,-1.));
#3683=DIRECTION('',(-1.,0.,0.));
#3684=DIRECTION('',(0.,0.,-1.));
#3685=DIRECTION('',(-1.,0.,0.));
#3686=DIRECTION('',(0.,0.,-1.));
#3687=DIRECTION('',(0.,0.,-1.));
#3688=DIRECTION('',(-1.,0.,0.));
#3689=DIRECTION('',(0.,0.,-1.));
#3690=DIRECTION('',(0.,0.,-1.));
#3691=DIRECTION('',(-1.,0.,0.));
#3692=DIRECTION('',(0.,0.,-1.));
#3693=DIRECTION('',(-1.,0.,0.));
#3694=DIRECTION('',(0.,0.,-1.));
#3695=DIRECTION('',(-1.,0.,0.));
#3696=DIRECTION('',(0.,0.,-1.));
#3697=DIRECTION('',(0.,0.,-1.));
#3698=DIRECTION('',(-1.,0.,0.));
#3699=DIRECTION('',(0.,0.,-1.));
#3700=DIRECTION('',(0.,0.,-1.));
#3701=DIRECTION('',(-1.,0.,0.));
#3702=DIRECTION('',(0.,0.,-1.));
#3703=DIRECTION('',(-1.,0.,0.));
#3704=DIRECTION('',(0.,0.,-1.));
#3705=DIRECTION('',(-1.,0.,0.));
#3706=DIRECTION('',(0.,0.,1.));
#3707=DIRECTION('',(1.,0.,0.));
#3708=DIRECTION('',(0.,0.,-1.));
#3709=DIRECTION('',(-1.,0.,0.));
#3710=DIRECTION('',(0.,0.,-1.));
#3711=DIRECTION('',(-1.,0.,0.));
#3712=DIRECTION('',(0.,0.,-1.));
#3713=DIRECTION('',(-1.,0.,0.));
#3714=DIRECTION('',(0.,0.,-1.));
#3715=DIRECTION('',(-1.,0.,0.));
#3716=DIRECTION('',(0.,0.,-1.));
#3717=DIRECTION('',(-1.,0.,0.));
#3718=DIRECTION('',(0.,0.,-1.));
#3719=DIRECTION('',(-1.,0.,0.));
#3720=DIRECTION('',(0.,0.,-1.));
#3721=DIRECTION('',(-1.,0.,0.));
#3722=DIRECTION('',(0.,0.,-1.));
#3723=DIRECTION('',(-1.,0.,0.));
#3724=DIRECTION('',(0.,0.,-1.));
#3725=DIRECTION('',(-1.,0.,0.));
#3726=DIRECTION('',(0.,0.,-1.));
#3727=DIRECTION('',(-1.,0.,0.));
#3728=DIRECTION('',(0.,0.,-1.));
#3729=DIRECTION('',(-1.,0.,0.));
#3730=DIRECTION('',(0.,0.,-1.));
#3731=DIRECTION('',(-1.,0.,0.));
#3732=DIRECTION('',(0.,0.,-1.));
#3733=DIRECTION('',(-1.,0.,0.));
#3734=DIRECTION('',(0.,0.,-1.));
#3735=DIRECTION('',(-1.,0.,0.));
#3736=DIRECTION('',(0.,0.,-1.));
#3737=DIRECTION('',(-1.,0.,0.));
#3738=DIRECTION('',(0.,0.,-1.));
#3739=DIRECTION('',(-1.,0.,0.));
#3740=DIRECTION('',(0.,0.,-1.));
#3741=DIRECTION('',(-1.,0.,0.));
#3742=DIRECTION('',(0.,0.,-1.));
#3743=DIRECTION('',(-1.,0.,0.));
#3744=DIRECTION('',(0.,0.,-1.));
#3745=DIRECTION('',(-1.,0.,0.));
#3746=DIRECTION('',(0.,0.,-1.));
#3747=DIRECTION('',(-1.,0.,0.));
#3748=DIRECTION('',(0.,0.,-1.));
#3749=DIRECTION('',(-1.,0.,0.));
#3750=DIRECTION('',(0.,0.,-1.));
#3751=DIRECTION('',(-1.,0.,0.));
#3752=DIRECTION('',(0.,0.,-1.));
#3753=DIRECTION('',(-1.,0.,0.));
#3754=DIRECTION('',(0.,0.,-1.));
#3755=DIRECTION('',(-1.,0.,0.));
#3756=DIRECTION('',(0.,0.,-1.));
#3757=DIRECTION('',(-1.,0.,0.));
#3758=DIRECTION('',(0.,0.,-1.));
#3759=DIRECTION('',(-1.,0.,0.));
#3760=DIRECTION('',(0.,0.,-1.));
#3761=DIRECTION('',(-1.,0.,0.));
#3762=DIRECTION('',(0.,0.,-1.));
#3763=DIRECTION('',(-1.,0.,0.));
#3764=DIRECTION('',(0.,0.,-1.));
#3765=DIRECTION('',(-1.,0.,0.));
#3766=DIRECTION('',(0.,0.,-1.));
#3767=DIRECTION('',(-1.,0.,0.));
#3768=DIRECTION('',(0.,0.,-1.));
#3769=DIRECTION('',(-1.,0.,0.));
#3770=DIRECTION('',(0.,0.,-1.));
#3771=DIRECTION('',(-1.,0.,0.));
#3772=DIRECTION('',(0.,0.,-1.));
#3773=DIRECTION('',(-1.,0.,0.));
#3774=DIRECTION('',(0.,0.,-1.));
#3775=DIRECTION('',(-1.,0.,0.));
#3776=DIRECTION('',(0.,0.,-1.));
#3777=DIRECTION('',(-1.,0.,0.));
#3778=DIRECTION('',(0.,0.,-1.));
#3779=DIRECTION('',(-1.,0.,0.));
#3780=DIRECTION('',(0.,0.,-1.));
#3781=DIRECTION('',(-1.,0.,0.));
#3782=DIRECTION('',(0.,0.,-1.));
#3783=DIRECTION('',(-1.,0.,0.));
#3784=DIRECTION('',(0.,0.,-1.));
#3785=DIRECTION('',(-1.,0.,0.));
#3786=DIRECTION('',(0.,0.,-1.));
#3787=DIRECTION('',(-1.,0.,0.));
#3788=DIRECTION('',(0.,0.,-1.));
#3789=DIRECTION('',(-1.,0.,0.));
#3790=DIRECTION('',(0.,0.,-1.));
#3791=DIRECTION('',(-1.,0.,0.));
#3792=DIRECTION('',(0.,0.,-1.));
#3793=DIRECTION('',(-1.,0.,0.));
#3794=DIRECTION('',(0.,0.,-1.));
#3795=DIRECTION('',(-1.,0.,0.));
#3796=DIRECTION('',(0.,0.,-1.));
#3797=DIRECTION('',(-1.,0.,0.));
#3798=DIRECTION('',(0.,0.,-1.));
#3799=DIRECTION('',(-1.,0.,0.));
#3800=DIRECTION('',(0.,0.,-1.));
#3801=DIRECTION('',(-1.,0.,0.));
#3802=DIRECTION('',(0.,0.,-1.));
#3803=DIRECTION('',(-1.,0.,0.));
#3804=DIRECTION('',(0.,0.,-1.));
#3805=DIRECTION('',(-1.,0.,0.));
#3806=DIRECTION('',(0.,0.,-1.));
#3807=DIRECTION('',(-1.,0.,0.));
#3808=DIRECTION('',(0.,0.,-1.));
#3809=DIRECTION('',(-1.,0.,0.));
#3810=DIRECTION('',(0.,0.,-1.));
#3811=DIRECTION('',(-1.,0.,0.));
#3812=DIRECTION('',(0.,0.,-1.));
#3813=DIRECTION('',(-1.,0.,0.));
#3814=DIRECTION('',(0.,0.,-1.));
#3815=DIRECTION('',(-1.,0.,0.));
#3816=DIRECTION('',(0.,0.,-1.));
#3817=DIRECTION('',(-1.,0.,0.));
#3818=DIRECTION('',(0.,0.,-1.));
#3819=DIRECTION('',(-1.,0.,0.));
#3820=DIRECTION('',(0.,0.,-1.));
#3821=DIRECTION('',(-1.,0.,0.));
#3822=DIRECTION('',(0.,0.,-1.));
#3823=DIRECTION('',(-1.,0.,0.));
#3824=DIRECTION('',(0.,0.,-1.));
#3825=DIRECTION('',(-1.,0.,0.));
#3826=DIRECTION('',(0.,0.,-1.));
#3827=DIRECTION('',(-1.,0.,0.));
#3828=DIRECTION('',(0.,0.,-1.));
#3829=DIRECTION('',(-1.,0.,0.));
#3830=DIRECTION('',(0.,0.,-1.));
#3831=DIRECTION('',(-1.,0.,0.));
#3832=DIRECTION('',(0.,0.,-1.));
#3833=DIRECTION('',(-1.,0.,0.));
#3834=DIRECTION('',(0.,0.,-1.));
#3835=DIRECTION('',(-1.,0.,0.));
#3836=DIRECTION('',(0.,0.,-1.));
#3837=DIRECTION('',(-1.,0.,0.));
#3838=DIRECTION('',(0.,0.,-1.));
#3839=DIRECTION('',(-1.,0.,0.));
#3840=DIRECTION('',(0.,0.,-1.));
#3841=DIRECTION('',(-1.,0.,0.));
#3842=DIRECTION('',(0.,0.,-1.));
#3843=DIRECTION('',(-1.,0.,0.));
#3844=DIRECTION('',(0.,0.,-1.));
#3845=DIRECTION('',(-1.,0.,0.));
#3846=DIRECTION('',(0.,0.,-1.));
#3847=DIRECTION('',(-1.,0.,0.));
#3848=DIRECTION('',(0.,0.,-1.));
#3849=DIRECTION('',(-1.,0.,0.));
#3850=DIRECTION('',(0.,0.,-1.));
#3851=DIRECTION('',(-1.,0.,0.));
#3852=DIRECTION('',(0.,0.,-1.));
#3853=DIRECTION('',(-1.,0.,0.));
#3854=DIRECTION('',(0.,0.,-1.));
#3855=DIRECTION('',(-1.,0.,0.));
#3856=DIRECTION('',(0.,0.,-1.));
#3857=DIRECTION('',(-1.,0.,0.));
#3858=DIRECTION('',(0.,0.,-1.));
#3859=DIRECTION('',(-1.,0.,0.));
#3860=DIRECTION('',(0.,0.,-1.));
#3861=DIRECTION('',(-1.,0.,0.));
#3862=DIRECTION('',(0.,0.,-1.));
#3863=DIRECTION('',(-1.,0.,0.));
#3864=DIRECTION('',(0.,0.,-1.));
#3865=DIRECTION('',(-1.,0.,0.));
#3866=DIRECTION('',(0.,0.,-1.));
#3867=DIRECTION('',(-1.,0.,0.));
#3868=DIRECTION('',(0.,0.,-1.));
#3869=DIRECTION('',(-1.,0.,0.));
#3870=DIRECTION('',(0.,0.,-1.));
#3871=DIRECTION('',(-1.,0.,0.));
#3872=DIRECTION('',(0.,0.,-1.));
#3873=DIRECTION('',(-1.,0.,0.));
#3874=DIRECTION('',(0.,0.,-1.));
#3875=DIRECTION('',(-1.,0.,0.));
#3876=DIRECTION('',(0.,0.,-1.));
#3877=DIRECTION('',(-1.,0.,0.));
#3878=DIRECTION('',(0.,0.,-1.));
#3879=DIRECTION('',(-1.,0.,0.));
#3880=DIRECTION('',(0.,0.,-1.));
#3881=DIRECTION('',(-1.,0.,0.));
#3882=DIRECTION('',(0.,0.,-1.));
#3883=DIRECTION('',(-1.,0.,0.));
#3884=DIRECTION('',(0.,0.,-1.));
#3885=DIRECTION('',(-1.,0.,0.));
#3886=DIRECTION('',(0.,0.,-1.));
#3887=DIRECTION('',(-1.,0.,0.));
#3888=DIRECTION('',(0.,0.,-1.));
#3889=DIRECTION('',(-1.,0.,0.));
#3890=DIRECTION('',(0.,0.,-1.));
#3891=DIRECTION('',(-1.,0.,0.));
#3892=DIRECTION('',(0.,0.,-1.));
#3893=DIRECTION('',(-1.,0.,0.));
#3894=DIRECTION('',(0.,0.,-1.));
#3895=DIRECTION('',(-1.,0.,0.));
#3896=DIRECTION('',(0.,0.,-1.));
#3897=DIRECTION('',(-1.,0.,0.));
#3898=DIRECTION('',(0.,0.,-1.));
#3899=DIRECTION('',(-1.,0.,0.));
#3900=DIRECTION('',(0.,0.,-1.));
#3901=DIRECTION('',(-1.,0.,0.));
#3902=DIRECTION('',(0.,0.,-1.));
#3903=DIRECTION('',(-1.,0.,0.));
#3904=DIRECTION('',(0.,0.,-1.));
#3905=DIRECTION('',(-1.,0.,0.));
#3906=DIRECTION('',(0.,0.,-1.));
#3907=DIRECTION('',(-1.,0.,0.));
#3908=DIRECTION('',(0.,0.,-1.));
#3909=DIRECTION('',(-1.,0.,0.));
#3910=DIRECTION('',(0.,0.,-1.));
#3911=DIRECTION('',(-1.,0.,0.));
#3912=DIRECTION('',(0.,0.,-1.));
#3913=DIRECTION('',(-1.,0.,0.));
#3914=DIRECTION('',(0.,0.,-1.));
#3915=DIRECTION('',(-1.,0.,0.));
#3916=DIRECTION('',(0.,0.,-1.));
#3917=DIRECTION('',(-1.,0.,0.));
#3918=DIRECTION('',(0.,0.,-1.));
#3919=DIRECTION('',(-1.,0.,0.));
#3920=DIRECTION('',(0.,0.,-1.));
#3921=DIRECTION('',(-1.,0.,0.));
#3922=DIRECTION('',(0.,0.,-1.));
#3923=DIRECTION('',(-1.,0.,0.));
#3924=DIRECTION('',(0.,0.,-1.));
#3925=DIRECTION('',(-1.,0.,0.));
#3926=DIRECTION('',(0.,0.,-1.));
#3927=DIRECTION('',(-1.,0.,0.));
#3928=DIRECTION('',(0.,0.,-1.));
#3929=DIRECTION('',(-1.,0.,0.));
#3930=DIRECTION('',(0.,0.,-1.));
#3931=DIRECTION('',(-1.,0.,0.));
#3932=DIRECTION('',(0.,0.,-1.));
#3933=DIRECTION('',(-1.,0.,0.));
#3934=DIRECTION('',(0.,0.,-1.));
#3935=DIRECTION('',(-1.,0.,0.));
#3936=DIRECTION('',(0.,0.,-1.));
#3937=DIRECTION('',(-1.,0.,0.));
#3938=DIRECTION('',(0.,0.,-1.));
#3939=DIRECTION('',(-1.,0.,0.));
#3940=DIRECTION('',(0.,0.,-1.));
#3941=DIRECTION('',(-1.,0.,0.));
#3942=DIRECTION('',(0.,0.,-1.));
#3943=DIRECTION('',(-1.,0.,0.));
#3944=DIRECTION('',(0.,0.,-1.));
#3945=DIRECTION('',(-1.,0.,0.));
#3946=DIRECTION('',(0.,0.,-1.));
#3947=DIRECTION('',(-1.,0.,0.));
#3948=DIRECTION('',(0.,0.,-1.));
#3949=DIRECTION('',(-1.,0.,0.));
#3950=DIRECTION('',(0.,0.,-1.));
#3951=DIRECTION('',(-1.,0.,0.));
#3952=DIRECTION('',(0.,0.,-1.));
#3953=DIRECTION('',(-1.,0.,0.));
#3954=DIRECTION('',(0.,0.,-1.));
#3955=DIRECTION('',(-1.,0.,0.));
#3956=DIRECTION('',(0.,0.,-1.));
#3957=DIRECTION('',(-1.,0.,0.));
#3958=DIRECTION('',(0.,0.,-1.));
#3959=DIRECTION('',(-1.,0.,0.));
#3960=DIRECTION('',(0.,0.,-1.));
#3961=DIRECTION('',(-1.,0.,0.));
#3962=DIRECTION('',(0.,0.,-1.));
#3963=DIRECTION('',(-1.,0.,0.));
#3964=DIRECTION('',(0.,0.,-1.));
#3965=DIRECTION('',(-1.,0.,0.));
#3966=DIRECTION('',(0.,0.,-1.));
#3967=DIRECTION('',(-1.,0.,0.));
#3968=DIRECTION('',(0.,0.,1.));
#3969=DIRECTION('',(1.,0.,0.));
#3970=DIRECTION('',(0.,0.,-1.));
#3971=DIRECTION('',(-1.,0.,0.));
#3972=DIRECTION('',(0.,0.,-1.));
#3973=DIRECTION('',(-1.,0.,0.));
#3974=DIRECTION('',(0.,0.,-1.));
#3975=DIRECTION('',(-1.,0.,0.));
#3976=DIRECTION('',(0.,0.,-1.));
#3977=DIRECTION('',(-1.,0.,0.));
#3978=DIRECTION('',(0.,0.,-1.));
#3979=DIRECTION('',(-1.,0.,0.));
#3980=DIRECTION('',(0.,0.,-1.));
#3981=DIRECTION('',(-1.,0.,0.));
#3982=DIRECTION('',(0.,0.,-1.));
#3983=DIRECTION('',(-1.,0.,0.));
#3984=DIRECTION('',(0.,0.,-1.));
#3985=DIRECTION('',(-1.,0.,0.));
#3986=DIRECTION('',(0.,0.,-1.));
#3987=DIRECTION('',(-1.,0.,0.));
#3988=DIRECTION('',(0.,0.,-1.));
#3989=DIRECTION('',(-1.,0.,0.));
#3990=DIRECTION('',(0.,0.,-1.));
#3991=DIRECTION('',(-1.,0.,0.));
#3992=DIRECTION('',(0.,0.,-1.));
#3993=DIRECTION('',(-1.,0.,0.));
#3994=DIRECTION('',(0.,0.,-1.));
#3995=DIRECTION('',(-1.,0.,0.));
#3996=DIRECTION('',(0.,0.,-1.));
#3997=DIRECTION('',(-1.,0.,0.));
#3998=DIRECTION('',(0.,0.,-1.));
#3999=DIRECTION('',(-1.,0.,0.));
#4000=DIRECTION('',(0.,0.,-1.));
#4001=DIRECTION('',(-1.,0.,0.));
#4002=DIRECTION('',(0.,0.,-1.));
#4003=DIRECTION('',(-1.,0.,0.));
#4004=DIRECTION('',(0.,0.,-1.));
#4005=DIRECTION('',(-1.,0.,0.));
#4006=DIRECTION('',(0.,0.,-1.));
#4007=DIRECTION('',(-1.,0.,0.));
#4008=DIRECTION('',(0.,0.,-1.));
#4009=DIRECTION('',(-1.,0.,0.));
#4010=DIRECTION('',(0.,0.,-1.));
#4011=DIRECTION('',(-1.,0.,0.));
#4012=DIRECTION('',(0.,0.,-1.));
#4013=DIRECTION('',(-1.,0.,0.));
#4014=DIRECTION('',(0.,0.,-1.));
#4015=DIRECTION('',(-1.,0.,0.));
#4016=DIRECTION('',(0.,0.,-1.));
#4017=DIRECTION('',(-1.,0.,0.));
#4018=DIRECTION('',(0.,0.,-1.));
#4019=DIRECTION('',(-1.,0.,0.));
#4020=DIRECTION('',(0.,0.,-1.));
#4021=DIRECTION('',(-1.,0.,0.));
#4022=DIRECTION('',(0.,0.,-1.));
#4023=DIRECTION('',(-1.,0.,0.));
#4024=DIRECTION('',(0.,0.,-1.));
#4025=DIRECTION('',(-1.,0.,0.));
#4026=DIRECTION('',(0.,0.,-1.));
#4027=DIRECTION('',(-1.,0.,0.));
#4028=DIRECTION('',(0.,0.,-1.));
#4029=DIRECTION('',(-1.,0.,0.));
#4030=DIRECTION('',(0.,0.,-1.));
#4031=DIRECTION('',(-1.,0.,0.));
#4032=DIRECTION('',(0.,0.,-1.));
#4033=DIRECTION('',(-1.,0.,0.));
#4034=DIRECTION('',(0.,0.,-1.));
#4035=DIRECTION('',(-1.,0.,0.));
#4036=DIRECTION('',(0.,0.,-1.));
#4037=DIRECTION('',(-1.,0.,0.));
#4038=DIRECTION('',(0.,0.,-1.));
#4039=DIRECTION('',(-1.,0.,0.));
#4040=DIRECTION('',(0.,0.,-1.));
#4041=DIRECTION('',(-1.,0.,0.));
#4042=DIRECTION('',(0.,0.,-1.));
#4043=DIRECTION('',(-1.,0.,0.));
#4044=DIRECTION('',(0.,0.,-1.));
#4045=DIRECTION('',(-1.,0.,0.));
#4046=DIRECTION('',(0.,0.,-1.));
#4047=DIRECTION('',(-1.,0.,0.));
#4048=DIRECTION('',(0.,0.,-1.));
#4049=DIRECTION('',(-1.,0.,0.));
#4050=DIRECTION('',(0.,0.,-1.));
#4051=DIRECTION('',(-1.,0.,0.));
#4052=DIRECTION('',(0.,0.,-1.));
#4053=DIRECTION('',(-1.,0.,0.));
#4054=DIRECTION('',(0.,0.,-1.));
#4055=DIRECTION('',(-1.,0.,0.));
#4056=DIRECTION('',(0.,0.,-1.));
#4057=DIRECTION('',(-1.,0.,0.));
#4058=DIRECTION('',(0.,0.,-1.));
#4059=DIRECTION('',(-1.,0.,0.));
#4060=DIRECTION('',(0.,0.,-1.));
#4061=DIRECTION('',(-1.,0.,0.));
#4062=DIRECTION('',(0.,0.,-1.));
#4063=DIRECTION('',(-1.,0.,0.));
#4064=DIRECTION('',(0.,0.,-1.));
#4065=DIRECTION('',(-1.,0.,0.));
#4066=DIRECTION('',(0.,0.,-1.));
#4067=DIRECTION('',(-1.,0.,0.));
#4068=DIRECTION('',(0.,0.,-1.));
#4069=DIRECTION('',(-1.,0.,0.));
#4070=DIRECTION('',(0.,0.,-1.));
#4071=DIRECTION('',(-1.,0.,0.));
#4072=DIRECTION('',(0.,0.,-1.));
#4073=DIRECTION('',(-1.,0.,0.));
#4074=DIRECTION('',(0.,0.,-1.));
#4075=DIRECTION('',(-1.,0.,0.));
#4076=DIRECTION('',(0.,0.,-1.));
#4077=DIRECTION('',(-1.,0.,0.));
#4078=DIRECTION('',(0.,0.,-1.));
#4079=DIRECTION('',(-1.,0.,0.));
#4080=DIRECTION('',(0.,0.,-1.));
#4081=DIRECTION('',(-1.,0.,0.));
#4082=DIRECTION('',(0.,0.,-1.));
#4083=DIRECTION('',(-1.,0.,0.));
#4084=DIRECTION('',(0.,0.,-1.));
#4085=DIRECTION('',(-1.,0.,0.));
#4086=DIRECTION('',(0.,0.,-1.));
#4087=DIRECTION('',(-1.,0.,0.));
#4088=DIRECTION('',(0.,0.,-1.));
#4089=DIRECTION('',(-1.,0.,0.));
#4090=DIRECTION('',(0.,0.,-1.));
#4091=DIRECTION('',(-1.,0.,0.));
#4092=DIRECTION('',(0.,0.,-1.));
#4093=DIRECTION('',(-1.,0.,0.));
#4094=DIRECTION('',(0.,0.,-1.));
#4095=DIRECTION('',(-1.,0.,0.));
#4096=DIRECTION('',(0.,0.,-1.));
#4097=DIRECTION('',(-1.,0.,0.));
#4098=DIRECTION('',(0.,0.,-1.));
#4099=DIRECTION('',(-1.,0.,0.));
#4100=DIRECTION('',(0.,0.,-1.));
#4101=DIRECTION('',(-1.,0.,0.));
#4102=DIRECTION('',(0.,0.,-1.));
#4103=DIRECTION('',(-1.,0.,0.));
#4104=DIRECTION('',(0.,0.,-1.));
#4105=DIRECTION('',(-1.,0.,0.));
#4106=DIRECTION('',(0.,0.,-1.));
#4107=DIRECTION('',(-1.,0.,0.));
#4108=DIRECTION('',(0.,0.,-1.));
#4109=DIRECTION('',(-1.,0.,0.));
#4110=DIRECTION('',(0.,0.,-1.));
#4111=DIRECTION('',(-1.,0.,0.));
#4112=DIRECTION('',(0.,0.,-1.));
#4113=DIRECTION('',(-1.,0.,0.));
#4114=DIRECTION('',(0.,0.,-1.));
#4115=DIRECTION('',(-1.,0.,0.));
#4116=DIRECTION('',(0.,0.,-1.));
#4117=DIRECTION('',(-1.,0.,0.));
#4118=DIRECTION('',(0.,0.,-1.));
#4119=DIRECTION('',(-1.,0.,0.));
#4120=DIRECTION('',(0.,0.,-1.));
#4121=DIRECTION('',(-1.,0.,0.));
#4122=DIRECTION('',(0.,0.,-1.));
#4123=DIRECTION('',(-1.,0.,0.));
#4124=DIRECTION('',(0.,0.,-1.));
#4125=DIRECTION('',(-1.,0.,0.));
#4126=DIRECTION('',(0.,0.,-1.));
#4127=DIRECTION('',(-1.,0.,0.));
#4128=DIRECTION('',(0.,0.,-1.));
#4129=DIRECTION('',(-1.,0.,0.));
#4130=DIRECTION('',(0.,0.,-1.));
#4131=DIRECTION('',(-1.,0.,0.));
#4132=DIRECTION('',(0.,0.,-1.));
#4133=DIRECTION('',(-1.,0.,0.));
#4134=DIRECTION('',(0.,0.,-1.));
#4135=DIRECTION('',(-1.,0.,0.));
#4136=DIRECTION('',(0.,0.,-1.));
#4137=DIRECTION('',(-1.,0.,0.));
#4138=DIRECTION('',(0.,0.,-1.));
#4139=DIRECTION('',(-1.,0.,0.));
#4140=DIRECTION('',(0.,0.,-1.));
#4141=DIRECTION('',(-1.,0.,0.));
#4142=DIRECTION('',(0.,0.,-1.));
#4143=DIRECTION('',(-1.,0.,0.));
#4144=DIRECTION('',(0.,0.,-1.));
#4145=DIRECTION('',(-1.,0.,0.));
#4146=DIRECTION('',(0.,0.,-1.));
#4147=DIRECTION('',(-1.,0.,0.));
#4148=DIRECTION('',(0.,0.,-1.));
#4149=DIRECTION('',(-1.,0.,0.));
#4150=DIRECTION('',(0.,0.,-1.));
#4151=DIRECTION('',(-1.,0.,0.));
#4152=DIRECTION('',(0.,0.,-1.));
#4153=DIRECTION('',(-1.,0.,0.));
#4154=DIRECTION('',(0.,0.,-1.));
#4155=DIRECTION('',(-1.,0.,0.));
#4156=DIRECTION('',(0.,0.,-1.));
#4157=DIRECTION('',(-1.,0.,0.));
#4158=DIRECTION('',(0.,0.,-1.));
#4159=DIRECTION('',(-1.,0.,0.));
#4160=DIRECTION('',(0.,0.,-1.));
#4161=DIRECTION('',(-1.,0.,0.));
#4162=DIRECTION('',(0.,0.,-1.));
#4163=DIRECTION('',(-1.,0.,0.));
#4164=DIRECTION('',(0.,0.,-1.));
#4165=DIRECTION('',(-1.,0.,0.));
#4166=DIRECTION('',(0.,0.,-1.));
#4167=DIRECTION('',(-1.,0.,0.));
#4168=DIRECTION('',(0.,0.,-1.));
#4169=DIRECTION('',(-1.,0.,0.));
#4170=DIRECTION('',(0.,0.,-1.));
#4171=DIRECTION('',(-1.,0.,0.));
#4172=DIRECTION('',(0.,0.,-1.));
#4173=DIRECTION('',(-1.,0.,0.));
#4174=DIRECTION('',(0.,0.,-1.));
#4175=DIRECTION('',(-1.,0.,0.));
#4176=DIRECTION('',(0.,0.,-1.));
#4177=DIRECTION('',(-1.,0.,0.));
#4178=DIRECTION('',(0.,0.,-1.));
#4179=DIRECTION('',(-1.,0.,0.));
#4180=DIRECTION('',(0.,0.,-1.));
#4181=DIRECTION('',(-1.,0.,0.));
#4182=DIRECTION('',(0.,0.,-1.));
#4183=DIRECTION('',(-1.,0.,0.));
#4184=DIRECTION('',(0.,0.,-1.));
#4185=DIRECTION('',(-1.,0.,0.));
#4186=DIRECTION('',(0.,0.,-1.));
#4187=DIRECTION('',(-1.,0.,0.));
#4188=DIRECTION('',(0.,0.,-1.));
#4189=DIRECTION('',(-1.,0.,0.));
#4190=DIRECTION('',(0.,0.,-1.));
#4191=DIRECTION('',(-1.,0.,0.));
#4192=DIRECTION('',(0.,0.,-1.));
#4193=DIRECTION('',(-1.,0.,0.));
#4194=DIRECTION('',(0.,0.,-1.));
#4195=DIRECTION('',(-1.,0.,0.));
#4196=DIRECTION('',(0.,0.,-1.));
#4197=DIRECTION('',(-1.,0.,0.));
#4198=DIRECTION('',(0.,0.,-1.));
#4199=DIRECTION('',(-1.,0.,0.));
#4200=DIRECTION('',(0.,0.,-1.));
#4201=DIRECTION('',(-1.,0.,0.));
#4202=DIRECTION('',(0.,0.,-1.));
#4203=DIRECTION('',(-1.,0.,0.));
#4204=DIRECTION('',(0.,0.,-1.));
#4205=DIRECTION('',(-1.,0.,0.));
#4206=DIRECTION('',(0.,0.,-1.));
#4207=DIRECTION('',(-1.,0.,0.));
#4208=DIRECTION('',(0.,0.,-1.));
#4209=DIRECTION('',(-1.,0.,0.));
#4210=DIRECTION('',(0.,0.,-1.));
#4211=DIRECTION('',(-1.,0.,0.));
#4212=DIRECTION('',(0.,0.,-1.));
#4213=DIRECTION('',(-1.,0.,0.));
#4214=DIRECTION('',(0.,0.,-1.));
#4215=DIRECTION('',(-1.,0.,0.));
#4216=DIRECTION('',(0.,0.,-1.));
#4217=DIRECTION('',(-1.,0.,0.));
#4218=DIRECTION('',(0.,0.,-1.));
#4219=DIRECTION('',(-1.,0.,0.));
#4220=DIRECTION('',(0.,0.,-1.));
#4221=DIRECTION('',(-1.,0.,0.));
#4222=DIRECTION('',(0.,0.,-1.));
#4223=DIRECTION('',(-1.,0.,0.));
#4224=DIRECTION('',(0.,0.,-1.));
#4225=DIRECTION('',(-1.,0.,0.));
#4226=DIRECTION('',(0.,0.,-1.));
#4227=DIRECTION('',(-1.,0.,0.));
#4228=DIRECTION('',(0.,0.,-1.));
#4229=DIRECTION('',(-1.,0.,0.));
#4230=DIRECTION('',(0.,0.,-1.));
#4231=DIRECTION('',(-0.970941817426052,0.239315664287559,0.));
#4232=DIRECTION('',(0.,0.,-1.));
#4233=DIRECTION('',(0.,0.,-1.));
#4234=DIRECTION('',(0.,0.,-1.));
#4235=DIRECTION('',(-0.970941817426052,0.239315664287559,0.));
#4236=DIRECTION('',(0.,0.,-1.));
#4237=DIRECTION('',(-0.970941817426052,0.239315664287559,0.));
#4238=DIRECTION('',(0.,0.,-1.));
#4239=DIRECTION('',(0.,0.,-1.));
#4240=DIRECTION('',(-0.970941817426052,0.239315664287559,0.));
#4241=DIRECTION('',(0.,0.,-1.));
#4242=DIRECTION('',(0.,0.,-1.));
#4243=DIRECTION('',(-0.970941817426052,0.239315664287559,0.));
#4244=DIRECTION('',(0.,0.,-1.));
#4245=DIRECTION('',(-0.88545602565321,0.464723172043768,0.));
#4246=DIRECTION('',(0.,0.,-1.));
#4247=DIRECTION('',(0.,0.,-1.));
#4248=DIRECTION('',(0.,0.,-1.));
#4249=DIRECTION('',(-0.88545602565321,0.464723172043768,0.));
#4250=DIRECTION('',(0.,0.,-1.));
#4251=DIRECTION('',(-0.88545602565321,0.464723172043768,0.));
#4252=DIRECTION('',(0.,0.,-1.));
#4253=DIRECTION('',(0.,0.,-1.));
#4254=DIRECTION('',(-0.88545602565321,0.464723172043768,0.));
#4255=DIRECTION('',(0.,0.,-1.));
#4256=DIRECTION('',(0.,0.,-1.));
#4257=DIRECTION('',(-0.88545602565321,0.464723172043768,0.));
#4258=DIRECTION('',(0.,0.,-1.));
#4259=DIRECTION('',(-0.748510748171101,0.663122658240795,0.));
#4260=DIRECTION('',(0.,0.,-1.));
#4261=DIRECTION('',(0.,0.,-1.));
#4262=DIRECTION('',(0.,0.,-1.));
#4263=DIRECTION('',(-0.748510748171101,0.663122658240795,0.));
#4264=DIRECTION('',(0.,0.,-1.));
#4265=DIRECTION('',(-0.748510748171101,0.663122658240795,0.));
#4266=DIRECTION('',(0.,0.,-1.));
#4267=DIRECTION('',(0.,0.,-1.));
#4268=DIRECTION('',(-0.748510748171101,0.663122658240795,0.));
#4269=DIRECTION('',(0.,0.,-1.));
#4270=DIRECTION('',(0.,0.,-1.));
#4271=DIRECTION('',(-0.748510748171101,0.663122658240795,0.));
#4272=DIRECTION('',(0.,0.,-1.));
#4273=DIRECTION('',(-0.568064746731156,0.822983865893656,0.));
#4274=DIRECTION('',(0.,0.,-1.));
#4275=DIRECTION('',(0.,0.,-1.));
#4276=DIRECTION('',(0.,0.,-1.));
#4277=DIRECTION('',(-0.568064746731156,0.822983865893656,0.));
#4278=DIRECTION('',(0.,0.,-1.));
#4279=DIRECTION('',(-0.568064746731156,0.822983865893656,0.));
#4280=DIRECTION('',(0.,0.,-1.));
#4281=DIRECTION('',(0.,0.,-1.));
#4282=DIRECTION('',(-0.568064746731156,0.822983865893656,0.));
#4283=DIRECTION('',(0.,0.,-1.));
#4284=DIRECTION('',(0.,0.,-1.));
#4285=DIRECTION('',(-0.568064746731156,0.822983865893656,0.));
#4286=DIRECTION('',(0.,0.,-1.));
#4287=DIRECTION('',(-0.354604887042536,0.935016242685415,0.));
#4288=DIRECTION('',(0.,0.,-1.));
#4289=DIRECTION('',(0.,0.,-1.));
#4290=DIRECTION('',(0.,0.,-1.));
#4291=DIRECTION('',(-0.354604887042536,0.935016242685415,0.));
#4292=DIRECTION('',(0.,0.,-1.));
#4293=DIRECTION('',(-0.354604887042536,0.935016242685415,0.));
#4294=DIRECTION('',(0.,0.,-1.));
#4295=DIRECTION('',(0.,0.,-1.));
#4296=DIRECTION('',(-0.354604887042536,0.935016242685415,0.));
#4297=DIRECTION('',(0.,0.,-1.));
#4298=DIRECTION('',(0.,0.,-1.));
#4299=DIRECTION('',(-0.354604887042536,0.935016242685415,0.));
#4300=DIRECTION('',(0.,0.,-1.));
#4301=DIRECTION('',(-0.120536680255323,0.992708874098054,0.));
#4302=DIRECTION('',(0.,0.,-1.));
#4303=DIRECTION('',(0.,0.,-1.));
#4304=DIRECTION('',(0.,0.,-1.));
#4305=DIRECTION('',(-0.120536680255323,0.992708874098054,0.));
#4306=DIRECTION('',(0.,0.,-1.));
#4307=DIRECTION('',(-0.120536680255323,0.992708874098054,0.));
#4308=DIRECTION('',(0.,0.,-1.));
#4309=DIRECTION('',(0.,0.,-1.));
#4310=DIRECTION('',(-0.120536680255323,0.992708874098054,0.));
#4311=DIRECTION('',(0.,0.,-1.));
#4312=DIRECTION('',(0.,0.,-1.));
#4313=DIRECTION('',(-0.120536680255323,0.992708874098054,0.));
#4314=DIRECTION('',(0.,0.,-1.));
#4315=DIRECTION('',(0.120536680255322,0.992708874098054,0.));
#4316=DIRECTION('',(0.,0.,-1.));
#4317=DIRECTION('',(0.,0.,-1.));
#4318=DIRECTION('',(0.,0.,-1.));
#4319=DIRECTION('',(0.120536680255322,0.992708874098054,0.));
#4320=DIRECTION('',(0.,0.,-1.));
#4321=DIRECTION('',(0.120536680255322,0.992708874098054,0.));
#4322=DIRECTION('',(0.,0.,-1.));
#4323=DIRECTION('',(0.,0.,-1.));
#4324=DIRECTION('',(0.120536680255322,0.992708874098054,0.));
#4325=DIRECTION('',(0.,0.,-1.));
#4326=DIRECTION('',(0.,0.,-1.));
#4327=DIRECTION('',(0.120536680255322,0.992708874098054,0.));
#4328=DIRECTION('',(0.,0.,-1.));
#4329=DIRECTION('',(0.354604887042535,0.935016242685415,0.));
#4330=DIRECTION('',(0.,0.,-1.));
#4331=DIRECTION('',(0.,0.,-1.));
#4332=DIRECTION('',(0.,0.,-1.));
#4333=DIRECTION('',(0.354604887042535,0.935016242685415,0.));
#4334=DIRECTION('',(0.,0.,-1.));
#4335=DIRECTION('',(0.354604887042535,0.935016242685415,0.));
#4336=DIRECTION('',(0.,0.,-1.));
#4337=DIRECTION('',(0.,0.,-1.));
#4338=DIRECTION('',(0.354604887042535,0.935016242685415,0.));
#4339=DIRECTION('',(0.,0.,-1.));
#4340=DIRECTION('',(0.,0.,-1.));
#4341=DIRECTION('',(0.354604887042535,0.935016242685415,0.));
#4342=DIRECTION('',(0.,0.,-1.));
#4343=DIRECTION('',(0.568064746731156,0.822983865893657,0.));
#4344=DIRECTION('',(0.,0.,-1.));
#4345=DIRECTION('',(0.,0.,-1.));
#4346=DIRECTION('',(0.,0.,-1.));
#4347=DIRECTION('',(0.568064746731156,0.822983865893657,0.));
#4348=DIRECTION('',(0.,0.,-1.));
#4349=DIRECTION('',(0.568064746731156,0.822983865893657,0.));
#4350=DIRECTION('',(0.,0.,-1.));
#4351=DIRECTION('',(0.,0.,-1.));
#4352=DIRECTION('',(0.568064746731156,0.822983865893657,0.));
#4353=DIRECTION('',(0.,0.,-1.));
#4354=DIRECTION('',(0.,0.,-1.));
#4355=DIRECTION('',(0.568064746731156,0.822983865893657,0.));
#4356=DIRECTION('',(0.,0.,-1.));
#4357=DIRECTION('',(0.748510748171101,0.663122658240795,0.));
#4358=DIRECTION('',(0.,0.,-1.));
#4359=DIRECTION('',(0.,0.,-1.));
#4360=DIRECTION('',(0.,0.,-1.));
#4361=DIRECTION('',(0.748510748171101,0.663122658240795,0.));
#4362=DIRECTION('',(0.,0.,-1.));
#4363=DIRECTION('',(0.748510748171101,0.663122658240795,0.));
#4364=DIRECTION('',(0.,0.,-1.));
#4365=DIRECTION('',(0.,0.,-1.));
#4366=DIRECTION('',(0.748510748171101,0.663122658240795,0.));
#4367=DIRECTION('',(0.,0.,-1.));
#4368=DIRECTION('',(0.,0.,-1.));
#4369=DIRECTION('',(0.748510748171101,0.663122658240795,0.));
#4370=DIRECTION('',(0.,0.,-1.));
#4371=DIRECTION('',(0.88545602565321,0.464723172043768,0.));
#4372=DIRECTION('',(0.,0.,-1.));
#4373=DIRECTION('',(0.,0.,-1.));
#4374=DIRECTION('',(0.,0.,-1.));
#4375=DIRECTION('',(0.88545602565321,0.464723172043768,0.));
#4376=DIRECTION('',(0.,0.,-1.));
#4377=DIRECTION('',(0.88545602565321,0.464723172043768,0.));
#4378=DIRECTION('',(0.,0.,-1.));
#4379=DIRECTION('',(0.,0.,-1.));
#4380=DIRECTION('',(0.88545602565321,0.464723172043768,0.));
#4381=DIRECTION('',(0.,0.,-1.));
#4382=DIRECTION('',(0.,0.,-1.));
#4383=DIRECTION('',(0.88545602565321,0.464723172043768,0.));
#4384=DIRECTION('',(0.,0.,-1.));
#4385=DIRECTION('',(0.970941817426052,0.239315664287557,0.));
#4386=DIRECTION('',(0.,0.,-1.));
#4387=DIRECTION('',(0.,0.,-1.));
#4388=DIRECTION('',(0.,0.,-1.));
#4389=DIRECTION('',(0.970941817426052,0.239315664287557,0.));
#4390=DIRECTION('',(0.,0.,-1.));
#4391=DIRECTION('',(0.970941817426052,0.239315664287557,0.));
#4392=DIRECTION('',(0.,0.,-1.));
#4393=DIRECTION('',(0.,0.,-1.));
#4394=DIRECTION('',(0.970941817426052,0.239315664287557,0.));
#4395=DIRECTION('',(0.,0.,-1.));
#4396=DIRECTION('',(0.,0.,-1.));
#4397=DIRECTION('',(0.970941817426052,0.239315664287557,0.));
#4398=DIRECTION('',(0.,0.,-1.));
#4399=DIRECTION('',(1.,2.4980018054066E-16,0.));
#4400=DIRECTION('',(0.,0.,-1.));
#4401=DIRECTION('',(0.,0.,-1.));
#4402=DIRECTION('',(0.,0.,-1.));
#4403=DIRECTION('',(1.,2.4980018054066E-16,0.));
#4404=DIRECTION('',(0.,0.,-1.));
#4405=DIRECTION('',(1.,2.4980018054066E-16,0.));
#4406=DIRECTION('',(0.,0.,-1.));
#4407=DIRECTION('',(0.,0.,-1.));
#4408=DIRECTION('',(1.,2.4980018054066E-16,0.));
#4409=DIRECTION('',(0.,0.,-1.));
#4410=DIRECTION('',(0.,0.,-1.));
#4411=DIRECTION('',(1.,2.4980018054066E-16,0.));
#4412=DIRECTION('',(0.,0.,-1.));
#4413=DIRECTION('',(0.970941817426052,-0.239315664287557,0.));
#4414=DIRECTION('',(0.,0.,-1.));
#4415=DIRECTION('',(0.,0.,-1.));
#4416=DIRECTION('',(0.,0.,-1.));
#4417=DIRECTION('',(0.970941817426052,-0.239315664287557,0.));
#4418=DIRECTION('',(0.,0.,-1.));
#4419=DIRECTION('',(0.970941817426052,-0.239315664287557,0.));
#4420=DIRECTION('',(0.,0.,-1.));
#4421=DIRECTION('',(0.,0.,-1.));
#4422=DIRECTION('',(0.970941817426052,-0.239315664287557,0.));
#4423=DIRECTION('',(0.,0.,-1.));
#4424=DIRECTION('',(0.,0.,-1.));
#4425=DIRECTION('',(0.970941817426052,-0.239315664287557,0.));
#4426=DIRECTION('',(0.,0.,-1.));
#4427=DIRECTION('',(0.88545602565321,-0.464723172043768,0.));
#4428=DIRECTION('',(0.,0.,-1.));
#4429=DIRECTION('',(0.,0.,-1.));
#4430=DIRECTION('',(0.,0.,-1.));
#4431=DIRECTION('',(0.88545602565321,-0.464723172043768,0.));
#4432=DIRECTION('',(0.,0.,-1.));
#4433=DIRECTION('',(0.88545602565321,-0.464723172043768,0.));
#4434=DIRECTION('',(0.,0.,-1.));
#4435=DIRECTION('',(0.,0.,-1.));
#4436=DIRECTION('',(0.88545602565321,-0.464723172043768,0.));
#4437=DIRECTION('',(0.,0.,-1.));
#4438=DIRECTION('',(0.,0.,-1.));
#4439=DIRECTION('',(0.88545602565321,-0.464723172043768,0.));
#4440=DIRECTION('',(0.,0.,-1.));
#4441=DIRECTION('',(0.748510748171101,-0.663122658240795,0.));
#4442=DIRECTION('',(0.,0.,-1.));
#4443=DIRECTION('',(0.,0.,-1.));
#4444=DIRECTION('',(0.,0.,-1.));
#4445=DIRECTION('',(0.748510748171101,-0.663122658240795,0.));
#4446=DIRECTION('',(0.,0.,-1.));
#4447=DIRECTION('',(0.748510748171101,-0.663122658240795,0.));
#4448=DIRECTION('',(0.,0.,-1.));
#4449=DIRECTION('',(0.,0.,-1.));
#4450=DIRECTION('',(0.748510748171101,-0.663122658240795,0.));
#4451=DIRECTION('',(0.,0.,-1.));
#4452=DIRECTION('',(0.,0.,-1.));
#4453=DIRECTION('',(0.748510748171101,-0.663122658240795,0.));
#4454=DIRECTION('',(0.,0.,-1.));
#4455=DIRECTION('',(0.568064746731157,-0.822983865893655,0.));
#4456=DIRECTION('',(0.,0.,-1.));
#4457=DIRECTION('',(0.,0.,-1.));
#4458=DIRECTION('',(0.,0.,-1.));
#4459=DIRECTION('',(0.568064746731157,-0.822983865893655,0.));
#4460=DIRECTION('',(0.,0.,-1.));
#4461=DIRECTION('',(0.568064746731157,-0.822983865893655,0.));
#4462=DIRECTION('',(0.,0.,-1.));
#4463=DIRECTION('',(0.,0.,-1.));
#4464=DIRECTION('',(0.568064746731157,-0.822983865893655,0.));
#4465=DIRECTION('',(0.,0.,-1.));
#4466=DIRECTION('',(0.,0.,-1.));
#4467=DIRECTION('',(0.568064746731157,-0.822983865893655,0.));
#4468=DIRECTION('',(0.,0.,-1.));
#4469=DIRECTION('',(0.354604887042536,-0.935016242685415,0.));
#4470=DIRECTION('',(0.,0.,-1.));
#4471=DIRECTION('',(0.,0.,-1.));
#4472=DIRECTION('',(0.,0.,-1.));
#4473=DIRECTION('',(0.354604887042536,-0.935016242685415,0.));
#4474=DIRECTION('',(0.,0.,-1.));
#4475=DIRECTION('',(0.354604887042536,-0.935016242685415,0.));
#4476=DIRECTION('',(0.,0.,-1.));
#4477=DIRECTION('',(0.,0.,-1.));
#4478=DIRECTION('',(0.354604887042536,-0.935016242685415,0.));
#4479=DIRECTION('',(0.,0.,-1.));
#4480=DIRECTION('',(0.,0.,-1.));
#4481=DIRECTION('',(0.354604887042536,-0.935016242685415,0.));
#4482=DIRECTION('',(0.,0.,-1.));
#4483=DIRECTION('',(0.120536680255323,-0.992708874098054,0.));
#4484=DIRECTION('',(0.,0.,-1.));
#4485=DIRECTION('',(0.,0.,-1.));
#4486=DIRECTION('',(0.,0.,-1.));
#4487=DIRECTION('',(0.120536680255323,-0.992708874098054,0.));
#4488=DIRECTION('',(0.,0.,-1.));
#4489=DIRECTION('',(0.120536680255323,-0.992708874098054,0.));
#4490=DIRECTION('',(0.,0.,-1.));
#4491=DIRECTION('',(0.,0.,-1.));
#4492=DIRECTION('',(0.120536680255323,-0.992708874098054,0.));
#4493=DIRECTION('',(0.,0.,-1.));
#4494=DIRECTION('',(0.,0.,-1.));
#4495=DIRECTION('',(0.120536680255323,-0.992708874098054,0.));
#4496=DIRECTION('',(0.,0.,-1.));
#4497=DIRECTION('',(-0.120536680255323,-0.992708874098054,0.));
#4498=DIRECTION('',(0.,0.,-1.));
#4499=DIRECTION('',(0.,0.,-1.));
#4500=DIRECTION('',(0.,0.,-1.));
#4501=DIRECTION('',(-0.120536680255323,-0.992708874098054,0.));
#4502=DIRECTION('',(0.,0.,-1.));
#4503=DIRECTION('',(-0.120536680255323,-0.992708874098054,0.));
#4504=DIRECTION('',(0.,0.,-1.));
#4505=DIRECTION('',(0.,0.,-1.));
#4506=DIRECTION('',(-0.120536680255323,-0.992708874098054,0.));
#4507=DIRECTION('',(0.,0.,-1.));
#4508=DIRECTION('',(0.,0.,-1.));
#4509=DIRECTION('',(-0.120536680255323,-0.992708874098054,0.));
#4510=DIRECTION('',(0.,0.,-1.));
#4511=DIRECTION('',(-0.354604887042535,-0.935016242685415,0.));
#4512=DIRECTION('',(0.,0.,-1.));
#4513=DIRECTION('',(0.,0.,-1.));
#4514=DIRECTION('',(0.,0.,-1.));
#4515=DIRECTION('',(-0.354604887042535,-0.935016242685415,0.));
#4516=DIRECTION('',(0.,0.,-1.));
#4517=DIRECTION('',(-0.354604887042535,-0.935016242685415,0.));
#4518=DIRECTION('',(0.,0.,-1.));
#4519=DIRECTION('',(0.,0.,-1.));
#4520=DIRECTION('',(-0.354604887042535,-0.935016242685415,0.));
#4521=DIRECTION('',(0.,0.,-1.));
#4522=DIRECTION('',(0.,0.,-1.));
#4523=DIRECTION('',(-0.354604887042535,-0.935016242685415,0.));
#4524=DIRECTION('',(0.,0.,-1.));
#4525=DIRECTION('',(-0.568064746731156,-0.822983865893656,0.));
#4526=DIRECTION('',(0.,0.,-1.));
#4527=DIRECTION('',(0.,0.,-1.));
#4528=DIRECTION('',(0.,0.,-1.));
#4529=DIRECTION('',(-0.568064746731156,-0.822983865893656,0.));
#4530=DIRECTION('',(0.,0.,-1.));
#4531=DIRECTION('',(-0.568064746731156,-0.822983865893656,0.));
#4532=DIRECTION('',(0.,0.,-1.));
#4533=DIRECTION('',(0.,0.,-1.));
#4534=DIRECTION('',(-0.568064746731156,-0.822983865893656,0.));
#4535=DIRECTION('',(0.,0.,-1.));
#4536=DIRECTION('',(0.,0.,-1.));
#4537=DIRECTION('',(-0.568064746731156,-0.822983865893656,0.));
#4538=DIRECTION('',(0.,0.,-1.));
#4539=DIRECTION('',(-0.748510748171101,-0.663122658240796,0.));
#4540=DIRECTION('',(0.,0.,-1.));
#4541=DIRECTION('',(0.,0.,-1.));
#4542=DIRECTION('',(0.,0.,-1.));
#4543=DIRECTION('',(-0.748510748171101,-0.663122658240796,0.));
#4544=DIRECTION('',(0.,0.,-1.));
#4545=DIRECTION('',(-0.748510748171101,-0.663122658240796,0.));
#4546=DIRECTION('',(0.,0.,-1.));
#4547=DIRECTION('',(0.,0.,-1.));
#4548=DIRECTION('',(-0.748510748171101,-0.663122658240796,0.));
#4549=DIRECTION('',(0.,0.,-1.));
#4550=DIRECTION('',(0.,0.,-1.));
#4551=DIRECTION('',(-0.748510748171101,-0.663122658240796,0.));
#4552=DIRECTION('',(0.,0.,-1.));
#4553=DIRECTION('',(-0.88545602565321,-0.464723172043769,0.));
#4554=DIRECTION('',(0.,0.,-1.));
#4555=DIRECTION('',(0.,0.,-1.));
#4556=DIRECTION('',(0.,0.,-1.));
#4557=DIRECTION('',(-0.88545602565321,-0.464723172043769,0.));
#4558=DIRECTION('',(0.,0.,-1.));
#4559=DIRECTION('',(-0.88545602565321,-0.464723172043769,0.));
#4560=DIRECTION('',(0.,0.,-1.));
#4561=DIRECTION('',(0.,0.,-1.));
#4562=DIRECTION('',(-0.88545602565321,-0.464723172043769,0.));
#4563=DIRECTION('',(0.,0.,-1.));
#4564=DIRECTION('',(0.,0.,-1.));
#4565=DIRECTION('',(-0.88545602565321,-0.464723172043769,0.));
#4566=DIRECTION('',(0.,0.,-1.));
#4567=DIRECTION('',(-0.970941817426052,-0.239315664287557,0.));
#4568=DIRECTION('',(0.,0.,-1.));
#4569=DIRECTION('',(0.,0.,-1.));
#4570=DIRECTION('',(0.,0.,-1.));
#4571=DIRECTION('',(-0.970941817426052,-0.239315664287557,0.));
#4572=DIRECTION('',(0.,0.,-1.));
#4573=DIRECTION('',(-0.970941817426052,-0.239315664287557,0.));
#4574=DIRECTION('',(0.,0.,-1.));
#4575=DIRECTION('',(0.,0.,-1.));
#4576=DIRECTION('',(-0.970941817426052,-0.239315664287557,0.));
#4577=DIRECTION('',(0.,0.,-1.));
#4578=DIRECTION('',(0.,0.,-1.));
#4579=DIRECTION('',(-0.970941817426052,-0.239315664287557,0.));
#4580=DIRECTION('',(0.,0.,-1.));
#4581=DIRECTION('',(-1.,0.,0.));
#4582=DIRECTION('',(0.,0.,-1.));
#4583=DIRECTION('',(0.,0.,-1.));
#4584=DIRECTION('',(0.,0.,-1.));
#4585=DIRECTION('',(-1.,0.,0.));
#4586=DIRECTION('',(0.,0.,-1.));
#4587=DIRECTION('',(-1.,0.,0.));
#4588=DIRECTION('',(0.,0.,-1.));
#4589=DIRECTION('',(0.,0.,-1.));
#4590=DIRECTION('',(-1.,0.,0.));
#4591=DIRECTION('',(0.,0.,-1.));
#4592=DIRECTION('',(0.,0.,-1.));
#4593=DIRECTION('',(-1.,0.,0.));
#4594=CARTESIAN_POINT('',(0.,0.,0.));
#4595=CARTESIAN_POINT('',(1.73978135274442E-17,3.98986399474665E-16,0.005));
#4596=CARTESIAN_POINT('',(-0.0063699817412746,0.0187158187402295,0.005));
#4597=CARTESIAN_POINT('',(-0.00636998174127486,0.0187158187402296,0.005));
#4598=CARTESIAN_POINT('',(-0.00636998174127486,0.0187158187402296,0.));
#4599=CARTESIAN_POINT('',(1.73978135274442E-17,3.98986399474665E-16,0.005));
#4600=CARTESIAN_POINT('',(-0.00764288367517604,0.0182330707131036,0.005));
#4601=CARTESIAN_POINT('',(-0.00764288367517626,0.0182330707131035,0.005));
#4602=CARTESIAN_POINT('',(-0.00764288367517604,0.0182330707131036,0.));
#4603=CARTESIAN_POINT('',(1.73978135274442E-17,3.98986399474665E-16,0.));
#4604=CARTESIAN_POINT('',(1.73978135274442E-17,3.98986399474665E-16,0.005));
#4605=CARTESIAN_POINT('',(-0.0106638702433475,0.0166475346503422,0.005));
#4606=CARTESIAN_POINT('',(-0.0106638702433478,0.0166475346503422,0.005));
#4607=CARTESIAN_POINT('',(-0.0106638702433478,0.0166475346503422,0.));
#4608=CARTESIAN_POINT('',(1.73978135274442E-17,3.98986399474665E-16,0.005));
#4609=CARTESIAN_POINT('',(-0.0117842547956597,0.0158741890316412,0.005));
#4610=CARTESIAN_POINT('',(-0.0117842547956599,0.0158741890316411,0.005));
#4611=CARTESIAN_POINT('',(-0.0117842547956597,0.0158741890316412,0.));
#4612=CARTESIAN_POINT('',(1.73978135274442E-17,3.98986399474665E-16,0.));
#4613=CARTESIAN_POINT('',(1.73978135274442E-17,3.98986399474665E-16,0.005));
#4614=CARTESIAN_POINT('',(-0.0143380133684682,0.0136117563579033,0.005));
#4615=CARTESIAN_POINT('',(-0.0143380133684684,0.0136117563579033,0.005));
#4616=CARTESIAN_POINT('',(-0.0143380133684684,0.0136117563579033,0.));
#4617=CARTESIAN_POINT('',(1.73978135274442E-17,3.98986399474665E-16,0.005));
#4618=CARTESIAN_POINT('',(-0.015240767861443,0.0125927571839892,0.005));
#4619=CARTESIAN_POINT('',(-0.0152407678614431,0.0125927571839891,0.005));
#4620=CARTESIAN_POINT('',(-0.015240767861443,0.0125927571839892,0.));
#4621=CARTESIAN_POINT('',(1.73978135274442E-17,3.98986399474665E-16,0.));
#4622=CARTESIAN_POINT('',(1.73978135274442E-17,3.98986399474665E-16,0.005));
#4623=CARTESIAN_POINT('',(-0.0171788832731716,0.00978491226266446,0.005));
#4624=CARTESIAN_POINT('',(-0.0171788832731718,0.0097849122626644,0.005));
#4625=CARTESIAN_POINT('',(-0.0171788832731718,0.0097849122626644,0.));
#4626=CARTESIAN_POINT('',(1.73978135274442E-17,3.98986399474665E-16,0.005));
#4627=CARTESIAN_POINT('',(-0.0178115428970563,0.00857948006161366,0.005));
#4628=CARTESIAN_POINT('',(-0.0178115428970563,0.00857948006161357,0.005));
#4629=CARTESIAN_POINT('',(-0.0178115428970563,0.00857948006161366,0.));
#4630=CARTESIAN_POINT('',(1.73978135274442E-17,3.98986399474665E-16,0.));
#4631=CARTESIAN_POINT('',(1.73978135274442E-17,3.98986399474665E-16,0.005));
#4632=CARTESIAN_POINT('',(-0.0190213789247382,0.00538940463342845,0.005));
#4633=CARTESIAN_POINT('',(-0.0190213789247383,0.0053894046334284,0.005));
#4634=CARTESIAN_POINT('',(-0.0190213789247383,0.0053894046334284,0.));
#4635=CARTESIAN_POINT('',(1.73978135274442E-17,3.98986399474665E-16,0.005));
#4636=CARTESIAN_POINT('',(-0.0193471758018168,0.00406759474319834,0.005));
#4637=CARTESIAN_POINT('',(-0.0193471758018168,0.00406759474319831,0.005));
#4638=CARTESIAN_POINT('',(-0.0193471758018168,0.00406759474319834,0.));
#4639=CARTESIAN_POINT('',(1.73978135274442E-17,3.98986399474665E-16,0.));
#4640=CARTESIAN_POINT('',(1.73978135274442E-17,3.98986399474665E-16,0.005));
#4641=CARTESIAN_POINT('',(-0.0197584211730983,0.000680684396586323,0.005));
#4642=CARTESIAN_POINT('',(-0.0197584211730983,0.000680684396586314,0.005));
#4643=CARTESIAN_POINT('',(-0.0197584211730983,0.000680684396586314,0.));
#4644=CARTESIAN_POINT('',(1.73978135274442E-17,3.98986399474665E-16,0.005));
#4645=CARTESIAN_POINT('',(-0.0197584211730983,-0.00068068439658633,0.005));
#4646=CARTESIAN_POINT('',(-0.0197584211730983,-0.000680684396586321,0.005));
#4647=CARTESIAN_POINT('',(-0.0197584211730983,-0.00068068439658633,0.));
#4648=CARTESIAN_POINT('',(1.73978135274442E-17,3.98986399474665E-16,0.));
#4649=CARTESIAN_POINT('',(1.73978135274442E-17,3.98986399474665E-16,0.005));
#4650=CARTESIAN_POINT('',(-0.0193471758018167,-0.00406759474319829,0.005));
#4651=CARTESIAN_POINT('',(-0.0193471758018167,-0.00406759474319821,0.005));
#4652=CARTESIAN_POINT('',(-0.0193471758018167,-0.00406759474319821,0.));
#4653=CARTESIAN_POINT('',(1.73978135274442E-17,3.98986399474665E-16,0.005));
#4654=CARTESIAN_POINT('',(-0.0190213789247381,-0.00538940463342851,0.005));
#4655=CARTESIAN_POINT('',(-0.0190213789247381,-0.00538940463342845,0.005));
#4656=CARTESIAN_POINT('',(-0.0190213789247381,-0.00538940463342851,0.));
#4657=CARTESIAN_POINT('',(1.73978135274442E-17,3.98986399474665E-16,0.));
#4658=CARTESIAN_POINT('',(1.73978135274442E-17,3.98986399474665E-16,0.005));
#4659=CARTESIAN_POINT('',(-0.0178115428970562,-0.00857948006161355,0.005));
#4660=CARTESIAN_POINT('',(-0.0178115428970562,-0.00857948006161339,0.005));
#4661=CARTESIAN_POINT('',(-0.0178115428970562,-0.00857948006161339,0.));
#4662=CARTESIAN_POINT('',(1.73978135274442E-17,3.98986399474665E-16,0.005));
#4663=CARTESIAN_POINT('',(-0.0171788832731713,-0.0097849122626645,0.005));
#4664=CARTESIAN_POINT('',(-0.0171788832731714,-0.0097849122626644,0.005));
#4665=CARTESIAN_POINT('',(-0.0171788832731713,-0.0097849122626645,0.));
#4666=CARTESIAN_POINT('',(1.73978135274442E-17,3.98986399474665E-16,0.));
#4667=CARTESIAN_POINT('',(1.73978135274442E-17,3.98986399474665E-16,0.005));
#4668=CARTESIAN_POINT('',(-0.0152407678614429,-0.012592757183989,0.005));
#4669=CARTESIAN_POINT('',(-0.0152407678614429,-0.0125927571839888,0.005));
#4670=CARTESIAN_POINT('',(-0.0152407678614429,-0.0125927571839888,0.));
#4671=CARTESIAN_POINT('',(1.73978135274442E-17,3.98986399474665E-16,0.005));
#4672=CARTESIAN_POINT('',(-0.0143380133684678,-0.0136117563579033,0.005));
#4673=CARTESIAN_POINT('',(-0.014338013368468,-0.0136117563579032,0.005));
#4674=CARTESIAN_POINT('',(-0.0143380133684678,-0.0136117563579033,0.));
#4675=CARTESIAN_POINT('',(1.73978135274442E-17,3.98986399474665E-16,0.));
#4676=CARTESIAN_POINT('',(1.73978135274442E-17,3.98986399474665E-16,0.005));
#4677=CARTESIAN_POINT('',(-0.0117842547956597,-0.0158741890316409,0.005));
#4678=CARTESIAN_POINT('',(-0.0117842547956598,-0.0158741890316406,0.005));
#4679=CARTESIAN_POINT('',(-0.0117842547956598,-0.0158741890316406,0.));
#4680=CARTESIAN_POINT('',(1.73978135274442E-17,3.98986399474665E-16,0.005));
#4681=CARTESIAN_POINT('',(-0.0106638702433471,-0.016647534650342,0.005));
#4682=CARTESIAN_POINT('',(-0.0106638702433473,-0.0166475346503419,0.005));
#4683=CARTESIAN_POINT('',(-0.0106638702433471,-0.016647534650342,0.));
#4684=CARTESIAN_POINT('',(1.73978135274442E-17,3.98986399474665E-16,0.));
#4685=CARTESIAN_POINT('',(1.73978135274442E-17,3.98986399474665E-16,0.005));
#4686=CARTESIAN_POINT('',(-0.00764288367517613,-0.0182330707131033,0.005));
#4687=CARTESIAN_POINT('',(-0.00764288367517627,-0.0182330707131029,0.005));
#4688=CARTESIAN_POINT('',(-0.00764288367517627,-0.0182330707131029,0.));
#4689=CARTESIAN_POINT('',(1.73978135274442E-17,3.98986399474665E-16,0.005));
#4690=CARTESIAN_POINT('',(-0.00636998174127425,-0.0187158187402292,0.005));
#4691=CARTESIAN_POINT('',(-0.0063699817412745,-0.0187158187402291,0.005));
#4692=CARTESIAN_POINT('',(-0.00636998174127425,-0.0187158187402292,0.));
#4693=CARTESIAN_POINT('',(1.73978135274442E-17,3.98986399474665E-16,0.));
#4694=CARTESIAN_POINT('',(1.73978135274442E-17,3.98986399474665E-16,0.005));
#4695=CARTESIAN_POINT('',(-0.00305733593624307,-0.0195323125992354,0.005));
#4696=CARTESIAN_POINT('',(-0.00305733593624324,-0.0195323125992352,0.005));
#4697=CARTESIAN_POINT('',(-0.00305733593624324,-0.0195323125992352,0.));
#4698=CARTESIAN_POINT('',(1.73978135274442E-17,3.98986399474665E-16,0.005));
#4699=CARTESIAN_POINT('',(-0.00170589305434015,-0.0196964074741673,0.005));
#4700=CARTESIAN_POINT('',(-0.00170589305434038,-0.0196964074741673,0.005));
#4701=CARTESIAN_POINT('',(-0.00170589305434015,-0.0196964074741673,0.));
#4702=CARTESIAN_POINT('',(1.73978135274442E-17,3.98986399474665E-16,0.));
#4703=CARTESIAN_POINT('',(1.73978135274442E-17,3.98986399474665E-16,0.005));
#4704=CARTESIAN_POINT('',(0.00170589305434044,-0.0196964074741677,0.005));
#4705=CARTESIAN_POINT('',(0.00170589305434018,-0.0196964074741675,0.005));
#4706=CARTESIAN_POINT('',(0.00170589305434018,-0.0196964074741675,0.));
#4707=CARTESIAN_POINT('',(1.73978135274442E-17,3.98986399474665E-16,0.005));
#4708=CARTESIAN_POINT('',(0.00305733593624322,-0.0195323125992351,0.005));
#4709=CARTESIAN_POINT('',(0.00305733593624303,-0.0195323125992351,0.005));
#4710=CARTESIAN_POINT('',(0.00305733593624322,-0.0195323125992351,0.));
#4711=CARTESIAN_POINT('',(1.73978135274442E-17,3.98986399474665E-16,0.));
#4712=CARTESIAN_POINT('',(1.73978135274442E-17,3.98986399474665E-16,0.005));
#4713=CARTESIAN_POINT('',(0.00636998174127459,-0.0187158187402295,0.005));
#4714=CARTESIAN_POINT('',(0.0063699817412743,-0.0187158187402294,0.005));
#4715=CARTESIAN_POINT('',(0.0063699817412743,-0.0187158187402294,0.));
#4716=CARTESIAN_POINT('',(1.73978135274442E-17,3.98986399474665E-16,0.005));
#4717=CARTESIAN_POINT('',(0.0076428836751762,-0.0182330707131028,0.005));
#4718=CARTESIAN_POINT('',(0.00764288367517597,-0.0182330707131029,0.005));
#4719=CARTESIAN_POINT('',(0.0076428836751762,-0.0182330707131028,0.));
#4720=CARTESIAN_POINT('',(1.73978135274442E-17,3.98986399474665E-16,0.));
#4721=CARTESIAN_POINT('',(1.73978135274442E-17,3.98986399474665E-16,0.005));
#4722=CARTESIAN_POINT('',(0.0106638702433475,-0.0166475346503422,0.005));
#4723=CARTESIAN_POINT('',(0.0106638702433472,-0.0166475346503422,0.005));
#4724=CARTESIAN_POINT('',(0.0106638702433472,-0.0166475346503422,0.));
#4725=CARTESIAN_POINT('',(1.73978135274442E-17,3.98986399474665E-16,0.005));
#4726=CARTESIAN_POINT('',(0.0117842547956597,-0.0158741890316405,0.005));
#4727=CARTESIAN_POINT('',(0.0117842547956595,-0.0158741890316406,0.005));
#4728=CARTESIAN_POINT('',(0.0117842547956597,-0.0158741890316405,0.));
#4729=CARTESIAN_POINT('',(1.73978135274442E-17,3.98986399474665E-16,0.));
#4730=CARTESIAN_POINT('',(1.73978135274442E-17,3.98986399474665E-16,0.005));
#4731=CARTESIAN_POINT('',(0.0143380133684682,-0.0136117563579033,0.005));
#4732=CARTESIAN_POINT('',(0.014338013368468,-0.0136117563579034,0.005));
#4733=CARTESIAN_POINT('',(0.014338013368468,-0.0136117563579034,0.));
#4734=CARTESIAN_POINT('',(1.73978135274442E-17,3.98986399474665E-16,0.005));
#4735=CARTESIAN_POINT('',(0.0152407678614428,-0.0125927571839887,0.005));
#4736=CARTESIAN_POINT('',(0.0152407678614428,-0.0125927571839888,0.005));
#4737=CARTESIAN_POINT('',(0.0152407678614428,-0.0125927571839887,0.));
#4738=CARTESIAN_POINT('',(1.73978135274442E-17,3.98986399474665E-16,0.));
#4739=CARTESIAN_POINT('',(1.73978135274442E-17,3.98986399474665E-16,0.005));
#4740=CARTESIAN_POINT('',(0.0171788832731716,-0.00978491226266445,0.005));
#4741=CARTESIAN_POINT('',(0.0171788832731714,-0.0097849122626645,0.005));
#4742=CARTESIAN_POINT('',(0.0171788832731714,-0.0097849122626645,0.));
#4743=CARTESIAN_POINT('',(1.73978135274442E-17,3.98986399474665E-16,0.005));
#4744=CARTESIAN_POINT('',(0.0178115428970561,-0.00857948006161336,0.005));
#4745=CARTESIAN_POINT('',(0.0178115428970561,-0.00857948006161344,0.005));
#4746=CARTESIAN_POINT('',(0.0178115428970561,-0.00857948006161336,0.));
#4747=CARTESIAN_POINT('',(1.73978135274442E-17,3.98986399474665E-16,0.));
#4748=CARTESIAN_POINT('',(1.73978135274442E-17,3.98986399474665E-16,0.005));
#4749=CARTESIAN_POINT('',(0.0190213789247382,-0.00538940463342846,0.005));
#4750=CARTESIAN_POINT('',(0.0190213789247381,-0.00538940463342849,0.005));
#4751=CARTESIAN_POINT('',(0.0190213789247381,-0.00538940463342849,0.));
#4752=CARTESIAN_POINT('',(1.73978135274442E-17,3.98986399474665E-16,0.005));
#4753=CARTESIAN_POINT('',(0.0193471758018167,-0.00406759474319822,0.005));
#4754=CARTESIAN_POINT('',(0.0193471758018167,-0.00406759474319826,0.005));
#4755=CARTESIAN_POINT('',(0.0193471758018167,-0.00406759474319822,0.));
#4756=CARTESIAN_POINT('',(1.73978135274442E-17,3.98986399474665E-16,0.));
#4757=CARTESIAN_POINT('',(1.73978135274442E-17,3.98986399474665E-16,0.005));
#4758=CARTESIAN_POINT('',(0.0197584211730983,-0.000680684396586306,0.005));
#4759=CARTESIAN_POINT('',(0.0197584211730983,-0.000680684396586296,0.005));
#4760=CARTESIAN_POINT('',(0.0197584211730983,-0.000680684396586296,0.));
#4761=CARTESIAN_POINT('',(1.73978135274442E-17,3.98986399474665E-16,0.005));
#4762=CARTESIAN_POINT('',(0.0197584211730983,0.000680684396586294,0.005));
#4763=CARTESIAN_POINT('',(0.0197584211730983,0.000680684396586327,0.005));
#4764=CARTESIAN_POINT('',(0.0197584211730983,0.000680684396586294,0.));
#4765=CARTESIAN_POINT('',(1.73978135274442E-17,3.98986399474665E-16,0.));
#4766=CARTESIAN_POINT('',(1.73978135274442E-17,3.98986399474665E-16,0.005));
#4767=CARTESIAN_POINT('',(0.0193471758018167,0.00406759474319828,0.005));
#4768=CARTESIAN_POINT('',(0.0193471758018168,0.00406759474319834,0.005));
#4769=CARTESIAN_POINT('',(0.0193471758018168,0.00406759474319834,0.));
#4770=CARTESIAN_POINT('',(1.73978135274442E-17,3.98986399474665E-16,0.005));
#4771=CARTESIAN_POINT('',(0.0190213789247384,0.00538940463342842,0.005));
#4772=CARTESIAN_POINT('',(0.0190213789247383,0.0053894046334285,0.005));
#4773=CARTESIAN_POINT('',(0.0190213789247384,0.00538940463342842,0.));
#4774=CARTESIAN_POINT('',(1.73978135274442E-17,3.98986399474665E-16,0.));
#4775=CARTESIAN_POINT('',(1.73978135274442E-17,3.98986399474665E-16,0.005));
#4776=CARTESIAN_POINT('',(0.0178115428970562,0.00857948006161355,0.005));
#4777=CARTESIAN_POINT('',(0.0178115428970562,0.00857948006161367,0.005));
#4778=CARTESIAN_POINT('',(0.0178115428970562,0.00857948006161367,0.));
#4779=CARTESIAN_POINT('',(1.73978135274442E-17,3.98986399474665E-16,0.005));
#4780=CARTESIAN_POINT('',(0.0171788832731719,0.00978491226266448,0.005));
#4781=CARTESIAN_POINT('',(0.0171788832731718,0.0097849122626646,0.005));
#4782=CARTESIAN_POINT('',(0.0171788832731719,0.00978491226266448,0.));
#4783=CARTESIAN_POINT('',(1.73978135274442E-17,3.98986399474665E-16,0.));
#4784=CARTESIAN_POINT('',(1.73978135274442E-17,3.98986399474665E-16,0.005));
#4785=CARTESIAN_POINT('',(0.0152407678614429,0.0125927571839889,0.005));
#4786=CARTESIAN_POINT('',(0.0152407678614429,0.0125927571839891,0.005));
#4787=CARTESIAN_POINT('',(0.0152407678614429,0.0125927571839891,0.));
#4788=CARTESIAN_POINT('',(1.73978135274442E-17,3.98986399474665E-16,0.005));
#4789=CARTESIAN_POINT('',(0.0143380133684685,0.0136117563579034,0.005));
#4790=CARTESIAN_POINT('',(0.0143380133684684,0.0136117563579036,0.005));
#4791=CARTESIAN_POINT('',(0.0143380133684685,0.0136117563579034,0.));
#4792=CARTESIAN_POINT('',(1.73978135274442E-17,3.98986399474665E-16,0.));
#4793=CARTESIAN_POINT('',(1.73978135274442E-17,3.98986399474665E-16,0.005));
#4794=CARTESIAN_POINT('',(0.0117842547956597,0.0158741890316409,0.005));
#4795=CARTESIAN_POINT('',(0.0117842547956597,0.0158741890316411,0.005));
#4796=CARTESIAN_POINT('',(0.0117842547956597,0.0158741890316411,0.));
#4797=CARTESIAN_POINT('',(1.73978135274442E-17,3.98986399474665E-16,0.005));
#4798=CARTESIAN_POINT('',(0.0106638702433479,0.0166475346503424,0.005));
#4799=CARTESIAN_POINT('',(0.0106638702433477,0.0166475346503425,0.005));
#4800=CARTESIAN_POINT('',(0.0106638702433479,0.0166475346503424,0.));
#4801=CARTESIAN_POINT('',(1.73978135274442E-17,3.98986399474665E-16,0.));
#4802=CARTESIAN_POINT('',(1.73978135274442E-17,3.98986399474665E-16,0.005));
#4803=CARTESIAN_POINT('',(0.00764288367517609,0.0182330707131033,0.005));
#4804=CARTESIAN_POINT('',(0.00764288367517597,0.0182330707131035,0.005));
#4805=CARTESIAN_POINT('',(0.00764288367517597,0.0182330707131035,0.));
#4806=CARTESIAN_POINT('',(1.73978135274442E-17,3.98986399474665E-16,0.005));
#4807=CARTESIAN_POINT('',(0.00636998174127497,0.0187158187402298,0.005));
#4808=CARTESIAN_POINT('',(0.00636998174127478,0.0187158187402298,0.005));
#4809=CARTESIAN_POINT('',(0.00636998174127497,0.0187158187402298,0.));
#4810=CARTESIAN_POINT('',(1.73978135274442E-17,3.98986399474665E-16,0.));
#4811=CARTESIAN_POINT('',(1.73978135274442E-17,3.98986399474665E-16,0.005));
#4812=CARTESIAN_POINT('',(0.0030573359362431,0.0195323125992354,0.005));
#4813=CARTESIAN_POINT('',(0.00305733593624285,0.0195323125992357,0.005));
#4814=CARTESIAN_POINT('',(0.00305733593624285,0.0195323125992357,0.));
#4815=CARTESIAN_POINT('',(1.73978135274442E-17,3.98986399474665E-16,0.005));
#4816=CARTESIAN_POINT('',(0.00170589305434071,0.0196964074741681,0.005));
#4817=CARTESIAN_POINT('',(0.00170589305434046,0.0196964074741681,0.005));
#4818=CARTESIAN_POINT('',(0.00170589305434071,0.0196964074741681,0.));
#4819=CARTESIAN_POINT('',(1.73978135274442E-17,3.98986399474665E-16,0.));
#4820=CARTESIAN_POINT('',(1.73978135274442E-17,3.98986399474665E-16,0.005));
#4821=CARTESIAN_POINT('',(1.73978135274442E-17,3.98986399474665E-16,0.005));
#4822=CARTESIAN_POINT('',(-0.00305733593624286,0.0195323125992359,0.005));
#4823=CARTESIAN_POINT('',(-0.00170589305434069,0.0196964074741678,0.005));
#4824=CARTESIAN_POINT('',(-0.00305733593624313,0.0195323125992359,0.005));
#4825=CARTESIAN_POINT('',(-0.00305733593624286,0.0195323125992359,0.));
#4826=CARTESIAN_POINT('',(1.73978135274442E-17,3.98986399474665E-16,0.));
#4827=CARTESIAN_POINT('',(-0.00170589305434069,0.0196964074741678,0.));
#4828=CARTESIAN_POINT('',(-0.00170589305434043,0.0196964074741677,0.005));
#4829=CARTESIAN_POINT('',(1.31711636433384E-18,0.,0.005));
#4830=CARTESIAN_POINT('',(1.31711636433384E-18,0.,0.005));
#4831=CARTESIAN_POINT('',(-0.0215101426019464,0.,0.005));
#4832=CARTESIAN_POINT('',(1.31711636433384E-18,0.,0.));
#4833=CARTESIAN_POINT('',(-0.0215101426019464,0.,0.));
#4834=CARTESIAN_POINT('',(0.,0.,0.005));
#4835=CARTESIAN_POINT('',(0.00194359168341845,0.0193501426019464,0.005));
#4836=CARTESIAN_POINT('',(0.001525,0.0193845083199356,0.005));
#4837=CARTESIAN_POINT('',(0.00274367778941131,0.0192529945602081,0.005));
#4838=CARTESIAN_POINT('',(0.00315833021389837,0.0191861861261073,0.005));
#4839=CARTESIAN_POINT('',(0.00781134488541142,0.0184364964928274,0.005));
#4840=CARTESIAN_POINT('',(0.00310793329003523,0.0187373277479252,0.005));
#4841=CARTESIAN_POINT('',(0.00459489488120065,0.0186422213527732,0.005));
#4842=CARTESIAN_POINT('',(0.00595573212764964,0.018035408376085,0.005));
#4843=CARTESIAN_POINT('',(0.00165126473427772,0.0199548198845846,0.005));
#4844=CARTESIAN_POINT('',(0.00611970275704783,0.0184562733500303,0.005));
#4845=CARTESIAN_POINT('',(0.00651790667227625,0.0183227306905661,0.005));
#4846=CARTESIAN_POINT('',(0.00727149468198344,0.0180369324564185,0.005));
#4847=CARTESIAN_POINT('',(0.00765810975582817,0.0178728325335786,0.005));
#4848=CARTESIAN_POINT('',(0.0119965038048993,0.0160313882214835,0.005));
#4849=CARTESIAN_POINT('',(0.00750175843403413,0.0174490779374118,0.005));
#4850=CARTESIAN_POINT('',(0.00892275117366921,0.0170008819602943,0.005));
#4851=CARTESIAN_POINT('',(0.010098825112343,0.0160860321962498,0.005));
#4852=CARTESIAN_POINT('',(0.00637878295856906,0.0189797955683498,0.005));
#4853=CARTESIAN_POINT('',(0.0103587506340704,0.016455426858845,0.005));
#4854=CARTESIAN_POINT('',(0.0107134246169681,0.0162304682718662,0.005));
#4855=CARTESIAN_POINT('',(0.0113767187344465,0.0157726293998436,0.005));
#4856=CARTESIAN_POINT('',(0.0117128277948456,0.0155207748793012,0.005));
#4857=CARTESIAN_POINT('',(0.0154844695287635,0.0126945939384321,0.005));
#4858=CARTESIAN_POINT('',(0.0114596086456294,0.0151467511419938,0.005));
#4859=CARTESIAN_POINT('',(0.012732049600805,0.0143715131039747,0.005));
#4860=CARTESIAN_POINT('',(0.0136550110892428,0.0132017942955166,0.005));
#4861=CARTESIAN_POINT('',(0.0107355895032411,0.0169017345224324,0.005));
#4862=CARTESIAN_POINT('',(0.0139957855767675,0.0134982507716667,0.005));
#4863=CARTESIAN_POINT('',(0.0142863172646358,0.0131949500325572,0.005));
#4864=CARTESIAN_POINT('',(0.0148207692467535,0.0125916784537249,0.005));
#4865=CARTESIAN_POINT('',(0.0150868388568233,0.01226670620476,0.005));
#4866=CARTESIAN_POINT('',(0.0180725341673727,0.00862003599865053,0.005));
#4867=CARTESIAN_POINT('',(0.0147514680567233,0.0119641502264034,0.005));
#4868=CARTESIAN_POINT('',(0.0158014075842593,0.0109069241443768,0.005));
#4869=CARTESIAN_POINT('',(0.0164176174555815,0.00955031609689765,0.005));
#4870=CARTESIAN_POINT('',(0.0144684826082648,0.0138414061013765,0.005));
#4871=CARTESIAN_POINT('',(0.0168194363343534,0.00975660541378441,0.005));
#4872=CARTESIAN_POINT('',(0.0170289410815332,0.00939258925904797,0.005));
#4873=CARTESIAN_POINT('',(0.0174034905217435,0.00867894492476471,0.005));
#4874=CARTESIAN_POINT('',(0.0175840576828706,0.00829974115326113,0.005));
#4875=CARTESIAN_POINT('',(0.019610288811163,0.00404451289918337,0.005));
#4876=CARTESIAN_POINT('',(0.0171860257637652,0.00808623638757103,0.005));
#4877=CARTESIAN_POINT('',(0.0179524451946961,0.00680846439856379,0.005));
#4878=CARTESIAN_POINT('',(0.0182260915710132,0.00534380824071359,0.005));
#4879=CARTESIAN_POINT('',(0.0173605200948906,0.00997666546917266,0.005));
#4880=CARTESIAN_POINT('',(0.0186656025883503,0.00544794161307062,0.005));
#4881=CARTESIAN_POINT('',(0.0187819047404543,0.00504436533847564,0.005));
#4882=CARTESIAN_POINT('',(0.0189747841867239,0.00426182266345838,0.005));
#4883=CARTESIAN_POINT('',(0.0190593549918383,0.00385042531426627,0.005));
#4884=CARTESIAN_POINT('',(0.0200083647497479,-0.000766062588778124,0.005));
#4885=CARTESIAN_POINT('',(0.0186217941220789,0.00373837988216633,0.005));
#4886=CARTESIAN_POINT('',(0.0190601519449003,0.00231432144966741,0.005));
#4887=CARTESIAN_POINT('',(0.0189753314934849,0.000826737673531862,0.005));
#4888=CARTESIAN_POINT('',(0.0192436272565243,0.00553211730360399,0.005));
#4889=CARTESIAN_POINT('',(0.0194269918666171,0.000822663248267187,0.005));
#4890=CARTESIAN_POINT('',(0.0194433323653061,0.00040298123995305,0.005));
#4891=CARTESIAN_POINT('',(0.0194433323653061,-0.000402981239953027,0.005));
#4892=CARTESIAN_POINT('',(0.0194269918666171,-0.000822663248267176,0.005));
#4893=CARTESIAN_POINT('',(0.0192436272565243,-0.005532117303604,0.005));
#4894=CARTESIAN_POINT('',(0.0189753314934849,-0.000826737673531853,0.005));
#4895=CARTESIAN_POINT('',(0.0190601519449003,-0.0023143214496674,0.005));
#4896=CARTESIAN_POINT('',(0.0186217941220789,-0.00373837988216635,0.005));
#4897=CARTESIAN_POINT('',(0.0200083647497479,0.000766062588778109,0.005));
#4898=CARTESIAN_POINT('',(0.0190593549918383,-0.00385042531426625,0.005));
#4899=CARTESIAN_POINT('',(0.0189747841867239,-0.00426182266345836,0.005));
#4900=CARTESIAN_POINT('',(0.0187819047404543,-0.00504436533847561,0.005));
#4901=CARTESIAN_POINT('',(0.0186656025883503,-0.00544794161307061,0.005));
#4902=CARTESIAN_POINT('',(0.0173605200948906,-0.00997666546917268,0.005));
#4903=CARTESIAN_POINT('',(0.0182260915710132,-0.00534380824071357,0.005));
#4904=CARTESIAN_POINT('',(0.0179524451946961,-0.00680846439856377,0.005));
#4905=CARTESIAN_POINT('',(0.0171860257637652,-0.00808623638757104,0.005));
#4906=CARTESIAN_POINT('',(0.0196102888111629,-0.00404451289918338,0.005));
#4907=CARTESIAN_POINT('',(0.0175840576828705,-0.00829974115326113,0.005));
#4908=CARTESIAN_POINT('',(0.0174034905217435,-0.00867894492476469,0.005));
#4909=CARTESIAN_POINT('',(0.0170289410815332,-0.00939258925904795,0.005));
#4910=CARTESIAN_POINT('',(0.0168194363343534,-0.00975660541378439,0.005));
#4911=CARTESIAN_POINT('',(0.0144684826082648,-0.0138414061013765,0.005));
#4912=CARTESIAN_POINT('',(0.0164176174555816,-0.00955031609689761,0.005));
#4913=CARTESIAN_POINT('',(0.0158014075842593,-0.0109069241443767,0.005));
#4914=CARTESIAN_POINT('',(0.0147514680567233,-0.0119641502264033,0.005));
#4915=CARTESIAN_POINT('',(0.0180725341673727,-0.00862003599865053,0.005));
#4916=CARTESIAN_POINT('',(0.0150868388568233,-0.0122667062047601,0.005));
#4917=CARTESIAN_POINT('',(0.0148207692467535,-0.0125916784537249,0.005));
#4918=CARTESIAN_POINT('',(0.0142863172646358,-0.0131949500325572,0.005));
#4919=CARTESIAN_POINT('',(0.0139957855767674,-0.0134982507716667,0.005));
#4920=CARTESIAN_POINT('',(0.010735589503241,-0.0169017345224324,0.005));
#4921=CARTESIAN_POINT('',(0.0136550110892428,-0.0132017942955166,0.005));
#4922=CARTESIAN_POINT('',(0.012732049600805,-0.0143715131039747,0.005));
#4923=CARTESIAN_POINT('',(0.0114596086456294,-0.0151467511419938,0.005));
#4924=CARTESIAN_POINT('',(0.0154844695287635,-0.0126945939384321,0.005));
#4925=CARTESIAN_POINT('',(0.0117128277948456,-0.0155207748793013,0.005));
#4926=CARTESIAN_POINT('',(0.0113767187344465,-0.0157726293998436,0.005));
#4927=CARTESIAN_POINT('',(0.0107134246169681,-0.0162304682718662,0.005));
#4928=CARTESIAN_POINT('',(0.0103587506340704,-0.016455426858845,0.005));
#4929=CARTESIAN_POINT('',(0.00637878295856905,-0.0189797955683498,0.005));
#4930=CARTESIAN_POINT('',(0.010098825112343,-0.0160860321962498,0.005));
#4931=CARTESIAN_POINT('',(0.00892275117366922,-0.0170008819602943,0.005));
#4932=CARTESIAN_POINT('',(0.00750175843403417,-0.0174490779374118,0.005));
#4933=CARTESIAN_POINT('',(0.0119965038048993,-0.0160313882214835,0.005));
#4934=CARTESIAN_POINT('',(0.00765810975582816,-0.0178728325335786,0.005));
#4935=CARTESIAN_POINT('',(0.00727149468198347,-0.0180369324564185,0.005));
#4936=CARTESIAN_POINT('',(0.00651790667227623,-0.0183227306905661,0.005));
#4937=CARTESIAN_POINT('',(0.00611970275704781,-0.0184562733500303,0.005));
#4938=CARTESIAN_POINT('',(0.00165126473427767,-0.0199548198845846,0.005));
#4939=CARTESIAN_POINT('',(0.00595573212764962,-0.018035408376085,0.005));
#4940=CARTESIAN_POINT('',(0.00459489488120063,-0.0186422213527732,0.005));
#4941=CARTESIAN_POINT('',(0.00310793329003521,-0.0187373277479252,0.005));
#4942=CARTESIAN_POINT('',(0.00781134488541137,-0.0184364964928275,0.005));
#4943=CARTESIAN_POINT('',(0.00315833021389835,-0.0191861861261073,0.005));
#4944=CARTESIAN_POINT('',(0.0027436777894113,-0.0192529945602081,0.005));
#4945=CARTESIAN_POINT('',(0.00194359168341846,-0.0193501426019464,0.005));
#4946=CARTESIAN_POINT('',(0.001525,-0.0193845083199356,0.005));
#4947=CARTESIAN_POINT('',(-0.0031722189942668,-0.0197701426019464,0.005));
#4948=CARTESIAN_POINT('',(0.00146651363990269,-0.0189366321771443,0.005));
#4949=CARTESIAN_POINT('',(9.42976785087242E-18,-0.0192001426019464,0.005));
#4950=CARTESIAN_POINT('',(-0.00146651363990268,-0.0189366321771443,0.005));
#4951=CARTESIAN_POINT('',(0.00317221899426679,-0.0197701426019464,0.005));
#4952=CARTESIAN_POINT('',(-0.001525,-0.0193845083199356,0.005));
#4953=CARTESIAN_POINT('',(-0.00194359168341844,-0.0193501426019464,0.005));
#4954=CARTESIAN_POINT('',(-0.00274367778941129,-0.0192529945602081,0.005));
#4955=CARTESIAN_POINT('',(-0.00315833021389836,-0.0191861861261073,0.005));
#4956=CARTESIAN_POINT('',(-0.0078113448854114,-0.0184364964928274,0.005));
#4957=CARTESIAN_POINT('',(-0.00310793329003521,-0.0187373277479253,0.005));
#4958=CARTESIAN_POINT('',(-0.00459489488120063,-0.0186422213527732,0.005));
#4959=CARTESIAN_POINT('',(-0.00595573212764962,-0.018035408376085,0.005));
#4960=CARTESIAN_POINT('',(-0.0016512647342777,-0.0199548198845846,0.005));
#4961=CARTESIAN_POINT('',(-0.00611970275704781,-0.0184562733500303,0.005));
#4962=CARTESIAN_POINT('',(-0.00651790667227622,-0.0183227306905661,0.005));
#4963=CARTESIAN_POINT('',(-0.00727149468198344,-0.0180369324564185,0.005));
#4964=CARTESIAN_POINT('',(-0.00765810975582817,-0.0178728325335786,0.005));
#4965=CARTESIAN_POINT('',(-0.0119965038048993,-0.0160313882214835,0.005));
#4966=CARTESIAN_POINT('',(-0.00750175843403413,-0.0174490779374118,0.005));
#4967=CARTESIAN_POINT('',(-0.00892275117366921,-0.0170008819602943,0.005));
#4968=CARTESIAN_POINT('',(-0.010098825112343,-0.0160860321962498,0.005));
#4969=CARTESIAN_POINT('',(-0.00637878295856906,-0.0189797955683498,0.005));
#4970=CARTESIAN_POINT('',(-0.0103587506340704,-0.016455426858845,0.005));
#4971=CARTESIAN_POINT('',(-0.0107134246169681,-0.0162304682718662,0.005));
#4972=CARTESIAN_POINT('',(-0.0113767187344465,-0.0157726293998436,0.005));
#4973=CARTESIAN_POINT('',(-0.0117128277948456,-0.0155207748793012,0.005));
#4974=CARTESIAN_POINT('',(-0.0154844695287635,-0.0126945939384321,0.005));
#4975=CARTESIAN_POINT('',(-0.0114596086456294,-0.0151467511419938,0.005));
#4976=CARTESIAN_POINT('',(-0.012732049600805,-0.0143715131039747,0.005));
#4977=CARTESIAN_POINT('',(-0.0136550110892428,-0.0132017942955166,0.005));
#4978=CARTESIAN_POINT('',(-0.0107355895032411,-0.0169017345224324,0.005));
#4979=CARTESIAN_POINT('',(-0.0139957855767674,-0.0134982507716668,0.005));
#4980=CARTESIAN_POINT('',(-0.0142863172646358,-0.0131949500325573,0.005));
#4981=CARTESIAN_POINT('',(-0.0148207692467535,-0.0125916784537249,0.005));
#4982=CARTESIAN_POINT('',(-0.0150868388568233,-0.01226670620476,0.005));
#4983=CARTESIAN_POINT('',(-0.0180725341673727,-0.00862003599865054,0.005));
#4984=CARTESIAN_POINT('',(-0.0147514680567233,-0.0119641502264034,0.005));
#4985=CARTESIAN_POINT('',(-0.0158014075842593,-0.0109069241443768,0.005));
#4986=CARTESIAN_POINT('',(-0.0164176174555815,-0.00955031609689765,0.005));
#4987=CARTESIAN_POINT('',(-0.0144684826082648,-0.0138414061013765,0.005));
#4988=CARTESIAN_POINT('',(-0.0168194363343534,-0.00975660541378442,0.005));
#4989=CARTESIAN_POINT('',(-0.0170289410815332,-0.00939258925904798,0.005));
#4990=CARTESIAN_POINT('',(-0.0174034905217435,-0.00867894492476471,0.005));
#4991=CARTESIAN_POINT('',(-0.0175840576828705,-0.00829974115326115,0.005));
#4992=CARTESIAN_POINT('',(-0.0196102888111629,-0.00404451289918337,0.005));
#4993=CARTESIAN_POINT('',(-0.0171860257637651,-0.00808623638757106,0.005));
#4994=CARTESIAN_POINT('',(-0.017952445194696,-0.00680846439856379,0.005));
#4995=CARTESIAN_POINT('',(-0.0182260915710131,-0.00534380824071357,0.005));
#4996=CARTESIAN_POINT('',(-0.0173605200948906,-0.00997666546917266,0.005));
#4997=CARTESIAN_POINT('',(-0.0186656025883503,-0.00544794161307062,0.005));
#4998=CARTESIAN_POINT('',(-0.0187819047404543,-0.00504436533847564,0.005));
#4999=CARTESIAN_POINT('',(-0.0189747841867239,-0.00426182266345839,0.005));
#5000=CARTESIAN_POINT('',(-0.0190593549918383,-0.00385042531426627,0.005));
#5001=CARTESIAN_POINT('',(-0.0200083647497479,0.000766062588778121,0.005));
#5002=CARTESIAN_POINT('',(-0.0186217941220789,-0.00373837988216634,0.005));
#5003=CARTESIAN_POINT('',(-0.0190601519449003,-0.00231432144966742,0.005));
#5004=CARTESIAN_POINT('',(-0.0189753314934849,-0.000826737673531862,0.005));
#5005=CARTESIAN_POINT('',(-0.0192436272565243,-0.00553211730360399,0.005));
#5006=CARTESIAN_POINT('',(-0.0194269918666171,-0.00082266324826719,0.005));
#5007=CARTESIAN_POINT('',(-0.0194433323653061,-0.000402981239953053,0.005));
#5008=CARTESIAN_POINT('',(-0.0194433323653061,0.00040298123995304,0.005));
#5009=CARTESIAN_POINT('',(-0.0194269918666171,0.000822663248267193,0.005));
#5010=CARTESIAN_POINT('',(-0.0192436272565243,0.00553211730360402,0.005));
#5011=CARTESIAN_POINT('',(-0.0189753314934849,0.000826737673531863,0.005));
#5012=CARTESIAN_POINT('',(-0.0190601519449003,0.00231432144966741,0.005));
#5013=CARTESIAN_POINT('',(-0.0186217941220789,0.00373837988216636,0.005));
#5014=CARTESIAN_POINT('',(-0.0200083647497479,-0.000766062588778095,0.005));
#5015=CARTESIAN_POINT('',(-0.0190593549918383,0.00385042531426627,0.005));
#5016=CARTESIAN_POINT('',(-0.0189747841867239,0.00426182266345838,0.005));
#5017=CARTESIAN_POINT('',(-0.0187819047404543,0.00504436533847561,0.005));
#5018=CARTESIAN_POINT('',(-0.0186656025883503,0.0054479416130706,0.005));
#5019=CARTESIAN_POINT('',(-0.0173605200948906,0.00997666546917267,0.005));
#5020=CARTESIAN_POINT('',(-0.0182260915710132,0.00534380824071357,0.005));
#5021=CARTESIAN_POINT('',(-0.0179524451946961,0.00680846439856377,0.005));
#5022=CARTESIAN_POINT('',(-0.0171860257637652,0.00808623638757104,0.005));
#5023=CARTESIAN_POINT('',(-0.0196102888111629,0.00404451289918338,0.005));
#5024=CARTESIAN_POINT('',(-0.0175840576828705,0.00829974115326113,0.005));
#5025=CARTESIAN_POINT('',(-0.0174034905217435,0.00867894492476468,0.005));
#5026=CARTESIAN_POINT('',(-0.0170289410815332,0.00939258925904795,0.005));
#5027=CARTESIAN_POINT('',(-0.0168194363343534,0.00975660541378441,0.005));
#5028=CARTESIAN_POINT('',(-0.0144684826082647,0.0138414061013765,0.005));
#5029=CARTESIAN_POINT('',(-0.0164176174555815,0.0095503160968976,0.005));
#5030=CARTESIAN_POINT('',(-0.0158014075842593,0.0109069241443767,0.005));
#5031=CARTESIAN_POINT('',(-0.0147514680567233,0.0119641502264034,0.005));
#5032=CARTESIAN_POINT('',(-0.0180725341673726,0.00862003599865054,0.005));
#5033=CARTESIAN_POINT('',(-0.0150868388568233,0.0122667062047601,0.005));
#5034=CARTESIAN_POINT('',(-0.0148207692467535,0.0125916784537249,0.005));
#5035=CARTESIAN_POINT('',(-0.0142863172646358,0.0131949500325572,0.005));
#5036=CARTESIAN_POINT('',(-0.0139957855767674,0.0134982507716667,0.005));
#5037=CARTESIAN_POINT('',(-0.010735589503241,0.0169017345224324,0.005));
#5038=CARTESIAN_POINT('',(-0.0136550110892428,0.0132017942955166,0.005));
#5039=CARTESIAN_POINT('',(-0.012732049600805,0.0143715131039747,0.005));
#5040=CARTESIAN_POINT('',(-0.0114596086456294,0.0151467511419938,0.005));
#5041=CARTESIAN_POINT('',(-0.0154844695287635,0.0126945939384321,0.005));
#5042=CARTESIAN_POINT('',(-0.0117128277948456,0.0155207748793012,0.005));
#5043=CARTESIAN_POINT('',(-0.0113767187344465,0.0157726293998435,0.005));
#5044=CARTESIAN_POINT('',(-0.0107134246169681,0.0162304682718662,0.005));
#5045=CARTESIAN_POINT('',(-0.0103587506340704,0.016455426858845,0.005));
#5046=CARTESIAN_POINT('',(-0.00637878295856905,0.0189797955683498,0.005));
#5047=CARTESIAN_POINT('',(-0.010098825112343,0.0160860321962498,0.005));
#5048=CARTESIAN_POINT('',(-0.00892275117366922,0.0170008819602943,0.005));
#5049=CARTESIAN_POINT('',(-0.00750175843403417,0.0174490779374118,0.005));
#5050=CARTESIAN_POINT('',(-0.0119965038048993,0.0160313882214835,0.005));
#5051=CARTESIAN_POINT('',(-0.00765810975582818,0.0178728325335786,0.005));
#5052=CARTESIAN_POINT('',(-0.00727149468198347,0.0180369324564184,0.005));
#5053=CARTESIAN_POINT('',(-0.00651790667227624,0.0183227306905661,0.005));
#5054=CARTESIAN_POINT('',(-0.00611970275704782,0.0184562733500303,0.005));
#5055=CARTESIAN_POINT('',(-0.00165126473427767,0.0199548198845846,0.005));
#5056=CARTESIAN_POINT('',(-0.00595573212764962,0.018035408376085,0.005));
#5057=CARTESIAN_POINT('',(-0.00459489488120063,0.0186422213527732,0.005));
#5058=CARTESIAN_POINT('',(-0.00310793329003521,0.0187373277479253,0.005));
#5059=CARTESIAN_POINT('',(-0.00781134488541137,0.0184364964928274,0.005));
#5060=CARTESIAN_POINT('',(-0.00315833021389835,0.0191861861261073,0.005));
#5061=CARTESIAN_POINT('',(-0.0027436777894113,0.0192529945602081,0.005));
#5062=CARTESIAN_POINT('',(-0.00194359168341845,0.0193501426019464,0.005));
#5063=CARTESIAN_POINT('',(-0.001525,0.0193845083199356,0.005));
#5064=CARTESIAN_POINT('',(0.00317221899426682,0.0197701426019464,0.005));
#5065=CARTESIAN_POINT('',(-0.00146651363990268,0.0189366321771443,0.005));
#5066=CARTESIAN_POINT('',(1.62630325872826E-19,0.0192001426019464,0.005));
#5067=CARTESIAN_POINT('',(0.00146651363990269,0.0189366321771443,0.005));
#5068=CARTESIAN_POINT('',(-0.00317221899426678,0.0197701426019464,0.005));
#5069=CARTESIAN_POINT('',(0.,0.,0.));
#5070=CARTESIAN_POINT('',(0.00194359168341845,0.0193501426019464,0.));
#5071=CARTESIAN_POINT('',(0.001525,0.0193845083199356,0.));
#5072=CARTESIAN_POINT('',(-0.00317221899426678,0.0197701426019464,0.));
#5073=CARTESIAN_POINT('',(0.00146651363990269,0.0189366321771443,0.));
#5074=CARTESIAN_POINT('',(1.62630325872826E-19,0.0192001426019464,0.));
#5075=CARTESIAN_POINT('',(-0.00146651363990268,0.0189366321771443,0.));
#5076=CARTESIAN_POINT('',(0.00317221899426682,0.0197701426019464,0.));
#5077=CARTESIAN_POINT('',(-0.001525,0.0193845083199356,0.));
#5078=CARTESIAN_POINT('',(-0.00194359168341845,0.0193501426019464,0.));
#5079=CARTESIAN_POINT('',(-0.0027436777894113,0.0192529945602081,0.));
#5080=CARTESIAN_POINT('',(-0.00315833021389835,0.0191861861261073,0.));
#5081=CARTESIAN_POINT('',(-0.00781134488541137,0.0184364964928274,0.));
#5082=CARTESIAN_POINT('',(-0.00310793329003521,0.0187373277479253,0.));
#5083=CARTESIAN_POINT('',(-0.00459489488120063,0.0186422213527732,0.));
#5084=CARTESIAN_POINT('',(-0.00595573212764962,0.018035408376085,0.));
#5085=CARTESIAN_POINT('',(-0.00165126473427767,0.0199548198845846,0.));
#5086=CARTESIAN_POINT('',(-0.00611970275704782,0.0184562733500303,0.));
#5087=CARTESIAN_POINT('',(-0.00651790667227624,0.0183227306905661,0.));
#5088=CARTESIAN_POINT('',(-0.00727149468198347,0.0180369324564184,0.));
#5089=CARTESIAN_POINT('',(-0.00765810975582818,0.0178728325335786,0.));
#5090=CARTESIAN_POINT('',(-0.0119965038048993,0.0160313882214835,0.));
#5091=CARTESIAN_POINT('',(-0.00750175843403415,0.0174490779374118,0.));
#5092=CARTESIAN_POINT('',(-0.00892275117366922,0.0170008819602943,0.));
#5093=CARTESIAN_POINT('',(-0.010098825112343,0.0160860321962498,0.));
#5094=CARTESIAN_POINT('',(-0.00637878295856905,0.0189797955683498,0.));
#5095=CARTESIAN_POINT('',(-0.0103587506340704,0.016455426858845,0.));
#5096=CARTESIAN_POINT('',(-0.0107134246169681,0.0162304682718662,0.));
#5097=CARTESIAN_POINT('',(-0.0113767187344465,0.0157726293998435,0.));
#5098=CARTESIAN_POINT('',(-0.0117128277948456,0.0155207748793012,0.));
#5099=CARTESIAN_POINT('',(-0.0154844695287635,0.0126945939384321,0.));
#5100=CARTESIAN_POINT('',(-0.0114596086456294,0.0151467511419938,0.));
#5101=CARTESIAN_POINT('',(-0.012732049600805,0.0143715131039747,0.));
#5102=CARTESIAN_POINT('',(-0.0136550110892428,0.0132017942955166,0.));
#5103=CARTESIAN_POINT('',(-0.010735589503241,0.0169017345224324,0.));
#5104=CARTESIAN_POINT('',(-0.0139957855767674,0.0134982507716667,0.));
#5105=CARTESIAN_POINT('',(-0.0142863172646358,0.0131949500325572,0.));
#5106=CARTESIAN_POINT('',(-0.0148207692467535,0.0125916784537249,0.));
#5107=CARTESIAN_POINT('',(-0.0150868388568233,0.0122667062047601,0.));
#5108=CARTESIAN_POINT('',(-0.0180725341673726,0.00862003599865054,0.));
#5109=CARTESIAN_POINT('',(-0.0147514680567233,0.0119641502264034,0.));
#5110=CARTESIAN_POINT('',(-0.0158014075842593,0.0109069241443767,0.));
#5111=CARTESIAN_POINT('',(-0.0164176174555815,0.00955031609689763,0.));
#5112=CARTESIAN_POINT('',(-0.0144684826082647,0.0138414061013765,0.));
#5113=CARTESIAN_POINT('',(-0.0168194363343534,0.00975660541378441,0.));
#5114=CARTESIAN_POINT('',(-0.0170289410815332,0.00939258925904795,0.));
#5115=CARTESIAN_POINT('',(-0.0174034905217435,0.00867894492476468,0.));
#5116=CARTESIAN_POINT('',(-0.0175840576828705,0.00829974115326113,0.));
#5117=CARTESIAN_POINT('',(-0.0196102888111629,0.00404451289918338,0.));
#5118=CARTESIAN_POINT('',(-0.0171860257637652,0.00808623638757103,0.));
#5119=CARTESIAN_POINT('',(-0.0179524451946961,0.00680846439856377,0.));
#5120=CARTESIAN_POINT('',(-0.0182260915710132,0.00534380824071357,0.));
#5121=CARTESIAN_POINT('',(-0.0173605200948906,0.00997666546917267,0.));
#5122=CARTESIAN_POINT('',(-0.0186656025883503,0.0054479416130706,0.));
#5123=CARTESIAN_POINT('',(-0.0187819047404543,0.00504436533847561,0.));
#5124=CARTESIAN_POINT('',(-0.0189747841867239,0.00426182266345838,0.));
#5125=CARTESIAN_POINT('',(-0.0190593549918383,0.00385042531426627,0.));
#5126=CARTESIAN_POINT('',(-0.0200083647497479,-0.000766062588778095,0.));
#5127=CARTESIAN_POINT('',(-0.0186217941220789,0.00373837988216635,0.));
#5128=CARTESIAN_POINT('',(-0.0190601519449003,0.00231432144966741,0.));
#5129=CARTESIAN_POINT('',(-0.0189753314934849,0.000826737673531862,0.));
#5130=CARTESIAN_POINT('',(-0.0192436272565243,0.00553211730360402,0.));
#5131=CARTESIAN_POINT('',(-0.0194269918666171,0.000822663248267193,0.));
#5132=CARTESIAN_POINT('',(-0.0194433323653061,0.00040298123995304,0.));
#5133=CARTESIAN_POINT('',(-0.0194433323653061,-0.000402981239953053,0.));
#5134=CARTESIAN_POINT('',(-0.0194269918666171,-0.00082266324826719,0.));
#5135=CARTESIAN_POINT('',(-0.0192436272565243,-0.00553211730360399,0.));
#5136=CARTESIAN_POINT('',(-0.0189753314934849,-0.000826737673531868,0.));
#5137=CARTESIAN_POINT('',(-0.0190601519449003,-0.00231432144966742,0.));
#5138=CARTESIAN_POINT('',(-0.0186217941220789,-0.00373837988216636,0.));
#5139=CARTESIAN_POINT('',(-0.0200083647497479,0.000766062588778121,0.));
#5140=CARTESIAN_POINT('',(-0.0190593549918383,-0.00385042531426627,0.));
#5141=CARTESIAN_POINT('',(-0.0189747841867239,-0.00426182266345839,0.));
#5142=CARTESIAN_POINT('',(-0.0187819047404543,-0.00504436533847564,0.));
#5143=CARTESIAN_POINT('',(-0.0186656025883503,-0.00544794161307062,0.));
#5144=CARTESIAN_POINT('',(-0.0173605200948906,-0.00997666546917266,0.));
#5145=CARTESIAN_POINT('',(-0.0182260915710131,-0.00534380824071358,0.));
#5146=CARTESIAN_POINT('',(-0.017952445194696,-0.00680846439856379,0.));
#5147=CARTESIAN_POINT('',(-0.0171860257637651,-0.00808623638757105,0.));
#5148=CARTESIAN_POINT('',(-0.0196102888111629,-0.00404451289918337,0.));
#5149=CARTESIAN_POINT('',(-0.0175840576828705,-0.00829974115326115,0.));
#5150=CARTESIAN_POINT('',(-0.0174034905217435,-0.00867894492476471,0.));
#5151=CARTESIAN_POINT('',(-0.0170289410815332,-0.00939258925904798,0.));
#5152=CARTESIAN_POINT('',(-0.0168194363343534,-0.00975660541378442,0.));
#5153=CARTESIAN_POINT('',(-0.0144684826082648,-0.0138414061013765,0.));
#5154=CARTESIAN_POINT('',(-0.0164176174555815,-0.00955031609689767,0.));
#5155=CARTESIAN_POINT('',(-0.0158014075842593,-0.0109069241443768,0.));
#5156=CARTESIAN_POINT('',(-0.0147514680567233,-0.0119641502264034,0.));
#5157=CARTESIAN_POINT('',(-0.0180725341673727,-0.00862003599865054,0.));
#5158=CARTESIAN_POINT('',(-0.0150868388568233,-0.01226670620476,0.));
#5159=CARTESIAN_POINT('',(-0.0148207692467535,-0.0125916784537249,0.));
#5160=CARTESIAN_POINT('',(-0.0142863172646358,-0.0131949500325573,0.));
#5161=CARTESIAN_POINT('',(-0.0139957855767674,-0.0134982507716668,0.));
#5162=CARTESIAN_POINT('',(-0.0107355895032411,-0.0169017345224324,0.));
#5163=CARTESIAN_POINT('',(-0.0136550110892428,-0.0132017942955166,0.));
#5164=CARTESIAN_POINT('',(-0.012732049600805,-0.0143715131039747,0.));
#5165=CARTESIAN_POINT('',(-0.0114596086456294,-0.0151467511419938,0.));
#5166=CARTESIAN_POINT('',(-0.0154844695287635,-0.0126945939384321,0.));
#5167=CARTESIAN_POINT('',(-0.0117128277948456,-0.0155207748793012,0.));
#5168=CARTESIAN_POINT('',(-0.0113767187344465,-0.0157726293998436,0.));
#5169=CARTESIAN_POINT('',(-0.0107134246169681,-0.0162304682718662,0.));
#5170=CARTESIAN_POINT('',(-0.0103587506340704,-0.016455426858845,0.));
#5171=CARTESIAN_POINT('',(-0.00637878295856906,-0.0189797955683498,0.));
#5172=CARTESIAN_POINT('',(-0.010098825112343,-0.0160860321962498,0.));
#5173=CARTESIAN_POINT('',(-0.00892275117366921,-0.0170008819602943,0.));
#5174=CARTESIAN_POINT('',(-0.00750175843403413,-0.0174490779374118,0.));
#5175=CARTESIAN_POINT('',(-0.0119965038048993,-0.0160313882214835,0.));
#5176=CARTESIAN_POINT('',(-0.00765810975582817,-0.0178728325335786,0.));
#5177=CARTESIAN_POINT('',(-0.00727149468198344,-0.0180369324564185,0.));
#5178=CARTESIAN_POINT('',(-0.00651790667227622,-0.0183227306905661,0.));
#5179=CARTESIAN_POINT('',(-0.00611970275704781,-0.0184562733500303,0.));
#5180=CARTESIAN_POINT('',(-0.0016512647342777,-0.0199548198845846,0.));
#5181=CARTESIAN_POINT('',(-0.00595573212764962,-0.018035408376085,0.));
#5182=CARTESIAN_POINT('',(-0.00459489488120063,-0.0186422213527732,0.));
#5183=CARTESIAN_POINT('',(-0.00310793329003521,-0.0187373277479253,0.));
#5184=CARTESIAN_POINT('',(-0.0078113448854114,-0.0184364964928274,0.));
#5185=CARTESIAN_POINT('',(-0.00315833021389836,-0.0191861861261073,0.));
#5186=CARTESIAN_POINT('',(-0.00274367778941129,-0.0192529945602081,0.));
#5187=CARTESIAN_POINT('',(-0.00194359168341844,-0.0193501426019464,0.));
#5188=CARTESIAN_POINT('',(-0.001525,-0.0193845083199356,0.));
#5189=CARTESIAN_POINT('',(0.00317221899426679,-0.0197701426019464,0.));
#5190=CARTESIAN_POINT('',(-0.00146651363990268,-0.0189366321771443,0.));
#5191=CARTESIAN_POINT('',(9.42976785087242E-18,-0.0192001426019464,0.));
#5192=CARTESIAN_POINT('',(0.0014665136399027,-0.0189366321771443,0.));
#5193=CARTESIAN_POINT('',(-0.0031722189942668,-0.0197701426019464,0.));
#5194=CARTESIAN_POINT('',(0.001525,-0.0193845083199356,0.));
#5195=CARTESIAN_POINT('',(0.00194359168341846,-0.0193501426019464,0.));
#5196=CARTESIAN_POINT('',(0.0027436777894113,-0.0192529945602081,0.));
#5197=CARTESIAN_POINT('',(0.00315833021389835,-0.0191861861261073,0.));
#5198=CARTESIAN_POINT('',(0.00781134488541137,-0.0184364964928275,0.));
#5199=CARTESIAN_POINT('',(0.00310793329003521,-0.0187373277479252,0.));
#5200=CARTESIAN_POINT('',(0.00459489488120063,-0.0186422213527732,0.));
#5201=CARTESIAN_POINT('',(0.00595573212764962,-0.018035408376085,0.));
#5202=CARTESIAN_POINT('',(0.00165126473427767,-0.0199548198845846,0.));
#5203=CARTESIAN_POINT('',(0.00611970275704781,-0.0184562733500303,0.));
#5204=CARTESIAN_POINT('',(0.00651790667227623,-0.0183227306905661,0.));
#5205=CARTESIAN_POINT('',(0.00727149468198347,-0.0180369324564185,0.));
#5206=CARTESIAN_POINT('',(0.00765810975582816,-0.0178728325335786,0.));
#5207=CARTESIAN_POINT('',(0.0119965038048993,-0.0160313882214835,0.));
#5208=CARTESIAN_POINT('',(0.00750175843403415,-0.0174490779374118,0.));
#5209=CARTESIAN_POINT('',(0.00892275117366922,-0.0170008819602943,0.));
#5210=CARTESIAN_POINT('',(0.010098825112343,-0.0160860321962498,0.));
#5211=CARTESIAN_POINT('',(0.00637878295856905,-0.0189797955683498,0.));
#5212=CARTESIAN_POINT('',(0.0103587506340704,-0.016455426858845,0.));
#5213=CARTESIAN_POINT('',(0.0107134246169681,-0.0162304682718662,0.));
#5214=CARTESIAN_POINT('',(0.0113767187344465,-0.0157726293998436,0.));
#5215=CARTESIAN_POINT('',(0.0117128277948456,-0.0155207748793013,0.));
#5216=CARTESIAN_POINT('',(0.0154844695287635,-0.0126945939384321,0.));
#5217=CARTESIAN_POINT('',(0.0114596086456294,-0.0151467511419938,0.));
#5218=CARTESIAN_POINT('',(0.012732049600805,-0.0143715131039747,0.));
#5219=CARTESIAN_POINT('',(0.0136550110892428,-0.0132017942955166,0.));
#5220=CARTESIAN_POINT('',(0.010735589503241,-0.0169017345224324,0.));
#5221=CARTESIAN_POINT('',(0.0139957855767674,-0.0134982507716667,0.));
#5222=CARTESIAN_POINT('',(0.0142863172646358,-0.0131949500325572,0.));
#5223=CARTESIAN_POINT('',(0.0148207692467535,-0.0125916784537249,0.));
#5224=CARTESIAN_POINT('',(0.0150868388568233,-0.0122667062047601,0.));
#5225=CARTESIAN_POINT('',(0.0180725341673727,-0.00862003599865053,0.));
#5226=CARTESIAN_POINT('',(0.0147514680567233,-0.0119641502264033,0.));
#5227=CARTESIAN_POINT('',(0.0158014075842593,-0.0109069241443767,0.));
#5228=CARTESIAN_POINT('',(0.0164176174555816,-0.00955031609689761,0.));
#5229=CARTESIAN_POINT('',(0.0144684826082648,-0.0138414061013765,0.));
#5230=CARTESIAN_POINT('',(0.0168194363343534,-0.00975660541378439,0.));
#5231=CARTESIAN_POINT('',(0.0170289410815332,-0.00939258925904795,0.));
#5232=CARTESIAN_POINT('',(0.0174034905217435,-0.00867894492476469,0.));
#5233=CARTESIAN_POINT('',(0.0175840576828705,-0.00829974115326113,0.));
#5234=CARTESIAN_POINT('',(0.0196102888111629,-0.00404451289918338,0.));
#5235=CARTESIAN_POINT('',(0.0171860257637652,-0.00808623638757103,0.));
#5236=CARTESIAN_POINT('',(0.0179524451946961,-0.00680846439856377,0.));
#5237=CARTESIAN_POINT('',(0.0182260915710132,-0.00534380824071357,0.));
#5238=CARTESIAN_POINT('',(0.0173605200948906,-0.00997666546917268,0.));
#5239=CARTESIAN_POINT('',(0.0186656025883503,-0.00544794161307061,0.));
#5240=CARTESIAN_POINT('',(0.0187819047404543,-0.00504436533847561,0.));
#5241=CARTESIAN_POINT('',(0.0189747841867239,-0.00426182266345836,0.));
#5242=CARTESIAN_POINT('',(0.0190593549918383,-0.00385042531426625,0.));
#5243=CARTESIAN_POINT('',(0.0200083647497479,0.000766062588778109,0.));
#5244=CARTESIAN_POINT('',(0.0186217941220789,-0.00373837988216633,0.));
#5245=CARTESIAN_POINT('',(0.0190601519449003,-0.0023143214496674,0.));
#5246=CARTESIAN_POINT('',(0.0189753314934849,-0.000826737673531847,0.));
#5247=CARTESIAN_POINT('',(0.0192436272565243,-0.005532117303604,0.));
#5248=CARTESIAN_POINT('',(0.0194269918666171,-0.000822663248267176,0.));
#5249=CARTESIAN_POINT('',(0.0194433323653061,-0.000402981239953027,0.));
#5250=CARTESIAN_POINT('',(0.0194433323653061,0.00040298123995305,0.));
#5251=CARTESIAN_POINT('',(0.0194269918666171,0.000822663248267187,0.));
#5252=CARTESIAN_POINT('',(0.0192436272565243,0.00553211730360399,0.));
#5253=CARTESIAN_POINT('',(0.0189753314934849,0.000826737673531863,0.));
#5254=CARTESIAN_POINT('',(0.0190601519449003,0.00231432144966741,0.));
#5255=CARTESIAN_POINT('',(0.0186217941220789,0.00373837988216635,0.));
#5256=CARTESIAN_POINT('',(0.0200083647497479,-0.000766062588778124,0.));
#5257=CARTESIAN_POINT('',(0.0190593549918383,0.00385042531426627,0.));
#5258=CARTESIAN_POINT('',(0.0189747841867239,0.00426182266345838,0.));
#5259=CARTESIAN_POINT('',(0.0187819047404543,0.00504436533847564,0.));
#5260=CARTESIAN_POINT('',(0.0186656025883503,0.00544794161307062,0.));
#5261=CARTESIAN_POINT('',(0.0173605200948906,0.00997666546917266,0.));
#5262=CARTESIAN_POINT('',(0.0182260915710132,0.00534380824071359,0.));
#5263=CARTESIAN_POINT('',(0.0179524451946961,0.00680846439856379,0.));
#5264=CARTESIAN_POINT('',(0.0171860257637652,0.00808623638757102,0.));
#5265=CARTESIAN_POINT('',(0.019610288811163,0.00404451289918337,0.));
#5266=CARTESIAN_POINT('',(0.0175840576828706,0.00829974115326113,0.));
#5267=CARTESIAN_POINT('',(0.0174034905217435,0.00867894492476471,0.));
#5268=CARTESIAN_POINT('',(0.0170289410815332,0.00939258925904797,0.));
#5269=CARTESIAN_POINT('',(0.0168194363343534,0.00975660541378441,0.));
#5270=CARTESIAN_POINT('',(0.0144684826082648,0.0138414061013765,0.));
#5271=CARTESIAN_POINT('',(0.0164176174555815,0.00955031609689767,0.));
#5272=CARTESIAN_POINT('',(0.0158014075842593,0.0109069241443768,0.));
#5273=CARTESIAN_POINT('',(0.0147514680567233,0.0119641502264034,0.));
#5274=CARTESIAN_POINT('',(0.0180725341673727,0.00862003599865053,0.));
#5275=CARTESIAN_POINT('',(0.0150868388568233,0.01226670620476,0.));
#5276=CARTESIAN_POINT('',(0.0148207692467535,0.0125916784537249,0.));
#5277=CARTESIAN_POINT('',(0.0142863172646358,0.0131949500325572,0.));
#5278=CARTESIAN_POINT('',(0.0139957855767675,0.0134982507716667,0.));
#5279=CARTESIAN_POINT('',(0.0107355895032411,0.0169017345224324,0.));
#5280=CARTESIAN_POINT('',(0.0136550110892428,0.0132017942955166,0.));
#5281=CARTESIAN_POINT('',(0.012732049600805,0.0143715131039747,0.));
#5282=CARTESIAN_POINT('',(0.0114596086456294,0.0151467511419938,0.));
#5283=CARTESIAN_POINT('',(0.0154844695287635,0.0126945939384321,0.));
#5284=CARTESIAN_POINT('',(0.0117128277948456,0.0155207748793012,0.));
#5285=CARTESIAN_POINT('',(0.0113767187344465,0.0157726293998436,0.));
#5286=CARTESIAN_POINT('',(0.0107134246169681,0.0162304682718662,0.));
#5287=CARTESIAN_POINT('',(0.0103587506340704,0.016455426858845,0.));
#5288=CARTESIAN_POINT('',(0.00637878295856906,0.0189797955683498,0.));
#5289=CARTESIAN_POINT('',(0.010098825112343,0.0160860321962498,0.));
#5290=CARTESIAN_POINT('',(0.00892275117366921,0.0170008819602943,0.));
#5291=CARTESIAN_POINT('',(0.00750175843403413,0.0174490779374118,0.));
#5292=CARTESIAN_POINT('',(0.0119965038048993,0.0160313882214835,0.));
#5293=CARTESIAN_POINT('',(0.00765810975582817,0.0178728325335786,0.));
#5294=CARTESIAN_POINT('',(0.00727149468198344,0.0180369324564185,0.));
#5295=CARTESIAN_POINT('',(0.00651790667227625,0.0183227306905661,0.));
#5296=CARTESIAN_POINT('',(0.00611970275704783,0.0184562733500303,0.));
#5297=CARTESIAN_POINT('',(0.00165126473427772,0.0199548198845846,0.));
#5298=CARTESIAN_POINT('',(0.00595573212764964,0.018035408376085,0.));
#5299=CARTESIAN_POINT('',(0.00459489488120065,0.0186422213527732,0.));
#5300=CARTESIAN_POINT('',(0.00310793329003523,0.0187373277479252,0.));
#5301=CARTESIAN_POINT('',(0.00781134488541142,0.0184364964928274,0.));
#5302=CARTESIAN_POINT('',(0.00315833021389837,0.0191861861261073,0.));
#5303=CARTESIAN_POINT('',(0.00274367778941131,0.0192529945602081,0.));
#5304=CARTESIAN_POINT('',(0.00165126473427772,0.0199548198845846,0.005));
#5305=CARTESIAN_POINT('',(0.00611970275704783,0.0184562733500302,0.005));
#5306=CARTESIAN_POINT('',(0.00595573212764963,0.018035408376085,0.005));
#5307=CARTESIAN_POINT('',(0.00651790667227625,0.0183227306905661,0.005));
#5308=CARTESIAN_POINT('',(0.00274367778941131,0.0192529945602081,0.005));
#5309=CARTESIAN_POINT('',(0.00315833021389839,0.0191861861261073,0.005));
#5310=CARTESIAN_POINT('',(0.00781134488541142,0.0184364964928274,0.005));
#5311=CARTESIAN_POINT('',(0.00310793329003523,0.0187373277479252,0.005));
#5312=CARTESIAN_POINT('',(0.00459489488120065,0.0186422213527732,0.005));
#5313=CARTESIAN_POINT('',(0.00637878295856906,0.0189797955683498,0.005));
#5314=CARTESIAN_POINT('',(0.0103587506340704,0.016455426858845,0.005));
#5315=CARTESIAN_POINT('',(0.010098825112343,0.0160860321962498,0.005));
#5316=CARTESIAN_POINT('',(0.0107134246169681,0.0162304682718662,0.005));
#5317=CARTESIAN_POINT('',(0.00727149468198344,0.0180369324564185,0.005));
#5318=CARTESIAN_POINT('',(0.0076581097558282,0.0178728325335786,0.005));
#5319=CARTESIAN_POINT('',(0.0119965038048993,0.0160313882214835,0.005));
#5320=CARTESIAN_POINT('',(0.00750175843403413,0.0174490779374119,0.005));
#5321=CARTESIAN_POINT('',(0.00892275117366921,0.0170008819602943,0.005));
#5322=CARTESIAN_POINT('',(0.0107355895032411,0.0169017345224324,0.005));
#5323=CARTESIAN_POINT('',(0.0139957855767675,0.0134982507716667,0.005));
#5324=CARTESIAN_POINT('',(0.0136550110892428,0.0132017942955166,0.005));
#5325=CARTESIAN_POINT('',(0.0142863172646358,0.0131949500325572,0.005));
#5326=CARTESIAN_POINT('',(0.0113767187344465,0.0157726293998436,0.005));
#5327=CARTESIAN_POINT('',(0.0117128277948456,0.0155207748793012,0.005));
#5328=CARTESIAN_POINT('',(0.0154844695287635,0.0126945939384321,0.005));
#5329=CARTESIAN_POINT('',(0.0114596086456294,0.0151467511419939,0.005));
#5330=CARTESIAN_POINT('',(0.012732049600805,0.0143715131039747,0.005));
#5331=CARTESIAN_POINT('',(0.0144684826082648,0.0138414061013765,0.005));
#5332=CARTESIAN_POINT('',(0.0168194363343534,0.00975660541378443,0.005));
#5333=CARTESIAN_POINT('',(0.0164176174555815,0.00955031609689765,0.005));
#5334=CARTESIAN_POINT('',(0.0170289410815332,0.00939258925904797,0.005));
#5335=CARTESIAN_POINT('',(0.0148207692467535,0.0125916784537249,0.005));
#5336=CARTESIAN_POINT('',(0.0150868388568233,0.01226670620476,0.005));
#5337=CARTESIAN_POINT('',(0.0180725341673727,0.00862003599865053,0.005));
#5338=CARTESIAN_POINT('',(0.0147514680567233,0.0119641502264034,0.005));
#5339=CARTESIAN_POINT('',(0.0158014075842593,0.0109069241443768,0.005));
#5340=CARTESIAN_POINT('',(0.0173605200948906,0.00997666546917266,0.005));
#5341=CARTESIAN_POINT('',(0.0186656025883503,0.00544794161307063,0.005));
#5342=CARTESIAN_POINT('',(0.0182260915710132,0.00534380824071358,0.005));
#5343=CARTESIAN_POINT('',(0.0187819047404543,0.00504436533847564,0.005));
#5344=CARTESIAN_POINT('',(0.0174034905217435,0.00867894492476471,0.005));
#5345=CARTESIAN_POINT('',(0.0175840576828705,0.00829974115326111,0.005));
#5346=CARTESIAN_POINT('',(0.019610288811163,0.00404451289918337,0.005));
#5347=CARTESIAN_POINT('',(0.0171860257637652,0.00808623638757104,0.005));
#5348=CARTESIAN_POINT('',(0.0179524451946961,0.00680846439856379,0.005));
#5349=CARTESIAN_POINT('',(0.0192436272565243,0.00553211730360399,0.005));
#5350=CARTESIAN_POINT('',(0.0194269918666171,0.000822663248267188,0.005));
#5351=CARTESIAN_POINT('',(0.0189753314934849,0.000826737673531864,0.005));
#5352=CARTESIAN_POINT('',(0.0194433323653061,0.00040298123995305,0.005));
#5353=CARTESIAN_POINT('',(0.0189747841867239,0.00426182266345838,0.005));
#5354=CARTESIAN_POINT('',(0.0190593549918383,0.00385042531426627,0.005));
#5355=CARTESIAN_POINT('',(0.0200083647497479,-0.000766062588778124,0.005));
#5356=CARTESIAN_POINT('',(0.0186217941220789,0.00373837988216633,0.005));
#5357=CARTESIAN_POINT('',(0.0190601519449003,0.00231432144966741,0.005));
#5358=CARTESIAN_POINT('',(0.0200083647497479,0.000766062588778109,0.005));
#5359=CARTESIAN_POINT('',(0.0190593549918383,-0.00385042531426625,0.005));
#5360=CARTESIAN_POINT('',(0.0186217941220789,-0.00373837988216634,0.005));
#5361=CARTESIAN_POINT('',(0.0189747841867239,-0.00426182266345836,0.005));
#5362=CARTESIAN_POINT('',(0.0194433323653061,-0.000402981239953027,0.005));
#5363=CARTESIAN_POINT('',(0.0194269918666171,-0.000822663248267182,0.005));
#5364=CARTESIAN_POINT('',(0.0192436272565243,-0.005532117303604,0.005));
#5365=CARTESIAN_POINT('',(0.0189753314934849,-0.000826737673531855,0.005));
#5366=CARTESIAN_POINT('',(0.0190601519449003,-0.0023143214496674,0.005));
#5367=CARTESIAN_POINT('',(0.0196102888111629,-0.00404451289918338,0.005));
#5368=CARTESIAN_POINT('',(0.0175840576828705,-0.00829974115326113,0.005));
#5369=CARTESIAN_POINT('',(0.0171860257637652,-0.00808623638757105,0.005));
#5370=CARTESIAN_POINT('',(0.0174034905217435,-0.00867894492476469,0.005));
#5371=CARTESIAN_POINT('',(0.0187819047404543,-0.00504436533847561,0.005));
#5372=CARTESIAN_POINT('',(0.0186656025883503,-0.00544794161307062,0.005));
#5373=CARTESIAN_POINT('',(0.0173605200948906,-0.00997666546917268,0.005));
#5374=CARTESIAN_POINT('',(0.0182260915710132,-0.00534380824071357,0.005));
#5375=CARTESIAN_POINT('',(0.0179524451946961,-0.00680846439856377,0.005));
#5376=CARTESIAN_POINT('',(0.0180725341673727,-0.00862003599865053,0.005));
#5377=CARTESIAN_POINT('',(0.0150868388568233,-0.01226670620476,0.005));
#5378=CARTESIAN_POINT('',(0.0147514680567233,-0.0119641502264034,0.005));
#5379=CARTESIAN_POINT('',(0.0148207692467535,-0.0125916784537249,0.005));
#5380=CARTESIAN_POINT('',(0.0170289410815332,-0.00939258925904795,0.005));
#5381=CARTESIAN_POINT('',(0.0168194363343534,-0.00975660541378438,0.005));
#5382=CARTESIAN_POINT('',(0.0144684826082648,-0.0138414061013765,0.005));
#5383=CARTESIAN_POINT('',(0.0164176174555816,-0.00955031609689764,0.005));
#5384=CARTESIAN_POINT('',(0.0158014075842593,-0.0109069241443767,0.005));
#5385=CARTESIAN_POINT('',(0.0154844695287635,-0.0126945939384321,0.005));
#5386=CARTESIAN_POINT('',(0.0117128277948456,-0.0155207748793012,0.005));
#5387=CARTESIAN_POINT('',(0.0114596086456294,-0.0151467511419939,0.005));
#5388=CARTESIAN_POINT('',(0.0113767187344465,-0.0157726293998436,0.005));
#5389=CARTESIAN_POINT('',(0.0142863172646358,-0.0131949500325572,0.005));
#5390=CARTESIAN_POINT('',(0.0139957855767674,-0.0134982507716668,0.005));
#5391=CARTESIAN_POINT('',(0.010735589503241,-0.0169017345224324,0.005));
#5392=CARTESIAN_POINT('',(0.0136550110892428,-0.0132017942955166,0.005));
#5393=CARTESIAN_POINT('',(0.012732049600805,-0.0143715131039747,0.005));
#5394=CARTESIAN_POINT('',(0.0119965038048993,-0.0160313882214835,0.005));
#5395=CARTESIAN_POINT('',(0.00765810975582816,-0.0178728325335786,0.005));
#5396=CARTESIAN_POINT('',(0.00750175843403417,-0.0174490779374119,0.005));
#5397=CARTESIAN_POINT('',(0.00727149468198347,-0.0180369324564185,0.005));
#5398=CARTESIAN_POINT('',(0.0107134246169681,-0.0162304682718662,0.005));
#5399=CARTESIAN_POINT('',(0.0103587506340705,-0.016455426858845,0.005));
#5400=CARTESIAN_POINT('',(0.00637878295856905,-0.0189797955683498,0.005));
#5401=CARTESIAN_POINT('',(0.010098825112343,-0.0160860321962498,0.005));
#5402=CARTESIAN_POINT('',(0.00892275117366922,-0.0170008819602943,0.005));
#5403=CARTESIAN_POINT('',(0.00781134488541137,-0.0184364964928275,0.005));
#5404=CARTESIAN_POINT('',(0.00315833021389836,-0.0191861861261073,0.005));
#5405=CARTESIAN_POINT('',(0.0031079332900352,-0.0187373277479252,0.005));
#5406=CARTESIAN_POINT('',(0.0027436777894113,-0.0192529945602081,0.005));
#5407=CARTESIAN_POINT('',(0.00651790667227623,-0.0183227306905661,0.005));
#5408=CARTESIAN_POINT('',(0.00611970275704781,-0.0184562733500302,0.005));
#5409=CARTESIAN_POINT('',(0.00165126473427767,-0.0199548198845846,0.005));
#5410=CARTESIAN_POINT('',(0.0059557321276496,-0.018035408376085,0.005));
#5411=CARTESIAN_POINT('',(0.00459489488120063,-0.0186422213527732,0.005));
#5412=CARTESIAN_POINT('',(0.00317221899426679,-0.0197701426019464,0.005));
#5413=CARTESIAN_POINT('',(-0.001525,-0.0193845083199356,0.005));
#5414=CARTESIAN_POINT('',(-0.00146651363990268,-0.0189366321771443,0.005));
#5415=CARTESIAN_POINT('',(-0.00194359168341844,-0.0193501426019464,0.005));
#5416=CARTESIAN_POINT('',(0.00194359168341846,-0.0193501426019464,0.005));
#5417=CARTESIAN_POINT('',(0.001525,-0.0193845083199356,0.005));
#5418=CARTESIAN_POINT('',(-0.0031722189942668,-0.0197701426019464,0.005));
#5419=CARTESIAN_POINT('',(0.00146651363990269,-0.0189366321771443,0.005));
#5420=CARTESIAN_POINT('',(9.42976785087242E-18,-0.0192001426019464,0.005));
#5421=CARTESIAN_POINT('',(-0.0016512647342777,-0.0199548198845846,0.005));
#5422=CARTESIAN_POINT('',(-0.0061197027570478,-0.0184562733500302,0.005));
#5423=CARTESIAN_POINT('',(-0.00595573212764961,-0.018035408376085,0.005));
#5424=CARTESIAN_POINT('',(-0.00651790667227622,-0.0183227306905661,0.005));
#5425=CARTESIAN_POINT('',(-0.00274367778941129,-0.0192529945602081,0.005));
#5426=CARTESIAN_POINT('',(-0.00315833021389837,-0.0191861861261073,0.005));
#5427=CARTESIAN_POINT('',(-0.0078113448854114,-0.0184364964928274,0.005));
#5428=CARTESIAN_POINT('',(-0.00310793329003521,-0.0187373277479252,0.005));
#5429=CARTESIAN_POINT('',(-0.00459489488120063,-0.0186422213527732,0.005));
#5430=CARTESIAN_POINT('',(-0.00637878295856906,-0.0189797955683498,0.005));
#5431=CARTESIAN_POINT('',(-0.0103587506340704,-0.016455426858845,0.005));
#5432=CARTESIAN_POINT('',(-0.010098825112343,-0.0160860321962498,0.005));
#5433=CARTESIAN_POINT('',(-0.0107134246169681,-0.0162304682718662,0.005));
#5434=CARTESIAN_POINT('',(-0.00727149468198344,-0.0180369324564185,0.005));
#5435=CARTESIAN_POINT('',(-0.0076581097558282,-0.0178728325335786,0.005));
#5436=CARTESIAN_POINT('',(-0.0119965038048993,-0.0160313882214835,0.005));
#5437=CARTESIAN_POINT('',(-0.00750175843403413,-0.0174490779374119,0.005));
#5438=CARTESIAN_POINT('',(-0.00892275117366921,-0.0170008819602943,0.005));
#5439=CARTESIAN_POINT('',(-0.0107355895032411,-0.0169017345224324,0.005));
#5440=CARTESIAN_POINT('',(-0.0139957855767674,-0.0134982507716668,0.005));
#5441=CARTESIAN_POINT('',(-0.0136550110892428,-0.0132017942955166,0.005));
#5442=CARTESIAN_POINT('',(-0.0142863172646358,-0.0131949500325573,0.005));
#5443=CARTESIAN_POINT('',(-0.0113767187344465,-0.0157726293998436,0.005));
#5444=CARTESIAN_POINT('',(-0.0117128277948456,-0.0155207748793012,0.005));
#5445=CARTESIAN_POINT('',(-0.0154844695287635,-0.0126945939384321,0.005));
#5446=CARTESIAN_POINT('',(-0.0114596086456294,-0.0151467511419939,0.005));
#5447=CARTESIAN_POINT('',(-0.012732049600805,-0.0143715131039747,0.005));
#5448=CARTESIAN_POINT('',(-0.0144684826082648,-0.0138414061013765,0.005));
#5449=CARTESIAN_POINT('',(-0.0168194363343534,-0.00975660541378444,0.005));
#5450=CARTESIAN_POINT('',(-0.0164176174555815,-0.00955031609689765,0.005));
#5451=CARTESIAN_POINT('',(-0.0170289410815332,-0.00939258925904798,0.005));
#5452=CARTESIAN_POINT('',(-0.0148207692467535,-0.0125916784537249,0.005));
#5453=CARTESIAN_POINT('',(-0.0150868388568233,-0.01226670620476,0.005));
#5454=CARTESIAN_POINT('',(-0.0180725341673727,-0.00862003599865054,0.005));
#5455=CARTESIAN_POINT('',(-0.0147514680567233,-0.0119641502264034,0.005));
#5456=CARTESIAN_POINT('',(-0.0158014075842593,-0.0109069241443768,0.005));
#5457=CARTESIAN_POINT('',(-0.0173605200948906,-0.00997666546917266,0.005));
#5458=CARTESIAN_POINT('',(-0.0186656025883503,-0.00544794161307063,0.005));
#5459=CARTESIAN_POINT('',(-0.0182260915710132,-0.00534380824071358,0.005));
#5460=CARTESIAN_POINT('',(-0.0187819047404543,-0.00504436533847564,0.005));
#5461=CARTESIAN_POINT('',(-0.0174034905217435,-0.00867894492476471,0.005));
#5462=CARTESIAN_POINT('',(-0.0175840576828705,-0.00829974115326114,0.005));
#5463=CARTESIAN_POINT('',(-0.0196102888111629,-0.00404451289918337,0.005));
#5464=CARTESIAN_POINT('',(-0.0171860257637652,-0.00808623638757109,0.005));
#5465=CARTESIAN_POINT('',(-0.017952445194696,-0.00680846439856379,0.005));
#5466=CARTESIAN_POINT('',(-0.0192436272565243,-0.00553211730360399,0.005));
#5467=CARTESIAN_POINT('',(-0.0194269918666171,-0.000822663248267191,0.005));
#5468=CARTESIAN_POINT('',(-0.0189753314934849,-0.000826737673531864,0.005));
#5469=CARTESIAN_POINT('',(-0.0194433323653061,-0.000402981239953053,0.005));
#5470=CARTESIAN_POINT('',(-0.0189747841867239,-0.00426182266345839,0.005));
#5471=CARTESIAN_POINT('',(-0.0190593549918383,-0.00385042531426627,0.005));
#5472=CARTESIAN_POINT('',(-0.0200083647497479,0.000766062588778121,0.005));
#5473=CARTESIAN_POINT('',(-0.0186217941220789,-0.00373837988216634,0.005));
#5474=CARTESIAN_POINT('',(-0.0190601519449003,-0.00231432144966742,0.005));
#5475=CARTESIAN_POINT('',(-0.0200083647497479,-0.000766062588778095,0.005));
#5476=CARTESIAN_POINT('',(-0.0190593549918383,0.00385042531426627,0.005));
#5477=CARTESIAN_POINT('',(-0.0186217941220789,0.00373837988216636,0.005));
#5478=CARTESIAN_POINT('',(-0.0189747841867239,0.00426182266345838,0.005));
#5479=CARTESIAN_POINT('',(-0.0194433323653061,0.00040298123995304,0.005));
#5480=CARTESIAN_POINT('',(-0.0194269918666171,0.000822663248267202,0.005));
#5481=CARTESIAN_POINT('',(-0.0192436272565243,0.00553211730360402,0.005));
#5482=CARTESIAN_POINT('',(-0.0189753314934849,0.000826737673531865,0.005));
#5483=CARTESIAN_POINT('',(-0.0190601519449003,0.00231432144966741,0.005));
#5484=CARTESIAN_POINT('',(-0.0196102888111629,0.00404451289918338,0.005));
#5485=CARTESIAN_POINT('',(-0.0175840576828705,0.00829974115326112,0.005));
#5486=CARTESIAN_POINT('',(-0.0171860257637652,0.00808623638757104,0.005));
#5487=CARTESIAN_POINT('',(-0.0174034905217435,0.00867894492476468,0.005));
#5488=CARTESIAN_POINT('',(-0.0187819047404543,0.00504436533847561,0.005));
#5489=CARTESIAN_POINT('',(-0.0186656025883503,0.00544794161307061,0.005));
#5490=CARTESIAN_POINT('',(-0.0173605200948906,0.00997666546917267,0.005));
#5491=CARTESIAN_POINT('',(-0.0182260915710132,0.00534380824071357,0.005));
#5492=CARTESIAN_POINT('',(-0.0179524451946961,0.00680846439856377,0.005));
#5493=CARTESIAN_POINT('',(-0.0180725341673726,0.00862003599865054,0.005));
#5494=CARTESIAN_POINT('',(-0.0150868388568233,0.01226670620476,0.005));
#5495=CARTESIAN_POINT('',(-0.0147514680567233,0.0119641502264034,0.005));
#5496=CARTESIAN_POINT('',(-0.0148207692467535,0.0125916784537249,0.005));
#5497=CARTESIAN_POINT('',(-0.0170289410815332,0.00939258925904795,0.005));
#5498=CARTESIAN_POINT('',(-0.0168194363343534,0.00975660541378443,0.005));
#5499=CARTESIAN_POINT('',(-0.0144684826082647,0.0138414061013765,0.005));
#5500=CARTESIAN_POINT('',(-0.0164176174555815,0.0095503160968976,0.005));
#5501=CARTESIAN_POINT('',(-0.0158014075842593,0.0109069241443767,0.005));
#5502=CARTESIAN_POINT('',(-0.0154844695287635,0.0126945939384321,0.005));
#5503=CARTESIAN_POINT('',(-0.0117128277948456,0.0155207748793012,0.005));
#5504=CARTESIAN_POINT('',(-0.0114596086456294,0.0151467511419938,0.005));
#5505=CARTESIAN_POINT('',(-0.0113767187344465,0.0157726293998435,0.005));
#5506=CARTESIAN_POINT('',(-0.0142863172646358,0.0131949500325572,0.005));
#5507=CARTESIAN_POINT('',(-0.0139957855767674,0.0134982507716668,0.005));
#5508=CARTESIAN_POINT('',(-0.010735589503241,0.0169017345224324,0.005));
#5509=CARTESIAN_POINT('',(-0.0136550110892428,0.0132017942955166,0.005));
#5510=CARTESIAN_POINT('',(-0.012732049600805,0.0143715131039747,0.005));
#5511=CARTESIAN_POINT('',(-0.0119965038048993,0.0160313882214835,0.005));
#5512=CARTESIAN_POINT('',(-0.00765810975582819,0.0178728325335786,0.005));
#5513=CARTESIAN_POINT('',(-0.00750175843403418,0.0174490779374119,0.005));
#5514=CARTESIAN_POINT('',(-0.00727149468198347,0.0180369324564184,0.005));
#5515=CARTESIAN_POINT('',(-0.0107134246169681,0.0162304682718662,0.005));
#5516=CARTESIAN_POINT('',(-0.0103587506340705,0.016455426858845,0.005));
#5517=CARTESIAN_POINT('',(-0.00637878295856905,0.0189797955683498,0.005));
#5518=CARTESIAN_POINT('',(-0.010098825112343,0.0160860321962498,0.005));
#5519=CARTESIAN_POINT('',(-0.00892275117366922,0.0170008819602943,0.005));
#5520=CARTESIAN_POINT('',(-0.00781134488541137,0.0184364964928274,0.005));
#5521=CARTESIAN_POINT('',(-0.00315833021389836,0.0191861861261073,0.005));
#5522=CARTESIAN_POINT('',(-0.00310793329003521,0.0187373277479252,0.005));
#5523=CARTESIAN_POINT('',(-0.0027436777894113,0.0192529945602081,0.005));
#5524=CARTESIAN_POINT('',(-0.00651790667227624,0.0183227306905661,0.005));
#5525=CARTESIAN_POINT('',(-0.00611970275704781,0.0184562733500302,0.005));
#5526=CARTESIAN_POINT('',(-0.00165126473427767,0.0199548198845846,0.005));
#5527=CARTESIAN_POINT('',(-0.0059557321276496,0.018035408376085,0.005));
#5528=CARTESIAN_POINT('',(-0.00459489488120063,0.0186422213527732,0.005));
#5529=CARTESIAN_POINT('',(-0.00317221899426678,0.0197701426019464,0.005));
#5530=CARTESIAN_POINT('',(0.001525,0.0193845083199356,0.005));
#5531=CARTESIAN_POINT('',(0.00146651363990269,0.0189366321771443,0.005));
#5532=CARTESIAN_POINT('',(0.00194359168341845,0.0193501426019464,0.005));
#5533=CARTESIAN_POINT('',(-0.00194359168341845,0.0193501426019464,0.005));
#5534=CARTESIAN_POINT('',(-0.001525,0.0193845083199356,0.005));
#5535=CARTESIAN_POINT('',(0.00317221899426682,0.0197701426019464,0.005));
#5536=CARTESIAN_POINT('',(-0.00146651363990268,0.0189366321771443,0.005));
#5537=CARTESIAN_POINT('',(1.62630325872826E-19,0.0192001426019464,0.005));
#5538=MECHANICAL_DESIGN_GEOMETRIC_PRESENTATION_REPRESENTATION('',(#3005),
#5539);
#5539=(
GEOMETRIC_REPRESENTATION_CONTEXT(3)
GLOBAL_UNCERTAINTY_ASSIGNED_CONTEXT((#5540))
GLOBAL_UNIT_ASSIGNED_CONTEXT((#5543,#5542,#5541))
REPRESENTATION_CONTEXT('HTD timing belt','TOP_LEVEL_ASSEMBLY_PART')
);
#5540=UNCERTAINTY_MEASURE_WITH_UNIT(LENGTH_MEASURE(1.E-8),#5543,
'DISTANCE_ACCURACY_VALUE','Maximum Tolerance applied to model');
#5541=(
NAMED_UNIT(*)
SI_UNIT($,.STERADIAN.)
SOLID_ANGLE_UNIT()
);
#5542=(
NAMED_UNIT(*)
PLANE_ANGLE_UNIT()
SI_UNIT($,.RADIAN.)
);
#5543=(
LENGTH_UNIT()
NAMED_UNIT(*)
SI_UNIT($,.METRE.)
);
#5544=PRODUCT_DEFINITION_SHAPE('','',#5545);
#5545=PRODUCT_DEFINITION('','',#5547,#5546);
#5546=PRODUCT_DEFINITION_CONTEXT('',#5553,'design');
#5547=PRODUCT_DEFINITION_FORMATION_WITH_SPECIFIED_SOURCE('','',#5549,
 .NOT_KNOWN.);
#5548=PRODUCT_RELATED_PRODUCT_CATEGORY('','',(#5549));
#5549=PRODUCT('HTD timing belt','HTD timing belt','HTD timing belt',(#5551));
#5550=PRODUCT_CATEGORY('','');
#5551=PRODUCT_CONTEXT('',#5553,'mechanical');
#5552=APPLICATION_PROTOCOL_DEFINITION('international standard',
'ap242_managed_model_based_3d_engineering',2020,#5553);
#5553=APPLICATION_CONTEXT('managed model based 3d engineering');
ENDSEC;
END-ISO-10303-21;
