ISO-10303-21;
HEADER;
/* Generated by software containing ST-Developer
 * from STEP Tools, Inc. (www.steptools.com) 
 */
/* OPTION: using custom renumber hook */

FILE_DESCRIPTION(
/* description */ ('STEP AP242 Edition 2',
'CAx-IF Rec.Pracs.---Representation and Presentation of Product Manufa
cturing Information (PMI)---4.0---2014-10-13',
'CAx-IF Rec.Pracs.---3D Tessellated Geometry---0.4---2014-09-14','2;1',
'CAx-IF Rec.Pracs.---User Defined Attributes---1.5---2016-08-15'),
/* implementation_level */ '2;1');

FILE_NAME(
/* name */ 'wheel input belt (3dp) - HTD timing belt',
/* time_stamp */ '2026-08-07T00:03:11Z',
/* author */ (''),
/* organization */ (''),
/* preprocessor_version */ 'ST-DEVELOPER v20',
/* originating_system */ 'ONSHAPE BY PTC INC, 1.218',
/* authorisation */ '  ');

FILE_SCHEMA (('AP242_MANAGED_MODEL_BASED_3D_ENGINEERING_MIM_LF { 1 0 10303 442 3 1 4 }'));
ENDSEC;

DATA;
#10=SHAPE_REPRESENTATION_RELATIONSHIP('','',#3927,#11);
#11=ADVANCED_BREP_SHAPE_REPRESENTATION('',(#3925),#7219);
#12=PLANE('',#4034);
#13=PLANE('',#4205);
#14=CIRCLE('',#3930,0.0261363403256222);
#15=CIRCLE('',#3931,0.0261363403256222);
#16=CIRCLE('',#3933,0.0261363403256222);
#17=CIRCLE('',#3934,0.0261363403256222);
#18=CIRCLE('',#3936,0.0261363403256222);
#19=CIRCLE('',#3937,0.0261363403256222);
#20=CIRCLE('',#3939,0.0261363403256222);
#21=CIRCLE('',#3940,0.0261363403256222);
#22=CIRCLE('',#3942,0.0261363403256222);
#23=CIRCLE('',#3943,0.0261363403256222);
#24=CIRCLE('',#3945,0.0261363403256222);
#25=CIRCLE('',#3946,0.0261363403256222);
#26=CIRCLE('',#3948,0.0261363403256222);
#27=CIRCLE('',#3949,0.0261363403256222);
#28=CIRCLE('',#3951,0.0261363403256222);
#29=CIRCLE('',#3952,0.0261363403256222);
#30=CIRCLE('',#3954,0.0261363403256222);
#31=CIRCLE('',#3955,0.0261363403256222);
#32=CIRCLE('',#3957,0.0261363403256222);
#33=CIRCLE('',#3958,0.0261363403256222);
#34=CIRCLE('',#3960,0.0261363403256222);
#35=CIRCLE('',#3961,0.0261363403256222);
#36=CIRCLE('',#3963,0.0261363403256222);
#37=CIRCLE('',#3964,0.0261363403256222);
#38=CIRCLE('',#3966,0.0261363403256222);
#39=CIRCLE('',#3967,0.0261363403256222);
#40=CIRCLE('',#3969,0.0261363403256222);
#41=CIRCLE('',#3970,0.0261363403256222);
#42=CIRCLE('',#3972,0.0261363403256222);
#43=CIRCLE('',#3973,0.0261363403256222);
#44=CIRCLE('',#3975,0.0261363403256222);
#45=CIRCLE('',#3976,0.0261363403256222);
#46=CIRCLE('',#3978,0.0261363403256222);
#47=CIRCLE('',#3979,0.0261363403256222);
#48=CIRCLE('',#3981,0.0261363403256222);
#49=CIRCLE('',#3982,0.0261363403256222);
#50=CIRCLE('',#3984,0.0261363403256222);
#51=CIRCLE('',#3985,0.0261363403256222);
#52=CIRCLE('',#3987,0.0261363403256222);
#53=CIRCLE('',#3988,0.0261363403256222);
#54=CIRCLE('',#3990,0.0261363403256222);
#55=CIRCLE('',#3991,0.0261363403256222);
#56=CIRCLE('',#3993,0.0261363403256222);
#57=CIRCLE('',#3994,0.0261363403256222);
#58=CIRCLE('',#3996,0.0261363403256222);
#59=CIRCLE('',#3997,0.0261363403256222);
#60=CIRCLE('',#3999,0.0261363403256222);
#61=CIRCLE('',#4000,0.0261363403256222);
#62=CIRCLE('',#4002,0.0261363403256222);
#63=CIRCLE('',#4003,0.0261363403256222);
#64=CIRCLE('',#4005,0.0261363403256222);
#65=CIRCLE('',#4006,0.0261363403256222);
#66=CIRCLE('',#4008,0.0261363403256222);
#67=CIRCLE('',#4009,0.0261363403256222);
#68=CIRCLE('',#4011,0.0261363403256222);
#69=CIRCLE('',#4012,0.0261363403256222);
#70=CIRCLE('',#4014,0.0261363403256222);
#71=CIRCLE('',#4015,0.0261363403256222);
#72=CIRCLE('',#4017,0.0261363403256222);
#73=CIRCLE('',#4018,0.0261363403256222);
#74=CIRCLE('',#4020,0.0261363403256222);
#75=CIRCLE('',#4021,0.0261363403256222);
#76=CIRCLE('',#4023,0.0261363403256222);
#77=CIRCLE('',#4024,0.0261363403256222);
#78=CIRCLE('',#4026,0.0261363403256222);
#79=CIRCLE('',#4027,0.0261363403256222);
#80=CIRCLE('',#4029,0.0261363403256222);
#81=CIRCLE('',#4030,0.0261363403256222);
#82=CIRCLE('',#4032,0.0278763403256222);
#83=CIRCLE('',#4033,0.0278763403256222);
#84=CIRCLE('',#4035,0.00042);
#85=CIRCLE('',#4036,0.000420000000000005);
#86=CIRCLE('',#4037,0.00471302239328064);
#87=CIRCLE('',#4038,0.00149);
#88=CIRCLE('',#4039,0.00471302239328081);
#89=CIRCLE('',#4040,0.00042);
#90=CIRCLE('',#4041,0.000420000000000005);
#91=CIRCLE('',#4042,0.00471302239328064);
#92=CIRCLE('',#4043,0.00149);
#93=CIRCLE('',#4044,0.00471302239328081);
#94=CIRCLE('',#4045,0.00042);
#95=CIRCLE('',#4046,0.000420000000000005);
#96=CIRCLE('',#4047,0.00471302239328064);
#97=CIRCLE('',#4048,0.00149);
#98=CIRCLE('',#4049,0.00471302239328081);
#99=CIRCLE('',#4050,0.00042);
#100=CIRCLE('',#4051,0.000420000000000005);
#101=CIRCLE('',#4052,0.00471302239328064);
#102=CIRCLE('',#4053,0.00149);
#103=CIRCLE('',#4054,0.00471302239328081);
#104=CIRCLE('',#4055,0.00042);
#105=CIRCLE('',#4056,0.000420000000000005);
#106=CIRCLE('',#4057,0.00471302239328064);
#107=CIRCLE('',#4058,0.00149);
#108=CIRCLE('',#4059,0.00471302239328081);
#109=CIRCLE('',#4060,0.00042);
#110=CIRCLE('',#4061,0.000420000000000005);
#111=CIRCLE('',#4062,0.00471302239328064);
#112=CIRCLE('',#4063,0.00149);
#113=CIRCLE('',#4064,0.00471302239328081);
#114=CIRCLE('',#4065,0.00042);
#115=CIRCLE('',#4066,0.000420000000000005);
#116=CIRCLE('',#4067,0.00471302239328064);
#117=CIRCLE('',#4068,0.00149);
#118=CIRCLE('',#4069,0.00471302239328081);
#119=CIRCLE('',#4070,0.00042);
#120=CIRCLE('',#4071,0.000420000000000005);
#121=CIRCLE('',#4072,0.00471302239328064);
#122=CIRCLE('',#4073,0.00149);
#123=CIRCLE('',#4074,0.00471302239328081);
#124=CIRCLE('',#4075,0.00042);
#125=CIRCLE('',#4076,0.000420000000000005);
#126=CIRCLE('',#4077,0.00471302239328064);
#127=CIRCLE('',#4078,0.00149);
#128=CIRCLE('',#4079,0.00471302239328081);
#129=CIRCLE('',#4080,0.00042);
#130=CIRCLE('',#4081,0.000420000000000005);
#131=CIRCLE('',#4082,0.00471302239328064);
#132=CIRCLE('',#4083,0.00149);
#133=CIRCLE('',#4084,0.00471302239328081);
#134=CIRCLE('',#4085,0.00042);
#135=CIRCLE('',#4086,0.000420000000000005);
#136=CIRCLE('',#4087,0.00471302239328064);
#137=CIRCLE('',#4088,0.00149);
#138=CIRCLE('',#4089,0.00471302239328081);
#139=CIRCLE('',#4090,0.00042);
#140=CIRCLE('',#4091,0.000420000000000005);
#141=CIRCLE('',#4092,0.00471302239328064);
#142=CIRCLE('',#4093,0.00149);
#143=CIRCLE('',#4094,0.00471302239328081);
#144=CIRCLE('',#4095,0.00042);
#145=CIRCLE('',#4096,0.000420000000000005);
#146=CIRCLE('',#4097,0.00471302239328064);
#147=CIRCLE('',#4098,0.00149);
#148=CIRCLE('',#4099,0.00471302239328081);
#149=CIRCLE('',#4100,0.00042);
#150=CIRCLE('',#4101,0.000420000000000005);
#151=CIRCLE('',#4102,0.00471302239328064);
#152=CIRCLE('',#4103,0.00149);
#153=CIRCLE('',#4104,0.00471302239328081);
#154=CIRCLE('',#4105,0.00042);
#155=CIRCLE('',#4106,0.000420000000000005);
#156=CIRCLE('',#4107,0.00471302239328064);
#157=CIRCLE('',#4108,0.00149);
#158=CIRCLE('',#4109,0.00471302239328081);
#159=CIRCLE('',#4110,0.00042);
#160=CIRCLE('',#4111,0.000420000000000005);
#161=CIRCLE('',#4112,0.00471302239328064);
#162=CIRCLE('',#4113,0.00149);
#163=CIRCLE('',#4114,0.00471302239328081);
#164=CIRCLE('',#4115,0.00042);
#165=CIRCLE('',#4116,0.000420000000000005);
#166=CIRCLE('',#4117,0.00471302239328064);
#167=CIRCLE('',#4118,0.00149);
#168=CIRCLE('',#4119,0.00471302239328081);
#169=CIRCLE('',#4120,0.00042);
#170=CIRCLE('',#4121,0.000420000000000005);
#171=CIRCLE('',#4122,0.00471302239328064);
#172=CIRCLE('',#4123,0.00149);
#173=CIRCLE('',#4124,0.00471302239328081);
#174=CIRCLE('',#4125,0.00042);
#175=CIRCLE('',#4126,0.000420000000000005);
#176=CIRCLE('',#4127,0.00471302239328064);
#177=CIRCLE('',#4128,0.00149);
#178=CIRCLE('',#4129,0.00471302239328081);
#179=CIRCLE('',#4130,0.00042);
#180=CIRCLE('',#4131,0.000420000000000005);
#181=CIRCLE('',#4132,0.00471302239328064);
#182=CIRCLE('',#4133,0.00149);
#183=CIRCLE('',#4134,0.00471302239328081);
#184=CIRCLE('',#4135,0.00042);
#185=CIRCLE('',#4136,0.000420000000000005);
#186=CIRCLE('',#4137,0.00471302239328064);
#187=CIRCLE('',#4138,0.00149);
#188=CIRCLE('',#4139,0.00471302239328081);
#189=CIRCLE('',#4140,0.00042);
#190=CIRCLE('',#4141,0.000420000000000005);
#191=CIRCLE('',#4142,0.00471302239328064);
#192=CIRCLE('',#4143,0.00149);
#193=CIRCLE('',#4144,0.00471302239328081);
#194=CIRCLE('',#4145,0.00042);
#195=CIRCLE('',#4146,0.000420000000000005);
#196=CIRCLE('',#4147,0.00471302239328064);
#197=CIRCLE('',#4148,0.00149);
#198=CIRCLE('',#4149,0.00471302239328081);
#199=CIRCLE('',#4150,0.00042);
#200=CIRCLE('',#4151,0.000420000000000005);
#201=CIRCLE('',#4152,0.00471302239328064);
#202=CIRCLE('',#4153,0.00149);
#203=CIRCLE('',#4154,0.00471302239328081);
#204=CIRCLE('',#4155,0.00042);
#205=CIRCLE('',#4156,0.000420000000000005);
#206=CIRCLE('',#4157,0.00471302239328064);
#207=CIRCLE('',#4158,0.00149);
#208=CIRCLE('',#4159,0.00471302239328081);
#209=CIRCLE('',#4160,0.00042);
#210=CIRCLE('',#4161,0.000420000000000005);
#211=CIRCLE('',#4162,0.00471302239328064);
#212=CIRCLE('',#4163,0.00149);
#213=CIRCLE('',#4164,0.00471302239328081);
#214=CIRCLE('',#4165,0.00042);
#215=CIRCLE('',#4166,0.000420000000000005);
#216=CIRCLE('',#4167,0.00471302239328064);
#217=CIRCLE('',#4168,0.00149);
#218=CIRCLE('',#4169,0.00471302239328081);
#219=CIRCLE('',#4170,0.00042);
#220=CIRCLE('',#4171,0.000420000000000005);
#221=CIRCLE('',#4172,0.00471302239328064);
#222=CIRCLE('',#4173,0.00149);
#223=CIRCLE('',#4174,0.00471302239328081);
#224=CIRCLE('',#4175,0.00042);
#225=CIRCLE('',#4176,0.000420000000000005);
#226=CIRCLE('',#4177,0.00471302239328064);
#227=CIRCLE('',#4178,0.00149);
#228=CIRCLE('',#4179,0.00471302239328081);
#229=CIRCLE('',#4180,0.00042);
#230=CIRCLE('',#4181,0.000420000000000005);
#231=CIRCLE('',#4182,0.00471302239328064);
#232=CIRCLE('',#4183,0.00149);
#233=CIRCLE('',#4184,0.00471302239328081);
#234=CIRCLE('',#4185,0.00042);
#235=CIRCLE('',#4186,0.000420000000000005);
#236=CIRCLE('',#4187,0.00471302239328064);
#237=CIRCLE('',#4188,0.00149);
#238=CIRCLE('',#4189,0.00471302239328081);
#239=CIRCLE('',#4190,0.00042);
#240=CIRCLE('',#4191,0.000420000000000005);
#241=CIRCLE('',#4192,0.00471302239328064);
#242=CIRCLE('',#4193,0.00149);
#243=CIRCLE('',#4194,0.00471302239328081);
#244=CIRCLE('',#4195,0.00042);
#245=CIRCLE('',#4196,0.000420000000000005);
#246=CIRCLE('',#4197,0.00471302239328064);
#247=CIRCLE('',#4198,0.00149);
#248=CIRCLE('',#4199,0.00471302239328081);
#249=CIRCLE('',#4200,0.00042);
#250=CIRCLE('',#4201,0.000420000000000005);
#251=CIRCLE('',#4202,0.00471302239328064);
#252=CIRCLE('',#4203,0.00149);
#253=CIRCLE('',#4204,0.00471302239328081);
#254=CIRCLE('',#4206,0.00042);
#255=CIRCLE('',#4207,0.00471302239328081);
#256=CIRCLE('',#4208,0.00149);
#257=CIRCLE('',#4209,0.00471302239328064);
#258=CIRCLE('',#4210,0.000420000000000005);
#259=CIRCLE('',#4211,0.00042);
#260=CIRCLE('',#4212,0.00471302239328081);
#261=CIRCLE('',#4213,0.00149);
#262=CIRCLE('',#4214,0.00471302239328064);
#263=CIRCLE('',#4215,0.000420000000000005);
#264=CIRCLE('',#4216,0.00042);
#265=CIRCLE('',#4217,0.00471302239328081);
#266=CIRCLE('',#4218,0.00149);
#267=CIRCLE('',#4219,0.00471302239328064);
#268=CIRCLE('',#4220,0.000420000000000005);
#269=CIRCLE('',#4221,0.00042);
#270=CIRCLE('',#4222,0.00471302239328081);
#271=CIRCLE('',#4223,0.00149);
#272=CIRCLE('',#4224,0.00471302239328064);
#273=CIRCLE('',#4225,0.000420000000000005);
#274=CIRCLE('',#4226,0.00042);
#275=CIRCLE('',#4227,0.00471302239328081);
#276=CIRCLE('',#4228,0.00149);
#277=CIRCLE('',#4229,0.00471302239328064);
#278=CIRCLE('',#4230,0.000420000000000005);
#279=CIRCLE('',#4231,0.00042);
#280=CIRCLE('',#4232,0.00471302239328081);
#281=CIRCLE('',#4233,0.00149);
#282=CIRCLE('',#4234,0.00471302239328064);
#283=CIRCLE('',#4235,0.000420000000000005);
#284=CIRCLE('',#4236,0.00042);
#285=CIRCLE('',#4237,0.00471302239328081);
#286=CIRCLE('',#4238,0.00149);
#287=CIRCLE('',#4239,0.00471302239328064);
#288=CIRCLE('',#4240,0.000420000000000005);
#289=CIRCLE('',#4241,0.00042);
#290=CIRCLE('',#4242,0.00471302239328081);
#291=CIRCLE('',#4243,0.00149);
#292=CIRCLE('',#4244,0.00471302239328064);
#293=CIRCLE('',#4245,0.000420000000000005);
#294=CIRCLE('',#4246,0.00042);
#295=CIRCLE('',#4247,0.00471302239328081);
#296=CIRCLE('',#4248,0.00149);
#297=CIRCLE('',#4249,0.00471302239328064);
#298=CIRCLE('',#4250,0.000420000000000005);
#299=CIRCLE('',#4251,0.00042);
#300=CIRCLE('',#4252,0.00471302239328081);
#301=CIRCLE('',#4253,0.00149);
#302=CIRCLE('',#4254,0.00471302239328064);
#303=CIRCLE('',#4255,0.000420000000000005);
#304=CIRCLE('',#4256,0.00042);
#305=CIRCLE('',#4257,0.00471302239328081);
#306=CIRCLE('',#4258,0.00149);
#307=CIRCLE('',#4259,0.00471302239328064);
#308=CIRCLE('',#4260,0.000420000000000005);
#309=CIRCLE('',#4261,0.00042);
#310=CIRCLE('',#4262,0.00471302239328081);
#311=CIRCLE('',#4263,0.00149);
#312=CIRCLE('',#4264,0.00471302239328064);
#313=CIRCLE('',#4265,0.000420000000000005);
#314=CIRCLE('',#4266,0.00042);
#315=CIRCLE('',#4267,0.00471302239328081);
#316=CIRCLE('',#4268,0.00149);
#317=CIRCLE('',#4269,0.00471302239328064);
#318=CIRCLE('',#4270,0.000420000000000005);
#319=CIRCLE('',#4271,0.00042);
#320=CIRCLE('',#4272,0.00471302239328081);
#321=CIRCLE('',#4273,0.00149);
#322=CIRCLE('',#4274,0.00471302239328064);
#323=CIRCLE('',#4275,0.000420000000000005);
#324=CIRCLE('',#4276,0.00042);
#325=CIRCLE('',#4277,0.00471302239328081);
#326=CIRCLE('',#4278,0.00149);
#327=CIRCLE('',#4279,0.00471302239328064);
#328=CIRCLE('',#4280,0.000420000000000005);
#329=CIRCLE('',#4281,0.00042);
#330=CIRCLE('',#4282,0.00471302239328081);
#331=CIRCLE('',#4283,0.00149);
#332=CIRCLE('',#4284,0.00471302239328064);
#333=CIRCLE('',#4285,0.000420000000000005);
#334=CIRCLE('',#4286,0.00042);
#335=CIRCLE('',#4287,0.00471302239328081);
#336=CIRCLE('',#4288,0.00149);
#337=CIRCLE('',#4289,0.00471302239328064);
#338=CIRCLE('',#4290,0.000420000000000005);
#339=CIRCLE('',#4291,0.00042);
#340=CIRCLE('',#4292,0.00471302239328081);
#341=CIRCLE('',#4293,0.00149);
#342=CIRCLE('',#4294,0.00471302239328064);
#343=CIRCLE('',#4295,0.000420000000000005);
#344=CIRCLE('',#4296,0.00042);
#345=CIRCLE('',#4297,0.00471302239328081);
#346=CIRCLE('',#4298,0.00149);
#347=CIRCLE('',#4299,0.00471302239328064);
#348=CIRCLE('',#4300,0.000420000000000005);
#349=CIRCLE('',#4301,0.00042);
#350=CIRCLE('',#4302,0.00471302239328081);
#351=CIRCLE('',#4303,0.00149);
#352=CIRCLE('',#4304,0.00471302239328064);
#353=CIRCLE('',#4305,0.000420000000000005);
#354=CIRCLE('',#4306,0.00042);
#355=CIRCLE('',#4307,0.00471302239328081);
#356=CIRCLE('',#4308,0.00149);
#357=CIRCLE('',#4309,0.00471302239328064);
#358=CIRCLE('',#4310,0.000420000000000005);
#359=CIRCLE('',#4311,0.00042);
#360=CIRCLE('',#4312,0.00471302239328081);
#361=CIRCLE('',#4313,0.00149);
#362=CIRCLE('',#4314,0.00471302239328064);
#363=CIRCLE('',#4315,0.000420000000000005);
#364=CIRCLE('',#4316,0.00042);
#365=CIRCLE('',#4317,0.00471302239328081);
#366=CIRCLE('',#4318,0.00149);
#367=CIRCLE('',#4319,0.00471302239328064);
#368=CIRCLE('',#4320,0.000420000000000005);
#369=CIRCLE('',#4321,0.00042);
#370=CIRCLE('',#4322,0.00471302239328081);
#371=CIRCLE('',#4323,0.00149);
#372=CIRCLE('',#4324,0.00471302239328064);
#373=CIRCLE('',#4325,0.000420000000000005);
#374=CIRCLE('',#4326,0.00042);
#375=CIRCLE('',#4327,0.00471302239328081);
#376=CIRCLE('',#4328,0.00149);
#377=CIRCLE('',#4329,0.00471302239328064);
#378=CIRCLE('',#4330,0.000420000000000005);
#379=CIRCLE('',#4331,0.00042);
#380=CIRCLE('',#4332,0.00471302239328081);
#381=CIRCLE('',#4333,0.00149);
#382=CIRCLE('',#4334,0.00471302239328064);
#383=CIRCLE('',#4335,0.000420000000000005);
#384=CIRCLE('',#4336,0.00042);
#385=CIRCLE('',#4337,0.00471302239328081);
#386=CIRCLE('',#4338,0.00149);
#387=CIRCLE('',#4339,0.00471302239328064);
#388=CIRCLE('',#4340,0.000420000000000005);
#389=CIRCLE('',#4341,0.00042);
#390=CIRCLE('',#4342,0.00471302239328081);
#391=CIRCLE('',#4343,0.00149);
#392=CIRCLE('',#4344,0.00471302239328064);
#393=CIRCLE('',#4345,0.000420000000000005);
#394=CIRCLE('',#4346,0.00042);
#395=CIRCLE('',#4347,0.00471302239328081);
#396=CIRCLE('',#4348,0.00149);
#397=CIRCLE('',#4349,0.00471302239328064);
#398=CIRCLE('',#4350,0.000420000000000005);
#399=CIRCLE('',#4351,0.00042);
#400=CIRCLE('',#4352,0.00471302239328081);
#401=CIRCLE('',#4353,0.00149);
#402=CIRCLE('',#4354,0.00471302239328064);
#403=CIRCLE('',#4355,0.000420000000000005);
#404=CIRCLE('',#4356,0.00042);
#405=CIRCLE('',#4357,0.00471302239328081);
#406=CIRCLE('',#4358,0.00149);
#407=CIRCLE('',#4359,0.00471302239328064);
#408=CIRCLE('',#4360,0.000420000000000005);
#409=CIRCLE('',#4361,0.00042);
#410=CIRCLE('',#4362,0.00471302239328081);
#411=CIRCLE('',#4363,0.00149);
#412=CIRCLE('',#4364,0.00471302239328064);
#413=CIRCLE('',#4365,0.000420000000000005);
#414=CIRCLE('',#4366,0.00042);
#415=CIRCLE('',#4367,0.00471302239328081);
#416=CIRCLE('',#4368,0.00149);
#417=CIRCLE('',#4369,0.00471302239328064);
#418=CIRCLE('',#4370,0.000420000000000005);
#419=CIRCLE('',#4371,0.00042);
#420=CIRCLE('',#4372,0.00471302239328081);
#421=CIRCLE('',#4373,0.00149);
#422=CIRCLE('',#4374,0.00471302239328064);
#423=CIRCLE('',#4375,0.000420000000000005);
#424=ORIENTED_EDGE('',*,*,#1652,.F.);
#425=ORIENTED_EDGE('',*,*,#1653,.F.);
#426=ORIENTED_EDGE('',*,*,#1654,.T.);
#427=ORIENTED_EDGE('',*,*,#1655,.T.);
#428=ORIENTED_EDGE('',*,*,#1656,.F.);
#429=ORIENTED_EDGE('',*,*,#1657,.F.);
#430=ORIENTED_EDGE('',*,*,#1658,.T.);
#431=ORIENTED_EDGE('',*,*,#1659,.T.);
#432=ORIENTED_EDGE('',*,*,#1660,.F.);
#433=ORIENTED_EDGE('',*,*,#1661,.F.);
#434=ORIENTED_EDGE('',*,*,#1662,.T.);
#435=ORIENTED_EDGE('',*,*,#1663,.T.);
#436=ORIENTED_EDGE('',*,*,#1664,.F.);
#437=ORIENTED_EDGE('',*,*,#1665,.F.);
#438=ORIENTED_EDGE('',*,*,#1666,.T.);
#439=ORIENTED_EDGE('',*,*,#1667,.T.);
#440=ORIENTED_EDGE('',*,*,#1668,.F.);
#441=ORIENTED_EDGE('',*,*,#1669,.F.);
#442=ORIENTED_EDGE('',*,*,#1670,.T.);
#443=ORIENTED_EDGE('',*,*,#1671,.T.);
#444=ORIENTED_EDGE('',*,*,#1672,.F.);
#445=ORIENTED_EDGE('',*,*,#1673,.F.);
#446=ORIENTED_EDGE('',*,*,#1674,.T.);
#447=ORIENTED_EDGE('',*,*,#1675,.T.);
#448=ORIENTED_EDGE('',*,*,#1676,.F.);
#449=ORIENTED_EDGE('',*,*,#1677,.F.);
#450=ORIENTED_EDGE('',*,*,#1678,.T.);
#451=ORIENTED_EDGE('',*,*,#1679,.T.);
#452=ORIENTED_EDGE('',*,*,#1680,.F.);
#453=ORIENTED_EDGE('',*,*,#1681,.F.);
#454=ORIENTED_EDGE('',*,*,#1682,.T.);
#455=ORIENTED_EDGE('',*,*,#1683,.T.);
#456=ORIENTED_EDGE('',*,*,#1684,.F.);
#457=ORIENTED_EDGE('',*,*,#1685,.F.);
#458=ORIENTED_EDGE('',*,*,#1686,.T.);
#459=ORIENTED_EDGE('',*,*,#1687,.T.);
#460=ORIENTED_EDGE('',*,*,#1688,.F.);
#461=ORIENTED_EDGE('',*,*,#1689,.F.);
#462=ORIENTED_EDGE('',*,*,#1690,.T.);
#463=ORIENTED_EDGE('',*,*,#1691,.T.);
#464=ORIENTED_EDGE('',*,*,#1692,.F.);
#465=ORIENTED_EDGE('',*,*,#1693,.F.);
#466=ORIENTED_EDGE('',*,*,#1694,.T.);
#467=ORIENTED_EDGE('',*,*,#1695,.T.);
#468=ORIENTED_EDGE('',*,*,#1696,.F.);
#469=ORIENTED_EDGE('',*,*,#1697,.F.);
#470=ORIENTED_EDGE('',*,*,#1698,.T.);
#471=ORIENTED_EDGE('',*,*,#1699,.T.);
#472=ORIENTED_EDGE('',*,*,#1700,.F.);
#473=ORIENTED_EDGE('',*,*,#1701,.F.);
#474=ORIENTED_EDGE('',*,*,#1702,.T.);
#475=ORIENTED_EDGE('',*,*,#1703,.T.);
#476=ORIENTED_EDGE('',*,*,#1704,.F.);
#477=ORIENTED_EDGE('',*,*,#1705,.F.);
#478=ORIENTED_EDGE('',*,*,#1706,.T.);
#479=ORIENTED_EDGE('',*,*,#1707,.T.);
#480=ORIENTED_EDGE('',*,*,#1708,.F.);
#481=ORIENTED_EDGE('',*,*,#1709,.F.);
#482=ORIENTED_EDGE('',*,*,#1710,.T.);
#483=ORIENTED_EDGE('',*,*,#1711,.T.);
#484=ORIENTED_EDGE('',*,*,#1712,.F.);
#485=ORIENTED_EDGE('',*,*,#1713,.F.);
#486=ORIENTED_EDGE('',*,*,#1714,.T.);
#487=ORIENTED_EDGE('',*,*,#1715,.T.);
#488=ORIENTED_EDGE('',*,*,#1716,.F.);
#489=ORIENTED_EDGE('',*,*,#1717,.F.);
#490=ORIENTED_EDGE('',*,*,#1718,.T.);
#491=ORIENTED_EDGE('',*,*,#1719,.T.);
#492=ORIENTED_EDGE('',*,*,#1720,.F.);
#493=ORIENTED_EDGE('',*,*,#1721,.F.);
#494=ORIENTED_EDGE('',*,*,#1722,.T.);
#495=ORIENTED_EDGE('',*,*,#1723,.T.);
#496=ORIENTED_EDGE('',*,*,#1724,.F.);
#497=ORIENTED_EDGE('',*,*,#1725,.F.);
#498=ORIENTED_EDGE('',*,*,#1726,.T.);
#499=ORIENTED_EDGE('',*,*,#1727,.T.);
#500=ORIENTED_EDGE('',*,*,#1728,.F.);
#501=ORIENTED_EDGE('',*,*,#1729,.F.);
#502=ORIENTED_EDGE('',*,*,#1730,.T.);
#503=ORIENTED_EDGE('',*,*,#1731,.T.);
#504=ORIENTED_EDGE('',*,*,#1732,.F.);
#505=ORIENTED_EDGE('',*,*,#1733,.F.);
#506=ORIENTED_EDGE('',*,*,#1734,.T.);
#507=ORIENTED_EDGE('',*,*,#1735,.T.);
#508=ORIENTED_EDGE('',*,*,#1736,.F.);
#509=ORIENTED_EDGE('',*,*,#1737,.F.);
#510=ORIENTED_EDGE('',*,*,#1738,.T.);
#511=ORIENTED_EDGE('',*,*,#1739,.T.);
#512=ORIENTED_EDGE('',*,*,#1740,.F.);
#513=ORIENTED_EDGE('',*,*,#1741,.F.);
#514=ORIENTED_EDGE('',*,*,#1742,.T.);
#515=ORIENTED_EDGE('',*,*,#1743,.T.);
#516=ORIENTED_EDGE('',*,*,#1744,.F.);
#517=ORIENTED_EDGE('',*,*,#1745,.F.);
#518=ORIENTED_EDGE('',*,*,#1746,.T.);
#519=ORIENTED_EDGE('',*,*,#1747,.T.);
#520=ORIENTED_EDGE('',*,*,#1748,.F.);
#521=ORIENTED_EDGE('',*,*,#1749,.F.);
#522=ORIENTED_EDGE('',*,*,#1750,.T.);
#523=ORIENTED_EDGE('',*,*,#1751,.T.);
#524=ORIENTED_EDGE('',*,*,#1752,.F.);
#525=ORIENTED_EDGE('',*,*,#1753,.F.);
#526=ORIENTED_EDGE('',*,*,#1754,.T.);
#527=ORIENTED_EDGE('',*,*,#1755,.T.);
#528=ORIENTED_EDGE('',*,*,#1756,.F.);
#529=ORIENTED_EDGE('',*,*,#1757,.F.);
#530=ORIENTED_EDGE('',*,*,#1758,.T.);
#531=ORIENTED_EDGE('',*,*,#1759,.T.);
#532=ORIENTED_EDGE('',*,*,#1760,.F.);
#533=ORIENTED_EDGE('',*,*,#1761,.F.);
#534=ORIENTED_EDGE('',*,*,#1762,.T.);
#535=ORIENTED_EDGE('',*,*,#1763,.T.);
#536=ORIENTED_EDGE('',*,*,#1764,.F.);
#537=ORIENTED_EDGE('',*,*,#1765,.F.);
#538=ORIENTED_EDGE('',*,*,#1766,.T.);
#539=ORIENTED_EDGE('',*,*,#1767,.T.);
#540=ORIENTED_EDGE('',*,*,#1768,.F.);
#541=ORIENTED_EDGE('',*,*,#1769,.F.);
#542=ORIENTED_EDGE('',*,*,#1770,.T.);
#543=ORIENTED_EDGE('',*,*,#1771,.T.);
#544=ORIENTED_EDGE('',*,*,#1772,.F.);
#545=ORIENTED_EDGE('',*,*,#1773,.F.);
#546=ORIENTED_EDGE('',*,*,#1774,.T.);
#547=ORIENTED_EDGE('',*,*,#1775,.T.);
#548=ORIENTED_EDGE('',*,*,#1776,.F.);
#549=ORIENTED_EDGE('',*,*,#1777,.F.);
#550=ORIENTED_EDGE('',*,*,#1778,.T.);
#551=ORIENTED_EDGE('',*,*,#1779,.T.);
#552=ORIENTED_EDGE('',*,*,#1780,.F.);
#553=ORIENTED_EDGE('',*,*,#1781,.F.);
#554=ORIENTED_EDGE('',*,*,#1782,.T.);
#555=ORIENTED_EDGE('',*,*,#1783,.T.);
#556=ORIENTED_EDGE('',*,*,#1784,.F.);
#557=ORIENTED_EDGE('',*,*,#1785,.T.);
#558=ORIENTED_EDGE('',*,*,#1786,.T.);
#559=ORIENTED_EDGE('',*,*,#1787,.F.);
#560=ORIENTED_EDGE('',*,*,#1788,.T.);
#561=ORIENTED_EDGE('',*,*,#1789,.F.);
#562=ORIENTED_EDGE('',*,*,#1790,.T.);
#563=ORIENTED_EDGE('',*,*,#1781,.T.);
#564=ORIENTED_EDGE('',*,*,#1791,.F.);
#565=ORIENTED_EDGE('',*,*,#1792,.F.);
#566=ORIENTED_EDGE('',*,*,#1793,.T.);
#567=ORIENTED_EDGE('',*,*,#1794,.T.);
#568=ORIENTED_EDGE('',*,*,#1795,.T.);
#569=ORIENTED_EDGE('',*,*,#1777,.T.);
#570=ORIENTED_EDGE('',*,*,#1796,.F.);
#571=ORIENTED_EDGE('',*,*,#1797,.F.);
#572=ORIENTED_EDGE('',*,*,#1798,.T.);
#573=ORIENTED_EDGE('',*,*,#1799,.T.);
#574=ORIENTED_EDGE('',*,*,#1800,.T.);
#575=ORIENTED_EDGE('',*,*,#1773,.T.);
#576=ORIENTED_EDGE('',*,*,#1801,.F.);
#577=ORIENTED_EDGE('',*,*,#1802,.F.);
#578=ORIENTED_EDGE('',*,*,#1803,.T.);
#579=ORIENTED_EDGE('',*,*,#1804,.T.);
#580=ORIENTED_EDGE('',*,*,#1805,.T.);
#581=ORIENTED_EDGE('',*,*,#1769,.T.);
#582=ORIENTED_EDGE('',*,*,#1806,.F.);
#583=ORIENTED_EDGE('',*,*,#1807,.F.);
#584=ORIENTED_EDGE('',*,*,#1808,.T.);
#585=ORIENTED_EDGE('',*,*,#1809,.T.);
#586=ORIENTED_EDGE('',*,*,#1810,.T.);
#587=ORIENTED_EDGE('',*,*,#1765,.T.);
#588=ORIENTED_EDGE('',*,*,#1811,.F.);
#589=ORIENTED_EDGE('',*,*,#1812,.F.);
#590=ORIENTED_EDGE('',*,*,#1813,.T.);
#591=ORIENTED_EDGE('',*,*,#1814,.T.);
#592=ORIENTED_EDGE('',*,*,#1815,.T.);
#593=ORIENTED_EDGE('',*,*,#1761,.T.);
#594=ORIENTED_EDGE('',*,*,#1816,.F.);
#595=ORIENTED_EDGE('',*,*,#1817,.F.);
#596=ORIENTED_EDGE('',*,*,#1818,.T.);
#597=ORIENTED_EDGE('',*,*,#1819,.T.);
#598=ORIENTED_EDGE('',*,*,#1820,.T.);
#599=ORIENTED_EDGE('',*,*,#1757,.T.);
#600=ORIENTED_EDGE('',*,*,#1821,.F.);
#601=ORIENTED_EDGE('',*,*,#1822,.F.);
#602=ORIENTED_EDGE('',*,*,#1823,.T.);
#603=ORIENTED_EDGE('',*,*,#1824,.T.);
#604=ORIENTED_EDGE('',*,*,#1825,.T.);
#605=ORIENTED_EDGE('',*,*,#1753,.T.);
#606=ORIENTED_EDGE('',*,*,#1826,.F.);
#607=ORIENTED_EDGE('',*,*,#1827,.F.);
#608=ORIENTED_EDGE('',*,*,#1828,.T.);
#609=ORIENTED_EDGE('',*,*,#1829,.T.);
#610=ORIENTED_EDGE('',*,*,#1830,.T.);
#611=ORIENTED_EDGE('',*,*,#1749,.T.);
#612=ORIENTED_EDGE('',*,*,#1831,.F.);
#613=ORIENTED_EDGE('',*,*,#1832,.F.);
#614=ORIENTED_EDGE('',*,*,#1833,.T.);
#615=ORIENTED_EDGE('',*,*,#1834,.T.);
#616=ORIENTED_EDGE('',*,*,#1835,.T.);
#617=ORIENTED_EDGE('',*,*,#1745,.T.);
#618=ORIENTED_EDGE('',*,*,#1836,.F.);
#619=ORIENTED_EDGE('',*,*,#1837,.F.);
#620=ORIENTED_EDGE('',*,*,#1838,.T.);
#621=ORIENTED_EDGE('',*,*,#1839,.T.);
#622=ORIENTED_EDGE('',*,*,#1840,.T.);
#623=ORIENTED_EDGE('',*,*,#1741,.T.);
#624=ORIENTED_EDGE('',*,*,#1841,.F.);
#625=ORIENTED_EDGE('',*,*,#1842,.F.);
#626=ORIENTED_EDGE('',*,*,#1843,.T.);
#627=ORIENTED_EDGE('',*,*,#1844,.T.);
#628=ORIENTED_EDGE('',*,*,#1845,.T.);
#629=ORIENTED_EDGE('',*,*,#1737,.T.);
#630=ORIENTED_EDGE('',*,*,#1846,.F.);
#631=ORIENTED_EDGE('',*,*,#1847,.F.);
#632=ORIENTED_EDGE('',*,*,#1848,.T.);
#633=ORIENTED_EDGE('',*,*,#1849,.T.);
#634=ORIENTED_EDGE('',*,*,#1850,.T.);
#635=ORIENTED_EDGE('',*,*,#1733,.T.);
#636=ORIENTED_EDGE('',*,*,#1851,.F.);
#637=ORIENTED_EDGE('',*,*,#1852,.F.);
#638=ORIENTED_EDGE('',*,*,#1853,.T.);
#639=ORIENTED_EDGE('',*,*,#1854,.T.);
#640=ORIENTED_EDGE('',*,*,#1855,.T.);
#641=ORIENTED_EDGE('',*,*,#1729,.T.);
#642=ORIENTED_EDGE('',*,*,#1856,.F.);
#643=ORIENTED_EDGE('',*,*,#1857,.F.);
#644=ORIENTED_EDGE('',*,*,#1858,.T.);
#645=ORIENTED_EDGE('',*,*,#1859,.T.);
#646=ORIENTED_EDGE('',*,*,#1860,.T.);
#647=ORIENTED_EDGE('',*,*,#1725,.T.);
#648=ORIENTED_EDGE('',*,*,#1861,.F.);
#649=ORIENTED_EDGE('',*,*,#1862,.F.);
#650=ORIENTED_EDGE('',*,*,#1863,.T.);
#651=ORIENTED_EDGE('',*,*,#1864,.T.);
#652=ORIENTED_EDGE('',*,*,#1865,.T.);
#653=ORIENTED_EDGE('',*,*,#1721,.T.);
#654=ORIENTED_EDGE('',*,*,#1866,.F.);
#655=ORIENTED_EDGE('',*,*,#1867,.F.);
#656=ORIENTED_EDGE('',*,*,#1868,.T.);
#657=ORIENTED_EDGE('',*,*,#1869,.T.);
#658=ORIENTED_EDGE('',*,*,#1870,.T.);
#659=ORIENTED_EDGE('',*,*,#1717,.T.);
#660=ORIENTED_EDGE('',*,*,#1871,.F.);
#661=ORIENTED_EDGE('',*,*,#1872,.F.);
#662=ORIENTED_EDGE('',*,*,#1873,.T.);
#663=ORIENTED_EDGE('',*,*,#1874,.T.);
#664=ORIENTED_EDGE('',*,*,#1875,.T.);
#665=ORIENTED_EDGE('',*,*,#1713,.T.);
#666=ORIENTED_EDGE('',*,*,#1876,.F.);
#667=ORIENTED_EDGE('',*,*,#1877,.F.);
#668=ORIENTED_EDGE('',*,*,#1878,.T.);
#669=ORIENTED_EDGE('',*,*,#1879,.T.);
#670=ORIENTED_EDGE('',*,*,#1880,.T.);
#671=ORIENTED_EDGE('',*,*,#1709,.T.);
#672=ORIENTED_EDGE('',*,*,#1881,.F.);
#673=ORIENTED_EDGE('',*,*,#1882,.F.);
#674=ORIENTED_EDGE('',*,*,#1883,.T.);
#675=ORIENTED_EDGE('',*,*,#1884,.T.);
#676=ORIENTED_EDGE('',*,*,#1885,.T.);
#677=ORIENTED_EDGE('',*,*,#1705,.T.);
#678=ORIENTED_EDGE('',*,*,#1886,.F.);
#679=ORIENTED_EDGE('',*,*,#1887,.F.);
#680=ORIENTED_EDGE('',*,*,#1888,.T.);
#681=ORIENTED_EDGE('',*,*,#1889,.T.);
#682=ORIENTED_EDGE('',*,*,#1890,.T.);
#683=ORIENTED_EDGE('',*,*,#1701,.T.);
#684=ORIENTED_EDGE('',*,*,#1891,.F.);
#685=ORIENTED_EDGE('',*,*,#1892,.F.);
#686=ORIENTED_EDGE('',*,*,#1893,.T.);
#687=ORIENTED_EDGE('',*,*,#1894,.T.);
#688=ORIENTED_EDGE('',*,*,#1895,.T.);
#689=ORIENTED_EDGE('',*,*,#1697,.T.);
#690=ORIENTED_EDGE('',*,*,#1896,.F.);
#691=ORIENTED_EDGE('',*,*,#1897,.F.);
#692=ORIENTED_EDGE('',*,*,#1898,.T.);
#693=ORIENTED_EDGE('',*,*,#1899,.T.);
#694=ORIENTED_EDGE('',*,*,#1900,.T.);
#695=ORIENTED_EDGE('',*,*,#1693,.T.);
#696=ORIENTED_EDGE('',*,*,#1901,.F.);
#697=ORIENTED_EDGE('',*,*,#1902,.F.);
#698=ORIENTED_EDGE('',*,*,#1903,.T.);
#699=ORIENTED_EDGE('',*,*,#1904,.T.);
#700=ORIENTED_EDGE('',*,*,#1905,.T.);
#701=ORIENTED_EDGE('',*,*,#1689,.T.);
#702=ORIENTED_EDGE('',*,*,#1906,.F.);
#703=ORIENTED_EDGE('',*,*,#1907,.F.);
#704=ORIENTED_EDGE('',*,*,#1908,.T.);
#705=ORIENTED_EDGE('',*,*,#1909,.T.);
#706=ORIENTED_EDGE('',*,*,#1910,.T.);
#707=ORIENTED_EDGE('',*,*,#1685,.T.);
#708=ORIENTED_EDGE('',*,*,#1911,.F.);
#709=ORIENTED_EDGE('',*,*,#1912,.F.);
#710=ORIENTED_EDGE('',*,*,#1913,.T.);
#711=ORIENTED_EDGE('',*,*,#1914,.T.);
#712=ORIENTED_EDGE('',*,*,#1915,.T.);
#713=ORIENTED_EDGE('',*,*,#1681,.T.);
#714=ORIENTED_EDGE('',*,*,#1916,.F.);
#715=ORIENTED_EDGE('',*,*,#1917,.F.);
#716=ORIENTED_EDGE('',*,*,#1918,.T.);
#717=ORIENTED_EDGE('',*,*,#1919,.T.);
#718=ORIENTED_EDGE('',*,*,#1920,.T.);
#719=ORIENTED_EDGE('',*,*,#1677,.T.);
#720=ORIENTED_EDGE('',*,*,#1921,.F.);
#721=ORIENTED_EDGE('',*,*,#1922,.F.);
#722=ORIENTED_EDGE('',*,*,#1923,.T.);
#723=ORIENTED_EDGE('',*,*,#1924,.T.);
#724=ORIENTED_EDGE('',*,*,#1925,.T.);
#725=ORIENTED_EDGE('',*,*,#1673,.T.);
#726=ORIENTED_EDGE('',*,*,#1926,.F.);
#727=ORIENTED_EDGE('',*,*,#1927,.F.);
#728=ORIENTED_EDGE('',*,*,#1928,.T.);
#729=ORIENTED_EDGE('',*,*,#1929,.T.);
#730=ORIENTED_EDGE('',*,*,#1930,.T.);
#731=ORIENTED_EDGE('',*,*,#1669,.T.);
#732=ORIENTED_EDGE('',*,*,#1931,.F.);
#733=ORIENTED_EDGE('',*,*,#1932,.F.);
#734=ORIENTED_EDGE('',*,*,#1933,.T.);
#735=ORIENTED_EDGE('',*,*,#1934,.T.);
#736=ORIENTED_EDGE('',*,*,#1935,.T.);
#737=ORIENTED_EDGE('',*,*,#1665,.T.);
#738=ORIENTED_EDGE('',*,*,#1936,.F.);
#739=ORIENTED_EDGE('',*,*,#1937,.F.);
#740=ORIENTED_EDGE('',*,*,#1938,.T.);
#741=ORIENTED_EDGE('',*,*,#1939,.T.);
#742=ORIENTED_EDGE('',*,*,#1940,.T.);
#743=ORIENTED_EDGE('',*,*,#1661,.T.);
#744=ORIENTED_EDGE('',*,*,#1941,.F.);
#745=ORIENTED_EDGE('',*,*,#1942,.F.);
#746=ORIENTED_EDGE('',*,*,#1943,.T.);
#747=ORIENTED_EDGE('',*,*,#1944,.T.);
#748=ORIENTED_EDGE('',*,*,#1945,.T.);
#749=ORIENTED_EDGE('',*,*,#1657,.T.);
#750=ORIENTED_EDGE('',*,*,#1946,.F.);
#751=ORIENTED_EDGE('',*,*,#1947,.F.);
#752=ORIENTED_EDGE('',*,*,#1948,.T.);
#753=ORIENTED_EDGE('',*,*,#1949,.T.);
#754=ORIENTED_EDGE('',*,*,#1950,.T.);
#755=ORIENTED_EDGE('',*,*,#1653,.T.);
#756=ORIENTED_EDGE('',*,*,#1951,.F.);
#757=ORIENTED_EDGE('',*,*,#1952,.F.);
#758=ORIENTED_EDGE('',*,*,#1953,.T.);
#759=ORIENTED_EDGE('',*,*,#1954,.T.);
#760=ORIENTED_EDGE('',*,*,#1955,.T.);
#761=ORIENTED_EDGE('',*,*,#1784,.T.);
#762=ORIENTED_EDGE('',*,*,#1956,.F.);
#763=ORIENTED_EDGE('',*,*,#1957,.F.);
#764=ORIENTED_EDGE('',*,*,#1958,.T.);
#765=ORIENTED_EDGE('',*,*,#1959,.T.);
#766=ORIENTED_EDGE('',*,*,#1788,.F.);
#767=ORIENTED_EDGE('',*,*,#1783,.F.);
#768=ORIENTED_EDGE('',*,*,#1960,.F.);
#769=ORIENTED_EDGE('',*,*,#1961,.F.);
#770=ORIENTED_EDGE('',*,*,#1962,.F.);
#771=ORIENTED_EDGE('',*,*,#1963,.T.);
#772=ORIENTED_EDGE('',*,*,#1964,.T.);
#773=ORIENTED_EDGE('',*,*,#1786,.F.);
#774=ORIENTED_EDGE('',*,*,#1965,.F.);
#775=ORIENTED_EDGE('',*,*,#1966,.F.);
#776=ORIENTED_EDGE('',*,*,#1967,.F.);
#777=ORIENTED_EDGE('',*,*,#1968,.T.);
#778=ORIENTED_EDGE('',*,*,#1969,.T.);
#779=ORIENTED_EDGE('',*,*,#1655,.F.);
#780=ORIENTED_EDGE('',*,*,#1970,.F.);
#781=ORIENTED_EDGE('',*,*,#1971,.F.);
#782=ORIENTED_EDGE('',*,*,#1972,.F.);
#783=ORIENTED_EDGE('',*,*,#1973,.T.);
#784=ORIENTED_EDGE('',*,*,#1974,.T.);
#785=ORIENTED_EDGE('',*,*,#1659,.F.);
#786=ORIENTED_EDGE('',*,*,#1975,.F.);
#787=ORIENTED_EDGE('',*,*,#1976,.F.);
#788=ORIENTED_EDGE('',*,*,#1977,.F.);
#789=ORIENTED_EDGE('',*,*,#1978,.T.);
#790=ORIENTED_EDGE('',*,*,#1979,.T.);
#791=ORIENTED_EDGE('',*,*,#1663,.F.);
#792=ORIENTED_EDGE('',*,*,#1980,.F.);
#793=ORIENTED_EDGE('',*,*,#1981,.F.);
#794=ORIENTED_EDGE('',*,*,#1982,.F.);
#795=ORIENTED_EDGE('',*,*,#1983,.T.);
#796=ORIENTED_EDGE('',*,*,#1984,.T.);
#797=ORIENTED_EDGE('',*,*,#1667,.F.);
#798=ORIENTED_EDGE('',*,*,#1985,.F.);
#799=ORIENTED_EDGE('',*,*,#1986,.F.);
#800=ORIENTED_EDGE('',*,*,#1987,.F.);
#801=ORIENTED_EDGE('',*,*,#1988,.T.);
#802=ORIENTED_EDGE('',*,*,#1989,.T.);
#803=ORIENTED_EDGE('',*,*,#1671,.F.);
#804=ORIENTED_EDGE('',*,*,#1990,.F.);
#805=ORIENTED_EDGE('',*,*,#1991,.F.);
#806=ORIENTED_EDGE('',*,*,#1992,.F.);
#807=ORIENTED_EDGE('',*,*,#1993,.T.);
#808=ORIENTED_EDGE('',*,*,#1994,.T.);
#809=ORIENTED_EDGE('',*,*,#1675,.F.);
#810=ORIENTED_EDGE('',*,*,#1995,.F.);
#811=ORIENTED_EDGE('',*,*,#1996,.F.);
#812=ORIENTED_EDGE('',*,*,#1997,.F.);
#813=ORIENTED_EDGE('',*,*,#1998,.T.);
#814=ORIENTED_EDGE('',*,*,#1999,.T.);
#815=ORIENTED_EDGE('',*,*,#1679,.F.);
#816=ORIENTED_EDGE('',*,*,#2000,.F.);
#817=ORIENTED_EDGE('',*,*,#2001,.F.);
#818=ORIENTED_EDGE('',*,*,#2002,.F.);
#819=ORIENTED_EDGE('',*,*,#2003,.T.);
#820=ORIENTED_EDGE('',*,*,#2004,.T.);
#821=ORIENTED_EDGE('',*,*,#1683,.F.);
#822=ORIENTED_EDGE('',*,*,#2005,.F.);
#823=ORIENTED_EDGE('',*,*,#2006,.F.);
#824=ORIENTED_EDGE('',*,*,#2007,.F.);
#825=ORIENTED_EDGE('',*,*,#2008,.T.);
#826=ORIENTED_EDGE('',*,*,#2009,.T.);
#827=ORIENTED_EDGE('',*,*,#1687,.F.);
#828=ORIENTED_EDGE('',*,*,#2010,.F.);
#829=ORIENTED_EDGE('',*,*,#2011,.F.);
#830=ORIENTED_EDGE('',*,*,#2012,.F.);
#831=ORIENTED_EDGE('',*,*,#2013,.T.);
#832=ORIENTED_EDGE('',*,*,#2014,.T.);
#833=ORIENTED_EDGE('',*,*,#1691,.F.);
#834=ORIENTED_EDGE('',*,*,#2015,.F.);
#835=ORIENTED_EDGE('',*,*,#2016,.F.);
#836=ORIENTED_EDGE('',*,*,#2017,.F.);
#837=ORIENTED_EDGE('',*,*,#2018,.T.);
#838=ORIENTED_EDGE('',*,*,#2019,.T.);
#839=ORIENTED_EDGE('',*,*,#1695,.F.);
#840=ORIENTED_EDGE('',*,*,#2020,.F.);
#841=ORIENTED_EDGE('',*,*,#2021,.F.);
#842=ORIENTED_EDGE('',*,*,#2022,.F.);
#843=ORIENTED_EDGE('',*,*,#2023,.T.);
#844=ORIENTED_EDGE('',*,*,#2024,.T.);
#845=ORIENTED_EDGE('',*,*,#1699,.F.);
#846=ORIENTED_EDGE('',*,*,#2025,.F.);
#847=ORIENTED_EDGE('',*,*,#2026,.F.);
#848=ORIENTED_EDGE('',*,*,#2027,.F.);
#849=ORIENTED_EDGE('',*,*,#2028,.T.);
#850=ORIENTED_EDGE('',*,*,#2029,.T.);
#851=ORIENTED_EDGE('',*,*,#1703,.F.);
#852=ORIENTED_EDGE('',*,*,#2030,.F.);
#853=ORIENTED_EDGE('',*,*,#2031,.F.);
#854=ORIENTED_EDGE('',*,*,#2032,.F.);
#855=ORIENTED_EDGE('',*,*,#2033,.T.);
#856=ORIENTED_EDGE('',*,*,#2034,.T.);
#857=ORIENTED_EDGE('',*,*,#1707,.F.);
#858=ORIENTED_EDGE('',*,*,#2035,.F.);
#859=ORIENTED_EDGE('',*,*,#2036,.F.);
#860=ORIENTED_EDGE('',*,*,#2037,.F.);
#861=ORIENTED_EDGE('',*,*,#2038,.T.);
#862=ORIENTED_EDGE('',*,*,#2039,.T.);
#863=ORIENTED_EDGE('',*,*,#1711,.F.);
#864=ORIENTED_EDGE('',*,*,#2040,.F.);
#865=ORIENTED_EDGE('',*,*,#2041,.F.);
#866=ORIENTED_EDGE('',*,*,#2042,.F.);
#867=ORIENTED_EDGE('',*,*,#2043,.T.);
#868=ORIENTED_EDGE('',*,*,#2044,.T.);
#869=ORIENTED_EDGE('',*,*,#1715,.F.);
#870=ORIENTED_EDGE('',*,*,#2045,.F.);
#871=ORIENTED_EDGE('',*,*,#2046,.F.);
#872=ORIENTED_EDGE('',*,*,#2047,.F.);
#873=ORIENTED_EDGE('',*,*,#2048,.T.);
#874=ORIENTED_EDGE('',*,*,#2049,.T.);
#875=ORIENTED_EDGE('',*,*,#1719,.F.);
#876=ORIENTED_EDGE('',*,*,#2050,.F.);
#877=ORIENTED_EDGE('',*,*,#2051,.F.);
#878=ORIENTED_EDGE('',*,*,#2052,.F.);
#879=ORIENTED_EDGE('',*,*,#2053,.T.);
#880=ORIENTED_EDGE('',*,*,#2054,.T.);
#881=ORIENTED_EDGE('',*,*,#1723,.F.);
#882=ORIENTED_EDGE('',*,*,#2055,.F.);
#883=ORIENTED_EDGE('',*,*,#2056,.F.);
#884=ORIENTED_EDGE('',*,*,#2057,.F.);
#885=ORIENTED_EDGE('',*,*,#2058,.T.);
#886=ORIENTED_EDGE('',*,*,#2059,.T.);
#887=ORIENTED_EDGE('',*,*,#1727,.F.);
#888=ORIENTED_EDGE('',*,*,#2060,.F.);
#889=ORIENTED_EDGE('',*,*,#2061,.F.);
#890=ORIENTED_EDGE('',*,*,#2062,.F.);
#891=ORIENTED_EDGE('',*,*,#2063,.T.);
#892=ORIENTED_EDGE('',*,*,#2064,.T.);
#893=ORIENTED_EDGE('',*,*,#1731,.F.);
#894=ORIENTED_EDGE('',*,*,#2065,.F.);
#895=ORIENTED_EDGE('',*,*,#2066,.F.);
#896=ORIENTED_EDGE('',*,*,#2067,.F.);
#897=ORIENTED_EDGE('',*,*,#2068,.T.);
#898=ORIENTED_EDGE('',*,*,#2069,.T.);
#899=ORIENTED_EDGE('',*,*,#1735,.F.);
#900=ORIENTED_EDGE('',*,*,#2070,.F.);
#901=ORIENTED_EDGE('',*,*,#2071,.F.);
#902=ORIENTED_EDGE('',*,*,#2072,.F.);
#903=ORIENTED_EDGE('',*,*,#2073,.T.);
#904=ORIENTED_EDGE('',*,*,#2074,.T.);
#905=ORIENTED_EDGE('',*,*,#1739,.F.);
#906=ORIENTED_EDGE('',*,*,#2075,.F.);
#907=ORIENTED_EDGE('',*,*,#2076,.F.);
#908=ORIENTED_EDGE('',*,*,#2077,.F.);
#909=ORIENTED_EDGE('',*,*,#2078,.T.);
#910=ORIENTED_EDGE('',*,*,#2079,.T.);
#911=ORIENTED_EDGE('',*,*,#1743,.F.);
#912=ORIENTED_EDGE('',*,*,#2080,.F.);
#913=ORIENTED_EDGE('',*,*,#2081,.F.);
#914=ORIENTED_EDGE('',*,*,#2082,.F.);
#915=ORIENTED_EDGE('',*,*,#2083,.T.);
#916=ORIENTED_EDGE('',*,*,#2084,.T.);
#917=ORIENTED_EDGE('',*,*,#1747,.F.);
#918=ORIENTED_EDGE('',*,*,#2085,.F.);
#919=ORIENTED_EDGE('',*,*,#2086,.F.);
#920=ORIENTED_EDGE('',*,*,#2087,.F.);
#921=ORIENTED_EDGE('',*,*,#2088,.T.);
#922=ORIENTED_EDGE('',*,*,#2089,.T.);
#923=ORIENTED_EDGE('',*,*,#1751,.F.);
#924=ORIENTED_EDGE('',*,*,#2090,.F.);
#925=ORIENTED_EDGE('',*,*,#2091,.F.);
#926=ORIENTED_EDGE('',*,*,#2092,.F.);
#927=ORIENTED_EDGE('',*,*,#2093,.T.);
#928=ORIENTED_EDGE('',*,*,#2094,.T.);
#929=ORIENTED_EDGE('',*,*,#1755,.F.);
#930=ORIENTED_EDGE('',*,*,#2095,.F.);
#931=ORIENTED_EDGE('',*,*,#2096,.F.);
#932=ORIENTED_EDGE('',*,*,#2097,.F.);
#933=ORIENTED_EDGE('',*,*,#2098,.T.);
#934=ORIENTED_EDGE('',*,*,#2099,.T.);
#935=ORIENTED_EDGE('',*,*,#1759,.F.);
#936=ORIENTED_EDGE('',*,*,#2100,.F.);
#937=ORIENTED_EDGE('',*,*,#2101,.F.);
#938=ORIENTED_EDGE('',*,*,#2102,.F.);
#939=ORIENTED_EDGE('',*,*,#2103,.T.);
#940=ORIENTED_EDGE('',*,*,#2104,.T.);
#941=ORIENTED_EDGE('',*,*,#1763,.F.);
#942=ORIENTED_EDGE('',*,*,#2105,.F.);
#943=ORIENTED_EDGE('',*,*,#2106,.F.);
#944=ORIENTED_EDGE('',*,*,#2107,.F.);
#945=ORIENTED_EDGE('',*,*,#2108,.T.);
#946=ORIENTED_EDGE('',*,*,#2109,.T.);
#947=ORIENTED_EDGE('',*,*,#1767,.F.);
#948=ORIENTED_EDGE('',*,*,#2110,.F.);
#949=ORIENTED_EDGE('',*,*,#2111,.F.);
#950=ORIENTED_EDGE('',*,*,#2112,.F.);
#951=ORIENTED_EDGE('',*,*,#2113,.T.);
#952=ORIENTED_EDGE('',*,*,#2114,.T.);
#953=ORIENTED_EDGE('',*,*,#1771,.F.);
#954=ORIENTED_EDGE('',*,*,#2115,.F.);
#955=ORIENTED_EDGE('',*,*,#2116,.F.);
#956=ORIENTED_EDGE('',*,*,#2117,.F.);
#957=ORIENTED_EDGE('',*,*,#2118,.T.);
#958=ORIENTED_EDGE('',*,*,#2119,.T.);
#959=ORIENTED_EDGE('',*,*,#1775,.F.);
#960=ORIENTED_EDGE('',*,*,#2120,.F.);
#961=ORIENTED_EDGE('',*,*,#2121,.F.);
#962=ORIENTED_EDGE('',*,*,#2122,.F.);
#963=ORIENTED_EDGE('',*,*,#2123,.T.);
#964=ORIENTED_EDGE('',*,*,#2124,.T.);
#965=ORIENTED_EDGE('',*,*,#1779,.F.);
#966=ORIENTED_EDGE('',*,*,#2125,.F.);
#967=ORIENTED_EDGE('',*,*,#2126,.F.);
#968=ORIENTED_EDGE('',*,*,#2127,.F.);
#969=ORIENTED_EDGE('',*,*,#2128,.T.);
#970=ORIENTED_EDGE('',*,*,#2129,.T.);
#971=ORIENTED_EDGE('',*,*,#1789,.T.);
#972=ORIENTED_EDGE('',*,*,#2126,.T.);
#973=ORIENTED_EDGE('',*,*,#2130,.F.);
#974=ORIENTED_EDGE('',*,*,#1794,.F.);
#975=ORIENTED_EDGE('',*,*,#2131,.T.);
#976=ORIENTED_EDGE('',*,*,#2125,.T.);
#977=ORIENTED_EDGE('',*,*,#1778,.F.);
#978=ORIENTED_EDGE('',*,*,#1795,.F.);
#979=ORIENTED_EDGE('',*,*,#2130,.T.);
#980=ORIENTED_EDGE('',*,*,#2129,.F.);
#981=ORIENTED_EDGE('',*,*,#2132,.F.);
#982=ORIENTED_EDGE('',*,*,#1791,.T.);
#983=ORIENTED_EDGE('',*,*,#1780,.T.);
#984=ORIENTED_EDGE('',*,*,#2128,.F.);
#985=ORIENTED_EDGE('',*,*,#2133,.F.);
#986=ORIENTED_EDGE('',*,*,#1792,.T.);
#987=ORIENTED_EDGE('',*,*,#2132,.T.);
#988=ORIENTED_EDGE('',*,*,#2127,.T.);
#989=ORIENTED_EDGE('',*,*,#2131,.F.);
#990=ORIENTED_EDGE('',*,*,#1793,.F.);
#991=ORIENTED_EDGE('',*,*,#2133,.T.);
#992=ORIENTED_EDGE('',*,*,#2121,.T.);
#993=ORIENTED_EDGE('',*,*,#2134,.F.);
#994=ORIENTED_EDGE('',*,*,#1799,.F.);
#995=ORIENTED_EDGE('',*,*,#2135,.T.);
#996=ORIENTED_EDGE('',*,*,#2120,.T.);
#997=ORIENTED_EDGE('',*,*,#1774,.F.);
#998=ORIENTED_EDGE('',*,*,#1800,.F.);
#999=ORIENTED_EDGE('',*,*,#2134,.T.);
#1000=ORIENTED_EDGE('',*,*,#2124,.F.);
#1001=ORIENTED_EDGE('',*,*,#2136,.F.);
#1002=ORIENTED_EDGE('',*,*,#1796,.T.);
#1003=ORIENTED_EDGE('',*,*,#1776,.T.);
#1004=ORIENTED_EDGE('',*,*,#2123,.F.);
#1005=ORIENTED_EDGE('',*,*,#2137,.F.);
#1006=ORIENTED_EDGE('',*,*,#1797,.T.);
#1007=ORIENTED_EDGE('',*,*,#2136,.T.);
#1008=ORIENTED_EDGE('',*,*,#2122,.T.);
#1009=ORIENTED_EDGE('',*,*,#2135,.F.);
#1010=ORIENTED_EDGE('',*,*,#1798,.F.);
#1011=ORIENTED_EDGE('',*,*,#2137,.T.);
#1012=ORIENTED_EDGE('',*,*,#2116,.T.);
#1013=ORIENTED_EDGE('',*,*,#2138,.F.);
#1014=ORIENTED_EDGE('',*,*,#1804,.F.);
#1015=ORIENTED_EDGE('',*,*,#2139,.T.);
#1016=ORIENTED_EDGE('',*,*,#2115,.T.);
#1017=ORIENTED_EDGE('',*,*,#1770,.F.);
#1018=ORIENTED_EDGE('',*,*,#1805,.F.);
#1019=ORIENTED_EDGE('',*,*,#2138,.T.);
#1020=ORIENTED_EDGE('',*,*,#2119,.F.);
#1021=ORIENTED_EDGE('',*,*,#2140,.F.);
#1022=ORIENTED_EDGE('',*,*,#1801,.T.);
#1023=ORIENTED_EDGE('',*,*,#1772,.T.);
#1024=ORIENTED_EDGE('',*,*,#2118,.F.);
#1025=ORIENTED_EDGE('',*,*,#2141,.F.);
#1026=ORIENTED_EDGE('',*,*,#1802,.T.);
#1027=ORIENTED_EDGE('',*,*,#2140,.T.);
#1028=ORIENTED_EDGE('',*,*,#2117,.T.);
#1029=ORIENTED_EDGE('',*,*,#2139,.F.);
#1030=ORIENTED_EDGE('',*,*,#1803,.F.);
#1031=ORIENTED_EDGE('',*,*,#2141,.T.);
#1032=ORIENTED_EDGE('',*,*,#2111,.T.);
#1033=ORIENTED_EDGE('',*,*,#2142,.F.);
#1034=ORIENTED_EDGE('',*,*,#1809,.F.);
#1035=ORIENTED_EDGE('',*,*,#2143,.T.);
#1036=ORIENTED_EDGE('',*,*,#2110,.T.);
#1037=ORIENTED_EDGE('',*,*,#1766,.F.);
#1038=ORIENTED_EDGE('',*,*,#1810,.F.);
#1039=ORIENTED_EDGE('',*,*,#2142,.T.);
#1040=ORIENTED_EDGE('',*,*,#2114,.F.);
#1041=ORIENTED_EDGE('',*,*,#2144,.F.);
#1042=ORIENTED_EDGE('',*,*,#1806,.T.);
#1043=ORIENTED_EDGE('',*,*,#1768,.T.);
#1044=ORIENTED_EDGE('',*,*,#2113,.F.);
#1045=ORIENTED_EDGE('',*,*,#2145,.F.);
#1046=ORIENTED_EDGE('',*,*,#1807,.T.);
#1047=ORIENTED_EDGE('',*,*,#2144,.T.);
#1048=ORIENTED_EDGE('',*,*,#2112,.T.);
#1049=ORIENTED_EDGE('',*,*,#2143,.F.);
#1050=ORIENTED_EDGE('',*,*,#1808,.F.);
#1051=ORIENTED_EDGE('',*,*,#2145,.T.);
#1052=ORIENTED_EDGE('',*,*,#2106,.T.);
#1053=ORIENTED_EDGE('',*,*,#2146,.F.);
#1054=ORIENTED_EDGE('',*,*,#1814,.F.);
#1055=ORIENTED_EDGE('',*,*,#2147,.T.);
#1056=ORIENTED_EDGE('',*,*,#2105,.T.);
#1057=ORIENTED_EDGE('',*,*,#1762,.F.);
#1058=ORIENTED_EDGE('',*,*,#1815,.F.);
#1059=ORIENTED_EDGE('',*,*,#2146,.T.);
#1060=ORIENTED_EDGE('',*,*,#2109,.F.);
#1061=ORIENTED_EDGE('',*,*,#2148,.F.);
#1062=ORIENTED_EDGE('',*,*,#1811,.T.);
#1063=ORIENTED_EDGE('',*,*,#1764,.T.);
#1064=ORIENTED_EDGE('',*,*,#2108,.F.);
#1065=ORIENTED_EDGE('',*,*,#2149,.F.);
#1066=ORIENTED_EDGE('',*,*,#1812,.T.);
#1067=ORIENTED_EDGE('',*,*,#2148,.T.);
#1068=ORIENTED_EDGE('',*,*,#2107,.T.);
#1069=ORIENTED_EDGE('',*,*,#2147,.F.);
#1070=ORIENTED_EDGE('',*,*,#1813,.F.);
#1071=ORIENTED_EDGE('',*,*,#2149,.T.);
#1072=ORIENTED_EDGE('',*,*,#2101,.T.);
#1073=ORIENTED_EDGE('',*,*,#2150,.F.);
#1074=ORIENTED_EDGE('',*,*,#1819,.F.);
#1075=ORIENTED_EDGE('',*,*,#2151,.T.);
#1076=ORIENTED_EDGE('',*,*,#2100,.T.);
#1077=ORIENTED_EDGE('',*,*,#1758,.F.);
#1078=ORIENTED_EDGE('',*,*,#1820,.F.);
#1079=ORIENTED_EDGE('',*,*,#2150,.T.);
#1080=ORIENTED_EDGE('',*,*,#2104,.F.);
#1081=ORIENTED_EDGE('',*,*,#2152,.F.);
#1082=ORIENTED_EDGE('',*,*,#1816,.T.);
#1083=ORIENTED_EDGE('',*,*,#1760,.T.);
#1084=ORIENTED_EDGE('',*,*,#2103,.F.);
#1085=ORIENTED_EDGE('',*,*,#2153,.F.);
#1086=ORIENTED_EDGE('',*,*,#1817,.T.);
#1087=ORIENTED_EDGE('',*,*,#2152,.T.);
#1088=ORIENTED_EDGE('',*,*,#2102,.T.);
#1089=ORIENTED_EDGE('',*,*,#2151,.F.);
#1090=ORIENTED_EDGE('',*,*,#1818,.F.);
#1091=ORIENTED_EDGE('',*,*,#2153,.T.);
#1092=ORIENTED_EDGE('',*,*,#2096,.T.);
#1093=ORIENTED_EDGE('',*,*,#2154,.F.);
#1094=ORIENTED_EDGE('',*,*,#1824,.F.);
#1095=ORIENTED_EDGE('',*,*,#2155,.T.);
#1096=ORIENTED_EDGE('',*,*,#2095,.T.);
#1097=ORIENTED_EDGE('',*,*,#1754,.F.);
#1098=ORIENTED_EDGE('',*,*,#1825,.F.);
#1099=ORIENTED_EDGE('',*,*,#2154,.T.);
#1100=ORIENTED_EDGE('',*,*,#2099,.F.);
#1101=ORIENTED_EDGE('',*,*,#2156,.F.);
#1102=ORIENTED_EDGE('',*,*,#1821,.T.);
#1103=ORIENTED_EDGE('',*,*,#1756,.T.);
#1104=ORIENTED_EDGE('',*,*,#2098,.F.);
#1105=ORIENTED_EDGE('',*,*,#2157,.F.);
#1106=ORIENTED_EDGE('',*,*,#1822,.T.);
#1107=ORIENTED_EDGE('',*,*,#2156,.T.);
#1108=ORIENTED_EDGE('',*,*,#2097,.T.);
#1109=ORIENTED_EDGE('',*,*,#2155,.F.);
#1110=ORIENTED_EDGE('',*,*,#1823,.F.);
#1111=ORIENTED_EDGE('',*,*,#2157,.T.);
#1112=ORIENTED_EDGE('',*,*,#2091,.T.);
#1113=ORIENTED_EDGE('',*,*,#2158,.F.);
#1114=ORIENTED_EDGE('',*,*,#1829,.F.);
#1115=ORIENTED_EDGE('',*,*,#2159,.T.);
#1116=ORIENTED_EDGE('',*,*,#2090,.T.);
#1117=ORIENTED_EDGE('',*,*,#1750,.F.);
#1118=ORIENTED_EDGE('',*,*,#1830,.F.);
#1119=ORIENTED_EDGE('',*,*,#2158,.T.);
#1120=ORIENTED_EDGE('',*,*,#2094,.F.);
#1121=ORIENTED_EDGE('',*,*,#2160,.F.);
#1122=ORIENTED_EDGE('',*,*,#1826,.T.);
#1123=ORIENTED_EDGE('',*,*,#1752,.T.);
#1124=ORIENTED_EDGE('',*,*,#2093,.F.);
#1125=ORIENTED_EDGE('',*,*,#2161,.F.);
#1126=ORIENTED_EDGE('',*,*,#1827,.T.);
#1127=ORIENTED_EDGE('',*,*,#2160,.T.);
#1128=ORIENTED_EDGE('',*,*,#2092,.T.);
#1129=ORIENTED_EDGE('',*,*,#2159,.F.);
#1130=ORIENTED_EDGE('',*,*,#1828,.F.);
#1131=ORIENTED_EDGE('',*,*,#2161,.T.);
#1132=ORIENTED_EDGE('',*,*,#2086,.T.);
#1133=ORIENTED_EDGE('',*,*,#2162,.F.);
#1134=ORIENTED_EDGE('',*,*,#1834,.F.);
#1135=ORIENTED_EDGE('',*,*,#2163,.T.);
#1136=ORIENTED_EDGE('',*,*,#2085,.T.);
#1137=ORIENTED_EDGE('',*,*,#1746,.F.);
#1138=ORIENTED_EDGE('',*,*,#1835,.F.);
#1139=ORIENTED_EDGE('',*,*,#2162,.T.);
#1140=ORIENTED_EDGE('',*,*,#2089,.F.);
#1141=ORIENTED_EDGE('',*,*,#2164,.F.);
#1142=ORIENTED_EDGE('',*,*,#1831,.T.);
#1143=ORIENTED_EDGE('',*,*,#1748,.T.);
#1144=ORIENTED_EDGE('',*,*,#2088,.F.);
#1145=ORIENTED_EDGE('',*,*,#2165,.F.);
#1146=ORIENTED_EDGE('',*,*,#1832,.T.);
#1147=ORIENTED_EDGE('',*,*,#2164,.T.);
#1148=ORIENTED_EDGE('',*,*,#2087,.T.);
#1149=ORIENTED_EDGE('',*,*,#2163,.F.);
#1150=ORIENTED_EDGE('',*,*,#1833,.F.);
#1151=ORIENTED_EDGE('',*,*,#2165,.T.);
#1152=ORIENTED_EDGE('',*,*,#2081,.T.);
#1153=ORIENTED_EDGE('',*,*,#2166,.F.);
#1154=ORIENTED_EDGE('',*,*,#1839,.F.);
#1155=ORIENTED_EDGE('',*,*,#2167,.T.);
#1156=ORIENTED_EDGE('',*,*,#2080,.T.);
#1157=ORIENTED_EDGE('',*,*,#1742,.F.);
#1158=ORIENTED_EDGE('',*,*,#1840,.F.);
#1159=ORIENTED_EDGE('',*,*,#2166,.T.);
#1160=ORIENTED_EDGE('',*,*,#2084,.F.);
#1161=ORIENTED_EDGE('',*,*,#2168,.F.);
#1162=ORIENTED_EDGE('',*,*,#1836,.T.);
#1163=ORIENTED_EDGE('',*,*,#1744,.T.);
#1164=ORIENTED_EDGE('',*,*,#2083,.F.);
#1165=ORIENTED_EDGE('',*,*,#2169,.F.);
#1166=ORIENTED_EDGE('',*,*,#1837,.T.);
#1167=ORIENTED_EDGE('',*,*,#2168,.T.);
#1168=ORIENTED_EDGE('',*,*,#2082,.T.);
#1169=ORIENTED_EDGE('',*,*,#2167,.F.);
#1170=ORIENTED_EDGE('',*,*,#1838,.F.);
#1171=ORIENTED_EDGE('',*,*,#2169,.T.);
#1172=ORIENTED_EDGE('',*,*,#2076,.T.);
#1173=ORIENTED_EDGE('',*,*,#2170,.F.);
#1174=ORIENTED_EDGE('',*,*,#1844,.F.);
#1175=ORIENTED_EDGE('',*,*,#2171,.T.);
#1176=ORIENTED_EDGE('',*,*,#2075,.T.);
#1177=ORIENTED_EDGE('',*,*,#1738,.F.);
#1178=ORIENTED_EDGE('',*,*,#1845,.F.);
#1179=ORIENTED_EDGE('',*,*,#2170,.T.);
#1180=ORIENTED_EDGE('',*,*,#2079,.F.);
#1181=ORIENTED_EDGE('',*,*,#2172,.F.);
#1182=ORIENTED_EDGE('',*,*,#1841,.T.);
#1183=ORIENTED_EDGE('',*,*,#1740,.T.);
#1184=ORIENTED_EDGE('',*,*,#2078,.F.);
#1185=ORIENTED_EDGE('',*,*,#2173,.F.);
#1186=ORIENTED_EDGE('',*,*,#1842,.T.);
#1187=ORIENTED_EDGE('',*,*,#2172,.T.);
#1188=ORIENTED_EDGE('',*,*,#2077,.T.);
#1189=ORIENTED_EDGE('',*,*,#2171,.F.);
#1190=ORIENTED_EDGE('',*,*,#1843,.F.);
#1191=ORIENTED_EDGE('',*,*,#2173,.T.);
#1192=ORIENTED_EDGE('',*,*,#2071,.T.);
#1193=ORIENTED_EDGE('',*,*,#2174,.F.);
#1194=ORIENTED_EDGE('',*,*,#1849,.F.);
#1195=ORIENTED_EDGE('',*,*,#2175,.T.);
#1196=ORIENTED_EDGE('',*,*,#2070,.T.);
#1197=ORIENTED_EDGE('',*,*,#1734,.F.);
#1198=ORIENTED_EDGE('',*,*,#1850,.F.);
#1199=ORIENTED_EDGE('',*,*,#2174,.T.);
#1200=ORIENTED_EDGE('',*,*,#2074,.F.);
#1201=ORIENTED_EDGE('',*,*,#2176,.F.);
#1202=ORIENTED_EDGE('',*,*,#1846,.T.);
#1203=ORIENTED_EDGE('',*,*,#1736,.T.);
#1204=ORIENTED_EDGE('',*,*,#2073,.F.);
#1205=ORIENTED_EDGE('',*,*,#2177,.F.);
#1206=ORIENTED_EDGE('',*,*,#1847,.T.);
#1207=ORIENTED_EDGE('',*,*,#2176,.T.);
#1208=ORIENTED_EDGE('',*,*,#2072,.T.);
#1209=ORIENTED_EDGE('',*,*,#2175,.F.);
#1210=ORIENTED_EDGE('',*,*,#1848,.F.);
#1211=ORIENTED_EDGE('',*,*,#2177,.T.);
#1212=ORIENTED_EDGE('',*,*,#2066,.T.);
#1213=ORIENTED_EDGE('',*,*,#2178,.F.);
#1214=ORIENTED_EDGE('',*,*,#1854,.F.);
#1215=ORIENTED_EDGE('',*,*,#2179,.T.);
#1216=ORIENTED_EDGE('',*,*,#2065,.T.);
#1217=ORIENTED_EDGE('',*,*,#1730,.F.);
#1218=ORIENTED_EDGE('',*,*,#1855,.F.);
#1219=ORIENTED_EDGE('',*,*,#2178,.T.);
#1220=ORIENTED_EDGE('',*,*,#2069,.F.);
#1221=ORIENTED_EDGE('',*,*,#2180,.F.);
#1222=ORIENTED_EDGE('',*,*,#1851,.T.);
#1223=ORIENTED_EDGE('',*,*,#1732,.T.);
#1224=ORIENTED_EDGE('',*,*,#2068,.F.);
#1225=ORIENTED_EDGE('',*,*,#2181,.F.);
#1226=ORIENTED_EDGE('',*,*,#1852,.T.);
#1227=ORIENTED_EDGE('',*,*,#2180,.T.);
#1228=ORIENTED_EDGE('',*,*,#2067,.T.);
#1229=ORIENTED_EDGE('',*,*,#2179,.F.);
#1230=ORIENTED_EDGE('',*,*,#1853,.F.);
#1231=ORIENTED_EDGE('',*,*,#2181,.T.);
#1232=ORIENTED_EDGE('',*,*,#2061,.T.);
#1233=ORIENTED_EDGE('',*,*,#2182,.F.);
#1234=ORIENTED_EDGE('',*,*,#1859,.F.);
#1235=ORIENTED_EDGE('',*,*,#2183,.T.);
#1236=ORIENTED_EDGE('',*,*,#2060,.T.);
#1237=ORIENTED_EDGE('',*,*,#1726,.F.);
#1238=ORIENTED_EDGE('',*,*,#1860,.F.);
#1239=ORIENTED_EDGE('',*,*,#2182,.T.);
#1240=ORIENTED_EDGE('',*,*,#2064,.F.);
#1241=ORIENTED_EDGE('',*,*,#2184,.F.);
#1242=ORIENTED_EDGE('',*,*,#1856,.T.);
#1243=ORIENTED_EDGE('',*,*,#1728,.T.);
#1244=ORIENTED_EDGE('',*,*,#2063,.F.);
#1245=ORIENTED_EDGE('',*,*,#2185,.F.);
#1246=ORIENTED_EDGE('',*,*,#1857,.T.);
#1247=ORIENTED_EDGE('',*,*,#2184,.T.);
#1248=ORIENTED_EDGE('',*,*,#2062,.T.);
#1249=ORIENTED_EDGE('',*,*,#2183,.F.);
#1250=ORIENTED_EDGE('',*,*,#1858,.F.);
#1251=ORIENTED_EDGE('',*,*,#2185,.T.);
#1252=ORIENTED_EDGE('',*,*,#2056,.T.);
#1253=ORIENTED_EDGE('',*,*,#2186,.F.);
#1254=ORIENTED_EDGE('',*,*,#1864,.F.);
#1255=ORIENTED_EDGE('',*,*,#2187,.T.);
#1256=ORIENTED_EDGE('',*,*,#2055,.T.);
#1257=ORIENTED_EDGE('',*,*,#1722,.F.);
#1258=ORIENTED_EDGE('',*,*,#1865,.F.);
#1259=ORIENTED_EDGE('',*,*,#2186,.T.);
#1260=ORIENTED_EDGE('',*,*,#2059,.F.);
#1261=ORIENTED_EDGE('',*,*,#2188,.F.);
#1262=ORIENTED_EDGE('',*,*,#1861,.T.);
#1263=ORIENTED_EDGE('',*,*,#1724,.T.);
#1264=ORIENTED_EDGE('',*,*,#2058,.F.);
#1265=ORIENTED_EDGE('',*,*,#2189,.F.);
#1266=ORIENTED_EDGE('',*,*,#1862,.T.);
#1267=ORIENTED_EDGE('',*,*,#2188,.T.);
#1268=ORIENTED_EDGE('',*,*,#2057,.T.);
#1269=ORIENTED_EDGE('',*,*,#2187,.F.);
#1270=ORIENTED_EDGE('',*,*,#1863,.F.);
#1271=ORIENTED_EDGE('',*,*,#2189,.T.);
#1272=ORIENTED_EDGE('',*,*,#2051,.T.);
#1273=ORIENTED_EDGE('',*,*,#2190,.F.);
#1274=ORIENTED_EDGE('',*,*,#1869,.F.);
#1275=ORIENTED_EDGE('',*,*,#2191,.T.);
#1276=ORIENTED_EDGE('',*,*,#2050,.T.);
#1277=ORIENTED_EDGE('',*,*,#1718,.F.);
#1278=ORIENTED_EDGE('',*,*,#1870,.F.);
#1279=ORIENTED_EDGE('',*,*,#2190,.T.);
#1280=ORIENTED_EDGE('',*,*,#2054,.F.);
#1281=ORIENTED_EDGE('',*,*,#2192,.F.);
#1282=ORIENTED_EDGE('',*,*,#1866,.T.);
#1283=ORIENTED_EDGE('',*,*,#1720,.T.);
#1284=ORIENTED_EDGE('',*,*,#2053,.F.);
#1285=ORIENTED_EDGE('',*,*,#2193,.F.);
#1286=ORIENTED_EDGE('',*,*,#1867,.T.);
#1287=ORIENTED_EDGE('',*,*,#2192,.T.);
#1288=ORIENTED_EDGE('',*,*,#2052,.T.);
#1289=ORIENTED_EDGE('',*,*,#2191,.F.);
#1290=ORIENTED_EDGE('',*,*,#1868,.F.);
#1291=ORIENTED_EDGE('',*,*,#2193,.T.);
#1292=ORIENTED_EDGE('',*,*,#2046,.T.);
#1293=ORIENTED_EDGE('',*,*,#2194,.F.);
#1294=ORIENTED_EDGE('',*,*,#1874,.F.);
#1295=ORIENTED_EDGE('',*,*,#2195,.T.);
#1296=ORIENTED_EDGE('',*,*,#2045,.T.);
#1297=ORIENTED_EDGE('',*,*,#1714,.F.);
#1298=ORIENTED_EDGE('',*,*,#1875,.F.);
#1299=ORIENTED_EDGE('',*,*,#2194,.T.);
#1300=ORIENTED_EDGE('',*,*,#2049,.F.);
#1301=ORIENTED_EDGE('',*,*,#2196,.F.);
#1302=ORIENTED_EDGE('',*,*,#1871,.T.);
#1303=ORIENTED_EDGE('',*,*,#1716,.T.);
#1304=ORIENTED_EDGE('',*,*,#2048,.F.);
#1305=ORIENTED_EDGE('',*,*,#2197,.F.);
#1306=ORIENTED_EDGE('',*,*,#1872,.T.);
#1307=ORIENTED_EDGE('',*,*,#2196,.T.);
#1308=ORIENTED_EDGE('',*,*,#2047,.T.);
#1309=ORIENTED_EDGE('',*,*,#2195,.F.);
#1310=ORIENTED_EDGE('',*,*,#1873,.F.);
#1311=ORIENTED_EDGE('',*,*,#2197,.T.);
#1312=ORIENTED_EDGE('',*,*,#2041,.T.);
#1313=ORIENTED_EDGE('',*,*,#2198,.F.);
#1314=ORIENTED_EDGE('',*,*,#1879,.F.);
#1315=ORIENTED_EDGE('',*,*,#2199,.T.);
#1316=ORIENTED_EDGE('',*,*,#2040,.T.);
#1317=ORIENTED_EDGE('',*,*,#1710,.F.);
#1318=ORIENTED_EDGE('',*,*,#1880,.F.);
#1319=ORIENTED_EDGE('',*,*,#2198,.T.);
#1320=ORIENTED_EDGE('',*,*,#2044,.F.);
#1321=ORIENTED_EDGE('',*,*,#2200,.F.);
#1322=ORIENTED_EDGE('',*,*,#1876,.T.);
#1323=ORIENTED_EDGE('',*,*,#1712,.T.);
#1324=ORIENTED_EDGE('',*,*,#2043,.F.);
#1325=ORIENTED_EDGE('',*,*,#2201,.F.);
#1326=ORIENTED_EDGE('',*,*,#1877,.T.);
#1327=ORIENTED_EDGE('',*,*,#2200,.T.);
#1328=ORIENTED_EDGE('',*,*,#2042,.T.);
#1329=ORIENTED_EDGE('',*,*,#2199,.F.);
#1330=ORIENTED_EDGE('',*,*,#1878,.F.);
#1331=ORIENTED_EDGE('',*,*,#2201,.T.);
#1332=ORIENTED_EDGE('',*,*,#2036,.T.);
#1333=ORIENTED_EDGE('',*,*,#2202,.F.);
#1334=ORIENTED_EDGE('',*,*,#1884,.F.);
#1335=ORIENTED_EDGE('',*,*,#2203,.T.);
#1336=ORIENTED_EDGE('',*,*,#2035,.T.);
#1337=ORIENTED_EDGE('',*,*,#1706,.F.);
#1338=ORIENTED_EDGE('',*,*,#1885,.F.);
#1339=ORIENTED_EDGE('',*,*,#2202,.T.);
#1340=ORIENTED_EDGE('',*,*,#2039,.F.);
#1341=ORIENTED_EDGE('',*,*,#2204,.F.);
#1342=ORIENTED_EDGE('',*,*,#1881,.T.);
#1343=ORIENTED_EDGE('',*,*,#1708,.T.);
#1344=ORIENTED_EDGE('',*,*,#2038,.F.);
#1345=ORIENTED_EDGE('',*,*,#2205,.F.);
#1346=ORIENTED_EDGE('',*,*,#1882,.T.);
#1347=ORIENTED_EDGE('',*,*,#2204,.T.);
#1348=ORIENTED_EDGE('',*,*,#2037,.T.);
#1349=ORIENTED_EDGE('',*,*,#2203,.F.);
#1350=ORIENTED_EDGE('',*,*,#1883,.F.);
#1351=ORIENTED_EDGE('',*,*,#2205,.T.);
#1352=ORIENTED_EDGE('',*,*,#2031,.T.);
#1353=ORIENTED_EDGE('',*,*,#2206,.F.);
#1354=ORIENTED_EDGE('',*,*,#1889,.F.);
#1355=ORIENTED_EDGE('',*,*,#2207,.T.);
#1356=ORIENTED_EDGE('',*,*,#2030,.T.);
#1357=ORIENTED_EDGE('',*,*,#1702,.F.);
#1358=ORIENTED_EDGE('',*,*,#1890,.F.);
#1359=ORIENTED_EDGE('',*,*,#2206,.T.);
#1360=ORIENTED_EDGE('',*,*,#2034,.F.);
#1361=ORIENTED_EDGE('',*,*,#2208,.F.);
#1362=ORIENTED_EDGE('',*,*,#1886,.T.);
#1363=ORIENTED_EDGE('',*,*,#1704,.T.);
#1364=ORIENTED_EDGE('',*,*,#2033,.F.);
#1365=ORIENTED_EDGE('',*,*,#2209,.F.);
#1366=ORIENTED_EDGE('',*,*,#1887,.T.);
#1367=ORIENTED_EDGE('',*,*,#2208,.T.);
#1368=ORIENTED_EDGE('',*,*,#2032,.T.);
#1369=ORIENTED_EDGE('',*,*,#2207,.F.);
#1370=ORIENTED_EDGE('',*,*,#1888,.F.);
#1371=ORIENTED_EDGE('',*,*,#2209,.T.);
#1372=ORIENTED_EDGE('',*,*,#2026,.T.);
#1373=ORIENTED_EDGE('',*,*,#2210,.F.);
#1374=ORIENTED_EDGE('',*,*,#1894,.F.);
#1375=ORIENTED_EDGE('',*,*,#2211,.T.);
#1376=ORIENTED_EDGE('',*,*,#2025,.T.);
#1377=ORIENTED_EDGE('',*,*,#1698,.F.);
#1378=ORIENTED_EDGE('',*,*,#1895,.F.);
#1379=ORIENTED_EDGE('',*,*,#2210,.T.);
#1380=ORIENTED_EDGE('',*,*,#2029,.F.);
#1381=ORIENTED_EDGE('',*,*,#2212,.F.);
#1382=ORIENTED_EDGE('',*,*,#1891,.T.);
#1383=ORIENTED_EDGE('',*,*,#1700,.T.);
#1384=ORIENTED_EDGE('',*,*,#2028,.F.);
#1385=ORIENTED_EDGE('',*,*,#2213,.F.);
#1386=ORIENTED_EDGE('',*,*,#1892,.T.);
#1387=ORIENTED_EDGE('',*,*,#2212,.T.);
#1388=ORIENTED_EDGE('',*,*,#2027,.T.);
#1389=ORIENTED_EDGE('',*,*,#2211,.F.);
#1390=ORIENTED_EDGE('',*,*,#1893,.F.);
#1391=ORIENTED_EDGE('',*,*,#2213,.T.);
#1392=ORIENTED_EDGE('',*,*,#2021,.T.);
#1393=ORIENTED_EDGE('',*,*,#2214,.F.);
#1394=ORIENTED_EDGE('',*,*,#1899,.F.);
#1395=ORIENTED_EDGE('',*,*,#2215,.T.);
#1396=ORIENTED_EDGE('',*,*,#2020,.T.);
#1397=ORIENTED_EDGE('',*,*,#1694,.F.);
#1398=ORIENTED_EDGE('',*,*,#1900,.F.);
#1399=ORIENTED_EDGE('',*,*,#2214,.T.);
#1400=ORIENTED_EDGE('',*,*,#2024,.F.);
#1401=ORIENTED_EDGE('',*,*,#2216,.F.);
#1402=ORIENTED_EDGE('',*,*,#1896,.T.);
#1403=ORIENTED_EDGE('',*,*,#1696,.T.);
#1404=ORIENTED_EDGE('',*,*,#2023,.F.);
#1405=ORIENTED_EDGE('',*,*,#2217,.F.);
#1406=ORIENTED_EDGE('',*,*,#1897,.T.);
#1407=ORIENTED_EDGE('',*,*,#2216,.T.);
#1408=ORIENTED_EDGE('',*,*,#2022,.T.);
#1409=ORIENTED_EDGE('',*,*,#2215,.F.);
#1410=ORIENTED_EDGE('',*,*,#1898,.F.);
#1411=ORIENTED_EDGE('',*,*,#2217,.T.);
#1412=ORIENTED_EDGE('',*,*,#2016,.T.);
#1413=ORIENTED_EDGE('',*,*,#2218,.F.);
#1414=ORIENTED_EDGE('',*,*,#1904,.F.);
#1415=ORIENTED_EDGE('',*,*,#2219,.T.);
#1416=ORIENTED_EDGE('',*,*,#2015,.T.);
#1417=ORIENTED_EDGE('',*,*,#1690,.F.);
#1418=ORIENTED_EDGE('',*,*,#1905,.F.);
#1419=ORIENTED_EDGE('',*,*,#2218,.T.);
#1420=ORIENTED_EDGE('',*,*,#2019,.F.);
#1421=ORIENTED_EDGE('',*,*,#2220,.F.);
#1422=ORIENTED_EDGE('',*,*,#1901,.T.);
#1423=ORIENTED_EDGE('',*,*,#1692,.T.);
#1424=ORIENTED_EDGE('',*,*,#2018,.F.);
#1425=ORIENTED_EDGE('',*,*,#2221,.F.);
#1426=ORIENTED_EDGE('',*,*,#1902,.T.);
#1427=ORIENTED_EDGE('',*,*,#2220,.T.);
#1428=ORIENTED_EDGE('',*,*,#2017,.T.);
#1429=ORIENTED_EDGE('',*,*,#2219,.F.);
#1430=ORIENTED_EDGE('',*,*,#1903,.F.);
#1431=ORIENTED_EDGE('',*,*,#2221,.T.);
#1432=ORIENTED_EDGE('',*,*,#2011,.T.);
#1433=ORIENTED_EDGE('',*,*,#2222,.F.);
#1434=ORIENTED_EDGE('',*,*,#1909,.F.);
#1435=ORIENTED_EDGE('',*,*,#2223,.T.);
#1436=ORIENTED_EDGE('',*,*,#2010,.T.);
#1437=ORIENTED_EDGE('',*,*,#1686,.F.);
#1438=ORIENTED_EDGE('',*,*,#1910,.F.);
#1439=ORIENTED_EDGE('',*,*,#2222,.T.);
#1440=ORIENTED_EDGE('',*,*,#2014,.F.);
#1441=ORIENTED_EDGE('',*,*,#2224,.F.);
#1442=ORIENTED_EDGE('',*,*,#1906,.T.);
#1443=ORIENTED_EDGE('',*,*,#1688,.T.);
#1444=ORIENTED_EDGE('',*,*,#2013,.F.);
#1445=ORIENTED_EDGE('',*,*,#2225,.F.);
#1446=ORIENTED_EDGE('',*,*,#1907,.T.);
#1447=ORIENTED_EDGE('',*,*,#2224,.T.);
#1448=ORIENTED_EDGE('',*,*,#2012,.T.);
#1449=ORIENTED_EDGE('',*,*,#2223,.F.);
#1450=ORIENTED_EDGE('',*,*,#1908,.F.);
#1451=ORIENTED_EDGE('',*,*,#2225,.T.);
#1452=ORIENTED_EDGE('',*,*,#2006,.T.);
#1453=ORIENTED_EDGE('',*,*,#2226,.F.);
#1454=ORIENTED_EDGE('',*,*,#1914,.F.);
#1455=ORIENTED_EDGE('',*,*,#2227,.T.);
#1456=ORIENTED_EDGE('',*,*,#2005,.T.);
#1457=ORIENTED_EDGE('',*,*,#1682,.F.);
#1458=ORIENTED_EDGE('',*,*,#1915,.F.);
#1459=ORIENTED_EDGE('',*,*,#2226,.T.);
#1460=ORIENTED_EDGE('',*,*,#2009,.F.);
#1461=ORIENTED_EDGE('',*,*,#2228,.F.);
#1462=ORIENTED_EDGE('',*,*,#1911,.T.);
#1463=ORIENTED_EDGE('',*,*,#1684,.T.);
#1464=ORIENTED_EDGE('',*,*,#2008,.F.);
#1465=ORIENTED_EDGE('',*,*,#2229,.F.);
#1466=ORIENTED_EDGE('',*,*,#1912,.T.);
#1467=ORIENTED_EDGE('',*,*,#2228,.T.);
#1468=ORIENTED_EDGE('',*,*,#2007,.T.);
#1469=ORIENTED_EDGE('',*,*,#2227,.F.);
#1470=ORIENTED_EDGE('',*,*,#1913,.F.);
#1471=ORIENTED_EDGE('',*,*,#2229,.T.);
#1472=ORIENTED_EDGE('',*,*,#2001,.T.);
#1473=ORIENTED_EDGE('',*,*,#2230,.F.);
#1474=ORIENTED_EDGE('',*,*,#1919,.F.);
#1475=ORIENTED_EDGE('',*,*,#2231,.T.);
#1476=ORIENTED_EDGE('',*,*,#2000,.T.);
#1477=ORIENTED_EDGE('',*,*,#1678,.F.);
#1478=ORIENTED_EDGE('',*,*,#1920,.F.);
#1479=ORIENTED_EDGE('',*,*,#2230,.T.);
#1480=ORIENTED_EDGE('',*,*,#2004,.F.);
#1481=ORIENTED_EDGE('',*,*,#2232,.F.);
#1482=ORIENTED_EDGE('',*,*,#1916,.T.);
#1483=ORIENTED_EDGE('',*,*,#1680,.T.);
#1484=ORIENTED_EDGE('',*,*,#2003,.F.);
#1485=ORIENTED_EDGE('',*,*,#2233,.F.);
#1486=ORIENTED_EDGE('',*,*,#1917,.T.);
#1487=ORIENTED_EDGE('',*,*,#2232,.T.);
#1488=ORIENTED_EDGE('',*,*,#2002,.T.);
#1489=ORIENTED_EDGE('',*,*,#2231,.F.);
#1490=ORIENTED_EDGE('',*,*,#1918,.F.);
#1491=ORIENTED_EDGE('',*,*,#2233,.T.);
#1492=ORIENTED_EDGE('',*,*,#1996,.T.);
#1493=ORIENTED_EDGE('',*,*,#2234,.F.);
#1494=ORIENTED_EDGE('',*,*,#1924,.F.);
#1495=ORIENTED_EDGE('',*,*,#2235,.T.);
#1496=ORIENTED_EDGE('',*,*,#1995,.T.);
#1497=ORIENTED_EDGE('',*,*,#1674,.F.);
#1498=ORIENTED_EDGE('',*,*,#1925,.F.);
#1499=ORIENTED_EDGE('',*,*,#2234,.T.);
#1500=ORIENTED_EDGE('',*,*,#1999,.F.);
#1501=ORIENTED_EDGE('',*,*,#2236,.F.);
#1502=ORIENTED_EDGE('',*,*,#1921,.T.);
#1503=ORIENTED_EDGE('',*,*,#1676,.T.);
#1504=ORIENTED_EDGE('',*,*,#1998,.F.);
#1505=ORIENTED_EDGE('',*,*,#2237,.F.);
#1506=ORIENTED_EDGE('',*,*,#1922,.T.);
#1507=ORIENTED_EDGE('',*,*,#2236,.T.);
#1508=ORIENTED_EDGE('',*,*,#1997,.T.);
#1509=ORIENTED_EDGE('',*,*,#2235,.F.);
#1510=ORIENTED_EDGE('',*,*,#1923,.F.);
#1511=ORIENTED_EDGE('',*,*,#2237,.T.);
#1512=ORIENTED_EDGE('',*,*,#1991,.T.);
#1513=ORIENTED_EDGE('',*,*,#2238,.F.);
#1514=ORIENTED_EDGE('',*,*,#1929,.F.);
#1515=ORIENTED_EDGE('',*,*,#2239,.T.);
#1516=ORIENTED_EDGE('',*,*,#1990,.T.);
#1517=ORIENTED_EDGE('',*,*,#1670,.F.);
#1518=ORIENTED_EDGE('',*,*,#1930,.F.);
#1519=ORIENTED_EDGE('',*,*,#2238,.T.);
#1520=ORIENTED_EDGE('',*,*,#1994,.F.);
#1521=ORIENTED_EDGE('',*,*,#2240,.F.);
#1522=ORIENTED_EDGE('',*,*,#1926,.T.);
#1523=ORIENTED_EDGE('',*,*,#1672,.T.);
#1524=ORIENTED_EDGE('',*,*,#1993,.F.);
#1525=ORIENTED_EDGE('',*,*,#2241,.F.);
#1526=ORIENTED_EDGE('',*,*,#1927,.T.);
#1527=ORIENTED_EDGE('',*,*,#2240,.T.);
#1528=ORIENTED_EDGE('',*,*,#1992,.T.);
#1529=ORIENTED_EDGE('',*,*,#2239,.F.);
#1530=ORIENTED_EDGE('',*,*,#1928,.F.);
#1531=ORIENTED_EDGE('',*,*,#2241,.T.);
#1532=ORIENTED_EDGE('',*,*,#1986,.T.);
#1533=ORIENTED_EDGE('',*,*,#2242,.F.);
#1534=ORIENTED_EDGE('',*,*,#1934,.F.);
#1535=ORIENTED_EDGE('',*,*,#2243,.T.);
#1536=ORIENTED_EDGE('',*,*,#1985,.T.);
#1537=ORIENTED_EDGE('',*,*,#1666,.F.);
#1538=ORIENTED_EDGE('',*,*,#1935,.F.);
#1539=ORIENTED_EDGE('',*,*,#2242,.T.);
#1540=ORIENTED_EDGE('',*,*,#1989,.F.);
#1541=ORIENTED_EDGE('',*,*,#2244,.F.);
#1542=ORIENTED_EDGE('',*,*,#1931,.T.);
#1543=ORIENTED_EDGE('',*,*,#1668,.T.);
#1544=ORIENTED_EDGE('',*,*,#1988,.F.);
#1545=ORIENTED_EDGE('',*,*,#2245,.F.);
#1546=ORIENTED_EDGE('',*,*,#1932,.T.);
#1547=ORIENTED_EDGE('',*,*,#2244,.T.);
#1548=ORIENTED_EDGE('',*,*,#1987,.T.);
#1549=ORIENTED_EDGE('',*,*,#2243,.F.);
#1550=ORIENTED_EDGE('',*,*,#1933,.F.);
#1551=ORIENTED_EDGE('',*,*,#2245,.T.);
#1552=ORIENTED_EDGE('',*,*,#1981,.T.);
#1553=ORIENTED_EDGE('',*,*,#2246,.F.);
#1554=ORIENTED_EDGE('',*,*,#1939,.F.);
#1555=ORIENTED_EDGE('',*,*,#2247,.T.);
#1556=ORIENTED_EDGE('',*,*,#1980,.T.);
#1557=ORIENTED_EDGE('',*,*,#1662,.F.);
#1558=ORIENTED_EDGE('',*,*,#1940,.F.);
#1559=ORIENTED_EDGE('',*,*,#2246,.T.);
#1560=ORIENTED_EDGE('',*,*,#1984,.F.);
#1561=ORIENTED_EDGE('',*,*,#2248,.F.);
#1562=ORIENTED_EDGE('',*,*,#1936,.T.);
#1563=ORIENTED_EDGE('',*,*,#1664,.T.);
#1564=ORIENTED_EDGE('',*,*,#1983,.F.);
#1565=ORIENTED_EDGE('',*,*,#2249,.F.);
#1566=ORIENTED_EDGE('',*,*,#1937,.T.);
#1567=ORIENTED_EDGE('',*,*,#2248,.T.);
#1568=ORIENTED_EDGE('',*,*,#1982,.T.);
#1569=ORIENTED_EDGE('',*,*,#2247,.F.);
#1570=ORIENTED_EDGE('',*,*,#1938,.F.);
#1571=ORIENTED_EDGE('',*,*,#2249,.T.);
#1572=ORIENTED_EDGE('',*,*,#1976,.T.);
#1573=ORIENTED_EDGE('',*,*,#2250,.F.);
#1574=ORIENTED_EDGE('',*,*,#1944,.F.);
#1575=ORIENTED_EDGE('',*,*,#2251,.T.);
#1576=ORIENTED_EDGE('',*,*,#1975,.T.);
#1577=ORIENTED_EDGE('',*,*,#1658,.F.);
#1578=ORIENTED_EDGE('',*,*,#1945,.F.);
#1579=ORIENTED_EDGE('',*,*,#2250,.T.);
#1580=ORIENTED_EDGE('',*,*,#1979,.F.);
#1581=ORIENTED_EDGE('',*,*,#2252,.F.);
#1582=ORIENTED_EDGE('',*,*,#1941,.T.);
#1583=ORIENTED_EDGE('',*,*,#1660,.T.);
#1584=ORIENTED_EDGE('',*,*,#1978,.F.);
#1585=ORIENTED_EDGE('',*,*,#2253,.F.);
#1586=ORIENTED_EDGE('',*,*,#1942,.T.);
#1587=ORIENTED_EDGE('',*,*,#2252,.T.);
#1588=ORIENTED_EDGE('',*,*,#1977,.T.);
#1589=ORIENTED_EDGE('',*,*,#2251,.F.);
#1590=ORIENTED_EDGE('',*,*,#1943,.F.);
#1591=ORIENTED_EDGE('',*,*,#2253,.T.);
#1592=ORIENTED_EDGE('',*,*,#1971,.T.);
#1593=ORIENTED_EDGE('',*,*,#2254,.F.);
#1594=ORIENTED_EDGE('',*,*,#1949,.F.);
#1595=ORIENTED_EDGE('',*,*,#2255,.T.);
#1596=ORIENTED_EDGE('',*,*,#1970,.T.);
#1597=ORIENTED_EDGE('',*,*,#1654,.F.);
#1598=ORIENTED_EDGE('',*,*,#1950,.F.);
#1599=ORIENTED_EDGE('',*,*,#2254,.T.);
#1600=ORIENTED_EDGE('',*,*,#1974,.F.);
#1601=ORIENTED_EDGE('',*,*,#2256,.F.);
#1602=ORIENTED_EDGE('',*,*,#1946,.T.);
#1603=ORIENTED_EDGE('',*,*,#1656,.T.);
#1604=ORIENTED_EDGE('',*,*,#1973,.F.);
#1605=ORIENTED_EDGE('',*,*,#2257,.F.);
#1606=ORIENTED_EDGE('',*,*,#1947,.T.);
#1607=ORIENTED_EDGE('',*,*,#2256,.T.);
#1608=ORIENTED_EDGE('',*,*,#1972,.T.);
#1609=ORIENTED_EDGE('',*,*,#2255,.F.);
#1610=ORIENTED_EDGE('',*,*,#1948,.F.);
#1611=ORIENTED_EDGE('',*,*,#2257,.T.);
#1612=ORIENTED_EDGE('',*,*,#1966,.T.);
#1613=ORIENTED_EDGE('',*,*,#2258,.F.);
#1614=ORIENTED_EDGE('',*,*,#1954,.F.);
#1615=ORIENTED_EDGE('',*,*,#2259,.T.);
#1616=ORIENTED_EDGE('',*,*,#1965,.T.);
#1617=ORIENTED_EDGE('',*,*,#1785,.F.);
#1618=ORIENTED_EDGE('',*,*,#1955,.F.);
#1619=ORIENTED_EDGE('',*,*,#2258,.T.);
#1620=ORIENTED_EDGE('',*,*,#1969,.F.);
#1621=ORIENTED_EDGE('',*,*,#2260,.F.);
#1622=ORIENTED_EDGE('',*,*,#1951,.T.);
#1623=ORIENTED_EDGE('',*,*,#1652,.T.);
#1624=ORIENTED_EDGE('',*,*,#1968,.F.);
#1625=ORIENTED_EDGE('',*,*,#2261,.F.);
#1626=ORIENTED_EDGE('',*,*,#1952,.T.);
#1627=ORIENTED_EDGE('',*,*,#2260,.T.);
#1628=ORIENTED_EDGE('',*,*,#1967,.T.);
#1629=ORIENTED_EDGE('',*,*,#2259,.F.);
#1630=ORIENTED_EDGE('',*,*,#1953,.F.);
#1631=ORIENTED_EDGE('',*,*,#2261,.T.);
#1632=ORIENTED_EDGE('',*,*,#1961,.T.);
#1633=ORIENTED_EDGE('',*,*,#2262,.F.);
#1634=ORIENTED_EDGE('',*,*,#1959,.F.);
#1635=ORIENTED_EDGE('',*,*,#2263,.T.);
#1636=ORIENTED_EDGE('',*,*,#1782,.F.);
#1637=ORIENTED_EDGE('',*,*,#1790,.F.);
#1638=ORIENTED_EDGE('',*,*,#2262,.T.);
#1639=ORIENTED_EDGE('',*,*,#1960,.T.);
#1640=ORIENTED_EDGE('',*,*,#1956,.T.);
#1641=ORIENTED_EDGE('',*,*,#1787,.T.);
#1642=ORIENTED_EDGE('',*,*,#1964,.F.);
#1643=ORIENTED_EDGE('',*,*,#2264,.F.);
#1644=ORIENTED_EDGE('',*,*,#1963,.F.);
#1645=ORIENTED_EDGE('',*,*,#2265,.F.);
#1646=ORIENTED_EDGE('',*,*,#1957,.T.);
#1647=ORIENTED_EDGE('',*,*,#2264,.T.);
#1648=ORIENTED_EDGE('',*,*,#1962,.T.);
#1649=ORIENTED_EDGE('',*,*,#2263,.F.);
#1650=ORIENTED_EDGE('',*,*,#1958,.F.);
#1651=ORIENTED_EDGE('',*,*,#2265,.T.);
#1652=EDGE_CURVE('',#2266,#2267,#2676,.T.);
#1653=EDGE_CURVE('',#2268,#2266,#14,.T.);
#1654=EDGE_CURVE('',#2268,#2269,#2677,.T.);
#1655=EDGE_CURVE('',#2269,#2267,#15,.T.);
#1656=EDGE_CURVE('',#2270,#2271,#2678,.T.);
#1657=EDGE_CURVE('',#2272,#2270,#16,.T.);
#1658=EDGE_CURVE('',#2272,#2273,#2679,.T.);
#1659=EDGE_CURVE('',#2273,#2271,#17,.T.);
#1660=EDGE_CURVE('',#2274,#2275,#2680,.T.);
#1661=EDGE_CURVE('',#2276,#2274,#18,.T.);
#1662=EDGE_CURVE('',#2276,#2277,#2681,.T.);
#1663=EDGE_CURVE('',#2277,#2275,#19,.T.);
#1664=EDGE_CURVE('',#2278,#2279,#2682,.T.);
#1665=EDGE_CURVE('',#2280,#2278,#20,.T.);
#1666=EDGE_CURVE('',#2280,#2281,#2683,.T.);
#1667=EDGE_CURVE('',#2281,#2279,#21,.T.);
#1668=EDGE_CURVE('',#2282,#2283,#2684,.T.);
#1669=EDGE_CURVE('',#2284,#2282,#22,.T.);
#1670=EDGE_CURVE('',#2284,#2285,#2685,.T.);
#1671=EDGE_CURVE('',#2285,#2283,#23,.T.);
#1672=EDGE_CURVE('',#2286,#2287,#2686,.T.);
#1673=EDGE_CURVE('',#2288,#2286,#24,.T.);
#1674=EDGE_CURVE('',#2288,#2289,#2687,.T.);
#1675=EDGE_CURVE('',#2289,#2287,#25,.T.);
#1676=EDGE_CURVE('',#2290,#2291,#2688,.T.);
#1677=EDGE_CURVE('',#2292,#2290,#26,.T.);
#1678=EDGE_CURVE('',#2292,#2293,#2689,.T.);
#1679=EDGE_CURVE('',#2293,#2291,#27,.T.);
#1680=EDGE_CURVE('',#2294,#2295,#2690,.T.);
#1681=EDGE_CURVE('',#2296,#2294,#28,.T.);
#1682=EDGE_CURVE('',#2296,#2297,#2691,.T.);
#1683=EDGE_CURVE('',#2297,#2295,#29,.T.);
#1684=EDGE_CURVE('',#2298,#2299,#2692,.T.);
#1685=EDGE_CURVE('',#2300,#2298,#30,.T.);
#1686=EDGE_CURVE('',#2300,#2301,#2693,.T.);
#1687=EDGE_CURVE('',#2301,#2299,#31,.T.);
#1688=EDGE_CURVE('',#2302,#2303,#2694,.T.);
#1689=EDGE_CURVE('',#2304,#2302,#32,.T.);
#1690=EDGE_CURVE('',#2304,#2305,#2695,.T.);
#1691=EDGE_CURVE('',#2305,#2303,#33,.T.);
#1692=EDGE_CURVE('',#2306,#2307,#2696,.T.);
#1693=EDGE_CURVE('',#2308,#2306,#34,.T.);
#1694=EDGE_CURVE('',#2308,#2309,#2697,.T.);
#1695=EDGE_CURVE('',#2309,#2307,#35,.T.);
#1696=EDGE_CURVE('',#2310,#2311,#2698,.T.);
#1697=EDGE_CURVE('',#2312,#2310,#36,.T.);
#1698=EDGE_CURVE('',#2312,#2313,#2699,.T.);
#1699=EDGE_CURVE('',#2313,#2311,#37,.T.);
#1700=EDGE_CURVE('',#2314,#2315,#2700,.T.);
#1701=EDGE_CURVE('',#2316,#2314,#38,.T.);
#1702=EDGE_CURVE('',#2316,#2317,#2701,.T.);
#1703=EDGE_CURVE('',#2317,#2315,#39,.T.);
#1704=EDGE_CURVE('',#2318,#2319,#2702,.T.);
#1705=EDGE_CURVE('',#2320,#2318,#40,.T.);
#1706=EDGE_CURVE('',#2320,#2321,#2703,.T.);
#1707=EDGE_CURVE('',#2321,#2319,#41,.T.);
#1708=EDGE_CURVE('',#2322,#2323,#2704,.T.);
#1709=EDGE_CURVE('',#2324,#2322,#42,.T.);
#1710=EDGE_CURVE('',#2324,#2325,#2705,.T.);
#1711=EDGE_CURVE('',#2325,#2323,#43,.T.);
#1712=EDGE_CURVE('',#2326,#2327,#2706,.T.);
#1713=EDGE_CURVE('',#2328,#2326,#44,.T.);
#1714=EDGE_CURVE('',#2328,#2329,#2707,.T.);
#1715=EDGE_CURVE('',#2329,#2327,#45,.T.);
#1716=EDGE_CURVE('',#2330,#2331,#2708,.T.);
#1717=EDGE_CURVE('',#2332,#2330,#46,.T.);
#1718=EDGE_CURVE('',#2332,#2333,#2709,.T.);
#1719=EDGE_CURVE('',#2333,#2331,#47,.T.);
#1720=EDGE_CURVE('',#2334,#2335,#2710,.T.);
#1721=EDGE_CURVE('',#2336,#2334,#48,.T.);
#1722=EDGE_CURVE('',#2336,#2337,#2711,.T.);
#1723=EDGE_CURVE('',#2337,#2335,#49,.T.);
#1724=EDGE_CURVE('',#2338,#2339,#2712,.T.);
#1725=EDGE_CURVE('',#2340,#2338,#50,.T.);
#1726=EDGE_CURVE('',#2340,#2341,#2713,.T.);
#1727=EDGE_CURVE('',#2341,#2339,#51,.T.);
#1728=EDGE_CURVE('',#2342,#2343,#2714,.T.);
#1729=EDGE_CURVE('',#2344,#2342,#52,.T.);
#1730=EDGE_CURVE('',#2344,#2345,#2715,.T.);
#1731=EDGE_CURVE('',#2345,#2343,#53,.T.);
#1732=EDGE_CURVE('',#2346,#2347,#2716,.T.);
#1733=EDGE_CURVE('',#2348,#2346,#54,.T.);
#1734=EDGE_CURVE('',#2348,#2349,#2717,.T.);
#1735=EDGE_CURVE('',#2349,#2347,#55,.T.);
#1736=EDGE_CURVE('',#2350,#2351,#2718,.T.);
#1737=EDGE_CURVE('',#2352,#2350,#56,.T.);
#1738=EDGE_CURVE('',#2352,#2353,#2719,.T.);
#1739=EDGE_CURVE('',#2353,#2351,#57,.T.);
#1740=EDGE_CURVE('',#2354,#2355,#2720,.T.);
#1741=EDGE_CURVE('',#2356,#2354,#58,.T.);
#1742=EDGE_CURVE('',#2356,#2357,#2721,.T.);
#1743=EDGE_CURVE('',#2357,#2355,#59,.T.);
#1744=EDGE_CURVE('',#2358,#2359,#2722,.T.);
#1745=EDGE_CURVE('',#2360,#2358,#60,.T.);
#1746=EDGE_CURVE('',#2360,#2361,#2723,.T.);
#1747=EDGE_CURVE('',#2361,#2359,#61,.T.);
#1748=EDGE_CURVE('',#2362,#2363,#2724,.T.);
#1749=EDGE_CURVE('',#2364,#2362,#62,.T.);
#1750=EDGE_CURVE('',#2364,#2365,#2725,.T.);
#1751=EDGE_CURVE('',#2365,#2363,#63,.T.);
#1752=EDGE_CURVE('',#2366,#2367,#2726,.T.);
#1753=EDGE_CURVE('',#2368,#2366,#64,.T.);
#1754=EDGE_CURVE('',#2368,#2369,#2727,.T.);
#1755=EDGE_CURVE('',#2369,#2367,#65,.T.);
#1756=EDGE_CURVE('',#2370,#2371,#2728,.T.);
#1757=EDGE_CURVE('',#2372,#2370,#66,.T.);
#1758=EDGE_CURVE('',#2372,#2373,#2729,.T.);
#1759=EDGE_CURVE('',#2373,#2371,#67,.T.);
#1760=EDGE_CURVE('',#2374,#2375,#2730,.T.);
#1761=EDGE_CURVE('',#2376,#2374,#68,.T.);
#1762=EDGE_CURVE('',#2376,#2377,#2731,.T.);
#1763=EDGE_CURVE('',#2377,#2375,#69,.T.);
#1764=EDGE_CURVE('',#2378,#2379,#2732,.T.);
#1765=EDGE_CURVE('',#2380,#2378,#70,.T.);
#1766=EDGE_CURVE('',#2380,#2381,#2733,.T.);
#1767=EDGE_CURVE('',#2381,#2379,#71,.T.);
#1768=EDGE_CURVE('',#2382,#2383,#2734,.T.);
#1769=EDGE_CURVE('',#2384,#2382,#72,.T.);
#1770=EDGE_CURVE('',#2384,#2385,#2735,.T.);
#1771=EDGE_CURVE('',#2385,#2383,#73,.T.);
#1772=EDGE_CURVE('',#2386,#2387,#2736,.T.);
#1773=EDGE_CURVE('',#2388,#2386,#74,.T.);
#1774=EDGE_CURVE('',#2388,#2389,#2737,.T.);
#1775=EDGE_CURVE('',#2389,#2387,#75,.T.);
#1776=EDGE_CURVE('',#2390,#2391,#2738,.T.);
#1777=EDGE_CURVE('',#2392,#2390,#76,.T.);
#1778=EDGE_CURVE('',#2392,#2393,#2739,.T.);
#1779=EDGE_CURVE('',#2393,#2391,#77,.T.);
#1780=EDGE_CURVE('',#2394,#2395,#2740,.T.);
#1781=EDGE_CURVE('',#2396,#2394,#78,.T.);
#1782=EDGE_CURVE('',#2396,#2397,#2741,.T.);
#1783=EDGE_CURVE('',#2397,#2395,#79,.T.);
#1784=EDGE_CURVE('',#2398,#2399,#80,.T.);
#1785=EDGE_CURVE('',#2398,#2400,#2742,.T.);
#1786=EDGE_CURVE('',#2400,#2401,#81,.T.);
#1787=EDGE_CURVE('',#2399,#2401,#2743,.T.);
#1788=EDGE_CURVE('',#2402,#2402,#82,.T.);
#1789=EDGE_CURVE('',#2403,#2403,#83,.T.);
#1790=EDGE_CURVE('',#2404,#2396,#84,.T.);
#1791=EDGE_CURVE('',#2405,#2394,#85,.F.);
#1792=EDGE_CURVE('',#2406,#2405,#86,.T.);
#1793=EDGE_CURVE('',#2406,#2407,#87,.F.);
#1794=EDGE_CURVE('',#2407,#2408,#88,.F.);
#1795=EDGE_CURVE('',#2408,#2392,#89,.T.);
#1796=EDGE_CURVE('',#2409,#2390,#90,.F.);
#1797=EDGE_CURVE('',#2410,#2409,#91,.T.);
#1798=EDGE_CURVE('',#2410,#2411,#92,.F.);
#1799=EDGE_CURVE('',#2411,#2412,#93,.F.);
#1800=EDGE_CURVE('',#2412,#2388,#94,.T.);
#1801=EDGE_CURVE('',#2413,#2386,#95,.F.);
#1802=EDGE_CURVE('',#2414,#2413,#96,.T.);
#1803=EDGE_CURVE('',#2414,#2415,#97,.F.);
#1804=EDGE_CURVE('',#2415,#2416,#98,.F.);
#1805=EDGE_CURVE('',#2416,#2384,#99,.T.);
#1806=EDGE_CURVE('',#2417,#2382,#100,.F.);
#1807=EDGE_CURVE('',#2418,#2417,#101,.T.);
#1808=EDGE_CURVE('',#2418,#2419,#102,.F.);
#1809=EDGE_CURVE('',#2419,#2420,#103,.F.);
#1810=EDGE_CURVE('',#2420,#2380,#104,.T.);
#1811=EDGE_CURVE('',#2421,#2378,#105,.F.);
#1812=EDGE_CURVE('',#2422,#2421,#106,.T.);
#1813=EDGE_CURVE('',#2422,#2423,#107,.F.);
#1814=EDGE_CURVE('',#2423,#2424,#108,.F.);
#1815=EDGE_CURVE('',#2424,#2376,#109,.T.);
#1816=EDGE_CURVE('',#2425,#2374,#110,.F.);
#1817=EDGE_CURVE('',#2426,#2425,#111,.T.);
#1818=EDGE_CURVE('',#2426,#2427,#112,.F.);
#1819=EDGE_CURVE('',#2427,#2428,#113,.F.);
#1820=EDGE_CURVE('',#2428,#2372,#114,.T.);
#1821=EDGE_CURVE('',#2429,#2370,#115,.F.);
#1822=EDGE_CURVE('',#2430,#2429,#116,.T.);
#1823=EDGE_CURVE('',#2430,#2431,#117,.F.);
#1824=EDGE_CURVE('',#2431,#2432,#118,.F.);
#1825=EDGE_CURVE('',#2432,#2368,#119,.T.);
#1826=EDGE_CURVE('',#2433,#2366,#120,.F.);
#1827=EDGE_CURVE('',#2434,#2433,#121,.T.);
#1828=EDGE_CURVE('',#2434,#2435,#122,.F.);
#1829=EDGE_CURVE('',#2435,#2436,#123,.F.);
#1830=EDGE_CURVE('',#2436,#2364,#124,.T.);
#1831=EDGE_CURVE('',#2437,#2362,#125,.F.);
#1832=EDGE_CURVE('',#2438,#2437,#126,.T.);
#1833=EDGE_CURVE('',#2438,#2439,#127,.F.);
#1834=EDGE_CURVE('',#2439,#2440,#128,.F.);
#1835=EDGE_CURVE('',#2440,#2360,#129,.T.);
#1836=EDGE_CURVE('',#2441,#2358,#130,.F.);
#1837=EDGE_CURVE('',#2442,#2441,#131,.T.);
#1838=EDGE_CURVE('',#2442,#2443,#132,.F.);
#1839=EDGE_CURVE('',#2443,#2444,#133,.F.);
#1840=EDGE_CURVE('',#2444,#2356,#134,.T.);
#1841=EDGE_CURVE('',#2445,#2354,#135,.F.);
#1842=EDGE_CURVE('',#2446,#2445,#136,.T.);
#1843=EDGE_CURVE('',#2446,#2447,#137,.F.);
#1844=EDGE_CURVE('',#2447,#2448,#138,.F.);
#1845=EDGE_CURVE('',#2448,#2352,#139,.T.);
#1846=EDGE_CURVE('',#2449,#2350,#140,.F.);
#1847=EDGE_CURVE('',#2450,#2449,#141,.T.);
#1848=EDGE_CURVE('',#2450,#2451,#142,.F.);
#1849=EDGE_CURVE('',#2451,#2452,#143,.F.);
#1850=EDGE_CURVE('',#2452,#2348,#144,.T.);
#1851=EDGE_CURVE('',#2453,#2346,#145,.F.);
#1852=EDGE_CURVE('',#2454,#2453,#146,.T.);
#1853=EDGE_CURVE('',#2454,#2455,#147,.F.);
#1854=EDGE_CURVE('',#2455,#2456,#148,.F.);
#1855=EDGE_CURVE('',#2456,#2344,#149,.T.);
#1856=EDGE_CURVE('',#2457,#2342,#150,.F.);
#1857=EDGE_CURVE('',#2458,#2457,#151,.T.);
#1858=EDGE_CURVE('',#2458,#2459,#152,.F.);
#1859=EDGE_CURVE('',#2459,#2460,#153,.F.);
#1860=EDGE_CURVE('',#2460,#2340,#154,.T.);
#1861=EDGE_CURVE('',#2461,#2338,#155,.F.);
#1862=EDGE_CURVE('',#2462,#2461,#156,.T.);
#1863=EDGE_CURVE('',#2462,#2463,#157,.F.);
#1864=EDGE_CURVE('',#2463,#2464,#158,.F.);
#1865=EDGE_CURVE('',#2464,#2336,#159,.T.);
#1866=EDGE_CURVE('',#2465,#2334,#160,.F.);
#1867=EDGE_CURVE('',#2466,#2465,#161,.T.);
#1868=EDGE_CURVE('',#2466,#2467,#162,.F.);
#1869=EDGE_CURVE('',#2467,#2468,#163,.F.);
#1870=EDGE_CURVE('',#2468,#2332,#164,.T.);
#1871=EDGE_CURVE('',#2469,#2330,#165,.F.);
#1872=EDGE_CURVE('',#2470,#2469,#166,.T.);
#1873=EDGE_CURVE('',#2470,#2471,#167,.F.);
#1874=EDGE_CURVE('',#2471,#2472,#168,.F.);
#1875=EDGE_CURVE('',#2472,#2328,#169,.T.);
#1876=EDGE_CURVE('',#2473,#2326,#170,.F.);
#1877=EDGE_CURVE('',#2474,#2473,#171,.T.);
#1878=EDGE_CURVE('',#2474,#2475,#172,.F.);
#1879=EDGE_CURVE('',#2475,#2476,#173,.F.);
#1880=EDGE_CURVE('',#2476,#2324,#174,.T.);
#1881=EDGE_CURVE('',#2477,#2322,#175,.F.);
#1882=EDGE_CURVE('',#2478,#2477,#176,.T.);
#1883=EDGE_CURVE('',#2478,#2479,#177,.F.);
#1884=EDGE_CURVE('',#2479,#2480,#178,.F.);
#1885=EDGE_CURVE('',#2480,#2320,#179,.T.);
#1886=EDGE_CURVE('',#2481,#2318,#180,.F.);
#1887=EDGE_CURVE('',#2482,#2481,#181,.T.);
#1888=EDGE_CURVE('',#2482,#2483,#182,.F.);
#1889=EDGE_CURVE('',#2483,#2484,#183,.F.);
#1890=EDGE_CURVE('',#2484,#2316,#184,.T.);
#1891=EDGE_CURVE('',#2485,#2314,#185,.F.);
#1892=EDGE_CURVE('',#2486,#2485,#186,.T.);
#1893=EDGE_CURVE('',#2486,#2487,#187,.F.);
#1894=EDGE_CURVE('',#2487,#2488,#188,.F.);
#1895=EDGE_CURVE('',#2488,#2312,#189,.T.);
#1896=EDGE_CURVE('',#2489,#2310,#190,.F.);
#1897=EDGE_CURVE('',#2490,#2489,#191,.T.);
#1898=EDGE_CURVE('',#2490,#2491,#192,.F.);
#1899=EDGE_CURVE('',#2491,#2492,#193,.F.);
#1900=EDGE_CURVE('',#2492,#2308,#194,.T.);
#1901=EDGE_CURVE('',#2493,#2306,#195,.F.);
#1902=EDGE_CURVE('',#2494,#2493,#196,.T.);
#1903=EDGE_CURVE('',#2494,#2495,#197,.F.);
#1904=EDGE_CURVE('',#2495,#2496,#198,.F.);
#1905=EDGE_CURVE('',#2496,#2304,#199,.T.);
#1906=EDGE_CURVE('',#2497,#2302,#200,.F.);
#1907=EDGE_CURVE('',#2498,#2497,#201,.T.);
#1908=EDGE_CURVE('',#2498,#2499,#202,.F.);
#1909=EDGE_CURVE('',#2499,#2500,#203,.F.);
#1910=EDGE_CURVE('',#2500,#2300,#204,.T.);
#1911=EDGE_CURVE('',#2501,#2298,#205,.F.);
#1912=EDGE_CURVE('',#2502,#2501,#206,.T.);
#1913=EDGE_CURVE('',#2502,#2503,#207,.F.);
#1914=EDGE_CURVE('',#2503,#2504,#208,.F.);
#1915=EDGE_CURVE('',#2504,#2296,#209,.T.);
#1916=EDGE_CURVE('',#2505,#2294,#210,.F.);
#1917=EDGE_CURVE('',#2506,#2505,#211,.T.);
#1918=EDGE_CURVE('',#2506,#2507,#212,.F.);
#1919=EDGE_CURVE('',#2507,#2508,#213,.F.);
#1920=EDGE_CURVE('',#2508,#2292,#214,.T.);
#1921=EDGE_CURVE('',#2509,#2290,#215,.F.);
#1922=EDGE_CURVE('',#2510,#2509,#216,.T.);
#1923=EDGE_CURVE('',#2510,#2511,#217,.F.);
#1924=EDGE_CURVE('',#2511,#2512,#218,.F.);
#1925=EDGE_CURVE('',#2512,#2288,#219,.T.);
#1926=EDGE_CURVE('',#2513,#2286,#220,.F.);
#1927=EDGE_CURVE('',#2514,#2513,#221,.T.);
#1928=EDGE_CURVE('',#2514,#2515,#222,.F.);
#1929=EDGE_CURVE('',#2515,#2516,#223,.F.);
#1930=EDGE_CURVE('',#2516,#2284,#224,.T.);
#1931=EDGE_CURVE('',#2517,#2282,#225,.F.);
#1932=EDGE_CURVE('',#2518,#2517,#226,.T.);
#1933=EDGE_CURVE('',#2518,#2519,#227,.F.);
#1934=EDGE_CURVE('',#2519,#2520,#228,.F.);
#1935=EDGE_CURVE('',#2520,#2280,#229,.T.);
#1936=EDGE_CURVE('',#2521,#2278,#230,.F.);
#1937=EDGE_CURVE('',#2522,#2521,#231,.T.);
#1938=EDGE_CURVE('',#2522,#2523,#232,.F.);
#1939=EDGE_CURVE('',#2523,#2524,#233,.F.);
#1940=EDGE_CURVE('',#2524,#2276,#234,.T.);
#1941=EDGE_CURVE('',#2525,#2274,#235,.F.);
#1942=EDGE_CURVE('',#2526,#2525,#236,.T.);
#1943=EDGE_CURVE('',#2526,#2527,#237,.F.);
#1944=EDGE_CURVE('',#2527,#2528,#238,.F.);
#1945=EDGE_CURVE('',#2528,#2272,#239,.T.);
#1946=EDGE_CURVE('',#2529,#2270,#240,.F.);
#1947=EDGE_CURVE('',#2530,#2529,#241,.T.);
#1948=EDGE_CURVE('',#2530,#2531,#242,.F.);
#1949=EDGE_CURVE('',#2531,#2532,#243,.F.);
#1950=EDGE_CURVE('',#2532,#2268,#244,.T.);
#1951=EDGE_CURVE('',#2533,#2266,#245,.F.);
#1952=EDGE_CURVE('',#2534,#2533,#246,.T.);
#1953=EDGE_CURVE('',#2534,#2535,#247,.F.);
#1954=EDGE_CURVE('',#2535,#2536,#248,.F.);
#1955=EDGE_CURVE('',#2536,#2398,#249,.T.);
#1956=EDGE_CURVE('',#2537,#2399,#250,.F.);
#1957=EDGE_CURVE('',#2538,#2537,#251,.T.);
#1958=EDGE_CURVE('',#2538,#2539,#252,.F.);
#1959=EDGE_CURVE('',#2539,#2404,#253,.F.);
#1960=EDGE_CURVE('',#2540,#2397,#254,.T.);
#1961=EDGE_CURVE('',#2541,#2540,#255,.F.);
#1962=EDGE_CURVE('',#2542,#2541,#256,.F.);
#1963=EDGE_CURVE('',#2542,#2543,#257,.T.);
#1964=EDGE_CURVE('',#2543,#2401,#258,.F.);
#1965=EDGE_CURVE('',#2544,#2400,#259,.T.);
#1966=EDGE_CURVE('',#2545,#2544,#260,.F.);
#1967=EDGE_CURVE('',#2546,#2545,#261,.F.);
#1968=EDGE_CURVE('',#2546,#2547,#262,.T.);
#1969=EDGE_CURVE('',#2547,#2267,#263,.F.);
#1970=EDGE_CURVE('',#2548,#2269,#264,.T.);
#1971=EDGE_CURVE('',#2549,#2548,#265,.F.);
#1972=EDGE_CURVE('',#2550,#2549,#266,.F.);
#1973=EDGE_CURVE('',#2550,#2551,#267,.T.);
#1974=EDGE_CURVE('',#2551,#2271,#268,.F.);
#1975=EDGE_CURVE('',#2552,#2273,#269,.T.);
#1976=EDGE_CURVE('',#2553,#2552,#270,.F.);
#1977=EDGE_CURVE('',#2554,#2553,#271,.F.);
#1978=EDGE_CURVE('',#2554,#2555,#272,.T.);
#1979=EDGE_CURVE('',#2555,#2275,#273,.F.);
#1980=EDGE_CURVE('',#2556,#2277,#274,.T.);
#1981=EDGE_CURVE('',#2557,#2556,#275,.F.);
#1982=EDGE_CURVE('',#2558,#2557,#276,.F.);
#1983=EDGE_CURVE('',#2558,#2559,#277,.T.);
#1984=EDGE_CURVE('',#2559,#2279,#278,.F.);
#1985=EDGE_CURVE('',#2560,#2281,#279,.T.);
#1986=EDGE_CURVE('',#2561,#2560,#280,.F.);
#1987=EDGE_CURVE('',#2562,#2561,#281,.F.);
#1988=EDGE_CURVE('',#2562,#2563,#282,.T.);
#1989=EDGE_CURVE('',#2563,#2283,#283,.F.);
#1990=EDGE_CURVE('',#2564,#2285,#284,.T.);
#1991=EDGE_CURVE('',#2565,#2564,#285,.F.);
#1992=EDGE_CURVE('',#2566,#2565,#286,.F.);
#1993=EDGE_CURVE('',#2566,#2567,#287,.T.);
#1994=EDGE_CURVE('',#2567,#2287,#288,.F.);
#1995=EDGE_CURVE('',#2568,#2289,#289,.T.);
#1996=EDGE_CURVE('',#2569,#2568,#290,.F.);
#1997=EDGE_CURVE('',#2570,#2569,#291,.F.);
#1998=EDGE_CURVE('',#2570,#2571,#292,.T.);
#1999=EDGE_CURVE('',#2571,#2291,#293,.F.);
#2000=EDGE_CURVE('',#2572,#2293,#294,.T.);
#2001=EDGE_CURVE('',#2573,#2572,#295,.F.);
#2002=EDGE_CURVE('',#2574,#2573,#296,.F.);
#2003=EDGE_CURVE('',#2574,#2575,#297,.T.);
#2004=EDGE_CURVE('',#2575,#2295,#298,.F.);
#2005=EDGE_CURVE('',#2576,#2297,#299,.T.);
#2006=EDGE_CURVE('',#2577,#2576,#300,.F.);
#2007=EDGE_CURVE('',#2578,#2577,#301,.F.);
#2008=EDGE_CURVE('',#2578,#2579,#302,.T.);
#2009=EDGE_CURVE('',#2579,#2299,#303,.F.);
#2010=EDGE_CURVE('',#2580,#2301,#304,.T.);
#2011=EDGE_CURVE('',#2581,#2580,#305,.F.);
#2012=EDGE_CURVE('',#2582,#2581,#306,.F.);
#2013=EDGE_CURVE('',#2582,#2583,#307,.T.);
#2014=EDGE_CURVE('',#2583,#2303,#308,.F.);
#2015=EDGE_CURVE('',#2584,#2305,#309,.T.);
#2016=EDGE_CURVE('',#2585,#2584,#310,.F.);
#2017=EDGE_CURVE('',#2586,#2585,#311,.F.);
#2018=EDGE_CURVE('',#2586,#2587,#312,.T.);
#2019=EDGE_CURVE('',#2587,#2307,#313,.F.);
#2020=EDGE_CURVE('',#2588,#2309,#314,.T.);
#2021=EDGE_CURVE('',#2589,#2588,#315,.F.);
#2022=EDGE_CURVE('',#2590,#2589,#316,.F.);
#2023=EDGE_CURVE('',#2590,#2591,#317,.T.);
#2024=EDGE_CURVE('',#2591,#2311,#318,.F.);
#2025=EDGE_CURVE('',#2592,#2313,#319,.T.);
#2026=EDGE_CURVE('',#2593,#2592,#320,.F.);
#2027=EDGE_CURVE('',#2594,#2593,#321,.F.);
#2028=EDGE_CURVE('',#2594,#2595,#322,.T.);
#2029=EDGE_CURVE('',#2595,#2315,#323,.F.);
#2030=EDGE_CURVE('',#2596,#2317,#324,.T.);
#2031=EDGE_CURVE('',#2597,#2596,#325,.F.);
#2032=EDGE_CURVE('',#2598,#2597,#326,.F.);
#2033=EDGE_CURVE('',#2598,#2599,#327,.T.);
#2034=EDGE_CURVE('',#2599,#2319,#328,.F.);
#2035=EDGE_CURVE('',#2600,#2321,#329,.T.);
#2036=EDGE_CURVE('',#2601,#2600,#330,.F.);
#2037=EDGE_CURVE('',#2602,#2601,#331,.F.);
#2038=EDGE_CURVE('',#2602,#2603,#332,.T.);
#2039=EDGE_CURVE('',#2603,#2323,#333,.F.);
#2040=EDGE_CURVE('',#2604,#2325,#334,.T.);
#2041=EDGE_CURVE('',#2605,#2604,#335,.F.);
#2042=EDGE_CURVE('',#2606,#2605,#336,.F.);
#2043=EDGE_CURVE('',#2606,#2607,#337,.T.);
#2044=EDGE_CURVE('',#2607,#2327,#338,.F.);
#2045=EDGE_CURVE('',#2608,#2329,#339,.T.);
#2046=EDGE_CURVE('',#2609,#2608,#340,.F.);
#2047=EDGE_CURVE('',#2610,#2609,#341,.F.);
#2048=EDGE_CURVE('',#2610,#2611,#342,.T.);
#2049=EDGE_CURVE('',#2611,#2331,#343,.F.);
#2050=EDGE_CURVE('',#2612,#2333,#344,.T.);
#2051=EDGE_CURVE('',#2613,#2612,#345,.F.);
#2052=EDGE_CURVE('',#2614,#2613,#346,.F.);
#2053=EDGE_CURVE('',#2614,#2615,#347,.T.);
#2054=EDGE_CURVE('',#2615,#2335,#348,.F.);
#2055=EDGE_CURVE('',#2616,#2337,#349,.T.);
#2056=EDGE_CURVE('',#2617,#2616,#350,.F.);
#2057=EDGE_CURVE('',#2618,#2617,#351,.F.);
#2058=EDGE_CURVE('',#2618,#2619,#352,.T.);
#2059=EDGE_CURVE('',#2619,#2339,#353,.F.);
#2060=EDGE_CURVE('',#2620,#2341,#354,.T.);
#2061=EDGE_CURVE('',#2621,#2620,#355,.F.);
#2062=EDGE_CURVE('',#2622,#2621,#356,.F.);
#2063=EDGE_CURVE('',#2622,#2623,#357,.T.);
#2064=EDGE_CURVE('',#2623,#2343,#358,.F.);
#2065=EDGE_CURVE('',#2624,#2345,#359,.T.);
#2066=EDGE_CURVE('',#2625,#2624,#360,.F.);
#2067=EDGE_CURVE('',#2626,#2625,#361,.F.);
#2068=EDGE_CURVE('',#2626,#2627,#362,.T.);
#2069=EDGE_CURVE('',#2627,#2347,#363,.F.);
#2070=EDGE_CURVE('',#2628,#2349,#364,.T.);
#2071=EDGE_CURVE('',#2629,#2628,#365,.F.);
#2072=EDGE_CURVE('',#2630,#2629,#366,.F.);
#2073=EDGE_CURVE('',#2630,#2631,#367,.T.);
#2074=EDGE_CURVE('',#2631,#2351,#368,.F.);
#2075=EDGE_CURVE('',#2632,#2353,#369,.T.);
#2076=EDGE_CURVE('',#2633,#2632,#370,.F.);
#2077=EDGE_CURVE('',#2634,#2633,#371,.F.);
#2078=EDGE_CURVE('',#2634,#2635,#372,.T.);
#2079=EDGE_CURVE('',#2635,#2355,#373,.F.);
#2080=EDGE_CURVE('',#2636,#2357,#374,.T.);
#2081=EDGE_CURVE('',#2637,#2636,#375,.F.);
#2082=EDGE_CURVE('',#2638,#2637,#376,.F.);
#2083=EDGE_CURVE('',#2638,#2639,#377,.T.);
#2084=EDGE_CURVE('',#2639,#2359,#378,.F.);
#2085=EDGE_CURVE('',#2640,#2361,#379,.T.);
#2086=EDGE_CURVE('',#2641,#2640,#380,.F.);
#2087=EDGE_CURVE('',#2642,#2641,#381,.F.);
#2088=EDGE_CURVE('',#2642,#2643,#382,.T.);
#2089=EDGE_CURVE('',#2643,#2363,#383,.F.);
#2090=EDGE_CURVE('',#2644,#2365,#384,.T.);
#2091=EDGE_CURVE('',#2645,#2644,#385,.F.);
#2092=EDGE_CURVE('',#2646,#2645,#386,.F.);
#2093=EDGE_CURVE('',#2646,#2647,#387,.T.);
#2094=EDGE_CURVE('',#2647,#2367,#388,.F.);
#2095=EDGE_CURVE('',#2648,#2369,#389,.T.);
#2096=EDGE_CURVE('',#2649,#2648,#390,.F.);
#2097=EDGE_CURVE('',#2650,#2649,#391,.F.);
#2098=EDGE_CURVE('',#2650,#2651,#392,.T.);
#2099=EDGE_CURVE('',#2651,#2371,#393,.F.);
#2100=EDGE_CURVE('',#2652,#2373,#394,.T.);
#2101=EDGE_CURVE('',#2653,#2652,#395,.F.);
#2102=EDGE_CURVE('',#2654,#2653,#396,.F.);
#2103=EDGE_CURVE('',#2654,#2655,#397,.T.);
#2104=EDGE_CURVE('',#2655,#2375,#398,.F.);
#2105=EDGE_CURVE('',#2656,#2377,#399,.T.);
#2106=EDGE_CURVE('',#2657,#2656,#400,.F.);
#2107=EDGE_CURVE('',#2658,#2657,#401,.F.);
#2108=EDGE_CURVE('',#2658,#2659,#402,.T.);
#2109=EDGE_CURVE('',#2659,#2379,#403,.F.);
#2110=EDGE_CURVE('',#2660,#2381,#404,.T.);
#2111=EDGE_CURVE('',#2661,#2660,#405,.F.);
#2112=EDGE_CURVE('',#2662,#2661,#406,.F.);
#2113=EDGE_CURVE('',#2662,#2663,#407,.T.);
#2114=EDGE_CURVE('',#2663,#2383,#408,.F.);
#2115=EDGE_CURVE('',#2664,#2385,#409,.T.);
#2116=EDGE_CURVE('',#2665,#2664,#410,.F.);
#2117=EDGE_CURVE('',#2666,#2665,#411,.F.);
#2118=EDGE_CURVE('',#2666,#2667,#412,.T.);
#2119=EDGE_CURVE('',#2667,#2387,#413,.F.);
#2120=EDGE_CURVE('',#2668,#2389,#414,.T.);
#2121=EDGE_CURVE('',#2669,#2668,#415,.F.);
#2122=EDGE_CURVE('',#2670,#2669,#416,.F.);
#2123=EDGE_CURVE('',#2670,#2671,#417,.T.);
#2124=EDGE_CURVE('',#2671,#2391,#418,.F.);
#2125=EDGE_CURVE('',#2672,#2393,#419,.T.);
#2126=EDGE_CURVE('',#2673,#2672,#420,.F.);
#2127=EDGE_CURVE('',#2674,#2673,#421,.F.);
#2128=EDGE_CURVE('',#2674,#2675,#422,.T.);
#2129=EDGE_CURVE('',#2675,#2395,#423,.F.);
#2130=EDGE_CURVE('',#2408,#2672,#2744,.T.);
#2131=EDGE_CURVE('',#2407,#2673,#2745,.T.);
#2132=EDGE_CURVE('',#2405,#2675,#2746,.T.);
#2133=EDGE_CURVE('',#2406,#2674,#2747,.T.);
#2134=EDGE_CURVE('',#2412,#2668,#2748,.T.);
#2135=EDGE_CURVE('',#2411,#2669,#2749,.T.);
#2136=EDGE_CURVE('',#2409,#2671,#2750,.T.);
#2137=EDGE_CURVE('',#2410,#2670,#2751,.T.);
#2138=EDGE_CURVE('',#2416,#2664,#2752,.T.);
#2139=EDGE_CURVE('',#2415,#2665,#2753,.T.);
#2140=EDGE_CURVE('',#2413,#2667,#2754,.T.);
#2141=EDGE_CURVE('',#2414,#2666,#2755,.T.);
#2142=EDGE_CURVE('',#2420,#2660,#2756,.T.);
#2143=EDGE_CURVE('',#2419,#2661,#2757,.T.);
#2144=EDGE_CURVE('',#2417,#2663,#2758,.T.);
#2145=EDGE_CURVE('',#2418,#2662,#2759,.T.);
#2146=EDGE_CURVE('',#2424,#2656,#2760,.T.);
#2147=EDGE_CURVE('',#2423,#2657,#2761,.T.);
#2148=EDGE_CURVE('',#2421,#2659,#2762,.T.);
#2149=EDGE_CURVE('',#2422,#2658,#2763,.T.);
#2150=EDGE_CURVE('',#2428,#2652,#2764,.T.);
#2151=EDGE_CURVE('',#2427,#2653,#2765,.T.);
#2152=EDGE_CURVE('',#2425,#2655,#2766,.T.);
#2153=EDGE_CURVE('',#2426,#2654,#2767,.T.);
#2154=EDGE_CURVE('',#2432,#2648,#2768,.T.);
#2155=EDGE_CURVE('',#2431,#2649,#2769,.T.);
#2156=EDGE_CURVE('',#2429,#2651,#2770,.T.);
#2157=EDGE_CURVE('',#2430,#2650,#2771,.T.);
#2158=EDGE_CURVE('',#2436,#2644,#2772,.T.);
#2159=EDGE_CURVE('',#2435,#2645,#2773,.T.);
#2160=EDGE_CURVE('',#2433,#2647,#2774,.T.);
#2161=EDGE_CURVE('',#2434,#2646,#2775,.T.);
#2162=EDGE_CURVE('',#2440,#2640,#2776,.T.);
#2163=EDGE_CURVE('',#2439,#2641,#2777,.T.);
#2164=EDGE_CURVE('',#2437,#2643,#2778,.T.);
#2165=EDGE_CURVE('',#2438,#2642,#2779,.T.);
#2166=EDGE_CURVE('',#2444,#2636,#2780,.T.);
#2167=EDGE_CURVE('',#2443,#2637,#2781,.T.);
#2168=EDGE_CURVE('',#2441,#2639,#2782,.T.);
#2169=EDGE_CURVE('',#2442,#2638,#2783,.T.);
#2170=EDGE_CURVE('',#2448,#2632,#2784,.T.);
#2171=EDGE_CURVE('',#2447,#2633,#2785,.T.);
#2172=EDGE_CURVE('',#2445,#2635,#2786,.T.);
#2173=EDGE_CURVE('',#2446,#2634,#2787,.T.);
#2174=EDGE_CURVE('',#2452,#2628,#2788,.T.);
#2175=EDGE_CURVE('',#2451,#2629,#2789,.T.);
#2176=EDGE_CURVE('',#2449,#2631,#2790,.T.);
#2177=EDGE_CURVE('',#2450,#2630,#2791,.T.);
#2178=EDGE_CURVE('',#2456,#2624,#2792,.T.);
#2179=EDGE_CURVE('',#2455,#2625,#2793,.T.);
#2180=EDGE_CURVE('',#2453,#2627,#2794,.T.);
#2181=EDGE_CURVE('',#2454,#2626,#2795,.T.);
#2182=EDGE_CURVE('',#2460,#2620,#2796,.T.);
#2183=EDGE_CURVE('',#2459,#2621,#2797,.T.);
#2184=EDGE_CURVE('',#2457,#2623,#2798,.T.);
#2185=EDGE_CURVE('',#2458,#2622,#2799,.T.);
#2186=EDGE_CURVE('',#2464,#2616,#2800,.T.);
#2187=EDGE_CURVE('',#2463,#2617,#2801,.T.);
#2188=EDGE_CURVE('',#2461,#2619,#2802,.T.);
#2189=EDGE_CURVE('',#2462,#2618,#2803,.T.);
#2190=EDGE_CURVE('',#2468,#2612,#2804,.T.);
#2191=EDGE_CURVE('',#2467,#2613,#2805,.T.);
#2192=EDGE_CURVE('',#2465,#2615,#2806,.T.);
#2193=EDGE_CURVE('',#2466,#2614,#2807,.T.);
#2194=EDGE_CURVE('',#2472,#2608,#2808,.T.);
#2195=EDGE_CURVE('',#2471,#2609,#2809,.T.);
#2196=EDGE_CURVE('',#2469,#2611,#2810,.T.);
#2197=EDGE_CURVE('',#2470,#2610,#2811,.T.);
#2198=EDGE_CURVE('',#2476,#2604,#2812,.T.);
#2199=EDGE_CURVE('',#2475,#2605,#2813,.T.);
#2200=EDGE_CURVE('',#2473,#2607,#2814,.T.);
#2201=EDGE_CURVE('',#2474,#2606,#2815,.T.);
#2202=EDGE_CURVE('',#2480,#2600,#2816,.T.);
#2203=EDGE_CURVE('',#2479,#2601,#2817,.T.);
#2204=EDGE_CURVE('',#2477,#2603,#2818,.T.);
#2205=EDGE_CURVE('',#2478,#2602,#2819,.T.);
#2206=EDGE_CURVE('',#2484,#2596,#2820,.T.);
#2207=EDGE_CURVE('',#2483,#2597,#2821,.T.);
#2208=EDGE_CURVE('',#2481,#2599,#2822,.T.);
#2209=EDGE_CURVE('',#2482,#2598,#2823,.T.);
#2210=EDGE_CURVE('',#2488,#2592,#2824,.T.);
#2211=EDGE_CURVE('',#2487,#2593,#2825,.T.);
#2212=EDGE_CURVE('',#2485,#2595,#2826,.T.);
#2213=EDGE_CURVE('',#2486,#2594,#2827,.T.);
#2214=EDGE_CURVE('',#2492,#2588,#2828,.T.);
#2215=EDGE_CURVE('',#2491,#2589,#2829,.T.);
#2216=EDGE_CURVE('',#2489,#2591,#2830,.T.);
#2217=EDGE_CURVE('',#2490,#2590,#2831,.T.);
#2218=EDGE_CURVE('',#2496,#2584,#2832,.T.);
#2219=EDGE_CURVE('',#2495,#2585,#2833,.T.);
#2220=EDGE_CURVE('',#2493,#2587,#2834,.T.);
#2221=EDGE_CURVE('',#2494,#2586,#2835,.T.);
#2222=EDGE_CURVE('',#2500,#2580,#2836,.T.);
#2223=EDGE_CURVE('',#2499,#2581,#2837,.T.);
#2224=EDGE_CURVE('',#2497,#2583,#2838,.T.);
#2225=EDGE_CURVE('',#2498,#2582,#2839,.T.);
#2226=EDGE_CURVE('',#2504,#2576,#2840,.T.);
#2227=EDGE_CURVE('',#2503,#2577,#2841,.T.);
#2228=EDGE_CURVE('',#2501,#2579,#2842,.T.);
#2229=EDGE_CURVE('',#2502,#2578,#2843,.T.);
#2230=EDGE_CURVE('',#2508,#2572,#2844,.T.);
#2231=EDGE_CURVE('',#2507,#2573,#2845,.T.);
#2232=EDGE_CURVE('',#2505,#2575,#2846,.T.);
#2233=EDGE_CURVE('',#2506,#2574,#2847,.T.);
#2234=EDGE_CURVE('',#2512,#2568,#2848,.T.);
#2235=EDGE_CURVE('',#2511,#2569,#2849,.T.);
#2236=EDGE_CURVE('',#2509,#2571,#2850,.T.);
#2237=EDGE_CURVE('',#2510,#2570,#2851,.T.);
#2238=EDGE_CURVE('',#2516,#2564,#2852,.T.);
#2239=EDGE_CURVE('',#2515,#2565,#2853,.T.);
#2240=EDGE_CURVE('',#2513,#2567,#2854,.T.);
#2241=EDGE_CURVE('',#2514,#2566,#2855,.T.);
#2242=EDGE_CURVE('',#2520,#2560,#2856,.T.);
#2243=EDGE_CURVE('',#2519,#2561,#2857,.T.);
#2244=EDGE_CURVE('',#2517,#2563,#2858,.T.);
#2245=EDGE_CURVE('',#2518,#2562,#2859,.T.);
#2246=EDGE_CURVE('',#2524,#2556,#2860,.T.);
#2247=EDGE_CURVE('',#2523,#2557,#2861,.T.);
#2248=EDGE_CURVE('',#2521,#2559,#2862,.T.);
#2249=EDGE_CURVE('',#2522,#2558,#2863,.T.);
#2250=EDGE_CURVE('',#2528,#2552,#2864,.T.);
#2251=EDGE_CURVE('',#2527,#2553,#2865,.T.);
#2252=EDGE_CURVE('',#2525,#2555,#2866,.T.);
#2253=EDGE_CURVE('',#2526,#2554,#2867,.T.);
#2254=EDGE_CURVE('',#2532,#2548,#2868,.T.);
#2255=EDGE_CURVE('',#2531,#2549,#2869,.T.);
#2256=EDGE_CURVE('',#2529,#2551,#2870,.T.);
#2257=EDGE_CURVE('',#2530,#2550,#2871,.T.);
#2258=EDGE_CURVE('',#2536,#2544,#2872,.T.);
#2259=EDGE_CURVE('',#2535,#2545,#2873,.T.);
#2260=EDGE_CURVE('',#2533,#2547,#2874,.T.);
#2261=EDGE_CURVE('',#2534,#2546,#2875,.T.);
#2262=EDGE_CURVE('',#2404,#2540,#2876,.T.);
#2263=EDGE_CURVE('',#2539,#2541,#2877,.T.);
#2264=EDGE_CURVE('',#2537,#2543,#2878,.T.);
#2265=EDGE_CURVE('',#2538,#2542,#2879,.T.);
#2266=VERTEX_POINT('',#5989);
#2267=VERTEX_POINT('',#5990);
#2268=VERTEX_POINT('',#5992);
#2269=VERTEX_POINT('',#5994);
#2270=VERTEX_POINT('',#5998);
#2271=VERTEX_POINT('',#5999);
#2272=VERTEX_POINT('',#6001);
#2273=VERTEX_POINT('',#6003);
#2274=VERTEX_POINT('',#6007);
#2275=VERTEX_POINT('',#6008);
#2276=VERTEX_POINT('',#6010);
#2277=VERTEX_POINT('',#6012);
#2278=VERTEX_POINT('',#6016);
#2279=VERTEX_POINT('',#6017);
#2280=VERTEX_POINT('',#6019);
#2281=VERTEX_POINT('',#6021);
#2282=VERTEX_POINT('',#6025);
#2283=VERTEX_POINT('',#6026);
#2284=VERTEX_POINT('',#6028);
#2285=VERTEX_POINT('',#6030);
#2286=VERTEX_POINT('',#6034);
#2287=VERTEX_POINT('',#6035);
#2288=VERTEX_POINT('',#6037);
#2289=VERTEX_POINT('',#6039);
#2290=VERTEX_POINT('',#6043);
#2291=VERTEX_POINT('',#6044);
#2292=VERTEX_POINT('',#6046);
#2293=VERTEX_POINT('',#6048);
#2294=VERTEX_POINT('',#6052);
#2295=VERTEX_POINT('',#6053);
#2296=VERTEX_POINT('',#6055);
#2297=VERTEX_POINT('',#6057);
#2298=VERTEX_POINT('',#6061);
#2299=VERTEX_POINT('',#6062);
#2300=VERTEX_POINT('',#6064);
#2301=VERTEX_POINT('',#6066);
#2302=VERTEX_POINT('',#6070);
#2303=VERTEX_POINT('',#6071);
#2304=VERTEX_POINT('',#6073);
#2305=VERTEX_POINT('',#6075);
#2306=VERTEX_POINT('',#6079);
#2307=VERTEX_POINT('',#6080);
#2308=VERTEX_POINT('',#6082);
#2309=VERTEX_POINT('',#6084);
#2310=VERTEX_POINT('',#6088);
#2311=VERTEX_POINT('',#6089);
#2312=VERTEX_POINT('',#6091);
#2313=VERTEX_POINT('',#6093);
#2314=VERTEX_POINT('',#6097);
#2315=VERTEX_POINT('',#6098);
#2316=VERTEX_POINT('',#6100);
#2317=VERTEX_POINT('',#6102);
#2318=VERTEX_POINT('',#6106);
#2319=VERTEX_POINT('',#6107);
#2320=VERTEX_POINT('',#6109);
#2321=VERTEX_POINT('',#6111);
#2322=VERTEX_POINT('',#6115);
#2323=VERTEX_POINT('',#6116);
#2324=VERTEX_POINT('',#6118);
#2325=VERTEX_POINT('',#6120);
#2326=VERTEX_POINT('',#6124);
#2327=VERTEX_POINT('',#6125);
#2328=VERTEX_POINT('',#6127);
#2329=VERTEX_POINT('',#6129);
#2330=VERTEX_POINT('',#6133);
#2331=VERTEX_POINT('',#6134);
#2332=VERTEX_POINT('',#6136);
#2333=VERTEX_POINT('',#6138);
#2334=VERTEX_POINT('',#6142);
#2335=VERTEX_POINT('',#6143);
#2336=VERTEX_POINT('',#6145);
#2337=VERTEX_POINT('',#6147);
#2338=VERTEX_POINT('',#6151);
#2339=VERTEX_POINT('',#6152);
#2340=VERTEX_POINT('',#6154);
#2341=VERTEX_POINT('',#6156);
#2342=VERTEX_POINT('',#6160);
#2343=VERTEX_POINT('',#6161);
#2344=VERTEX_POINT('',#6163);
#2345=VERTEX_POINT('',#6165);
#2346=VERTEX_POINT('',#6169);
#2347=VERTEX_POINT('',#6170);
#2348=VERTEX_POINT('',#6172);
#2349=VERTEX_POINT('',#6174);
#2350=VERTEX_POINT('',#6178);
#2351=VERTEX_POINT('',#6179);
#2352=VERTEX_POINT('',#6181);
#2353=VERTEX_POINT('',#6183);
#2354=VERTEX_POINT('',#6187);
#2355=VERTEX_POINT('',#6188);
#2356=VERTEX_POINT('',#6190);
#2357=VERTEX_POINT('',#6192);
#2358=VERTEX_POINT('',#6196);
#2359=VERTEX_POINT('',#6197);
#2360=VERTEX_POINT('',#6199);
#2361=VERTEX_POINT('',#6201);
#2362=VERTEX_POINT('',#6205);
#2363=VERTEX_POINT('',#6206);
#2364=VERTEX_POINT('',#6208);
#2365=VERTEX_POINT('',#6210);
#2366=VERTEX_POINT('',#6214);
#2367=VERTEX_POINT('',#6215);
#2368=VERTEX_POINT('',#6217);
#2369=VERTEX_POINT('',#6219);
#2370=VERTEX_POINT('',#6223);
#2371=VERTEX_POINT('',#6224);
#2372=VERTEX_POINT('',#6226);
#2373=VERTEX_POINT('',#6228);
#2374=VERTEX_POINT('',#6232);
#2375=VERTEX_POINT('',#6233);
#2376=VERTEX_POINT('',#6235);
#2377=VERTEX_POINT('',#6237);
#2378=VERTEX_POINT('',#6241);
#2379=VERTEX_POINT('',#6242);
#2380=VERTEX_POINT('',#6244);
#2381=VERTEX_POINT('',#6246);
#2382=VERTEX_POINT('',#6250);
#2383=VERTEX_POINT('',#6251);
#2384=VERTEX_POINT('',#6253);
#2385=VERTEX_POINT('',#6255);
#2386=VERTEX_POINT('',#6259);
#2387=VERTEX_POINT('',#6260);
#2388=VERTEX_POINT('',#6262);
#2389=VERTEX_POINT('',#6264);
#2390=VERTEX_POINT('',#6268);
#2391=VERTEX_POINT('',#6269);
#2392=VERTEX_POINT('',#6271);
#2393=VERTEX_POINT('',#6273);
#2394=VERTEX_POINT('',#6277);
#2395=VERTEX_POINT('',#6278);
#2396=VERTEX_POINT('',#6280);
#2397=VERTEX_POINT('',#6282);
#2398=VERTEX_POINT('',#6286);
#2399=VERTEX_POINT('',#6287);
#2400=VERTEX_POINT('',#6289);
#2401=VERTEX_POINT('',#6291);
#2402=VERTEX_POINT('',#6295);
#2403=VERTEX_POINT('',#6297);
#2404=VERTEX_POINT('',#6300);
#2405=VERTEX_POINT('',#6302);
#2406=VERTEX_POINT('',#6304);
#2407=VERTEX_POINT('',#6306);
#2408=VERTEX_POINT('',#6308);
#2409=VERTEX_POINT('',#6311);
#2410=VERTEX_POINT('',#6313);
#2411=VERTEX_POINT('',#6315);
#2412=VERTEX_POINT('',#6317);
#2413=VERTEX_POINT('',#6320);
#2414=VERTEX_POINT('',#6322);
#2415=VERTEX_POINT('',#6324);
#2416=VERTEX_POINT('',#6326);
#2417=VERTEX_POINT('',#6329);
#2418=VERTEX_POINT('',#6331);
#2419=VERTEX_POINT('',#6333);
#2420=VERTEX_POINT('',#6335);
#2421=VERTEX_POINT('',#6338);
#2422=VERTEX_POINT('',#6340);
#2423=VERTEX_POINT('',#6342);
#2424=VERTEX_POINT('',#6344);
#2425=VERTEX_POINT('',#6347);
#2426=VERTEX_POINT('',#6349);
#2427=VERTEX_POINT('',#6351);
#2428=VERTEX_POINT('',#6353);
#2429=VERTEX_POINT('',#6356);
#2430=VERTEX_POINT('',#6358);
#2431=VERTEX_POINT('',#6360);
#2432=VERTEX_POINT('',#6362);
#2433=VERTEX_POINT('',#6365);
#2434=VERTEX_POINT('',#6367);
#2435=VERTEX_POINT('',#6369);
#2436=VERTEX_POINT('',#6371);
#2437=VERTEX_POINT('',#6374);
#2438=VERTEX_POINT('',#6376);
#2439=VERTEX_POINT('',#6378);
#2440=VERTEX_POINT('',#6380);
#2441=VERTEX_POINT('',#6383);
#2442=VERTEX_POINT('',#6385);
#2443=VERTEX_POINT('',#6387);
#2444=VERTEX_POINT('',#6389);
#2445=VERTEX_POINT('',#6392);
#2446=VERTEX_POINT('',#6394);
#2447=VERTEX_POINT('',#6396);
#2448=VERTEX_POINT('',#6398);
#2449=VERTEX_POINT('',#6401);
#2450=VERTEX_POINT('',#6403);
#2451=VERTEX_POINT('',#6405);
#2452=VERTEX_POINT('',#6407);
#2453=VERTEX_POINT('',#6410);
#2454=VERTEX_POINT('',#6412);
#2455=VERTEX_POINT('',#6414);
#2456=VERTEX_POINT('',#6416);
#2457=VERTEX_POINT('',#6419);
#2458=VERTEX_POINT('',#6421);
#2459=VERTEX_POINT('',#6423);
#2460=VERTEX_POINT('',#6425);
#2461=VERTEX_POINT('',#6428);
#2462=VERTEX_POINT('',#6430);
#2463=VERTEX_POINT('',#6432);
#2464=VERTEX_POINT('',#6434);
#2465=VERTEX_POINT('',#6437);
#2466=VERTEX_POINT('',#6439);
#2467=VERTEX_POINT('',#6441);
#2468=VERTEX_POINT('',#6443);
#2469=VERTEX_POINT('',#6446);
#2470=VERTEX_POINT('',#6448);
#2471=VERTEX_POINT('',#6450);
#2472=VERTEX_POINT('',#6452);
#2473=VERTEX_POINT('',#6455);
#2474=VERTEX_POINT('',#6457);
#2475=VERTEX_POINT('',#6459);
#2476=VERTEX_POINT('',#6461);
#2477=VERTEX_POINT('',#6464);
#2478=VERTEX_POINT('',#6466);
#2479=VERTEX_POINT('',#6468);
#2480=VERTEX_POINT('',#6470);
#2481=VERTEX_POINT('',#6473);
#2482=VERTEX_POINT('',#6475);
#2483=VERTEX_POINT('',#6477);
#2484=VERTEX_POINT('',#6479);
#2485=VERTEX_POINT('',#6482);
#2486=VERTEX_POINT('',#6484);
#2487=VERTEX_POINT('',#6486);
#2488=VERTEX_POINT('',#6488);
#2489=VERTEX_POINT('',#6491);
#2490=VERTEX_POINT('',#6493);
#2491=VERTEX_POINT('',#6495);
#2492=VERTEX_POINT('',#6497);
#2493=VERTEX_POINT('',#6500);
#2494=VERTEX_POINT('',#6502);
#2495=VERTEX_POINT('',#6504);
#2496=VERTEX_POINT('',#6506);
#2497=VERTEX_POINT('',#6509);
#2498=VERTEX_POINT('',#6511);
#2499=VERTEX_POINT('',#6513);
#2500=VERTEX_POINT('',#6515);
#2501=VERTEX_POINT('',#6518);
#2502=VERTEX_POINT('',#6520);
#2503=VERTEX_POINT('',#6522);
#2504=VERTEX_POINT('',#6524);
#2505=VERTEX_POINT('',#6527);
#2506=VERTEX_POINT('',#6529);
#2507=VERTEX_POINT('',#6531);
#2508=VERTEX_POINT('',#6533);
#2509=VERTEX_POINT('',#6536);
#2510=VERTEX_POINT('',#6538);
#2511=VERTEX_POINT('',#6540);
#2512=VERTEX_POINT('',#6542);
#2513=VERTEX_POINT('',#6545);
#2514=VERTEX_POINT('',#6547);
#2515=VERTEX_POINT('',#6549);
#2516=VERTEX_POINT('',#6551);
#2517=VERTEX_POINT('',#6554);
#2518=VERTEX_POINT('',#6556);
#2519=VERTEX_POINT('',#6558);
#2520=VERTEX_POINT('',#6560);
#2521=VERTEX_POINT('',#6563);
#2522=VERTEX_POINT('',#6565);
#2523=VERTEX_POINT('',#6567);
#2524=VERTEX_POINT('',#6569);
#2525=VERTEX_POINT('',#6572);
#2526=VERTEX_POINT('',#6574);
#2527=VERTEX_POINT('',#6576);
#2528=VERTEX_POINT('',#6578);
#2529=VERTEX_POINT('',#6581);
#2530=VERTEX_POINT('',#6583);
#2531=VERTEX_POINT('',#6585);
#2532=VERTEX_POINT('',#6587);
#2533=VERTEX_POINT('',#6590);
#2534=VERTEX_POINT('',#6592);
#2535=VERTEX_POINT('',#6594);
#2536=VERTEX_POINT('',#6596);
#2537=VERTEX_POINT('',#6599);
#2538=VERTEX_POINT('',#6601);
#2539=VERTEX_POINT('',#6603);
#2540=VERTEX_POINT('',#6607);
#2541=VERTEX_POINT('',#6609);
#2542=VERTEX_POINT('',#6611);
#2543=VERTEX_POINT('',#6613);
#2544=VERTEX_POINT('',#6616);
#2545=VERTEX_POINT('',#6618);
#2546=VERTEX_POINT('',#6620);
#2547=VERTEX_POINT('',#6622);
#2548=VERTEX_POINT('',#6625);
#2549=VERTEX_POINT('',#6627);
#2550=VERTEX_POINT('',#6629);
#2551=VERTEX_POINT('',#6631);
#2552=VERTEX_POINT('',#6634);
#2553=VERTEX_POINT('',#6636);
#2554=VERTEX_POINT('',#6638);
#2555=VERTEX_POINT('',#6640);
#2556=VERTEX_POINT('',#6643);
#2557=VERTEX_POINT('',#6645);
#2558=VERTEX_POINT('',#6647);
#2559=VERTEX_POINT('',#6649);
#2560=VERTEX_POINT('',#6652);
#2561=VERTEX_POINT('',#6654);
#2562=VERTEX_POINT('',#6656);
#2563=VERTEX_POINT('',#6658);
#2564=VERTEX_POINT('',#6661);
#2565=VERTEX_POINT('',#6663);
#2566=VERTEX_POINT('',#6665);
#2567=VERTEX_POINT('',#6667);
#2568=VERTEX_POINT('',#6670);
#2569=VERTEX_POINT('',#6672);
#2570=VERTEX_POINT('',#6674);
#2571=VERTEX_POINT('',#6676);
#2572=VERTEX_POINT('',#6679);
#2573=VERTEX_POINT('',#6681);
#2574=VERTEX_POINT('',#6683);
#2575=VERTEX_POINT('',#6685);
#2576=VERTEX_POINT('',#6688);
#2577=VERTEX_POINT('',#6690);
#2578=VERTEX_POINT('',#6692);
#2579=VERTEX_POINT('',#6694);
#2580=VERTEX_POINT('',#6697);
#2581=VERTEX_POINT('',#6699);
#2582=VERTEX_POINT('',#6701);
#2583=VERTEX_POINT('',#6703);
#2584=VERTEX_POINT('',#6706);
#2585=VERTEX_POINT('',#6708);
#2586=VERTEX_POINT('',#6710);
#2587=VERTEX_POINT('',#6712);
#2588=VERTEX_POINT('',#6715);
#2589=VERTEX_POINT('',#6717);
#2590=VERTEX_POINT('',#6719);
#2591=VERTEX_POINT('',#6721);
#2592=VERTEX_POINT('',#6724);
#2593=VERTEX_POINT('',#6726);
#2594=VERTEX_POINT('',#6728);
#2595=VERTEX_POINT('',#6730);
#2596=VERTEX_POINT('',#6733);
#2597=VERTEX_POINT('',#6735);
#2598=VERTEX_POINT('',#6737);
#2599=VERTEX_POINT('',#6739);
#2600=VERTEX_POINT('',#6742);
#2601=VERTEX_POINT('',#6744);
#2602=VERTEX_POINT('',#6746);
#2603=VERTEX_POINT('',#6748);
#2604=VERTEX_POINT('',#6751);
#2605=VERTEX_POINT('',#6753);
#2606=VERTEX_POINT('',#6755);
#2607=VERTEX_POINT('',#6757);
#2608=VERTEX_POINT('',#6760);
#2609=VERTEX_POINT('',#6762);
#2610=VERTEX_POINT('',#6764);
#2611=VERTEX_POINT('',#6766);
#2612=VERTEX_POINT('',#6769);
#2613=VERTEX_POINT('',#6771);
#2614=VERTEX_POINT('',#6773);
#2615=VERTEX_POINT('',#6775);
#2616=VERTEX_POINT('',#6778);
#2617=VERTEX_POINT('',#6780);
#2618=VERTEX_POINT('',#6782);
#2619=VERTEX_POINT('',#6784);
#2620=VERTEX_POINT('',#6787);
#2621=VERTEX_POINT('',#6789);
#2622=VERTEX_POINT('',#6791);
#2623=VERTEX_POINT('',#6793);
#2624=VERTEX_POINT('',#6796);
#2625=VERTEX_POINT('',#6798);
#2626=VERTEX_POINT('',#6800);
#2627=VERTEX_POINT('',#6802);
#2628=VERTEX_POINT('',#6805);
#2629=VERTEX_POINT('',#6807);
#2630=VERTEX_POINT('',#6809);
#2631=VERTEX_POINT('',#6811);
#2632=VERTEX_POINT('',#6814);
#2633=VERTEX_POINT('',#6816);
#2634=VERTEX_POINT('',#6818);
#2635=VERTEX_POINT('',#6820);
#2636=VERTEX_POINT('',#6823);
#2637=VERTEX_POINT('',#6825);
#2638=VERTEX_POINT('',#6827);
#2639=VERTEX_POINT('',#6829);
#2640=VERTEX_POINT('',#6832);
#2641=VERTEX_POINT('',#6834);
#2642=VERTEX_POINT('',#6836);
#2643=VERTEX_POINT('',#6838);
#2644=VERTEX_POINT('',#6841);
#2645=VERTEX_POINT('',#6843);
#2646=VERTEX_POINT('',#6845);
#2647=VERTEX_POINT('',#6847);
#2648=VERTEX_POINT('',#6850);
#2649=VERTEX_POINT('',#6852);
#2650=VERTEX_POINT('',#6854);
#2651=VERTEX_POINT('',#6856);
#2652=VERTEX_POINT('',#6859);
#2653=VERTEX_POINT('',#6861);
#2654=VERTEX_POINT('',#6863);
#2655=VERTEX_POINT('',#6865);
#2656=VERTEX_POINT('',#6868);
#2657=VERTEX_POINT('',#6870);
#2658=VERTEX_POINT('',#6872);
#2659=VERTEX_POINT('',#6874);
#2660=VERTEX_POINT('',#6877);
#2661=VERTEX_POINT('',#6879);
#2662=VERTEX_POINT('',#6881);
#2663=VERTEX_POINT('',#6883);
#2664=VERTEX_POINT('',#6886);
#2665=VERTEX_POINT('',#6888);
#2666=VERTEX_POINT('',#6890);
#2667=VERTEX_POINT('',#6892);
#2668=VERTEX_POINT('',#6895);
#2669=VERTEX_POINT('',#6897);
#2670=VERTEX_POINT('',#6899);
#2671=VERTEX_POINT('',#6901);
#2672=VERTEX_POINT('',#6904);
#2673=VERTEX_POINT('',#6906);
#2674=VERTEX_POINT('',#6908);
#2675=VERTEX_POINT('',#6910);
#2676=LINE('',#5988,#2880);
#2677=LINE('',#5993,#2881);
#2678=LINE('',#5997,#2882);
#2679=LINE('',#6002,#2883);
#2680=LINE('',#6006,#2884);
#2681=LINE('',#6011,#2885);
#2682=LINE('',#6015,#2886);
#2683=LINE('',#6020,#2887);
#2684=LINE('',#6024,#2888);
#2685=LINE('',#6029,#2889);
#2686=LINE('',#6033,#2890);
#2687=LINE('',#6038,#2891);
#2688=LINE('',#6042,#2892);
#2689=LINE('',#6047,#2893);
#2690=LINE('',#6051,#2894);
#2691=LINE('',#6056,#2895);
#2692=LINE('',#6060,#2896);
#2693=LINE('',#6065,#2897);
#2694=LINE('',#6069,#2898);
#2695=LINE('',#6074,#2899);
#2696=LINE('',#6078,#2900);
#2697=LINE('',#6083,#2901);
#2698=LINE('',#6087,#2902);
#2699=LINE('',#6092,#2903);
#2700=LINE('',#6096,#2904);
#2701=LINE('',#6101,#2905);
#2702=LINE('',#6105,#2906);
#2703=LINE('',#6110,#2907);
#2704=LINE('',#6114,#2908);
#2705=LINE('',#6119,#2909);
#2706=LINE('',#6123,#2910);
#2707=LINE('',#6128,#2911);
#2708=LINE('',#6132,#2912);
#2709=LINE('',#6137,#2913);
#2710=LINE('',#6141,#2914);
#2711=LINE('',#6146,#2915);
#2712=LINE('',#6150,#2916);
#2713=LINE('',#6155,#2917);
#2714=LINE('',#6159,#2918);
#2715=LINE('',#6164,#2919);
#2716=LINE('',#6168,#2920);
#2717=LINE('',#6173,#2921);
#2718=LINE('',#6177,#2922);
#2719=LINE('',#6182,#2923);
#2720=LINE('',#6186,#2924);
#2721=LINE('',#6191,#2925);
#2722=LINE('',#6195,#2926);
#2723=LINE('',#6200,#2927);
#2724=LINE('',#6204,#2928);
#2725=LINE('',#6209,#2929);
#2726=LINE('',#6213,#2930);
#2727=LINE('',#6218,#2931);
#2728=LINE('',#6222,#2932);
#2729=LINE('',#6227,#2933);
#2730=LINE('',#6231,#2934);
#2731=LINE('',#6236,#2935);
#2732=LINE('',#6240,#2936);
#2733=LINE('',#6245,#2937);
#2734=LINE('',#6249,#2938);
#2735=LINE('',#6254,#2939);
#2736=LINE('',#6258,#2940);
#2737=LINE('',#6263,#2941);
#2738=LINE('',#6267,#2942);
#2739=LINE('',#6272,#2943);
#2740=LINE('',#6276,#2944);
#2741=LINE('',#6281,#2945);
#2742=LINE('',#6288,#2946);
#2743=LINE('',#6292,#2947);
#2744=LINE('',#6913,#2948);
#2745=LINE('',#6914,#2949);
#2746=LINE('',#6917,#2950);
#2747=LINE('',#6919,#2951);
#2748=LINE('',#6922,#2952);
#2749=LINE('',#6923,#2953);
#2750=LINE('',#6926,#2954);
#2751=LINE('',#6928,#2955);
#2752=LINE('',#6931,#2956);
#2753=LINE('',#6932,#2957);
#2754=LINE('',#6935,#2958);
#2755=LINE('',#6937,#2959);
#2756=LINE('',#6940,#2960);
#2757=LINE('',#6941,#2961);
#2758=LINE('',#6944,#2962);
#2759=LINE('',#6946,#2963);
#2760=LINE('',#6949,#2964);
#2761=LINE('',#6950,#2965);
#2762=LINE('',#6953,#2966);
#2763=LINE('',#6955,#2967);
#2764=LINE('',#6958,#2968);
#2765=LINE('',#6959,#2969);
#2766=LINE('',#6962,#2970);
#2767=LINE('',#6964,#2971);
#2768=LINE('',#6967,#2972);
#2769=LINE('',#6968,#2973);
#2770=LINE('',#6971,#2974);
#2771=LINE('',#6973,#2975);
#2772=LINE('',#6976,#2976);
#2773=LINE('',#6977,#2977);
#2774=LINE('',#6980,#2978);
#2775=LINE('',#6982,#2979);
#2776=LINE('',#6985,#2980);
#2777=LINE('',#6986,#2981);
#2778=LINE('',#6989,#2982);
#2779=LINE('',#6991,#2983);
#2780=LINE('',#6994,#2984);
#2781=LINE('',#6995,#2985);
#2782=LINE('',#6998,#2986);
#2783=LINE('',#7000,#2987);
#2784=LINE('',#7003,#2988);
#2785=LINE('',#7004,#2989);
#2786=LINE('',#7007,#2990);
#2787=LINE('',#7009,#2991);
#2788=LINE('',#7012,#2992);
#2789=LINE('',#7013,#2993);
#2790=LINE('',#7016,#2994);
#2791=LINE('',#7018,#2995);
#2792=LINE('',#7021,#2996);
#2793=LINE('',#7022,#2997);
#2794=LINE('',#7025,#2998);
#2795=LINE('',#7027,#2999);
#2796=LINE('',#7030,#3000);
#2797=LINE('',#7031,#3001);
#2798=LINE('',#7034,#3002);
#2799=LINE('',#7036,#3003);
#2800=LINE('',#7039,#3004);
#2801=LINE('',#7040,#3005);
#2802=LINE('',#7043,#3006);
#2803=LINE('',#7045,#3007);
#2804=LINE('',#7048,#3008);
#2805=LINE('',#7049,#3009);
#2806=LINE('',#7052,#3010);
#2807=LINE('',#7054,#3011);
#2808=LINE('',#7057,#3012);
#2809=LINE('',#7058,#3013);
#2810=LINE('',#7061,#3014);
#2811=LINE('',#7063,#3015);
#2812=LINE('',#7066,#3016);
#2813=LINE('',#7067,#3017);
#2814=LINE('',#7070,#3018);
#2815=LINE('',#7072,#3019);
#2816=LINE('',#7075,#3020);
#2817=LINE('',#7076,#3021);
#2818=LINE('',#7079,#3022);
#2819=LINE('',#7081,#3023);
#2820=LINE('',#7084,#3024);
#2821=LINE('',#7085,#3025);
#2822=LINE('',#7088,#3026);
#2823=LINE('',#7090,#3027);
#2824=LINE('',#7093,#3028);
#2825=LINE('',#7094,#3029);
#2826=LINE('',#7097,#3030);
#2827=LINE('',#7099,#3031);
#2828=LINE('',#7102,#3032);
#2829=LINE('',#7103,#3033);
#2830=LINE('',#7106,#3034);
#2831=LINE('',#7108,#3035);
#2832=LINE('',#7111,#3036);
#2833=LINE('',#7112,#3037);
#2834=LINE('',#7115,#3038);
#2835=LINE('',#7117,#3039);
#2836=LINE('',#7120,#3040);
#2837=LINE('',#7121,#3041);
#2838=LINE('',#7124,#3042);
#2839=LINE('',#7126,#3043);
#2840=LINE('',#7129,#3044);
#2841=LINE('',#7130,#3045);
#2842=LINE('',#7133,#3046);
#2843=LINE('',#7135,#3047);
#2844=LINE('',#7138,#3048);
#2845=LINE('',#7139,#3049);
#2846=LINE('',#7142,#3050);
#2847=LINE('',#7144,#3051);
#2848=LINE('',#7147,#3052);
#2849=LINE('',#7148,#3053);
#2850=LINE('',#7151,#3054);
#2851=LINE('',#7153,#3055);
#2852=LINE('',#7156,#3056);
#2853=LINE('',#7157,#3057);
#2854=LINE('',#7160,#3058);
#2855=LINE('',#7162,#3059);
#2856=LINE('',#7165,#3060);
#2857=LINE('',#7166,#3061);
#2858=LINE('',#7169,#3062);
#2859=LINE('',#7171,#3063);
#2860=LINE('',#7174,#3064);
#2861=LINE('',#7175,#3065);
#2862=LINE('',#7178,#3066);
#2863=LINE('',#7180,#3067);
#2864=LINE('',#7183,#3068);
#2865=LINE('',#7184,#3069);
#2866=LINE('',#7187,#3070);
#2867=LINE('',#7189,#3071);
#2868=LINE('',#7192,#3072);
#2869=LINE('',#7193,#3073);
#2870=LINE('',#7196,#3074);
#2871=LINE('',#7198,#3075);
#2872=LINE('',#7201,#3076);
#2873=LINE('',#7202,#3077);
#2874=LINE('',#7205,#3078);
#2875=LINE('',#7207,#3079);
#2876=LINE('',#7210,#3080);
#2877=LINE('',#7211,#3081);
#2878=LINE('',#7214,#3082);
#2879=LINE('',#7216,#3083);
#2880=VECTOR('',#4550,1.);
#2881=VECTOR('',#4553,1.);
#2882=VECTOR('',#4558,1.);
#2883=VECTOR('',#4561,1.);
#2884=VECTOR('',#4566,1.);
#2885=VECTOR('',#4569,1.);
#2886=VECTOR('',#4574,1.);
#2887=VECTOR('',#4577,1.);
#2888=VECTOR('',#4582,1.);
#2889=VECTOR('',#4585,1.);
#2890=VECTOR('',#4590,1.);
#2891=VECTOR('',#4593,1.);
#2892=VECTOR('',#4598,1.);
#2893=VECTOR('',#4601,1.);
#2894=VECTOR('',#4606,1.);
#2895=VECTOR('',#4609,1.);
#2896=VECTOR('',#4614,1.);
#2897=VECTOR('',#4617,1.);
#2898=VECTOR('',#4622,1.);
#2899=VECTOR('',#4625,1.);
#2900=VECTOR('',#4630,1.);
#2901=VECTOR('',#4633,1.);
#2902=VECTOR('',#4638,1.);
#2903=VECTOR('',#4641,1.);
#2904=VECTOR('',#4646,1.);
#2905=VECTOR('',#4649,1.);
#2906=VECTOR('',#4654,1.);
#2907=VECTOR('',#4657,1.);
#2908=VECTOR('',#4662,1.);
#2909=VECTOR('',#4665,1.);
#2910=VECTOR('',#4670,1.);
#2911=VECTOR('',#4673,1.);
#2912=VECTOR('',#4678,1.);
#2913=VECTOR('',#4681,1.);
#2914=VECTOR('',#4686,1.);
#2915=VECTOR('',#4689,1.);
#2916=VECTOR('',#4694,1.);
#2917=VECTOR('',#4697,1.);
#2918=VECTOR('',#4702,1.);
#2919=VECTOR('',#4705,1.);
#2920=VECTOR('',#4710,1.);
#2921=VECTOR('',#4713,1.);
#2922=VECTOR('',#4718,1.);
#2923=VECTOR('',#4721,1.);
#2924=VECTOR('',#4726,1.);
#2925=VECTOR('',#4729,1.);
#2926=VECTOR('',#4734,1.);
#2927=VECTOR('',#4737,1.);
#2928=VECTOR('',#4742,1.);
#2929=VECTOR('',#4745,1.);
#2930=VECTOR('',#4750,1.);
#2931=VECTOR('',#4753,1.);
#2932=VECTOR('',#4758,1.);
#2933=VECTOR('',#4761,1.);
#2934=VECTOR('',#4766,1.);
#2935=VECTOR('',#4769,1.);
#2936=VECTOR('',#4774,1.);
#2937=VECTOR('',#4777,1.);
#2938=VECTOR('',#4782,1.);
#2939=VECTOR('',#4785,1.);
#2940=VECTOR('',#4790,1.);
#2941=VECTOR('',#4793,1.);
#2942=VECTOR('',#4798,1.);
#2943=VECTOR('',#4801,1.);
#2944=VECTOR('',#4806,1.);
#2945=VECTOR('',#4809,1.);
#2946=VECTOR('',#4816,1.);
#2947=VECTOR('',#4819,1.);
#2948=VECTOR('',#5512,1.);
#2949=VECTOR('',#5513,1.);
#2950=VECTOR('',#5518,1.);
#2951=VECTOR('',#5521,1.);
#2952=VECTOR('',#5526,1.);
#2953=VECTOR('',#5527,1.);
#2954=VECTOR('',#5532,1.);
#2955=VECTOR('',#5535,1.);
#2956=VECTOR('',#5540,1.);
#2957=VECTOR('',#5541,1.);
#2958=VECTOR('',#5546,1.);
#2959=VECTOR('',#5549,1.);
#2960=VECTOR('',#5554,1.);
#2961=VECTOR('',#5555,1.);
#2962=VECTOR('',#5560,1.);
#2963=VECTOR('',#5563,1.);
#2964=VECTOR('',#5568,1.);
#2965=VECTOR('',#5569,1.);
#2966=VECTOR('',#5574,1.);
#2967=VECTOR('',#5577,1.);
#2968=VECTOR('',#5582,1.);
#2969=VECTOR('',#5583,1.);
#2970=VECTOR('',#5588,1.);
#2971=VECTOR('',#5591,1.);
#2972=VECTOR('',#5596,1.);
#2973=VECTOR('',#5597,1.);
#2974=VECTOR('',#5602,1.);
#2975=VECTOR('',#5605,1.);
#2976=VECTOR('',#5610,1.);
#2977=VECTOR('',#5611,1.);
#2978=VECTOR('',#5616,1.);
#2979=VECTOR('',#5619,1.);
#2980=VECTOR('',#5624,1.);
#2981=VECTOR('',#5625,1.);
#2982=VECTOR('',#5630,1.);
#2983=VECTOR('',#5633,1.);
#2984=VECTOR('',#5638,1.);
#2985=VECTOR('',#5639,1.);
#2986=VECTOR('',#5644,1.);
#2987=VECTOR('',#5647,1.);
#2988=VECTOR('',#5652,1.);
#2989=VECTOR('',#5653,1.);
#2990=VECTOR('',#5658,1.);
#2991=VECTOR('',#5661,1.);
#2992=VECTOR('',#5666,1.);
#2993=VECTOR('',#5667,1.);
#2994=VECTOR('',#5672,1.);
#2995=VECTOR('',#5675,1.);
#2996=VECTOR('',#5680,1.);
#2997=VECTOR('',#5681,1.);
#2998=VECTOR('',#5686,1.);
#2999=VECTOR('',#5689,1.);
#3000=VECTOR('',#5694,1.);
#3001=VECTOR('',#5695,1.);
#3002=VECTOR('',#5700,1.);
#3003=VECTOR('',#5703,1.);
#3004=VECTOR('',#5708,1.);
#3005=VECTOR('',#5709,1.);
#3006=VECTOR('',#5714,1.);
#3007=VECTOR('',#5717,1.);
#3008=VECTOR('',#5722,1.);
#3009=VECTOR('',#5723,1.);
#3010=VECTOR('',#5728,1.);
#3011=VECTOR('',#5731,1.);
#3012=VECTOR('',#5736,1.);
#3013=VECTOR('',#5737,1.);
#3014=VECTOR('',#5742,1.);
#3015=VECTOR('',#5745,1.);
#3016=VECTOR('',#5750,1.);
#3017=VECTOR('',#5751,1.);
#3018=VECTOR('',#5756,1.);
#3019=VECTOR('',#5759,1.);
#3020=VECTOR('',#5764,1.);
#3021=VECTOR('',#5765,1.);
#3022=VECTOR('',#5770,1.);
#3023=VECTOR('',#5773,1.);
#3024=VECTOR('',#5778,1.);
#3025=VECTOR('',#5779,1.);
#3026=VECTOR('',#5784,1.);
#3027=VECTOR('',#5787,1.);
#3028=VECTOR('',#5792,1.);
#3029=VECTOR('',#5793,1.);
#3030=VECTOR('',#5798,1.);
#3031=VECTOR('',#5801,1.);
#3032=VECTOR('',#5806,1.);
#3033=VECTOR('',#5807,1.);
#3034=VECTOR('',#5812,1.);
#3035=VECTOR('',#5815,1.);
#3036=VECTOR('',#5820,1.);
#3037=VECTOR('',#5821,1.);
#3038=VECTOR('',#5826,1.);
#3039=VECTOR('',#5829,1.);
#3040=VECTOR('',#5834,1.);
#3041=VECTOR('',#5835,1.);
#3042=VECTOR('',#5840,1.);
#3043=VECTOR('',#5843,1.);
#3044=VECTOR('',#5848,1.);
#3045=VECTOR('',#5849,1.);
#3046=VECTOR('',#5854,1.);
#3047=VECTOR('',#5857,1.);
#3048=VECTOR('',#5862,1.);
#3049=VECTOR('',#5863,1.);
#3050=VECTOR('',#5868,1.);
#3051=VECTOR('',#5871,1.);
#3052=VECTOR('',#5876,1.);
#3053=VECTOR('',#5877,1.);
#3054=VECTOR('',#5882,1.);
#3055=VECTOR('',#5885,1.);
#3056=VECTOR('',#5890,1.);
#3057=VECTOR('',#5891,1.);
#3058=VECTOR('',#5896,1.);
#3059=VECTOR('',#5899,1.);
#3060=VECTOR('',#5904,1.);
#3061=VECTOR('',#5905,1.);
#3062=VECTOR('',#5910,1.);
#3063=VECTOR('',#5913,1.);
#3064=VECTOR('',#5918,1.);
#3065=VECTOR('',#5919,1.);
#3066=VECTOR('',#5924,1.);
#3067=VECTOR('',#5927,1.);
#3068=VECTOR('',#5932,1.);
#3069=VECTOR('',#5933,1.);
#3070=VECTOR('',#5938,1.);
#3071=VECTOR('',#5941,1.);
#3072=VECTOR('',#5946,1.);
#3073=VECTOR('',#5947,1.);
#3074=VECTOR('',#5952,1.);
#3075=VECTOR('',#5955,1.);
#3076=VECTOR('',#5960,1.);
#3077=VECTOR('',#5961,1.);
#3078=VECTOR('',#5966,1.);
#3079=VECTOR('',#5969,1.);
#3080=VECTOR('',#5974,1.);
#3081=VECTOR('',#5975,1.);
#3082=VECTOR('',#5980,1.);
#3083=VECTOR('',#5983,1.);
#3084=EDGE_LOOP('',(#424,#425,#426,#427));
#3085=EDGE_LOOP('',(#428,#429,#430,#431));
#3086=EDGE_LOOP('',(#432,#433,#434,#435));
#3087=EDGE_LOOP('',(#436,#437,#438,#439));
#3088=EDGE_LOOP('',(#440,#441,#442,#443));
#3089=EDGE_LOOP('',(#444,#445,#446,#447));
#3090=EDGE_LOOP('',(#448,#449,#450,#451));
#3091=EDGE_LOOP('',(#452,#453,#454,#455));
#3092=EDGE_LOOP('',(#456,#457,#458,#459));
#3093=EDGE_LOOP('',(#460,#461,#462,#463));
#3094=EDGE_LOOP('',(#464,#465,#466,#467));
#3095=EDGE_LOOP('',(#468,#469,#470,#471));
#3096=EDGE_LOOP('',(#472,#473,#474,#475));
#3097=EDGE_LOOP('',(#476,#477,#478,#479));
#3098=EDGE_LOOP('',(#480,#481,#482,#483));
#3099=EDGE_LOOP('',(#484,#485,#486,#487));
#3100=EDGE_LOOP('',(#488,#489,#490,#491));
#3101=EDGE_LOOP('',(#492,#493,#494,#495));
#3102=EDGE_LOOP('',(#496,#497,#498,#499));
#3103=EDGE_LOOP('',(#500,#501,#502,#503));
#3104=EDGE_LOOP('',(#504,#505,#506,#507));
#3105=EDGE_LOOP('',(#508,#509,#510,#511));
#3106=EDGE_LOOP('',(#512,#513,#514,#515));
#3107=EDGE_LOOP('',(#516,#517,#518,#519));
#3108=EDGE_LOOP('',(#520,#521,#522,#523));
#3109=EDGE_LOOP('',(#524,#525,#526,#527));
#3110=EDGE_LOOP('',(#528,#529,#530,#531));
#3111=EDGE_LOOP('',(#532,#533,#534,#535));
#3112=EDGE_LOOP('',(#536,#537,#538,#539));
#3113=EDGE_LOOP('',(#540,#541,#542,#543));
#3114=EDGE_LOOP('',(#544,#545,#546,#547));
#3115=EDGE_LOOP('',(#548,#549,#550,#551));
#3116=EDGE_LOOP('',(#552,#553,#554,#555));
#3117=EDGE_LOOP('',(#556,#557,#558,#559));
#3118=EDGE_LOOP('',(#560));
#3119=EDGE_LOOP('',(#561));
#3120=EDGE_LOOP('',(#562,#563,#564,#565,#566,#567,#568,#569,#570,#571,#572,
#573,#574,#575,#576,#577,#578,#579,#580,#581,#582,#583,#584,#585,#586,#587,
#588,#589,#590,#591,#592,#593,#594,#595,#596,#597,#598,#599,#600,#601,#602,
#603,#604,#605,#606,#607,#608,#609,#610,#611,#612,#613,#614,#615,#616,#617,
#618,#619,#620,#621,#622,#623,#624,#625,#626,#627,#628,#629,#630,#631,#632,
#633,#634,#635,#636,#637,#638,#639,#640,#641,#642,#643,#644,#645,#646,#647,
#648,#649,#650,#651,#652,#653,#654,#655,#656,#657,#658,#659,#660,#661,#662,
#663,#664,#665,#666,#667,#668,#669,#670,#671,#672,#673,#674,#675,#676,#677,
#678,#679,#680,#681,#682,#683,#684,#685,#686,#687,#688,#689,#690,#691,#692,
#693,#694,#695,#696,#697,#698,#699,#700,#701,#702,#703,#704,#705,#706,#707,
#708,#709,#710,#711,#712,#713,#714,#715,#716,#717,#718,#719,#720,#721,#722,
#723,#724,#725,#726,#727,#728,#729,#730,#731,#732,#733,#734,#735,#736,#737,
#738,#739,#740,#741,#742,#743,#744,#745,#746,#747,#748,#749,#750,#751,#752,
#753,#754,#755,#756,#757,#758,#759,#760,#761,#762,#763,#764,#765));
#3121=EDGE_LOOP('',(#766));
#3122=EDGE_LOOP('',(#767,#768,#769,#770,#771,#772,#773,#774,#775,#776,#777,
#778,#779,#780,#781,#782,#783,#784,#785,#786,#787,#788,#789,#790,#791,#792,
#793,#794,#795,#796,#797,#798,#799,#800,#801,#802,#803,#804,#805,#806,#807,
#808,#809,#810,#811,#812,#813,#814,#815,#816,#817,#818,#819,#820,#821,#822,
#823,#824,#825,#826,#827,#828,#829,#830,#831,#832,#833,#834,#835,#836,#837,
#838,#839,#840,#841,#842,#843,#844,#845,#846,#847,#848,#849,#850,#851,#852,
#853,#854,#855,#856,#857,#858,#859,#860,#861,#862,#863,#864,#865,#866,#867,
#868,#869,#870,#871,#872,#873,#874,#875,#876,#877,#878,#879,#880,#881,#882,
#883,#884,#885,#886,#887,#888,#889,#890,#891,#892,#893,#894,#895,#896,#897,
#898,#899,#900,#901,#902,#903,#904,#905,#906,#907,#908,#909,#910,#911,#912,
#913,#914,#915,#916,#917,#918,#919,#920,#921,#922,#923,#924,#925,#926,#927,
#928,#929,#930,#931,#932,#933,#934,#935,#936,#937,#938,#939,#940,#941,#942,
#943,#944,#945,#946,#947,#948,#949,#950,#951,#952,#953,#954,#955,#956,#957,
#958,#959,#960,#961,#962,#963,#964,#965,#966,#967,#968,#969,#970));
#3123=EDGE_LOOP('',(#971));
#3124=EDGE_LOOP('',(#972,#973,#974,#975));
#3125=EDGE_LOOP('',(#976,#977,#978,#979));
#3126=EDGE_LOOP('',(#980,#981,#982,#983));
#3127=EDGE_LOOP('',(#984,#985,#986,#987));
#3128=EDGE_LOOP('',(#988,#989,#990,#991));
#3129=EDGE_LOOP('',(#992,#993,#994,#995));
#3130=EDGE_LOOP('',(#996,#997,#998,#999));
#3131=EDGE_LOOP('',(#1000,#1001,#1002,#1003));
#3132=EDGE_LOOP('',(#1004,#1005,#1006,#1007));
#3133=EDGE_LOOP('',(#1008,#1009,#1010,#1011));
#3134=EDGE_LOOP('',(#1012,#1013,#1014,#1015));
#3135=EDGE_LOOP('',(#1016,#1017,#1018,#1019));
#3136=EDGE_LOOP('',(#1020,#1021,#1022,#1023));
#3137=EDGE_LOOP('',(#1024,#1025,#1026,#1027));
#3138=EDGE_LOOP('',(#1028,#1029,#1030,#1031));
#3139=EDGE_LOOP('',(#1032,#1033,#1034,#1035));
#3140=EDGE_LOOP('',(#1036,#1037,#1038,#1039));
#3141=EDGE_LOOP('',(#1040,#1041,#1042,#1043));
#3142=EDGE_LOOP('',(#1044,#1045,#1046,#1047));
#3143=EDGE_LOOP('',(#1048,#1049,#1050,#1051));
#3144=EDGE_LOOP('',(#1052,#1053,#1054,#1055));
#3145=EDGE_LOOP('',(#1056,#1057,#1058,#1059));
#3146=EDGE_LOOP('',(#1060,#1061,#1062,#1063));
#3147=EDGE_LOOP('',(#1064,#1065,#1066,#1067));
#3148=EDGE_LOOP('',(#1068,#1069,#1070,#1071));
#3149=EDGE_LOOP('',(#1072,#1073,#1074,#1075));
#3150=EDGE_LOOP('',(#1076,#1077,#1078,#1079));
#3151=EDGE_LOOP('',(#1080,#1081,#1082,#1083));
#3152=EDGE_LOOP('',(#1084,#1085,#1086,#1087));
#3153=EDGE_LOOP('',(#1088,#1089,#1090,#1091));
#3154=EDGE_LOOP('',(#1092,#1093,#1094,#1095));
#3155=EDGE_LOOP('',(#1096,#1097,#1098,#1099));
#3156=EDGE_LOOP('',(#1100,#1101,#1102,#1103));
#3157=EDGE_LOOP('',(#1104,#1105,#1106,#1107));
#3158=EDGE_LOOP('',(#1108,#1109,#1110,#1111));
#3159=EDGE_LOOP('',(#1112,#1113,#1114,#1115));
#3160=EDGE_LOOP('',(#1116,#1117,#1118,#1119));
#3161=EDGE_LOOP('',(#1120,#1121,#1122,#1123));
#3162=EDGE_LOOP('',(#1124,#1125,#1126,#1127));
#3163=EDGE_LOOP('',(#1128,#1129,#1130,#1131));
#3164=EDGE_LOOP('',(#1132,#1133,#1134,#1135));
#3165=EDGE_LOOP('',(#1136,#1137,#1138,#1139));
#3166=EDGE_LOOP('',(#1140,#1141,#1142,#1143));
#3167=EDGE_LOOP('',(#1144,#1145,#1146,#1147));
#3168=EDGE_LOOP('',(#1148,#1149,#1150,#1151));
#3169=EDGE_LOOP('',(#1152,#1153,#1154,#1155));
#3170=EDGE_LOOP('',(#1156,#1157,#1158,#1159));
#3171=EDGE_LOOP('',(#1160,#1161,#1162,#1163));
#3172=EDGE_LOOP('',(#1164,#1165,#1166,#1167));
#3173=EDGE_LOOP('',(#1168,#1169,#1170,#1171));
#3174=EDGE_LOOP('',(#1172,#1173,#1174,#1175));
#3175=EDGE_LOOP('',(#1176,#1177,#1178,#1179));
#3176=EDGE_LOOP('',(#1180,#1181,#1182,#1183));
#3177=EDGE_LOOP('',(#1184,#1185,#1186,#1187));
#3178=EDGE_LOOP('',(#1188,#1189,#1190,#1191));
#3179=EDGE_LOOP('',(#1192,#1193,#1194,#1195));
#3180=EDGE_LOOP('',(#1196,#1197,#1198,#1199));
#3181=EDGE_LOOP('',(#1200,#1201,#1202,#1203));
#3182=EDGE_LOOP('',(#1204,#1205,#1206,#1207));
#3183=EDGE_LOOP('',(#1208,#1209,#1210,#1211));
#3184=EDGE_LOOP('',(#1212,#1213,#1214,#1215));
#3185=EDGE_LOOP('',(#1216,#1217,#1218,#1219));
#3186=EDGE_LOOP('',(#1220,#1221,#1222,#1223));
#3187=EDGE_LOOP('',(#1224,#1225,#1226,#1227));
#3188=EDGE_LOOP('',(#1228,#1229,#1230,#1231));
#3189=EDGE_LOOP('',(#1232,#1233,#1234,#1235));
#3190=EDGE_LOOP('',(#1236,#1237,#1238,#1239));
#3191=EDGE_LOOP('',(#1240,#1241,#1242,#1243));
#3192=EDGE_LOOP('',(#1244,#1245,#1246,#1247));
#3193=EDGE_LOOP('',(#1248,#1249,#1250,#1251));
#3194=EDGE_LOOP('',(#1252,#1253,#1254,#1255));
#3195=EDGE_LOOP('',(#1256,#1257,#1258,#1259));
#3196=EDGE_LOOP('',(#1260,#1261,#1262,#1263));
#3197=EDGE_LOOP('',(#1264,#1265,#1266,#1267));
#3198=EDGE_LOOP('',(#1268,#1269,#1270,#1271));
#3199=EDGE_LOOP('',(#1272,#1273,#1274,#1275));
#3200=EDGE_LOOP('',(#1276,#1277,#1278,#1279));
#3201=EDGE_LOOP('',(#1280,#1281,#1282,#1283));
#3202=EDGE_LOOP('',(#1284,#1285,#1286,#1287));
#3203=EDGE_LOOP('',(#1288,#1289,#1290,#1291));
#3204=EDGE_LOOP('',(#1292,#1293,#1294,#1295));
#3205=EDGE_LOOP('',(#1296,#1297,#1298,#1299));
#3206=EDGE_LOOP('',(#1300,#1301,#1302,#1303));
#3207=EDGE_LOOP('',(#1304,#1305,#1306,#1307));
#3208=EDGE_LOOP('',(#1308,#1309,#1310,#1311));
#3209=EDGE_LOOP('',(#1312,#1313,#1314,#1315));
#3210=EDGE_LOOP('',(#1316,#1317,#1318,#1319));
#3211=EDGE_LOOP('',(#1320,#1321,#1322,#1323));
#3212=EDGE_LOOP('',(#1324,#1325,#1326,#1327));
#3213=EDGE_LOOP('',(#1328,#1329,#1330,#1331));
#3214=EDGE_LOOP('',(#1332,#1333,#1334,#1335));
#3215=EDGE_LOOP('',(#1336,#1337,#1338,#1339));
#3216=EDGE_LOOP('',(#1340,#1341,#1342,#1343));
#3217=EDGE_LOOP('',(#1344,#1345,#1346,#1347));
#3218=EDGE_LOOP('',(#1348,#1349,#1350,#1351));
#3219=EDGE_LOOP('',(#1352,#1353,#1354,#1355));
#3220=EDGE_LOOP('',(#1356,#1357,#1358,#1359));
#3221=EDGE_LOOP('',(#1360,#1361,#1362,#1363));
#3222=EDGE_LOOP('',(#1364,#1365,#1366,#1367));
#3223=EDGE_LOOP('',(#1368,#1369,#1370,#1371));
#3224=EDGE_LOOP('',(#1372,#1373,#1374,#1375));
#3225=EDGE_LOOP('',(#1376,#1377,#1378,#1379));
#3226=EDGE_LOOP('',(#1380,#1381,#1382,#1383));
#3227=EDGE_LOOP('',(#1384,#1385,#1386,#1387));
#3228=EDGE_LOOP('',(#1388,#1389,#1390,#1391));
#3229=EDGE_LOOP('',(#1392,#1393,#1394,#1395));
#3230=EDGE_LOOP('',(#1396,#1397,#1398,#1399));
#3231=EDGE_LOOP('',(#1400,#1401,#1402,#1403));
#3232=EDGE_LOOP('',(#1404,#1405,#1406,#1407));
#3233=EDGE_LOOP('',(#1408,#1409,#1410,#1411));
#3234=EDGE_LOOP('',(#1412,#1413,#1414,#1415));
#3235=EDGE_LOOP('',(#1416,#1417,#1418,#1419));
#3236=EDGE_LOOP('',(#1420,#1421,#1422,#1423));
#3237=EDGE_LOOP('',(#1424,#1425,#1426,#1427));
#3238=EDGE_LOOP('',(#1428,#1429,#1430,#1431));
#3239=EDGE_LOOP('',(#1432,#1433,#1434,#1435));
#3240=EDGE_LOOP('',(#1436,#1437,#1438,#1439));
#3241=EDGE_LOOP('',(#1440,#1441,#1442,#1443));
#3242=EDGE_LOOP('',(#1444,#1445,#1446,#1447));
#3243=EDGE_LOOP('',(#1448,#1449,#1450,#1451));
#3244=EDGE_LOOP('',(#1452,#1453,#1454,#1455));
#3245=EDGE_LOOP('',(#1456,#1457,#1458,#1459));
#3246=EDGE_LOOP('',(#1460,#1461,#1462,#1463));
#3247=EDGE_LOOP('',(#1464,#1465,#1466,#1467));
#3248=EDGE_LOOP('',(#1468,#1469,#1470,#1471));
#3249=EDGE_LOOP('',(#1472,#1473,#1474,#1475));
#3250=EDGE_LOOP('',(#1476,#1477,#1478,#1479));
#3251=EDGE_LOOP('',(#1480,#1481,#1482,#1483));
#3252=EDGE_LOOP('',(#1484,#1485,#1486,#1487));
#3253=EDGE_LOOP('',(#1488,#1489,#1490,#1491));
#3254=EDGE_LOOP('',(#1492,#1493,#1494,#1495));
#3255=EDGE_LOOP('',(#1496,#1497,#1498,#1499));
#3256=EDGE_LOOP('',(#1500,#1501,#1502,#1503));
#3257=EDGE_LOOP('',(#1504,#1505,#1506,#1507));
#3258=EDGE_LOOP('',(#1508,#1509,#1510,#1511));
#3259=EDGE_LOOP('',(#1512,#1513,#1514,#1515));
#3260=EDGE_LOOP('',(#1516,#1517,#1518,#1519));
#3261=EDGE_LOOP('',(#1520,#1521,#1522,#1523));
#3262=EDGE_LOOP('',(#1524,#1525,#1526,#1527));
#3263=EDGE_LOOP('',(#1528,#1529,#1530,#1531));
#3264=EDGE_LOOP('',(#1532,#1533,#1534,#1535));
#3265=EDGE_LOOP('',(#1536,#1537,#1538,#1539));
#3266=EDGE_LOOP('',(#1540,#1541,#1542,#1543));
#3267=EDGE_LOOP('',(#1544,#1545,#1546,#1547));
#3268=EDGE_LOOP('',(#1548,#1549,#1550,#1551));
#3269=EDGE_LOOP('',(#1552,#1553,#1554,#1555));
#3270=EDGE_LOOP('',(#1556,#1557,#1558,#1559));
#3271=EDGE_LOOP('',(#1560,#1561,#1562,#1563));
#3272=EDGE_LOOP('',(#1564,#1565,#1566,#1567));
#3273=EDGE_LOOP('',(#1568,#1569,#1570,#1571));
#3274=EDGE_LOOP('',(#1572,#1573,#1574,#1575));
#3275=EDGE_LOOP('',(#1576,#1577,#1578,#1579));
#3276=EDGE_LOOP('',(#1580,#1581,#1582,#1583));
#3277=EDGE_LOOP('',(#1584,#1585,#1586,#1587));
#3278=EDGE_LOOP('',(#1588,#1589,#1590,#1591));
#3279=EDGE_LOOP('',(#1592,#1593,#1594,#1595));
#3280=EDGE_LOOP('',(#1596,#1597,#1598,#1599));
#3281=EDGE_LOOP('',(#1600,#1601,#1602,#1603));
#3282=EDGE_LOOP('',(#1604,#1605,#1606,#1607));
#3283=EDGE_LOOP('',(#1608,#1609,#1610,#1611));
#3284=EDGE_LOOP('',(#1612,#1613,#1614,#1615));
#3285=EDGE_LOOP('',(#1616,#1617,#1618,#1619));
#3286=EDGE_LOOP('',(#1620,#1621,#1622,#1623));
#3287=EDGE_LOOP('',(#1624,#1625,#1626,#1627));
#3288=EDGE_LOOP('',(#1628,#1629,#1630,#1631));
#3289=EDGE_LOOP('',(#1632,#1633,#1634,#1635));
#3290=EDGE_LOOP('',(#1636,#1637,#1638,#1639));
#3291=EDGE_LOOP('',(#1640,#1641,#1642,#1643));
#3292=EDGE_LOOP('',(#1644,#1645,#1646,#1647));
#3293=EDGE_LOOP('',(#1648,#1649,#1650,#1651));
#3294=FACE_BOUND('',#3084,.T.);
#3295=FACE_BOUND('',#3085,.T.);
#3296=FACE_BOUND('',#3086,.T.);
#3297=FACE_BOUND('',#3087,.T.);
#3298=FACE_BOUND('',#3088,.T.);
#3299=FACE_BOUND('',#3089,.T.);
#3300=FACE_BOUND('',#3090,.T.);
#3301=FACE_BOUND('',#3091,.T.);
#3302=FACE_BOUND('',#3092,.T.);
#3303=FACE_BOUND('',#3093,.T.);
#3304=FACE_BOUND('',#3094,.T.);
#3305=FACE_BOUND('',#3095,.T.);
#3306=FACE_BOUND('',#3096,.T.);
#3307=FACE_BOUND('',#3097,.T.);
#3308=FACE_BOUND('',#3098,.T.);
#3309=FACE_BOUND('',#3099,.T.);
#3310=FACE_BOUND('',#3100,.T.);
#3311=FACE_BOUND('',#3101,.T.);
#3312=FACE_BOUND('',#3102,.T.);
#3313=FACE_BOUND('',#3103,.T.);
#3314=FACE_BOUND('',#3104,.T.);
#3315=FACE_BOUND('',#3105,.T.);
#3316=FACE_BOUND('',#3106,.T.);
#3317=FACE_BOUND('',#3107,.T.);
#3318=FACE_BOUND('',#3108,.T.);
#3319=FACE_BOUND('',#3109,.T.);
#3320=FACE_BOUND('',#3110,.T.);
#3321=FACE_BOUND('',#3111,.T.);
#3322=FACE_BOUND('',#3112,.T.);
#3323=FACE_BOUND('',#3113,.T.);
#3324=FACE_BOUND('',#3114,.T.);
#3325=FACE_BOUND('',#3115,.T.);
#3326=FACE_BOUND('',#3116,.T.);
#3327=FACE_BOUND('',#3117,.T.);
#3328=FACE_BOUND('',#3118,.T.);
#3329=FACE_BOUND('',#3119,.T.);
#3330=FACE_BOUND('',#3120,.T.);
#3331=FACE_BOUND('',#3121,.T.);
#3332=FACE_BOUND('',#3122,.T.);
#3333=FACE_BOUND('',#3123,.T.);
#3334=FACE_BOUND('',#3124,.T.);
#3335=FACE_BOUND('',#3125,.T.);
#3336=FACE_BOUND('',#3126,.T.);
#3337=FACE_BOUND('',#3127,.T.);
#3338=FACE_BOUND('',#3128,.T.);
#3339=FACE_BOUND('',#3129,.T.);
#3340=FACE_BOUND('',#3130,.T.);
#3341=FACE_BOUND('',#3131,.T.);
#3342=FACE_BOUND('',#3132,.T.);
#3343=FACE_BOUND('',#3133,.T.);
#3344=FACE_BOUND('',#3134,.T.);
#3345=FACE_BOUND('',#3135,.T.);
#3346=FACE_BOUND('',#3136,.T.);
#3347=FACE_BOUND('',#3137,.T.);
#3348=FACE_BOUND('',#3138,.T.);
#3349=FACE_BOUND('',#3139,.T.);
#3350=FACE_BOUND('',#3140,.T.);
#3351=FACE_BOUND('',#3141,.T.);
#3352=FACE_BOUND('',#3142,.T.);
#3353=FACE_BOUND('',#3143,.T.);
#3354=FACE_BOUND('',#3144,.T.);
#3355=FACE_BOUND('',#3145,.T.);
#3356=FACE_BOUND('',#3146,.T.);
#3357=FACE_BOUND('',#3147,.T.);
#3358=FACE_BOUND('',#3148,.T.);
#3359=FACE_BOUND('',#3149,.T.);
#3360=FACE_BOUND('',#3150,.T.);
#3361=FACE_BOUND('',#3151,.T.);
#3362=FACE_BOUND('',#3152,.T.);
#3363=FACE_BOUND('',#3153,.T.);
#3364=FACE_BOUND('',#3154,.T.);
#3365=FACE_BOUND('',#3155,.T.);
#3366=FACE_BOUND('',#3156,.T.);
#3367=FACE_BOUND('',#3157,.T.);
#3368=FACE_BOUND('',#3158,.T.);
#3369=FACE_BOUND('',#3159,.T.);
#3370=FACE_BOUND('',#3160,.T.);
#3371=FACE_BOUND('',#3161,.T.);
#3372=FACE_BOUND('',#3162,.T.);
#3373=FACE_BOUND('',#3163,.T.);
#3374=FACE_BOUND('',#3164,.T.);
#3375=FACE_BOUND('',#3165,.T.);
#3376=FACE_BOUND('',#3166,.T.);
#3377=FACE_BOUND('',#3167,.T.);
#3378=FACE_BOUND('',#3168,.T.);
#3379=FACE_BOUND('',#3169,.T.);
#3380=FACE_BOUND('',#3170,.T.);
#3381=FACE_BOUND('',#3171,.T.);
#3382=FACE_BOUND('',#3172,.T.);
#3383=FACE_BOUND('',#3173,.T.);
#3384=FACE_BOUND('',#3174,.T.);
#3385=FACE_BOUND('',#3175,.T.);
#3386=FACE_BOUND('',#3176,.T.);
#3387=FACE_BOUND('',#3177,.T.);
#3388=FACE_BOUND('',#3178,.T.);
#3389=FACE_BOUND('',#3179,.T.);
#3390=FACE_BOUND('',#3180,.T.);
#3391=FACE_BOUND('',#3181,.T.);
#3392=FACE_BOUND('',#3182,.T.);
#3393=FACE_BOUND('',#3183,.T.);
#3394=FACE_BOUND('',#3184,.T.);
#3395=FACE_BOUND('',#3185,.T.);
#3396=FACE_BOUND('',#3186,.T.);
#3397=FACE_BOUND('',#3187,.T.);
#3398=FACE_BOUND('',#3188,.T.);
#3399=FACE_BOUND('',#3189,.T.);
#3400=FACE_BOUND('',#3190,.T.);
#3401=FACE_BOUND('',#3191,.T.);
#3402=FACE_BOUND('',#3192,.T.);
#3403=FACE_BOUND('',#3193,.T.);
#3404=FACE_BOUND('',#3194,.T.);
#3405=FACE_BOUND('',#3195,.T.);
#3406=FACE_BOUND('',#3196,.T.);
#3407=FACE_BOUND('',#3197,.T.);
#3408=FACE_BOUND('',#3198,.T.);
#3409=FACE_BOUND('',#3199,.T.);
#3410=FACE_BOUND('',#3200,.T.);
#3411=FACE_BOUND('',#3201,.T.);
#3412=FACE_BOUND('',#3202,.T.);
#3413=FACE_BOUND('',#3203,.T.);
#3414=FACE_BOUND('',#3204,.T.);
#3415=FACE_BOUND('',#3205,.T.);
#3416=FACE_BOUND('',#3206,.T.);
#3417=FACE_BOUND('',#3207,.T.);
#3418=FACE_BOUND('',#3208,.T.);
#3419=FACE_BOUND('',#3209,.T.);
#3420=FACE_BOUND('',#3210,.T.);
#3421=FACE_BOUND('',#3211,.T.);
#3422=FACE_BOUND('',#3212,.T.);
#3423=FACE_BOUND('',#3213,.T.);
#3424=FACE_BOUND('',#3214,.T.);
#3425=FACE_BOUND('',#3215,.T.);
#3426=FACE_BOUND('',#3216,.T.);
#3427=FACE_BOUND('',#3217,.T.);
#3428=FACE_BOUND('',#3218,.T.);
#3429=FACE_BOUND('',#3219,.T.);
#3430=FACE_BOUND('',#3220,.T.);
#3431=FACE_BOUND('',#3221,.T.);
#3432=FACE_BOUND('',#3222,.T.);
#3433=FACE_BOUND('',#3223,.T.);
#3434=FACE_BOUND('',#3224,.T.);
#3435=FACE_BOUND('',#3225,.T.);
#3436=FACE_BOUND('',#3226,.T.);
#3437=FACE_BOUND('',#3227,.T.);
#3438=FACE_BOUND('',#3228,.T.);
#3439=FACE_BOUND('',#3229,.T.);
#3440=FACE_BOUND('',#3230,.T.);
#3441=FACE_BOUND('',#3231,.T.);
#3442=FACE_BOUND('',#3232,.T.);
#3443=FACE_BOUND('',#3233,.T.);
#3444=FACE_BOUND('',#3234,.T.);
#3445=FACE_BOUND('',#3235,.T.);
#3446=FACE_BOUND('',#3236,.T.);
#3447=FACE_BOUND('',#3237,.T.);
#3448=FACE_BOUND('',#3238,.T.);
#3449=FACE_BOUND('',#3239,.T.);
#3450=FACE_BOUND('',#3240,.T.);
#3451=FACE_BOUND('',#3241,.T.);
#3452=FACE_BOUND('',#3242,.T.);
#3453=FACE_BOUND('',#3243,.T.);
#3454=FACE_BOUND('',#3244,.T.);
#3455=FACE_BOUND('',#3245,.T.);
#3456=FACE_BOUND('',#3246,.T.);
#3457=FACE_BOUND('',#3247,.T.);
#3458=FACE_BOUND('',#3248,.T.);
#3459=FACE_BOUND('',#3249,.T.);
#3460=FACE_BOUND('',#3250,.T.);
#3461=FACE_BOUND('',#3251,.T.);
#3462=FACE_BOUND('',#3252,.T.);
#3463=FACE_BOUND('',#3253,.T.);
#3464=FACE_BOUND('',#3254,.T.);
#3465=FACE_BOUND('',#3255,.T.);
#3466=FACE_BOUND('',#3256,.T.);
#3467=FACE_BOUND('',#3257,.T.);
#3468=FACE_BOUND('',#3258,.T.);
#3469=FACE_BOUND('',#3259,.T.);
#3470=FACE_BOUND('',#3260,.T.);
#3471=FACE_BOUND('',#3261,.T.);
#3472=FACE_BOUND('',#3262,.T.);
#3473=FACE_BOUND('',#3263,.T.);
#3474=FACE_BOUND('',#3264,.T.);
#3475=FACE_BOUND('',#3265,.T.);
#3476=FACE_BOUND('',#3266,.T.);
#3477=FACE_BOUND('',#3267,.T.);
#3478=FACE_BOUND('',#3268,.T.);
#3479=FACE_BOUND('',#3269,.T.);
#3480=FACE_BOUND('',#3270,.T.);
#3481=FACE_BOUND('',#3271,.T.);
#3482=FACE_BOUND('',#3272,.T.);
#3483=FACE_BOUND('',#3273,.T.);
#3484=FACE_BOUND('',#3274,.T.);
#3485=FACE_BOUND('',#3275,.T.);
#3486=FACE_BOUND('',#3276,.T.);
#3487=FACE_BOUND('',#3277,.T.);
#3488=FACE_BOUND('',#3278,.T.);
#3489=FACE_BOUND('',#3279,.T.);
#3490=FACE_BOUND('',#3280,.T.);
#3491=FACE_BOUND('',#3281,.T.);
#3492=FACE_BOUND('',#3282,.T.);
#3493=FACE_BOUND('',#3283,.T.);
#3494=FACE_BOUND('',#3284,.T.);
#3495=FACE_BOUND('',#3285,.T.);
#3496=FACE_BOUND('',#3286,.T.);
#3497=FACE_BOUND('',#3287,.T.);
#3498=FACE_BOUND('',#3288,.T.);
#3499=FACE_BOUND('',#3289,.T.);
#3500=FACE_BOUND('',#3290,.T.);
#3501=FACE_BOUND('',#3291,.T.);
#3502=FACE_BOUND('',#3292,.T.);
#3503=FACE_BOUND('',#3293,.T.);
#3504=CYLINDRICAL_SURFACE('',#3929,0.0261363403256222);
#3505=CYLINDRICAL_SURFACE('',#3932,0.0261363403256222);
#3506=CYLINDRICAL_SURFACE('',#3935,0.0261363403256222);
#3507=CYLINDRICAL_SURFACE('',#3938,0.0261363403256222);
#3508=CYLINDRICAL_SURFACE('',#3941,0.0261363403256222);
#3509=CYLINDRICAL_SURFACE('',#3944,0.0261363403256222);
#3510=CYLINDRICAL_SURFACE('',#3947,0.0261363403256222);
#3511=CYLINDRICAL_SURFACE('',#3950,0.0261363403256222);
#3512=CYLINDRICAL_SURFACE('',#3953,0.0261363403256222);
#3513=CYLINDRICAL_SURFACE('',#3956,0.0261363403256222);
#3514=CYLINDRICAL_SURFACE('',#3959,0.0261363403256222);
#3515=CYLINDRICAL_SURFACE('',#3962,0.0261363403256222);
#3516=CYLINDRICAL_SURFACE('',#3965,0.0261363403256222);
#3517=CYLINDRICAL_SURFACE('',#3968,0.0261363403256222);
#3518=CYLINDRICAL_SURFACE('',#3971,0.0261363403256222);
#3519=CYLINDRICAL_SURFACE('',#3974,0.0261363403256222);
#3520=CYLINDRICAL_SURFACE('',#3977,0.0261363403256222);
#3521=CYLINDRICAL_SURFACE('',#3980,0.0261363403256222);
#3522=CYLINDRICAL_SURFACE('',#3983,0.0261363403256222);
#3523=CYLINDRICAL_SURFACE('',#3986,0.0261363403256222);
#3524=CYLINDRICAL_SURFACE('',#3989,0.0261363403256222);
#3525=CYLINDRICAL_SURFACE('',#3992,0.0261363403256222);
#3526=CYLINDRICAL_SURFACE('',#3995,0.0261363403256222);
#3527=CYLINDRICAL_SURFACE('',#3998,0.0261363403256222);
#3528=CYLINDRICAL_SURFACE('',#4001,0.0261363403256222);
#3529=CYLINDRICAL_SURFACE('',#4004,0.0261363403256222);
#3530=CYLINDRICAL_SURFACE('',#4007,0.0261363403256222);
#3531=CYLINDRICAL_SURFACE('',#4010,0.0261363403256222);
#3532=CYLINDRICAL_SURFACE('',#4013,0.0261363403256222);
#3533=CYLINDRICAL_SURFACE('',#4016,0.0261363403256222);
#3534=CYLINDRICAL_SURFACE('',#4019,0.0261363403256222);
#3535=CYLINDRICAL_SURFACE('',#4022,0.0261363403256222);
#3536=CYLINDRICAL_SURFACE('',#4025,0.0261363403256222);
#3537=CYLINDRICAL_SURFACE('',#4028,0.0261363403256222);
#3538=CYLINDRICAL_SURFACE('',#4031,0.0278763403256222);
#3539=CYLINDRICAL_SURFACE('',#4376,0.00471302239328081);
#3540=CYLINDRICAL_SURFACE('',#4377,0.00042);
#3541=CYLINDRICAL_SURFACE('',#4378,0.000420000000000005);
#3542=CYLINDRICAL_SURFACE('',#4379,0.00471302239328064);
#3543=CYLINDRICAL_SURFACE('',#4380,0.00149);
#3544=CYLINDRICAL_SURFACE('',#4381,0.00471302239328081);
#3545=CYLINDRICAL_SURFACE('',#4382,0.00042);
#3546=CYLINDRICAL_SURFACE('',#4383,0.000420000000000005);
#3547=CYLINDRICAL_SURFACE('',#4384,0.00471302239328064);
#3548=CYLINDRICAL_SURFACE('',#4385,0.00149);
#3549=CYLINDRICAL_SURFACE('',#4386,0.00471302239328081);
#3550=CYLINDRICAL_SURFACE('',#4387,0.00042);
#3551=CYLINDRICAL_SURFACE('',#4388,0.000420000000000005);
#3552=CYLINDRICAL_SURFACE('',#4389,0.00471302239328064);
#3553=CYLINDRICAL_SURFACE('',#4390,0.00149);
#3554=CYLINDRICAL_SURFACE('',#4391,0.00471302239328081);
#3555=CYLINDRICAL_SURFACE('',#4392,0.00042);
#3556=CYLINDRICAL_SURFACE('',#4393,0.000420000000000005);
#3557=CYLINDRICAL_SURFACE('',#4394,0.00471302239328064);
#3558=CYLINDRICAL_SURFACE('',#4395,0.00149);
#3559=CYLINDRICAL_SURFACE('',#4396,0.00471302239328081);
#3560=CYLINDRICAL_SURFACE('',#4397,0.00042);
#3561=CYLINDRICAL_SURFACE('',#4398,0.000420000000000005);
#3562=CYLINDRICAL_SURFACE('',#4399,0.00471302239328064);
#3563=CYLINDRICAL_SURFACE('',#4400,0.00149);
#3564=CYLINDRICAL_SURFACE('',#4401,0.00471302239328081);
#3565=CYLINDRICAL_SURFACE('',#4402,0.00042);
#3566=CYLINDRICAL_SURFACE('',#4403,0.000420000000000005);
#3567=CYLINDRICAL_SURFACE('',#4404,0.00471302239328064);
#3568=CYLINDRICAL_SURFACE('',#4405,0.00149);
#3569=CYLINDRICAL_SURFACE('',#4406,0.00471302239328081);
#3570=CYLINDRICAL_SURFACE('',#4407,0.00042);
#3571=CYLINDRICAL_SURFACE('',#4408,0.000420000000000005);
#3572=CYLINDRICAL_SURFACE('',#4409,0.00471302239328064);
#3573=CYLINDRICAL_SURFACE('',#4410,0.00149);
#3574=CYLINDRICAL_SURFACE('',#4411,0.00471302239328081);
#3575=CYLINDRICAL_SURFACE('',#4412,0.00042);
#3576=CYLINDRICAL_SURFACE('',#4413,0.000420000000000005);
#3577=CYLINDRICAL_SURFACE('',#4414,0.00471302239328064);
#3578=CYLINDRICAL_SURFACE('',#4415,0.00149);
#3579=CYLINDRICAL_SURFACE('',#4416,0.00471302239328081);
#3580=CYLINDRICAL_SURFACE('',#4417,0.00042);
#3581=CYLINDRICAL_SURFACE('',#4418,0.000420000000000005);
#3582=CYLINDRICAL_SURFACE('',#4419,0.00471302239328064);
#3583=CYLINDRICAL_SURFACE('',#4420,0.00149);
#3584=CYLINDRICAL_SURFACE('',#4421,0.00471302239328081);
#3585=CYLINDRICAL_SURFACE('',#4422,0.00042);
#3586=CYLINDRICAL_SURFACE('',#4423,0.000420000000000005);
#3587=CYLINDRICAL_SURFACE('',#4424,0.00471302239328064);
#3588=CYLINDRICAL_SURFACE('',#4425,0.00149);
#3589=CYLINDRICAL_SURFACE('',#4426,0.00471302239328081);
#3590=CYLINDRICAL_SURFACE('',#4427,0.00042);
#3591=CYLINDRICAL_SURFACE('',#4428,0.000420000000000005);
#3592=CYLINDRICAL_SURFACE('',#4429,0.00471302239328064);
#3593=CYLINDRICAL_SURFACE('',#4430,0.00149);
#3594=CYLINDRICAL_SURFACE('',#4431,0.00471302239328081);
#3595=CYLINDRICAL_SURFACE('',#4432,0.00042);
#3596=CYLINDRICAL_SURFACE('',#4433,0.000420000000000005);
#3597=CYLINDRICAL_SURFACE('',#4434,0.00471302239328064);
#3598=CYLINDRICAL_SURFACE('',#4435,0.00149);
#3599=CYLINDRICAL_SURFACE('',#4436,0.00471302239328081);
#3600=CYLINDRICAL_SURFACE('',#4437,0.00042);
#3601=CYLINDRICAL_SURFACE('',#4438,0.000420000000000005);
#3602=CYLINDRICAL_SURFACE('',#4439,0.00471302239328064);
#3603=CYLINDRICAL_SURFACE('',#4440,0.00149);
#3604=CYLINDRICAL_SURFACE('',#4441,0.00471302239328081);
#3605=CYLINDRICAL_SURFACE('',#4442,0.00042);
#3606=CYLINDRICAL_SURFACE('',#4443,0.000420000000000005);
#3607=CYLINDRICAL_SURFACE('',#4444,0.00471302239328064);
#3608=CYLINDRICAL_SURFACE('',#4445,0.00149);
#3609=CYLINDRICAL_SURFACE('',#4446,0.00471302239328081);
#3610=CYLINDRICAL_SURFACE('',#4447,0.00042);
#3611=CYLINDRICAL_SURFACE('',#4448,0.000420000000000005);
#3612=CYLINDRICAL_SURFACE('',#4449,0.00471302239328064);
#3613=CYLINDRICAL_SURFACE('',#4450,0.00149);
#3614=CYLINDRICAL_SURFACE('',#4451,0.00471302239328081);
#3615=CYLINDRICAL_SURFACE('',#4452,0.00042);
#3616=CYLINDRICAL_SURFACE('',#4453,0.000420000000000005);
#3617=CYLINDRICAL_SURFACE('',#4454,0.00471302239328064);
#3618=CYLINDRICAL_SURFACE('',#4455,0.00149);
#3619=CYLINDRICAL_SURFACE('',#4456,0.00471302239328081);
#3620=CYLINDRICAL_SURFACE('',#4457,0.00042);
#3621=CYLINDRICAL_SURFACE('',#4458,0.000420000000000005);
#3622=CYLINDRICAL_SURFACE('',#4459,0.00471302239328064);
#3623=CYLINDRICAL_SURFACE('',#4460,0.00149);
#3624=CYLINDRICAL_SURFACE('',#4461,0.00471302239328081);
#3625=CYLINDRICAL_SURFACE('',#4462,0.00042);
#3626=CYLINDRICAL_SURFACE('',#4463,0.000420000000000005);
#3627=CYLINDRICAL_SURFACE('',#4464,0.00471302239328064);
#3628=CYLINDRICAL_SURFACE('',#4465,0.00149);
#3629=CYLINDRICAL_SURFACE('',#4466,0.00471302239328081);
#3630=CYLINDRICAL_SURFACE('',#4467,0.00042);
#3631=CYLINDRICAL_SURFACE('',#4468,0.000420000000000005);
#3632=CYLINDRICAL_SURFACE('',#4469,0.00471302239328064);
#3633=CYLINDRICAL_SURFACE('',#4470,0.00149);
#3634=CYLINDRICAL_SURFACE('',#4471,0.00471302239328081);
#3635=CYLINDRICAL_SURFACE('',#4472,0.00042);
#3636=CYLINDRICAL_SURFACE('',#4473,0.000420000000000005);
#3637=CYLINDRICAL_SURFACE('',#4474,0.00471302239328064);
#3638=CYLINDRICAL_SURFACE('',#4475,0.00149);
#3639=CYLINDRICAL_SURFACE('',#4476,0.00471302239328081);
#3640=CYLINDRICAL_SURFACE('',#4477,0.00042);
#3641=CYLINDRICAL_SURFACE('',#4478,0.000420000000000005);
#3642=CYLINDRICAL_SURFACE('',#4479,0.00471302239328064);
#3643=CYLINDRICAL_SURFACE('',#4480,0.00149);
#3644=CYLINDRICAL_SURFACE('',#4481,0.00471302239328081);
#3645=CYLINDRICAL_SURFACE('',#4482,0.00042);
#3646=CYLINDRICAL_SURFACE('',#4483,0.000420000000000005);
#3647=CYLINDRICAL_SURFACE('',#4484,0.00471302239328064);
#3648=CYLINDRICAL_SURFACE('',#4485,0.00149);
#3649=CYLINDRICAL_SURFACE('',#4486,0.00471302239328081);
#3650=CYLINDRICAL_SURFACE('',#4487,0.00042);
#3651=CYLINDRICAL_SURFACE('',#4488,0.000420000000000005);
#3652=CYLINDRICAL_SURFACE('',#4489,0.00471302239328064);
#3653=CYLINDRICAL_SURFACE('',#4490,0.00149);
#3654=CYLINDRICAL_SURFACE('',#4491,0.00471302239328081);
#3655=CYLINDRICAL_SURFACE('',#4492,0.00042);
#3656=CYLINDRICAL_SURFACE('',#4493,0.000420000000000005);
#3657=CYLINDRICAL_SURFACE('',#4494,0.00471302239328064);
#3658=CYLINDRICAL_SURFACE('',#4495,0.00149);
#3659=CYLINDRICAL_SURFACE('',#4496,0.00471302239328081);
#3660=CYLINDRICAL_SURFACE('',#4497,0.00042);
#3661=CYLINDRICAL_SURFACE('',#4498,0.000420000000000005);
#3662=CYLINDRICAL_SURFACE('',#4499,0.00471302239328064);
#3663=CYLINDRICAL_SURFACE('',#4500,0.00149);
#3664=CYLINDRICAL_SURFACE('',#4501,0.00471302239328081);
#3665=CYLINDRICAL_SURFACE('',#4502,0.00042);
#3666=CYLINDRICAL_SURFACE('',#4503,0.000420000000000005);
#3667=CYLINDRICAL_SURFACE('',#4504,0.00471302239328064);
#3668=CYLINDRICAL_SURFACE('',#4505,0.00149);
#3669=CYLINDRICAL_SURFACE('',#4506,0.00471302239328081);
#3670=CYLINDRICAL_SURFACE('',#4507,0.00042);
#3671=CYLINDRICAL_SURFACE('',#4508,0.000420000000000005);
#3672=CYLINDRICAL_SURFACE('',#4509,0.00471302239328064);
#3673=CYLINDRICAL_SURFACE('',#4510,0.00149);
#3674=CYLINDRICAL_SURFACE('',#4511,0.00471302239328081);
#3675=CYLINDRICAL_SURFACE('',#4512,0.00042);
#3676=CYLINDRICAL_SURFACE('',#4513,0.000420000000000005);
#3677=CYLINDRICAL_SURFACE('',#4514,0.00471302239328064);
#3678=CYLINDRICAL_SURFACE('',#4515,0.00149);
#3679=CYLINDRICAL_SURFACE('',#4516,0.00471302239328081);
#3680=CYLINDRICAL_SURFACE('',#4517,0.00042);
#3681=CYLINDRICAL_SURFACE('',#4518,0.000420000000000005);
#3682=CYLINDRICAL_SURFACE('',#4519,0.00471302239328064);
#3683=CYLINDRICAL_SURFACE('',#4520,0.00149);
#3684=CYLINDRICAL_SURFACE('',#4521,0.00471302239328081);
#3685=CYLINDRICAL_SURFACE('',#4522,0.00042);
#3686=CYLINDRICAL_SURFACE('',#4523,0.000420000000000005);
#3687=CYLINDRICAL_SURFACE('',#4524,0.00471302239328064);
#3688=CYLINDRICAL_SURFACE('',#4525,0.00149);
#3689=CYLINDRICAL_SURFACE('',#4526,0.00471302239328081);
#3690=CYLINDRICAL_SURFACE('',#4527,0.00042);
#3691=CYLINDRICAL_SURFACE('',#4528,0.000420000000000005);
#3692=CYLINDRICAL_SURFACE('',#4529,0.00471302239328064);
#3693=CYLINDRICAL_SURFACE('',#4530,0.00149);
#3694=CYLINDRICAL_SURFACE('',#4531,0.00471302239328081);
#3695=CYLINDRICAL_SURFACE('',#4532,0.00042);
#3696=CYLINDRICAL_SURFACE('',#4533,0.000420000000000005);
#3697=CYLINDRICAL_SURFACE('',#4534,0.00471302239328064);
#3698=CYLINDRICAL_SURFACE('',#4535,0.00149);
#3699=CYLINDRICAL_SURFACE('',#4536,0.00471302239328081);
#3700=CYLINDRICAL_SURFACE('',#4537,0.00042);
#3701=CYLINDRICAL_SURFACE('',#4538,0.000420000000000005);
#3702=CYLINDRICAL_SURFACE('',#4539,0.00471302239328064);
#3703=CYLINDRICAL_SURFACE('',#4540,0.00149);
#3704=CYLINDRICAL_SURFACE('',#4541,0.00471302239328081);
#3705=CYLINDRICAL_SURFACE('',#4542,0.00042);
#3706=CYLINDRICAL_SURFACE('',#4543,0.000420000000000005);
#3707=CYLINDRICAL_SURFACE('',#4544,0.00471302239328064);
#3708=CYLINDRICAL_SURFACE('',#4545,0.00149);
#3709=ADVANCED_FACE('',(#3294),#3504,.F.);
#3710=ADVANCED_FACE('',(#3295),#3505,.F.);
#3711=ADVANCED_FACE('',(#3296),#3506,.F.);
#3712=ADVANCED_FACE('',(#3297),#3507,.F.);
#3713=ADVANCED_FACE('',(#3298),#3508,.F.);
#3714=ADVANCED_FACE('',(#3299),#3509,.F.);
#3715=ADVANCED_FACE('',(#3300),#3510,.F.);
#3716=ADVANCED_FACE('',(#3301),#3511,.F.);
#3717=ADVANCED_FACE('',(#3302),#3512,.F.);
#3718=ADVANCED_FACE('',(#3303),#3513,.F.);
#3719=ADVANCED_FACE('',(#3304),#3514,.F.);
#3720=ADVANCED_FACE('',(#3305),#3515,.F.);
#3721=ADVANCED_FACE('',(#3306),#3516,.F.);
#3722=ADVANCED_FACE('',(#3307),#3517,.F.);
#3723=ADVANCED_FACE('',(#3308),#3518,.F.);
#3724=ADVANCED_FACE('',(#3309),#3519,.F.);
#3725=ADVANCED_FACE('',(#3310),#3520,.F.);
#3726=ADVANCED_FACE('',(#3311),#3521,.F.);
#3727=ADVANCED_FACE('',(#3312),#3522,.F.);
#3728=ADVANCED_FACE('',(#3313),#3523,.F.);
#3729=ADVANCED_FACE('',(#3314),#3524,.F.);
#3730=ADVANCED_FACE('',(#3315),#3525,.F.);
#3731=ADVANCED_FACE('',(#3316),#3526,.F.);
#3732=ADVANCED_FACE('',(#3317),#3527,.F.);
#3733=ADVANCED_FACE('',(#3318),#3528,.F.);
#3734=ADVANCED_FACE('',(#3319),#3529,.F.);
#3735=ADVANCED_FACE('',(#3320),#3530,.F.);
#3736=ADVANCED_FACE('',(#3321),#3531,.F.);
#3737=ADVANCED_FACE('',(#3322),#3532,.F.);
#3738=ADVANCED_FACE('',(#3323),#3533,.F.);
#3739=ADVANCED_FACE('',(#3324),#3534,.F.);
#3740=ADVANCED_FACE('',(#3325),#3535,.F.);
#3741=ADVANCED_FACE('',(#3326),#3536,.F.);
#3742=ADVANCED_FACE('',(#3327),#3537,.F.);
#3743=ADVANCED_FACE('',(#3328,#3329),#3538,.T.);
#3744=ADVANCED_FACE('',(#3330,#3331),#12,.T.);
#3745=ADVANCED_FACE('',(#3332,#3333),#13,.F.);
#3746=ADVANCED_FACE('',(#3334),#3539,.T.);
#3747=ADVANCED_FACE('',(#3335),#3540,.F.);
#3748=ADVANCED_FACE('',(#3336),#3541,.F.);
#3749=ADVANCED_FACE('',(#3337),#3542,.T.);
#3750=ADVANCED_FACE('',(#3338),#3543,.T.);
#3751=ADVANCED_FACE('',(#3339),#3544,.T.);
#3752=ADVANCED_FACE('',(#3340),#3545,.F.);
#3753=ADVANCED_FACE('',(#3341),#3546,.F.);
#3754=ADVANCED_FACE('',(#3342),#3547,.T.);
#3755=ADVANCED_FACE('',(#3343),#3548,.T.);
#3756=ADVANCED_FACE('',(#3344),#3549,.T.);
#3757=ADVANCED_FACE('',(#3345),#3550,.F.);
#3758=ADVANCED_FACE('',(#3346),#3551,.F.);
#3759=ADVANCED_FACE('',(#3347),#3552,.T.);
#3760=ADVANCED_FACE('',(#3348),#3553,.T.);
#3761=ADVANCED_FACE('',(#3349),#3554,.T.);
#3762=ADVANCED_FACE('',(#3350),#3555,.F.);
#3763=ADVANCED_FACE('',(#3351),#3556,.F.);
#3764=ADVANCED_FACE('',(#3352),#3557,.T.);
#3765=ADVANCED_FACE('',(#3353),#3558,.T.);
#3766=ADVANCED_FACE('',(#3354),#3559,.T.);
#3767=ADVANCED_FACE('',(#3355),#3560,.F.);
#3768=ADVANCED_FACE('',(#3356),#3561,.F.);
#3769=ADVANCED_FACE('',(#3357),#3562,.T.);
#3770=ADVANCED_FACE('',(#3358),#3563,.T.);
#3771=ADVANCED_FACE('',(#3359),#3564,.T.);
#3772=ADVANCED_FACE('',(#3360),#3565,.F.);
#3773=ADVANCED_FACE('',(#3361),#3566,.F.);
#3774=ADVANCED_FACE('',(#3362),#3567,.T.);
#3775=ADVANCED_FACE('',(#3363),#3568,.T.);
#3776=ADVANCED_FACE('',(#3364),#3569,.T.);
#3777=ADVANCED_FACE('',(#3365),#3570,.F.);
#3778=ADVANCED_FACE('',(#3366),#3571,.F.);
#3779=ADVANCED_FACE('',(#3367),#3572,.T.);
#3780=ADVANCED_FACE('',(#3368),#3573,.T.);
#3781=ADVANCED_FACE('',(#3369),#3574,.T.);
#3782=ADVANCED_FACE('',(#3370),#3575,.F.);
#3783=ADVANCED_FACE('',(#3371),#3576,.F.);
#3784=ADVANCED_FACE('',(#3372),#3577,.T.);
#3785=ADVANCED_FACE('',(#3373),#3578,.T.);
#3786=ADVANCED_FACE('',(#3374),#3579,.T.);
#3787=ADVANCED_FACE('',(#3375),#3580,.F.);
#3788=ADVANCED_FACE('',(#3376),#3581,.F.);
#3789=ADVANCED_FACE('',(#3377),#3582,.T.);
#3790=ADVANCED_FACE('',(#3378),#3583,.T.);
#3791=ADVANCED_FACE('',(#3379),#3584,.T.);
#3792=ADVANCED_FACE('',(#3380),#3585,.F.);
#3793=ADVANCED_FACE('',(#3381),#3586,.F.);
#3794=ADVANCED_FACE('',(#3382),#3587,.T.);
#3795=ADVANCED_FACE('',(#3383),#3588,.T.);
#3796=ADVANCED_FACE('',(#3384),#3589,.T.);
#3797=ADVANCED_FACE('',(#3385),#3590,.F.);
#3798=ADVANCED_FACE('',(#3386),#3591,.F.);
#3799=ADVANCED_FACE('',(#3387),#3592,.T.);
#3800=ADVANCED_FACE('',(#3388),#3593,.T.);
#3801=ADVANCED_FACE('',(#3389),#3594,.T.);
#3802=ADVANCED_FACE('',(#3390),#3595,.F.);
#3803=ADVANCED_FACE('',(#3391),#3596,.F.);
#3804=ADVANCED_FACE('',(#3392),#3597,.T.);
#3805=ADVANCED_FACE('',(#3393),#3598,.T.);
#3806=ADVANCED_FACE('',(#3394),#3599,.T.);
#3807=ADVANCED_FACE('',(#3395),#3600,.F.);
#3808=ADVANCED_FACE('',(#3396),#3601,.F.);
#3809=ADVANCED_FACE('',(#3397),#3602,.T.);
#3810=ADVANCED_FACE('',(#3398),#3603,.T.);
#3811=ADVANCED_FACE('',(#3399),#3604,.T.);
#3812=ADVANCED_FACE('',(#3400),#3605,.F.);
#3813=ADVANCED_FACE('',(#3401),#3606,.F.);
#3814=ADVANCED_FACE('',(#3402),#3607,.T.);
#3815=ADVANCED_FACE('',(#3403),#3608,.T.);
#3816=ADVANCED_FACE('',(#3404),#3609,.T.);
#3817=ADVANCED_FACE('',(#3405),#3610,.F.);
#3818=ADVANCED_FACE('',(#3406),#3611,.F.);
#3819=ADVANCED_FACE('',(#3407),#3612,.T.);
#3820=ADVANCED_FACE('',(#3408),#3613,.T.);
#3821=ADVANCED_FACE('',(#3409),#3614,.T.);
#3822=ADVANCED_FACE('',(#3410),#3615,.F.);
#3823=ADVANCED_FACE('',(#3411),#3616,.F.);
#3824=ADVANCED_FACE('',(#3412),#3617,.T.);
#3825=ADVANCED_FACE('',(#3413),#3618,.T.);
#3826=ADVANCED_FACE('',(#3414),#3619,.T.);
#3827=ADVANCED_FACE('',(#3415),#3620,.F.);
#3828=ADVANCED_FACE('',(#3416),#3621,.F.);
#3829=ADVANCED_FACE('',(#3417),#3622,.T.);
#3830=ADVANCED_FACE('',(#3418),#3623,.T.);
#3831=ADVANCED_FACE('',(#3419),#3624,.T.);
#3832=ADVANCED_FACE('',(#3420),#3625,.F.);
#3833=ADVANCED_FACE('',(#3421),#3626,.F.);
#3834=ADVANCED_FACE('',(#3422),#3627,.T.);
#3835=ADVANCED_FACE('',(#3423),#3628,.T.);
#3836=ADVANCED_FACE('',(#3424),#3629,.T.);
#3837=ADVANCED_FACE('',(#3425),#3630,.F.);
#3838=ADVANCED_FACE('',(#3426),#3631,.F.);
#3839=ADVANCED_FACE('',(#3427),#3632,.T.);
#3840=ADVANCED_FACE('',(#3428),#3633,.T.);
#3841=ADVANCED_FACE('',(#3429),#3634,.T.);
#3842=ADVANCED_FACE('',(#3430),#3635,.F.);
#3843=ADVANCED_FACE('',(#3431),#3636,.F.);
#3844=ADVANCED_FACE('',(#3432),#3637,.T.);
#3845=ADVANCED_FACE('',(#3433),#3638,.T.);
#3846=ADVANCED_FACE('',(#3434),#3639,.T.);
#3847=ADVANCED_FACE('',(#3435),#3640,.F.);
#3848=ADVANCED_FACE('',(#3436),#3641,.F.);
#3849=ADVANCED_FACE('',(#3437),#3642,.T.);
#3850=ADVANCED_FACE('',(#3438),#3643,.T.);
#3851=ADVANCED_FACE('',(#3439),#3644,.T.);
#3852=ADVANCED_FACE('',(#3440),#3645,.F.);
#3853=ADVANCED_FACE('',(#3441),#3646,.F.);
#3854=ADVANCED_FACE('',(#3442),#3647,.T.);
#3855=ADVANCED_FACE('',(#3443),#3648,.T.);
#3856=ADVANCED_FACE('',(#3444),#3649,.T.);
#3857=ADVANCED_FACE('',(#3445),#3650,.F.);
#3858=ADVANCED_FACE('',(#3446),#3651,.F.);
#3859=ADVANCED_FACE('',(#3447),#3652,.T.);
#3860=ADVANCED_FACE('',(#3448),#3653,.T.);
#3861=ADVANCED_FACE('',(#3449),#3654,.T.);
#3862=ADVANCED_FACE('',(#3450),#3655,.F.);
#3863=ADVANCED_FACE('',(#3451),#3656,.F.);
#3864=ADVANCED_FACE('',(#3452),#3657,.T.);
#3865=ADVANCED_FACE('',(#3453),#3658,.T.);
#3866=ADVANCED_FACE('',(#3454),#3659,.T.);
#3867=ADVANCED_FACE('',(#3455),#3660,.F.);
#3868=ADVANCED_FACE('',(#3456),#3661,.F.);
#3869=ADVANCED_FACE('',(#3457),#3662,.T.);
#3870=ADVANCED_FACE('',(#3458),#3663,.T.);
#3871=ADVANCED_FACE('',(#3459),#3664,.T.);
#3872=ADVANCED_FACE('',(#3460),#3665,.F.);
#3873=ADVANCED_FACE('',(#3461),#3666,.F.);
#3874=ADVANCED_FACE('',(#3462),#3667,.T.);
#3875=ADVANCED_FACE('',(#3463),#3668,.T.);
#3876=ADVANCED_FACE('',(#3464),#3669,.T.);
#3877=ADVANCED_FACE('',(#3465),#3670,.F.);
#3878=ADVANCED_FACE('',(#3466),#3671,.F.);
#3879=ADVANCED_FACE('',(#3467),#3672,.T.);
#3880=ADVANCED_FACE('',(#3468),#3673,.T.);
#3881=ADVANCED_FACE('',(#3469),#3674,.T.);
#3882=ADVANCED_FACE('',(#3470),#3675,.F.);
#3883=ADVANCED_FACE('',(#3471),#3676,.F.);
#3884=ADVANCED_FACE('',(#3472),#3677,.T.);
#3885=ADVANCED_FACE('',(#3473),#3678,.T.);
#3886=ADVANCED_FACE('',(#3474),#3679,.T.);
#3887=ADVANCED_FACE('',(#3475),#3680,.F.);
#3888=ADVANCED_FACE('',(#3476),#3681,.F.);
#3889=ADVANCED_FACE('',(#3477),#3682,.T.);
#3890=ADVANCED_FACE('',(#3478),#3683,.T.);
#3891=ADVANCED_FACE('',(#3479),#3684,.T.);
#3892=ADVANCED_FACE('',(#3480),#3685,.F.);
#3893=ADVANCED_FACE('',(#3481),#3686,.F.);
#3894=ADVANCED_FACE('',(#3482),#3687,.T.);
#3895=ADVANCED_FACE('',(#3483),#3688,.T.);
#3896=ADVANCED_FACE('',(#3484),#3689,.T.);
#3897=ADVANCED_FACE('',(#3485),#3690,.F.);
#3898=ADVANCED_FACE('',(#3486),#3691,.F.);
#3899=ADVANCED_FACE('',(#3487),#3692,.T.);
#3900=ADVANCED_FACE('',(#3488),#3693,.T.);
#3901=ADVANCED_FACE('',(#3489),#3694,.T.);
#3902=ADVANCED_FACE('',(#3490),#3695,.F.);
#3903=ADVANCED_FACE('',(#3491),#3696,.F.);
#3904=ADVANCED_FACE('',(#3492),#3697,.T.);
#3905=ADVANCED_FACE('',(#3493),#3698,.T.);
#3906=ADVANCED_FACE('',(#3494),#3699,.T.);
#3907=ADVANCED_FACE('',(#3495),#3700,.F.);
#3908=ADVANCED_FACE('',(#3496),#3701,.F.);
#3909=ADVANCED_FACE('',(#3497),#3702,.T.);
#3910=ADVANCED_FACE('',(#3498),#3703,.T.);
#3911=ADVANCED_FACE('',(#3499),#3704,.T.);
#3912=ADVANCED_FACE('',(#3500),#3705,.F.);
#3913=ADVANCED_FACE('',(#3501),#3706,.F.);
#3914=ADVANCED_FACE('',(#3502),#3707,.T.);
#3915=ADVANCED_FACE('',(#3503),#3708,.T.);
#3916=CLOSED_SHELL('',(#3709,#3710,#3711,#3712,#3713,#3714,#3715,#3716,
#3717,#3718,#3719,#3720,#3721,#3722,#3723,#3724,#3725,#3726,#3727,#3728,
#3729,#3730,#3731,#3732,#3733,#3734,#3735,#3736,#3737,#3738,#3739,#3740,
#3741,#3742,#3743,#3744,#3745,#3746,#3747,#3748,#3749,#3750,#3751,#3752,
#3753,#3754,#3755,#3756,#3757,#3758,#3759,#3760,#3761,#3762,#3763,#3764,
#3765,#3766,#3767,#3768,#3769,#3770,#3771,#3772,#3773,#3774,#3775,#3776,
#3777,#3778,#3779,#3780,#3781,#3782,#3783,#3784,#3785,#3786,#3787,#3788,
#3789,#3790,#3791,#3792,#3793,#3794,#3795,#3796,#3797,#3798,#3799,#3800,
#3801,#3802,#3803,#3804,#3805,#3806,#3807,#3808,#3809,#3810,#3811,#3812,
#3813,#3814,#3815,#3816,#3817,#3818,#3819,#3820,#3821,#3822,#3823,#3824,
#3825,#3826,#3827,#3828,#3829,#3830,#3831,#3832,#3833,#3834,#3835,#3836,
#3837,#3838,#3839,#3840,#3841,#3842,#3843,#3844,#3845,#3846,#3847,#3848,
#3849,#3850,#3851,#3852,#3853,#3854,#3855,#3856,#3857,#3858,#3859,#3860,
#3861,#3862,#3863,#3864,#3865,#3866,#3867,#3868,#3869,#3870,#3871,#3872,
#3873,#3874,#3875,#3876,#3877,#3878,#3879,#3880,#3881,#3882,#3883,#3884,
#3885,#3886,#3887,#3888,#3889,#3890,#3891,#3892,#3893,#3894,#3895,#3896,
#3897,#3898,#3899,#3900,#3901,#3902,#3903,#3904,#3905,#3906,#3907,#3908,
#3909,#3910,#3911,#3912,#3913,#3914,#3915));
#3917=STYLED_ITEM('',(#3918),#3925);
#3918=PRESENTATION_STYLE_ASSIGNMENT((#3919));
#3919=SURFACE_STYLE_USAGE(.BOTH.,#3920);
#3920=SURFACE_SIDE_STYLE('',(#3921));
#3921=SURFACE_STYLE_FILL_AREA(#3922);
#3922=FILL_AREA_STYLE('',(#3923));
#3923=FILL_AREA_STYLE_COLOUR('',#3924);
#3924=COLOUR_RGB('',0.301960784313725,0.301960784313725,0.301960784313725);
#3925=MANIFOLD_SOLID_BREP('HTD timing belt',#3916);
#3926=SHAPE_DEFINITION_REPRESENTATION(#7224,#3927);
#3927=SHAPE_REPRESENTATION('HTD timing belt',(#3928),#7219);
#3928=AXIS2_PLACEMENT_3D('',#5986,#4546,#4547);
#3929=AXIS2_PLACEMENT_3D('',#5987,#4548,#4549);
#3930=AXIS2_PLACEMENT_3D('',#5991,#4551,#4552);
#3931=AXIS2_PLACEMENT_3D('',#5995,#4554,#4555);
#3932=AXIS2_PLACEMENT_3D('',#5996,#4556,#4557);
#3933=AXIS2_PLACEMENT_3D('',#6000,#4559,#4560);
#3934=AXIS2_PLACEMENT_3D('',#6004,#4562,#4563);
#3935=AXIS2_PLACEMENT_3D('',#6005,#4564,#4565);
#3936=AXIS2_PLACEMENT_3D('',#6009,#4567,#4568);
#3937=AXIS2_PLACEMENT_3D('',#6013,#4570,#4571);
#3938=AXIS2_PLACEMENT_3D('',#6014,#4572,#4573);
#3939=AXIS2_PLACEMENT_3D('',#6018,#4575,#4576);
#3940=AXIS2_PLACEMENT_3D('',#6022,#4578,#4579);
#3941=AXIS2_PLACEMENT_3D('',#6023,#4580,#4581);
#3942=AXIS2_PLACEMENT_3D('',#6027,#4583,#4584);
#3943=AXIS2_PLACEMENT_3D('',#6031,#4586,#4587);
#3944=AXIS2_PLACEMENT_3D('',#6032,#4588,#4589);
#3945=AXIS2_PLACEMENT_3D('',#6036,#4591,#4592);
#3946=AXIS2_PLACEMENT_3D('',#6040,#4594,#4595);
#3947=AXIS2_PLACEMENT_3D('',#6041,#4596,#4597);
#3948=AXIS2_PLACEMENT_3D('',#6045,#4599,#4600);
#3949=AXIS2_PLACEMENT_3D('',#6049,#4602,#4603);
#3950=AXIS2_PLACEMENT_3D('',#6050,#4604,#4605);
#3951=AXIS2_PLACEMENT_3D('',#6054,#4607,#4608);
#3952=AXIS2_PLACEMENT_3D('',#6058,#4610,#4611);
#3953=AXIS2_PLACEMENT_3D('',#6059,#4612,#4613);
#3954=AXIS2_PLACEMENT_3D('',#6063,#4615,#4616);
#3955=AXIS2_PLACEMENT_3D('',#6067,#4618,#4619);
#3956=AXIS2_PLACEMENT_3D('',#6068,#4620,#4621);
#3957=AXIS2_PLACEMENT_3D('',#6072,#4623,#4624);
#3958=AXIS2_PLACEMENT_3D('',#6076,#4626,#4627);
#3959=AXIS2_PLACEMENT_3D('',#6077,#4628,#4629);
#3960=AXIS2_PLACEMENT_3D('',#6081,#4631,#4632);
#3961=AXIS2_PLACEMENT_3D('',#6085,#4634,#4635);
#3962=AXIS2_PLACEMENT_3D('',#6086,#4636,#4637);
#3963=AXIS2_PLACEMENT_3D('',#6090,#4639,#4640);
#3964=AXIS2_PLACEMENT_3D('',#6094,#4642,#4643);
#3965=AXIS2_PLACEMENT_3D('',#6095,#4644,#4645);
#3966=AXIS2_PLACEMENT_3D('',#6099,#4647,#4648);
#3967=AXIS2_PLACEMENT_3D('',#6103,#4650,#4651);
#3968=AXIS2_PLACEMENT_3D('',#6104,#4652,#4653);
#3969=AXIS2_PLACEMENT_3D('',#6108,#4655,#4656);
#3970=AXIS2_PLACEMENT_3D('',#6112,#4658,#4659);
#3971=AXIS2_PLACEMENT_3D('',#6113,#4660,#4661);
#3972=AXIS2_PLACEMENT_3D('',#6117,#4663,#4664);
#3973=AXIS2_PLACEMENT_3D('',#6121,#4666,#4667);
#3974=AXIS2_PLACEMENT_3D('',#6122,#4668,#4669);
#3975=AXIS2_PLACEMENT_3D('',#6126,#4671,#4672);
#3976=AXIS2_PLACEMENT_3D('',#6130,#4674,#4675);
#3977=AXIS2_PLACEMENT_3D('',#6131,#4676,#4677);
#3978=AXIS2_PLACEMENT_3D('',#6135,#4679,#4680);
#3979=AXIS2_PLACEMENT_3D('',#6139,#4682,#4683);
#3980=AXIS2_PLACEMENT_3D('',#6140,#4684,#4685);
#3981=AXIS2_PLACEMENT_3D('',#6144,#4687,#4688);
#3982=AXIS2_PLACEMENT_3D('',#6148,#4690,#4691);
#3983=AXIS2_PLACEMENT_3D('',#6149,#4692,#4693);
#3984=AXIS2_PLACEMENT_3D('',#6153,#4695,#4696);
#3985=AXIS2_PLACEMENT_3D('',#6157,#4698,#4699);
#3986=AXIS2_PLACEMENT_3D('',#6158,#4700,#4701);
#3987=AXIS2_PLACEMENT_3D('',#6162,#4703,#4704);
#3988=AXIS2_PLACEMENT_3D('',#6166,#4706,#4707);
#3989=AXIS2_PLACEMENT_3D('',#6167,#4708,#4709);
#3990=AXIS2_PLACEMENT_3D('',#6171,#4711,#4712);
#3991=AXIS2_PLACEMENT_3D('',#6175,#4714,#4715);
#3992=AXIS2_PLACEMENT_3D('',#6176,#4716,#4717);
#3993=AXIS2_PLACEMENT_3D('',#6180,#4719,#4720);
#3994=AXIS2_PLACEMENT_3D('',#6184,#4722,#4723);
#3995=AXIS2_PLACEMENT_3D('',#6185,#4724,#4725);
#3996=AXIS2_PLACEMENT_3D('',#6189,#4727,#4728);
#3997=AXIS2_PLACEMENT_3D('',#6193,#4730,#4731);
#3998=AXIS2_PLACEMENT_3D('',#6194,#4732,#4733);
#3999=AXIS2_PLACEMENT_3D('',#6198,#4735,#4736);
#4000=AXIS2_PLACEMENT_3D('',#6202,#4738,#4739);
#4001=AXIS2_PLACEMENT_3D('',#6203,#4740,#4741);
#4002=AXIS2_PLACEMENT_3D('',#6207,#4743,#4744);
#4003=AXIS2_PLACEMENT_3D('',#6211,#4746,#4747);
#4004=AXIS2_PLACEMENT_3D('',#6212,#4748,#4749);
#4005=AXIS2_PLACEMENT_3D('',#6216,#4751,#4752);
#4006=AXIS2_PLACEMENT_3D('',#6220,#4754,#4755);
#4007=AXIS2_PLACEMENT_3D('',#6221,#4756,#4757);
#4008=AXIS2_PLACEMENT_3D('',#6225,#4759,#4760);
#4009=AXIS2_PLACEMENT_3D('',#6229,#4762,#4763);
#4010=AXIS2_PLACEMENT_3D('',#6230,#4764,#4765);
#4011=AXIS2_PLACEMENT_3D('',#6234,#4767,#4768);
#4012=AXIS2_PLACEMENT_3D('',#6238,#4770,#4771);
#4013=AXIS2_PLACEMENT_3D('',#6239,#4772,#4773);
#4014=AXIS2_PLACEMENT_3D('',#6243,#4775,#4776);
#4015=AXIS2_PLACEMENT_3D('',#6247,#4778,#4779);
#4016=AXIS2_PLACEMENT_3D('',#6248,#4780,#4781);
#4017=AXIS2_PLACEMENT_3D('',#6252,#4783,#4784);
#4018=AXIS2_PLACEMENT_3D('',#6256,#4786,#4787);
#4019=AXIS2_PLACEMENT_3D('',#6257,#4788,#4789);
#4020=AXIS2_PLACEMENT_3D('',#6261,#4791,#4792);
#4021=AXIS2_PLACEMENT_3D('',#6265,#4794,#4795);
#4022=AXIS2_PLACEMENT_3D('',#6266,#4796,#4797);
#4023=AXIS2_PLACEMENT_3D('',#6270,#4799,#4800);
#4024=AXIS2_PLACEMENT_3D('',#6274,#4802,#4803);
#4025=AXIS2_PLACEMENT_3D('',#6275,#4804,#4805);
#4026=AXIS2_PLACEMENT_3D('',#6279,#4807,#4808);
#4027=AXIS2_PLACEMENT_3D('',#6283,#4810,#4811);
#4028=AXIS2_PLACEMENT_3D('',#6284,#4812,#4813);
#4029=AXIS2_PLACEMENT_3D('',#6285,#4814,#4815);
#4030=AXIS2_PLACEMENT_3D('',#6290,#4817,#4818);
#4031=AXIS2_PLACEMENT_3D('',#6293,#4820,#4821);
#4032=AXIS2_PLACEMENT_3D('',#6294,#4822,#4823);
#4033=AXIS2_PLACEMENT_3D('',#6296,#4824,#4825);
#4034=AXIS2_PLACEMENT_3D('',#6298,#4826,#4827);
#4035=AXIS2_PLACEMENT_3D('',#6299,#4828,#4829);
#4036=AXIS2_PLACEMENT_3D('',#6301,#4830,#4831);
#4037=AXIS2_PLACEMENT_3D('',#6303,#4832,#4833);
#4038=AXIS2_PLACEMENT_3D('',#6305,#4834,#4835);
#4039=AXIS2_PLACEMENT_3D('',#6307,#4836,#4837);
#4040=AXIS2_PLACEMENT_3D('',#6309,#4838,#4839);
#4041=AXIS2_PLACEMENT_3D('',#6310,#4840,#4841);
#4042=AXIS2_PLACEMENT_3D('',#6312,#4842,#4843);
#4043=AXIS2_PLACEMENT_3D('',#6314,#4844,#4845);
#4044=AXIS2_PLACEMENT_3D('',#6316,#4846,#4847);
#4045=AXIS2_PLACEMENT_3D('',#6318,#4848,#4849);
#4046=AXIS2_PLACEMENT_3D('',#6319,#4850,#4851);
#4047=AXIS2_PLACEMENT_3D('',#6321,#4852,#4853);
#4048=AXIS2_PLACEMENT_3D('',#6323,#4854,#4855);
#4049=AXIS2_PLACEMENT_3D('',#6325,#4856,#4857);
#4050=AXIS2_PLACEMENT_3D('',#6327,#4858,#4859);
#4051=AXIS2_PLACEMENT_3D('',#6328,#4860,#4861);
#4052=AXIS2_PLACEMENT_3D('',#6330,#4862,#4863);
#4053=AXIS2_PLACEMENT_3D('',#6332,#4864,#4865);
#4054=AXIS2_PLACEMENT_3D('',#6334,#4866,#4867);
#4055=AXIS2_PLACEMENT_3D('',#6336,#4868,#4869);
#4056=AXIS2_PLACEMENT_3D('',#6337,#4870,#4871);
#4057=AXIS2_PLACEMENT_3D('',#6339,#4872,#4873);
#4058=AXIS2_PLACEMENT_3D('',#6341,#4874,#4875);
#4059=AXIS2_PLACEMENT_3D('',#6343,#4876,#4877);
#4060=AXIS2_PLACEMENT_3D('',#6345,#4878,#4879);
#4061=AXIS2_PLACEMENT_3D('',#6346,#4880,#4881);
#4062=AXIS2_PLACEMENT_3D('',#6348,#4882,#4883);
#4063=AXIS2_PLACEMENT_3D('',#6350,#4884,#4885);
#4064=AXIS2_PLACEMENT_3D('',#6352,#4886,#4887);
#4065=AXIS2_PLACEMENT_3D('',#6354,#4888,#4889);
#4066=AXIS2_PLACEMENT_3D('',#6355,#4890,#4891);
#4067=AXIS2_PLACEMENT_3D('',#6357,#4892,#4893);
#4068=AXIS2_PLACEMENT_3D('',#6359,#4894,#4895);
#4069=AXIS2_PLACEMENT_3D('',#6361,#4896,#4897);
#4070=AXIS2_PLACEMENT_3D('',#6363,#4898,#4899);
#4071=AXIS2_PLACEMENT_3D('',#6364,#4900,#4901);
#4072=AXIS2_PLACEMENT_3D('',#6366,#4902,#4903);
#4073=AXIS2_PLACEMENT_3D('',#6368,#4904,#4905);
#4074=AXIS2_PLACEMENT_3D('',#6370,#4906,#4907);
#4075=AXIS2_PLACEMENT_3D('',#6372,#4908,#4909);
#4076=AXIS2_PLACEMENT_3D('',#6373,#4910,#4911);
#4077=AXIS2_PLACEMENT_3D('',#6375,#4912,#4913);
#4078=AXIS2_PLACEMENT_3D('',#6377,#4914,#4915);
#4079=AXIS2_PLACEMENT_3D('',#6379,#4916,#4917);
#4080=AXIS2_PLACEMENT_3D('',#6381,#4918,#4919);
#4081=AXIS2_PLACEMENT_3D('',#6382,#4920,#4921);
#4082=AXIS2_PLACEMENT_3D('',#6384,#4922,#4923);
#4083=AXIS2_PLACEMENT_3D('',#6386,#4924,#4925);
#4084=AXIS2_PLACEMENT_3D('',#6388,#4926,#4927);
#4085=AXIS2_PLACEMENT_3D('',#6390,#4928,#4929);
#4086=AXIS2_PLACEMENT_3D('',#6391,#4930,#4931);
#4087=AXIS2_PLACEMENT_3D('',#6393,#4932,#4933);
#4088=AXIS2_PLACEMENT_3D('',#6395,#4934,#4935);
#4089=AXIS2_PLACEMENT_3D('',#6397,#4936,#4937);
#4090=AXIS2_PLACEMENT_3D('',#6399,#4938,#4939);
#4091=AXIS2_PLACEMENT_3D('',#6400,#4940,#4941);
#4092=AXIS2_PLACEMENT_3D('',#6402,#4942,#4943);
#4093=AXIS2_PLACEMENT_3D('',#6404,#4944,#4945);
#4094=AXIS2_PLACEMENT_3D('',#6406,#4946,#4947);
#4095=AXIS2_PLACEMENT_3D('',#6408,#4948,#4949);
#4096=AXIS2_PLACEMENT_3D('',#6409,#4950,#4951);
#4097=AXIS2_PLACEMENT_3D('',#6411,#4952,#4953);
#4098=AXIS2_PLACEMENT_3D('',#6413,#4954,#4955);
#4099=AXIS2_PLACEMENT_3D('',#6415,#4956,#4957);
#4100=AXIS2_PLACEMENT_3D('',#6417,#4958,#4959);
#4101=AXIS2_PLACEMENT_3D('',#6418,#4960,#4961);
#4102=AXIS2_PLACEMENT_3D('',#6420,#4962,#4963);
#4103=AXIS2_PLACEMENT_3D('',#6422,#4964,#4965);
#4104=AXIS2_PLACEMENT_3D('',#6424,#4966,#4967);
#4105=AXIS2_PLACEMENT_3D('',#6426,#4968,#4969);
#4106=AXIS2_PLACEMENT_3D('',#6427,#4970,#4971);
#4107=AXIS2_PLACEMENT_3D('',#6429,#4972,#4973);
#4108=AXIS2_PLACEMENT_3D('',#6431,#4974,#4975);
#4109=AXIS2_PLACEMENT_3D('',#6433,#4976,#4977);
#4110=AXIS2_PLACEMENT_3D('',#6435,#4978,#4979);
#4111=AXIS2_PLACEMENT_3D('',#6436,#4980,#4981);
#4112=AXIS2_PLACEMENT_3D('',#6438,#4982,#4983);
#4113=AXIS2_PLACEMENT_3D('',#6440,#4984,#4985);
#4114=AXIS2_PLACEMENT_3D('',#6442,#4986,#4987);
#4115=AXIS2_PLACEMENT_3D('',#6444,#4988,#4989);
#4116=AXIS2_PLACEMENT_3D('',#6445,#4990,#4991);
#4117=AXIS2_PLACEMENT_3D('',#6447,#4992,#4993);
#4118=AXIS2_PLACEMENT_3D('',#6449,#4994,#4995);
#4119=AXIS2_PLACEMENT_3D('',#6451,#4996,#4997);
#4120=AXIS2_PLACEMENT_3D('',#6453,#4998,#4999);
#4121=AXIS2_PLACEMENT_3D('',#6454,#5000,#5001);
#4122=AXIS2_PLACEMENT_3D('',#6456,#5002,#5003);
#4123=AXIS2_PLACEMENT_3D('',#6458,#5004,#5005);
#4124=AXIS2_PLACEMENT_3D('',#6460,#5006,#5007);
#4125=AXIS2_PLACEMENT_3D('',#6462,#5008,#5009);
#4126=AXIS2_PLACEMENT_3D('',#6463,#5010,#5011);
#4127=AXIS2_PLACEMENT_3D('',#6465,#5012,#5013);
#4128=AXIS2_PLACEMENT_3D('',#6467,#5014,#5015);
#4129=AXIS2_PLACEMENT_3D('',#6469,#5016,#5017);
#4130=AXIS2_PLACEMENT_3D('',#6471,#5018,#5019);
#4131=AXIS2_PLACEMENT_3D('',#6472,#5020,#5021);
#4132=AXIS2_PLACEMENT_3D('',#6474,#5022,#5023);
#4133=AXIS2_PLACEMENT_3D('',#6476,#5024,#5025);
#4134=AXIS2_PLACEMENT_3D('',#6478,#5026,#5027);
#4135=AXIS2_PLACEMENT_3D('',#6480,#5028,#5029);
#4136=AXIS2_PLACEMENT_3D('',#6481,#5030,#5031);
#4137=AXIS2_PLACEMENT_3D('',#6483,#5032,#5033);
#4138=AXIS2_PLACEMENT_3D('',#6485,#5034,#5035);
#4139=AXIS2_PLACEMENT_3D('',#6487,#5036,#5037);
#4140=AXIS2_PLACEMENT_3D('',#6489,#5038,#5039);
#4141=AXIS2_PLACEMENT_3D('',#6490,#5040,#5041);
#4142=AXIS2_PLACEMENT_3D('',#6492,#5042,#5043);
#4143=AXIS2_PLACEMENT_3D('',#6494,#5044,#5045);
#4144=AXIS2_PLACEMENT_3D('',#6496,#5046,#5047);
#4145=AXIS2_PLACEMENT_3D('',#6498,#5048,#5049);
#4146=AXIS2_PLACEMENT_3D('',#6499,#5050,#5051);
#4147=AXIS2_PLACEMENT_3D('',#6501,#5052,#5053);
#4148=AXIS2_PLACEMENT_3D('',#6503,#5054,#5055);
#4149=AXIS2_PLACEMENT_3D('',#6505,#5056,#5057);
#4150=AXIS2_PLACEMENT_3D('',#6507,#5058,#5059);
#4151=AXIS2_PLACEMENT_3D('',#6508,#5060,#5061);
#4152=AXIS2_PLACEMENT_3D('',#6510,#5062,#5063);
#4153=AXIS2_PLACEMENT_3D('',#6512,#5064,#5065);
#4154=AXIS2_PLACEMENT_3D('',#6514,#5066,#5067);
#4155=AXIS2_PLACEMENT_3D('',#6516,#5068,#5069);
#4156=AXIS2_PLACEMENT_3D('',#6517,#5070,#5071);
#4157=AXIS2_PLACEMENT_3D('',#6519,#5072,#5073);
#4158=AXIS2_PLACEMENT_3D('',#6521,#5074,#5075);
#4159=AXIS2_PLACEMENT_3D('',#6523,#5076,#5077);
#4160=AXIS2_PLACEMENT_3D('',#6525,#5078,#5079);
#4161=AXIS2_PLACEMENT_3D('',#6526,#5080,#5081);
#4162=AXIS2_PLACEMENT_3D('',#6528,#5082,#5083);
#4163=AXIS2_PLACEMENT_3D('',#6530,#5084,#5085);
#4164=AXIS2_PLACEMENT_3D('',#6532,#5086,#5087);
#4165=AXIS2_PLACEMENT_3D('',#6534,#5088,#5089);
#4166=AXIS2_PLACEMENT_3D('',#6535,#5090,#5091);
#4167=AXIS2_PLACEMENT_3D('',#6537,#5092,#5093);
#4168=AXIS2_PLACEMENT_3D('',#6539,#5094,#5095);
#4169=AXIS2_PLACEMENT_3D('',#6541,#5096,#5097);
#4170=AXIS2_PLACEMENT_3D('',#6543,#5098,#5099);
#4171=AXIS2_PLACEMENT_3D('',#6544,#5100,#5101);
#4172=AXIS2_PLACEMENT_3D('',#6546,#5102,#5103);
#4173=AXIS2_PLACEMENT_3D('',#6548,#5104,#5105);
#4174=AXIS2_PLACEMENT_3D('',#6550,#5106,#5107);
#4175=AXIS2_PLACEMENT_3D('',#6552,#5108,#5109);
#4176=AXIS2_PLACEMENT_3D('',#6553,#5110,#5111);
#4177=AXIS2_PLACEMENT_3D('',#6555,#5112,#5113);
#4178=AXIS2_PLACEMENT_3D('',#6557,#5114,#5115);
#4179=AXIS2_PLACEMENT_3D('',#6559,#5116,#5117);
#4180=AXIS2_PLACEMENT_3D('',#6561,#5118,#5119);
#4181=AXIS2_PLACEMENT_3D('',#6562,#5120,#5121);
#4182=AXIS2_PLACEMENT_3D('',#6564,#5122,#5123);
#4183=AXIS2_PLACEMENT_3D('',#6566,#5124,#5125);
#4184=AXIS2_PLACEMENT_3D('',#6568,#5126,#5127);
#4185=AXIS2_PLACEMENT_3D('',#6570,#5128,#5129);
#4186=AXIS2_PLACEMENT_3D('',#6571,#5130,#5131);
#4187=AXIS2_PLACEMENT_3D('',#6573,#5132,#5133);
#4188=AXIS2_PLACEMENT_3D('',#6575,#5134,#5135);
#4189=AXIS2_PLACEMENT_3D('',#6577,#5136,#5137);
#4190=AXIS2_PLACEMENT_3D('',#6579,#5138,#5139);
#4191=AXIS2_PLACEMENT_3D('',#6580,#5140,#5141);
#4192=AXIS2_PLACEMENT_3D('',#6582,#5142,#5143);
#4193=AXIS2_PLACEMENT_3D('',#6584,#5144,#5145);
#4194=AXIS2_PLACEMENT_3D('',#6586,#5146,#5147);
#4195=AXIS2_PLACEMENT_3D('',#6588,#5148,#5149);
#4196=AXIS2_PLACEMENT_3D('',#6589,#5150,#5151);
#4197=AXIS2_PLACEMENT_3D('',#6591,#5152,#5153);
#4198=AXIS2_PLACEMENT_3D('',#6593,#5154,#5155);
#4199=AXIS2_PLACEMENT_3D('',#6595,#5156,#5157);
#4200=AXIS2_PLACEMENT_3D('',#6597,#5158,#5159);
#4201=AXIS2_PLACEMENT_3D('',#6598,#5160,#5161);
#4202=AXIS2_PLACEMENT_3D('',#6600,#5162,#5163);
#4203=AXIS2_PLACEMENT_3D('',#6602,#5164,#5165);
#4204=AXIS2_PLACEMENT_3D('',#6604,#5166,#5167);
#4205=AXIS2_PLACEMENT_3D('',#6605,#5168,#5169);
#4206=AXIS2_PLACEMENT_3D('',#6606,#5170,#5171);
#4207=AXIS2_PLACEMENT_3D('',#6608,#5172,#5173);
#4208=AXIS2_PLACEMENT_3D('',#6610,#5174,#5175);
#4209=AXIS2_PLACEMENT_3D('',#6612,#5176,#5177);
#4210=AXIS2_PLACEMENT_3D('',#6614,#5178,#5179);
#4211=AXIS2_PLACEMENT_3D('',#6615,#5180,#5181);
#4212=AXIS2_PLACEMENT_3D('',#6617,#5182,#5183);
#4213=AXIS2_PLACEMENT_3D('',#6619,#5184,#5185);
#4214=AXIS2_PLACEMENT_3D('',#6621,#5186,#5187);
#4215=AXIS2_PLACEMENT_3D('',#6623,#5188,#5189);
#4216=AXIS2_PLACEMENT_3D('',#6624,#5190,#5191);
#4217=AXIS2_PLACEMENT_3D('',#6626,#5192,#5193);
#4218=AXIS2_PLACEMENT_3D('',#6628,#5194,#5195);
#4219=AXIS2_PLACEMENT_3D('',#6630,#5196,#5197);
#4220=AXIS2_PLACEMENT_3D('',#6632,#5198,#5199);
#4221=AXIS2_PLACEMENT_3D('',#6633,#5200,#5201);
#4222=AXIS2_PLACEMENT_3D('',#6635,#5202,#5203);
#4223=AXIS2_PLACEMENT_3D('',#6637,#5204,#5205);
#4224=AXIS2_PLACEMENT_3D('',#6639,#5206,#5207);
#4225=AXIS2_PLACEMENT_3D('',#6641,#5208,#5209);
#4226=AXIS2_PLACEMENT_3D('',#6642,#5210,#5211);
#4227=AXIS2_PLACEMENT_3D('',#6644,#5212,#5213);
#4228=AXIS2_PLACEMENT_3D('',#6646,#5214,#5215);
#4229=AXIS2_PLACEMENT_3D('',#6648,#5216,#5217);
#4230=AXIS2_PLACEMENT_3D('',#6650,#5218,#5219);
#4231=AXIS2_PLACEMENT_3D('',#6651,#5220,#5221);
#4232=AXIS2_PLACEMENT_3D('',#6653,#5222,#5223);
#4233=AXIS2_PLACEMENT_3D('',#6655,#5224,#5225);
#4234=AXIS2_PLACEMENT_3D('',#6657,#5226,#5227);
#4235=AXIS2_PLACEMENT_3D('',#6659,#5228,#5229);
#4236=AXIS2_PLACEMENT_3D('',#6660,#5230,#5231);
#4237=AXIS2_PLACEMENT_3D('',#6662,#5232,#5233);
#4238=AXIS2_PLACEMENT_3D('',#6664,#5234,#5235);
#4239=AXIS2_PLACEMENT_3D('',#6666,#5236,#5237);
#4240=AXIS2_PLACEMENT_3D('',#6668,#5238,#5239);
#4241=AXIS2_PLACEMENT_3D('',#6669,#5240,#5241);
#4242=AXIS2_PLACEMENT_3D('',#6671,#5242,#5243);
#4243=AXIS2_PLACEMENT_3D('',#6673,#5244,#5245);
#4244=AXIS2_PLACEMENT_3D('',#6675,#5246,#5247);
#4245=AXIS2_PLACEMENT_3D('',#6677,#5248,#5249);
#4246=AXIS2_PLACEMENT_3D('',#6678,#5250,#5251);
#4247=AXIS2_PLACEMENT_3D('',#6680,#5252,#5253);
#4248=AXIS2_PLACEMENT_3D('',#6682,#5254,#5255);
#4249=AXIS2_PLACEMENT_3D('',#6684,#5256,#5257);
#4250=AXIS2_PLACEMENT_3D('',#6686,#5258,#5259);
#4251=AXIS2_PLACEMENT_3D('',#6687,#5260,#5261);
#4252=AXIS2_PLACEMENT_3D('',#6689,#5262,#5263);
#4253=AXIS2_PLACEMENT_3D('',#6691,#5264,#5265);
#4254=AXIS2_PLACEMENT_3D('',#6693,#5266,#5267);
#4255=AXIS2_PLACEMENT_3D('',#6695,#5268,#5269);
#4256=AXIS2_PLACEMENT_3D('',#6696,#5270,#5271);
#4257=AXIS2_PLACEMENT_3D('',#6698,#5272,#5273);
#4258=AXIS2_PLACEMENT_3D('',#6700,#5274,#5275);
#4259=AXIS2_PLACEMENT_3D('',#6702,#5276,#5277);
#4260=AXIS2_PLACEMENT_3D('',#6704,#5278,#5279);
#4261=AXIS2_PLACEMENT_3D('',#6705,#5280,#5281);
#4262=AXIS2_PLACEMENT_3D('',#6707,#5282,#5283);
#4263=AXIS2_PLACEMENT_3D('',#6709,#5284,#5285);
#4264=AXIS2_PLACEMENT_3D('',#6711,#5286,#5287);
#4265=AXIS2_PLACEMENT_3D('',#6713,#5288,#5289);
#4266=AXIS2_PLACEMENT_3D('',#6714,#5290,#5291);
#4267=AXIS2_PLACEMENT_3D('',#6716,#5292,#5293);
#4268=AXIS2_PLACEMENT_3D('',#6718,#5294,#5295);
#4269=AXIS2_PLACEMENT_3D('',#6720,#5296,#5297);
#4270=AXIS2_PLACEMENT_3D('',#6722,#5298,#5299);
#4271=AXIS2_PLACEMENT_3D('',#6723,#5300,#5301);
#4272=AXIS2_PLACEMENT_3D('',#6725,#5302,#5303);
#4273=AXIS2_PLACEMENT_3D('',#6727,#5304,#5305);
#4274=AXIS2_PLACEMENT_3D('',#6729,#5306,#5307);
#4275=AXIS2_PLACEMENT_3D('',#6731,#5308,#5309);
#4276=AXIS2_PLACEMENT_3D('',#6732,#5310,#5311);
#4277=AXIS2_PLACEMENT_3D('',#6734,#5312,#5313);
#4278=AXIS2_PLACEMENT_3D('',#6736,#5314,#5315);
#4279=AXIS2_PLACEMENT_3D('',#6738,#5316,#5317);
#4280=AXIS2_PLACEMENT_3D('',#6740,#5318,#5319);
#4281=AXIS2_PLACEMENT_3D('',#6741,#5320,#5321);
#4282=AXIS2_PLACEMENT_3D('',#6743,#5322,#5323);
#4283=AXIS2_PLACEMENT_3D('',#6745,#5324,#5325);
#4284=AXIS2_PLACEMENT_3D('',#6747,#5326,#5327);
#4285=AXIS2_PLACEMENT_3D('',#6749,#5328,#5329);
#4286=AXIS2_PLACEMENT_3D('',#6750,#5330,#5331);
#4287=AXIS2_PLACEMENT_3D('',#6752,#5332,#5333);
#4288=AXIS2_PLACEMENT_3D('',#6754,#5334,#5335);
#4289=AXIS2_PLACEMENT_3D('',#6756,#5336,#5337);
#4290=AXIS2_PLACEMENT_3D('',#6758,#5338,#5339);
#4291=AXIS2_PLACEMENT_3D('',#6759,#5340,#5341);
#4292=AXIS2_PLACEMENT_3D('',#6761,#5342,#5343);
#4293=AXIS2_PLACEMENT_3D('',#6763,#5344,#5345);
#4294=AXIS2_PLACEMENT_3D('',#6765,#5346,#5347);
#4295=AXIS2_PLACEMENT_3D('',#6767,#5348,#5349);
#4296=AXIS2_PLACEMENT_3D('',#6768,#5350,#5351);
#4297=AXIS2_PLACEMENT_3D('',#6770,#5352,#5353);
#4298=AXIS2_PLACEMENT_3D('',#6772,#5354,#5355);
#4299=AXIS2_PLACEMENT_3D('',#6774,#5356,#5357);
#4300=AXIS2_PLACEMENT_3D('',#6776,#5358,#5359);
#4301=AXIS2_PLACEMENT_3D('',#6777,#5360,#5361);
#4302=AXIS2_PLACEMENT_3D('',#6779,#5362,#5363);
#4303=AXIS2_PLACEMENT_3D('',#6781,#5364,#5365);
#4304=AXIS2_PLACEMENT_3D('',#6783,#5366,#5367);
#4305=AXIS2_PLACEMENT_3D('',#6785,#5368,#5369);
#4306=AXIS2_PLACEMENT_3D('',#6786,#5370,#5371);
#4307=AXIS2_PLACEMENT_3D('',#6788,#5372,#5373);
#4308=AXIS2_PLACEMENT_3D('',#6790,#5374,#5375);
#4309=AXIS2_PLACEMENT_3D('',#6792,#5376,#5377);
#4310=AXIS2_PLACEMENT_3D('',#6794,#5378,#5379);
#4311=AXIS2_PLACEMENT_3D('',#6795,#5380,#5381);
#4312=AXIS2_PLACEMENT_3D('',#6797,#5382,#5383);
#4313=AXIS2_PLACEMENT_3D('',#6799,#5384,#5385);
#4314=AXIS2_PLACEMENT_3D('',#6801,#5386,#5387);
#4315=AXIS2_PLACEMENT_3D('',#6803,#5388,#5389);
#4316=AXIS2_PLACEMENT_3D('',#6804,#5390,#5391);
#4317=AXIS2_PLACEMENT_3D('',#6806,#5392,#5393);
#4318=AXIS2_PLACEMENT_3D('',#6808,#5394,#5395);
#4319=AXIS2_PLACEMENT_3D('',#6810,#5396,#5397);
#4320=AXIS2_PLACEMENT_3D('',#6812,#5398,#5399);
#4321=AXIS2_PLACEMENT_3D('',#6813,#5400,#5401);
#4322=AXIS2_PLACEMENT_3D('',#6815,#5402,#5403);
#4323=AXIS2_PLACEMENT_3D('',#6817,#5404,#5405);
#4324=AXIS2_PLACEMENT_3D('',#6819,#5406,#5407);
#4325=AXIS2_PLACEMENT_3D('',#6821,#5408,#5409);
#4326=AXIS2_PLACEMENT_3D('',#6822,#5410,#5411);
#4327=AXIS2_PLACEMENT_3D('',#6824,#5412,#5413);
#4328=AXIS2_PLACEMENT_3D('',#6826,#5414,#5415);
#4329=AXIS2_PLACEMENT_3D('',#6828,#5416,#5417);
#4330=AXIS2_PLACEMENT_3D('',#6830,#5418,#5419);
#4331=AXIS2_PLACEMENT_3D('',#6831,#5420,#5421);
#4332=AXIS2_PLACEMENT_3D('',#6833,#5422,#5423);
#4333=AXIS2_PLACEMENT_3D('',#6835,#5424,#5425);
#4334=AXIS2_PLACEMENT_3D('',#6837,#5426,#5427);
#4335=AXIS2_PLACEMENT_3D('',#6839,#5428,#5429);
#4336=AXIS2_PLACEMENT_3D('',#6840,#5430,#5431);
#4337=AXIS2_PLACEMENT_3D('',#6842,#5432,#5433);
#4338=AXIS2_PLACEMENT_3D('',#6844,#5434,#5435);
#4339=AXIS2_PLACEMENT_3D('',#6846,#5436,#5437);
#4340=AXIS2_PLACEMENT_3D('',#6848,#5438,#5439);
#4341=AXIS2_PLACEMENT_3D('',#6849,#5440,#5441);
#4342=AXIS2_PLACEMENT_3D('',#6851,#5442,#5443);
#4343=AXIS2_PLACEMENT_3D('',#6853,#5444,#5445);
#4344=AXIS2_PLACEMENT_3D('',#6855,#5446,#5447);
#4345=AXIS2_PLACEMENT_3D('',#6857,#5448,#5449);
#4346=AXIS2_PLACEMENT_3D('',#6858,#5450,#5451);
#4347=AXIS2_PLACEMENT_3D('',#6860,#5452,#5453);
#4348=AXIS2_PLACEMENT_3D('',#6862,#5454,#5455);
#4349=AXIS2_PLACEMENT_3D('',#6864,#5456,#5457);
#4350=AXIS2_PLACEMENT_3D('',#6866,#5458,#5459);
#4351=AXIS2_PLACEMENT_3D('',#6867,#5460,#5461);
#4352=AXIS2_PLACEMENT_3D('',#6869,#5462,#5463);
#4353=AXIS2_PLACEMENT_3D('',#6871,#5464,#5465);
#4354=AXIS2_PLACEMENT_3D('',#6873,#5466,#5467);
#4355=AXIS2_PLACEMENT_3D('',#6875,#5468,#5469);
#4356=AXIS2_PLACEMENT_3D('',#6876,#5470,#5471);
#4357=AXIS2_PLACEMENT_3D('',#6878,#5472,#5473);
#4358=AXIS2_PLACEMENT_3D('',#6880,#5474,#5475);
#4359=AXIS2_PLACEMENT_3D('',#6882,#5476,#5477);
#4360=AXIS2_PLACEMENT_3D('',#6884,#5478,#5479);
#4361=AXIS2_PLACEMENT_3D('',#6885,#5480,#5481);
#4362=AXIS2_PLACEMENT_3D('',#6887,#5482,#5483);
#4363=AXIS2_PLACEMENT_3D('',#6889,#5484,#5485);
#4364=AXIS2_PLACEMENT_3D('',#6891,#5486,#5487);
#4365=AXIS2_PLACEMENT_3D('',#6893,#5488,#5489);
#4366=AXIS2_PLACEMENT_3D('',#6894,#5490,#5491);
#4367=AXIS2_PLACEMENT_3D('',#6896,#5492,#5493);
#4368=AXIS2_PLACEMENT_3D('',#6898,#5494,#5495);
#4369=AXIS2_PLACEMENT_3D('',#6900,#5496,#5497);
#4370=AXIS2_PLACEMENT_3D('',#6902,#5498,#5499);
#4371=AXIS2_PLACEMENT_3D('',#6903,#5500,#5501);
#4372=AXIS2_PLACEMENT_3D('',#6905,#5502,#5503);
#4373=AXIS2_PLACEMENT_3D('',#6907,#5504,#5505);
#4374=AXIS2_PLACEMENT_3D('',#6909,#5506,#5507);
#4375=AXIS2_PLACEMENT_3D('',#6911,#5508,#5509);
#4376=AXIS2_PLACEMENT_3D('',#6912,#5510,#5511);
#4377=AXIS2_PLACEMENT_3D('',#6915,#5514,#5515);
#4378=AXIS2_PLACEMENT_3D('',#6916,#5516,#5517);
#4379=AXIS2_PLACEMENT_3D('',#6918,#5519,#5520);
#4380=AXIS2_PLACEMENT_3D('',#6920,#5522,#5523);
#4381=AXIS2_PLACEMENT_3D('',#6921,#5524,#5525);
#4382=AXIS2_PLACEMENT_3D('',#6924,#5528,#5529);
#4383=AXIS2_PLACEMENT_3D('',#6925,#5530,#5531);
#4384=AXIS2_PLACEMENT_3D('',#6927,#5533,#5534);
#4385=AXIS2_PLACEMENT_3D('',#6929,#5536,#5537);
#4386=AXIS2_PLACEMENT_3D('',#6930,#5538,#5539);
#4387=AXIS2_PLACEMENT_3D('',#6933,#5542,#5543);
#4388=AXIS2_PLACEMENT_3D('',#6934,#5544,#5545);
#4389=AXIS2_PLACEMENT_3D('',#6936,#5547,#5548);
#4390=AXIS2_PLACEMENT_3D('',#6938,#5550,#5551);
#4391=AXIS2_PLACEMENT_3D('',#6939,#5552,#5553);
#4392=AXIS2_PLACEMENT_3D('',#6942,#5556,#5557);
#4393=AXIS2_PLACEMENT_3D('',#6943,#5558,#5559);
#4394=AXIS2_PLACEMENT_3D('',#6945,#5561,#5562);
#4395=AXIS2_PLACEMENT_3D('',#6947,#5564,#5565);
#4396=AXIS2_PLACEMENT_3D('',#6948,#5566,#5567);
#4397=AXIS2_PLACEMENT_3D('',#6951,#5570,#5571);
#4398=AXIS2_PLACEMENT_3D('',#6952,#5572,#5573);
#4399=AXIS2_PLACEMENT_3D('',#6954,#5575,#5576);
#4400=AXIS2_PLACEMENT_3D('',#6956,#5578,#5579);
#4401=AXIS2_PLACEMENT_3D('',#6957,#5580,#5581);
#4402=AXIS2_PLACEMENT_3D('',#6960,#5584,#5585);
#4403=AXIS2_PLACEMENT_3D('',#6961,#5586,#5587);
#4404=AXIS2_PLACEMENT_3D('',#6963,#5589,#5590);
#4405=AXIS2_PLACEMENT_3D('',#6965,#5592,#5593);
#4406=AXIS2_PLACEMENT_3D('',#6966,#5594,#5595);
#4407=AXIS2_PLACEMENT_3D('',#6969,#5598,#5599);
#4408=AXIS2_PLACEMENT_3D('',#6970,#5600,#5601);
#4409=AXIS2_PLACEMENT_3D('',#6972,#5603,#5604);
#4410=AXIS2_PLACEMENT_3D('',#6974,#5606,#5607);
#4411=AXIS2_PLACEMENT_3D('',#6975,#5608,#5609);
#4412=AXIS2_PLACEMENT_3D('',#6978,#5612,#5613);
#4413=AXIS2_PLACEMENT_3D('',#6979,#5614,#5615);
#4414=AXIS2_PLACEMENT_3D('',#6981,#5617,#5618);
#4415=AXIS2_PLACEMENT_3D('',#6983,#5620,#5621);
#4416=AXIS2_PLACEMENT_3D('',#6984,#5622,#5623);
#4417=AXIS2_PLACEMENT_3D('',#6987,#5626,#5627);
#4418=AXIS2_PLACEMENT_3D('',#6988,#5628,#5629);
#4419=AXIS2_PLACEMENT_3D('',#6990,#5631,#5632);
#4420=AXIS2_PLACEMENT_3D('',#6992,#5634,#5635);
#4421=AXIS2_PLACEMENT_3D('',#6993,#5636,#5637);
#4422=AXIS2_PLACEMENT_3D('',#6996,#5640,#5641);
#4423=AXIS2_PLACEMENT_3D('',#6997,#5642,#5643);
#4424=AXIS2_PLACEMENT_3D('',#6999,#5645,#5646);
#4425=AXIS2_PLACEMENT_3D('',#7001,#5648,#5649);
#4426=AXIS2_PLACEMENT_3D('',#7002,#5650,#5651);
#4427=AXIS2_PLACEMENT_3D('',#7005,#5654,#5655);
#4428=AXIS2_PLACEMENT_3D('',#7006,#5656,#5657);
#4429=AXIS2_PLACEMENT_3D('',#7008,#5659,#5660);
#4430=AXIS2_PLACEMENT_3D('',#7010,#5662,#5663);
#4431=AXIS2_PLACEMENT_3D('',#7011,#5664,#5665);
#4432=AXIS2_PLACEMENT_3D('',#7014,#5668,#5669);
#4433=AXIS2_PLACEMENT_3D('',#7015,#5670,#5671);
#4434=AXIS2_PLACEMENT_3D('',#7017,#5673,#5674);
#4435=AXIS2_PLACEMENT_3D('',#7019,#5676,#5677);
#4436=AXIS2_PLACEMENT_3D('',#7020,#5678,#5679);
#4437=AXIS2_PLACEMENT_3D('',#7023,#5682,#5683);
#4438=AXIS2_PLACEMENT_3D('',#7024,#5684,#5685);
#4439=AXIS2_PLACEMENT_3D('',#7026,#5687,#5688);
#4440=AXIS2_PLACEMENT_3D('',#7028,#5690,#5691);
#4441=AXIS2_PLACEMENT_3D('',#7029,#5692,#5693);
#4442=AXIS2_PLACEMENT_3D('',#7032,#5696,#5697);
#4443=AXIS2_PLACEMENT_3D('',#7033,#5698,#5699);
#4444=AXIS2_PLACEMENT_3D('',#7035,#5701,#5702);
#4445=AXIS2_PLACEMENT_3D('',#7037,#5704,#5705);
#4446=AXIS2_PLACEMENT_3D('',#7038,#5706,#5707);
#4447=AXIS2_PLACEMENT_3D('',#7041,#5710,#5711);
#4448=AXIS2_PLACEMENT_3D('',#7042,#5712,#5713);
#4449=AXIS2_PLACEMENT_3D('',#7044,#5715,#5716);
#4450=AXIS2_PLACEMENT_3D('',#7046,#5718,#5719);
#4451=AXIS2_PLACEMENT_3D('',#7047,#5720,#5721);
#4452=AXIS2_PLACEMENT_3D('',#7050,#5724,#5725);
#4453=AXIS2_PLACEMENT_3D('',#7051,#5726,#5727);
#4454=AXIS2_PLACEMENT_3D('',#7053,#5729,#5730);
#4455=AXIS2_PLACEMENT_3D('',#7055,#5732,#5733);
#4456=AXIS2_PLACEMENT_3D('',#7056,#5734,#5735);
#4457=AXIS2_PLACEMENT_3D('',#7059,#5738,#5739);
#4458=AXIS2_PLACEMENT_3D('',#7060,#5740,#5741);
#4459=AXIS2_PLACEMENT_3D('',#7062,#5743,#5744);
#4460=AXIS2_PLACEMENT_3D('',#7064,#5746,#5747);
#4461=AXIS2_PLACEMENT_3D('',#7065,#5748,#5749);
#4462=AXIS2_PLACEMENT_3D('',#7068,#5752,#5753);
#4463=AXIS2_PLACEMENT_3D('',#7069,#5754,#5755);
#4464=AXIS2_PLACEMENT_3D('',#7071,#5757,#5758);
#4465=AXIS2_PLACEMENT_3D('',#7073,#5760,#5761);
#4466=AXIS2_PLACEMENT_3D('',#7074,#5762,#5763);
#4467=AXIS2_PLACEMENT_3D('',#7077,#5766,#5767);
#4468=AXIS2_PLACEMENT_3D('',#7078,#5768,#5769);
#4469=AXIS2_PLACEMENT_3D('',#7080,#5771,#5772);
#4470=AXIS2_PLACEMENT_3D('',#7082,#5774,#5775);
#4471=AXIS2_PLACEMENT_3D('',#7083,#5776,#5777);
#4472=AXIS2_PLACEMENT_3D('',#7086,#5780,#5781);
#4473=AXIS2_PLACEMENT_3D('',#7087,#5782,#5783);
#4474=AXIS2_PLACEMENT_3D('',#7089,#5785,#5786);
#4475=AXIS2_PLACEMENT_3D('',#7091,#5788,#5789);
#4476=AXIS2_PLACEMENT_3D('',#7092,#5790,#5791);
#4477=AXIS2_PLACEMENT_3D('',#7095,#5794,#5795);
#4478=AXIS2_PLACEMENT_3D('',#7096,#5796,#5797);
#4479=AXIS2_PLACEMENT_3D('',#7098,#5799,#5800);
#4480=AXIS2_PLACEMENT_3D('',#7100,#5802,#5803);
#4481=AXIS2_PLACEMENT_3D('',#7101,#5804,#5805);
#4482=AXIS2_PLACEMENT_3D('',#7104,#5808,#5809);
#4483=AXIS2_PLACEMENT_3D('',#7105,#5810,#5811);
#4484=AXIS2_PLACEMENT_3D('',#7107,#5813,#5814);
#4485=AXIS2_PLACEMENT_3D('',#7109,#5816,#5817);
#4486=AXIS2_PLACEMENT_3D('',#7110,#5818,#5819);
#4487=AXIS2_PLACEMENT_3D('',#7113,#5822,#5823);
#4488=AXIS2_PLACEMENT_3D('',#7114,#5824,#5825);
#4489=AXIS2_PLACEMENT_3D('',#7116,#5827,#5828);
#4490=AXIS2_PLACEMENT_3D('',#7118,#5830,#5831);
#4491=AXIS2_PLACEMENT_3D('',#7119,#5832,#5833);
#4492=AXIS2_PLACEMENT_3D('',#7122,#5836,#5837);
#4493=AXIS2_PLACEMENT_3D('',#7123,#5838,#5839);
#4494=AXIS2_PLACEMENT_3D('',#7125,#5841,#5842);
#4495=AXIS2_PLACEMENT_3D('',#7127,#5844,#5845);
#4496=AXIS2_PLACEMENT_3D('',#7128,#5846,#5847);
#4497=AXIS2_PLACEMENT_3D('',#7131,#5850,#5851);
#4498=AXIS2_PLACEMENT_3D('',#7132,#5852,#5853);
#4499=AXIS2_PLACEMENT_3D('',#7134,#5855,#5856);
#4500=AXIS2_PLACEMENT_3D('',#7136,#5858,#5859);
#4501=AXIS2_PLACEMENT_3D('',#7137,#5860,#5861);
#4502=AXIS2_PLACEMENT_3D('',#7140,#5864,#5865);
#4503=AXIS2_PLACEMENT_3D('',#7141,#5866,#5867);
#4504=AXIS2_PLACEMENT_3D('',#7143,#5869,#5870);
#4505=AXIS2_PLACEMENT_3D('',#7145,#5872,#5873);
#4506=AXIS2_PLACEMENT_3D('',#7146,#5874,#5875);
#4507=AXIS2_PLACEMENT_3D('',#7149,#5878,#5879);
#4508=AXIS2_PLACEMENT_3D('',#7150,#5880,#5881);
#4509=AXIS2_PLACEMENT_3D('',#7152,#5883,#5884);
#4510=AXIS2_PLACEMENT_3D('',#7154,#5886,#5887);
#4511=AXIS2_PLACEMENT_3D('',#7155,#5888,#5889);
#4512=AXIS2_PLACEMENT_3D('',#7158,#5892,#5893);
#4513=AXIS2_PLACEMENT_3D('',#7159,#5894,#5895);
#4514=AXIS2_PLACEMENT_3D('',#7161,#5897,#5898);
#4515=AXIS2_PLACEMENT_3D('',#7163,#5900,#5901);
#4516=AXIS2_PLACEMENT_3D('',#7164,#5902,#5903);
#4517=AXIS2_PLACEMENT_3D('',#7167,#5906,#5907);
#4518=AXIS2_PLACEMENT_3D('',#7168,#5908,#5909);
#4519=AXIS2_PLACEMENT_3D('',#7170,#5911,#5912);
#4520=AXIS2_PLACEMENT_3D('',#7172,#5914,#5915);
#4521=AXIS2_PLACEMENT_3D('',#7173,#5916,#5917);
#4522=AXIS2_PLACEMENT_3D('',#7176,#5920,#5921);
#4523=AXIS2_PLACEMENT_3D('',#7177,#5922,#5923);
#4524=AXIS2_PLACEMENT_3D('',#7179,#5925,#5926);
#4525=AXIS2_PLACEMENT_3D('',#7181,#5928,#5929);
#4526=AXIS2_PLACEMENT_3D('',#7182,#5930,#5931);
#4527=AXIS2_PLACEMENT_3D('',#7185,#5934,#5935);
#4528=AXIS2_PLACEMENT_3D('',#7186,#5936,#5937);
#4529=AXIS2_PLACEMENT_3D('',#7188,#5939,#5940);
#4530=AXIS2_PLACEMENT_3D('',#7190,#5942,#5943);
#4531=AXIS2_PLACEMENT_3D('',#7191,#5944,#5945);
#4532=AXIS2_PLACEMENT_3D('',#7194,#5948,#5949);
#4533=AXIS2_PLACEMENT_3D('',#7195,#5950,#5951);
#4534=AXIS2_PLACEMENT_3D('',#7197,#5953,#5954);
#4535=AXIS2_PLACEMENT_3D('',#7199,#5956,#5957);
#4536=AXIS2_PLACEMENT_3D('',#7200,#5958,#5959);
#4537=AXIS2_PLACEMENT_3D('',#7203,#5962,#5963);
#4538=AXIS2_PLACEMENT_3D('',#7204,#5964,#5965);
#4539=AXIS2_PLACEMENT_3D('',#7206,#5967,#5968);
#4540=AXIS2_PLACEMENT_3D('',#7208,#5970,#5971);
#4541=AXIS2_PLACEMENT_3D('',#7209,#5972,#5973);
#4542=AXIS2_PLACEMENT_3D('',#7212,#5976,#5977);
#4543=AXIS2_PLACEMENT_3D('',#7213,#5978,#5979);
#4544=AXIS2_PLACEMENT_3D('',#7215,#5981,#5982);
#4545=AXIS2_PLACEMENT_3D('',#7217,#5984,#5985);
#4546=DIRECTION('',(0.,0.,1.));
#4547=DIRECTION('',(1.,0.,0.));
#4548=DIRECTION('',(0.,0.,-1.));
#4549=DIRECTION('',(-1.,0.,0.));
#4550=DIRECTION('',(0.,0.,-1.));
#4551=DIRECTION('',(0.,0.,-1.));
#4552=DIRECTION('',(-1.,0.,0.));
#4553=DIRECTION('',(0.,0.,-1.));
#4554=DIRECTION('',(0.,0.,-1.));
#4555=DIRECTION('',(-1.,0.,0.));
#4556=DIRECTION('',(0.,0.,-1.));
#4557=DIRECTION('',(-1.,0.,0.));
#4558=DIRECTION('',(0.,0.,-1.));
#4559=DIRECTION('',(0.,0.,-1.));
#4560=DIRECTION('',(-1.,0.,0.));
#4561=DIRECTION('',(0.,0.,-1.));
#4562=DIRECTION('',(0.,0.,-1.));
#4563=DIRECTION('',(-1.,0.,0.));
#4564=DIRECTION('',(0.,0.,-1.));
#4565=DIRECTION('',(-1.,0.,0.));
#4566=DIRECTION('',(0.,0.,-1.));
#4567=DIRECTION('',(0.,0.,-1.));
#4568=DIRECTION('',(-1.,0.,0.));
#4569=DIRECTION('',(0.,0.,-1.));
#4570=DIRECTION('',(0.,0.,-1.));
#4571=DIRECTION('',(-1.,0.,0.));
#4572=DIRECTION('',(0.,0.,-1.));
#4573=DIRECTION('',(-1.,0.,0.));
#4574=DIRECTION('',(0.,0.,-1.));
#4575=DIRECTION('',(0.,0.,-1.));
#4576=DIRECTION('',(-1.,0.,0.));
#4577=DIRECTION('',(0.,0.,-1.));
#4578=DIRECTION('',(0.,0.,-1.));
#4579=DIRECTION('',(-1.,0.,0.));
#4580=DIRECTION('',(0.,0.,-1.));
#4581=DIRECTION('',(-1.,0.,0.));
#4582=DIRECTION('',(0.,0.,-1.));
#4583=DIRECTION('',(0.,0.,-1.));
#4584=DIRECTION('',(-1.,0.,0.));
#4585=DIRECTION('',(0.,0.,-1.));
#4586=DIRECTION('',(0.,0.,-1.));
#4587=DIRECTION('',(-1.,0.,0.));
#4588=DIRECTION('',(0.,0.,-1.));
#4589=DIRECTION('',(-1.,0.,0.));
#4590=DIRECTION('',(0.,0.,-1.));
#4591=DIRECTION('',(0.,0.,-1.));
#4592=DIRECTION('',(-1.,0.,0.));
#4593=DIRECTION('',(0.,0.,-1.));
#4594=DIRECTION('',(0.,0.,-1.));
#4595=DIRECTION('',(-1.,0.,0.));
#4596=DIRECTION('',(0.,0.,-1.));
#4597=DIRECTION('',(-1.,0.,0.));
#4598=DIRECTION('',(0.,0.,-1.));
#4599=DIRECTION('',(0.,0.,-1.));
#4600=DIRECTION('',(-1.,0.,0.));
#4601=DIRECTION('',(0.,0.,-1.));
#4602=DIRECTION('',(0.,0.,-1.));
#4603=DIRECTION('',(-1.,0.,0.));
#4604=DIRECTION('',(0.,0.,-1.));
#4605=DIRECTION('',(-1.,0.,0.));
#4606=DIRECTION('',(0.,0.,-1.));
#4607=DIRECTION('',(0.,0.,-1.));
#4608=DIRECTION('',(-1.,0.,0.));
#4609=DIRECTION('',(0.,0.,-1.));
#4610=DIRECTION('',(0.,0.,-1.));
#4611=DIRECTION('',(-1.,0.,0.));
#4612=DIRECTION('',(0.,0.,-1.));
#4613=DIRECTION('',(-1.,0.,0.));
#4614=DIRECTION('',(0.,0.,-1.));
#4615=DIRECTION('',(0.,0.,-1.));
#4616=DIRECTION('',(-1.,0.,0.));
#4617=DIRECTION('',(0.,0.,-1.));
#4618=DIRECTION('',(0.,0.,-1.));
#4619=DIRECTION('',(-1.,0.,0.));
#4620=DIRECTION('',(0.,0.,-1.));
#4621=DIRECTION('',(-1.,0.,0.));
#4622=DIRECTION('',(0.,0.,-1.));
#4623=DIRECTION('',(0.,0.,-1.));
#4624=DIRECTION('',(-1.,0.,0.));
#4625=DIRECTION('',(0.,0.,-1.));
#4626=DIRECTION('',(0.,0.,-1.));
#4627=DIRECTION('',(-1.,0.,0.));
#4628=DIRECTION('',(0.,0.,-1.));
#4629=DIRECTION('',(-1.,0.,0.));
#4630=DIRECTION('',(0.,0.,-1.));
#4631=DIRECTION('',(0.,0.,-1.));
#4632=DIRECTION('',(-1.,0.,0.));
#4633=DIRECTION('',(0.,0.,-1.));
#4634=DIRECTION('',(0.,0.,-1.));
#4635=DIRECTION('',(-1.,0.,0.));
#4636=DIRECTION('',(0.,0.,-1.));
#4637=DIRECTION('',(-1.,0.,0.));
#4638=DIRECTION('',(0.,0.,-1.));
#4639=DIRECTION('',(0.,0.,-1.));
#4640=DIRECTION('',(-1.,0.,0.));
#4641=DIRECTION('',(0.,0.,-1.));
#4642=DIRECTION('',(0.,0.,-1.));
#4643=DIRECTION('',(-1.,0.,0.));
#4644=DIRECTION('',(0.,0.,-1.));
#4645=DIRECTION('',(-1.,0.,0.));
#4646=DIRECTION('',(0.,0.,-1.));
#4647=DIRECTION('',(0.,0.,-1.));
#4648=DIRECTION('',(-1.,0.,0.));
#4649=DIRECTION('',(0.,0.,-1.));
#4650=DIRECTION('',(0.,0.,-1.));
#4651=DIRECTION('',(-1.,0.,0.));
#4652=DIRECTION('',(0.,0.,-1.));
#4653=DIRECTION('',(-1.,0.,0.));
#4654=DIRECTION('',(0.,0.,-1.));
#4655=DIRECTION('',(0.,0.,-1.));
#4656=DIRECTION('',(-1.,0.,0.));
#4657=DIRECTION('',(0.,0.,-1.));
#4658=DIRECTION('',(0.,0.,-1.));
#4659=DIRECTION('',(-1.,0.,0.));
#4660=DIRECTION('',(0.,0.,-1.));
#4661=DIRECTION('',(-1.,0.,0.));
#4662=DIRECTION('',(0.,0.,-1.));
#4663=DIRECTION('',(0.,0.,-1.));
#4664=DIRECTION('',(-1.,0.,0.));
#4665=DIRECTION('',(0.,0.,-1.));
#4666=DIRECTION('',(0.,0.,-1.));
#4667=DIRECTION('',(-1.,0.,0.));
#4668=DIRECTION('',(0.,0.,-1.));
#4669=DIRECTION('',(-1.,0.,0.));
#4670=DIRECTION('',(0.,0.,-1.));
#4671=DIRECTION('',(0.,0.,-1.));
#4672=DIRECTION('',(-1.,0.,0.));
#4673=DIRECTION('',(0.,0.,-1.));
#4674=DIRECTION('',(0.,0.,-1.));
#4675=DIRECTION('',(-1.,0.,0.));
#4676=DIRECTION('',(0.,0.,-1.));
#4677=DIRECTION('',(-1.,0.,0.));
#4678=DIRECTION('',(0.,0.,-1.));
#4679=DIRECTION('',(0.,0.,-1.));
#4680=DIRECTION('',(-1.,0.,0.));
#4681=DIRECTION('',(0.,0.,-1.));
#4682=DIRECTION('',(0.,0.,-1.));
#4683=DIRECTION('',(-1.,0.,0.));
#4684=DIRECTION('',(0.,0.,-1.));
#4685=DIRECTION('',(-1.,0.,0.));
#4686=DIRECTION('',(0.,0.,-1.));
#4687=DIRECTION('',(0.,0.,-1.));
#4688=DIRECTION('',(-1.,0.,0.));
#4689=DIRECTION('',(0.,0.,-1.));
#4690=DIRECTION('',(0.,0.,-1.));
#4691=DIRECTION('',(-1.,0.,0.));
#4692=DIRECTION('',(0.,0.,-1.));
#4693=DIRECTION('',(-1.,0.,0.));
#4694=DIRECTION('',(0.,0.,-1.));
#4695=DIRECTION('',(0.,0.,-1.));
#4696=DIRECTION('',(-1.,0.,0.));
#4697=DIRECTION('',(0.,0.,-1.));
#4698=DIRECTION('',(0.,0.,-1.));
#4699=DIRECTION('',(-1.,0.,0.));
#4700=DIRECTION('',(0.,0.,-1.));
#4701=DIRECTION('',(-1.,0.,0.));
#4702=DIRECTION('',(0.,0.,-1.));
#4703=DIRECTION('',(0.,0.,-1.));
#4704=DIRECTION('',(-1.,0.,0.));
#4705=DIRECTION('',(0.,0.,-1.));
#4706=DIRECTION('',(0.,0.,-1.));
#4707=DIRECTION('',(-1.,0.,0.));
#4708=DIRECTION('',(0.,0.,-1.));
#4709=DIRECTION('',(-1.,0.,0.));
#4710=DIRECTION('',(0.,0.,-1.));
#4711=DIRECTION('',(0.,0.,-1.));
#4712=DIRECTION('',(-1.,0.,0.));
#4713=DIRECTION('',(0.,0.,-1.));
#4714=DIRECTION('',(0.,0.,-1.));
#4715=DIRECTION('',(-1.,0.,0.));
#4716=DIRECTION('',(0.,0.,-1.));
#4717=DIRECTION('',(-1.,0.,0.));
#4718=DIRECTION('',(0.,0.,-1.));
#4719=DIRECTION('',(0.,0.,-1.));
#4720=DIRECTION('',(-1.,0.,0.));
#4721=DIRECTION('',(0.,0.,-1.));
#4722=DIRECTION('',(0.,0.,-1.));
#4723=DIRECTION('',(-1.,0.,0.));
#4724=DIRECTION('',(0.,0.,-1.));
#4725=DIRECTION('',(-1.,0.,0.));
#4726=DIRECTION('',(0.,0.,-1.));
#4727=DIRECTION('',(0.,0.,-1.));
#4728=DIRECTION('',(-1.,0.,0.));
#4729=DIRECTION('',(0.,0.,-1.));
#4730=DIRECTION('',(0.,0.,-1.));
#4731=DIRECTION('',(-1.,0.,0.));
#4732=DIRECTION('',(0.,0.,-1.));
#4733=DIRECTION('',(-1.,0.,0.));
#4734=DIRECTION('',(0.,0.,-1.));
#4735=DIRECTION('',(0.,0.,-1.));
#4736=DIRECTION('',(-1.,0.,0.));
#4737=DIRECTION('',(0.,0.,-1.));
#4738=DIRECTION('',(0.,0.,-1.));
#4739=DIRECTION('',(-1.,0.,0.));
#4740=DIRECTION('',(0.,0.,-1.));
#4741=DIRECTION('',(-1.,0.,0.));
#4742=DIRECTION('',(0.,0.,-1.));
#4743=DIRECTION('',(0.,0.,-1.));
#4744=DIRECTION('',(-1.,0.,0.));
#4745=DIRECTION('',(0.,0.,-1.));
#4746=DIRECTION('',(0.,0.,-1.));
#4747=DIRECTION('',(-1.,0.,0.));
#4748=DIRECTION('',(0.,0.,-1.));
#4749=DIRECTION('',(-1.,0.,0.));
#4750=DIRECTION('',(0.,0.,-1.));
#4751=DIRECTION('',(0.,0.,-1.));
#4752=DIRECTION('',(-1.,0.,0.));
#4753=DIRECTION('',(0.,0.,-1.));
#4754=DIRECTION('',(0.,0.,-1.));
#4755=DIRECTION('',(-1.,0.,0.));
#4756=DIRECTION('',(0.,0.,-1.));
#4757=DIRECTION('',(-1.,0.,0.));
#4758=DIRECTION('',(0.,0.,-1.));
#4759=DIRECTION('',(0.,0.,-1.));
#4760=DIRECTION('',(-1.,0.,0.));
#4761=DIRECTION('',(0.,0.,-1.));
#4762=DIRECTION('',(0.,0.,-1.));
#4763=DIRECTION('',(-1.,0.,0.));
#4764=DIRECTION('',(0.,0.,-1.));
#4765=DIRECTION('',(-1.,0.,0.));
#4766=DIRECTION('',(0.,0.,-1.));
#4767=DIRECTION('',(0.,0.,-1.));
#4768=DIRECTION('',(-1.,0.,0.));
#4769=DIRECTION('',(0.,0.,-1.));
#4770=DIRECTION('',(0.,0.,-1.));
#4771=DIRECTION('',(-1.,0.,0.));
#4772=DIRECTION('',(0.,0.,-1.));
#4773=DIRECTION('',(-1.,0.,0.));
#4774=DIRECTION('',(0.,0.,-1.));
#4775=DIRECTION('',(0.,0.,-1.));
#4776=DIRECTION('',(-1.,0.,0.));
#4777=DIRECTION('',(0.,0.,-1.));
#4778=DIRECTION('',(0.,0.,-1.));
#4779=DIRECTION('',(-1.,0.,0.));
#4780=DIRECTION('',(0.,0.,-1.));
#4781=DIRECTION('',(-1.,0.,0.));
#4782=DIRECTION('',(0.,0.,-1.));
#4783=DIRECTION('',(0.,0.,-1.));
#4784=DIRECTION('',(-1.,0.,0.));
#4785=DIRECTION('',(0.,0.,-1.));
#4786=DIRECTION('',(0.,0.,-1.));
#4787=DIRECTION('',(-1.,0.,0.));
#4788=DIRECTION('',(0.,0.,-1.));
#4789=DIRECTION('',(-1.,0.,0.));
#4790=DIRECTION('',(0.,0.,-1.));
#4791=DIRECTION('',(0.,0.,-1.));
#4792=DIRECTION('',(-1.,0.,0.));
#4793=DIRECTION('',(0.,0.,-1.));
#4794=DIRECTION('',(0.,0.,-1.));
#4795=DIRECTION('',(-1.,0.,0.));
#4796=DIRECTION('',(0.,0.,-1.));
#4797=DIRECTION('',(-1.,0.,0.));
#4798=DIRECTION('',(0.,0.,-1.));
#4799=DIRECTION('',(0.,0.,-1.));
#4800=DIRECTION('',(-1.,0.,0.));
#4801=DIRECTION('',(0.,0.,-1.));
#4802=DIRECTION('',(0.,0.,-1.));
#4803=DIRECTION('',(-1.,0.,0.));
#4804=DIRECTION('',(0.,0.,-1.));
#4805=DIRECTION('',(-1.,0.,0.));
#4806=DIRECTION('',(0.,0.,-1.));
#4807=DIRECTION('',(0.,0.,-1.));
#4808=DIRECTION('',(-1.,0.,0.));
#4809=DIRECTION('',(0.,0.,-1.));
#4810=DIRECTION('',(0.,0.,-1.));
#4811=DIRECTION('',(-1.,0.,0.));
#4812=DIRECTION('',(0.,0.,-1.));
#4813=DIRECTION('',(-1.,0.,0.));
#4814=DIRECTION('',(0.,0.,-1.));
#4815=DIRECTION('',(-1.,0.,0.));
#4816=DIRECTION('',(0.,0.,-1.));
#4817=DIRECTION('',(0.,0.,-1.));
#4818=DIRECTION('',(-1.,0.,0.));
#4819=DIRECTION('',(0.,0.,-1.));
#4820=DIRECTION('',(0.,0.,-1.));
#4821=DIRECTION('',(-1.,0.,0.));
#4822=DIRECTION('',(0.,0.,-1.));
#4823=DIRECTION('',(-1.,0.,0.));
#4824=DIRECTION('',(0.,0.,-1.));
#4825=DIRECTION('',(-1.,0.,0.));
#4826=DIRECTION('',(0.,0.,1.));
#4827=DIRECTION('',(1.,0.,0.));
#4828=DIRECTION('',(0.,0.,-1.));
#4829=DIRECTION('',(-1.,0.,0.));
#4830=DIRECTION('',(0.,0.,-1.));
#4831=DIRECTION('',(-1.,0.,0.));
#4832=DIRECTION('',(0.,0.,-1.));
#4833=DIRECTION('',(-1.,0.,0.));
#4834=DIRECTION('',(0.,0.,-1.));
#4835=DIRECTION('',(-1.,0.,0.));
#4836=DIRECTION('',(0.,0.,-1.));
#4837=DIRECTION('',(-1.,0.,0.));
#4838=DIRECTION('',(0.,0.,-1.));
#4839=DIRECTION('',(-1.,0.,0.));
#4840=DIRECTION('',(0.,0.,-1.));
#4841=DIRECTION('',(-1.,0.,0.));
#4842=DIRECTION('',(0.,0.,-1.));
#4843=DIRECTION('',(-1.,0.,0.));
#4844=DIRECTION('',(0.,0.,-1.));
#4845=DIRECTION('',(-1.,0.,0.));
#4846=DIRECTION('',(0.,0.,-1.));
#4847=DIRECTION('',(-1.,0.,0.));
#4848=DIRECTION('',(0.,0.,-1.));
#4849=DIRECTION('',(-1.,0.,0.));
#4850=DIRECTION('',(0.,0.,-1.));
#4851=DIRECTION('',(-1.,0.,0.));
#4852=DIRECTION('',(0.,0.,-1.));
#4853=DIRECTION('',(-1.,0.,0.));
#4854=DIRECTION('',(0.,0.,-1.));
#4855=DIRECTION('',(-1.,0.,0.));
#4856=DIRECTION('',(0.,0.,-1.));
#4857=DIRECTION('',(-1.,0.,0.));
#4858=DIRECTION('',(0.,0.,-1.));
#4859=DIRECTION('',(-1.,0.,0.));
#4860=DIRECTION('',(0.,0.,-1.));
#4861=DIRECTION('',(-1.,0.,0.));
#4862=DIRECTION('',(0.,0.,-1.));
#4863=DIRECTION('',(-1.,0.,0.));
#4864=DIRECTION('',(0.,0.,-1.));
#4865=DIRECTION('',(-1.,0.,0.));
#4866=DIRECTION('',(0.,0.,-1.));
#4867=DIRECTION('',(-1.,0.,0.));
#4868=DIRECTION('',(0.,0.,-1.));
#4869=DIRECTION('',(-1.,0.,0.));
#4870=DIRECTION('',(0.,0.,-1.));
#4871=DIRECTION('',(-1.,0.,0.));
#4872=DIRECTION('',(0.,0.,-1.));
#4873=DIRECTION('',(-1.,0.,0.));
#4874=DIRECTION('',(0.,0.,-1.));
#4875=DIRECTION('',(-1.,0.,0.));
#4876=DIRECTION('',(0.,0.,-1.));
#4877=DIRECTION('',(-1.,0.,0.));
#4878=DIRECTION('',(0.,0.,-1.));
#4879=DIRECTION('',(-1.,0.,0.));
#4880=DIRECTION('',(0.,0.,-1.));
#4881=DIRECTION('',(-1.,0.,0.));
#4882=DIRECTION('',(0.,0.,-1.));
#4883=DIRECTION('',(-1.,0.,0.));
#4884=DIRECTION('',(0.,0.,-1.));
#4885=DIRECTION('',(-1.,0.,0.));
#4886=DIRECTION('',(0.,0.,-1.));
#4887=DIRECTION('',(-1.,0.,0.));
#4888=DIRECTION('',(0.,0.,-1.));
#4889=DIRECTION('',(-1.,0.,0.));
#4890=DIRECTION('',(0.,0.,-1.));
#4891=DIRECTION('',(-1.,0.,0.));
#4892=DIRECTION('',(0.,0.,-1.));
#4893=DIRECTION('',(-1.,0.,0.));
#4894=DIRECTION('',(0.,0.,-1.));
#4895=DIRECTION('',(-1.,0.,0.));
#4896=DIRECTION('',(0.,0.,-1.));
#4897=DIRECTION('',(-1.,0.,0.));
#4898=DIRECTION('',(0.,0.,-1.));
#4899=DIRECTION('',(-1.,0.,0.));
#4900=DIRECTION('',(0.,0.,-1.));
#4901=DIRECTION('',(-1.,0.,0.));
#4902=DIRECTION('',(0.,0.,-1.));
#4903=DIRECTION('',(-1.,0.,0.));
#4904=DIRECTION('',(0.,0.,-1.));
#4905=DIRECTION('',(-1.,0.,0.));
#4906=DIRECTION('',(0.,0.,-1.));
#4907=DIRECTION('',(-1.,0.,0.));
#4908=DIRECTION('',(0.,0.,-1.));
#4909=DIRECTION('',(-1.,0.,0.));
#4910=DIRECTION('',(0.,0.,-1.));
#4911=DIRECTION('',(-1.,0.,0.));
#4912=DIRECTION('',(0.,0.,-1.));
#4913=DIRECTION('',(-1.,0.,0.));
#4914=DIRECTION('',(0.,0.,-1.));
#4915=DIRECTION('',(-1.,0.,0.));
#4916=DIRECTION('',(0.,0.,-1.));
#4917=DIRECTION('',(-1.,0.,0.));
#4918=DIRECTION('',(0.,0.,-1.));
#4919=DIRECTION('',(-1.,0.,0.));
#4920=DIRECTION('',(0.,0.,-1.));
#4921=DIRECTION('',(-1.,0.,0.));
#4922=DIRECTION('',(0.,0.,-1.));
#4923=DIRECTION('',(-1.,0.,0.));
#4924=DIRECTION('',(0.,0.,-1.));
#4925=DIRECTION('',(-1.,0.,0.));
#4926=DIRECTION('',(0.,0.,-1.));
#4927=DIRECTION('',(-1.,0.,0.));
#4928=DIRECTION('',(0.,0.,-1.));
#4929=DIRECTION('',(-1.,0.,0.));
#4930=DIRECTION('',(0.,0.,-1.));
#4931=DIRECTION('',(-1.,0.,0.));
#4932=DIRECTION('',(0.,0.,-1.));
#4933=DIRECTION('',(-1.,0.,0.));
#4934=DIRECTION('',(0.,0.,-1.));
#4935=DIRECTION('',(-1.,0.,0.));
#4936=DIRECTION('',(0.,0.,-1.));
#4937=DIRECTION('',(-1.,0.,0.));
#4938=DIRECTION('',(0.,0.,-1.));
#4939=DIRECTION('',(-1.,0.,0.));
#4940=DIRECTION('',(0.,0.,-1.));
#4941=DIRECTION('',(-1.,0.,0.));
#4942=DIRECTION('',(0.,0.,-1.));
#4943=DIRECTION('',(-1.,0.,0.));
#4944=DIRECTION('',(0.,0.,-1.));
#4945=DIRECTION('',(-1.,0.,0.));
#4946=DIRECTION('',(0.,0.,-1.));
#4947=DIRECTION('',(-1.,0.,0.));
#4948=DIRECTION('',(0.,0.,-1.));
#4949=DIRECTION('',(-1.,0.,0.));
#4950=DIRECTION('',(0.,0.,-1.));
#4951=DIRECTION('',(-1.,0.,0.));
#4952=DIRECTION('',(0.,0.,-1.));
#4953=DIRECTION('',(-1.,0.,0.));
#4954=DIRECTION('',(0.,0.,-1.));
#4955=DIRECTION('',(-1.,0.,0.));
#4956=DIRECTION('',(0.,0.,-1.));
#4957=DIRECTION('',(-1.,0.,0.));
#4958=DIRECTION('',(0.,0.,-1.));
#4959=DIRECTION('',(-1.,0.,0.));
#4960=DIRECTION('',(0.,0.,-1.));
#4961=DIRECTION('',(-1.,0.,0.));
#4962=DIRECTION('',(0.,0.,-1.));
#4963=DIRECTION('',(-1.,0.,0.));
#4964=DIRECTION('',(0.,0.,-1.));
#4965=DIRECTION('',(-1.,0.,0.));
#4966=DIRECTION('',(0.,0.,-1.));
#4967=DIRECTION('',(-1.,0.,0.));
#4968=DIRECTION('',(0.,0.,-1.));
#4969=DIRECTION('',(-1.,0.,0.));
#4970=DIRECTION('',(0.,0.,-1.));
#4971=DIRECTION('',(-1.,0.,0.));
#4972=DIRECTION('',(0.,0.,-1.));
#4973=DIRECTION('',(-1.,0.,0.));
#4974=DIRECTION('',(0.,0.,-1.));
#4975=DIRECTION('',(-1.,0.,0.));
#4976=DIRECTION('',(0.,0.,-1.));
#4977=DIRECTION('',(-1.,0.,0.));
#4978=DIRECTION('',(0.,0.,-1.));
#4979=DIRECTION('',(-1.,0.,0.));
#4980=DIRECTION('',(0.,0.,-1.));
#4981=DIRECTION('',(-1.,0.,0.));
#4982=DIRECTION('',(0.,0.,-1.));
#4983=DIRECTION('',(-1.,0.,0.));
#4984=DIRECTION('',(0.,0.,-1.));
#4985=DIRECTION('',(-1.,0.,0.));
#4986=DIRECTION('',(0.,0.,-1.));
#4987=DIRECTION('',(-1.,0.,0.));
#4988=DIRECTION('',(0.,0.,-1.));
#4989=DIRECTION('',(-1.,0.,0.));
#4990=DIRECTION('',(0.,0.,-1.));
#4991=DIRECTION('',(-1.,0.,0.));
#4992=DIRECTION('',(0.,0.,-1.));
#4993=DIRECTION('',(-1.,0.,0.));
#4994=DIRECTION('',(0.,0.,-1.));
#4995=DIRECTION('',(-1.,0.,0.));
#4996=DIRECTION('',(0.,0.,-1.));
#4997=DIRECTION('',(-1.,0.,0.));
#4998=DIRECTION('',(0.,0.,-1.));
#4999=DIRECTION('',(-1.,0.,0.));
#5000=DIRECTION('',(0.,0.,-1.));
#5001=DIRECTION('',(-1.,0.,0.));
#5002=DIRECTION('',(0.,0.,-1.));
#5003=DIRECTION('',(-1.,0.,0.));
#5004=DIRECTION('',(0.,0.,-1.));
#5005=DIRECTION('',(-1.,0.,0.));
#5006=DIRECTION('',(0.,0.,-1.));
#5007=DIRECTION('',(-1.,0.,0.));
#5008=DIRECTION('',(0.,0.,-1.));
#5009=DIRECTION('',(-1.,0.,0.));
#5010=DIRECTION('',(0.,0.,-1.));
#5011=DIRECTION('',(-1.,0.,0.));
#5012=DIRECTION('',(0.,0.,-1.));
#5013=DIRECTION('',(-1.,0.,0.));
#5014=DIRECTION('',(0.,0.,-1.));
#5015=DIRECTION('',(-1.,0.,0.));
#5016=DIRECTION('',(0.,0.,-1.));
#5017=DIRECTION('',(-1.,0.,0.));
#5018=DIRECTION('',(0.,0.,-1.));
#5019=DIRECTION('',(-1.,0.,0.));
#5020=DIRECTION('',(0.,0.,-1.));
#5021=DIRECTION('',(-1.,0.,0.));
#5022=DIRECTION('',(0.,0.,-1.));
#5023=DIRECTION('',(-1.,0.,0.));
#5024=DIRECTION('',(0.,0.,-1.));
#5025=DIRECTION('',(-1.,0.,0.));
#5026=DIRECTION('',(0.,0.,-1.));
#5027=DIRECTION('',(-1.,0.,0.));
#5028=DIRECTION('',(0.,0.,-1.));
#5029=DIRECTION('',(-1.,0.,0.));
#5030=DIRECTION('',(0.,0.,-1.));
#5031=DIRECTION('',(-1.,0.,0.));
#5032=DIRECTION('',(0.,0.,-1.));
#5033=DIRECTION('',(-1.,0.,0.));
#5034=DIRECTION('',(0.,0.,-1.));
#5035=DIRECTION('',(-1.,0.,0.));
#5036=DIRECTION('',(0.,0.,-1.));
#5037=DIRECTION('',(-1.,0.,0.));
#5038=DIRECTION('',(0.,0.,-1.));
#5039=DIRECTION('',(-1.,0.,0.));
#5040=DIRECTION('',(0.,0.,-1.));
#5041=DIRECTION('',(-1.,0.,0.));
#5042=DIRECTION('',(0.,0.,-1.));
#5043=DIRECTION('',(-1.,0.,0.));
#5044=DIRECTION('',(0.,0.,-1.));
#5045=DIRECTION('',(-1.,0.,0.));
#5046=DIRECTION('',(0.,0.,-1.));
#5047=DIRECTION('',(-1.,0.,0.));
#5048=DIRECTION('',(0.,0.,-1.));
#5049=DIRECTION('',(-1.,0.,0.));
#5050=DIRECTION('',(0.,0.,-1.));
#5051=DIRECTION('',(-1.,0.,0.));
#5052=DIRECTION('',(0.,0.,-1.));
#5053=DIRECTION('',(-1.,0.,0.));
#5054=DIRECTION('',(0.,0.,-1.));
#5055=DIRECTION('',(-1.,0.,0.));
#5056=DIRECTION('',(0.,0.,-1.));
#5057=DIRECTION('',(-1.,0.,0.));
#5058=DIRECTION('',(0.,0.,-1.));
#5059=DIRECTION('',(-1.,0.,0.));
#5060=DIRECTION('',(0.,0.,-1.));
#5061=DIRECTION('',(-1.,0.,0.));
#5062=DIRECTION('',(0.,0.,-1.));
#5063=DIRECTION('',(-1.,0.,0.));
#5064=DIRECTION('',(0.,0.,-1.));
#5065=DIRECTION('',(-1.,0.,0.));
#5066=DIRECTION('',(0.,0.,-1.));
#5067=DIRECTION('',(-1.,0.,0.));
#5068=DIRECTION('',(0.,0.,-1.));
#5069=DIRECTION('',(-1.,0.,0.));
#5070=DIRECTION('',(0.,0.,-1.));
#5071=DIRECTION('',(-1.,0.,0.));
#5072=DIRECTION('',(0.,0.,-1.));
#5073=DIRECTION('',(-1.,0.,0.));
#5074=DIRECTION('',(0.,0.,-1.));
#5075=DIRECTION('',(-1.,0.,0.));
#5076=DIRECTION('',(0.,0.,-1.));
#5077=DIRECTION('',(-1.,0.,0.));
#5078=DIRECTION('',(0.,0.,-1.));
#5079=DIRECTION('',(-1.,0.,0.));
#5080=DIRECTION('',(0.,0.,-1.));
#5081=DIRECTION('',(-1.,0.,0.));
#5082=DIRECTION('',(0.,0.,-1.));
#5083=DIRECTION('',(-1.,0.,0.));
#5084=DIRECTION('',(0.,0.,-1.));
#5085=DIRECTION('',(-1.,0.,0.));
#5086=DIRECTION('',(0.,0.,-1.));
#5087=DIRECTION('',(-1.,0.,0.));
#5088=DIRECTION('',(0.,0.,-1.));
#5089=DIRECTION('',(-1.,0.,0.));
#5090=DIRECTION('',(0.,0.,-1.));
#5091=DIRECTION('',(-1.,0.,0.));
#5092=DIRECTION('',(0.,0.,-1.));
#5093=DIRECTION('',(-1.,0.,0.));
#5094=DIRECTION('',(0.,0.,-1.));
#5095=DIRECTION('',(-1.,0.,0.));
#5096=DIRECTION('',(0.,0.,-1.));
#5097=DIRECTION('',(-1.,0.,0.));
#5098=DIRECTION('',(0.,0.,-1.));
#5099=DIRECTION('',(-1.,0.,0.));
#5100=DIRECTION('',(0.,0.,-1.));
#5101=DIRECTION('',(-1.,0.,0.));
#5102=DIRECTION('',(0.,0.,-1.));
#5103=DIRECTION('',(-1.,0.,0.));
#5104=DIRECTION('',(0.,0.,-1.));
#5105=DIRECTION('',(-1.,0.,0.));
#5106=DIRECTION('',(0.,0.,-1.));
#5107=DIRECTION('',(-1.,0.,0.));
#5108=DIRECTION('',(0.,0.,-1.));
#5109=DIRECTION('',(-1.,0.,0.));
#5110=DIRECTION('',(0.,0.,-1.));
#5111=DIRECTION('',(-1.,0.,0.));
#5112=DIRECTION('',(0.,0.,-1.));
#5113=DIRECTION('',(-1.,0.,0.));
#5114=DIRECTION('',(0.,0.,-1.));
#5115=DIRECTION('',(-1.,0.,0.));
#5116=DIRECTION('',(0.,0.,-1.));
#5117=DIRECTION('',(-1.,0.,0.));
#5118=DIRECTION('',(0.,0.,-1.));
#5119=DIRECTION('',(-1.,0.,0.));
#5120=DIRECTION('',(0.,0.,-1.));
#5121=DIRECTION('',(-1.,0.,0.));
#5122=DIRECTION('',(0.,0.,-1.));
#5123=DIRECTION('',(-1.,0.,0.));
#5124=DIRECTION('',(0.,0.,-1.));
#5125=DIRECTION('',(-1.,0.,0.));
#5126=DIRECTION('',(0.,0.,-1.));
#5127=DIRECTION('',(-1.,0.,0.));
#5128=DIRECTION('',(0.,0.,-1.));
#5129=DIRECTION('',(-1.,0.,0.));
#5130=DIRECTION('',(0.,0.,-1.));
#5131=DIRECTION('',(-1.,0.,0.));
#5132=DIRECTION('',(0.,0.,-1.));
#5133=DIRECTION('',(-1.,0.,0.));
#5134=DIRECTION('',(0.,0.,-1.));
#5135=DIRECTION('',(-1.,0.,0.));
#5136=DIRECTION('',(0.,0.,-1.));
#5137=DIRECTION('',(-1.,0.,0.));
#5138=DIRECTION('',(0.,0.,-1.));
#5139=DIRECTION('',(-1.,0.,0.));
#5140=DIRECTION('',(0.,0.,-1.));
#5141=DIRECTION('',(-1.,0.,0.));
#5142=DIRECTION('',(0.,0.,-1.));
#5143=DIRECTION('',(-1.,0.,0.));
#5144=DIRECTION('',(0.,0.,-1.));
#5145=DIRECTION('',(-1.,0.,0.));
#5146=DIRECTION('',(0.,0.,-1.));
#5147=DIRECTION('',(-1.,0.,0.));
#5148=DIRECTION('',(0.,0.,-1.));
#5149=DIRECTION('',(-1.,0.,0.));
#5150=DIRECTION('',(0.,0.,-1.));
#5151=DIRECTION('',(-1.,0.,0.));
#5152=DIRECTION('',(0.,0.,-1.));
#5153=DIRECTION('',(-1.,0.,0.));
#5154=DIRECTION('',(0.,0.,-1.));
#5155=DIRECTION('',(-1.,0.,0.));
#5156=DIRECTION('',(0.,0.,-1.));
#5157=DIRECTION('',(-1.,0.,0.));
#5158=DIRECTION('',(0.,0.,-1.));
#5159=DIRECTION('',(-1.,0.,0.));
#5160=DIRECTION('',(0.,0.,-1.));
#5161=DIRECTION('',(-1.,0.,0.));
#5162=DIRECTION('',(0.,0.,-1.));
#5163=DIRECTION('',(-1.,0.,0.));
#5164=DIRECTION('',(0.,0.,-1.));
#5165=DIRECTION('',(-1.,0.,0.));
#5166=DIRECTION('',(0.,0.,-1.));
#5167=DIRECTION('',(-1.,0.,0.));
#5168=DIRECTION('',(0.,0.,1.));
#5169=DIRECTION('',(1.,0.,0.));
#5170=DIRECTION('',(0.,0.,-1.));
#5171=DIRECTION('',(-1.,0.,0.));
#5172=DIRECTION('',(0.,0.,-1.));
#5173=DIRECTION('',(-1.,0.,0.));
#5174=DIRECTION('',(0.,0.,-1.));
#5175=DIRECTION('',(-1.,0.,0.));
#5176=DIRECTION('',(0.,0.,-1.));
#5177=DIRECTION('',(-1.,0.,0.));
#5178=DIRECTION('',(0.,0.,-1.));
#5179=DIRECTION('',(-1.,0.,0.));
#5180=DIRECTION('',(0.,0.,-1.));
#5181=DIRECTION('',(-1.,0.,0.));
#5182=DIRECTION('',(0.,0.,-1.));
#5183=DIRECTION('',(-1.,0.,0.));
#5184=DIRECTION('',(0.,0.,-1.));
#5185=DIRECTION('',(-1.,0.,0.));
#5186=DIRECTION('',(0.,0.,-1.));
#5187=DIRECTION('',(-1.,0.,0.));
#5188=DIRECTION('',(0.,0.,-1.));
#5189=DIRECTION('',(-1.,0.,0.));
#5190=DIRECTION('',(0.,0.,-1.));
#5191=DIRECTION('',(-1.,0.,0.));
#5192=DIRECTION('',(0.,0.,-1.));
#5193=DIRECTION('',(-1.,0.,0.));
#5194=DIRECTION('',(0.,0.,-1.));
#5195=DIRECTION('',(-1.,0.,0.));
#5196=DIRECTION('',(0.,0.,-1.));
#5197=DIRECTION('',(-1.,0.,0.));
#5198=DIRECTION('',(0.,0.,-1.));
#5199=DIRECTION('',(-1.,0.,0.));
#5200=DIRECTION('',(0.,0.,-1.));
#5201=DIRECTION('',(-1.,0.,0.));
#5202=DIRECTION('',(0.,0.,-1.));
#5203=DIRECTION('',(-1.,0.,0.));
#5204=DIRECTION('',(0.,0.,-1.));
#5205=DIRECTION('',(-1.,0.,0.));
#5206=DIRECTION('',(0.,0.,-1.));
#5207=DIRECTION('',(-1.,0.,0.));
#5208=DIRECTION('',(0.,0.,-1.));
#5209=DIRECTION('',(-1.,0.,0.));
#5210=DIRECTION('',(0.,0.,-1.));
#5211=DIRECTION('',(-1.,0.,0.));
#5212=DIRECTION('',(0.,0.,-1.));
#5213=DIRECTION('',(-1.,0.,0.));
#5214=DIRECTION('',(0.,0.,-1.));
#5215=DIRECTION('',(-1.,0.,0.));
#5216=DIRECTION('',(0.,0.,-1.));
#5217=DIRECTION('',(-1.,0.,0.));
#5218=DIRECTION('',(0.,0.,-1.));
#5219=DIRECTION('',(-1.,0.,0.));
#5220=DIRECTION('',(0.,0.,-1.));
#5221=DIRECTION('',(-1.,0.,0.));
#5222=DIRECTION('',(0.,0.,-1.));
#5223=DIRECTION('',(-1.,0.,0.));
#5224=DIRECTION('',(0.,0.,-1.));
#5225=DIRECTION('',(-1.,0.,0.));
#5226=DIRECTION('',(0.,0.,-1.));
#5227=DIRECTION('',(-1.,0.,0.));
#5228=DIRECTION('',(0.,0.,-1.));
#5229=DIRECTION('',(-1.,0.,0.));
#5230=DIRECTION('',(0.,0.,-1.));
#5231=DIRECTION('',(-1.,0.,0.));
#5232=DIRECTION('',(0.,0.,-1.));
#5233=DIRECTION('',(-1.,0.,0.));
#5234=DIRECTION('',(0.,0.,-1.));
#5235=DIRECTION('',(-1.,0.,0.));
#5236=DIRECTION('',(0.,0.,-1.));
#5237=DIRECTION('',(-1.,0.,0.));
#5238=DIRECTION('',(0.,0.,-1.));
#5239=DIRECTION('',(-1.,0.,0.));
#5240=DIRECTION('',(0.,0.,-1.));
#5241=DIRECTION('',(-1.,0.,0.));
#5242=DIRECTION('',(0.,0.,-1.));
#5243=DIRECTION('',(-1.,0.,0.));
#5244=DIRECTION('',(0.,0.,-1.));
#5245=DIRECTION('',(-1.,0.,0.));
#5246=DIRECTION('',(0.,0.,-1.));
#5247=DIRECTION('',(-1.,0.,0.));
#5248=DIRECTION('',(0.,0.,-1.));
#5249=DIRECTION('',(-1.,0.,0.));
#5250=DIRECTION('',(0.,0.,-1.));
#5251=DIRECTION('',(-1.,0.,0.));
#5252=DIRECTION('',(0.,0.,-1.));
#5253=DIRECTION('',(-1.,0.,0.));
#5254=DIRECTION('',(0.,0.,-1.));
#5255=DIRECTION('',(-1.,0.,0.));
#5256=DIRECTION('',(0.,0.,-1.));
#5257=DIRECTION('',(-1.,0.,0.));
#5258=DIRECTION('',(0.,0.,-1.));
#5259=DIRECTION('',(-1.,0.,0.));
#5260=DIRECTION('',(0.,0.,-1.));
#5261=DIRECTION('',(-1.,0.,0.));
#5262=DIRECTION('',(0.,0.,-1.));
#5263=DIRECTION('',(-1.,0.,0.));
#5264=DIRECTION('',(0.,0.,-1.));
#5265=DIRECTION('',(-1.,0.,0.));
#5266=DIRECTION('',(0.,0.,-1.));
#5267=DIRECTION('',(-1.,0.,0.));
#5268=DIRECTION('',(0.,0.,-1.));
#5269=DIRECTION('',(-1.,0.,0.));
#5270=DIRECTION('',(0.,0.,-1.));
#5271=DIRECTION('',(-1.,0.,0.));
#5272=DIRECTION('',(0.,0.,-1.));
#5273=DIRECTION('',(-1.,0.,0.));
#5274=DIRECTION('',(0.,0.,-1.));
#5275=DIRECTION('',(-1.,0.,0.));
#5276=DIRECTION('',(0.,0.,-1.));
#5277=DIRECTION('',(-1.,0.,0.));
#5278=DIRECTION('',(0.,0.,-1.));
#5279=DIRECTION('',(-1.,0.,0.));
#5280=DIRECTION('',(0.,0.,-1.));
#5281=DIRECTION('',(-1.,0.,0.));
#5282=DIRECTION('',(0.,0.,-1.));
#5283=DIRECTION('',(-1.,0.,0.));
#5284=DIRECTION('',(0.,0.,-1.));
#5285=DIRECTION('',(-1.,0.,0.));
#5286=DIRECTION('',(0.,0.,-1.));
#5287=DIRECTION('',(-1.,0.,0.));
#5288=DIRECTION('',(0.,0.,-1.));
#5289=DIRECTION('',(-1.,0.,0.));
#5290=DIRECTION('',(0.,0.,-1.));
#5291=DIRECTION('',(-1.,0.,0.));
#5292=DIRECTION('',(0.,0.,-1.));
#5293=DIRECTION('',(-1.,0.,0.));
#5294=DIRECTION('',(0.,0.,-1.));
#5295=DIRECTION('',(-1.,0.,0.));
#5296=DIRECTION('',(0.,0.,-1.));
#5297=DIRECTION('',(-1.,0.,0.));
#5298=DIRECTION('',(0.,0.,-1.));
#5299=DIRECTION('',(-1.,0.,0.));
#5300=DIRECTION('',(0.,0.,-1.));
#5301=DIRECTION('',(-1.,0.,0.));
#5302=DIRECTION('',(0.,0.,-1.));
#5303=DIRECTION('',(-1.,0.,0.));
#5304=DIRECTION('',(0.,0.,-1.));
#5305=DIRECTION('',(-1.,0.,0.));
#5306=DIRECTION('',(0.,0.,-1.));
#5307=DIRECTION('',(-1.,0.,0.));
#5308=DIRECTION('',(0.,0.,-1.));
#5309=DIRECTION('',(-1.,0.,0.));
#5310=DIRECTION('',(0.,0.,-1.));
#5311=DIRECTION('',(-1.,0.,0.));
#5312=DIRECTION('',(0.,0.,-1.));
#5313=DIRECTION('',(-1.,0.,0.));
#5314=DIRECTION('',(0.,0.,-1.));
#5315=DIRECTION('',(-1.,0.,0.));
#5316=DIRECTION('',(0.,0.,-1.));
#5317=DIRECTION('',(-1.,0.,0.));
#5318=DIRECTION('',(0.,0.,-1.));
#5319=DIRECTION('',(-1.,0.,0.));
#5320=DIRECTION('',(0.,0.,-1.));
#5321=DIRECTION('',(-1.,0.,0.));
#5322=DIRECTION('',(0.,0.,-1.));
#5323=DIRECTION('',(-1.,0.,0.));
#5324=DIRECTION('',(0.,0.,-1.));
#5325=DIRECTION('',(-1.,0.,0.));
#5326=DIRECTION('',(0.,0.,-1.));
#5327=DIRECTION('',(-1.,0.,0.));
#5328=DIRECTION('',(0.,0.,-1.));
#5329=DIRECTION('',(-1.,0.,0.));
#5330=DIRECTION('',(0.,0.,-1.));
#5331=DIRECTION('',(-1.,0.,0.));
#5332=DIRECTION('',(0.,0.,-1.));
#5333=DIRECTION('',(-1.,0.,0.));
#5334=DIRECTION('',(0.,0.,-1.));
#5335=DIRECTION('',(-1.,0.,0.));
#5336=DIRECTION('',(0.,0.,-1.));
#5337=DIRECTION('',(-1.,0.,0.));
#5338=DIRECTION('',(0.,0.,-1.));
#5339=DIRECTION('',(-1.,0.,0.));
#5340=DIRECTION('',(0.,0.,-1.));
#5341=DIRECTION('',(-1.,0.,0.));
#5342=DIRECTION('',(0.,0.,-1.));
#5343=DIRECTION('',(-1.,0.,0.));
#5344=DIRECTION('',(0.,0.,-1.));
#5345=DIRECTION('',(-1.,0.,0.));
#5346=DIRECTION('',(0.,0.,-1.));
#5347=DIRECTION('',(-1.,0.,0.));
#5348=DIRECTION('',(0.,0.,-1.));
#5349=DIRECTION('',(-1.,0.,0.));
#5350=DIRECTION('',(0.,0.,-1.));
#5351=DIRECTION('',(-1.,0.,0.));
#5352=DIRECTION('',(0.,0.,-1.));
#5353=DIRECTION('',(-1.,0.,0.));
#5354=DIRECTION('',(0.,0.,-1.));
#5355=DIRECTION('',(-1.,0.,0.));
#5356=DIRECTION('',(0.,0.,-1.));
#5357=DIRECTION('',(-1.,0.,0.));
#5358=DIRECTION('',(0.,0.,-1.));
#5359=DIRECTION('',(-1.,0.,0.));
#5360=DIRECTION('',(0.,0.,-1.));
#5361=DIRECTION('',(-1.,0.,0.));
#5362=DIRECTION('',(0.,0.,-1.));
#5363=DIRECTION('',(-1.,0.,0.));
#5364=DIRECTION('',(0.,0.,-1.));
#5365=DIRECTION('',(-1.,0.,0.));
#5366=DIRECTION('',(0.,0.,-1.));
#5367=DIRECTION('',(-1.,0.,0.));
#5368=DIRECTION('',(0.,0.,-1.));
#5369=DIRECTION('',(-1.,0.,0.));
#5370=DIRECTION('',(0.,0.,-1.));
#5371=DIRECTION('',(-1.,0.,0.));
#5372=DIRECTION('',(0.,0.,-1.));
#5373=DIRECTION('',(-1.,0.,0.));
#5374=DIRECTION('',(0.,0.,-1.));
#5375=DIRECTION('',(-1.,0.,0.));
#5376=DIRECTION('',(0.,0.,-1.));
#5377=DIRECTION('',(-1.,0.,0.));
#5378=DIRECTION('',(0.,0.,-1.));
#5379=DIRECTION('',(-1.,0.,0.));
#5380=DIRECTION('',(0.,0.,-1.));
#5381=DIRECTION('',(-1.,0.,0.));
#5382=DIRECTION('',(0.,0.,-1.));
#5383=DIRECTION('',(-1.,0.,0.));
#5384=DIRECTION('',(0.,0.,-1.));
#5385=DIRECTION('',(-1.,0.,0.));
#5386=DIRECTION('',(0.,0.,-1.));
#5387=DIRECTION('',(-1.,0.,0.));
#5388=DIRECTION('',(0.,0.,-1.));
#5389=DIRECTION('',(-1.,0.,0.));
#5390=DIRECTION('',(0.,0.,-1.));
#5391=DIRECTION('',(-1.,0.,0.));
#5392=DIRECTION('',(0.,0.,-1.));
#5393=DIRECTION('',(-1.,0.,0.));
#5394=DIRECTION('',(0.,0.,-1.));
#5395=DIRECTION('',(-1.,0.,0.));
#5396=DIRECTION('',(0.,0.,-1.));
#5397=DIRECTION('',(-1.,0.,0.));
#5398=DIRECTION('',(0.,0.,-1.));
#5399=DIRECTION('',(-1.,0.,0.));
#5400=DIRECTION('',(0.,0.,-1.));
#5401=DIRECTION('',(-1.,0.,0.));
#5402=DIRECTION('',(0.,0.,-1.));
#5403=DIRECTION('',(-1.,0.,0.));
#5404=DIRECTION('',(0.,0.,-1.));
#5405=DIRECTION('',(-1.,0.,0.));
#5406=DIRECTION('',(0.,0.,-1.));
#5407=DIRECTION('',(-1.,0.,0.));
#5408=DIRECTION('',(0.,0.,-1.));
#5409=DIRECTION('',(-1.,0.,0.));
#5410=DIRECTION('',(0.,0.,-1.));
#5411=DIRECTION('',(-1.,0.,0.));
#5412=DIRECTION('',(0.,0.,-1.));
#5413=DIRECTION('',(-1.,0.,0.));
#5414=DIRECTION('',(0.,0.,-1.));
#5415=DIRECTION('',(-1.,0.,0.));
#5416=DIRECTION('',(0.,0.,-1.));
#5417=DIRECTION('',(-1.,0.,0.));
#5418=DIRECTION('',(0.,0.,-1.));
#5419=DIRECTION('',(-1.,0.,0.));
#5420=DIRECTION('',(0.,0.,-1.));
#5421=DIRECTION('',(-1.,0.,0.));
#5422=DIRECTION('',(0.,0.,-1.));
#5423=DIRECTION('',(-1.,0.,0.));
#5424=DIRECTION('',(0.,0.,-1.));
#5425=DIRECTION('',(-1.,0.,0.));
#5426=DIRECTION('',(0.,0.,-1.));
#5427=DIRECTION('',(-1.,0.,0.));
#5428=DIRECTION('',(0.,0.,-1.));
#5429=DIRECTION('',(-1.,0.,0.));
#5430=DIRECTION('',(0.,0.,-1.));
#5431=DIRECTION('',(-1.,0.,0.));
#5432=DIRECTION('',(0.,0.,-1.));
#5433=DIRECTION('',(-1.,0.,0.));
#5434=DIRECTION('',(0.,0.,-1.));
#5435=DIRECTION('',(-1.,0.,0.));
#5436=DIRECTION('',(0.,0.,-1.));
#5437=DIRECTION('',(-1.,0.,0.));
#5438=DIRECTION('',(0.,0.,-1.));
#5439=DIRECTION('',(-1.,0.,0.));
#5440=DIRECTION('',(0.,0.,-1.));
#5441=DIRECTION('',(-1.,0.,0.));
#5442=DIRECTION('',(0.,0.,-1.));
#5443=DIRECTION('',(-1.,0.,0.));
#5444=DIRECTION('',(0.,0.,-1.));
#5445=DIRECTION('',(-1.,0.,0.));
#5446=DIRECTION('',(0.,0.,-1.));
#5447=DIRECTION('',(-1.,0.,0.));
#5448=DIRECTION('',(0.,0.,-1.));
#5449=DIRECTION('',(-1.,0.,0.));
#5450=DIRECTION('',(0.,0.,-1.));
#5451=DIRECTION('',(-1.,0.,0.));
#5452=DIRECTION('',(0.,0.,-1.));
#5453=DIRECTION('',(-1.,0.,0.));
#5454=DIRECTION('',(0.,0.,-1.));
#5455=DIRECTION('',(-1.,0.,0.));
#5456=DIRECTION('',(0.,0.,-1.));
#5457=DIRECTION('',(-1.,0.,0.));
#5458=DIRECTION('',(0.,0.,-1.));
#5459=DIRECTION('',(-1.,0.,0.));
#5460=DIRECTION('',(0.,0.,-1.));
#5461=DIRECTION('',(-1.,0.,0.));
#5462=DIRECTION('',(0.,0.,-1.));
#5463=DIRECTION('',(-1.,0.,0.));
#5464=DIRECTION('',(0.,0.,-1.));
#5465=DIRECTION('',(-1.,0.,0.));
#5466=DIRECTION('',(0.,0.,-1.));
#5467=DIRECTION('',(-1.,0.,0.));
#5468=DIRECTION('',(0.,0.,-1.));
#5469=DIRECTION('',(-1.,0.,0.));
#5470=DIRECTION('',(0.,0.,-1.));
#5471=DIRECTION('',(-1.,0.,0.));
#5472=DIRECTION('',(0.,0.,-1.));
#5473=DIRECTION('',(-1.,0.,0.));
#5474=DIRECTION('',(0.,0.,-1.));
#5475=DIRECTION('',(-1.,0.,0.));
#5476=DIRECTION('',(0.,0.,-1.));
#5477=DIRECTION('',(-1.,0.,0.));
#5478=DIRECTION('',(0.,0.,-1.));
#5479=DIRECTION('',(-1.,0.,0.));
#5480=DIRECTION('',(0.,0.,-1.));
#5481=DIRECTION('',(-1.,0.,0.));
#5482=DIRECTION('',(0.,0.,-1.));
#5483=DIRECTION('',(-1.,0.,0.));
#5484=DIRECTION('',(0.,0.,-1.));
#5485=DIRECTION('',(-1.,0.,0.));
#5486=DIRECTION('',(0.,0.,-1.));
#5487=DIRECTION('',(-1.,0.,0.));
#5488=DIRECTION('',(0.,0.,-1.));
#5489=DIRECTION('',(-1.,0.,0.));
#5490=DIRECTION('',(0.,0.,-1.));
#5491=DIRECTION('',(-1.,0.,0.));
#5492=DIRECTION('',(0.,0.,-1.));
#5493=DIRECTION('',(-1.,0.,0.));
#5494=DIRECTION('',(0.,0.,-1.));
#5495=DIRECTION('',(-1.,0.,0.));
#5496=DIRECTION('',(0.,0.,-1.));
#5497=DIRECTION('',(-1.,0.,0.));
#5498=DIRECTION('',(0.,0.,-1.));
#5499=DIRECTION('',(-1.,0.,0.));
#5500=DIRECTION('',(0.,0.,-1.));
#5501=DIRECTION('',(-1.,0.,0.));
#5502=DIRECTION('',(0.,0.,-1.));
#5503=DIRECTION('',(-1.,0.,0.));
#5504=DIRECTION('',(0.,0.,-1.));
#5505=DIRECTION('',(-1.,0.,0.));
#5506=DIRECTION('',(0.,0.,-1.));
#5507=DIRECTION('',(-1.,0.,0.));
#5508=DIRECTION('',(0.,0.,-1.));
#5509=DIRECTION('',(-1.,0.,0.));
#5510=DIRECTION('',(0.,0.,-1.));
#5511=DIRECTION('',(-0.982973099683902,0.18374951781657,0.));
#5512=DIRECTION('',(0.,0.,-1.));
#5513=DIRECTION('',(0.,0.,-1.));
#5514=DIRECTION('',(0.,0.,-1.));
#5515=DIRECTION('',(-0.982973099683902,0.18374951781657,0.));
#5516=DIRECTION('',(0.,0.,-1.));
#5517=DIRECTION('',(-0.982973099683902,0.18374951781657,0.));
#5518=DIRECTION('',(0.,0.,-1.));
#5519=DIRECTION('',(0.,0.,-1.));
#5520=DIRECTION('',(-0.982973099683902,0.18374951781657,0.));
#5521=DIRECTION('',(0.,0.,-1.));
#5522=DIRECTION('',(0.,0.,-1.));
#5523=DIRECTION('',(-0.982973099683902,0.18374951781657,0.));
#5524=DIRECTION('',(0.,0.,-1.));
#5525=DIRECTION('',(-0.932472229404356,0.361241666187153,0.));
#5526=DIRECTION('',(0.,0.,-1.));
#5527=DIRECTION('',(0.,0.,-1.));
#5528=DIRECTION('',(0.,0.,-1.));
#5529=DIRECTION('',(-0.932472229404356,0.361241666187153,0.));
#5530=DIRECTION('',(0.,0.,-1.));
#5531=DIRECTION('',(-0.932472229404356,0.361241666187153,0.));
#5532=DIRECTION('',(0.,0.,-1.));
#5533=DIRECTION('',(0.,0.,-1.));
#5534=DIRECTION('',(-0.932472229404356,0.361241666187153,0.));
#5535=DIRECTION('',(0.,0.,-1.));
#5536=DIRECTION('',(0.,0.,-1.));
#5537=DIRECTION('',(-0.932472229404356,0.361241666187153,0.));
#5538=DIRECTION('',(0.,0.,-1.));
#5539=DIRECTION('',(-0.850217135729614,0.526432162877355,0.));
#5540=DIRECTION('',(0.,0.,-1.));
#5541=DIRECTION('',(0.,0.,-1.));
#5542=DIRECTION('',(0.,0.,-1.));
#5543=DIRECTION('',(-0.850217135729614,0.526432162877355,0.));
#5544=DIRECTION('',(0.,0.,-1.));
#5545=DIRECTION('',(-0.850217135729614,0.526432162877355,0.));
#5546=DIRECTION('',(0.,0.,-1.));
#5547=DIRECTION('',(0.,0.,-1.));
#5548=DIRECTION('',(-0.850217135729614,0.526432162877355,0.));
#5549=DIRECTION('',(0.,0.,-1.));
#5550=DIRECTION('',(0.,0.,-1.));
#5551=DIRECTION('',(-0.850217135729614,0.526432162877355,0.));
#5552=DIRECTION('',(0.,0.,-1.));
#5553=DIRECTION('',(-0.739008917220659,0.673695643646557,0.));
#5554=DIRECTION('',(0.,0.,-1.));
#5555=DIRECTION('',(0.,0.,-1.));
#5556=DIRECTION('',(0.,0.,-1.));
#5557=DIRECTION('',(-0.739008917220659,0.673695643646557,0.));
#5558=DIRECTION('',(0.,0.,-1.));
#5559=DIRECTION('',(-0.739008917220659,0.673695643646557,0.));
#5560=DIRECTION('',(0.,0.,-1.));
#5561=DIRECTION('',(0.,0.,-1.));
#5562=DIRECTION('',(-0.739008917220659,0.673695643646557,0.));
#5563=DIRECTION('',(0.,0.,-1.));
#5564=DIRECTION('',(0.,0.,-1.));
#5565=DIRECTION('',(-0.739008917220659,0.673695643646557,0.));
#5566=DIRECTION('',(0.,0.,-1.));
#5567=DIRECTION('',(-0.602634636379257,0.798017227280239,0.));
#5568=DIRECTION('',(0.,0.,-1.));
#5569=DIRECTION('',(0.,0.,-1.));
#5570=DIRECTION('',(0.,0.,-1.));
#5571=DIRECTION('',(-0.602634636379257,0.798017227280239,0.));
#5572=DIRECTION('',(0.,0.,-1.));
#5573=DIRECTION('',(-0.602634636379257,0.798017227280239,0.));
#5574=DIRECTION('',(0.,0.,-1.));
#5575=DIRECTION('',(0.,0.,-1.));
#5576=DIRECTION('',(-0.602634636379257,0.798017227280239,0.));
#5577=DIRECTION('',(0.,0.,-1.));
#5578=DIRECTION('',(0.,0.,-1.));
#5579=DIRECTION('',(-0.602634636379257,0.798017227280239,0.));
#5580=DIRECTION('',(0.,0.,-1.));
#5581=DIRECTION('',(-0.445738355776538,0.895163291355063,0.));
#5582=DIRECTION('',(0.,0.,-1.));
#5583=DIRECTION('',(0.,0.,-1.));
#5584=DIRECTION('',(0.,0.,-1.));
#5585=DIRECTION('',(-0.445738355776538,0.895163291355063,0.));
#5586=DIRECTION('',(0.,0.,-1.));
#5587=DIRECTION('',(-0.445738355776538,0.895163291355063,0.));
#5588=DIRECTION('',(0.,0.,-1.));
#5589=DIRECTION('',(0.,0.,-1.));
#5590=DIRECTION('',(-0.445738355776538,0.895163291355063,0.));
#5591=DIRECTION('',(0.,0.,-1.));
#5592=DIRECTION('',(0.,0.,-1.));
#5593=DIRECTION('',(-0.445738355776538,0.895163291355063,0.));
#5594=DIRECTION('',(0.,0.,-1.));
#5595=DIRECTION('',(-0.273662990072083,0.961825643172819,0.));
#5596=DIRECTION('',(0.,0.,-1.));
#5597=DIRECTION('',(0.,0.,-1.));
#5598=DIRECTION('',(0.,0.,-1.));
#5599=DIRECTION('',(-0.273662990072083,0.961825643172819,0.));
#5600=DIRECTION('',(0.,0.,-1.));
#5601=DIRECTION('',(-0.273662990072083,0.961825643172819,0.));
#5602=DIRECTION('',(0.,0.,-1.));
#5603=DIRECTION('',(0.,0.,-1.));
#5604=DIRECTION('',(-0.273662990072083,0.961825643172819,0.));
#5605=DIRECTION('',(0.,0.,-1.));
#5606=DIRECTION('',(0.,0.,-1.));
#5607=DIRECTION('',(-0.273662990072083,0.961825643172819,0.));
#5608=DIRECTION('',(0.,0.,-1.));
#5609=DIRECTION('',(-0.0922683594633021,0.995734176295035,0.));
#5610=DIRECTION('',(0.,0.,-1.));
#5611=DIRECTION('',(0.,0.,-1.));
#5612=DIRECTION('',(0.,0.,-1.));
#5613=DIRECTION('',(-0.0922683594633021,0.995734176295035,0.));
#5614=DIRECTION('',(0.,0.,-1.));
#5615=DIRECTION('',(-0.0922683594633021,0.995734176295035,0.));
#5616=DIRECTION('',(0.,0.,-1.));
#5617=DIRECTION('',(0.,0.,-1.));
#5618=DIRECTION('',(-0.0922683594633021,0.995734176295035,0.));
#5619=DIRECTION('',(0.,0.,-1.));
#5620=DIRECTION('',(0.,0.,-1.));
#5621=DIRECTION('',(-0.0922683594633021,0.995734176295035,0.));
#5622=DIRECTION('',(0.,0.,-1.));
#5623=DIRECTION('',(0.0922683594633016,0.995734176295035,0.));
#5624=DIRECTION('',(0.,0.,-1.));
#5625=DIRECTION('',(0.,0.,-1.));
#5626=DIRECTION('',(0.,0.,-1.));
#5627=DIRECTION('',(0.0922683594633016,0.995734176295035,0.));
#5628=DIRECTION('',(0.,0.,-1.));
#5629=DIRECTION('',(0.0922683594633016,0.995734176295035,0.));
#5630=DIRECTION('',(0.,0.,-1.));
#5631=DIRECTION('',(0.,0.,-1.));
#5632=DIRECTION('',(0.0922683594633016,0.995734176295035,0.));
#5633=DIRECTION('',(0.,0.,-1.));
#5634=DIRECTION('',(0.,0.,-1.));
#5635=DIRECTION('',(0.0922683594633016,0.995734176295035,0.));
#5636=DIRECTION('',(0.,0.,-1.));
#5637=DIRECTION('',(0.273662990072083,0.961825643172819,0.));
#5638=DIRECTION('',(0.,0.,-1.));
#5639=DIRECTION('',(0.,0.,-1.));
#5640=DIRECTION('',(0.,0.,-1.));
#5641=DIRECTION('',(0.273662990072083,0.961825643172819,0.));
#5642=DIRECTION('',(0.,0.,-1.));
#5643=DIRECTION('',(0.273662990072083,0.961825643172819,0.));
#5644=DIRECTION('',(0.,0.,-1.));
#5645=DIRECTION('',(0.,0.,-1.));
#5646=DIRECTION('',(0.273662990072083,0.961825643172819,0.));
#5647=DIRECTION('',(0.,0.,-1.));
#5648=DIRECTION('',(0.,0.,-1.));
#5649=DIRECTION('',(0.273662990072083,0.961825643172819,0.));
#5650=DIRECTION('',(0.,0.,-1.));
#5651=DIRECTION('',(0.445738355776537,0.895163291355063,0.));
#5652=DIRECTION('',(0.,0.,-1.));
#5653=DIRECTION('',(0.,0.,-1.));
#5654=DIRECTION('',(0.,0.,-1.));
#5655=DIRECTION('',(0.445738355776537,0.895163291355063,0.));
#5656=DIRECTION('',(0.,0.,-1.));
#5657=DIRECTION('',(0.445738355776537,0.895163291355063,0.));
#5658=DIRECTION('',(0.,0.,-1.));
#5659=DIRECTION('',(0.,0.,-1.));
#5660=DIRECTION('',(0.445738355776537,0.895163291355063,0.));
#5661=DIRECTION('',(0.,0.,-1.));
#5662=DIRECTION('',(0.,0.,-1.));
#5663=DIRECTION('',(0.445738355776537,0.895163291355063,0.));
#5664=DIRECTION('',(0.,0.,-1.));
#5665=DIRECTION('',(0.602634636379256,0.79801722728024,0.));
#5666=DIRECTION('',(0.,0.,-1.));
#5667=DIRECTION('',(0.,0.,-1.));
#5668=DIRECTION('',(0.,0.,-1.));
#5669=DIRECTION('',(0.602634636379256,0.79801722728024,0.));
#5670=DIRECTION('',(0.,0.,-1.));
#5671=DIRECTION('',(0.602634636379256,0.79801722728024,0.));
#5672=DIRECTION('',(0.,0.,-1.));
#5673=DIRECTION('',(0.,0.,-1.));
#5674=DIRECTION('',(0.602634636379256,0.79801722728024,0.));
#5675=DIRECTION('',(0.,0.,-1.));
#5676=DIRECTION('',(0.,0.,-1.));
#5677=DIRECTION('',(0.602634636379256,0.79801722728024,0.));
#5678=DIRECTION('',(0.,0.,-1.));
#5679=DIRECTION('',(0.739008917220659,0.673695643646558,0.));
#5680=DIRECTION('',(0.,0.,-1.));
#5681=DIRECTION('',(0.,0.,-1.));
#5682=DIRECTION('',(0.,0.,-1.));
#5683=DIRECTION('',(0.739008917220659,0.673695643646558,0.));
#5684=DIRECTION('',(0.,0.,-1.));
#5685=DIRECTION('',(0.739008917220659,0.673695643646558,0.));
#5686=DIRECTION('',(0.,0.,-1.));
#5687=DIRECTION('',(0.,0.,-1.));
#5688=DIRECTION('',(0.739008917220659,0.673695643646558,0.));
#5689=DIRECTION('',(0.,0.,-1.));
#5690=DIRECTION('',(0.,0.,-1.));
#5691=DIRECTION('',(0.739008917220659,0.673695643646558,0.));
#5692=DIRECTION('',(0.,0.,-1.));
#5693=DIRECTION('',(0.850217135729613,0.526432162877357,0.));
#5694=DIRECTION('',(0.,0.,-1.));
#5695=DIRECTION('',(0.,0.,-1.));
#5696=DIRECTION('',(0.,0.,-1.));
#5697=DIRECTION('',(0.850217135729613,0.526432162877357,0.));
#5698=DIRECTION('',(0.,0.,-1.));
#5699=DIRECTION('',(0.850217135729613,0.526432162877357,0.));
#5700=DIRECTION('',(0.,0.,-1.));
#5701=DIRECTION('',(0.,0.,-1.));
#5702=DIRECTION('',(0.850217135729613,0.526432162877357,0.));
#5703=DIRECTION('',(0.,0.,-1.));
#5704=DIRECTION('',(0.,0.,-1.));
#5705=DIRECTION('',(0.850217135729613,0.526432162877357,0.));
#5706=DIRECTION('',(0.,0.,-1.));
#5707=DIRECTION('',(0.932472229404356,0.361241666187154,0.));
#5708=DIRECTION('',(0.,0.,-1.));
#5709=DIRECTION('',(0.,0.,-1.));
#5710=DIRECTION('',(0.,0.,-1.));
#5711=DIRECTION('',(0.932472229404356,0.361241666187154,0.));
#5712=DIRECTION('',(0.,0.,-1.));
#5713=DIRECTION('',(0.932472229404356,0.361241666187154,0.));
#5714=DIRECTION('',(0.,0.,-1.));
#5715=DIRECTION('',(0.,0.,-1.));
#5716=DIRECTION('',(0.932472229404356,0.361241666187154,0.));
#5717=DIRECTION('',(0.,0.,-1.));
#5718=DIRECTION('',(0.,0.,-1.));
#5719=DIRECTION('',(0.932472229404356,0.361241666187154,0.));
#5720=DIRECTION('',(0.,0.,-1.));
#5721=DIRECTION('',(0.982973099683902,0.18374951781657,0.));
#5722=DIRECTION('',(0.,0.,-1.));
#5723=DIRECTION('',(0.,0.,-1.));
#5724=DIRECTION('',(0.,0.,-1.));
#5725=DIRECTION('',(0.982973099683902,0.18374951781657,0.));
#5726=DIRECTION('',(0.,0.,-1.));
#5727=DIRECTION('',(0.982973099683902,0.18374951781657,0.));
#5728=DIRECTION('',(0.,0.,-1.));
#5729=DIRECTION('',(0.,0.,-1.));
#5730=DIRECTION('',(0.982973099683902,0.18374951781657,0.));
#5731=DIRECTION('',(0.,0.,-1.));
#5732=DIRECTION('',(0.,0.,-1.));
#5733=DIRECTION('',(0.982973099683902,0.18374951781657,0.));
#5734=DIRECTION('',(0.,0.,-1.));
#5735=DIRECTION('',(1.,2.22044604925031E-16,0.));
#5736=DIRECTION('',(0.,0.,-1.));
#5737=DIRECTION('',(0.,0.,-1.));
#5738=DIRECTION('',(0.,0.,-1.));
#5739=DIRECTION('',(1.,2.22044604925031E-16,0.));
#5740=DIRECTION('',(0.,0.,-1.));
#5741=DIRECTION('',(1.,2.22044604925031E-16,0.));
#5742=DIRECTION('',(0.,0.,-1.));
#5743=DIRECTION('',(0.,0.,-1.));
#5744=DIRECTION('',(1.,2.22044604925031E-16,0.));
#5745=DIRECTION('',(0.,0.,-1.));
#5746=DIRECTION('',(0.,0.,-1.));
#5747=DIRECTION('',(1.,2.22044604925031E-16,0.));
#5748=DIRECTION('',(0.,0.,-1.));
#5749=DIRECTION('',(0.982973099683902,-0.18374951781657,0.));
#5750=DIRECTION('',(0.,0.,-1.));
#5751=DIRECTION('',(0.,0.,-1.));
#5752=DIRECTION('',(0.,0.,-1.));
#5753=DIRECTION('',(0.982973099683902,-0.18374951781657,0.));
#5754=DIRECTION('',(0.,0.,-1.));
#5755=DIRECTION('',(0.982973099683902,-0.18374951781657,0.));
#5756=DIRECTION('',(0.,0.,-1.));
#5757=DIRECTION('',(0.,0.,-1.));
#5758=DIRECTION('',(0.982973099683902,-0.18374951781657,0.));
#5759=DIRECTION('',(0.,0.,-1.));
#5760=DIRECTION('',(0.,0.,-1.));
#5761=DIRECTION('',(0.982973099683902,-0.18374951781657,0.));
#5762=DIRECTION('',(0.,0.,-1.));
#5763=DIRECTION('',(0.932472229404356,-0.361241666187154,0.));
#5764=DIRECTION('',(0.,0.,-1.));
#5765=DIRECTION('',(0.,0.,-1.));
#5766=DIRECTION('',(0.,0.,-1.));
#5767=DIRECTION('',(0.932472229404356,-0.361241666187154,0.));
#5768=DIRECTION('',(0.,0.,-1.));
#5769=DIRECTION('',(0.932472229404356,-0.361241666187154,0.));
#5770=DIRECTION('',(0.,0.,-1.));
#5771=DIRECTION('',(0.,0.,-1.));
#5772=DIRECTION('',(0.932472229404356,-0.361241666187154,0.));
#5773=DIRECTION('',(0.,0.,-1.));
#5774=DIRECTION('',(0.,0.,-1.));
#5775=DIRECTION('',(0.932472229404356,-0.361241666187154,0.));
#5776=DIRECTION('',(0.,0.,-1.));
#5777=DIRECTION('',(0.850217135729614,-0.526432162877356,0.));
#5778=DIRECTION('',(0.,0.,-1.));
#5779=DIRECTION('',(0.,0.,-1.));
#5780=DIRECTION('',(0.,0.,-1.));
#5781=DIRECTION('',(0.850217135729614,-0.526432162877356,0.));
#5782=DIRECTION('',(0.,0.,-1.));
#5783=DIRECTION('',(0.850217135729614,-0.526432162877356,0.));
#5784=DIRECTION('',(0.,0.,-1.));
#5785=DIRECTION('',(0.,0.,-1.));
#5786=DIRECTION('',(0.850217135729614,-0.526432162877356,0.));
#5787=DIRECTION('',(0.,0.,-1.));
#5788=DIRECTION('',(0.,0.,-1.));
#5789=DIRECTION('',(0.850217135729614,-0.526432162877356,0.));
#5790=DIRECTION('',(0.,0.,-1.));
#5791=DIRECTION('',(0.739008917220659,-0.673695643646558,0.));
#5792=DIRECTION('',(0.,0.,-1.));
#5793=DIRECTION('',(0.,0.,-1.));
#5794=DIRECTION('',(0.,0.,-1.));
#5795=DIRECTION('',(0.739008917220659,-0.673695643646558,0.));
#5796=DIRECTION('',(0.,0.,-1.));
#5797=DIRECTION('',(0.739008917220659,-0.673695643646558,0.));
#5798=DIRECTION('',(0.,0.,-1.));
#5799=DIRECTION('',(0.,0.,-1.));
#5800=DIRECTION('',(0.739008917220659,-0.673695643646558,0.));
#5801=DIRECTION('',(0.,0.,-1.));
#5802=DIRECTION('',(0.,0.,-1.));
#5803=DIRECTION('',(0.739008917220659,-0.673695643646558,0.));
#5804=DIRECTION('',(0.,0.,-1.));
#5805=DIRECTION('',(0.602634636379256,-0.79801722728024,0.));
#5806=DIRECTION('',(0.,0.,-1.));
#5807=DIRECTION('',(0.,0.,-1.));
#5808=DIRECTION('',(0.,0.,-1.));
#5809=DIRECTION('',(0.602634636379256,-0.79801722728024,0.));
#5810=DIRECTION('',(0.,0.,-1.));
#5811=DIRECTION('',(0.602634636379256,-0.79801722728024,0.));
#5812=DIRECTION('',(0.,0.,-1.));
#5813=DIRECTION('',(0.,0.,-1.));
#5814=DIRECTION('',(0.602634636379256,-0.79801722728024,0.));
#5815=DIRECTION('',(0.,0.,-1.));
#5816=DIRECTION('',(0.,0.,-1.));
#5817=DIRECTION('',(0.602634636379256,-0.79801722728024,0.));
#5818=DIRECTION('',(0.,0.,-1.));
#5819=DIRECTION('',(0.445738355776537,-0.895163291355063,0.));
#5820=DIRECTION('',(0.,0.,-1.));
#5821=DIRECTION('',(0.,0.,-1.));
#5822=DIRECTION('',(0.,0.,-1.));
#5823=DIRECTION('',(0.445738355776537,-0.895163291355063,0.));
#5824=DIRECTION('',(0.,0.,-1.));
#5825=DIRECTION('',(0.445738355776537,-0.895163291355063,0.));
#5826=DIRECTION('',(0.,0.,-1.));
#5827=DIRECTION('',(0.,0.,-1.));
#5828=DIRECTION('',(0.445738355776537,-0.895163291355063,0.));
#5829=DIRECTION('',(0.,0.,-1.));
#5830=DIRECTION('',(0.,0.,-1.));
#5831=DIRECTION('',(0.445738355776537,-0.895163291355063,0.));
#5832=DIRECTION('',(0.,0.,-1.));
#5833=DIRECTION('',(0.273662990072081,-0.96182564317282,0.));
#5834=DIRECTION('',(0.,0.,-1.));
#5835=DIRECTION('',(0.,0.,-1.));
#5836=DIRECTION('',(0.,0.,-1.));
#5837=DIRECTION('',(0.273662990072081,-0.96182564317282,0.));
#5838=DIRECTION('',(0.,0.,-1.));
#5839=DIRECTION('',(0.273662990072081,-0.96182564317282,0.));
#5840=DIRECTION('',(0.,0.,-1.));
#5841=DIRECTION('',(0.,0.,-1.));
#5842=DIRECTION('',(0.273662990072081,-0.96182564317282,0.));
#5843=DIRECTION('',(0.,0.,-1.));
#5844=DIRECTION('',(0.,0.,-1.));
#5845=DIRECTION('',(0.273662990072081,-0.96182564317282,0.));
#5846=DIRECTION('',(0.,0.,-1.));
#5847=DIRECTION('',(0.0922683594633018,-0.995734176295035,0.));
#5848=DIRECTION('',(0.,0.,-1.));
#5849=DIRECTION('',(0.,0.,-1.));
#5850=DIRECTION('',(0.,0.,-1.));
#5851=DIRECTION('',(0.0922683594633018,-0.995734176295035,0.));
#5852=DIRECTION('',(0.,0.,-1.));
#5853=DIRECTION('',(0.0922683594633018,-0.995734176295035,0.));
#5854=DIRECTION('',(0.,0.,-1.));
#5855=DIRECTION('',(0.,0.,-1.));
#5856=DIRECTION('',(0.0922683594633018,-0.995734176295035,0.));
#5857=DIRECTION('',(0.,0.,-1.));
#5858=DIRECTION('',(0.,0.,-1.));
#5859=DIRECTION('',(0.0922683594633018,-0.995734176295035,0.));
#5860=DIRECTION('',(0.,0.,-1.));
#5861=DIRECTION('',(-0.0922683594633018,-0.995734176295035,0.));
#5862=DIRECTION('',(0.,0.,-1.));
#5863=DIRECTION('',(0.,0.,-1.));
#5864=DIRECTION('',(0.,0.,-1.));
#5865=DIRECTION('',(-0.0922683594633018,-0.995734176295035,0.));
#5866=DIRECTION('',(0.,0.,-1.));
#5867=DIRECTION('',(-0.0922683594633018,-0.995734176295035,0.));
#5868=DIRECTION('',(0.,0.,-1.));
#5869=DIRECTION('',(0.,0.,-1.));
#5870=DIRECTION('',(-0.0922683594633018,-0.995734176295035,0.));
#5871=DIRECTION('',(0.,0.,-1.));
#5872=DIRECTION('',(0.,0.,-1.));
#5873=DIRECTION('',(-0.0922683594633018,-0.995734176295035,0.));
#5874=DIRECTION('',(0.,0.,-1.));
#5875=DIRECTION('',(-0.273662990072082,-0.961825643172819,0.));
#5876=DIRECTION('',(0.,0.,-1.));
#5877=DIRECTION('',(0.,0.,-1.));
#5878=DIRECTION('',(0.,0.,-1.));
#5879=DIRECTION('',(-0.273662990072082,-0.961825643172819,0.));
#5880=DIRECTION('',(0.,0.,-1.));
#5881=DIRECTION('',(-0.273662990072082,-0.961825643172819,0.));
#5882=DIRECTION('',(0.,0.,-1.));
#5883=DIRECTION('',(0.,0.,-1.));
#5884=DIRECTION('',(-0.273662990072082,-0.961825643172819,0.));
#5885=DIRECTION('',(0.,0.,-1.));
#5886=DIRECTION('',(0.,0.,-1.));
#5887=DIRECTION('',(-0.273662990072082,-0.961825643172819,0.));
#5888=DIRECTION('',(0.,0.,-1.));
#5889=DIRECTION('',(-0.445738355776538,-0.895163291355063,0.));
#5890=DIRECTION('',(0.,0.,-1.));
#5891=DIRECTION('',(0.,0.,-1.));
#5892=DIRECTION('',(0.,0.,-1.));
#5893=DIRECTION('',(-0.445738355776538,-0.895163291355063,0.));
#5894=DIRECTION('',(0.,0.,-1.));
#5895=DIRECTION('',(-0.445738355776538,-0.895163291355063,0.));
#5896=DIRECTION('',(0.,0.,-1.));
#5897=DIRECTION('',(0.,0.,-1.));
#5898=DIRECTION('',(-0.445738355776538,-0.895163291355063,0.));
#5899=DIRECTION('',(0.,0.,-1.));
#5900=DIRECTION('',(0.,0.,-1.));
#5901=DIRECTION('',(-0.445738355776538,-0.895163291355063,0.));
#5902=DIRECTION('',(0.,0.,-1.));
#5903=DIRECTION('',(-0.602634636379257,-0.798017227280239,0.));
#5904=DIRECTION('',(0.,0.,-1.));
#5905=DIRECTION('',(0.,0.,-1.));
#5906=DIRECTION('',(0.,0.,-1.));
#5907=DIRECTION('',(-0.602634636379257,-0.798017227280239,0.));
#5908=DIRECTION('',(0.,0.,-1.));
#5909=DIRECTION('',(-0.602634636379257,-0.798017227280239,0.));
#5910=DIRECTION('',(0.,0.,-1.));
#5911=DIRECTION('',(0.,0.,-1.));
#5912=DIRECTION('',(-0.602634636379257,-0.798017227280239,0.));
#5913=DIRECTION('',(0.,0.,-1.));
#5914=DIRECTION('',(0.,0.,-1.));
#5915=DIRECTION('',(-0.602634636379257,-0.798017227280239,0.));
#5916=DIRECTION('',(0.,0.,-1.));
#5917=DIRECTION('',(-0.739008917220659,-0.673695643646557,0.));
#5918=DIRECTION('',(0.,0.,-1.));
#5919=DIRECTION('',(0.,0.,-1.));
#5920=DIRECTION('',(0.,0.,-1.));
#5921=DIRECTION('',(-0.739008917220659,-0.673695643646557,0.));
#5922=DIRECTION('',(0.,0.,-1.));
#5923=DIRECTION('',(-0.739008917220659,-0.673695643646557,0.));
#5924=DIRECTION('',(0.,0.,-1.));
#5925=DIRECTION('',(0.,0.,-1.));
#5926=DIRECTION('',(-0.739008917220659,-0.673695643646557,0.));
#5927=DIRECTION('',(0.,0.,-1.));
#5928=DIRECTION('',(0.,0.,-1.));
#5929=DIRECTION('',(-0.739008917220659,-0.673695643646557,0.));
#5930=DIRECTION('',(0.,0.,-1.));
#5931=DIRECTION('',(-0.850217135729614,-0.526432162877356,0.));
#5932=DIRECTION('',(0.,0.,-1.));
#5933=DIRECTION('',(0.,0.,-1.));
#5934=DIRECTION('',(0.,0.,-1.));
#5935=DIRECTION('',(-0.850217135729614,-0.526432162877356,0.));
#5936=DIRECTION('',(0.,0.,-1.));
#5937=DIRECTION('',(-0.850217135729614,-0.526432162877356,0.));
#5938=DIRECTION('',(0.,0.,-1.));
#5939=DIRECTION('',(0.,0.,-1.));
#5940=DIRECTION('',(-0.850217135729614,-0.526432162877356,0.));
#5941=DIRECTION('',(0.,0.,-1.));
#5942=DIRECTION('',(0.,0.,-1.));
#5943=DIRECTION('',(-0.850217135729614,-0.526432162877356,0.));
#5944=DIRECTION('',(0.,0.,-1.));
#5945=DIRECTION('',(-0.932472229404356,-0.361241666187154,0.));
#5946=DIRECTION('',(0.,0.,-1.));
#5947=DIRECTION('',(0.,0.,-1.));
#5948=DIRECTION('',(0.,0.,-1.));
#5949=DIRECTION('',(-0.932472229404356,-0.361241666187154,0.));
#5950=DIRECTION('',(0.,0.,-1.));
#5951=DIRECTION('',(-0.932472229404356,-0.361241666187154,0.));
#5952=DIRECTION('',(0.,0.,-1.));
#5953=DIRECTION('',(0.,0.,-1.));
#5954=DIRECTION('',(-0.932472229404356,-0.361241666187154,0.));
#5955=DIRECTION('',(0.,0.,-1.));
#5956=DIRECTION('',(0.,0.,-1.));
#5957=DIRECTION('',(-0.932472229404356,-0.361241666187154,0.));
#5958=DIRECTION('',(0.,0.,-1.));
#5959=DIRECTION('',(-0.982973099683902,-0.18374951781657,0.));
#5960=DIRECTION('',(0.,0.,-1.));
#5961=DIRECTION('',(0.,0.,-1.));
#5962=DIRECTION('',(0.,0.,-1.));
#5963=DIRECTION('',(-0.982973099683902,-0.18374951781657,0.));
#5964=DIRECTION('',(0.,0.,-1.));
#5965=DIRECTION('',(-0.982973099683902,-0.18374951781657,0.));
#5966=DIRECTION('',(0.,0.,-1.));
#5967=DIRECTION('',(0.,0.,-1.));
#5968=DIRECTION('',(-0.982973099683902,-0.18374951781657,0.));
#5969=DIRECTION('',(0.,0.,-1.));
#5970=DIRECTION('',(0.,0.,-1.));
#5971=DIRECTION('',(-0.982973099683902,-0.18374951781657,0.));
#5972=DIRECTION('',(0.,0.,-1.));
#5973=DIRECTION('',(-1.,0.,0.));
#5974=DIRECTION('',(0.,0.,-1.));
#5975=DIRECTION('',(0.,0.,-1.));
#5976=DIRECTION('',(0.,0.,-1.));
#5977=DIRECTION('',(-1.,0.,0.));
#5978=DIRECTION('',(0.,0.,-1.));
#5979=DIRECTION('',(-1.,0.,0.));
#5980=DIRECTION('',(0.,0.,-1.));
#5981=DIRECTION('',(0.,0.,-1.));
#5982=DIRECTION('',(-1.,0.,0.));
#5983=DIRECTION('',(0.,0.,-1.));
#5984=DIRECTION('',(0.,0.,-1.));
#5985=DIRECTION('',(-1.,0.,0.));
#5986=CARTESIAN_POINT('',(0.,0.,0.));
#5987=CARTESIAN_POINT('',(1.2001140209723E-17,3.85108611666851E-16,0.005));
#5988=CARTESIAN_POINT('',(-0.00649410732895938,0.0253166912454354,0.005));
#5989=CARTESIAN_POINT('',(-0.00649410732895965,0.0253166912454355,0.005));
#5990=CARTESIAN_POINT('',(-0.00649410732895965,0.0253166912454355,0.));
#5991=CARTESIAN_POINT('',(1.2001140209723E-17,3.85108611666851E-16,0.005));
#5992=CARTESIAN_POINT('',(-0.00780611919688399,0.0249433916839873,0.005));
#5993=CARTESIAN_POINT('',(-0.00780611919688427,0.0249433916839872,0.005));
#5994=CARTESIAN_POINT('',(-0.00780611919688399,0.0249433916839873,0.));
#5995=CARTESIAN_POINT('',(1.2001140209723E-17,3.85108611666851E-16,0.));
#5996=CARTESIAN_POINT('',(1.2001140209723E-17,3.85108611666851E-16,0.005));
#5997=CARTESIAN_POINT('',(-0.0110354626198869,0.0236923373769205,0.005));
#5998=CARTESIAN_POINT('',(-0.0110354626198872,0.0236923373769206,0.005));
#5999=CARTESIAN_POINT('',(-0.0110354626198872,0.0236923373769206,0.));
#6000=CARTESIAN_POINT('',(1.2001140209723E-17,3.85108611666851E-16,0.005));
#6001=CARTESIAN_POINT('',(-0.0122565413781056,0.0230843124017925,0.005));
#6002=CARTESIAN_POINT('',(-0.0122565413781059,0.0230843124017923,0.005));
#6003=CARTESIAN_POINT('',(-0.0122565413781056,0.0230843124017925,0.));
#6004=CARTESIAN_POINT('',(1.2001140209723E-17,3.85108611666851E-16,0.));
#6005=CARTESIAN_POINT('',(1.2001140209723E-17,3.85108611666851E-16,0.005));
#6006=CARTESIAN_POINT('',(-0.0152010184668727,0.0212611693748614,0.005));
#6007=CARTESIAN_POINT('',(-0.015201018466873,0.0212611693748614,0.005));
#6008=CARTESIAN_POINT('',(-0.015201018466873,0.0212611693748614,0.));
#6009=CARTESIAN_POINT('',(1.2001140209723E-17,3.85108611666851E-16,0.005));
#6010=CARTESIAN_POINT('',(-0.0162895817427969,0.0204391245473356,0.005));
#6011=CARTESIAN_POINT('',(-0.0162895817427971,0.0204391245473355,0.005));
#6012=CARTESIAN_POINT('',(-0.0162895817427969,0.0204391245473356,0.));
#6013=CARTESIAN_POINT('',(1.2001140209723E-17,3.85108611666851E-16,0.));
#6014=CARTESIAN_POINT('',(1.2001140209723E-17,3.85108611666851E-16,0.005));
#6015=CARTESIAN_POINT('',(-0.0188489218615813,0.0181059777497032,0.005));
#6016=CARTESIAN_POINT('',(-0.0188489218615815,0.0181059777497032,0.005));
#6017=CARTESIAN_POINT('',(-0.0188489218615815,0.0181059777497032,0.));
#6018=CARTESIAN_POINT('',(1.2001140209723E-17,3.85108611666851E-16,0.005));
#6019=CARTESIAN_POINT('',(-0.019767899938437,0.0170979068204473,0.005));
#6020=CARTESIAN_POINT('',(-0.0197678999384372,0.0170979068204472,0.005));
#6021=CARTESIAN_POINT('',(-0.019767899938437,0.0170979068204473,0.));
#6022=CARTESIAN_POINT('',(1.2001140209723E-17,3.85108611666851E-16,0.));
#6023=CARTESIAN_POINT('',(1.2001140209723E-17,3.85108611666851E-16,0.005));
#6024=CARTESIAN_POINT('',(-0.0218549478290837,0.0143342087680057,0.005));
#6025=CARTESIAN_POINT('',(-0.0218549478290839,0.0143342087680056,0.005));
#6026=CARTESIAN_POINT('',(-0.0218549478290839,0.0143342087680056,0.));
#6027=CARTESIAN_POINT('',(1.2001140209723E-17,3.85108611666851E-16,0.005));
#6028=CARTESIAN_POINT('',(-0.0225730460106565,0.0131744403834674,0.005));
#6029=CARTESIAN_POINT('',(-0.0225730460106566,0.0131744403834673,0.005));
#6030=CARTESIAN_POINT('',(-0.0225730460106565,0.0131744403834674,0.));
#6031=CARTESIAN_POINT('',(1.2001140209723E-17,3.85108611666851E-16,0.));
#6032=CARTESIAN_POINT('',(1.2001140209723E-17,3.85108611666851E-16,0.005));
#6033=CARTESIAN_POINT('',(-0.0241167297603875,0.0100743054987023,0.005));
#6034=CARTESIAN_POINT('',(-0.0241167297603876,0.0100743054987023,0.005));
#6035=CARTESIAN_POINT('',(-0.0241167297603876,0.0100743054987023,0.));
#6036=CARTESIAN_POINT('',(1.2001140209723E-17,3.85108611666851E-16,0.005));
#6037=CARTESIAN_POINT('',(-0.0246094940743676,0.00880233418022837,0.005));
#6038=CARTESIAN_POINT('',(-0.0246094940743677,0.00880233418022824,0.005));
#6039=CARTESIAN_POINT('',(-0.0246094940743676,0.00880233418022837,0.));
#6040=CARTESIAN_POINT('',(1.2001140209723E-17,3.85108611666851E-16,0.));
#6041=CARTESIAN_POINT('',(1.2001140209723E-17,3.85108611666851E-16,0.005));
#6042=CARTESIAN_POINT('',(-0.0255572453845305,0.00547133383843825,0.005));
#6043=CARTESIAN_POINT('',(-0.0255572453845305,0.0054713338384382,0.005));
#6044=CARTESIAN_POINT('',(-0.0255572453845305,0.0054713338384382,0.));
#6045=CARTESIAN_POINT('',(1.2001140209723E-17,3.85108611666851E-16,0.005));
#6046=CARTESIAN_POINT('',(-0.025807895333211,0.00413047504371777,0.005));
#6047=CARTESIAN_POINT('',(-0.025807895333211,0.00413047504371766,0.005));
#6048=CARTESIAN_POINT('',(-0.025807895333211,0.00413047504371777,0.));
#6049=CARTESIAN_POINT('',(1.2001140209723E-17,3.85108611666851E-16,0.));
#6050=CARTESIAN_POINT('',(1.2001140209723E-17,3.85108611666851E-16,0.005));
#6051=CARTESIAN_POINT('',(-0.0261274396696406,0.000682042466447794,0.005));
#6052=CARTESIAN_POINT('',(-0.0261274396696406,0.000682042466447783,0.005));
#6053=CARTESIAN_POINT('',(-0.0261274396696406,0.000682042466447783,0.));
#6054=CARTESIAN_POINT('',(1.2001140209723E-17,3.85108611666851E-16,0.005));
#6055=CARTESIAN_POINT('',(-0.0261274396696406,-0.000682042466447828,0.005));
#6056=CARTESIAN_POINT('',(-0.0261274396696406,-0.000682042466447845,0.005));
#6057=CARTESIAN_POINT('',(-0.0261274396696406,-0.000682042466447828,0.));
#6058=CARTESIAN_POINT('',(1.2001140209723E-17,3.85108611666851E-16,0.));
#6059=CARTESIAN_POINT('',(1.2001140209723E-17,3.85108611666851E-16,0.005));
#6060=CARTESIAN_POINT('',(-0.0258078953332109,-0.00413047504371773,0.005));
#6061=CARTESIAN_POINT('',(-0.0258078953332109,-0.0041304750437177,0.005));
#6062=CARTESIAN_POINT('',(-0.0258078953332109,-0.0041304750437177,0.));
#6063=CARTESIAN_POINT('',(1.2001140209723E-17,3.85108611666851E-16,0.005));
#6064=CARTESIAN_POINT('',(-0.0255572453845304,-0.00547133383843828,0.005));
#6065=CARTESIAN_POINT('',(-0.0255572453845304,-0.00547133383843823,0.005));
#6066=CARTESIAN_POINT('',(-0.0255572453845304,-0.00547133383843828,0.));
#6067=CARTESIAN_POINT('',(1.2001140209723E-17,3.85108611666851E-16,0.));
#6068=CARTESIAN_POINT('',(1.2001140209723E-17,3.85108611666851E-16,0.005));
#6069=CARTESIAN_POINT('',(-0.0246094940743675,-0.00880233418022817,0.005));
#6070=CARTESIAN_POINT('',(-0.0246094940743675,-0.0088023341802281,0.005));
#6071=CARTESIAN_POINT('',(-0.0246094940743675,-0.0088023341802281,0.));
#6072=CARTESIAN_POINT('',(1.2001140209723E-17,3.85108611666851E-16,0.005));
#6073=CARTESIAN_POINT('',(-0.0241167297603874,-0.0100743054987024,0.005));
#6074=CARTESIAN_POINT('',(-0.0241167297603874,-0.0100743054987023,0.005));
#6075=CARTESIAN_POINT('',(-0.0241167297603874,-0.0100743054987024,0.));
#6076=CARTESIAN_POINT('',(1.2001140209723E-17,3.85108611666851E-16,0.));
#6077=CARTESIAN_POINT('',(1.2001140209723E-17,3.85108611666851E-16,0.005));
#6078=CARTESIAN_POINT('',(-0.0225730460106565,-0.0131744403834672,0.005));
#6079=CARTESIAN_POINT('',(-0.0225730460106565,-0.013174440383467,0.005));
#6080=CARTESIAN_POINT('',(-0.0225730460106565,-0.013174440383467,0.));
#6081=CARTESIAN_POINT('',(1.2001140209723E-17,3.85108611666851E-16,0.005));
#6082=CARTESIAN_POINT('',(-0.0218549478290835,-0.0143342087680058,0.005));
#6083=CARTESIAN_POINT('',(-0.0218549478290835,-0.0143342087680057,0.005));
#6084=CARTESIAN_POINT('',(-0.0218549478290835,-0.0143342087680058,0.));
#6085=CARTESIAN_POINT('',(1.2001140209723E-17,3.85108611666851E-16,0.));
#6086=CARTESIAN_POINT('',(1.2001140209723E-17,3.85108611666851E-16,0.005));
#6087=CARTESIAN_POINT('',(-0.019767899938437,-0.017097906820447,0.005));
#6088=CARTESIAN_POINT('',(-0.019767899938437,-0.0170979068204468,0.005));
#6089=CARTESIAN_POINT('',(-0.019767899938437,-0.0170979068204468,0.));
#6090=CARTESIAN_POINT('',(1.2001140209723E-17,3.85108611666851E-16,0.005));
#6091=CARTESIAN_POINT('',(-0.018848921861581,-0.0181059777497032,0.005));
#6092=CARTESIAN_POINT('',(-0.0188489218615811,-0.018105977749703,0.005));
#6093=CARTESIAN_POINT('',(-0.018848921861581,-0.0181059777497032,0.));
#6094=CARTESIAN_POINT('',(1.2001140209723E-17,3.85108611666851E-16,0.));
#6095=CARTESIAN_POINT('',(1.2001140209723E-17,3.85108611666851E-16,0.005));
#6096=CARTESIAN_POINT('',(-0.0162895817427969,-0.0204391245473352,0.005));
#6097=CARTESIAN_POINT('',(-0.0162895817427969,-0.020439124547335,0.005));
#6098=CARTESIAN_POINT('',(-0.0162895817427969,-0.020439124547335,0.));
#6099=CARTESIAN_POINT('',(1.2001140209723E-17,3.85108611666851E-16,0.005));
#6100=CARTESIAN_POINT('',(-0.0152010184668723,-0.0212611693748612,0.005));
#6101=CARTESIAN_POINT('',(-0.0152010184668726,-0.021261169374861,0.005));
#6102=CARTESIAN_POINT('',(-0.0152010184668723,-0.0212611693748612,0.));
#6103=CARTESIAN_POINT('',(1.2001140209723E-17,3.85108611666851E-16,0.));
#6104=CARTESIAN_POINT('',(1.2001140209723E-17,3.85108611666851E-16,0.005));
#6105=CARTESIAN_POINT('',(-0.0122565413781057,-0.023084312401792,0.005));
#6106=CARTESIAN_POINT('',(-0.0122565413781058,-0.0230843124017918,0.005));
#6107=CARTESIAN_POINT('',(-0.0122565413781058,-0.0230843124017918,0.));
#6108=CARTESIAN_POINT('',(1.2001140209723E-17,3.85108611666851E-16,0.005));
#6109=CARTESIAN_POINT('',(-0.0110354626198865,-0.0236923373769203,0.005));
#6110=CARTESIAN_POINT('',(-0.0110354626198867,-0.0236923373769202,0.005));
#6111=CARTESIAN_POINT('',(-0.0110354626198865,-0.0236923373769203,0.));
#6112=CARTESIAN_POINT('',(1.2001140209723E-17,3.85108611666851E-16,0.));
#6113=CARTESIAN_POINT('',(1.2001140209723E-17,3.85108611666851E-16,0.005));
#6114=CARTESIAN_POINT('',(-0.00780611919688415,-0.0249433916839868,0.005));
#6115=CARTESIAN_POINT('',(-0.00780611919688434,-0.0249433916839866,0.005));
#6116=CARTESIAN_POINT('',(-0.00780611919688434,-0.0249433916839866,0.));
#6117=CARTESIAN_POINT('',(1.2001140209723E-17,3.85108611666851E-16,0.005));
#6118=CARTESIAN_POINT('',(-0.00649410732895898,-0.0253166912454351,0.005));
#6119=CARTESIAN_POINT('',(-0.00649410732895928,-0.025316691245435,0.005));
#6120=CARTESIAN_POINT('',(-0.00649410732895898,-0.0253166912454351,0.));
#6121=CARTESIAN_POINT('',(1.2001140209723E-17,3.85108611666851E-16,0.));
#6122=CARTESIAN_POINT('',(1.2001140209723E-17,3.85108611666851E-16,0.005));
#6123=CARTESIAN_POINT('',(-0.00308986898882078,-0.0259530536786843,0.005));
#6124=CARTESIAN_POINT('',(-0.00308986898882103,-0.0259530536786841,0.005));
#6125=CARTESIAN_POINT('',(-0.00308986898882103,-0.0259530536786841,0.));
#6126=CARTESIAN_POINT('',(1.2001140209723E-17,3.85108611666851E-16,0.005));
#6127=CARTESIAN_POINT('',(-0.00173160300176715,-0.0260789155576109,0.005));
#6128=CARTESIAN_POINT('',(-0.00173160300176744,-0.0260789155576108,0.005));
#6129=CARTESIAN_POINT('',(-0.00173160300176715,-0.0260789155576109,0.));
#6130=CARTESIAN_POINT('',(1.2001140209723E-17,3.85108611666851E-16,0.));
#6131=CARTESIAN_POINT('',(1.2001140209723E-17,3.85108611666851E-16,0.005));
#6132=CARTESIAN_POINT('',(0.00173160300176745,-0.0260789155576112,0.005));
#6133=CARTESIAN_POINT('',(0.00173160300176716,-0.026078915557611,0.005));
#6134=CARTESIAN_POINT('',(0.00173160300176716,-0.026078915557611,0.));
#6135=CARTESIAN_POINT('',(1.2001140209723E-17,3.85108611666851E-16,0.005));
#6136=CARTESIAN_POINT('',(0.00308986898882102,-0.0259530536786839,0.005));
#6137=CARTESIAN_POINT('',(0.00308986898882076,-0.0259530536786839,0.005));
#6138=CARTESIAN_POINT('',(0.00308986898882102,-0.0259530536786839,0.));
#6139=CARTESIAN_POINT('',(1.2001140209723E-17,3.85108611666851E-16,0.));
#6140=CARTESIAN_POINT('',(1.2001140209723E-17,3.85108611666851E-16,0.005));
#6141=CARTESIAN_POINT('',(0.00649410732895938,-0.0253166912454354,0.005));
#6142=CARTESIAN_POINT('',(0.00649410732895903,-0.0253166912454353,0.005));
#6143=CARTESIAN_POINT('',(0.00649410732895903,-0.0253166912454353,0.));
#6144=CARTESIAN_POINT('',(1.2001140209723E-17,3.85108611666851E-16,0.005));
#6145=CARTESIAN_POINT('',(0.0078061191968843,-0.0249433916839864,0.005));
#6146=CARTESIAN_POINT('',(0.00780611919688408,-0.0249433916839864,0.005));
#6147=CARTESIAN_POINT('',(0.0078061191968843,-0.0249433916839864,0.));
#6148=CARTESIAN_POINT('',(1.2001140209723E-17,3.85108611666851E-16,0.));
#6149=CARTESIAN_POINT('',(1.2001140209723E-17,3.85108611666851E-16,0.005));
#6150=CARTESIAN_POINT('',(0.0110354626198869,-0.0236923373769205,0.005));
#6151=CARTESIAN_POINT('',(0.0110354626198866,-0.0236923373769205,0.005));
#6152=CARTESIAN_POINT('',(0.0110354626198866,-0.0236923373769205,0.));
#6153=CARTESIAN_POINT('',(1.2001140209723E-17,3.85108611666851E-16,0.005));
#6154=CARTESIAN_POINT('',(0.0122565413781058,-0.0230843124017916,0.005));
#6155=CARTESIAN_POINT('',(0.0122565413781055,-0.0230843124017917,0.005));
#6156=CARTESIAN_POINT('',(0.0122565413781058,-0.0230843124017916,0.));
#6157=CARTESIAN_POINT('',(1.2001140209723E-17,3.85108611666851E-16,0.));
#6158=CARTESIAN_POINT('',(1.2001140209723E-17,3.85108611666851E-16,0.005));
#6159=CARTESIAN_POINT('',(0.0152010184668728,-0.0212611693748614,0.005));
#6160=CARTESIAN_POINT('',(0.0152010184668725,-0.0212611693748614,0.005));
#6161=CARTESIAN_POINT('',(0.0152010184668725,-0.0212611693748614,0.));
#6162=CARTESIAN_POINT('',(1.2001140209723E-17,3.85108611666851E-16,0.005));
#6163=CARTESIAN_POINT('',(0.0162895817427969,-0.0204391245473349,0.005));
#6164=CARTESIAN_POINT('',(0.0162895817427967,-0.020439124547335,0.005));
#6165=CARTESIAN_POINT('',(0.0162895817427969,-0.0204391245473349,0.));
#6166=CARTESIAN_POINT('',(1.2001140209723E-17,3.85108611666851E-16,0.));
#6167=CARTESIAN_POINT('',(1.2001140209723E-17,3.85108611666851E-16,0.005));
#6168=CARTESIAN_POINT('',(0.0188489218615813,-0.0181059777497033,0.005));
#6169=CARTESIAN_POINT('',(0.0188489218615811,-0.0181059777497034,0.005));
#6170=CARTESIAN_POINT('',(0.0188489218615811,-0.0181059777497034,0.));
#6171=CARTESIAN_POINT('',(1.2001140209723E-17,3.85108611666851E-16,0.005));
#6172=CARTESIAN_POINT('',(0.0197678999384369,-0.0170979068204467,0.005));
#6173=CARTESIAN_POINT('',(0.0197678999384368,-0.0170979068204469,0.005));
#6174=CARTESIAN_POINT('',(0.0197678999384369,-0.0170979068204467,0.));
#6175=CARTESIAN_POINT('',(1.2001140209723E-17,3.85108611666851E-16,0.));
#6176=CARTESIAN_POINT('',(1.2001140209723E-17,3.85108611666851E-16,0.005));
#6177=CARTESIAN_POINT('',(0.0218549478290837,-0.0143342087680058,0.005));
#6178=CARTESIAN_POINT('',(0.0218549478290836,-0.0143342087680058,0.005));
#6179=CARTESIAN_POINT('',(0.0218549478290836,-0.0143342087680058,0.));
#6180=CARTESIAN_POINT('',(1.2001140209723E-17,3.85108611666851E-16,0.005));
#6181=CARTESIAN_POINT('',(0.0225730460106564,-0.013174440383467,0.005));
#6182=CARTESIAN_POINT('',(0.0225730460106563,-0.0131744403834671,0.005));
#6183=CARTESIAN_POINT('',(0.0225730460106564,-0.013174440383467,0.));
#6184=CARTESIAN_POINT('',(1.2001140209723E-17,3.85108611666851E-16,0.));
#6185=CARTESIAN_POINT('',(1.2001140209723E-17,3.85108611666851E-16,0.005));
#6186=CARTESIAN_POINT('',(0.0241167297603875,-0.0100743054987023,0.005));
#6187=CARTESIAN_POINT('',(0.0241167297603874,-0.0100743054987024,0.005));
#6188=CARTESIAN_POINT('',(0.0241167297603874,-0.0100743054987024,0.));
#6189=CARTESIAN_POINT('',(1.2001140209723E-17,3.85108611666851E-16,0.005));
#6190=CARTESIAN_POINT('',(0.0246094940743674,-0.00880233418022813,0.005));
#6191=CARTESIAN_POINT('',(0.0246094940743674,-0.00880233418022818,0.005));
#6192=CARTESIAN_POINT('',(0.0246094940743674,-0.00880233418022813,0.));
#6193=CARTESIAN_POINT('',(1.2001140209723E-17,3.85108611666851E-16,0.));
#6194=CARTESIAN_POINT('',(1.2001140209723E-17,3.85108611666851E-16,0.005));
#6195=CARTESIAN_POINT('',(0.0255572453845305,-0.00547133383843827,0.005));
#6196=CARTESIAN_POINT('',(0.0255572453845304,-0.00547133383843831,0.005));
#6197=CARTESIAN_POINT('',(0.0255572453845304,-0.00547133383843831,0.));
#6198=CARTESIAN_POINT('',(1.2001140209723E-17,3.85108611666851E-16,0.005));
#6199=CARTESIAN_POINT('',(0.0258078953332109,-0.0041304750437176,0.005));
#6200=CARTESIAN_POINT('',(0.0258078953332109,-0.00413047504371766,0.005));
#6201=CARTESIAN_POINT('',(0.0258078953332109,-0.0041304750437176,0.));
#6202=CARTESIAN_POINT('',(1.2001140209723E-17,3.85108611666851E-16,0.));
#6203=CARTESIAN_POINT('',(1.2001140209723E-17,3.85108611666851E-16,0.005));
#6204=CARTESIAN_POINT('',(0.0261274396696406,-0.000682042466447793,0.005));
#6205=CARTESIAN_POINT('',(0.0261274396696406,-0.000682042466447782,0.005));
#6206=CARTESIAN_POINT('',(0.0261274396696406,-0.000682042466447782,0.));
#6207=CARTESIAN_POINT('',(1.2001140209723E-17,3.85108611666851E-16,0.005));
#6208=CARTESIAN_POINT('',(0.0261274396696406,0.000682042466447812,0.005));
#6209=CARTESIAN_POINT('',(0.0261274396696406,0.000682042466447869,0.005));
#6210=CARTESIAN_POINT('',(0.0261274396696406,0.000682042466447812,0.));
#6211=CARTESIAN_POINT('',(1.2001140209723E-17,3.85108611666851E-16,0.));
#6212=CARTESIAN_POINT('',(1.2001140209723E-17,3.85108611666851E-16,0.005));
#6213=CARTESIAN_POINT('',(0.025807895333211,0.00413047504371771,0.005));
#6214=CARTESIAN_POINT('',(0.025807895333211,0.00413047504371773,0.005));
#6215=CARTESIAN_POINT('',(0.025807895333211,0.00413047504371773,0.));
#6216=CARTESIAN_POINT('',(1.2001140209723E-17,3.85108611666851E-16,0.005));
#6217=CARTESIAN_POINT('',(0.0255572453845306,0.00547133383843824,0.005));
#6218=CARTESIAN_POINT('',(0.0255572453845306,0.00547133383843831,0.005));
#6219=CARTESIAN_POINT('',(0.0255572453845306,0.00547133383843824,0.));
#6220=CARTESIAN_POINT('',(1.2001140209723E-17,3.85108611666851E-16,0.));
#6221=CARTESIAN_POINT('',(1.2001140209723E-17,3.85108611666851E-16,0.005));
#6222=CARTESIAN_POINT('',(0.0246094940743675,0.00880233418022821,0.005));
#6223=CARTESIAN_POINT('',(0.0246094940743675,0.00880233418022837,0.005));
#6224=CARTESIAN_POINT('',(0.0246094940743675,0.00880233418022837,0.));
#6225=CARTESIAN_POINT('',(1.2001140209723E-17,3.85108611666851E-16,0.005));
#6226=CARTESIAN_POINT('',(0.0241167297603877,0.0100743054987023,0.005));
#6227=CARTESIAN_POINT('',(0.0241167297603876,0.0100743054987024,0.005));
#6228=CARTESIAN_POINT('',(0.0241167297603877,0.0100743054987023,0.));
#6229=CARTESIAN_POINT('',(1.2001140209723E-17,3.85108611666851E-16,0.));
#6230=CARTESIAN_POINT('',(1.2001140209723E-17,3.85108611666851E-16,0.005));
#6231=CARTESIAN_POINT('',(0.0225730460106565,0.0131744403834673,0.005));
#6232=CARTESIAN_POINT('',(0.0225730460106565,0.0131744403834674,0.005));
#6233=CARTESIAN_POINT('',(0.0225730460106565,0.0131744403834674,0.));
#6234=CARTESIAN_POINT('',(1.2001140209723E-17,3.85108611666851E-16,0.005));
#6235=CARTESIAN_POINT('',(0.021854947829084,0.0143342087680057,0.005));
#6236=CARTESIAN_POINT('',(0.0218549478290839,0.0143342087680059,0.005));
#6237=CARTESIAN_POINT('',(0.021854947829084,0.0143342087680057,0.));
#6238=CARTESIAN_POINT('',(1.2001140209723E-17,3.85108611666851E-16,0.));
#6239=CARTESIAN_POINT('',(1.2001140209723E-17,3.85108611666851E-16,0.005));
#6240=CARTESIAN_POINT('',(0.019767899938437,0.017097906820447,0.005));
#6241=CARTESIAN_POINT('',(0.019767899938437,0.0170979068204472,0.005));
#6242=CARTESIAN_POINT('',(0.019767899938437,0.0170979068204472,0.));
#6243=CARTESIAN_POINT('',(1.2001140209723E-17,3.85108611666851E-16,0.005));
#6244=CARTESIAN_POINT('',(0.0188489218615816,0.0181059777497033,0.005));
#6245=CARTESIAN_POINT('',(0.0188489218615815,0.0181059777497034,0.005));
#6246=CARTESIAN_POINT('',(0.0188489218615816,0.0181059777497033,0.));
#6247=CARTESIAN_POINT('',(1.2001140209723E-17,3.85108611666851E-16,0.));
#6248=CARTESIAN_POINT('',(1.2001140209723E-17,3.85108611666851E-16,0.005));
#6249=CARTESIAN_POINT('',(0.0162895817427969,0.0204391245473353,0.005));
#6250=CARTESIAN_POINT('',(0.0162895817427968,0.0204391245473355,0.005));
#6251=CARTESIAN_POINT('',(0.0162895817427968,0.0204391245473355,0.));
#6252=CARTESIAN_POINT('',(1.2001140209723E-17,3.85108611666851E-16,0.005));
#6253=CARTESIAN_POINT('',(0.0152010184668731,0.0212611693748615,0.005));
#6254=CARTESIAN_POINT('',(0.0152010184668729,0.0212611693748616,0.005));
#6255=CARTESIAN_POINT('',(0.0152010184668731,0.0212611693748615,0.));
#6256=CARTESIAN_POINT('',(1.2001140209723E-17,3.85108611666851E-16,0.));
#6257=CARTESIAN_POINT('',(1.2001140209723E-17,3.85108611666851E-16,0.005));
#6258=CARTESIAN_POINT('',(0.0122565413781056,0.0230843124017921,0.005));
#6259=CARTESIAN_POINT('',(0.0122565413781055,0.0230843124017924,0.005));
#6260=CARTESIAN_POINT('',(0.0122565413781055,0.0230843124017924,0.));
#6261=CARTESIAN_POINT('',(1.2001140209723E-17,3.85108611666851E-16,0.005));
#6262=CARTESIAN_POINT('',(0.0110354626198873,0.0236923373769207,0.005));
#6263=CARTESIAN_POINT('',(0.011035462619887,0.0236923373769208,0.005));
#6264=CARTESIAN_POINT('',(0.0110354626198873,0.0236923373769207,0.));
#6265=CARTESIAN_POINT('',(1.2001140209723E-17,3.85108611666851E-16,0.));
#6266=CARTESIAN_POINT('',(1.2001140209723E-17,3.85108611666851E-16,0.005));
#6267=CARTESIAN_POINT('',(0.00780611919688415,0.0249433916839868,0.005));
#6268=CARTESIAN_POINT('',(0.00780611919688393,0.024943391683987,0.005));
#6269=CARTESIAN_POINT('',(0.00780611919688393,0.024943391683987,0.));
#6270=CARTESIAN_POINT('',(1.2001140209723E-17,3.85108611666851E-16,0.005));
#6271=CARTESIAN_POINT('',(0.0064941073289597,0.0253166912454356,0.005));
#6272=CARTESIAN_POINT('',(0.00649410732895947,0.0253166912454357,0.005));
#6273=CARTESIAN_POINT('',(0.0064941073289597,0.0253166912454356,0.));
#6274=CARTESIAN_POINT('',(1.2001140209723E-17,3.85108611666851E-16,0.));
#6275=CARTESIAN_POINT('',(1.2001140209723E-17,3.85108611666851E-16,0.005));
#6276=CARTESIAN_POINT('',(0.00308986898882079,0.0259530536786843,0.005));
#6277=CARTESIAN_POINT('',(0.00308986898882052,0.0259530536786845,0.005));
#6278=CARTESIAN_POINT('',(0.00308986898882052,0.0259530536786845,0.));
#6279=CARTESIAN_POINT('',(1.2001140209723E-17,3.85108611666851E-16,0.005));
#6280=CARTESIAN_POINT('',(0.00173160300176776,0.0260789155576116,0.005));
#6281=CARTESIAN_POINT('',(0.00173160300176746,0.0260789155576116,0.005));
#6282=CARTESIAN_POINT('',(0.00173160300176776,0.0260789155576116,0.));
#6283=CARTESIAN_POINT('',(1.2001140209723E-17,3.85108611666851E-16,0.));
#6284=CARTESIAN_POINT('',(1.2001140209723E-17,3.85108611666851E-16,0.005));
#6285=CARTESIAN_POINT('',(1.2001140209723E-17,3.85108611666851E-16,0.005));
#6286=CARTESIAN_POINT('',(-0.00308986898882055,0.0259530536786847,0.005));
#6287=CARTESIAN_POINT('',(-0.00173160300176775,0.0260789155576114,0.005));
#6288=CARTESIAN_POINT('',(-0.00308986898882085,0.0259530536786847,0.005));
#6289=CARTESIAN_POINT('',(-0.00308986898882055,0.0259530536786847,0.));
#6290=CARTESIAN_POINT('',(1.2001140209723E-17,3.85108611666851E-16,0.));
#6291=CARTESIAN_POINT('',(-0.00173160300176775,0.0260789155576114,0.));
#6292=CARTESIAN_POINT('',(-0.00173160300176745,0.0260789155576112,0.005));
#6293=CARTESIAN_POINT('',(1.70693354758577E-18,0.,0.005));
#6294=CARTESIAN_POINT('',(1.70693354758577E-18,0.,0.005));
#6295=CARTESIAN_POINT('',(-0.0278763403256222,0.,0.005));
#6296=CARTESIAN_POINT('',(1.70693354758577E-18,0.,0.));
#6297=CARTESIAN_POINT('',(-0.0278763403256222,0.,0.));
#6298=CARTESIAN_POINT('',(0.,0.,0.005));
#6299=CARTESIAN_POINT('',(0.00194359168341846,0.0257163403256222,0.005));
#6300=CARTESIAN_POINT('',(0.001525,0.0257507060436115,0.005));
#6301=CARTESIAN_POINT('',(0.00281486679327019,0.0256356047970634,0.005));
#6302=CARTESIAN_POINT('',(0.00323264584193187,0.025592469353408,0.005));
#6303=CARTESIAN_POINT('',(0.00792074586999364,0.0251084257536651,0.005));
#6304=CARTESIAN_POINT('',(0.00320783933532652,0.0251414723125872,0.005));
#6305=CARTESIAN_POINT('',(0.00469780270716741,0.0251310247974504,0.005));
#6306=CARTESIAN_POINT('',(0.00609092625201428,0.0246025299641802,0.005));
#6307=CARTESIAN_POINT('',(0.0016843339946519,0.0262742131748754,0.005));
#6308=CARTESIAN_POINT('',(0.0062307137959678,0.0250320333240675,0.005));
#6309=CARTESIAN_POINT('',(0.00663586347640958,0.0249213367277426,0.005));
#6310=CARTESIAN_POINT('',(0.00747746835737467,0.0246818794936596,0.005));
#6311=CARTESIAN_POINT('',(0.00788020780684818,0.024562711814158,0.005));
#6312=CARTESIAN_POINT('',(0.0123995412450053,0.0232254738569043,0.005));
#6313=CARTESIAN_POINT('',(0.00777295318937045,0.0241239520386216,0.005));
#6314=CARTESIAN_POINT('',(0.00923562737753558,0.0238399023611434,0.005));
#6315=CARTESIAN_POINT('',(0.0105079196758743,0.0230644203770923,0.005));
#6316=CARTESIAN_POINT('',(0.0064835290095191,0.0255173492069036,0.005));
#6317=CARTESIAN_POINT('',(0.0107242481065314,0.0234609247322872,0.005));
#6318=CARTESIAN_POINT('',(0.0111021588975526,0.0232776668974485,0.005));
#6319=CARTESIAN_POINT('',(0.0118854337048035,0.0228876423867509,0.005));
#6320=CARTESIAN_POINT('',(0.0122594187461697,0.0226965005838026,0.005));
#6321=CARTESIAN_POINT('',(0.0164560851145287,0.0205516063038324,0.005));
#6322=CARTESIAN_POINT('',(0.0120733684451801,0.0222849195114719,0.005));
#6323=CARTESIAN_POINT('',(0.0134589438344759,0.021736940642739,0.005));
#6324=CARTESIAN_POINT('',(0.014567078498033,0.0207408796167858,0.005));
#6325=CARTESIAN_POINT('',(0.011061935220103,0.0238915225163777,0.005));
#6326=CARTESIAN_POINT('',(0.014852581010145,0.0210908824870266,0.005));
#6327=CARTESIAN_POINT('',(0.0151903836130114,0.0208413040394461,0.005));
#6328=CARTESIAN_POINT('',(0.0158886548624218,0.0203139940690628,0.005));
#6329=CARTESIAN_POINT('',(0.0162211498836426,0.0200573872475178,0.005));
#6330=CARTESIAN_POINT('',(0.0199522367423756,0.0171778784470181,0.005));
#6331=CARTESIAN_POINT('',(0.0159626396189985,0.0196870007781744,0.005));
#6332=CARTESIAN_POINT('',(0.017223932101357,0.018893753481333,0.005));
#6333=CARTESIAN_POINT('',(0.0181301729332262,0.0177110330770729,0.005));
#6334=CARTESIAN_POINT('',(0.0152636404940954,0.0214520986812794,0.005));
#6335=CARTESIAN_POINT('',(0.0184751270811657,0.0180026155343958,0.005));
#6336=CARTESIAN_POINT('',(0.0187613180333862,0.0176952155687694,0.005));
#6337=CARTESIAN_POINT('',(0.0193508069350414,0.0170485770473031,0.005));
#6338=CARTESIAN_POINT('',(0.0196304892169529,0.0167352436447033,0.005));
#6339=CARTESIAN_POINT('',(0.0227689388780312,0.0132191785422852,0.005));
#6340=CARTESIAN_POINT('',(0.019308322245668,0.0164186648453306,0.005));
#6341=CARTESIAN_POINT('',(0.020402380018356,0.0154071622056796,0.005));
#6342=CARTESIAN_POINT('',(0.021075866073924,0.0140780585479631,0.005));
#6343=CARTESIAN_POINT('',(0.0189455607977802,0.0182821493545466,0.005));
#6344=CARTESIAN_POINT('',(0.0214685248579096,0.0143012911014985,0.005));
#6345=CARTESIAN_POINT('',(0.0216933582698546,0.01394653775497,0.005));
#6346=CARTESIAN_POINT('',(0.022153990486223,0.0132025911817119,0.005));
#6347=CARTESIAN_POINT('',(0.0223713357841567,0.0128432013912808,0.005));
#6348=CARTESIAN_POINT('',(0.0248102721085277,0.00881031536695178,0.005));
#6349=CARTESIAN_POINT('',(0.0219964831160414,0.0125912109731973,0.005));
#6350=CARTESIAN_POINT('',(0.0228860493537877,0.0113958984999662,0.005));
#6351=CARTESIAN_POINT('',(0.0233038458731896,0.00996567261977256,0.005));
#6352=CARTESIAN_POINT('',(0.0219823127511923,0.0144896233585661,0.005));
#6353=CARTESIAN_POINT('',(0.0237308377692752,0.0101129533526479,0.005));
#6354=CARTESIAN_POINT('',(0.0238866572087588,0.00972292732495354,0.005));
#6355=CARTESIAN_POINT('',(0.0242027464621791,0.00890700690819037,0.005));
#6356=CARTESIAN_POINT('',(0.0243503533426908,0.00851379931820053,0.005));
#6357=CARTESIAN_POINT('',(0.0260067212790098,0.00410142746860545,0.005));
#6358=CARTESIAN_POINT('',(0.0239355801357715,0.00833497851286485,0.005));
#6359=CARTESIAN_POINT('',(0.0245903617272668,0.00699656113871024,0.005));
#6360=CARTESIAN_POINT('',(0.0247382411511261,0.00551391766302262,0.005));
#6361=CARTESIAN_POINT('',(0.0242704834087407,0.0102036706174974,0.005));
#6362=CARTESIAN_POINT('',(0.0251850254624107,0.00558023110652342,0.005));
#6363=CARTESIAN_POINT('',(0.0252665246853062,0.00516821426625177,0.005));
#6364=CARTESIAN_POINT('',(0.0254273069353607,0.00430810519718768,0.005));
#6365=CARTESIAN_POINT('',(0.0255001488231695,0.00389447002051571,0.005));
#6366=CARTESIAN_POINT('',(0.0263175427479595,-0.000747129623064215,0.005));
#6367=CARTESIAN_POINT('',(0.0250595796815422,0.00379490835598158,0.005));
#6368=CARTESIAN_POINT('',(0.025457278825012,0.00235896427932562,0.005));
#6369=CARTESIAN_POINT('',(0.0253302052969109,0.000874392853473721,0.005));
#6370=CARTESIAN_POINT('',(0.0257321518630408,0.00557024411150381,0.005));
#6371=CARTESIAN_POINT('',(0.0257815673195325,0.000857480782815826,0.005));
#6372=CARTESIAN_POINT('',(0.0257859709675517,0.000437503869302567,0.005));
#6373=CARTESIAN_POINT('',(0.0257859709675517,-0.000437503869302544,0.005));
#6374=CARTESIAN_POINT('',(0.0257815673195325,-0.000857480782815816,0.005));
#6375=CARTESIAN_POINT('',(0.0257321518630408,-0.00557024411150362,0.005));
#6376=CARTESIAN_POINT('',(0.0253302052969109,-0.000874392853473721,0.005));
#6377=CARTESIAN_POINT('',(0.025457278825012,-0.00235896427932562,0.005));
#6378=CARTESIAN_POINT('',(0.0250595796815422,-0.00379490835598159,0.005));
#6379=CARTESIAN_POINT('',(0.0263175427479595,0.0007471296230644,0.005));
#6380=CARTESIAN_POINT('',(0.0255001488231695,-0.0038944700205157,0.005));
#6381=CARTESIAN_POINT('',(0.0254273069353607,-0.00430810519718766,0.005));
#6382=CARTESIAN_POINT('',(0.0252665246853062,-0.00516821426625175,0.005));
#6383=CARTESIAN_POINT('',(0.0251850254624107,-0.00558023110652339,0.005));
#6384=CARTESIAN_POINT('',(0.0242704834087407,-0.0102036706174972,0.005));
#6385=CARTESIAN_POINT('',(0.0247382411511261,-0.00551391766302263,0.005));
#6386=CARTESIAN_POINT('',(0.0245903617272668,-0.00699656113871025,0.005));
#6387=CARTESIAN_POINT('',(0.0239355801357715,-0.00833497851286488,0.005));
#6388=CARTESIAN_POINT('',(0.0260067212790099,-0.00410142746860527,0.005));
#6389=CARTESIAN_POINT('',(0.0243503533426908,-0.00851379931820053,0.005));
#6390=CARTESIAN_POINT('',(0.0242027464621791,-0.00890700690819035,0.005));
#6391=CARTESIAN_POINT('',(0.0238866572087588,-0.00972292732495352,0.005));
#6392=CARTESIAN_POINT('',(0.0237308377692752,-0.0101129533526479,0.005));
#6393=CARTESIAN_POINT('',(0.0219823127511923,-0.014489623358566,0.005));
#6394=CARTESIAN_POINT('',(0.0233038458731896,-0.00996567261977256,0.005));
#6395=CARTESIAN_POINT('',(0.0228860493537877,-0.0113958984999662,0.005));
#6396=CARTESIAN_POINT('',(0.0219964831160413,-0.0125912109731974,0.005));
#6397=CARTESIAN_POINT('',(0.0248102721085278,-0.00881031536695162,0.005));
#6398=CARTESIAN_POINT('',(0.0223713357841567,-0.0128432013912808,0.005));
#6399=CARTESIAN_POINT('',(0.022153990486223,-0.0132025911817119,0.005));
#6400=CARTESIAN_POINT('',(0.0216933582698547,-0.01394653775497,0.005));
#6401=CARTESIAN_POINT('',(0.0214685248579097,-0.0143012911014985,0.005));
#6402=CARTESIAN_POINT('',(0.0189455607977803,-0.0182821493545465,0.005));
#6403=CARTESIAN_POINT('',(0.021075866073924,-0.0140780585479631,0.005));
#6404=CARTESIAN_POINT('',(0.020402380018356,-0.0154071622056796,0.005));
#6405=CARTESIAN_POINT('',(0.019308322245668,-0.0164186648453307,0.005));
#6406=CARTESIAN_POINT('',(0.0227689388780313,-0.013219178542285,0.005));
#6407=CARTESIAN_POINT('',(0.0196304892169529,-0.0167352436447033,0.005));
#6408=CARTESIAN_POINT('',(0.0193508069350414,-0.017048577047303,0.005));
#6409=CARTESIAN_POINT('',(0.0187613180333862,-0.0176952155687694,0.005));
#6410=CARTESIAN_POINT('',(0.0184751270811657,-0.0180026155343958,0.005));
#6411=CARTESIAN_POINT('',(0.0152636404940955,-0.0214520986812793,0.005));
#6412=CARTESIAN_POINT('',(0.0181301729332262,-0.0177110330770729,0.005));
#6413=CARTESIAN_POINT('',(0.017223932101357,-0.018893753481333,0.005));
#6414=CARTESIAN_POINT('',(0.0159626396189986,-0.0196870007781744,0.005));
#6415=CARTESIAN_POINT('',(0.0199522367423757,-0.017177878447018,0.005));
#6416=CARTESIAN_POINT('',(0.0162211498836426,-0.0200573872475177,0.005));
#6417=CARTESIAN_POINT('',(0.0158886548624219,-0.0203139940690627,0.005));
#6418=CARTESIAN_POINT('',(0.0151903836130115,-0.0208413040394461,0.005));
#6419=CARTESIAN_POINT('',(0.0148525810101451,-0.0210908824870266,0.005));
#6420=CARTESIAN_POINT('',(0.0110619352201032,-0.0238915225163776,0.005));
#6421=CARTESIAN_POINT('',(0.0145670784980331,-0.0207408796167857,0.005));
#6422=CARTESIAN_POINT('',(0.0134589438344759,-0.021736940642739,0.005));
#6423=CARTESIAN_POINT('',(0.0120733684451801,-0.022284919511472,0.005));
#6424=CARTESIAN_POINT('',(0.0164560851145289,-0.0205516063038322,0.005));
#6425=CARTESIAN_POINT('',(0.0122594187461698,-0.0226965005838026,0.005));
#6426=CARTESIAN_POINT('',(0.0118854337048036,-0.0228876423867509,0.005));
#6427=CARTESIAN_POINT('',(0.0111021588975526,-0.0232776668974485,0.005));
#6428=CARTESIAN_POINT('',(0.0107242481065314,-0.0234609247322872,0.005));
#6429=CARTESIAN_POINT('',(0.00648352900951925,-0.0255173492069035,0.005));
#6430=CARTESIAN_POINT('',(0.0105079196758743,-0.0230644203770922,0.005));
#6431=CARTESIAN_POINT('',(0.00923562737753556,-0.0238399023611434,0.005));
#6432=CARTESIAN_POINT('',(0.00777295318937041,-0.0241239520386216,0.005));
#6433=CARTESIAN_POINT('',(0.0123995412450054,-0.0232254738569043,0.005));
#6434=CARTESIAN_POINT('',(0.00788020780684815,-0.024562711814158,0.005));
#6435=CARTESIAN_POINT('',(0.00747746835737467,-0.0246818794936596,0.005));
#6436=CARTESIAN_POINT('',(0.00663586347640959,-0.0249213367277426,0.005));
#6437=CARTESIAN_POINT('',(0.0062307137959678,-0.0250320333240674,0.005));
#6438=CARTESIAN_POINT('',(0.00168433399465207,-0.0262742131748753,0.005));
#6439=CARTESIAN_POINT('',(0.00609092625201424,-0.0246025299641802,0.005));
#6440=CARTESIAN_POINT('',(0.0046978027071674,-0.0251310247974504,0.005));
#6441=CARTESIAN_POINT('',(0.00320783933532651,-0.0251414723125872,0.005));
#6442=CARTESIAN_POINT('',(0.00792074586999382,-0.0251084257536651,0.005));
#6443=CARTESIAN_POINT('',(0.00323264584193187,-0.025592469353408,0.005));
#6444=CARTESIAN_POINT('',(0.0028148667932702,-0.0256356047970634,0.005));
#6445=CARTESIAN_POINT('',(0.00194359168341846,-0.0257163403256222,0.005));
#6446=CARTESIAN_POINT('',(0.001525,-0.0257507060436115,0.005));
#6447=CARTESIAN_POINT('',(-0.003172218994267,-0.0261363403256222,0.005));
#6448=CARTESIAN_POINT('',(0.00146651363990268,-0.0253028299008201,0.005));
#6449=CARTESIAN_POINT('',(-2.96326487274727E-18,-0.0255663403256222,0.005));
#6450=CARTESIAN_POINT('',(-0.00146651363990267,-0.0253028299008201,0.005));
#6451=CARTESIAN_POINT('',(0.00317221899426719,-0.0261363403256223,0.005));
#6452=CARTESIAN_POINT('',(-0.001525,-0.0257507060436115,0.005));
#6453=CARTESIAN_POINT('',(-0.00194359168341845,-0.0257163403256222,0.005));
#6454=CARTESIAN_POINT('',(-0.00281486679327019,-0.0256356047970634,0.005));
#6455=CARTESIAN_POINT('',(-0.00323264584193186,-0.025592469353408,0.005));
#6456=CARTESIAN_POINT('',(-0.00792074586999363,-0.0251084257536651,0.005));
#6457=CARTESIAN_POINT('',(-0.00320783933532652,-0.0251414723125872,0.005));
#6458=CARTESIAN_POINT('',(-0.00469780270716741,-0.0251310247974504,0.005));
#6459=CARTESIAN_POINT('',(-0.00609092625201425,-0.0246025299641801,0.005));
#6460=CARTESIAN_POINT('',(-0.00168433399465189,-0.0262742131748754,0.005));
#6461=CARTESIAN_POINT('',(-0.00623071379596778,-0.0250320333240674,0.005));
#6462=CARTESIAN_POINT('',(-0.00663586347640958,-0.0249213367277426,0.005));
#6463=CARTESIAN_POINT('',(-0.00747746835737467,-0.0246818794936596,0.005));
#6464=CARTESIAN_POINT('',(-0.00788020780684818,-0.024562711814158,0.005));
#6465=CARTESIAN_POINT('',(-0.0123995412450053,-0.0232254738569043,0.005));
#6466=CARTESIAN_POINT('',(-0.00777295318937045,-0.0241239520386216,0.005));
#6467=CARTESIAN_POINT('',(-0.00923562737753558,-0.0238399023611434,0.005));
#6468=CARTESIAN_POINT('',(-0.0105079196758743,-0.0230644203770923,0.005));
#6469=CARTESIAN_POINT('',(-0.0064835290095191,-0.0255173492069036,0.005));
#6470=CARTESIAN_POINT('',(-0.0107242481065314,-0.0234609247322871,0.005));
#6471=CARTESIAN_POINT('',(-0.0111021588975526,-0.0232776668974485,0.005));
#6472=CARTESIAN_POINT('',(-0.0118854337048035,-0.0228876423867509,0.005));
#6473=CARTESIAN_POINT('',(-0.0122594187461697,-0.0226965005838026,0.005));
#6474=CARTESIAN_POINT('',(-0.0164560851145287,-0.0205516063038323,0.005));
#6475=CARTESIAN_POINT('',(-0.0120733684451801,-0.022284919511472,0.005));
#6476=CARTESIAN_POINT('',(-0.0134589438344759,-0.021736940642739,0.005));
#6477=CARTESIAN_POINT('',(-0.014567078498033,-0.0207408796167858,0.005));
#6478=CARTESIAN_POINT('',(-0.0110619352201031,-0.0238915225163777,0.005));
#6479=CARTESIAN_POINT('',(-0.014852581010145,-0.0210908824870266,0.005));
#6480=CARTESIAN_POINT('',(-0.0151903836130114,-0.0208413040394461,0.005));
#6481=CARTESIAN_POINT('',(-0.0158886548624218,-0.0203139940690627,0.005));
#6482=CARTESIAN_POINT('',(-0.0162211498836426,-0.0200573872475177,0.005));
#6483=CARTESIAN_POINT('',(-0.0199522367423756,-0.0171778784470181,0.005));
#6484=CARTESIAN_POINT('',(-0.0159626396189986,-0.0196870007781743,0.005));
#6485=CARTESIAN_POINT('',(-0.017223932101357,-0.0188937534813329,0.005));
#6486=CARTESIAN_POINT('',(-0.0181301729332261,-0.0177110330770728,0.005));
#6487=CARTESIAN_POINT('',(-0.0152636404940954,-0.0214520986812794,0.005));
#6488=CARTESIAN_POINT('',(-0.0184751270811656,-0.0180026155343958,0.005));
#6489=CARTESIAN_POINT('',(-0.0187613180333861,-0.0176952155687694,0.005));
#6490=CARTESIAN_POINT('',(-0.0193508069350414,-0.0170485770473031,0.005));
#6491=CARTESIAN_POINT('',(-0.0196304892169529,-0.0167352436447033,0.005));
#6492=CARTESIAN_POINT('',(-0.0227689388780312,-0.0132191785422852,0.005));
#6493=CARTESIAN_POINT('',(-0.019308322245668,-0.0164186648453306,0.005));
#6494=CARTESIAN_POINT('',(-0.020402380018356,-0.0154071622056796,0.005));
#6495=CARTESIAN_POINT('',(-0.021075866073924,-0.0140780585479631,0.005));
#6496=CARTESIAN_POINT('',(-0.0189455607977802,-0.0182821493545466,0.005));
#6497=CARTESIAN_POINT('',(-0.0214685248579096,-0.0143012911014985,0.005));
#6498=CARTESIAN_POINT('',(-0.0216933582698546,-0.01394653775497,0.005));
#6499=CARTESIAN_POINT('',(-0.022153990486223,-0.0132025911817119,0.005));
#6500=CARTESIAN_POINT('',(-0.0223713357841567,-0.0128432013912808,0.005));
#6501=CARTESIAN_POINT('',(-0.0248102721085277,-0.00881031536695177,0.005));
#6502=CARTESIAN_POINT('',(-0.0219964831160414,-0.0125912109731973,0.005));
#6503=CARTESIAN_POINT('',(-0.0228860493537877,-0.0113958984999662,0.005));
#6504=CARTESIAN_POINT('',(-0.0233038458731896,-0.0099656726197726,0.005));
#6505=CARTESIAN_POINT('',(-0.0219823127511922,-0.0144896233585661,0.005));
#6506=CARTESIAN_POINT('',(-0.0237308377692752,-0.0101129533526478,0.005));
#6507=CARTESIAN_POINT('',(-0.0238866572087588,-0.00972292732495353,0.005));
#6508=CARTESIAN_POINT('',(-0.0242027464621791,-0.00890700690819032,0.005));
#6509=CARTESIAN_POINT('',(-0.0243503533426908,-0.00851379931820049,0.005));
#6510=CARTESIAN_POINT('',(-0.0260067212790098,-0.0041014274686054,0.005));
#6511=CARTESIAN_POINT('',(-0.0239355801357715,-0.00833497851286481,0.005));
#6512=CARTESIAN_POINT('',(-0.0245903617272668,-0.0069965611387102,0.005));
#6513=CARTESIAN_POINT('',(-0.0247382411511261,-0.00551391766302262,0.005));
#6514=CARTESIAN_POINT('',(-0.0242704834087407,-0.0102036706174974,0.005));
#6515=CARTESIAN_POINT('',(-0.0251850254624107,-0.00558023110652337,0.005));
#6516=CARTESIAN_POINT('',(-0.0252665246853062,-0.00516821426625172,0.005));
#6517=CARTESIAN_POINT('',(-0.0254273069353606,-0.00430810519718767,0.005));
#6518=CARTESIAN_POINT('',(-0.0255001488231694,-0.0038944700205157,0.005));
#6519=CARTESIAN_POINT('',(-0.0263175427479595,0.000747129623064218,0.005));
#6520=CARTESIAN_POINT('',(-0.0250595796815422,-0.00379490835598158,0.005));
#6521=CARTESIAN_POINT('',(-0.025457278825012,-0.00235896427932562,0.005));
#6522=CARTESIAN_POINT('',(-0.0253302052969109,-0.000874392853473711,0.005));
#6523=CARTESIAN_POINT('',(-0.0257321518630408,-0.0055702441115038,0.005));
#6524=CARTESIAN_POINT('',(-0.0257815673195325,-0.000857480782815822,0.005));
#6525=CARTESIAN_POINT('',(-0.0257859709675517,-0.000437503869302563,0.005));
#6526=CARTESIAN_POINT('',(-0.0257859709675517,0.000437503869302545,0.005));
#6527=CARTESIAN_POINT('',(-0.0257815673195325,0.000857480782815816,0.005));
#6528=CARTESIAN_POINT('',(-0.0257321518630408,0.00557024411150362,0.005));
#6529=CARTESIAN_POINT('',(-0.0253302052969109,0.000874392853473721,0.005));
#6530=CARTESIAN_POINT('',(-0.025457278825012,0.00235896427932562,0.005));
#6531=CARTESIAN_POINT('',(-0.0250595796815422,0.00379490835598159,0.005));
#6532=CARTESIAN_POINT('',(-0.0263175427479595,-0.0007471296230644,0.005));
#6533=CARTESIAN_POINT('',(-0.0255001488231694,0.0038944700205157,0.005));
#6534=CARTESIAN_POINT('',(-0.0254273069353606,0.00430810519718766,0.005));
#6535=CARTESIAN_POINT('',(-0.0252665246853062,0.00516821426625173,0.005));
#6536=CARTESIAN_POINT('',(-0.0251850254624107,0.00558023110652338,0.005));
#6537=CARTESIAN_POINT('',(-0.0242704834087407,0.0102036706174972,0.005));
#6538=CARTESIAN_POINT('',(-0.0247382411511261,0.0055139176630226,0.005));
#6539=CARTESIAN_POINT('',(-0.0245903617272668,0.00699656113871022,0.005));
#6540=CARTESIAN_POINT('',(-0.0239355801357715,0.00833497851286486,0.005));
#6541=CARTESIAN_POINT('',(-0.0260067212790099,0.00410142746860525,0.005));
#6542=CARTESIAN_POINT('',(-0.0243503533426908,0.00851379931820051,0.005));
#6543=CARTESIAN_POINT('',(-0.0242027464621791,0.00890700690819033,0.005));
#6544=CARTESIAN_POINT('',(-0.0238866572087588,0.00972292732495352,0.005));
#6545=CARTESIAN_POINT('',(-0.0237308377692752,0.0101129533526479,0.005));
#6546=CARTESIAN_POINT('',(-0.0219823127511923,0.014489623358566,0.005));
#6547=CARTESIAN_POINT('',(-0.0233038458731896,0.00996567261977256,0.005));
#6548=CARTESIAN_POINT('',(-0.0228860493537877,0.0113958984999662,0.005));
#6549=CARTESIAN_POINT('',(-0.0219964831160413,0.0125912109731974,0.005));
#6550=CARTESIAN_POINT('',(-0.0248102721085278,0.00881031536695161,0.005));
#6551=CARTESIAN_POINT('',(-0.0223713357841567,0.0128432013912808,0.005));
#6552=CARTESIAN_POINT('',(-0.022153990486223,0.0132025911817119,0.005));
#6553=CARTESIAN_POINT('',(-0.0216933582698546,0.01394653775497,0.005));
#6554=CARTESIAN_POINT('',(-0.0214685248579096,0.0143012911014985,0.005));
#6555=CARTESIAN_POINT('',(-0.0189455607977802,0.0182821493545465,0.005));
#6556=CARTESIAN_POINT('',(-0.021075866073924,0.0140780585479631,0.005));
#6557=CARTESIAN_POINT('',(-0.020402380018356,0.0154071622056796,0.005));
#6558=CARTESIAN_POINT('',(-0.019308322245668,0.0164186648453307,0.005));
#6559=CARTESIAN_POINT('',(-0.0227689388780313,0.013219178542285,0.005));
#6560=CARTESIAN_POINT('',(-0.0196304892169529,0.0167352436447033,0.005));
#6561=CARTESIAN_POINT('',(-0.0193508069350414,0.0170485770473031,0.005));
#6562=CARTESIAN_POINT('',(-0.0187613180333861,0.0176952155687694,0.005));
#6563=CARTESIAN_POINT('',(-0.0184751270811656,0.0180026155343958,0.005));
#6564=CARTESIAN_POINT('',(-0.0152636404940955,0.0214520986812793,0.005));
#6565=CARTESIAN_POINT('',(-0.0181301729332261,0.0177110330770729,0.005));
#6566=CARTESIAN_POINT('',(-0.0172239321013569,0.018893753481333,0.005));
#6567=CARTESIAN_POINT('',(-0.0159626396189985,0.0196870007781743,0.005));
#6568=CARTESIAN_POINT('',(-0.0199522367423757,0.017177878447018,0.005));
#6569=CARTESIAN_POINT('',(-0.0162211498836426,0.0200573872475178,0.005));
#6570=CARTESIAN_POINT('',(-0.0158886548624218,0.0203139940690627,0.005));
#6571=CARTESIAN_POINT('',(-0.0151903836130114,0.0208413040394461,0.005));
#6572=CARTESIAN_POINT('',(-0.014852581010145,0.0210908824870266,0.005));
#6573=CARTESIAN_POINT('',(-0.0110619352201032,0.0238915225163776,0.005));
#6574=CARTESIAN_POINT('',(-0.0145670784980331,0.0207408796167857,0.005));
#6575=CARTESIAN_POINT('',(-0.0134589438344759,0.021736940642739,0.005));
#6576=CARTESIAN_POINT('',(-0.0120733684451801,0.022284919511472,0.005));
#6577=CARTESIAN_POINT('',(-0.0164560851145289,0.0205516063038323,0.005));
#6578=CARTESIAN_POINT('',(-0.0122594187461697,0.0226965005838026,0.005));
#6579=CARTESIAN_POINT('',(-0.0118854337048035,0.0228876423867509,0.005));
#6580=CARTESIAN_POINT('',(-0.0111021588975526,0.0232776668974485,0.005));
#6581=CARTESIAN_POINT('',(-0.0107242481065314,0.0234609247322872,0.005));
#6582=CARTESIAN_POINT('',(-0.00648352900951925,0.0255173492069035,0.005));
#6583=CARTESIAN_POINT('',(-0.0105079196758743,0.0230644203770922,0.005));
#6584=CARTESIAN_POINT('',(-0.00923562737753556,0.0238399023611434,0.005));
#6585=CARTESIAN_POINT('',(-0.00777295318937041,0.0241239520386216,0.005));
#6586=CARTESIAN_POINT('',(-0.0123995412450054,0.0232254738569043,0.005));
#6587=CARTESIAN_POINT('',(-0.00788020780684815,0.024562711814158,0.005));
#6588=CARTESIAN_POINT('',(-0.00747746835737467,0.0246818794936596,0.005));
#6589=CARTESIAN_POINT('',(-0.00663586347640959,0.0249213367277426,0.005));
#6590=CARTESIAN_POINT('',(-0.0062307137959678,0.0250320333240674,0.005));
#6591=CARTESIAN_POINT('',(-0.00168433399465207,0.0262742131748753,0.005));
#6592=CARTESIAN_POINT('',(-0.00609092625201424,0.0246025299641802,0.005));
#6593=CARTESIAN_POINT('',(-0.0046978027071674,0.0251310247974504,0.005));
#6594=CARTESIAN_POINT('',(-0.00320783933532651,0.0251414723125872,0.005));
#6595=CARTESIAN_POINT('',(-0.00792074586999382,0.0251084257536651,0.005));
#6596=CARTESIAN_POINT('',(-0.00323264584193187,0.025592469353408,0.005));
#6597=CARTESIAN_POINT('',(-0.0028148667932702,0.0256356047970634,0.005));
#6598=CARTESIAN_POINT('',(-0.00194359168341846,0.0257163403256222,0.005));
#6599=CARTESIAN_POINT('',(-0.001525,0.0257507060436115,0.005));
#6600=CARTESIAN_POINT('',(0.003172218994267,0.0261363403256222,0.005));
#6601=CARTESIAN_POINT('',(-0.00146651363990268,0.0253028299008201,0.005));
#6602=CARTESIAN_POINT('',(7.22091582548352E-18,0.0255663403256222,0.005));
#6603=CARTESIAN_POINT('',(0.00146651363990267,0.0253028299008201,0.005));
#6604=CARTESIAN_POINT('',(-0.00317221899426719,0.0261363403256223,0.005));
#6605=CARTESIAN_POINT('',(0.,0.,0.));
#6606=CARTESIAN_POINT('',(0.00194359168341846,0.0257163403256222,0.));
#6607=CARTESIAN_POINT('',(0.001525,0.0257507060436115,0.));
#6608=CARTESIAN_POINT('',(-0.00317221899426719,0.0261363403256223,0.));
#6609=CARTESIAN_POINT('',(0.00146651363990268,0.0253028299008201,0.));
#6610=CARTESIAN_POINT('',(7.22091582548352E-18,0.0255663403256222,0.));
#6611=CARTESIAN_POINT('',(-0.00146651363990269,0.0253028299008201,0.));
#6612=CARTESIAN_POINT('',(0.003172218994267,0.0261363403256222,0.));
#6613=CARTESIAN_POINT('',(-0.001525,0.0257507060436115,0.));
#6614=CARTESIAN_POINT('',(-0.00194359168341846,0.0257163403256222,0.));
#6615=CARTESIAN_POINT('',(-0.0028148667932702,0.0256356047970634,0.));
#6616=CARTESIAN_POINT('',(-0.00323264584193187,0.025592469353408,0.));
#6617=CARTESIAN_POINT('',(-0.00792074586999382,0.0251084257536651,0.));
#6618=CARTESIAN_POINT('',(-0.00320783933532651,0.0251414723125872,0.));
#6619=CARTESIAN_POINT('',(-0.0046978027071674,0.0251310247974504,0.));
#6620=CARTESIAN_POINT('',(-0.00609092625201426,0.0246025299641802,0.));
#6621=CARTESIAN_POINT('',(-0.00168433399465207,0.0262742131748753,0.));
#6622=CARTESIAN_POINT('',(-0.0062307137959678,0.0250320333240674,0.));
#6623=CARTESIAN_POINT('',(-0.00663586347640959,0.0249213367277426,0.));
#6624=CARTESIAN_POINT('',(-0.00747746835737467,0.0246818794936596,0.));
#6625=CARTESIAN_POINT('',(-0.00788020780684815,0.024562711814158,0.));
#6626=CARTESIAN_POINT('',(-0.0123995412450054,0.0232254738569043,0.));
#6627=CARTESIAN_POINT('',(-0.00777295318937041,0.0241239520386216,0.));
#6628=CARTESIAN_POINT('',(-0.00923562737753556,0.0238399023611434,0.));
#6629=CARTESIAN_POINT('',(-0.0105079196758743,0.0230644203770923,0.));
#6630=CARTESIAN_POINT('',(-0.00648352900951925,0.0255173492069035,0.));
#6631=CARTESIAN_POINT('',(-0.0107242481065314,0.0234609247322872,0.));
#6632=CARTESIAN_POINT('',(-0.0111021588975526,0.0232776668974485,0.));
#6633=CARTESIAN_POINT('',(-0.0118854337048035,0.0228876423867509,0.));
#6634=CARTESIAN_POINT('',(-0.0122594187461697,0.0226965005838026,0.));
#6635=CARTESIAN_POINT('',(-0.0164560851145289,0.0205516063038323,0.));
#6636=CARTESIAN_POINT('',(-0.0120733684451801,0.022284919511472,0.));
#6637=CARTESIAN_POINT('',(-0.0134589438344759,0.021736940642739,0.));
#6638=CARTESIAN_POINT('',(-0.014567078498033,0.0207408796167857,0.));
#6639=CARTESIAN_POINT('',(-0.0110619352201032,0.0238915225163776,0.));
#6640=CARTESIAN_POINT('',(-0.014852581010145,0.0210908824870266,0.));
#6641=CARTESIAN_POINT('',(-0.0151903836130114,0.0208413040394461,0.));
#6642=CARTESIAN_POINT('',(-0.0158886548624218,0.0203139940690627,0.));
#6643=CARTESIAN_POINT('',(-0.0162211498836426,0.0200573872475178,0.));
#6644=CARTESIAN_POINT('',(-0.0199522367423757,0.017177878447018,0.));
#6645=CARTESIAN_POINT('',(-0.0159626396189985,0.0196870007781744,0.));
#6646=CARTESIAN_POINT('',(-0.0172239321013569,0.018893753481333,0.));
#6647=CARTESIAN_POINT('',(-0.0181301729332261,0.0177110330770729,0.));
#6648=CARTESIAN_POINT('',(-0.0152636404940955,0.0214520986812793,0.));
#6649=CARTESIAN_POINT('',(-0.0184751270811656,0.0180026155343958,0.));
#6650=CARTESIAN_POINT('',(-0.0187613180333861,0.0176952155687694,0.));
#6651=CARTESIAN_POINT('',(-0.0193508069350414,0.0170485770473031,0.));
#6652=CARTESIAN_POINT('',(-0.0196304892169529,0.0167352436447033,0.));
#6653=CARTESIAN_POINT('',(-0.0227689388780313,0.013219178542285,0.));
#6654=CARTESIAN_POINT('',(-0.019308322245668,0.0164186648453306,0.));
#6655=CARTESIAN_POINT('',(-0.020402380018356,0.0154071622056796,0.));
#6656=CARTESIAN_POINT('',(-0.021075866073924,0.0140780585479631,0.));
#6657=CARTESIAN_POINT('',(-0.0189455607977802,0.0182821493545465,0.));
#6658=CARTESIAN_POINT('',(-0.0214685248579096,0.0143012911014985,0.));
#6659=CARTESIAN_POINT('',(-0.0216933582698546,0.01394653775497,0.));
#6660=CARTESIAN_POINT('',(-0.022153990486223,0.0132025911817119,0.));
#6661=CARTESIAN_POINT('',(-0.0223713357841567,0.0128432013912808,0.));
#6662=CARTESIAN_POINT('',(-0.0248102721085278,0.00881031536695161,0.));
#6663=CARTESIAN_POINT('',(-0.0219964831160414,0.0125912109731973,0.));
#6664=CARTESIAN_POINT('',(-0.0228860493537877,0.0113958984999662,0.));
#6665=CARTESIAN_POINT('',(-0.0233038458731896,0.0099656726197726,0.));
#6666=CARTESIAN_POINT('',(-0.0219823127511923,0.014489623358566,0.));
#6667=CARTESIAN_POINT('',(-0.0237308377692752,0.0101129533526479,0.));
#6668=CARTESIAN_POINT('',(-0.0238866572087588,0.00972292732495352,0.));
#6669=CARTESIAN_POINT('',(-0.0242027464621791,0.00890700690819033,0.));
#6670=CARTESIAN_POINT('',(-0.0243503533426908,0.00851379931820051,0.));
#6671=CARTESIAN_POINT('',(-0.0260067212790099,0.00410142746860525,0.));
#6672=CARTESIAN_POINT('',(-0.0239355801357715,0.00833497851286484,0.));
#6673=CARTESIAN_POINT('',(-0.0245903617272668,0.00699656113871022,0.));
#6674=CARTESIAN_POINT('',(-0.0247382411511261,0.0055139176630226,0.));
#6675=CARTESIAN_POINT('',(-0.0242704834087407,0.0102036706174972,0.));
#6676=CARTESIAN_POINT('',(-0.0251850254624107,0.00558023110652338,0.));
#6677=CARTESIAN_POINT('',(-0.0252665246853062,0.00516821426625173,0.));
#6678=CARTESIAN_POINT('',(-0.0254273069353606,0.00430810519718766,0.));
#6679=CARTESIAN_POINT('',(-0.0255001488231694,0.0038944700205157,0.));
#6680=CARTESIAN_POINT('',(-0.0263175427479595,-0.0007471296230644,0.));
#6681=CARTESIAN_POINT('',(-0.0250595796815422,0.00379490835598159,0.));
#6682=CARTESIAN_POINT('',(-0.025457278825012,0.00235896427932562,0.));
#6683=CARTESIAN_POINT('',(-0.0253302052969109,0.000874392853473711,0.));
#6684=CARTESIAN_POINT('',(-0.0257321518630408,0.00557024411150362,0.));
#6685=CARTESIAN_POINT('',(-0.0257815673195325,0.000857480782815816,0.));
#6686=CARTESIAN_POINT('',(-0.0257859709675517,0.000437503869302545,0.));
#6687=CARTESIAN_POINT('',(-0.0257859709675517,-0.000437503869302563,0.));
#6688=CARTESIAN_POINT('',(-0.0257815673195325,-0.000857480782815822,0.));
#6689=CARTESIAN_POINT('',(-0.0257321518630408,-0.0055702441115038,0.));
#6690=CARTESIAN_POINT('',(-0.0253302052969109,-0.000874392853473715,0.));
#6691=CARTESIAN_POINT('',(-0.025457278825012,-0.00235896427932562,0.));
#6692=CARTESIAN_POINT('',(-0.0250595796815422,-0.00379490835598158,0.));
#6693=CARTESIAN_POINT('',(-0.0263175427479595,0.000747129623064218,0.));
#6694=CARTESIAN_POINT('',(-0.0255001488231694,-0.0038944700205157,0.));
#6695=CARTESIAN_POINT('',(-0.0254273069353606,-0.00430810519718767,0.));
#6696=CARTESIAN_POINT('',(-0.0252665246853062,-0.00516821426625172,0.));
#6697=CARTESIAN_POINT('',(-0.0251850254624107,-0.00558023110652337,0.));
#6698=CARTESIAN_POINT('',(-0.0242704834087407,-0.0102036706174974,0.));
#6699=CARTESIAN_POINT('',(-0.0247382411511261,-0.0055139176630226,0.));
#6700=CARTESIAN_POINT('',(-0.0245903617272668,-0.0069965611387102,0.));
#6701=CARTESIAN_POINT('',(-0.0239355801357715,-0.00833497851286484,0.));
#6702=CARTESIAN_POINT('',(-0.0260067212790098,-0.0041014274686054,0.));
#6703=CARTESIAN_POINT('',(-0.0243503533426908,-0.00851379931820049,0.));
#6704=CARTESIAN_POINT('',(-0.0242027464621791,-0.00890700690819032,0.));
#6705=CARTESIAN_POINT('',(-0.0238866572087588,-0.00972292732495353,0.));
#6706=CARTESIAN_POINT('',(-0.0237308377692752,-0.0101129533526478,0.));
#6707=CARTESIAN_POINT('',(-0.0219823127511922,-0.0144896233585661,0.));
#6708=CARTESIAN_POINT('',(-0.0233038458731896,-0.00996567261977258,0.));
#6709=CARTESIAN_POINT('',(-0.0228860493537877,-0.0113958984999662,0.));
#6710=CARTESIAN_POINT('',(-0.0219964831160413,-0.0125912109731973,0.));
#6711=CARTESIAN_POINT('',(-0.0248102721085277,-0.00881031536695177,0.));
#6712=CARTESIAN_POINT('',(-0.0223713357841567,-0.0128432013912808,0.));
#6713=CARTESIAN_POINT('',(-0.022153990486223,-0.0132025911817119,0.));
#6714=CARTESIAN_POINT('',(-0.0216933582698546,-0.01394653775497,0.));
#6715=CARTESIAN_POINT('',(-0.0214685248579096,-0.0143012911014985,0.));
#6716=CARTESIAN_POINT('',(-0.0189455607977802,-0.0182821493545466,0.));
#6717=CARTESIAN_POINT('',(-0.021075866073924,-0.0140780585479631,0.));
#6718=CARTESIAN_POINT('',(-0.020402380018356,-0.0154071622056796,0.));
#6719=CARTESIAN_POINT('',(-0.019308322245668,-0.0164186648453306,0.));
#6720=CARTESIAN_POINT('',(-0.0227689388780312,-0.0132191785422852,0.));
#6721=CARTESIAN_POINT('',(-0.0196304892169529,-0.0167352436447033,0.));
#6722=CARTESIAN_POINT('',(-0.0193508069350414,-0.0170485770473031,0.));
#6723=CARTESIAN_POINT('',(-0.0187613180333861,-0.0176952155687694,0.));
#6724=CARTESIAN_POINT('',(-0.0184751270811656,-0.0180026155343958,0.));
#6725=CARTESIAN_POINT('',(-0.0152636404940954,-0.0214520986812794,0.));
#6726=CARTESIAN_POINT('',(-0.0181301729332261,-0.0177110330770728,0.));
#6727=CARTESIAN_POINT('',(-0.017223932101357,-0.0188937534813329,0.));
#6728=CARTESIAN_POINT('',(-0.0159626396189986,-0.0196870007781743,0.));
#6729=CARTESIAN_POINT('',(-0.0199522367423756,-0.0171778784470181,0.));
#6730=CARTESIAN_POINT('',(-0.0162211498836426,-0.0200573872475177,0.));
#6731=CARTESIAN_POINT('',(-0.0158886548624218,-0.0203139940690627,0.));
#6732=CARTESIAN_POINT('',(-0.0151903836130114,-0.0208413040394461,0.));
#6733=CARTESIAN_POINT('',(-0.014852581010145,-0.0210908824870266,0.));
#6734=CARTESIAN_POINT('',(-0.0110619352201031,-0.0238915225163777,0.));
#6735=CARTESIAN_POINT('',(-0.0145670784980331,-0.0207408796167858,0.));
#6736=CARTESIAN_POINT('',(-0.0134589438344759,-0.021736940642739,0.));
#6737=CARTESIAN_POINT('',(-0.0120733684451801,-0.022284919511472,0.));
#6738=CARTESIAN_POINT('',(-0.0164560851145287,-0.0205516063038323,0.));
#6739=CARTESIAN_POINT('',(-0.0122594187461697,-0.0226965005838026,0.));
#6740=CARTESIAN_POINT('',(-0.0118854337048035,-0.0228876423867509,0.));
#6741=CARTESIAN_POINT('',(-0.0111021588975526,-0.0232776668974485,0.));
#6742=CARTESIAN_POINT('',(-0.0107242481065314,-0.0234609247322871,0.));
#6743=CARTESIAN_POINT('',(-0.0064835290095191,-0.0255173492069036,0.));
#6744=CARTESIAN_POINT('',(-0.0105079196758743,-0.0230644203770923,0.));
#6745=CARTESIAN_POINT('',(-0.00923562737753558,-0.0238399023611434,0.));
#6746=CARTESIAN_POINT('',(-0.00777295318937046,-0.0241239520386216,0.));
#6747=CARTESIAN_POINT('',(-0.0123995412450053,-0.0232254738569043,0.));
#6748=CARTESIAN_POINT('',(-0.00788020780684818,-0.024562711814158,0.));
#6749=CARTESIAN_POINT('',(-0.00747746835737467,-0.0246818794936596,0.));
#6750=CARTESIAN_POINT('',(-0.00663586347640958,-0.0249213367277426,0.));
#6751=CARTESIAN_POINT('',(-0.00623071379596778,-0.0250320333240674,0.));
#6752=CARTESIAN_POINT('',(-0.00168433399465189,-0.0262742131748754,0.));
#6753=CARTESIAN_POINT('',(-0.00609092625201425,-0.0246025299641801,0.));
#6754=CARTESIAN_POINT('',(-0.00469780270716741,-0.0251310247974504,0.));
#6755=CARTESIAN_POINT('',(-0.00320783933532651,-0.0251414723125872,0.));
#6756=CARTESIAN_POINT('',(-0.00792074586999363,-0.0251084257536651,0.));
#6757=CARTESIAN_POINT('',(-0.00323264584193186,-0.025592469353408,0.));
#6758=CARTESIAN_POINT('',(-0.00281486679327019,-0.0256356047970634,0.));
#6759=CARTESIAN_POINT('',(-0.00194359168341845,-0.0257163403256222,0.));
#6760=CARTESIAN_POINT('',(-0.001525,-0.0257507060436115,0.));
#6761=CARTESIAN_POINT('',(0.00317221899426719,-0.0261363403256223,0.));
#6762=CARTESIAN_POINT('',(-0.00146651363990268,-0.0253028299008201,0.));
#6763=CARTESIAN_POINT('',(-2.96326487274727E-18,-0.0255663403256222,0.));
#6764=CARTESIAN_POINT('',(0.00146651363990269,-0.0253028299008201,0.));
#6765=CARTESIAN_POINT('',(-0.003172218994267,-0.0261363403256222,0.));
#6766=CARTESIAN_POINT('',(0.001525,-0.0257507060436115,0.));
#6767=CARTESIAN_POINT('',(0.00194359168341846,-0.0257163403256222,0.));
#6768=CARTESIAN_POINT('',(0.0028148667932702,-0.0256356047970634,0.));
#6769=CARTESIAN_POINT('',(0.00323264584193187,-0.025592469353408,0.));
#6770=CARTESIAN_POINT('',(0.00792074586999382,-0.0251084257536651,0.));
#6771=CARTESIAN_POINT('',(0.00320783933532651,-0.0251414723125872,0.));
#6772=CARTESIAN_POINT('',(0.0046978027071674,-0.0251310247974504,0.));
#6773=CARTESIAN_POINT('',(0.00609092625201426,-0.0246025299641802,0.));
#6774=CARTESIAN_POINT('',(0.00168433399465207,-0.0262742131748753,0.));
#6775=CARTESIAN_POINT('',(0.0062307137959678,-0.0250320333240674,0.));
#6776=CARTESIAN_POINT('',(0.00663586347640959,-0.0249213367277426,0.));
#6777=CARTESIAN_POINT('',(0.00747746835737467,-0.0246818794936596,0.));
#6778=CARTESIAN_POINT('',(0.00788020780684815,-0.024562711814158,0.));
#6779=CARTESIAN_POINT('',(0.0123995412450054,-0.0232254738569043,0.));
#6780=CARTESIAN_POINT('',(0.00777295318937041,-0.0241239520386216,0.));
#6781=CARTESIAN_POINT('',(0.00923562737753556,-0.0238399023611434,0.));
#6782=CARTESIAN_POINT('',(0.0105079196758743,-0.0230644203770923,0.));
#6783=CARTESIAN_POINT('',(0.00648352900951925,-0.0255173492069035,0.));
#6784=CARTESIAN_POINT('',(0.0107242481065314,-0.0234609247322872,0.));
#6785=CARTESIAN_POINT('',(0.0111021588975526,-0.0232776668974485,0.));
#6786=CARTESIAN_POINT('',(0.0118854337048036,-0.0228876423867509,0.));
#6787=CARTESIAN_POINT('',(0.0122594187461698,-0.0226965005838026,0.));
#6788=CARTESIAN_POINT('',(0.0164560851145289,-0.0205516063038322,0.));
#6789=CARTESIAN_POINT('',(0.0120733684451801,-0.022284919511472,0.));
#6790=CARTESIAN_POINT('',(0.0134589438344759,-0.021736940642739,0.));
#6791=CARTESIAN_POINT('',(0.014567078498033,-0.0207408796167858,0.));
#6792=CARTESIAN_POINT('',(0.0110619352201032,-0.0238915225163776,0.));
#6793=CARTESIAN_POINT('',(0.0148525810101451,-0.0210908824870266,0.));
#6794=CARTESIAN_POINT('',(0.0151903836130115,-0.0208413040394461,0.));
#6795=CARTESIAN_POINT('',(0.0158886548624219,-0.0203139940690627,0.));
#6796=CARTESIAN_POINT('',(0.0162211498836426,-0.0200573872475177,0.));
#6797=CARTESIAN_POINT('',(0.0199522367423757,-0.017177878447018,0.));
#6798=CARTESIAN_POINT('',(0.0159626396189986,-0.0196870007781744,0.));
#6799=CARTESIAN_POINT('',(0.017223932101357,-0.018893753481333,0.));
#6800=CARTESIAN_POINT('',(0.0181301729332262,-0.0177110330770729,0.));
#6801=CARTESIAN_POINT('',(0.0152636404940955,-0.0214520986812793,0.));
#6802=CARTESIAN_POINT('',(0.0184751270811657,-0.0180026155343958,0.));
#6803=CARTESIAN_POINT('',(0.0187613180333862,-0.0176952155687694,0.));
#6804=CARTESIAN_POINT('',(0.0193508069350414,-0.017048577047303,0.));
#6805=CARTESIAN_POINT('',(0.0196304892169529,-0.0167352436447033,0.));
#6806=CARTESIAN_POINT('',(0.0227689388780313,-0.013219178542285,0.));
#6807=CARTESIAN_POINT('',(0.019308322245668,-0.0164186648453306,0.));
#6808=CARTESIAN_POINT('',(0.020402380018356,-0.0154071622056796,0.));
#6809=CARTESIAN_POINT('',(0.021075866073924,-0.0140780585479631,0.));
#6810=CARTESIAN_POINT('',(0.0189455607977803,-0.0182821493545465,0.));
#6811=CARTESIAN_POINT('',(0.0214685248579097,-0.0143012911014985,0.));
#6812=CARTESIAN_POINT('',(0.0216933582698547,-0.01394653775497,0.));
#6813=CARTESIAN_POINT('',(0.022153990486223,-0.0132025911817119,0.));
#6814=CARTESIAN_POINT('',(0.0223713357841567,-0.0128432013912808,0.));
#6815=CARTESIAN_POINT('',(0.0248102721085278,-0.00881031536695162,0.));
#6816=CARTESIAN_POINT('',(0.0219964831160413,-0.0125912109731973,0.));
#6817=CARTESIAN_POINT('',(0.0228860493537877,-0.0113958984999662,0.));
#6818=CARTESIAN_POINT('',(0.0233038458731896,-0.0099656726197726,0.));
#6819=CARTESIAN_POINT('',(0.0219823127511923,-0.014489623358566,0.));
#6820=CARTESIAN_POINT('',(0.0237308377692752,-0.0101129533526479,0.));
#6821=CARTESIAN_POINT('',(0.0238866572087588,-0.00972292732495352,0.));
#6822=CARTESIAN_POINT('',(0.0242027464621791,-0.00890700690819035,0.));
#6823=CARTESIAN_POINT('',(0.0243503533426908,-0.00851379931820053,0.));
#6824=CARTESIAN_POINT('',(0.0260067212790099,-0.00410142746860527,0.));
#6825=CARTESIAN_POINT('',(0.0239355801357715,-0.00833497851286487,0.));
#6826=CARTESIAN_POINT('',(0.0245903617272668,-0.00699656113871025,0.));
#6827=CARTESIAN_POINT('',(0.0247382411511261,-0.00551391766302261,0.));
#6828=CARTESIAN_POINT('',(0.0242704834087407,-0.0102036706174972,0.));
#6829=CARTESIAN_POINT('',(0.0251850254624107,-0.00558023110652339,0.));
#6830=CARTESIAN_POINT('',(0.0252665246853062,-0.00516821426625175,0.));
#6831=CARTESIAN_POINT('',(0.0254273069353607,-0.00430810519718766,0.));
#6832=CARTESIAN_POINT('',(0.0255001488231695,-0.0038944700205157,0.));
#6833=CARTESIAN_POINT('',(0.0263175427479595,0.0007471296230644,0.));
#6834=CARTESIAN_POINT('',(0.0250595796815422,-0.00379490835598159,0.));
#6835=CARTESIAN_POINT('',(0.025457278825012,-0.00235896427932562,0.));
#6836=CARTESIAN_POINT('',(0.0253302052969109,-0.000874392853473711,0.));
#6837=CARTESIAN_POINT('',(0.0257321518630408,-0.00557024411150362,0.));
#6838=CARTESIAN_POINT('',(0.0257815673195325,-0.000857480782815816,0.));
#6839=CARTESIAN_POINT('',(0.0257859709675517,-0.000437503869302544,0.));
#6840=CARTESIAN_POINT('',(0.0257859709675517,0.000437503869302567,0.));
#6841=CARTESIAN_POINT('',(0.0257815673195325,0.000857480782815826,0.));
#6842=CARTESIAN_POINT('',(0.0257321518630408,0.00557024411150381,0.));
#6843=CARTESIAN_POINT('',(0.0253302052969109,0.000874392853473721,0.));
#6844=CARTESIAN_POINT('',(0.025457278825012,0.00235896427932562,0.));
#6845=CARTESIAN_POINT('',(0.0250595796815422,0.00379490835598159,0.));
#6846=CARTESIAN_POINT('',(0.0263175427479595,-0.000747129623064215,0.));
#6847=CARTESIAN_POINT('',(0.0255001488231695,0.00389447002051571,0.));
#6848=CARTESIAN_POINT('',(0.0254273069353607,0.00430810519718768,0.));
#6849=CARTESIAN_POINT('',(0.0252665246853062,0.00516821426625177,0.));
#6850=CARTESIAN_POINT('',(0.0251850254624107,0.00558023110652342,0.));
#6851=CARTESIAN_POINT('',(0.0242704834087407,0.0102036706174974,0.));
#6852=CARTESIAN_POINT('',(0.0247382411511261,0.00551391766302262,0.));
#6853=CARTESIAN_POINT('',(0.0245903617272668,0.00699656113871024,0.));
#6854=CARTESIAN_POINT('',(0.0239355801357715,0.00833497851286488,0.));
#6855=CARTESIAN_POINT('',(0.0260067212790098,0.00410142746860545,0.));
#6856=CARTESIAN_POINT('',(0.0243503533426908,0.00851379931820053,0.));
#6857=CARTESIAN_POINT('',(0.0242027464621791,0.00890700690819037,0.));
#6858=CARTESIAN_POINT('',(0.0238866572087588,0.00972292732495354,0.));
#6859=CARTESIAN_POINT('',(0.0237308377692752,0.0101129533526479,0.));
#6860=CARTESIAN_POINT('',(0.0219823127511923,0.0144896233585661,0.));
#6861=CARTESIAN_POINT('',(0.0233038458731896,0.00996567261977256,0.));
#6862=CARTESIAN_POINT('',(0.0228860493537877,0.0113958984999662,0.));
#6863=CARTESIAN_POINT('',(0.0219964831160413,0.0125912109731974,0.));
#6864=CARTESIAN_POINT('',(0.0248102721085277,0.00881031536695178,0.));
#6865=CARTESIAN_POINT('',(0.0223713357841567,0.0128432013912808,0.));
#6866=CARTESIAN_POINT('',(0.022153990486223,0.0132025911817119,0.));
#6867=CARTESIAN_POINT('',(0.0216933582698546,0.01394653775497,0.));
#6868=CARTESIAN_POINT('',(0.0214685248579096,0.0143012911014985,0.));
#6869=CARTESIAN_POINT('',(0.0189455607977802,0.0182821493545466,0.));
#6870=CARTESIAN_POINT('',(0.021075866073924,0.0140780585479631,0.));
#6871=CARTESIAN_POINT('',(0.020402380018356,0.0154071622056796,0.));
#6872=CARTESIAN_POINT('',(0.019308322245668,0.0164186648453306,0.));
#6873=CARTESIAN_POINT('',(0.0227689388780312,0.0132191785422852,0.));
#6874=CARTESIAN_POINT('',(0.0196304892169529,0.0167352436447033,0.));
#6875=CARTESIAN_POINT('',(0.0193508069350414,0.0170485770473031,0.));
#6876=CARTESIAN_POINT('',(0.0187613180333862,0.0176952155687694,0.));
#6877=CARTESIAN_POINT('',(0.0184751270811657,0.0180026155343958,0.));
#6878=CARTESIAN_POINT('',(0.0152636404940954,0.0214520986812794,0.));
#6879=CARTESIAN_POINT('',(0.0181301729332262,0.0177110330770729,0.));
#6880=CARTESIAN_POINT('',(0.017223932101357,0.018893753481333,0.));
#6881=CARTESIAN_POINT('',(0.0159626396189986,0.0196870007781744,0.));
#6882=CARTESIAN_POINT('',(0.0199522367423756,0.0171778784470181,0.));
#6883=CARTESIAN_POINT('',(0.0162211498836426,0.0200573872475178,0.));
#6884=CARTESIAN_POINT('',(0.0158886548624218,0.0203139940690628,0.));
#6885=CARTESIAN_POINT('',(0.0151903836130114,0.0208413040394461,0.));
#6886=CARTESIAN_POINT('',(0.014852581010145,0.0210908824870266,0.));
#6887=CARTESIAN_POINT('',(0.011061935220103,0.0238915225163777,0.));
#6888=CARTESIAN_POINT('',(0.014567078498033,0.0207408796167858,0.));
#6889=CARTESIAN_POINT('',(0.0134589438344759,0.021736940642739,0.));
#6890=CARTESIAN_POINT('',(0.0120733684451801,0.022284919511472,0.));
#6891=CARTESIAN_POINT('',(0.0164560851145287,0.0205516063038324,0.));
#6892=CARTESIAN_POINT('',(0.0122594187461697,0.0226965005838026,0.));
#6893=CARTESIAN_POINT('',(0.0118854337048035,0.0228876423867509,0.));
#6894=CARTESIAN_POINT('',(0.0111021588975526,0.0232776668974485,0.));
#6895=CARTESIAN_POINT('',(0.0107242481065314,0.0234609247322872,0.));
#6896=CARTESIAN_POINT('',(0.0064835290095191,0.0255173492069036,0.));
#6897=CARTESIAN_POINT('',(0.0105079196758743,0.0230644203770923,0.));
#6898=CARTESIAN_POINT('',(0.00923562737753558,0.0238399023611434,0.));
#6899=CARTESIAN_POINT('',(0.00777295318937046,0.0241239520386216,0.));
#6900=CARTESIAN_POINT('',(0.0123995412450053,0.0232254738569043,0.));
#6901=CARTESIAN_POINT('',(0.00788020780684818,0.024562711814158,0.));
#6902=CARTESIAN_POINT('',(0.00747746835737467,0.0246818794936596,0.));
#6903=CARTESIAN_POINT('',(0.00663586347640958,0.0249213367277426,0.));
#6904=CARTESIAN_POINT('',(0.0062307137959678,0.0250320333240675,0.));
#6905=CARTESIAN_POINT('',(0.0016843339946519,0.0262742131748754,0.));
#6906=CARTESIAN_POINT('',(0.00609092625201427,0.0246025299641802,0.));
#6907=CARTESIAN_POINT('',(0.00469780270716741,0.0251310247974504,0.));
#6908=CARTESIAN_POINT('',(0.00320783933532651,0.0251414723125872,0.));
#6909=CARTESIAN_POINT('',(0.00792074586999364,0.0251084257536651,0.));
#6910=CARTESIAN_POINT('',(0.00323264584193187,0.025592469353408,0.));
#6911=CARTESIAN_POINT('',(0.00281486679327019,0.0256356047970634,0.));
#6912=CARTESIAN_POINT('',(0.0016843339946519,0.0262742131748754,0.005));
#6913=CARTESIAN_POINT('',(0.00623071379596779,0.0250320333240675,0.005));
#6914=CARTESIAN_POINT('',(0.00609092625201429,0.0246025299641802,0.005));
#6915=CARTESIAN_POINT('',(0.00663586347640958,0.0249213367277426,0.005));
#6916=CARTESIAN_POINT('',(0.00281486679327019,0.0256356047970634,0.005));
#6917=CARTESIAN_POINT('',(0.00323264584193187,0.025592469353408,0.005));
#6918=CARTESIAN_POINT('',(0.00792074586999364,0.0251084257536651,0.005));
#6919=CARTESIAN_POINT('',(0.00320783933532652,0.0251414723125872,0.005));
#6920=CARTESIAN_POINT('',(0.00469780270716741,0.0251310247974504,0.005));
#6921=CARTESIAN_POINT('',(0.0064835290095191,0.0255173492069036,0.005));
#6922=CARTESIAN_POINT('',(0.0107242481065315,0.0234609247322872,0.005));
#6923=CARTESIAN_POINT('',(0.0105079196758743,0.0230644203770923,0.005));
#6924=CARTESIAN_POINT('',(0.0111021588975526,0.0232776668974485,0.005));
#6925=CARTESIAN_POINT('',(0.00747746835737467,0.0246818794936596,0.005));
#6926=CARTESIAN_POINT('',(0.00788020780684821,0.024562711814158,0.005));
#6927=CARTESIAN_POINT('',(0.0123995412450053,0.0232254738569043,0.005));
#6928=CARTESIAN_POINT('',(0.00777295318937045,0.0241239520386216,0.005));
#6929=CARTESIAN_POINT('',(0.00923562737753558,0.0238399023611434,0.005));
#6930=CARTESIAN_POINT('',(0.011061935220103,0.0238915225163777,0.005));
#6931=CARTESIAN_POINT('',(0.014852581010145,0.0210908824870266,0.005));
#6932=CARTESIAN_POINT('',(0.014567078498033,0.0207408796167858,0.005));
#6933=CARTESIAN_POINT('',(0.0151903836130114,0.0208413040394461,0.005));
#6934=CARTESIAN_POINT('',(0.0118854337048035,0.0228876423867509,0.005));
#6935=CARTESIAN_POINT('',(0.0122594187461697,0.0226965005838026,0.005));
#6936=CARTESIAN_POINT('',(0.0164560851145287,0.0205516063038324,0.005));
#6937=CARTESIAN_POINT('',(0.0120733684451801,0.022284919511472,0.005));
#6938=CARTESIAN_POINT('',(0.0134589438344759,0.021736940642739,0.005));
#6939=CARTESIAN_POINT('',(0.0152636404940954,0.0214520986812794,0.005));
#6940=CARTESIAN_POINT('',(0.0184751270811657,0.0180026155343957,0.005));
#6941=CARTESIAN_POINT('',(0.0181301729332262,0.0177110330770729,0.005));
#6942=CARTESIAN_POINT('',(0.0187613180333862,0.0176952155687694,0.005));
#6943=CARTESIAN_POINT('',(0.0158886548624218,0.0203139940690628,0.005));
#6944=CARTESIAN_POINT('',(0.0162211498836426,0.0200573872475177,0.005));
#6945=CARTESIAN_POINT('',(0.0199522367423756,0.0171778784470181,0.005));
#6946=CARTESIAN_POINT('',(0.0159626396189985,0.0196870007781743,0.005));
#6947=CARTESIAN_POINT('',(0.017223932101357,0.018893753481333,0.005));
#6948=CARTESIAN_POINT('',(0.0189455607977802,0.0182821493545466,0.005));
#6949=CARTESIAN_POINT('',(0.0214685248579096,0.0143012911014985,0.005));
#6950=CARTESIAN_POINT('',(0.021075866073924,0.0140780585479631,0.005));
#6951=CARTESIAN_POINT('',(0.0216933582698546,0.01394653775497,0.005));
#6952=CARTESIAN_POINT('',(0.0193508069350414,0.0170485770473031,0.005));
#6953=CARTESIAN_POINT('',(0.0196304892169529,0.0167352436447033,0.005));
#6954=CARTESIAN_POINT('',(0.0227689388780312,0.0132191785422852,0.005));
#6955=CARTESIAN_POINT('',(0.019308322245668,0.0164186648453306,0.005));
#6956=CARTESIAN_POINT('',(0.020402380018356,0.0154071622056796,0.005));
#6957=CARTESIAN_POINT('',(0.0219823127511923,0.0144896233585661,0.005));
#6958=CARTESIAN_POINT('',(0.0237308377692752,0.0101129533526479,0.005));
#6959=CARTESIAN_POINT('',(0.0233038458731895,0.00996567261977255,0.005));
#6960=CARTESIAN_POINT('',(0.0238866572087588,0.00972292732495354,0.005));
#6961=CARTESIAN_POINT('',(0.022153990486223,0.0132025911817119,0.005));
#6962=CARTESIAN_POINT('',(0.0223713357841567,0.0128432013912808,0.005));
#6963=CARTESIAN_POINT('',(0.0248102721085277,0.00881031536695178,0.005));
#6964=CARTESIAN_POINT('',(0.0219964831160414,0.0125912109731973,0.005));
#6965=CARTESIAN_POINT('',(0.0228860493537877,0.0113958984999662,0.005));
#6966=CARTESIAN_POINT('',(0.0242704834087407,0.0102036706174974,0.005));
#6967=CARTESIAN_POINT('',(0.0251850254624107,0.00558023110652341,0.005));
#6968=CARTESIAN_POINT('',(0.024738241151126,0.00551391766302262,0.005));
#6969=CARTESIAN_POINT('',(0.0252665246853062,0.00516821426625177,0.005));
#6970=CARTESIAN_POINT('',(0.0242027464621791,0.00890700690819037,0.005));
#6971=CARTESIAN_POINT('',(0.0243503533426908,0.00851379931820053,0.005));
#6972=CARTESIAN_POINT('',(0.0260067212790098,0.00410142746860545,0.005));
#6973=CARTESIAN_POINT('',(0.0239355801357715,0.00833497851286484,0.005));
#6974=CARTESIAN_POINT('',(0.0245903617272668,0.00699656113871024,0.005));
#6975=CARTESIAN_POINT('',(0.0257321518630408,0.00557024411150381,0.005));
#6976=CARTESIAN_POINT('',(0.0257815673195325,0.000857480782815826,0.005));
#6977=CARTESIAN_POINT('',(0.0253302052969109,0.000874392853473723,0.005));
#6978=CARTESIAN_POINT('',(0.0257859709675517,0.000437503869302567,0.005));
#6979=CARTESIAN_POINT('',(0.0254273069353607,0.00430810519718768,0.005));
#6980=CARTESIAN_POINT('',(0.0255001488231695,0.0038944700205157,0.005));
#6981=CARTESIAN_POINT('',(0.0263175427479595,-0.000747129623064215,0.005));
#6982=CARTESIAN_POINT('',(0.0250595796815421,0.00379490835598157,0.005));
#6983=CARTESIAN_POINT('',(0.025457278825012,0.00235896427932562,0.005));
#6984=CARTESIAN_POINT('',(0.0263175427479595,0.0007471296230644,0.005));
#6985=CARTESIAN_POINT('',(0.0255001488231695,-0.00389447002051569,0.005));
#6986=CARTESIAN_POINT('',(0.0250595796815421,-0.00379490835598158,0.005));
#6987=CARTESIAN_POINT('',(0.0254273069353607,-0.00430810519718766,0.005));
#6988=CARTESIAN_POINT('',(0.0257859709675517,-0.000437503869302544,0.005));
#6989=CARTESIAN_POINT('',(0.0257815673195325,-0.000857480782815823,0.005));
#6990=CARTESIAN_POINT('',(0.0257321518630408,-0.00557024411150362,0.005));
#6991=CARTESIAN_POINT('',(0.0253302052969109,-0.000874392853473722,0.005));
#6992=CARTESIAN_POINT('',(0.025457278825012,-0.00235896427932562,0.005));
#6993=CARTESIAN_POINT('',(0.0260067212790099,-0.00410142746860527,0.005));
#6994=CARTESIAN_POINT('',(0.0243503533426908,-0.00851379931820052,0.005));
#6995=CARTESIAN_POINT('',(0.0239355801357715,-0.00833497851286486,0.005));
#6996=CARTESIAN_POINT('',(0.0242027464621791,-0.00890700690819035,0.005));
#6997=CARTESIAN_POINT('',(0.0252665246853062,-0.00516821426625175,0.005));
#6998=CARTESIAN_POINT('',(0.0251850254624107,-0.00558023110652338,0.005));
#6999=CARTESIAN_POINT('',(0.0242704834087407,-0.0102036706174972,0.005));
#7000=CARTESIAN_POINT('',(0.024738241151126,-0.00551391766302263,0.005));
#7001=CARTESIAN_POINT('',(0.0245903617272668,-0.00699656113871025,0.005));
#7002=CARTESIAN_POINT('',(0.0248102721085278,-0.00881031536695162,0.005));
#7003=CARTESIAN_POINT('',(0.0223713357841567,-0.0128432013912808,0.005));
#7004=CARTESIAN_POINT('',(0.0219964831160413,-0.0125912109731974,0.005));
#7005=CARTESIAN_POINT('',(0.022153990486223,-0.0132025911817119,0.005));
#7006=CARTESIAN_POINT('',(0.0238866572087588,-0.00972292732495352,0.005));
#7007=CARTESIAN_POINT('',(0.0237308377692752,-0.0101129533526479,0.005));
#7008=CARTESIAN_POINT('',(0.0219823127511923,-0.014489623358566,0.005));
#7009=CARTESIAN_POINT('',(0.0233038458731895,-0.00996567261977254,0.005));
#7010=CARTESIAN_POINT('',(0.0228860493537877,-0.0113958984999662,0.005));
#7011=CARTESIAN_POINT('',(0.0227689388780313,-0.013219178542285,0.005));
#7012=CARTESIAN_POINT('',(0.0196304892169529,-0.0167352436447033,0.005));
#7013=CARTESIAN_POINT('',(0.019308322245668,-0.0164186648453307,0.005));
#7014=CARTESIAN_POINT('',(0.0193508069350414,-0.017048577047303,0.005));
#7015=CARTESIAN_POINT('',(0.0216933582698547,-0.01394653775497,0.005));
#7016=CARTESIAN_POINT('',(0.0214685248579097,-0.0143012911014985,0.005));
#7017=CARTESIAN_POINT('',(0.0189455607977803,-0.0182821493545465,0.005));
#7018=CARTESIAN_POINT('',(0.021075866073924,-0.0140780585479631,0.005));
#7019=CARTESIAN_POINT('',(0.020402380018356,-0.0154071622056796,0.005));
#7020=CARTESIAN_POINT('',(0.0199522367423757,-0.017177878447018,0.005));
#7021=CARTESIAN_POINT('',(0.0162211498836426,-0.0200573872475177,0.005));
#7022=CARTESIAN_POINT('',(0.0159626396189985,-0.0196870007781743,0.005));
#7023=CARTESIAN_POINT('',(0.0158886548624219,-0.0203139940690627,0.005));
#7024=CARTESIAN_POINT('',(0.0187613180333862,-0.0176952155687694,0.005));
#7025=CARTESIAN_POINT('',(0.0184751270811656,-0.0180026155343958,0.005));
#7026=CARTESIAN_POINT('',(0.0152636404940955,-0.0214520986812793,0.005));
#7027=CARTESIAN_POINT('',(0.0181301729332261,-0.0177110330770729,0.005));
#7028=CARTESIAN_POINT('',(0.017223932101357,-0.018893753481333,0.005));
#7029=CARTESIAN_POINT('',(0.0164560851145289,-0.0205516063038322,0.005));
#7030=CARTESIAN_POINT('',(0.0122594187461698,-0.0226965005838026,0.005));
#7031=CARTESIAN_POINT('',(0.0120733684451801,-0.022284919511472,0.005));
#7032=CARTESIAN_POINT('',(0.0118854337048036,-0.0228876423867509,0.005));
#7033=CARTESIAN_POINT('',(0.0151903836130115,-0.0208413040394461,0.005));
#7034=CARTESIAN_POINT('',(0.014852581010145,-0.0210908824870266,0.005));
#7035=CARTESIAN_POINT('',(0.0110619352201032,-0.0238915225163776,0.005));
#7036=CARTESIAN_POINT('',(0.0145670784980331,-0.0207408796167858,0.005));
#7037=CARTESIAN_POINT('',(0.0134589438344759,-0.021736940642739,0.005));
#7038=CARTESIAN_POINT('',(0.0123995412450054,-0.0232254738569043,0.005));
#7039=CARTESIAN_POINT('',(0.00788020780684815,-0.024562711814158,0.005));
#7040=CARTESIAN_POINT('',(0.00777295318937041,-0.0241239520386216,0.005));
#7041=CARTESIAN_POINT('',(0.00747746835737467,-0.0246818794936596,0.005));
#7042=CARTESIAN_POINT('',(0.0111021588975526,-0.0232776668974485,0.005));
#7043=CARTESIAN_POINT('',(0.0107242481065314,-0.0234609247322872,0.005));
#7044=CARTESIAN_POINT('',(0.00648352900951925,-0.0255173492069035,0.005));
#7045=CARTESIAN_POINT('',(0.0105079196758743,-0.0230644203770923,0.005));
#7046=CARTESIAN_POINT('',(0.00923562737753556,-0.0238399023611434,0.005));
#7047=CARTESIAN_POINT('',(0.00792074586999382,-0.0251084257536651,0.005));
#7048=CARTESIAN_POINT('',(0.00323264584193187,-0.025592469353408,0.005));
#7049=CARTESIAN_POINT('',(0.00320783933532651,-0.0251414723125872,0.005));
#7050=CARTESIAN_POINT('',(0.0028148667932702,-0.0256356047970634,0.005));
#7051=CARTESIAN_POINT('',(0.00663586347640959,-0.0249213367277426,0.005));
#7052=CARTESIAN_POINT('',(0.0062307137959678,-0.0250320333240674,0.005));
#7053=CARTESIAN_POINT('',(0.00168433399465207,-0.0262742131748753,0.005));
#7054=CARTESIAN_POINT('',(0.00609092625201423,-0.0246025299641801,0.005));
#7055=CARTESIAN_POINT('',(0.0046978027071674,-0.0251310247974504,0.005));
#7056=CARTESIAN_POINT('',(0.00317221899426719,-0.0261363403256223,0.005));
#7057=CARTESIAN_POINT('',(-0.001525,-0.0257507060436115,0.005));
#7058=CARTESIAN_POINT('',(-0.00146651363990267,-0.0253028299008201,0.005));
#7059=CARTESIAN_POINT('',(-0.00194359168341845,-0.0257163403256222,0.005));
#7060=CARTESIAN_POINT('',(0.00194359168341846,-0.0257163403256222,0.005));
#7061=CARTESIAN_POINT('',(0.001525,-0.0257507060436115,0.005));
#7062=CARTESIAN_POINT('',(-0.003172218994267,-0.0261363403256222,0.005));
#7063=CARTESIAN_POINT('',(0.00146651363990268,-0.0253028299008201,0.005));
#7064=CARTESIAN_POINT('',(-2.96326487274727E-18,-0.0255663403256222,0.005));
#7065=CARTESIAN_POINT('',(-0.00168433399465189,-0.0262742131748754,0.005));
#7066=CARTESIAN_POINT('',(-0.00623071379596777,-0.0250320333240674,0.005));
#7067=CARTESIAN_POINT('',(-0.00609092625201424,-0.0246025299641801,0.005));
#7068=CARTESIAN_POINT('',(-0.00663586347640958,-0.0249213367277426,0.005));
#7069=CARTESIAN_POINT('',(-0.00281486679327019,-0.0256356047970634,0.005));
#7070=CARTESIAN_POINT('',(-0.00323264584193186,-0.025592469353408,0.005));
#7071=CARTESIAN_POINT('',(-0.00792074586999363,-0.0251084257536651,0.005));
#7072=CARTESIAN_POINT('',(-0.00320783933532652,-0.0251414723125872,0.005));
#7073=CARTESIAN_POINT('',(-0.00469780270716741,-0.0251310247974504,0.005));
#7074=CARTESIAN_POINT('',(-0.0064835290095191,-0.0255173492069036,0.005));
#7075=CARTESIAN_POINT('',(-0.0107242481065314,-0.0234609247322871,0.005));
#7076=CARTESIAN_POINT('',(-0.0105079196758743,-0.0230644203770923,0.005));
#7077=CARTESIAN_POINT('',(-0.0111021588975526,-0.0232776668974485,0.005));
#7078=CARTESIAN_POINT('',(-0.00747746835737467,-0.0246818794936596,0.005));
#7079=CARTESIAN_POINT('',(-0.00788020780684821,-0.024562711814158,0.005));
#7080=CARTESIAN_POINT('',(-0.0123995412450053,-0.0232254738569043,0.005));
#7081=CARTESIAN_POINT('',(-0.00777295318937045,-0.0241239520386216,0.005));
#7082=CARTESIAN_POINT('',(-0.00923562737753558,-0.0238399023611434,0.005));
#7083=CARTESIAN_POINT('',(-0.0110619352201031,-0.0238915225163777,0.005));
#7084=CARTESIAN_POINT('',(-0.014852581010145,-0.0210908824870266,0.005));
#7085=CARTESIAN_POINT('',(-0.0145670784980331,-0.0207408796167858,0.005));
#7086=CARTESIAN_POINT('',(-0.0151903836130114,-0.0208413040394461,0.005));
#7087=CARTESIAN_POINT('',(-0.0118854337048035,-0.0228876423867509,0.005));
#7088=CARTESIAN_POINT('',(-0.0122594187461697,-0.0226965005838026,0.005));
#7089=CARTESIAN_POINT('',(-0.0164560851145287,-0.0205516063038323,0.005));
#7090=CARTESIAN_POINT('',(-0.0120733684451801,-0.022284919511472,0.005));
#7091=CARTESIAN_POINT('',(-0.0134589438344759,-0.021736940642739,0.005));
#7092=CARTESIAN_POINT('',(-0.0152636404940954,-0.0214520986812794,0.005));
#7093=CARTESIAN_POINT('',(-0.0184751270811656,-0.0180026155343958,0.005));
#7094=CARTESIAN_POINT('',(-0.0181301729332261,-0.0177110330770728,0.005));
#7095=CARTESIAN_POINT('',(-0.0187613180333861,-0.0176952155687694,0.005));
#7096=CARTESIAN_POINT('',(-0.0158886548624218,-0.0203139940690627,0.005));
#7097=CARTESIAN_POINT('',(-0.0162211498836426,-0.0200573872475177,0.005));
#7098=CARTESIAN_POINT('',(-0.0199522367423756,-0.0171778784470181,0.005));
#7099=CARTESIAN_POINT('',(-0.0159626396189985,-0.0196870007781743,0.005));
#7100=CARTESIAN_POINT('',(-0.017223932101357,-0.0188937534813329,0.005));
#7101=CARTESIAN_POINT('',(-0.0189455607977802,-0.0182821493545466,0.005));
#7102=CARTESIAN_POINT('',(-0.0214685248579096,-0.0143012911014985,0.005));
#7103=CARTESIAN_POINT('',(-0.021075866073924,-0.0140780585479631,0.005));
#7104=CARTESIAN_POINT('',(-0.0216933582698546,-0.01394653775497,0.005));
#7105=CARTESIAN_POINT('',(-0.0193508069350414,-0.0170485770473031,0.005));
#7106=CARTESIAN_POINT('',(-0.0196304892169529,-0.0167352436447033,0.005));
#7107=CARTESIAN_POINT('',(-0.0227689388780312,-0.0132191785422852,0.005));
#7108=CARTESIAN_POINT('',(-0.019308322245668,-0.0164186648453306,0.005));
#7109=CARTESIAN_POINT('',(-0.020402380018356,-0.0154071622056796,0.005));
#7110=CARTESIAN_POINT('',(-0.0219823127511922,-0.0144896233585661,0.005));
#7111=CARTESIAN_POINT('',(-0.0237308377692752,-0.0101129533526478,0.005));
#7112=CARTESIAN_POINT('',(-0.0233038458731895,-0.00996567261977258,0.005));
#7113=CARTESIAN_POINT('',(-0.0238866572087588,-0.00972292732495353,0.005));
#7114=CARTESIAN_POINT('',(-0.022153990486223,-0.0132025911817119,0.005));
#7115=CARTESIAN_POINT('',(-0.0223713357841567,-0.0128432013912808,0.005));
#7116=CARTESIAN_POINT('',(-0.0248102721085277,-0.00881031536695177,0.005));
#7117=CARTESIAN_POINT('',(-0.0219964831160413,-0.0125912109731973,0.005));
#7118=CARTESIAN_POINT('',(-0.0228860493537877,-0.0113958984999662,0.005));
#7119=CARTESIAN_POINT('',(-0.0242704834087407,-0.0102036706174974,0.005));
#7120=CARTESIAN_POINT('',(-0.0251850254624107,-0.00558023110652336,0.005));
#7121=CARTESIAN_POINT('',(-0.024738241151126,-0.00551391766302261,0.005));
#7122=CARTESIAN_POINT('',(-0.0252665246853062,-0.00516821426625172,0.005));
#7123=CARTESIAN_POINT('',(-0.0242027464621791,-0.00890700690819032,0.005));
#7124=CARTESIAN_POINT('',(-0.0243503533426908,-0.00851379931820048,0.005));
#7125=CARTESIAN_POINT('',(-0.0260067212790098,-0.0041014274686054,0.005));
#7126=CARTESIAN_POINT('',(-0.0239355801357715,-0.0083349785128648,0.005));
#7127=CARTESIAN_POINT('',(-0.0245903617272668,-0.0069965611387102,0.005));
#7128=CARTESIAN_POINT('',(-0.0257321518630408,-0.0055702441115038,0.005));
#7129=CARTESIAN_POINT('',(-0.0257815673195325,-0.000857480782815822,0.005));
#7130=CARTESIAN_POINT('',(-0.0253302052969109,-0.000874392853473713,0.005));
#7131=CARTESIAN_POINT('',(-0.0257859709675517,-0.000437503869302563,0.005));
#7132=CARTESIAN_POINT('',(-0.0254273069353606,-0.00430810519718767,0.005));
#7133=CARTESIAN_POINT('',(-0.0255001488231695,-0.0038944700205157,0.005));
#7134=CARTESIAN_POINT('',(-0.0263175427479595,0.000747129623064218,0.005));
#7135=CARTESIAN_POINT('',(-0.0250595796815421,-0.00379490835598157,0.005));
#7136=CARTESIAN_POINT('',(-0.025457278825012,-0.00235896427932562,0.005));
#7137=CARTESIAN_POINT('',(-0.0263175427479595,-0.0007471296230644,0.005));
#7138=CARTESIAN_POINT('',(-0.0255001488231695,0.00389447002051571,0.005));
#7139=CARTESIAN_POINT('',(-0.0250595796815421,0.00379490835598158,0.005));
#7140=CARTESIAN_POINT('',(-0.0254273069353606,0.00430810519718766,0.005));
#7141=CARTESIAN_POINT('',(-0.0257859709675517,0.000437503869302545,0.005));
#7142=CARTESIAN_POINT('',(-0.0257815673195325,0.000857480782815823,0.005));
#7143=CARTESIAN_POINT('',(-0.0257321518630408,0.00557024411150362,0.005));
#7144=CARTESIAN_POINT('',(-0.0253302052969109,0.000874392853473722,0.005));
#7145=CARTESIAN_POINT('',(-0.025457278825012,0.00235896427932562,0.005));
#7146=CARTESIAN_POINT('',(-0.0260067212790099,0.00410142746860525,0.005));
#7147=CARTESIAN_POINT('',(-0.0243503533426908,0.00851379931820051,0.005));
#7148=CARTESIAN_POINT('',(-0.0239355801357715,0.00833497851286485,0.005));
#7149=CARTESIAN_POINT('',(-0.0242027464621791,0.00890700690819033,0.005));
#7150=CARTESIAN_POINT('',(-0.0252665246853062,0.00516821426625173,0.005));
#7151=CARTESIAN_POINT('',(-0.0251850254624107,0.00558023110652338,0.005));
#7152=CARTESIAN_POINT('',(-0.0242704834087407,0.0102036706174972,0.005));
#7153=CARTESIAN_POINT('',(-0.024738241151126,0.0055139176630226,0.005));
#7154=CARTESIAN_POINT('',(-0.0245903617272668,0.00699656113871022,0.005));
#7155=CARTESIAN_POINT('',(-0.0248102721085278,0.00881031536695161,0.005));
#7156=CARTESIAN_POINT('',(-0.0223713357841567,0.0128432013912808,0.005));
#7157=CARTESIAN_POINT('',(-0.0219964831160413,0.0125912109731974,0.005));
#7158=CARTESIAN_POINT('',(-0.022153990486223,0.0132025911817119,0.005));
#7159=CARTESIAN_POINT('',(-0.0238866572087588,0.00972292732495352,0.005));
#7160=CARTESIAN_POINT('',(-0.0237308377692752,0.0101129533526479,0.005));
#7161=CARTESIAN_POINT('',(-0.0219823127511923,0.014489623358566,0.005));
#7162=CARTESIAN_POINT('',(-0.0233038458731895,0.00996567261977254,0.005));
#7163=CARTESIAN_POINT('',(-0.0228860493537877,0.0113958984999662,0.005));
#7164=CARTESIAN_POINT('',(-0.0227689388780313,0.013219178542285,0.005));
#7165=CARTESIAN_POINT('',(-0.0196304892169529,0.0167352436447033,0.005));
#7166=CARTESIAN_POINT('',(-0.019308322245668,0.0164186648453307,0.005));
#7167=CARTESIAN_POINT('',(-0.0193508069350414,0.0170485770473031,0.005));
#7168=CARTESIAN_POINT('',(-0.0216933582698546,0.01394653775497,0.005));
#7169=CARTESIAN_POINT('',(-0.0214685248579096,0.0143012911014985,0.005));
#7170=CARTESIAN_POINT('',(-0.0189455607977802,0.0182821493545465,0.005));
#7171=CARTESIAN_POINT('',(-0.021075866073924,0.0140780585479631,0.005));
#7172=CARTESIAN_POINT('',(-0.020402380018356,0.0154071622056796,0.005));
#7173=CARTESIAN_POINT('',(-0.0199522367423757,0.017177878447018,0.005));
#7174=CARTESIAN_POINT('',(-0.0162211498836426,0.0200573872475178,0.005));
#7175=CARTESIAN_POINT('',(-0.0159626396189985,0.0196870007781743,0.005));
#7176=CARTESIAN_POINT('',(-0.0158886548624218,0.0203139940690627,0.005));
#7177=CARTESIAN_POINT('',(-0.0187613180333861,0.0176952155687694,0.005));
#7178=CARTESIAN_POINT('',(-0.0184751270811656,0.0180026155343957,0.005));
#7179=CARTESIAN_POINT('',(-0.0152636404940955,0.0214520986812793,0.005));
#7180=CARTESIAN_POINT('',(-0.0181301729332261,0.0177110330770729,0.005));
#7181=CARTESIAN_POINT('',(-0.0172239321013569,0.018893753481333,0.005));
#7182=CARTESIAN_POINT('',(-0.0164560851145289,0.0205516063038323,0.005));
#7183=CARTESIAN_POINT('',(-0.0122594187461697,0.0226965005838026,0.005));
#7184=CARTESIAN_POINT('',(-0.0120733684451801,0.022284919511472,0.005));
#7185=CARTESIAN_POINT('',(-0.0118854337048035,0.0228876423867509,0.005));
#7186=CARTESIAN_POINT('',(-0.0151903836130114,0.0208413040394461,0.005));
#7187=CARTESIAN_POINT('',(-0.014852581010145,0.0210908824870266,0.005));
#7188=CARTESIAN_POINT('',(-0.0110619352201032,0.0238915225163776,0.005));
#7189=CARTESIAN_POINT('',(-0.0145670784980331,0.0207408796167857,0.005));
#7190=CARTESIAN_POINT('',(-0.0134589438344759,0.021736940642739,0.005));
#7191=CARTESIAN_POINT('',(-0.0123995412450054,0.0232254738569043,0.005));
#7192=CARTESIAN_POINT('',(-0.00788020780684815,0.024562711814158,0.005));
#7193=CARTESIAN_POINT('',(-0.00777295318937041,0.0241239520386216,0.005));
#7194=CARTESIAN_POINT('',(-0.00747746835737467,0.0246818794936596,0.005));
#7195=CARTESIAN_POINT('',(-0.0111021588975526,0.0232776668974485,0.005));
#7196=CARTESIAN_POINT('',(-0.0107242481065314,0.0234609247322872,0.005));
#7197=CARTESIAN_POINT('',(-0.00648352900951925,0.0255173492069035,0.005));
#7198=CARTESIAN_POINT('',(-0.0105079196758743,0.0230644203770923,0.005));
#7199=CARTESIAN_POINT('',(-0.00923562737753556,0.0238399023611434,0.005));
#7200=CARTESIAN_POINT('',(-0.00792074586999382,0.0251084257536651,0.005));
#7201=CARTESIAN_POINT('',(-0.00323264584193187,0.025592469353408,0.005));
#7202=CARTESIAN_POINT('',(-0.00320783933532651,0.0251414723125872,0.005));
#7203=CARTESIAN_POINT('',(-0.0028148667932702,0.0256356047970634,0.005));
#7204=CARTESIAN_POINT('',(-0.00663586347640959,0.0249213367277426,0.005));
#7205=CARTESIAN_POINT('',(-0.0062307137959678,0.0250320333240674,0.005));
#7206=CARTESIAN_POINT('',(-0.00168433399465207,0.0262742131748753,0.005));
#7207=CARTESIAN_POINT('',(-0.00609092625201423,0.0246025299641801,0.005));
#7208=CARTESIAN_POINT('',(-0.0046978027071674,0.0251310247974504,0.005));
#7209=CARTESIAN_POINT('',(-0.00317221899426719,0.0261363403256223,0.005));
#7210=CARTESIAN_POINT('',(0.00152500000000003,0.0257507060436115,0.005));
#7211=CARTESIAN_POINT('',(0.00146651363990267,0.0253028299008201,0.005));
#7212=CARTESIAN_POINT('',(0.00194359168341846,0.0257163403256222,0.005));
#7213=CARTESIAN_POINT('',(-0.00194359168341846,0.0257163403256222,0.005));
#7214=CARTESIAN_POINT('',(-0.001525,0.0257507060436115,0.005));
#7215=CARTESIAN_POINT('',(0.003172218994267,0.0261363403256222,0.005));
#7216=CARTESIAN_POINT('',(-0.00146651363990268,0.0253028299008201,0.005));
#7217=CARTESIAN_POINT('',(7.22091582548352E-18,0.0255663403256222,0.005));
#7218=MECHANICAL_DESIGN_GEOMETRIC_PRESENTATION_REPRESENTATION('',(#3917),
#7219);
#7219=(
GEOMETRIC_REPRESENTATION_CONTEXT(3)
GLOBAL_UNCERTAINTY_ASSIGNED_CONTEXT((#7220))
GLOBAL_UNIT_ASSIGNED_CONTEXT((#7223,#7222,#7221))
REPRESENTATION_CONTEXT('HTD timing belt','TOP_LEVEL_ASSEMBLY_PART')
);
#7220=UNCERTAINTY_MEASURE_WITH_UNIT(LENGTH_MEASURE(1.E-8),#7223,
'DISTANCE_ACCURACY_VALUE','Maximum Tolerance applied to model');
#7221=(
NAMED_UNIT(*)
SI_UNIT($,.STERADIAN.)
SOLID_ANGLE_UNIT()
);
#7222=(
NAMED_UNIT(*)
PLANE_ANGLE_UNIT()
SI_UNIT($,.RADIAN.)
);
#7223=(
LENGTH_UNIT()
NAMED_UNIT(*)
SI_UNIT($,.METRE.)
);
#7224=PRODUCT_DEFINITION_SHAPE('','',#7225);
#7225=PRODUCT_DEFINITION('','',#7227,#7226);
#7226=PRODUCT_DEFINITION_CONTEXT('',#7233,'design');
#7227=PRODUCT_DEFINITION_FORMATION_WITH_SPECIFIED_SOURCE('','',#7229,
 .NOT_KNOWN.);
#7228=PRODUCT_RELATED_PRODUCT_CATEGORY('','',(#7229));
#7229=PRODUCT('HTD timing belt','HTD timing belt','HTD timing belt',(#7231));
#7230=PRODUCT_CATEGORY('','');
#7231=PRODUCT_CONTEXT('',#7233,'mechanical');
#7232=APPLICATION_PROTOCOL_DEFINITION('international standard',
'ap242_managed_model_based_3d_engineering',2020,#7233);
#7233=APPLICATION_CONTEXT('managed model based 3d engineering');
ENDSEC;
END-ISO-10303-21;
