ISO-10303-21;
HEADER;
/* Generated by software containing ST-Developer
 * from STEP Tools, Inc. (www.steptools.com) 
 */
/* OPTION: using custom renumber hook */

FILE_DESCRIPTION(
/* description */ ('STEP AP242 Edition 2',
'CAx-IF Rec.Pracs.---Representation and Presentation of Product Manufa
cturing Information (PMI)---4.0---2014-10-13',
'CAx-IF Rec.Pracs.---3D Tessellated Geometry---0.4---2014-09-14','2;1',
'CAx-IF Rec.Pracs.---User Defined Attributes---1.5---2016-08-15'),
/* implementation_level */ '2;1');

FILE_NAME(
/* name */ 'Assembly 1 - Steering Output Pulley',
/* time_stamp */ '2026-08-06T04:42:59Z',
/* author */ (''),
/* organization */ (''),
/* preprocessor_version */ 'ST-DEVELOPER v20',
/* originating_system */ 'ONSHAPE BY PTC INC, 1.218',
/* authorisation */ '  ');

FILE_SCHEMA (('AP242_MANAGED_MODEL_BASED_3D_ENGINEERING_MIM_LF { 1 0 10303 442 3 1 4 }'));
ENDSEC;

DATA;
#10=SHAPE_REPRESENTATION_RELATIONSHIP('','',#2544,#11);
#11=ADVANCED_BREP_SHAPE_REPRESENTATION('',(#2542),#4502);
#12=CONICAL_SURFACE('',#2870,0.0113648557318921,0.785398163397448);
#13=CONICAL_SURFACE('',#2871,0.0123648557318921,0.785398163397448);
#14=LINE('',#3758,#197);
#15=LINE('',#3764,#198);
#16=LINE('',#3773,#199);
#17=LINE('',#3779,#200);
#18=LINE('',#3788,#201);
#19=LINE('',#3794,#202);
#20=LINE('',#3803,#203);
#21=LINE('',#3809,#204);
#22=LINE('',#3818,#205);
#23=LINE('',#3824,#206);
#24=LINE('',#3833,#207);
#25=LINE('',#3839,#208);
#26=LINE('',#3848,#209);
#27=LINE('',#3854,#210);
#28=LINE('',#3863,#211);
#29=LINE('',#3869,#212);
#30=LINE('',#3878,#213);
#31=LINE('',#3884,#214);
#32=LINE('',#3893,#215);
#33=LINE('',#3899,#216);
#34=LINE('',#3908,#217);
#35=LINE('',#3914,#218);
#36=LINE('',#3923,#219);
#37=LINE('',#3929,#220);
#38=LINE('',#3938,#221);
#39=LINE('',#3944,#222);
#40=LINE('',#3953,#223);
#41=LINE('',#3959,#224);
#42=LINE('',#3968,#225);
#43=LINE('',#3974,#226);
#44=LINE('',#3983,#227);
#45=LINE('',#3989,#228);
#46=LINE('',#3998,#229);
#47=LINE('',#4004,#230);
#48=LINE('',#4013,#231);
#49=LINE('',#4019,#232);
#50=LINE('',#4028,#233);
#51=LINE('',#4034,#234);
#52=LINE('',#4043,#235);
#53=LINE('',#4049,#236);
#54=LINE('',#4058,#237);
#55=LINE('',#4064,#238);
#56=LINE('',#4073,#239);
#57=LINE('',#4079,#240);
#58=LINE('',#4088,#241);
#59=LINE('',#4094,#242);
#60=LINE('',#4103,#243);
#61=LINE('',#4109,#244);
#62=LINE('',#4118,#245);
#63=LINE('',#4124,#246);
#64=LINE('',#4133,#247);
#65=LINE('',#4139,#248);
#66=LINE('',#4148,#249);
#67=LINE('',#4154,#250);
#68=LINE('',#4163,#251);
#69=LINE('',#4169,#252);
#70=LINE('',#4176,#253);
#71=LINE('',#4178,#254);
#72=LINE('',#4180,#255);
#73=LINE('',#4182,#256);
#74=LINE('',#4183,#257);
#75=LINE('',#4185,#258);
#76=LINE('',#4187,#259);
#77=LINE('',#4189,#260);
#78=LINE('',#4193,#261);
#79=LINE('',#4195,#262);
#80=LINE('',#4197,#263);
#81=LINE('',#4199,#264);
#82=LINE('',#4201,#265);
#83=LINE('',#4203,#266);
#84=LINE('',#4205,#267);
#85=LINE('',#4209,#268);
#86=LINE('',#4211,#269);
#87=LINE('',#4213,#270);
#88=LINE('',#4215,#271);
#89=LINE('',#4217,#272);
#90=LINE('',#4219,#273);
#91=LINE('',#4221,#274);
#92=LINE('',#4225,#275);
#93=LINE('',#4227,#276);
#94=LINE('',#4229,#277);
#95=LINE('',#4231,#278);
#96=LINE('',#4233,#279);
#97=LINE('',#4235,#280);
#98=LINE('',#4237,#281);
#99=LINE('',#4241,#282);
#100=LINE('',#4243,#283);
#101=LINE('',#4245,#284);
#102=LINE('',#4247,#285);
#103=LINE('',#4249,#286);
#104=LINE('',#4251,#287);
#105=LINE('',#4253,#288);
#106=LINE('',#4257,#289);
#107=LINE('',#4260,#290);
#108=LINE('',#4262,#291);
#109=LINE('',#4264,#292);
#110=LINE('',#4266,#293);
#111=LINE('',#4268,#294);
#112=LINE('',#4270,#295);
#113=LINE('',#4275,#296);
#114=LINE('',#4278,#297);
#115=LINE('',#4282,#298);
#116=LINE('',#4286,#299);
#117=LINE('',#4288,#300);
#118=LINE('',#4290,#301);
#119=LINE('',#4292,#302);
#120=LINE('',#4294,#303);
#121=LINE('',#4298,#304);
#122=LINE('',#4304,#305);
#123=LINE('',#4306,#306);
#124=LINE('',#4308,#307);
#125=LINE('',#4314,#308);
#126=LINE('',#4316,#309);
#127=LINE('',#4318,#310);
#128=LINE('',#4320,#311);
#129=LINE('',#4322,#312);
#130=LINE('',#4326,#313);
#131=LINE('',#4331,#314);
#132=LINE('',#4333,#315);
#133=LINE('',#4335,#316);
#134=LINE('',#4337,#317);
#135=LINE('',#4339,#318);
#136=LINE('',#4341,#319);
#137=LINE('',#4343,#320);
#138=LINE('',#4347,#321);
#139=LINE('',#4349,#322);
#140=LINE('',#4351,#323);
#141=LINE('',#4353,#324);
#142=LINE('',#4355,#325);
#143=LINE('',#4357,#326);
#144=LINE('',#4359,#327);
#145=LINE('',#4363,#328);
#146=LINE('',#4365,#329);
#147=LINE('',#4367,#330);
#148=LINE('',#4369,#331);
#149=LINE('',#4371,#332);
#150=LINE('',#4373,#333);
#151=LINE('',#4375,#334);
#152=LINE('',#4379,#335);
#153=LINE('',#4381,#336);
#154=LINE('',#4383,#337);
#155=LINE('',#4385,#338);
#156=LINE('',#4387,#339);
#157=LINE('',#4389,#340);
#158=LINE('',#4391,#341);
#159=LINE('',#4395,#342);
#160=LINE('',#4397,#343);
#161=LINE('',#4399,#344);
#162=LINE('',#4401,#345);
#163=LINE('',#4403,#346);
#164=LINE('',#4405,#347);
#165=LINE('',#4407,#348);
#166=LINE('',#4411,#349);
#167=LINE('',#4413,#350);
#168=LINE('',#4415,#351);
#169=LINE('',#4417,#352);
#170=LINE('',#4419,#353);
#171=LINE('',#4421,#354);
#172=LINE('',#4423,#355);
#173=LINE('',#4428,#356);
#174=LINE('',#4430,#357);
#175=LINE('',#4431,#358);
#176=LINE('',#4433,#359);
#177=LINE('',#4434,#360);
#178=LINE('',#4436,#361);
#179=LINE('',#4460,#362);
#180=LINE('',#4463,#363);
#181=LINE('',#4465,#364);
#182=LINE('',#4467,#365);
#183=LINE('',#4469,#366);
#184=LINE('',#4471,#367);
#185=LINE('',#4473,#368);
#186=LINE('',#4475,#369);
#187=LINE('',#4477,#370);
#188=LINE('',#4479,#371);
#189=LINE('',#4481,#372);
#190=LINE('',#4483,#373);
#191=LINE('',#4485,#374);
#192=LINE('',#4487,#375);
#193=LINE('',#4489,#376);
#194=LINE('',#4491,#377);
#195=LINE('',#4493,#378);
#196=LINE('',#4495,#379);
#197=VECTOR('',#2897,1.);
#198=VECTOR('',#2902,1.);
#199=VECTOR('',#2911,1.);
#200=VECTOR('',#2916,1.);
#201=VECTOR('',#2925,1.);
#202=VECTOR('',#2930,1.);
#203=VECTOR('',#2939,1.);
#204=VECTOR('',#2944,1.);
#205=VECTOR('',#2953,1.);
#206=VECTOR('',#2958,1.);
#207=VECTOR('',#2967,1.);
#208=VECTOR('',#2972,1.);
#209=VECTOR('',#2981,1.);
#210=VECTOR('',#2986,1.);
#211=VECTOR('',#2995,1.);
#212=VECTOR('',#3000,1.);
#213=VECTOR('',#3009,1.);
#214=VECTOR('',#3014,1.);
#215=VECTOR('',#3023,1.);
#216=VECTOR('',#3028,1.);
#217=VECTOR('',#3037,1.);
#218=VECTOR('',#3042,1.);
#219=VECTOR('',#3051,1.);
#220=VECTOR('',#3056,1.);
#221=VECTOR('',#3065,1.);
#222=VECTOR('',#3070,1.);
#223=VECTOR('',#3079,1.);
#224=VECTOR('',#3084,1.);
#225=VECTOR('',#3093,1.);
#226=VECTOR('',#3098,1.);
#227=VECTOR('',#3107,1.);
#228=VECTOR('',#3112,1.);
#229=VECTOR('',#3121,1.);
#230=VECTOR('',#3126,1.);
#231=VECTOR('',#3135,1.);
#232=VECTOR('',#3140,1.);
#233=VECTOR('',#3149,1.);
#234=VECTOR('',#3154,1.);
#235=VECTOR('',#3163,1.);
#236=VECTOR('',#3168,1.);
#237=VECTOR('',#3177,1.);
#238=VECTOR('',#3182,1.);
#239=VECTOR('',#3191,1.);
#240=VECTOR('',#3196,1.);
#241=VECTOR('',#3205,1.);
#242=VECTOR('',#3210,1.);
#243=VECTOR('',#3219,1.);
#244=VECTOR('',#3224,1.);
#245=VECTOR('',#3233,1.);
#246=VECTOR('',#3238,1.);
#247=VECTOR('',#3247,1.);
#248=VECTOR('',#3252,1.);
#249=VECTOR('',#3261,1.);
#250=VECTOR('',#3266,1.);
#251=VECTOR('',#3275,1.);
#252=VECTOR('',#3280,1.);
#253=VECTOR('',#3289,1.);
#254=VECTOR('',#3292,1.);
#255=VECTOR('',#3295,1.);
#256=VECTOR('',#3298,1.);
#257=VECTOR('',#3299,1.);
#258=VECTOR('',#3302,1.);
#259=VECTOR('',#3305,1.);
#260=VECTOR('',#3308,1.);
#261=VECTOR('',#3315,1.);
#262=VECTOR('',#3318,1.);
#263=VECTOR('',#3321,1.);
#264=VECTOR('',#3324,1.);
#265=VECTOR('',#3327,1.);
#266=VECTOR('',#3330,1.);
#267=VECTOR('',#3333,1.);
#268=VECTOR('',#3340,1.);
#269=VECTOR('',#3343,1.);
#270=VECTOR('',#3346,1.);
#271=VECTOR('',#3349,1.);
#272=VECTOR('',#3352,1.);
#273=VECTOR('',#3355,1.);
#274=VECTOR('',#3358,1.);
#275=VECTOR('',#3365,1.);
#276=VECTOR('',#3368,1.);
#277=VECTOR('',#3371,1.);
#278=VECTOR('',#3374,1.);
#279=VECTOR('',#3377,1.);
#280=VECTOR('',#3380,1.);
#281=VECTOR('',#3383,1.);
#282=VECTOR('',#3390,1.);
#283=VECTOR('',#3393,1.);
#284=VECTOR('',#3396,1.);
#285=VECTOR('',#3399,1.);
#286=VECTOR('',#3402,1.);
#287=VECTOR('',#3405,1.);
#288=VECTOR('',#3408,1.);
#289=VECTOR('',#3415,1.);
#290=VECTOR('',#3418,1.);
#291=VECTOR('',#3421,1.);
#292=VECTOR('',#3424,1.);
#293=VECTOR('',#3427,1.);
#294=VECTOR('',#3430,1.);
#295=VECTOR('',#3433,1.);
#296=VECTOR('',#3440,1.);
#297=VECTOR('',#3443,1.);
#298=VECTOR('',#3448,1.);
#299=VECTOR('',#3453,1.);
#300=VECTOR('',#3456,1.);
#301=VECTOR('',#3457,1.);
#302=VECTOR('',#3460,1.);
#303=VECTOR('',#3461,1.);
#304=VECTOR('',#3466,1.);
#305=VECTOR('',#3475,1.);
#306=VECTOR('',#3478,1.);
#307=VECTOR('',#3481,1.);
#308=VECTOR('',#3488,1.);
#309=VECTOR('',#3491,1.);
#310=VECTOR('',#3492,1.);
#311=VECTOR('',#3495,1.);
#312=VECTOR('',#3496,1.);
#313=VECTOR('',#3501,1.);
#314=VECTOR('',#3510,1.);
#315=VECTOR('',#3513,1.);
#316=VECTOR('',#3516,1.);
#317=VECTOR('',#3519,1.);
#318=VECTOR('',#3522,1.);
#319=VECTOR('',#3525,1.);
#320=VECTOR('',#3528,1.);
#321=VECTOR('',#3535,1.);
#322=VECTOR('',#3538,1.);
#323=VECTOR('',#3541,1.);
#324=VECTOR('',#3544,1.);
#325=VECTOR('',#3547,1.);
#326=VECTOR('',#3550,1.);
#327=VECTOR('',#3553,1.);
#328=VECTOR('',#3560,1.);
#329=VECTOR('',#3563,1.);
#330=VECTOR('',#3566,1.);
#331=VECTOR('',#3569,1.);
#332=VECTOR('',#3572,1.);
#333=VECTOR('',#3575,1.);
#334=VECTOR('',#3578,1.);
#335=VECTOR('',#3585,1.);
#336=VECTOR('',#3588,1.);
#337=VECTOR('',#3591,1.);
#338=VECTOR('',#3594,1.);
#339=VECTOR('',#3597,1.);
#340=VECTOR('',#3600,1.);
#341=VECTOR('',#3603,1.);
#342=VECTOR('',#3610,1.);
#343=VECTOR('',#3613,1.);
#344=VECTOR('',#3616,1.);
#345=VECTOR('',#3619,1.);
#346=VECTOR('',#3622,1.);
#347=VECTOR('',#3625,1.);
#348=VECTOR('',#3628,1.);
#349=VECTOR('',#3635,1.);
#350=VECTOR('',#3638,1.);
#351=VECTOR('',#3641,1.);
#352=VECTOR('',#3644,1.);
#353=VECTOR('',#3647,1.);
#354=VECTOR('',#3650,1.);
#355=VECTOR('',#3653,1.);
#356=VECTOR('',#3662,1.);
#357=VECTOR('',#3665,1.);
#358=VECTOR('',#3666,1.);
#359=VECTOR('',#3669,1.);
#360=VECTOR('',#3670,1.);
#361=VECTOR('',#3673,1.);
#362=VECTOR('',#3710,1.);
#363=VECTOR('',#3711,1.);
#364=VECTOR('',#3712,1.);
#365=VECTOR('',#3713,1.);
#366=VECTOR('',#3714,1.);
#367=VECTOR('',#3715,1.);
#368=VECTOR('',#3718,1.);
#369=VECTOR('',#3719,1.);
#370=VECTOR('',#3720,1.);
#371=VECTOR('',#3723,1.);
#372=VECTOR('',#3724,1.);
#373=VECTOR('',#3727,1.);
#374=VECTOR('',#3728,1.);
#375=VECTOR('',#3731,1.);
#376=VECTOR('',#3732,1.);
#377=VECTOR('',#3735,1.);
#378=VECTOR('',#3736,1.);
#379=VECTOR('',#3739,1.);
#380=PLANE('',#2549);
#381=PLANE('',#2555);
#382=PLANE('',#2561);
#383=PLANE('',#2567);
#384=PLANE('',#2573);
#385=PLANE('',#2579);
#386=PLANE('',#2585);
#387=PLANE('',#2591);
#388=PLANE('',#2597);
#389=PLANE('',#2603);
#390=PLANE('',#2609);
#391=PLANE('',#2615);
#392=PLANE('',#2621);
#393=PLANE('',#2627);
#394=PLANE('',#2633);
#395=PLANE('',#2639);
#396=PLANE('',#2645);
#397=PLANE('',#2651);
#398=PLANE('',#2657);
#399=PLANE('',#2663);
#400=PLANE('',#2669);
#401=PLANE('',#2675);
#402=PLANE('',#2681);
#403=PLANE('',#2687);
#404=PLANE('',#2693);
#405=PLANE('',#2699);
#406=PLANE('',#2705);
#407=PLANE('',#2711);
#408=PLANE('',#2722);
#409=PLANE('',#2723);
#410=PLANE('',#2731);
#411=PLANE('',#2732);
#412=PLANE('',#2740);
#413=PLANE('',#2741);
#414=PLANE('',#2749);
#415=PLANE('',#2750);
#416=PLANE('',#2758);
#417=PLANE('',#2759);
#418=PLANE('',#2767);
#419=PLANE('',#2768);
#420=PLANE('',#2778);
#421=PLANE('',#2779);
#422=PLANE('',#2791);
#423=PLANE('',#2792);
#424=PLANE('',#2802);
#425=PLANE('',#2803);
#426=PLANE('',#2811);
#427=PLANE('',#2812);
#428=PLANE('',#2820);
#429=PLANE('',#2821);
#430=PLANE('',#2829);
#431=PLANE('',#2830);
#432=PLANE('',#2838);
#433=PLANE('',#2839);
#434=PLANE('',#2847);
#435=PLANE('',#2848);
#436=PLANE('',#2854);
#437=PLANE('',#2855);
#438=PLANE('',#2860);
#439=PLANE('',#2863);
#440=PLANE('',#2865);
#441=PLANE('',#2868);
#442=PLANE('',#2874);
#443=PLANE('',#2875);
#444=PLANE('',#2876);
#445=PLANE('',#2877);
#446=PLANE('',#2878);
#447=PLANE('',#2879);
#448=PLANE('',#2880);
#449=PLANE('',#2881);
#450=PLANE('',#2882);
#451=ORIENTED_EDGE('',*,*,#1193,.F.);
#452=ORIENTED_EDGE('',*,*,#1194,.F.);
#453=ORIENTED_EDGE('',*,*,#1195,.F.);
#454=ORIENTED_EDGE('',*,*,#1196,.T.);
#455=ORIENTED_EDGE('',*,*,#1197,.T.);
#456=ORIENTED_EDGE('',*,*,#1198,.F.);
#457=ORIENTED_EDGE('',*,*,#1199,.F.);
#458=ORIENTED_EDGE('',*,*,#1200,.F.);
#459=ORIENTED_EDGE('',*,*,#1201,.F.);
#460=ORIENTED_EDGE('',*,*,#1202,.F.);
#461=ORIENTED_EDGE('',*,*,#1203,.T.);
#462=ORIENTED_EDGE('',*,*,#1204,.T.);
#463=ORIENTED_EDGE('',*,*,#1205,.F.);
#464=ORIENTED_EDGE('',*,*,#1206,.F.);
#465=ORIENTED_EDGE('',*,*,#1207,.F.);
#466=ORIENTED_EDGE('',*,*,#1208,.F.);
#467=ORIENTED_EDGE('',*,*,#1209,.F.);
#468=ORIENTED_EDGE('',*,*,#1210,.T.);
#469=ORIENTED_EDGE('',*,*,#1211,.T.);
#470=ORIENTED_EDGE('',*,*,#1212,.F.);
#471=ORIENTED_EDGE('',*,*,#1213,.F.);
#472=ORIENTED_EDGE('',*,*,#1214,.F.);
#473=ORIENTED_EDGE('',*,*,#1215,.F.);
#474=ORIENTED_EDGE('',*,*,#1216,.F.);
#475=ORIENTED_EDGE('',*,*,#1217,.T.);
#476=ORIENTED_EDGE('',*,*,#1218,.T.);
#477=ORIENTED_EDGE('',*,*,#1219,.F.);
#478=ORIENTED_EDGE('',*,*,#1220,.F.);
#479=ORIENTED_EDGE('',*,*,#1221,.F.);
#480=ORIENTED_EDGE('',*,*,#1222,.F.);
#481=ORIENTED_EDGE('',*,*,#1223,.F.);
#482=ORIENTED_EDGE('',*,*,#1224,.T.);
#483=ORIENTED_EDGE('',*,*,#1225,.T.);
#484=ORIENTED_EDGE('',*,*,#1226,.F.);
#485=ORIENTED_EDGE('',*,*,#1227,.F.);
#486=ORIENTED_EDGE('',*,*,#1228,.F.);
#487=ORIENTED_EDGE('',*,*,#1229,.F.);
#488=ORIENTED_EDGE('',*,*,#1230,.F.);
#489=ORIENTED_EDGE('',*,*,#1231,.T.);
#490=ORIENTED_EDGE('',*,*,#1232,.T.);
#491=ORIENTED_EDGE('',*,*,#1233,.F.);
#492=ORIENTED_EDGE('',*,*,#1234,.F.);
#493=ORIENTED_EDGE('',*,*,#1235,.F.);
#494=ORIENTED_EDGE('',*,*,#1236,.F.);
#495=ORIENTED_EDGE('',*,*,#1237,.F.);
#496=ORIENTED_EDGE('',*,*,#1238,.T.);
#497=ORIENTED_EDGE('',*,*,#1239,.T.);
#498=ORIENTED_EDGE('',*,*,#1240,.F.);
#499=ORIENTED_EDGE('',*,*,#1241,.F.);
#500=ORIENTED_EDGE('',*,*,#1242,.F.);
#501=ORIENTED_EDGE('',*,*,#1243,.F.);
#502=ORIENTED_EDGE('',*,*,#1244,.F.);
#503=ORIENTED_EDGE('',*,*,#1245,.T.);
#504=ORIENTED_EDGE('',*,*,#1246,.T.);
#505=ORIENTED_EDGE('',*,*,#1247,.F.);
#506=ORIENTED_EDGE('',*,*,#1248,.F.);
#507=ORIENTED_EDGE('',*,*,#1249,.F.);
#508=ORIENTED_EDGE('',*,*,#1250,.F.);
#509=ORIENTED_EDGE('',*,*,#1251,.F.);
#510=ORIENTED_EDGE('',*,*,#1252,.T.);
#511=ORIENTED_EDGE('',*,*,#1253,.T.);
#512=ORIENTED_EDGE('',*,*,#1254,.F.);
#513=ORIENTED_EDGE('',*,*,#1255,.F.);
#514=ORIENTED_EDGE('',*,*,#1256,.F.);
#515=ORIENTED_EDGE('',*,*,#1257,.F.);
#516=ORIENTED_EDGE('',*,*,#1258,.F.);
#517=ORIENTED_EDGE('',*,*,#1259,.T.);
#518=ORIENTED_EDGE('',*,*,#1260,.T.);
#519=ORIENTED_EDGE('',*,*,#1261,.F.);
#520=ORIENTED_EDGE('',*,*,#1262,.F.);
#521=ORIENTED_EDGE('',*,*,#1263,.F.);
#522=ORIENTED_EDGE('',*,*,#1264,.F.);
#523=ORIENTED_EDGE('',*,*,#1265,.F.);
#524=ORIENTED_EDGE('',*,*,#1266,.T.);
#525=ORIENTED_EDGE('',*,*,#1267,.T.);
#526=ORIENTED_EDGE('',*,*,#1268,.F.);
#527=ORIENTED_EDGE('',*,*,#1269,.F.);
#528=ORIENTED_EDGE('',*,*,#1270,.F.);
#529=ORIENTED_EDGE('',*,*,#1271,.F.);
#530=ORIENTED_EDGE('',*,*,#1272,.F.);
#531=ORIENTED_EDGE('',*,*,#1273,.T.);
#532=ORIENTED_EDGE('',*,*,#1274,.T.);
#533=ORIENTED_EDGE('',*,*,#1275,.F.);
#534=ORIENTED_EDGE('',*,*,#1276,.F.);
#535=ORIENTED_EDGE('',*,*,#1277,.F.);
#536=ORIENTED_EDGE('',*,*,#1278,.F.);
#537=ORIENTED_EDGE('',*,*,#1279,.F.);
#538=ORIENTED_EDGE('',*,*,#1280,.T.);
#539=ORIENTED_EDGE('',*,*,#1281,.T.);
#540=ORIENTED_EDGE('',*,*,#1282,.F.);
#541=ORIENTED_EDGE('',*,*,#1283,.F.);
#542=ORIENTED_EDGE('',*,*,#1284,.F.);
#543=ORIENTED_EDGE('',*,*,#1285,.F.);
#544=ORIENTED_EDGE('',*,*,#1286,.F.);
#545=ORIENTED_EDGE('',*,*,#1287,.T.);
#546=ORIENTED_EDGE('',*,*,#1288,.T.);
#547=ORIENTED_EDGE('',*,*,#1289,.F.);
#548=ORIENTED_EDGE('',*,*,#1290,.F.);
#549=ORIENTED_EDGE('',*,*,#1291,.F.);
#550=ORIENTED_EDGE('',*,*,#1292,.F.);
#551=ORIENTED_EDGE('',*,*,#1293,.F.);
#552=ORIENTED_EDGE('',*,*,#1294,.T.);
#553=ORIENTED_EDGE('',*,*,#1295,.T.);
#554=ORIENTED_EDGE('',*,*,#1296,.F.);
#555=ORIENTED_EDGE('',*,*,#1297,.F.);
#556=ORIENTED_EDGE('',*,*,#1298,.F.);
#557=ORIENTED_EDGE('',*,*,#1299,.F.);
#558=ORIENTED_EDGE('',*,*,#1300,.F.);
#559=ORIENTED_EDGE('',*,*,#1301,.T.);
#560=ORIENTED_EDGE('',*,*,#1302,.T.);
#561=ORIENTED_EDGE('',*,*,#1303,.F.);
#562=ORIENTED_EDGE('',*,*,#1304,.F.);
#563=ORIENTED_EDGE('',*,*,#1305,.F.);
#564=ORIENTED_EDGE('',*,*,#1306,.F.);
#565=ORIENTED_EDGE('',*,*,#1307,.F.);
#566=ORIENTED_EDGE('',*,*,#1308,.T.);
#567=ORIENTED_EDGE('',*,*,#1309,.T.);
#568=ORIENTED_EDGE('',*,*,#1310,.F.);
#569=ORIENTED_EDGE('',*,*,#1311,.F.);
#570=ORIENTED_EDGE('',*,*,#1312,.F.);
#571=ORIENTED_EDGE('',*,*,#1313,.F.);
#572=ORIENTED_EDGE('',*,*,#1314,.F.);
#573=ORIENTED_EDGE('',*,*,#1315,.T.);
#574=ORIENTED_EDGE('',*,*,#1316,.T.);
#575=ORIENTED_EDGE('',*,*,#1317,.F.);
#576=ORIENTED_EDGE('',*,*,#1318,.F.);
#577=ORIENTED_EDGE('',*,*,#1319,.F.);
#578=ORIENTED_EDGE('',*,*,#1320,.F.);
#579=ORIENTED_EDGE('',*,*,#1321,.F.);
#580=ORIENTED_EDGE('',*,*,#1322,.T.);
#581=ORIENTED_EDGE('',*,*,#1323,.T.);
#582=ORIENTED_EDGE('',*,*,#1324,.F.);
#583=ORIENTED_EDGE('',*,*,#1325,.F.);
#584=ORIENTED_EDGE('',*,*,#1326,.F.);
#585=ORIENTED_EDGE('',*,*,#1327,.F.);
#586=ORIENTED_EDGE('',*,*,#1328,.F.);
#587=ORIENTED_EDGE('',*,*,#1329,.T.);
#588=ORIENTED_EDGE('',*,*,#1330,.T.);
#589=ORIENTED_EDGE('',*,*,#1331,.F.);
#590=ORIENTED_EDGE('',*,*,#1332,.F.);
#591=ORIENTED_EDGE('',*,*,#1333,.F.);
#592=ORIENTED_EDGE('',*,*,#1334,.F.);
#593=ORIENTED_EDGE('',*,*,#1335,.F.);
#594=ORIENTED_EDGE('',*,*,#1336,.T.);
#595=ORIENTED_EDGE('',*,*,#1337,.T.);
#596=ORIENTED_EDGE('',*,*,#1338,.F.);
#597=ORIENTED_EDGE('',*,*,#1339,.F.);
#598=ORIENTED_EDGE('',*,*,#1340,.F.);
#599=ORIENTED_EDGE('',*,*,#1341,.F.);
#600=ORIENTED_EDGE('',*,*,#1342,.F.);
#601=ORIENTED_EDGE('',*,*,#1343,.T.);
#602=ORIENTED_EDGE('',*,*,#1344,.T.);
#603=ORIENTED_EDGE('',*,*,#1345,.F.);
#604=ORIENTED_EDGE('',*,*,#1346,.F.);
#605=ORIENTED_EDGE('',*,*,#1347,.F.);
#606=ORIENTED_EDGE('',*,*,#1348,.F.);
#607=ORIENTED_EDGE('',*,*,#1349,.F.);
#608=ORIENTED_EDGE('',*,*,#1350,.T.);
#609=ORIENTED_EDGE('',*,*,#1351,.T.);
#610=ORIENTED_EDGE('',*,*,#1352,.F.);
#611=ORIENTED_EDGE('',*,*,#1353,.F.);
#612=ORIENTED_EDGE('',*,*,#1354,.F.);
#613=ORIENTED_EDGE('',*,*,#1355,.F.);
#614=ORIENTED_EDGE('',*,*,#1356,.F.);
#615=ORIENTED_EDGE('',*,*,#1357,.T.);
#616=ORIENTED_EDGE('',*,*,#1358,.T.);
#617=ORIENTED_EDGE('',*,*,#1359,.F.);
#618=ORIENTED_EDGE('',*,*,#1360,.F.);
#619=ORIENTED_EDGE('',*,*,#1361,.F.);
#620=ORIENTED_EDGE('',*,*,#1362,.F.);
#621=ORIENTED_EDGE('',*,*,#1363,.F.);
#622=ORIENTED_EDGE('',*,*,#1364,.T.);
#623=ORIENTED_EDGE('',*,*,#1365,.T.);
#624=ORIENTED_EDGE('',*,*,#1366,.F.);
#625=ORIENTED_EDGE('',*,*,#1367,.F.);
#626=ORIENTED_EDGE('',*,*,#1368,.F.);
#627=ORIENTED_EDGE('',*,*,#1369,.F.);
#628=ORIENTED_EDGE('',*,*,#1370,.F.);
#629=ORIENTED_EDGE('',*,*,#1371,.T.);
#630=ORIENTED_EDGE('',*,*,#1372,.T.);
#631=ORIENTED_EDGE('',*,*,#1373,.F.);
#632=ORIENTED_EDGE('',*,*,#1374,.F.);
#633=ORIENTED_EDGE('',*,*,#1375,.F.);
#634=ORIENTED_EDGE('',*,*,#1376,.F.);
#635=ORIENTED_EDGE('',*,*,#1377,.F.);
#636=ORIENTED_EDGE('',*,*,#1378,.T.);
#637=ORIENTED_EDGE('',*,*,#1379,.T.);
#638=ORIENTED_EDGE('',*,*,#1380,.F.);
#639=ORIENTED_EDGE('',*,*,#1381,.F.);
#640=ORIENTED_EDGE('',*,*,#1382,.F.);
#641=ORIENTED_EDGE('',*,*,#1383,.F.);
#642=ORIENTED_EDGE('',*,*,#1384,.F.);
#643=ORIENTED_EDGE('',*,*,#1385,.T.);
#644=ORIENTED_EDGE('',*,*,#1386,.T.);
#645=ORIENTED_EDGE('',*,*,#1387,.F.);
#646=ORIENTED_EDGE('',*,*,#1388,.F.);
#647=ORIENTED_EDGE('',*,*,#1389,.F.);
#648=ORIENTED_EDGE('',*,*,#1390,.F.);
#649=ORIENTED_EDGE('',*,*,#1391,.T.);
#650=ORIENTED_EDGE('',*,*,#1392,.F.);
#651=ORIENTED_EDGE('',*,*,#1393,.F.);
#652=ORIENTED_EDGE('',*,*,#1394,.F.);
#653=ORIENTED_EDGE('',*,*,#1354,.T.);
#654=ORIENTED_EDGE('',*,*,#1395,.T.);
#655=ORIENTED_EDGE('',*,*,#1237,.T.);
#656=ORIENTED_EDGE('',*,*,#1394,.T.);
#657=ORIENTED_EDGE('',*,*,#1349,.T.);
#658=ORIENTED_EDGE('',*,*,#1396,.T.);
#659=ORIENTED_EDGE('',*,*,#1242,.T.);
#660=ORIENTED_EDGE('',*,*,#1397,.T.);
#661=ORIENTED_EDGE('',*,*,#1241,.T.);
#662=ORIENTED_EDGE('',*,*,#1398,.F.);
#663=ORIENTED_EDGE('',*,*,#1350,.F.);
#664=ORIENTED_EDGE('',*,*,#1397,.F.);
#665=ORIENTED_EDGE('',*,*,#1353,.T.);
#666=ORIENTED_EDGE('',*,*,#1399,.T.);
#667=ORIENTED_EDGE('',*,*,#1238,.F.);
#668=ORIENTED_EDGE('',*,*,#1395,.F.);
#669=ORIENTED_EDGE('',*,*,#1239,.F.);
#670=ORIENTED_EDGE('',*,*,#1399,.F.);
#671=ORIENTED_EDGE('',*,*,#1352,.T.);
#672=ORIENTED_EDGE('',*,*,#1400,.F.);
#673=ORIENTED_EDGE('',*,*,#1351,.F.);
#674=ORIENTED_EDGE('',*,*,#1398,.T.);
#675=ORIENTED_EDGE('',*,*,#1240,.T.);
#676=ORIENTED_EDGE('',*,*,#1400,.T.);
#677=ORIENTED_EDGE('',*,*,#1401,.T.);
#678=ORIENTED_EDGE('',*,*,#1402,.F.);
#679=ORIENTED_EDGE('',*,*,#1403,.F.);
#680=ORIENTED_EDGE('',*,*,#1404,.F.);
#681=ORIENTED_EDGE('',*,*,#1361,.T.);
#682=ORIENTED_EDGE('',*,*,#1405,.T.);
#683=ORIENTED_EDGE('',*,*,#1230,.T.);
#684=ORIENTED_EDGE('',*,*,#1404,.T.);
#685=ORIENTED_EDGE('',*,*,#1356,.T.);
#686=ORIENTED_EDGE('',*,*,#1392,.T.);
#687=ORIENTED_EDGE('',*,*,#1235,.T.);
#688=ORIENTED_EDGE('',*,*,#1406,.T.);
#689=ORIENTED_EDGE('',*,*,#1234,.T.);
#690=ORIENTED_EDGE('',*,*,#1407,.F.);
#691=ORIENTED_EDGE('',*,*,#1357,.F.);
#692=ORIENTED_EDGE('',*,*,#1406,.F.);
#693=ORIENTED_EDGE('',*,*,#1360,.T.);
#694=ORIENTED_EDGE('',*,*,#1408,.T.);
#695=ORIENTED_EDGE('',*,*,#1231,.F.);
#696=ORIENTED_EDGE('',*,*,#1405,.F.);
#697=ORIENTED_EDGE('',*,*,#1232,.F.);
#698=ORIENTED_EDGE('',*,*,#1408,.F.);
#699=ORIENTED_EDGE('',*,*,#1359,.T.);
#700=ORIENTED_EDGE('',*,*,#1409,.F.);
#701=ORIENTED_EDGE('',*,*,#1358,.F.);
#702=ORIENTED_EDGE('',*,*,#1407,.T.);
#703=ORIENTED_EDGE('',*,*,#1233,.T.);
#704=ORIENTED_EDGE('',*,*,#1409,.T.);
#705=ORIENTED_EDGE('',*,*,#1410,.T.);
#706=ORIENTED_EDGE('',*,*,#1411,.F.);
#707=ORIENTED_EDGE('',*,*,#1412,.F.);
#708=ORIENTED_EDGE('',*,*,#1413,.F.);
#709=ORIENTED_EDGE('',*,*,#1368,.T.);
#710=ORIENTED_EDGE('',*,*,#1414,.T.);
#711=ORIENTED_EDGE('',*,*,#1223,.T.);
#712=ORIENTED_EDGE('',*,*,#1413,.T.);
#713=ORIENTED_EDGE('',*,*,#1363,.T.);
#714=ORIENTED_EDGE('',*,*,#1402,.T.);
#715=ORIENTED_EDGE('',*,*,#1228,.T.);
#716=ORIENTED_EDGE('',*,*,#1415,.T.);
#717=ORIENTED_EDGE('',*,*,#1227,.T.);
#718=ORIENTED_EDGE('',*,*,#1416,.F.);
#719=ORIENTED_EDGE('',*,*,#1364,.F.);
#720=ORIENTED_EDGE('',*,*,#1415,.F.);
#721=ORIENTED_EDGE('',*,*,#1367,.T.);
#722=ORIENTED_EDGE('',*,*,#1417,.T.);
#723=ORIENTED_EDGE('',*,*,#1224,.F.);
#724=ORIENTED_EDGE('',*,*,#1414,.F.);
#725=ORIENTED_EDGE('',*,*,#1225,.F.);
#726=ORIENTED_EDGE('',*,*,#1417,.F.);
#727=ORIENTED_EDGE('',*,*,#1366,.T.);
#728=ORIENTED_EDGE('',*,*,#1418,.F.);
#729=ORIENTED_EDGE('',*,*,#1365,.F.);
#730=ORIENTED_EDGE('',*,*,#1416,.T.);
#731=ORIENTED_EDGE('',*,*,#1226,.T.);
#732=ORIENTED_EDGE('',*,*,#1418,.T.);
#733=ORIENTED_EDGE('',*,*,#1419,.T.);
#734=ORIENTED_EDGE('',*,*,#1420,.F.);
#735=ORIENTED_EDGE('',*,*,#1421,.F.);
#736=ORIENTED_EDGE('',*,*,#1422,.F.);
#737=ORIENTED_EDGE('',*,*,#1375,.T.);
#738=ORIENTED_EDGE('',*,*,#1423,.T.);
#739=ORIENTED_EDGE('',*,*,#1216,.T.);
#740=ORIENTED_EDGE('',*,*,#1422,.T.);
#741=ORIENTED_EDGE('',*,*,#1370,.T.);
#742=ORIENTED_EDGE('',*,*,#1411,.T.);
#743=ORIENTED_EDGE('',*,*,#1221,.T.);
#744=ORIENTED_EDGE('',*,*,#1424,.T.);
#745=ORIENTED_EDGE('',*,*,#1220,.T.);
#746=ORIENTED_EDGE('',*,*,#1425,.F.);
#747=ORIENTED_EDGE('',*,*,#1371,.F.);
#748=ORIENTED_EDGE('',*,*,#1424,.F.);
#749=ORIENTED_EDGE('',*,*,#1374,.T.);
#750=ORIENTED_EDGE('',*,*,#1426,.T.);
#751=ORIENTED_EDGE('',*,*,#1217,.F.);
#752=ORIENTED_EDGE('',*,*,#1423,.F.);
#753=ORIENTED_EDGE('',*,*,#1218,.F.);
#754=ORIENTED_EDGE('',*,*,#1426,.F.);
#755=ORIENTED_EDGE('',*,*,#1373,.T.);
#756=ORIENTED_EDGE('',*,*,#1427,.F.);
#757=ORIENTED_EDGE('',*,*,#1372,.F.);
#758=ORIENTED_EDGE('',*,*,#1425,.T.);
#759=ORIENTED_EDGE('',*,*,#1219,.T.);
#760=ORIENTED_EDGE('',*,*,#1427,.T.);
#761=ORIENTED_EDGE('',*,*,#1428,.T.);
#762=ORIENTED_EDGE('',*,*,#1429,.F.);
#763=ORIENTED_EDGE('',*,*,#1430,.F.);
#764=ORIENTED_EDGE('',*,*,#1431,.F.);
#765=ORIENTED_EDGE('',*,*,#1382,.T.);
#766=ORIENTED_EDGE('',*,*,#1432,.T.);
#767=ORIENTED_EDGE('',*,*,#1209,.T.);
#768=ORIENTED_EDGE('',*,*,#1431,.T.);
#769=ORIENTED_EDGE('',*,*,#1377,.T.);
#770=ORIENTED_EDGE('',*,*,#1420,.T.);
#771=ORIENTED_EDGE('',*,*,#1214,.T.);
#772=ORIENTED_EDGE('',*,*,#1433,.T.);
#773=ORIENTED_EDGE('',*,*,#1213,.T.);
#774=ORIENTED_EDGE('',*,*,#1434,.F.);
#775=ORIENTED_EDGE('',*,*,#1378,.F.);
#776=ORIENTED_EDGE('',*,*,#1433,.F.);
#777=ORIENTED_EDGE('',*,*,#1381,.T.);
#778=ORIENTED_EDGE('',*,*,#1435,.T.);
#779=ORIENTED_EDGE('',*,*,#1210,.F.);
#780=ORIENTED_EDGE('',*,*,#1432,.F.);
#781=ORIENTED_EDGE('',*,*,#1211,.F.);
#782=ORIENTED_EDGE('',*,*,#1435,.F.);
#783=ORIENTED_EDGE('',*,*,#1380,.T.);
#784=ORIENTED_EDGE('',*,*,#1436,.F.);
#785=ORIENTED_EDGE('',*,*,#1379,.F.);
#786=ORIENTED_EDGE('',*,*,#1434,.T.);
#787=ORIENTED_EDGE('',*,*,#1212,.T.);
#788=ORIENTED_EDGE('',*,*,#1436,.T.);
#789=ORIENTED_EDGE('',*,*,#1437,.T.);
#790=ORIENTED_EDGE('',*,*,#1438,.F.);
#791=ORIENTED_EDGE('',*,*,#1439,.F.);
#792=ORIENTED_EDGE('',*,*,#1440,.F.);
#793=ORIENTED_EDGE('',*,*,#1389,.T.);
#794=ORIENTED_EDGE('',*,*,#1441,.T.);
#795=ORIENTED_EDGE('',*,*,#1202,.T.);
#796=ORIENTED_EDGE('',*,*,#1440,.T.);
#797=ORIENTED_EDGE('',*,*,#1384,.T.);
#798=ORIENTED_EDGE('',*,*,#1429,.T.);
#799=ORIENTED_EDGE('',*,*,#1207,.T.);
#800=ORIENTED_EDGE('',*,*,#1442,.T.);
#801=ORIENTED_EDGE('',*,*,#1206,.T.);
#802=ORIENTED_EDGE('',*,*,#1443,.F.);
#803=ORIENTED_EDGE('',*,*,#1385,.F.);
#804=ORIENTED_EDGE('',*,*,#1442,.F.);
#805=ORIENTED_EDGE('',*,*,#1388,.T.);
#806=ORIENTED_EDGE('',*,*,#1444,.T.);
#807=ORIENTED_EDGE('',*,*,#1203,.F.);
#808=ORIENTED_EDGE('',*,*,#1441,.F.);
#809=ORIENTED_EDGE('',*,*,#1204,.F.);
#810=ORIENTED_EDGE('',*,*,#1444,.F.);
#811=ORIENTED_EDGE('',*,*,#1387,.T.);
#812=ORIENTED_EDGE('',*,*,#1445,.F.);
#813=ORIENTED_EDGE('',*,*,#1386,.F.);
#814=ORIENTED_EDGE('',*,*,#1443,.T.);
#815=ORIENTED_EDGE('',*,*,#1205,.T.);
#816=ORIENTED_EDGE('',*,*,#1445,.T.);
#817=ORIENTED_EDGE('',*,*,#1446,.T.);
#818=ORIENTED_EDGE('',*,*,#1447,.F.);
#819=ORIENTED_EDGE('',*,*,#1448,.F.);
#820=ORIENTED_EDGE('',*,*,#1449,.F.);
#821=ORIENTED_EDGE('',*,*,#1450,.T.);
#822=ORIENTED_EDGE('',*,*,#1451,.T.);
#823=ORIENTED_EDGE('',*,*,#1195,.T.);
#824=ORIENTED_EDGE('',*,*,#1449,.T.);
#825=ORIENTED_EDGE('',*,*,#1452,.T.);
#826=ORIENTED_EDGE('',*,*,#1438,.T.);
#827=ORIENTED_EDGE('',*,*,#1200,.T.);
#828=ORIENTED_EDGE('',*,*,#1453,.T.);
#829=ORIENTED_EDGE('',*,*,#1199,.T.);
#830=ORIENTED_EDGE('',*,*,#1454,.F.);
#831=ORIENTED_EDGE('',*,*,#1455,.F.);
#832=ORIENTED_EDGE('',*,*,#1453,.F.);
#833=ORIENTED_EDGE('',*,*,#1456,.T.);
#834=ORIENTED_EDGE('',*,*,#1457,.T.);
#835=ORIENTED_EDGE('',*,*,#1196,.F.);
#836=ORIENTED_EDGE('',*,*,#1451,.F.);
#837=ORIENTED_EDGE('',*,*,#1197,.F.);
#838=ORIENTED_EDGE('',*,*,#1457,.F.);
#839=ORIENTED_EDGE('',*,*,#1458,.T.);
#840=ORIENTED_EDGE('',*,*,#1459,.F.);
#841=ORIENTED_EDGE('',*,*,#1460,.F.);
#842=ORIENTED_EDGE('',*,*,#1454,.T.);
#843=ORIENTED_EDGE('',*,*,#1198,.T.);
#844=ORIENTED_EDGE('',*,*,#1459,.T.);
#845=ORIENTED_EDGE('',*,*,#1461,.T.);
#846=ORIENTED_EDGE('',*,*,#1462,.F.);
#847=ORIENTED_EDGE('',*,*,#1463,.F.);
#848=ORIENTED_EDGE('',*,*,#1464,.F.);
#849=ORIENTED_EDGE('',*,*,#1298,.T.);
#850=ORIENTED_EDGE('',*,*,#1465,.T.);
#851=ORIENTED_EDGE('',*,*,#1466,.T.);
#852=ORIENTED_EDGE('',*,*,#1464,.T.);
#853=ORIENTED_EDGE('',*,*,#1293,.T.);
#854=ORIENTED_EDGE('',*,*,#1447,.T.);
#855=ORIENTED_EDGE('',*,*,#1467,.T.);
#856=ORIENTED_EDGE('',*,*,#1468,.T.);
#857=ORIENTED_EDGE('',*,*,#1469,.T.);
#858=ORIENTED_EDGE('',*,*,#1470,.F.);
#859=ORIENTED_EDGE('',*,*,#1294,.F.);
#860=ORIENTED_EDGE('',*,*,#1468,.F.);
#861=ORIENTED_EDGE('',*,*,#1297,.T.);
#862=ORIENTED_EDGE('',*,*,#1471,.T.);
#863=ORIENTED_EDGE('',*,*,#1472,.F.);
#864=ORIENTED_EDGE('',*,*,#1465,.F.);
#865=ORIENTED_EDGE('',*,*,#1473,.F.);
#866=ORIENTED_EDGE('',*,*,#1471,.F.);
#867=ORIENTED_EDGE('',*,*,#1296,.T.);
#868=ORIENTED_EDGE('',*,*,#1474,.F.);
#869=ORIENTED_EDGE('',*,*,#1295,.F.);
#870=ORIENTED_EDGE('',*,*,#1470,.T.);
#871=ORIENTED_EDGE('',*,*,#1475,.T.);
#872=ORIENTED_EDGE('',*,*,#1474,.T.);
#873=ORIENTED_EDGE('',*,*,#1476,.T.);
#874=ORIENTED_EDGE('',*,*,#1477,.F.);
#875=ORIENTED_EDGE('',*,*,#1478,.F.);
#876=ORIENTED_EDGE('',*,*,#1479,.F.);
#877=ORIENTED_EDGE('',*,*,#1305,.T.);
#878=ORIENTED_EDGE('',*,*,#1480,.T.);
#879=ORIENTED_EDGE('',*,*,#1286,.T.);
#880=ORIENTED_EDGE('',*,*,#1479,.T.);
#881=ORIENTED_EDGE('',*,*,#1300,.T.);
#882=ORIENTED_EDGE('',*,*,#1462,.T.);
#883=ORIENTED_EDGE('',*,*,#1291,.T.);
#884=ORIENTED_EDGE('',*,*,#1481,.T.);
#885=ORIENTED_EDGE('',*,*,#1290,.T.);
#886=ORIENTED_EDGE('',*,*,#1482,.F.);
#887=ORIENTED_EDGE('',*,*,#1301,.F.);
#888=ORIENTED_EDGE('',*,*,#1481,.F.);
#889=ORIENTED_EDGE('',*,*,#1304,.T.);
#890=ORIENTED_EDGE('',*,*,#1483,.T.);
#891=ORIENTED_EDGE('',*,*,#1287,.F.);
#892=ORIENTED_EDGE('',*,*,#1480,.F.);
#893=ORIENTED_EDGE('',*,*,#1288,.F.);
#894=ORIENTED_EDGE('',*,*,#1483,.F.);
#895=ORIENTED_EDGE('',*,*,#1303,.T.);
#896=ORIENTED_EDGE('',*,*,#1484,.F.);
#897=ORIENTED_EDGE('',*,*,#1302,.F.);
#898=ORIENTED_EDGE('',*,*,#1482,.T.);
#899=ORIENTED_EDGE('',*,*,#1289,.T.);
#900=ORIENTED_EDGE('',*,*,#1484,.T.);
#901=ORIENTED_EDGE('',*,*,#1485,.T.);
#902=ORIENTED_EDGE('',*,*,#1486,.F.);
#903=ORIENTED_EDGE('',*,*,#1487,.F.);
#904=ORIENTED_EDGE('',*,*,#1488,.F.);
#905=ORIENTED_EDGE('',*,*,#1312,.T.);
#906=ORIENTED_EDGE('',*,*,#1489,.T.);
#907=ORIENTED_EDGE('',*,*,#1279,.T.);
#908=ORIENTED_EDGE('',*,*,#1488,.T.);
#909=ORIENTED_EDGE('',*,*,#1307,.T.);
#910=ORIENTED_EDGE('',*,*,#1477,.T.);
#911=ORIENTED_EDGE('',*,*,#1284,.T.);
#912=ORIENTED_EDGE('',*,*,#1490,.T.);
#913=ORIENTED_EDGE('',*,*,#1283,.T.);
#914=ORIENTED_EDGE('',*,*,#1491,.F.);
#915=ORIENTED_EDGE('',*,*,#1308,.F.);
#916=ORIENTED_EDGE('',*,*,#1490,.F.);
#917=ORIENTED_EDGE('',*,*,#1311,.T.);
#918=ORIENTED_EDGE('',*,*,#1492,.T.);
#919=ORIENTED_EDGE('',*,*,#1280,.F.);
#920=ORIENTED_EDGE('',*,*,#1489,.F.);
#921=ORIENTED_EDGE('',*,*,#1281,.F.);
#922=ORIENTED_EDGE('',*,*,#1492,.F.);
#923=ORIENTED_EDGE('',*,*,#1310,.T.);
#924=ORIENTED_EDGE('',*,*,#1493,.F.);
#925=ORIENTED_EDGE('',*,*,#1309,.F.);
#926=ORIENTED_EDGE('',*,*,#1491,.T.);
#927=ORIENTED_EDGE('',*,*,#1282,.T.);
#928=ORIENTED_EDGE('',*,*,#1493,.T.);
#929=ORIENTED_EDGE('',*,*,#1494,.T.);
#930=ORIENTED_EDGE('',*,*,#1495,.F.);
#931=ORIENTED_EDGE('',*,*,#1496,.F.);
#932=ORIENTED_EDGE('',*,*,#1497,.F.);
#933=ORIENTED_EDGE('',*,*,#1319,.T.);
#934=ORIENTED_EDGE('',*,*,#1498,.T.);
#935=ORIENTED_EDGE('',*,*,#1272,.T.);
#936=ORIENTED_EDGE('',*,*,#1497,.T.);
#937=ORIENTED_EDGE('',*,*,#1314,.T.);
#938=ORIENTED_EDGE('',*,*,#1486,.T.);
#939=ORIENTED_EDGE('',*,*,#1277,.T.);
#940=ORIENTED_EDGE('',*,*,#1499,.T.);
#941=ORIENTED_EDGE('',*,*,#1276,.T.);
#942=ORIENTED_EDGE('',*,*,#1500,.F.);
#943=ORIENTED_EDGE('',*,*,#1315,.F.);
#944=ORIENTED_EDGE('',*,*,#1499,.F.);
#945=ORIENTED_EDGE('',*,*,#1318,.T.);
#946=ORIENTED_EDGE('',*,*,#1501,.T.);
#947=ORIENTED_EDGE('',*,*,#1273,.F.);
#948=ORIENTED_EDGE('',*,*,#1498,.F.);
#949=ORIENTED_EDGE('',*,*,#1274,.F.);
#950=ORIENTED_EDGE('',*,*,#1501,.F.);
#951=ORIENTED_EDGE('',*,*,#1317,.T.);
#952=ORIENTED_EDGE('',*,*,#1502,.F.);
#953=ORIENTED_EDGE('',*,*,#1316,.F.);
#954=ORIENTED_EDGE('',*,*,#1500,.T.);
#955=ORIENTED_EDGE('',*,*,#1275,.T.);
#956=ORIENTED_EDGE('',*,*,#1502,.T.);
#957=ORIENTED_EDGE('',*,*,#1503,.T.);
#958=ORIENTED_EDGE('',*,*,#1504,.F.);
#959=ORIENTED_EDGE('',*,*,#1505,.F.);
#960=ORIENTED_EDGE('',*,*,#1506,.F.);
#961=ORIENTED_EDGE('',*,*,#1326,.T.);
#962=ORIENTED_EDGE('',*,*,#1507,.T.);
#963=ORIENTED_EDGE('',*,*,#1265,.T.);
#964=ORIENTED_EDGE('',*,*,#1506,.T.);
#965=ORIENTED_EDGE('',*,*,#1321,.T.);
#966=ORIENTED_EDGE('',*,*,#1495,.T.);
#967=ORIENTED_EDGE('',*,*,#1270,.T.);
#968=ORIENTED_EDGE('',*,*,#1508,.T.);
#969=ORIENTED_EDGE('',*,*,#1269,.T.);
#970=ORIENTED_EDGE('',*,*,#1509,.F.);
#971=ORIENTED_EDGE('',*,*,#1322,.F.);
#972=ORIENTED_EDGE('',*,*,#1508,.F.);
#973=ORIENTED_EDGE('',*,*,#1325,.T.);
#974=ORIENTED_EDGE('',*,*,#1510,.T.);
#975=ORIENTED_EDGE('',*,*,#1266,.F.);
#976=ORIENTED_EDGE('',*,*,#1507,.F.);
#977=ORIENTED_EDGE('',*,*,#1267,.F.);
#978=ORIENTED_EDGE('',*,*,#1510,.F.);
#979=ORIENTED_EDGE('',*,*,#1324,.T.);
#980=ORIENTED_EDGE('',*,*,#1511,.F.);
#981=ORIENTED_EDGE('',*,*,#1323,.F.);
#982=ORIENTED_EDGE('',*,*,#1509,.T.);
#983=ORIENTED_EDGE('',*,*,#1268,.T.);
#984=ORIENTED_EDGE('',*,*,#1511,.T.);
#985=ORIENTED_EDGE('',*,*,#1512,.T.);
#986=ORIENTED_EDGE('',*,*,#1513,.F.);
#987=ORIENTED_EDGE('',*,*,#1514,.F.);
#988=ORIENTED_EDGE('',*,*,#1515,.F.);
#989=ORIENTED_EDGE('',*,*,#1333,.T.);
#990=ORIENTED_EDGE('',*,*,#1516,.T.);
#991=ORIENTED_EDGE('',*,*,#1258,.T.);
#992=ORIENTED_EDGE('',*,*,#1515,.T.);
#993=ORIENTED_EDGE('',*,*,#1328,.T.);
#994=ORIENTED_EDGE('',*,*,#1504,.T.);
#995=ORIENTED_EDGE('',*,*,#1263,.T.);
#996=ORIENTED_EDGE('',*,*,#1517,.T.);
#997=ORIENTED_EDGE('',*,*,#1262,.T.);
#998=ORIENTED_EDGE('',*,*,#1518,.F.);
#999=ORIENTED_EDGE('',*,*,#1329,.F.);
#1000=ORIENTED_EDGE('',*,*,#1517,.F.);
#1001=ORIENTED_EDGE('',*,*,#1332,.T.);
#1002=ORIENTED_EDGE('',*,*,#1519,.T.);
#1003=ORIENTED_EDGE('',*,*,#1259,.F.);
#1004=ORIENTED_EDGE('',*,*,#1516,.F.);
#1005=ORIENTED_EDGE('',*,*,#1260,.F.);
#1006=ORIENTED_EDGE('',*,*,#1519,.F.);
#1007=ORIENTED_EDGE('',*,*,#1331,.T.);
#1008=ORIENTED_EDGE('',*,*,#1520,.F.);
#1009=ORIENTED_EDGE('',*,*,#1330,.F.);
#1010=ORIENTED_EDGE('',*,*,#1518,.T.);
#1011=ORIENTED_EDGE('',*,*,#1261,.T.);
#1012=ORIENTED_EDGE('',*,*,#1520,.T.);
#1013=ORIENTED_EDGE('',*,*,#1521,.T.);
#1014=ORIENTED_EDGE('',*,*,#1522,.F.);
#1015=ORIENTED_EDGE('',*,*,#1523,.F.);
#1016=ORIENTED_EDGE('',*,*,#1524,.F.);
#1017=ORIENTED_EDGE('',*,*,#1340,.T.);
#1018=ORIENTED_EDGE('',*,*,#1525,.T.);
#1019=ORIENTED_EDGE('',*,*,#1251,.T.);
#1020=ORIENTED_EDGE('',*,*,#1524,.T.);
#1021=ORIENTED_EDGE('',*,*,#1335,.T.);
#1022=ORIENTED_EDGE('',*,*,#1513,.T.);
#1023=ORIENTED_EDGE('',*,*,#1256,.T.);
#1024=ORIENTED_EDGE('',*,*,#1526,.T.);
#1025=ORIENTED_EDGE('',*,*,#1255,.T.);
#1026=ORIENTED_EDGE('',*,*,#1527,.F.);
#1027=ORIENTED_EDGE('',*,*,#1336,.F.);
#1028=ORIENTED_EDGE('',*,*,#1526,.F.);
#1029=ORIENTED_EDGE('',*,*,#1339,.T.);
#1030=ORIENTED_EDGE('',*,*,#1528,.T.);
#1031=ORIENTED_EDGE('',*,*,#1252,.F.);
#1032=ORIENTED_EDGE('',*,*,#1525,.F.);
#1033=ORIENTED_EDGE('',*,*,#1253,.F.);
#1034=ORIENTED_EDGE('',*,*,#1528,.F.);
#1035=ORIENTED_EDGE('',*,*,#1338,.T.);
#1036=ORIENTED_EDGE('',*,*,#1529,.F.);
#1037=ORIENTED_EDGE('',*,*,#1337,.F.);
#1038=ORIENTED_EDGE('',*,*,#1527,.T.);
#1039=ORIENTED_EDGE('',*,*,#1254,.T.);
#1040=ORIENTED_EDGE('',*,*,#1529,.T.);
#1041=ORIENTED_EDGE('',*,*,#1530,.T.);
#1042=ORIENTED_EDGE('',*,*,#1396,.F.);
#1043=ORIENTED_EDGE('',*,*,#1531,.F.);
#1044=ORIENTED_EDGE('',*,*,#1532,.F.);
#1045=ORIENTED_EDGE('',*,*,#1248,.T.);
#1046=ORIENTED_EDGE('',*,*,#1533,.F.);
#1047=ORIENTED_EDGE('',*,*,#1343,.F.);
#1048=ORIENTED_EDGE('',*,*,#1534,.F.);
#1049=ORIENTED_EDGE('',*,*,#1346,.T.);
#1050=ORIENTED_EDGE('',*,*,#1535,.T.);
#1051=ORIENTED_EDGE('',*,*,#1245,.F.);
#1052=ORIENTED_EDGE('',*,*,#1536,.F.);
#1053=ORIENTED_EDGE('',*,*,#1246,.F.);
#1054=ORIENTED_EDGE('',*,*,#1535,.F.);
#1055=ORIENTED_EDGE('',*,*,#1345,.T.);
#1056=ORIENTED_EDGE('',*,*,#1537,.F.);
#1057=ORIENTED_EDGE('',*,*,#1344,.F.);
#1058=ORIENTED_EDGE('',*,*,#1533,.T.);
#1059=ORIENTED_EDGE('',*,*,#1247,.T.);
#1060=ORIENTED_EDGE('',*,*,#1537,.T.);
#1061=ORIENTED_EDGE('',*,*,#1342,.T.);
#1062=ORIENTED_EDGE('',*,*,#1522,.T.);
#1063=ORIENTED_EDGE('',*,*,#1249,.T.);
#1064=ORIENTED_EDGE('',*,*,#1534,.T.);
#1065=ORIENTED_EDGE('',*,*,#1347,.T.);
#1066=ORIENTED_EDGE('',*,*,#1536,.T.);
#1067=ORIENTED_EDGE('',*,*,#1244,.T.);
#1068=ORIENTED_EDGE('',*,*,#1532,.T.);
#1069=ORIENTED_EDGE('',*,*,#1538,.F.);
#1070=ORIENTED_EDGE('',*,*,#1539,.T.);
#1071=ORIENTED_EDGE('',*,*,#1452,.F.);
#1072=ORIENTED_EDGE('',*,*,#1455,.T.);
#1073=ORIENTED_EDGE('',*,*,#1460,.T.);
#1074=ORIENTED_EDGE('',*,*,#1458,.F.);
#1075=ORIENTED_EDGE('',*,*,#1456,.F.);
#1076=ORIENTED_EDGE('',*,*,#1450,.F.);
#1077=ORIENTED_EDGE('',*,*,#1540,.F.);
#1078=ORIENTED_EDGE('',*,*,#1541,.F.);
#1079=ORIENTED_EDGE('',*,*,#1542,.F.);
#1080=ORIENTED_EDGE('',*,*,#1466,.F.);
#1081=ORIENTED_EDGE('',*,*,#1472,.T.);
#1082=ORIENTED_EDGE('',*,*,#1473,.T.);
#1083=ORIENTED_EDGE('',*,*,#1475,.F.);
#1084=ORIENTED_EDGE('',*,*,#1469,.F.);
#1085=ORIENTED_EDGE('',*,*,#1467,.F.);
#1086=ORIENTED_EDGE('',*,*,#1543,.F.);
#1087=ORIENTED_EDGE('',*,*,#1539,.F.);
#1088=ORIENTED_EDGE('',*,*,#1463,.T.);
#1089=ORIENTED_EDGE('',*,*,#1306,.T.);
#1090=ORIENTED_EDGE('',*,*,#1478,.T.);
#1091=ORIENTED_EDGE('',*,*,#1313,.T.);
#1092=ORIENTED_EDGE('',*,*,#1487,.T.);
#1093=ORIENTED_EDGE('',*,*,#1320,.T.);
#1094=ORIENTED_EDGE('',*,*,#1496,.T.);
#1095=ORIENTED_EDGE('',*,*,#1327,.T.);
#1096=ORIENTED_EDGE('',*,*,#1505,.T.);
#1097=ORIENTED_EDGE('',*,*,#1334,.T.);
#1098=ORIENTED_EDGE('',*,*,#1514,.T.);
#1099=ORIENTED_EDGE('',*,*,#1341,.T.);
#1100=ORIENTED_EDGE('',*,*,#1523,.T.);
#1101=ORIENTED_EDGE('',*,*,#1348,.T.);
#1102=ORIENTED_EDGE('',*,*,#1531,.T.);
#1103=ORIENTED_EDGE('',*,*,#1355,.T.);
#1104=ORIENTED_EDGE('',*,*,#1393,.T.);
#1105=ORIENTED_EDGE('',*,*,#1362,.T.);
#1106=ORIENTED_EDGE('',*,*,#1403,.T.);
#1107=ORIENTED_EDGE('',*,*,#1369,.T.);
#1108=ORIENTED_EDGE('',*,*,#1412,.T.);
#1109=ORIENTED_EDGE('',*,*,#1376,.T.);
#1110=ORIENTED_EDGE('',*,*,#1421,.T.);
#1111=ORIENTED_EDGE('',*,*,#1383,.T.);
#1112=ORIENTED_EDGE('',*,*,#1430,.T.);
#1113=ORIENTED_EDGE('',*,*,#1390,.T.);
#1114=ORIENTED_EDGE('',*,*,#1439,.T.);
#1115=ORIENTED_EDGE('',*,*,#1540,.T.);
#1116=ORIENTED_EDGE('',*,*,#1448,.T.);
#1117=ORIENTED_EDGE('',*,*,#1299,.T.);
#1118=ORIENTED_EDGE('',*,*,#1437,.F.);
#1119=ORIENTED_EDGE('',*,*,#1208,.T.);
#1120=ORIENTED_EDGE('',*,*,#1428,.F.);
#1121=ORIENTED_EDGE('',*,*,#1215,.T.);
#1122=ORIENTED_EDGE('',*,*,#1419,.F.);
#1123=ORIENTED_EDGE('',*,*,#1222,.T.);
#1124=ORIENTED_EDGE('',*,*,#1410,.F.);
#1125=ORIENTED_EDGE('',*,*,#1229,.T.);
#1126=ORIENTED_EDGE('',*,*,#1401,.F.);
#1127=ORIENTED_EDGE('',*,*,#1236,.T.);
#1128=ORIENTED_EDGE('',*,*,#1391,.F.);
#1129=ORIENTED_EDGE('',*,*,#1243,.T.);
#1130=ORIENTED_EDGE('',*,*,#1530,.F.);
#1131=ORIENTED_EDGE('',*,*,#1250,.T.);
#1132=ORIENTED_EDGE('',*,*,#1521,.F.);
#1133=ORIENTED_EDGE('',*,*,#1257,.T.);
#1134=ORIENTED_EDGE('',*,*,#1512,.F.);
#1135=ORIENTED_EDGE('',*,*,#1264,.T.);
#1136=ORIENTED_EDGE('',*,*,#1503,.F.);
#1137=ORIENTED_EDGE('',*,*,#1271,.T.);
#1138=ORIENTED_EDGE('',*,*,#1494,.F.);
#1139=ORIENTED_EDGE('',*,*,#1278,.T.);
#1140=ORIENTED_EDGE('',*,*,#1485,.F.);
#1141=ORIENTED_EDGE('',*,*,#1285,.T.);
#1142=ORIENTED_EDGE('',*,*,#1476,.F.);
#1143=ORIENTED_EDGE('',*,*,#1292,.T.);
#1144=ORIENTED_EDGE('',*,*,#1461,.F.);
#1145=ORIENTED_EDGE('',*,*,#1543,.T.);
#1146=ORIENTED_EDGE('',*,*,#1446,.F.);
#1147=ORIENTED_EDGE('',*,*,#1201,.T.);
#1148=ORIENTED_EDGE('',*,*,#1542,.T.);
#1149=ORIENTED_EDGE('',*,*,#1544,.F.);
#1150=ORIENTED_EDGE('',*,*,#1541,.T.);
#1151=ORIENTED_EDGE('',*,*,#1545,.F.);
#1152=ORIENTED_EDGE('',*,*,#1546,.F.);
#1153=ORIENTED_EDGE('',*,*,#1547,.F.);
#1154=ORIENTED_EDGE('',*,*,#1548,.F.);
#1155=ORIENTED_EDGE('',*,*,#1549,.F.);
#1156=ORIENTED_EDGE('',*,*,#1550,.F.);
#1157=ORIENTED_EDGE('',*,*,#1544,.T.);
#1158=ORIENTED_EDGE('',*,*,#1545,.T.);
#1159=ORIENTED_EDGE('',*,*,#1551,.F.);
#1160=ORIENTED_EDGE('',*,*,#1552,.F.);
#1161=ORIENTED_EDGE('',*,*,#1553,.T.);
#1162=ORIENTED_EDGE('',*,*,#1550,.T.);
#1163=ORIENTED_EDGE('',*,*,#1554,.F.);
#1164=ORIENTED_EDGE('',*,*,#1555,.F.);
#1165=ORIENTED_EDGE('',*,*,#1551,.T.);
#1166=ORIENTED_EDGE('',*,*,#1549,.T.);
#1167=ORIENTED_EDGE('',*,*,#1556,.F.);
#1168=ORIENTED_EDGE('',*,*,#1557,.F.);
#1169=ORIENTED_EDGE('',*,*,#1554,.T.);
#1170=ORIENTED_EDGE('',*,*,#1548,.T.);
#1171=ORIENTED_EDGE('',*,*,#1558,.F.);
#1172=ORIENTED_EDGE('',*,*,#1559,.F.);
#1173=ORIENTED_EDGE('',*,*,#1556,.T.);
#1174=ORIENTED_EDGE('',*,*,#1547,.T.);
#1175=ORIENTED_EDGE('',*,*,#1560,.F.);
#1176=ORIENTED_EDGE('',*,*,#1561,.F.);
#1177=ORIENTED_EDGE('',*,*,#1558,.T.);
#1178=ORIENTED_EDGE('',*,*,#1546,.T.);
#1179=ORIENTED_EDGE('',*,*,#1553,.F.);
#1180=ORIENTED_EDGE('',*,*,#1562,.F.);
#1181=ORIENTED_EDGE('',*,*,#1560,.T.);
#1182=ORIENTED_EDGE('',*,*,#1193,.T.);
#1183=ORIENTED_EDGE('',*,*,#1552,.T.);
#1184=ORIENTED_EDGE('',*,*,#1555,.T.);
#1185=ORIENTED_EDGE('',*,*,#1557,.T.);
#1186=ORIENTED_EDGE('',*,*,#1559,.T.);
#1187=ORIENTED_EDGE('',*,*,#1561,.T.);
#1188=ORIENTED_EDGE('',*,*,#1562,.T.);
#1189=ORIENTED_EDGE('',*,*,#1563,.T.);
#1190=ORIENTED_EDGE('',*,*,#1194,.T.);
#1191=ORIENTED_EDGE('',*,*,#1563,.F.);
#1192=ORIENTED_EDGE('',*,*,#1538,.T.);
#1193=EDGE_CURVE('',#1564,#1564,#1794,.T.);
#1194=EDGE_CURVE('',#1565,#1565,#1795,.F.);
#1195=EDGE_CURVE('',#1566,#1567,#1796,.F.);
#1196=EDGE_CURVE('',#1566,#1568,#14,.F.);
#1197=EDGE_CURVE('',#1568,#1569,#1797,.T.);
#1198=EDGE_CURVE('',#1570,#1569,#1798,.F.);
#1199=EDGE_CURVE('',#1571,#1570,#15,.T.);
#1200=EDGE_CURVE('',#1572,#1571,#1799,.F.);
#1201=EDGE_CURVE('',#1567,#1572,#1800,.F.);
#1202=EDGE_CURVE('',#1573,#1574,#1801,.F.);
#1203=EDGE_CURVE('',#1573,#1575,#16,.F.);
#1204=EDGE_CURVE('',#1575,#1576,#1802,.T.);
#1205=EDGE_CURVE('',#1577,#1576,#1803,.F.);
#1206=EDGE_CURVE('',#1578,#1577,#17,.T.);
#1207=EDGE_CURVE('',#1579,#1578,#1804,.F.);
#1208=EDGE_CURVE('',#1574,#1579,#1805,.F.);
#1209=EDGE_CURVE('',#1580,#1581,#1806,.F.);
#1210=EDGE_CURVE('',#1580,#1582,#18,.F.);
#1211=EDGE_CURVE('',#1582,#1583,#1807,.T.);
#1212=EDGE_CURVE('',#1584,#1583,#1808,.F.);
#1213=EDGE_CURVE('',#1585,#1584,#19,.T.);
#1214=EDGE_CURVE('',#1586,#1585,#1809,.F.);
#1215=EDGE_CURVE('',#1581,#1586,#1810,.F.);
#1216=EDGE_CURVE('',#1587,#1588,#1811,.F.);
#1217=EDGE_CURVE('',#1587,#1589,#20,.F.);
#1218=EDGE_CURVE('',#1589,#1590,#1812,.T.);
#1219=EDGE_CURVE('',#1591,#1590,#1813,.F.);
#1220=EDGE_CURVE('',#1592,#1591,#21,.T.);
#1221=EDGE_CURVE('',#1593,#1592,#1814,.F.);
#1222=EDGE_CURVE('',#1588,#1593,#1815,.F.);
#1223=EDGE_CURVE('',#1594,#1595,#1816,.F.);
#1224=EDGE_CURVE('',#1594,#1596,#22,.F.);
#1225=EDGE_CURVE('',#1596,#1597,#1817,.T.);
#1226=EDGE_CURVE('',#1598,#1597,#1818,.F.);
#1227=EDGE_CURVE('',#1599,#1598,#23,.T.);
#1228=EDGE_CURVE('',#1600,#1599,#1819,.F.);
#1229=EDGE_CURVE('',#1595,#1600,#1820,.F.);
#1230=EDGE_CURVE('',#1601,#1602,#1821,.F.);
#1231=EDGE_CURVE('',#1601,#1603,#24,.F.);
#1232=EDGE_CURVE('',#1603,#1604,#1822,.T.);
#1233=EDGE_CURVE('',#1605,#1604,#1823,.F.);
#1234=EDGE_CURVE('',#1606,#1605,#25,.T.);
#1235=EDGE_CURVE('',#1607,#1606,#1824,.F.);
#1236=EDGE_CURVE('',#1602,#1607,#1825,.F.);
#1237=EDGE_CURVE('',#1608,#1609,#1826,.F.);
#1238=EDGE_CURVE('',#1608,#1610,#26,.F.);
#1239=EDGE_CURVE('',#1610,#1611,#1827,.T.);
#1240=EDGE_CURVE('',#1612,#1611,#1828,.F.);
#1241=EDGE_CURVE('',#1613,#1612,#27,.T.);
#1242=EDGE_CURVE('',#1614,#1613,#1829,.F.);
#1243=EDGE_CURVE('',#1609,#1614,#1830,.F.);
#1244=EDGE_CURVE('',#1615,#1616,#1831,.F.);
#1245=EDGE_CURVE('',#1615,#1617,#28,.F.);
#1246=EDGE_CURVE('',#1617,#1618,#1832,.T.);
#1247=EDGE_CURVE('',#1619,#1618,#1833,.F.);
#1248=EDGE_CURVE('',#1620,#1619,#29,.T.);
#1249=EDGE_CURVE('',#1621,#1620,#1834,.F.);
#1250=EDGE_CURVE('',#1616,#1621,#1835,.F.);
#1251=EDGE_CURVE('',#1622,#1623,#1836,.F.);
#1252=EDGE_CURVE('',#1622,#1624,#30,.F.);
#1253=EDGE_CURVE('',#1624,#1625,#1837,.T.);
#1254=EDGE_CURVE('',#1626,#1625,#1838,.F.);
#1255=EDGE_CURVE('',#1627,#1626,#31,.T.);
#1256=EDGE_CURVE('',#1628,#1627,#1839,.F.);
#1257=EDGE_CURVE('',#1623,#1628,#1840,.F.);
#1258=EDGE_CURVE('',#1629,#1630,#1841,.F.);
#1259=EDGE_CURVE('',#1629,#1631,#32,.F.);
#1260=EDGE_CURVE('',#1631,#1632,#1842,.T.);
#1261=EDGE_CURVE('',#1633,#1632,#1843,.F.);
#1262=EDGE_CURVE('',#1634,#1633,#33,.T.);
#1263=EDGE_CURVE('',#1635,#1634,#1844,.F.);
#1264=EDGE_CURVE('',#1630,#1635,#1845,.F.);
#1265=EDGE_CURVE('',#1636,#1637,#1846,.F.);
#1266=EDGE_CURVE('',#1636,#1638,#34,.F.);
#1267=EDGE_CURVE('',#1638,#1639,#1847,.T.);
#1268=EDGE_CURVE('',#1640,#1639,#1848,.F.);
#1269=EDGE_CURVE('',#1641,#1640,#35,.T.);
#1270=EDGE_CURVE('',#1642,#1641,#1849,.F.);
#1271=EDGE_CURVE('',#1637,#1642,#1850,.F.);
#1272=EDGE_CURVE('',#1643,#1644,#1851,.F.);
#1273=EDGE_CURVE('',#1643,#1645,#36,.F.);
#1274=EDGE_CURVE('',#1645,#1646,#1852,.T.);
#1275=EDGE_CURVE('',#1647,#1646,#1853,.F.);
#1276=EDGE_CURVE('',#1648,#1647,#37,.T.);
#1277=EDGE_CURVE('',#1649,#1648,#1854,.F.);
#1278=EDGE_CURVE('',#1644,#1649,#1855,.F.);
#1279=EDGE_CURVE('',#1650,#1651,#1856,.F.);
#1280=EDGE_CURVE('',#1650,#1652,#38,.F.);
#1281=EDGE_CURVE('',#1652,#1653,#1857,.T.);
#1282=EDGE_CURVE('',#1654,#1653,#1858,.F.);
#1283=EDGE_CURVE('',#1655,#1654,#39,.T.);
#1284=EDGE_CURVE('',#1656,#1655,#1859,.F.);
#1285=EDGE_CURVE('',#1651,#1656,#1860,.F.);
#1286=EDGE_CURVE('',#1657,#1658,#1861,.F.);
#1287=EDGE_CURVE('',#1657,#1659,#40,.F.);
#1288=EDGE_CURVE('',#1659,#1660,#1862,.T.);
#1289=EDGE_CURVE('',#1661,#1660,#1863,.F.);
#1290=EDGE_CURVE('',#1662,#1661,#41,.T.);
#1291=EDGE_CURVE('',#1663,#1662,#1864,.F.);
#1292=EDGE_CURVE('',#1658,#1663,#1865,.F.);
#1293=EDGE_CURVE('',#1664,#1665,#1866,.T.);
#1294=EDGE_CURVE('',#1664,#1666,#42,.F.);
#1295=EDGE_CURVE('',#1666,#1667,#1867,.F.);
#1296=EDGE_CURVE('',#1668,#1667,#1868,.T.);
#1297=EDGE_CURVE('',#1669,#1668,#43,.T.);
#1298=EDGE_CURVE('',#1670,#1669,#1869,.T.);
#1299=EDGE_CURVE('',#1665,#1670,#1870,.F.);
#1300=EDGE_CURVE('',#1671,#1672,#1871,.T.);
#1301=EDGE_CURVE('',#1671,#1673,#44,.F.);
#1302=EDGE_CURVE('',#1673,#1674,#1872,.F.);
#1303=EDGE_CURVE('',#1675,#1674,#1873,.T.);
#1304=EDGE_CURVE('',#1676,#1675,#45,.T.);
#1305=EDGE_CURVE('',#1677,#1676,#1874,.T.);
#1306=EDGE_CURVE('',#1672,#1677,#1875,.F.);
#1307=EDGE_CURVE('',#1678,#1679,#1876,.T.);
#1308=EDGE_CURVE('',#1678,#1680,#46,.F.);
#1309=EDGE_CURVE('',#1680,#1681,#1877,.F.);
#1310=EDGE_CURVE('',#1682,#1681,#1878,.T.);
#1311=EDGE_CURVE('',#1683,#1682,#47,.T.);
#1312=EDGE_CURVE('',#1684,#1683,#1879,.T.);
#1313=EDGE_CURVE('',#1679,#1684,#1880,.F.);
#1314=EDGE_CURVE('',#1685,#1686,#1881,.T.);
#1315=EDGE_CURVE('',#1685,#1687,#48,.F.);
#1316=EDGE_CURVE('',#1687,#1688,#1882,.F.);
#1317=EDGE_CURVE('',#1689,#1688,#1883,.T.);
#1318=EDGE_CURVE('',#1690,#1689,#49,.T.);
#1319=EDGE_CURVE('',#1691,#1690,#1884,.T.);
#1320=EDGE_CURVE('',#1686,#1691,#1885,.F.);
#1321=EDGE_CURVE('',#1692,#1693,#1886,.T.);
#1322=EDGE_CURVE('',#1692,#1694,#50,.F.);
#1323=EDGE_CURVE('',#1694,#1695,#1887,.F.);
#1324=EDGE_CURVE('',#1696,#1695,#1888,.T.);
#1325=EDGE_CURVE('',#1697,#1696,#51,.T.);
#1326=EDGE_CURVE('',#1698,#1697,#1889,.T.);
#1327=EDGE_CURVE('',#1693,#1698,#1890,.F.);
#1328=EDGE_CURVE('',#1699,#1700,#1891,.T.);
#1329=EDGE_CURVE('',#1699,#1701,#52,.F.);
#1330=EDGE_CURVE('',#1701,#1702,#1892,.F.);
#1331=EDGE_CURVE('',#1703,#1702,#1893,.T.);
#1332=EDGE_CURVE('',#1704,#1703,#53,.T.);
#1333=EDGE_CURVE('',#1705,#1704,#1894,.T.);
#1334=EDGE_CURVE('',#1700,#1705,#1895,.F.);
#1335=EDGE_CURVE('',#1706,#1707,#1896,.T.);
#1336=EDGE_CURVE('',#1706,#1708,#54,.F.);
#1337=EDGE_CURVE('',#1708,#1709,#1897,.F.);
#1338=EDGE_CURVE('',#1710,#1709,#1898,.T.);
#1339=EDGE_CURVE('',#1711,#1710,#55,.T.);
#1340=EDGE_CURVE('',#1712,#1711,#1899,.T.);
#1341=EDGE_CURVE('',#1707,#1712,#1900,.F.);
#1342=EDGE_CURVE('',#1713,#1714,#1901,.T.);
#1343=EDGE_CURVE('',#1713,#1715,#56,.F.);
#1344=EDGE_CURVE('',#1715,#1716,#1902,.F.);
#1345=EDGE_CURVE('',#1717,#1716,#1903,.T.);
#1346=EDGE_CURVE('',#1718,#1717,#57,.T.);
#1347=EDGE_CURVE('',#1719,#1718,#1904,.T.);
#1348=EDGE_CURVE('',#1714,#1719,#1905,.F.);
#1349=EDGE_CURVE('',#1720,#1721,#1906,.T.);
#1350=EDGE_CURVE('',#1720,#1722,#58,.F.);
#1351=EDGE_CURVE('',#1722,#1723,#1907,.F.);
#1352=EDGE_CURVE('',#1724,#1723,#1908,.T.);
#1353=EDGE_CURVE('',#1725,#1724,#59,.T.);
#1354=EDGE_CURVE('',#1726,#1725,#1909,.T.);
#1355=EDGE_CURVE('',#1721,#1726,#1910,.F.);
#1356=EDGE_CURVE('',#1727,#1728,#1911,.T.);
#1357=EDGE_CURVE('',#1727,#1729,#60,.F.);
#1358=EDGE_CURVE('',#1729,#1730,#1912,.F.);
#1359=EDGE_CURVE('',#1731,#1730,#1913,.T.);
#1360=EDGE_CURVE('',#1732,#1731,#61,.T.);
#1361=EDGE_CURVE('',#1733,#1732,#1914,.T.);
#1362=EDGE_CURVE('',#1728,#1733,#1915,.F.);
#1363=EDGE_CURVE('',#1734,#1735,#1916,.T.);
#1364=EDGE_CURVE('',#1734,#1736,#62,.F.);
#1365=EDGE_CURVE('',#1736,#1737,#1917,.F.);
#1366=EDGE_CURVE('',#1738,#1737,#1918,.T.);
#1367=EDGE_CURVE('',#1739,#1738,#63,.T.);
#1368=EDGE_CURVE('',#1740,#1739,#1919,.T.);
#1369=EDGE_CURVE('',#1735,#1740,#1920,.F.);
#1370=EDGE_CURVE('',#1741,#1742,#1921,.T.);
#1371=EDGE_CURVE('',#1741,#1743,#64,.F.);
#1372=EDGE_CURVE('',#1743,#1744,#1922,.F.);
#1373=EDGE_CURVE('',#1745,#1744,#1923,.T.);
#1374=EDGE_CURVE('',#1746,#1745,#65,.T.);
#1375=EDGE_CURVE('',#1747,#1746,#1924,.T.);
#1376=EDGE_CURVE('',#1742,#1747,#1925,.F.);
#1377=EDGE_CURVE('',#1748,#1749,#1926,.T.);
#1378=EDGE_CURVE('',#1748,#1750,#66,.F.);
#1379=EDGE_CURVE('',#1750,#1751,#1927,.F.);
#1380=EDGE_CURVE('',#1752,#1751,#1928,.T.);
#1381=EDGE_CURVE('',#1753,#1752,#67,.T.);
#1382=EDGE_CURVE('',#1754,#1753,#1929,.T.);
#1383=EDGE_CURVE('',#1749,#1754,#1930,.F.);
#1384=EDGE_CURVE('',#1755,#1756,#1931,.T.);
#1385=EDGE_CURVE('',#1755,#1757,#68,.F.);
#1386=EDGE_CURVE('',#1757,#1758,#1932,.F.);
#1387=EDGE_CURVE('',#1759,#1758,#1933,.T.);
#1388=EDGE_CURVE('',#1760,#1759,#69,.T.);
#1389=EDGE_CURVE('',#1761,#1760,#1934,.T.);
#1390=EDGE_CURVE('',#1756,#1761,#1935,.F.);
#1391=EDGE_CURVE('',#1609,#1607,#1936,.T.);
#1392=EDGE_CURVE('',#1728,#1607,#70,.F.);
#1393=EDGE_CURVE('',#1726,#1728,#1937,.F.);
#1394=EDGE_CURVE('',#1609,#1726,#71,.T.);
#1395=EDGE_CURVE('',#1725,#1608,#72,.F.);
#1396=EDGE_CURVE('',#1721,#1614,#73,.F.);
#1397=EDGE_CURVE('',#1613,#1720,#74,.T.);
#1398=EDGE_CURVE('',#1722,#1612,#75,.F.);
#1399=EDGE_CURVE('',#1724,#1610,#76,.T.);
#1400=EDGE_CURVE('',#1611,#1723,#77,.F.);
#1401=EDGE_CURVE('',#1602,#1600,#1938,.T.);
#1402=EDGE_CURVE('',#1735,#1600,#78,.F.);
#1403=EDGE_CURVE('',#1733,#1735,#1939,.F.);
#1404=EDGE_CURVE('',#1602,#1733,#79,.T.);
#1405=EDGE_CURVE('',#1732,#1601,#80,.F.);
#1406=EDGE_CURVE('',#1606,#1727,#81,.T.);
#1407=EDGE_CURVE('',#1729,#1605,#82,.F.);
#1408=EDGE_CURVE('',#1731,#1603,#83,.T.);
#1409=EDGE_CURVE('',#1604,#1730,#84,.F.);
#1410=EDGE_CURVE('',#1595,#1593,#1940,.T.);
#1411=EDGE_CURVE('',#1742,#1593,#85,.F.);
#1412=EDGE_CURVE('',#1740,#1742,#1941,.F.);
#1413=EDGE_CURVE('',#1595,#1740,#86,.T.);
#1414=EDGE_CURVE('',#1739,#1594,#87,.F.);
#1415=EDGE_CURVE('',#1599,#1734,#88,.T.);
#1416=EDGE_CURVE('',#1736,#1598,#89,.F.);
#1417=EDGE_CURVE('',#1738,#1596,#90,.T.);
#1418=EDGE_CURVE('',#1597,#1737,#91,.F.);
#1419=EDGE_CURVE('',#1588,#1586,#1942,.T.);
#1420=EDGE_CURVE('',#1749,#1586,#92,.F.);
#1421=EDGE_CURVE('',#1747,#1749,#1943,.F.);
#1422=EDGE_CURVE('',#1588,#1747,#93,.T.);
#1423=EDGE_CURVE('',#1746,#1587,#94,.F.);
#1424=EDGE_CURVE('',#1592,#1741,#95,.T.);
#1425=EDGE_CURVE('',#1743,#1591,#96,.F.);
#1426=EDGE_CURVE('',#1745,#1589,#97,.T.);
#1427=EDGE_CURVE('',#1590,#1744,#98,.F.);
#1428=EDGE_CURVE('',#1581,#1579,#1944,.T.);
#1429=EDGE_CURVE('',#1756,#1579,#99,.F.);
#1430=EDGE_CURVE('',#1754,#1756,#1945,.F.);
#1431=EDGE_CURVE('',#1581,#1754,#100,.T.);
#1432=EDGE_CURVE('',#1753,#1580,#101,.F.);
#1433=EDGE_CURVE('',#1585,#1748,#102,.T.);
#1434=EDGE_CURVE('',#1750,#1584,#103,.F.);
#1435=EDGE_CURVE('',#1752,#1582,#104,.T.);
#1436=EDGE_CURVE('',#1583,#1751,#105,.F.);
#1437=EDGE_CURVE('',#1574,#1572,#1946,.T.);
#1438=EDGE_CURVE('',#1762,#1572,#106,.F.);
#1439=EDGE_CURVE('',#1761,#1762,#1947,.F.);
#1440=EDGE_CURVE('',#1574,#1761,#107,.T.);
#1441=EDGE_CURVE('',#1760,#1573,#108,.F.);
#1442=EDGE_CURVE('',#1578,#1755,#109,.T.);
#1443=EDGE_CURVE('',#1757,#1577,#110,.F.);
#1444=EDGE_CURVE('',#1759,#1575,#111,.T.);
#1445=EDGE_CURVE('',#1576,#1758,#112,.F.);
#1446=EDGE_CURVE('',#1567,#1763,#1948,.T.);
#1447=EDGE_CURVE('',#1665,#1763,#113,.F.);
#1448=EDGE_CURVE('',#1764,#1665,#1949,.F.);
#1449=EDGE_CURVE('',#1567,#1764,#114,.T.);
#1450=EDGE_CURVE('',#1764,#1765,#1950,.T.);
#1451=EDGE_CURVE('',#1765,#1566,#115,.F.);
#1452=EDGE_CURVE('',#1766,#1762,#1951,.T.);
#1453=EDGE_CURVE('',#1571,#1766,#116,.T.);
#1454=EDGE_CURVE('',#1767,#1570,#117,.F.);
#1455=EDGE_CURVE('',#1766,#1767,#118,.F.);
#1456=EDGE_CURVE('',#1765,#1768,#119,.T.);
#1457=EDGE_CURVE('',#1768,#1568,#120,.T.);
#1458=EDGE_CURVE('',#1768,#1769,#1952,.T.);
#1459=EDGE_CURVE('',#1569,#1769,#121,.F.);
#1460=EDGE_CURVE('',#1767,#1769,#1953,.F.);
#1461=EDGE_CURVE('',#1770,#1663,#1954,.T.);
#1462=EDGE_CURVE('',#1672,#1663,#122,.F.);
#1463=EDGE_CURVE('',#1670,#1672,#1955,.F.);
#1464=EDGE_CURVE('',#1770,#1670,#123,.T.);
#1465=EDGE_CURVE('',#1669,#1771,#124,.F.);
#1466=EDGE_CURVE('',#1771,#1770,#1956,.F.);
#1467=EDGE_CURVE('',#1763,#1772,#1957,.F.);
#1468=EDGE_CURVE('',#1772,#1664,#125,.T.);
#1469=EDGE_CURVE('',#1772,#1773,#126,.T.);
#1470=EDGE_CURVE('',#1666,#1773,#127,.F.);
#1471=EDGE_CURVE('',#1668,#1774,#128,.T.);
#1472=EDGE_CURVE('',#1771,#1774,#129,.F.);
#1473=EDGE_CURVE('',#1774,#1775,#1958,.T.);
#1474=EDGE_CURVE('',#1775,#1667,#130,.F.);
#1475=EDGE_CURVE('',#1773,#1775,#1959,.F.);
#1476=EDGE_CURVE('',#1658,#1656,#1960,.T.);
#1477=EDGE_CURVE('',#1679,#1656,#131,.F.);
#1478=EDGE_CURVE('',#1677,#1679,#1961,.F.);
#1479=EDGE_CURVE('',#1658,#1677,#132,.T.);
#1480=EDGE_CURVE('',#1676,#1657,#133,.F.);
#1481=EDGE_CURVE('',#1662,#1671,#134,.T.);
#1482=EDGE_CURVE('',#1673,#1661,#135,.F.);
#1483=EDGE_CURVE('',#1675,#1659,#136,.T.);
#1484=EDGE_CURVE('',#1660,#1674,#137,.F.);
#1485=EDGE_CURVE('',#1651,#1649,#1962,.T.);
#1486=EDGE_CURVE('',#1686,#1649,#138,.F.);
#1487=EDGE_CURVE('',#1684,#1686,#1963,.F.);
#1488=EDGE_CURVE('',#1651,#1684,#139,.T.);
#1489=EDGE_CURVE('',#1683,#1650,#140,.F.);
#1490=EDGE_CURVE('',#1655,#1678,#141,.T.);
#1491=EDGE_CURVE('',#1680,#1654,#142,.F.);
#1492=EDGE_CURVE('',#1682,#1652,#143,.T.);
#1493=EDGE_CURVE('',#1653,#1681,#144,.F.);
#1494=EDGE_CURVE('',#1644,#1642,#1964,.T.);
#1495=EDGE_CURVE('',#1693,#1642,#145,.F.);
#1496=EDGE_CURVE('',#1691,#1693,#1965,.F.);
#1497=EDGE_CURVE('',#1644,#1691,#146,.T.);
#1498=EDGE_CURVE('',#1690,#1643,#147,.F.);
#1499=EDGE_CURVE('',#1648,#1685,#148,.T.);
#1500=EDGE_CURVE('',#1687,#1647,#149,.F.);
#1501=EDGE_CURVE('',#1689,#1645,#150,.T.);
#1502=EDGE_CURVE('',#1646,#1688,#151,.F.);
#1503=EDGE_CURVE('',#1637,#1635,#1966,.T.);
#1504=EDGE_CURVE('',#1700,#1635,#152,.F.);
#1505=EDGE_CURVE('',#1698,#1700,#1967,.F.);
#1506=EDGE_CURVE('',#1637,#1698,#153,.T.);
#1507=EDGE_CURVE('',#1697,#1636,#154,.F.);
#1508=EDGE_CURVE('',#1641,#1692,#155,.T.);
#1509=EDGE_CURVE('',#1694,#1640,#156,.F.);
#1510=EDGE_CURVE('',#1696,#1638,#157,.T.);
#1511=EDGE_CURVE('',#1639,#1695,#158,.F.);
#1512=EDGE_CURVE('',#1630,#1628,#1968,.T.);
#1513=EDGE_CURVE('',#1707,#1628,#159,.F.);
#1514=EDGE_CURVE('',#1705,#1707,#1969,.F.);
#1515=EDGE_CURVE('',#1630,#1705,#160,.T.);
#1516=EDGE_CURVE('',#1704,#1629,#161,.F.);
#1517=EDGE_CURVE('',#1634,#1699,#162,.T.);
#1518=EDGE_CURVE('',#1701,#1633,#163,.F.);
#1519=EDGE_CURVE('',#1703,#1631,#164,.T.);
#1520=EDGE_CURVE('',#1632,#1702,#165,.F.);
#1521=EDGE_CURVE('',#1623,#1621,#1970,.T.);
#1522=EDGE_CURVE('',#1714,#1621,#166,.F.);
#1523=EDGE_CURVE('',#1712,#1714,#1971,.F.);
#1524=EDGE_CURVE('',#1623,#1712,#167,.T.);
#1525=EDGE_CURVE('',#1711,#1622,#168,.F.);
#1526=EDGE_CURVE('',#1627,#1706,#169,.T.);
#1527=EDGE_CURVE('',#1708,#1626,#170,.F.);
#1528=EDGE_CURVE('',#1710,#1624,#171,.T.);
#1529=EDGE_CURVE('',#1625,#1709,#172,.F.);
#1530=EDGE_CURVE('',#1616,#1614,#1972,.T.);
#1531=EDGE_CURVE('',#1719,#1721,#1973,.F.);
#1532=EDGE_CURVE('',#1616,#1719,#173,.T.);
#1533=EDGE_CURVE('',#1715,#1619,#174,.F.);
#1534=EDGE_CURVE('',#1620,#1713,#175,.T.);
#1535=EDGE_CURVE('',#1717,#1617,#176,.T.);
#1536=EDGE_CURVE('',#1718,#1615,#177,.F.);
#1537=EDGE_CURVE('',#1618,#1716,#178,.F.);
#1538=EDGE_CURVE('',#1776,#1776,#1974,.T.);
#1539=EDGE_CURVE('',#1777,#1777,#1975,.F.);
#1540=EDGE_CURVE('',#1762,#1764,#1976,.F.);
#1541=EDGE_CURVE('',#1778,#1778,#1977,.T.);
#1542=EDGE_CURVE('',#1779,#1779,#1978,.T.);
#1543=EDGE_CURVE('',#1770,#1763,#1979,.F.);
#1544=EDGE_CURVE('',#1780,#1780,#1980,.T.);
#1545=EDGE_CURVE('',#1781,#1782,#179,.T.);
#1546=EDGE_CURVE('',#1783,#1781,#180,.T.);
#1547=EDGE_CURVE('',#1784,#1783,#181,.T.);
#1548=EDGE_CURVE('',#1785,#1784,#182,.T.);
#1549=EDGE_CURVE('',#1786,#1785,#183,.T.);
#1550=EDGE_CURVE('',#1782,#1786,#184,.T.);
#1551=EDGE_CURVE('',#1787,#1782,#185,.T.);
#1552=EDGE_CURVE('',#1788,#1787,#186,.T.);
#1553=EDGE_CURVE('',#1788,#1781,#187,.T.);
#1554=EDGE_CURVE('',#1789,#1786,#188,.T.);
#1555=EDGE_CURVE('',#1787,#1789,#189,.T.);
#1556=EDGE_CURVE('',#1790,#1785,#190,.T.);
#1557=EDGE_CURVE('',#1789,#1790,#191,.T.);
#1558=EDGE_CURVE('',#1791,#1784,#192,.T.);
#1559=EDGE_CURVE('',#1790,#1791,#193,.T.);
#1560=EDGE_CURVE('',#1792,#1783,#194,.T.);
#1561=EDGE_CURVE('',#1791,#1792,#195,.T.);
#1562=EDGE_CURVE('',#1792,#1788,#196,.T.);
#1563=EDGE_CURVE('',#1793,#1793,#1981,.T.);
#1564=VERTEX_POINT('',#3751);
#1565=VERTEX_POINT('',#3753);
#1566=VERTEX_POINT('',#3756);
#1567=VERTEX_POINT('',#3757);
#1568=VERTEX_POINT('',#3759);
#1569=VERTEX_POINT('',#3761);
#1570=VERTEX_POINT('',#3763);
#1571=VERTEX_POINT('',#3765);
#1572=VERTEX_POINT('',#3767);
#1573=VERTEX_POINT('',#3771);
#1574=VERTEX_POINT('',#3772);
#1575=VERTEX_POINT('',#3774);
#1576=VERTEX_POINT('',#3776);
#1577=VERTEX_POINT('',#3778);
#1578=VERTEX_POINT('',#3780);
#1579=VERTEX_POINT('',#3782);
#1580=VERTEX_POINT('',#3786);
#1581=VERTEX_POINT('',#3787);
#1582=VERTEX_POINT('',#3789);
#1583=VERTEX_POINT('',#3791);
#1584=VERTEX_POINT('',#3793);
#1585=VERTEX_POINT('',#3795);
#1586=VERTEX_POINT('',#3797);
#1587=VERTEX_POINT('',#3801);
#1588=VERTEX_POINT('',#3802);
#1589=VERTEX_POINT('',#3804);
#1590=VERTEX_POINT('',#3806);
#1591=VERTEX_POINT('',#3808);
#1592=VERTEX_POINT('',#3810);
#1593=VERTEX_POINT('',#3812);
#1594=VERTEX_POINT('',#3816);
#1595=VERTEX_POINT('',#3817);
#1596=VERTEX_POINT('',#3819);
#1597=VERTEX_POINT('',#3821);
#1598=VERTEX_POINT('',#3823);
#1599=VERTEX_POINT('',#3825);
#1600=VERTEX_POINT('',#3827);
#1601=VERTEX_POINT('',#3831);
#1602=VERTEX_POINT('',#3832);
#1603=VERTEX_POINT('',#3834);
#1604=VERTEX_POINT('',#3836);
#1605=VERTEX_POINT('',#3838);
#1606=VERTEX_POINT('',#3840);
#1607=VERTEX_POINT('',#3842);
#1608=VERTEX_POINT('',#3846);
#1609=VERTEX_POINT('',#3847);
#1610=VERTEX_POINT('',#3849);
#1611=VERTEX_POINT('',#3851);
#1612=VERTEX_POINT('',#3853);
#1613=VERTEX_POINT('',#3855);
#1614=VERTEX_POINT('',#3857);
#1615=VERTEX_POINT('',#3861);
#1616=VERTEX_POINT('',#3862);
#1617=VERTEX_POINT('',#3864);
#1618=VERTEX_POINT('',#3866);
#1619=VERTEX_POINT('',#3868);
#1620=VERTEX_POINT('',#3870);
#1621=VERTEX_POINT('',#3872);
#1622=VERTEX_POINT('',#3876);
#1623=VERTEX_POINT('',#3877);
#1624=VERTEX_POINT('',#3879);
#1625=VERTEX_POINT('',#3881);
#1626=VERTEX_POINT('',#3883);
#1627=VERTEX_POINT('',#3885);
#1628=VERTEX_POINT('',#3887);
#1629=VERTEX_POINT('',#3891);
#1630=VERTEX_POINT('',#3892);
#1631=VERTEX_POINT('',#3894);
#1632=VERTEX_POINT('',#3896);
#1633=VERTEX_POINT('',#3898);
#1634=VERTEX_POINT('',#3900);
#1635=VERTEX_POINT('',#3902);
#1636=VERTEX_POINT('',#3906);
#1637=VERTEX_POINT('',#3907);
#1638=VERTEX_POINT('',#3909);
#1639=VERTEX_POINT('',#3911);
#1640=VERTEX_POINT('',#3913);
#1641=VERTEX_POINT('',#3915);
#1642=VERTEX_POINT('',#3917);
#1643=VERTEX_POINT('',#3921);
#1644=VERTEX_POINT('',#3922);
#1645=VERTEX_POINT('',#3924);
#1646=VERTEX_POINT('',#3926);
#1647=VERTEX_POINT('',#3928);
#1648=VERTEX_POINT('',#3930);
#1649=VERTEX_POINT('',#3932);
#1650=VERTEX_POINT('',#3936);
#1651=VERTEX_POINT('',#3937);
#1652=VERTEX_POINT('',#3939);
#1653=VERTEX_POINT('',#3941);
#1654=VERTEX_POINT('',#3943);
#1655=VERTEX_POINT('',#3945);
#1656=VERTEX_POINT('',#3947);
#1657=VERTEX_POINT('',#3951);
#1658=VERTEX_POINT('',#3952);
#1659=VERTEX_POINT('',#3954);
#1660=VERTEX_POINT('',#3956);
#1661=VERTEX_POINT('',#3958);
#1662=VERTEX_POINT('',#3960);
#1663=VERTEX_POINT('',#3962);
#1664=VERTEX_POINT('',#3966);
#1665=VERTEX_POINT('',#3967);
#1666=VERTEX_POINT('',#3969);
#1667=VERTEX_POINT('',#3971);
#1668=VERTEX_POINT('',#3973);
#1669=VERTEX_POINT('',#3975);
#1670=VERTEX_POINT('',#3977);
#1671=VERTEX_POINT('',#3981);
#1672=VERTEX_POINT('',#3982);
#1673=VERTEX_POINT('',#3984);
#1674=VERTEX_POINT('',#3986);
#1675=VERTEX_POINT('',#3988);
#1676=VERTEX_POINT('',#3990);
#1677=VERTEX_POINT('',#3992);
#1678=VERTEX_POINT('',#3996);
#1679=VERTEX_POINT('',#3997);
#1680=VERTEX_POINT('',#3999);
#1681=VERTEX_POINT('',#4001);
#1682=VERTEX_POINT('',#4003);
#1683=VERTEX_POINT('',#4005);
#1684=VERTEX_POINT('',#4007);
#1685=VERTEX_POINT('',#4011);
#1686=VERTEX_POINT('',#4012);
#1687=VERTEX_POINT('',#4014);
#1688=VERTEX_POINT('',#4016);
#1689=VERTEX_POINT('',#4018);
#1690=VERTEX_POINT('',#4020);
#1691=VERTEX_POINT('',#4022);
#1692=VERTEX_POINT('',#4026);
#1693=VERTEX_POINT('',#4027);
#1694=VERTEX_POINT('',#4029);
#1695=VERTEX_POINT('',#4031);
#1696=VERTEX_POINT('',#4033);
#1697=VERTEX_POINT('',#4035);
#1698=VERTEX_POINT('',#4037);
#1699=VERTEX_POINT('',#4041);
#1700=VERTEX_POINT('',#4042);
#1701=VERTEX_POINT('',#4044);
#1702=VERTEX_POINT('',#4046);
#1703=VERTEX_POINT('',#4048);
#1704=VERTEX_POINT('',#4050);
#1705=VERTEX_POINT('',#4052);
#1706=VERTEX_POINT('',#4056);
#1707=VERTEX_POINT('',#4057);
#1708=VERTEX_POINT('',#4059);
#1709=VERTEX_POINT('',#4061);
#1710=VERTEX_POINT('',#4063);
#1711=VERTEX_POINT('',#4065);
#1712=VERTEX_POINT('',#4067);
#1713=VERTEX_POINT('',#4071);
#1714=VERTEX_POINT('',#4072);
#1715=VERTEX_POINT('',#4074);
#1716=VERTEX_POINT('',#4076);
#1717=VERTEX_POINT('',#4078);
#1718=VERTEX_POINT('',#4080);
#1719=VERTEX_POINT('',#4082);
#1720=VERTEX_POINT('',#4086);
#1721=VERTEX_POINT('',#4087);
#1722=VERTEX_POINT('',#4089);
#1723=VERTEX_POINT('',#4091);
#1724=VERTEX_POINT('',#4093);
#1725=VERTEX_POINT('',#4095);
#1726=VERTEX_POINT('',#4097);
#1727=VERTEX_POINT('',#4101);
#1728=VERTEX_POINT('',#4102);
#1729=VERTEX_POINT('',#4104);
#1730=VERTEX_POINT('',#4106);
#1731=VERTEX_POINT('',#4108);
#1732=VERTEX_POINT('',#4110);
#1733=VERTEX_POINT('',#4112);
#1734=VERTEX_POINT('',#4116);
#1735=VERTEX_POINT('',#4117);
#1736=VERTEX_POINT('',#4119);
#1737=VERTEX_POINT('',#4121);
#1738=VERTEX_POINT('',#4123);
#1739=VERTEX_POINT('',#4125);
#1740=VERTEX_POINT('',#4127);
#1741=VERTEX_POINT('',#4131);
#1742=VERTEX_POINT('',#4132);
#1743=VERTEX_POINT('',#4134);
#1744=VERTEX_POINT('',#4136);
#1745=VERTEX_POINT('',#4138);
#1746=VERTEX_POINT('',#4140);
#1747=VERTEX_POINT('',#4142);
#1748=VERTEX_POINT('',#4146);
#1749=VERTEX_POINT('',#4147);
#1750=VERTEX_POINT('',#4149);
#1751=VERTEX_POINT('',#4151);
#1752=VERTEX_POINT('',#4153);
#1753=VERTEX_POINT('',#4155);
#1754=VERTEX_POINT('',#4157);
#1755=VERTEX_POINT('',#4161);
#1756=VERTEX_POINT('',#4162);
#1757=VERTEX_POINT('',#4164);
#1758=VERTEX_POINT('',#4166);
#1759=VERTEX_POINT('',#4168);
#1760=VERTEX_POINT('',#4170);
#1761=VERTEX_POINT('',#4172);
#1762=VERTEX_POINT('',#4258);
#1763=VERTEX_POINT('',#4274);
#1764=VERTEX_POINT('',#4277);
#1765=VERTEX_POINT('',#4281);
#1766=VERTEX_POINT('',#4285);
#1767=VERTEX_POINT('',#4289);
#1768=VERTEX_POINT('',#4293);
#1769=VERTEX_POINT('',#4297);
#1770=VERTEX_POINT('',#4303);
#1771=VERTEX_POINT('',#4309);
#1772=VERTEX_POINT('',#4313);
#1773=VERTEX_POINT('',#4317);
#1774=VERTEX_POINT('',#4321);
#1775=VERTEX_POINT('',#4325);
#1776=VERTEX_POINT('',#4442);
#1777=VERTEX_POINT('',#4444);
#1778=VERTEX_POINT('',#4449);
#1779=VERTEX_POINT('',#4451);
#1780=VERTEX_POINT('',#4458);
#1781=VERTEX_POINT('',#4461);
#1782=VERTEX_POINT('',#4462);
#1783=VERTEX_POINT('',#4464);
#1784=VERTEX_POINT('',#4466);
#1785=VERTEX_POINT('',#4468);
#1786=VERTEX_POINT('',#4470);
#1787=VERTEX_POINT('',#4474);
#1788=VERTEX_POINT('',#4476);
#1789=VERTEX_POINT('',#4480);
#1790=VERTEX_POINT('',#4484);
#1791=VERTEX_POINT('',#4488);
#1792=VERTEX_POINT('',#4492);
#1793=VERTEX_POINT('',#4499);
#1794=CIRCLE('',#2547,0.00225);
#1795=CIRCLE('',#2548,0.00225);
#1796=CIRCLE('',#2550,0.00043);
#1797=CIRCLE('',#2551,0.00165916391507646);
#1798=CIRCLE('',#2552,0.00165916391507646);
#1799=CIRCLE('',#2553,0.00043);
#1800=CIRCLE('',#2554,0.0113648557318921);
#1801=CIRCLE('',#2556,0.00043);
#1802=CIRCLE('',#2557,0.00165916391507646);
#1803=CIRCLE('',#2558,0.00165916391507646);
#1804=CIRCLE('',#2559,0.00043);
#1805=CIRCLE('',#2560,0.0113648557318921);
#1806=CIRCLE('',#2562,0.00043);
#1807=CIRCLE('',#2563,0.00165916391507646);
#1808=CIRCLE('',#2564,0.00165916391507646);
#1809=CIRCLE('',#2565,0.00043);
#1810=CIRCLE('',#2566,0.0113648557318921);
#1811=CIRCLE('',#2568,0.00043);
#1812=CIRCLE('',#2569,0.00165916391507646);
#1813=CIRCLE('',#2570,0.00165916391507646);
#1814=CIRCLE('',#2571,0.00043);
#1815=CIRCLE('',#2572,0.0113648557318921);
#1816=CIRCLE('',#2574,0.00043);
#1817=CIRCLE('',#2575,0.00165916391507646);
#1818=CIRCLE('',#2576,0.00165916391507646);
#1819=CIRCLE('',#2577,0.00043);
#1820=CIRCLE('',#2578,0.0113648557318921);
#1821=CIRCLE('',#2580,0.00043);
#1822=CIRCLE('',#2581,0.00165916391507646);
#1823=CIRCLE('',#2582,0.00165916391507646);
#1824=CIRCLE('',#2583,0.00043);
#1825=CIRCLE('',#2584,0.0113648557318921);
#1826=CIRCLE('',#2586,0.00043);
#1827=CIRCLE('',#2587,0.00165916391507646);
#1828=CIRCLE('',#2588,0.00165916391507646);
#1829=CIRCLE('',#2589,0.00043);
#1830=CIRCLE('',#2590,0.0113648557318921);
#1831=CIRCLE('',#2592,0.00043);
#1832=CIRCLE('',#2593,0.00165916391507646);
#1833=CIRCLE('',#2594,0.00165916391507646);
#1834=CIRCLE('',#2595,0.00043);
#1835=CIRCLE('',#2596,0.0113648557318921);
#1836=CIRCLE('',#2598,0.00043);
#1837=CIRCLE('',#2599,0.00165916391507646);
#1838=CIRCLE('',#2600,0.00165916391507646);
#1839=CIRCLE('',#2601,0.00043);
#1840=CIRCLE('',#2602,0.0113648557318921);
#1841=CIRCLE('',#2604,0.00043);
#1842=CIRCLE('',#2605,0.00165916391507646);
#1843=CIRCLE('',#2606,0.00165916391507646);
#1844=CIRCLE('',#2607,0.00043);
#1845=CIRCLE('',#2608,0.0113648557318921);
#1846=CIRCLE('',#2610,0.00043);
#1847=CIRCLE('',#2611,0.00165916391507646);
#1848=CIRCLE('',#2612,0.00165916391507646);
#1849=CIRCLE('',#2613,0.00043);
#1850=CIRCLE('',#2614,0.0113648557318921);
#1851=CIRCLE('',#2616,0.00043);
#1852=CIRCLE('',#2617,0.00165916391507646);
#1853=CIRCLE('',#2618,0.00165916391507646);
#1854=CIRCLE('',#2619,0.00043);
#1855=CIRCLE('',#2620,0.0113648557318921);
#1856=CIRCLE('',#2622,0.00043);
#1857=CIRCLE('',#2623,0.00165916391507646);
#1858=CIRCLE('',#2624,0.00165916391507646);
#1859=CIRCLE('',#2625,0.00043);
#1860=CIRCLE('',#2626,0.0113648557318921);
#1861=CIRCLE('',#2628,0.00043);
#1862=CIRCLE('',#2629,0.00165916391507646);
#1863=CIRCLE('',#2630,0.00165916391507646);
#1864=CIRCLE('',#2631,0.00043);
#1865=CIRCLE('',#2632,0.0113648557318921);
#1866=CIRCLE('',#2634,0.00043);
#1867=CIRCLE('',#2635,0.00165916391507646);
#1868=CIRCLE('',#2636,0.00165916391507646);
#1869=CIRCLE('',#2637,0.00043);
#1870=CIRCLE('',#2638,0.0113648557318921);
#1871=CIRCLE('',#2640,0.00043);
#1872=CIRCLE('',#2641,0.00165916391507646);
#1873=CIRCLE('',#2642,0.00165916391507646);
#1874=CIRCLE('',#2643,0.00043);
#1875=CIRCLE('',#2644,0.0113648557318921);
#1876=CIRCLE('',#2646,0.00043);
#1877=CIRCLE('',#2647,0.00165916391507646);
#1878=CIRCLE('',#2648,0.00165916391507646);
#1879=CIRCLE('',#2649,0.00043);
#1880=CIRCLE('',#2650,0.0113648557318921);
#1881=CIRCLE('',#2652,0.00043);
#1882=CIRCLE('',#2653,0.00165916391507646);
#1883=CIRCLE('',#2654,0.00165916391507646);
#1884=CIRCLE('',#2655,0.00043);
#1885=CIRCLE('',#2656,0.0113648557318921);
#1886=CIRCLE('',#2658,0.00043);
#1887=CIRCLE('',#2659,0.00165916391507646);
#1888=CIRCLE('',#2660,0.00165916391507646);
#1889=CIRCLE('',#2661,0.00043);
#1890=CIRCLE('',#2662,0.0113648557318921);
#1891=CIRCLE('',#2664,0.00043);
#1892=CIRCLE('',#2665,0.00165916391507646);
#1893=CIRCLE('',#2666,0.00165916391507646);
#1894=CIRCLE('',#2667,0.00043);
#1895=CIRCLE('',#2668,0.0113648557318921);
#1896=CIRCLE('',#2670,0.00043);
#1897=CIRCLE('',#2671,0.00165916391507646);
#1898=CIRCLE('',#2672,0.00165916391507646);
#1899=CIRCLE('',#2673,0.00043);
#1900=CIRCLE('',#2674,0.0113648557318921);
#1901=CIRCLE('',#2676,0.00043);
#1902=CIRCLE('',#2677,0.00165916391507646);
#1903=CIRCLE('',#2678,0.00165916391507646);
#1904=CIRCLE('',#2679,0.00043);
#1905=CIRCLE('',#2680,0.0113648557318921);
#1906=CIRCLE('',#2682,0.00043);
#1907=CIRCLE('',#2683,0.00165916391507646);
#1908=CIRCLE('',#2684,0.00165916391507646);
#1909=CIRCLE('',#2685,0.00043);
#1910=CIRCLE('',#2686,0.0113648557318921);
#1911=CIRCLE('',#2688,0.00043);
#1912=CIRCLE('',#2689,0.00165916391507646);
#1913=CIRCLE('',#2690,0.00165916391507646);
#1914=CIRCLE('',#2691,0.00043);
#1915=CIRCLE('',#2692,0.0113648557318921);
#1916=CIRCLE('',#2694,0.00043);
#1917=CIRCLE('',#2695,0.00165916391507646);
#1918=CIRCLE('',#2696,0.00165916391507646);
#1919=CIRCLE('',#2697,0.00043);
#1920=CIRCLE('',#2698,0.0113648557318921);
#1921=CIRCLE('',#2700,0.00043);
#1922=CIRCLE('',#2701,0.00165916391507646);
#1923=CIRCLE('',#2702,0.00165916391507646);
#1924=CIRCLE('',#2703,0.00043);
#1925=CIRCLE('',#2704,0.0113648557318921);
#1926=CIRCLE('',#2706,0.00043);
#1927=CIRCLE('',#2707,0.00165916391507646);
#1928=CIRCLE('',#2708,0.00165916391507646);
#1929=CIRCLE('',#2709,0.00043);
#1930=CIRCLE('',#2710,0.0113648557318921);
#1931=CIRCLE('',#2712,0.00043);
#1932=CIRCLE('',#2713,0.00165916391507646);
#1933=CIRCLE('',#2714,0.00165916391507646);
#1934=CIRCLE('',#2715,0.00043);
#1935=CIRCLE('',#2716,0.0113648557318921);
#1936=CIRCLE('',#2718,0.0113648557318921);
#1937=CIRCLE('',#2719,0.0113648557318921);
#1938=CIRCLE('',#2727,0.0113648557318921);
#1939=CIRCLE('',#2728,0.0113648557318921);
#1940=CIRCLE('',#2736,0.0113648557318921);
#1941=CIRCLE('',#2737,0.0113648557318921);
#1942=CIRCLE('',#2745,0.0113648557318921);
#1943=CIRCLE('',#2746,0.0113648557318921);
#1944=CIRCLE('',#2754,0.0113648557318921);
#1945=CIRCLE('',#2755,0.0113648557318921);
#1946=CIRCLE('',#2763,0.0113648557318921);
#1947=CIRCLE('',#2764,0.0113648557318921);
#1948=CIRCLE('',#2772,0.0113648557318921);
#1949=CIRCLE('',#2773,0.0113648557318921);
#1950=CIRCLE('',#2775,0.00043);
#1951=CIRCLE('',#2777,0.00043);
#1952=CIRCLE('',#2781,0.00165916391507646);
#1953=CIRCLE('',#2783,0.00165916391507646);
#1954=CIRCLE('',#2785,0.0113648557318921);
#1955=CIRCLE('',#2786,0.0113648557318921);
#1956=CIRCLE('',#2788,0.00043);
#1957=CIRCLE('',#2790,0.00043);
#1958=CIRCLE('',#2794,0.00165916391507646);
#1959=CIRCLE('',#2796,0.00165916391507646);
#1960=CIRCLE('',#2798,0.0113648557318921);
#1961=CIRCLE('',#2799,0.0113648557318921);
#1962=CIRCLE('',#2807,0.0113648557318921);
#1963=CIRCLE('',#2808,0.0113648557318921);
#1964=CIRCLE('',#2816,0.0113648557318921);
#1965=CIRCLE('',#2817,0.0113648557318921);
#1966=CIRCLE('',#2825,0.0113648557318921);
#1967=CIRCLE('',#2826,0.0113648557318921);
#1968=CIRCLE('',#2834,0.0113648557318921);
#1969=CIRCLE('',#2835,0.0113648557318921);
#1970=CIRCLE('',#2843,0.0113648557318921);
#1971=CIRCLE('',#2844,0.0113648557318921);
#1972=CIRCLE('',#2852,0.0113648557318921);
#1973=CIRCLE('',#2853,0.0113648557318921);
#1974=CIRCLE('',#2861,0.00375);
#1975=CIRCLE('',#2862,0.0123648557318921);
#1976=CIRCLE('',#2864,0.0113648557318921);
#1977=CIRCLE('',#2866,0.005);
#1978=CIRCLE('',#2867,0.0123648557318921);
#1979=CIRCLE('',#2869,0.0113648557318921);
#1980=CIRCLE('',#2873,0.005);
#1981=CIRCLE('',#2883,0.00375);
#1982=EDGE_LOOP('',(#451));
#1983=EDGE_LOOP('',(#452));
#1984=EDGE_LOOP('',(#453,#454,#455,#456,#457,#458,#459));
#1985=EDGE_LOOP('',(#460,#461,#462,#463,#464,#465,#466));
#1986=EDGE_LOOP('',(#467,#468,#469,#470,#471,#472,#473));
#1987=EDGE_LOOP('',(#474,#475,#476,#477,#478,#479,#480));
#1988=EDGE_LOOP('',(#481,#482,#483,#484,#485,#486,#487));
#1989=EDGE_LOOP('',(#488,#489,#490,#491,#492,#493,#494));
#1990=EDGE_LOOP('',(#495,#496,#497,#498,#499,#500,#501));
#1991=EDGE_LOOP('',(#502,#503,#504,#505,#506,#507,#508));
#1992=EDGE_LOOP('',(#509,#510,#511,#512,#513,#514,#515));
#1993=EDGE_LOOP('',(#516,#517,#518,#519,#520,#521,#522));
#1994=EDGE_LOOP('',(#523,#524,#525,#526,#527,#528,#529));
#1995=EDGE_LOOP('',(#530,#531,#532,#533,#534,#535,#536));
#1996=EDGE_LOOP('',(#537,#538,#539,#540,#541,#542,#543));
#1997=EDGE_LOOP('',(#544,#545,#546,#547,#548,#549,#550));
#1998=EDGE_LOOP('',(#551,#552,#553,#554,#555,#556,#557));
#1999=EDGE_LOOP('',(#558,#559,#560,#561,#562,#563,#564));
#2000=EDGE_LOOP('',(#565,#566,#567,#568,#569,#570,#571));
#2001=EDGE_LOOP('',(#572,#573,#574,#575,#576,#577,#578));
#2002=EDGE_LOOP('',(#579,#580,#581,#582,#583,#584,#585));
#2003=EDGE_LOOP('',(#586,#587,#588,#589,#590,#591,#592));
#2004=EDGE_LOOP('',(#593,#594,#595,#596,#597,#598,#599));
#2005=EDGE_LOOP('',(#600,#601,#602,#603,#604,#605,#606));
#2006=EDGE_LOOP('',(#607,#608,#609,#610,#611,#612,#613));
#2007=EDGE_LOOP('',(#614,#615,#616,#617,#618,#619,#620));
#2008=EDGE_LOOP('',(#621,#622,#623,#624,#625,#626,#627));
#2009=EDGE_LOOP('',(#628,#629,#630,#631,#632,#633,#634));
#2010=EDGE_LOOP('',(#635,#636,#637,#638,#639,#640,#641));
#2011=EDGE_LOOP('',(#642,#643,#644,#645,#646,#647,#648));
#2012=EDGE_LOOP('',(#649,#650,#651,#652));
#2013=EDGE_LOOP('',(#653,#654,#655,#656));
#2014=EDGE_LOOP('',(#657,#658,#659,#660));
#2015=EDGE_LOOP('',(#661,#662,#663,#664));
#2016=EDGE_LOOP('',(#665,#666,#667,#668));
#2017=EDGE_LOOP('',(#669,#670,#671,#672));
#2018=EDGE_LOOP('',(#673,#674,#675,#676));
#2019=EDGE_LOOP('',(#677,#678,#679,#680));
#2020=EDGE_LOOP('',(#681,#682,#683,#684));
#2021=EDGE_LOOP('',(#685,#686,#687,#688));
#2022=EDGE_LOOP('',(#689,#690,#691,#692));
#2023=EDGE_LOOP('',(#693,#694,#695,#696));
#2024=EDGE_LOOP('',(#697,#698,#699,#700));
#2025=EDGE_LOOP('',(#701,#702,#703,#704));
#2026=EDGE_LOOP('',(#705,#706,#707,#708));
#2027=EDGE_LOOP('',(#709,#710,#711,#712));
#2028=EDGE_LOOP('',(#713,#714,#715,#716));
#2029=EDGE_LOOP('',(#717,#718,#719,#720));
#2030=EDGE_LOOP('',(#721,#722,#723,#724));
#2031=EDGE_LOOP('',(#725,#726,#727,#728));
#2032=EDGE_LOOP('',(#729,#730,#731,#732));
#2033=EDGE_LOOP('',(#733,#734,#735,#736));
#2034=EDGE_LOOP('',(#737,#738,#739,#740));
#2035=EDGE_LOOP('',(#741,#742,#743,#744));
#2036=EDGE_LOOP('',(#745,#746,#747,#748));
#2037=EDGE_LOOP('',(#749,#750,#751,#752));
#2038=EDGE_LOOP('',(#753,#754,#755,#756));
#2039=EDGE_LOOP('',(#757,#758,#759,#760));
#2040=EDGE_LOOP('',(#761,#762,#763,#764));
#2041=EDGE_LOOP('',(#765,#766,#767,#768));
#2042=EDGE_LOOP('',(#769,#770,#771,#772));
#2043=EDGE_LOOP('',(#773,#774,#775,#776));
#2044=EDGE_LOOP('',(#777,#778,#779,#780));
#2045=EDGE_LOOP('',(#781,#782,#783,#784));
#2046=EDGE_LOOP('',(#785,#786,#787,#788));
#2047=EDGE_LOOP('',(#789,#790,#791,#792));
#2048=EDGE_LOOP('',(#793,#794,#795,#796));
#2049=EDGE_LOOP('',(#797,#798,#799,#800));
#2050=EDGE_LOOP('',(#801,#802,#803,#804));
#2051=EDGE_LOOP('',(#805,#806,#807,#808));
#2052=EDGE_LOOP('',(#809,#810,#811,#812));
#2053=EDGE_LOOP('',(#813,#814,#815,#816));
#2054=EDGE_LOOP('',(#817,#818,#819,#820));
#2055=EDGE_LOOP('',(#821,#822,#823,#824));
#2056=EDGE_LOOP('',(#825,#826,#827,#828));
#2057=EDGE_LOOP('',(#829,#830,#831,#832));
#2058=EDGE_LOOP('',(#833,#834,#835,#836));
#2059=EDGE_LOOP('',(#837,#838,#839,#840));
#2060=EDGE_LOOP('',(#841,#842,#843,#844));
#2061=EDGE_LOOP('',(#845,#846,#847,#848));
#2062=EDGE_LOOP('',(#849,#850,#851,#852));
#2063=EDGE_LOOP('',(#853,#854,#855,#856));
#2064=EDGE_LOOP('',(#857,#858,#859,#860));
#2065=EDGE_LOOP('',(#861,#862,#863,#864));
#2066=EDGE_LOOP('',(#865,#866,#867,#868));
#2067=EDGE_LOOP('',(#869,#870,#871,#872));
#2068=EDGE_LOOP('',(#873,#874,#875,#876));
#2069=EDGE_LOOP('',(#877,#878,#879,#880));
#2070=EDGE_LOOP('',(#881,#882,#883,#884));
#2071=EDGE_LOOP('',(#885,#886,#887,#888));
#2072=EDGE_LOOP('',(#889,#890,#891,#892));
#2073=EDGE_LOOP('',(#893,#894,#895,#896));
#2074=EDGE_LOOP('',(#897,#898,#899,#900));
#2075=EDGE_LOOP('',(#901,#902,#903,#904));
#2076=EDGE_LOOP('',(#905,#906,#907,#908));
#2077=EDGE_LOOP('',(#909,#910,#911,#912));
#2078=EDGE_LOOP('',(#913,#914,#915,#916));
#2079=EDGE_LOOP('',(#917,#918,#919,#920));
#2080=EDGE_LOOP('',(#921,#922,#923,#924));
#2081=EDGE_LOOP('',(#925,#926,#927,#928));
#2082=EDGE_LOOP('',(#929,#930,#931,#932));
#2083=EDGE_LOOP('',(#933,#934,#935,#936));
#2084=EDGE_LOOP('',(#937,#938,#939,#940));
#2085=EDGE_LOOP('',(#941,#942,#943,#944));
#2086=EDGE_LOOP('',(#945,#946,#947,#948));
#2087=EDGE_LOOP('',(#949,#950,#951,#952));
#2088=EDGE_LOOP('',(#953,#954,#955,#956));
#2089=EDGE_LOOP('',(#957,#958,#959,#960));
#2090=EDGE_LOOP('',(#961,#962,#963,#964));
#2091=EDGE_LOOP('',(#965,#966,#967,#968));
#2092=EDGE_LOOP('',(#969,#970,#971,#972));
#2093=EDGE_LOOP('',(#973,#974,#975,#976));
#2094=EDGE_LOOP('',(#977,#978,#979,#980));
#2095=EDGE_LOOP('',(#981,#982,#983,#984));
#2096=EDGE_LOOP('',(#985,#986,#987,#988));
#2097=EDGE_LOOP('',(#989,#990,#991,#992));
#2098=EDGE_LOOP('',(#993,#994,#995,#996));
#2099=EDGE_LOOP('',(#997,#998,#999,#1000));
#2100=EDGE_LOOP('',(#1001,#1002,#1003,#1004));
#2101=EDGE_LOOP('',(#1005,#1006,#1007,#1008));
#2102=EDGE_LOOP('',(#1009,#1010,#1011,#1012));
#2103=EDGE_LOOP('',(#1013,#1014,#1015,#1016));
#2104=EDGE_LOOP('',(#1017,#1018,#1019,#1020));
#2105=EDGE_LOOP('',(#1021,#1022,#1023,#1024));
#2106=EDGE_LOOP('',(#1025,#1026,#1027,#1028));
#2107=EDGE_LOOP('',(#1029,#1030,#1031,#1032));
#2108=EDGE_LOOP('',(#1033,#1034,#1035,#1036));
#2109=EDGE_LOOP('',(#1037,#1038,#1039,#1040));
#2110=EDGE_LOOP('',(#1041,#1042,#1043,#1044));
#2111=EDGE_LOOP('',(#1045,#1046,#1047,#1048));
#2112=EDGE_LOOP('',(#1049,#1050,#1051,#1052));
#2113=EDGE_LOOP('',(#1053,#1054,#1055,#1056));
#2114=EDGE_LOOP('',(#1057,#1058,#1059,#1060));
#2115=EDGE_LOOP('',(#1061,#1062,#1063,#1064));
#2116=EDGE_LOOP('',(#1065,#1066,#1067,#1068));
#2117=EDGE_LOOP('',(#1069));
#2118=EDGE_LOOP('',(#1070));
#2119=EDGE_LOOP('',(#1071,#1072,#1073,#1074,#1075,#1076,#1077));
#2120=EDGE_LOOP('',(#1078));
#2121=EDGE_LOOP('',(#1079));
#2122=EDGE_LOOP('',(#1080,#1081,#1082,#1083,#1084,#1085,#1086));
#2123=EDGE_LOOP('',(#1087));
#2124=EDGE_LOOP('',(#1088,#1089,#1090,#1091,#1092,#1093,#1094,#1095,#1096,
#1097,#1098,#1099,#1100,#1101,#1102,#1103,#1104,#1105,#1106,#1107,#1108,
#1109,#1110,#1111,#1112,#1113,#1114,#1115,#1116,#1117));
#2125=EDGE_LOOP('',(#1118,#1119,#1120,#1121,#1122,#1123,#1124,#1125,#1126,
#1127,#1128,#1129,#1130,#1131,#1132,#1133,#1134,#1135,#1136,#1137,#1138,
#1139,#1140,#1141,#1142,#1143,#1144,#1145,#1146,#1147));
#2126=EDGE_LOOP('',(#1148));
#2127=EDGE_LOOP('',(#1149));
#2128=EDGE_LOOP('',(#1150));
#2129=EDGE_LOOP('',(#1151,#1152,#1153,#1154,#1155,#1156));
#2130=EDGE_LOOP('',(#1157));
#2131=EDGE_LOOP('',(#1158,#1159,#1160,#1161));
#2132=EDGE_LOOP('',(#1162,#1163,#1164,#1165));
#2133=EDGE_LOOP('',(#1166,#1167,#1168,#1169));
#2134=EDGE_LOOP('',(#1170,#1171,#1172,#1173));
#2135=EDGE_LOOP('',(#1174,#1175,#1176,#1177));
#2136=EDGE_LOOP('',(#1178,#1179,#1180,#1181));
#2137=EDGE_LOOP('',(#1182));
#2138=EDGE_LOOP('',(#1183,#1184,#1185,#1186,#1187,#1188));
#2139=EDGE_LOOP('',(#1189));
#2140=EDGE_LOOP('',(#1190));
#2141=EDGE_LOOP('',(#1191));
#2142=EDGE_LOOP('',(#1192));
#2143=FACE_BOUND('',#1982,.T.);
#2144=FACE_BOUND('',#1983,.T.);
#2145=FACE_BOUND('',#1984,.T.);
#2146=FACE_BOUND('',#1985,.T.);
#2147=FACE_BOUND('',#1986,.T.);
#2148=FACE_BOUND('',#1987,.T.);
#2149=FACE_BOUND('',#1988,.T.);
#2150=FACE_BOUND('',#1989,.T.);
#2151=FACE_BOUND('',#1990,.T.);
#2152=FACE_BOUND('',#1991,.T.);
#2153=FACE_BOUND('',#1992,.T.);
#2154=FACE_BOUND('',#1993,.T.);
#2155=FACE_BOUND('',#1994,.T.);
#2156=FACE_BOUND('',#1995,.T.);
#2157=FACE_BOUND('',#1996,.T.);
#2158=FACE_BOUND('',#1997,.T.);
#2159=FACE_BOUND('',#1998,.T.);
#2160=FACE_BOUND('',#1999,.T.);
#2161=FACE_BOUND('',#2000,.T.);
#2162=FACE_BOUND('',#2001,.T.);
#2163=FACE_BOUND('',#2002,.T.);
#2164=FACE_BOUND('',#2003,.T.);
#2165=FACE_BOUND('',#2004,.T.);
#2166=FACE_BOUND('',#2005,.T.);
#2167=FACE_BOUND('',#2006,.T.);
#2168=FACE_BOUND('',#2007,.T.);
#2169=FACE_BOUND('',#2008,.T.);
#2170=FACE_BOUND('',#2009,.T.);
#2171=FACE_BOUND('',#2010,.T.);
#2172=FACE_BOUND('',#2011,.T.);
#2173=FACE_BOUND('',#2012,.T.);
#2174=FACE_BOUND('',#2013,.T.);
#2175=FACE_BOUND('',#2014,.T.);
#2176=FACE_BOUND('',#2015,.T.);
#2177=FACE_BOUND('',#2016,.T.);
#2178=FACE_BOUND('',#2017,.T.);
#2179=FACE_BOUND('',#2018,.T.);
#2180=FACE_BOUND('',#2019,.T.);
#2181=FACE_BOUND('',#2020,.T.);
#2182=FACE_BOUND('',#2021,.T.);
#2183=FACE_BOUND('',#2022,.T.);
#2184=FACE_BOUND('',#2023,.T.);
#2185=FACE_BOUND('',#2024,.T.);
#2186=FACE_BOUND('',#2025,.T.);
#2187=FACE_BOUND('',#2026,.T.);
#2188=FACE_BOUND('',#2027,.T.);
#2189=FACE_BOUND('',#2028,.T.);
#2190=FACE_BOUND('',#2029,.T.);
#2191=FACE_BOUND('',#2030,.T.);
#2192=FACE_BOUND('',#2031,.T.);
#2193=FACE_BOUND('',#2032,.T.);
#2194=FACE_BOUND('',#2033,.T.);
#2195=FACE_BOUND('',#2034,.T.);
#2196=FACE_BOUND('',#2035,.T.);
#2197=FACE_BOUND('',#2036,.T.);
#2198=FACE_BOUND('',#2037,.T.);
#2199=FACE_BOUND('',#2038,.T.);
#2200=FACE_BOUND('',#2039,.T.);
#2201=FACE_BOUND('',#2040,.T.);
#2202=FACE_BOUND('',#2041,.T.);
#2203=FACE_BOUND('',#2042,.T.);
#2204=FACE_BOUND('',#2043,.T.);
#2205=FACE_BOUND('',#2044,.T.);
#2206=FACE_BOUND('',#2045,.T.);
#2207=FACE_BOUND('',#2046,.T.);
#2208=FACE_BOUND('',#2047,.T.);
#2209=FACE_BOUND('',#2048,.T.);
#2210=FACE_BOUND('',#2049,.T.);
#2211=FACE_BOUND('',#2050,.T.);
#2212=FACE_BOUND('',#2051,.T.);
#2213=FACE_BOUND('',#2052,.T.);
#2214=FACE_BOUND('',#2053,.T.);
#2215=FACE_BOUND('',#2054,.T.);
#2216=FACE_BOUND('',#2055,.T.);
#2217=FACE_BOUND('',#2056,.T.);
#2218=FACE_BOUND('',#2057,.T.);
#2219=FACE_BOUND('',#2058,.T.);
#2220=FACE_BOUND('',#2059,.T.);
#2221=FACE_BOUND('',#2060,.T.);
#2222=FACE_BOUND('',#2061,.T.);
#2223=FACE_BOUND('',#2062,.T.);
#2224=FACE_BOUND('',#2063,.T.);
#2225=FACE_BOUND('',#2064,.T.);
#2226=FACE_BOUND('',#2065,.T.);
#2227=FACE_BOUND('',#2066,.T.);
#2228=FACE_BOUND('',#2067,.T.);
#2229=FACE_BOUND('',#2068,.T.);
#2230=FACE_BOUND('',#2069,.T.);
#2231=FACE_BOUND('',#2070,.T.);
#2232=FACE_BOUND('',#2071,.T.);
#2233=FACE_BOUND('',#2072,.T.);
#2234=FACE_BOUND('',#2073,.T.);
#2235=FACE_BOUND('',#2074,.T.);
#2236=FACE_BOUND('',#2075,.T.);
#2237=FACE_BOUND('',#2076,.T.);
#2238=FACE_BOUND('',#2077,.T.);
#2239=FACE_BOUND('',#2078,.T.);
#2240=FACE_BOUND('',#2079,.T.);
#2241=FACE_BOUND('',#2080,.T.);
#2242=FACE_BOUND('',#2081,.T.);
#2243=FACE_BOUND('',#2082,.T.);
#2244=FACE_BOUND('',#2083,.T.);
#2245=FACE_BOUND('',#2084,.T.);
#2246=FACE_BOUND('',#2085,.T.);
#2247=FACE_BOUND('',#2086,.T.);
#2248=FACE_BOUND('',#2087,.T.);
#2249=FACE_BOUND('',#2088,.T.);
#2250=FACE_BOUND('',#2089,.T.);
#2251=FACE_BOUND('',#2090,.T.);
#2252=FACE_BOUND('',#2091,.T.);
#2253=FACE_BOUND('',#2092,.T.);
#2254=FACE_BOUND('',#2093,.T.);
#2255=FACE_BOUND('',#2094,.T.);
#2256=FACE_BOUND('',#2095,.T.);
#2257=FACE_BOUND('',#2096,.T.);
#2258=FACE_BOUND('',#2097,.T.);
#2259=FACE_BOUND('',#2098,.T.);
#2260=FACE_BOUND('',#2099,.T.);
#2261=FACE_BOUND('',#2100,.T.);
#2262=FACE_BOUND('',#2101,.T.);
#2263=FACE_BOUND('',#2102,.T.);
#2264=FACE_BOUND('',#2103,.T.);
#2265=FACE_BOUND('',#2104,.T.);
#2266=FACE_BOUND('',#2105,.T.);
#2267=FACE_BOUND('',#2106,.T.);
#2268=FACE_BOUND('',#2107,.T.);
#2269=FACE_BOUND('',#2108,.T.);
#2270=FACE_BOUND('',#2109,.T.);
#2271=FACE_BOUND('',#2110,.T.);
#2272=FACE_BOUND('',#2111,.T.);
#2273=FACE_BOUND('',#2112,.T.);
#2274=FACE_BOUND('',#2113,.T.);
#2275=FACE_BOUND('',#2114,.T.);
#2276=FACE_BOUND('',#2115,.T.);
#2277=FACE_BOUND('',#2116,.T.);
#2278=FACE_BOUND('',#2117,.T.);
#2279=FACE_BOUND('',#2118,.T.);
#2280=FACE_BOUND('',#2119,.T.);
#2281=FACE_BOUND('',#2120,.T.);
#2282=FACE_BOUND('',#2121,.T.);
#2283=FACE_BOUND('',#2122,.T.);
#2284=FACE_BOUND('',#2123,.T.);
#2285=FACE_BOUND('',#2124,.T.);
#2286=FACE_BOUND('',#2125,.T.);
#2287=FACE_BOUND('',#2126,.T.);
#2288=FACE_BOUND('',#2127,.T.);
#2289=FACE_BOUND('',#2128,.T.);
#2290=FACE_BOUND('',#2129,.T.);
#2291=FACE_BOUND('',#2130,.T.);
#2292=FACE_BOUND('',#2131,.T.);
#2293=FACE_BOUND('',#2132,.T.);
#2294=FACE_BOUND('',#2133,.T.);
#2295=FACE_BOUND('',#2134,.T.);
#2296=FACE_BOUND('',#2135,.T.);
#2297=FACE_BOUND('',#2136,.T.);
#2298=FACE_BOUND('',#2137,.T.);
#2299=FACE_BOUND('',#2138,.T.);
#2300=FACE_BOUND('',#2139,.T.);
#2301=FACE_BOUND('',#2140,.T.);
#2302=FACE_BOUND('',#2141,.T.);
#2303=FACE_BOUND('',#2142,.T.);
#2304=CYLINDRICAL_SURFACE('',#2546,0.00225);
#2305=CYLINDRICAL_SURFACE('',#2717,0.0113648557318921);
#2306=CYLINDRICAL_SURFACE('',#2720,0.00043);
#2307=CYLINDRICAL_SURFACE('',#2721,0.00043);
#2308=CYLINDRICAL_SURFACE('',#2724,0.00165916391507646);
#2309=CYLINDRICAL_SURFACE('',#2725,0.00165916391507646);
#2310=CYLINDRICAL_SURFACE('',#2726,0.0113648557318921);
#2311=CYLINDRICAL_SURFACE('',#2729,0.00043);
#2312=CYLINDRICAL_SURFACE('',#2730,0.00043);
#2313=CYLINDRICAL_SURFACE('',#2733,0.00165916391507646);
#2314=CYLINDRICAL_SURFACE('',#2734,0.00165916391507646);
#2315=CYLINDRICAL_SURFACE('',#2735,0.0113648557318921);
#2316=CYLINDRICAL_SURFACE('',#2738,0.00043);
#2317=CYLINDRICAL_SURFACE('',#2739,0.00043);
#2318=CYLINDRICAL_SURFACE('',#2742,0.00165916391507646);
#2319=CYLINDRICAL_SURFACE('',#2743,0.00165916391507646);
#2320=CYLINDRICAL_SURFACE('',#2744,0.0113648557318921);
#2321=CYLINDRICAL_SURFACE('',#2747,0.00043);
#2322=CYLINDRICAL_SURFACE('',#2748,0.00043);
#2323=CYLINDRICAL_SURFACE('',#2751,0.00165916391507646);
#2324=CYLINDRICAL_SURFACE('',#2752,0.00165916391507646);
#2325=CYLINDRICAL_SURFACE('',#2753,0.0113648557318921);
#2326=CYLINDRICAL_SURFACE('',#2756,0.00043);
#2327=CYLINDRICAL_SURFACE('',#2757,0.00043);
#2328=CYLINDRICAL_SURFACE('',#2760,0.00165916391507646);
#2329=CYLINDRICAL_SURFACE('',#2761,0.00165916391507646);
#2330=CYLINDRICAL_SURFACE('',#2762,0.0113648557318921);
#2331=CYLINDRICAL_SURFACE('',#2765,0.00043);
#2332=CYLINDRICAL_SURFACE('',#2766,0.00043);
#2333=CYLINDRICAL_SURFACE('',#2769,0.00165916391507646);
#2334=CYLINDRICAL_SURFACE('',#2770,0.00165916391507646);
#2335=CYLINDRICAL_SURFACE('',#2771,0.0113648557318921);
#2336=CYLINDRICAL_SURFACE('',#2774,0.00043);
#2337=CYLINDRICAL_SURFACE('',#2776,0.00043);
#2338=CYLINDRICAL_SURFACE('',#2780,0.00165916391507646);
#2339=CYLINDRICAL_SURFACE('',#2782,0.00165916391507646);
#2340=CYLINDRICAL_SURFACE('',#2784,0.0113648557318921);
#2341=CYLINDRICAL_SURFACE('',#2787,0.00043);
#2342=CYLINDRICAL_SURFACE('',#2789,0.00043);
#2343=CYLINDRICAL_SURFACE('',#2793,0.00165916391507646);
#2344=CYLINDRICAL_SURFACE('',#2795,0.00165916391507646);
#2345=CYLINDRICAL_SURFACE('',#2797,0.0113648557318921);
#2346=CYLINDRICAL_SURFACE('',#2800,0.00043);
#2347=CYLINDRICAL_SURFACE('',#2801,0.00043);
#2348=CYLINDRICAL_SURFACE('',#2804,0.00165916391507646);
#2349=CYLINDRICAL_SURFACE('',#2805,0.00165916391507646);
#2350=CYLINDRICAL_SURFACE('',#2806,0.0113648557318921);
#2351=CYLINDRICAL_SURFACE('',#2809,0.00043);
#2352=CYLINDRICAL_SURFACE('',#2810,0.00043);
#2353=CYLINDRICAL_SURFACE('',#2813,0.00165916391507646);
#2354=CYLINDRICAL_SURFACE('',#2814,0.00165916391507646);
#2355=CYLINDRICAL_SURFACE('',#2815,0.0113648557318921);
#2356=CYLINDRICAL_SURFACE('',#2818,0.00043);
#2357=CYLINDRICAL_SURFACE('',#2819,0.00043);
#2358=CYLINDRICAL_SURFACE('',#2822,0.00165916391507646);
#2359=CYLINDRICAL_SURFACE('',#2823,0.00165916391507646);
#2360=CYLINDRICAL_SURFACE('',#2824,0.0113648557318921);
#2361=CYLINDRICAL_SURFACE('',#2827,0.00043);
#2362=CYLINDRICAL_SURFACE('',#2828,0.00043);
#2363=CYLINDRICAL_SURFACE('',#2831,0.00165916391507646);
#2364=CYLINDRICAL_SURFACE('',#2832,0.00165916391507646);
#2365=CYLINDRICAL_SURFACE('',#2833,0.0113648557318921);
#2366=CYLINDRICAL_SURFACE('',#2836,0.00043);
#2367=CYLINDRICAL_SURFACE('',#2837,0.00043);
#2368=CYLINDRICAL_SURFACE('',#2840,0.00165916391507646);
#2369=CYLINDRICAL_SURFACE('',#2841,0.00165916391507646);
#2370=CYLINDRICAL_SURFACE('',#2842,0.0113648557318921);
#2371=CYLINDRICAL_SURFACE('',#2845,0.00043);
#2372=CYLINDRICAL_SURFACE('',#2846,0.00043);
#2373=CYLINDRICAL_SURFACE('',#2849,0.00165916391507646);
#2374=CYLINDRICAL_SURFACE('',#2850,0.00165916391507646);
#2375=CYLINDRICAL_SURFACE('',#2851,0.0113648557318921);
#2376=CYLINDRICAL_SURFACE('',#2856,0.00165916391507646);
#2377=CYLINDRICAL_SURFACE('',#2857,0.00165916391507646);
#2378=CYLINDRICAL_SURFACE('',#2858,0.00043);
#2379=CYLINDRICAL_SURFACE('',#2859,0.00043);
#2380=CYLINDRICAL_SURFACE('',#2872,0.005);
#2381=CYLINDRICAL_SURFACE('',#2884,0.00375);
#2382=ADVANCED_FACE('',(#2143,#2144),#2304,.F.);
#2383=ADVANCED_FACE('',(#2145),#380,.F.);
#2384=ADVANCED_FACE('',(#2146),#381,.F.);
#2385=ADVANCED_FACE('',(#2147),#382,.F.);
#2386=ADVANCED_FACE('',(#2148),#383,.F.);
#2387=ADVANCED_FACE('',(#2149),#384,.F.);
#2388=ADVANCED_FACE('',(#2150),#385,.F.);
#2389=ADVANCED_FACE('',(#2151),#386,.F.);
#2390=ADVANCED_FACE('',(#2152),#387,.F.);
#2391=ADVANCED_FACE('',(#2153),#388,.F.);
#2392=ADVANCED_FACE('',(#2154),#389,.F.);
#2393=ADVANCED_FACE('',(#2155),#390,.F.);
#2394=ADVANCED_FACE('',(#2156),#391,.F.);
#2395=ADVANCED_FACE('',(#2157),#392,.F.);
#2396=ADVANCED_FACE('',(#2158),#393,.F.);
#2397=ADVANCED_FACE('',(#2159),#394,.F.);
#2398=ADVANCED_FACE('',(#2160),#395,.F.);
#2399=ADVANCED_FACE('',(#2161),#396,.F.);
#2400=ADVANCED_FACE('',(#2162),#397,.F.);
#2401=ADVANCED_FACE('',(#2163),#398,.F.);
#2402=ADVANCED_FACE('',(#2164),#399,.F.);
#2403=ADVANCED_FACE('',(#2165),#400,.F.);
#2404=ADVANCED_FACE('',(#2166),#401,.F.);
#2405=ADVANCED_FACE('',(#2167),#402,.F.);
#2406=ADVANCED_FACE('',(#2168),#403,.F.);
#2407=ADVANCED_FACE('',(#2169),#404,.F.);
#2408=ADVANCED_FACE('',(#2170),#405,.F.);
#2409=ADVANCED_FACE('',(#2171),#406,.F.);
#2410=ADVANCED_FACE('',(#2172),#407,.F.);
#2411=ADVANCED_FACE('',(#2173),#2305,.T.);
#2412=ADVANCED_FACE('',(#2174),#2306,.T.);
#2413=ADVANCED_FACE('',(#2175),#2307,.T.);
#2414=ADVANCED_FACE('',(#2176),#408,.T.);
#2415=ADVANCED_FACE('',(#2177),#409,.F.);
#2416=ADVANCED_FACE('',(#2178),#2308,.F.);
#2417=ADVANCED_FACE('',(#2179),#2309,.F.);
#2418=ADVANCED_FACE('',(#2180),#2310,.T.);
#2419=ADVANCED_FACE('',(#2181),#2311,.T.);
#2420=ADVANCED_FACE('',(#2182),#2312,.T.);
#2421=ADVANCED_FACE('',(#2183),#410,.T.);
#2422=ADVANCED_FACE('',(#2184),#411,.F.);
#2423=ADVANCED_FACE('',(#2185),#2313,.F.);
#2424=ADVANCED_FACE('',(#2186),#2314,.F.);
#2425=ADVANCED_FACE('',(#2187),#2315,.T.);
#2426=ADVANCED_FACE('',(#2188),#2316,.T.);
#2427=ADVANCED_FACE('',(#2189),#2317,.T.);
#2428=ADVANCED_FACE('',(#2190),#412,.T.);
#2429=ADVANCED_FACE('',(#2191),#413,.F.);
#2430=ADVANCED_FACE('',(#2192),#2318,.F.);
#2431=ADVANCED_FACE('',(#2193),#2319,.F.);
#2432=ADVANCED_FACE('',(#2194),#2320,.T.);
#2433=ADVANCED_FACE('',(#2195),#2321,.T.);
#2434=ADVANCED_FACE('',(#2196),#2322,.T.);
#2435=ADVANCED_FACE('',(#2197),#414,.T.);
#2436=ADVANCED_FACE('',(#2198),#415,.F.);
#2437=ADVANCED_FACE('',(#2199),#2323,.F.);
#2438=ADVANCED_FACE('',(#2200),#2324,.F.);
#2439=ADVANCED_FACE('',(#2201),#2325,.T.);
#2440=ADVANCED_FACE('',(#2202),#2326,.T.);
#2441=ADVANCED_FACE('',(#2203),#2327,.T.);
#2442=ADVANCED_FACE('',(#2204),#416,.T.);
#2443=ADVANCED_FACE('',(#2205),#417,.F.);
#2444=ADVANCED_FACE('',(#2206),#2328,.F.);
#2445=ADVANCED_FACE('',(#2207),#2329,.F.);
#2446=ADVANCED_FACE('',(#2208),#2330,.T.);
#2447=ADVANCED_FACE('',(#2209),#2331,.T.);
#2448=ADVANCED_FACE('',(#2210),#2332,.T.);
#2449=ADVANCED_FACE('',(#2211),#418,.T.);
#2450=ADVANCED_FACE('',(#2212),#419,.F.);
#2451=ADVANCED_FACE('',(#2213),#2333,.F.);
#2452=ADVANCED_FACE('',(#2214),#2334,.F.);
#2453=ADVANCED_FACE('',(#2215),#2335,.T.);
#2454=ADVANCED_FACE('',(#2216),#2336,.T.);
#2455=ADVANCED_FACE('',(#2217),#2337,.T.);
#2456=ADVANCED_FACE('',(#2218),#420,.T.);
#2457=ADVANCED_FACE('',(#2219),#421,.F.);
#2458=ADVANCED_FACE('',(#2220),#2338,.F.);
#2459=ADVANCED_FACE('',(#2221),#2339,.F.);
#2460=ADVANCED_FACE('',(#2222),#2340,.T.);
#2461=ADVANCED_FACE('',(#2223),#2341,.T.);
#2462=ADVANCED_FACE('',(#2224),#2342,.T.);
#2463=ADVANCED_FACE('',(#2225),#422,.T.);
#2464=ADVANCED_FACE('',(#2226),#423,.F.);
#2465=ADVANCED_FACE('',(#2227),#2343,.F.);
#2466=ADVANCED_FACE('',(#2228),#2344,.F.);
#2467=ADVANCED_FACE('',(#2229),#2345,.T.);
#2468=ADVANCED_FACE('',(#2230),#2346,.T.);
#2469=ADVANCED_FACE('',(#2231),#2347,.T.);
#2470=ADVANCED_FACE('',(#2232),#424,.T.);
#2471=ADVANCED_FACE('',(#2233),#425,.F.);
#2472=ADVANCED_FACE('',(#2234),#2348,.F.);
#2473=ADVANCED_FACE('',(#2235),#2349,.F.);
#2474=ADVANCED_FACE('',(#2236),#2350,.T.);
#2475=ADVANCED_FACE('',(#2237),#2351,.T.);
#2476=ADVANCED_FACE('',(#2238),#2352,.T.);
#2477=ADVANCED_FACE('',(#2239),#426,.T.);
#2478=ADVANCED_FACE('',(#2240),#427,.F.);
#2479=ADVANCED_FACE('',(#2241),#2353,.F.);
#2480=ADVANCED_FACE('',(#2242),#2354,.F.);
#2481=ADVANCED_FACE('',(#2243),#2355,.T.);
#2482=ADVANCED_FACE('',(#2244),#2356,.T.);
#2483=ADVANCED_FACE('',(#2245),#2357,.T.);
#2484=ADVANCED_FACE('',(#2246),#428,.T.);
#2485=ADVANCED_FACE('',(#2247),#429,.F.);
#2486=ADVANCED_FACE('',(#2248),#2358,.F.);
#2487=ADVANCED_FACE('',(#2249),#2359,.F.);
#2488=ADVANCED_FACE('',(#2250),#2360,.T.);
#2489=ADVANCED_FACE('',(#2251),#2361,.T.);
#2490=ADVANCED_FACE('',(#2252),#2362,.T.);
#2491=ADVANCED_FACE('',(#2253),#430,.T.);
#2492=ADVANCED_FACE('',(#2254),#431,.F.);
#2493=ADVANCED_FACE('',(#2255),#2363,.F.);
#2494=ADVANCED_FACE('',(#2256),#2364,.F.);
#2495=ADVANCED_FACE('',(#2257),#2365,.T.);
#2496=ADVANCED_FACE('',(#2258),#2366,.T.);
#2497=ADVANCED_FACE('',(#2259),#2367,.T.);
#2498=ADVANCED_FACE('',(#2260),#432,.T.);
#2499=ADVANCED_FACE('',(#2261),#433,.F.);
#2500=ADVANCED_FACE('',(#2262),#2368,.F.);
#2501=ADVANCED_FACE('',(#2263),#2369,.F.);
#2502=ADVANCED_FACE('',(#2264),#2370,.T.);
#2503=ADVANCED_FACE('',(#2265),#2371,.T.);
#2504=ADVANCED_FACE('',(#2266),#2372,.T.);
#2505=ADVANCED_FACE('',(#2267),#434,.T.);
#2506=ADVANCED_FACE('',(#2268),#435,.F.);
#2507=ADVANCED_FACE('',(#2269),#2373,.F.);
#2508=ADVANCED_FACE('',(#2270),#2374,.F.);
#2509=ADVANCED_FACE('',(#2271),#2375,.T.);
#2510=ADVANCED_FACE('',(#2272),#436,.T.);
#2511=ADVANCED_FACE('',(#2273),#437,.F.);
#2512=ADVANCED_FACE('',(#2274),#2376,.F.);
#2513=ADVANCED_FACE('',(#2275),#2377,.F.);
#2514=ADVANCED_FACE('',(#2276),#2378,.T.);
#2515=ADVANCED_FACE('',(#2277),#2379,.T.);
#2516=ADVANCED_FACE('',(#2278,#2279),#438,.T.);
#2517=ADVANCED_FACE('',(#2280),#439,.F.);
#2518=ADVANCED_FACE('',(#2281,#2282),#440,.T.);
#2519=ADVANCED_FACE('',(#2283),#441,.F.);
#2520=ADVANCED_FACE('',(#2284,#2285),#12,.T.);
#2521=ADVANCED_FACE('',(#2286,#2287),#13,.T.);
#2522=ADVANCED_FACE('',(#2288,#2289),#2380,.T.);
#2523=ADVANCED_FACE('',(#2290,#2291),#442,.T.);
#2524=ADVANCED_FACE('',(#2292),#443,.F.);
#2525=ADVANCED_FACE('',(#2293),#444,.F.);
#2526=ADVANCED_FACE('',(#2294),#445,.F.);
#2527=ADVANCED_FACE('',(#2295),#446,.F.);
#2528=ADVANCED_FACE('',(#2296),#447,.F.);
#2529=ADVANCED_FACE('',(#2297),#448,.F.);
#2530=ADVANCED_FACE('',(#2298,#2299),#449,.T.);
#2531=ADVANCED_FACE('',(#2300,#2301),#450,.T.);
#2532=ADVANCED_FACE('',(#2302,#2303),#2381,.F.);
#2533=CLOSED_SHELL('',(#2382,#2383,#2384,#2385,#2386,#2387,#2388,#2389,
#2390,#2391,#2392,#2393,#2394,#2395,#2396,#2397,#2398,#2399,#2400,#2401,
#2402,#2403,#2404,#2405,#2406,#2407,#2408,#2409,#2410,#2411,#2412,#2413,
#2414,#2415,#2416,#2417,#2418,#2419,#2420,#2421,#2422,#2423,#2424,#2425,
#2426,#2427,#2428,#2429,#2430,#2431,#2432,#2433,#2434,#2435,#2436,#2437,
#2438,#2439,#2440,#2441,#2442,#2443,#2444,#2445,#2446,#2447,#2448,#2449,
#2450,#2451,#2452,#2453,#2454,#2455,#2456,#2457,#2458,#2459,#2460,#2461,
#2462,#2463,#2464,#2465,#2466,#2467,#2468,#2469,#2470,#2471,#2472,#2473,
#2474,#2475,#2476,#2477,#2478,#2479,#2480,#2481,#2482,#2483,#2484,#2485,
#2486,#2487,#2488,#2489,#2490,#2491,#2492,#2493,#2494,#2495,#2496,#2497,
#2498,#2499,#2500,#2501,#2502,#2503,#2504,#2505,#2506,#2507,#2508,#2509,
#2510,#2511,#2512,#2513,#2514,#2515,#2516,#2517,#2518,#2519,#2520,#2521,
#2522,#2523,#2524,#2525,#2526,#2527,#2528,#2529,#2530,#2531,#2532));
#2534=STYLED_ITEM('',(#2535),#2542);
#2535=PRESENTATION_STYLE_ASSIGNMENT((#2536));
#2536=SURFACE_STYLE_USAGE(.BOTH.,#2537);
#2537=SURFACE_SIDE_STYLE('',(#2538));
#2538=SURFACE_STYLE_FILL_AREA(#2539);
#2539=FILL_AREA_STYLE('',(#2540));
#2540=FILL_AREA_STYLE_COLOUR('',#2541);
#2541=COLOUR_RGB('',0.0862745098039216,0.31764705882353,0.690196078431373);
#2542=MANIFOLD_SOLID_BREP('Steering Output Pulley',#2533);
#2543=SHAPE_DEFINITION_REPRESENTATION(#4507,#2544);
#2544=SHAPE_REPRESENTATION('Steering Output Pulley',(#2545),#4502);
#2545=AXIS2_PLACEMENT_3D('',#3748,#2885,#2886);
#2546=AXIS2_PLACEMENT_3D('',#3749,#2887,#2888);
#2547=AXIS2_PLACEMENT_3D('',#3750,#2889,#2890);
#2548=AXIS2_PLACEMENT_3D('',#3752,#2891,#2892);
#2549=AXIS2_PLACEMENT_3D('',#3754,#2893,#2894);
#2550=AXIS2_PLACEMENT_3D('',#3755,#2895,#2896);
#2551=AXIS2_PLACEMENT_3D('',#3760,#2898,#2899);
#2552=AXIS2_PLACEMENT_3D('',#3762,#2900,#2901);
#2553=AXIS2_PLACEMENT_3D('',#3766,#2903,#2904);
#2554=AXIS2_PLACEMENT_3D('',#3768,#2905,#2906);
#2555=AXIS2_PLACEMENT_3D('',#3769,#2907,#2908);
#2556=AXIS2_PLACEMENT_3D('',#3770,#2909,#2910);
#2557=AXIS2_PLACEMENT_3D('',#3775,#2912,#2913);
#2558=AXIS2_PLACEMENT_3D('',#3777,#2914,#2915);
#2559=AXIS2_PLACEMENT_3D('',#3781,#2917,#2918);
#2560=AXIS2_PLACEMENT_3D('',#3783,#2919,#2920);
#2561=AXIS2_PLACEMENT_3D('',#3784,#2921,#2922);
#2562=AXIS2_PLACEMENT_3D('',#3785,#2923,#2924);
#2563=AXIS2_PLACEMENT_3D('',#3790,#2926,#2927);
#2564=AXIS2_PLACEMENT_3D('',#3792,#2928,#2929);
#2565=AXIS2_PLACEMENT_3D('',#3796,#2931,#2932);
#2566=AXIS2_PLACEMENT_3D('',#3798,#2933,#2934);
#2567=AXIS2_PLACEMENT_3D('',#3799,#2935,#2936);
#2568=AXIS2_PLACEMENT_3D('',#3800,#2937,#2938);
#2569=AXIS2_PLACEMENT_3D('',#3805,#2940,#2941);
#2570=AXIS2_PLACEMENT_3D('',#3807,#2942,#2943);
#2571=AXIS2_PLACEMENT_3D('',#3811,#2945,#2946);
#2572=AXIS2_PLACEMENT_3D('',#3813,#2947,#2948);
#2573=AXIS2_PLACEMENT_3D('',#3814,#2949,#2950);
#2574=AXIS2_PLACEMENT_3D('',#3815,#2951,#2952);
#2575=AXIS2_PLACEMENT_3D('',#3820,#2954,#2955);
#2576=AXIS2_PLACEMENT_3D('',#3822,#2956,#2957);
#2577=AXIS2_PLACEMENT_3D('',#3826,#2959,#2960);
#2578=AXIS2_PLACEMENT_3D('',#3828,#2961,#2962);
#2579=AXIS2_PLACEMENT_3D('',#3829,#2963,#2964);
#2580=AXIS2_PLACEMENT_3D('',#3830,#2965,#2966);
#2581=AXIS2_PLACEMENT_3D('',#3835,#2968,#2969);
#2582=AXIS2_PLACEMENT_3D('',#3837,#2970,#2971);
#2583=AXIS2_PLACEMENT_3D('',#3841,#2973,#2974);
#2584=AXIS2_PLACEMENT_3D('',#3843,#2975,#2976);
#2585=AXIS2_PLACEMENT_3D('',#3844,#2977,#2978);
#2586=AXIS2_PLACEMENT_3D('',#3845,#2979,#2980);
#2587=AXIS2_PLACEMENT_3D('',#3850,#2982,#2983);
#2588=AXIS2_PLACEMENT_3D('',#3852,#2984,#2985);
#2589=AXIS2_PLACEMENT_3D('',#3856,#2987,#2988);
#2590=AXIS2_PLACEMENT_3D('',#3858,#2989,#2990);
#2591=AXIS2_PLACEMENT_3D('',#3859,#2991,#2992);
#2592=AXIS2_PLACEMENT_3D('',#3860,#2993,#2994);
#2593=AXIS2_PLACEMENT_3D('',#3865,#2996,#2997);
#2594=AXIS2_PLACEMENT_3D('',#3867,#2998,#2999);
#2595=AXIS2_PLACEMENT_3D('',#3871,#3001,#3002);
#2596=AXIS2_PLACEMENT_3D('',#3873,#3003,#3004);
#2597=AXIS2_PLACEMENT_3D('',#3874,#3005,#3006);
#2598=AXIS2_PLACEMENT_3D('',#3875,#3007,#3008);
#2599=AXIS2_PLACEMENT_3D('',#3880,#3010,#3011);
#2600=AXIS2_PLACEMENT_3D('',#3882,#3012,#3013);
#2601=AXIS2_PLACEMENT_3D('',#3886,#3015,#3016);
#2602=AXIS2_PLACEMENT_3D('',#3888,#3017,#3018);
#2603=AXIS2_PLACEMENT_3D('',#3889,#3019,#3020);
#2604=AXIS2_PLACEMENT_3D('',#3890,#3021,#3022);
#2605=AXIS2_PLACEMENT_3D('',#3895,#3024,#3025);
#2606=AXIS2_PLACEMENT_3D('',#3897,#3026,#3027);
#2607=AXIS2_PLACEMENT_3D('',#3901,#3029,#3030);
#2608=AXIS2_PLACEMENT_3D('',#3903,#3031,#3032);
#2609=AXIS2_PLACEMENT_3D('',#3904,#3033,#3034);
#2610=AXIS2_PLACEMENT_3D('',#3905,#3035,#3036);
#2611=AXIS2_PLACEMENT_3D('',#3910,#3038,#3039);
#2612=AXIS2_PLACEMENT_3D('',#3912,#3040,#3041);
#2613=AXIS2_PLACEMENT_3D('',#3916,#3043,#3044);
#2614=AXIS2_PLACEMENT_3D('',#3918,#3045,#3046);
#2615=AXIS2_PLACEMENT_3D('',#3919,#3047,#3048);
#2616=AXIS2_PLACEMENT_3D('',#3920,#3049,#3050);
#2617=AXIS2_PLACEMENT_3D('',#3925,#3052,#3053);
#2618=AXIS2_PLACEMENT_3D('',#3927,#3054,#3055);
#2619=AXIS2_PLACEMENT_3D('',#3931,#3057,#3058);
#2620=AXIS2_PLACEMENT_3D('',#3933,#3059,#3060);
#2621=AXIS2_PLACEMENT_3D('',#3934,#3061,#3062);
#2622=AXIS2_PLACEMENT_3D('',#3935,#3063,#3064);
#2623=AXIS2_PLACEMENT_3D('',#3940,#3066,#3067);
#2624=AXIS2_PLACEMENT_3D('',#3942,#3068,#3069);
#2625=AXIS2_PLACEMENT_3D('',#3946,#3071,#3072);
#2626=AXIS2_PLACEMENT_3D('',#3948,#3073,#3074);
#2627=AXIS2_PLACEMENT_3D('',#3949,#3075,#3076);
#2628=AXIS2_PLACEMENT_3D('',#3950,#3077,#3078);
#2629=AXIS2_PLACEMENT_3D('',#3955,#3080,#3081);
#2630=AXIS2_PLACEMENT_3D('',#3957,#3082,#3083);
#2631=AXIS2_PLACEMENT_3D('',#3961,#3085,#3086);
#2632=AXIS2_PLACEMENT_3D('',#3963,#3087,#3088);
#2633=AXIS2_PLACEMENT_3D('',#3964,#3089,#3090);
#2634=AXIS2_PLACEMENT_3D('',#3965,#3091,#3092);
#2635=AXIS2_PLACEMENT_3D('',#3970,#3094,#3095);
#2636=AXIS2_PLACEMENT_3D('',#3972,#3096,#3097);
#2637=AXIS2_PLACEMENT_3D('',#3976,#3099,#3100);
#2638=AXIS2_PLACEMENT_3D('',#3978,#3101,#3102);
#2639=AXIS2_PLACEMENT_3D('',#3979,#3103,#3104);
#2640=AXIS2_PLACEMENT_3D('',#3980,#3105,#3106);
#2641=AXIS2_PLACEMENT_3D('',#3985,#3108,#3109);
#2642=AXIS2_PLACEMENT_3D('',#3987,#3110,#3111);
#2643=AXIS2_PLACEMENT_3D('',#3991,#3113,#3114);
#2644=AXIS2_PLACEMENT_3D('',#3993,#3115,#3116);
#2645=AXIS2_PLACEMENT_3D('',#3994,#3117,#3118);
#2646=AXIS2_PLACEMENT_3D('',#3995,#3119,#3120);
#2647=AXIS2_PLACEMENT_3D('',#4000,#3122,#3123);
#2648=AXIS2_PLACEMENT_3D('',#4002,#3124,#3125);
#2649=AXIS2_PLACEMENT_3D('',#4006,#3127,#3128);
#2650=AXIS2_PLACEMENT_3D('',#4008,#3129,#3130);
#2651=AXIS2_PLACEMENT_3D('',#4009,#3131,#3132);
#2652=AXIS2_PLACEMENT_3D('',#4010,#3133,#3134);
#2653=AXIS2_PLACEMENT_3D('',#4015,#3136,#3137);
#2654=AXIS2_PLACEMENT_3D('',#4017,#3138,#3139);
#2655=AXIS2_PLACEMENT_3D('',#4021,#3141,#3142);
#2656=AXIS2_PLACEMENT_3D('',#4023,#3143,#3144);
#2657=AXIS2_PLACEMENT_3D('',#4024,#3145,#3146);
#2658=AXIS2_PLACEMENT_3D('',#4025,#3147,#3148);
#2659=AXIS2_PLACEMENT_3D('',#4030,#3150,#3151);
#2660=AXIS2_PLACEMENT_3D('',#4032,#3152,#3153);
#2661=AXIS2_PLACEMENT_3D('',#4036,#3155,#3156);
#2662=AXIS2_PLACEMENT_3D('',#4038,#3157,#3158);
#2663=AXIS2_PLACEMENT_3D('',#4039,#3159,#3160);
#2664=AXIS2_PLACEMENT_3D('',#4040,#3161,#3162);
#2665=AXIS2_PLACEMENT_3D('',#4045,#3164,#3165);
#2666=AXIS2_PLACEMENT_3D('',#4047,#3166,#3167);
#2667=AXIS2_PLACEMENT_3D('',#4051,#3169,#3170);
#2668=AXIS2_PLACEMENT_3D('',#4053,#3171,#3172);
#2669=AXIS2_PLACEMENT_3D('',#4054,#3173,#3174);
#2670=AXIS2_PLACEMENT_3D('',#4055,#3175,#3176);
#2671=AXIS2_PLACEMENT_3D('',#4060,#3178,#3179);
#2672=AXIS2_PLACEMENT_3D('',#4062,#3180,#3181);
#2673=AXIS2_PLACEMENT_3D('',#4066,#3183,#3184);
#2674=AXIS2_PLACEMENT_3D('',#4068,#3185,#3186);
#2675=AXIS2_PLACEMENT_3D('',#4069,#3187,#3188);
#2676=AXIS2_PLACEMENT_3D('',#4070,#3189,#3190);
#2677=AXIS2_PLACEMENT_3D('',#4075,#3192,#3193);
#2678=AXIS2_PLACEMENT_3D('',#4077,#3194,#3195);
#2679=AXIS2_PLACEMENT_3D('',#4081,#3197,#3198);
#2680=AXIS2_PLACEMENT_3D('',#4083,#3199,#3200);
#2681=AXIS2_PLACEMENT_3D('',#4084,#3201,#3202);
#2682=AXIS2_PLACEMENT_3D('',#4085,#3203,#3204);
#2683=AXIS2_PLACEMENT_3D('',#4090,#3206,#3207);
#2684=AXIS2_PLACEMENT_3D('',#4092,#3208,#3209);
#2685=AXIS2_PLACEMENT_3D('',#4096,#3211,#3212);
#2686=AXIS2_PLACEMENT_3D('',#4098,#3213,#3214);
#2687=AXIS2_PLACEMENT_3D('',#4099,#3215,#3216);
#2688=AXIS2_PLACEMENT_3D('',#4100,#3217,#3218);
#2689=AXIS2_PLACEMENT_3D('',#4105,#3220,#3221);
#2690=AXIS2_PLACEMENT_3D('',#4107,#3222,#3223);
#2691=AXIS2_PLACEMENT_3D('',#4111,#3225,#3226);
#2692=AXIS2_PLACEMENT_3D('',#4113,#3227,#3228);
#2693=AXIS2_PLACEMENT_3D('',#4114,#3229,#3230);
#2694=AXIS2_PLACEMENT_3D('',#4115,#3231,#3232);
#2695=AXIS2_PLACEMENT_3D('',#4120,#3234,#3235);
#2696=AXIS2_PLACEMENT_3D('',#4122,#3236,#3237);
#2697=AXIS2_PLACEMENT_3D('',#4126,#3239,#3240);
#2698=AXIS2_PLACEMENT_3D('',#4128,#3241,#3242);
#2699=AXIS2_PLACEMENT_3D('',#4129,#3243,#3244);
#2700=AXIS2_PLACEMENT_3D('',#4130,#3245,#3246);
#2701=AXIS2_PLACEMENT_3D('',#4135,#3248,#3249);
#2702=AXIS2_PLACEMENT_3D('',#4137,#3250,#3251);
#2703=AXIS2_PLACEMENT_3D('',#4141,#3253,#3254);
#2704=AXIS2_PLACEMENT_3D('',#4143,#3255,#3256);
#2705=AXIS2_PLACEMENT_3D('',#4144,#3257,#3258);
#2706=AXIS2_PLACEMENT_3D('',#4145,#3259,#3260);
#2707=AXIS2_PLACEMENT_3D('',#4150,#3262,#3263);
#2708=AXIS2_PLACEMENT_3D('',#4152,#3264,#3265);
#2709=AXIS2_PLACEMENT_3D('',#4156,#3267,#3268);
#2710=AXIS2_PLACEMENT_3D('',#4158,#3269,#3270);
#2711=AXIS2_PLACEMENT_3D('',#4159,#3271,#3272);
#2712=AXIS2_PLACEMENT_3D('',#4160,#3273,#3274);
#2713=AXIS2_PLACEMENT_3D('',#4165,#3276,#3277);
#2714=AXIS2_PLACEMENT_3D('',#4167,#3278,#3279);
#2715=AXIS2_PLACEMENT_3D('',#4171,#3281,#3282);
#2716=AXIS2_PLACEMENT_3D('',#4173,#3283,#3284);
#2717=AXIS2_PLACEMENT_3D('',#4174,#3285,#3286);
#2718=AXIS2_PLACEMENT_3D('',#4175,#3287,#3288);
#2719=AXIS2_PLACEMENT_3D('',#4177,#3290,#3291);
#2720=AXIS2_PLACEMENT_3D('',#4179,#3293,#3294);
#2721=AXIS2_PLACEMENT_3D('',#4181,#3296,#3297);
#2722=AXIS2_PLACEMENT_3D('',#4184,#3300,#3301);
#2723=AXIS2_PLACEMENT_3D('',#4186,#3303,#3304);
#2724=AXIS2_PLACEMENT_3D('',#4188,#3306,#3307);
#2725=AXIS2_PLACEMENT_3D('',#4190,#3309,#3310);
#2726=AXIS2_PLACEMENT_3D('',#4191,#3311,#3312);
#2727=AXIS2_PLACEMENT_3D('',#4192,#3313,#3314);
#2728=AXIS2_PLACEMENT_3D('',#4194,#3316,#3317);
#2729=AXIS2_PLACEMENT_3D('',#4196,#3319,#3320);
#2730=AXIS2_PLACEMENT_3D('',#4198,#3322,#3323);
#2731=AXIS2_PLACEMENT_3D('',#4200,#3325,#3326);
#2732=AXIS2_PLACEMENT_3D('',#4202,#3328,#3329);
#2733=AXIS2_PLACEMENT_3D('',#4204,#3331,#3332);
#2734=AXIS2_PLACEMENT_3D('',#4206,#3334,#3335);
#2735=AXIS2_PLACEMENT_3D('',#4207,#3336,#3337);
#2736=AXIS2_PLACEMENT_3D('',#4208,#3338,#3339);
#2737=AXIS2_PLACEMENT_3D('',#4210,#3341,#3342);
#2738=AXIS2_PLACEMENT_3D('',#4212,#3344,#3345);
#2739=AXIS2_PLACEMENT_3D('',#4214,#3347,#3348);
#2740=AXIS2_PLACEMENT_3D('',#4216,#3350,#3351);
#2741=AXIS2_PLACEMENT_3D('',#4218,#3353,#3354);
#2742=AXIS2_PLACEMENT_3D('',#4220,#3356,#3357);
#2743=AXIS2_PLACEMENT_3D('',#4222,#3359,#3360);
#2744=AXIS2_PLACEMENT_3D('',#4223,#3361,#3362);
#2745=AXIS2_PLACEMENT_3D('',#4224,#3363,#3364);
#2746=AXIS2_PLACEMENT_3D('',#4226,#3366,#3367);
#2747=AXIS2_PLACEMENT_3D('',#4228,#3369,#3370);
#2748=AXIS2_PLACEMENT_3D('',#4230,#3372,#3373);
#2749=AXIS2_PLACEMENT_3D('',#4232,#3375,#3376);
#2750=AXIS2_PLACEMENT_3D('',#4234,#3378,#3379);
#2751=AXIS2_PLACEMENT_3D('',#4236,#3381,#3382);
#2752=AXIS2_PLACEMENT_3D('',#4238,#3384,#3385);
#2753=AXIS2_PLACEMENT_3D('',#4239,#3386,#3387);
#2754=AXIS2_PLACEMENT_3D('',#4240,#3388,#3389);
#2755=AXIS2_PLACEMENT_3D('',#4242,#3391,#3392);
#2756=AXIS2_PLACEMENT_3D('',#4244,#3394,#3395);
#2757=AXIS2_PLACEMENT_3D('',#4246,#3397,#3398);
#2758=AXIS2_PLACEMENT_3D('',#4248,#3400,#3401);
#2759=AXIS2_PLACEMENT_3D('',#4250,#3403,#3404);
#2760=AXIS2_PLACEMENT_3D('',#4252,#3406,#3407);
#2761=AXIS2_PLACEMENT_3D('',#4254,#3409,#3410);
#2762=AXIS2_PLACEMENT_3D('',#4255,#3411,#3412);
#2763=AXIS2_PLACEMENT_3D('',#4256,#3413,#3414);
#2764=AXIS2_PLACEMENT_3D('',#4259,#3416,#3417);
#2765=AXIS2_PLACEMENT_3D('',#4261,#3419,#3420);
#2766=AXIS2_PLACEMENT_3D('',#4263,#3422,#3423);
#2767=AXIS2_PLACEMENT_3D('',#4265,#3425,#3426);
#2768=AXIS2_PLACEMENT_3D('',#4267,#3428,#3429);
#2769=AXIS2_PLACEMENT_3D('',#4269,#3431,#3432);
#2770=AXIS2_PLACEMENT_3D('',#4271,#3434,#3435);
#2771=AXIS2_PLACEMENT_3D('',#4272,#3436,#3437);
#2772=AXIS2_PLACEMENT_3D('',#4273,#3438,#3439);
#2773=AXIS2_PLACEMENT_3D('',#4276,#3441,#3442);
#2774=AXIS2_PLACEMENT_3D('',#4279,#3444,#3445);
#2775=AXIS2_PLACEMENT_3D('',#4280,#3446,#3447);
#2776=AXIS2_PLACEMENT_3D('',#4283,#3449,#3450);
#2777=AXIS2_PLACEMENT_3D('',#4284,#3451,#3452);
#2778=AXIS2_PLACEMENT_3D('',#4287,#3454,#3455);
#2779=AXIS2_PLACEMENT_3D('',#4291,#3458,#3459);
#2780=AXIS2_PLACEMENT_3D('',#4295,#3462,#3463);
#2781=AXIS2_PLACEMENT_3D('',#4296,#3464,#3465);
#2782=AXIS2_PLACEMENT_3D('',#4299,#3467,#3468);
#2783=AXIS2_PLACEMENT_3D('',#4300,#3469,#3470);
#2784=AXIS2_PLACEMENT_3D('',#4301,#3471,#3472);
#2785=AXIS2_PLACEMENT_3D('',#4302,#3473,#3474);
#2786=AXIS2_PLACEMENT_3D('',#4305,#3476,#3477);
#2787=AXIS2_PLACEMENT_3D('',#4307,#3479,#3480);
#2788=AXIS2_PLACEMENT_3D('',#4310,#3482,#3483);
#2789=AXIS2_PLACEMENT_3D('',#4311,#3484,#3485);
#2790=AXIS2_PLACEMENT_3D('',#4312,#3486,#3487);
#2791=AXIS2_PLACEMENT_3D('',#4315,#3489,#3490);
#2792=AXIS2_PLACEMENT_3D('',#4319,#3493,#3494);
#2793=AXIS2_PLACEMENT_3D('',#4323,#3497,#3498);
#2794=AXIS2_PLACEMENT_3D('',#4324,#3499,#3500);
#2795=AXIS2_PLACEMENT_3D('',#4327,#3502,#3503);
#2796=AXIS2_PLACEMENT_3D('',#4328,#3504,#3505);
#2797=AXIS2_PLACEMENT_3D('',#4329,#3506,#3507);
#2798=AXIS2_PLACEMENT_3D('',#4330,#3508,#3509);
#2799=AXIS2_PLACEMENT_3D('',#4332,#3511,#3512);
#2800=AXIS2_PLACEMENT_3D('',#4334,#3514,#3515);
#2801=AXIS2_PLACEMENT_3D('',#4336,#3517,#3518);
#2802=AXIS2_PLACEMENT_3D('',#4338,#3520,#3521);
#2803=AXIS2_PLACEMENT_3D('',#4340,#3523,#3524);
#2804=AXIS2_PLACEMENT_3D('',#4342,#3526,#3527);
#2805=AXIS2_PLACEMENT_3D('',#4344,#3529,#3530);
#2806=AXIS2_PLACEMENT_3D('',#4345,#3531,#3532);
#2807=AXIS2_PLACEMENT_3D('',#4346,#3533,#3534);
#2808=AXIS2_PLACEMENT_3D('',#4348,#3536,#3537);
#2809=AXIS2_PLACEMENT_3D('',#4350,#3539,#3540);
#2810=AXIS2_PLACEMENT_3D('',#4352,#3542,#3543);
#2811=AXIS2_PLACEMENT_3D('',#4354,#3545,#3546);
#2812=AXIS2_PLACEMENT_3D('',#4356,#3548,#3549);
#2813=AXIS2_PLACEMENT_3D('',#4358,#3551,#3552);
#2814=AXIS2_PLACEMENT_3D('',#4360,#3554,#3555);
#2815=AXIS2_PLACEMENT_3D('',#4361,#3556,#3557);
#2816=AXIS2_PLACEMENT_3D('',#4362,#3558,#3559);
#2817=AXIS2_PLACEMENT_3D('',#4364,#3561,#3562);
#2818=AXIS2_PLACEMENT_3D('',#4366,#3564,#3565);
#2819=AXIS2_PLACEMENT_3D('',#4368,#3567,#3568);
#2820=AXIS2_PLACEMENT_3D('',#4370,#3570,#3571);
#2821=AXIS2_PLACEMENT_3D('',#4372,#3573,#3574);
#2822=AXIS2_PLACEMENT_3D('',#4374,#3576,#3577);
#2823=AXIS2_PLACEMENT_3D('',#4376,#3579,#3580);
#2824=AXIS2_PLACEMENT_3D('',#4377,#3581,#3582);
#2825=AXIS2_PLACEMENT_3D('',#4378,#3583,#3584);
#2826=AXIS2_PLACEMENT_3D('',#4380,#3586,#3587);
#2827=AXIS2_PLACEMENT_3D('',#4382,#3589,#3590);
#2828=AXIS2_PLACEMENT_3D('',#4384,#3592,#3593);
#2829=AXIS2_PLACEMENT_3D('',#4386,#3595,#3596);
#2830=AXIS2_PLACEMENT_3D('',#4388,#3598,#3599);
#2831=AXIS2_PLACEMENT_3D('',#4390,#3601,#3602);
#2832=AXIS2_PLACEMENT_3D('',#4392,#3604,#3605);
#2833=AXIS2_PLACEMENT_3D('',#4393,#3606,#3607);
#2834=AXIS2_PLACEMENT_3D('',#4394,#3608,#3609);
#2835=AXIS2_PLACEMENT_3D('',#4396,#3611,#3612);
#2836=AXIS2_PLACEMENT_3D('',#4398,#3614,#3615);
#2837=AXIS2_PLACEMENT_3D('',#4400,#3617,#3618);
#2838=AXIS2_PLACEMENT_3D('',#4402,#3620,#3621);
#2839=AXIS2_PLACEMENT_3D('',#4404,#3623,#3624);
#2840=AXIS2_PLACEMENT_3D('',#4406,#3626,#3627);
#2841=AXIS2_PLACEMENT_3D('',#4408,#3629,#3630);
#2842=AXIS2_PLACEMENT_3D('',#4409,#3631,#3632);
#2843=AXIS2_PLACEMENT_3D('',#4410,#3633,#3634);
#2844=AXIS2_PLACEMENT_3D('',#4412,#3636,#3637);
#2845=AXIS2_PLACEMENT_3D('',#4414,#3639,#3640);
#2846=AXIS2_PLACEMENT_3D('',#4416,#3642,#3643);
#2847=AXIS2_PLACEMENT_3D('',#4418,#3645,#3646);
#2848=AXIS2_PLACEMENT_3D('',#4420,#3648,#3649);
#2849=AXIS2_PLACEMENT_3D('',#4422,#3651,#3652);
#2850=AXIS2_PLACEMENT_3D('',#4424,#3654,#3655);
#2851=AXIS2_PLACEMENT_3D('',#4425,#3656,#3657);
#2852=AXIS2_PLACEMENT_3D('',#4426,#3658,#3659);
#2853=AXIS2_PLACEMENT_3D('',#4427,#3660,#3661);
#2854=AXIS2_PLACEMENT_3D('',#4429,#3663,#3664);
#2855=AXIS2_PLACEMENT_3D('',#4432,#3667,#3668);
#2856=AXIS2_PLACEMENT_3D('',#4435,#3671,#3672);
#2857=AXIS2_PLACEMENT_3D('',#4437,#3674,#3675);
#2858=AXIS2_PLACEMENT_3D('',#4438,#3676,#3677);
#2859=AXIS2_PLACEMENT_3D('',#4439,#3678,#3679);
#2860=AXIS2_PLACEMENT_3D('',#4440,#3680,#3681);
#2861=AXIS2_PLACEMENT_3D('',#4441,#3682,#3683);
#2862=AXIS2_PLACEMENT_3D('',#4443,#3684,#3685);
#2863=AXIS2_PLACEMENT_3D('',#4445,#3686,#3687);
#2864=AXIS2_PLACEMENT_3D('',#4446,#3688,#3689);
#2865=AXIS2_PLACEMENT_3D('',#4447,#3690,#3691);
#2866=AXIS2_PLACEMENT_3D('',#4448,#3692,#3693);
#2867=AXIS2_PLACEMENT_3D('',#4450,#3694,#3695);
#2868=AXIS2_PLACEMENT_3D('',#4452,#3696,#3697);
#2869=AXIS2_PLACEMENT_3D('',#4453,#3698,#3699);
#2870=AXIS2_PLACEMENT_3D('',#4454,#3700,#3701);
#2871=AXIS2_PLACEMENT_3D('',#4455,#3702,#3703);
#2872=AXIS2_PLACEMENT_3D('',#4456,#3704,#3705);
#2873=AXIS2_PLACEMENT_3D('',#4457,#3706,#3707);
#2874=AXIS2_PLACEMENT_3D('',#4459,#3708,#3709);
#2875=AXIS2_PLACEMENT_3D('',#4472,#3716,#3717);
#2876=AXIS2_PLACEMENT_3D('',#4478,#3721,#3722);
#2877=AXIS2_PLACEMENT_3D('',#4482,#3725,#3726);
#2878=AXIS2_PLACEMENT_3D('',#4486,#3729,#3730);
#2879=AXIS2_PLACEMENT_3D('',#4490,#3733,#3734);
#2880=AXIS2_PLACEMENT_3D('',#4494,#3737,#3738);
#2881=AXIS2_PLACEMENT_3D('',#4496,#3740,#3741);
#2882=AXIS2_PLACEMENT_3D('',#4497,#3742,#3743);
#2883=AXIS2_PLACEMENT_3D('',#4498,#3744,#3745);
#2884=AXIS2_PLACEMENT_3D('',#4500,#3746,#3747);
#2885=DIRECTION('',(0.,0.,1.));
#2886=DIRECTION('',(1.,0.,0.));
#2887=DIRECTION('',(0.,1.,0.));
#2888=DIRECTION('',(0.,0.,1.));
#2889=DIRECTION('',(0.,1.,0.));
#2890=DIRECTION('',(0.,0.,-1.));
#2891=DIRECTION('',(0.,1.,0.));
#2892=DIRECTION('',(0.,0.,1.));
#2893=DIRECTION('',(0.,-1.,0.));
#2894=DIRECTION('',(-1.,0.,0.));
#2895=DIRECTION('',(0.,-1.,0.));
#2896=DIRECTION('',(0.,0.,1.));
#2897=DIRECTION('',(-0.000510806788751844,0.,-0.999999869538204));
#2898=DIRECTION('',(0.,1.,0.));
#2899=DIRECTION('',(0.,0.,-1.));
#2900=DIRECTION('',(0.,1.,0.));
#2901=DIRECTION('',(0.,0.,-1.));
#2902=DIRECTION('',(-0.407203235233869,0.,0.913337574621273));
#2903=DIRECTION('',(0.,-1.,0.));
#2904=DIRECTION('',(0.,0.,1.));
#2905=DIRECTION('',(0.,1.,0.));
#2906=DIRECTION('',(0.,0.,-1.));
#2907=DIRECTION('',(0.,-1.,0.));
#2908=DIRECTION('',(-1.,0.,0.));
#2909=DIRECTION('',(0.,-1.,0.));
#2910=DIRECTION('',(0.,0.,1.));
#2911=DIRECTION('',(0.40626994479061,0.,-0.913753102298337));
#2912=DIRECTION('',(0.,1.,0.));
#2913=DIRECTION('',(0.,0.,-1.));
#2914=DIRECTION('',(0.,1.,0.));
#2915=DIRECTION('',(0.,0.,-1.));
#2916=DIRECTION('',(-0.743486524981669,0.,0.668750915641005));
#2917=DIRECTION('',(0.,-1.,0.));
#2918=DIRECTION('',(0.,0.,1.));
#2919=DIRECTION('',(0.,1.,0.));
#2920=DIRECTION('',(0.,0.,-1.));
#2921=DIRECTION('',(0.,-1.,0.));
#2922=DIRECTION('',(-1.,0.,0.));
#2923=DIRECTION('',(0.,-1.,0.));
#2924=DIRECTION('',(0.,0.,1.));
#2925=DIRECTION('',(0.742802932069096,0.,-0.669510122484757));
#2926=DIRECTION('',(0.,1.,0.));
#2927=DIRECTION('',(0.,0.,-1.));
#2928=DIRECTION('',(0.,1.,0.));
#2929=DIRECTION('',(0.,0.,-1.));
#2930=DIRECTION('',(-0.951214240197156,0.,0.308531147935096));
#2931=DIRECTION('',(0.,-1.,0.));
#2932=DIRECTION('',(0.,0.,1.));
#2933=DIRECTION('',(0.,1.,0.));
#2934=DIRECTION('',(0.,0.,-1.));
#2935=DIRECTION('',(0.,-1.,0.));
#2936=DIRECTION('',(-1.,0.,0.));
#2937=DIRECTION('',(0.,-1.,0.));
#2938=DIRECTION('',(0.,0.,1.));
#2939=DIRECTION('',(0.950898544240046,0.,-0.309502760185046));
#2940=DIRECTION('',(0.,1.,0.));
#2941=DIRECTION('',(0.,0.,-1.));
#2942=DIRECTION('',(0.,1.,0.));
#2943=DIRECTION('',(0.,0.,-1.));
#2944=DIRECTION('',(-0.994468371772502,0.,-0.105036458166429));
#2945=DIRECTION('',(0.,-1.,0.));
#2946=DIRECTION('',(0.,0.,1.));
#2947=DIRECTION('',(0.,1.,0.));
#2948=DIRECTION('',(0.,0.,-1.));
#2949=DIRECTION('',(0.,-1.,0.));
#2950=DIRECTION('',(-1.,0.,0.));
#2951=DIRECTION('',(0.,-1.,0.));
#2952=DIRECTION('',(0.,0.,1.));
#2953=DIRECTION('',(0.994575159469816,0.,0.104020441094966));
#2954=DIRECTION('',(0.,1.,0.));
#2955=DIRECTION('',(0.,0.,-1.));
#2956=DIRECTION('',(0.,1.,0.));
#2957=DIRECTION('',(0.,0.,-1.));
#2958=DIRECTION('',(-0.865769887406867,0.,-0.500442306424528));
#2959=DIRECTION('',(0.,-1.,0.));
#2960=DIRECTION('',(0.,0.,1.));
#2961=DIRECTION('',(0.,1.,0.));
#2962=DIRECTION('',(0.,0.,-1.));
#2963=DIRECTION('',(0.,-1.,0.));
#2964=DIRECTION('',(-1.,0.,0.));
#2965=DIRECTION('',(0.,-1.,0.));
#2966=DIRECTION('',(0.,0.,1.));
#2967=DIRECTION('',(0.866280694195585,0.,0.499557563113617));
#2968=DIRECTION('',(0.,1.,0.));
#2969=DIRECTION('',(0.,0.,-1.));
#2970=DIRECTION('',(0.,1.,0.));
#2971=DIRECTION('',(0.,0.,-1.));
#2972=DIRECTION('',(-0.587371924235981,0.,-0.809317133526358));
#2973=DIRECTION('',(0.,-1.,0.));
#2974=DIRECTION('',(0.,0.,1.));
#2975=DIRECTION('',(0.,1.,0.));
#2976=DIRECTION('',(0.,0.,-1.));
#2977=DIRECTION('',(0.,-1.,0.));
#2978=DIRECTION('',(-1.,0.,0.));
#2979=DIRECTION('',(0.,-1.,0.));
#2980=DIRECTION('',(0.,0.,1.));
#2981=DIRECTION('',(0.588198426981896,0.,0.808716644131938));
#2982=DIRECTION('',(0.,1.,0.));
#2983=DIRECTION('',(0.,0.,-1.));
#2984=DIRECTION('',(0.,1.,0.));
#2985=DIRECTION('',(0.,0.,-1.));
#2986=DIRECTION('',(-0.207412019258345,0.,-0.978253675826049));
#2987=DIRECTION('',(0.,-1.,0.));
#2988=DIRECTION('',(0.,0.,1.));
#2989=DIRECTION('',(0.,1.,0.));
#2990=DIRECTION('',(0.,0.,-1.));
#2991=DIRECTION('',(0.,-1.,0.));
#2992=DIRECTION('',(-1.,0.,0.));
#2993=DIRECTION('',(0.,-1.,0.));
#2994=DIRECTION('',(0.,0.,1.));
#2995=DIRECTION('',(0.208411308128083,0.,0.978041270419782));
#2996=DIRECTION('',(0.,1.,0.));
#2997=DIRECTION('',(0.,0.,-1.));
#2998=DIRECTION('',(0.,1.,0.));
#2999=DIRECTION('',(0.,0.,-1.));
#3000=DIRECTION('',(0.208411308128079,0.,-0.978041270419783));
#3001=DIRECTION('',(0.,-1.,0.));
#3002=DIRECTION('',(0.,0.,1.));
#3003=DIRECTION('',(0.,1.,0.));
#3004=DIRECTION('',(0.,0.,-1.));
#3005=DIRECTION('',(0.,-1.,0.));
#3006=DIRECTION('',(-1.,0.,0.));
#3007=DIRECTION('',(0.,-1.,0.));
#3008=DIRECTION('',(0.,0.,1.));
#3009=DIRECTION('',(-0.207412019258371,0.,0.978253675826043));
#3010=DIRECTION('',(0.,1.,0.));
#3011=DIRECTION('',(0.,0.,-1.));
#3012=DIRECTION('',(0.,1.,0.));
#3013=DIRECTION('',(0.,0.,-1.));
#3014=DIRECTION('',(0.58819842698193,0.,-0.808716644131913));
#3015=DIRECTION('',(0.,-1.,0.));
#3016=DIRECTION('',(0.,0.,1.));
#3017=DIRECTION('',(0.,1.,0.));
#3018=DIRECTION('',(0.,0.,-1.));
#3019=DIRECTION('',(0.,-1.,0.));
#3020=DIRECTION('',(-1.,0.,0.));
#3021=DIRECTION('',(0.,-1.,0.));
#3022=DIRECTION('',(0.,0.,1.));
#3023=DIRECTION('',(-0.587371924236011,0.,0.809317133526336));
#3024=DIRECTION('',(0.,1.,0.));
#3025=DIRECTION('',(0.,0.,-1.));
#3026=DIRECTION('',(0.,1.,0.));
#3027=DIRECTION('',(0.,0.,-1.));
#3028=DIRECTION('',(0.866280694195586,0.,-0.499557563113616));
#3029=DIRECTION('',(0.,-1.,0.));
#3030=DIRECTION('',(0.,0.,1.));
#3031=DIRECTION('',(0.,1.,0.));
#3032=DIRECTION('',(0.,0.,-1.));
#3033=DIRECTION('',(0.,-1.,0.));
#3034=DIRECTION('',(-1.,0.,0.));
#3035=DIRECTION('',(0.,-1.,0.));
#3036=DIRECTION('',(0.,0.,1.));
#3037=DIRECTION('',(-0.865769887406833,0.,0.500442306424586));
#3038=DIRECTION('',(0.,1.,0.));
#3039=DIRECTION('',(0.,0.,-1.));
#3040=DIRECTION('',(0.,1.,0.));
#3041=DIRECTION('',(0.,0.,-1.));
#3042=DIRECTION('',(0.994575159469812,0.,-0.104020441094995));
#3043=DIRECTION('',(0.,-1.,0.));
#3044=DIRECTION('',(0.,0.,1.));
#3045=DIRECTION('',(0.,1.,0.));
#3046=DIRECTION('',(0.,0.,-1.));
#3047=DIRECTION('',(0.,-1.,0.));
#3048=DIRECTION('',(-1.,0.,0.));
#3049=DIRECTION('',(0.,-1.,0.));
#3050=DIRECTION('',(0.,0.,1.));
#3051=DIRECTION('',(-0.994468371772506,0.,0.105036458166399));
#3052=DIRECTION('',(0.,1.,0.));
#3053=DIRECTION('',(0.,0.,-1.));
#3054=DIRECTION('',(0.,1.,0.));
#3055=DIRECTION('',(0.,0.,-1.));
#3056=DIRECTION('',(0.95089854424003,0.,0.309502760185093));
#3057=DIRECTION('',(0.,-1.,0.));
#3058=DIRECTION('',(0.,0.,1.));
#3059=DIRECTION('',(0.,1.,0.));
#3060=DIRECTION('',(0.,0.,-1.));
#3061=DIRECTION('',(0.,-1.,0.));
#3062=DIRECTION('',(-1.,0.,0.));
#3063=DIRECTION('',(0.,-1.,0.));
#3064=DIRECTION('',(0.,0.,1.));
#3065=DIRECTION('',(-0.951214240197179,0.,-0.308531147935026));
#3066=DIRECTION('',(0.,1.,0.));
#3067=DIRECTION('',(0.,0.,-1.));
#3068=DIRECTION('',(0.,1.,0.));
#3069=DIRECTION('',(0.,0.,-1.));
#3070=DIRECTION('',(0.742802932069086,0.,0.669510122484768));
#3071=DIRECTION('',(0.,-1.,0.));
#3072=DIRECTION('',(0.,0.,1.));
#3073=DIRECTION('',(0.,1.,0.));
#3074=DIRECTION('',(0.,0.,-1.));
#3075=DIRECTION('',(0.,-1.,0.));
#3076=DIRECTION('',(-1.,0.,0.));
#3077=DIRECTION('',(0.,-1.,0.));
#3078=DIRECTION('',(0.,0.,1.));
#3079=DIRECTION('',(-0.743486524981675,0.,-0.668750915640998));
#3080=DIRECTION('',(0.,1.,0.));
#3081=DIRECTION('',(0.,0.,-1.));
#3082=DIRECTION('',(0.,1.,0.));
#3083=DIRECTION('',(0.,0.,-1.));
#3084=DIRECTION('',(0.406269944790618,0.,0.913753102298333));
#3085=DIRECTION('',(0.,-1.,0.));
#3086=DIRECTION('',(0.,0.,1.));
#3087=DIRECTION('',(0.,1.,0.));
#3088=DIRECTION('',(0.,0.,-1.));
#3089=DIRECTION('',(0.,1.,0.));
#3090=DIRECTION('',(-1.,0.,0.));
#3091=DIRECTION('',(0.,-1.,0.));
#3092=DIRECTION('',(0.,0.,1.));
#3093=DIRECTION('',(0.00051080678875115,0.,-0.999999869538204));
#3094=DIRECTION('',(0.,1.,0.));
#3095=DIRECTION('',(0.,0.,-1.));
#3096=DIRECTION('',(0.,1.,0.));
#3097=DIRECTION('',(0.,0.,-1.));
#3098=DIRECTION('',(0.407203235233871,0.,0.913337574621273));
#3099=DIRECTION('',(0.,-1.,0.));
#3100=DIRECTION('',(0.,0.,1.));
#3101=DIRECTION('',(0.,-1.,0.));
#3102=DIRECTION('',(0.,0.,1.));
#3103=DIRECTION('',(0.,1.,0.));
#3104=DIRECTION('',(-1.,0.,0.));
#3105=DIRECTION('',(0.,-1.,0.));
#3106=DIRECTION('',(0.,0.,1.));
#3107=DIRECTION('',(-0.406269944790611,0.,-0.913753102298337));
#3108=DIRECTION('',(0.,1.,0.));
#3109=DIRECTION('',(0.,0.,-1.));
#3110=DIRECTION('',(0.,1.,0.));
#3111=DIRECTION('',(0.,0.,-1.));
#3112=DIRECTION('',(0.74348652498168,0.,0.668750915640993));
#3113=DIRECTION('',(0.,-1.,0.));
#3114=DIRECTION('',(0.,0.,1.));
#3115=DIRECTION('',(0.,-1.,0.));
#3116=DIRECTION('',(0.,0.,1.));
#3117=DIRECTION('',(0.,1.,0.));
#3118=DIRECTION('',(-1.,0.,0.));
#3119=DIRECTION('',(0.,-1.,0.));
#3120=DIRECTION('',(0.,0.,1.));
#3121=DIRECTION('',(-0.742802932069096,0.,-0.669510122484757));
#3122=DIRECTION('',(0.,1.,0.));
#3123=DIRECTION('',(0.,0.,-1.));
#3124=DIRECTION('',(0.,1.,0.));
#3125=DIRECTION('',(0.,0.,-1.));
#3126=DIRECTION('',(0.951214240197181,0.,0.308531147935016));
#3127=DIRECTION('',(0.,-1.,0.));
#3128=DIRECTION('',(0.,0.,1.));
#3129=DIRECTION('',(0.,-1.,0.));
#3130=DIRECTION('',(0.,0.,1.));
#3131=DIRECTION('',(0.,1.,0.));
#3132=DIRECTION('',(-1.,0.,0.));
#3133=DIRECTION('',(0.,-1.,0.));
#3134=DIRECTION('',(0.,0.,1.));
#3135=DIRECTION('',(-0.950898544240046,0.,-0.309502760185045));
#3136=DIRECTION('',(0.,1.,0.));
#3137=DIRECTION('',(0.,0.,-1.));
#3138=DIRECTION('',(0.,1.,0.));
#3139=DIRECTION('',(0.,0.,-1.));
#3140=DIRECTION('',(0.994468371772503,0.,-0.105036458166422));
#3141=DIRECTION('',(0.,-1.,0.));
#3142=DIRECTION('',(0.,0.,1.));
#3143=DIRECTION('',(0.,-1.,0.));
#3144=DIRECTION('',(0.,0.,1.));
#3145=DIRECTION('',(0.,1.,0.));
#3146=DIRECTION('',(-1.,0.,0.));
#3147=DIRECTION('',(0.,-1.,0.));
#3148=DIRECTION('',(0.,0.,1.));
#3149=DIRECTION('',(-0.994575159469816,0.,0.104020441094966));
#3150=DIRECTION('',(0.,1.,0.));
#3151=DIRECTION('',(0.,0.,-1.));
#3152=DIRECTION('',(0.,1.,0.));
#3153=DIRECTION('',(0.,0.,-1.));
#3154=DIRECTION('',(0.865769887406851,0.,-0.500442306424556));
#3155=DIRECTION('',(0.,-1.,0.));
#3156=DIRECTION('',(0.,0.,1.));
#3157=DIRECTION('',(0.,-1.,0.));
#3158=DIRECTION('',(0.,0.,1.));
#3159=DIRECTION('',(0.,1.,0.));
#3160=DIRECTION('',(-1.,0.,0.));
#3161=DIRECTION('',(0.,-1.,0.));
#3162=DIRECTION('',(0.,0.,1.));
#3163=DIRECTION('',(-0.866280694195585,0.,0.499557563113618));
#3164=DIRECTION('',(0.,1.,0.));
#3165=DIRECTION('',(0.,0.,-1.));
#3166=DIRECTION('',(0.,1.,0.));
#3167=DIRECTION('',(0.,0.,-1.));
#3168=DIRECTION('',(0.587371924235997,0.,-0.809317133526346));
#3169=DIRECTION('',(0.,-1.,0.));
#3170=DIRECTION('',(0.,0.,1.));
#3171=DIRECTION('',(0.,-1.,0.));
#3172=DIRECTION('',(0.,0.,1.));
#3173=DIRECTION('',(0.,1.,0.));
#3174=DIRECTION('',(-1.,0.,0.));
#3175=DIRECTION('',(0.,-1.,0.));
#3176=DIRECTION('',(0.,0.,1.));
#3177=DIRECTION('',(-0.588198426981895,0.,0.808716644131938));
#3178=DIRECTION('',(0.,1.,0.));
#3179=DIRECTION('',(0.,0.,-1.));
#3180=DIRECTION('',(0.,1.,0.));
#3181=DIRECTION('',(0.,0.,-1.));
#3182=DIRECTION('',(0.207412019258329,0.,-0.978253675826052));
#3183=DIRECTION('',(0.,-1.,0.));
#3184=DIRECTION('',(0.,0.,1.));
#3185=DIRECTION('',(0.,-1.,0.));
#3186=DIRECTION('',(0.,0.,1.));
#3187=DIRECTION('',(0.,1.,0.));
#3188=DIRECTION('',(-1.,0.,0.));
#3189=DIRECTION('',(0.,-1.,0.));
#3190=DIRECTION('',(0.,0.,1.));
#3191=DIRECTION('',(-0.208411308128083,0.,0.978041270419782));
#3192=DIRECTION('',(0.,1.,0.));
#3193=DIRECTION('',(0.,0.,-1.));
#3194=DIRECTION('',(0.,1.,0.));
#3195=DIRECTION('',(0.,0.,-1.));
#3196=DIRECTION('',(-0.208411308128079,0.,-0.978041270419783));
#3197=DIRECTION('',(0.,-1.,0.));
#3198=DIRECTION('',(0.,0.,1.));
#3199=DIRECTION('',(0.,-1.,0.));
#3200=DIRECTION('',(0.,0.,1.));
#3201=DIRECTION('',(0.,1.,0.));
#3202=DIRECTION('',(-1.,0.,0.));
#3203=DIRECTION('',(0.,-1.,0.));
#3204=DIRECTION('',(0.,0.,1.));
#3205=DIRECTION('',(0.207412019258371,0.,0.978253675826043));
#3206=DIRECTION('',(0.,1.,0.));
#3207=DIRECTION('',(0.,0.,-1.));
#3208=DIRECTION('',(0.,1.,0.));
#3209=DIRECTION('',(0.,0.,-1.));
#3210=DIRECTION('',(-0.588198426981928,0.,-0.808716644131914));
#3211=DIRECTION('',(0.,-1.,0.));
#3212=DIRECTION('',(0.,0.,1.));
#3213=DIRECTION('',(0.,-1.,0.));
#3214=DIRECTION('',(0.,0.,1.));
#3215=DIRECTION('',(0.,1.,0.));
#3216=DIRECTION('',(-1.,0.,0.));
#3217=DIRECTION('',(0.,-1.,0.));
#3218=DIRECTION('',(0.,0.,1.));
#3219=DIRECTION('',(0.587371924236012,0.,0.809317133526336));
#3220=DIRECTION('',(0.,1.,0.));
#3221=DIRECTION('',(0.,0.,-1.));
#3222=DIRECTION('',(0.,1.,0.));
#3223=DIRECTION('',(0.,0.,-1.));
#3224=DIRECTION('',(-0.866280694195581,0.,-0.499557563113624));
#3225=DIRECTION('',(0.,-1.,0.));
#3226=DIRECTION('',(0.,0.,1.));
#3227=DIRECTION('',(0.,-1.,0.));
#3228=DIRECTION('',(0.,0.,1.));
#3229=DIRECTION('',(0.,1.,0.));
#3230=DIRECTION('',(-1.,0.,0.));
#3231=DIRECTION('',(0.,-1.,0.));
#3232=DIRECTION('',(0.,0.,1.));
#3233=DIRECTION('',(0.865769887406833,0.,0.500442306424586));
#3234=DIRECTION('',(0.,1.,0.));
#3235=DIRECTION('',(0.,0.,-1.));
#3236=DIRECTION('',(0.,1.,0.));
#3237=DIRECTION('',(0.,0.,-1.));
#3238=DIRECTION('',(-0.994575159469812,0.,-0.104020441094995));
#3239=DIRECTION('',(0.,-1.,0.));
#3240=DIRECTION('',(0.,0.,1.));
#3241=DIRECTION('',(0.,-1.,0.));
#3242=DIRECTION('',(0.,0.,1.));
#3243=DIRECTION('',(0.,1.,0.));
#3244=DIRECTION('',(-1.,0.,0.));
#3245=DIRECTION('',(0.,-1.,0.));
#3246=DIRECTION('',(0.,0.,1.));
#3247=DIRECTION('',(0.994468371772506,0.,0.105036458166398));
#3248=DIRECTION('',(0.,1.,0.));
#3249=DIRECTION('',(0.,0.,-1.));
#3250=DIRECTION('',(0.,1.,0.));
#3251=DIRECTION('',(0.,0.,-1.));
#3252=DIRECTION('',(-0.950898544240031,0.,0.309502760185092));
#3253=DIRECTION('',(0.,-1.,0.));
#3254=DIRECTION('',(0.,0.,1.));
#3255=DIRECTION('',(0.,-1.,0.));
#3256=DIRECTION('',(0.,0.,1.));
#3257=DIRECTION('',(0.,1.,0.));
#3258=DIRECTION('',(-1.,0.,0.));
#3259=DIRECTION('',(0.,-1.,0.));
#3260=DIRECTION('',(0.,0.,1.));
#3261=DIRECTION('',(0.951214240197178,0.,-0.308531147935026));
#3262=DIRECTION('',(0.,1.,0.));
#3263=DIRECTION('',(0.,0.,-1.));
#3264=DIRECTION('',(0.,1.,0.));
#3265=DIRECTION('',(0.,0.,-1.));
#3266=DIRECTION('',(-0.74280293206909,0.,0.669510122484763));
#3267=DIRECTION('',(0.,-1.,0.));
#3268=DIRECTION('',(0.,0.,1.));
#3269=DIRECTION('',(0.,-1.,0.));
#3270=DIRECTION('',(0.,0.,1.));
#3271=DIRECTION('',(0.,1.,0.));
#3272=DIRECTION('',(-1.,0.,0.));
#3273=DIRECTION('',(0.,-1.,0.));
#3274=DIRECTION('',(0.,0.,1.));
#3275=DIRECTION('',(0.743486524981675,0.,-0.668750915640998));
#3276=DIRECTION('',(0.,1.,0.));
#3277=DIRECTION('',(0.,0.,-1.));
#3278=DIRECTION('',(0.,1.,0.));
#3279=DIRECTION('',(0.,0.,-1.));
#3280=DIRECTION('',(-0.406269944790593,0.,0.913753102298344));
#3281=DIRECTION('',(0.,-1.,0.));
#3282=DIRECTION('',(0.,0.,1.));
#3283=DIRECTION('',(0.,-1.,0.));
#3284=DIRECTION('',(0.,0.,1.));
#3285=DIRECTION('',(0.,1.,0.));
#3286=DIRECTION('',(0.,0.,1.));
#3287=DIRECTION('',(0.,1.,0.));
#3288=DIRECTION('',(0.,0.,-1.));
#3289=DIRECTION('',(0.,1.,0.));
#3290=DIRECTION('',(0.,-1.,0.));
#3291=DIRECTION('',(0.,0.,1.));
#3292=DIRECTION('',(0.,1.,0.));
#3293=DIRECTION('',(0.,1.,0.));
#3294=DIRECTION('',(0.406736643075801,0.,0.913545457642601));
#3295=DIRECTION('',(0.,1.,0.));
#3296=DIRECTION('',(0.,1.,0.));
#3297=DIRECTION('',(0.406736643075801,0.,0.913545457642601));
#3298=DIRECTION('',(0.,1.,0.));
#3299=DIRECTION('',(0.,1.,0.));
#3300=DIRECTION('',(0.978253675826043,0.,-0.207412019258371));
#3301=DIRECTION('',(0.207412019258371,0.,0.978253675826043));
#3302=DIRECTION('',(0.,1.,0.));
#3303=DIRECTION('',(0.808716644131938,0.,-0.588198426981896));
#3304=DIRECTION('',(0.588198426981896,0.,0.808716644131938));
#3305=DIRECTION('',(0.,-1.,0.));
#3306=DIRECTION('',(0.,-1.,0.));
#3307=DIRECTION('',(-0.406736643075801,0.,-0.913545457642601));
#3308=DIRECTION('',(0.,-1.,0.));
#3309=DIRECTION('',(0.,-1.,0.));
#3310=DIRECTION('',(-0.406736643075801,0.,-0.913545457642601));
#3311=DIRECTION('',(0.,1.,0.));
#3312=DIRECTION('',(0.,0.,1.));
#3313=DIRECTION('',(0.,1.,0.));
#3314=DIRECTION('',(0.,0.,-1.));
#3315=DIRECTION('',(0.,1.,0.));
#3316=DIRECTION('',(0.,-1.,0.));
#3317=DIRECTION('',(0.,0.,1.));
#3318=DIRECTION('',(0.,1.,0.));
#3319=DIRECTION('',(0.,1.,0.));
#3320=DIRECTION('',(0.743144825477395,0.,0.669130606358858));
#3321=DIRECTION('',(0.,1.,0.));
#3322=DIRECTION('',(0.,1.,0.));
#3323=DIRECTION('',(0.743144825477395,0.,0.669130606358858));
#3324=DIRECTION('',(0.,1.,0.));
#3325=DIRECTION('',(0.809317133526336,0.,-0.587371924236012));
#3326=DIRECTION('',(0.587371924236012,0.,0.809317133526336));
#3327=DIRECTION('',(0.,1.,0.));
#3328=DIRECTION('',(0.499557563113617,0.,-0.866280694195585));
#3329=DIRECTION('',(0.866280694195585,0.,0.499557563113617));
#3330=DIRECTION('',(0.,-1.,0.));
#3331=DIRECTION('',(0.,-1.,0.));
#3332=DIRECTION('',(-0.743144825477395,0.,-0.669130606358858));
#3333=DIRECTION('',(0.,-1.,0.));
#3334=DIRECTION('',(0.,-1.,0.));
#3335=DIRECTION('',(-0.743144825477395,0.,-0.669130606358858));
#3336=DIRECTION('',(0.,1.,0.));
#3337=DIRECTION('',(0.,0.,1.));
#3338=DIRECTION('',(0.,1.,0.));
#3339=DIRECTION('',(0.,0.,-1.));
#3340=DIRECTION('',(0.,1.,0.));
#3341=DIRECTION('',(0.,-1.,0.));
#3342=DIRECTION('',(0.,0.,1.));
#3343=DIRECTION('',(0.,1.,0.));
#3344=DIRECTION('',(0.,1.,0.));
#3345=DIRECTION('',(0.951056516295153,0.,0.309016994374948));
#3346=DIRECTION('',(0.,1.,0.));
#3347=DIRECTION('',(0.,1.,0.));
#3348=DIRECTION('',(0.951056516295153,0.,0.309016994374948));
#3349=DIRECTION('',(0.,1.,0.));
#3350=DIRECTION('',(0.500442306424586,0.,-0.865769887406833));
#3351=DIRECTION('',(0.865769887406833,0.,0.500442306424586));
#3352=DIRECTION('',(0.,1.,0.));
#3353=DIRECTION('',(0.104020441094966,0.,-0.994575159469816));
#3354=DIRECTION('',(0.994575159469816,0.,0.104020441094966));
#3355=DIRECTION('',(0.,-1.,0.));
#3356=DIRECTION('',(0.,-1.,0.));
#3357=DIRECTION('',(-0.951056516295153,0.,-0.309016994374948));
#3358=DIRECTION('',(0.,-1.,0.));
#3359=DIRECTION('',(0.,-1.,0.));
#3360=DIRECTION('',(-0.951056516295153,0.,-0.309016994374948));
#3361=DIRECTION('',(0.,1.,0.));
#3362=DIRECTION('',(0.,0.,1.));
#3363=DIRECTION('',(0.,1.,0.));
#3364=DIRECTION('',(0.,0.,-1.));
#3365=DIRECTION('',(0.,1.,0.));
#3366=DIRECTION('',(0.,-1.,0.));
#3367=DIRECTION('',(0.,0.,1.));
#3368=DIRECTION('',(0.,1.,0.));
#3369=DIRECTION('',(0.,1.,0.));
#3370=DIRECTION('',(0.994521895368273,0.,-0.104528463267654));
#3371=DIRECTION('',(0.,1.,0.));
#3372=DIRECTION('',(0.,1.,0.));
#3373=DIRECTION('',(0.994521895368273,0.,-0.104528463267654));
#3374=DIRECTION('',(0.,1.,0.));
#3375=DIRECTION('',(0.105036458166398,0.,-0.994468371772506));
#3376=DIRECTION('',(0.994468371772506,0.,0.105036458166398));
#3377=DIRECTION('',(0.,1.,0.));
#3378=DIRECTION('',(-0.309502760185046,0.,-0.950898544240046));
#3379=DIRECTION('',(0.950898544240046,0.,-0.309502760185046));
#3380=DIRECTION('',(0.,-1.,0.));
#3381=DIRECTION('',(0.,-1.,0.));
#3382=DIRECTION('',(-0.994521895368273,0.,0.104528463267654));
#3383=DIRECTION('',(0.,-1.,0.));
#3384=DIRECTION('',(0.,-1.,0.));
#3385=DIRECTION('',(-0.994521895368273,0.,0.104528463267654));
#3386=DIRECTION('',(0.,1.,0.));
#3387=DIRECTION('',(0.,0.,1.));
#3388=DIRECTION('',(0.,1.,0.));
#3389=DIRECTION('',(0.,0.,-1.));
#3390=DIRECTION('',(0.,1.,0.));
#3391=DIRECTION('',(0.,-1.,0.));
#3392=DIRECTION('',(0.,0.,1.));
#3393=DIRECTION('',(0.,1.,0.));
#3394=DIRECTION('',(0.,1.,0.));
#3395=DIRECTION('',(0.866025403784439,0.,-0.5));
#3396=DIRECTION('',(0.,1.,0.));
#3397=DIRECTION('',(0.,1.,0.));
#3398=DIRECTION('',(0.866025403784439,0.,-0.5));
#3399=DIRECTION('',(0.,1.,0.));
#3400=DIRECTION('',(-0.308531147935026,0.,-0.951214240197178));
#3401=DIRECTION('',(0.951214240197178,0.,-0.308531147935026));
#3402=DIRECTION('',(0.,1.,0.));
#3403=DIRECTION('',(-0.669510122484757,0.,-0.742802932069096));
#3404=DIRECTION('',(0.742802932069096,0.,-0.669510122484757));
#3405=DIRECTION('',(0.,-1.,0.));
#3406=DIRECTION('',(0.,-1.,0.));
#3407=DIRECTION('',(-0.866025403784439,0.,0.5));
#3408=DIRECTION('',(0.,-1.,0.));
#3409=DIRECTION('',(0.,-1.,0.));
#3410=DIRECTION('',(-0.866025403784439,0.,0.5));
#3411=DIRECTION('',(0.,1.,0.));
#3412=DIRECTION('',(0.,0.,1.));
#3413=DIRECTION('',(0.,1.,0.));
#3414=DIRECTION('',(0.,0.,-1.));
#3415=DIRECTION('',(0.,1.,0.));
#3416=DIRECTION('',(0.,-1.,0.));
#3417=DIRECTION('',(0.,0.,1.));
#3418=DIRECTION('',(0.,1.,0.));
#3419=DIRECTION('',(0.,1.,0.));
#3420=DIRECTION('',(0.587785252292473,0.,-0.809016994374948));
#3421=DIRECTION('',(0.,1.,0.));
#3422=DIRECTION('',(0.,1.,0.));
#3423=DIRECTION('',(0.587785252292473,0.,-0.809016994374948));
#3424=DIRECTION('',(0.,1.,0.));
#3425=DIRECTION('',(-0.668750915640998,0.,-0.743486524981675));
#3426=DIRECTION('',(0.743486524981675,0.,-0.668750915640998));
#3427=DIRECTION('',(0.,1.,0.));
#3428=DIRECTION('',(-0.913753102298337,0.,-0.40626994479061));
#3429=DIRECTION('',(0.40626994479061,0.,-0.913753102298337));
#3430=DIRECTION('',(0.,-1.,0.));
#3431=DIRECTION('',(0.,-1.,0.));
#3432=DIRECTION('',(-0.587785252292473,0.,0.809016994374948));
#3433=DIRECTION('',(0.,-1.,0.));
#3434=DIRECTION('',(0.,-1.,0.));
#3435=DIRECTION('',(-0.587785252292473,0.,0.809016994374948));
#3436=DIRECTION('',(0.,1.,0.));
#3437=DIRECTION('',(0.,0.,1.));
#3438=DIRECTION('',(0.,1.,0.));
#3439=DIRECTION('',(0.,0.,-1.));
#3440=DIRECTION('',(0.,1.,0.));
#3441=DIRECTION('',(0.,-1.,0.));
#3442=DIRECTION('',(0.,0.,1.));
#3443=DIRECTION('',(0.,1.,0.));
#3444=DIRECTION('',(0.,1.,0.));
#3445=DIRECTION('',(0.207911690817759,0.,-0.978147600733806));
#3446=DIRECTION('',(0.,-1.,0.));
#3447=DIRECTION('',(0.,0.,1.));
#3448=DIRECTION('',(0.,1.,0.));
#3449=DIRECTION('',(0.,1.,0.));
#3450=DIRECTION('',(0.207911690817759,0.,-0.978147600733806));
#3451=DIRECTION('',(0.,-1.,0.));
#3452=DIRECTION('',(0.,0.,1.));
#3453=DIRECTION('',(0.,1.,0.));
#3454=DIRECTION('',(-0.913337574621303,0.,-0.407203235233804));
#3455=DIRECTION('',(0.407203235233804,0.,-0.913337574621303));
#3456=DIRECTION('',(0.,1.,0.));
#3457=DIRECTION('',(0.407203235233804,0.,-0.913337574621303));
#3458=DIRECTION('',(-0.999999869538204,0.,0.000510806788751844));
#3459=DIRECTION('',(-0.000510806788751844,0.,-0.999999869538204));
#3460=DIRECTION('',(0.000510806788751579,0.,0.999999869538204));
#3461=DIRECTION('',(0.,-1.,0.));
#3462=DIRECTION('',(0.,-1.,0.));
#3463=DIRECTION('',(-0.207911690817759,0.,0.978147600733806));
#3464=DIRECTION('',(0.,1.,0.));
#3465=DIRECTION('',(0.,0.,-1.));
#3466=DIRECTION('',(0.,-1.,0.));
#3467=DIRECTION('',(0.,-1.,0.));
#3468=DIRECTION('',(-0.207911690817759,0.,0.978147600733806));
#3469=DIRECTION('',(0.,1.,0.));
#3470=DIRECTION('',(0.,0.,-1.));
#3471=DIRECTION('',(0.,1.,0.));
#3472=DIRECTION('',(0.,0.,1.));
#3473=DIRECTION('',(0.,1.,0.));
#3474=DIRECTION('',(0.,0.,-1.));
#3475=DIRECTION('',(0.,1.,0.));
#3476=DIRECTION('',(0.,-1.,0.));
#3477=DIRECTION('',(0.,0.,1.));
#3478=DIRECTION('',(0.,1.,0.));
#3479=DIRECTION('',(0.,1.,0.));
#3480=DIRECTION('',(-0.207911690817759,0.,-0.978147600733806));
#3481=DIRECTION('',(0.,1.,0.));
#3482=DIRECTION('',(0.,-1.,0.));
#3483=DIRECTION('',(0.,0.,1.));
#3484=DIRECTION('',(0.,1.,0.));
#3485=DIRECTION('',(-0.207911690817759,0.,-0.978147600733806));
#3486=DIRECTION('',(0.,-1.,0.));
#3487=DIRECTION('',(0.,0.,1.));
#3488=DIRECTION('',(0.,1.,0.));
#3489=DIRECTION('',(-0.999999869538204,0.,-0.00051080678875115));
#3490=DIRECTION('',(0.00051080678875115,0.,-0.999999869538204));
#3491=DIRECTION('',(-0.000510806788761307,0.,0.999999869538204));
#3492=DIRECTION('',(0.,1.,0.));
#3493=DIRECTION('',(-0.913337574621302,0.,0.407203235233804));
#3494=DIRECTION('',(-0.407203235233804,0.,-0.913337574621302));
#3495=DIRECTION('',(0.,-1.,0.));
#3496=DIRECTION('',(-0.407203235233804,0.,-0.913337574621302));
#3497=DIRECTION('',(0.,-1.,0.));
#3498=DIRECTION('',(0.207911690817759,0.,0.978147600733806));
#3499=DIRECTION('',(0.,1.,0.));
#3500=DIRECTION('',(0.,0.,-1.));
#3501=DIRECTION('',(0.,-1.,0.));
#3502=DIRECTION('',(0.,-1.,0.));
#3503=DIRECTION('',(0.207911690817759,0.,0.978147600733806));
#3504=DIRECTION('',(0.,1.,0.));
#3505=DIRECTION('',(0.,0.,-1.));
#3506=DIRECTION('',(0.,1.,0.));
#3507=DIRECTION('',(0.,0.,1.));
#3508=DIRECTION('',(0.,1.,0.));
#3509=DIRECTION('',(0.,0.,-1.));
#3510=DIRECTION('',(0.,1.,0.));
#3511=DIRECTION('',(0.,-1.,0.));
#3512=DIRECTION('',(0.,0.,1.));
#3513=DIRECTION('',(0.,1.,0.));
#3514=DIRECTION('',(0.,1.,0.));
#3515=DIRECTION('',(-0.587785252292473,0.,-0.809016994374947));
#3516=DIRECTION('',(0.,1.,0.));
#3517=DIRECTION('',(0.,1.,0.));
#3518=DIRECTION('',(-0.587785252292473,0.,-0.809016994374947));
#3519=DIRECTION('',(0.,1.,0.));
#3520=DIRECTION('',(-0.913753102298337,0.,0.406269944790611));
#3521=DIRECTION('',(-0.406269944790611,0.,-0.913753102298337));
#3522=DIRECTION('',(0.,1.,0.));
#3523=DIRECTION('',(-0.668750915640998,0.,0.743486524981675));
#3524=DIRECTION('',(-0.743486524981675,0.,-0.668750915640998));
#3525=DIRECTION('',(0.,-1.,0.));
#3526=DIRECTION('',(0.,-1.,0.));
#3527=DIRECTION('',(0.587785252292473,0.,0.809016994374947));
#3528=DIRECTION('',(0.,-1.,0.));
#3529=DIRECTION('',(0.,-1.,0.));
#3530=DIRECTION('',(0.587785252292473,0.,0.809016994374947));
#3531=DIRECTION('',(0.,1.,0.));
#3532=DIRECTION('',(0.,0.,1.));
#3533=DIRECTION('',(0.,1.,0.));
#3534=DIRECTION('',(0.,0.,-1.));
#3535=DIRECTION('',(0.,1.,0.));
#3536=DIRECTION('',(0.,-1.,0.));
#3537=DIRECTION('',(0.,0.,1.));
#3538=DIRECTION('',(0.,1.,0.));
#3539=DIRECTION('',(0.,1.,0.));
#3540=DIRECTION('',(-0.866025403784439,0.,-0.5));
#3541=DIRECTION('',(0.,1.,0.));
#3542=DIRECTION('',(0.,1.,0.));
#3543=DIRECTION('',(-0.866025403784439,0.,-0.5));
#3544=DIRECTION('',(0.,1.,0.));
#3545=DIRECTION('',(-0.669510122484757,0.,0.742802932069096));
#3546=DIRECTION('',(-0.742802932069096,0.,-0.669510122484757));
#3547=DIRECTION('',(0.,1.,0.));
#3548=DIRECTION('',(-0.308531147935026,0.,0.951214240197179));
#3549=DIRECTION('',(-0.951214240197179,0.,-0.308531147935026));
#3550=DIRECTION('',(0.,-1.,0.));
#3551=DIRECTION('',(0.,-1.,0.));
#3552=DIRECTION('',(0.866025403784439,0.,0.5));
#3553=DIRECTION('',(0.,-1.,0.));
#3554=DIRECTION('',(0.,-1.,0.));
#3555=DIRECTION('',(0.866025403784439,0.,0.5));
#3556=DIRECTION('',(0.,1.,0.));
#3557=DIRECTION('',(0.,0.,1.));
#3558=DIRECTION('',(0.,1.,0.));
#3559=DIRECTION('',(0.,0.,-1.));
#3560=DIRECTION('',(0.,1.,0.));
#3561=DIRECTION('',(0.,-1.,0.));
#3562=DIRECTION('',(0.,0.,1.));
#3563=DIRECTION('',(0.,1.,0.));
#3564=DIRECTION('',(0.,1.,0.));
#3565=DIRECTION('',(-0.994521895368273,0.,-0.104528463267653));
#3566=DIRECTION('',(0.,1.,0.));
#3567=DIRECTION('',(0.,1.,0.));
#3568=DIRECTION('',(-0.994521895368273,0.,-0.104528463267653));
#3569=DIRECTION('',(0.,1.,0.));
#3570=DIRECTION('',(-0.309502760185045,0.,0.950898544240046));
#3571=DIRECTION('',(-0.950898544240046,0.,-0.309502760185045));
#3572=DIRECTION('',(0.,1.,0.));
#3573=DIRECTION('',(0.105036458166399,0.,0.994468371772506));
#3574=DIRECTION('',(-0.994468371772506,0.,0.105036458166399));
#3575=DIRECTION('',(0.,-1.,0.));
#3576=DIRECTION('',(0.,-1.,0.));
#3577=DIRECTION('',(0.994521895368273,0.,0.104528463267653));
#3578=DIRECTION('',(0.,-1.,0.));
#3579=DIRECTION('',(0.,-1.,0.));
#3580=DIRECTION('',(0.994521895368273,0.,0.104528463267653));
#3581=DIRECTION('',(0.,1.,0.));
#3582=DIRECTION('',(0.,0.,1.));
#3583=DIRECTION('',(0.,1.,0.));
#3584=DIRECTION('',(0.,0.,-1.));
#3585=DIRECTION('',(0.,1.,0.));
#3586=DIRECTION('',(0.,-1.,0.));
#3587=DIRECTION('',(0.,0.,1.));
#3588=DIRECTION('',(0.,1.,0.));
#3589=DIRECTION('',(0.,1.,0.));
#3590=DIRECTION('',(-0.951056516295153,0.,0.309016994374948));
#3591=DIRECTION('',(0.,1.,0.));
#3592=DIRECTION('',(0.,1.,0.));
#3593=DIRECTION('',(-0.951056516295153,0.,0.309016994374948));
#3594=DIRECTION('',(0.,1.,0.));
#3595=DIRECTION('',(0.104020441094966,0.,0.994575159469816));
#3596=DIRECTION('',(-0.994575159469816,0.,0.104020441094966));
#3597=DIRECTION('',(0.,1.,0.));
#3598=DIRECTION('',(0.500442306424586,0.,0.865769887406833));
#3599=DIRECTION('',(-0.865769887406833,0.,0.500442306424586));
#3600=DIRECTION('',(0.,-1.,0.));
#3601=DIRECTION('',(0.,-1.,0.));
#3602=DIRECTION('',(0.951056516295153,0.,-0.309016994374948));
#3603=DIRECTION('',(0.,-1.,0.));
#3604=DIRECTION('',(0.,-1.,0.));
#3605=DIRECTION('',(0.951056516295153,0.,-0.309016994374948));
#3606=DIRECTION('',(0.,1.,0.));
#3607=DIRECTION('',(0.,0.,1.));
#3608=DIRECTION('',(0.,1.,0.));
#3609=DIRECTION('',(0.,0.,-1.));
#3610=DIRECTION('',(0.,1.,0.));
#3611=DIRECTION('',(0.,-1.,0.));
#3612=DIRECTION('',(0.,0.,1.));
#3613=DIRECTION('',(0.,1.,0.));
#3614=DIRECTION('',(0.,1.,0.));
#3615=DIRECTION('',(-0.743144825477394,0.,0.669130606358858));
#3616=DIRECTION('',(0.,1.,0.));
#3617=DIRECTION('',(0.,1.,0.));
#3618=DIRECTION('',(-0.743144825477394,0.,0.669130606358858));
#3619=DIRECTION('',(0.,1.,0.));
#3620=DIRECTION('',(0.499557563113618,0.,0.866280694195585));
#3621=DIRECTION('',(-0.866280694195585,0.,0.499557563113618));
#3622=DIRECTION('',(0.,1.,0.));
#3623=DIRECTION('',(0.809317133526336,0.,0.587371924236011));
#3624=DIRECTION('',(-0.587371924236011,0.,0.809317133526336));
#3625=DIRECTION('',(0.,-1.,0.));
#3626=DIRECTION('',(0.,-1.,0.));
#3627=DIRECTION('',(0.743144825477394,0.,-0.669130606358858));
#3628=DIRECTION('',(0.,-1.,0.));
#3629=DIRECTION('',(0.,-1.,0.));
#3630=DIRECTION('',(0.743144825477394,0.,-0.669130606358858));
#3631=DIRECTION('',(0.,1.,0.));
#3632=DIRECTION('',(0.,0.,1.));
#3633=DIRECTION('',(0.,1.,0.));
#3634=DIRECTION('',(0.,0.,-1.));
#3635=DIRECTION('',(0.,1.,0.));
#3636=DIRECTION('',(0.,-1.,0.));
#3637=DIRECTION('',(0.,0.,1.));
#3638=DIRECTION('',(0.,1.,0.));
#3639=DIRECTION('',(0.,1.,0.));
#3640=DIRECTION('',(-0.4067366430758,0.,0.913545457642601));
#3641=DIRECTION('',(0.,1.,0.));
#3642=DIRECTION('',(0.,1.,0.));
#3643=DIRECTION('',(-0.4067366430758,0.,0.913545457642601));
#3644=DIRECTION('',(0.,1.,0.));
#3645=DIRECTION('',(0.808716644131938,0.,0.588198426981895));
#3646=DIRECTION('',(-0.588198426981895,0.,0.808716644131938));
#3647=DIRECTION('',(0.,1.,0.));
#3648=DIRECTION('',(0.978253675826043,0.,0.207412019258371));
#3649=DIRECTION('',(-0.207412019258371,0.,0.978253675826043));
#3650=DIRECTION('',(0.,-1.,0.));
#3651=DIRECTION('',(0.,-1.,0.));
#3652=DIRECTION('',(0.4067366430758,0.,-0.9135454576426));
#3653=DIRECTION('',(0.,-1.,0.));
#3654=DIRECTION('',(0.,-1.,0.));
#3655=DIRECTION('',(0.4067366430758,0.,-0.9135454576426));
#3656=DIRECTION('',(0.,1.,0.));
#3657=DIRECTION('',(0.,0.,1.));
#3658=DIRECTION('',(0.,1.,0.));
#3659=DIRECTION('',(0.,0.,-1.));
#3660=DIRECTION('',(0.,-1.,0.));
#3661=DIRECTION('',(0.,0.,1.));
#3662=DIRECTION('',(0.,1.,0.));
#3663=DIRECTION('',(0.978041270419782,0.,0.208411308128083));
#3664=DIRECTION('',(-0.208411308128083,0.,0.978041270419782));
#3665=DIRECTION('',(0.,1.,0.));
#3666=DIRECTION('',(0.,1.,0.));
#3667=DIRECTION('',(0.978041270419782,0.,-0.208411308128083));
#3668=DIRECTION('',(0.208411308128083,0.,0.978041270419782));
#3669=DIRECTION('',(0.,-1.,0.));
#3670=DIRECTION('',(0.,1.,0.));
#3671=DIRECTION('',(0.,-1.,0.));
#3672=DIRECTION('',(0.,0.,-1.));
#3673=DIRECTION('',(0.,-1.,0.));
#3674=DIRECTION('',(0.,-1.,0.));
#3675=DIRECTION('',(0.,0.,-1.));
#3676=DIRECTION('',(0.,1.,0.));
#3677=DIRECTION('',(0.,0.,1.));
#3678=DIRECTION('',(0.,1.,0.));
#3679=DIRECTION('',(0.,0.,1.));
#3680=DIRECTION('',(0.,1.,0.));
#3681=DIRECTION('',(-1.,0.,0.));
#3682=DIRECTION('',(0.,1.,0.));
#3683=DIRECTION('',(0.,0.,1.));
#3684=DIRECTION('',(0.,-1.,0.));
#3685=DIRECTION('',(0.,0.,1.));
#3686=DIRECTION('',(0.,1.,0.));
#3687=DIRECTION('',(-1.,0.,0.));
#3688=DIRECTION('',(0.,-1.,0.));
#3689=DIRECTION('',(0.,0.,1.));
#3690=DIRECTION('',(0.,-1.,0.));
#3691=DIRECTION('',(-1.,0.,0.));
#3692=DIRECTION('',(0.,-1.,0.));
#3693=DIRECTION('',(0.,0.,-1.));
#3694=DIRECTION('',(0.,1.,0.));
#3695=DIRECTION('',(0.,0.,-1.));
#3696=DIRECTION('',(0.,-1.,0.));
#3697=DIRECTION('',(-1.,0.,0.));
#3698=DIRECTION('',(0.,1.,0.));
#3699=DIRECTION('',(0.,0.,-1.));
#3700=DIRECTION('',(0.,1.,0.));
#3701=DIRECTION('',(0.,0.,1.));
#3702=DIRECTION('',(0.,-1.,0.));
#3703=DIRECTION('',(0.,0.,-1.));
#3704=DIRECTION('',(0.,1.,0.));
#3705=DIRECTION('',(0.,0.,1.));
#3706=DIRECTION('',(0.,-1.,0.));
#3707=DIRECTION('',(0.,0.,-1.));
#3708=DIRECTION('',(0.,-1.,0.));
#3709=DIRECTION('',(1.,0.,0.));
#3710=DIRECTION('',(0.866025403784437,0.,0.5));
#3711=DIRECTION('',(0.86602540378444,0.,-0.5));
#3712=DIRECTION('',(3.53485787938155E-15,0.,-1.));
#3713=DIRECTION('',(-0.866025403784438,0.,-0.5));
#3714=DIRECTION('',(-0.86602540378444,0.,0.5));
#3715=DIRECTION('',(-3.53485787938155E-15,0.,1.));
#3716=DIRECTION('',(-0.5,0.,0.866025403784438));
#3717=DIRECTION('',(0.866025403784437,0.,0.5));
#3718=DIRECTION('',(0.,1.,0.));
#3719=DIRECTION('',(0.866025403784437,0.,0.5));
#3720=DIRECTION('',(0.,1.,0.));
#3721=DIRECTION('',(-1.,0.,-3.53485787938155E-15));
#3722=DIRECTION('',(-3.53485787938155E-15,0.,1.));
#3723=DIRECTION('',(0.,1.,0.));
#3724=DIRECTION('',(-3.53485787938155E-15,0.,1.));
#3725=DIRECTION('',(-0.5,0.,-0.86602540378444));
#3726=DIRECTION('',(-0.86602540378444,0.,0.5));
#3727=DIRECTION('',(0.,1.,0.));
#3728=DIRECTION('',(-0.86602540378444,0.,0.5));
#3729=DIRECTION('',(0.5,0.,-0.866025403784438));
#3730=DIRECTION('',(-0.866025403784438,0.,-0.5));
#3731=DIRECTION('',(0.,1.,0.));
#3732=DIRECTION('',(-0.866025403784438,0.,-0.5));
#3733=DIRECTION('',(1.,0.,3.53485787938155E-15));
#3734=DIRECTION('',(3.53485787938155E-15,0.,-1.));
#3735=DIRECTION('',(0.,1.,0.));
#3736=DIRECTION('',(3.53485787938155E-15,0.,-1.));
#3737=DIRECTION('',(0.5,0.,0.86602540378444));
#3738=DIRECTION('',(0.86602540378444,0.,-0.5));
#3739=DIRECTION('',(0.86602540378444,0.,-0.5));
#3740=DIRECTION('',(0.,-1.,0.));
#3741=DIRECTION('',(1.,0.,0.));
#3742=DIRECTION('',(0.,1.,0.));
#3743=DIRECTION('',(-1.,0.,0.));
#3744=DIRECTION('',(0.,1.,0.));
#3745=DIRECTION('',(0.,0.,1.));
#3746=DIRECTION('',(0.,1.,0.));
#3747=DIRECTION('',(0.,0.,1.));
#3748=CARTESIAN_POINT('',(0.,0.,0.));
#3749=CARTESIAN_POINT('',(-0.05,-0.0285,3.67394039744206E-19));
#3750=CARTESIAN_POINT('',(-0.05,-0.01,3.67394039744206E-19));
#3751=CARTESIAN_POINT('',(-0.05,-0.01,-0.00225));
#3752=CARTESIAN_POINT('',(-0.05,-0.0045,3.67394039744206E-19));
#3753=CARTESIAN_POINT('',(-0.05,-0.0045,0.00225));
#3754=CARTESIAN_POINT('',(-0.05,-0.006,0.));
#3755=CARTESIAN_POINT('',(-0.0497999301476462,-0.006,-0.010933025287242));
#3756=CARTESIAN_POINT('',(-0.0493699302037448,-0.006,-0.0109332449341612));
#3757=CARTESIAN_POINT('',(-0.0497920626422468,-0.006,-0.011362953307216));
#3758=CARTESIAN_POINT('',(-0.0493699818892016,-0.006,-0.0110344288871905));
#3759=CARTESIAN_POINT('',(-0.0493698220273169,-0.006,-0.0107214693350529));
#3760=CARTESIAN_POINT('',(-0.047710658328698,-0.006,-0.0107223168472444));
#3761=CARTESIAN_POINT('',(-0.0480654117119687,-0.006,-0.00910152230932486));
#3762=CARTESIAN_POINT('',(-0.0477302585243666,-0.006,-0.0107264829974438));
#3763=CARTESIAN_POINT('',(-0.0462148817782715,-0.006,-0.0100508660834414));
#3764=CARTESIAN_POINT('',(-0.0461286460579206,-0.006,-0.0102442887207292));
#3765=CARTESIAN_POINT('',(-0.0461286460579206,-0.006,-0.0102442887207292));
#3766=CARTESIAN_POINT('',(-0.0457359109008334,-0.006,-0.0100691913295787));
#3767=CARTESIAN_POINT('',(-0.0455682307450455,-0.006,-0.0104651501220748));
#3768=CARTESIAN_POINT('',(-0.05,-0.006,7.57129049699026E-19));
#3769=CARTESIAN_POINT('',(-0.05,-0.006,0.));
#3770=CARTESIAN_POINT('',(-0.0453703650911753,-0.006,-0.00990643984932459));
#3771=CARTESIAN_POINT('',(-0.044977451257187,-0.006,-0.00973174377306463));
#3772=CARTESIAN_POINT('',(-0.0451883102877463,-0.006,-0.0102959986363496));
#3773=CARTESIAN_POINT('',(-0.0449363432528131,-0.006,-0.00982420093611012));
#3774=CARTESIAN_POINT('',(-0.0450634893293694,-0.006,-0.00953823313714264));
#3775=CARTESIAN_POINT('',(-0.0435474231547468,-0.006,-0.00886416470496595));
#3776=CARTESIAN_POINT('',(-0.0445307430260849,-0.006,-0.00752778641730802));
#3777=CARTESIAN_POINT('',(-0.0435636342985221,-0.006,-0.00887594279034633));
#3778=CARTESIAN_POINT('',(-0.0424540669111162,-0.006,-0.00764237677675115));
#3779=CARTESIAN_POINT('',(-0.0422966145863179,-0.006,-0.00778400192104188));
#3780=CARTESIAN_POINT('',(-0.0422966145863179,-0.006,-0.00778400192104188));
#3781=CARTESIAN_POINT('',(-0.0420090516925922,-0.006,-0.00746430271529975));
#3782=CARTESIAN_POINT('',(-0.0416948172978792,-0.006,-0.00775782740792259));
#3783=CARTESIAN_POINT('',(-0.05,-0.006,7.57129049699026E-19));
#3784=CARTESIAN_POINT('',(-0.05,-0.006,0.));
#3785=CARTESIAN_POINT('',(-0.0417413059693529,-0.006,-0.00716694096427824));
#3786=CARTESIAN_POINT('',(-0.0414534166166845,-0.006,-0.00684753570348853));
#3787=CARTESIAN_POINT('',(-0.0414165427973232,-0.006,-0.00744877226504712));
#3788=CARTESIAN_POINT('',(-0.0413782568698905,-0.006,-0.00691527939311265));
#3789=CARTESIAN_POINT('',(-0.0416107241731655,-0.006,-0.00670574977769263));
#3790=CARTESIAN_POINT('',(-0.0404998971371603,-0.006,-0.0054733179567906));
#3791=CARTESIAN_POINT('',(-0.0419417585576322,-0.006,-0.00465242786594614));
#3792=CARTESIAN_POINT('',(-0.04050991617501,-0.006,-0.00549067143938917));
#3793=CARTESIAN_POINT('',(-0.039998012427679,-0.006,-0.00391245109654716));
#3794=CARTESIAN_POINT('',(-0.0397965684358003,-0.006,-0.00397779047376891));
#3795=CARTESIAN_POINT('',(-0.0397965684358003,-0.006,-0.00397779047376891));
#3796=CARTESIAN_POINT('',(-0.0396639000421882,-0.006,-0.00356876835048413));
#3797=CARTESIAN_POINT('',(-0.0392574453901258,-0.006,-0.00370910585729115));
#3798=CARTESIAN_POINT('',(-0.05,-0.006,7.57129049699026E-19));
#3799=CARTESIAN_POINT('',(-0.05,-0.006,0.));
#3800=CARTESIAN_POINT('',(-0.0395402500733094,-0.006,-0.00318821287689353));
#3801=CARTESIAN_POINT('',(-0.0394071638864298,-0.006,-0.00277932650287032));
#3802=CARTESIAN_POINT('',(-0.0391289330355035,-0.006,-0.0033135854991464));
#3803=CARTESIAN_POINT('',(-0.0393109482002413,-0.006,-0.00281064321970496));
#3804=CARTESIAN_POINT('',(-0.0396085410215994,-0.006,-0.00271378136185534));
#3805=CARTESIAN_POINT('',(-0.0390950252102838,-0.006,-0.00113608481035352));
#3806=CARTESIAN_POINT('',(-0.0407461172413902,-0.006,-0.000972622270581054));
#3807=CARTESIAN_POINT('',(-0.0390971197595435,-0.006,-0.00115601311537754));
#3808=CARTESIAN_POINT('',(-0.0392713924607007,-0.006,0.000493972921752245));
#3809=CARTESIAN_POINT('',(-0.0390607882979985,-0.006,0.000516217083510662));
#3810=CARTESIAN_POINT('',(-0.0390607882979985,-0.006,0.000516217083510659));
#3811=CARTESIAN_POINT('',(-0.0391059539750101,-0.006,0.000943838483372836));
#3812=CARTESIAN_POINT('',(-0.0386775587674645,-0.006,0.000980953792234806));
#3813=CARTESIAN_POINT('',(-0.05,-0.006,7.57129049699026E-19));
#3814=CARTESIAN_POINT('',(-0.05,-0.006,0.));
#3815=CARTESIAN_POINT('',(-0.0391477799634355,-0.006,0.00134178618091076));
#3816=CARTESIAN_POINT('',(-0.0391925087531064,-0.006,0.00176945349948279));
#3817=CARTESIAN_POINT('',(-0.0387210295123882,-0.006,0.00139455030253597));
#3818=CARTESIAN_POINT('',(-0.0390918736937574,-0.006,0.00177997870028177));
#3819=CARTESIAN_POINT('',(-0.03940313553084,-0.006,0.00174742450537645));
#3820=CARTESIAN_POINT('',(-0.0395757224931351,-0.006,0.00339758772080018));
#3821=CARTESIAN_POINT('',(-0.0411505563229992,-0.006,0.0028753585513663));
#3822=CARTESIAN_POINT('',(-0.0395695303872095,-0.006,0.00337853037833233));
#3823=CARTESIAN_POINT('',(-0.0403998462036067,-0.006,0.00481498453427758));
#3824=CARTESIAN_POINT('',(-0.0402164972430913,-0.006,0.00492096601736628));
#3825=CARTESIAN_POINT('',(-0.0402164972430913,-0.006,0.00492096601736627));
#3826=CARTESIAN_POINT('',(-0.0404316874348538,-0.006,0.00529324706895121));
#3827=CARTESIAN_POINT('',(-0.0400554250950579,-0.006,0.00550139761939794));
#3828=CARTESIAN_POINT('',(-0.05,-0.006,7.57129049699026E-19));
#3829=CARTESIAN_POINT('',(-0.05,-0.006,0.));
#3830=CARTESIAN_POINT('',(-0.0406317572872077,-0.006,0.00563977821829081));
#3831=CARTESIAN_POINT('',(-0.0408465670393465,-0.006,0.00601227891679491));
#3832=CARTESIAN_POINT('',(-0.0402633624528111,-0.006,0.00586155568781808));
#3833=CARTESIAN_POINT('',(-0.0407589133228393,-0.006,0.00606282613239093));
#3834=CARTESIAN_POINT('',(-0.0410300241762898,-0.006,0.00590648480077538));
#3835=CARTESIAN_POINT('',(-0.0418588720585115,-0.006,0.00734378646891208));
#3836=CARTESIAN_POINT('',(-0.0430851446110301,-0.006,0.00622616375796205));
#3837=CARTESIAN_POINT('',(-0.0418454639687685,-0.006,0.00732889527664361));
#3838=CARTESIAN_POINT('',(-0.0431882537525685,-0.006,0.008303441578065));
#3839=CARTESIAN_POINT('',(-0.0430638626951858,-0.006,0.00847483522124646));
#3840=CARTESIAN_POINT('',(-0.0430638626951858,-0.006,0.00847483522124646));
#3841=CARTESIAN_POINT('',(-0.0434118690626022,-0.006,0.00872740514866794));
#3842=CARTESIAN_POINT('',(-0.0431527987673427,-0.006,0.00907059981953879));
#3843=CARTESIAN_POINT('',(-0.05,-0.006,7.57129049699026E-19));
#3844=CARTESIAN_POINT('',(-0.05,-0.006,0.));
#3845=CARTESIAN_POINT('',(-0.0437355888838348,-0.006,0.00896260136595174));
#3846=CARTESIAN_POINT('',(-0.0440833370408115,-0.006,0.00921552668955396));
#3847=CARTESIAN_POINT('',(-0.0434892484797182,-0.006,0.00931504484411475));
#3848=CARTESIAN_POINT('',(-0.0440238207910393,-0.006,0.00929735584716342));
#3849=CARTESIAN_POINT('',(-0.0442079031313313,-0.006,0.00904426021539039));
#3850=CARTESIAN_POINT('',(-0.0455496966047967,-0.006,0.0100201778203435));
#3851=CARTESIAN_POINT('',(-0.0462153742153095,-0.006,0.00850040868789151));
#3852=CARTESIAN_POINT('',(-0.0455313909117617,-0.006,0.0100120276006998));
#3853=CARTESIAN_POINT('',(-0.0471544741104832,-0.006,0.0103561581386064));
#3854=CARTESIAN_POINT('',(-0.0471105493001119,-0.006,0.0105633284239122));
#3855=CARTESIAN_POINT('',(-0.0471105493001119,-0.006,0.0105633284239122));
#3856=CARTESIAN_POINT('',(-0.0475311983807171,-0.006,0.0106525155921933));
#3857=CARTESIAN_POINT('',(-0.0474341157376243,-0.006,0.011071412907069));
#3858=CARTESIAN_POINT('',(-0.05,-0.006,7.57129049699026E-19));
#3859=CARTESIAN_POINT('',(-0.05,-0.006,0.));
#3860=CARTESIAN_POINT('',(-0.0479225940728352,-0.006,0.0107357093147624));
#3861=CARTESIAN_POINT('',(-0.0483431518191157,-0.006,0.0108253261772574));
#3862=CARTESIAN_POINT('',(-0.0478409025928027,-0.006,0.0111578781223382));
#3863=CARTESIAN_POINT('',(-0.0483220639363522,-0.006,0.0109242882721351));
#3864=CARTESIAN_POINT('',(-0.0483872882545136,-0.006,0.0106182008742397));
#3865=CARTESIAN_POINT('',(-0.0500100190378497,-0.006,0.0109639893961797));
#3866=CARTESIAN_POINT('',(-0.05,-0.006,0.0093048557318921));
#3867=CARTESIAN_POINT('',(-0.0499899809621503,-0.006,0.0109639893961797));
#3868=CARTESIAN_POINT('',(-0.0516127117454864,-0.006,0.0106182008742398));
#3869=CARTESIAN_POINT('',(-0.0516568481808843,-0.006,0.0108253261772574));
#3870=CARTESIAN_POINT('',(-0.0516568481808843,-0.006,0.0108253261772574));
#3871=CARTESIAN_POINT('',(-0.0520774059271648,-0.006,0.0107357093147624));
#3872=CARTESIAN_POINT('',(-0.0521590974071973,-0.006,0.0111578781223383));
#3873=CARTESIAN_POINT('',(-0.05,-0.006,7.57129049699026E-19));
#3874=CARTESIAN_POINT('',(-0.05,-0.006,0.));
#3875=CARTESIAN_POINT('',(-0.0524688016192829,-0.006,0.0106525155921933));
#3876=CARTESIAN_POINT('',(-0.0528894506998881,-0.006,0.0105633284239122));
#3877=CARTESIAN_POINT('',(-0.0525658842623757,-0.006,0.011071412907069));
#3878=CARTESIAN_POINT('',(-0.0529104374706404,-0.006,0.0106623120108113));
#3879=CARTESIAN_POINT('',(-0.0528455258895169,-0.006,0.0103561581386065));
#3880=CARTESIAN_POINT('',(-0.0544686090882383,-0.006,0.0100120276006998));
#3881=CARTESIAN_POINT('',(-0.0537846257846903,-0.006,0.00850040868789164));
#3882=CARTESIAN_POINT('',(-0.0544503033952033,-0.006,0.0100201778203435));
#3883=CARTESIAN_POINT('',(-0.0557920968686687,-0.006,0.00904426021539036));
#3884=CARTESIAN_POINT('',(-0.0559166629591885,-0.006,0.00921552668955396));
#3885=CARTESIAN_POINT('',(-0.0559166629591885,-0.006,0.00921552668955397));
#3886=CARTESIAN_POINT('',(-0.0562644111161652,-0.006,0.00896260136595175));
#3887=CARTESIAN_POINT('',(-0.0565107515202818,-0.006,0.00931504484411478));
#3888=CARTESIAN_POINT('',(-0.05,-0.006,7.57129049699026E-19));
#3889=CARTESIAN_POINT('',(-0.05,-0.006,0.));
#3890=CARTESIAN_POINT('',(-0.0565881309373979,-0.006,0.00872740514866794));
#3891=CARTESIAN_POINT('',(-0.0569361373048142,-0.006,0.00847483522124646));
#3892=CARTESIAN_POINT('',(-0.0568472012326573,-0.006,0.00907059981953878));
#3893=CARTESIAN_POINT('',(-0.0569955699257605,-0.006,0.00855672513875453));
#3894=CARTESIAN_POINT('',(-0.0568117462474315,-0.006,0.00830344157806503));
#3895=CARTESIAN_POINT('',(-0.0581545360312315,-0.006,0.00732889527664361));
#3896=CARTESIAN_POINT('',(-0.0569148553889691,-0.006,0.00622616375796292));
#3897=CARTESIAN_POINT('',(-0.0581411279414885,-0.006,0.00734378646891209));
#3898=CARTESIAN_POINT('',(-0.0589699758237102,-0.006,0.00590648480077539));
#3899=CARTESIAN_POINT('',(-0.0591534329606535,-0.006,0.00601227891679492));
#3900=CARTESIAN_POINT('',(-0.0591534329606535,-0.006,0.00601227891679492));
#3901=CARTESIAN_POINT('',(-0.0593682427127924,-0.006,0.00563977821829082));
#3902=CARTESIAN_POINT('',(-0.0597366375471889,-0.006,0.0058615556878181));
#3903=CARTESIAN_POINT('',(-0.05,-0.006,7.57129049699026E-19));
#3904=CARTESIAN_POINT('',(-0.05,-0.006,0.));
#3905=CARTESIAN_POINT('',(-0.0595683125651462,-0.006,0.00529324706895122));
#3906=CARTESIAN_POINT('',(-0.0597835027569088,-0.006,0.00492096601736628));
#3907=CARTESIAN_POINT('',(-0.0599445749049421,-0.006,0.00550139761939793));
#3908=CARTESIAN_POINT('',(-0.059871104787959,-0.006,0.00497160275479959));
#3909=CARTESIAN_POINT('',(-0.0596001537963932,-0.006,0.00481498453427756));
#3910=CARTESIAN_POINT('',(-0.0604304696127905,-0.006,0.00337853037833233));
#3911=CARTESIAN_POINT('',(-0.0588494436770008,-0.006,0.00287535855136655));
#3912=CARTESIAN_POINT('',(-0.0604242775068649,-0.006,0.00339758772080019));
#3913=CARTESIAN_POINT('',(-0.06059686446916,-0.006,0.00174742450537645));
#3914=CARTESIAN_POINT('',(-0.0608074912468936,-0.006,0.00176945349948279));
#3915=CARTESIAN_POINT('',(-0.0608074912468936,-0.006,0.00176945349948279));
#3916=CARTESIAN_POINT('',(-0.0608522200365645,-0.006,0.00134178618091077));
#3917=CARTESIAN_POINT('',(-0.0612789704876118,-0.006,0.00139455030253597));
#3918=CARTESIAN_POINT('',(-0.05,-0.006,7.57129049699026E-19));
#3919=CARTESIAN_POINT('',(-0.05,-0.006,0.));
#3920=CARTESIAN_POINT('',(-0.0608940460249899,-0.006,0.000943838483372845));
#3921=CARTESIAN_POINT('',(-0.0609392117020015,-0.006,0.000516217083510666));
#3922=CARTESIAN_POINT('',(-0.0613224412325355,-0.006,0.000980953792234816));
#3923=CARTESIAN_POINT('',(-0.0610398359561477,-0.006,0.000526845088946693));
#3924=CARTESIAN_POINT('',(-0.0607286075392994,-0.006,0.000493972921752257));
#3925=CARTESIAN_POINT('',(-0.0609028802404565,-0.006,-0.00115601311537753));
#3926=CARTESIAN_POINT('',(-0.0592538827586098,-0.006,-0.000972622270581044));
#3927=CARTESIAN_POINT('',(-0.0609049747897162,-0.006,-0.00113608481035351));
#3928=CARTESIAN_POINT('',(-0.0603914589784006,-0.006,-0.00271378136185532));
#3929=CARTESIAN_POINT('',(-0.0605928361135702,-0.006,-0.00277932650287032));
#3930=CARTESIAN_POINT('',(-0.0605928361135702,-0.006,-0.00277932650287032));
#3931=CARTESIAN_POINT('',(-0.0604597499266906,-0.006,-0.00318821287689353));
#3932=CARTESIAN_POINT('',(-0.0608710669644965,-0.006,-0.0033135854991464));
#3933=CARTESIAN_POINT('',(-0.05,-0.006,7.57129049699026E-19));
#3934=CARTESIAN_POINT('',(-0.05,-0.006,0.));
#3935=CARTESIAN_POINT('',(-0.0603360999578118,-0.006,-0.00356876835048412));
#3936=CARTESIAN_POINT('',(-0.0602034315641998,-0.006,-0.00397779047376892));
#3937=CARTESIAN_POINT('',(-0.0607425546098742,-0.006,-0.00370910585729114));
#3938=CARTESIAN_POINT('',(-0.0602996791937573,-0.006,-0.00400900887902246));
#3939=CARTESIAN_POINT('',(-0.060001987572321,-0.006,-0.00391245109654713));
#3940=CARTESIAN_POINT('',(-0.05949008382499,-0.006,-0.00549067143938916));
#3941=CARTESIAN_POINT('',(-0.0580582414423681,-0.006,-0.0046524278659456));
#3942=CARTESIAN_POINT('',(-0.0595001028628397,-0.006,-0.00547331795679059));
#3943=CARTESIAN_POINT('',(-0.0583892758268346,-0.006,-0.00670574977769262));
#3944=CARTESIAN_POINT('',(-0.0585465833833155,-0.006,-0.00684753570348852));
#3945=CARTESIAN_POINT('',(-0.0585465833833155,-0.006,-0.00684753570348852));
#3946=CARTESIAN_POINT('',(-0.0582586940306471,-0.006,-0.00716694096427823));
#3947=CARTESIAN_POINT('',(-0.0585834572026769,-0.006,-0.00744877226504713));
#3948=CARTESIAN_POINT('',(-0.05,-0.006,7.57129049699026E-19));
#3949=CARTESIAN_POINT('',(-0.05,-0.006,0.));
#3950=CARTESIAN_POINT('',(-0.0579909483074078,-0.006,-0.00746430271529975));
#3951=CARTESIAN_POINT('',(-0.0577033854136822,-0.006,-0.00778400192104187));
#3952=CARTESIAN_POINT('',(-0.0583051827021208,-0.006,-0.00775782740792257));
#3953=CARTESIAN_POINT('',(-0.0577786143291184,-0.006,-0.00785166879110635));
#3954=CARTESIAN_POINT('',(-0.0575459330888838,-0.006,-0.00764237677675114));
#3955=CARTESIAN_POINT('',(-0.0564363657014779,-0.006,-0.00887594279034633));
#3956=CARTESIAN_POINT('',(-0.0554692569739151,-0.006,-0.00752778641730802));
#3957=CARTESIAN_POINT('',(-0.0564525768452532,-0.006,-0.00886416470496595));
#3958=CARTESIAN_POINT('',(-0.0549365106706306,-0.006,-0.00953823313714264));
#3959=CARTESIAN_POINT('',(-0.055022548742813,-0.006,-0.00973174377306463));
#3960=CARTESIAN_POINT('',(-0.055022548742813,-0.006,-0.00973174377306463));
#3961=CARTESIAN_POINT('',(-0.0546296349088247,-0.006,-0.00990643984932459));
#3962=CARTESIAN_POINT('',(-0.0548116897122538,-0.006,-0.0102959986363496));
#3963=CARTESIAN_POINT('',(-0.05,-0.006,7.57129049699026E-19));
#3964=CARTESIAN_POINT('',(-0.05,0.,0.));
#3965=CARTESIAN_POINT('',(-0.0502000698523538,0.,-0.010933025287242));
#3966=CARTESIAN_POINT('',(-0.0506300697962552,-1.7347234759768E-18,-0.0109332449341612));
#3967=CARTESIAN_POINT('',(-0.0502079373577532,-1.70539765900717E-20,-0.011362953307216));
#3968=CARTESIAN_POINT('',(-0.0506300181107984,-1.04083408558608E-17,-0.0110344288871905));
#3969=CARTESIAN_POINT('',(-0.0506301779726831,-1.7347234759768E-18,-0.0107214693350529));
#3970=CARTESIAN_POINT('',(-0.052289341671302,0.,-0.0107223168472444));
#3971=CARTESIAN_POINT('',(-0.0519345882880313,0.,-0.00910152230932486));
#3972=CARTESIAN_POINT('',(-0.0522697414756334,0.,-0.0107264829974438));
#3973=CARTESIAN_POINT('',(-0.0537851182217285,0.,-0.0100508660834414));
#3974=CARTESIAN_POINT('',(-0.0538713539420795,0.,-0.0102442887207292));
#3975=CARTESIAN_POINT('',(-0.0538713539420795,-3.46944695195361E-18,-0.0102442887207292));
#3976=CARTESIAN_POINT('',(-0.0542640890991666,0.,-0.0100691913295787));
#3977=CARTESIAN_POINT('',(-0.0544317692549545,4.1662689240413E-19,-0.0104651501220748));
#3978=CARTESIAN_POINT('',(-0.05,8.67361737988404E-19,7.57129049699026E-19));
#3979=CARTESIAN_POINT('',(-0.05,0.,0.));
#3980=CARTESIAN_POINT('',(-0.0546296349088247,0.,-0.00990643984932459));
#3981=CARTESIAN_POINT('',(-0.055022548742813,-2.60208521396521E-18,-0.00973174377306463));
#3982=CARTESIAN_POINT('',(-0.0548116897122538,4.16626892404132E-19,-0.0102959986363496));
#3983=CARTESIAN_POINT('',(-0.0550636567471869,-6.93889390390723E-18,-0.00982420093611012));
#3984=CARTESIAN_POINT('',(-0.0549365106706306,-8.67361737988404E-19,-0.00953823313714264));
#3985=CARTESIAN_POINT('',(-0.0564525768452532,3.46944695195361E-18,-0.00886416470496595));
#3986=CARTESIAN_POINT('',(-0.0554692569739151,0.,-0.00752778641730802));
#3987=CARTESIAN_POINT('',(-0.0564363657014779,-3.46944695195361E-18,-0.00887594279034633));
#3988=CARTESIAN_POINT('',(-0.0575459330888837,-1.7347234759768E-18,-0.00764237677675114));
#3989=CARTESIAN_POINT('',(-0.0577033854136822,0.,-0.00778400192104187));
#3990=CARTESIAN_POINT('',(-0.0577033854136822,0.,-0.00778400192104187));
#3991=CARTESIAN_POINT('',(-0.0579909483074078,0.,-0.00746430271529975));
#3992=CARTESIAN_POINT('',(-0.0583051827021208,-1.70539765900723E-20,-0.00775782740792259));
#3993=CARTESIAN_POINT('',(-0.05,8.67361737988404E-19,7.57129049699026E-19));
#3994=CARTESIAN_POINT('',(-0.05,0.,0.));
#3995=CARTESIAN_POINT('',(-0.0582586940306471,0.,-0.00716694096427823));
#3996=CARTESIAN_POINT('',(-0.0585465833833155,-2.60208521396521E-18,-0.00684753570348852));
#3997=CARTESIAN_POINT('',(-0.0585834572026769,4.33680868994202E-19,-0.00744877226504712));
#3998=CARTESIAN_POINT('',(-0.0586217431301095,-6.93889390390723E-18,-0.00691527939311264));
#3999=CARTESIAN_POINT('',(-0.0583892758268346,-2.60208521396521E-18,-0.00670574977769263));
#4000=CARTESIAN_POINT('',(-0.0595001028628397,0.,-0.00547331795679059));
#4001=CARTESIAN_POINT('',(-0.0580582414423681,0.,-0.0046524278659456));
#4002=CARTESIAN_POINT('',(-0.05949008382499,0.,-0.00549067143938916));
#4003=CARTESIAN_POINT('',(-0.060001987572321,0.,-0.00391245109654712));
#4004=CARTESIAN_POINT('',(-0.0602034315641998,0.,-0.00397779047376891));
#4005=CARTESIAN_POINT('',(-0.0602034315641998,0.,-0.00397779047376891));
#4006=CARTESIAN_POINT('',(-0.0603360999578118,0.,-0.00356876835048412));
#4007=CARTESIAN_POINT('',(-0.0607425546098742,0.,-0.00370910585729115));
#4008=CARTESIAN_POINT('',(-0.05,0.,7.57129049699026E-19));
#4009=CARTESIAN_POINT('',(-0.05,0.,0.));
#4010=CARTESIAN_POINT('',(-0.0604597499266906,0.,-0.00318821287689353));
#4011=CARTESIAN_POINT('',(-0.0605928361135702,8.67361737988404E-19,-0.00277932650287032));
#4012=CARTESIAN_POINT('',(-0.0608710669644965,0.,-0.0033135854991464));
#4013=CARTESIAN_POINT('',(-0.0606890517997587,3.46944695195361E-18,-0.00281064321970496));
#4014=CARTESIAN_POINT('',(-0.0603914589784006,8.67361737988404E-19,-0.00271378136185534));
#4015=CARTESIAN_POINT('',(-0.0609049747897162,0.,-0.00113608481035351));
#4016=CARTESIAN_POINT('',(-0.0592538827586098,0.,-0.000972622270581044));
#4017=CARTESIAN_POINT('',(-0.0609028802404565,0.,-0.00115601311537753));
#4018=CARTESIAN_POINT('',(-0.0607286075392994,1.7347234759768E-18,0.000493972921752253));
#4019=CARTESIAN_POINT('',(-0.0609392117020015,0.,0.00051621708351067));
#4020=CARTESIAN_POINT('',(-0.0609392117020015,0.,0.000516217083510668));
#4021=CARTESIAN_POINT('',(-0.0608940460249899,0.,0.000943838483372845));
#4022=CARTESIAN_POINT('',(-0.0613224412325355,0.,0.00098095379223482));
#4023=CARTESIAN_POINT('',(-0.05,0.,7.57129049699026E-19));
#4024=CARTESIAN_POINT('',(-0.05,0.,0.));
#4025=CARTESIAN_POINT('',(-0.0608522200365645,0.,0.00134178618091077));
#4026=CARTESIAN_POINT('',(-0.0608074912468936,-1.7347234759768E-18,0.00176945349948279));
#4027=CARTESIAN_POINT('',(-0.0612789704876118,4.33680868994202E-19,0.00139455030253597));
#4028=CARTESIAN_POINT('',(-0.0609081263062426,-1.04083408558608E-17,0.00177997870028177));
#4029=CARTESIAN_POINT('',(-0.06059686446916,-1.7347234759768E-18,0.00174742450537646));
#4030=CARTESIAN_POINT('',(-0.0604242775068649,0.,0.00339758772080019));
#4031=CARTESIAN_POINT('',(-0.0588494436770008,8.67361737988404E-19,0.00287535855136655));
#4032=CARTESIAN_POINT('',(-0.0604304696127905,3.46944695195361E-18,0.00337853037833233));
#4033=CARTESIAN_POINT('',(-0.0596001537963933,3.46944695195361E-18,0.00481498453427758));
#4034=CARTESIAN_POINT('',(-0.0597835027569088,0.,0.00492096601736628));
#4035=CARTESIAN_POINT('',(-0.0597835027569087,0.,0.00492096601736627));
#4036=CARTESIAN_POINT('',(-0.0595683125651462,0.,0.00529324706895122));
#4037=CARTESIAN_POINT('',(-0.0599445749049421,4.1662689240413E-19,0.00550139761939794));
#4038=CARTESIAN_POINT('',(-0.05,8.67361737988404E-19,7.57129049699026E-19));
#4039=CARTESIAN_POINT('',(-0.05,0.,0.));
#4040=CARTESIAN_POINT('',(-0.0593682427127924,0.,0.00563977821829082));
#4041=CARTESIAN_POINT('',(-0.0591534329606535,0.,0.00601227891679493));
#4042=CARTESIAN_POINT('',(-0.0597366375471889,0.,0.00586155568781808));
#4043=CARTESIAN_POINT('',(-0.0592410866771607,0.,0.00606282613239094));
#4044=CARTESIAN_POINT('',(-0.0589699758237102,0.,0.00590648480077539));
#4045=CARTESIAN_POINT('',(-0.0581411279414885,0.,0.00734378646891209));
#4046=CARTESIAN_POINT('',(-0.0569148553889691,0.,0.00622616375796292));
#4047=CARTESIAN_POINT('',(-0.0581545360312315,0.,0.00732889527664361));
#4048=CARTESIAN_POINT('',(-0.0568117462474315,0.,0.00830344157806501));
#4049=CARTESIAN_POINT('',(-0.0569361373048142,0.,0.00847483522124646));
#4050=CARTESIAN_POINT('',(-0.0569361373048142,0.,0.00847483522124646));
#4051=CARTESIAN_POINT('',(-0.0565881309373979,0.,0.00872740514866794));
#4052=CARTESIAN_POINT('',(-0.0568472012326573,0.,0.0090705998195388));
#4053=CARTESIAN_POINT('',(-0.05,0.,7.57129049699026E-19));
#4054=CARTESIAN_POINT('',(-0.05,0.,0.));
#4055=CARTESIAN_POINT('',(-0.0562644111161652,0.,0.00896260136595175));
#4056=CARTESIAN_POINT('',(-0.0559166629591885,-2.60208521396521E-18,0.00921552668955396));
#4057=CARTESIAN_POINT('',(-0.0565107515202818,0.,0.00931504484411476));
#4058=CARTESIAN_POINT('',(-0.0559761792089608,-6.93889390390723E-18,0.00929735584716343));
#4059=CARTESIAN_POINT('',(-0.0557920968686688,-2.60208521396521E-18,0.00904426021539039));
#4060=CARTESIAN_POINT('',(-0.0544503033952033,0.,0.0100201778203435));
#4061=CARTESIAN_POINT('',(-0.0537846257846903,0.,0.00850040868789164));
#4062=CARTESIAN_POINT('',(-0.0544686090882383,0.,0.0100120276006998));
#4063=CARTESIAN_POINT('',(-0.0528455258895169,1.7347234759768E-18,0.0103561581386064));
#4064=CARTESIAN_POINT('',(-0.0528894506998881,0.,0.0105633284239122));
#4065=CARTESIAN_POINT('',(-0.0528894506998881,-3.46944695195361E-18,0.0105633284239122));
#4066=CARTESIAN_POINT('',(-0.0524688016192829,0.,0.0106525155921933));
#4067=CARTESIAN_POINT('',(-0.0525658842623758,0.,0.011071412907069));
#4068=CARTESIAN_POINT('',(-0.05,0.,7.57129049699026E-19));
#4069=CARTESIAN_POINT('',(-0.05,0.,0.));
#4070=CARTESIAN_POINT('',(-0.0520774059271648,0.,0.0107357093147624));
#4071=CARTESIAN_POINT('',(-0.0516568481808843,0.,0.0108253261772574));
#4072=CARTESIAN_POINT('',(-0.0521590974071973,0.,0.0111578781223382));
#4073=CARTESIAN_POINT('',(-0.0516779360636478,0.,0.0109242882721351));
#4074=CARTESIAN_POINT('',(-0.0516127117454864,0.,0.0106182008742397));
#4075=CARTESIAN_POINT('',(-0.0499899809621503,0.,0.0109639893961797));
#4076=CARTESIAN_POINT('',(-0.05,0.,0.0093048557318921));
#4077=CARTESIAN_POINT('',(-0.0500100190378497,0.,0.0109639893961797));
#4078=CARTESIAN_POINT('',(-0.0483872882545136,0.,0.0106182008742398));
#4079=CARTESIAN_POINT('',(-0.0483431518191158,0.,0.0108253261772574));
#4080=CARTESIAN_POINT('',(-0.0483431518191157,-8.67361737988404E-19,0.0108253261772574));
#4081=CARTESIAN_POINT('',(-0.0479225940728352,0.,0.0107357093147624));
#4082=CARTESIAN_POINT('',(-0.0478409025928027,0.,0.0111578781223383));
#4083=CARTESIAN_POINT('',(-0.05,0.,7.57129049699026E-19));
#4084=CARTESIAN_POINT('',(-0.05,0.,0.));
#4085=CARTESIAN_POINT('',(-0.0475311983807171,0.,0.0106525155921933));
#4086=CARTESIAN_POINT('',(-0.0471105493001119,-2.60208521396521E-18,0.0105633284239122));
#4087=CARTESIAN_POINT('',(-0.0474341157376243,4.33680868994202E-19,0.011071412907069));
#4088=CARTESIAN_POINT('',(-0.0470895625293596,-6.93889390390723E-18,0.0106623120108113));
#4089=CARTESIAN_POINT('',(-0.0471544741104832,-2.60208521396521E-18,0.0103561581386065));
#4090=CARTESIAN_POINT('',(-0.0455313909117617,0.,0.0100120276006998));
#4091=CARTESIAN_POINT('',(-0.0462153742153095,0.,0.00850040868789151));
#4092=CARTESIAN_POINT('',(-0.0455496966047967,0.,0.0100201778203435));
#4093=CARTESIAN_POINT('',(-0.0442079031313313,0.,0.00904426021539036));
#4094=CARTESIAN_POINT('',(-0.0440833370408115,0.,0.00921552668955396));
#4095=CARTESIAN_POINT('',(-0.0440833370408115,0.,0.00921552668955396));
#4096=CARTESIAN_POINT('',(-0.0437355888838348,0.,0.00896260136595174));
#4097=CARTESIAN_POINT('',(-0.0434892484797182,4.1662689240413E-19,0.00931504484411477));
#4098=CARTESIAN_POINT('',(-0.05,8.67361737988404E-19,7.57129049699026E-19));
#4099=CARTESIAN_POINT('',(-0.05,0.,0.));
#4100=CARTESIAN_POINT('',(-0.0434118690626022,0.,0.00872740514866794));
#4101=CARTESIAN_POINT('',(-0.0430638626951858,0.,0.00847483522124645));
#4102=CARTESIAN_POINT('',(-0.0431527987673427,-1.70539765900703E-20,0.00907059981953877));
#4103=CARTESIAN_POINT('',(-0.0430044300742395,0.,0.00855672513875452));
#4104=CARTESIAN_POINT('',(-0.0431882537525685,0.,0.00830344157806503));
#4105=CARTESIAN_POINT('',(-0.0418454639687685,0.,0.00732889527664361));
#4106=CARTESIAN_POINT('',(-0.0430851446110301,2.60208521396521E-18,0.00622616375796205));
#4107=CARTESIAN_POINT('',(-0.0418588720585115,3.46944695195361E-18,0.00734378646891208));
#4108=CARTESIAN_POINT('',(-0.0410300241762898,1.7347234759768E-18,0.00590648480077538));
#4109=CARTESIAN_POINT('',(-0.0408465670393465,0.,0.00601227891679492));
#4110=CARTESIAN_POINT('',(-0.0408465670393465,0.,0.00601227891679491));
#4111=CARTESIAN_POINT('',(-0.0406317572872077,0.,0.00563977821829081));
#4112=CARTESIAN_POINT('',(-0.0402633624528111,4.1662689240413E-19,0.00586155568781809));
#4113=CARTESIAN_POINT('',(-0.05,8.67361737988404E-19,7.57129049699026E-19));
#4114=CARTESIAN_POINT('',(-0.05,0.,0.));
#4115=CARTESIAN_POINT('',(-0.0404316874348538,0.,0.00529324706895121));
#4116=CARTESIAN_POINT('',(-0.0402164972430913,0.,0.00492096601736628));
#4117=CARTESIAN_POINT('',(-0.0400554250950579,8.67361737988403E-19,0.00550139761939792));
#4118=CARTESIAN_POINT('',(-0.040128895212041,0.,0.00497160275479959));
#4119=CARTESIAN_POINT('',(-0.0403998462036068,0.,0.00481498453427755));
#4120=CARTESIAN_POINT('',(-0.0395695303872095,0.,0.00337853037833233));
#4121=CARTESIAN_POINT('',(-0.0411505563229992,0.,0.0028753585513663));
#4122=CARTESIAN_POINT('',(-0.0395757224931351,0.,0.00339758772080018));
#4123=CARTESIAN_POINT('',(-0.03940313553084,0.,0.00174742450537645));
#4124=CARTESIAN_POINT('',(-0.0391925087531064,0.,0.00176945349948278));
#4125=CARTESIAN_POINT('',(-0.0391925087531064,-5.20417042793042E-18,0.00176945349948279));
#4126=CARTESIAN_POINT('',(-0.0391477799634355,0.,0.00134178618091076));
#4127=CARTESIAN_POINT('',(-0.0387210295123882,8.33253784808259E-19,0.00139455030253597));
#4128=CARTESIAN_POINT('',(-0.05,1.7347234759768E-18,7.57129049699026E-19));
#4129=CARTESIAN_POINT('',(-0.05,0.,0.));
#4130=CARTESIAN_POINT('',(-0.0391059539750101,0.,0.000943838483372836));
#4131=CARTESIAN_POINT('',(-0.0390607882979985,-2.60208521396521E-18,0.000516217083510657));
#4132=CARTESIAN_POINT('',(-0.0386775587674645,4.33680868994202E-19,0.000980953792234805));
#4133=CARTESIAN_POINT('',(-0.0389601640438523,-6.93889390390723E-18,0.000526845088946684));
#4134=CARTESIAN_POINT('',(-0.0392713924607006,-4.33680868994202E-18,0.00049397292175225));
#4135=CARTESIAN_POINT('',(-0.0390971197595435,-3.46944695195361E-18,-0.00115601311537754));
#4136=CARTESIAN_POINT('',(-0.0407461172413902,-1.7347234759768E-18,-0.000972622270581055));
#4137=CARTESIAN_POINT('',(-0.0390950252102838,0.,-0.00113608481035352));
#4138=CARTESIAN_POINT('',(-0.0396085410215994,0.,-0.00271378136185532));
#4139=CARTESIAN_POINT('',(-0.0394071638864298,0.,-0.00277932650287032));
#4140=CARTESIAN_POINT('',(-0.0394071638864298,0.,-0.00277932650287032));
#4141=CARTESIAN_POINT('',(-0.0395402500733094,0.,-0.00318821287689353));
#4142=CARTESIAN_POINT('',(-0.0391289330355035,0.,-0.0033135854991464));
#4143=CARTESIAN_POINT('',(-0.05,0.,7.57129049699026E-19));
#4144=CARTESIAN_POINT('',(-0.05,0.,0.));
#4145=CARTESIAN_POINT('',(-0.0396639000421882,0.,-0.00356876835048413));
#4146=CARTESIAN_POINT('',(-0.0397965684358003,0.,-0.00397779047376892));
#4147=CARTESIAN_POINT('',(-0.0392574453901258,4.16626892404131E-19,-0.00370910585729115));
#4148=CARTESIAN_POINT('',(-0.0397003208062427,0.,-0.00400900887902247));
#4149=CARTESIAN_POINT('',(-0.039998012427679,0.,-0.00391245109654714));
#4150=CARTESIAN_POINT('',(-0.04050991617501,0.,-0.00549067143938917));
#4151=CARTESIAN_POINT('',(-0.0419417585576322,0.,-0.00465242786594614));
#4152=CARTESIAN_POINT('',(-0.0404998971371603,0.,-0.0054733179567906));
#4153=CARTESIAN_POINT('',(-0.0416107241731655,0.,-0.00670574977769263));
#4154=CARTESIAN_POINT('',(-0.0414534166166845,0.,-0.00684753570348853));
#4155=CARTESIAN_POINT('',(-0.0414534166166845,-3.46944695195361E-18,-0.00684753570348853));
#4156=CARTESIAN_POINT('',(-0.0417413059693529,0.,-0.00716694096427824));
#4157=CARTESIAN_POINT('',(-0.0414165427973231,4.1662689240413E-19,-0.00744877226504714));
#4158=CARTESIAN_POINT('',(-0.05,8.67361737988404E-19,7.57129049699026E-19));
#4159=CARTESIAN_POINT('',(-0.05,0.,0.));
#4160=CARTESIAN_POINT('',(-0.0420090516925922,0.,-0.00746430271529975));
#4161=CARTESIAN_POINT('',(-0.0422966145863179,0.,-0.00778400192104188));
#4162=CARTESIAN_POINT('',(-0.0416948172978793,4.33680868994202E-19,-0.00775782740792257));
#4163=CARTESIAN_POINT('',(-0.0422213856708816,0.,-0.00785166879110636));
#4164=CARTESIAN_POINT('',(-0.0424540669111162,0.,-0.00764237677675115));
#4165=CARTESIAN_POINT('',(-0.0435636342985221,0.,-0.00887594279034633));
#4166=CARTESIAN_POINT('',(-0.0445307430260849,0.,-0.00752778641730802));
#4167=CARTESIAN_POINT('',(-0.0435474231547468,0.,-0.00886416470496595));
#4168=CARTESIAN_POINT('',(-0.0450634893293694,0.,-0.00953823313714262));
#4169=CARTESIAN_POINT('',(-0.044977451257187,0.,-0.00973174377306463));
#4170=CARTESIAN_POINT('',(-0.044977451257187,-3.46944695195361E-18,-0.00973174377306463));
#4171=CARTESIAN_POINT('',(-0.0453703650911753,0.,-0.00990643984932459));
#4172=CARTESIAN_POINT('',(-0.0451883102877463,-3.41079531801446E-20,-0.0102959986363496));
#4173=CARTESIAN_POINT('',(-0.05,1.7347234759768E-18,7.57129049699026E-19));
#4174=CARTESIAN_POINT('',(-0.05,-0.006,6.95896709741659E-19));
#4175=CARTESIAN_POINT('',(-0.05,-0.006,7.57129049699026E-19));
#4176=CARTESIAN_POINT('',(-0.0431527987673427,-0.006,0.00907059981953877));
#4177=CARTESIAN_POINT('',(-0.05,0.,6.95896709741659E-19));
#4178=CARTESIAN_POINT('',(-0.0434892484797182,-0.006,0.00931504484411474));
#4179=CARTESIAN_POINT('',(-0.0437355888838348,-0.006,0.00896260136595174));
#4180=CARTESIAN_POINT('',(-0.0440833370408115,0.0267098404652649,0.00921552668955396));
#4181=CARTESIAN_POINT('',(-0.0475311983807171,-0.006,0.0106525155921933));
#4182=CARTESIAN_POINT('',(-0.0474341157376243,-0.006,0.011071412907069));
#4183=CARTESIAN_POINT('',(-0.0471105493001119,0.0267098404652649,0.0105633284239122));
#4184=CARTESIAN_POINT('',(-0.0470895625293596,0.0267098404652649,0.0106623120108113));
#4185=CARTESIAN_POINT('',(-0.0471544741104831,0.0267098404652649,0.0103561581386065));
#4186=CARTESIAN_POINT('',(-0.0440238207910393,0.0267098404652649,0.00929735584716342));
#4187=CARTESIAN_POINT('',(-0.0442079031313313,0.0267098404652649,0.00904426021539038));
#4188=CARTESIAN_POINT('',(-0.0455496966047967,0.0267098404652649,0.0100201778203435));
#4189=CARTESIAN_POINT('',(-0.0462153742153095,-0.00599999991666666,0.00850040868789151));
#4190=CARTESIAN_POINT('',(-0.0455313909117617,0.0267098404652649,0.0100120276006998));
#4191=CARTESIAN_POINT('',(-0.05,-0.006,6.95896709741659E-19));
#4192=CARTESIAN_POINT('',(-0.05,-0.006,7.57129049699026E-19));
#4193=CARTESIAN_POINT('',(-0.0400554250950579,-0.006,0.00550139761939792));
#4194=CARTESIAN_POINT('',(-0.05,0.,6.95896709741659E-19));
#4195=CARTESIAN_POINT('',(-0.0402633624528111,-0.006,0.00586155568781808));
#4196=CARTESIAN_POINT('',(-0.0406317572872077,-0.006,0.00563977821829081));
#4197=CARTESIAN_POINT('',(-0.0408465670393465,0.0267098404652649,0.00601227891679491));
#4198=CARTESIAN_POINT('',(-0.0434118690626022,-0.006,0.00872740514866794));
#4199=CARTESIAN_POINT('',(-0.0430638626951858,0.0267098404652649,0.00847483522124645));
#4200=CARTESIAN_POINT('',(-0.0430044300742395,0.0267098404652649,0.00855672513875452));
#4201=CARTESIAN_POINT('',(-0.0431882537525685,0.0267098404652649,0.00830344157806503));
#4202=CARTESIAN_POINT('',(-0.0407589133228393,0.0267098404652649,0.00606282613239093));
#4203=CARTESIAN_POINT('',(-0.0410300241762898,0.0267098404652649,0.00590648480077538));
#4204=CARTESIAN_POINT('',(-0.0418588720585115,0.0267098404652649,0.00734378646891208));
#4205=CARTESIAN_POINT('',(-0.0430851446110301,-0.00599999991666666,0.00622616375796205));
#4206=CARTESIAN_POINT('',(-0.0418454639687685,0.0267098404652649,0.00732889527664361));
#4207=CARTESIAN_POINT('',(-0.05,-0.006,6.95896709741659E-19));
#4208=CARTESIAN_POINT('',(-0.05,-0.006,7.57129049699026E-19));
#4209=CARTESIAN_POINT('',(-0.0386775587674645,-0.006,0.0009809537922348));
#4210=CARTESIAN_POINT('',(-0.05,0.,6.95896709741659E-19));
#4211=CARTESIAN_POINT('',(-0.0387210295123882,-0.006,0.00139455030253597));
#4212=CARTESIAN_POINT('',(-0.0391477799634355,-0.006,0.00134178618091076));
#4213=CARTESIAN_POINT('',(-0.0391925087531064,0.0267098404652649,0.00176945349948279));
#4214=CARTESIAN_POINT('',(-0.0404316874348538,-0.006,0.00529324706895121));
#4215=CARTESIAN_POINT('',(-0.0402164972430913,0.0267098404652649,0.00492096601736628));
#4216=CARTESIAN_POINT('',(-0.040128895212041,0.0267098404652649,0.00497160275479959));
#4217=CARTESIAN_POINT('',(-0.0403998462036067,0.0267098404652649,0.00481498453427756));
#4218=CARTESIAN_POINT('',(-0.0390918736937574,0.0267098404652649,0.00177997870028177));
#4219=CARTESIAN_POINT('',(-0.03940313553084,0.0267098404652649,0.00174742450537644));
#4220=CARTESIAN_POINT('',(-0.0395757224931351,0.0267098404652649,0.00339758772080018));
#4221=CARTESIAN_POINT('',(-0.0411505563229992,-0.00599999991666666,0.0028753585513663));
#4222=CARTESIAN_POINT('',(-0.0395695303872095,0.0267098404652649,0.00337853037833233));
#4223=CARTESIAN_POINT('',(-0.05,-0.006,6.95896709741659E-19));
#4224=CARTESIAN_POINT('',(-0.05,-0.006,7.57129049699026E-19));
#4225=CARTESIAN_POINT('',(-0.0392574453901258,-0.006,-0.00370910585729114));
#4226=CARTESIAN_POINT('',(-0.05,0.,6.95896709741659E-19));
#4227=CARTESIAN_POINT('',(-0.0391289330355035,-0.006,-0.0033135854991464));
#4228=CARTESIAN_POINT('',(-0.0395402500733094,-0.006,-0.00318821287689353));
#4229=CARTESIAN_POINT('',(-0.0394071638864298,0.0267098404652649,-0.00277932650287032));
#4230=CARTESIAN_POINT('',(-0.0391059539750101,-0.006,0.000943838483372836));
#4231=CARTESIAN_POINT('',(-0.0390607882979985,0.0267098404652649,0.00051621708351066));
#4232=CARTESIAN_POINT('',(-0.0389601640438523,0.0267098404652649,0.000526845088946684));
#4233=CARTESIAN_POINT('',(-0.0392713924607006,0.0267098404652649,0.000493972921752252));
#4234=CARTESIAN_POINT('',(-0.0393109482002413,0.0267098404652649,-0.00281064321970496));
#4235=CARTESIAN_POINT('',(-0.0396085410215994,0.0267098404652649,-0.00271378136185534));
#4236=CARTESIAN_POINT('',(-0.0390950252102838,0.0267098404652649,-0.00113608481035352));
#4237=CARTESIAN_POINT('',(-0.0407461172413902,-0.00599999991666666,-0.000972622270581055));
#4238=CARTESIAN_POINT('',(-0.0390971197595435,0.0267098404652649,-0.00115601311537754));
#4239=CARTESIAN_POINT('',(-0.05,-0.006,6.95896709741659E-19));
#4240=CARTESIAN_POINT('',(-0.05,-0.006,7.57129049699026E-19));
#4241=CARTESIAN_POINT('',(-0.0416948172978793,-0.006,-0.00775782740792257));
#4242=CARTESIAN_POINT('',(-0.05,0.,6.95896709741659E-19));
#4243=CARTESIAN_POINT('',(-0.0414165427973232,-0.006,-0.00744877226504712));
#4244=CARTESIAN_POINT('',(-0.0417413059693529,-0.006,-0.00716694096427824));
#4245=CARTESIAN_POINT('',(-0.0414534166166845,0.0267098404652649,-0.00684753570348853));
#4246=CARTESIAN_POINT('',(-0.0396639000421882,-0.006,-0.00356876835048413));
#4247=CARTESIAN_POINT('',(-0.0397965684358003,0.0267098404652649,-0.00397779047376891));
#4248=CARTESIAN_POINT('',(-0.0397003208062427,0.0267098404652649,-0.00400900887902247));
#4249=CARTESIAN_POINT('',(-0.039998012427679,0.0267098404652649,-0.00391245109654715));
#4250=CARTESIAN_POINT('',(-0.0413782568698905,0.0267098404652649,-0.00691527939311265));
#4251=CARTESIAN_POINT('',(-0.0416107241731655,0.0267098404652649,-0.00670574977769263));
#4252=CARTESIAN_POINT('',(-0.0404998971371603,0.0267098404652649,-0.0054733179567906));
#4253=CARTESIAN_POINT('',(-0.0419417585576322,-0.00599999991666666,-0.00465242786594614));
#4254=CARTESIAN_POINT('',(-0.04050991617501,0.0267098404652649,-0.00549067143938917));
#4255=CARTESIAN_POINT('',(-0.05,-0.006,6.95896709741659E-19));
#4256=CARTESIAN_POINT('',(-0.05,-0.006,7.57129049699026E-19));
#4257=CARTESIAN_POINT('',(-0.0455682307450456,-0.006,-0.0104651501220747));
#4258=CARTESIAN_POINT('',(-0.0455682307450455,8.67361737988403E-19,-0.0104651501220748));
#4259=CARTESIAN_POINT('',(-0.05,0.,6.95896709741659E-19));
#4260=CARTESIAN_POINT('',(-0.0451883102877463,-0.006,-0.0102959986363496));
#4261=CARTESIAN_POINT('',(-0.0453703650911753,-0.006,-0.00990643984932459));
#4262=CARTESIAN_POINT('',(-0.044977451257187,0.0267098404652649,-0.00973174377306463));
#4263=CARTESIAN_POINT('',(-0.0420090516925922,-0.006,-0.00746430271529975));
#4264=CARTESIAN_POINT('',(-0.0422966145863179,0.0267098404652649,-0.00778400192104188));
#4265=CARTESIAN_POINT('',(-0.0422213856708816,0.0267098404652649,-0.00785166879110636));
#4266=CARTESIAN_POINT('',(-0.0424540669111162,0.0267098404652649,-0.00764237677675115));
#4267=CARTESIAN_POINT('',(-0.0449363432528131,0.0267098404652649,-0.00982420093611012));
#4268=CARTESIAN_POINT('',(-0.0450634893293694,0.0267098404652649,-0.00953823313714264));
#4269=CARTESIAN_POINT('',(-0.0435474231547468,0.0267098404652649,-0.00886416470496595));
#4270=CARTESIAN_POINT('',(-0.0445307430260849,-0.00599999991666666,-0.00752778641730802));
#4271=CARTESIAN_POINT('',(-0.0435636342985221,0.0267098404652649,-0.00887594279034633));
#4272=CARTESIAN_POINT('',(-0.05,-0.006,6.95896709741659E-19));
#4273=CARTESIAN_POINT('',(-0.05,-0.006,7.57129049699026E-19));
#4274=CARTESIAN_POINT('',(-0.0502079373577532,-0.006,-0.011362953307216));
#4275=CARTESIAN_POINT('',(-0.0502079373577532,-0.006,-0.011362953307216));
#4276=CARTESIAN_POINT('',(-0.05,0.,6.95896709741659E-19));
#4277=CARTESIAN_POINT('',(-0.0497920626422468,-1.70539765900717E-20,-0.011362953307216));
#4278=CARTESIAN_POINT('',(-0.0497920626422468,-0.006,-0.011362953307216));
#4279=CARTESIAN_POINT('',(-0.0497999301476462,-0.006,-0.010933025287242));
#4280=CARTESIAN_POINT('',(-0.0497999301476462,0.,-0.010933025287242));
#4281=CARTESIAN_POINT('',(-0.0493699302037448,-5.20417042793042E-18,-0.0109332449341612));
#4282=CARTESIAN_POINT('',(-0.0493699302037448,0.0267098404652649,-0.0109332449341612));
#4283=CARTESIAN_POINT('',(-0.0457359109008334,-0.006,-0.0100691913295787));
#4284=CARTESIAN_POINT('',(-0.0457359109008334,0.,-0.0100691913295787));
#4285=CARTESIAN_POINT('',(-0.0461286460579206,0.,-0.0102442887207292));
#4286=CARTESIAN_POINT('',(-0.0461286460579206,0.0267098404652649,-0.0102442887207292));
#4287=CARTESIAN_POINT('',(-0.0460874436195179,0.0267098404652649,-0.0103367038390363));
#4288=CARTESIAN_POINT('',(-0.0462148817782715,0.0267098404652649,-0.0100508660834415));
#4289=CARTESIAN_POINT('',(-0.0462148817782715,0.,-0.0100508660834415));
#4290=CARTESIAN_POINT('',(-0.0460874436195179,0.,-0.0103367038390363));
#4291=CARTESIAN_POINT('',(-0.0493699818892016,0.0267098404652649,-0.0110344288871905));
#4292=CARTESIAN_POINT('',(-0.0493699302037448,0.,-0.0109332449341612));
#4293=CARTESIAN_POINT('',(-0.0493698220273169,1.7347234759768E-18,-0.0107214693350529));
#4294=CARTESIAN_POINT('',(-0.0493698220273169,0.0267098404652649,-0.0107214693350529));
#4295=CARTESIAN_POINT('',(-0.047710658328698,0.0267098404652649,-0.0107223168472444));
#4296=CARTESIAN_POINT('',(-0.047710658328698,3.46944695195361E-18,-0.0107223168472444));
#4297=CARTESIAN_POINT('',(-0.0480654117119687,1.7347234759768E-18,-0.00910152230932486));
#4298=CARTESIAN_POINT('',(-0.0480654117119687,-0.00599999991666666,-0.00910152230932486));
#4299=CARTESIAN_POINT('',(-0.0477302585243666,0.0267098404652649,-0.0107264829974438));
#4300=CARTESIAN_POINT('',(-0.0477302585243666,0.,-0.0107264829974438));
#4301=CARTESIAN_POINT('',(-0.05,-0.006,6.95896709741659E-19));
#4302=CARTESIAN_POINT('',(-0.05,-0.006,7.57129049699026E-19));
#4303=CARTESIAN_POINT('',(-0.0544317692549545,-0.006,-0.0104651501220748));
#4304=CARTESIAN_POINT('',(-0.0548116897122538,-0.006,-0.0102959986363496));
#4305=CARTESIAN_POINT('',(-0.05,0.,6.95896709741659E-19));
#4306=CARTESIAN_POINT('',(-0.0544317692549545,-0.006,-0.0104651501220747));
#4307=CARTESIAN_POINT('',(-0.0542640890991666,-0.006,-0.0100691913295787));
#4308=CARTESIAN_POINT('',(-0.0538713539420794,0.0267098404652649,-0.0102442887207292));
#4309=CARTESIAN_POINT('',(-0.0538713539420795,-0.006,-0.0102442887207292));
#4310=CARTESIAN_POINT('',(-0.0542640890991666,-0.006,-0.0100691913295787));
#4311=CARTESIAN_POINT('',(-0.0502000698523538,-0.006,-0.010933025287242));
#4312=CARTESIAN_POINT('',(-0.0502000698523538,-0.006,-0.010933025287242));
#4313=CARTESIAN_POINT('',(-0.0506300697962552,-0.006,-0.0109332449341612));
#4314=CARTESIAN_POINT('',(-0.0506300697962552,0.0267098404652649,-0.0109332449341612));
#4315=CARTESIAN_POINT('',(-0.0506300181107984,0.0267098404652649,-0.0110344288871905));
#4316=CARTESIAN_POINT('',(-0.0506300697962552,-0.006,-0.0109332449341612));
#4317=CARTESIAN_POINT('',(-0.0506301779726831,-0.006,-0.0107214693350529));
#4318=CARTESIAN_POINT('',(-0.0506301779726831,0.0267098404652649,-0.0107214693350529));
#4319=CARTESIAN_POINT('',(-0.0539125563804821,0.0267098404652649,-0.0103367038390363));
#4320=CARTESIAN_POINT('',(-0.0537851182217286,0.0267098404652649,-0.0100508660834415));
#4321=CARTESIAN_POINT('',(-0.0537851182217285,-0.006,-0.0100508660834415));
#4322=CARTESIAN_POINT('',(-0.0539125563804821,-0.006,-0.0103367038390363));
#4323=CARTESIAN_POINT('',(-0.0522697414756334,0.0267098404652649,-0.0107264829974438));
#4324=CARTESIAN_POINT('',(-0.0522697414756334,-0.006,-0.0107264829974438));
#4325=CARTESIAN_POINT('',(-0.0519345882880313,-0.006,-0.00910152230932486));
#4326=CARTESIAN_POINT('',(-0.0519345882880313,-0.00599999991666666,-0.00910152230932486));
#4327=CARTESIAN_POINT('',(-0.052289341671302,0.0267098404652649,-0.0107223168472444));
#4328=CARTESIAN_POINT('',(-0.052289341671302,-0.006,-0.0107223168472444));
#4329=CARTESIAN_POINT('',(-0.05,-0.006,6.95896709741659E-19));
#4330=CARTESIAN_POINT('',(-0.05,-0.006,7.57129049699026E-19));
#4331=CARTESIAN_POINT('',(-0.0585834572026769,-0.006,-0.00744877226504711));
#4332=CARTESIAN_POINT('',(-0.05,0.,6.95896709741659E-19));
#4333=CARTESIAN_POINT('',(-0.0583051827021208,-0.006,-0.00775782740792257));
#4334=CARTESIAN_POINT('',(-0.0579909483074078,-0.006,-0.00746430271529975));
#4335=CARTESIAN_POINT('',(-0.0577033854136822,0.0267098404652649,-0.00778400192104187));
#4336=CARTESIAN_POINT('',(-0.0546296349088247,-0.006,-0.00990643984932459));
#4337=CARTESIAN_POINT('',(-0.055022548742813,0.0267098404652649,-0.00973174377306463));
#4338=CARTESIAN_POINT('',(-0.0550636567471869,0.0267098404652649,-0.00982420093611012));
#4339=CARTESIAN_POINT('',(-0.0549365106706306,0.0267098404652649,-0.00953823313714264));
#4340=CARTESIAN_POINT('',(-0.0577786143291184,0.0267098404652649,-0.00785166879110635));
#4341=CARTESIAN_POINT('',(-0.0575459330888837,0.0267098404652649,-0.00764237677675114));
#4342=CARTESIAN_POINT('',(-0.0564363657014779,0.0267098404652649,-0.00887594279034633));
#4343=CARTESIAN_POINT('',(-0.0554692569739151,-0.00599999991666666,-0.00752778641730802));
#4344=CARTESIAN_POINT('',(-0.0564525768452532,0.0267098404652649,-0.00886416470496595));
#4345=CARTESIAN_POINT('',(-0.05,-0.006,6.95896709741659E-19));
#4346=CARTESIAN_POINT('',(-0.05,-0.006,7.57129049699026E-19));
#4347=CARTESIAN_POINT('',(-0.0608710669644965,-0.006,-0.00331358549914638));
#4348=CARTESIAN_POINT('',(-0.05,0.,6.95896709741659E-19));
#4349=CARTESIAN_POINT('',(-0.0607425546098742,-0.006,-0.00370910585729116));
#4350=CARTESIAN_POINT('',(-0.0603360999578118,-0.006,-0.00356876835048412));
#4351=CARTESIAN_POINT('',(-0.0602034315641998,0.0267098404652649,-0.00397779047376893));
#4352=CARTESIAN_POINT('',(-0.0582586940306471,-0.006,-0.00716694096427823));
#4353=CARTESIAN_POINT('',(-0.0585465833833155,0.0267098404652649,-0.00684753570348852));
#4354=CARTESIAN_POINT('',(-0.0586217431301095,0.0267098404652649,-0.00691527939311264));
#4355=CARTESIAN_POINT('',(-0.0583892758268346,0.0267098404652649,-0.00670574977769263));
#4356=CARTESIAN_POINT('',(-0.0602996791937573,0.0267098404652649,-0.00400900887902246));
#4357=CARTESIAN_POINT('',(-0.060001987572321,0.0267098404652649,-0.00391245109654714));
#4358=CARTESIAN_POINT('',(-0.05949008382499,0.0267098404652649,-0.00549067143938916));
#4359=CARTESIAN_POINT('',(-0.0580582414423681,-0.00599999991666666,-0.00465242786594561));
#4360=CARTESIAN_POINT('',(-0.0595001028628397,0.0267098404652649,-0.00547331795679059));
#4361=CARTESIAN_POINT('',(-0.05,-0.006,6.95896709741659E-19));
#4362=CARTESIAN_POINT('',(-0.05,-0.006,7.57129049699026E-19));
#4363=CARTESIAN_POINT('',(-0.0612789704876118,-0.006,0.00139455030253596));
#4364=CARTESIAN_POINT('',(-0.05,0.,6.95896709741659E-19));
#4365=CARTESIAN_POINT('',(-0.0613224412325355,-0.006,0.000980953792234816));
#4366=CARTESIAN_POINT('',(-0.0608940460249899,-0.006,0.000943838483372845));
#4367=CARTESIAN_POINT('',(-0.0609392117020015,0.0267098404652649,0.000516217083510669));
#4368=CARTESIAN_POINT('',(-0.0604597499266906,-0.006,-0.00318821287689353));
#4369=CARTESIAN_POINT('',(-0.0605928361135702,0.0267098404652649,-0.00277932650287032));
#4370=CARTESIAN_POINT('',(-0.0606890517997587,0.0267098404652649,-0.00281064321970496));
#4371=CARTESIAN_POINT('',(-0.0603914589784006,0.0267098404652649,-0.00271378136185534));
#4372=CARTESIAN_POINT('',(-0.0610398359561477,0.0267098404652649,0.000526845088946693));
#4373=CARTESIAN_POINT('',(-0.0607286075392994,0.0267098404652649,0.000493972921752256));
#4374=CARTESIAN_POINT('',(-0.0609028802404565,0.0267098404652649,-0.00115601311537753));
#4375=CARTESIAN_POINT('',(-0.0592538827586098,-0.00599999991666666,-0.000972622270581046));
#4376=CARTESIAN_POINT('',(-0.0609049747897162,0.0267098404652649,-0.00113608481035351));
#4377=CARTESIAN_POINT('',(-0.05,-0.006,6.95896709741659E-19));
#4378=CARTESIAN_POINT('',(-0.05,-0.006,7.57129049699026E-19));
#4379=CARTESIAN_POINT('',(-0.0597366375471889,-0.006,0.00586155568781808));
#4380=CARTESIAN_POINT('',(-0.05,0.,6.95896709741659E-19));
#4381=CARTESIAN_POINT('',(-0.0599445749049421,-0.006,0.00550139761939793));
#4382=CARTESIAN_POINT('',(-0.0595683125651462,-0.006,0.00529324706895122));
#4383=CARTESIAN_POINT('',(-0.0597835027569088,0.0267098404652649,0.00492096601736628));
#4384=CARTESIAN_POINT('',(-0.0608522200365645,-0.006,0.00134178618091077));
#4385=CARTESIAN_POINT('',(-0.0608074912468936,0.0267098404652649,0.00176945349948279));
#4386=CARTESIAN_POINT('',(-0.0609081263062426,0.0267098404652649,0.00177997870028177));
#4387=CARTESIAN_POINT('',(-0.06059686446916,0.0267098404652649,0.00174742450537646));
#4388=CARTESIAN_POINT('',(-0.059871104787959,0.0267098404652649,0.00497160275479959));
#4389=CARTESIAN_POINT('',(-0.0596001537963932,0.0267098404652649,0.00481498453427758));
#4390=CARTESIAN_POINT('',(-0.0604304696127905,0.0267098404652649,0.00337853037833233));
#4391=CARTESIAN_POINT('',(-0.0588494436770008,-0.00599999991666666,0.00287535855136656));
#4392=CARTESIAN_POINT('',(-0.0604242775068649,0.0267098404652649,0.00339758772080019));
#4393=CARTESIAN_POINT('',(-0.05,-0.006,6.95896709741659E-19));
#4394=CARTESIAN_POINT('',(-0.05,-0.006,7.57129049699026E-19));
#4395=CARTESIAN_POINT('',(-0.0565107515202818,-0.006,0.00931504484411476));
#4396=CARTESIAN_POINT('',(-0.05,0.,6.95896709741659E-19));
#4397=CARTESIAN_POINT('',(-0.0568472012326573,-0.006,0.00907059981953878));
#4398=CARTESIAN_POINT('',(-0.0565881309373979,-0.006,0.00872740514866794));
#4399=CARTESIAN_POINT('',(-0.0569361373048142,0.0267098404652649,0.00847483522124646));
#4400=CARTESIAN_POINT('',(-0.0593682427127924,-0.006,0.00563977821829082));
#4401=CARTESIAN_POINT('',(-0.0591534329606535,0.0267098404652649,0.00601227891679493));
#4402=CARTESIAN_POINT('',(-0.0592410866771607,0.0267098404652649,0.00606282613239094));
#4403=CARTESIAN_POINT('',(-0.0589699758237102,0.0267098404652649,0.0059064848007754));
#4404=CARTESIAN_POINT('',(-0.0569955699257605,0.0267098404652649,0.00855672513875453));
#4405=CARTESIAN_POINT('',(-0.0568117462474315,0.0267098404652649,0.00830344157806503));
#4406=CARTESIAN_POINT('',(-0.0581545360312315,0.0267098404652649,0.00732889527664361));
#4407=CARTESIAN_POINT('',(-0.0569148553889691,-0.00599999991666666,0.00622616375796292));
#4408=CARTESIAN_POINT('',(-0.0581411279414885,0.0267098404652649,0.00734378646891209));
#4409=CARTESIAN_POINT('',(-0.05,-0.006,6.95896709741659E-19));
#4410=CARTESIAN_POINT('',(-0.05,-0.006,7.57129049699026E-19));
#4411=CARTESIAN_POINT('',(-0.0521590974071973,-0.006,0.0111578781223382));
#4412=CARTESIAN_POINT('',(-0.05,0.,6.95896709741659E-19));
#4413=CARTESIAN_POINT('',(-0.0525658842623757,-0.006,0.011071412907069));
#4414=CARTESIAN_POINT('',(-0.0524688016192829,-0.006,0.0106525155921933));
#4415=CARTESIAN_POINT('',(-0.0528894506998881,0.0267098404652649,0.0105633284239122));
#4416=CARTESIAN_POINT('',(-0.0562644111161652,-0.006,0.00896260136595175));
#4417=CARTESIAN_POINT('',(-0.0559166629591885,0.0267098404652649,0.00921552668955396));
#4418=CARTESIAN_POINT('',(-0.0559761792089608,0.0267098404652649,0.00929735584716343));
#4419=CARTESIAN_POINT('',(-0.0557920968686688,0.0267098404652649,0.00904426021539038));
#4420=CARTESIAN_POINT('',(-0.0529104374706404,0.0267098404652649,0.0106623120108113));
#4421=CARTESIAN_POINT('',(-0.0528455258895169,0.0267098404652649,0.0103561581386065));
#4422=CARTESIAN_POINT('',(-0.0544686090882383,0.0267098404652649,0.0100120276006998));
#4423=CARTESIAN_POINT('',(-0.0537846257846903,-0.00599999991666666,0.00850040868789164));
#4424=CARTESIAN_POINT('',(-0.0544503033952033,0.0267098404652649,0.0100201778203435));
#4425=CARTESIAN_POINT('',(-0.05,-0.006,6.95896709741659E-19));
#4426=CARTESIAN_POINT('',(-0.05,-0.006,7.57129049699026E-19));
#4427=CARTESIAN_POINT('',(-0.05,0.,6.95896709741659E-19));
#4428=CARTESIAN_POINT('',(-0.0478409025928027,-0.006,0.0111578781223382));
#4429=CARTESIAN_POINT('',(-0.0516779360636478,0.0267098404652649,0.0109242882721351));
#4430=CARTESIAN_POINT('',(-0.0516127117454864,0.0267098404652649,0.0106182008742398));
#4431=CARTESIAN_POINT('',(-0.0516568481808843,0.0267098404652649,0.0108253261772574));
#4432=CARTESIAN_POINT('',(-0.0483220639363522,0.0267098404652649,0.0109242882721351));
#4433=CARTESIAN_POINT('',(-0.0483872882545136,0.0267098404652649,0.0106182008742398));
#4434=CARTESIAN_POINT('',(-0.0483431518191157,0.0267098404652649,0.0108253261772574));
#4435=CARTESIAN_POINT('',(-0.0500100190378497,0.0267098404652649,0.0109639893961797));
#4436=CARTESIAN_POINT('',(-0.05,-0.00599999991666666,0.0093048557318921));
#4437=CARTESIAN_POINT('',(-0.0499899809621503,0.0267098404652649,0.0109639893961797));
#4438=CARTESIAN_POINT('',(-0.0520774059271648,-0.006,0.0107357093147624));
#4439=CARTESIAN_POINT('',(-0.0479225940728352,-0.006,0.0107357093147624));
#4440=CARTESIAN_POINT('',(-0.05,0.001,0.));
#4441=CARTESIAN_POINT('',(-0.05,0.001,5.97015314584335E-19));
#4442=CARTESIAN_POINT('',(-0.05,0.001,0.00375));
#4443=CARTESIAN_POINT('',(-0.05,0.001,7.57129049699026E-19));
#4444=CARTESIAN_POINT('',(-0.05,0.001,0.0123648557318921));
#4445=CARTESIAN_POINT('',(-0.05,0.,0.));
#4446=CARTESIAN_POINT('',(-0.05,8.67361737988404E-19,7.57129049699026E-19));
#4447=CARTESIAN_POINT('',(-0.05,-0.007,0.));
#4448=CARTESIAN_POINT('',(-0.05,-0.007,1.06329074948586E-18));
#4449=CARTESIAN_POINT('',(-0.05,-0.007,-0.005));
#4450=CARTESIAN_POINT('',(-0.05,-0.007,7.57129049699026E-19));
#4451=CARTESIAN_POINT('',(-0.05,-0.007,-0.0123648557318921));
#4452=CARTESIAN_POINT('',(-0.05,-0.006,0.));
#4453=CARTESIAN_POINT('',(-0.05,-0.006,7.57129049699026E-19));
#4454=CARTESIAN_POINT('',(-0.05,0.,7.57129049699026E-19));
#4455=CARTESIAN_POINT('',(-0.05,-0.007,7.57129049699026E-19));
#4456=CARTESIAN_POINT('',(-0.05,-0.0075,1.06329074948586E-18));
#4457=CARTESIAN_POINT('',(-0.05,-0.0075,1.06329074948586E-18));
#4458=CARTESIAN_POINT('',(-0.05,-0.0075,-0.005));
#4459=CARTESIAN_POINT('',(-0.05,-0.0075,0.));
#4460=CARTESIAN_POINT('',(-0.0483,-0.0075,-0.00294448637286709));
#4461=CARTESIAN_POINT('',(-0.05,-0.0075,-0.00392598183048946));
#4462=CARTESIAN_POINT('',(-0.0466,-0.0075,-0.00196299091524473));
#4463=CARTESIAN_POINT('',(-0.0517,-0.0075,-0.00294448637286708));
#4464=CARTESIAN_POINT('',(-0.0534,-0.0075,-0.00196299091524472));
#4465=CARTESIAN_POINT('',(-0.0534,-0.0075,3.03576608295941E-18));
#4466=CARTESIAN_POINT('',(-0.0534,-0.0075,0.00196299091524473));
#4467=CARTESIAN_POINT('',(-0.0517,-0.0075,0.00294448637286709));
#4468=CARTESIAN_POINT('',(-0.05,-0.0075,0.00392598183048946));
#4469=CARTESIAN_POINT('',(-0.0483,-0.0075,0.00294448637286709));
#4470=CARTESIAN_POINT('',(-0.0466,-0.0075,0.00196299091524473));
#4471=CARTESIAN_POINT('',(-0.0466,-0.0075,-4.33680868994202E-19));
#4472=CARTESIAN_POINT('',(-0.0483,-0.01,-0.00294448637286709));
#4473=CARTESIAN_POINT('',(-0.0466,-0.01,-0.00196299091524473));
#4474=CARTESIAN_POINT('',(-0.0466,-0.01,-0.00196299091524473));
#4475=CARTESIAN_POINT('',(-0.0483,-0.01,-0.00294448637286709));
#4476=CARTESIAN_POINT('',(-0.05,-0.01,-0.00392598183048946));
#4477=CARTESIAN_POINT('',(-0.05,-0.01,-0.00392598183048946));
#4478=CARTESIAN_POINT('',(-0.0466,-0.01,-4.33680868994202E-19));
#4479=CARTESIAN_POINT('',(-0.0466,-0.01,0.00196299091524473));
#4480=CARTESIAN_POINT('',(-0.0466,-0.01,0.00196299091524473));
#4481=CARTESIAN_POINT('',(-0.0466,-0.01,-4.33680868994202E-19));
#4482=CARTESIAN_POINT('',(-0.0483,-0.01,0.00294448637286709));
#4483=CARTESIAN_POINT('',(-0.05,-0.01,0.00392598183048946));
#4484=CARTESIAN_POINT('',(-0.05,-0.01,0.00392598183048946));
#4485=CARTESIAN_POINT('',(-0.0483,-0.01,0.00294448637286709));
#4486=CARTESIAN_POINT('',(-0.0517,-0.01,0.00294448637286709));
#4487=CARTESIAN_POINT('',(-0.0534,-0.01,0.00196299091524473));
#4488=CARTESIAN_POINT('',(-0.0534,-0.01,0.00196299091524473));
#4489=CARTESIAN_POINT('',(-0.0517,-0.01,0.00294448637286709));
#4490=CARTESIAN_POINT('',(-0.0534,-0.01,3.03576608295941E-18));
#4491=CARTESIAN_POINT('',(-0.0534,-0.01,-0.00196299091524472));
#4492=CARTESIAN_POINT('',(-0.0534,-0.01,-0.00196299091524472));
#4493=CARTESIAN_POINT('',(-0.0534,-0.01,3.03576608295941E-18));
#4494=CARTESIAN_POINT('',(-0.0517,-0.01,-0.00294448637286708));
#4495=CARTESIAN_POINT('',(-0.0517,-0.01,-0.00294448637286708));
#4496=CARTESIAN_POINT('',(-0.05,-0.01,1.7347234759768E-18));
#4497=CARTESIAN_POINT('',(0.00430742786594604,-0.0045,0.));
#4498=CARTESIAN_POINT('',(-0.05,-0.0045,5.97015314584335E-19));
#4499=CARTESIAN_POINT('',(-0.05,-0.0045,0.00375));
#4500=CARTESIAN_POINT('',(-0.05,-0.0045,5.97015314584335E-19));
#4501=MECHANICAL_DESIGN_GEOMETRIC_PRESENTATION_REPRESENTATION('',(#2534),
#4502);
#4502=(
GEOMETRIC_REPRESENTATION_CONTEXT(3)
GLOBAL_UNCERTAINTY_ASSIGNED_CONTEXT((#4503))
GLOBAL_UNIT_ASSIGNED_CONTEXT((#4506,#4505,#4504))
REPRESENTATION_CONTEXT('Steering Output Pulley',
'TOP_LEVEL_ASSEMBLY_PART')
);
#4503=UNCERTAINTY_MEASURE_WITH_UNIT(LENGTH_MEASURE(1.E-8),#4506,
'DISTANCE_ACCURACY_VALUE','Maximum Tolerance applied to model');
#4504=(
NAMED_UNIT(*)
SI_UNIT($,.STERADIAN.)
SOLID_ANGLE_UNIT()
);
#4505=(
NAMED_UNIT(*)
PLANE_ANGLE_UNIT()
SI_UNIT($,.RADIAN.)
);
#4506=(
LENGTH_UNIT()
NAMED_UNIT(*)
SI_UNIT($,.METRE.)
);
#4507=PRODUCT_DEFINITION_SHAPE('','',#4508);
#4508=PRODUCT_DEFINITION('','',#4510,#4509);
#4509=PRODUCT_DEFINITION_CONTEXT('',#4516,'design');
#4510=PRODUCT_DEFINITION_FORMATION_WITH_SPECIFIED_SOURCE('','',#4512,
 .NOT_KNOWN.);
#4511=PRODUCT_RELATED_PRODUCT_CATEGORY('','',(#4512));
#4512=PRODUCT('Steering Output Pulley','Steering Output Pulley',
'Steering Output Pulley',(#4514));
#4513=PRODUCT_CATEGORY('','');
#4514=PRODUCT_CONTEXT('',#4516,'mechanical');
#4515=APPLICATION_PROTOCOL_DEFINITION('international standard',
'ap242_managed_model_based_3d_engineering',2020,#4516);
#4516=APPLICATION_CONTEXT('managed model based 3d engineering');
ENDSEC;
END-ISO-10303-21;
