ISO-10303-21;
HEADER;
/* Generated by software containing ST-Developer
 * from STEP Tools, Inc. (www.steptools.com) 
 */
/* OPTION: using custom renumber hook */

FILE_DESCRIPTION(
/* description */ ('STEP AP242 Edition 2',
'CAx-IF Rec.Pracs.---Representation and Presentation of Product Manufa
cturing Information (PMI)---4.0---2014-10-13',
'CAx-IF Rec.Pracs.---3D Tessellated Geometry---0.4---2014-09-14','2;1',
'CAx-IF Rec.Pracs.---User Defined Attributes---1.5---2016-08-15'),
/* implementation_level */ '2;1');

FILE_NAME(
/* name */ 'Assembly 1 - Drive Input Pulley',
/* time_stamp */ '2026-08-06T04:33:44Z',
/* author */ (''),
/* organization */ (''),
/* preprocessor_version */ 'ST-DEVELOPER v20',
/* originating_system */ 'ONSHAPE BY PTC INC, 1.218',
/* authorisation */ '  ');

FILE_SCHEMA (('AP242_MANAGED_MODEL_BASED_3D_ENGINEERING_MIM_LF { 1 0 10303 442 3 1 4 }'));
ENDSEC;

DATA;
#10=SHAPE_REPRESENTATION_RELATIONSHIP('','',#2500,#11);
#11=ADVANCED_BREP_SHAPE_REPRESENTATION('',(#2498),#4422);
#12=CONICAL_SURFACE('',#2830,0.0113648557318921,0.785398163397448);
#13=CONICAL_SURFACE('',#2831,0.0123648557318921,0.785398163397448);
#14=CIRCLE('',#2509,0.005);
#15=CIRCLE('',#2510,0.005);
#16=CIRCLE('',#2512,0.00043);
#17=CIRCLE('',#2513,0.0113648557318921);
#18=CIRCLE('',#2514,0.00043);
#19=CIRCLE('',#2515,0.00165916391507646);
#20=CIRCLE('',#2516,0.00165916391507646);
#21=CIRCLE('',#2518,0.00043);
#22=CIRCLE('',#2519,0.0113648557318921);
#23=CIRCLE('',#2520,0.00043);
#24=CIRCLE('',#2521,0.00165916391507646);
#25=CIRCLE('',#2522,0.00165916391507646);
#26=CIRCLE('',#2524,0.00043);
#27=CIRCLE('',#2525,0.0113648557318921);
#28=CIRCLE('',#2526,0.00043);
#29=CIRCLE('',#2527,0.00165916391507646);
#30=CIRCLE('',#2528,0.00165916391507646);
#31=CIRCLE('',#2530,0.00043);
#32=CIRCLE('',#2531,0.0113648557318921);
#33=CIRCLE('',#2532,0.00043);
#34=CIRCLE('',#2533,0.00165916391507646);
#35=CIRCLE('',#2534,0.00165916391507646);
#36=CIRCLE('',#2536,0.00043);
#37=CIRCLE('',#2537,0.0113648557318921);
#38=CIRCLE('',#2538,0.00043);
#39=CIRCLE('',#2539,0.00165916391507646);
#40=CIRCLE('',#2540,0.00165916391507646);
#41=CIRCLE('',#2542,0.00043);
#42=CIRCLE('',#2543,0.0113648557318921);
#43=CIRCLE('',#2544,0.00043);
#44=CIRCLE('',#2545,0.00165916391507646);
#45=CIRCLE('',#2546,0.00165916391507646);
#46=CIRCLE('',#2548,0.00043);
#47=CIRCLE('',#2549,0.0113648557318921);
#48=CIRCLE('',#2550,0.00043);
#49=CIRCLE('',#2551,0.00165916391507646);
#50=CIRCLE('',#2552,0.00165916391507646);
#51=CIRCLE('',#2554,0.00043);
#52=CIRCLE('',#2555,0.0113648557318921);
#53=CIRCLE('',#2556,0.00043);
#54=CIRCLE('',#2557,0.00165916391507646);
#55=CIRCLE('',#2558,0.00165916391507646);
#56=CIRCLE('',#2560,0.00043);
#57=CIRCLE('',#2561,0.0113648557318921);
#58=CIRCLE('',#2562,0.00043);
#59=CIRCLE('',#2563,0.00165916391507646);
#60=CIRCLE('',#2564,0.00165916391507646);
#61=CIRCLE('',#2566,0.00043);
#62=CIRCLE('',#2567,0.0113648557318921);
#63=CIRCLE('',#2568,0.00043);
#64=CIRCLE('',#2569,0.00165916391507646);
#65=CIRCLE('',#2570,0.00165916391507646);
#66=CIRCLE('',#2572,0.00043);
#67=CIRCLE('',#2573,0.0113648557318921);
#68=CIRCLE('',#2574,0.00043);
#69=CIRCLE('',#2575,0.00165916391507646);
#70=CIRCLE('',#2576,0.00165916391507646);
#71=CIRCLE('',#2578,0.00043);
#72=CIRCLE('',#2579,0.0113648557318921);
#73=CIRCLE('',#2580,0.00043);
#74=CIRCLE('',#2581,0.00165916391507646);
#75=CIRCLE('',#2582,0.00165916391507646);
#76=CIRCLE('',#2584,0.00043);
#77=CIRCLE('',#2585,0.0113648557318921);
#78=CIRCLE('',#2586,0.00043);
#79=CIRCLE('',#2587,0.00165916391507646);
#80=CIRCLE('',#2588,0.00165916391507646);
#81=CIRCLE('',#2590,0.00043);
#82=CIRCLE('',#2591,0.0113648557318921);
#83=CIRCLE('',#2592,0.00043);
#84=CIRCLE('',#2593,0.00165916391507646);
#85=CIRCLE('',#2594,0.00165916391507646);
#86=CIRCLE('',#2596,0.00043);
#87=CIRCLE('',#2597,0.0113648557318921);
#88=CIRCLE('',#2598,0.00043);
#89=CIRCLE('',#2599,0.00165916391507646);
#90=CIRCLE('',#2600,0.00165916391507646);
#91=CIRCLE('',#2602,0.00043);
#92=CIRCLE('',#2603,0.0113648557318921);
#93=CIRCLE('',#2604,0.00043);
#94=CIRCLE('',#2605,0.00165916391507646);
#95=CIRCLE('',#2606,0.00165916391507646);
#96=CIRCLE('',#2608,0.00043);
#97=CIRCLE('',#2609,0.0113648557318921);
#98=CIRCLE('',#2610,0.00043);
#99=CIRCLE('',#2611,0.00165916391507646);
#100=CIRCLE('',#2612,0.00165916391507646);
#101=CIRCLE('',#2614,0.00043);
#102=CIRCLE('',#2615,0.0113648557318921);
#103=CIRCLE('',#2616,0.00043);
#104=CIRCLE('',#2617,0.00165916391507646);
#105=CIRCLE('',#2618,0.00165916391507646);
#106=CIRCLE('',#2620,0.00043);
#107=CIRCLE('',#2621,0.0113648557318921);
#108=CIRCLE('',#2622,0.00043);
#109=CIRCLE('',#2623,0.00165916391507646);
#110=CIRCLE('',#2624,0.00165916391507646);
#111=CIRCLE('',#2626,0.00043);
#112=CIRCLE('',#2627,0.0113648557318921);
#113=CIRCLE('',#2628,0.00043);
#114=CIRCLE('',#2629,0.00165916391507646);
#115=CIRCLE('',#2630,0.00165916391507646);
#116=CIRCLE('',#2632,0.00043);
#117=CIRCLE('',#2633,0.0113648557318921);
#118=CIRCLE('',#2634,0.00043);
#119=CIRCLE('',#2635,0.00165916391507646);
#120=CIRCLE('',#2636,0.00165916391507646);
#121=CIRCLE('',#2638,0.00043);
#122=CIRCLE('',#2639,0.0113648557318921);
#123=CIRCLE('',#2640,0.00043);
#124=CIRCLE('',#2641,0.00165916391507646);
#125=CIRCLE('',#2642,0.00165916391507646);
#126=CIRCLE('',#2644,0.00043);
#127=CIRCLE('',#2645,0.0113648557318921);
#128=CIRCLE('',#2646,0.00043);
#129=CIRCLE('',#2647,0.00165916391507646);
#130=CIRCLE('',#2648,0.00165916391507646);
#131=CIRCLE('',#2650,0.00043);
#132=CIRCLE('',#2651,0.0113648557318921);
#133=CIRCLE('',#2652,0.00043);
#134=CIRCLE('',#2653,0.00165916391507646);
#135=CIRCLE('',#2654,0.00165916391507646);
#136=CIRCLE('',#2656,0.00043);
#137=CIRCLE('',#2657,0.0113648557318921);
#138=CIRCLE('',#2658,0.00043);
#139=CIRCLE('',#2659,0.00165916391507646);
#140=CIRCLE('',#2660,0.00165916391507646);
#141=CIRCLE('',#2662,0.00043);
#142=CIRCLE('',#2663,0.0113648557318921);
#143=CIRCLE('',#2664,0.00043);
#144=CIRCLE('',#2665,0.00165916391507646);
#145=CIRCLE('',#2666,0.00165916391507646);
#146=CIRCLE('',#2668,0.00043);
#147=CIRCLE('',#2669,0.0113648557318921);
#148=CIRCLE('',#2670,0.00043);
#149=CIRCLE('',#2671,0.00165916391507646);
#150=CIRCLE('',#2672,0.00165916391507646);
#151=CIRCLE('',#2674,0.00043);
#152=CIRCLE('',#2675,0.0113648557318921);
#153=CIRCLE('',#2676,0.00043);
#154=CIRCLE('',#2677,0.00165916391507646);
#155=CIRCLE('',#2678,0.00165916391507646);
#156=CIRCLE('',#2680,0.0113648557318921);
#157=CIRCLE('',#2681,0.0113648557318921);
#158=CIRCLE('',#2689,0.0113648557318921);
#159=CIRCLE('',#2690,0.0113648557318921);
#160=CIRCLE('',#2698,0.0113648557318921);
#161=CIRCLE('',#2699,0.0113648557318921);
#162=CIRCLE('',#2707,0.0113648557318921);
#163=CIRCLE('',#2708,0.0113648557318921);
#164=CIRCLE('',#2716,0.0113648557318921);
#165=CIRCLE('',#2717,0.0113648557318921);
#166=CIRCLE('',#2725,0.0113648557318921);
#167=CIRCLE('',#2726,0.0113648557318921);
#168=CIRCLE('',#2734,0.0113648557318921);
#169=CIRCLE('',#2735,0.0113648557318921);
#170=CIRCLE('',#2737,0.00043);
#171=CIRCLE('',#2739,0.00043);
#172=CIRCLE('',#2743,0.00165916391507646);
#173=CIRCLE('',#2745,0.00165916391507646);
#174=CIRCLE('',#2747,0.0113648557318921);
#175=CIRCLE('',#2748,0.0113648557318921);
#176=CIRCLE('',#2750,0.00043);
#177=CIRCLE('',#2752,0.00043);
#178=CIRCLE('',#2756,0.00165916391507646);
#179=CIRCLE('',#2758,0.00165916391507646);
#180=CIRCLE('',#2760,0.0113648557318921);
#181=CIRCLE('',#2761,0.0113648557318921);
#182=CIRCLE('',#2769,0.0113648557318921);
#183=CIRCLE('',#2770,0.0113648557318921);
#184=CIRCLE('',#2778,0.0113648557318921);
#185=CIRCLE('',#2779,0.0113648557318921);
#186=CIRCLE('',#2787,0.0113648557318921);
#187=CIRCLE('',#2788,0.0113648557318921);
#188=CIRCLE('',#2796,0.0113648557318921);
#189=CIRCLE('',#2797,0.0113648557318921);
#190=CIRCLE('',#2805,0.0113648557318921);
#191=CIRCLE('',#2806,0.0113648557318921);
#192=CIRCLE('',#2814,0.0113648557318921);
#193=CIRCLE('',#2815,0.0113648557318921);
#194=CIRCLE('',#2823,0.0123648557318921);
#195=CIRCLE('',#2825,0.0113648557318921);
#196=CIRCLE('',#2827,0.0123648557318921);
#197=CIRCLE('',#2829,0.0113648557318921);
#198=CYLINDRICAL_SURFACE('',#2508,0.005);
#199=CYLINDRICAL_SURFACE('',#2679,0.0113648557318921);
#200=CYLINDRICAL_SURFACE('',#2682,0.00043);
#201=CYLINDRICAL_SURFACE('',#2683,0.00043);
#202=CYLINDRICAL_SURFACE('',#2686,0.00165916391507646);
#203=CYLINDRICAL_SURFACE('',#2687,0.00165916391507646);
#204=CYLINDRICAL_SURFACE('',#2688,0.0113648557318921);
#205=CYLINDRICAL_SURFACE('',#2691,0.00043);
#206=CYLINDRICAL_SURFACE('',#2692,0.00043);
#207=CYLINDRICAL_SURFACE('',#2695,0.00165916391507646);
#208=CYLINDRICAL_SURFACE('',#2696,0.00165916391507646);
#209=CYLINDRICAL_SURFACE('',#2697,0.0113648557318921);
#210=CYLINDRICAL_SURFACE('',#2700,0.00043);
#211=CYLINDRICAL_SURFACE('',#2701,0.00043);
#212=CYLINDRICAL_SURFACE('',#2704,0.00165916391507646);
#213=CYLINDRICAL_SURFACE('',#2705,0.00165916391507646);
#214=CYLINDRICAL_SURFACE('',#2706,0.0113648557318921);
#215=CYLINDRICAL_SURFACE('',#2709,0.00043);
#216=CYLINDRICAL_SURFACE('',#2710,0.00043);
#217=CYLINDRICAL_SURFACE('',#2713,0.00165916391507646);
#218=CYLINDRICAL_SURFACE('',#2714,0.00165916391507646);
#219=CYLINDRICAL_SURFACE('',#2715,0.0113648557318921);
#220=CYLINDRICAL_SURFACE('',#2718,0.00043);
#221=CYLINDRICAL_SURFACE('',#2719,0.00043);
#222=CYLINDRICAL_SURFACE('',#2722,0.00165916391507646);
#223=CYLINDRICAL_SURFACE('',#2723,0.00165916391507646);
#224=CYLINDRICAL_SURFACE('',#2724,0.0113648557318921);
#225=CYLINDRICAL_SURFACE('',#2727,0.00043);
#226=CYLINDRICAL_SURFACE('',#2728,0.00043);
#227=CYLINDRICAL_SURFACE('',#2731,0.00165916391507646);
#228=CYLINDRICAL_SURFACE('',#2732,0.00165916391507646);
#229=CYLINDRICAL_SURFACE('',#2733,0.0113648557318921);
#230=CYLINDRICAL_SURFACE('',#2736,0.00043);
#231=CYLINDRICAL_SURFACE('',#2738,0.00043);
#232=CYLINDRICAL_SURFACE('',#2742,0.00165916391507646);
#233=CYLINDRICAL_SURFACE('',#2744,0.00165916391507646);
#234=CYLINDRICAL_SURFACE('',#2746,0.0113648557318921);
#235=CYLINDRICAL_SURFACE('',#2749,0.00043);
#236=CYLINDRICAL_SURFACE('',#2751,0.00043);
#237=CYLINDRICAL_SURFACE('',#2755,0.00165916391507646);
#238=CYLINDRICAL_SURFACE('',#2757,0.00165916391507646);
#239=CYLINDRICAL_SURFACE('',#2759,0.0113648557318921);
#240=CYLINDRICAL_SURFACE('',#2762,0.00043);
#241=CYLINDRICAL_SURFACE('',#2763,0.00043);
#242=CYLINDRICAL_SURFACE('',#2766,0.00165916391507646);
#243=CYLINDRICAL_SURFACE('',#2767,0.00165916391507646);
#244=CYLINDRICAL_SURFACE('',#2768,0.0113648557318921);
#245=CYLINDRICAL_SURFACE('',#2771,0.00043);
#246=CYLINDRICAL_SURFACE('',#2772,0.00043);
#247=CYLINDRICAL_SURFACE('',#2775,0.00165916391507646);
#248=CYLINDRICAL_SURFACE('',#2776,0.00165916391507646);
#249=CYLINDRICAL_SURFACE('',#2777,0.0113648557318921);
#250=CYLINDRICAL_SURFACE('',#2780,0.00043);
#251=CYLINDRICAL_SURFACE('',#2781,0.00043);
#252=CYLINDRICAL_SURFACE('',#2784,0.00165916391507646);
#253=CYLINDRICAL_SURFACE('',#2785,0.00165916391507646);
#254=CYLINDRICAL_SURFACE('',#2786,0.0113648557318921);
#255=CYLINDRICAL_SURFACE('',#2789,0.00043);
#256=CYLINDRICAL_SURFACE('',#2790,0.00043);
#257=CYLINDRICAL_SURFACE('',#2793,0.00165916391507646);
#258=CYLINDRICAL_SURFACE('',#2794,0.00165916391507646);
#259=CYLINDRICAL_SURFACE('',#2795,0.0113648557318921);
#260=CYLINDRICAL_SURFACE('',#2798,0.00043);
#261=CYLINDRICAL_SURFACE('',#2799,0.00043);
#262=CYLINDRICAL_SURFACE('',#2802,0.00165916391507646);
#263=CYLINDRICAL_SURFACE('',#2803,0.00165916391507646);
#264=CYLINDRICAL_SURFACE('',#2804,0.0113648557318921);
#265=CYLINDRICAL_SURFACE('',#2807,0.00043);
#266=CYLINDRICAL_SURFACE('',#2808,0.00043);
#267=CYLINDRICAL_SURFACE('',#2811,0.00165916391507646);
#268=CYLINDRICAL_SURFACE('',#2812,0.00165916391507646);
#269=CYLINDRICAL_SURFACE('',#2813,0.0113648557318921);
#270=CYLINDRICAL_SURFACE('',#2818,0.00165916391507646);
#271=CYLINDRICAL_SURFACE('',#2819,0.00165916391507646);
#272=CYLINDRICAL_SURFACE('',#2820,0.00043);
#273=CYLINDRICAL_SURFACE('',#2821,0.00043);
#274=ORIENTED_EDGE('',*,*,#1008,.T.);
#275=ORIENTED_EDGE('',*,*,#1009,.F.);
#276=ORIENTED_EDGE('',*,*,#1010,.T.);
#277=ORIENTED_EDGE('',*,*,#1011,.T.);
#278=ORIENTED_EDGE('',*,*,#1012,.T.);
#279=ORIENTED_EDGE('',*,*,#1011,.F.);
#280=ORIENTED_EDGE('',*,*,#1013,.T.);
#281=ORIENTED_EDGE('',*,*,#1014,.T.);
#282=ORIENTED_EDGE('',*,*,#1015,.T.);
#283=ORIENTED_EDGE('',*,*,#1014,.F.);
#284=ORIENTED_EDGE('',*,*,#1016,.T.);
#285=ORIENTED_EDGE('',*,*,#1017,.T.);
#286=ORIENTED_EDGE('',*,*,#1018,.T.);
#287=ORIENTED_EDGE('',*,*,#1017,.F.);
#288=ORIENTED_EDGE('',*,*,#1019,.T.);
#289=ORIENTED_EDGE('',*,*,#1020,.T.);
#290=ORIENTED_EDGE('',*,*,#1021,.T.);
#291=ORIENTED_EDGE('',*,*,#1020,.F.);
#292=ORIENTED_EDGE('',*,*,#1022,.T.);
#293=ORIENTED_EDGE('',*,*,#1023,.T.);
#294=ORIENTED_EDGE('',*,*,#1024,.T.);
#295=ORIENTED_EDGE('',*,*,#1023,.F.);
#296=ORIENTED_EDGE('',*,*,#1025,.T.);
#297=ORIENTED_EDGE('',*,*,#1009,.T.);
#298=ORIENTED_EDGE('',*,*,#1026,.T.);
#299=ORIENTED_EDGE('',*,*,#1027,.F.);
#300=ORIENTED_EDGE('',*,*,#1028,.T.);
#301=ORIENTED_EDGE('',*,*,#1029,.T.);
#302=ORIENTED_EDGE('',*,*,#1030,.T.);
#303=ORIENTED_EDGE('',*,*,#1031,.T.);
#304=ORIENTED_EDGE('',*,*,#1032,.T.);
#305=ORIENTED_EDGE('',*,*,#1033,.F.);
#306=ORIENTED_EDGE('',*,*,#1034,.F.);
#307=ORIENTED_EDGE('',*,*,#1035,.T.);
#308=ORIENTED_EDGE('',*,*,#1036,.T.);
#309=ORIENTED_EDGE('',*,*,#1037,.T.);
#310=ORIENTED_EDGE('',*,*,#1038,.T.);
#311=ORIENTED_EDGE('',*,*,#1039,.T.);
#312=ORIENTED_EDGE('',*,*,#1040,.F.);
#313=ORIENTED_EDGE('',*,*,#1041,.F.);
#314=ORIENTED_EDGE('',*,*,#1042,.T.);
#315=ORIENTED_EDGE('',*,*,#1043,.T.);
#316=ORIENTED_EDGE('',*,*,#1044,.T.);
#317=ORIENTED_EDGE('',*,*,#1045,.T.);
#318=ORIENTED_EDGE('',*,*,#1046,.T.);
#319=ORIENTED_EDGE('',*,*,#1047,.F.);
#320=ORIENTED_EDGE('',*,*,#1048,.F.);
#321=ORIENTED_EDGE('',*,*,#1049,.T.);
#322=ORIENTED_EDGE('',*,*,#1050,.T.);
#323=ORIENTED_EDGE('',*,*,#1051,.T.);
#324=ORIENTED_EDGE('',*,*,#1052,.T.);
#325=ORIENTED_EDGE('',*,*,#1053,.T.);
#326=ORIENTED_EDGE('',*,*,#1054,.F.);
#327=ORIENTED_EDGE('',*,*,#1055,.F.);
#328=ORIENTED_EDGE('',*,*,#1056,.T.);
#329=ORIENTED_EDGE('',*,*,#1057,.T.);
#330=ORIENTED_EDGE('',*,*,#1058,.T.);
#331=ORIENTED_EDGE('',*,*,#1059,.T.);
#332=ORIENTED_EDGE('',*,*,#1060,.T.);
#333=ORIENTED_EDGE('',*,*,#1061,.F.);
#334=ORIENTED_EDGE('',*,*,#1062,.F.);
#335=ORIENTED_EDGE('',*,*,#1063,.T.);
#336=ORIENTED_EDGE('',*,*,#1064,.T.);
#337=ORIENTED_EDGE('',*,*,#1065,.T.);
#338=ORIENTED_EDGE('',*,*,#1066,.T.);
#339=ORIENTED_EDGE('',*,*,#1067,.T.);
#340=ORIENTED_EDGE('',*,*,#1068,.F.);
#341=ORIENTED_EDGE('',*,*,#1069,.F.);
#342=ORIENTED_EDGE('',*,*,#1070,.T.);
#343=ORIENTED_EDGE('',*,*,#1071,.T.);
#344=ORIENTED_EDGE('',*,*,#1072,.T.);
#345=ORIENTED_EDGE('',*,*,#1073,.T.);
#346=ORIENTED_EDGE('',*,*,#1074,.T.);
#347=ORIENTED_EDGE('',*,*,#1075,.F.);
#348=ORIENTED_EDGE('',*,*,#1076,.F.);
#349=ORIENTED_EDGE('',*,*,#1077,.T.);
#350=ORIENTED_EDGE('',*,*,#1078,.T.);
#351=ORIENTED_EDGE('',*,*,#1079,.T.);
#352=ORIENTED_EDGE('',*,*,#1080,.T.);
#353=ORIENTED_EDGE('',*,*,#1081,.T.);
#354=ORIENTED_EDGE('',*,*,#1082,.F.);
#355=ORIENTED_EDGE('',*,*,#1083,.F.);
#356=ORIENTED_EDGE('',*,*,#1084,.T.);
#357=ORIENTED_EDGE('',*,*,#1085,.T.);
#358=ORIENTED_EDGE('',*,*,#1086,.T.);
#359=ORIENTED_EDGE('',*,*,#1087,.T.);
#360=ORIENTED_EDGE('',*,*,#1088,.T.);
#361=ORIENTED_EDGE('',*,*,#1089,.F.);
#362=ORIENTED_EDGE('',*,*,#1090,.F.);
#363=ORIENTED_EDGE('',*,*,#1091,.T.);
#364=ORIENTED_EDGE('',*,*,#1092,.T.);
#365=ORIENTED_EDGE('',*,*,#1093,.T.);
#366=ORIENTED_EDGE('',*,*,#1094,.T.);
#367=ORIENTED_EDGE('',*,*,#1095,.T.);
#368=ORIENTED_EDGE('',*,*,#1096,.F.);
#369=ORIENTED_EDGE('',*,*,#1097,.F.);
#370=ORIENTED_EDGE('',*,*,#1098,.T.);
#371=ORIENTED_EDGE('',*,*,#1099,.T.);
#372=ORIENTED_EDGE('',*,*,#1100,.T.);
#373=ORIENTED_EDGE('',*,*,#1101,.T.);
#374=ORIENTED_EDGE('',*,*,#1102,.T.);
#375=ORIENTED_EDGE('',*,*,#1103,.F.);
#376=ORIENTED_EDGE('',*,*,#1104,.F.);
#377=ORIENTED_EDGE('',*,*,#1105,.T.);
#378=ORIENTED_EDGE('',*,*,#1106,.T.);
#379=ORIENTED_EDGE('',*,*,#1107,.T.);
#380=ORIENTED_EDGE('',*,*,#1108,.T.);
#381=ORIENTED_EDGE('',*,*,#1109,.T.);
#382=ORIENTED_EDGE('',*,*,#1110,.F.);
#383=ORIENTED_EDGE('',*,*,#1111,.F.);
#384=ORIENTED_EDGE('',*,*,#1112,.T.);
#385=ORIENTED_EDGE('',*,*,#1113,.T.);
#386=ORIENTED_EDGE('',*,*,#1114,.T.);
#387=ORIENTED_EDGE('',*,*,#1115,.T.);
#388=ORIENTED_EDGE('',*,*,#1116,.T.);
#389=ORIENTED_EDGE('',*,*,#1117,.F.);
#390=ORIENTED_EDGE('',*,*,#1118,.F.);
#391=ORIENTED_EDGE('',*,*,#1119,.T.);
#392=ORIENTED_EDGE('',*,*,#1120,.T.);
#393=ORIENTED_EDGE('',*,*,#1121,.T.);
#394=ORIENTED_EDGE('',*,*,#1122,.T.);
#395=ORIENTED_EDGE('',*,*,#1123,.T.);
#396=ORIENTED_EDGE('',*,*,#1124,.F.);
#397=ORIENTED_EDGE('',*,*,#1125,.F.);
#398=ORIENTED_EDGE('',*,*,#1126,.T.);
#399=ORIENTED_EDGE('',*,*,#1127,.T.);
#400=ORIENTED_EDGE('',*,*,#1128,.T.);
#401=ORIENTED_EDGE('',*,*,#1129,.T.);
#402=ORIENTED_EDGE('',*,*,#1130,.T.);
#403=ORIENTED_EDGE('',*,*,#1131,.F.);
#404=ORIENTED_EDGE('',*,*,#1132,.F.);
#405=ORIENTED_EDGE('',*,*,#1133,.T.);
#406=ORIENTED_EDGE('',*,*,#1134,.T.);
#407=ORIENTED_EDGE('',*,*,#1135,.T.);
#408=ORIENTED_EDGE('',*,*,#1136,.T.);
#409=ORIENTED_EDGE('',*,*,#1137,.T.);
#410=ORIENTED_EDGE('',*,*,#1138,.F.);
#411=ORIENTED_EDGE('',*,*,#1139,.F.);
#412=ORIENTED_EDGE('',*,*,#1140,.T.);
#413=ORIENTED_EDGE('',*,*,#1141,.T.);
#414=ORIENTED_EDGE('',*,*,#1142,.T.);
#415=ORIENTED_EDGE('',*,*,#1143,.T.);
#416=ORIENTED_EDGE('',*,*,#1144,.T.);
#417=ORIENTED_EDGE('',*,*,#1145,.F.);
#418=ORIENTED_EDGE('',*,*,#1146,.F.);
#419=ORIENTED_EDGE('',*,*,#1147,.T.);
#420=ORIENTED_EDGE('',*,*,#1148,.T.);
#421=ORIENTED_EDGE('',*,*,#1149,.T.);
#422=ORIENTED_EDGE('',*,*,#1150,.T.);
#423=ORIENTED_EDGE('',*,*,#1151,.T.);
#424=ORIENTED_EDGE('',*,*,#1152,.F.);
#425=ORIENTED_EDGE('',*,*,#1153,.F.);
#426=ORIENTED_EDGE('',*,*,#1154,.T.);
#427=ORIENTED_EDGE('',*,*,#1155,.T.);
#428=ORIENTED_EDGE('',*,*,#1156,.T.);
#429=ORIENTED_EDGE('',*,*,#1157,.T.);
#430=ORIENTED_EDGE('',*,*,#1158,.T.);
#431=ORIENTED_EDGE('',*,*,#1159,.F.);
#432=ORIENTED_EDGE('',*,*,#1160,.F.);
#433=ORIENTED_EDGE('',*,*,#1161,.T.);
#434=ORIENTED_EDGE('',*,*,#1162,.T.);
#435=ORIENTED_EDGE('',*,*,#1163,.T.);
#436=ORIENTED_EDGE('',*,*,#1164,.T.);
#437=ORIENTED_EDGE('',*,*,#1165,.T.);
#438=ORIENTED_EDGE('',*,*,#1166,.F.);
#439=ORIENTED_EDGE('',*,*,#1167,.F.);
#440=ORIENTED_EDGE('',*,*,#1168,.T.);
#441=ORIENTED_EDGE('',*,*,#1169,.T.);
#442=ORIENTED_EDGE('',*,*,#1170,.T.);
#443=ORIENTED_EDGE('',*,*,#1171,.T.);
#444=ORIENTED_EDGE('',*,*,#1172,.T.);
#445=ORIENTED_EDGE('',*,*,#1173,.F.);
#446=ORIENTED_EDGE('',*,*,#1174,.F.);
#447=ORIENTED_EDGE('',*,*,#1175,.T.);
#448=ORIENTED_EDGE('',*,*,#1176,.T.);
#449=ORIENTED_EDGE('',*,*,#1177,.T.);
#450=ORIENTED_EDGE('',*,*,#1178,.T.);
#451=ORIENTED_EDGE('',*,*,#1179,.T.);
#452=ORIENTED_EDGE('',*,*,#1180,.F.);
#453=ORIENTED_EDGE('',*,*,#1181,.F.);
#454=ORIENTED_EDGE('',*,*,#1182,.T.);
#455=ORIENTED_EDGE('',*,*,#1183,.T.);
#456=ORIENTED_EDGE('',*,*,#1184,.T.);
#457=ORIENTED_EDGE('',*,*,#1185,.T.);
#458=ORIENTED_EDGE('',*,*,#1186,.T.);
#459=ORIENTED_EDGE('',*,*,#1187,.F.);
#460=ORIENTED_EDGE('',*,*,#1188,.F.);
#461=ORIENTED_EDGE('',*,*,#1189,.T.);
#462=ORIENTED_EDGE('',*,*,#1190,.T.);
#463=ORIENTED_EDGE('',*,*,#1191,.T.);
#464=ORIENTED_EDGE('',*,*,#1192,.T.);
#465=ORIENTED_EDGE('',*,*,#1193,.T.);
#466=ORIENTED_EDGE('',*,*,#1194,.F.);
#467=ORIENTED_EDGE('',*,*,#1195,.F.);
#468=ORIENTED_EDGE('',*,*,#1196,.T.);
#469=ORIENTED_EDGE('',*,*,#1197,.T.);
#470=ORIENTED_EDGE('',*,*,#1198,.T.);
#471=ORIENTED_EDGE('',*,*,#1199,.T.);
#472=ORIENTED_EDGE('',*,*,#1200,.T.);
#473=ORIENTED_EDGE('',*,*,#1201,.F.);
#474=ORIENTED_EDGE('',*,*,#1202,.F.);
#475=ORIENTED_EDGE('',*,*,#1203,.T.);
#476=ORIENTED_EDGE('',*,*,#1204,.T.);
#477=ORIENTED_EDGE('',*,*,#1205,.T.);
#478=ORIENTED_EDGE('',*,*,#1206,.T.);
#479=ORIENTED_EDGE('',*,*,#1207,.T.);
#480=ORIENTED_EDGE('',*,*,#1208,.F.);
#481=ORIENTED_EDGE('',*,*,#1209,.F.);
#482=ORIENTED_EDGE('',*,*,#1210,.T.);
#483=ORIENTED_EDGE('',*,*,#1211,.T.);
#484=ORIENTED_EDGE('',*,*,#1212,.T.);
#485=ORIENTED_EDGE('',*,*,#1213,.T.);
#486=ORIENTED_EDGE('',*,*,#1214,.T.);
#487=ORIENTED_EDGE('',*,*,#1215,.F.);
#488=ORIENTED_EDGE('',*,*,#1216,.F.);
#489=ORIENTED_EDGE('',*,*,#1217,.T.);
#490=ORIENTED_EDGE('',*,*,#1218,.T.);
#491=ORIENTED_EDGE('',*,*,#1219,.T.);
#492=ORIENTED_EDGE('',*,*,#1220,.T.);
#493=ORIENTED_EDGE('',*,*,#1221,.T.);
#494=ORIENTED_EDGE('',*,*,#1222,.F.);
#495=ORIENTED_EDGE('',*,*,#1223,.F.);
#496=ORIENTED_EDGE('',*,*,#1224,.F.);
#497=ORIENTED_EDGE('',*,*,#1225,.T.);
#498=ORIENTED_EDGE('',*,*,#1226,.T.);
#499=ORIENTED_EDGE('',*,*,#1227,.T.);
#500=ORIENTED_EDGE('',*,*,#1184,.F.);
#501=ORIENTED_EDGE('',*,*,#1225,.F.);
#502=ORIENTED_EDGE('',*,*,#1070,.F.);
#503=ORIENTED_EDGE('',*,*,#1228,.F.);
#504=ORIENTED_EDGE('',*,*,#1182,.F.);
#505=ORIENTED_EDGE('',*,*,#1229,.F.);
#506=ORIENTED_EDGE('',*,*,#1072,.F.);
#507=ORIENTED_EDGE('',*,*,#1230,.F.);
#508=ORIENTED_EDGE('',*,*,#1073,.F.);
#509=ORIENTED_EDGE('',*,*,#1229,.T.);
#510=ORIENTED_EDGE('',*,*,#1188,.T.);
#511=ORIENTED_EDGE('',*,*,#1231,.T.);
#512=ORIENTED_EDGE('',*,*,#1185,.F.);
#513=ORIENTED_EDGE('',*,*,#1228,.T.);
#514=ORIENTED_EDGE('',*,*,#1076,.T.);
#515=ORIENTED_EDGE('',*,*,#1232,.F.);
#516=ORIENTED_EDGE('',*,*,#1075,.T.);
#517=ORIENTED_EDGE('',*,*,#1233,.T.);
#518=ORIENTED_EDGE('',*,*,#1186,.F.);
#519=ORIENTED_EDGE('',*,*,#1232,.T.);
#520=ORIENTED_EDGE('',*,*,#1187,.T.);
#521=ORIENTED_EDGE('',*,*,#1233,.F.);
#522=ORIENTED_EDGE('',*,*,#1074,.F.);
#523=ORIENTED_EDGE('',*,*,#1231,.F.);
#524=ORIENTED_EDGE('',*,*,#1234,.F.);
#525=ORIENTED_EDGE('',*,*,#1235,.T.);
#526=ORIENTED_EDGE('',*,*,#1236,.T.);
#527=ORIENTED_EDGE('',*,*,#1237,.T.);
#528=ORIENTED_EDGE('',*,*,#1191,.F.);
#529=ORIENTED_EDGE('',*,*,#1235,.F.);
#530=ORIENTED_EDGE('',*,*,#1063,.F.);
#531=ORIENTED_EDGE('',*,*,#1238,.F.);
#532=ORIENTED_EDGE('',*,*,#1189,.F.);
#533=ORIENTED_EDGE('',*,*,#1239,.F.);
#534=ORIENTED_EDGE('',*,*,#1065,.F.);
#535=ORIENTED_EDGE('',*,*,#1227,.F.);
#536=ORIENTED_EDGE('',*,*,#1066,.F.);
#537=ORIENTED_EDGE('',*,*,#1239,.T.);
#538=ORIENTED_EDGE('',*,*,#1195,.T.);
#539=ORIENTED_EDGE('',*,*,#1240,.T.);
#540=ORIENTED_EDGE('',*,*,#1192,.F.);
#541=ORIENTED_EDGE('',*,*,#1238,.T.);
#542=ORIENTED_EDGE('',*,*,#1069,.T.);
#543=ORIENTED_EDGE('',*,*,#1241,.F.);
#544=ORIENTED_EDGE('',*,*,#1068,.T.);
#545=ORIENTED_EDGE('',*,*,#1242,.T.);
#546=ORIENTED_EDGE('',*,*,#1193,.F.);
#547=ORIENTED_EDGE('',*,*,#1241,.T.);
#548=ORIENTED_EDGE('',*,*,#1194,.T.);
#549=ORIENTED_EDGE('',*,*,#1242,.F.);
#550=ORIENTED_EDGE('',*,*,#1067,.F.);
#551=ORIENTED_EDGE('',*,*,#1240,.F.);
#552=ORIENTED_EDGE('',*,*,#1243,.F.);
#553=ORIENTED_EDGE('',*,*,#1244,.T.);
#554=ORIENTED_EDGE('',*,*,#1245,.T.);
#555=ORIENTED_EDGE('',*,*,#1246,.T.);
#556=ORIENTED_EDGE('',*,*,#1198,.F.);
#557=ORIENTED_EDGE('',*,*,#1244,.F.);
#558=ORIENTED_EDGE('',*,*,#1056,.F.);
#559=ORIENTED_EDGE('',*,*,#1247,.F.);
#560=ORIENTED_EDGE('',*,*,#1196,.F.);
#561=ORIENTED_EDGE('',*,*,#1248,.F.);
#562=ORIENTED_EDGE('',*,*,#1058,.F.);
#563=ORIENTED_EDGE('',*,*,#1237,.F.);
#564=ORIENTED_EDGE('',*,*,#1059,.F.);
#565=ORIENTED_EDGE('',*,*,#1248,.T.);
#566=ORIENTED_EDGE('',*,*,#1202,.T.);
#567=ORIENTED_EDGE('',*,*,#1249,.T.);
#568=ORIENTED_EDGE('',*,*,#1199,.F.);
#569=ORIENTED_EDGE('',*,*,#1247,.T.);
#570=ORIENTED_EDGE('',*,*,#1062,.T.);
#571=ORIENTED_EDGE('',*,*,#1250,.F.);
#572=ORIENTED_EDGE('',*,*,#1061,.T.);
#573=ORIENTED_EDGE('',*,*,#1251,.T.);
#574=ORIENTED_EDGE('',*,*,#1200,.F.);
#575=ORIENTED_EDGE('',*,*,#1250,.T.);
#576=ORIENTED_EDGE('',*,*,#1201,.T.);
#577=ORIENTED_EDGE('',*,*,#1251,.F.);
#578=ORIENTED_EDGE('',*,*,#1060,.F.);
#579=ORIENTED_EDGE('',*,*,#1249,.F.);
#580=ORIENTED_EDGE('',*,*,#1252,.F.);
#581=ORIENTED_EDGE('',*,*,#1253,.T.);
#582=ORIENTED_EDGE('',*,*,#1254,.T.);
#583=ORIENTED_EDGE('',*,*,#1255,.T.);
#584=ORIENTED_EDGE('',*,*,#1205,.F.);
#585=ORIENTED_EDGE('',*,*,#1253,.F.);
#586=ORIENTED_EDGE('',*,*,#1049,.F.);
#587=ORIENTED_EDGE('',*,*,#1256,.F.);
#588=ORIENTED_EDGE('',*,*,#1203,.F.);
#589=ORIENTED_EDGE('',*,*,#1257,.F.);
#590=ORIENTED_EDGE('',*,*,#1051,.F.);
#591=ORIENTED_EDGE('',*,*,#1246,.F.);
#592=ORIENTED_EDGE('',*,*,#1052,.F.);
#593=ORIENTED_EDGE('',*,*,#1257,.T.);
#594=ORIENTED_EDGE('',*,*,#1209,.T.);
#595=ORIENTED_EDGE('',*,*,#1258,.T.);
#596=ORIENTED_EDGE('',*,*,#1206,.F.);
#597=ORIENTED_EDGE('',*,*,#1256,.T.);
#598=ORIENTED_EDGE('',*,*,#1055,.T.);
#599=ORIENTED_EDGE('',*,*,#1259,.F.);
#600=ORIENTED_EDGE('',*,*,#1054,.T.);
#601=ORIENTED_EDGE('',*,*,#1260,.T.);
#602=ORIENTED_EDGE('',*,*,#1207,.F.);
#603=ORIENTED_EDGE('',*,*,#1259,.T.);
#604=ORIENTED_EDGE('',*,*,#1208,.T.);
#605=ORIENTED_EDGE('',*,*,#1260,.F.);
#606=ORIENTED_EDGE('',*,*,#1053,.F.);
#607=ORIENTED_EDGE('',*,*,#1258,.F.);
#608=ORIENTED_EDGE('',*,*,#1261,.F.);
#609=ORIENTED_EDGE('',*,*,#1262,.T.);
#610=ORIENTED_EDGE('',*,*,#1263,.T.);
#611=ORIENTED_EDGE('',*,*,#1264,.T.);
#612=ORIENTED_EDGE('',*,*,#1212,.F.);
#613=ORIENTED_EDGE('',*,*,#1262,.F.);
#614=ORIENTED_EDGE('',*,*,#1042,.F.);
#615=ORIENTED_EDGE('',*,*,#1265,.F.);
#616=ORIENTED_EDGE('',*,*,#1210,.F.);
#617=ORIENTED_EDGE('',*,*,#1266,.F.);
#618=ORIENTED_EDGE('',*,*,#1044,.F.);
#619=ORIENTED_EDGE('',*,*,#1255,.F.);
#620=ORIENTED_EDGE('',*,*,#1045,.F.);
#621=ORIENTED_EDGE('',*,*,#1266,.T.);
#622=ORIENTED_EDGE('',*,*,#1216,.T.);
#623=ORIENTED_EDGE('',*,*,#1267,.T.);
#624=ORIENTED_EDGE('',*,*,#1213,.F.);
#625=ORIENTED_EDGE('',*,*,#1265,.T.);
#626=ORIENTED_EDGE('',*,*,#1048,.T.);
#627=ORIENTED_EDGE('',*,*,#1268,.F.);
#628=ORIENTED_EDGE('',*,*,#1047,.T.);
#629=ORIENTED_EDGE('',*,*,#1269,.T.);
#630=ORIENTED_EDGE('',*,*,#1214,.F.);
#631=ORIENTED_EDGE('',*,*,#1268,.T.);
#632=ORIENTED_EDGE('',*,*,#1215,.T.);
#633=ORIENTED_EDGE('',*,*,#1269,.F.);
#634=ORIENTED_EDGE('',*,*,#1046,.F.);
#635=ORIENTED_EDGE('',*,*,#1267,.F.);
#636=ORIENTED_EDGE('',*,*,#1270,.F.);
#637=ORIENTED_EDGE('',*,*,#1271,.T.);
#638=ORIENTED_EDGE('',*,*,#1272,.T.);
#639=ORIENTED_EDGE('',*,*,#1273,.T.);
#640=ORIENTED_EDGE('',*,*,#1219,.F.);
#641=ORIENTED_EDGE('',*,*,#1271,.F.);
#642=ORIENTED_EDGE('',*,*,#1035,.F.);
#643=ORIENTED_EDGE('',*,*,#1274,.F.);
#644=ORIENTED_EDGE('',*,*,#1217,.F.);
#645=ORIENTED_EDGE('',*,*,#1275,.F.);
#646=ORIENTED_EDGE('',*,*,#1037,.F.);
#647=ORIENTED_EDGE('',*,*,#1264,.F.);
#648=ORIENTED_EDGE('',*,*,#1038,.F.);
#649=ORIENTED_EDGE('',*,*,#1275,.T.);
#650=ORIENTED_EDGE('',*,*,#1223,.T.);
#651=ORIENTED_EDGE('',*,*,#1276,.T.);
#652=ORIENTED_EDGE('',*,*,#1220,.F.);
#653=ORIENTED_EDGE('',*,*,#1274,.T.);
#654=ORIENTED_EDGE('',*,*,#1041,.T.);
#655=ORIENTED_EDGE('',*,*,#1277,.F.);
#656=ORIENTED_EDGE('',*,*,#1040,.T.);
#657=ORIENTED_EDGE('',*,*,#1278,.T.);
#658=ORIENTED_EDGE('',*,*,#1221,.F.);
#659=ORIENTED_EDGE('',*,*,#1277,.T.);
#660=ORIENTED_EDGE('',*,*,#1222,.T.);
#661=ORIENTED_EDGE('',*,*,#1278,.F.);
#662=ORIENTED_EDGE('',*,*,#1039,.F.);
#663=ORIENTED_EDGE('',*,*,#1276,.F.);
#664=ORIENTED_EDGE('',*,*,#1279,.F.);
#665=ORIENTED_EDGE('',*,*,#1280,.T.);
#666=ORIENTED_EDGE('',*,*,#1281,.T.);
#667=ORIENTED_EDGE('',*,*,#1282,.T.);
#668=ORIENTED_EDGE('',*,*,#1283,.F.);
#669=ORIENTED_EDGE('',*,*,#1280,.F.);
#670=ORIENTED_EDGE('',*,*,#1028,.F.);
#671=ORIENTED_EDGE('',*,*,#1284,.F.);
#672=ORIENTED_EDGE('',*,*,#1285,.F.);
#673=ORIENTED_EDGE('',*,*,#1286,.F.);
#674=ORIENTED_EDGE('',*,*,#1030,.F.);
#675=ORIENTED_EDGE('',*,*,#1273,.F.);
#676=ORIENTED_EDGE('',*,*,#1031,.F.);
#677=ORIENTED_EDGE('',*,*,#1286,.T.);
#678=ORIENTED_EDGE('',*,*,#1287,.T.);
#679=ORIENTED_EDGE('',*,*,#1288,.T.);
#680=ORIENTED_EDGE('',*,*,#1289,.F.);
#681=ORIENTED_EDGE('',*,*,#1284,.T.);
#682=ORIENTED_EDGE('',*,*,#1034,.T.);
#683=ORIENTED_EDGE('',*,*,#1290,.F.);
#684=ORIENTED_EDGE('',*,*,#1033,.T.);
#685=ORIENTED_EDGE('',*,*,#1291,.T.);
#686=ORIENTED_EDGE('',*,*,#1292,.F.);
#687=ORIENTED_EDGE('',*,*,#1290,.T.);
#688=ORIENTED_EDGE('',*,*,#1293,.T.);
#689=ORIENTED_EDGE('',*,*,#1291,.F.);
#690=ORIENTED_EDGE('',*,*,#1032,.F.);
#691=ORIENTED_EDGE('',*,*,#1288,.F.);
#692=ORIENTED_EDGE('',*,*,#1294,.F.);
#693=ORIENTED_EDGE('',*,*,#1295,.T.);
#694=ORIENTED_EDGE('',*,*,#1296,.T.);
#695=ORIENTED_EDGE('',*,*,#1297,.T.);
#696=ORIENTED_EDGE('',*,*,#1128,.F.);
#697=ORIENTED_EDGE('',*,*,#1295,.F.);
#698=ORIENTED_EDGE('',*,*,#1298,.F.);
#699=ORIENTED_EDGE('',*,*,#1299,.F.);
#700=ORIENTED_EDGE('',*,*,#1126,.F.);
#701=ORIENTED_EDGE('',*,*,#1300,.F.);
#702=ORIENTED_EDGE('',*,*,#1301,.F.);
#703=ORIENTED_EDGE('',*,*,#1282,.F.);
#704=ORIENTED_EDGE('',*,*,#1302,.F.);
#705=ORIENTED_EDGE('',*,*,#1300,.T.);
#706=ORIENTED_EDGE('',*,*,#1132,.T.);
#707=ORIENTED_EDGE('',*,*,#1303,.T.);
#708=ORIENTED_EDGE('',*,*,#1129,.F.);
#709=ORIENTED_EDGE('',*,*,#1299,.T.);
#710=ORIENTED_EDGE('',*,*,#1304,.T.);
#711=ORIENTED_EDGE('',*,*,#1305,.F.);
#712=ORIENTED_EDGE('',*,*,#1306,.T.);
#713=ORIENTED_EDGE('',*,*,#1307,.T.);
#714=ORIENTED_EDGE('',*,*,#1130,.F.);
#715=ORIENTED_EDGE('',*,*,#1305,.T.);
#716=ORIENTED_EDGE('',*,*,#1131,.T.);
#717=ORIENTED_EDGE('',*,*,#1307,.F.);
#718=ORIENTED_EDGE('',*,*,#1308,.F.);
#719=ORIENTED_EDGE('',*,*,#1303,.F.);
#720=ORIENTED_EDGE('',*,*,#1309,.F.);
#721=ORIENTED_EDGE('',*,*,#1310,.T.);
#722=ORIENTED_EDGE('',*,*,#1311,.T.);
#723=ORIENTED_EDGE('',*,*,#1312,.T.);
#724=ORIENTED_EDGE('',*,*,#1135,.F.);
#725=ORIENTED_EDGE('',*,*,#1310,.F.);
#726=ORIENTED_EDGE('',*,*,#1119,.F.);
#727=ORIENTED_EDGE('',*,*,#1313,.F.);
#728=ORIENTED_EDGE('',*,*,#1133,.F.);
#729=ORIENTED_EDGE('',*,*,#1314,.F.);
#730=ORIENTED_EDGE('',*,*,#1121,.F.);
#731=ORIENTED_EDGE('',*,*,#1297,.F.);
#732=ORIENTED_EDGE('',*,*,#1122,.F.);
#733=ORIENTED_EDGE('',*,*,#1314,.T.);
#734=ORIENTED_EDGE('',*,*,#1139,.T.);
#735=ORIENTED_EDGE('',*,*,#1315,.T.);
#736=ORIENTED_EDGE('',*,*,#1136,.F.);
#737=ORIENTED_EDGE('',*,*,#1313,.T.);
#738=ORIENTED_EDGE('',*,*,#1125,.T.);
#739=ORIENTED_EDGE('',*,*,#1316,.F.);
#740=ORIENTED_EDGE('',*,*,#1124,.T.);
#741=ORIENTED_EDGE('',*,*,#1317,.T.);
#742=ORIENTED_EDGE('',*,*,#1137,.F.);
#743=ORIENTED_EDGE('',*,*,#1316,.T.);
#744=ORIENTED_EDGE('',*,*,#1138,.T.);
#745=ORIENTED_EDGE('',*,*,#1317,.F.);
#746=ORIENTED_EDGE('',*,*,#1123,.F.);
#747=ORIENTED_EDGE('',*,*,#1315,.F.);
#748=ORIENTED_EDGE('',*,*,#1318,.F.);
#749=ORIENTED_EDGE('',*,*,#1319,.T.);
#750=ORIENTED_EDGE('',*,*,#1320,.T.);
#751=ORIENTED_EDGE('',*,*,#1321,.T.);
#752=ORIENTED_EDGE('',*,*,#1142,.F.);
#753=ORIENTED_EDGE('',*,*,#1319,.F.);
#754=ORIENTED_EDGE('',*,*,#1112,.F.);
#755=ORIENTED_EDGE('',*,*,#1322,.F.);
#756=ORIENTED_EDGE('',*,*,#1140,.F.);
#757=ORIENTED_EDGE('',*,*,#1323,.F.);
#758=ORIENTED_EDGE('',*,*,#1114,.F.);
#759=ORIENTED_EDGE('',*,*,#1312,.F.);
#760=ORIENTED_EDGE('',*,*,#1115,.F.);
#761=ORIENTED_EDGE('',*,*,#1323,.T.);
#762=ORIENTED_EDGE('',*,*,#1146,.T.);
#763=ORIENTED_EDGE('',*,*,#1324,.T.);
#764=ORIENTED_EDGE('',*,*,#1143,.F.);
#765=ORIENTED_EDGE('',*,*,#1322,.T.);
#766=ORIENTED_EDGE('',*,*,#1118,.T.);
#767=ORIENTED_EDGE('',*,*,#1325,.F.);
#768=ORIENTED_EDGE('',*,*,#1117,.T.);
#769=ORIENTED_EDGE('',*,*,#1326,.T.);
#770=ORIENTED_EDGE('',*,*,#1144,.F.);
#771=ORIENTED_EDGE('',*,*,#1325,.T.);
#772=ORIENTED_EDGE('',*,*,#1145,.T.);
#773=ORIENTED_EDGE('',*,*,#1326,.F.);
#774=ORIENTED_EDGE('',*,*,#1116,.F.);
#775=ORIENTED_EDGE('',*,*,#1324,.F.);
#776=ORIENTED_EDGE('',*,*,#1327,.F.);
#777=ORIENTED_EDGE('',*,*,#1328,.T.);
#778=ORIENTED_EDGE('',*,*,#1329,.T.);
#779=ORIENTED_EDGE('',*,*,#1330,.T.);
#780=ORIENTED_EDGE('',*,*,#1149,.F.);
#781=ORIENTED_EDGE('',*,*,#1328,.F.);
#782=ORIENTED_EDGE('',*,*,#1105,.F.);
#783=ORIENTED_EDGE('',*,*,#1331,.F.);
#784=ORIENTED_EDGE('',*,*,#1147,.F.);
#785=ORIENTED_EDGE('',*,*,#1332,.F.);
#786=ORIENTED_EDGE('',*,*,#1107,.F.);
#787=ORIENTED_EDGE('',*,*,#1321,.F.);
#788=ORIENTED_EDGE('',*,*,#1108,.F.);
#789=ORIENTED_EDGE('',*,*,#1332,.T.);
#790=ORIENTED_EDGE('',*,*,#1153,.T.);
#791=ORIENTED_EDGE('',*,*,#1333,.T.);
#792=ORIENTED_EDGE('',*,*,#1150,.F.);
#793=ORIENTED_EDGE('',*,*,#1331,.T.);
#794=ORIENTED_EDGE('',*,*,#1111,.T.);
#795=ORIENTED_EDGE('',*,*,#1334,.F.);
#796=ORIENTED_EDGE('',*,*,#1110,.T.);
#797=ORIENTED_EDGE('',*,*,#1335,.T.);
#798=ORIENTED_EDGE('',*,*,#1151,.F.);
#799=ORIENTED_EDGE('',*,*,#1334,.T.);
#800=ORIENTED_EDGE('',*,*,#1152,.T.);
#801=ORIENTED_EDGE('',*,*,#1335,.F.);
#802=ORIENTED_EDGE('',*,*,#1109,.F.);
#803=ORIENTED_EDGE('',*,*,#1333,.F.);
#804=ORIENTED_EDGE('',*,*,#1336,.F.);
#805=ORIENTED_EDGE('',*,*,#1337,.T.);
#806=ORIENTED_EDGE('',*,*,#1338,.T.);
#807=ORIENTED_EDGE('',*,*,#1339,.T.);
#808=ORIENTED_EDGE('',*,*,#1156,.F.);
#809=ORIENTED_EDGE('',*,*,#1337,.F.);
#810=ORIENTED_EDGE('',*,*,#1098,.F.);
#811=ORIENTED_EDGE('',*,*,#1340,.F.);
#812=ORIENTED_EDGE('',*,*,#1154,.F.);
#813=ORIENTED_EDGE('',*,*,#1341,.F.);
#814=ORIENTED_EDGE('',*,*,#1100,.F.);
#815=ORIENTED_EDGE('',*,*,#1330,.F.);
#816=ORIENTED_EDGE('',*,*,#1101,.F.);
#817=ORIENTED_EDGE('',*,*,#1341,.T.);
#818=ORIENTED_EDGE('',*,*,#1160,.T.);
#819=ORIENTED_EDGE('',*,*,#1342,.T.);
#820=ORIENTED_EDGE('',*,*,#1157,.F.);
#821=ORIENTED_EDGE('',*,*,#1340,.T.);
#822=ORIENTED_EDGE('',*,*,#1104,.T.);
#823=ORIENTED_EDGE('',*,*,#1343,.F.);
#824=ORIENTED_EDGE('',*,*,#1103,.T.);
#825=ORIENTED_EDGE('',*,*,#1344,.T.);
#826=ORIENTED_EDGE('',*,*,#1158,.F.);
#827=ORIENTED_EDGE('',*,*,#1343,.T.);
#828=ORIENTED_EDGE('',*,*,#1159,.T.);
#829=ORIENTED_EDGE('',*,*,#1344,.F.);
#830=ORIENTED_EDGE('',*,*,#1102,.F.);
#831=ORIENTED_EDGE('',*,*,#1342,.F.);
#832=ORIENTED_EDGE('',*,*,#1345,.F.);
#833=ORIENTED_EDGE('',*,*,#1346,.T.);
#834=ORIENTED_EDGE('',*,*,#1347,.T.);
#835=ORIENTED_EDGE('',*,*,#1348,.T.);
#836=ORIENTED_EDGE('',*,*,#1163,.F.);
#837=ORIENTED_EDGE('',*,*,#1346,.F.);
#838=ORIENTED_EDGE('',*,*,#1091,.F.);
#839=ORIENTED_EDGE('',*,*,#1349,.F.);
#840=ORIENTED_EDGE('',*,*,#1161,.F.);
#841=ORIENTED_EDGE('',*,*,#1350,.F.);
#842=ORIENTED_EDGE('',*,*,#1093,.F.);
#843=ORIENTED_EDGE('',*,*,#1339,.F.);
#844=ORIENTED_EDGE('',*,*,#1094,.F.);
#845=ORIENTED_EDGE('',*,*,#1350,.T.);
#846=ORIENTED_EDGE('',*,*,#1167,.T.);
#847=ORIENTED_EDGE('',*,*,#1351,.T.);
#848=ORIENTED_EDGE('',*,*,#1164,.F.);
#849=ORIENTED_EDGE('',*,*,#1349,.T.);
#850=ORIENTED_EDGE('',*,*,#1097,.T.);
#851=ORIENTED_EDGE('',*,*,#1352,.F.);
#852=ORIENTED_EDGE('',*,*,#1096,.T.);
#853=ORIENTED_EDGE('',*,*,#1353,.T.);
#854=ORIENTED_EDGE('',*,*,#1165,.F.);
#855=ORIENTED_EDGE('',*,*,#1352,.T.);
#856=ORIENTED_EDGE('',*,*,#1166,.T.);
#857=ORIENTED_EDGE('',*,*,#1353,.F.);
#858=ORIENTED_EDGE('',*,*,#1095,.F.);
#859=ORIENTED_EDGE('',*,*,#1351,.F.);
#860=ORIENTED_EDGE('',*,*,#1354,.F.);
#861=ORIENTED_EDGE('',*,*,#1355,.T.);
#862=ORIENTED_EDGE('',*,*,#1356,.T.);
#863=ORIENTED_EDGE('',*,*,#1357,.T.);
#864=ORIENTED_EDGE('',*,*,#1170,.F.);
#865=ORIENTED_EDGE('',*,*,#1355,.F.);
#866=ORIENTED_EDGE('',*,*,#1084,.F.);
#867=ORIENTED_EDGE('',*,*,#1358,.F.);
#868=ORIENTED_EDGE('',*,*,#1168,.F.);
#869=ORIENTED_EDGE('',*,*,#1359,.F.);
#870=ORIENTED_EDGE('',*,*,#1086,.F.);
#871=ORIENTED_EDGE('',*,*,#1348,.F.);
#872=ORIENTED_EDGE('',*,*,#1087,.F.);
#873=ORIENTED_EDGE('',*,*,#1359,.T.);
#874=ORIENTED_EDGE('',*,*,#1174,.T.);
#875=ORIENTED_EDGE('',*,*,#1360,.T.);
#876=ORIENTED_EDGE('',*,*,#1171,.F.);
#877=ORIENTED_EDGE('',*,*,#1358,.T.);
#878=ORIENTED_EDGE('',*,*,#1090,.T.);
#879=ORIENTED_EDGE('',*,*,#1361,.F.);
#880=ORIENTED_EDGE('',*,*,#1089,.T.);
#881=ORIENTED_EDGE('',*,*,#1362,.T.);
#882=ORIENTED_EDGE('',*,*,#1172,.F.);
#883=ORIENTED_EDGE('',*,*,#1361,.T.);
#884=ORIENTED_EDGE('',*,*,#1173,.T.);
#885=ORIENTED_EDGE('',*,*,#1362,.F.);
#886=ORIENTED_EDGE('',*,*,#1088,.F.);
#887=ORIENTED_EDGE('',*,*,#1360,.F.);
#888=ORIENTED_EDGE('',*,*,#1363,.F.);
#889=ORIENTED_EDGE('',*,*,#1364,.T.);
#890=ORIENTED_EDGE('',*,*,#1365,.T.);
#891=ORIENTED_EDGE('',*,*,#1230,.T.);
#892=ORIENTED_EDGE('',*,*,#1080,.F.);
#893=ORIENTED_EDGE('',*,*,#1366,.T.);
#894=ORIENTED_EDGE('',*,*,#1181,.T.);
#895=ORIENTED_EDGE('',*,*,#1367,.T.);
#896=ORIENTED_EDGE('',*,*,#1178,.F.);
#897=ORIENTED_EDGE('',*,*,#1368,.T.);
#898=ORIENTED_EDGE('',*,*,#1083,.T.);
#899=ORIENTED_EDGE('',*,*,#1369,.F.);
#900=ORIENTED_EDGE('',*,*,#1082,.T.);
#901=ORIENTED_EDGE('',*,*,#1370,.T.);
#902=ORIENTED_EDGE('',*,*,#1179,.F.);
#903=ORIENTED_EDGE('',*,*,#1369,.T.);
#904=ORIENTED_EDGE('',*,*,#1180,.T.);
#905=ORIENTED_EDGE('',*,*,#1370,.F.);
#906=ORIENTED_EDGE('',*,*,#1081,.F.);
#907=ORIENTED_EDGE('',*,*,#1367,.F.);
#908=ORIENTED_EDGE('',*,*,#1175,.F.);
#909=ORIENTED_EDGE('',*,*,#1366,.F.);
#910=ORIENTED_EDGE('',*,*,#1079,.F.);
#911=ORIENTED_EDGE('',*,*,#1357,.F.);
#912=ORIENTED_EDGE('',*,*,#1177,.F.);
#913=ORIENTED_EDGE('',*,*,#1364,.F.);
#914=ORIENTED_EDGE('',*,*,#1077,.F.);
#915=ORIENTED_EDGE('',*,*,#1368,.F.);
#916=ORIENTED_EDGE('',*,*,#1026,.F.);
#917=ORIENTED_EDGE('',*,*,#1371,.F.);
#918=ORIENTED_EDGE('',*,*,#1285,.T.);
#919=ORIENTED_EDGE('',*,*,#1372,.T.);
#920=ORIENTED_EDGE('',*,*,#1283,.T.);
#921=ORIENTED_EDGE('',*,*,#1289,.T.);
#922=ORIENTED_EDGE('',*,*,#1292,.T.);
#923=ORIENTED_EDGE('',*,*,#1293,.F.);
#924=ORIENTED_EDGE('',*,*,#1287,.F.);
#925=ORIENTED_EDGE('',*,*,#1373,.T.);
#926=ORIENTED_EDGE('',*,*,#1024,.F.);
#927=ORIENTED_EDGE('',*,*,#1008,.F.);
#928=ORIENTED_EDGE('',*,*,#1012,.F.);
#929=ORIENTED_EDGE('',*,*,#1015,.F.);
#930=ORIENTED_EDGE('',*,*,#1018,.F.);
#931=ORIENTED_EDGE('',*,*,#1021,.F.);
#932=ORIENTED_EDGE('',*,*,#1298,.T.);
#933=ORIENTED_EDGE('',*,*,#1374,.T.);
#934=ORIENTED_EDGE('',*,*,#1301,.T.);
#935=ORIENTED_EDGE('',*,*,#1302,.T.);
#936=ORIENTED_EDGE('',*,*,#1308,.T.);
#937=ORIENTED_EDGE('',*,*,#1306,.F.);
#938=ORIENTED_EDGE('',*,*,#1304,.F.);
#939=ORIENTED_EDGE('',*,*,#1371,.T.);
#940=ORIENTED_EDGE('',*,*,#1296,.F.);
#941=ORIENTED_EDGE('',*,*,#1127,.F.);
#942=ORIENTED_EDGE('',*,*,#1281,.F.);
#943=ORIENTED_EDGE('',*,*,#1372,.F.);
#944=ORIENTED_EDGE('',*,*,#1272,.F.);
#945=ORIENTED_EDGE('',*,*,#1218,.F.);
#946=ORIENTED_EDGE('',*,*,#1263,.F.);
#947=ORIENTED_EDGE('',*,*,#1211,.F.);
#948=ORIENTED_EDGE('',*,*,#1254,.F.);
#949=ORIENTED_EDGE('',*,*,#1204,.F.);
#950=ORIENTED_EDGE('',*,*,#1245,.F.);
#951=ORIENTED_EDGE('',*,*,#1197,.F.);
#952=ORIENTED_EDGE('',*,*,#1236,.F.);
#953=ORIENTED_EDGE('',*,*,#1190,.F.);
#954=ORIENTED_EDGE('',*,*,#1226,.F.);
#955=ORIENTED_EDGE('',*,*,#1183,.F.);
#956=ORIENTED_EDGE('',*,*,#1365,.F.);
#957=ORIENTED_EDGE('',*,*,#1176,.F.);
#958=ORIENTED_EDGE('',*,*,#1356,.F.);
#959=ORIENTED_EDGE('',*,*,#1169,.F.);
#960=ORIENTED_EDGE('',*,*,#1347,.F.);
#961=ORIENTED_EDGE('',*,*,#1162,.F.);
#962=ORIENTED_EDGE('',*,*,#1338,.F.);
#963=ORIENTED_EDGE('',*,*,#1155,.F.);
#964=ORIENTED_EDGE('',*,*,#1329,.F.);
#965=ORIENTED_EDGE('',*,*,#1148,.F.);
#966=ORIENTED_EDGE('',*,*,#1320,.F.);
#967=ORIENTED_EDGE('',*,*,#1141,.F.);
#968=ORIENTED_EDGE('',*,*,#1311,.F.);
#969=ORIENTED_EDGE('',*,*,#1134,.F.);
#970=ORIENTED_EDGE('',*,*,#1270,.T.);
#971=ORIENTED_EDGE('',*,*,#1029,.F.);
#972=ORIENTED_EDGE('',*,*,#1279,.T.);
#973=ORIENTED_EDGE('',*,*,#1374,.F.);
#974=ORIENTED_EDGE('',*,*,#1294,.T.);
#975=ORIENTED_EDGE('',*,*,#1120,.F.);
#976=ORIENTED_EDGE('',*,*,#1309,.T.);
#977=ORIENTED_EDGE('',*,*,#1113,.F.);
#978=ORIENTED_EDGE('',*,*,#1318,.T.);
#979=ORIENTED_EDGE('',*,*,#1106,.F.);
#980=ORIENTED_EDGE('',*,*,#1327,.T.);
#981=ORIENTED_EDGE('',*,*,#1099,.F.);
#982=ORIENTED_EDGE('',*,*,#1336,.T.);
#983=ORIENTED_EDGE('',*,*,#1092,.F.);
#984=ORIENTED_EDGE('',*,*,#1345,.T.);
#985=ORIENTED_EDGE('',*,*,#1085,.F.);
#986=ORIENTED_EDGE('',*,*,#1354,.T.);
#987=ORIENTED_EDGE('',*,*,#1078,.F.);
#988=ORIENTED_EDGE('',*,*,#1363,.T.);
#989=ORIENTED_EDGE('',*,*,#1071,.F.);
#990=ORIENTED_EDGE('',*,*,#1224,.T.);
#991=ORIENTED_EDGE('',*,*,#1064,.F.);
#992=ORIENTED_EDGE('',*,*,#1234,.T.);
#993=ORIENTED_EDGE('',*,*,#1057,.F.);
#994=ORIENTED_EDGE('',*,*,#1243,.T.);
#995=ORIENTED_EDGE('',*,*,#1050,.F.);
#996=ORIENTED_EDGE('',*,*,#1252,.T.);
#997=ORIENTED_EDGE('',*,*,#1043,.F.);
#998=ORIENTED_EDGE('',*,*,#1261,.T.);
#999=ORIENTED_EDGE('',*,*,#1036,.F.);
#1000=ORIENTED_EDGE('',*,*,#1373,.F.);
#1001=ORIENTED_EDGE('',*,*,#1025,.F.);
#1002=ORIENTED_EDGE('',*,*,#1022,.F.);
#1003=ORIENTED_EDGE('',*,*,#1019,.F.);
#1004=ORIENTED_EDGE('',*,*,#1016,.F.);
#1005=ORIENTED_EDGE('',*,*,#1013,.F.);
#1006=ORIENTED_EDGE('',*,*,#1010,.F.);
#1007=ORIENTED_EDGE('',*,*,#1027,.T.);
#1008=EDGE_CURVE('',#1375,#1376,#1601,.T.);
#1009=EDGE_CURVE('',#1377,#1376,#1602,.T.);
#1010=EDGE_CURVE('',#1377,#1378,#1603,.T.);
#1011=EDGE_CURVE('',#1378,#1375,#1604,.T.);
#1012=EDGE_CURVE('',#1379,#1375,#1605,.T.);
#1013=EDGE_CURVE('',#1378,#1380,#1606,.T.);
#1014=EDGE_CURVE('',#1380,#1379,#1607,.T.);
#1015=EDGE_CURVE('',#1381,#1379,#1608,.T.);
#1016=EDGE_CURVE('',#1380,#1382,#1609,.T.);
#1017=EDGE_CURVE('',#1382,#1381,#1610,.T.);
#1018=EDGE_CURVE('',#1383,#1381,#1611,.T.);
#1019=EDGE_CURVE('',#1382,#1384,#1612,.T.);
#1020=EDGE_CURVE('',#1384,#1383,#1613,.T.);
#1021=EDGE_CURVE('',#1385,#1383,#1614,.T.);
#1022=EDGE_CURVE('',#1384,#1386,#1615,.T.);
#1023=EDGE_CURVE('',#1386,#1385,#1616,.T.);
#1024=EDGE_CURVE('',#1376,#1385,#1617,.T.);
#1025=EDGE_CURVE('',#1386,#1377,#1618,.T.);
#1026=EDGE_CURVE('',#1387,#1387,#14,.T.);
#1027=EDGE_CURVE('',#1388,#1388,#15,.T.);
#1028=EDGE_CURVE('',#1389,#1390,#16,.F.);
#1029=EDGE_CURVE('',#1390,#1391,#17,.F.);
#1030=EDGE_CURVE('',#1391,#1392,#18,.F.);
#1031=EDGE_CURVE('',#1392,#1393,#1619,.T.);
#1032=EDGE_CURVE('',#1393,#1394,#19,.F.);
#1033=EDGE_CURVE('',#1395,#1394,#20,.T.);
#1034=EDGE_CURVE('',#1389,#1395,#1620,.F.);
#1035=EDGE_CURVE('',#1396,#1397,#21,.F.);
#1036=EDGE_CURVE('',#1397,#1398,#22,.F.);
#1037=EDGE_CURVE('',#1398,#1399,#23,.F.);
#1038=EDGE_CURVE('',#1399,#1400,#1621,.T.);
#1039=EDGE_CURVE('',#1400,#1401,#24,.F.);
#1040=EDGE_CURVE('',#1402,#1401,#25,.T.);
#1041=EDGE_CURVE('',#1396,#1402,#1622,.F.);
#1042=EDGE_CURVE('',#1403,#1404,#26,.F.);
#1043=EDGE_CURVE('',#1404,#1405,#27,.F.);
#1044=EDGE_CURVE('',#1405,#1406,#28,.F.);
#1045=EDGE_CURVE('',#1406,#1407,#1623,.T.);
#1046=EDGE_CURVE('',#1407,#1408,#29,.F.);
#1047=EDGE_CURVE('',#1409,#1408,#30,.T.);
#1048=EDGE_CURVE('',#1403,#1409,#1624,.F.);
#1049=EDGE_CURVE('',#1410,#1411,#31,.F.);
#1050=EDGE_CURVE('',#1411,#1412,#32,.F.);
#1051=EDGE_CURVE('',#1412,#1413,#33,.F.);
#1052=EDGE_CURVE('',#1413,#1414,#1625,.T.);
#1053=EDGE_CURVE('',#1414,#1415,#34,.F.);
#1054=EDGE_CURVE('',#1416,#1415,#35,.T.);
#1055=EDGE_CURVE('',#1410,#1416,#1626,.F.);
#1056=EDGE_CURVE('',#1417,#1418,#36,.F.);
#1057=EDGE_CURVE('',#1418,#1419,#37,.F.);
#1058=EDGE_CURVE('',#1419,#1420,#38,.F.);
#1059=EDGE_CURVE('',#1420,#1421,#1627,.T.);
#1060=EDGE_CURVE('',#1421,#1422,#39,.F.);
#1061=EDGE_CURVE('',#1423,#1422,#40,.T.);
#1062=EDGE_CURVE('',#1417,#1423,#1628,.F.);
#1063=EDGE_CURVE('',#1424,#1425,#41,.F.);
#1064=EDGE_CURVE('',#1425,#1426,#42,.F.);
#1065=EDGE_CURVE('',#1426,#1427,#43,.F.);
#1066=EDGE_CURVE('',#1427,#1428,#1629,.T.);
#1067=EDGE_CURVE('',#1428,#1429,#44,.F.);
#1068=EDGE_CURVE('',#1430,#1429,#45,.T.);
#1069=EDGE_CURVE('',#1424,#1430,#1630,.F.);
#1070=EDGE_CURVE('',#1431,#1432,#46,.F.);
#1071=EDGE_CURVE('',#1432,#1433,#47,.F.);
#1072=EDGE_CURVE('',#1433,#1434,#48,.F.);
#1073=EDGE_CURVE('',#1434,#1435,#1631,.T.);
#1074=EDGE_CURVE('',#1435,#1436,#49,.F.);
#1075=EDGE_CURVE('',#1437,#1436,#50,.T.);
#1076=EDGE_CURVE('',#1431,#1437,#1632,.F.);
#1077=EDGE_CURVE('',#1438,#1439,#51,.F.);
#1078=EDGE_CURVE('',#1439,#1440,#52,.F.);
#1079=EDGE_CURVE('',#1440,#1441,#53,.F.);
#1080=EDGE_CURVE('',#1441,#1442,#1633,.T.);
#1081=EDGE_CURVE('',#1442,#1443,#54,.F.);
#1082=EDGE_CURVE('',#1444,#1443,#55,.T.);
#1083=EDGE_CURVE('',#1438,#1444,#1634,.F.);
#1084=EDGE_CURVE('',#1445,#1446,#56,.F.);
#1085=EDGE_CURVE('',#1446,#1447,#57,.F.);
#1086=EDGE_CURVE('',#1447,#1448,#58,.F.);
#1087=EDGE_CURVE('',#1448,#1449,#1635,.T.);
#1088=EDGE_CURVE('',#1449,#1450,#59,.F.);
#1089=EDGE_CURVE('',#1451,#1450,#60,.T.);
#1090=EDGE_CURVE('',#1445,#1451,#1636,.F.);
#1091=EDGE_CURVE('',#1452,#1453,#61,.F.);
#1092=EDGE_CURVE('',#1453,#1454,#62,.F.);
#1093=EDGE_CURVE('',#1454,#1455,#63,.F.);
#1094=EDGE_CURVE('',#1455,#1456,#1637,.T.);
#1095=EDGE_CURVE('',#1456,#1457,#64,.F.);
#1096=EDGE_CURVE('',#1458,#1457,#65,.T.);
#1097=EDGE_CURVE('',#1452,#1458,#1638,.F.);
#1098=EDGE_CURVE('',#1459,#1460,#66,.F.);
#1099=EDGE_CURVE('',#1460,#1461,#67,.F.);
#1100=EDGE_CURVE('',#1461,#1462,#68,.F.);
#1101=EDGE_CURVE('',#1462,#1463,#1639,.T.);
#1102=EDGE_CURVE('',#1463,#1464,#69,.F.);
#1103=EDGE_CURVE('',#1465,#1464,#70,.T.);
#1104=EDGE_CURVE('',#1459,#1465,#1640,.F.);
#1105=EDGE_CURVE('',#1466,#1467,#71,.F.);
#1106=EDGE_CURVE('',#1467,#1468,#72,.F.);
#1107=EDGE_CURVE('',#1468,#1469,#73,.F.);
#1108=EDGE_CURVE('',#1469,#1470,#1641,.T.);
#1109=EDGE_CURVE('',#1470,#1471,#74,.F.);
#1110=EDGE_CURVE('',#1472,#1471,#75,.T.);
#1111=EDGE_CURVE('',#1466,#1472,#1642,.F.);
#1112=EDGE_CURVE('',#1473,#1474,#76,.F.);
#1113=EDGE_CURVE('',#1474,#1475,#77,.F.);
#1114=EDGE_CURVE('',#1475,#1476,#78,.F.);
#1115=EDGE_CURVE('',#1476,#1477,#1643,.T.);
#1116=EDGE_CURVE('',#1477,#1478,#79,.F.);
#1117=EDGE_CURVE('',#1479,#1478,#80,.T.);
#1118=EDGE_CURVE('',#1473,#1479,#1644,.F.);
#1119=EDGE_CURVE('',#1480,#1481,#81,.F.);
#1120=EDGE_CURVE('',#1481,#1482,#82,.F.);
#1121=EDGE_CURVE('',#1482,#1483,#83,.F.);
#1122=EDGE_CURVE('',#1483,#1484,#1645,.T.);
#1123=EDGE_CURVE('',#1484,#1485,#84,.F.);
#1124=EDGE_CURVE('',#1486,#1485,#85,.T.);
#1125=EDGE_CURVE('',#1480,#1486,#1646,.F.);
#1126=EDGE_CURVE('',#1487,#1488,#86,.T.);
#1127=EDGE_CURVE('',#1488,#1489,#87,.F.);
#1128=EDGE_CURVE('',#1489,#1490,#88,.T.);
#1129=EDGE_CURVE('',#1490,#1491,#1647,.T.);
#1130=EDGE_CURVE('',#1491,#1492,#89,.T.);
#1131=EDGE_CURVE('',#1493,#1492,#90,.F.);
#1132=EDGE_CURVE('',#1487,#1493,#1648,.F.);
#1133=EDGE_CURVE('',#1494,#1495,#91,.T.);
#1134=EDGE_CURVE('',#1495,#1496,#92,.F.);
#1135=EDGE_CURVE('',#1496,#1497,#93,.T.);
#1136=EDGE_CURVE('',#1497,#1498,#1649,.T.);
#1137=EDGE_CURVE('',#1498,#1499,#94,.T.);
#1138=EDGE_CURVE('',#1500,#1499,#95,.F.);
#1139=EDGE_CURVE('',#1494,#1500,#1650,.F.);
#1140=EDGE_CURVE('',#1501,#1502,#96,.T.);
#1141=EDGE_CURVE('',#1502,#1503,#97,.F.);
#1142=EDGE_CURVE('',#1503,#1504,#98,.T.);
#1143=EDGE_CURVE('',#1504,#1505,#1651,.T.);
#1144=EDGE_CURVE('',#1505,#1506,#99,.T.);
#1145=EDGE_CURVE('',#1507,#1506,#100,.F.);
#1146=EDGE_CURVE('',#1501,#1507,#1652,.F.);
#1147=EDGE_CURVE('',#1508,#1509,#101,.T.);
#1148=EDGE_CURVE('',#1509,#1510,#102,.F.);
#1149=EDGE_CURVE('',#1510,#1511,#103,.T.);
#1150=EDGE_CURVE('',#1511,#1512,#1653,.T.);
#1151=EDGE_CURVE('',#1512,#1513,#104,.T.);
#1152=EDGE_CURVE('',#1514,#1513,#105,.F.);
#1153=EDGE_CURVE('',#1508,#1514,#1654,.F.);
#1154=EDGE_CURVE('',#1515,#1516,#106,.T.);
#1155=EDGE_CURVE('',#1516,#1517,#107,.F.);
#1156=EDGE_CURVE('',#1517,#1518,#108,.T.);
#1157=EDGE_CURVE('',#1518,#1519,#1655,.T.);
#1158=EDGE_CURVE('',#1519,#1520,#109,.T.);
#1159=EDGE_CURVE('',#1521,#1520,#110,.F.);
#1160=EDGE_CURVE('',#1515,#1521,#1656,.F.);
#1161=EDGE_CURVE('',#1522,#1523,#111,.T.);
#1162=EDGE_CURVE('',#1523,#1524,#112,.F.);
#1163=EDGE_CURVE('',#1524,#1525,#113,.T.);
#1164=EDGE_CURVE('',#1525,#1526,#1657,.T.);
#1165=EDGE_CURVE('',#1526,#1527,#114,.T.);
#1166=EDGE_CURVE('',#1528,#1527,#115,.F.);
#1167=EDGE_CURVE('',#1522,#1528,#1658,.F.);
#1168=EDGE_CURVE('',#1529,#1530,#116,.T.);
#1169=EDGE_CURVE('',#1530,#1531,#117,.F.);
#1170=EDGE_CURVE('',#1531,#1532,#118,.T.);
#1171=EDGE_CURVE('',#1532,#1533,#1659,.T.);
#1172=EDGE_CURVE('',#1533,#1534,#119,.T.);
#1173=EDGE_CURVE('',#1535,#1534,#120,.F.);
#1174=EDGE_CURVE('',#1529,#1535,#1660,.F.);
#1175=EDGE_CURVE('',#1536,#1537,#121,.T.);
#1176=EDGE_CURVE('',#1537,#1538,#122,.F.);
#1177=EDGE_CURVE('',#1538,#1539,#123,.T.);
#1178=EDGE_CURVE('',#1539,#1540,#1661,.T.);
#1179=EDGE_CURVE('',#1540,#1541,#124,.T.);
#1180=EDGE_CURVE('',#1542,#1541,#125,.F.);
#1181=EDGE_CURVE('',#1536,#1542,#1662,.F.);
#1182=EDGE_CURVE('',#1543,#1544,#126,.T.);
#1183=EDGE_CURVE('',#1544,#1545,#127,.F.);
#1184=EDGE_CURVE('',#1545,#1546,#128,.T.);
#1185=EDGE_CURVE('',#1546,#1547,#1663,.T.);
#1186=EDGE_CURVE('',#1547,#1548,#129,.T.);
#1187=EDGE_CURVE('',#1549,#1548,#130,.F.);
#1188=EDGE_CURVE('',#1543,#1549,#1664,.F.);
#1189=EDGE_CURVE('',#1550,#1551,#131,.T.);
#1190=EDGE_CURVE('',#1551,#1552,#132,.F.);
#1191=EDGE_CURVE('',#1552,#1553,#133,.T.);
#1192=EDGE_CURVE('',#1553,#1554,#1665,.T.);
#1193=EDGE_CURVE('',#1554,#1555,#134,.T.);
#1194=EDGE_CURVE('',#1556,#1555,#135,.F.);
#1195=EDGE_CURVE('',#1550,#1556,#1666,.F.);
#1196=EDGE_CURVE('',#1557,#1558,#136,.T.);
#1197=EDGE_CURVE('',#1558,#1559,#137,.F.);
#1198=EDGE_CURVE('',#1559,#1560,#138,.T.);
#1199=EDGE_CURVE('',#1560,#1561,#1667,.T.);
#1200=EDGE_CURVE('',#1561,#1562,#139,.T.);
#1201=EDGE_CURVE('',#1563,#1562,#140,.F.);
#1202=EDGE_CURVE('',#1557,#1563,#1668,.F.);
#1203=EDGE_CURVE('',#1564,#1565,#141,.T.);
#1204=EDGE_CURVE('',#1565,#1566,#142,.F.);
#1205=EDGE_CURVE('',#1566,#1567,#143,.T.);
#1206=EDGE_CURVE('',#1567,#1568,#1669,.T.);
#1207=EDGE_CURVE('',#1568,#1569,#144,.T.);
#1208=EDGE_CURVE('',#1570,#1569,#145,.F.);
#1209=EDGE_CURVE('',#1564,#1570,#1670,.F.);
#1210=EDGE_CURVE('',#1571,#1572,#146,.T.);
#1211=EDGE_CURVE('',#1572,#1573,#147,.F.);
#1212=EDGE_CURVE('',#1573,#1574,#148,.T.);
#1213=EDGE_CURVE('',#1574,#1575,#1671,.T.);
#1214=EDGE_CURVE('',#1575,#1576,#149,.T.);
#1215=EDGE_CURVE('',#1577,#1576,#150,.F.);
#1216=EDGE_CURVE('',#1571,#1577,#1672,.F.);
#1217=EDGE_CURVE('',#1578,#1579,#151,.T.);
#1218=EDGE_CURVE('',#1579,#1580,#152,.F.);
#1219=EDGE_CURVE('',#1580,#1581,#153,.T.);
#1220=EDGE_CURVE('',#1581,#1582,#1673,.T.);
#1221=EDGE_CURVE('',#1582,#1583,#154,.T.);
#1222=EDGE_CURVE('',#1584,#1583,#155,.F.);
#1223=EDGE_CURVE('',#1578,#1584,#1674,.F.);
#1224=EDGE_CURVE('',#1432,#1426,#156,.T.);
#1225=EDGE_CURVE('',#1432,#1545,#1675,.T.);
#1226=EDGE_CURVE('',#1545,#1551,#157,.F.);
#1227=EDGE_CURVE('',#1551,#1426,#1676,.F.);
#1228=EDGE_CURVE('',#1546,#1431,#1677,.F.);
#1229=EDGE_CURVE('',#1434,#1543,#1678,.T.);
#1230=EDGE_CURVE('',#1544,#1433,#1679,.F.);
#1231=EDGE_CURVE('',#1549,#1435,#1680,.F.);
#1232=EDGE_CURVE('',#1547,#1437,#1681,.T.);
#1233=EDGE_CURVE('',#1436,#1548,#1682,.F.);
#1234=EDGE_CURVE('',#1425,#1419,#158,.T.);
#1235=EDGE_CURVE('',#1425,#1552,#1683,.T.);
#1236=EDGE_CURVE('',#1552,#1558,#159,.F.);
#1237=EDGE_CURVE('',#1558,#1419,#1684,.F.);
#1238=EDGE_CURVE('',#1553,#1424,#1685,.F.);
#1239=EDGE_CURVE('',#1427,#1550,#1686,.T.);
#1240=EDGE_CURVE('',#1556,#1428,#1687,.F.);
#1241=EDGE_CURVE('',#1554,#1430,#1688,.T.);
#1242=EDGE_CURVE('',#1429,#1555,#1689,.F.);
#1243=EDGE_CURVE('',#1418,#1412,#160,.T.);
#1244=EDGE_CURVE('',#1418,#1559,#1690,.T.);
#1245=EDGE_CURVE('',#1559,#1565,#161,.F.);
#1246=EDGE_CURVE('',#1565,#1412,#1691,.F.);
#1247=EDGE_CURVE('',#1560,#1417,#1692,.F.);
#1248=EDGE_CURVE('',#1420,#1557,#1693,.T.);
#1249=EDGE_CURVE('',#1563,#1421,#1694,.F.);
#1250=EDGE_CURVE('',#1561,#1423,#1695,.T.);
#1251=EDGE_CURVE('',#1422,#1562,#1696,.F.);
#1252=EDGE_CURVE('',#1411,#1405,#162,.T.);
#1253=EDGE_CURVE('',#1411,#1566,#1697,.T.);
#1254=EDGE_CURVE('',#1566,#1572,#163,.F.);
#1255=EDGE_CURVE('',#1572,#1405,#1698,.F.);
#1256=EDGE_CURVE('',#1567,#1410,#1699,.F.);
#1257=EDGE_CURVE('',#1413,#1564,#1700,.T.);
#1258=EDGE_CURVE('',#1570,#1414,#1701,.F.);
#1259=EDGE_CURVE('',#1568,#1416,#1702,.T.);
#1260=EDGE_CURVE('',#1415,#1569,#1703,.F.);
#1261=EDGE_CURVE('',#1404,#1398,#164,.T.);
#1262=EDGE_CURVE('',#1404,#1573,#1704,.T.);
#1263=EDGE_CURVE('',#1573,#1579,#165,.F.);
#1264=EDGE_CURVE('',#1579,#1398,#1705,.F.);
#1265=EDGE_CURVE('',#1574,#1403,#1706,.F.);
#1266=EDGE_CURVE('',#1406,#1571,#1707,.T.);
#1267=EDGE_CURVE('',#1577,#1407,#1708,.F.);
#1268=EDGE_CURVE('',#1575,#1409,#1709,.T.);
#1269=EDGE_CURVE('',#1408,#1576,#1710,.F.);
#1270=EDGE_CURVE('',#1397,#1391,#166,.T.);
#1271=EDGE_CURVE('',#1397,#1580,#1711,.T.);
#1272=EDGE_CURVE('',#1580,#1585,#167,.F.);
#1273=EDGE_CURVE('',#1585,#1391,#1712,.F.);
#1274=EDGE_CURVE('',#1581,#1396,#1713,.F.);
#1275=EDGE_CURVE('',#1399,#1578,#1714,.T.);
#1276=EDGE_CURVE('',#1584,#1400,#1715,.F.);
#1277=EDGE_CURVE('',#1582,#1402,#1716,.T.);
#1278=EDGE_CURVE('',#1401,#1583,#1717,.F.);
#1279=EDGE_CURVE('',#1390,#1586,#168,.T.);
#1280=EDGE_CURVE('',#1390,#1587,#1718,.T.);
#1281=EDGE_CURVE('',#1587,#1488,#169,.F.);
#1282=EDGE_CURVE('',#1488,#1586,#1719,.F.);
#1283=EDGE_CURVE('',#1587,#1588,#170,.T.);
#1284=EDGE_CURVE('',#1588,#1389,#1720,.F.);
#1285=EDGE_CURVE('',#1589,#1585,#171,.T.);
#1286=EDGE_CURVE('',#1392,#1589,#1721,.T.);
#1287=EDGE_CURVE('',#1589,#1590,#1722,.F.);
#1288=EDGE_CURVE('',#1590,#1393,#1723,.F.);
#1289=EDGE_CURVE('',#1588,#1591,#1724,.T.);
#1290=EDGE_CURVE('',#1591,#1395,#1725,.T.);
#1291=EDGE_CURVE('',#1394,#1592,#1726,.F.);
#1292=EDGE_CURVE('',#1591,#1592,#172,.T.);
#1293=EDGE_CURVE('',#1590,#1592,#173,.F.);
#1294=EDGE_CURVE('',#1593,#1482,#174,.T.);
#1295=EDGE_CURVE('',#1593,#1489,#1727,.T.);
#1296=EDGE_CURVE('',#1489,#1495,#175,.F.);
#1297=EDGE_CURVE('',#1495,#1482,#1728,.F.);
#1298=EDGE_CURVE('',#1594,#1593,#176,.F.);
#1299=EDGE_CURVE('',#1490,#1594,#1729,.F.);
#1300=EDGE_CURVE('',#1595,#1487,#1730,.T.);
#1301=EDGE_CURVE('',#1586,#1595,#177,.F.);
#1302=EDGE_CURVE('',#1595,#1596,#1731,.T.);
#1303=EDGE_CURVE('',#1493,#1596,#1732,.F.);
#1304=EDGE_CURVE('',#1594,#1597,#1733,.F.);
#1305=EDGE_CURVE('',#1491,#1597,#1734,.T.);
#1306=EDGE_CURVE('',#1597,#1598,#178,.T.);
#1307=EDGE_CURVE('',#1598,#1492,#1735,.F.);
#1308=EDGE_CURVE('',#1596,#1598,#179,.F.);
#1309=EDGE_CURVE('',#1481,#1475,#180,.T.);
#1310=EDGE_CURVE('',#1481,#1496,#1736,.T.);
#1311=EDGE_CURVE('',#1496,#1502,#181,.F.);
#1312=EDGE_CURVE('',#1502,#1475,#1737,.F.);
#1313=EDGE_CURVE('',#1497,#1480,#1738,.F.);
#1314=EDGE_CURVE('',#1483,#1494,#1739,.T.);
#1315=EDGE_CURVE('',#1500,#1484,#1740,.F.);
#1316=EDGE_CURVE('',#1498,#1486,#1741,.T.);
#1317=EDGE_CURVE('',#1485,#1499,#1742,.F.);
#1318=EDGE_CURVE('',#1474,#1468,#182,.T.);
#1319=EDGE_CURVE('',#1474,#1503,#1743,.T.);
#1320=EDGE_CURVE('',#1503,#1509,#183,.F.);
#1321=EDGE_CURVE('',#1509,#1468,#1744,.F.);
#1322=EDGE_CURVE('',#1504,#1473,#1745,.F.);
#1323=EDGE_CURVE('',#1476,#1501,#1746,.T.);
#1324=EDGE_CURVE('',#1507,#1477,#1747,.F.);
#1325=EDGE_CURVE('',#1505,#1479,#1748,.T.);
#1326=EDGE_CURVE('',#1478,#1506,#1749,.F.);
#1327=EDGE_CURVE('',#1467,#1461,#184,.T.);
#1328=EDGE_CURVE('',#1467,#1510,#1750,.T.);
#1329=EDGE_CURVE('',#1510,#1516,#185,.F.);
#1330=EDGE_CURVE('',#1516,#1461,#1751,.F.);
#1331=EDGE_CURVE('',#1511,#1466,#1752,.F.);
#1332=EDGE_CURVE('',#1469,#1508,#1753,.T.);
#1333=EDGE_CURVE('',#1514,#1470,#1754,.F.);
#1334=EDGE_CURVE('',#1512,#1472,#1755,.T.);
#1335=EDGE_CURVE('',#1471,#1513,#1756,.F.);
#1336=EDGE_CURVE('',#1460,#1454,#186,.T.);
#1337=EDGE_CURVE('',#1460,#1517,#1757,.T.);
#1338=EDGE_CURVE('',#1517,#1523,#187,.F.);
#1339=EDGE_CURVE('',#1523,#1454,#1758,.F.);
#1340=EDGE_CURVE('',#1518,#1459,#1759,.F.);
#1341=EDGE_CURVE('',#1462,#1515,#1760,.T.);
#1342=EDGE_CURVE('',#1521,#1463,#1761,.F.);
#1343=EDGE_CURVE('',#1519,#1465,#1762,.T.);
#1344=EDGE_CURVE('',#1464,#1520,#1763,.F.);
#1345=EDGE_CURVE('',#1453,#1447,#188,.T.);
#1346=EDGE_CURVE('',#1453,#1524,#1764,.T.);
#1347=EDGE_CURVE('',#1524,#1530,#189,.F.);
#1348=EDGE_CURVE('',#1530,#1447,#1765,.F.);
#1349=EDGE_CURVE('',#1525,#1452,#1766,.F.);
#1350=EDGE_CURVE('',#1455,#1522,#1767,.T.);
#1351=EDGE_CURVE('',#1528,#1456,#1768,.F.);
#1352=EDGE_CURVE('',#1526,#1458,#1769,.T.);
#1353=EDGE_CURVE('',#1457,#1527,#1770,.F.);
#1354=EDGE_CURVE('',#1446,#1440,#190,.T.);
#1355=EDGE_CURVE('',#1446,#1531,#1771,.T.);
#1356=EDGE_CURVE('',#1531,#1537,#191,.F.);
#1357=EDGE_CURVE('',#1537,#1440,#1772,.F.);
#1358=EDGE_CURVE('',#1532,#1445,#1773,.F.);
#1359=EDGE_CURVE('',#1448,#1529,#1774,.T.);
#1360=EDGE_CURVE('',#1535,#1449,#1775,.F.);
#1361=EDGE_CURVE('',#1533,#1451,#1776,.T.);
#1362=EDGE_CURVE('',#1450,#1534,#1777,.F.);
#1363=EDGE_CURVE('',#1439,#1433,#192,.T.);
#1364=EDGE_CURVE('',#1439,#1538,#1778,.T.);
#1365=EDGE_CURVE('',#1538,#1544,#193,.F.);
#1366=EDGE_CURVE('',#1441,#1536,#1779,.T.);
#1367=EDGE_CURVE('',#1542,#1442,#1780,.F.);
#1368=EDGE_CURVE('',#1539,#1438,#1781,.F.);
#1369=EDGE_CURVE('',#1540,#1444,#1782,.T.);
#1370=EDGE_CURVE('',#1443,#1541,#1783,.F.);
#1371=EDGE_CURVE('',#1599,#1599,#194,.F.);
#1372=EDGE_CURVE('',#1585,#1587,#195,.F.);
#1373=EDGE_CURVE('',#1600,#1600,#196,.T.);
#1374=EDGE_CURVE('',#1593,#1586,#197,.F.);
#1375=VERTEX_POINT('',#3683);
#1376=VERTEX_POINT('',#3684);
#1377=VERTEX_POINT('',#3686);
#1378=VERTEX_POINT('',#3688);
#1379=VERTEX_POINT('',#3692);
#1380=VERTEX_POINT('',#3694);
#1381=VERTEX_POINT('',#3698);
#1382=VERTEX_POINT('',#3700);
#1383=VERTEX_POINT('',#3704);
#1384=VERTEX_POINT('',#3706);
#1385=VERTEX_POINT('',#3710);
#1386=VERTEX_POINT('',#3712);
#1387=VERTEX_POINT('',#3719);
#1388=VERTEX_POINT('',#3721);
#1389=VERTEX_POINT('',#3724);
#1390=VERTEX_POINT('',#3725);
#1391=VERTEX_POINT('',#3727);
#1392=VERTEX_POINT('',#3729);
#1393=VERTEX_POINT('',#3731);
#1394=VERTEX_POINT('',#3733);
#1395=VERTEX_POINT('',#3735);
#1396=VERTEX_POINT('',#3739);
#1397=VERTEX_POINT('',#3740);
#1398=VERTEX_POINT('',#3742);
#1399=VERTEX_POINT('',#3744);
#1400=VERTEX_POINT('',#3746);
#1401=VERTEX_POINT('',#3748);
#1402=VERTEX_POINT('',#3750);
#1403=VERTEX_POINT('',#3754);
#1404=VERTEX_POINT('',#3755);
#1405=VERTEX_POINT('',#3757);
#1406=VERTEX_POINT('',#3759);
#1407=VERTEX_POINT('',#3761);
#1408=VERTEX_POINT('',#3763);
#1409=VERTEX_POINT('',#3765);
#1410=VERTEX_POINT('',#3769);
#1411=VERTEX_POINT('',#3770);
#1412=VERTEX_POINT('',#3772);
#1413=VERTEX_POINT('',#3774);
#1414=VERTEX_POINT('',#3776);
#1415=VERTEX_POINT('',#3778);
#1416=VERTEX_POINT('',#3780);
#1417=VERTEX_POINT('',#3784);
#1418=VERTEX_POINT('',#3785);
#1419=VERTEX_POINT('',#3787);
#1420=VERTEX_POINT('',#3789);
#1421=VERTEX_POINT('',#3791);
#1422=VERTEX_POINT('',#3793);
#1423=VERTEX_POINT('',#3795);
#1424=VERTEX_POINT('',#3799);
#1425=VERTEX_POINT('',#3800);
#1426=VERTEX_POINT('',#3802);
#1427=VERTEX_POINT('',#3804);
#1428=VERTEX_POINT('',#3806);
#1429=VERTEX_POINT('',#3808);
#1430=VERTEX_POINT('',#3810);
#1431=VERTEX_POINT('',#3814);
#1432=VERTEX_POINT('',#3815);
#1433=VERTEX_POINT('',#3817);
#1434=VERTEX_POINT('',#3819);
#1435=VERTEX_POINT('',#3821);
#1436=VERTEX_POINT('',#3823);
#1437=VERTEX_POINT('',#3825);
#1438=VERTEX_POINT('',#3829);
#1439=VERTEX_POINT('',#3830);
#1440=VERTEX_POINT('',#3832);
#1441=VERTEX_POINT('',#3834);
#1442=VERTEX_POINT('',#3836);
#1443=VERTEX_POINT('',#3838);
#1444=VERTEX_POINT('',#3840);
#1445=VERTEX_POINT('',#3844);
#1446=VERTEX_POINT('',#3845);
#1447=VERTEX_POINT('',#3847);
#1448=VERTEX_POINT('',#3849);
#1449=VERTEX_POINT('',#3851);
#1450=VERTEX_POINT('',#3853);
#1451=VERTEX_POINT('',#3855);
#1452=VERTEX_POINT('',#3859);
#1453=VERTEX_POINT('',#3860);
#1454=VERTEX_POINT('',#3862);
#1455=VERTEX_POINT('',#3864);
#1456=VERTEX_POINT('',#3866);
#1457=VERTEX_POINT('',#3868);
#1458=VERTEX_POINT('',#3870);
#1459=VERTEX_POINT('',#3874);
#1460=VERTEX_POINT('',#3875);
#1461=VERTEX_POINT('',#3877);
#1462=VERTEX_POINT('',#3879);
#1463=VERTEX_POINT('',#3881);
#1464=VERTEX_POINT('',#3883);
#1465=VERTEX_POINT('',#3885);
#1466=VERTEX_POINT('',#3889);
#1467=VERTEX_POINT('',#3890);
#1468=VERTEX_POINT('',#3892);
#1469=VERTEX_POINT('',#3894);
#1470=VERTEX_POINT('',#3896);
#1471=VERTEX_POINT('',#3898);
#1472=VERTEX_POINT('',#3900);
#1473=VERTEX_POINT('',#3904);
#1474=VERTEX_POINT('',#3905);
#1475=VERTEX_POINT('',#3907);
#1476=VERTEX_POINT('',#3909);
#1477=VERTEX_POINT('',#3911);
#1478=VERTEX_POINT('',#3913);
#1479=VERTEX_POINT('',#3915);
#1480=VERTEX_POINT('',#3919);
#1481=VERTEX_POINT('',#3920);
#1482=VERTEX_POINT('',#3922);
#1483=VERTEX_POINT('',#3924);
#1484=VERTEX_POINT('',#3926);
#1485=VERTEX_POINT('',#3928);
#1486=VERTEX_POINT('',#3930);
#1487=VERTEX_POINT('',#3934);
#1488=VERTEX_POINT('',#3935);
#1489=VERTEX_POINT('',#3937);
#1490=VERTEX_POINT('',#3939);
#1491=VERTEX_POINT('',#3941);
#1492=VERTEX_POINT('',#3943);
#1493=VERTEX_POINT('',#3945);
#1494=VERTEX_POINT('',#3949);
#1495=VERTEX_POINT('',#3950);
#1496=VERTEX_POINT('',#3952);
#1497=VERTEX_POINT('',#3954);
#1498=VERTEX_POINT('',#3956);
#1499=VERTEX_POINT('',#3958);
#1500=VERTEX_POINT('',#3960);
#1501=VERTEX_POINT('',#3964);
#1502=VERTEX_POINT('',#3965);
#1503=VERTEX_POINT('',#3967);
#1504=VERTEX_POINT('',#3969);
#1505=VERTEX_POINT('',#3971);
#1506=VERTEX_POINT('',#3973);
#1507=VERTEX_POINT('',#3975);
#1508=VERTEX_POINT('',#3979);
#1509=VERTEX_POINT('',#3980);
#1510=VERTEX_POINT('',#3982);
#1511=VERTEX_POINT('',#3984);
#1512=VERTEX_POINT('',#3986);
#1513=VERTEX_POINT('',#3988);
#1514=VERTEX_POINT('',#3990);
#1515=VERTEX_POINT('',#3994);
#1516=VERTEX_POINT('',#3995);
#1517=VERTEX_POINT('',#3997);
#1518=VERTEX_POINT('',#3999);
#1519=VERTEX_POINT('',#4001);
#1520=VERTEX_POINT('',#4003);
#1521=VERTEX_POINT('',#4005);
#1522=VERTEX_POINT('',#4009);
#1523=VERTEX_POINT('',#4010);
#1524=VERTEX_POINT('',#4012);
#1525=VERTEX_POINT('',#4014);
#1526=VERTEX_POINT('',#4016);
#1527=VERTEX_POINT('',#4018);
#1528=VERTEX_POINT('',#4020);
#1529=VERTEX_POINT('',#4024);
#1530=VERTEX_POINT('',#4025);
#1531=VERTEX_POINT('',#4027);
#1532=VERTEX_POINT('',#4029);
#1533=VERTEX_POINT('',#4031);
#1534=VERTEX_POINT('',#4033);
#1535=VERTEX_POINT('',#4035);
#1536=VERTEX_POINT('',#4039);
#1537=VERTEX_POINT('',#4040);
#1538=VERTEX_POINT('',#4042);
#1539=VERTEX_POINT('',#4044);
#1540=VERTEX_POINT('',#4046);
#1541=VERTEX_POINT('',#4048);
#1542=VERTEX_POINT('',#4050);
#1543=VERTEX_POINT('',#4054);
#1544=VERTEX_POINT('',#4055);
#1545=VERTEX_POINT('',#4057);
#1546=VERTEX_POINT('',#4059);
#1547=VERTEX_POINT('',#4061);
#1548=VERTEX_POINT('',#4063);
#1549=VERTEX_POINT('',#4065);
#1550=VERTEX_POINT('',#4069);
#1551=VERTEX_POINT('',#4070);
#1552=VERTEX_POINT('',#4072);
#1553=VERTEX_POINT('',#4074);
#1554=VERTEX_POINT('',#4076);
#1555=VERTEX_POINT('',#4078);
#1556=VERTEX_POINT('',#4080);
#1557=VERTEX_POINT('',#4084);
#1558=VERTEX_POINT('',#4085);
#1559=VERTEX_POINT('',#4087);
#1560=VERTEX_POINT('',#4089);
#1561=VERTEX_POINT('',#4091);
#1562=VERTEX_POINT('',#4093);
#1563=VERTEX_POINT('',#4095);
#1564=VERTEX_POINT('',#4099);
#1565=VERTEX_POINT('',#4100);
#1566=VERTEX_POINT('',#4102);
#1567=VERTEX_POINT('',#4104);
#1568=VERTEX_POINT('',#4106);
#1569=VERTEX_POINT('',#4108);
#1570=VERTEX_POINT('',#4110);
#1571=VERTEX_POINT('',#4114);
#1572=VERTEX_POINT('',#4115);
#1573=VERTEX_POINT('',#4117);
#1574=VERTEX_POINT('',#4119);
#1575=VERTEX_POINT('',#4121);
#1576=VERTEX_POINT('',#4123);
#1577=VERTEX_POINT('',#4125);
#1578=VERTEX_POINT('',#4129);
#1579=VERTEX_POINT('',#4130);
#1580=VERTEX_POINT('',#4132);
#1581=VERTEX_POINT('',#4134);
#1582=VERTEX_POINT('',#4136);
#1583=VERTEX_POINT('',#4138);
#1584=VERTEX_POINT('',#4140);
#1585=VERTEX_POINT('',#4227);
#1586=VERTEX_POINT('',#4242);
#1587=VERTEX_POINT('',#4244);
#1588=VERTEX_POINT('',#4249);
#1589=VERTEX_POINT('',#4253);
#1590=VERTEX_POINT('',#4257);
#1591=VERTEX_POINT('',#4261);
#1592=VERTEX_POINT('',#4265);
#1593=VERTEX_POINT('',#4271);
#1594=VERTEX_POINT('',#4277);
#1595=VERTEX_POINT('',#4281);
#1596=VERTEX_POINT('',#4285);
#1597=VERTEX_POINT('',#4289);
#1598=VERTEX_POINT('',#4293);
#1599=VERTEX_POINT('',#4410);
#1600=VERTEX_POINT('',#4415);
#1601=LINE('',#3682,#1784);
#1602=LINE('',#3685,#1785);
#1603=LINE('',#3687,#1786);
#1604=LINE('',#3689,#1787);
#1605=LINE('',#3691,#1788);
#1606=LINE('',#3693,#1789);
#1607=LINE('',#3695,#1790);
#1608=LINE('',#3697,#1791);
#1609=LINE('',#3699,#1792);
#1610=LINE('',#3701,#1793);
#1611=LINE('',#3703,#1794);
#1612=LINE('',#3705,#1795);
#1613=LINE('',#3707,#1796);
#1614=LINE('',#3709,#1797);
#1615=LINE('',#3711,#1798);
#1616=LINE('',#3713,#1799);
#1617=LINE('',#3715,#1800);
#1618=LINE('',#3716,#1801);
#1619=LINE('',#3730,#1802);
#1620=LINE('',#3736,#1803);
#1621=LINE('',#3745,#1804);
#1622=LINE('',#3751,#1805);
#1623=LINE('',#3760,#1806);
#1624=LINE('',#3766,#1807);
#1625=LINE('',#3775,#1808);
#1626=LINE('',#3781,#1809);
#1627=LINE('',#3790,#1810);
#1628=LINE('',#3796,#1811);
#1629=LINE('',#3805,#1812);
#1630=LINE('',#3811,#1813);
#1631=LINE('',#3820,#1814);
#1632=LINE('',#3826,#1815);
#1633=LINE('',#3835,#1816);
#1634=LINE('',#3841,#1817);
#1635=LINE('',#3850,#1818);
#1636=LINE('',#3856,#1819);
#1637=LINE('',#3865,#1820);
#1638=LINE('',#3871,#1821);
#1639=LINE('',#3880,#1822);
#1640=LINE('',#3886,#1823);
#1641=LINE('',#3895,#1824);
#1642=LINE('',#3901,#1825);
#1643=LINE('',#3910,#1826);
#1644=LINE('',#3916,#1827);
#1645=LINE('',#3925,#1828);
#1646=LINE('',#3931,#1829);
#1647=LINE('',#3940,#1830);
#1648=LINE('',#3946,#1831);
#1649=LINE('',#3955,#1832);
#1650=LINE('',#3961,#1833);
#1651=LINE('',#3970,#1834);
#1652=LINE('',#3976,#1835);
#1653=LINE('',#3985,#1836);
#1654=LINE('',#3991,#1837);
#1655=LINE('',#4000,#1838);
#1656=LINE('',#4006,#1839);
#1657=LINE('',#4015,#1840);
#1658=LINE('',#4021,#1841);
#1659=LINE('',#4030,#1842);
#1660=LINE('',#4036,#1843);
#1661=LINE('',#4045,#1844);
#1662=LINE('',#4051,#1845);
#1663=LINE('',#4060,#1846);
#1664=LINE('',#4066,#1847);
#1665=LINE('',#4075,#1848);
#1666=LINE('',#4081,#1849);
#1667=LINE('',#4090,#1850);
#1668=LINE('',#4096,#1851);
#1669=LINE('',#4105,#1852);
#1670=LINE('',#4111,#1853);
#1671=LINE('',#4120,#1854);
#1672=LINE('',#4126,#1855);
#1673=LINE('',#4135,#1856);
#1674=LINE('',#4141,#1857);
#1675=LINE('',#4144,#1858);
#1676=LINE('',#4146,#1859);
#1677=LINE('',#4148,#1860);
#1678=LINE('',#4150,#1861);
#1679=LINE('',#4151,#1862);
#1680=LINE('',#4153,#1863);
#1681=LINE('',#4155,#1864);
#1682=LINE('',#4157,#1865);
#1683=LINE('',#4161,#1866);
#1684=LINE('',#4163,#1867);
#1685=LINE('',#4165,#1868);
#1686=LINE('',#4167,#1869);
#1687=LINE('',#4169,#1870);
#1688=LINE('',#4171,#1871);
#1689=LINE('',#4173,#1872);
#1690=LINE('',#4177,#1873);
#1691=LINE('',#4179,#1874);
#1692=LINE('',#4181,#1875);
#1693=LINE('',#4183,#1876);
#1694=LINE('',#4185,#1877);
#1695=LINE('',#4187,#1878);
#1696=LINE('',#4189,#1879);
#1697=LINE('',#4193,#1880);
#1698=LINE('',#4195,#1881);
#1699=LINE('',#4197,#1882);
#1700=LINE('',#4199,#1883);
#1701=LINE('',#4201,#1884);
#1702=LINE('',#4203,#1885);
#1703=LINE('',#4205,#1886);
#1704=LINE('',#4209,#1887);
#1705=LINE('',#4211,#1888);
#1706=LINE('',#4213,#1889);
#1707=LINE('',#4215,#1890);
#1708=LINE('',#4217,#1891);
#1709=LINE('',#4219,#1892);
#1710=LINE('',#4221,#1893);
#1711=LINE('',#4225,#1894);
#1712=LINE('',#4228,#1895);
#1713=LINE('',#4230,#1896);
#1714=LINE('',#4232,#1897);
#1715=LINE('',#4234,#1898);
#1716=LINE('',#4236,#1899);
#1717=LINE('',#4238,#1900);
#1718=LINE('',#4243,#1901);
#1719=LINE('',#4246,#1902);
#1720=LINE('',#4250,#1903);
#1721=LINE('',#4254,#1904);
#1722=LINE('',#4256,#1905);
#1723=LINE('',#4258,#1906);
#1724=LINE('',#4260,#1907);
#1725=LINE('',#4262,#1908);
#1726=LINE('',#4264,#1909);
#1727=LINE('',#4272,#1910);
#1728=LINE('',#4274,#1911);
#1729=LINE('',#4278,#1912);
#1730=LINE('',#4280,#1913);
#1731=LINE('',#4284,#1914);
#1732=LINE('',#4286,#1915);
#1733=LINE('',#4288,#1916);
#1734=LINE('',#4290,#1917);
#1735=LINE('',#4294,#1918);
#1736=LINE('',#4299,#1919);
#1737=LINE('',#4301,#1920);
#1738=LINE('',#4303,#1921);
#1739=LINE('',#4305,#1922);
#1740=LINE('',#4307,#1923);
#1741=LINE('',#4309,#1924);
#1742=LINE('',#4311,#1925);
#1743=LINE('',#4315,#1926);
#1744=LINE('',#4317,#1927);
#1745=LINE('',#4319,#1928);
#1746=LINE('',#4321,#1929);
#1747=LINE('',#4323,#1930);
#1748=LINE('',#4325,#1931);
#1749=LINE('',#4327,#1932);
#1750=LINE('',#4331,#1933);
#1751=LINE('',#4333,#1934);
#1752=LINE('',#4335,#1935);
#1753=LINE('',#4337,#1936);
#1754=LINE('',#4339,#1937);
#1755=LINE('',#4341,#1938);
#1756=LINE('',#4343,#1939);
#1757=LINE('',#4347,#1940);
#1758=LINE('',#4349,#1941);
#1759=LINE('',#4351,#1942);
#1760=LINE('',#4353,#1943);
#1761=LINE('',#4355,#1944);
#1762=LINE('',#4357,#1945);
#1763=LINE('',#4359,#1946);
#1764=LINE('',#4363,#1947);
#1765=LINE('',#4365,#1948);
#1766=LINE('',#4367,#1949);
#1767=LINE('',#4369,#1950);
#1768=LINE('',#4371,#1951);
#1769=LINE('',#4373,#1952);
#1770=LINE('',#4375,#1953);
#1771=LINE('',#4379,#1954);
#1772=LINE('',#4381,#1955);
#1773=LINE('',#4383,#1956);
#1774=LINE('',#4385,#1957);
#1775=LINE('',#4387,#1958);
#1776=LINE('',#4389,#1959);
#1777=LINE('',#4391,#1960);
#1778=LINE('',#4395,#1961);
#1779=LINE('',#4398,#1962);
#1780=LINE('',#4399,#1963);
#1781=LINE('',#4401,#1964);
#1782=LINE('',#4402,#1965);
#1783=LINE('',#4404,#1966);
#1784=VECTOR('',#2837,1.);
#1785=VECTOR('',#2838,1.);
#1786=VECTOR('',#2839,1.);
#1787=VECTOR('',#2840,1.);
#1788=VECTOR('',#2843,1.);
#1789=VECTOR('',#2844,1.);
#1790=VECTOR('',#2845,1.);
#1791=VECTOR('',#2848,1.);
#1792=VECTOR('',#2849,1.);
#1793=VECTOR('',#2850,1.);
#1794=VECTOR('',#2853,1.);
#1795=VECTOR('',#2854,1.);
#1796=VECTOR('',#2855,1.);
#1797=VECTOR('',#2858,1.);
#1798=VECTOR('',#2859,1.);
#1799=VECTOR('',#2860,1.);
#1800=VECTOR('',#2863,1.);
#1801=VECTOR('',#2864,1.);
#1802=VECTOR('',#2879,1.);
#1803=VECTOR('',#2884,1.);
#1804=VECTOR('',#2893,1.);
#1805=VECTOR('',#2898,1.);
#1806=VECTOR('',#2907,1.);
#1807=VECTOR('',#2912,1.);
#1808=VECTOR('',#2921,1.);
#1809=VECTOR('',#2926,1.);
#1810=VECTOR('',#2935,1.);
#1811=VECTOR('',#2940,1.);
#1812=VECTOR('',#2949,1.);
#1813=VECTOR('',#2954,1.);
#1814=VECTOR('',#2963,1.);
#1815=VECTOR('',#2968,1.);
#1816=VECTOR('',#2977,1.);
#1817=VECTOR('',#2982,1.);
#1818=VECTOR('',#2991,1.);
#1819=VECTOR('',#2996,1.);
#1820=VECTOR('',#3005,1.);
#1821=VECTOR('',#3010,1.);
#1822=VECTOR('',#3019,1.);
#1823=VECTOR('',#3024,1.);
#1824=VECTOR('',#3033,1.);
#1825=VECTOR('',#3038,1.);
#1826=VECTOR('',#3047,1.);
#1827=VECTOR('',#3052,1.);
#1828=VECTOR('',#3061,1.);
#1829=VECTOR('',#3066,1.);
#1830=VECTOR('',#3075,1.);
#1831=VECTOR('',#3080,1.);
#1832=VECTOR('',#3089,1.);
#1833=VECTOR('',#3094,1.);
#1834=VECTOR('',#3103,1.);
#1835=VECTOR('',#3108,1.);
#1836=VECTOR('',#3117,1.);
#1837=VECTOR('',#3122,1.);
#1838=VECTOR('',#3131,1.);
#1839=VECTOR('',#3136,1.);
#1840=VECTOR('',#3145,1.);
#1841=VECTOR('',#3150,1.);
#1842=VECTOR('',#3159,1.);
#1843=VECTOR('',#3164,1.);
#1844=VECTOR('',#3173,1.);
#1845=VECTOR('',#3178,1.);
#1846=VECTOR('',#3187,1.);
#1847=VECTOR('',#3192,1.);
#1848=VECTOR('',#3201,1.);
#1849=VECTOR('',#3206,1.);
#1850=VECTOR('',#3215,1.);
#1851=VECTOR('',#3220,1.);
#1852=VECTOR('',#3229,1.);
#1853=VECTOR('',#3234,1.);
#1854=VECTOR('',#3243,1.);
#1855=VECTOR('',#3248,1.);
#1856=VECTOR('',#3257,1.);
#1857=VECTOR('',#3262,1.);
#1858=VECTOR('',#3267,1.);
#1859=VECTOR('',#3270,1.);
#1860=VECTOR('',#3273,1.);
#1861=VECTOR('',#3276,1.);
#1862=VECTOR('',#3277,1.);
#1863=VECTOR('',#3280,1.);
#1864=VECTOR('',#3283,1.);
#1865=VECTOR('',#3286,1.);
#1866=VECTOR('',#3293,1.);
#1867=VECTOR('',#3296,1.);
#1868=VECTOR('',#3299,1.);
#1869=VECTOR('',#3302,1.);
#1870=VECTOR('',#3305,1.);
#1871=VECTOR('',#3308,1.);
#1872=VECTOR('',#3311,1.);
#1873=VECTOR('',#3318,1.);
#1874=VECTOR('',#3321,1.);
#1875=VECTOR('',#3324,1.);
#1876=VECTOR('',#3327,1.);
#1877=VECTOR('',#3330,1.);
#1878=VECTOR('',#3333,1.);
#1879=VECTOR('',#3336,1.);
#1880=VECTOR('',#3343,1.);
#1881=VECTOR('',#3346,1.);
#1882=VECTOR('',#3349,1.);
#1883=VECTOR('',#3352,1.);
#1884=VECTOR('',#3355,1.);
#1885=VECTOR('',#3358,1.);
#1886=VECTOR('',#3361,1.);
#1887=VECTOR('',#3368,1.);
#1888=VECTOR('',#3371,1.);
#1889=VECTOR('',#3374,1.);
#1890=VECTOR('',#3377,1.);
#1891=VECTOR('',#3380,1.);
#1892=VECTOR('',#3383,1.);
#1893=VECTOR('',#3386,1.);
#1894=VECTOR('',#3393,1.);
#1895=VECTOR('',#3396,1.);
#1896=VECTOR('',#3399,1.);
#1897=VECTOR('',#3402,1.);
#1898=VECTOR('',#3405,1.);
#1899=VECTOR('',#3408,1.);
#1900=VECTOR('',#3411,1.);
#1901=VECTOR('',#3418,1.);
#1902=VECTOR('',#3421,1.);
#1903=VECTOR('',#3426,1.);
#1904=VECTOR('',#3431,1.);
#1905=VECTOR('',#3434,1.);
#1906=VECTOR('',#3435,1.);
#1907=VECTOR('',#3438,1.);
#1908=VECTOR('',#3439,1.);
#1909=VECTOR('',#3442,1.);
#1910=VECTOR('',#3453,1.);
#1911=VECTOR('',#3456,1.);
#1912=VECTOR('',#3461,1.);
#1913=VECTOR('',#3464,1.);
#1914=VECTOR('',#3469,1.);
#1915=VECTOR('',#3470,1.);
#1916=VECTOR('',#3473,1.);
#1917=VECTOR('',#3474,1.);
#1918=VECTOR('',#3479,1.);
#1919=VECTOR('',#3488,1.);
#1920=VECTOR('',#3491,1.);
#1921=VECTOR('',#3494,1.);
#1922=VECTOR('',#3497,1.);
#1923=VECTOR('',#3500,1.);
#1924=VECTOR('',#3503,1.);
#1925=VECTOR('',#3506,1.);
#1926=VECTOR('',#3513,1.);
#1927=VECTOR('',#3516,1.);
#1928=VECTOR('',#3519,1.);
#1929=VECTOR('',#3522,1.);
#1930=VECTOR('',#3525,1.);
#1931=VECTOR('',#3528,1.);
#1932=VECTOR('',#3531,1.);
#1933=VECTOR('',#3538,1.);
#1934=VECTOR('',#3541,1.);
#1935=VECTOR('',#3544,1.);
#1936=VECTOR('',#3547,1.);
#1937=VECTOR('',#3550,1.);
#1938=VECTOR('',#3553,1.);
#1939=VECTOR('',#3556,1.);
#1940=VECTOR('',#3563,1.);
#1941=VECTOR('',#3566,1.);
#1942=VECTOR('',#3569,1.);
#1943=VECTOR('',#3572,1.);
#1944=VECTOR('',#3575,1.);
#1945=VECTOR('',#3578,1.);
#1946=VECTOR('',#3581,1.);
#1947=VECTOR('',#3588,1.);
#1948=VECTOR('',#3591,1.);
#1949=VECTOR('',#3594,1.);
#1950=VECTOR('',#3597,1.);
#1951=VECTOR('',#3600,1.);
#1952=VECTOR('',#3603,1.);
#1953=VECTOR('',#3606,1.);
#1954=VECTOR('',#3613,1.);
#1955=VECTOR('',#3616,1.);
#1956=VECTOR('',#3619,1.);
#1957=VECTOR('',#3622,1.);
#1958=VECTOR('',#3625,1.);
#1959=VECTOR('',#3628,1.);
#1960=VECTOR('',#3631,1.);
#1961=VECTOR('',#3638,1.);
#1962=VECTOR('',#3643,1.);
#1963=VECTOR('',#3644,1.);
#1964=VECTOR('',#3647,1.);
#1965=VECTOR('',#3648,1.);
#1966=VECTOR('',#3651,1.);
#1967=EDGE_LOOP('',(#274,#275,#276,#277));
#1968=EDGE_LOOP('',(#278,#279,#280,#281));
#1969=EDGE_LOOP('',(#282,#283,#284,#285));
#1970=EDGE_LOOP('',(#286,#287,#288,#289));
#1971=EDGE_LOOP('',(#290,#291,#292,#293));
#1972=EDGE_LOOP('',(#294,#295,#296,#297));
#1973=EDGE_LOOP('',(#298));
#1974=EDGE_LOOP('',(#299));
#1975=EDGE_LOOP('',(#300,#301,#302,#303,#304,#305,#306));
#1976=EDGE_LOOP('',(#307,#308,#309,#310,#311,#312,#313));
#1977=EDGE_LOOP('',(#314,#315,#316,#317,#318,#319,#320));
#1978=EDGE_LOOP('',(#321,#322,#323,#324,#325,#326,#327));
#1979=EDGE_LOOP('',(#328,#329,#330,#331,#332,#333,#334));
#1980=EDGE_LOOP('',(#335,#336,#337,#338,#339,#340,#341));
#1981=EDGE_LOOP('',(#342,#343,#344,#345,#346,#347,#348));
#1982=EDGE_LOOP('',(#349,#350,#351,#352,#353,#354,#355));
#1983=EDGE_LOOP('',(#356,#357,#358,#359,#360,#361,#362));
#1984=EDGE_LOOP('',(#363,#364,#365,#366,#367,#368,#369));
#1985=EDGE_LOOP('',(#370,#371,#372,#373,#374,#375,#376));
#1986=EDGE_LOOP('',(#377,#378,#379,#380,#381,#382,#383));
#1987=EDGE_LOOP('',(#384,#385,#386,#387,#388,#389,#390));
#1988=EDGE_LOOP('',(#391,#392,#393,#394,#395,#396,#397));
#1989=EDGE_LOOP('',(#398,#399,#400,#401,#402,#403,#404));
#1990=EDGE_LOOP('',(#405,#406,#407,#408,#409,#410,#411));
#1991=EDGE_LOOP('',(#412,#413,#414,#415,#416,#417,#418));
#1992=EDGE_LOOP('',(#419,#420,#421,#422,#423,#424,#425));
#1993=EDGE_LOOP('',(#426,#427,#428,#429,#430,#431,#432));
#1994=EDGE_LOOP('',(#433,#434,#435,#436,#437,#438,#439));
#1995=EDGE_LOOP('',(#440,#441,#442,#443,#444,#445,#446));
#1996=EDGE_LOOP('',(#447,#448,#449,#450,#451,#452,#453));
#1997=EDGE_LOOP('',(#454,#455,#456,#457,#458,#459,#460));
#1998=EDGE_LOOP('',(#461,#462,#463,#464,#465,#466,#467));
#1999=EDGE_LOOP('',(#468,#469,#470,#471,#472,#473,#474));
#2000=EDGE_LOOP('',(#475,#476,#477,#478,#479,#480,#481));
#2001=EDGE_LOOP('',(#482,#483,#484,#485,#486,#487,#488));
#2002=EDGE_LOOP('',(#489,#490,#491,#492,#493,#494,#495));
#2003=EDGE_LOOP('',(#496,#497,#498,#499));
#2004=EDGE_LOOP('',(#500,#501,#502,#503));
#2005=EDGE_LOOP('',(#504,#505,#506,#507));
#2006=EDGE_LOOP('',(#508,#509,#510,#511));
#2007=EDGE_LOOP('',(#512,#513,#514,#515));
#2008=EDGE_LOOP('',(#516,#517,#518,#519));
#2009=EDGE_LOOP('',(#520,#521,#522,#523));
#2010=EDGE_LOOP('',(#524,#525,#526,#527));
#2011=EDGE_LOOP('',(#528,#529,#530,#531));
#2012=EDGE_LOOP('',(#532,#533,#534,#535));
#2013=EDGE_LOOP('',(#536,#537,#538,#539));
#2014=EDGE_LOOP('',(#540,#541,#542,#543));
#2015=EDGE_LOOP('',(#544,#545,#546,#547));
#2016=EDGE_LOOP('',(#548,#549,#550,#551));
#2017=EDGE_LOOP('',(#552,#553,#554,#555));
#2018=EDGE_LOOP('',(#556,#557,#558,#559));
#2019=EDGE_LOOP('',(#560,#561,#562,#563));
#2020=EDGE_LOOP('',(#564,#565,#566,#567));
#2021=EDGE_LOOP('',(#568,#569,#570,#571));
#2022=EDGE_LOOP('',(#572,#573,#574,#575));
#2023=EDGE_LOOP('',(#576,#577,#578,#579));
#2024=EDGE_LOOP('',(#580,#581,#582,#583));
#2025=EDGE_LOOP('',(#584,#585,#586,#587));
#2026=EDGE_LOOP('',(#588,#589,#590,#591));
#2027=EDGE_LOOP('',(#592,#593,#594,#595));
#2028=EDGE_LOOP('',(#596,#597,#598,#599));
#2029=EDGE_LOOP('',(#600,#601,#602,#603));
#2030=EDGE_LOOP('',(#604,#605,#606,#607));
#2031=EDGE_LOOP('',(#608,#609,#610,#611));
#2032=EDGE_LOOP('',(#612,#613,#614,#615));
#2033=EDGE_LOOP('',(#616,#617,#618,#619));
#2034=EDGE_LOOP('',(#620,#621,#622,#623));
#2035=EDGE_LOOP('',(#624,#625,#626,#627));
#2036=EDGE_LOOP('',(#628,#629,#630,#631));
#2037=EDGE_LOOP('',(#632,#633,#634,#635));
#2038=EDGE_LOOP('',(#636,#637,#638,#639));
#2039=EDGE_LOOP('',(#640,#641,#642,#643));
#2040=EDGE_LOOP('',(#644,#645,#646,#647));
#2041=EDGE_LOOP('',(#648,#649,#650,#651));
#2042=EDGE_LOOP('',(#652,#653,#654,#655));
#2043=EDGE_LOOP('',(#656,#657,#658,#659));
#2044=EDGE_LOOP('',(#660,#661,#662,#663));
#2045=EDGE_LOOP('',(#664,#665,#666,#667));
#2046=EDGE_LOOP('',(#668,#669,#670,#671));
#2047=EDGE_LOOP('',(#672,#673,#674,#675));
#2048=EDGE_LOOP('',(#676,#677,#678,#679));
#2049=EDGE_LOOP('',(#680,#681,#682,#683));
#2050=EDGE_LOOP('',(#684,#685,#686,#687));
#2051=EDGE_LOOP('',(#688,#689,#690,#691));
#2052=EDGE_LOOP('',(#692,#693,#694,#695));
#2053=EDGE_LOOP('',(#696,#697,#698,#699));
#2054=EDGE_LOOP('',(#700,#701,#702,#703));
#2055=EDGE_LOOP('',(#704,#705,#706,#707));
#2056=EDGE_LOOP('',(#708,#709,#710,#711));
#2057=EDGE_LOOP('',(#712,#713,#714,#715));
#2058=EDGE_LOOP('',(#716,#717,#718,#719));
#2059=EDGE_LOOP('',(#720,#721,#722,#723));
#2060=EDGE_LOOP('',(#724,#725,#726,#727));
#2061=EDGE_LOOP('',(#728,#729,#730,#731));
#2062=EDGE_LOOP('',(#732,#733,#734,#735));
#2063=EDGE_LOOP('',(#736,#737,#738,#739));
#2064=EDGE_LOOP('',(#740,#741,#742,#743));
#2065=EDGE_LOOP('',(#744,#745,#746,#747));
#2066=EDGE_LOOP('',(#748,#749,#750,#751));
#2067=EDGE_LOOP('',(#752,#753,#754,#755));
#2068=EDGE_LOOP('',(#756,#757,#758,#759));
#2069=EDGE_LOOP('',(#760,#761,#762,#763));
#2070=EDGE_LOOP('',(#764,#765,#766,#767));
#2071=EDGE_LOOP('',(#768,#769,#770,#771));
#2072=EDGE_LOOP('',(#772,#773,#774,#775));
#2073=EDGE_LOOP('',(#776,#777,#778,#779));
#2074=EDGE_LOOP('',(#780,#781,#782,#783));
#2075=EDGE_LOOP('',(#784,#785,#786,#787));
#2076=EDGE_LOOP('',(#788,#789,#790,#791));
#2077=EDGE_LOOP('',(#792,#793,#794,#795));
#2078=EDGE_LOOP('',(#796,#797,#798,#799));
#2079=EDGE_LOOP('',(#800,#801,#802,#803));
#2080=EDGE_LOOP('',(#804,#805,#806,#807));
#2081=EDGE_LOOP('',(#808,#809,#810,#811));
#2082=EDGE_LOOP('',(#812,#813,#814,#815));
#2083=EDGE_LOOP('',(#816,#817,#818,#819));
#2084=EDGE_LOOP('',(#820,#821,#822,#823));
#2085=EDGE_LOOP('',(#824,#825,#826,#827));
#2086=EDGE_LOOP('',(#828,#829,#830,#831));
#2087=EDGE_LOOP('',(#832,#833,#834,#835));
#2088=EDGE_LOOP('',(#836,#837,#838,#839));
#2089=EDGE_LOOP('',(#840,#841,#842,#843));
#2090=EDGE_LOOP('',(#844,#845,#846,#847));
#2091=EDGE_LOOP('',(#848,#849,#850,#851));
#2092=EDGE_LOOP('',(#852,#853,#854,#855));
#2093=EDGE_LOOP('',(#856,#857,#858,#859));
#2094=EDGE_LOOP('',(#860,#861,#862,#863));
#2095=EDGE_LOOP('',(#864,#865,#866,#867));
#2096=EDGE_LOOP('',(#868,#869,#870,#871));
#2097=EDGE_LOOP('',(#872,#873,#874,#875));
#2098=EDGE_LOOP('',(#876,#877,#878,#879));
#2099=EDGE_LOOP('',(#880,#881,#882,#883));
#2100=EDGE_LOOP('',(#884,#885,#886,#887));
#2101=EDGE_LOOP('',(#888,#889,#890,#891));
#2102=EDGE_LOOP('',(#892,#893,#894,#895));
#2103=EDGE_LOOP('',(#896,#897,#898,#899));
#2104=EDGE_LOOP('',(#900,#901,#902,#903));
#2105=EDGE_LOOP('',(#904,#905,#906,#907));
#2106=EDGE_LOOP('',(#908,#909,#910,#911));
#2107=EDGE_LOOP('',(#912,#913,#914,#915));
#2108=EDGE_LOOP('',(#916));
#2109=EDGE_LOOP('',(#917));
#2110=EDGE_LOOP('',(#918,#919,#920,#921,#922,#923,#924));
#2111=EDGE_LOOP('',(#925));
#2112=EDGE_LOOP('',(#926,#927,#928,#929,#930,#931));
#2113=EDGE_LOOP('',(#932,#933,#934,#935,#936,#937,#938));
#2114=EDGE_LOOP('',(#939));
#2115=EDGE_LOOP('',(#940,#941,#942,#943,#944,#945,#946,#947,#948,#949,#950,
#951,#952,#953,#954,#955,#956,#957,#958,#959,#960,#961,#962,#963,#964,#965,
#966,#967,#968,#969));
#2116=EDGE_LOOP('',(#970,#971,#972,#973,#974,#975,#976,#977,#978,#979,#980,
#981,#982,#983,#984,#985,#986,#987,#988,#989,#990,#991,#992,#993,#994,#995,
#996,#997,#998,#999));
#2117=EDGE_LOOP('',(#1000));
#2118=EDGE_LOOP('',(#1001,#1002,#1003,#1004,#1005,#1006));
#2119=EDGE_LOOP('',(#1007));
#2120=FACE_BOUND('',#1967,.T.);
#2121=FACE_BOUND('',#1968,.T.);
#2122=FACE_BOUND('',#1969,.T.);
#2123=FACE_BOUND('',#1970,.T.);
#2124=FACE_BOUND('',#1971,.T.);
#2125=FACE_BOUND('',#1972,.T.);
#2126=FACE_BOUND('',#1973,.T.);
#2127=FACE_BOUND('',#1974,.T.);
#2128=FACE_BOUND('',#1975,.T.);
#2129=FACE_BOUND('',#1976,.T.);
#2130=FACE_BOUND('',#1977,.T.);
#2131=FACE_BOUND('',#1978,.T.);
#2132=FACE_BOUND('',#1979,.T.);
#2133=FACE_BOUND('',#1980,.T.);
#2134=FACE_BOUND('',#1981,.T.);
#2135=FACE_BOUND('',#1982,.T.);
#2136=FACE_BOUND('',#1983,.T.);
#2137=FACE_BOUND('',#1984,.T.);
#2138=FACE_BOUND('',#1985,.T.);
#2139=FACE_BOUND('',#1986,.T.);
#2140=FACE_BOUND('',#1987,.T.);
#2141=FACE_BOUND('',#1988,.T.);
#2142=FACE_BOUND('',#1989,.T.);
#2143=FACE_BOUND('',#1990,.T.);
#2144=FACE_BOUND('',#1991,.T.);
#2145=FACE_BOUND('',#1992,.T.);
#2146=FACE_BOUND('',#1993,.T.);
#2147=FACE_BOUND('',#1994,.T.);
#2148=FACE_BOUND('',#1995,.T.);
#2149=FACE_BOUND('',#1996,.T.);
#2150=FACE_BOUND('',#1997,.T.);
#2151=FACE_BOUND('',#1998,.T.);
#2152=FACE_BOUND('',#1999,.T.);
#2153=FACE_BOUND('',#2000,.T.);
#2154=FACE_BOUND('',#2001,.T.);
#2155=FACE_BOUND('',#2002,.T.);
#2156=FACE_BOUND('',#2003,.T.);
#2157=FACE_BOUND('',#2004,.T.);
#2158=FACE_BOUND('',#2005,.T.);
#2159=FACE_BOUND('',#2006,.T.);
#2160=FACE_BOUND('',#2007,.T.);
#2161=FACE_BOUND('',#2008,.T.);
#2162=FACE_BOUND('',#2009,.T.);
#2163=FACE_BOUND('',#2010,.T.);
#2164=FACE_BOUND('',#2011,.T.);
#2165=FACE_BOUND('',#2012,.T.);
#2166=FACE_BOUND('',#2013,.T.);
#2167=FACE_BOUND('',#2014,.T.);
#2168=FACE_BOUND('',#2015,.T.);
#2169=FACE_BOUND('',#2016,.T.);
#2170=FACE_BOUND('',#2017,.T.);
#2171=FACE_BOUND('',#2018,.T.);
#2172=FACE_BOUND('',#2019,.T.);
#2173=FACE_BOUND('',#2020,.T.);
#2174=FACE_BOUND('',#2021,.T.);
#2175=FACE_BOUND('',#2022,.T.);
#2176=FACE_BOUND('',#2023,.T.);
#2177=FACE_BOUND('',#2024,.T.);
#2178=FACE_BOUND('',#2025,.T.);
#2179=FACE_BOUND('',#2026,.T.);
#2180=FACE_BOUND('',#2027,.T.);
#2181=FACE_BOUND('',#2028,.T.);
#2182=FACE_BOUND('',#2029,.T.);
#2183=FACE_BOUND('',#2030,.T.);
#2184=FACE_BOUND('',#2031,.T.);
#2185=FACE_BOUND('',#2032,.T.);
#2186=FACE_BOUND('',#2033,.T.);
#2187=FACE_BOUND('',#2034,.T.);
#2188=FACE_BOUND('',#2035,.T.);
#2189=FACE_BOUND('',#2036,.T.);
#2190=FACE_BOUND('',#2037,.T.);
#2191=FACE_BOUND('',#2038,.T.);
#2192=FACE_BOUND('',#2039,.T.);
#2193=FACE_BOUND('',#2040,.T.);
#2194=FACE_BOUND('',#2041,.T.);
#2195=FACE_BOUND('',#2042,.T.);
#2196=FACE_BOUND('',#2043,.T.);
#2197=FACE_BOUND('',#2044,.T.);
#2198=FACE_BOUND('',#2045,.T.);
#2199=FACE_BOUND('',#2046,.T.);
#2200=FACE_BOUND('',#2047,.T.);
#2201=FACE_BOUND('',#2048,.T.);
#2202=FACE_BOUND('',#2049,.T.);
#2203=FACE_BOUND('',#2050,.T.);
#2204=FACE_BOUND('',#2051,.T.);
#2205=FACE_BOUND('',#2052,.T.);
#2206=FACE_BOUND('',#2053,.T.);
#2207=FACE_BOUND('',#2054,.T.);
#2208=FACE_BOUND('',#2055,.T.);
#2209=FACE_BOUND('',#2056,.T.);
#2210=FACE_BOUND('',#2057,.T.);
#2211=FACE_BOUND('',#2058,.T.);
#2212=FACE_BOUND('',#2059,.T.);
#2213=FACE_BOUND('',#2060,.T.);
#2214=FACE_BOUND('',#2061,.T.);
#2215=FACE_BOUND('',#2062,.T.);
#2216=FACE_BOUND('',#2063,.T.);
#2217=FACE_BOUND('',#2064,.T.);
#2218=FACE_BOUND('',#2065,.T.);
#2219=FACE_BOUND('',#2066,.T.);
#2220=FACE_BOUND('',#2067,.T.);
#2221=FACE_BOUND('',#2068,.T.);
#2222=FACE_BOUND('',#2069,.T.);
#2223=FACE_BOUND('',#2070,.T.);
#2224=FACE_BOUND('',#2071,.T.);
#2225=FACE_BOUND('',#2072,.T.);
#2226=FACE_BOUND('',#2073,.T.);
#2227=FACE_BOUND('',#2074,.T.);
#2228=FACE_BOUND('',#2075,.T.);
#2229=FACE_BOUND('',#2076,.T.);
#2230=FACE_BOUND('',#2077,.T.);
#2231=FACE_BOUND('',#2078,.T.);
#2232=FACE_BOUND('',#2079,.T.);
#2233=FACE_BOUND('',#2080,.T.);
#2234=FACE_BOUND('',#2081,.T.);
#2235=FACE_BOUND('',#2082,.T.);
#2236=FACE_BOUND('',#2083,.T.);
#2237=FACE_BOUND('',#2084,.T.);
#2238=FACE_BOUND('',#2085,.T.);
#2239=FACE_BOUND('',#2086,.T.);
#2240=FACE_BOUND('',#2087,.T.);
#2241=FACE_BOUND('',#2088,.T.);
#2242=FACE_BOUND('',#2089,.T.);
#2243=FACE_BOUND('',#2090,.T.);
#2244=FACE_BOUND('',#2091,.T.);
#2245=FACE_BOUND('',#2092,.T.);
#2246=FACE_BOUND('',#2093,.T.);
#2247=FACE_BOUND('',#2094,.T.);
#2248=FACE_BOUND('',#2095,.T.);
#2249=FACE_BOUND('',#2096,.T.);
#2250=FACE_BOUND('',#2097,.T.);
#2251=FACE_BOUND('',#2098,.T.);
#2252=FACE_BOUND('',#2099,.T.);
#2253=FACE_BOUND('',#2100,.T.);
#2254=FACE_BOUND('',#2101,.T.);
#2255=FACE_BOUND('',#2102,.T.);
#2256=FACE_BOUND('',#2103,.T.);
#2257=FACE_BOUND('',#2104,.T.);
#2258=FACE_BOUND('',#2105,.T.);
#2259=FACE_BOUND('',#2106,.T.);
#2260=FACE_BOUND('',#2107,.T.);
#2261=FACE_BOUND('',#2108,.T.);
#2262=FACE_BOUND('',#2109,.T.);
#2263=FACE_BOUND('',#2110,.T.);
#2264=FACE_BOUND('',#2111,.T.);
#2265=FACE_BOUND('',#2112,.T.);
#2266=FACE_BOUND('',#2113,.T.);
#2267=FACE_BOUND('',#2114,.T.);
#2268=FACE_BOUND('',#2115,.T.);
#2269=FACE_BOUND('',#2116,.T.);
#2270=FACE_BOUND('',#2117,.T.);
#2271=FACE_BOUND('',#2118,.T.);
#2272=FACE_BOUND('',#2119,.T.);
#2273=PLANE('',#2502);
#2274=PLANE('',#2503);
#2275=PLANE('',#2504);
#2276=PLANE('',#2505);
#2277=PLANE('',#2506);
#2278=PLANE('',#2507);
#2279=PLANE('',#2511);
#2280=PLANE('',#2517);
#2281=PLANE('',#2523);
#2282=PLANE('',#2529);
#2283=PLANE('',#2535);
#2284=PLANE('',#2541);
#2285=PLANE('',#2547);
#2286=PLANE('',#2553);
#2287=PLANE('',#2559);
#2288=PLANE('',#2565);
#2289=PLANE('',#2571);
#2290=PLANE('',#2577);
#2291=PLANE('',#2583);
#2292=PLANE('',#2589);
#2293=PLANE('',#2595);
#2294=PLANE('',#2601);
#2295=PLANE('',#2607);
#2296=PLANE('',#2613);
#2297=PLANE('',#2619);
#2298=PLANE('',#2625);
#2299=PLANE('',#2631);
#2300=PLANE('',#2637);
#2301=PLANE('',#2643);
#2302=PLANE('',#2649);
#2303=PLANE('',#2655);
#2304=PLANE('',#2661);
#2305=PLANE('',#2667);
#2306=PLANE('',#2673);
#2307=PLANE('',#2684);
#2308=PLANE('',#2685);
#2309=PLANE('',#2693);
#2310=PLANE('',#2694);
#2311=PLANE('',#2702);
#2312=PLANE('',#2703);
#2313=PLANE('',#2711);
#2314=PLANE('',#2712);
#2315=PLANE('',#2720);
#2316=PLANE('',#2721);
#2317=PLANE('',#2729);
#2318=PLANE('',#2730);
#2319=PLANE('',#2740);
#2320=PLANE('',#2741);
#2321=PLANE('',#2753);
#2322=PLANE('',#2754);
#2323=PLANE('',#2764);
#2324=PLANE('',#2765);
#2325=PLANE('',#2773);
#2326=PLANE('',#2774);
#2327=PLANE('',#2782);
#2328=PLANE('',#2783);
#2329=PLANE('',#2791);
#2330=PLANE('',#2792);
#2331=PLANE('',#2800);
#2332=PLANE('',#2801);
#2333=PLANE('',#2809);
#2334=PLANE('',#2810);
#2335=PLANE('',#2816);
#2336=PLANE('',#2817);
#2337=PLANE('',#2822);
#2338=PLANE('',#2824);
#2339=PLANE('',#2826);
#2340=PLANE('',#2828);
#2341=PLANE('',#2832);
#2342=ADVANCED_FACE('',(#2120),#2273,.F.);
#2343=ADVANCED_FACE('',(#2121),#2274,.F.);
#2344=ADVANCED_FACE('',(#2122),#2275,.F.);
#2345=ADVANCED_FACE('',(#2123),#2276,.F.);
#2346=ADVANCED_FACE('',(#2124),#2277,.F.);
#2347=ADVANCED_FACE('',(#2125),#2278,.F.);
#2348=ADVANCED_FACE('',(#2126,#2127),#198,.T.);
#2349=ADVANCED_FACE('',(#2128),#2279,.F.);
#2350=ADVANCED_FACE('',(#2129),#2280,.F.);
#2351=ADVANCED_FACE('',(#2130),#2281,.F.);
#2352=ADVANCED_FACE('',(#2131),#2282,.F.);
#2353=ADVANCED_FACE('',(#2132),#2283,.F.);
#2354=ADVANCED_FACE('',(#2133),#2284,.F.);
#2355=ADVANCED_FACE('',(#2134),#2285,.F.);
#2356=ADVANCED_FACE('',(#2135),#2286,.F.);
#2357=ADVANCED_FACE('',(#2136),#2287,.F.);
#2358=ADVANCED_FACE('',(#2137),#2288,.F.);
#2359=ADVANCED_FACE('',(#2138),#2289,.F.);
#2360=ADVANCED_FACE('',(#2139),#2290,.F.);
#2361=ADVANCED_FACE('',(#2140),#2291,.F.);
#2362=ADVANCED_FACE('',(#2141),#2292,.F.);
#2363=ADVANCED_FACE('',(#2142),#2293,.F.);
#2364=ADVANCED_FACE('',(#2143),#2294,.F.);
#2365=ADVANCED_FACE('',(#2144),#2295,.F.);
#2366=ADVANCED_FACE('',(#2145),#2296,.F.);
#2367=ADVANCED_FACE('',(#2146),#2297,.F.);
#2368=ADVANCED_FACE('',(#2147),#2298,.F.);
#2369=ADVANCED_FACE('',(#2148),#2299,.F.);
#2370=ADVANCED_FACE('',(#2149),#2300,.F.);
#2371=ADVANCED_FACE('',(#2150),#2301,.F.);
#2372=ADVANCED_FACE('',(#2151),#2302,.F.);
#2373=ADVANCED_FACE('',(#2152),#2303,.F.);
#2374=ADVANCED_FACE('',(#2153),#2304,.F.);
#2375=ADVANCED_FACE('',(#2154),#2305,.F.);
#2376=ADVANCED_FACE('',(#2155),#2306,.F.);
#2377=ADVANCED_FACE('',(#2156),#199,.T.);
#2378=ADVANCED_FACE('',(#2157),#200,.T.);
#2379=ADVANCED_FACE('',(#2158),#201,.T.);
#2380=ADVANCED_FACE('',(#2159),#2307,.T.);
#2381=ADVANCED_FACE('',(#2160),#2308,.F.);
#2382=ADVANCED_FACE('',(#2161),#202,.F.);
#2383=ADVANCED_FACE('',(#2162),#203,.F.);
#2384=ADVANCED_FACE('',(#2163),#204,.T.);
#2385=ADVANCED_FACE('',(#2164),#205,.T.);
#2386=ADVANCED_FACE('',(#2165),#206,.T.);
#2387=ADVANCED_FACE('',(#2166),#2309,.T.);
#2388=ADVANCED_FACE('',(#2167),#2310,.F.);
#2389=ADVANCED_FACE('',(#2168),#207,.F.);
#2390=ADVANCED_FACE('',(#2169),#208,.F.);
#2391=ADVANCED_FACE('',(#2170),#209,.T.);
#2392=ADVANCED_FACE('',(#2171),#210,.T.);
#2393=ADVANCED_FACE('',(#2172),#211,.T.);
#2394=ADVANCED_FACE('',(#2173),#2311,.T.);
#2395=ADVANCED_FACE('',(#2174),#2312,.F.);
#2396=ADVANCED_FACE('',(#2175),#212,.F.);
#2397=ADVANCED_FACE('',(#2176),#213,.F.);
#2398=ADVANCED_FACE('',(#2177),#214,.T.);
#2399=ADVANCED_FACE('',(#2178),#215,.T.);
#2400=ADVANCED_FACE('',(#2179),#216,.T.);
#2401=ADVANCED_FACE('',(#2180),#2313,.T.);
#2402=ADVANCED_FACE('',(#2181),#2314,.F.);
#2403=ADVANCED_FACE('',(#2182),#217,.F.);
#2404=ADVANCED_FACE('',(#2183),#218,.F.);
#2405=ADVANCED_FACE('',(#2184),#219,.T.);
#2406=ADVANCED_FACE('',(#2185),#220,.T.);
#2407=ADVANCED_FACE('',(#2186),#221,.T.);
#2408=ADVANCED_FACE('',(#2187),#2315,.T.);
#2409=ADVANCED_FACE('',(#2188),#2316,.F.);
#2410=ADVANCED_FACE('',(#2189),#222,.F.);
#2411=ADVANCED_FACE('',(#2190),#223,.F.);
#2412=ADVANCED_FACE('',(#2191),#224,.T.);
#2413=ADVANCED_FACE('',(#2192),#225,.T.);
#2414=ADVANCED_FACE('',(#2193),#226,.T.);
#2415=ADVANCED_FACE('',(#2194),#2317,.T.);
#2416=ADVANCED_FACE('',(#2195),#2318,.F.);
#2417=ADVANCED_FACE('',(#2196),#227,.F.);
#2418=ADVANCED_FACE('',(#2197),#228,.F.);
#2419=ADVANCED_FACE('',(#2198),#229,.T.);
#2420=ADVANCED_FACE('',(#2199),#230,.T.);
#2421=ADVANCED_FACE('',(#2200),#231,.T.);
#2422=ADVANCED_FACE('',(#2201),#2319,.T.);
#2423=ADVANCED_FACE('',(#2202),#2320,.F.);
#2424=ADVANCED_FACE('',(#2203),#232,.F.);
#2425=ADVANCED_FACE('',(#2204),#233,.F.);
#2426=ADVANCED_FACE('',(#2205),#234,.T.);
#2427=ADVANCED_FACE('',(#2206),#235,.T.);
#2428=ADVANCED_FACE('',(#2207),#236,.T.);
#2429=ADVANCED_FACE('',(#2208),#2321,.T.);
#2430=ADVANCED_FACE('',(#2209),#2322,.F.);
#2431=ADVANCED_FACE('',(#2210),#237,.F.);
#2432=ADVANCED_FACE('',(#2211),#238,.F.);
#2433=ADVANCED_FACE('',(#2212),#239,.T.);
#2434=ADVANCED_FACE('',(#2213),#240,.T.);
#2435=ADVANCED_FACE('',(#2214),#241,.T.);
#2436=ADVANCED_FACE('',(#2215),#2323,.T.);
#2437=ADVANCED_FACE('',(#2216),#2324,.F.);
#2438=ADVANCED_FACE('',(#2217),#242,.F.);
#2439=ADVANCED_FACE('',(#2218),#243,.F.);
#2440=ADVANCED_FACE('',(#2219),#244,.T.);
#2441=ADVANCED_FACE('',(#2220),#245,.T.);
#2442=ADVANCED_FACE('',(#2221),#246,.T.);
#2443=ADVANCED_FACE('',(#2222),#2325,.T.);
#2444=ADVANCED_FACE('',(#2223),#2326,.F.);
#2445=ADVANCED_FACE('',(#2224),#247,.F.);
#2446=ADVANCED_FACE('',(#2225),#248,.F.);
#2447=ADVANCED_FACE('',(#2226),#249,.T.);
#2448=ADVANCED_FACE('',(#2227),#250,.T.);
#2449=ADVANCED_FACE('',(#2228),#251,.T.);
#2450=ADVANCED_FACE('',(#2229),#2327,.T.);
#2451=ADVANCED_FACE('',(#2230),#2328,.F.);
#2452=ADVANCED_FACE('',(#2231),#252,.F.);
#2453=ADVANCED_FACE('',(#2232),#253,.F.);
#2454=ADVANCED_FACE('',(#2233),#254,.T.);
#2455=ADVANCED_FACE('',(#2234),#255,.T.);
#2456=ADVANCED_FACE('',(#2235),#256,.T.);
#2457=ADVANCED_FACE('',(#2236),#2329,.T.);
#2458=ADVANCED_FACE('',(#2237),#2330,.F.);
#2459=ADVANCED_FACE('',(#2238),#257,.F.);
#2460=ADVANCED_FACE('',(#2239),#258,.F.);
#2461=ADVANCED_FACE('',(#2240),#259,.T.);
#2462=ADVANCED_FACE('',(#2241),#260,.T.);
#2463=ADVANCED_FACE('',(#2242),#261,.T.);
#2464=ADVANCED_FACE('',(#2243),#2331,.T.);
#2465=ADVANCED_FACE('',(#2244),#2332,.F.);
#2466=ADVANCED_FACE('',(#2245),#262,.F.);
#2467=ADVANCED_FACE('',(#2246),#263,.F.);
#2468=ADVANCED_FACE('',(#2247),#264,.T.);
#2469=ADVANCED_FACE('',(#2248),#265,.T.);
#2470=ADVANCED_FACE('',(#2249),#266,.T.);
#2471=ADVANCED_FACE('',(#2250),#2333,.T.);
#2472=ADVANCED_FACE('',(#2251),#2334,.F.);
#2473=ADVANCED_FACE('',(#2252),#267,.F.);
#2474=ADVANCED_FACE('',(#2253),#268,.F.);
#2475=ADVANCED_FACE('',(#2254),#269,.T.);
#2476=ADVANCED_FACE('',(#2255),#2335,.T.);
#2477=ADVANCED_FACE('',(#2256),#2336,.F.);
#2478=ADVANCED_FACE('',(#2257),#270,.F.);
#2479=ADVANCED_FACE('',(#2258),#271,.F.);
#2480=ADVANCED_FACE('',(#2259),#272,.T.);
#2481=ADVANCED_FACE('',(#2260),#273,.T.);
#2482=ADVANCED_FACE('',(#2261,#2262),#2337,.T.);
#2483=ADVANCED_FACE('',(#2263),#2338,.F.);
#2484=ADVANCED_FACE('',(#2264,#2265),#2339,.T.);
#2485=ADVANCED_FACE('',(#2266),#2340,.F.);
#2486=ADVANCED_FACE('',(#2267,#2268),#12,.T.);
#2487=ADVANCED_FACE('',(#2269,#2270),#13,.T.);
#2488=ADVANCED_FACE('',(#2271,#2272),#2341,.T.);
#2489=CLOSED_SHELL('',(#2342,#2343,#2344,#2345,#2346,#2347,#2348,#2349,
#2350,#2351,#2352,#2353,#2354,#2355,#2356,#2357,#2358,#2359,#2360,#2361,
#2362,#2363,#2364,#2365,#2366,#2367,#2368,#2369,#2370,#2371,#2372,#2373,
#2374,#2375,#2376,#2377,#2378,#2379,#2380,#2381,#2382,#2383,#2384,#2385,
#2386,#2387,#2388,#2389,#2390,#2391,#2392,#2393,#2394,#2395,#2396,#2397,
#2398,#2399,#2400,#2401,#2402,#2403,#2404,#2405,#2406,#2407,#2408,#2409,
#2410,#2411,#2412,#2413,#2414,#2415,#2416,#2417,#2418,#2419,#2420,#2421,
#2422,#2423,#2424,#2425,#2426,#2427,#2428,#2429,#2430,#2431,#2432,#2433,
#2434,#2435,#2436,#2437,#2438,#2439,#2440,#2441,#2442,#2443,#2444,#2445,
#2446,#2447,#2448,#2449,#2450,#2451,#2452,#2453,#2454,#2455,#2456,#2457,
#2458,#2459,#2460,#2461,#2462,#2463,#2464,#2465,#2466,#2467,#2468,#2469,
#2470,#2471,#2472,#2473,#2474,#2475,#2476,#2477,#2478,#2479,#2480,#2481,
#2482,#2483,#2484,#2485,#2486,#2487,#2488));
#2490=STYLED_ITEM('',(#2491),#2498);
#2491=PRESENTATION_STYLE_ASSIGNMENT((#2492));
#2492=SURFACE_STYLE_USAGE(.BOTH.,#2493);
#2493=SURFACE_SIDE_STYLE('',(#2494));
#2494=SURFACE_STYLE_FILL_AREA(#2495);
#2495=FILL_AREA_STYLE('',(#2496));
#2496=FILL_AREA_STYLE_COLOUR('',#2497);
#2497=COLOUR_RGB('',0.0862745098039216,0.31764705882353,0.690196078431373);
#2498=MANIFOLD_SOLID_BREP('Drive Input Pulley',#2489);
#2499=SHAPE_DEFINITION_REPRESENTATION(#4427,#2500);
#2500=SHAPE_REPRESENTATION('Drive Input Pulley',(#2501),#4422);
#2501=AXIS2_PLACEMENT_3D('',#3680,#2833,#2834);
#2502=AXIS2_PLACEMENT_3D('',#3681,#2835,#2836);
#2503=AXIS2_PLACEMENT_3D('',#3690,#2841,#2842);
#2504=AXIS2_PLACEMENT_3D('',#3696,#2846,#2847);
#2505=AXIS2_PLACEMENT_3D('',#3702,#2851,#2852);
#2506=AXIS2_PLACEMENT_3D('',#3708,#2856,#2857);
#2507=AXIS2_PLACEMENT_3D('',#3714,#2861,#2862);
#2508=AXIS2_PLACEMENT_3D('',#3717,#2865,#2866);
#2509=AXIS2_PLACEMENT_3D('',#3718,#2867,#2868);
#2510=AXIS2_PLACEMENT_3D('',#3720,#2869,#2870);
#2511=AXIS2_PLACEMENT_3D('',#3722,#2871,#2872);
#2512=AXIS2_PLACEMENT_3D('',#3723,#2873,#2874);
#2513=AXIS2_PLACEMENT_3D('',#3726,#2875,#2876);
#2514=AXIS2_PLACEMENT_3D('',#3728,#2877,#2878);
#2515=AXIS2_PLACEMENT_3D('',#3732,#2880,#2881);
#2516=AXIS2_PLACEMENT_3D('',#3734,#2882,#2883);
#2517=AXIS2_PLACEMENT_3D('',#3737,#2885,#2886);
#2518=AXIS2_PLACEMENT_3D('',#3738,#2887,#2888);
#2519=AXIS2_PLACEMENT_3D('',#3741,#2889,#2890);
#2520=AXIS2_PLACEMENT_3D('',#3743,#2891,#2892);
#2521=AXIS2_PLACEMENT_3D('',#3747,#2894,#2895);
#2522=AXIS2_PLACEMENT_3D('',#3749,#2896,#2897);
#2523=AXIS2_PLACEMENT_3D('',#3752,#2899,#2900);
#2524=AXIS2_PLACEMENT_3D('',#3753,#2901,#2902);
#2525=AXIS2_PLACEMENT_3D('',#3756,#2903,#2904);
#2526=AXIS2_PLACEMENT_3D('',#3758,#2905,#2906);
#2527=AXIS2_PLACEMENT_3D('',#3762,#2908,#2909);
#2528=AXIS2_PLACEMENT_3D('',#3764,#2910,#2911);
#2529=AXIS2_PLACEMENT_3D('',#3767,#2913,#2914);
#2530=AXIS2_PLACEMENT_3D('',#3768,#2915,#2916);
#2531=AXIS2_PLACEMENT_3D('',#3771,#2917,#2918);
#2532=AXIS2_PLACEMENT_3D('',#3773,#2919,#2920);
#2533=AXIS2_PLACEMENT_3D('',#3777,#2922,#2923);
#2534=AXIS2_PLACEMENT_3D('',#3779,#2924,#2925);
#2535=AXIS2_PLACEMENT_3D('',#3782,#2927,#2928);
#2536=AXIS2_PLACEMENT_3D('',#3783,#2929,#2930);
#2537=AXIS2_PLACEMENT_3D('',#3786,#2931,#2932);
#2538=AXIS2_PLACEMENT_3D('',#3788,#2933,#2934);
#2539=AXIS2_PLACEMENT_3D('',#3792,#2936,#2937);
#2540=AXIS2_PLACEMENT_3D('',#3794,#2938,#2939);
#2541=AXIS2_PLACEMENT_3D('',#3797,#2941,#2942);
#2542=AXIS2_PLACEMENT_3D('',#3798,#2943,#2944);
#2543=AXIS2_PLACEMENT_3D('',#3801,#2945,#2946);
#2544=AXIS2_PLACEMENT_3D('',#3803,#2947,#2948);
#2545=AXIS2_PLACEMENT_3D('',#3807,#2950,#2951);
#2546=AXIS2_PLACEMENT_3D('',#3809,#2952,#2953);
#2547=AXIS2_PLACEMENT_3D('',#3812,#2955,#2956);
#2548=AXIS2_PLACEMENT_3D('',#3813,#2957,#2958);
#2549=AXIS2_PLACEMENT_3D('',#3816,#2959,#2960);
#2550=AXIS2_PLACEMENT_3D('',#3818,#2961,#2962);
#2551=AXIS2_PLACEMENT_3D('',#3822,#2964,#2965);
#2552=AXIS2_PLACEMENT_3D('',#3824,#2966,#2967);
#2553=AXIS2_PLACEMENT_3D('',#3827,#2969,#2970);
#2554=AXIS2_PLACEMENT_3D('',#3828,#2971,#2972);
#2555=AXIS2_PLACEMENT_3D('',#3831,#2973,#2974);
#2556=AXIS2_PLACEMENT_3D('',#3833,#2975,#2976);
#2557=AXIS2_PLACEMENT_3D('',#3837,#2978,#2979);
#2558=AXIS2_PLACEMENT_3D('',#3839,#2980,#2981);
#2559=AXIS2_PLACEMENT_3D('',#3842,#2983,#2984);
#2560=AXIS2_PLACEMENT_3D('',#3843,#2985,#2986);
#2561=AXIS2_PLACEMENT_3D('',#3846,#2987,#2988);
#2562=AXIS2_PLACEMENT_3D('',#3848,#2989,#2990);
#2563=AXIS2_PLACEMENT_3D('',#3852,#2992,#2993);
#2564=AXIS2_PLACEMENT_3D('',#3854,#2994,#2995);
#2565=AXIS2_PLACEMENT_3D('',#3857,#2997,#2998);
#2566=AXIS2_PLACEMENT_3D('',#3858,#2999,#3000);
#2567=AXIS2_PLACEMENT_3D('',#3861,#3001,#3002);
#2568=AXIS2_PLACEMENT_3D('',#3863,#3003,#3004);
#2569=AXIS2_PLACEMENT_3D('',#3867,#3006,#3007);
#2570=AXIS2_PLACEMENT_3D('',#3869,#3008,#3009);
#2571=AXIS2_PLACEMENT_3D('',#3872,#3011,#3012);
#2572=AXIS2_PLACEMENT_3D('',#3873,#3013,#3014);
#2573=AXIS2_PLACEMENT_3D('',#3876,#3015,#3016);
#2574=AXIS2_PLACEMENT_3D('',#3878,#3017,#3018);
#2575=AXIS2_PLACEMENT_3D('',#3882,#3020,#3021);
#2576=AXIS2_PLACEMENT_3D('',#3884,#3022,#3023);
#2577=AXIS2_PLACEMENT_3D('',#3887,#3025,#3026);
#2578=AXIS2_PLACEMENT_3D('',#3888,#3027,#3028);
#2579=AXIS2_PLACEMENT_3D('',#3891,#3029,#3030);
#2580=AXIS2_PLACEMENT_3D('',#3893,#3031,#3032);
#2581=AXIS2_PLACEMENT_3D('',#3897,#3034,#3035);
#2582=AXIS2_PLACEMENT_3D('',#3899,#3036,#3037);
#2583=AXIS2_PLACEMENT_3D('',#3902,#3039,#3040);
#2584=AXIS2_PLACEMENT_3D('',#3903,#3041,#3042);
#2585=AXIS2_PLACEMENT_3D('',#3906,#3043,#3044);
#2586=AXIS2_PLACEMENT_3D('',#3908,#3045,#3046);
#2587=AXIS2_PLACEMENT_3D('',#3912,#3048,#3049);
#2588=AXIS2_PLACEMENT_3D('',#3914,#3050,#3051);
#2589=AXIS2_PLACEMENT_3D('',#3917,#3053,#3054);
#2590=AXIS2_PLACEMENT_3D('',#3918,#3055,#3056);
#2591=AXIS2_PLACEMENT_3D('',#3921,#3057,#3058);
#2592=AXIS2_PLACEMENT_3D('',#3923,#3059,#3060);
#2593=AXIS2_PLACEMENT_3D('',#3927,#3062,#3063);
#2594=AXIS2_PLACEMENT_3D('',#3929,#3064,#3065);
#2595=AXIS2_PLACEMENT_3D('',#3932,#3067,#3068);
#2596=AXIS2_PLACEMENT_3D('',#3933,#3069,#3070);
#2597=AXIS2_PLACEMENT_3D('',#3936,#3071,#3072);
#2598=AXIS2_PLACEMENT_3D('',#3938,#3073,#3074);
#2599=AXIS2_PLACEMENT_3D('',#3942,#3076,#3077);
#2600=AXIS2_PLACEMENT_3D('',#3944,#3078,#3079);
#2601=AXIS2_PLACEMENT_3D('',#3947,#3081,#3082);
#2602=AXIS2_PLACEMENT_3D('',#3948,#3083,#3084);
#2603=AXIS2_PLACEMENT_3D('',#3951,#3085,#3086);
#2604=AXIS2_PLACEMENT_3D('',#3953,#3087,#3088);
#2605=AXIS2_PLACEMENT_3D('',#3957,#3090,#3091);
#2606=AXIS2_PLACEMENT_3D('',#3959,#3092,#3093);
#2607=AXIS2_PLACEMENT_3D('',#3962,#3095,#3096);
#2608=AXIS2_PLACEMENT_3D('',#3963,#3097,#3098);
#2609=AXIS2_PLACEMENT_3D('',#3966,#3099,#3100);
#2610=AXIS2_PLACEMENT_3D('',#3968,#3101,#3102);
#2611=AXIS2_PLACEMENT_3D('',#3972,#3104,#3105);
#2612=AXIS2_PLACEMENT_3D('',#3974,#3106,#3107);
#2613=AXIS2_PLACEMENT_3D('',#3977,#3109,#3110);
#2614=AXIS2_PLACEMENT_3D('',#3978,#3111,#3112);
#2615=AXIS2_PLACEMENT_3D('',#3981,#3113,#3114);
#2616=AXIS2_PLACEMENT_3D('',#3983,#3115,#3116);
#2617=AXIS2_PLACEMENT_3D('',#3987,#3118,#3119);
#2618=AXIS2_PLACEMENT_3D('',#3989,#3120,#3121);
#2619=AXIS2_PLACEMENT_3D('',#3992,#3123,#3124);
#2620=AXIS2_PLACEMENT_3D('',#3993,#3125,#3126);
#2621=AXIS2_PLACEMENT_3D('',#3996,#3127,#3128);
#2622=AXIS2_PLACEMENT_3D('',#3998,#3129,#3130);
#2623=AXIS2_PLACEMENT_3D('',#4002,#3132,#3133);
#2624=AXIS2_PLACEMENT_3D('',#4004,#3134,#3135);
#2625=AXIS2_PLACEMENT_3D('',#4007,#3137,#3138);
#2626=AXIS2_PLACEMENT_3D('',#4008,#3139,#3140);
#2627=AXIS2_PLACEMENT_3D('',#4011,#3141,#3142);
#2628=AXIS2_PLACEMENT_3D('',#4013,#3143,#3144);
#2629=AXIS2_PLACEMENT_3D('',#4017,#3146,#3147);
#2630=AXIS2_PLACEMENT_3D('',#4019,#3148,#3149);
#2631=AXIS2_PLACEMENT_3D('',#4022,#3151,#3152);
#2632=AXIS2_PLACEMENT_3D('',#4023,#3153,#3154);
#2633=AXIS2_PLACEMENT_3D('',#4026,#3155,#3156);
#2634=AXIS2_PLACEMENT_3D('',#4028,#3157,#3158);
#2635=AXIS2_PLACEMENT_3D('',#4032,#3160,#3161);
#2636=AXIS2_PLACEMENT_3D('',#4034,#3162,#3163);
#2637=AXIS2_PLACEMENT_3D('',#4037,#3165,#3166);
#2638=AXIS2_PLACEMENT_3D('',#4038,#3167,#3168);
#2639=AXIS2_PLACEMENT_3D('',#4041,#3169,#3170);
#2640=AXIS2_PLACEMENT_3D('',#4043,#3171,#3172);
#2641=AXIS2_PLACEMENT_3D('',#4047,#3174,#3175);
#2642=AXIS2_PLACEMENT_3D('',#4049,#3176,#3177);
#2643=AXIS2_PLACEMENT_3D('',#4052,#3179,#3180);
#2644=AXIS2_PLACEMENT_3D('',#4053,#3181,#3182);
#2645=AXIS2_PLACEMENT_3D('',#4056,#3183,#3184);
#2646=AXIS2_PLACEMENT_3D('',#4058,#3185,#3186);
#2647=AXIS2_PLACEMENT_3D('',#4062,#3188,#3189);
#2648=AXIS2_PLACEMENT_3D('',#4064,#3190,#3191);
#2649=AXIS2_PLACEMENT_3D('',#4067,#3193,#3194);
#2650=AXIS2_PLACEMENT_3D('',#4068,#3195,#3196);
#2651=AXIS2_PLACEMENT_3D('',#4071,#3197,#3198);
#2652=AXIS2_PLACEMENT_3D('',#4073,#3199,#3200);
#2653=AXIS2_PLACEMENT_3D('',#4077,#3202,#3203);
#2654=AXIS2_PLACEMENT_3D('',#4079,#3204,#3205);
#2655=AXIS2_PLACEMENT_3D('',#4082,#3207,#3208);
#2656=AXIS2_PLACEMENT_3D('',#4083,#3209,#3210);
#2657=AXIS2_PLACEMENT_3D('',#4086,#3211,#3212);
#2658=AXIS2_PLACEMENT_3D('',#4088,#3213,#3214);
#2659=AXIS2_PLACEMENT_3D('',#4092,#3216,#3217);
#2660=AXIS2_PLACEMENT_3D('',#4094,#3218,#3219);
#2661=AXIS2_PLACEMENT_3D('',#4097,#3221,#3222);
#2662=AXIS2_PLACEMENT_3D('',#4098,#3223,#3224);
#2663=AXIS2_PLACEMENT_3D('',#4101,#3225,#3226);
#2664=AXIS2_PLACEMENT_3D('',#4103,#3227,#3228);
#2665=AXIS2_PLACEMENT_3D('',#4107,#3230,#3231);
#2666=AXIS2_PLACEMENT_3D('',#4109,#3232,#3233);
#2667=AXIS2_PLACEMENT_3D('',#4112,#3235,#3236);
#2668=AXIS2_PLACEMENT_3D('',#4113,#3237,#3238);
#2669=AXIS2_PLACEMENT_3D('',#4116,#3239,#3240);
#2670=AXIS2_PLACEMENT_3D('',#4118,#3241,#3242);
#2671=AXIS2_PLACEMENT_3D('',#4122,#3244,#3245);
#2672=AXIS2_PLACEMENT_3D('',#4124,#3246,#3247);
#2673=AXIS2_PLACEMENT_3D('',#4127,#3249,#3250);
#2674=AXIS2_PLACEMENT_3D('',#4128,#3251,#3252);
#2675=AXIS2_PLACEMENT_3D('',#4131,#3253,#3254);
#2676=AXIS2_PLACEMENT_3D('',#4133,#3255,#3256);
#2677=AXIS2_PLACEMENT_3D('',#4137,#3258,#3259);
#2678=AXIS2_PLACEMENT_3D('',#4139,#3260,#3261);
#2679=AXIS2_PLACEMENT_3D('',#4142,#3263,#3264);
#2680=AXIS2_PLACEMENT_3D('',#4143,#3265,#3266);
#2681=AXIS2_PLACEMENT_3D('',#4145,#3268,#3269);
#2682=AXIS2_PLACEMENT_3D('',#4147,#3271,#3272);
#2683=AXIS2_PLACEMENT_3D('',#4149,#3274,#3275);
#2684=AXIS2_PLACEMENT_3D('',#4152,#3278,#3279);
#2685=AXIS2_PLACEMENT_3D('',#4154,#3281,#3282);
#2686=AXIS2_PLACEMENT_3D('',#4156,#3284,#3285);
#2687=AXIS2_PLACEMENT_3D('',#4158,#3287,#3288);
#2688=AXIS2_PLACEMENT_3D('',#4159,#3289,#3290);
#2689=AXIS2_PLACEMENT_3D('',#4160,#3291,#3292);
#2690=AXIS2_PLACEMENT_3D('',#4162,#3294,#3295);
#2691=AXIS2_PLACEMENT_3D('',#4164,#3297,#3298);
#2692=AXIS2_PLACEMENT_3D('',#4166,#3300,#3301);
#2693=AXIS2_PLACEMENT_3D('',#4168,#3303,#3304);
#2694=AXIS2_PLACEMENT_3D('',#4170,#3306,#3307);
#2695=AXIS2_PLACEMENT_3D('',#4172,#3309,#3310);
#2696=AXIS2_PLACEMENT_3D('',#4174,#3312,#3313);
#2697=AXIS2_PLACEMENT_3D('',#4175,#3314,#3315);
#2698=AXIS2_PLACEMENT_3D('',#4176,#3316,#3317);
#2699=AXIS2_PLACEMENT_3D('',#4178,#3319,#3320);
#2700=AXIS2_PLACEMENT_3D('',#4180,#3322,#3323);
#2701=AXIS2_PLACEMENT_3D('',#4182,#3325,#3326);
#2702=AXIS2_PLACEMENT_3D('',#4184,#3328,#3329);
#2703=AXIS2_PLACEMENT_3D('',#4186,#3331,#3332);
#2704=AXIS2_PLACEMENT_3D('',#4188,#3334,#3335);
#2705=AXIS2_PLACEMENT_3D('',#4190,#3337,#3338);
#2706=AXIS2_PLACEMENT_3D('',#4191,#3339,#3340);
#2707=AXIS2_PLACEMENT_3D('',#4192,#3341,#3342);
#2708=AXIS2_PLACEMENT_3D('',#4194,#3344,#3345);
#2709=AXIS2_PLACEMENT_3D('',#4196,#3347,#3348);
#2710=AXIS2_PLACEMENT_3D('',#4198,#3350,#3351);
#2711=AXIS2_PLACEMENT_3D('',#4200,#3353,#3354);
#2712=AXIS2_PLACEMENT_3D('',#4202,#3356,#3357);
#2713=AXIS2_PLACEMENT_3D('',#4204,#3359,#3360);
#2714=AXIS2_PLACEMENT_3D('',#4206,#3362,#3363);
#2715=AXIS2_PLACEMENT_3D('',#4207,#3364,#3365);
#2716=AXIS2_PLACEMENT_3D('',#4208,#3366,#3367);
#2717=AXIS2_PLACEMENT_3D('',#4210,#3369,#3370);
#2718=AXIS2_PLACEMENT_3D('',#4212,#3372,#3373);
#2719=AXIS2_PLACEMENT_3D('',#4214,#3375,#3376);
#2720=AXIS2_PLACEMENT_3D('',#4216,#3378,#3379);
#2721=AXIS2_PLACEMENT_3D('',#4218,#3381,#3382);
#2722=AXIS2_PLACEMENT_3D('',#4220,#3384,#3385);
#2723=AXIS2_PLACEMENT_3D('',#4222,#3387,#3388);
#2724=AXIS2_PLACEMENT_3D('',#4223,#3389,#3390);
#2725=AXIS2_PLACEMENT_3D('',#4224,#3391,#3392);
#2726=AXIS2_PLACEMENT_3D('',#4226,#3394,#3395);
#2727=AXIS2_PLACEMENT_3D('',#4229,#3397,#3398);
#2728=AXIS2_PLACEMENT_3D('',#4231,#3400,#3401);
#2729=AXIS2_PLACEMENT_3D('',#4233,#3403,#3404);
#2730=AXIS2_PLACEMENT_3D('',#4235,#3406,#3407);
#2731=AXIS2_PLACEMENT_3D('',#4237,#3409,#3410);
#2732=AXIS2_PLACEMENT_3D('',#4239,#3412,#3413);
#2733=AXIS2_PLACEMENT_3D('',#4240,#3414,#3415);
#2734=AXIS2_PLACEMENT_3D('',#4241,#3416,#3417);
#2735=AXIS2_PLACEMENT_3D('',#4245,#3419,#3420);
#2736=AXIS2_PLACEMENT_3D('',#4247,#3422,#3423);
#2737=AXIS2_PLACEMENT_3D('',#4248,#3424,#3425);
#2738=AXIS2_PLACEMENT_3D('',#4251,#3427,#3428);
#2739=AXIS2_PLACEMENT_3D('',#4252,#3429,#3430);
#2740=AXIS2_PLACEMENT_3D('',#4255,#3432,#3433);
#2741=AXIS2_PLACEMENT_3D('',#4259,#3436,#3437);
#2742=AXIS2_PLACEMENT_3D('',#4263,#3440,#3441);
#2743=AXIS2_PLACEMENT_3D('',#4266,#3443,#3444);
#2744=AXIS2_PLACEMENT_3D('',#4267,#3445,#3446);
#2745=AXIS2_PLACEMENT_3D('',#4268,#3447,#3448);
#2746=AXIS2_PLACEMENT_3D('',#4269,#3449,#3450);
#2747=AXIS2_PLACEMENT_3D('',#4270,#3451,#3452);
#2748=AXIS2_PLACEMENT_3D('',#4273,#3454,#3455);
#2749=AXIS2_PLACEMENT_3D('',#4275,#3457,#3458);
#2750=AXIS2_PLACEMENT_3D('',#4276,#3459,#3460);
#2751=AXIS2_PLACEMENT_3D('',#4279,#3462,#3463);
#2752=AXIS2_PLACEMENT_3D('',#4282,#3465,#3466);
#2753=AXIS2_PLACEMENT_3D('',#4283,#3467,#3468);
#2754=AXIS2_PLACEMENT_3D('',#4287,#3471,#3472);
#2755=AXIS2_PLACEMENT_3D('',#4291,#3475,#3476);
#2756=AXIS2_PLACEMENT_3D('',#4292,#3477,#3478);
#2757=AXIS2_PLACEMENT_3D('',#4295,#3480,#3481);
#2758=AXIS2_PLACEMENT_3D('',#4296,#3482,#3483);
#2759=AXIS2_PLACEMENT_3D('',#4297,#3484,#3485);
#2760=AXIS2_PLACEMENT_3D('',#4298,#3486,#3487);
#2761=AXIS2_PLACEMENT_3D('',#4300,#3489,#3490);
#2762=AXIS2_PLACEMENT_3D('',#4302,#3492,#3493);
#2763=AXIS2_PLACEMENT_3D('',#4304,#3495,#3496);
#2764=AXIS2_PLACEMENT_3D('',#4306,#3498,#3499);
#2765=AXIS2_PLACEMENT_3D('',#4308,#3501,#3502);
#2766=AXIS2_PLACEMENT_3D('',#4310,#3504,#3505);
#2767=AXIS2_PLACEMENT_3D('',#4312,#3507,#3508);
#2768=AXIS2_PLACEMENT_3D('',#4313,#3509,#3510);
#2769=AXIS2_PLACEMENT_3D('',#4314,#3511,#3512);
#2770=AXIS2_PLACEMENT_3D('',#4316,#3514,#3515);
#2771=AXIS2_PLACEMENT_3D('',#4318,#3517,#3518);
#2772=AXIS2_PLACEMENT_3D('',#4320,#3520,#3521);
#2773=AXIS2_PLACEMENT_3D('',#4322,#3523,#3524);
#2774=AXIS2_PLACEMENT_3D('',#4324,#3526,#3527);
#2775=AXIS2_PLACEMENT_3D('',#4326,#3529,#3530);
#2776=AXIS2_PLACEMENT_3D('',#4328,#3532,#3533);
#2777=AXIS2_PLACEMENT_3D('',#4329,#3534,#3535);
#2778=AXIS2_PLACEMENT_3D('',#4330,#3536,#3537);
#2779=AXIS2_PLACEMENT_3D('',#4332,#3539,#3540);
#2780=AXIS2_PLACEMENT_3D('',#4334,#3542,#3543);
#2781=AXIS2_PLACEMENT_3D('',#4336,#3545,#3546);
#2782=AXIS2_PLACEMENT_3D('',#4338,#3548,#3549);
#2783=AXIS2_PLACEMENT_3D('',#4340,#3551,#3552);
#2784=AXIS2_PLACEMENT_3D('',#4342,#3554,#3555);
#2785=AXIS2_PLACEMENT_3D('',#4344,#3557,#3558);
#2786=AXIS2_PLACEMENT_3D('',#4345,#3559,#3560);
#2787=AXIS2_PLACEMENT_3D('',#4346,#3561,#3562);
#2788=AXIS2_PLACEMENT_3D('',#4348,#3564,#3565);
#2789=AXIS2_PLACEMENT_3D('',#4350,#3567,#3568);
#2790=AXIS2_PLACEMENT_3D('',#4352,#3570,#3571);
#2791=AXIS2_PLACEMENT_3D('',#4354,#3573,#3574);
#2792=AXIS2_PLACEMENT_3D('',#4356,#3576,#3577);
#2793=AXIS2_PLACEMENT_3D('',#4358,#3579,#3580);
#2794=AXIS2_PLACEMENT_3D('',#4360,#3582,#3583);
#2795=AXIS2_PLACEMENT_3D('',#4361,#3584,#3585);
#2796=AXIS2_PLACEMENT_3D('',#4362,#3586,#3587);
#2797=AXIS2_PLACEMENT_3D('',#4364,#3589,#3590);
#2798=AXIS2_PLACEMENT_3D('',#4366,#3592,#3593);
#2799=AXIS2_PLACEMENT_3D('',#4368,#3595,#3596);
#2800=AXIS2_PLACEMENT_3D('',#4370,#3598,#3599);
#2801=AXIS2_PLACEMENT_3D('',#4372,#3601,#3602);
#2802=AXIS2_PLACEMENT_3D('',#4374,#3604,#3605);
#2803=AXIS2_PLACEMENT_3D('',#4376,#3607,#3608);
#2804=AXIS2_PLACEMENT_3D('',#4377,#3609,#3610);
#2805=AXIS2_PLACEMENT_3D('',#4378,#3611,#3612);
#2806=AXIS2_PLACEMENT_3D('',#4380,#3614,#3615);
#2807=AXIS2_PLACEMENT_3D('',#4382,#3617,#3618);
#2808=AXIS2_PLACEMENT_3D('',#4384,#3620,#3621);
#2809=AXIS2_PLACEMENT_3D('',#4386,#3623,#3624);
#2810=AXIS2_PLACEMENT_3D('',#4388,#3626,#3627);
#2811=AXIS2_PLACEMENT_3D('',#4390,#3629,#3630);
#2812=AXIS2_PLACEMENT_3D('',#4392,#3632,#3633);
#2813=AXIS2_PLACEMENT_3D('',#4393,#3634,#3635);
#2814=AXIS2_PLACEMENT_3D('',#4394,#3636,#3637);
#2815=AXIS2_PLACEMENT_3D('',#4396,#3639,#3640);
#2816=AXIS2_PLACEMENT_3D('',#4397,#3641,#3642);
#2817=AXIS2_PLACEMENT_3D('',#4400,#3645,#3646);
#2818=AXIS2_PLACEMENT_3D('',#4403,#3649,#3650);
#2819=AXIS2_PLACEMENT_3D('',#4405,#3652,#3653);
#2820=AXIS2_PLACEMENT_3D('',#4406,#3654,#3655);
#2821=AXIS2_PLACEMENT_3D('',#4407,#3656,#3657);
#2822=AXIS2_PLACEMENT_3D('',#4408,#3658,#3659);
#2823=AXIS2_PLACEMENT_3D('',#4409,#3660,#3661);
#2824=AXIS2_PLACEMENT_3D('',#4411,#3662,#3663);
#2825=AXIS2_PLACEMENT_3D('',#4412,#3664,#3665);
#2826=AXIS2_PLACEMENT_3D('',#4413,#3666,#3667);
#2827=AXIS2_PLACEMENT_3D('',#4414,#3668,#3669);
#2828=AXIS2_PLACEMENT_3D('',#4416,#3670,#3671);
#2829=AXIS2_PLACEMENT_3D('',#4417,#3672,#3673);
#2830=AXIS2_PLACEMENT_3D('',#4418,#3674,#3675);
#2831=AXIS2_PLACEMENT_3D('',#4419,#3676,#3677);
#2832=AXIS2_PLACEMENT_3D('',#4420,#3678,#3679);
#2833=DIRECTION('',(0.,0.,1.));
#2834=DIRECTION('',(1.,0.,0.));
#2835=DIRECTION('',(-0.5,0.,-0.866025403784438));
#2836=DIRECTION('',(-0.866025403784438,0.,0.5));
#2837=DIRECTION('',(0.866025403784438,0.,-0.5));
#2838=DIRECTION('',(0.,-1.,0.));
#2839=DIRECTION('',(-0.866025403784438,0.,0.5));
#2840=DIRECTION('',(0.,-1.,0.));
#2841=DIRECTION('',(-1.,0.,0.));
#2842=DIRECTION('',(0.,0.,1.));
#2843=DIRECTION('',(0.,0.,-1.));
#2844=DIRECTION('',(0.,0.,1.));
#2845=DIRECTION('',(0.,-1.,0.));
#2846=DIRECTION('',(-0.5,0.,0.866025403784439));
#2847=DIRECTION('',(0.866025403784439,0.,0.5));
#2848=DIRECTION('',(-0.866025403784439,0.,-0.5));
#2849=DIRECTION('',(0.866025403784439,0.,0.5));
#2850=DIRECTION('',(0.,-1.,0.));
#2851=DIRECTION('',(0.5,0.,0.866025403784439));
#2852=DIRECTION('',(0.866025403784439,0.,-0.5));
#2853=DIRECTION('',(-0.866025403784439,0.,0.5));
#2854=DIRECTION('',(0.866025403784439,0.,-0.5));
#2855=DIRECTION('',(0.,-1.,0.));
#2856=DIRECTION('',(1.,0.,0.));
#2857=DIRECTION('',(0.,0.,-1.));
#2858=DIRECTION('',(0.,0.,1.));
#2859=DIRECTION('',(0.,0.,-1.));
#2860=DIRECTION('',(0.,-1.,0.));
#2861=DIRECTION('',(0.5,0.,-0.866025403784439));
#2862=DIRECTION('',(-0.866025403784439,0.,-0.5));
#2863=DIRECTION('',(0.866025403784439,0.,0.5));
#2864=DIRECTION('',(-0.866025403784439,0.,-0.5));
#2865=DIRECTION('',(0.,-1.,0.));
#2866=DIRECTION('',(0.,0.,-1.));
#2867=DIRECTION('',(0.,1.,0.));
#2868=DIRECTION('',(0.,0.,1.));
#2869=DIRECTION('',(0.,1.,0.));
#2870=DIRECTION('',(0.,0.,1.));
#2871=DIRECTION('',(0.,-1.,0.));
#2872=DIRECTION('',(1.,0.,0.));
#2873=DIRECTION('',(0.,1.,0.));
#2874=DIRECTION('',(0.,0.,1.));
#2875=DIRECTION('',(0.,-1.,0.));
#2876=DIRECTION('',(0.,0.,-1.));
#2877=DIRECTION('',(0.,1.,0.));
#2878=DIRECTION('',(0.,0.,1.));
#2879=DIRECTION('',(0.407203235233869,0.,0.913337574621273));
#2880=DIRECTION('',(0.,-1.,0.));
#2881=DIRECTION('',(0.,0.,-1.));
#2882=DIRECTION('',(0.,-1.,0.));
#2883=DIRECTION('',(0.,0.,-1.));
#2884=DIRECTION('',(0.000510806788751844,0.,-0.999999869538204));
#2885=DIRECTION('',(0.,-1.,0.));
#2886=DIRECTION('',(1.,0.,0.));
#2887=DIRECTION('',(0.,1.,0.));
#2888=DIRECTION('',(0.,0.,1.));
#2889=DIRECTION('',(0.,-1.,0.));
#2890=DIRECTION('',(0.,0.,-1.));
#2891=DIRECTION('',(0.,1.,0.));
#2892=DIRECTION('',(0.,0.,1.));
#2893=DIRECTION('',(0.743486524981669,0.,0.668750915641005));
#2894=DIRECTION('',(0.,-1.,0.));
#2895=DIRECTION('',(0.,0.,-1.));
#2896=DIRECTION('',(0.,-1.,0.));
#2897=DIRECTION('',(0.,0.,-1.));
#2898=DIRECTION('',(-0.40626994479061,0.,-0.913753102298337));
#2899=DIRECTION('',(0.,-1.,0.));
#2900=DIRECTION('',(1.,0.,0.));
#2901=DIRECTION('',(0.,1.,0.));
#2902=DIRECTION('',(0.,0.,1.));
#2903=DIRECTION('',(0.,-1.,0.));
#2904=DIRECTION('',(0.,0.,-1.));
#2905=DIRECTION('',(0.,1.,0.));
#2906=DIRECTION('',(0.,0.,1.));
#2907=DIRECTION('',(0.951214240197156,0.,0.308531147935096));
#2908=DIRECTION('',(0.,-1.,0.));
#2909=DIRECTION('',(0.,0.,-1.));
#2910=DIRECTION('',(0.,-1.,0.));
#2911=DIRECTION('',(0.,0.,-1.));
#2912=DIRECTION('',(-0.742802932069096,0.,-0.669510122484757));
#2913=DIRECTION('',(0.,-1.,0.));
#2914=DIRECTION('',(1.,0.,0.));
#2915=DIRECTION('',(0.,1.,0.));
#2916=DIRECTION('',(0.,0.,1.));
#2917=DIRECTION('',(0.,-1.,0.));
#2918=DIRECTION('',(0.,0.,-1.));
#2919=DIRECTION('',(0.,1.,0.));
#2920=DIRECTION('',(0.,0.,1.));
#2921=DIRECTION('',(0.994468371772502,0.,-0.105036458166429));
#2922=DIRECTION('',(0.,-1.,0.));
#2923=DIRECTION('',(0.,0.,-1.));
#2924=DIRECTION('',(0.,-1.,0.));
#2925=DIRECTION('',(0.,0.,-1.));
#2926=DIRECTION('',(-0.950898544240046,0.,-0.309502760185046));
#2927=DIRECTION('',(0.,-1.,0.));
#2928=DIRECTION('',(1.,0.,0.));
#2929=DIRECTION('',(0.,1.,0.));
#2930=DIRECTION('',(0.,0.,1.));
#2931=DIRECTION('',(0.,-1.,0.));
#2932=DIRECTION('',(0.,0.,-1.));
#2933=DIRECTION('',(0.,1.,0.));
#2934=DIRECTION('',(0.,0.,1.));
#2935=DIRECTION('',(0.865769887406867,0.,-0.500442306424528));
#2936=DIRECTION('',(0.,-1.,0.));
#2937=DIRECTION('',(0.,0.,-1.));
#2938=DIRECTION('',(0.,-1.,0.));
#2939=DIRECTION('',(0.,0.,-1.));
#2940=DIRECTION('',(-0.994575159469816,0.,0.104020441094966));
#2941=DIRECTION('',(0.,-1.,0.));
#2942=DIRECTION('',(1.,0.,0.));
#2943=DIRECTION('',(0.,1.,0.));
#2944=DIRECTION('',(0.,0.,1.));
#2945=DIRECTION('',(0.,-1.,0.));
#2946=DIRECTION('',(0.,0.,-1.));
#2947=DIRECTION('',(0.,1.,0.));
#2948=DIRECTION('',(0.,0.,1.));
#2949=DIRECTION('',(0.587371924235981,0.,-0.809317133526358));
#2950=DIRECTION('',(0.,-1.,0.));
#2951=DIRECTION('',(0.,0.,-1.));
#2952=DIRECTION('',(0.,-1.,0.));
#2953=DIRECTION('',(0.,0.,-1.));
#2954=DIRECTION('',(-0.866280694195585,0.,0.499557563113617));
#2955=DIRECTION('',(0.,-1.,0.));
#2956=DIRECTION('',(1.,0.,0.));
#2957=DIRECTION('',(0.,1.,0.));
#2958=DIRECTION('',(0.,0.,1.));
#2959=DIRECTION('',(0.,-1.,0.));
#2960=DIRECTION('',(0.,0.,-1.));
#2961=DIRECTION('',(0.,1.,0.));
#2962=DIRECTION('',(0.,0.,1.));
#2963=DIRECTION('',(0.207412019258345,0.,-0.978253675826049));
#2964=DIRECTION('',(0.,-1.,0.));
#2965=DIRECTION('',(0.,0.,-1.));
#2966=DIRECTION('',(0.,-1.,0.));
#2967=DIRECTION('',(0.,0.,-1.));
#2968=DIRECTION('',(-0.588198426981896,0.,0.808716644131938));
#2969=DIRECTION('',(0.,-1.,0.));
#2970=DIRECTION('',(1.,0.,0.));
#2971=DIRECTION('',(0.,1.,0.));
#2972=DIRECTION('',(0.,0.,1.));
#2973=DIRECTION('',(0.,-1.,0.));
#2974=DIRECTION('',(0.,0.,-1.));
#2975=DIRECTION('',(0.,1.,0.));
#2976=DIRECTION('',(0.,0.,1.));
#2977=DIRECTION('',(-0.208411308128079,0.,-0.978041270419783));
#2978=DIRECTION('',(0.,-1.,0.));
#2979=DIRECTION('',(0.,0.,-1.));
#2980=DIRECTION('',(0.,-1.,0.));
#2981=DIRECTION('',(0.,0.,-1.));
#2982=DIRECTION('',(-0.208411308128083,0.,0.978041270419782));
#2983=DIRECTION('',(0.,-1.,0.));
#2984=DIRECTION('',(1.,0.,0.));
#2985=DIRECTION('',(0.,1.,0.));
#2986=DIRECTION('',(0.,0.,1.));
#2987=DIRECTION('',(0.,-1.,0.));
#2988=DIRECTION('',(0.,0.,-1.));
#2989=DIRECTION('',(0.,1.,0.));
#2990=DIRECTION('',(0.,0.,1.));
#2991=DIRECTION('',(-0.58819842698193,0.,-0.808716644131913));
#2992=DIRECTION('',(0.,-1.,0.));
#2993=DIRECTION('',(0.,0.,-1.));
#2994=DIRECTION('',(0.,-1.,0.));
#2995=DIRECTION('',(0.,0.,-1.));
#2996=DIRECTION('',(0.207412019258371,0.,0.978253675826043));
#2997=DIRECTION('',(0.,-1.,0.));
#2998=DIRECTION('',(1.,0.,0.));
#2999=DIRECTION('',(0.,1.,0.));
#3000=DIRECTION('',(0.,0.,1.));
#3001=DIRECTION('',(0.,-1.,0.));
#3002=DIRECTION('',(0.,0.,-1.));
#3003=DIRECTION('',(0.,1.,0.));
#3004=DIRECTION('',(0.,0.,1.));
#3005=DIRECTION('',(-0.866280694195586,0.,-0.499557563113616));
#3006=DIRECTION('',(0.,-1.,0.));
#3007=DIRECTION('',(0.,0.,-1.));
#3008=DIRECTION('',(0.,-1.,0.));
#3009=DIRECTION('',(0.,0.,-1.));
#3010=DIRECTION('',(0.587371924236011,0.,0.809317133526336));
#3011=DIRECTION('',(0.,-1.,0.));
#3012=DIRECTION('',(1.,0.,0.));
#3013=DIRECTION('',(0.,1.,0.));
#3014=DIRECTION('',(0.,0.,1.));
#3015=DIRECTION('',(0.,-1.,0.));
#3016=DIRECTION('',(0.,0.,-1.));
#3017=DIRECTION('',(0.,1.,0.));
#3018=DIRECTION('',(0.,0.,1.));
#3019=DIRECTION('',(-0.994575159469812,0.,-0.104020441094995));
#3020=DIRECTION('',(0.,-1.,0.));
#3021=DIRECTION('',(0.,0.,-1.));
#3022=DIRECTION('',(0.,-1.,0.));
#3023=DIRECTION('',(0.,0.,-1.));
#3024=DIRECTION('',(0.865769887406833,0.,0.500442306424586));
#3025=DIRECTION('',(0.,-1.,0.));
#3026=DIRECTION('',(1.,0.,0.));
#3027=DIRECTION('',(0.,1.,0.));
#3028=DIRECTION('',(0.,0.,1.));
#3029=DIRECTION('',(0.,-1.,0.));
#3030=DIRECTION('',(0.,0.,-1.));
#3031=DIRECTION('',(0.,1.,0.));
#3032=DIRECTION('',(0.,0.,1.));
#3033=DIRECTION('',(-0.95089854424003,0.,0.309502760185093));
#3034=DIRECTION('',(0.,-1.,0.));
#3035=DIRECTION('',(0.,0.,-1.));
#3036=DIRECTION('',(0.,-1.,0.));
#3037=DIRECTION('',(0.,0.,-1.));
#3038=DIRECTION('',(0.994468371772506,0.,0.105036458166399));
#3039=DIRECTION('',(0.,-1.,0.));
#3040=DIRECTION('',(1.,0.,0.));
#3041=DIRECTION('',(0.,1.,0.));
#3042=DIRECTION('',(0.,0.,1.));
#3043=DIRECTION('',(0.,-1.,0.));
#3044=DIRECTION('',(0.,0.,-1.));
#3045=DIRECTION('',(0.,1.,0.));
#3046=DIRECTION('',(0.,0.,1.));
#3047=DIRECTION('',(-0.742802932069086,0.,0.669510122484768));
#3048=DIRECTION('',(0.,-1.,0.));
#3049=DIRECTION('',(0.,0.,-1.));
#3050=DIRECTION('',(0.,-1.,0.));
#3051=DIRECTION('',(0.,0.,-1.));
#3052=DIRECTION('',(0.951214240197179,0.,-0.308531147935026));
#3053=DIRECTION('',(0.,-1.,0.));
#3054=DIRECTION('',(1.,0.,0.));
#3055=DIRECTION('',(0.,1.,0.));
#3056=DIRECTION('',(0.,0.,1.));
#3057=DIRECTION('',(0.,-1.,0.));
#3058=DIRECTION('',(0.,0.,-1.));
#3059=DIRECTION('',(0.,1.,0.));
#3060=DIRECTION('',(0.,0.,1.));
#3061=DIRECTION('',(-0.406269944790618,0.,0.913753102298333));
#3062=DIRECTION('',(0.,-1.,0.));
#3063=DIRECTION('',(0.,0.,-1.));
#3064=DIRECTION('',(0.,-1.,0.));
#3065=DIRECTION('',(0.,0.,-1.));
#3066=DIRECTION('',(0.743486524981675,0.,-0.668750915640998));
#3067=DIRECTION('',(0.,1.,0.));
#3068=DIRECTION('',(1.,0.,0.));
#3069=DIRECTION('',(0.,1.,0.));
#3070=DIRECTION('',(0.,0.,1.));
#3071=DIRECTION('',(0.,1.,0.));
#3072=DIRECTION('',(0.,0.,1.));
#3073=DIRECTION('',(0.,1.,0.));
#3074=DIRECTION('',(0.,0.,1.));
#3075=DIRECTION('',(-0.407203235233871,0.,0.913337574621273));
#3076=DIRECTION('',(0.,-1.,0.));
#3077=DIRECTION('',(0.,0.,-1.));
#3078=DIRECTION('',(0.,-1.,0.));
#3079=DIRECTION('',(0.,0.,-1.));
#3080=DIRECTION('',(-0.00051080678875115,0.,-0.999999869538204));
#3081=DIRECTION('',(0.,1.,0.));
#3082=DIRECTION('',(1.,0.,0.));
#3083=DIRECTION('',(0.,1.,0.));
#3084=DIRECTION('',(0.,0.,1.));
#3085=DIRECTION('',(0.,1.,0.));
#3086=DIRECTION('',(0.,0.,1.));
#3087=DIRECTION('',(0.,1.,0.));
#3088=DIRECTION('',(0.,0.,1.));
#3089=DIRECTION('',(-0.74348652498168,0.,0.668750915640993));
#3090=DIRECTION('',(0.,-1.,0.));
#3091=DIRECTION('',(0.,0.,-1.));
#3092=DIRECTION('',(0.,-1.,0.));
#3093=DIRECTION('',(0.,0.,-1.));
#3094=DIRECTION('',(0.406269944790611,0.,-0.913753102298337));
#3095=DIRECTION('',(0.,1.,0.));
#3096=DIRECTION('',(1.,0.,0.));
#3097=DIRECTION('',(0.,1.,0.));
#3098=DIRECTION('',(0.,0.,1.));
#3099=DIRECTION('',(0.,1.,0.));
#3100=DIRECTION('',(0.,0.,1.));
#3101=DIRECTION('',(0.,1.,0.));
#3102=DIRECTION('',(0.,0.,1.));
#3103=DIRECTION('',(-0.951214240197181,0.,0.308531147935016));
#3104=DIRECTION('',(0.,-1.,0.));
#3105=DIRECTION('',(0.,0.,-1.));
#3106=DIRECTION('',(0.,-1.,0.));
#3107=DIRECTION('',(0.,0.,-1.));
#3108=DIRECTION('',(0.742802932069096,0.,-0.669510122484757));
#3109=DIRECTION('',(0.,1.,0.));
#3110=DIRECTION('',(1.,0.,0.));
#3111=DIRECTION('',(0.,1.,0.));
#3112=DIRECTION('',(0.,0.,1.));
#3113=DIRECTION('',(0.,1.,0.));
#3114=DIRECTION('',(0.,0.,1.));
#3115=DIRECTION('',(0.,1.,0.));
#3116=DIRECTION('',(0.,0.,1.));
#3117=DIRECTION('',(-0.994468371772503,0.,-0.105036458166422));
#3118=DIRECTION('',(0.,-1.,0.));
#3119=DIRECTION('',(0.,0.,-1.));
#3120=DIRECTION('',(0.,-1.,0.));
#3121=DIRECTION('',(0.,0.,-1.));
#3122=DIRECTION('',(0.950898544240046,0.,-0.309502760185045));
#3123=DIRECTION('',(0.,1.,0.));
#3124=DIRECTION('',(1.,0.,0.));
#3125=DIRECTION('',(0.,1.,0.));
#3126=DIRECTION('',(0.,0.,1.));
#3127=DIRECTION('',(0.,1.,0.));
#3128=DIRECTION('',(0.,0.,1.));
#3129=DIRECTION('',(0.,1.,0.));
#3130=DIRECTION('',(0.,0.,1.));
#3131=DIRECTION('',(-0.865769887406851,0.,-0.500442306424556));
#3132=DIRECTION('',(0.,-1.,0.));
#3133=DIRECTION('',(0.,0.,-1.));
#3134=DIRECTION('',(0.,-1.,0.));
#3135=DIRECTION('',(0.,0.,-1.));
#3136=DIRECTION('',(0.994575159469816,0.,0.104020441094966));
#3137=DIRECTION('',(0.,1.,0.));
#3138=DIRECTION('',(1.,0.,0.));
#3139=DIRECTION('',(0.,1.,0.));
#3140=DIRECTION('',(0.,0.,1.));
#3141=DIRECTION('',(0.,1.,0.));
#3142=DIRECTION('',(0.,0.,1.));
#3143=DIRECTION('',(0.,1.,0.));
#3144=DIRECTION('',(0.,0.,1.));
#3145=DIRECTION('',(-0.587371924235997,0.,-0.809317133526346));
#3146=DIRECTION('',(0.,-1.,0.));
#3147=DIRECTION('',(0.,0.,-1.));
#3148=DIRECTION('',(0.,-1.,0.));
#3149=DIRECTION('',(0.,0.,-1.));
#3150=DIRECTION('',(0.866280694195585,0.,0.499557563113618));
#3151=DIRECTION('',(0.,1.,0.));
#3152=DIRECTION('',(1.,0.,0.));
#3153=DIRECTION('',(0.,1.,0.));
#3154=DIRECTION('',(0.,0.,1.));
#3155=DIRECTION('',(0.,1.,0.));
#3156=DIRECTION('',(0.,0.,1.));
#3157=DIRECTION('',(0.,1.,0.));
#3158=DIRECTION('',(0.,0.,1.));
#3159=DIRECTION('',(-0.207412019258329,0.,-0.978253675826052));
#3160=DIRECTION('',(0.,-1.,0.));
#3161=DIRECTION('',(0.,0.,-1.));
#3162=DIRECTION('',(0.,-1.,0.));
#3163=DIRECTION('',(0.,0.,-1.));
#3164=DIRECTION('',(0.588198426981895,0.,0.808716644131938));
#3165=DIRECTION('',(0.,1.,0.));
#3166=DIRECTION('',(1.,0.,0.));
#3167=DIRECTION('',(0.,1.,0.));
#3168=DIRECTION('',(0.,0.,1.));
#3169=DIRECTION('',(0.,1.,0.));
#3170=DIRECTION('',(0.,0.,1.));
#3171=DIRECTION('',(0.,1.,0.));
#3172=DIRECTION('',(0.,0.,1.));
#3173=DIRECTION('',(0.208411308128079,0.,-0.978041270419783));
#3174=DIRECTION('',(0.,-1.,0.));
#3175=DIRECTION('',(0.,0.,-1.));
#3176=DIRECTION('',(0.,-1.,0.));
#3177=DIRECTION('',(0.,0.,-1.));
#3178=DIRECTION('',(0.208411308128083,0.,0.978041270419782));
#3179=DIRECTION('',(0.,1.,0.));
#3180=DIRECTION('',(1.,0.,0.));
#3181=DIRECTION('',(0.,1.,0.));
#3182=DIRECTION('',(0.,0.,1.));
#3183=DIRECTION('',(0.,1.,0.));
#3184=DIRECTION('',(0.,0.,1.));
#3185=DIRECTION('',(0.,1.,0.));
#3186=DIRECTION('',(0.,0.,1.));
#3187=DIRECTION('',(0.588198426981928,0.,-0.808716644131914));
#3188=DIRECTION('',(0.,-1.,0.));
#3189=DIRECTION('',(0.,0.,-1.));
#3190=DIRECTION('',(0.,-1.,0.));
#3191=DIRECTION('',(0.,0.,-1.));
#3192=DIRECTION('',(-0.207412019258371,0.,0.978253675826043));
#3193=DIRECTION('',(0.,1.,0.));
#3194=DIRECTION('',(1.,0.,0.));
#3195=DIRECTION('',(0.,1.,0.));
#3196=DIRECTION('',(0.,0.,1.));
#3197=DIRECTION('',(0.,1.,0.));
#3198=DIRECTION('',(0.,0.,1.));
#3199=DIRECTION('',(0.,1.,0.));
#3200=DIRECTION('',(0.,0.,1.));
#3201=DIRECTION('',(0.866280694195581,0.,-0.499557563113624));
#3202=DIRECTION('',(0.,-1.,0.));
#3203=DIRECTION('',(0.,0.,-1.));
#3204=DIRECTION('',(0.,-1.,0.));
#3205=DIRECTION('',(0.,0.,-1.));
#3206=DIRECTION('',(-0.587371924236012,0.,0.809317133526336));
#3207=DIRECTION('',(0.,1.,0.));
#3208=DIRECTION('',(1.,0.,0.));
#3209=DIRECTION('',(0.,1.,0.));
#3210=DIRECTION('',(0.,0.,1.));
#3211=DIRECTION('',(0.,1.,0.));
#3212=DIRECTION('',(0.,0.,1.));
#3213=DIRECTION('',(0.,1.,0.));
#3214=DIRECTION('',(0.,0.,1.));
#3215=DIRECTION('',(0.994575159469812,0.,-0.104020441094995));
#3216=DIRECTION('',(0.,-1.,0.));
#3217=DIRECTION('',(0.,0.,-1.));
#3218=DIRECTION('',(0.,-1.,0.));
#3219=DIRECTION('',(0.,0.,-1.));
#3220=DIRECTION('',(-0.865769887406833,0.,0.500442306424586));
#3221=DIRECTION('',(0.,1.,0.));
#3222=DIRECTION('',(1.,0.,0.));
#3223=DIRECTION('',(0.,1.,0.));
#3224=DIRECTION('',(0.,0.,1.));
#3225=DIRECTION('',(0.,1.,0.));
#3226=DIRECTION('',(0.,0.,1.));
#3227=DIRECTION('',(0.,1.,0.));
#3228=DIRECTION('',(0.,0.,1.));
#3229=DIRECTION('',(0.950898544240031,0.,0.309502760185092));
#3230=DIRECTION('',(0.,-1.,0.));
#3231=DIRECTION('',(0.,0.,-1.));
#3232=DIRECTION('',(0.,-1.,0.));
#3233=DIRECTION('',(0.,0.,-1.));
#3234=DIRECTION('',(-0.994468371772506,0.,0.105036458166398));
#3235=DIRECTION('',(0.,1.,0.));
#3236=DIRECTION('',(1.,0.,0.));
#3237=DIRECTION('',(0.,1.,0.));
#3238=DIRECTION('',(0.,0.,1.));
#3239=DIRECTION('',(0.,1.,0.));
#3240=DIRECTION('',(0.,0.,1.));
#3241=DIRECTION('',(0.,1.,0.));
#3242=DIRECTION('',(0.,0.,1.));
#3243=DIRECTION('',(0.74280293206909,0.,0.669510122484763));
#3244=DIRECTION('',(0.,-1.,0.));
#3245=DIRECTION('',(0.,0.,-1.));
#3246=DIRECTION('',(0.,-1.,0.));
#3247=DIRECTION('',(0.,0.,-1.));
#3248=DIRECTION('',(-0.951214240197178,0.,-0.308531147935026));
#3249=DIRECTION('',(0.,1.,0.));
#3250=DIRECTION('',(1.,0.,0.));
#3251=DIRECTION('',(0.,1.,0.));
#3252=DIRECTION('',(0.,0.,1.));
#3253=DIRECTION('',(0.,1.,0.));
#3254=DIRECTION('',(0.,0.,1.));
#3255=DIRECTION('',(0.,1.,0.));
#3256=DIRECTION('',(0.,0.,1.));
#3257=DIRECTION('',(0.406269944790593,0.,0.913753102298344));
#3258=DIRECTION('',(0.,-1.,0.));
#3259=DIRECTION('',(0.,0.,-1.));
#3260=DIRECTION('',(0.,-1.,0.));
#3261=DIRECTION('',(0.,0.,-1.));
#3262=DIRECTION('',(-0.743486524981675,0.,-0.668750915640998));
#3263=DIRECTION('',(0.,1.,0.));
#3264=DIRECTION('',(0.,0.,1.));
#3265=DIRECTION('',(0.,-1.,0.));
#3266=DIRECTION('',(0.,0.,-1.));
#3267=DIRECTION('',(0.,1.,0.));
#3268=DIRECTION('',(0.,1.,0.));
#3269=DIRECTION('',(0.,0.,1.));
#3270=DIRECTION('',(0.,1.,0.));
#3271=DIRECTION('',(0.,1.,0.));
#3272=DIRECTION('',(-0.406736643075801,0.,0.913545457642601));
#3273=DIRECTION('',(0.,1.,0.));
#3274=DIRECTION('',(0.,1.,0.));
#3275=DIRECTION('',(-0.406736643075801,0.,0.913545457642601));
#3276=DIRECTION('',(0.,1.,0.));
#3277=DIRECTION('',(0.,1.,0.));
#3278=DIRECTION('',(-0.978253675826043,0.,-0.207412019258371));
#3279=DIRECTION('',(-0.207412019258371,0.,0.978253675826043));
#3280=DIRECTION('',(0.,1.,0.));
#3281=DIRECTION('',(-0.808716644131938,0.,-0.588198426981896));
#3282=DIRECTION('',(-0.588198426981896,0.,0.808716644131938));
#3283=DIRECTION('',(0.,-1.,0.));
#3284=DIRECTION('',(0.,-1.,0.));
#3285=DIRECTION('',(0.406736643075801,0.,-0.913545457642601));
#3286=DIRECTION('',(0.,-1.,0.));
#3287=DIRECTION('',(0.,-1.,0.));
#3288=DIRECTION('',(0.406736643075801,0.,-0.913545457642601));
#3289=DIRECTION('',(0.,1.,0.));
#3290=DIRECTION('',(0.,0.,1.));
#3291=DIRECTION('',(0.,-1.,0.));
#3292=DIRECTION('',(0.,0.,-1.));
#3293=DIRECTION('',(0.,1.,0.));
#3294=DIRECTION('',(0.,1.,0.));
#3295=DIRECTION('',(0.,0.,1.));
#3296=DIRECTION('',(0.,1.,0.));
#3297=DIRECTION('',(0.,1.,0.));
#3298=DIRECTION('',(-0.743144825477395,0.,0.669130606358858));
#3299=DIRECTION('',(0.,1.,0.));
#3300=DIRECTION('',(0.,1.,0.));
#3301=DIRECTION('',(-0.743144825477395,0.,0.669130606358858));
#3302=DIRECTION('',(0.,1.,0.));
#3303=DIRECTION('',(-0.809317133526336,0.,-0.587371924236012));
#3304=DIRECTION('',(-0.587371924236012,0.,0.809317133526336));
#3305=DIRECTION('',(0.,1.,0.));
#3306=DIRECTION('',(-0.499557563113617,0.,-0.866280694195585));
#3307=DIRECTION('',(-0.866280694195585,0.,0.499557563113617));
#3308=DIRECTION('',(0.,-1.,0.));
#3309=DIRECTION('',(0.,-1.,0.));
#3310=DIRECTION('',(0.743144825477395,0.,-0.669130606358858));
#3311=DIRECTION('',(0.,-1.,0.));
#3312=DIRECTION('',(0.,-1.,0.));
#3313=DIRECTION('',(0.743144825477395,0.,-0.669130606358858));
#3314=DIRECTION('',(0.,1.,0.));
#3315=DIRECTION('',(0.,0.,1.));
#3316=DIRECTION('',(0.,-1.,0.));
#3317=DIRECTION('',(0.,0.,-1.));
#3318=DIRECTION('',(0.,1.,0.));
#3319=DIRECTION('',(0.,1.,0.));
#3320=DIRECTION('',(0.,0.,1.));
#3321=DIRECTION('',(0.,1.,0.));
#3322=DIRECTION('',(0.,1.,0.));
#3323=DIRECTION('',(-0.951056516295153,0.,0.309016994374948));
#3324=DIRECTION('',(0.,1.,0.));
#3325=DIRECTION('',(0.,1.,0.));
#3326=DIRECTION('',(-0.951056516295153,0.,0.309016994374948));
#3327=DIRECTION('',(0.,1.,0.));
#3328=DIRECTION('',(-0.500442306424586,0.,-0.865769887406833));
#3329=DIRECTION('',(-0.865769887406833,0.,0.500442306424586));
#3330=DIRECTION('',(0.,1.,0.));
#3331=DIRECTION('',(-0.104020441094966,0.,-0.994575159469816));
#3332=DIRECTION('',(-0.994575159469816,0.,0.104020441094966));
#3333=DIRECTION('',(0.,-1.,0.));
#3334=DIRECTION('',(0.,-1.,0.));
#3335=DIRECTION('',(0.951056516295153,0.,-0.309016994374948));
#3336=DIRECTION('',(0.,-1.,0.));
#3337=DIRECTION('',(0.,-1.,0.));
#3338=DIRECTION('',(0.951056516295153,0.,-0.309016994374948));
#3339=DIRECTION('',(0.,1.,0.));
#3340=DIRECTION('',(0.,0.,1.));
#3341=DIRECTION('',(0.,-1.,0.));
#3342=DIRECTION('',(0.,0.,-1.));
#3343=DIRECTION('',(0.,1.,0.));
#3344=DIRECTION('',(0.,1.,0.));
#3345=DIRECTION('',(0.,0.,1.));
#3346=DIRECTION('',(0.,1.,0.));
#3347=DIRECTION('',(0.,1.,0.));
#3348=DIRECTION('',(-0.994521895368273,0.,-0.104528463267654));
#3349=DIRECTION('',(0.,1.,0.));
#3350=DIRECTION('',(0.,1.,0.));
#3351=DIRECTION('',(-0.994521895368273,0.,-0.104528463267654));
#3352=DIRECTION('',(0.,1.,0.));
#3353=DIRECTION('',(-0.105036458166398,0.,-0.994468371772506));
#3354=DIRECTION('',(-0.994468371772506,0.,0.105036458166398));
#3355=DIRECTION('',(0.,1.,0.));
#3356=DIRECTION('',(0.309502760185046,0.,-0.950898544240046));
#3357=DIRECTION('',(-0.950898544240046,0.,-0.309502760185046));
#3358=DIRECTION('',(0.,-1.,0.));
#3359=DIRECTION('',(0.,-1.,0.));
#3360=DIRECTION('',(0.994521895368273,0.,0.104528463267654));
#3361=DIRECTION('',(0.,-1.,0.));
#3362=DIRECTION('',(0.,-1.,0.));
#3363=DIRECTION('',(0.994521895368273,0.,0.104528463267654));
#3364=DIRECTION('',(0.,1.,0.));
#3365=DIRECTION('',(0.,0.,1.));
#3366=DIRECTION('',(0.,-1.,0.));
#3367=DIRECTION('',(0.,0.,-1.));
#3368=DIRECTION('',(0.,1.,0.));
#3369=DIRECTION('',(0.,1.,0.));
#3370=DIRECTION('',(0.,0.,1.));
#3371=DIRECTION('',(0.,1.,0.));
#3372=DIRECTION('',(0.,1.,0.));
#3373=DIRECTION('',(-0.866025403784439,0.,-0.5));
#3374=DIRECTION('',(0.,1.,0.));
#3375=DIRECTION('',(0.,1.,0.));
#3376=DIRECTION('',(-0.866025403784439,0.,-0.5));
#3377=DIRECTION('',(0.,1.,0.));
#3378=DIRECTION('',(0.308531147935026,0.,-0.951214240197178));
#3379=DIRECTION('',(-0.951214240197178,0.,-0.308531147935026));
#3380=DIRECTION('',(0.,1.,0.));
#3381=DIRECTION('',(0.669510122484757,0.,-0.742802932069096));
#3382=DIRECTION('',(-0.742802932069096,0.,-0.669510122484757));
#3383=DIRECTION('',(0.,-1.,0.));
#3384=DIRECTION('',(0.,-1.,0.));
#3385=DIRECTION('',(0.866025403784439,0.,0.5));
#3386=DIRECTION('',(0.,-1.,0.));
#3387=DIRECTION('',(0.,-1.,0.));
#3388=DIRECTION('',(0.866025403784439,0.,0.5));
#3389=DIRECTION('',(0.,1.,0.));
#3390=DIRECTION('',(0.,0.,1.));
#3391=DIRECTION('',(0.,-1.,0.));
#3392=DIRECTION('',(0.,0.,-1.));
#3393=DIRECTION('',(0.,1.,0.));
#3394=DIRECTION('',(0.,1.,0.));
#3395=DIRECTION('',(0.,0.,1.));
#3396=DIRECTION('',(0.,1.,0.));
#3397=DIRECTION('',(0.,1.,0.));
#3398=DIRECTION('',(-0.587785252292473,0.,-0.809016994374948));
#3399=DIRECTION('',(0.,1.,0.));
#3400=DIRECTION('',(0.,1.,0.));
#3401=DIRECTION('',(-0.587785252292473,0.,-0.809016994374948));
#3402=DIRECTION('',(0.,1.,0.));
#3403=DIRECTION('',(0.668750915640998,0.,-0.743486524981675));
#3404=DIRECTION('',(-0.743486524981675,0.,-0.668750915640998));
#3405=DIRECTION('',(0.,1.,0.));
#3406=DIRECTION('',(0.913753102298337,0.,-0.40626994479061));
#3407=DIRECTION('',(-0.40626994479061,0.,-0.913753102298337));
#3408=DIRECTION('',(0.,-1.,0.));
#3409=DIRECTION('',(0.,-1.,0.));
#3410=DIRECTION('',(0.587785252292473,0.,0.809016994374948));
#3411=DIRECTION('',(0.,-1.,0.));
#3412=DIRECTION('',(0.,-1.,0.));
#3413=DIRECTION('',(0.587785252292473,0.,0.809016994374948));
#3414=DIRECTION('',(0.,1.,0.));
#3415=DIRECTION('',(0.,0.,1.));
#3416=DIRECTION('',(0.,-1.,0.));
#3417=DIRECTION('',(0.,0.,-1.));
#3418=DIRECTION('',(0.,1.,0.));
#3419=DIRECTION('',(0.,1.,0.));
#3420=DIRECTION('',(0.,0.,1.));
#3421=DIRECTION('',(0.,1.,0.));
#3422=DIRECTION('',(0.,1.,0.));
#3423=DIRECTION('',(-0.207911690817759,0.,-0.978147600733806));
#3424=DIRECTION('',(0.,1.,0.));
#3425=DIRECTION('',(0.,0.,1.));
#3426=DIRECTION('',(0.,1.,0.));
#3427=DIRECTION('',(0.,1.,0.));
#3428=DIRECTION('',(-0.207911690817759,0.,-0.978147600733806));
#3429=DIRECTION('',(0.,1.,0.));
#3430=DIRECTION('',(0.,0.,1.));
#3431=DIRECTION('',(0.,1.,0.));
#3432=DIRECTION('',(0.913337574621303,0.,-0.407203235233804));
#3433=DIRECTION('',(-0.407203235233804,0.,-0.913337574621303));
#3434=DIRECTION('',(-0.407203235233804,0.,-0.913337574621303));
#3435=DIRECTION('',(0.,1.,0.));
#3436=DIRECTION('',(0.999999869538204,0.,0.000510806788751844));
#3437=DIRECTION('',(0.000510806788751844,0.,-0.999999869538204));
#3438=DIRECTION('',(-0.000510806788751579,0.,0.999999869538204));
#3439=DIRECTION('',(0.,-1.,0.));
#3440=DIRECTION('',(0.,-1.,0.));
#3441=DIRECTION('',(0.207911690817759,0.,0.978147600733806));
#3442=DIRECTION('',(0.,-1.,0.));
#3443=DIRECTION('',(0.,-1.,0.));
#3444=DIRECTION('',(0.,0.,-1.));
#3445=DIRECTION('',(0.,-1.,0.));
#3446=DIRECTION('',(0.207911690817759,0.,0.978147600733806));
#3447=DIRECTION('',(0.,-1.,0.));
#3448=DIRECTION('',(0.,0.,-1.));
#3449=DIRECTION('',(0.,1.,0.));
#3450=DIRECTION('',(0.,0.,1.));
#3451=DIRECTION('',(0.,-1.,0.));
#3452=DIRECTION('',(0.,0.,-1.));
#3453=DIRECTION('',(0.,1.,0.));
#3454=DIRECTION('',(0.,1.,0.));
#3455=DIRECTION('',(0.,0.,1.));
#3456=DIRECTION('',(0.,1.,0.));
#3457=DIRECTION('',(0.,1.,0.));
#3458=DIRECTION('',(0.207911690817759,0.,-0.978147600733806));
#3459=DIRECTION('',(0.,1.,0.));
#3460=DIRECTION('',(0.,0.,1.));
#3461=DIRECTION('',(0.,1.,0.));
#3462=DIRECTION('',(0.,1.,0.));
#3463=DIRECTION('',(0.207911690817759,0.,-0.978147600733806));
#3464=DIRECTION('',(0.,1.,0.));
#3465=DIRECTION('',(0.,1.,0.));
#3466=DIRECTION('',(0.,0.,1.));
#3467=DIRECTION('',(0.999999869538204,0.,-0.00051080678875115));
#3468=DIRECTION('',(-0.00051080678875115,0.,-0.999999869538204));
#3469=DIRECTION('',(0.000510806788761307,0.,0.999999869538204));
#3470=DIRECTION('',(0.,1.,0.));
#3471=DIRECTION('',(0.913337574621302,0.,0.407203235233804));
#3472=DIRECTION('',(0.407203235233804,0.,-0.913337574621302));
#3473=DIRECTION('',(0.407203235233804,0.,-0.913337574621302));
#3474=DIRECTION('',(0.,-1.,0.));
#3475=DIRECTION('',(0.,-1.,0.));
#3476=DIRECTION('',(-0.207911690817759,0.,0.978147600733806));
#3477=DIRECTION('',(0.,-1.,0.));
#3478=DIRECTION('',(0.,0.,-1.));
#3479=DIRECTION('',(0.,-1.,0.));
#3480=DIRECTION('',(0.,-1.,0.));
#3481=DIRECTION('',(-0.207911690817759,0.,0.978147600733806));
#3482=DIRECTION('',(0.,-1.,0.));
#3483=DIRECTION('',(0.,0.,-1.));
#3484=DIRECTION('',(0.,1.,0.));
#3485=DIRECTION('',(0.,0.,1.));
#3486=DIRECTION('',(0.,-1.,0.));
#3487=DIRECTION('',(0.,0.,-1.));
#3488=DIRECTION('',(0.,1.,0.));
#3489=DIRECTION('',(0.,1.,0.));
#3490=DIRECTION('',(0.,0.,1.));
#3491=DIRECTION('',(0.,1.,0.));
#3492=DIRECTION('',(0.,1.,0.));
#3493=DIRECTION('',(0.587785252292473,0.,-0.809016994374947));
#3494=DIRECTION('',(0.,1.,0.));
#3495=DIRECTION('',(0.,1.,0.));
#3496=DIRECTION('',(0.587785252292473,0.,-0.809016994374947));
#3497=DIRECTION('',(0.,1.,0.));
#3498=DIRECTION('',(0.913753102298337,0.,0.406269944790611));
#3499=DIRECTION('',(0.406269944790611,0.,-0.913753102298337));
#3500=DIRECTION('',(0.,1.,0.));
#3501=DIRECTION('',(0.668750915640998,0.,0.743486524981675));
#3502=DIRECTION('',(0.743486524981675,0.,-0.668750915640998));
#3503=DIRECTION('',(0.,-1.,0.));
#3504=DIRECTION('',(0.,-1.,0.));
#3505=DIRECTION('',(-0.587785252292473,0.,0.809016994374947));
#3506=DIRECTION('',(0.,-1.,0.));
#3507=DIRECTION('',(0.,-1.,0.));
#3508=DIRECTION('',(-0.587785252292473,0.,0.809016994374947));
#3509=DIRECTION('',(0.,1.,0.));
#3510=DIRECTION('',(0.,0.,1.));
#3511=DIRECTION('',(0.,-1.,0.));
#3512=DIRECTION('',(0.,0.,-1.));
#3513=DIRECTION('',(0.,1.,0.));
#3514=DIRECTION('',(0.,1.,0.));
#3515=DIRECTION('',(0.,0.,1.));
#3516=DIRECTION('',(0.,1.,0.));
#3517=DIRECTION('',(0.,1.,0.));
#3518=DIRECTION('',(0.866025403784439,0.,-0.5));
#3519=DIRECTION('',(0.,1.,0.));
#3520=DIRECTION('',(0.,1.,0.));
#3521=DIRECTION('',(0.866025403784439,0.,-0.5));
#3522=DIRECTION('',(0.,1.,0.));
#3523=DIRECTION('',(0.669510122484757,0.,0.742802932069096));
#3524=DIRECTION('',(0.742802932069096,0.,-0.669510122484757));
#3525=DIRECTION('',(0.,1.,0.));
#3526=DIRECTION('',(0.308531147935026,0.,0.951214240197179));
#3527=DIRECTION('',(0.951214240197179,0.,-0.308531147935026));
#3528=DIRECTION('',(0.,-1.,0.));
#3529=DIRECTION('',(0.,-1.,0.));
#3530=DIRECTION('',(-0.866025403784439,0.,0.5));
#3531=DIRECTION('',(0.,-1.,0.));
#3532=DIRECTION('',(0.,-1.,0.));
#3533=DIRECTION('',(-0.866025403784439,0.,0.5));
#3534=DIRECTION('',(0.,1.,0.));
#3535=DIRECTION('',(0.,0.,1.));
#3536=DIRECTION('',(0.,-1.,0.));
#3537=DIRECTION('',(0.,0.,-1.));
#3538=DIRECTION('',(0.,1.,0.));
#3539=DIRECTION('',(0.,1.,0.));
#3540=DIRECTION('',(0.,0.,1.));
#3541=DIRECTION('',(0.,1.,0.));
#3542=DIRECTION('',(0.,1.,0.));
#3543=DIRECTION('',(0.994521895368273,0.,-0.104528463267653));
#3544=DIRECTION('',(0.,1.,0.));
#3545=DIRECTION('',(0.,1.,0.));
#3546=DIRECTION('',(0.994521895368273,0.,-0.104528463267653));
#3547=DIRECTION('',(0.,1.,0.));
#3548=DIRECTION('',(0.309502760185045,0.,0.950898544240046));
#3549=DIRECTION('',(0.950898544240046,0.,-0.309502760185045));
#3550=DIRECTION('',(0.,1.,0.));
#3551=DIRECTION('',(-0.105036458166399,0.,0.994468371772506));
#3552=DIRECTION('',(0.994468371772506,0.,0.105036458166399));
#3553=DIRECTION('',(0.,-1.,0.));
#3554=DIRECTION('',(0.,-1.,0.));
#3555=DIRECTION('',(-0.994521895368273,0.,0.104528463267653));
#3556=DIRECTION('',(0.,-1.,0.));
#3557=DIRECTION('',(0.,-1.,0.));
#3558=DIRECTION('',(-0.994521895368273,0.,0.104528463267653));
#3559=DIRECTION('',(0.,1.,0.));
#3560=DIRECTION('',(0.,0.,1.));
#3561=DIRECTION('',(0.,-1.,0.));
#3562=DIRECTION('',(0.,0.,-1.));
#3563=DIRECTION('',(0.,1.,0.));
#3564=DIRECTION('',(0.,1.,0.));
#3565=DIRECTION('',(0.,0.,1.));
#3566=DIRECTION('',(0.,1.,0.));
#3567=DIRECTION('',(0.,1.,0.));
#3568=DIRECTION('',(0.951056516295153,0.,0.309016994374948));
#3569=DIRECTION('',(0.,1.,0.));
#3570=DIRECTION('',(0.,1.,0.));
#3571=DIRECTION('',(0.951056516295153,0.,0.309016994374948));
#3572=DIRECTION('',(0.,1.,0.));
#3573=DIRECTION('',(-0.104020441094966,0.,0.994575159469816));
#3574=DIRECTION('',(0.994575159469816,0.,0.104020441094966));
#3575=DIRECTION('',(0.,1.,0.));
#3576=DIRECTION('',(-0.500442306424586,0.,0.865769887406833));
#3577=DIRECTION('',(0.865769887406833,0.,0.500442306424586));
#3578=DIRECTION('',(0.,-1.,0.));
#3579=DIRECTION('',(0.,-1.,0.));
#3580=DIRECTION('',(-0.951056516295153,0.,-0.309016994374948));
#3581=DIRECTION('',(0.,-1.,0.));
#3582=DIRECTION('',(0.,-1.,0.));
#3583=DIRECTION('',(-0.951056516295153,0.,-0.309016994374948));
#3584=DIRECTION('',(0.,1.,0.));
#3585=DIRECTION('',(0.,0.,1.));
#3586=DIRECTION('',(0.,-1.,0.));
#3587=DIRECTION('',(0.,0.,-1.));
#3588=DIRECTION('',(0.,1.,0.));
#3589=DIRECTION('',(0.,1.,0.));
#3590=DIRECTION('',(0.,0.,1.));
#3591=DIRECTION('',(0.,1.,0.));
#3592=DIRECTION('',(0.,1.,0.));
#3593=DIRECTION('',(0.743144825477394,0.,0.669130606358858));
#3594=DIRECTION('',(0.,1.,0.));
#3595=DIRECTION('',(0.,1.,0.));
#3596=DIRECTION('',(0.743144825477394,0.,0.669130606358858));
#3597=DIRECTION('',(0.,1.,0.));
#3598=DIRECTION('',(-0.499557563113618,0.,0.866280694195585));
#3599=DIRECTION('',(0.866280694195585,0.,0.499557563113618));
#3600=DIRECTION('',(0.,1.,0.));
#3601=DIRECTION('',(-0.809317133526336,0.,0.587371924236011));
#3602=DIRECTION('',(0.587371924236011,0.,0.809317133526336));
#3603=DIRECTION('',(0.,-1.,0.));
#3604=DIRECTION('',(0.,-1.,0.));
#3605=DIRECTION('',(-0.743144825477394,0.,-0.669130606358858));
#3606=DIRECTION('',(0.,-1.,0.));
#3607=DIRECTION('',(0.,-1.,0.));
#3608=DIRECTION('',(-0.743144825477394,0.,-0.669130606358858));
#3609=DIRECTION('',(0.,1.,0.));
#3610=DIRECTION('',(0.,0.,1.));
#3611=DIRECTION('',(0.,-1.,0.));
#3612=DIRECTION('',(0.,0.,-1.));
#3613=DIRECTION('',(0.,1.,0.));
#3614=DIRECTION('',(0.,1.,0.));
#3615=DIRECTION('',(0.,0.,1.));
#3616=DIRECTION('',(0.,1.,0.));
#3617=DIRECTION('',(0.,1.,0.));
#3618=DIRECTION('',(0.4067366430758,0.,0.913545457642601));
#3619=DIRECTION('',(0.,1.,0.));
#3620=DIRECTION('',(0.,1.,0.));
#3621=DIRECTION('',(0.4067366430758,0.,0.913545457642601));
#3622=DIRECTION('',(0.,1.,0.));
#3623=DIRECTION('',(-0.808716644131938,0.,0.588198426981895));
#3624=DIRECTION('',(0.588198426981895,0.,0.808716644131938));
#3625=DIRECTION('',(0.,1.,0.));
#3626=DIRECTION('',(-0.978253675826043,0.,0.207412019258371));
#3627=DIRECTION('',(0.207412019258371,0.,0.978253675826043));
#3628=DIRECTION('',(0.,-1.,0.));
#3629=DIRECTION('',(0.,-1.,0.));
#3630=DIRECTION('',(-0.4067366430758,0.,-0.9135454576426));
#3631=DIRECTION('',(0.,-1.,0.));
#3632=DIRECTION('',(0.,-1.,0.));
#3633=DIRECTION('',(-0.4067366430758,0.,-0.9135454576426));
#3634=DIRECTION('',(0.,1.,0.));
#3635=DIRECTION('',(0.,0.,1.));
#3636=DIRECTION('',(0.,-1.,0.));
#3637=DIRECTION('',(0.,0.,-1.));
#3638=DIRECTION('',(0.,1.,0.));
#3639=DIRECTION('',(0.,1.,0.));
#3640=DIRECTION('',(0.,0.,1.));
#3641=DIRECTION('',(-0.978041270419782,0.,0.208411308128083));
#3642=DIRECTION('',(0.208411308128083,0.,0.978041270419782));
#3643=DIRECTION('',(0.,1.,0.));
#3644=DIRECTION('',(0.,1.,0.));
#3645=DIRECTION('',(-0.978041270419782,0.,-0.208411308128083));
#3646=DIRECTION('',(-0.208411308128083,0.,0.978041270419782));
#3647=DIRECTION('',(0.,1.,0.));
#3648=DIRECTION('',(0.,-1.,0.));
#3649=DIRECTION('',(0.,-1.,0.));
#3650=DIRECTION('',(0.,0.,-1.));
#3651=DIRECTION('',(0.,-1.,0.));
#3652=DIRECTION('',(0.,-1.,0.));
#3653=DIRECTION('',(0.,0.,-1.));
#3654=DIRECTION('',(0.,1.,0.));
#3655=DIRECTION('',(0.,0.,1.));
#3656=DIRECTION('',(0.,1.,0.));
#3657=DIRECTION('',(0.,0.,1.));
#3658=DIRECTION('',(0.,1.,0.));
#3659=DIRECTION('',(1.,0.,0.));
#3660=DIRECTION('',(0.,1.,0.));
#3661=DIRECTION('',(0.,0.,1.));
#3662=DIRECTION('',(0.,1.,0.));
#3663=DIRECTION('',(1.,0.,0.));
#3664=DIRECTION('',(0.,1.,0.));
#3665=DIRECTION('',(0.,0.,1.));
#3666=DIRECTION('',(0.,-1.,0.));
#3667=DIRECTION('',(1.,0.,0.));
#3668=DIRECTION('',(0.,-1.,0.));
#3669=DIRECTION('',(0.,0.,-1.));
#3670=DIRECTION('',(0.,-1.,0.));
#3671=DIRECTION('',(1.,0.,0.));
#3672=DIRECTION('',(0.,-1.,0.));
#3673=DIRECTION('',(0.,0.,-1.));
#3674=DIRECTION('',(0.,1.,0.));
#3675=DIRECTION('',(0.,0.,1.));
#3676=DIRECTION('',(0.,-1.,0.));
#3677=DIRECTION('',(0.,0.,-1.));
#3678=DIRECTION('',(0.,1.,0.));
#3679=DIRECTION('',(-1.,0.,0.));
#3680=CARTESIAN_POINT('',(0.,0.,0.));
#3681=CARTESIAN_POINT('',(-0.0018,0.015,-0.00311769145362398));
#3682=CARTESIAN_POINT('',(-0.0018,-0.007,-0.00311769145362398));
#3683=CARTESIAN_POINT('',(-0.0036,-0.007,-0.00207846096908265));
#3684=CARTESIAN_POINT('',(6.50521303491303E-19,-0.007,-0.00415692193816531));
#3685=CARTESIAN_POINT('',(6.50521303491303E-19,0.015,-0.00415692193816531));
#3686=CARTESIAN_POINT('',(4.33680868994202E-19,0.00165225,-0.00415692193816531));
#3687=CARTESIAN_POINT('',(-0.0018,0.00165225,-0.00311769145362398));
#3688=CARTESIAN_POINT('',(-0.0036,0.00165225,-0.00207846096908265));
#3689=CARTESIAN_POINT('',(-0.0036,0.015,-0.00207846096908265));
#3690=CARTESIAN_POINT('',(-0.0036,0.015,4.33680868994202E-19));
#3691=CARTESIAN_POINT('',(-0.0036,-0.007,0.));
#3692=CARTESIAN_POINT('',(-0.0036,-0.007,0.00207846096908265));
#3693=CARTESIAN_POINT('',(-0.0036,0.00165225,0.));
#3694=CARTESIAN_POINT('',(-0.0036,0.00165225,0.00207846096908265));
#3695=CARTESIAN_POINT('',(-0.0036,0.015,0.00207846096908265));
#3696=CARTESIAN_POINT('',(-0.0018,0.015,0.00311769145362398));
#3697=CARTESIAN_POINT('',(-0.0018,-0.007,0.00311769145362398));
#3698=CARTESIAN_POINT('',(8.67361737988404E-19,-0.007,0.00415692193816531));
#3699=CARTESIAN_POINT('',(-0.0018,0.00165225,0.00311769145362398));
#3700=CARTESIAN_POINT('',(8.67361737988404E-19,0.00165225,0.00415692193816531));
#3701=CARTESIAN_POINT('',(8.67361737988404E-19,0.015,0.00415692193816531));
#3702=CARTESIAN_POINT('',(0.0018,0.015,0.00311769145362398));
#3703=CARTESIAN_POINT('',(0.0018,-0.007,0.00311769145362398));
#3704=CARTESIAN_POINT('',(0.0036,-0.007,0.00207846096908265));
#3705=CARTESIAN_POINT('',(0.0018,0.00165225,0.00311769145362398));
#3706=CARTESIAN_POINT('',(0.0036,0.00165225,0.00207846096908265));
#3707=CARTESIAN_POINT('',(0.0036,0.015,0.00207846096908265));
#3708=CARTESIAN_POINT('',(0.0036,0.015,4.33680868994202E-19));
#3709=CARTESIAN_POINT('',(0.0036,-0.007,0.));
#3710=CARTESIAN_POINT('',(0.0036,-0.007,-0.00207846096908265));
#3711=CARTESIAN_POINT('',(0.0036,0.00165225,0.));
#3712=CARTESIAN_POINT('',(0.0036,0.00165225,-0.00207846096908265));
#3713=CARTESIAN_POINT('',(0.0036,0.015,-0.00207846096908265));
#3714=CARTESIAN_POINT('',(0.0018,0.015,-0.00311769145362398));
#3715=CARTESIAN_POINT('',(0.0018,-0.007,-0.00311769145362398));
#3716=CARTESIAN_POINT('',(0.0018,0.00165225,-0.00311769145362398));
#3717=CARTESIAN_POINT('',(0.,0.00265225,3.06161699786838E-19));
#3718=CARTESIAN_POINT('',(0.,0.001,3.06161699786838E-19));
#3719=CARTESIAN_POINT('',(0.,0.001,0.005));
#3720=CARTESIAN_POINT('',(0.,0.00165225,3.06161699786838E-19));
#3721=CARTESIAN_POINT('',(0.,0.00165225,0.005));
#3722=CARTESIAN_POINT('',(0.,-0.006,0.));
#3723=CARTESIAN_POINT('',(-0.000200069852353807,-0.006,-0.010933025287242));
#3724=CARTESIAN_POINT('',(-0.000630069796255234,-0.006,-0.0109332449341612));
#3725=CARTESIAN_POINT('',(-0.000207937357753203,-0.006,-0.011362953307216));
#3726=CARTESIAN_POINT('',(0.,-0.006,7.57129049699026E-19));
#3727=CARTESIAN_POINT('',(-0.00443176925495447,-0.006,-0.0104651501220748));
#3728=CARTESIAN_POINT('',(-0.00426408909916661,-0.006,-0.0100691913295787));
#3729=CARTESIAN_POINT('',(-0.00387135394207945,-0.006,-0.0102442887207292));
#3730=CARTESIAN_POINT('',(-0.00387135394207944,-0.006,-0.0102442887207292));
#3731=CARTESIAN_POINT('',(-0.0037851182217285,-0.006,-0.0100508660834414));
#3732=CARTESIAN_POINT('',(-0.00226974147563341,-0.006,-0.0107264829974438));
#3733=CARTESIAN_POINT('',(-0.00193458828803127,-0.006,-0.00910152230932486));
#3734=CARTESIAN_POINT('',(-0.00228934167130202,-0.006,-0.0107223168472444));
#3735=CARTESIAN_POINT('',(-0.000630177972683063,-0.006,-0.0107214693350529));
#3736=CARTESIAN_POINT('',(-0.000630018110798371,-0.006,-0.0110344288871905));
#3737=CARTESIAN_POINT('',(0.,-0.006,0.));
#3738=CARTESIAN_POINT('',(-0.00462963490882471,-0.006,-0.00990643984932459));
#3739=CARTESIAN_POINT('',(-0.00502254874281299,-0.006,-0.00973174377306463));
#3740=CARTESIAN_POINT('',(-0.00481168971225374,-0.006,-0.0102959986363496));
#3741=CARTESIAN_POINT('',(0.,-0.006,7.57129049699026E-19));
#3742=CARTESIAN_POINT('',(-0.00830518270212079,-0.006,-0.00775782740792259));
#3743=CARTESIAN_POINT('',(-0.00799094830740779,-0.006,-0.00746430271529975));
#3744=CARTESIAN_POINT('',(-0.00770338541368216,-0.006,-0.00778400192104188));
#3745=CARTESIAN_POINT('',(-0.00770338541368216,-0.006,-0.00778400192104188));
#3746=CARTESIAN_POINT('',(-0.00754593308888375,-0.006,-0.00764237677675115));
#3747=CARTESIAN_POINT('',(-0.00643636570147786,-0.006,-0.00887594279034633));
#3748=CARTESIAN_POINT('',(-0.00546925697391512,-0.006,-0.00752778641730802));
#3749=CARTESIAN_POINT('',(-0.00645257684525318,-0.006,-0.00886416470496595));
#3750=CARTESIAN_POINT('',(-0.00493651067063061,-0.006,-0.00953823313714264));
#3751=CARTESIAN_POINT('',(-0.00506365674718694,-0.006,-0.00982420093611012));
#3752=CARTESIAN_POINT('',(0.,-0.006,0.));
#3753=CARTESIAN_POINT('',(-0.00825869403064705,-0.006,-0.00716694096427824));
#3754=CARTESIAN_POINT('',(-0.00854658338331549,-0.006,-0.00684753570348853));
#3755=CARTESIAN_POINT('',(-0.00858345720267687,-0.006,-0.00744877226504712));
#3756=CARTESIAN_POINT('',(0.,-0.006,7.57129049699026E-19));
#3757=CARTESIAN_POINT('',(-0.0107425546098742,-0.006,-0.00370910585729115));
#3758=CARTESIAN_POINT('',(-0.0103360999578118,-0.006,-0.00356876835048413));
#3759=CARTESIAN_POINT('',(-0.0102034315641997,-0.006,-0.00397779047376891));
#3760=CARTESIAN_POINT('',(-0.0102034315641997,-0.006,-0.00397779047376891));
#3761=CARTESIAN_POINT('',(-0.010001987572321,-0.006,-0.00391245109654716));
#3762=CARTESIAN_POINT('',(-0.00949008382499004,-0.006,-0.00549067143938917));
#3763=CARTESIAN_POINT('',(-0.00805824144236781,-0.006,-0.00465242786594614));
#3764=CARTESIAN_POINT('',(-0.0095001028628397,-0.006,-0.0054733179567906));
#3765=CARTESIAN_POINT('',(-0.00838927582683457,-0.006,-0.00670574977769263));
#3766=CARTESIAN_POINT('',(-0.0086217431301095,-0.006,-0.00691527939311265));
#3767=CARTESIAN_POINT('',(0.,-0.006,0.));
#3768=CARTESIAN_POINT('',(-0.0104597499266906,-0.006,-0.00318821287689353));
#3769=CARTESIAN_POINT('',(-0.0105928361135702,-0.006,-0.00277932650287032));
#3770=CARTESIAN_POINT('',(-0.0108710669644965,-0.006,-0.0033135854991464));
#3771=CARTESIAN_POINT('',(0.,-0.006,7.57129049699026E-19));
#3772=CARTESIAN_POINT('',(-0.0113224412325355,-0.006,0.000980953792234806));
#3773=CARTESIAN_POINT('',(-0.0108940460249899,-0.006,0.000943838483372836));
#3774=CARTESIAN_POINT('',(-0.0109392117020015,-0.006,0.000516217083510659));
#3775=CARTESIAN_POINT('',(-0.0109392117020015,-0.006,0.000516217083510662));
#3776=CARTESIAN_POINT('',(-0.0107286075392994,-0.006,0.000493972921752245));
#3777=CARTESIAN_POINT('',(-0.0109028802404565,-0.006,-0.00115601311537754));
#3778=CARTESIAN_POINT('',(-0.00925388275860982,-0.006,-0.000972622270581054));
#3779=CARTESIAN_POINT('',(-0.0109049747897162,-0.006,-0.00113608481035352));
#3780=CARTESIAN_POINT('',(-0.0103914589784006,-0.006,-0.00271378136185534));
#3781=CARTESIAN_POINT('',(-0.0106890517997587,-0.006,-0.00281064321970496));
#3782=CARTESIAN_POINT('',(0.,-0.006,0.));
#3783=CARTESIAN_POINT('',(-0.0108522200365645,-0.006,0.00134178618091076));
#3784=CARTESIAN_POINT('',(-0.0108074912468936,-0.006,0.00176945349948279));
#3785=CARTESIAN_POINT('',(-0.0112789704876118,-0.006,0.00139455030253597));
#3786=CARTESIAN_POINT('',(0.,-0.006,7.57129049699026E-19));
#3787=CARTESIAN_POINT('',(-0.00994457490494209,-0.006,0.00550139761939794));
#3788=CARTESIAN_POINT('',(-0.00956831256514617,-0.006,0.00529324706895121));
#3789=CARTESIAN_POINT('',(-0.00978350275690873,-0.006,0.00492096601736627));
#3790=CARTESIAN_POINT('',(-0.00978350275690874,-0.006,0.00492096601736628));
#3791=CARTESIAN_POINT('',(-0.00960015379639327,-0.006,0.00481498453427758));
#3792=CARTESIAN_POINT('',(-0.0104304696127905,-0.006,0.00337853037833233));
#3793=CARTESIAN_POINT('',(-0.00884944367700086,-0.006,0.0028753585513663));
#3794=CARTESIAN_POINT('',(-0.0104242775068649,-0.006,0.00339758772080018));
#3795=CARTESIAN_POINT('',(-0.01059686446916,-0.006,0.00174742450537645));
#3796=CARTESIAN_POINT('',(-0.0109081263062426,-0.006,0.00177997870028177));
#3797=CARTESIAN_POINT('',(0.,-0.006,0.));
#3798=CARTESIAN_POINT('',(-0.00936824271279236,-0.006,0.00563977821829081));
#3799=CARTESIAN_POINT('',(-0.0091534329606535,-0.006,0.00601227891679491));
#3800=CARTESIAN_POINT('',(-0.00973663754718888,-0.006,0.00586155568781808));
#3801=CARTESIAN_POINT('',(0.,-0.006,7.57129049699026E-19));
#3802=CARTESIAN_POINT('',(-0.00684720123265733,-0.006,0.00907059981953879));
#3803=CARTESIAN_POINT('',(-0.00658813093739787,-0.006,0.00872740514866794));
#3804=CARTESIAN_POINT('',(-0.0069361373048142,-0.006,0.00847483522124646));
#3805=CARTESIAN_POINT('',(-0.00693613730481419,-0.006,0.00847483522124646));
#3806=CARTESIAN_POINT('',(-0.00681174624743146,-0.006,0.008303441578065));
#3807=CARTESIAN_POINT('',(-0.00815453603123149,-0.006,0.00732889527664361));
#3808=CARTESIAN_POINT('',(-0.0069148553889699,-0.006,0.00622616375796205));
#3809=CARTESIAN_POINT('',(-0.00814112794148853,-0.006,0.00734378646891208));
#3810=CARTESIAN_POINT('',(-0.00896997582371018,-0.006,0.00590648480077538));
#3811=CARTESIAN_POINT('',(-0.00924108667716067,-0.006,0.00606282613239093));
#3812=CARTESIAN_POINT('',(0.,-0.006,0.));
#3813=CARTESIAN_POINT('',(-0.00626441111616524,-0.006,0.00896260136595174));
#3814=CARTESIAN_POINT('',(-0.0059166629591885,-0.006,0.00921552668955396));
#3815=CARTESIAN_POINT('',(-0.00651075152028181,-0.006,0.00931504484411475));
#3816=CARTESIAN_POINT('',(0.,-0.006,7.57129049699026E-19));
#3817=CARTESIAN_POINT('',(-0.00256588426237575,-0.006,0.011071412907069));
#3818=CARTESIAN_POINT('',(-0.00246880161928286,-0.006,0.0106525155921933));
#3819=CARTESIAN_POINT('',(-0.00288945069988807,-0.006,0.0105633284239122));
#3820=CARTESIAN_POINT('',(-0.00288945069988807,-0.006,0.0105633284239122));
#3821=CARTESIAN_POINT('',(-0.00284552588951686,-0.006,0.0103561581386064));
#3822=CARTESIAN_POINT('',(-0.00446860908823834,-0.006,0.0100120276006998));
#3823=CARTESIAN_POINT('',(-0.00378462578469055,-0.006,0.00850040868789151));
#3824=CARTESIAN_POINT('',(-0.00445030339520332,-0.006,0.0100201778203435));
#3825=CARTESIAN_POINT('',(-0.00579209686866877,-0.006,0.00904426021539039));
#3826=CARTESIAN_POINT('',(-0.00597617920896076,-0.006,0.00929735584716342));
#3827=CARTESIAN_POINT('',(0.,-0.006,0.));
#3828=CARTESIAN_POINT('',(-0.00207740592716476,-0.006,0.0107357093147624));
#3829=CARTESIAN_POINT('',(-0.00165684818088427,-0.006,0.0108253261772574));
#3830=CARTESIAN_POINT('',(-0.00215909740719731,-0.006,0.0111578781223382));
#3831=CARTESIAN_POINT('',(0.,-0.006,7.57129049699026E-19));
#3832=CARTESIAN_POINT('',(0.00215909740719732,-0.006,0.0111578781223383));
#3833=CARTESIAN_POINT('',(0.00207740592716476,-0.006,0.0107357093147624));
#3834=CARTESIAN_POINT('',(0.00165684818088426,-0.006,0.0108253261772574));
#3835=CARTESIAN_POINT('',(0.00165684818088425,-0.006,0.0108253261772574));
#3836=CARTESIAN_POINT('',(0.00161271174548639,-0.006,0.0106182008742398));
#3837=CARTESIAN_POINT('',(-1.00190378496599E-5,-0.006,0.0109639893961797));
#3838=CARTESIAN_POINT('',(-9.91028548287531E-20,-0.006,0.0093048557318921));
#3839=CARTESIAN_POINT('',(1.00190378496599E-5,-0.006,0.0109639893961797));
#3840=CARTESIAN_POINT('',(-0.00161271174548639,-0.006,0.0106182008742397));
#3841=CARTESIAN_POINT('',(-0.00167793606364784,-0.006,0.0109242882721351));
#3842=CARTESIAN_POINT('',(0.,-0.006,0.));
#3843=CARTESIAN_POINT('',(0.00246880161928285,-0.006,0.0106525155921933));
#3844=CARTESIAN_POINT('',(0.00288945069988805,-0.006,0.0105633284239122));
#3845=CARTESIAN_POINT('',(0.00256588426237574,-0.006,0.011071412907069));
#3846=CARTESIAN_POINT('',(0.,-0.006,7.57129049699026E-19));
#3847=CARTESIAN_POINT('',(0.00651075152028182,-0.006,0.00931504484411478));
#3848=CARTESIAN_POINT('',(0.00626441111616523,-0.006,0.00896260136595175));
#3849=CARTESIAN_POINT('',(0.0059166629591885,-0.006,0.00921552668955397));
#3850=CARTESIAN_POINT('',(0.0059166629591885,-0.006,0.00921552668955396));
#3851=CARTESIAN_POINT('',(0.00579209686866874,-0.006,0.00904426021539036));
#3852=CARTESIAN_POINT('',(0.00445030339520332,-0.006,0.0100201778203435));
#3853=CARTESIAN_POINT('',(0.00378462578469027,-0.006,0.00850040868789164));
#3854=CARTESIAN_POINT('',(0.00446860908823833,-0.006,0.0100120276006998));
#3855=CARTESIAN_POINT('',(0.00284552588951686,-0.006,0.0103561581386065));
#3856=CARTESIAN_POINT('',(0.00291043747064038,-0.006,0.0106623120108113));
#3857=CARTESIAN_POINT('',(0.,-0.006,0.));
#3858=CARTESIAN_POINT('',(0.00658813093739787,-0.006,0.00872740514866794));
#3859=CARTESIAN_POINT('',(0.00693613730481419,-0.006,0.00847483522124646));
#3860=CARTESIAN_POINT('',(0.00684720123265731,-0.006,0.00907059981953878));
#3861=CARTESIAN_POINT('',(0.,-0.006,7.57129049699026E-19));
#3862=CARTESIAN_POINT('',(0.0097366375471889,-0.006,0.0058615556878181));
#3863=CARTESIAN_POINT('',(0.00936824271279236,-0.006,0.00563977821829082));
#3864=CARTESIAN_POINT('',(0.0091534329606535,-0.006,0.00601227891679492));
#3865=CARTESIAN_POINT('',(0.0091534329606535,-0.006,0.00601227891679492));
#3866=CARTESIAN_POINT('',(0.00896997582371018,-0.006,0.00590648480077539));
#3867=CARTESIAN_POINT('',(0.00814112794148853,-0.006,0.00734378646891209));
#3868=CARTESIAN_POINT('',(0.00691485538896911,-0.006,0.00622616375796292));
#3869=CARTESIAN_POINT('',(0.00815453603123148,-0.006,0.00732889527664361));
#3870=CARTESIAN_POINT('',(0.00681174624743147,-0.006,0.00830344157806503));
#3871=CARTESIAN_POINT('',(0.00699556992576052,-0.006,0.00855672513875453));
#3872=CARTESIAN_POINT('',(0.,-0.006,0.));
#3873=CARTESIAN_POINT('',(0.00956831256514616,-0.006,0.00529324706895122));
#3874=CARTESIAN_POINT('',(0.00978350275690874,-0.006,0.00492096601736628));
#3875=CARTESIAN_POINT('',(0.00994457490494207,-0.006,0.00550139761939793));
#3876=CARTESIAN_POINT('',(0.,-0.006,7.57129049699026E-19));
#3877=CARTESIAN_POINT('',(0.0112789704876118,-0.006,0.00139455030253597));
#3878=CARTESIAN_POINT('',(0.0108522200365645,-0.006,0.00134178618091077));
#3879=CARTESIAN_POINT('',(0.0108074912468936,-0.006,0.00176945349948279));
#3880=CARTESIAN_POINT('',(0.0108074912468936,-0.006,0.00176945349948279));
#3881=CARTESIAN_POINT('',(0.01059686446916,-0.006,0.00174742450537645));
#3882=CARTESIAN_POINT('',(0.0104242775068649,-0.006,0.00339758772080019));
#3883=CARTESIAN_POINT('',(0.00884944367700078,-0.006,0.00287535855136655));
#3884=CARTESIAN_POINT('',(0.0104304696127905,-0.006,0.00337853037833233));
#3885=CARTESIAN_POINT('',(0.00960015379639322,-0.006,0.00481498453427756));
#3886=CARTESIAN_POINT('',(0.00987110478795904,-0.006,0.00497160275479959));
#3887=CARTESIAN_POINT('',(0.,-0.006,0.));
#3888=CARTESIAN_POINT('',(0.0108940460249899,-0.006,0.000943838483372845));
#3889=CARTESIAN_POINT('',(0.0109392117020015,-0.006,0.000516217083510666));
#3890=CARTESIAN_POINT('',(0.0113224412325355,-0.006,0.000980953792234816));
#3891=CARTESIAN_POINT('',(0.,-0.006,7.57129049699026E-19));
#3892=CARTESIAN_POINT('',(0.0108710669644965,-0.006,-0.0033135854991464));
#3893=CARTESIAN_POINT('',(0.0104597499266906,-0.006,-0.00318821287689353));
#3894=CARTESIAN_POINT('',(0.0105928361135702,-0.006,-0.00277932650287032));
#3895=CARTESIAN_POINT('',(0.0105928361135702,-0.006,-0.00277932650287032));
#3896=CARTESIAN_POINT('',(0.0103914589784006,-0.006,-0.00271378136185532));
#3897=CARTESIAN_POINT('',(0.0109049747897162,-0.006,-0.00113608481035351));
#3898=CARTESIAN_POINT('',(0.00925388275860982,-0.006,-0.000972622270581044));
#3899=CARTESIAN_POINT('',(0.0109028802404565,-0.006,-0.00115601311537753));
#3900=CARTESIAN_POINT('',(0.0107286075392994,-0.006,0.000493972921752257));
#3901=CARTESIAN_POINT('',(0.0110398359561477,-0.006,0.000526845088946693));
#3902=CARTESIAN_POINT('',(0.,-0.006,0.));
#3903=CARTESIAN_POINT('',(0.0103360999578118,-0.006,-0.00356876835048412));
#3904=CARTESIAN_POINT('',(0.0102034315641998,-0.006,-0.00397779047376892));
#3905=CARTESIAN_POINT('',(0.0107425546098742,-0.006,-0.00370910585729114));
#3906=CARTESIAN_POINT('',(0.,-0.006,7.57129049699026E-19));
#3907=CARTESIAN_POINT('',(0.0085834572026769,-0.006,-0.00744877226504713));
#3908=CARTESIAN_POINT('',(0.00825869403064705,-0.006,-0.00716694096427823));
#3909=CARTESIAN_POINT('',(0.0085465833833155,-0.006,-0.00684753570348852));
#3910=CARTESIAN_POINT('',(0.0085465833833155,-0.006,-0.00684753570348852));
#3911=CARTESIAN_POINT('',(0.00838927582683457,-0.006,-0.00670574977769262));
#3912=CARTESIAN_POINT('',(0.00950010286283971,-0.006,-0.00547331795679059));
#3913=CARTESIAN_POINT('',(0.00805824144236812,-0.006,-0.0046524278659456));
#3914=CARTESIAN_POINT('',(0.00949008382499004,-0.006,-0.00549067143938916));
#3915=CARTESIAN_POINT('',(0.010001987572321,-0.006,-0.00391245109654713));
#3916=CARTESIAN_POINT('',(0.0102996791937573,-0.006,-0.00400900887902246));
#3917=CARTESIAN_POINT('',(0.,-0.006,0.));
#3918=CARTESIAN_POINT('',(0.00799094830740779,-0.006,-0.00746430271529975));
#3919=CARTESIAN_POINT('',(0.00770338541368216,-0.006,-0.00778400192104187));
#3920=CARTESIAN_POINT('',(0.00830518270212078,-0.006,-0.00775782740792257));
#3921=CARTESIAN_POINT('',(0.,-0.006,7.57129049699026E-19));
#3922=CARTESIAN_POINT('',(0.00481168971225375,-0.006,-0.0102959986363496));
#3923=CARTESIAN_POINT('',(0.00462963490882471,-0.006,-0.00990643984932459));
#3924=CARTESIAN_POINT('',(0.005022548742813,-0.006,-0.00973174377306463));
#3925=CARTESIAN_POINT('',(0.005022548742813,-0.006,-0.00973174377306463));
#3926=CARTESIAN_POINT('',(0.00493651067063061,-0.006,-0.00953823313714264));
#3927=CARTESIAN_POINT('',(0.00645257684525318,-0.006,-0.00886416470496595));
#3928=CARTESIAN_POINT('',(0.00546925697391512,-0.006,-0.00752778641730802));
#3929=CARTESIAN_POINT('',(0.00643636570147786,-0.006,-0.00887594279034633));
#3930=CARTESIAN_POINT('',(0.00754593308888375,-0.006,-0.00764237677675114));
#3931=CARTESIAN_POINT('',(0.00777861432911835,-0.006,-0.00785166879110635));
#3932=CARTESIAN_POINT('',(0.,0.,0.));
#3933=CARTESIAN_POINT('',(0.000200069852353814,0.,-0.010933025287242));
#3934=CARTESIAN_POINT('',(0.000630069796255241,-1.7347234759768E-18,-0.0109332449341612));
#3935=CARTESIAN_POINT('',(0.000207937357753195,-1.70539765900717E-20,-0.011362953307216));
#3936=CARTESIAN_POINT('',(0.,8.67361737988404E-19,7.57129049699026E-19));
#3937=CARTESIAN_POINT('',(0.00443176925495448,4.1662689240413E-19,-0.0104651501220748));
#3938=CARTESIAN_POINT('',(0.00426408909916662,0.,-0.0100691913295787));
#3939=CARTESIAN_POINT('',(0.00387135394207946,-3.46944695195361E-18,-0.0102442887207292));
#3940=CARTESIAN_POINT('',(0.00387135394207945,0.,-0.0102442887207292));
#3941=CARTESIAN_POINT('',(0.00378511822172851,0.,-0.0100508660834414));
#3942=CARTESIAN_POINT('',(0.00226974147563342,0.,-0.0107264829974438));
#3943=CARTESIAN_POINT('',(0.00193458828803128,0.,-0.00910152230932486));
#3944=CARTESIAN_POINT('',(0.00228934167130203,0.,-0.0107223168472444));
#3945=CARTESIAN_POINT('',(0.00063017797268307,-1.7347234759768E-18,-0.0107214693350529));
#3946=CARTESIAN_POINT('',(0.000630018110798378,-1.04083408558608E-17,-0.0110344288871905));
#3947=CARTESIAN_POINT('',(0.,0.,0.));
#3948=CARTESIAN_POINT('',(0.00462963490882471,0.,-0.00990643984932459));
#3949=CARTESIAN_POINT('',(0.00502254874281299,-2.60208521396521E-18,-0.00973174377306463));
#3950=CARTESIAN_POINT('',(0.00481168971225375,4.16626892404132E-19,-0.0102959986363496));
#3951=CARTESIAN_POINT('',(0.,8.67361737988404E-19,7.57129049699026E-19));
#3952=CARTESIAN_POINT('',(0.00830518270212079,-1.70539765900723E-20,-0.00775782740792259));
#3953=CARTESIAN_POINT('',(0.00799094830740779,0.,-0.00746430271529975));
#3954=CARTESIAN_POINT('',(0.00770338541368216,0.,-0.00778400192104187));
#3955=CARTESIAN_POINT('',(0.00770338541368216,0.,-0.00778400192104187));
#3956=CARTESIAN_POINT('',(0.00754593308888374,-1.7347234759768E-18,-0.00764237677675114));
#3957=CARTESIAN_POINT('',(0.00643636570147786,-3.46944695195361E-18,-0.00887594279034633));
#3958=CARTESIAN_POINT('',(0.00546925697391512,0.,-0.00752778641730802));
#3959=CARTESIAN_POINT('',(0.00645257684525318,3.46944695195361E-18,-0.00886416470496595));
#3960=CARTESIAN_POINT('',(0.00493651067063061,-8.67361737988404E-19,-0.00953823313714264));
#3961=CARTESIAN_POINT('',(0.00506365674718694,-6.93889390390723E-18,-0.00982420093611012));
#3962=CARTESIAN_POINT('',(0.,0.,0.));
#3963=CARTESIAN_POINT('',(0.00825869403064705,0.,-0.00716694096427823));
#3964=CARTESIAN_POINT('',(0.0085465833833155,-2.60208521396521E-18,-0.00684753570348852));
#3965=CARTESIAN_POINT('',(0.00858345720267688,4.33680868994202E-19,-0.00744877226504712));
#3966=CARTESIAN_POINT('',(0.,0.,7.57129049699026E-19));
#3967=CARTESIAN_POINT('',(0.0107425546098742,0.,-0.00370910585729115));
#3968=CARTESIAN_POINT('',(0.0103360999578118,0.,-0.00356876835048412));
#3969=CARTESIAN_POINT('',(0.0102034315641998,0.,-0.00397779047376891));
#3970=CARTESIAN_POINT('',(0.0102034315641998,0.,-0.00397779047376891));
#3971=CARTESIAN_POINT('',(0.010001987572321,0.,-0.00391245109654712));
#3972=CARTESIAN_POINT('',(0.00949008382499004,0.,-0.00549067143938916));
#3973=CARTESIAN_POINT('',(0.00805824144236812,0.,-0.0046524278659456));
#3974=CARTESIAN_POINT('',(0.00950010286283971,0.,-0.00547331795679059));
#3975=CARTESIAN_POINT('',(0.00838927582683458,-2.60208521396521E-18,-0.00670574977769263));
#3976=CARTESIAN_POINT('',(0.0086217431301095,-6.93889390390723E-18,-0.00691527939311264));
#3977=CARTESIAN_POINT('',(0.,0.,0.));
#3978=CARTESIAN_POINT('',(0.0104597499266906,0.,-0.00318821287689353));
#3979=CARTESIAN_POINT('',(0.0105928361135702,8.67361737988404E-19,-0.00277932650287032));
#3980=CARTESIAN_POINT('',(0.0108710669644965,0.,-0.0033135854991464));
#3981=CARTESIAN_POINT('',(0.,0.,7.57129049699026E-19));
#3982=CARTESIAN_POINT('',(0.0113224412325355,0.,0.00098095379223482));
#3983=CARTESIAN_POINT('',(0.0108940460249899,0.,0.000943838483372845));
#3984=CARTESIAN_POINT('',(0.0109392117020015,0.,0.000516217083510668));
#3985=CARTESIAN_POINT('',(0.0109392117020015,0.,0.00051621708351067));
#3986=CARTESIAN_POINT('',(0.0107286075392994,1.7347234759768E-18,0.000493972921752253));
#3987=CARTESIAN_POINT('',(0.0109028802404565,0.,-0.00115601311537753));
#3988=CARTESIAN_POINT('',(0.00925388275860982,0.,-0.000972622270581044));
#3989=CARTESIAN_POINT('',(0.0109049747897162,0.,-0.00113608481035351));
#3990=CARTESIAN_POINT('',(0.0103914589784006,8.67361737988404E-19,-0.00271378136185534));
#3991=CARTESIAN_POINT('',(0.0106890517997587,3.46944695195361E-18,-0.00281064321970496));
#3992=CARTESIAN_POINT('',(0.,0.,0.));
#3993=CARTESIAN_POINT('',(0.0108522200365645,0.,0.00134178618091077));
#3994=CARTESIAN_POINT('',(0.0108074912468936,-1.7347234759768E-18,0.00176945349948279));
#3995=CARTESIAN_POINT('',(0.0112789704876118,4.33680868994202E-19,0.00139455030253597));
#3996=CARTESIAN_POINT('',(0.,8.67361737988404E-19,7.57129049699026E-19));
#3997=CARTESIAN_POINT('',(0.00994457490494209,4.1662689240413E-19,0.00550139761939794));
#3998=CARTESIAN_POINT('',(0.00956831256514616,0.,0.00529324706895122));
#3999=CARTESIAN_POINT('',(0.00978350275690873,0.,0.00492096601736627));
#4000=CARTESIAN_POINT('',(0.00978350275690874,0.,0.00492096601736628));
#4001=CARTESIAN_POINT('',(0.00960015379639324,3.46944695195361E-18,0.00481498453427758));
#4002=CARTESIAN_POINT('',(0.0104304696127905,3.46944695195361E-18,0.00337853037833233));
#4003=CARTESIAN_POINT('',(0.00884944367700078,8.67361737988404E-19,0.00287535855136655));
#4004=CARTESIAN_POINT('',(0.0104242775068649,0.,0.00339758772080019));
#4005=CARTESIAN_POINT('',(0.01059686446916,-1.7347234759768E-18,0.00174742450537646));
#4006=CARTESIAN_POINT('',(0.0109081263062426,-1.04083408558608E-17,0.00177997870028177));
#4007=CARTESIAN_POINT('',(0.,0.,0.));
#4008=CARTESIAN_POINT('',(0.00936824271279236,0.,0.00563977821829082));
#4009=CARTESIAN_POINT('',(0.0091534329606535,0.,0.00601227891679493));
#4010=CARTESIAN_POINT('',(0.00973663754718888,0.,0.00586155568781808));
#4011=CARTESIAN_POINT('',(0.,0.,7.57129049699026E-19));
#4012=CARTESIAN_POINT('',(0.00684720123265733,0.,0.0090705998195388));
#4013=CARTESIAN_POINT('',(0.00658813093739787,0.,0.00872740514866794));
#4014=CARTESIAN_POINT('',(0.00693613730481419,0.,0.00847483522124646));
#4015=CARTESIAN_POINT('',(0.00693613730481419,0.,0.00847483522124646));
#4016=CARTESIAN_POINT('',(0.00681174624743146,0.,0.00830344157806501));
#4017=CARTESIAN_POINT('',(0.00815453603123148,0.,0.00732889527664361));
#4018=CARTESIAN_POINT('',(0.00691485538896911,0.,0.00622616375796292));
#4019=CARTESIAN_POINT('',(0.00814112794148853,0.,0.00734378646891209));
#4020=CARTESIAN_POINT('',(0.00896997582371018,0.,0.00590648480077539));
#4021=CARTESIAN_POINT('',(0.00924108667716066,0.,0.00606282613239094));
#4022=CARTESIAN_POINT('',(0.,0.,0.));
#4023=CARTESIAN_POINT('',(0.00626441111616523,0.,0.00896260136595175));
#4024=CARTESIAN_POINT('',(0.0059166629591885,-2.60208521396521E-18,0.00921552668955396));
#4025=CARTESIAN_POINT('',(0.0065107515202818,0.,0.00931504484411476));
#4026=CARTESIAN_POINT('',(0.,0.,7.57129049699026E-19));
#4027=CARTESIAN_POINT('',(0.00256588426237574,0.,0.011071412907069));
#4028=CARTESIAN_POINT('',(0.00246880161928285,0.,0.0106525155921933));
#4029=CARTESIAN_POINT('',(0.00288945069988805,-3.46944695195361E-18,0.0105633284239122));
#4030=CARTESIAN_POINT('',(0.00288945069988805,0.,0.0105633284239122));
#4031=CARTESIAN_POINT('',(0.00284552588951685,1.7347234759768E-18,0.0103561581386064));
#4032=CARTESIAN_POINT('',(0.00446860908823833,0.,0.0100120276006998));
#4033=CARTESIAN_POINT('',(0.00378462578469027,0.,0.00850040868789164));
#4034=CARTESIAN_POINT('',(0.00445030339520332,0.,0.0100201778203435));
#4035=CARTESIAN_POINT('',(0.00579209686866877,-2.60208521396521E-18,0.00904426021539039));
#4036=CARTESIAN_POINT('',(0.00597617920896076,-6.93889390390723E-18,0.00929735584716343));
#4037=CARTESIAN_POINT('',(0.,0.,0.));
#4038=CARTESIAN_POINT('',(0.00207740592716476,0.,0.0107357093147624));
#4039=CARTESIAN_POINT('',(0.00165684818088427,0.,0.0108253261772574));
#4040=CARTESIAN_POINT('',(0.00215909740719732,0.,0.0111578781223382));
#4041=CARTESIAN_POINT('',(0.,0.,7.57129049699026E-19));
#4042=CARTESIAN_POINT('',(-0.00215909740719732,0.,0.0111578781223383));
#4043=CARTESIAN_POINT('',(-0.00207740592716476,0.,0.0107357093147624));
#4044=CARTESIAN_POINT('',(-0.00165684818088426,-8.67361737988404E-19,0.0108253261772574));
#4045=CARTESIAN_POINT('',(-0.00165684818088425,0.,0.0108253261772574));
#4046=CARTESIAN_POINT('',(-0.00161271174548639,0.,0.0106182008742398));
#4047=CARTESIAN_POINT('',(1.00190378496599E-5,0.,0.0109639893961797));
#4048=CARTESIAN_POINT('',(-9.91028548287531E-20,0.,0.0093048557318921));
#4049=CARTESIAN_POINT('',(-1.00190378496599E-5,0.,0.0109639893961797));
#4050=CARTESIAN_POINT('',(0.00161271174548639,0.,0.0106182008742397));
#4051=CARTESIAN_POINT('',(0.00167793606364784,0.,0.0109242882721351));
#4052=CARTESIAN_POINT('',(0.,0.,0.));
#4053=CARTESIAN_POINT('',(-0.00246880161928286,0.,0.0106525155921933));
#4054=CARTESIAN_POINT('',(-0.00288945069988807,-2.60208521396521E-18,0.0105633284239122));
#4055=CARTESIAN_POINT('',(-0.00256588426237574,4.33680868994202E-19,0.011071412907069));
#4056=CARTESIAN_POINT('',(0.,8.67361737988404E-19,7.57129049699026E-19));
#4057=CARTESIAN_POINT('',(-0.00651075152028183,4.1662689240413E-19,0.00931504484411477));
#4058=CARTESIAN_POINT('',(-0.00626441111616524,0.,0.00896260136595174));
#4059=CARTESIAN_POINT('',(-0.00591666295918851,0.,0.00921552668955396));
#4060=CARTESIAN_POINT('',(-0.0059166629591885,0.,0.00921552668955396));
#4061=CARTESIAN_POINT('',(-0.00579209686866874,0.,0.00904426021539036));
#4062=CARTESIAN_POINT('',(-0.00445030339520332,0.,0.0100201778203435));
#4063=CARTESIAN_POINT('',(-0.00378462578469055,0.,0.00850040868789151));
#4064=CARTESIAN_POINT('',(-0.00446860908823834,0.,0.0100120276006998));
#4065=CARTESIAN_POINT('',(-0.00284552588951686,-2.60208521396521E-18,0.0103561581386065));
#4066=CARTESIAN_POINT('',(-0.00291043747064039,-6.93889390390723E-18,0.0106623120108113));
#4067=CARTESIAN_POINT('',(0.,0.,0.));
#4068=CARTESIAN_POINT('',(-0.00658813093739787,0.,0.00872740514866794));
#4069=CARTESIAN_POINT('',(-0.0069361373048142,0.,0.00847483522124645));
#4070=CARTESIAN_POINT('',(-0.00684720123265732,-1.70539765900703E-20,0.00907059981953877));
#4071=CARTESIAN_POINT('',(0.,8.67361737988404E-19,7.57129049699026E-19));
#4072=CARTESIAN_POINT('',(-0.0097366375471889,4.1662689240413E-19,0.00586155568781809));
#4073=CARTESIAN_POINT('',(-0.00936824271279236,0.,0.00563977821829081));
#4074=CARTESIAN_POINT('',(-0.0091534329606535,0.,0.00601227891679491));
#4075=CARTESIAN_POINT('',(-0.0091534329606535,0.,0.00601227891679492));
#4076=CARTESIAN_POINT('',(-0.00896997582371018,1.7347234759768E-18,0.00590648480077538));
#4077=CARTESIAN_POINT('',(-0.00814112794148853,3.46944695195361E-18,0.00734378646891208));
#4078=CARTESIAN_POINT('',(-0.0069148553889699,2.60208521396521E-18,0.00622616375796205));
#4079=CARTESIAN_POINT('',(-0.00815453603123149,0.,0.00732889527664361));
#4080=CARTESIAN_POINT('',(-0.00681174624743148,0.,0.00830344157806503));
#4081=CARTESIAN_POINT('',(-0.00699556992576053,0.,0.00855672513875452));
#4082=CARTESIAN_POINT('',(0.,0.,0.));
#4083=CARTESIAN_POINT('',(-0.00956831256514617,0.,0.00529324706895121));
#4084=CARTESIAN_POINT('',(-0.00978350275690874,0.,0.00492096601736628));
#4085=CARTESIAN_POINT('',(-0.00994457490494207,8.67361737988403E-19,0.00550139761939792));
#4086=CARTESIAN_POINT('',(0.,1.7347234759768E-18,7.57129049699026E-19));
#4087=CARTESIAN_POINT('',(-0.0112789704876118,8.33253784808259E-19,0.00139455030253597));
#4088=CARTESIAN_POINT('',(-0.0108522200365645,0.,0.00134178618091076));
#4089=CARTESIAN_POINT('',(-0.0108074912468936,-5.20417042793042E-18,0.00176945349948279));
#4090=CARTESIAN_POINT('',(-0.0108074912468936,0.,0.00176945349948278));
#4091=CARTESIAN_POINT('',(-0.01059686446916,0.,0.00174742450537645));
#4092=CARTESIAN_POINT('',(-0.0104242775068649,0.,0.00339758772080018));
#4093=CARTESIAN_POINT('',(-0.00884944367700086,0.,0.0028753585513663));
#4094=CARTESIAN_POINT('',(-0.0104304696127905,0.,0.00337853037833233));
#4095=CARTESIAN_POINT('',(-0.00960015379639322,0.,0.00481498453427755));
#4096=CARTESIAN_POINT('',(-0.00987110478795904,0.,0.00497160275479959));
#4097=CARTESIAN_POINT('',(0.,0.,0.));
#4098=CARTESIAN_POINT('',(-0.0108940460249899,0.,0.000943838483372836));
#4099=CARTESIAN_POINT('',(-0.0109392117020015,-2.60208521396521E-18,0.000516217083510657));
#4100=CARTESIAN_POINT('',(-0.0113224412325355,4.33680868994202E-19,0.000980953792234805));
#4101=CARTESIAN_POINT('',(0.,0.,7.57129049699026E-19));
#4102=CARTESIAN_POINT('',(-0.0108710669644965,0.,-0.0033135854991464));
#4103=CARTESIAN_POINT('',(-0.0104597499266906,0.,-0.00318821287689353));
#4104=CARTESIAN_POINT('',(-0.0105928361135702,0.,-0.00277932650287032));
#4105=CARTESIAN_POINT('',(-0.0105928361135702,0.,-0.00277932650287032));
#4106=CARTESIAN_POINT('',(-0.0103914589784006,0.,-0.00271378136185532));
#4107=CARTESIAN_POINT('',(-0.0109049747897162,0.,-0.00113608481035352));
#4108=CARTESIAN_POINT('',(-0.00925388275860982,-1.7347234759768E-18,-0.000972622270581055));
#4109=CARTESIAN_POINT('',(-0.0109028802404565,-3.46944695195361E-18,-0.00115601311537754));
#4110=CARTESIAN_POINT('',(-0.0107286075392994,-4.33680868994202E-18,0.00049397292175225));
#4111=CARTESIAN_POINT('',(-0.0110398359561477,-6.93889390390723E-18,0.000526845088946684));
#4112=CARTESIAN_POINT('',(0.,0.,0.));
#4113=CARTESIAN_POINT('',(-0.0103360999578118,0.,-0.00356876835048413));
#4114=CARTESIAN_POINT('',(-0.0102034315641997,0.,-0.00397779047376892));
#4115=CARTESIAN_POINT('',(-0.0107425546098742,4.16626892404131E-19,-0.00370910585729115));
#4116=CARTESIAN_POINT('',(0.,8.67361737988404E-19,7.57129049699026E-19));
#4117=CARTESIAN_POINT('',(-0.00858345720267689,4.1662689240413E-19,-0.00744877226504714));
#4118=CARTESIAN_POINT('',(-0.00825869403064705,0.,-0.00716694096427824));
#4119=CARTESIAN_POINT('',(-0.00854658338331549,-3.46944695195361E-18,-0.00684753570348853));
#4120=CARTESIAN_POINT('',(-0.00854658338331549,0.,-0.00684753570348853));
#4121=CARTESIAN_POINT('',(-0.00838927582683456,0.,-0.00670574977769263));
#4122=CARTESIAN_POINT('',(-0.0095001028628397,0.,-0.0054733179567906));
#4123=CARTESIAN_POINT('',(-0.00805824144236781,0.,-0.00465242786594614));
#4124=CARTESIAN_POINT('',(-0.00949008382499004,0.,-0.00549067143938917));
#4125=CARTESIAN_POINT('',(-0.010001987572321,0.,-0.00391245109654714));
#4126=CARTESIAN_POINT('',(-0.0102996791937573,0.,-0.00400900887902247));
#4127=CARTESIAN_POINT('',(0.,0.,0.));
#4128=CARTESIAN_POINT('',(-0.00799094830740779,0.,-0.00746430271529975));
#4129=CARTESIAN_POINT('',(-0.00770338541368216,0.,-0.00778400192104188));
#4130=CARTESIAN_POINT('',(-0.00830518270212077,4.33680868994202E-19,-0.00775782740792257));
#4131=CARTESIAN_POINT('',(0.,1.7347234759768E-18,7.57129049699026E-19));
#4132=CARTESIAN_POINT('',(-0.00481168971225375,-3.41079531801446E-20,-0.0102959986363496));
#4133=CARTESIAN_POINT('',(-0.00462963490882471,0.,-0.00990643984932459));
#4134=CARTESIAN_POINT('',(-0.00502254874281299,-3.46944695195361E-18,-0.00973174377306463));
#4135=CARTESIAN_POINT('',(-0.00502254874281299,0.,-0.00973174377306463));
#4136=CARTESIAN_POINT('',(-0.00493651067063061,0.,-0.00953823313714262));
#4137=CARTESIAN_POINT('',(-0.00645257684525318,0.,-0.00886416470496595));
#4138=CARTESIAN_POINT('',(-0.00546925697391512,0.,-0.00752778641730802));
#4139=CARTESIAN_POINT('',(-0.00643636570147786,0.,-0.00887594279034633));
#4140=CARTESIAN_POINT('',(-0.00754593308888374,0.,-0.00764237677675115));
#4141=CARTESIAN_POINT('',(-0.00777861432911834,0.,-0.00785166879110636));
#4142=CARTESIAN_POINT('',(0.,-0.006,6.95896709741659E-19));
#4143=CARTESIAN_POINT('',(0.,-0.006,7.57129049699026E-19));
#4144=CARTESIAN_POINT('',(-0.00651075152028182,-0.006,0.00931504484411474));
#4145=CARTESIAN_POINT('',(0.,0.,6.95896709741659E-19));
#4146=CARTESIAN_POINT('',(-0.00684720123265732,-0.006,0.00907059981953877));
#4147=CARTESIAN_POINT('',(-0.00626441111616524,-0.006,0.00896260136595174));
#4148=CARTESIAN_POINT('',(-0.0059166629591885,0.0267098404652649,0.00921552668955396));
#4149=CARTESIAN_POINT('',(-0.00246880161928286,-0.006,0.0106525155921933));
#4150=CARTESIAN_POINT('',(-0.00288945069988807,0.0267098404652649,0.0105633284239122));
#4151=CARTESIAN_POINT('',(-0.00256588426237575,-0.006,0.011071412907069));
#4152=CARTESIAN_POINT('',(-0.00291043747064039,0.0267098404652649,0.0106623120108113));
#4153=CARTESIAN_POINT('',(-0.00284552588951687,0.0267098404652649,0.0103561581386065));
#4154=CARTESIAN_POINT('',(-0.00597617920896076,0.0267098404652649,0.00929735584716342));
#4155=CARTESIAN_POINT('',(-0.00579209686866875,0.0267098404652649,0.00904426021539038));
#4156=CARTESIAN_POINT('',(-0.00445030339520332,0.0267098404652649,0.0100201778203435));
#4157=CARTESIAN_POINT('',(-0.00378462578469055,-0.00599999991666666,0.00850040868789151));
#4158=CARTESIAN_POINT('',(-0.00446860908823834,0.0267098404652649,0.0100120276006998));
#4159=CARTESIAN_POINT('',(0.,-0.006,6.95896709741659E-19));
#4160=CARTESIAN_POINT('',(0.,-0.006,7.57129049699026E-19));
#4161=CARTESIAN_POINT('',(-0.00973663754718888,-0.006,0.00586155568781808));
#4162=CARTESIAN_POINT('',(0.,0.,6.95896709741659E-19));
#4163=CARTESIAN_POINT('',(-0.00994457490494207,-0.006,0.00550139761939792));
#4164=CARTESIAN_POINT('',(-0.00936824271279236,-0.006,0.00563977821829081));
#4165=CARTESIAN_POINT('',(-0.0091534329606535,0.0267098404652649,0.00601227891679491));
#4166=CARTESIAN_POINT('',(-0.00658813093739787,-0.006,0.00872740514866794));
#4167=CARTESIAN_POINT('',(-0.0069361373048142,0.0267098404652649,0.00847483522124645));
#4168=CARTESIAN_POINT('',(-0.00699556992576053,0.0267098404652649,0.00855672513875452));
#4169=CARTESIAN_POINT('',(-0.00681174624743148,0.0267098404652649,0.00830344157806503));
#4170=CARTESIAN_POINT('',(-0.00924108667716067,0.0267098404652649,0.00606282613239093));
#4171=CARTESIAN_POINT('',(-0.00896997582371018,0.0267098404652649,0.00590648480077538));
#4172=CARTESIAN_POINT('',(-0.00814112794148853,0.0267098404652649,0.00734378646891208));
#4173=CARTESIAN_POINT('',(-0.0069148553889699,-0.00599999991666666,0.00622616375796205));
#4174=CARTESIAN_POINT('',(-0.00815453603123149,0.0267098404652649,0.00732889527664361));
#4175=CARTESIAN_POINT('',(0.,-0.006,6.95896709741659E-19));
#4176=CARTESIAN_POINT('',(0.,-0.006,7.57129049699026E-19));
#4177=CARTESIAN_POINT('',(-0.0112789704876118,-0.006,0.00139455030253597));
#4178=CARTESIAN_POINT('',(0.,0.,6.95896709741659E-19));
#4179=CARTESIAN_POINT('',(-0.0113224412325355,-0.006,0.0009809537922348));
#4180=CARTESIAN_POINT('',(-0.0108522200365645,-0.006,0.00134178618091076));
#4181=CARTESIAN_POINT('',(-0.0108074912468936,0.0267098404652649,0.00176945349948279));
#4182=CARTESIAN_POINT('',(-0.00956831256514617,-0.006,0.00529324706895121));
#4183=CARTESIAN_POINT('',(-0.00978350275690874,0.0267098404652649,0.00492096601736628));
#4184=CARTESIAN_POINT('',(-0.00987110478795904,0.0267098404652649,0.00497160275479959));
#4185=CARTESIAN_POINT('',(-0.00960015379639324,0.0267098404652649,0.00481498453427756));
#4186=CARTESIAN_POINT('',(-0.0109081263062426,0.0267098404652649,0.00177997870028177));
#4187=CARTESIAN_POINT('',(-0.01059686446916,0.0267098404652649,0.00174742450537644));
#4188=CARTESIAN_POINT('',(-0.0104242775068649,0.0267098404652649,0.00339758772080018));
#4189=CARTESIAN_POINT('',(-0.00884944367700086,-0.00599999991666666,0.0028753585513663));
#4190=CARTESIAN_POINT('',(-0.0104304696127905,0.0267098404652649,0.00337853037833233));
#4191=CARTESIAN_POINT('',(0.,-0.006,6.95896709741659E-19));
#4192=CARTESIAN_POINT('',(0.,-0.006,7.57129049699026E-19));
#4193=CARTESIAN_POINT('',(-0.0108710669644965,-0.006,-0.0033135854991464));
#4194=CARTESIAN_POINT('',(0.,0.,6.95896709741659E-19));
#4195=CARTESIAN_POINT('',(-0.0107425546098742,-0.006,-0.00370910585729114));
#4196=CARTESIAN_POINT('',(-0.0104597499266906,-0.006,-0.00318821287689353));
#4197=CARTESIAN_POINT('',(-0.0105928361135702,0.0267098404652649,-0.00277932650287032));
#4198=CARTESIAN_POINT('',(-0.0108940460249899,-0.006,0.000943838483372836));
#4199=CARTESIAN_POINT('',(-0.0109392117020015,0.0267098404652649,0.00051621708351066));
#4200=CARTESIAN_POINT('',(-0.0110398359561477,0.0267098404652649,0.000526845088946684));
#4201=CARTESIAN_POINT('',(-0.0107286075392994,0.0267098404652649,0.000493972921752252));
#4202=CARTESIAN_POINT('',(-0.0106890517997587,0.0267098404652649,-0.00281064321970496));
#4203=CARTESIAN_POINT('',(-0.0103914589784006,0.0267098404652649,-0.00271378136185534));
#4204=CARTESIAN_POINT('',(-0.0109049747897162,0.0267098404652649,-0.00113608481035352));
#4205=CARTESIAN_POINT('',(-0.00925388275860982,-0.00599999991666666,-0.000972622270581055));
#4206=CARTESIAN_POINT('',(-0.0109028802404565,0.0267098404652649,-0.00115601311537754));
#4207=CARTESIAN_POINT('',(0.,-0.006,6.95896709741659E-19));
#4208=CARTESIAN_POINT('',(0.,-0.006,7.57129049699026E-19));
#4209=CARTESIAN_POINT('',(-0.00858345720267687,-0.006,-0.00744877226504712));
#4210=CARTESIAN_POINT('',(0.,0.,6.95896709741659E-19));
#4211=CARTESIAN_POINT('',(-0.00830518270212077,-0.006,-0.00775782740792257));
#4212=CARTESIAN_POINT('',(-0.00825869403064705,-0.006,-0.00716694096427824));
#4213=CARTESIAN_POINT('',(-0.00854658338331549,0.0267098404652649,-0.00684753570348853));
#4214=CARTESIAN_POINT('',(-0.0103360999578118,-0.006,-0.00356876835048413));
#4215=CARTESIAN_POINT('',(-0.0102034315641997,0.0267098404652649,-0.00397779047376891));
#4216=CARTESIAN_POINT('',(-0.0102996791937573,0.0267098404652649,-0.00400900887902247));
#4217=CARTESIAN_POINT('',(-0.010001987572321,0.0267098404652649,-0.00391245109654715));
#4218=CARTESIAN_POINT('',(-0.0086217431301095,0.0267098404652649,-0.00691527939311265));
#4219=CARTESIAN_POINT('',(-0.00838927582683457,0.0267098404652649,-0.00670574977769263));
#4220=CARTESIAN_POINT('',(-0.0095001028628397,0.0267098404652649,-0.0054733179567906));
#4221=CARTESIAN_POINT('',(-0.00805824144236781,-0.00599999991666666,-0.00465242786594614));
#4222=CARTESIAN_POINT('',(-0.00949008382499004,0.0267098404652649,-0.00549067143938917));
#4223=CARTESIAN_POINT('',(0.,-0.006,6.95896709741659E-19));
#4224=CARTESIAN_POINT('',(0.,-0.006,7.57129049699026E-19));
#4225=CARTESIAN_POINT('',(-0.00481168971225374,-0.006,-0.0102959986363496));
#4226=CARTESIAN_POINT('',(0.,0.,6.95896709741659E-19));
#4227=CARTESIAN_POINT('',(-0.00443176925495447,8.67361737988403E-19,-0.0104651501220748));
#4228=CARTESIAN_POINT('',(-0.00443176925495446,-0.006,-0.0104651501220747));
#4229=CARTESIAN_POINT('',(-0.00462963490882471,-0.006,-0.00990643984932459));
#4230=CARTESIAN_POINT('',(-0.00502254874281299,0.0267098404652649,-0.00973174377306463));
#4231=CARTESIAN_POINT('',(-0.00799094830740779,-0.006,-0.00746430271529975));
#4232=CARTESIAN_POINT('',(-0.00770338541368216,0.0267098404652649,-0.00778400192104188));
#4233=CARTESIAN_POINT('',(-0.00777861432911834,0.0267098404652649,-0.00785166879110636));
#4234=CARTESIAN_POINT('',(-0.00754593308888374,0.0267098404652649,-0.00764237677675115));
#4235=CARTESIAN_POINT('',(-0.00506365674718694,0.0267098404652649,-0.00982420093611012));
#4236=CARTESIAN_POINT('',(-0.00493651067063061,0.0267098404652649,-0.00953823313714264));
#4237=CARTESIAN_POINT('',(-0.00645257684525318,0.0267098404652649,-0.00886416470496595));
#4238=CARTESIAN_POINT('',(-0.00546925697391512,-0.00599999991666666,-0.00752778641730802));
#4239=CARTESIAN_POINT('',(-0.00643636570147786,0.0267098404652649,-0.00887594279034633));
#4240=CARTESIAN_POINT('',(0.,-0.006,6.95896709741659E-19));
#4241=CARTESIAN_POINT('',(0.,-0.006,7.57129049699026E-19));
#4242=CARTESIAN_POINT('',(0.000207937357753198,-0.006,-0.011362953307216));
#4243=CARTESIAN_POINT('',(-0.00020793735775319,-0.006,-0.011362953307216));
#4244=CARTESIAN_POINT('',(-0.00020793735775319,-1.70539765900717E-20,-0.011362953307216));
#4245=CARTESIAN_POINT('',(0.,0.,6.95896709741659E-19));
#4246=CARTESIAN_POINT('',(0.000207937357753193,-0.006,-0.011362953307216));
#4247=CARTESIAN_POINT('',(-0.000200069852353807,-0.006,-0.010933025287242));
#4248=CARTESIAN_POINT('',(-0.000200069852353807,0.,-0.010933025287242));
#4249=CARTESIAN_POINT('',(-0.000630069796255234,-5.20417042793042E-18,-0.0109332449341612));
#4250=CARTESIAN_POINT('',(-0.000630069796255234,0.0267098404652649,-0.0109332449341612));
#4251=CARTESIAN_POINT('',(-0.00426408909916661,-0.006,-0.0100691913295787));
#4252=CARTESIAN_POINT('',(-0.00426408909916661,0.,-0.0100691913295787));
#4253=CARTESIAN_POINT('',(-0.00387135394207944,0.,-0.0102442887207292));
#4254=CARTESIAN_POINT('',(-0.00387135394207943,0.0267098404652649,-0.0102442887207292));
#4255=CARTESIAN_POINT('',(-0.00391255638048209,0.0267098404652649,-0.0103367038390363));
#4256=CARTESIAN_POINT('',(-0.00391255638048209,0.,-0.0103367038390363));
#4257=CARTESIAN_POINT('',(-0.00378511822172853,0.,-0.0100508660834415));
#4258=CARTESIAN_POINT('',(-0.00378511822172854,0.0267098404652649,-0.0100508660834415));
#4259=CARTESIAN_POINT('',(-0.000630018110798371,0.0267098404652649,-0.0110344288871905));
#4260=CARTESIAN_POINT('',(-0.000630069796255234,0.,-0.0109332449341612));
#4261=CARTESIAN_POINT('',(-0.000630177972683064,1.7347234759768E-18,-0.0107214693350529));
#4262=CARTESIAN_POINT('',(-0.000630177972683064,0.0267098404652649,-0.0107214693350529));
#4263=CARTESIAN_POINT('',(-0.00228934167130202,0.0267098404652649,-0.0107223168472444));
#4264=CARTESIAN_POINT('',(-0.00193458828803127,-0.00599999991666666,-0.00910152230932486));
#4265=CARTESIAN_POINT('',(-0.00193458828803127,1.7347234759768E-18,-0.00910152230932486));
#4266=CARTESIAN_POINT('',(-0.00228934167130202,3.46944695195361E-18,-0.0107223168472444));
#4267=CARTESIAN_POINT('',(-0.00226974147563341,0.0267098404652649,-0.0107264829974438));
#4268=CARTESIAN_POINT('',(-0.00226974147563341,0.,-0.0107264829974438));
#4269=CARTESIAN_POINT('',(0.,-0.006,6.95896709741659E-19));
#4270=CARTESIAN_POINT('',(0.,-0.006,7.57129049699026E-19));
#4271=CARTESIAN_POINT('',(0.00443176925495448,-0.006,-0.0104651501220748));
#4272=CARTESIAN_POINT('',(0.00443176925495447,-0.006,-0.0104651501220747));
#4273=CARTESIAN_POINT('',(0.,0.,6.95896709741659E-19));
#4274=CARTESIAN_POINT('',(0.00481168971225375,-0.006,-0.0102959986363496));
#4275=CARTESIAN_POINT('',(0.00426408909916662,-0.006,-0.0100691913295787));
#4276=CARTESIAN_POINT('',(0.00426408909916662,-0.006,-0.0100691913295787));
#4277=CARTESIAN_POINT('',(0.00387135394207944,-0.006,-0.0102442887207292));
#4278=CARTESIAN_POINT('',(0.00387135394207943,0.0267098404652649,-0.0102442887207292));
#4279=CARTESIAN_POINT('',(0.000200069852353814,-0.006,-0.010933025287242));
#4280=CARTESIAN_POINT('',(0.000630069796255241,0.0267098404652649,-0.0109332449341612));
#4281=CARTESIAN_POINT('',(0.000630069796255241,-0.006,-0.0109332449341612));
#4282=CARTESIAN_POINT('',(0.000200069852353814,-0.006,-0.010933025287242));
#4283=CARTESIAN_POINT('',(0.000630018110798378,0.0267098404652649,-0.0110344288871905));
#4284=CARTESIAN_POINT('',(0.000630069796255241,-0.006,-0.0109332449341612));
#4285=CARTESIAN_POINT('',(0.000630177972683072,-0.006,-0.0107214693350529));
#4286=CARTESIAN_POINT('',(0.00063017797268307,0.0267098404652649,-0.0107214693350529));
#4287=CARTESIAN_POINT('',(0.00391255638048209,0.0267098404652649,-0.0103367038390363));
#4288=CARTESIAN_POINT('',(0.00391255638048209,-0.006,-0.0103367038390363));
#4289=CARTESIAN_POINT('',(0.00378511822172853,-0.006,-0.0100508660834415));
#4290=CARTESIAN_POINT('',(0.00378511822172854,0.0267098404652649,-0.0100508660834415));
#4291=CARTESIAN_POINT('',(0.00226974147563342,0.0267098404652649,-0.0107264829974438));
#4292=CARTESIAN_POINT('',(0.00226974147563342,-0.006,-0.0107264829974438));
#4293=CARTESIAN_POINT('',(0.00193458828803128,-0.006,-0.00910152230932486));
#4294=CARTESIAN_POINT('',(0.00193458828803128,-0.00599999991666666,-0.00910152230932486));
#4295=CARTESIAN_POINT('',(0.00228934167130203,0.0267098404652649,-0.0107223168472444));
#4296=CARTESIAN_POINT('',(0.00228934167130203,-0.006,-0.0107223168472444));
#4297=CARTESIAN_POINT('',(0.,-0.006,6.95896709741659E-19));
#4298=CARTESIAN_POINT('',(0.,-0.006,7.57129049699026E-19));
#4299=CARTESIAN_POINT('',(0.00830518270212077,-0.006,-0.00775782740792257));
#4300=CARTESIAN_POINT('',(0.,0.,6.95896709741659E-19));
#4301=CARTESIAN_POINT('',(0.00858345720267688,-0.006,-0.00744877226504711));
#4302=CARTESIAN_POINT('',(0.00799094830740779,-0.006,-0.00746430271529975));
#4303=CARTESIAN_POINT('',(0.00770338541368216,0.0267098404652649,-0.00778400192104187));
#4304=CARTESIAN_POINT('',(0.00462963490882471,-0.006,-0.00990643984932459));
#4305=CARTESIAN_POINT('',(0.005022548742813,0.0267098404652649,-0.00973174377306463));
#4306=CARTESIAN_POINT('',(0.00506365674718694,0.0267098404652649,-0.00982420093611012));
#4307=CARTESIAN_POINT('',(0.00493651067063061,0.0267098404652649,-0.00953823313714264));
#4308=CARTESIAN_POINT('',(0.00777861432911835,0.0267098404652649,-0.00785166879110635));
#4309=CARTESIAN_POINT('',(0.00754593308888374,0.0267098404652649,-0.00764237677675114));
#4310=CARTESIAN_POINT('',(0.00643636570147786,0.0267098404652649,-0.00887594279034633));
#4311=CARTESIAN_POINT('',(0.00546925697391512,-0.00599999991666666,-0.00752778641730802));
#4312=CARTESIAN_POINT('',(0.00645257684525318,0.0267098404652649,-0.00886416470496595));
#4313=CARTESIAN_POINT('',(0.,-0.006,6.95896709741659E-19));
#4314=CARTESIAN_POINT('',(0.,-0.006,7.57129049699026E-19));
#4315=CARTESIAN_POINT('',(0.0107425546098742,-0.006,-0.00370910585729116));
#4316=CARTESIAN_POINT('',(0.,0.,6.95896709741659E-19));
#4317=CARTESIAN_POINT('',(0.0108710669644965,-0.006,-0.00331358549914638));
#4318=CARTESIAN_POINT('',(0.0103360999578118,-0.006,-0.00356876835048412));
#4319=CARTESIAN_POINT('',(0.0102034315641998,0.0267098404652649,-0.00397779047376893));
#4320=CARTESIAN_POINT('',(0.00825869403064705,-0.006,-0.00716694096427823));
#4321=CARTESIAN_POINT('',(0.0085465833833155,0.0267098404652649,-0.00684753570348852));
#4322=CARTESIAN_POINT('',(0.0086217431301095,0.0267098404652649,-0.00691527939311264));
#4323=CARTESIAN_POINT('',(0.00838927582683458,0.0267098404652649,-0.00670574977769263));
#4324=CARTESIAN_POINT('',(0.0102996791937573,0.0267098404652649,-0.00400900887902246));
#4325=CARTESIAN_POINT('',(0.010001987572321,0.0267098404652649,-0.00391245109654714));
#4326=CARTESIAN_POINT('',(0.00949008382499004,0.0267098404652649,-0.00549067143938916));
#4327=CARTESIAN_POINT('',(0.00805824144236812,-0.00599999991666666,-0.00465242786594561));
#4328=CARTESIAN_POINT('',(0.00950010286283971,0.0267098404652649,-0.00547331795679059));
#4329=CARTESIAN_POINT('',(0.,-0.006,6.95896709741659E-19));
#4330=CARTESIAN_POINT('',(0.,-0.006,7.57129049699026E-19));
#4331=CARTESIAN_POINT('',(0.0113224412325355,-0.006,0.000980953792234816));
#4332=CARTESIAN_POINT('',(0.,0.,6.95896709741659E-19));
#4333=CARTESIAN_POINT('',(0.0112789704876118,-0.006,0.00139455030253596));
#4334=CARTESIAN_POINT('',(0.0108940460249899,-0.006,0.000943838483372845));
#4335=CARTESIAN_POINT('',(0.0109392117020015,0.0267098404652649,0.000516217083510669));
#4336=CARTESIAN_POINT('',(0.0104597499266906,-0.006,-0.00318821287689353));
#4337=CARTESIAN_POINT('',(0.0105928361135702,0.0267098404652649,-0.00277932650287032));
#4338=CARTESIAN_POINT('',(0.0106890517997587,0.0267098404652649,-0.00281064321970496));
#4339=CARTESIAN_POINT('',(0.0103914589784006,0.0267098404652649,-0.00271378136185534));
#4340=CARTESIAN_POINT('',(0.0110398359561477,0.0267098404652649,0.000526845088946693));
#4341=CARTESIAN_POINT('',(0.0107286075392994,0.0267098404652649,0.000493972921752256));
#4342=CARTESIAN_POINT('',(0.0109028802404565,0.0267098404652649,-0.00115601311537753));
#4343=CARTESIAN_POINT('',(0.00925388275860982,-0.00599999991666666,-0.000972622270581046));
#4344=CARTESIAN_POINT('',(0.0109049747897162,0.0267098404652649,-0.00113608481035351));
#4345=CARTESIAN_POINT('',(0.,-0.006,6.95896709741659E-19));
#4346=CARTESIAN_POINT('',(0.,-0.006,7.57129049699026E-19));
#4347=CARTESIAN_POINT('',(0.00994457490494207,-0.006,0.00550139761939793));
#4348=CARTESIAN_POINT('',(0.,0.,6.95896709741659E-19));
#4349=CARTESIAN_POINT('',(0.00973663754718888,-0.006,0.00586155568781808));
#4350=CARTESIAN_POINT('',(0.00956831256514616,-0.006,0.00529324706895122));
#4351=CARTESIAN_POINT('',(0.00978350275690874,0.0267098404652649,0.00492096601736628));
#4352=CARTESIAN_POINT('',(0.0108522200365645,-0.006,0.00134178618091077));
#4353=CARTESIAN_POINT('',(0.0108074912468936,0.0267098404652649,0.00176945349948279));
#4354=CARTESIAN_POINT('',(0.0109081263062426,0.0267098404652649,0.00177997870028177));
#4355=CARTESIAN_POINT('',(0.01059686446916,0.0267098404652649,0.00174742450537646));
#4356=CARTESIAN_POINT('',(0.00987110478795904,0.0267098404652649,0.00497160275479959));
#4357=CARTESIAN_POINT('',(0.00960015379639323,0.0267098404652649,0.00481498453427758));
#4358=CARTESIAN_POINT('',(0.0104304696127905,0.0267098404652649,0.00337853037833233));
#4359=CARTESIAN_POINT('',(0.00884944367700078,-0.00599999991666666,0.00287535855136656));
#4360=CARTESIAN_POINT('',(0.0104242775068649,0.0267098404652649,0.00339758772080019));
#4361=CARTESIAN_POINT('',(0.,-0.006,6.95896709741659E-19));
#4362=CARTESIAN_POINT('',(0.,-0.006,7.57129049699026E-19));
#4363=CARTESIAN_POINT('',(0.00684720123265731,-0.006,0.00907059981953878));
#4364=CARTESIAN_POINT('',(0.,0.,6.95896709741659E-19));
#4365=CARTESIAN_POINT('',(0.0065107515202818,-0.006,0.00931504484411476));
#4366=CARTESIAN_POINT('',(0.00658813093739787,-0.006,0.00872740514866794));
#4367=CARTESIAN_POINT('',(0.00693613730481419,0.0267098404652649,0.00847483522124646));
#4368=CARTESIAN_POINT('',(0.00936824271279236,-0.006,0.00563977821829082));
#4369=CARTESIAN_POINT('',(0.0091534329606535,0.0267098404652649,0.00601227891679493));
#4370=CARTESIAN_POINT('',(0.00924108667716066,0.0267098404652649,0.00606282613239094));
#4371=CARTESIAN_POINT('',(0.00896997582371018,0.0267098404652649,0.0059064848007754));
#4372=CARTESIAN_POINT('',(0.00699556992576052,0.0267098404652649,0.00855672513875453));
#4373=CARTESIAN_POINT('',(0.00681174624743147,0.0267098404652649,0.00830344157806503));
#4374=CARTESIAN_POINT('',(0.00815453603123148,0.0267098404652649,0.00732889527664361));
#4375=CARTESIAN_POINT('',(0.00691485538896911,-0.00599999991666666,0.00622616375796292));
#4376=CARTESIAN_POINT('',(0.00814112794148853,0.0267098404652649,0.00734378646891209));
#4377=CARTESIAN_POINT('',(0.,-0.006,6.95896709741659E-19));
#4378=CARTESIAN_POINT('',(0.,-0.006,7.57129049699026E-19));
#4379=CARTESIAN_POINT('',(0.00256588426237574,-0.006,0.011071412907069));
#4380=CARTESIAN_POINT('',(0.,0.,6.95896709741659E-19));
#4381=CARTESIAN_POINT('',(0.00215909740719732,-0.006,0.0111578781223382));
#4382=CARTESIAN_POINT('',(0.00246880161928285,-0.006,0.0106525155921933));
#4383=CARTESIAN_POINT('',(0.00288945069988805,0.0267098404652649,0.0105633284239122));
#4384=CARTESIAN_POINT('',(0.00626441111616523,-0.006,0.00896260136595175));
#4385=CARTESIAN_POINT('',(0.0059166629591885,0.0267098404652649,0.00921552668955396));
#4386=CARTESIAN_POINT('',(0.00597617920896076,0.0267098404652649,0.00929735584716343));
#4387=CARTESIAN_POINT('',(0.00579209686866876,0.0267098404652649,0.00904426021539038));
#4388=CARTESIAN_POINT('',(0.00291043747064038,0.0267098404652649,0.0106623120108113));
#4389=CARTESIAN_POINT('',(0.00284552588951687,0.0267098404652649,0.0103561581386065));
#4390=CARTESIAN_POINT('',(0.00446860908823833,0.0267098404652649,0.0100120276006998));
#4391=CARTESIAN_POINT('',(0.00378462578469028,-0.00599999991666666,0.00850040868789164));
#4392=CARTESIAN_POINT('',(0.00445030339520332,0.0267098404652649,0.0100201778203435));
#4393=CARTESIAN_POINT('',(0.,-0.006,6.95896709741659E-19));
#4394=CARTESIAN_POINT('',(0.,-0.006,7.57129049699026E-19));
#4395=CARTESIAN_POINT('',(-0.00215909740719731,-0.006,0.0111578781223382));
#4396=CARTESIAN_POINT('',(0.,0.,6.95896709741659E-19));
#4397=CARTESIAN_POINT('',(0.00167793606364784,0.0267098404652649,0.0109242882721351));
#4398=CARTESIAN_POINT('',(0.00165684818088426,0.0267098404652649,0.0108253261772574));
#4399=CARTESIAN_POINT('',(0.0016127117454864,0.0267098404652649,0.0106182008742398));
#4400=CARTESIAN_POINT('',(-0.00167793606364784,0.0267098404652649,0.0109242882721351));
#4401=CARTESIAN_POINT('',(-0.00165684818088426,0.0267098404652649,0.0108253261772574));
#4402=CARTESIAN_POINT('',(-0.0016127117454864,0.0267098404652649,0.0106182008742398));
#4403=CARTESIAN_POINT('',(1.00190378496599E-5,0.0267098404652649,0.0109639893961797));
#4404=CARTESIAN_POINT('',(-2.02073317260551E-19,-0.00599999991666666,0.0093048557318921));
#4405=CARTESIAN_POINT('',(-1.00190378496599E-5,0.0267098404652649,0.0109639893961797));
#4406=CARTESIAN_POINT('',(0.00207740592716476,-0.006,0.0107357093147624));
#4407=CARTESIAN_POINT('',(-0.00207740592716476,-0.006,0.0107357093147624));
#4408=CARTESIAN_POINT('',(0.,0.001,0.));
#4409=CARTESIAN_POINT('',(0.,0.001,7.57129049699026E-19));
#4410=CARTESIAN_POINT('',(0.,0.001,0.0123648557318921));
#4411=CARTESIAN_POINT('',(0.,0.,0.));
#4412=CARTESIAN_POINT('',(0.,8.67361737988404E-19,7.57129049699026E-19));
#4413=CARTESIAN_POINT('',(0.,-0.007,0.));
#4414=CARTESIAN_POINT('',(0.,-0.007,7.57129049699026E-19));
#4415=CARTESIAN_POINT('',(0.,-0.007,-0.0123648557318921));
#4416=CARTESIAN_POINT('',(0.,-0.006,0.));
#4417=CARTESIAN_POINT('',(0.,-0.006,7.57129049699026E-19));
#4418=CARTESIAN_POINT('',(0.,0.,7.57129049699026E-19));
#4419=CARTESIAN_POINT('',(0.,-0.007,7.57129049699026E-19));
#4420=CARTESIAN_POINT('',(0.,0.00165225,0.));
#4421=MECHANICAL_DESIGN_GEOMETRIC_PRESENTATION_REPRESENTATION('',(#2490),
#4422);
#4422=(
GEOMETRIC_REPRESENTATION_CONTEXT(3)
GLOBAL_UNCERTAINTY_ASSIGNED_CONTEXT((#4423))
GLOBAL_UNIT_ASSIGNED_CONTEXT((#4426,#4425,#4424))
REPRESENTATION_CONTEXT('Drive Input Pulley','TOP_LEVEL_ASSEMBLY_PART')
);
#4423=UNCERTAINTY_MEASURE_WITH_UNIT(LENGTH_MEASURE(1.E-8),#4426,
'DISTANCE_ACCURACY_VALUE','Maximum Tolerance applied to model');
#4424=(
NAMED_UNIT(*)
SI_UNIT($,.STERADIAN.)
SOLID_ANGLE_UNIT()
);
#4425=(
NAMED_UNIT(*)
PLANE_ANGLE_UNIT()
SI_UNIT($,.RADIAN.)
);
#4426=(
LENGTH_UNIT()
NAMED_UNIT(*)
SI_UNIT($,.METRE.)
);
#4427=PRODUCT_DEFINITION_SHAPE('','',#4428);
#4428=PRODUCT_DEFINITION('','',#4430,#4429);
#4429=PRODUCT_DEFINITION_CONTEXT('',#4436,'design');
#4430=PRODUCT_DEFINITION_FORMATION_WITH_SPECIFIED_SOURCE('','',#4432,
 .NOT_KNOWN.);
#4431=PRODUCT_RELATED_PRODUCT_CATEGORY('','',(#4432));
#4432=PRODUCT('Drive Input Pulley','Drive Input Pulley',
'Drive Input Pulley',(#4434));
#4433=PRODUCT_CATEGORY('','');
#4434=PRODUCT_CONTEXT('',#4436,'mechanical');
#4435=APPLICATION_PROTOCOL_DEFINITION('international standard',
'ap242_managed_model_based_3d_engineering',2020,#4436);
#4436=APPLICATION_CONTEXT('managed model based 3d engineering');
ENDSEC;
END-ISO-10303-21;
