ISO-10303-21;
HEADER;
/* Generated by software containing ST-Developer
 * from STEP Tools, Inc. (www.steptools.com) 
 */
/* OPTION: using custom renumber hook */

FILE_DESCRIPTION(
/* description */ ('STEP AP242 Edition 2',
'CAx-IF Rec.Pracs.---Representation and Presentation of Product Manufa
cturing Information (PMI)---4.0---2014-10-13',
'CAx-IF Rec.Pracs.---3D Tessellated Geometry---0.4---2014-09-14','2;1',
'CAx-IF Rec.Pracs.---User Defined Attributes---1.5---2016-08-15'),
/* implementation_level */ '2;1');

FILE_NAME(
/* name */ 'Assembly 1 - Pod Roof',
/* time_stamp */ '2026-08-06T04:34:45Z',
/* author */ (''),
/* organization */ (''),
/* preprocessor_version */ 'ST-DEVELOPER v20',
/* originating_system */ 'ONSHAPE BY PTC INC, 1.218',
/* authorisation */ '  ');

FILE_SCHEMA (('AP242_MANAGED_MODEL_BASED_3D_ENGINEERING_MIM_LF { 1 0 10303 442 3 1 4 }'));
ENDSEC;

DATA;
#10=SHAPE_REPRESENTATION_RELATIONSHIP('','',#2689,#11);
#11=ADVANCED_BREP_SHAPE_REPRESENTATION('',(#2687),#4673);
#12=CYLINDRICAL_SURFACE('',#2887,0.0071);
#13=CYLINDRICAL_SURFACE('',#2888,0.00205);
#14=CYLINDRICAL_SURFACE('',#2889,0.00205);
#15=CYLINDRICAL_SURFACE('',#2890,0.00205);
#16=CYLINDRICAL_SURFACE('',#2891,0.00205);
#17=CYLINDRICAL_SURFACE('',#2892,0.0071);
#18=CYLINDRICAL_SURFACE('',#2893,0.0295);
#19=CYLINDRICAL_SURFACE('',#2894,0.004);
#20=CYLINDRICAL_SURFACE('',#2896,0.0276);
#21=CYLINDRICAL_SURFACE('',#2897,0.009);
#22=CYLINDRICAL_SURFACE('',#2899,0.004);
#23=CYLINDRICAL_SURFACE('',#2901,0.0276);
#24=CYLINDRICAL_SURFACE('',#2904,0.004);
#25=CYLINDRICAL_SURFACE('',#2906,0.0276);
#26=CYLINDRICAL_SURFACE('',#2907,0.004);
#27=CYLINDRICAL_SURFACE('',#2909,0.0276);
#28=CYLINDRICAL_SURFACE('',#2912,0.004);
#29=CYLINDRICAL_SURFACE('',#2914,0.0276);
#30=CYLINDRICAL_SURFACE('',#2916,0.004);
#31=CYLINDRICAL_SURFACE('',#2918,0.0276);
#32=CYLINDRICAL_SURFACE('',#2919,0.009);
#33=CYLINDRICAL_SURFACE('',#2921,0.004);
#34=CYLINDRICAL_SURFACE('',#2925,0.009);
#35=CYLINDRICAL_SURFACE('',#2928,0.004);
#36=CYLINDRICAL_SURFACE('',#2930,0.004);
#37=CYLINDRICAL_SURFACE('',#2933,0.009);
#38=CYLINDRICAL_SURFACE('',#2934,0.004);
#39=CYLINDRICAL_SURFACE('',#2936,0.009);
#40=CYLINDRICAL_SURFACE('',#2940,0.009);
#41=CYLINDRICAL_SURFACE('',#2941,0.0276);
#42=CYLINDRICAL_SURFACE('',#2943,0.004);
#43=CYLINDRICAL_SURFACE('',#2946,0.004);
#44=CYLINDRICAL_SURFACE('',#2949,0.004);
#45=CYLINDRICAL_SURFACE('',#2951,0.0276);
#46=CYLINDRICAL_SURFACE('',#2953,0.004);
#47=CYLINDRICAL_SURFACE('',#2958,0.0015);
#48=CYLINDRICAL_SURFACE('',#2959,0.0015);
#49=CYLINDRICAL_SURFACE('',#2960,0.0015);
#50=CYLINDRICAL_SURFACE('',#2961,0.0015);
#51=CYLINDRICAL_SURFACE('',#2962,0.0015);
#52=CYLINDRICAL_SURFACE('',#2963,0.0015);
#53=CYLINDRICAL_SURFACE('',#2964,0.0015);
#54=CYLINDRICAL_SURFACE('',#2965,0.0015);
#55=CYLINDRICAL_SURFACE('',#2966,0.0015);
#56=CYLINDRICAL_SURFACE('',#2967,0.0015);
#57=CYLINDRICAL_SURFACE('',#2968,0.0015);
#58=CYLINDRICAL_SURFACE('',#2969,0.0015);
#59=CYLINDRICAL_SURFACE('',#2970,0.0015);
#60=CYLINDRICAL_SURFACE('',#2971,0.0015);
#61=CYLINDRICAL_SURFACE('',#2972,0.0015);
#62=CYLINDRICAL_SURFACE('',#2973,0.0015);
#63=CYLINDRICAL_SURFACE('',#2974,0.0015);
#64=CYLINDRICAL_SURFACE('',#2975,0.0015);
#65=CYLINDRICAL_SURFACE('',#2976,0.0015);
#66=CYLINDRICAL_SURFACE('',#2977,0.0015);
#67=CYLINDRICAL_SURFACE('',#2978,0.0015);
#68=CYLINDRICAL_SURFACE('',#2979,0.0015);
#69=CYLINDRICAL_SURFACE('',#2980,0.0015);
#70=CYLINDRICAL_SURFACE('',#2981,0.0015);
#71=CYLINDRICAL_SURFACE('',#2982,0.0015);
#72=CYLINDRICAL_SURFACE('',#2983,0.0015);
#73=CYLINDRICAL_SURFACE('',#2984,0.0015);
#74=CYLINDRICAL_SURFACE('',#2985,0.0015);
#75=CYLINDRICAL_SURFACE('',#2986,0.0015);
#76=CYLINDRICAL_SURFACE('',#2987,0.0015);
#77=CYLINDRICAL_SURFACE('',#2988,0.0015);
#78=CYLINDRICAL_SURFACE('',#2989,0.0015);
#79=CYLINDRICAL_SURFACE('',#2990,0.0015);
#80=CYLINDRICAL_SURFACE('',#2991,0.0015);
#81=CYLINDRICAL_SURFACE('',#2992,0.0015);
#82=CYLINDRICAL_SURFACE('',#2993,0.0015);
#83=CYLINDRICAL_SURFACE('',#2994,0.0015);
#84=CYLINDRICAL_SURFACE('',#2995,0.0015);
#85=CYLINDRICAL_SURFACE('',#2996,0.0015);
#86=CYLINDRICAL_SURFACE('',#2997,0.0015);
#87=CYLINDRICAL_SURFACE('',#2998,0.0015);
#88=CYLINDRICAL_SURFACE('',#2999,0.0015);
#89=CYLINDRICAL_SURFACE('',#3000,0.0015);
#90=CYLINDRICAL_SURFACE('',#3001,0.0015);
#91=CYLINDRICAL_SURFACE('',#3002,0.0015);
#92=CYLINDRICAL_SURFACE('',#3003,0.0015);
#93=CYLINDRICAL_SURFACE('',#3004,0.0015);
#94=CYLINDRICAL_SURFACE('',#3005,0.0015);
#95=CYLINDRICAL_SURFACE('',#3006,0.0015);
#96=CYLINDRICAL_SURFACE('',#3007,0.0015);
#97=CYLINDRICAL_SURFACE('',#3008,0.0015);
#98=CYLINDRICAL_SURFACE('',#3009,0.0015);
#99=CYLINDRICAL_SURFACE('',#3010,0.0015);
#100=CYLINDRICAL_SURFACE('',#3011,0.0015);
#101=CYLINDRICAL_SURFACE('',#3012,0.0015);
#102=CYLINDRICAL_SURFACE('',#3013,0.0015);
#103=CYLINDRICAL_SURFACE('',#3014,0.0015);
#104=CYLINDRICAL_SURFACE('',#3015,0.0015);
#105=CYLINDRICAL_SURFACE('',#3016,0.0015);
#106=CYLINDRICAL_SURFACE('',#3017,0.0015);
#107=CYLINDRICAL_SURFACE('',#3018,0.0015);
#108=CYLINDRICAL_SURFACE('',#3019,0.0015);
#109=CIRCLE('',#2692,0.0015);
#110=CIRCLE('',#2693,0.0015);
#111=CIRCLE('',#2694,0.0015);
#112=CIRCLE('',#2695,0.004);
#113=CIRCLE('',#2696,0.0015);
#114=CIRCLE('',#2697,0.0071);
#115=CIRCLE('',#2698,0.00205);
#116=CIRCLE('',#2699,0.00205);
#117=CIRCLE('',#2700,0.00205);
#118=CIRCLE('',#2701,0.00205);
#119=CIRCLE('',#2702,0.0071);
#120=CIRCLE('',#2703,0.0295);
#121=CIRCLE('',#2704,0.0015);
#122=CIRCLE('',#2705,0.004);
#123=CIRCLE('',#2706,0.0015);
#124=CIRCLE('',#2707,0.009);
#125=CIRCLE('',#2708,0.0015);
#126=CIRCLE('',#2709,0.0015);
#127=CIRCLE('',#2710,0.0276);
#128=CIRCLE('',#2711,0.0015);
#129=CIRCLE('',#2712,0.0015);
#130=CIRCLE('',#2713,0.004);
#131=CIRCLE('',#2714,0.0015);
#132=CIRCLE('',#2715,0.0015);
#133=CIRCLE('',#2716,0.0276);
#134=CIRCLE('',#2717,0.0015);
#135=CIRCLE('',#2718,0.0015);
#136=CIRCLE('',#2719,0.004);
#137=CIRCLE('',#2720,0.0015);
#138=CIRCLE('',#2721,0.0015);
#139=CIRCLE('',#2722,0.0276);
#140=CIRCLE('',#2723,0.0015);
#141=CIRCLE('',#2724,0.0015);
#142=CIRCLE('',#2725,0.004);
#143=CIRCLE('',#2726,0.0015);
#144=CIRCLE('',#2727,0.0015);
#145=CIRCLE('',#2728,0.0276);
#146=CIRCLE('',#2729,0.0015);
#147=CIRCLE('',#2730,0.0015);
#148=CIRCLE('',#2731,0.004);
#149=CIRCLE('',#2732,0.0015);
#150=CIRCLE('',#2733,0.0015);
#151=CIRCLE('',#2734,0.0276);
#152=CIRCLE('',#2735,0.0015);
#153=CIRCLE('',#2736,0.0015);
#154=CIRCLE('',#2737,0.004);
#155=CIRCLE('',#2738,0.0015);
#156=CIRCLE('',#2739,0.0015);
#157=CIRCLE('',#2740,0.0276);
#158=CIRCLE('',#2741,0.0015);
#159=CIRCLE('',#2742,0.0015);
#160=CIRCLE('',#2743,0.009);
#161=CIRCLE('',#2744,0.0015);
#162=CIRCLE('',#2745,0.0015);
#163=CIRCLE('',#2746,0.0015);
#164=CIRCLE('',#2747,0.004);
#165=CIRCLE('',#2748,0.0015);
#166=CIRCLE('',#2749,0.0015);
#167=CIRCLE('',#2750,0.009);
#168=CIRCLE('',#2751,0.0015);
#169=CIRCLE('',#2752,0.0015);
#170=CIRCLE('',#2753,0.004);
#171=CIRCLE('',#2754,0.0015);
#172=CIRCLE('',#2755,0.0015);
#173=CIRCLE('',#2756,0.0015);
#174=CIRCLE('',#2757,0.004);
#175=CIRCLE('',#2758,0.0015);
#176=CIRCLE('',#2759,0.0015);
#177=CIRCLE('',#2760,0.009);
#178=CIRCLE('',#2761,0.0015);
#179=CIRCLE('',#2762,0.0015);
#180=CIRCLE('',#2763,0.0015);
#181=CIRCLE('',#2764,0.004);
#182=CIRCLE('',#2765,0.0015);
#183=CIRCLE('',#2766,0.0015);
#184=CIRCLE('',#2767,0.0015);
#185=CIRCLE('',#2768,0.009);
#186=CIRCLE('',#2769,0.0015);
#187=CIRCLE('',#2770,0.0015);
#188=CIRCLE('',#2771,0.0015);
#189=CIRCLE('',#2772,0.009);
#190=CIRCLE('',#2773,0.0015);
#191=CIRCLE('',#2774,0.004);
#192=CIRCLE('',#2775,0.0015);
#193=CIRCLE('',#2776,0.0015);
#194=CIRCLE('',#2777,0.0276);
#195=CIRCLE('',#2778,0.0015);
#196=CIRCLE('',#2779,0.004);
#197=CIRCLE('',#2780,0.0015);
#198=CIRCLE('',#2781,0.0015);
#199=CIRCLE('',#2782,0.0276);
#200=CIRCLE('',#2783,0.0015);
#201=CIRCLE('',#2784,0.004);
#202=CIRCLE('',#2785,0.0015);
#203=CIRCLE('',#2786,0.0015);
#204=CIRCLE('',#2787,0.0015);
#205=CIRCLE('',#2788,0.0015);
#206=CIRCLE('',#2790,0.004);
#207=CIRCLE('',#2791,0.0015);
#208=CIRCLE('',#2792,0.0015);
#209=CIRCLE('',#2793,0.0276);
#210=CIRCLE('',#2794,0.0015);
#211=CIRCLE('',#2795,0.0015);
#212=CIRCLE('',#2796,0.0015);
#213=CIRCLE('',#2797,0.0015);
#214=CIRCLE('',#2798,0.004);
#215=CIRCLE('',#2799,0.0015);
#216=CIRCLE('',#2800,0.0015);
#217=CIRCLE('',#2801,0.004);
#218=CIRCLE('',#2802,0.0015);
#219=CIRCLE('',#2803,0.0015);
#220=CIRCLE('',#2804,0.009);
#221=CIRCLE('',#2805,0.0015);
#222=CIRCLE('',#2806,0.0015);
#223=CIRCLE('',#2807,0.0015);
#224=CIRCLE('',#2808,0.0015);
#225=CIRCLE('',#2809,0.009);
#226=CIRCLE('',#2810,0.0015);
#227=CIRCLE('',#2811,0.0015);
#228=CIRCLE('',#2812,0.0015);
#229=CIRCLE('',#2813,0.004);
#230=CIRCLE('',#2814,0.0015);
#231=CIRCLE('',#2815,0.0015);
#232=CIRCLE('',#2816,0.004);
#233=CIRCLE('',#2817,0.0015);
#234=CIRCLE('',#2818,0.0015);
#235=CIRCLE('',#2819,0.0276);
#236=CIRCLE('',#2820,0.0015);
#237=CIRCLE('',#2821,0.004);
#238=CIRCLE('',#2822,0.0015);
#239=CIRCLE('',#2823,0.0015);
#240=CIRCLE('',#2824,0.0276);
#241=CIRCLE('',#2825,0.0015);
#242=CIRCLE('',#2826,0.0015);
#243=CIRCLE('',#2827,0.004);
#244=CIRCLE('',#2828,0.0015);
#245=CIRCLE('',#2829,0.0015);
#246=CIRCLE('',#2830,0.0276);
#247=CIRCLE('',#2831,0.0015);
#248=CIRCLE('',#2832,0.0015);
#249=CIRCLE('',#2833,0.0295);
#250=CIRCLE('',#2834,0.0071);
#251=CIRCLE('',#2835,0.00205);
#252=CIRCLE('',#2836,0.00205);
#253=CIRCLE('',#2837,0.00205);
#254=CIRCLE('',#2838,0.00205);
#255=CIRCLE('',#2839,0.0071);
#256=CIRCLE('',#2840,0.004);
#257=CIRCLE('',#2841,0.0015);
#258=CIRCLE('',#2842,0.0015);
#259=CIRCLE('',#2843,0.0276);
#260=CIRCLE('',#2844,0.0015);
#261=CIRCLE('',#2845,0.0015);
#262=CIRCLE('',#2846,0.009);
#263=CIRCLE('',#2847,0.0015);
#264=CIRCLE('',#2848,0.0015);
#265=CIRCLE('',#2849,0.004);
#266=CIRCLE('',#2850,0.0015);
#267=CIRCLE('',#2851,0.0015);
#268=CIRCLE('',#2852,0.0276);
#269=CIRCLE('',#2853,0.0015);
#270=CIRCLE('',#2854,0.0015);
#271=CIRCLE('',#2855,0.004);
#272=CIRCLE('',#2856,0.0015);
#273=CIRCLE('',#2857,0.0015);
#274=CIRCLE('',#2858,0.0276);
#275=CIRCLE('',#2859,0.0015);
#276=CIRCLE('',#2860,0.009);
#277=CIRCLE('',#2861,0.0015);
#278=CIRCLE('',#2862,0.0015);
#279=CIRCLE('',#2863,0.004);
#280=CIRCLE('',#2864,0.0015);
#281=CIRCLE('',#2865,0.0015);
#282=CIRCLE('',#2866,0.0015);
#283=CIRCLE('',#2867,0.0015);
#284=CIRCLE('',#2868,0.004);
#285=CIRCLE('',#2869,0.0015);
#286=CIRCLE('',#2870,0.0015);
#287=CIRCLE('',#2871,0.0015);
#288=CIRCLE('',#2872,0.009);
#289=CIRCLE('',#2873,0.0015);
#290=CIRCLE('',#2874,0.0015);
#291=CIRCLE('',#2875,0.009);
#292=CIRCLE('',#2876,0.0015);
#293=CIRCLE('',#2877,0.0015);
#294=CIRCLE('',#2878,0.0276);
#295=CIRCLE('',#2879,0.0015);
#296=CIRCLE('',#2880,0.0015);
#297=CIRCLE('',#2881,0.004);
#298=CIRCLE('',#2882,0.004);
#299=CIRCLE('',#2883,0.0015);
#300=CIRCLE('',#2884,0.0015);
#301=CIRCLE('',#2885,0.0015);
#302=CIRCLE('',#2886,0.0015);
#303=ORIENTED_EDGE('',*,*,#1087,.F.);
#304=ORIENTED_EDGE('',*,*,#1088,.T.);
#305=ORIENTED_EDGE('',*,*,#1089,.T.);
#306=ORIENTED_EDGE('',*,*,#1090,.T.);
#307=ORIENTED_EDGE('',*,*,#1091,.T.);
#308=ORIENTED_EDGE('',*,*,#1092,.T.);
#309=ORIENTED_EDGE('',*,*,#1093,.T.);
#310=ORIENTED_EDGE('',*,*,#1094,.F.);
#311=ORIENTED_EDGE('',*,*,#1095,.T.);
#312=ORIENTED_EDGE('',*,*,#1096,.F.);
#313=ORIENTED_EDGE('',*,*,#1097,.F.);
#314=ORIENTED_EDGE('',*,*,#1098,.F.);
#315=ORIENTED_EDGE('',*,*,#1099,.F.);
#316=ORIENTED_EDGE('',*,*,#1100,.F.);
#317=ORIENTED_EDGE('',*,*,#1101,.F.);
#318=ORIENTED_EDGE('',*,*,#1102,.T.);
#319=ORIENTED_EDGE('',*,*,#1103,.F.);
#320=ORIENTED_EDGE('',*,*,#1104,.T.);
#321=ORIENTED_EDGE('',*,*,#1105,.T.);
#322=ORIENTED_EDGE('',*,*,#1106,.T.);
#323=ORIENTED_EDGE('',*,*,#1107,.T.);
#324=ORIENTED_EDGE('',*,*,#1108,.T.);
#325=ORIENTED_EDGE('',*,*,#1109,.T.);
#326=ORIENTED_EDGE('',*,*,#1110,.T.);
#327=ORIENTED_EDGE('',*,*,#1111,.F.);
#328=ORIENTED_EDGE('',*,*,#1112,.T.);
#329=ORIENTED_EDGE('',*,*,#1113,.F.);
#330=ORIENTED_EDGE('',*,*,#1114,.T.);
#331=ORIENTED_EDGE('',*,*,#1115,.T.);
#332=ORIENTED_EDGE('',*,*,#1116,.T.);
#333=ORIENTED_EDGE('',*,*,#1117,.F.);
#334=ORIENTED_EDGE('',*,*,#1118,.T.);
#335=ORIENTED_EDGE('',*,*,#1119,.F.);
#336=ORIENTED_EDGE('',*,*,#1120,.T.);
#337=ORIENTED_EDGE('',*,*,#1121,.F.);
#338=ORIENTED_EDGE('',*,*,#1122,.T.);
#339=ORIENTED_EDGE('',*,*,#1123,.T.);
#340=ORIENTED_EDGE('',*,*,#1124,.T.);
#341=ORIENTED_EDGE('',*,*,#1125,.T.);
#342=ORIENTED_EDGE('',*,*,#1126,.T.);
#343=ORIENTED_EDGE('',*,*,#1127,.F.);
#344=ORIENTED_EDGE('',*,*,#1128,.T.);
#345=ORIENTED_EDGE('',*,*,#1129,.F.);
#346=ORIENTED_EDGE('',*,*,#1130,.T.);
#347=ORIENTED_EDGE('',*,*,#1131,.T.);
#348=ORIENTED_EDGE('',*,*,#1132,.T.);
#349=ORIENTED_EDGE('',*,*,#1133,.F.);
#350=ORIENTED_EDGE('',*,*,#1134,.T.);
#351=ORIENTED_EDGE('',*,*,#1135,.F.);
#352=ORIENTED_EDGE('',*,*,#1136,.T.);
#353=ORIENTED_EDGE('',*,*,#1137,.F.);
#354=ORIENTED_EDGE('',*,*,#1138,.T.);
#355=ORIENTED_EDGE('',*,*,#1139,.T.);
#356=ORIENTED_EDGE('',*,*,#1140,.T.);
#357=ORIENTED_EDGE('',*,*,#1141,.T.);
#358=ORIENTED_EDGE('',*,*,#1142,.T.);
#359=ORIENTED_EDGE('',*,*,#1143,.F.);
#360=ORIENTED_EDGE('',*,*,#1144,.T.);
#361=ORIENTED_EDGE('',*,*,#1145,.F.);
#362=ORIENTED_EDGE('',*,*,#1146,.T.);
#363=ORIENTED_EDGE('',*,*,#1147,.T.);
#364=ORIENTED_EDGE('',*,*,#1148,.T.);
#365=ORIENTED_EDGE('',*,*,#1149,.T.);
#366=ORIENTED_EDGE('',*,*,#1150,.T.);
#367=ORIENTED_EDGE('',*,*,#1151,.F.);
#368=ORIENTED_EDGE('',*,*,#1152,.T.);
#369=ORIENTED_EDGE('',*,*,#1153,.F.);
#370=ORIENTED_EDGE('',*,*,#1154,.T.);
#371=ORIENTED_EDGE('',*,*,#1155,.T.);
#372=ORIENTED_EDGE('',*,*,#1156,.T.);
#373=ORIENTED_EDGE('',*,*,#1157,.F.);
#374=ORIENTED_EDGE('',*,*,#1158,.T.);
#375=ORIENTED_EDGE('',*,*,#1159,.T.);
#376=ORIENTED_EDGE('',*,*,#1160,.T.);
#377=ORIENTED_EDGE('',*,*,#1161,.T.);
#378=ORIENTED_EDGE('',*,*,#1162,.T.);
#379=ORIENTED_EDGE('',*,*,#1163,.F.);
#380=ORIENTED_EDGE('',*,*,#1164,.T.);
#381=ORIENTED_EDGE('',*,*,#1165,.T.);
#382=ORIENTED_EDGE('',*,*,#1166,.T.);
#383=ORIENTED_EDGE('',*,*,#1167,.T.);
#384=ORIENTED_EDGE('',*,*,#1168,.T.);
#385=ORIENTED_EDGE('',*,*,#1169,.T.);
#386=ORIENTED_EDGE('',*,*,#1170,.T.);
#387=ORIENTED_EDGE('',*,*,#1171,.T.);
#388=ORIENTED_EDGE('',*,*,#1172,.T.);
#389=ORIENTED_EDGE('',*,*,#1173,.T.);
#390=ORIENTED_EDGE('',*,*,#1174,.T.);
#391=ORIENTED_EDGE('',*,*,#1175,.T.);
#392=ORIENTED_EDGE('',*,*,#1176,.T.);
#393=ORIENTED_EDGE('',*,*,#1177,.T.);
#394=ORIENTED_EDGE('',*,*,#1178,.T.);
#395=ORIENTED_EDGE('',*,*,#1179,.T.);
#396=ORIENTED_EDGE('',*,*,#1180,.T.);
#397=ORIENTED_EDGE('',*,*,#1181,.F.);
#398=ORIENTED_EDGE('',*,*,#1182,.T.);
#399=ORIENTED_EDGE('',*,*,#1183,.F.);
#400=ORIENTED_EDGE('',*,*,#1184,.T.);
#401=ORIENTED_EDGE('',*,*,#1185,.T.);
#402=ORIENTED_EDGE('',*,*,#1186,.T.);
#403=ORIENTED_EDGE('',*,*,#1187,.T.);
#404=ORIENTED_EDGE('',*,*,#1188,.T.);
#405=ORIENTED_EDGE('',*,*,#1189,.T.);
#406=ORIENTED_EDGE('',*,*,#1190,.T.);
#407=ORIENTED_EDGE('',*,*,#1191,.T.);
#408=ORIENTED_EDGE('',*,*,#1192,.T.);
#409=ORIENTED_EDGE('',*,*,#1193,.T.);
#410=ORIENTED_EDGE('',*,*,#1194,.T.);
#411=ORIENTED_EDGE('',*,*,#1195,.T.);
#412=ORIENTED_EDGE('',*,*,#1196,.T.);
#413=ORIENTED_EDGE('',*,*,#1197,.T.);
#414=ORIENTED_EDGE('',*,*,#1198,.T.);
#415=ORIENTED_EDGE('',*,*,#1199,.T.);
#416=ORIENTED_EDGE('',*,*,#1200,.T.);
#417=ORIENTED_EDGE('',*,*,#1201,.T.);
#418=ORIENTED_EDGE('',*,*,#1202,.F.);
#419=ORIENTED_EDGE('',*,*,#1203,.F.);
#420=ORIENTED_EDGE('',*,*,#1204,.T.);
#421=ORIENTED_EDGE('',*,*,#1205,.T.);
#422=ORIENTED_EDGE('',*,*,#1206,.T.);
#423=ORIENTED_EDGE('',*,*,#1207,.F.);
#424=ORIENTED_EDGE('',*,*,#1208,.T.);
#425=ORIENTED_EDGE('',*,*,#1209,.F.);
#426=ORIENTED_EDGE('',*,*,#1210,.T.);
#427=ORIENTED_EDGE('',*,*,#1211,.F.);
#428=ORIENTED_EDGE('',*,*,#1212,.T.);
#429=ORIENTED_EDGE('',*,*,#1213,.T.);
#430=ORIENTED_EDGE('',*,*,#1214,.T.);
#431=ORIENTED_EDGE('',*,*,#1215,.T.);
#432=ORIENTED_EDGE('',*,*,#1216,.T.);
#433=ORIENTED_EDGE('',*,*,#1217,.T.);
#434=ORIENTED_EDGE('',*,*,#1218,.F.);
#435=ORIENTED_EDGE('',*,*,#1219,.T.);
#436=ORIENTED_EDGE('',*,*,#1220,.F.);
#437=ORIENTED_EDGE('',*,*,#1221,.T.);
#438=ORIENTED_EDGE('',*,*,#1222,.T.);
#439=ORIENTED_EDGE('',*,*,#1223,.T.);
#440=ORIENTED_EDGE('',*,*,#1224,.T.);
#441=ORIENTED_EDGE('',*,*,#1225,.T.);
#442=ORIENTED_EDGE('',*,*,#1226,.T.);
#443=ORIENTED_EDGE('',*,*,#1227,.T.);
#444=ORIENTED_EDGE('',*,*,#1228,.F.);
#445=ORIENTED_EDGE('',*,*,#1229,.T.);
#446=ORIENTED_EDGE('',*,*,#1230,.T.);
#447=ORIENTED_EDGE('',*,*,#1231,.T.);
#448=ORIENTED_EDGE('',*,*,#1232,.T.);
#449=ORIENTED_EDGE('',*,*,#1233,.F.);
#450=ORIENTED_EDGE('',*,*,#1234,.T.);
#451=ORIENTED_EDGE('',*,*,#1235,.F.);
#452=ORIENTED_EDGE('',*,*,#1236,.T.);
#453=ORIENTED_EDGE('',*,*,#1237,.F.);
#454=ORIENTED_EDGE('',*,*,#1238,.T.);
#455=ORIENTED_EDGE('',*,*,#1239,.T.);
#456=ORIENTED_EDGE('',*,*,#1240,.T.);
#457=ORIENTED_EDGE('',*,*,#1241,.F.);
#458=ORIENTED_EDGE('',*,*,#1242,.T.);
#459=ORIENTED_EDGE('',*,*,#1243,.F.);
#460=ORIENTED_EDGE('',*,*,#1244,.T.);
#461=ORIENTED_EDGE('',*,*,#1245,.F.);
#462=ORIENTED_EDGE('',*,*,#1246,.T.);
#463=ORIENTED_EDGE('',*,*,#1247,.F.);
#464=ORIENTED_EDGE('',*,*,#1248,.T.);
#465=ORIENTED_EDGE('',*,*,#1249,.F.);
#466=ORIENTED_EDGE('',*,*,#1250,.T.);
#467=ORIENTED_EDGE('',*,*,#1251,.T.);
#468=ORIENTED_EDGE('',*,*,#1252,.T.);
#469=ORIENTED_EDGE('',*,*,#1253,.F.);
#470=ORIENTED_EDGE('',*,*,#1254,.T.);
#471=ORIENTED_EDGE('',*,*,#1255,.F.);
#472=ORIENTED_EDGE('',*,*,#1256,.T.);
#473=ORIENTED_EDGE('',*,*,#1257,.F.);
#474=ORIENTED_EDGE('',*,*,#1258,.T.);
#475=ORIENTED_EDGE('',*,*,#1259,.F.);
#476=ORIENTED_EDGE('',*,*,#1260,.T.);
#477=ORIENTED_EDGE('',*,*,#1261,.T.);
#478=ORIENTED_EDGE('',*,*,#1262,.T.);
#479=ORIENTED_EDGE('',*,*,#1263,.T.);
#480=ORIENTED_EDGE('',*,*,#1264,.T.);
#481=ORIENTED_EDGE('',*,*,#1265,.F.);
#482=ORIENTED_EDGE('',*,*,#1266,.T.);
#483=ORIENTED_EDGE('',*,*,#1267,.T.);
#484=ORIENTED_EDGE('',*,*,#1268,.T.);
#485=ORIENTED_EDGE('',*,*,#1269,.T.);
#486=ORIENTED_EDGE('',*,*,#1270,.T.);
#487=ORIENTED_EDGE('',*,*,#1271,.T.);
#488=ORIENTED_EDGE('',*,*,#1272,.T.);
#489=ORIENTED_EDGE('',*,*,#1273,.F.);
#490=ORIENTED_EDGE('',*,*,#1274,.T.);
#491=ORIENTED_EDGE('',*,*,#1275,.T.);
#492=ORIENTED_EDGE('',*,*,#1276,.T.);
#493=ORIENTED_EDGE('',*,*,#1277,.T.);
#494=ORIENTED_EDGE('',*,*,#1278,.T.);
#495=ORIENTED_EDGE('',*,*,#1279,.T.);
#496=ORIENTED_EDGE('',*,*,#1280,.T.);
#497=ORIENTED_EDGE('',*,*,#1281,.F.);
#498=ORIENTED_EDGE('',*,*,#1282,.T.);
#499=ORIENTED_EDGE('',*,*,#1283,.T.);
#500=ORIENTED_EDGE('',*,*,#1284,.T.);
#501=ORIENTED_EDGE('',*,*,#1285,.T.);
#502=ORIENTED_EDGE('',*,*,#1286,.T.);
#503=ORIENTED_EDGE('',*,*,#1287,.T.);
#504=ORIENTED_EDGE('',*,*,#1288,.F.);
#505=ORIENTED_EDGE('',*,*,#1289,.T.);
#506=ORIENTED_EDGE('',*,*,#1290,.T.);
#507=ORIENTED_EDGE('',*,*,#1291,.T.);
#508=ORIENTED_EDGE('',*,*,#1292,.T.);
#509=ORIENTED_EDGE('',*,*,#1293,.T.);
#510=ORIENTED_EDGE('',*,*,#1294,.T.);
#511=ORIENTED_EDGE('',*,*,#1295,.F.);
#512=ORIENTED_EDGE('',*,*,#1296,.T.);
#513=ORIENTED_EDGE('',*,*,#1297,.F.);
#514=ORIENTED_EDGE('',*,*,#1298,.F.);
#515=ORIENTED_EDGE('',*,*,#1299,.T.);
#516=ORIENTED_EDGE('',*,*,#1300,.F.);
#517=ORIENTED_EDGE('',*,*,#1301,.T.);
#518=ORIENTED_EDGE('',*,*,#1302,.T.);
#519=ORIENTED_EDGE('',*,*,#1303,.T.);
#520=ORIENTED_EDGE('',*,*,#1304,.T.);
#521=ORIENTED_EDGE('',*,*,#1305,.T.);
#522=ORIENTED_EDGE('',*,*,#1306,.F.);
#523=ORIENTED_EDGE('',*,*,#1307,.T.);
#524=ORIENTED_EDGE('',*,*,#1308,.F.);
#525=ORIENTED_EDGE('',*,*,#1309,.T.);
#526=ORIENTED_EDGE('',*,*,#1310,.T.);
#527=ORIENTED_EDGE('',*,*,#1311,.T.);
#528=ORIENTED_EDGE('',*,*,#1312,.T.);
#529=ORIENTED_EDGE('',*,*,#1313,.T.);
#530=ORIENTED_EDGE('',*,*,#1314,.F.);
#531=ORIENTED_EDGE('',*,*,#1315,.T.);
#532=ORIENTED_EDGE('',*,*,#1316,.T.);
#533=ORIENTED_EDGE('',*,*,#1317,.T.);
#534=ORIENTED_EDGE('',*,*,#1318,.F.);
#535=ORIENTED_EDGE('',*,*,#1319,.T.);
#536=ORIENTED_EDGE('',*,*,#1320,.F.);
#537=ORIENTED_EDGE('',*,*,#1321,.T.);
#538=ORIENTED_EDGE('',*,*,#1322,.T.);
#539=ORIENTED_EDGE('',*,*,#1323,.T.);
#540=ORIENTED_EDGE('',*,*,#1324,.F.);
#541=ORIENTED_EDGE('',*,*,#1325,.T.);
#542=ORIENTED_EDGE('',*,*,#1326,.F.);
#543=ORIENTED_EDGE('',*,*,#1327,.T.);
#544=ORIENTED_EDGE('',*,*,#1328,.F.);
#545=ORIENTED_EDGE('',*,*,#1329,.T.);
#546=ORIENTED_EDGE('',*,*,#1330,.T.);
#547=ORIENTED_EDGE('',*,*,#1331,.T.);
#548=ORIENTED_EDGE('',*,*,#1332,.F.);
#549=ORIENTED_EDGE('',*,*,#1333,.T.);
#550=ORIENTED_EDGE('',*,*,#1334,.F.);
#551=ORIENTED_EDGE('',*,*,#1335,.T.);
#552=ORIENTED_EDGE('',*,*,#1336,.F.);
#553=ORIENTED_EDGE('',*,*,#1337,.T.);
#554=ORIENTED_EDGE('',*,*,#1338,.T.);
#555=ORIENTED_EDGE('',*,*,#1339,.T.);
#556=ORIENTED_EDGE('',*,*,#1340,.T.);
#557=ORIENTED_EDGE('',*,*,#1341,.F.);
#558=ORIENTED_EDGE('',*,*,#1342,.T.);
#559=ORIENTED_EDGE('',*,*,#1343,.F.);
#560=ORIENTED_EDGE('',*,*,#1344,.F.);
#561=ORIENTED_EDGE('',*,*,#1345,.T.);
#562=ORIENTED_EDGE('',*,*,#1346,.T.);
#563=ORIENTED_EDGE('',*,*,#1347,.T.);
#564=ORIENTED_EDGE('',*,*,#1348,.T.);
#565=ORIENTED_EDGE('',*,*,#1349,.F.);
#566=ORIENTED_EDGE('',*,*,#1350,.T.);
#567=ORIENTED_EDGE('',*,*,#1351,.F.);
#568=ORIENTED_EDGE('',*,*,#1352,.T.);
#569=ORIENTED_EDGE('',*,*,#1101,.T.);
#570=ORIENTED_EDGE('',*,*,#1282,.F.);
#571=ORIENTED_EDGE('',*,*,#1100,.T.);
#572=ORIENTED_EDGE('',*,*,#1283,.F.);
#573=ORIENTED_EDGE('',*,*,#1099,.T.);
#574=ORIENTED_EDGE('',*,*,#1284,.F.);
#575=ORIENTED_EDGE('',*,*,#1098,.T.);
#576=ORIENTED_EDGE('',*,*,#1285,.F.);
#577=ORIENTED_EDGE('',*,*,#1097,.T.);
#578=ORIENTED_EDGE('',*,*,#1286,.F.);
#579=ORIENTED_EDGE('',*,*,#1096,.T.);
#580=ORIENTED_EDGE('',*,*,#1287,.F.);
#581=ORIENTED_EDGE('',*,*,#1102,.F.);
#582=ORIENTED_EDGE('',*,*,#1281,.T.);
#583=ORIENTED_EDGE('',*,*,#1105,.F.);
#584=ORIENTED_EDGE('',*,*,#1353,.T.);
#585=ORIENTED_EDGE('',*,*,#1288,.T.);
#586=ORIENTED_EDGE('',*,*,#1354,.T.);
#587=ORIENTED_EDGE('',*,*,#1103,.T.);
#588=ORIENTED_EDGE('',*,*,#1355,.T.);
#589=ORIENTED_EDGE('',*,*,#1290,.F.);
#590=ORIENTED_EDGE('',*,*,#1356,.T.);
#591=ORIENTED_EDGE('',*,*,#1111,.T.);
#592=ORIENTED_EDGE('',*,*,#1357,.T.);
#593=ORIENTED_EDGE('',*,*,#1292,.F.);
#594=ORIENTED_EDGE('',*,*,#1358,.T.);
#595=ORIENTED_EDGE('',*,*,#1295,.T.);
#596=ORIENTED_EDGE('',*,*,#1359,.T.);
#597=ORIENTED_EDGE('',*,*,#1108,.F.);
#598=ORIENTED_EDGE('',*,*,#1360,.T.);
#599=ORIENTED_EDGE('',*,*,#1297,.T.);
#600=ORIENTED_EDGE('',*,*,#1361,.T.);
#601=ORIENTED_EDGE('',*,*,#1106,.F.);
#602=ORIENTED_EDGE('',*,*,#1354,.F.);
#603=ORIENTED_EDGE('',*,*,#1273,.T.);
#604=ORIENTED_EDGE('',*,*,#1362,.T.);
#605=ORIENTED_EDGE('',*,*,#1115,.F.);
#606=ORIENTED_EDGE('',*,*,#1363,.T.);
#607=ORIENTED_EDGE('',*,*,#1275,.F.);
#608=ORIENTED_EDGE('',*,*,#1364,.T.);
#609=ORIENTED_EDGE('',*,*,#1113,.T.);
#610=ORIENTED_EDGE('',*,*,#1365,.T.);
#611=ORIENTED_EDGE('',*,*,#1277,.F.);
#612=ORIENTED_EDGE('',*,*,#1366,.T.);
#613=ORIENTED_EDGE('',*,*,#1119,.T.);
#614=ORIENTED_EDGE('',*,*,#1367,.T.);
#615=ORIENTED_EDGE('',*,*,#1117,.T.);
#616=ORIENTED_EDGE('',*,*,#1368,.T.);
#617=ORIENTED_EDGE('',*,*,#1279,.F.);
#618=ORIENTED_EDGE('',*,*,#1369,.T.);
#619=ORIENTED_EDGE('',*,*,#1125,.F.);
#620=ORIENTED_EDGE('',*,*,#1370,.T.);
#621=ORIENTED_EDGE('',*,*,#1298,.T.);
#622=ORIENTED_EDGE('',*,*,#1371,.T.);
#623=ORIENTED_EDGE('',*,*,#1123,.F.);
#624=ORIENTED_EDGE('',*,*,#1372,.T.);
#625=ORIENTED_EDGE('',*,*,#1300,.T.);
#626=ORIENTED_EDGE('',*,*,#1373,.T.);
#627=ORIENTED_EDGE('',*,*,#1302,.F.);
#628=ORIENTED_EDGE('',*,*,#1374,.T.);
#629=ORIENTED_EDGE('',*,*,#1121,.T.);
#630=ORIENTED_EDGE('',*,*,#1375,.T.);
#631=ORIENTED_EDGE('',*,*,#1304,.F.);
#632=ORIENTED_EDGE('',*,*,#1376,.T.);
#633=ORIENTED_EDGE('',*,*,#1127,.T.);
#634=ORIENTED_EDGE('',*,*,#1377,.T.);
#635=ORIENTED_EDGE('',*,*,#1265,.T.);
#636=ORIENTED_EDGE('',*,*,#1378,.T.);
#637=ORIENTED_EDGE('',*,*,#1131,.F.);
#638=ORIENTED_EDGE('',*,*,#1379,.T.);
#639=ORIENTED_EDGE('',*,*,#1267,.F.);
#640=ORIENTED_EDGE('',*,*,#1380,.T.);
#641=ORIENTED_EDGE('',*,*,#1129,.T.);
#642=ORIENTED_EDGE('',*,*,#1381,.T.);
#643=ORIENTED_EDGE('',*,*,#1135,.T.);
#644=ORIENTED_EDGE('',*,*,#1382,.T.);
#645=ORIENTED_EDGE('',*,*,#1269,.F.);
#646=ORIENTED_EDGE('',*,*,#1383,.T.);
#647=ORIENTED_EDGE('',*,*,#1271,.F.);
#648=ORIENTED_EDGE('',*,*,#1384,.T.);
#649=ORIENTED_EDGE('',*,*,#1133,.T.);
#650=ORIENTED_EDGE('',*,*,#1385,.T.);
#651=ORIENTED_EDGE('',*,*,#1306,.T.);
#652=ORIENTED_EDGE('',*,*,#1386,.T.);
#653=ORIENTED_EDGE('',*,*,#1141,.F.);
#654=ORIENTED_EDGE('',*,*,#1387,.T.);
#655=ORIENTED_EDGE('',*,*,#1308,.T.);
#656=ORIENTED_EDGE('',*,*,#1388,.T.);
#657=ORIENTED_EDGE('',*,*,#1139,.F.);
#658=ORIENTED_EDGE('',*,*,#1389,.T.);
#659=ORIENTED_EDGE('',*,*,#1310,.F.);
#660=ORIENTED_EDGE('',*,*,#1390,.T.);
#661=ORIENTED_EDGE('',*,*,#1137,.T.);
#662=ORIENTED_EDGE('',*,*,#1391,.T.);
#663=ORIENTED_EDGE('',*,*,#1143,.T.);
#664=ORIENTED_EDGE('',*,*,#1392,.T.);
#665=ORIENTED_EDGE('',*,*,#1312,.F.);
#666=ORIENTED_EDGE('',*,*,#1393,.T.);
#667=ORIENTED_EDGE('',*,*,#1149,.F.);
#668=ORIENTED_EDGE('',*,*,#1394,.T.);
#669=ORIENTED_EDGE('',*,*,#1257,.T.);
#670=ORIENTED_EDGE('',*,*,#1395,.T.);
#671=ORIENTED_EDGE('',*,*,#1147,.F.);
#672=ORIENTED_EDGE('',*,*,#1396,.T.);
#673=ORIENTED_EDGE('',*,*,#1259,.T.);
#674=ORIENTED_EDGE('',*,*,#1397,.T.);
#675=ORIENTED_EDGE('',*,*,#1145,.T.);
#676=ORIENTED_EDGE('',*,*,#1398,.T.);
#677=ORIENTED_EDGE('',*,*,#1261,.F.);
#678=ORIENTED_EDGE('',*,*,#1399,.T.);
#679=ORIENTED_EDGE('',*,*,#1263,.F.);
#680=ORIENTED_EDGE('',*,*,#1400,.T.);
#681=ORIENTED_EDGE('',*,*,#1151,.T.);
#682=ORIENTED_EDGE('',*,*,#1401,.T.);
#683=ORIENTED_EDGE('',*,*,#1314,.T.);
#684=ORIENTED_EDGE('',*,*,#1402,.T.);
#685=ORIENTED_EDGE('',*,*,#1155,.F.);
#686=ORIENTED_EDGE('',*,*,#1403,.T.);
#687=ORIENTED_EDGE('',*,*,#1153,.T.);
#688=ORIENTED_EDGE('',*,*,#1404,.T.);
#689=ORIENTED_EDGE('',*,*,#1316,.F.);
#690=ORIENTED_EDGE('',*,*,#1405,.T.);
#691=ORIENTED_EDGE('',*,*,#1318,.T.);
#692=ORIENTED_EDGE('',*,*,#1406,.T.);
#693=ORIENTED_EDGE('',*,*,#1161,.F.);
#694=ORIENTED_EDGE('',*,*,#1407,.T.);
#695=ORIENTED_EDGE('',*,*,#1320,.T.);
#696=ORIENTED_EDGE('',*,*,#1408,.T.);
#697=ORIENTED_EDGE('',*,*,#1159,.F.);
#698=ORIENTED_EDGE('',*,*,#1409,.T.);
#699=ORIENTED_EDGE('',*,*,#1322,.F.);
#700=ORIENTED_EDGE('',*,*,#1410,.T.);
#701=ORIENTED_EDGE('',*,*,#1157,.T.);
#702=ORIENTED_EDGE('',*,*,#1411,.T.);
#703=ORIENTED_EDGE('',*,*,#1167,.F.);
#704=ORIENTED_EDGE('',*,*,#1412,.T.);
#705=ORIENTED_EDGE('',*,*,#1247,.T.);
#706=ORIENTED_EDGE('',*,*,#1413,.T.);
#707=ORIENTED_EDGE('',*,*,#1165,.F.);
#708=ORIENTED_EDGE('',*,*,#1414,.T.);
#709=ORIENTED_EDGE('',*,*,#1249,.T.);
#710=ORIENTED_EDGE('',*,*,#1415,.T.);
#711=ORIENTED_EDGE('',*,*,#1163,.T.);
#712=ORIENTED_EDGE('',*,*,#1416,.T.);
#713=ORIENTED_EDGE('',*,*,#1251,.F.);
#714=ORIENTED_EDGE('',*,*,#1417,.T.);
#715=ORIENTED_EDGE('',*,*,#1253,.T.);
#716=ORIENTED_EDGE('',*,*,#1418,.T.);
#717=ORIENTED_EDGE('',*,*,#1171,.F.);
#718=ORIENTED_EDGE('',*,*,#1419,.T.);
#719=ORIENTED_EDGE('',*,*,#1169,.F.);
#720=ORIENTED_EDGE('',*,*,#1420,.T.);
#721=ORIENTED_EDGE('',*,*,#1255,.T.);
#722=ORIENTED_EDGE('',*,*,#1421,.T.);
#723=ORIENTED_EDGE('',*,*,#1324,.T.);
#724=ORIENTED_EDGE('',*,*,#1422,.T.);
#725=ORIENTED_EDGE('',*,*,#1177,.F.);
#726=ORIENTED_EDGE('',*,*,#1423,.T.);
#727=ORIENTED_EDGE('',*,*,#1326,.T.);
#728=ORIENTED_EDGE('',*,*,#1424,.T.);
#729=ORIENTED_EDGE('',*,*,#1175,.F.);
#730=ORIENTED_EDGE('',*,*,#1425,.T.);
#731=ORIENTED_EDGE('',*,*,#1328,.T.);
#732=ORIENTED_EDGE('',*,*,#1426,.T.);
#733=ORIENTED_EDGE('',*,*,#1173,.F.);
#734=ORIENTED_EDGE('',*,*,#1427,.T.);
#735=ORIENTED_EDGE('',*,*,#1181,.T.);
#736=ORIENTED_EDGE('',*,*,#1428,.T.);
#737=ORIENTED_EDGE('',*,*,#1330,.F.);
#738=ORIENTED_EDGE('',*,*,#1429,.T.);
#739=ORIENTED_EDGE('',*,*,#1332,.T.);
#740=ORIENTED_EDGE('',*,*,#1430,.T.);
#741=ORIENTED_EDGE('',*,*,#1179,.F.);
#742=ORIENTED_EDGE('',*,*,#1431,.T.);
#743=ORIENTED_EDGE('',*,*,#1185,.F.);
#744=ORIENTED_EDGE('',*,*,#1432,.T.);
#745=ORIENTED_EDGE('',*,*,#1237,.T.);
#746=ORIENTED_EDGE('',*,*,#1433,.T.);
#747=ORIENTED_EDGE('',*,*,#1183,.T.);
#748=ORIENTED_EDGE('',*,*,#1434,.T.);
#749=ORIENTED_EDGE('',*,*,#1239,.F.);
#750=ORIENTED_EDGE('',*,*,#1435,.T.);
#751=ORIENTED_EDGE('',*,*,#1241,.T.);
#752=ORIENTED_EDGE('',*,*,#1436,.T.);
#753=ORIENTED_EDGE('',*,*,#1191,.F.);
#754=ORIENTED_EDGE('',*,*,#1437,.T.);
#755=ORIENTED_EDGE('',*,*,#1243,.T.);
#756=ORIENTED_EDGE('',*,*,#1438,.T.);
#757=ORIENTED_EDGE('',*,*,#1189,.F.);
#758=ORIENTED_EDGE('',*,*,#1439,.T.);
#759=ORIENTED_EDGE('',*,*,#1187,.F.);
#760=ORIENTED_EDGE('',*,*,#1440,.T.);
#761=ORIENTED_EDGE('',*,*,#1245,.T.);
#762=ORIENTED_EDGE('',*,*,#1441,.T.);
#763=ORIENTED_EDGE('',*,*,#1197,.F.);
#764=ORIENTED_EDGE('',*,*,#1442,.T.);
#765=ORIENTED_EDGE('',*,*,#1334,.T.);
#766=ORIENTED_EDGE('',*,*,#1443,.T.);
#767=ORIENTED_EDGE('',*,*,#1195,.F.);
#768=ORIENTED_EDGE('',*,*,#1444,.T.);
#769=ORIENTED_EDGE('',*,*,#1336,.T.);
#770=ORIENTED_EDGE('',*,*,#1445,.T.);
#771=ORIENTED_EDGE('',*,*,#1339,.F.);
#772=ORIENTED_EDGE('',*,*,#1446,.T.);
#773=ORIENTED_EDGE('',*,*,#1202,.T.);
#774=ORIENTED_EDGE('',*,*,#1447,.T.);
#775=ORIENTED_EDGE('',*,*,#1341,.T.);
#776=ORIENTED_EDGE('',*,*,#1448,.T.);
#777=ORIENTED_EDGE('',*,*,#1200,.F.);
#778=ORIENTED_EDGE('',*,*,#1449,.T.);
#779=ORIENTED_EDGE('',*,*,#1343,.T.);
#780=ORIENTED_EDGE('',*,*,#1450,.T.);
#781=ORIENTED_EDGE('',*,*,#1198,.F.);
#782=ORIENTED_EDGE('',*,*,#1443,.F.);
#783=ORIENTED_EDGE('',*,*,#1230,.F.);
#784=ORIENTED_EDGE('',*,*,#1451,.T.);
#785=ORIENTED_EDGE('',*,*,#1087,.T.);
#786=ORIENTED_EDGE('',*,*,#1452,.T.);
#787=ORIENTED_EDGE('',*,*,#1232,.F.);
#788=ORIENTED_EDGE('',*,*,#1453,.T.);
#789=ORIENTED_EDGE('',*,*,#1094,.T.);
#790=ORIENTED_EDGE('',*,*,#1454,.F.);
#791=ORIENTED_EDGE('',*,*,#1093,.F.);
#792=ORIENTED_EDGE('',*,*,#1455,.T.);
#793=ORIENTED_EDGE('',*,*,#1233,.T.);
#794=ORIENTED_EDGE('',*,*,#1454,.T.);
#795=ORIENTED_EDGE('',*,*,#1091,.F.);
#796=ORIENTED_EDGE('',*,*,#1456,.T.);
#797=ORIENTED_EDGE('',*,*,#1235,.T.);
#798=ORIENTED_EDGE('',*,*,#1457,.T.);
#799=ORIENTED_EDGE('',*,*,#1228,.T.);
#800=ORIENTED_EDGE('',*,*,#1458,.T.);
#801=ORIENTED_EDGE('',*,*,#1089,.F.);
#802=ORIENTED_EDGE('',*,*,#1459,.T.);
#803=ORIENTED_EDGE('',*,*,#1205,.F.);
#804=ORIENTED_EDGE('',*,*,#1460,.T.);
#805=ORIENTED_EDGE('',*,*,#1220,.T.);
#806=ORIENTED_EDGE('',*,*,#1461,.T.);
#807=ORIENTED_EDGE('',*,*,#1203,.T.);
#808=ORIENTED_EDGE('',*,*,#1462,.T.);
#809=ORIENTED_EDGE('',*,*,#1222,.F.);
#810=ORIENTED_EDGE('',*,*,#1463,.T.);
#811=ORIENTED_EDGE('',*,*,#1224,.F.);
#812=ORIENTED_EDGE('',*,*,#1464,.T.);
#813=ORIENTED_EDGE('',*,*,#1209,.T.);
#814=ORIENTED_EDGE('',*,*,#1465,.T.);
#815=ORIENTED_EDGE('',*,*,#1207,.T.);
#816=ORIENTED_EDGE('',*,*,#1466,.T.);
#817=ORIENTED_EDGE('',*,*,#1226,.F.);
#818=ORIENTED_EDGE('',*,*,#1467,.T.);
#819=ORIENTED_EDGE('',*,*,#1344,.T.);
#820=ORIENTED_EDGE('',*,*,#1468,.T.);
#821=ORIENTED_EDGE('',*,*,#1212,.F.);
#822=ORIENTED_EDGE('',*,*,#1469,.F.);
#823=ORIENTED_EDGE('',*,*,#1211,.T.);
#824=ORIENTED_EDGE('',*,*,#1470,.T.);
#825=ORIENTED_EDGE('',*,*,#1345,.F.);
#826=ORIENTED_EDGE('',*,*,#1469,.T.);
#827=ORIENTED_EDGE('',*,*,#1347,.F.);
#828=ORIENTED_EDGE('',*,*,#1471,.T.);
#829=ORIENTED_EDGE('',*,*,#1218,.T.);
#830=ORIENTED_EDGE('',*,*,#1472,.T.);
#831=ORIENTED_EDGE('',*,*,#1216,.F.);
#832=ORIENTED_EDGE('',*,*,#1473,.T.);
#833=ORIENTED_EDGE('',*,*,#1349,.T.);
#834=ORIENTED_EDGE('',*,*,#1474,.T.);
#835=ORIENTED_EDGE('',*,*,#1214,.F.);
#836=ORIENTED_EDGE('',*,*,#1475,.T.);
#837=ORIENTED_EDGE('',*,*,#1351,.T.);
#838=ORIENTED_EDGE('',*,*,#1476,.T.);
#839=ORIENTED_EDGE('',*,*,#1280,.F.);
#840=ORIENTED_EDGE('',*,*,#1368,.F.);
#841=ORIENTED_EDGE('',*,*,#1116,.F.);
#842=ORIENTED_EDGE('',*,*,#1362,.F.);
#843=ORIENTED_EDGE('',*,*,#1274,.F.);
#844=ORIENTED_EDGE('',*,*,#1363,.F.);
#845=ORIENTED_EDGE('',*,*,#1114,.F.);
#846=ORIENTED_EDGE('',*,*,#1364,.F.);
#847=ORIENTED_EDGE('',*,*,#1276,.F.);
#848=ORIENTED_EDGE('',*,*,#1365,.F.);
#849=ORIENTED_EDGE('',*,*,#1120,.F.);
#850=ORIENTED_EDGE('',*,*,#1366,.F.);
#851=ORIENTED_EDGE('',*,*,#1278,.F.);
#852=ORIENTED_EDGE('',*,*,#1367,.F.);
#853=ORIENTED_EDGE('',*,*,#1118,.F.);
#854=ORIENTED_EDGE('',*,*,#1369,.F.);
#855=ORIENTED_EDGE('',*,*,#1262,.F.);
#856=ORIENTED_EDGE('',*,*,#1398,.F.);
#857=ORIENTED_EDGE('',*,*,#1152,.F.);
#858=ORIENTED_EDGE('',*,*,#1400,.F.);
#859=ORIENTED_EDGE('',*,*,#1260,.F.);
#860=ORIENTED_EDGE('',*,*,#1396,.F.);
#861=ORIENTED_EDGE('',*,*,#1146,.F.);
#862=ORIENTED_EDGE('',*,*,#1399,.F.);
#863=ORIENTED_EDGE('',*,*,#1258,.F.);
#864=ORIENTED_EDGE('',*,*,#1394,.F.);
#865=ORIENTED_EDGE('',*,*,#1148,.F.);
#866=ORIENTED_EDGE('',*,*,#1397,.F.);
#867=ORIENTED_EDGE('',*,*,#1264,.F.);
#868=ORIENTED_EDGE('',*,*,#1401,.F.);
#869=ORIENTED_EDGE('',*,*,#1150,.F.);
#870=ORIENTED_EDGE('',*,*,#1395,.F.);
#871=ORIENTED_EDGE('',*,*,#1252,.F.);
#872=ORIENTED_EDGE('',*,*,#1416,.F.);
#873=ORIENTED_EDGE('',*,*,#1172,.F.);
#874=ORIENTED_EDGE('',*,*,#1418,.F.);
#875=ORIENTED_EDGE('',*,*,#1250,.F.);
#876=ORIENTED_EDGE('',*,*,#1414,.F.);
#877=ORIENTED_EDGE('',*,*,#1164,.F.);
#878=ORIENTED_EDGE('',*,*,#1417,.F.);
#879=ORIENTED_EDGE('',*,*,#1248,.F.);
#880=ORIENTED_EDGE('',*,*,#1412,.F.);
#881=ORIENTED_EDGE('',*,*,#1166,.F.);
#882=ORIENTED_EDGE('',*,*,#1415,.F.);
#883=ORIENTED_EDGE('',*,*,#1256,.F.);
#884=ORIENTED_EDGE('',*,*,#1420,.F.);
#885=ORIENTED_EDGE('',*,*,#1168,.F.);
#886=ORIENTED_EDGE('',*,*,#1413,.F.);
#887=ORIENTED_EDGE('',*,*,#1254,.F.);
#888=ORIENTED_EDGE('',*,*,#1419,.F.);
#889=ORIENTED_EDGE('',*,*,#1170,.F.);
#890=ORIENTED_EDGE('',*,*,#1421,.F.);
#891=ORIENTED_EDGE('',*,*,#1317,.F.);
#892=ORIENTED_EDGE('',*,*,#1404,.F.);
#893=ORIENTED_EDGE('',*,*,#1162,.F.);
#894=ORIENTED_EDGE('',*,*,#1406,.F.);
#895=ORIENTED_EDGE('',*,*,#1319,.F.);
#896=ORIENTED_EDGE('',*,*,#1407,.F.);
#897=ORIENTED_EDGE('',*,*,#1160,.F.);
#898=ORIENTED_EDGE('',*,*,#1408,.F.);
#899=ORIENTED_EDGE('',*,*,#1321,.F.);
#900=ORIENTED_EDGE('',*,*,#1409,.F.);
#901=ORIENTED_EDGE('',*,*,#1158,.F.);
#902=ORIENTED_EDGE('',*,*,#1410,.F.);
#903=ORIENTED_EDGE('',*,*,#1323,.F.);
#904=ORIENTED_EDGE('',*,*,#1411,.F.);
#905=ORIENTED_EDGE('',*,*,#1156,.F.);
#906=ORIENTED_EDGE('',*,*,#1402,.F.);
#907=ORIENTED_EDGE('',*,*,#1315,.F.);
#908=ORIENTED_EDGE('',*,*,#1403,.F.);
#909=ORIENTED_EDGE('',*,*,#1154,.F.);
#910=ORIENTED_EDGE('',*,*,#1405,.F.);
#911=ORIENTED_EDGE('',*,*,#1240,.F.);
#912=ORIENTED_EDGE('',*,*,#1434,.F.);
#913=ORIENTED_EDGE('',*,*,#1192,.F.);
#914=ORIENTED_EDGE('',*,*,#1436,.F.);
#915=ORIENTED_EDGE('',*,*,#1242,.F.);
#916=ORIENTED_EDGE('',*,*,#1437,.F.);
#917=ORIENTED_EDGE('',*,*,#1190,.F.);
#918=ORIENTED_EDGE('',*,*,#1438,.F.);
#919=ORIENTED_EDGE('',*,*,#1238,.F.);
#920=ORIENTED_EDGE('',*,*,#1432,.F.);
#921=ORIENTED_EDGE('',*,*,#1184,.F.);
#922=ORIENTED_EDGE('',*,*,#1435,.F.);
#923=ORIENTED_EDGE('',*,*,#1246,.F.);
#924=ORIENTED_EDGE('',*,*,#1440,.F.);
#925=ORIENTED_EDGE('',*,*,#1186,.F.);
#926=ORIENTED_EDGE('',*,*,#1433,.F.);
#927=ORIENTED_EDGE('',*,*,#1244,.F.);
#928=ORIENTED_EDGE('',*,*,#1439,.F.);
#929=ORIENTED_EDGE('',*,*,#1188,.F.);
#930=ORIENTED_EDGE('',*,*,#1441,.F.);
#931=ORIENTED_EDGE('',*,*,#1301,.F.);
#932=ORIENTED_EDGE('',*,*,#1372,.F.);
#933=ORIENTED_EDGE('',*,*,#1122,.F.);
#934=ORIENTED_EDGE('',*,*,#1374,.F.);
#935=ORIENTED_EDGE('',*,*,#1303,.F.);
#936=ORIENTED_EDGE('',*,*,#1375,.F.);
#937=ORIENTED_EDGE('',*,*,#1128,.F.);
#938=ORIENTED_EDGE('',*,*,#1376,.F.);
#939=ORIENTED_EDGE('',*,*,#1299,.F.);
#940=ORIENTED_EDGE('',*,*,#1370,.F.);
#941=ORIENTED_EDGE('',*,*,#1124,.F.);
#942=ORIENTED_EDGE('',*,*,#1373,.F.);
#943=ORIENTED_EDGE('',*,*,#1305,.F.);
#944=ORIENTED_EDGE('',*,*,#1377,.F.);
#945=ORIENTED_EDGE('',*,*,#1126,.F.);
#946=ORIENTED_EDGE('',*,*,#1371,.F.);
#947=ORIENTED_EDGE('',*,*,#1270,.F.);
#948=ORIENTED_EDGE('',*,*,#1382,.F.);
#949=ORIENTED_EDGE('',*,*,#1134,.F.);
#950=ORIENTED_EDGE('',*,*,#1384,.F.);
#951=ORIENTED_EDGE('',*,*,#1272,.F.);
#952=ORIENTED_EDGE('',*,*,#1385,.F.);
#953=ORIENTED_EDGE('',*,*,#1132,.F.);
#954=ORIENTED_EDGE('',*,*,#1378,.F.);
#955=ORIENTED_EDGE('',*,*,#1266,.F.);
#956=ORIENTED_EDGE('',*,*,#1379,.F.);
#957=ORIENTED_EDGE('',*,*,#1130,.F.);
#958=ORIENTED_EDGE('',*,*,#1380,.F.);
#959=ORIENTED_EDGE('',*,*,#1268,.F.);
#960=ORIENTED_EDGE('',*,*,#1381,.F.);
#961=ORIENTED_EDGE('',*,*,#1136,.F.);
#962=ORIENTED_EDGE('',*,*,#1383,.F.);
#963=ORIENTED_EDGE('',*,*,#1331,.F.);
#964=ORIENTED_EDGE('',*,*,#1428,.F.);
#965=ORIENTED_EDGE('',*,*,#1180,.F.);
#966=ORIENTED_EDGE('',*,*,#1430,.F.);
#967=ORIENTED_EDGE('',*,*,#1333,.F.);
#968=ORIENTED_EDGE('',*,*,#1431,.F.);
#969=ORIENTED_EDGE('',*,*,#1178,.F.);
#970=ORIENTED_EDGE('',*,*,#1422,.F.);
#971=ORIENTED_EDGE('',*,*,#1325,.F.);
#972=ORIENTED_EDGE('',*,*,#1423,.F.);
#973=ORIENTED_EDGE('',*,*,#1176,.F.);
#974=ORIENTED_EDGE('',*,*,#1424,.F.);
#975=ORIENTED_EDGE('',*,*,#1327,.F.);
#976=ORIENTED_EDGE('',*,*,#1425,.F.);
#977=ORIENTED_EDGE('',*,*,#1174,.F.);
#978=ORIENTED_EDGE('',*,*,#1426,.F.);
#979=ORIENTED_EDGE('',*,*,#1329,.F.);
#980=ORIENTED_EDGE('',*,*,#1427,.F.);
#981=ORIENTED_EDGE('',*,*,#1182,.F.);
#982=ORIENTED_EDGE('',*,*,#1429,.F.);
#983=ORIENTED_EDGE('',*,*,#1346,.F.);
#984=ORIENTED_EDGE('',*,*,#1470,.F.);
#985=ORIENTED_EDGE('',*,*,#1219,.F.);
#986=ORIENTED_EDGE('',*,*,#1471,.F.);
#987=ORIENTED_EDGE('',*,*,#1352,.F.);
#988=ORIENTED_EDGE('',*,*,#1475,.F.);
#989=ORIENTED_EDGE('',*,*,#1213,.F.);
#990=ORIENTED_EDGE('',*,*,#1468,.F.);
#991=ORIENTED_EDGE('',*,*,#1350,.F.);
#992=ORIENTED_EDGE('',*,*,#1473,.F.);
#993=ORIENTED_EDGE('',*,*,#1215,.F.);
#994=ORIENTED_EDGE('',*,*,#1476,.F.);
#995=ORIENTED_EDGE('',*,*,#1348,.F.);
#996=ORIENTED_EDGE('',*,*,#1472,.F.);
#997=ORIENTED_EDGE('',*,*,#1217,.F.);
#998=ORIENTED_EDGE('',*,*,#1474,.F.);
#999=ORIENTED_EDGE('',*,*,#1313,.F.);
#1000=ORIENTED_EDGE('',*,*,#1392,.F.);
#1001=ORIENTED_EDGE('',*,*,#1142,.F.);
#1002=ORIENTED_EDGE('',*,*,#1386,.F.);
#1003=ORIENTED_EDGE('',*,*,#1307,.F.);
#1004=ORIENTED_EDGE('',*,*,#1387,.F.);
#1005=ORIENTED_EDGE('',*,*,#1140,.F.);
#1006=ORIENTED_EDGE('',*,*,#1388,.F.);
#1007=ORIENTED_EDGE('',*,*,#1309,.F.);
#1008=ORIENTED_EDGE('',*,*,#1389,.F.);
#1009=ORIENTED_EDGE('',*,*,#1138,.F.);
#1010=ORIENTED_EDGE('',*,*,#1390,.F.);
#1011=ORIENTED_EDGE('',*,*,#1311,.F.);
#1012=ORIENTED_EDGE('',*,*,#1391,.F.);
#1013=ORIENTED_EDGE('',*,*,#1144,.F.);
#1014=ORIENTED_EDGE('',*,*,#1393,.F.);
#1015=ORIENTED_EDGE('',*,*,#1359,.F.);
#1016=ORIENTED_EDGE('',*,*,#1294,.F.);
#1017=ORIENTED_EDGE('',*,*,#1477,.F.);
#1018=ORIENTED_EDGE('',*,*,#1109,.F.);
#1019=ORIENTED_EDGE('',*,*,#1293,.F.);
#1020=ORIENTED_EDGE('',*,*,#1357,.F.);
#1021=ORIENTED_EDGE('',*,*,#1110,.F.);
#1022=ORIENTED_EDGE('',*,*,#1477,.T.);
#1023=ORIENTED_EDGE('',*,*,#1291,.F.);
#1024=ORIENTED_EDGE('',*,*,#1355,.F.);
#1025=ORIENTED_EDGE('',*,*,#1112,.F.);
#1026=ORIENTED_EDGE('',*,*,#1358,.F.);
#1027=ORIENTED_EDGE('',*,*,#1289,.F.);
#1028=ORIENTED_EDGE('',*,*,#1353,.F.);
#1029=ORIENTED_EDGE('',*,*,#1104,.F.);
#1030=ORIENTED_EDGE('',*,*,#1356,.F.);
#1031=ORIENTED_EDGE('',*,*,#1296,.F.);
#1032=ORIENTED_EDGE('',*,*,#1360,.F.);
#1033=ORIENTED_EDGE('',*,*,#1107,.F.);
#1034=ORIENTED_EDGE('',*,*,#1361,.F.);
#1035=ORIENTED_EDGE('',*,*,#1236,.F.);
#1036=ORIENTED_EDGE('',*,*,#1456,.F.);
#1037=ORIENTED_EDGE('',*,*,#1090,.F.);
#1038=ORIENTED_EDGE('',*,*,#1458,.F.);
#1039=ORIENTED_EDGE('',*,*,#1229,.F.);
#1040=ORIENTED_EDGE('',*,*,#1459,.F.);
#1041=ORIENTED_EDGE('',*,*,#1088,.F.);
#1042=ORIENTED_EDGE('',*,*,#1451,.F.);
#1043=ORIENTED_EDGE('',*,*,#1234,.F.);
#1044=ORIENTED_EDGE('',*,*,#1455,.F.);
#1045=ORIENTED_EDGE('',*,*,#1092,.F.);
#1046=ORIENTED_EDGE('',*,*,#1457,.F.);
#1047=ORIENTED_EDGE('',*,*,#1231,.F.);
#1048=ORIENTED_EDGE('',*,*,#1452,.F.);
#1049=ORIENTED_EDGE('',*,*,#1095,.F.);
#1050=ORIENTED_EDGE('',*,*,#1453,.F.);
#1051=ORIENTED_EDGE('',*,*,#1478,.F.);
#1052=ORIENTED_EDGE('',*,*,#1337,.F.);
#1053=ORIENTED_EDGE('',*,*,#1444,.F.);
#1054=ORIENTED_EDGE('',*,*,#1194,.F.);
#1055=ORIENTED_EDGE('',*,*,#1338,.F.);
#1056=ORIENTED_EDGE('',*,*,#1478,.T.);
#1057=ORIENTED_EDGE('',*,*,#1193,.F.);
#1058=ORIENTED_EDGE('',*,*,#1446,.F.);
#1059=ORIENTED_EDGE('',*,*,#1335,.F.);
#1060=ORIENTED_EDGE('',*,*,#1442,.F.);
#1061=ORIENTED_EDGE('',*,*,#1196,.F.);
#1062=ORIENTED_EDGE('',*,*,#1445,.F.);
#1063=ORIENTED_EDGE('',*,*,#1340,.F.);
#1064=ORIENTED_EDGE('',*,*,#1447,.F.);
#1065=ORIENTED_EDGE('',*,*,#1201,.F.);
#1066=ORIENTED_EDGE('',*,*,#1448,.F.);
#1067=ORIENTED_EDGE('',*,*,#1342,.F.);
#1068=ORIENTED_EDGE('',*,*,#1449,.F.);
#1069=ORIENTED_EDGE('',*,*,#1199,.F.);
#1070=ORIENTED_EDGE('',*,*,#1450,.F.);
#1071=ORIENTED_EDGE('',*,*,#1223,.F.);
#1072=ORIENTED_EDGE('',*,*,#1462,.F.);
#1073=ORIENTED_EDGE('',*,*,#1210,.F.);
#1074=ORIENTED_EDGE('',*,*,#1464,.F.);
#1075=ORIENTED_EDGE('',*,*,#1221,.F.);
#1076=ORIENTED_EDGE('',*,*,#1460,.F.);
#1077=ORIENTED_EDGE('',*,*,#1204,.F.);
#1078=ORIENTED_EDGE('',*,*,#1463,.F.);
#1079=ORIENTED_EDGE('',*,*,#1227,.F.);
#1080=ORIENTED_EDGE('',*,*,#1466,.F.);
#1081=ORIENTED_EDGE('',*,*,#1206,.F.);
#1082=ORIENTED_EDGE('',*,*,#1461,.F.);
#1083=ORIENTED_EDGE('',*,*,#1225,.F.);
#1084=ORIENTED_EDGE('',*,*,#1465,.F.);
#1085=ORIENTED_EDGE('',*,*,#1208,.F.);
#1086=ORIENTED_EDGE('',*,*,#1467,.F.);
#1087=EDGE_CURVE('',#1479,#1480,#1745,.T.);
#1088=EDGE_CURVE('',#1479,#1481,#109,.F.);
#1089=EDGE_CURVE('',#1481,#1482,#1746,.T.);
#1090=EDGE_CURVE('',#1482,#1483,#110,.F.);
#1091=EDGE_CURVE('',#1483,#1484,#1747,.T.);
#1092=EDGE_CURVE('',#1484,#1485,#111,.F.);
#1093=EDGE_CURVE('',#1485,#1486,#112,.T.);
#1094=EDGE_CURVE('',#1487,#1486,#1748,.T.);
#1095=EDGE_CURVE('',#1487,#1480,#113,.F.);
#1096=EDGE_CURVE('',#1488,#1488,#114,.T.);
#1097=EDGE_CURVE('',#1489,#1489,#115,.T.);
#1098=EDGE_CURVE('',#1490,#1490,#116,.T.);
#1099=EDGE_CURVE('',#1491,#1491,#117,.T.);
#1100=EDGE_CURVE('',#1492,#1492,#118,.T.);
#1101=EDGE_CURVE('',#1493,#1493,#119,.T.);
#1102=EDGE_CURVE('',#1494,#1494,#120,.T.);
#1103=EDGE_CURVE('',#1495,#1496,#1749,.T.);
#1104=EDGE_CURVE('',#1495,#1497,#121,.F.);
#1105=EDGE_CURVE('',#1497,#1498,#122,.T.);
#1106=EDGE_CURVE('',#1498,#1499,#1750,.T.);
#1107=EDGE_CURVE('',#1499,#1500,#123,.F.);
#1108=EDGE_CURVE('',#1500,#1501,#124,.T.);
#1109=EDGE_CURVE('',#1501,#1502,#125,.F.);
#1110=EDGE_CURVE('',#1502,#1503,#126,.F.);
#1111=EDGE_CURVE('',#1504,#1503,#127,.T.);
#1112=EDGE_CURVE('',#1504,#1496,#128,.F.);
#1113=EDGE_CURVE('',#1505,#1506,#1751,.T.);
#1114=EDGE_CURVE('',#1505,#1507,#129,.F.);
#1115=EDGE_CURVE('',#1507,#1508,#130,.T.);
#1116=EDGE_CURVE('',#1508,#1509,#131,.F.);
#1117=EDGE_CURVE('',#1510,#1509,#1752,.T.);
#1118=EDGE_CURVE('',#1510,#1511,#132,.F.);
#1119=EDGE_CURVE('',#1512,#1511,#133,.T.);
#1120=EDGE_CURVE('',#1512,#1506,#134,.F.);
#1121=EDGE_CURVE('',#1513,#1514,#1753,.T.);
#1122=EDGE_CURVE('',#1513,#1515,#135,.F.);
#1123=EDGE_CURVE('',#1515,#1516,#136,.T.);
#1124=EDGE_CURVE('',#1516,#1517,#137,.F.);
#1125=EDGE_CURVE('',#1517,#1518,#1754,.T.);
#1126=EDGE_CURVE('',#1518,#1519,#138,.F.);
#1127=EDGE_CURVE('',#1520,#1519,#139,.T.);
#1128=EDGE_CURVE('',#1520,#1514,#140,.F.);
#1129=EDGE_CURVE('',#1521,#1522,#1755,.T.);
#1130=EDGE_CURVE('',#1521,#1523,#141,.F.);
#1131=EDGE_CURVE('',#1523,#1524,#142,.T.);
#1132=EDGE_CURVE('',#1524,#1525,#143,.F.);
#1133=EDGE_CURVE('',#1526,#1525,#1756,.T.);
#1134=EDGE_CURVE('',#1526,#1527,#144,.F.);
#1135=EDGE_CURVE('',#1528,#1527,#145,.T.);
#1136=EDGE_CURVE('',#1528,#1522,#146,.F.);
#1137=EDGE_CURVE('',#1529,#1530,#1757,.T.);
#1138=EDGE_CURVE('',#1529,#1531,#147,.F.);
#1139=EDGE_CURVE('',#1531,#1532,#148,.T.);
#1140=EDGE_CURVE('',#1532,#1533,#149,.F.);
#1141=EDGE_CURVE('',#1533,#1534,#1758,.T.);
#1142=EDGE_CURVE('',#1534,#1535,#150,.F.);
#1143=EDGE_CURVE('',#1536,#1535,#151,.T.);
#1144=EDGE_CURVE('',#1536,#1530,#152,.F.);
#1145=EDGE_CURVE('',#1537,#1538,#1759,.T.);
#1146=EDGE_CURVE('',#1537,#1539,#153,.F.);
#1147=EDGE_CURVE('',#1539,#1540,#154,.T.);
#1148=EDGE_CURVE('',#1540,#1541,#155,.F.);
#1149=EDGE_CURVE('',#1541,#1542,#1760,.T.);
#1150=EDGE_CURVE('',#1542,#1543,#156,.F.);
#1151=EDGE_CURVE('',#1544,#1543,#157,.T.);
#1152=EDGE_CURVE('',#1544,#1538,#158,.F.);
#1153=EDGE_CURVE('',#1545,#1546,#1761,.T.);
#1154=EDGE_CURVE('',#1545,#1547,#159,.F.);
#1155=EDGE_CURVE('',#1547,#1548,#160,.T.);
#1156=EDGE_CURVE('',#1548,#1549,#161,.F.);
#1157=EDGE_CURVE('',#1550,#1549,#1762,.T.);
#1158=EDGE_CURVE('',#1550,#1551,#162,.F.);
#1159=EDGE_CURVE('',#1551,#1552,#1763,.T.);
#1160=EDGE_CURVE('',#1552,#1553,#163,.F.);
#1161=EDGE_CURVE('',#1553,#1554,#164,.T.);
#1162=EDGE_CURVE('',#1554,#1546,#165,.F.);
#1163=EDGE_CURVE('',#1555,#1556,#1764,.T.);
#1164=EDGE_CURVE('',#1555,#1557,#166,.F.);
#1165=EDGE_CURVE('',#1557,#1558,#167,.T.);
#1166=EDGE_CURVE('',#1558,#1559,#168,.F.);
#1167=EDGE_CURVE('',#1559,#1560,#1765,.T.);
#1168=EDGE_CURVE('',#1560,#1561,#169,.F.);
#1169=EDGE_CURVE('',#1561,#1562,#170,.T.);
#1170=EDGE_CURVE('',#1562,#1563,#171,.F.);
#1171=EDGE_CURVE('',#1563,#1564,#1766,.T.);
#1172=EDGE_CURVE('',#1564,#1556,#172,.F.);
#1173=EDGE_CURVE('',#1565,#1566,#1767,.T.);
#1174=EDGE_CURVE('',#1566,#1567,#173,.F.);
#1175=EDGE_CURVE('',#1567,#1568,#174,.T.);
#1176=EDGE_CURVE('',#1568,#1569,#175,.F.);
#1177=EDGE_CURVE('',#1569,#1570,#1768,.T.);
#1178=EDGE_CURVE('',#1570,#1571,#176,.F.);
#1179=EDGE_CURVE('',#1571,#1572,#177,.T.);
#1180=EDGE_CURVE('',#1572,#1573,#178,.F.);
#1181=EDGE_CURVE('',#1574,#1573,#1769,.T.);
#1182=EDGE_CURVE('',#1574,#1565,#179,.F.);
#1183=EDGE_CURVE('',#1575,#1576,#1770,.T.);
#1184=EDGE_CURVE('',#1575,#1577,#180,.F.);
#1185=EDGE_CURVE('',#1577,#1578,#181,.T.);
#1186=EDGE_CURVE('',#1578,#1579,#182,.F.);
#1187=EDGE_CURVE('',#1579,#1580,#1771,.T.);
#1188=EDGE_CURVE('',#1580,#1581,#183,.F.);
#1189=EDGE_CURVE('',#1581,#1582,#1772,.T.);
#1190=EDGE_CURVE('',#1582,#1583,#184,.F.);
#1191=EDGE_CURVE('',#1583,#1584,#185,.T.);
#1192=EDGE_CURVE('',#1584,#1576,#186,.F.);
#1193=EDGE_CURVE('',#1585,#1586,#187,.F.);
#1194=EDGE_CURVE('',#1586,#1587,#188,.F.);
#1195=EDGE_CURVE('',#1587,#1588,#189,.T.);
#1196=EDGE_CURVE('',#1588,#1589,#190,.F.);
#1197=EDGE_CURVE('',#1589,#1590,#1773,.T.);
#1198=EDGE_CURVE('',#1590,#1591,#191,.T.);
#1199=EDGE_CURVE('',#1591,#1592,#192,.F.);
#1200=EDGE_CURVE('',#1592,#1593,#1774,.T.);
#1201=EDGE_CURVE('',#1593,#1594,#193,.F.);
#1202=EDGE_CURVE('',#1585,#1594,#194,.T.);
#1203=EDGE_CURVE('',#1595,#1596,#1775,.T.);
#1204=EDGE_CURVE('',#1595,#1597,#195,.F.);
#1205=EDGE_CURVE('',#1597,#1598,#196,.T.);
#1206=EDGE_CURVE('',#1598,#1599,#197,.F.);
#1207=EDGE_CURVE('',#1600,#1599,#1776,.T.);
#1208=EDGE_CURVE('',#1600,#1601,#198,.F.);
#1209=EDGE_CURVE('',#1602,#1601,#199,.T.);
#1210=EDGE_CURVE('',#1602,#1596,#200,.F.);
#1211=EDGE_CURVE('',#1603,#1604,#1777,.T.);
#1212=EDGE_CURVE('',#1603,#1605,#201,.T.);
#1213=EDGE_CURVE('',#1605,#1606,#202,.F.);
#1214=EDGE_CURVE('',#1606,#1607,#1778,.T.);
#1215=EDGE_CURVE('',#1607,#1608,#203,.F.);
#1216=EDGE_CURVE('',#1608,#1609,#1779,.T.);
#1217=EDGE_CURVE('',#1609,#1610,#204,.F.);
#1218=EDGE_CURVE('',#1611,#1610,#1780,.T.);
#1219=EDGE_CURVE('',#1611,#1604,#205,.F.);
#1220=EDGE_CURVE('',#1612,#1613,#206,.T.);
#1221=EDGE_CURVE('',#1612,#1614,#207,.T.);
#1222=EDGE_CURVE('',#1614,#1615,#1781,.T.);
#1223=EDGE_CURVE('',#1615,#1616,#208,.T.);
#1224=EDGE_CURVE('',#1616,#1617,#209,.T.);
#1225=EDGE_CURVE('',#1617,#1618,#210,.T.);
#1226=EDGE_CURVE('',#1618,#1619,#1782,.T.);
#1227=EDGE_CURVE('',#1619,#1613,#211,.T.);
#1228=EDGE_CURVE('',#1620,#1621,#1783,.T.);
#1229=EDGE_CURVE('',#1620,#1622,#212,.T.);
#1230=EDGE_CURVE('',#1622,#1623,#1784,.T.);
#1231=EDGE_CURVE('',#1623,#1624,#213,.T.);
#1232=EDGE_CURVE('',#1624,#1625,#1785,.T.);
#1233=EDGE_CURVE('',#1626,#1625,#214,.T.);
#1234=EDGE_CURVE('',#1626,#1627,#215,.T.);
#1235=EDGE_CURVE('',#1628,#1627,#1786,.T.);
#1236=EDGE_CURVE('',#1628,#1621,#216,.T.);
#1237=EDGE_CURVE('',#1629,#1630,#217,.T.);
#1238=EDGE_CURVE('',#1629,#1631,#218,.T.);
#1239=EDGE_CURVE('',#1631,#1632,#1787,.T.);
#1240=EDGE_CURVE('',#1632,#1633,#219,.T.);
#1241=EDGE_CURVE('',#1634,#1633,#220,.T.);
#1242=EDGE_CURVE('',#1634,#1635,#221,.T.);
#1243=EDGE_CURVE('',#1636,#1635,#1788,.T.);
#1244=EDGE_CURVE('',#1636,#1637,#222,.T.);
#1245=EDGE_CURVE('',#1638,#1637,#1789,.T.);
#1246=EDGE_CURVE('',#1638,#1630,#223,.T.);
#1247=EDGE_CURVE('',#1639,#1640,#1790,.T.);
#1248=EDGE_CURVE('',#1639,#1641,#224,.T.);
#1249=EDGE_CURVE('',#1642,#1641,#225,.T.);
#1250=EDGE_CURVE('',#1642,#1643,#226,.T.);
#1251=EDGE_CURVE('',#1643,#1644,#1791,.T.);
#1252=EDGE_CURVE('',#1644,#1645,#227,.T.);
#1253=EDGE_CURVE('',#1646,#1645,#1792,.T.);
#1254=EDGE_CURVE('',#1646,#1647,#228,.T.);
#1255=EDGE_CURVE('',#1648,#1647,#229,.T.);
#1256=EDGE_CURVE('',#1648,#1640,#230,.T.);
#1257=EDGE_CURVE('',#1649,#1650,#1793,.T.);
#1258=EDGE_CURVE('',#1649,#1651,#231,.T.);
#1259=EDGE_CURVE('',#1652,#1651,#232,.T.);
#1260=EDGE_CURVE('',#1652,#1653,#233,.T.);
#1261=EDGE_CURVE('',#1653,#1654,#1794,.T.);
#1262=EDGE_CURVE('',#1654,#1655,#234,.T.);
#1263=EDGE_CURVE('',#1655,#1656,#235,.T.);
#1264=EDGE_CURVE('',#1656,#1650,#236,.T.);
#1265=EDGE_CURVE('',#1657,#1658,#237,.T.);
#1266=EDGE_CURVE('',#1657,#1659,#238,.T.);
#1267=EDGE_CURVE('',#1659,#1660,#1795,.T.);
#1268=EDGE_CURVE('',#1660,#1661,#239,.T.);
#1269=EDGE_CURVE('',#1661,#1662,#240,.T.);
#1270=EDGE_CURVE('',#1662,#1663,#241,.T.);
#1271=EDGE_CURVE('',#1663,#1664,#1796,.T.);
#1272=EDGE_CURVE('',#1664,#1658,#242,.T.);
#1273=EDGE_CURVE('',#1665,#1666,#243,.T.);
#1274=EDGE_CURVE('',#1665,#1667,#244,.T.);
#1275=EDGE_CURVE('',#1667,#1668,#1797,.T.);
#1276=EDGE_CURVE('',#1668,#1669,#245,.T.);
#1277=EDGE_CURVE('',#1669,#1670,#246,.T.);
#1278=EDGE_CURVE('',#1670,#1671,#247,.T.);
#1279=EDGE_CURVE('',#1671,#1672,#1798,.T.);
#1280=EDGE_CURVE('',#1672,#1666,#248,.T.);
#1281=EDGE_CURVE('',#1673,#1673,#249,.T.);
#1282=EDGE_CURVE('',#1674,#1674,#250,.T.);
#1283=EDGE_CURVE('',#1675,#1675,#251,.T.);
#1284=EDGE_CURVE('',#1676,#1676,#252,.T.);
#1285=EDGE_CURVE('',#1677,#1677,#253,.T.);
#1286=EDGE_CURVE('',#1678,#1678,#254,.T.);
#1287=EDGE_CURVE('',#1679,#1679,#255,.T.);
#1288=EDGE_CURVE('',#1680,#1681,#256,.T.);
#1289=EDGE_CURVE('',#1680,#1682,#257,.T.);
#1290=EDGE_CURVE('',#1682,#1683,#1799,.T.);
#1291=EDGE_CURVE('',#1683,#1684,#258,.T.);
#1292=EDGE_CURVE('',#1684,#1685,#259,.T.);
#1293=EDGE_CURVE('',#1685,#1686,#260,.T.);
#1294=EDGE_CURVE('',#1686,#1687,#261,.T.);
#1295=EDGE_CURVE('',#1688,#1687,#262,.T.);
#1296=EDGE_CURVE('',#1688,#1689,#263,.T.);
#1297=EDGE_CURVE('',#1681,#1689,#1800,.T.);
#1298=EDGE_CURVE('',#1690,#1691,#1801,.T.);
#1299=EDGE_CURVE('',#1690,#1692,#264,.T.);
#1300=EDGE_CURVE('',#1693,#1692,#265,.T.);
#1301=EDGE_CURVE('',#1693,#1694,#266,.T.);
#1302=EDGE_CURVE('',#1694,#1695,#1802,.T.);
#1303=EDGE_CURVE('',#1695,#1696,#267,.T.);
#1304=EDGE_CURVE('',#1696,#1697,#268,.T.);
#1305=EDGE_CURVE('',#1697,#1691,#269,.T.);
#1306=EDGE_CURVE('',#1698,#1699,#1803,.T.);
#1307=EDGE_CURVE('',#1698,#1700,#270,.T.);
#1308=EDGE_CURVE('',#1701,#1700,#271,.T.);
#1309=EDGE_CURVE('',#1701,#1702,#272,.T.);
#1310=EDGE_CURVE('',#1702,#1703,#1804,.T.);
#1311=EDGE_CURVE('',#1703,#1704,#273,.T.);
#1312=EDGE_CURVE('',#1704,#1705,#274,.T.);
#1313=EDGE_CURVE('',#1705,#1699,#275,.T.);
#1314=EDGE_CURVE('',#1706,#1707,#276,.T.);
#1315=EDGE_CURVE('',#1706,#1708,#277,.T.);
#1316=EDGE_CURVE('',#1708,#1709,#1805,.T.);
#1317=EDGE_CURVE('',#1709,#1710,#278,.T.);
#1318=EDGE_CURVE('',#1711,#1710,#279,.T.);
#1319=EDGE_CURVE('',#1711,#1712,#280,.T.);
#1320=EDGE_CURVE('',#1713,#1712,#1806,.T.);
#1321=EDGE_CURVE('',#1713,#1714,#281,.T.);
#1322=EDGE_CURVE('',#1714,#1715,#1807,.T.);
#1323=EDGE_CURVE('',#1715,#1707,#282,.T.);
#1324=EDGE_CURVE('',#1716,#1717,#1808,.T.);
#1325=EDGE_CURVE('',#1716,#1718,#283,.T.);
#1326=EDGE_CURVE('',#1719,#1718,#284,.T.);
#1327=EDGE_CURVE('',#1719,#1720,#285,.T.);
#1328=EDGE_CURVE('',#1721,#1720,#1809,.T.);
#1329=EDGE_CURVE('',#1721,#1722,#286,.T.);
#1330=EDGE_CURVE('',#1722,#1723,#1810,.T.);
#1331=EDGE_CURVE('',#1723,#1724,#287,.T.);
#1332=EDGE_CURVE('',#1725,#1724,#288,.T.);
#1333=EDGE_CURVE('',#1725,#1717,#289,.T.);
#1334=EDGE_CURVE('',#1726,#1727,#1811,.T.);
#1335=EDGE_CURVE('',#1726,#1728,#290,.T.);
#1336=EDGE_CURVE('',#1729,#1728,#291,.T.);
#1337=EDGE_CURVE('',#1729,#1730,#292,.T.);
#1338=EDGE_CURVE('',#1730,#1731,#293,.T.);
#1339=EDGE_CURVE('',#1731,#1732,#294,.T.);
#1340=EDGE_CURVE('',#1732,#1733,#295,.T.);
#1341=EDGE_CURVE('',#1734,#1733,#1812,.T.);
#1342=EDGE_CURVE('',#1734,#1735,#296,.T.);
#1343=EDGE_CURVE('',#1727,#1735,#297,.T.);
#1344=EDGE_CURVE('',#1736,#1737,#298,.T.);
#1345=EDGE_CURVE('',#1736,#1738,#1813,.T.);
#1346=EDGE_CURVE('',#1738,#1739,#299,.T.);
#1347=EDGE_CURVE('',#1739,#1740,#1814,.T.);
#1348=EDGE_CURVE('',#1740,#1741,#300,.T.);
#1349=EDGE_CURVE('',#1742,#1741,#1815,.T.);
#1350=EDGE_CURVE('',#1742,#1743,#301,.T.);
#1351=EDGE_CURVE('',#1744,#1743,#1816,.T.);
#1352=EDGE_CURVE('',#1744,#1737,#302,.T.);
#1353=EDGE_CURVE('',#1497,#1680,#1817,.F.);
#1354=EDGE_CURVE('',#1681,#1498,#1818,.T.);
#1355=EDGE_CURVE('',#1496,#1683,#1819,.T.);
#1356=EDGE_CURVE('',#1682,#1495,#1820,.T.);
#1357=EDGE_CURVE('',#1503,#1685,#1821,.F.);
#1358=EDGE_CURVE('',#1684,#1504,#1822,.T.);
#1359=EDGE_CURVE('',#1687,#1501,#1823,.T.);
#1360=EDGE_CURVE('',#1500,#1688,#1824,.F.);
#1361=EDGE_CURVE('',#1689,#1499,#1825,.F.);
#1362=EDGE_CURVE('',#1666,#1508,#1826,.T.);
#1363=EDGE_CURVE('',#1507,#1665,#1827,.F.);
#1364=EDGE_CURVE('',#1667,#1505,#1828,.T.);
#1365=EDGE_CURVE('',#1506,#1668,#1829,.T.);
#1366=EDGE_CURVE('',#1669,#1512,#1830,.T.);
#1367=EDGE_CURVE('',#1511,#1670,#1831,.F.);
#1368=EDGE_CURVE('',#1509,#1672,#1832,.F.);
#1369=EDGE_CURVE('',#1671,#1510,#1833,.F.);
#1370=EDGE_CURVE('',#1517,#1690,#1834,.T.);
#1371=EDGE_CURVE('',#1691,#1518,#1835,.T.);
#1372=EDGE_CURVE('',#1515,#1693,#1836,.F.);
#1373=EDGE_CURVE('',#1692,#1516,#1837,.T.);
#1374=EDGE_CURVE('',#1694,#1513,#1838,.T.);
#1375=EDGE_CURVE('',#1514,#1695,#1839,.T.);
#1376=EDGE_CURVE('',#1696,#1520,#1840,.T.);
#1377=EDGE_CURVE('',#1519,#1697,#1841,.F.);
#1378=EDGE_CURVE('',#1658,#1524,#1842,.T.);
#1379=EDGE_CURVE('',#1523,#1657,#1843,.F.);
#1380=EDGE_CURVE('',#1659,#1521,#1844,.T.);
#1381=EDGE_CURVE('',#1522,#1660,#1845,.T.);
#1382=EDGE_CURVE('',#1527,#1662,#1846,.F.);
#1383=EDGE_CURVE('',#1661,#1528,#1847,.T.);
#1384=EDGE_CURVE('',#1663,#1526,#1848,.F.);
#1385=EDGE_CURVE('',#1525,#1664,#1849,.F.);
#1386=EDGE_CURVE('',#1699,#1534,#1850,.T.);
#1387=EDGE_CURVE('',#1533,#1698,#1851,.T.);
#1388=EDGE_CURVE('',#1700,#1532,#1852,.T.);
#1389=EDGE_CURVE('',#1531,#1701,#1853,.F.);
#1390=EDGE_CURVE('',#1702,#1529,#1854,.T.);
#1391=EDGE_CURVE('',#1530,#1703,#1855,.T.);
#1392=EDGE_CURVE('',#1535,#1705,#1856,.F.);
#1393=EDGE_CURVE('',#1704,#1536,#1857,.T.);
#1394=EDGE_CURVE('',#1541,#1649,#1858,.T.);
#1395=EDGE_CURVE('',#1650,#1542,#1859,.T.);
#1396=EDGE_CURVE('',#1539,#1652,#1860,.F.);
#1397=EDGE_CURVE('',#1651,#1540,#1861,.T.);
#1398=EDGE_CURVE('',#1538,#1654,#1862,.T.);
#1399=EDGE_CURVE('',#1653,#1537,#1863,.T.);
#1400=EDGE_CURVE('',#1655,#1544,#1864,.T.);
#1401=EDGE_CURVE('',#1543,#1656,#1865,.F.);
#1402=EDGE_CURVE('',#1707,#1548,#1866,.T.);
#1403=EDGE_CURVE('',#1547,#1706,#1867,.F.);
#1404=EDGE_CURVE('',#1546,#1709,#1868,.F.);
#1405=EDGE_CURVE('',#1708,#1545,#1869,.T.);
#1406=EDGE_CURVE('',#1710,#1554,#1870,.T.);
#1407=EDGE_CURVE('',#1553,#1711,#1871,.F.);
#1408=EDGE_CURVE('',#1712,#1552,#1872,.F.);
#1409=EDGE_CURVE('',#1551,#1713,#1873,.F.);
#1410=EDGE_CURVE('',#1714,#1550,#1874,.T.);
#1411=EDGE_CURVE('',#1549,#1715,#1875,.F.);
#1412=EDGE_CURVE('',#1559,#1639,#1876,.T.);
#1413=EDGE_CURVE('',#1640,#1560,#1877,.F.);
#1414=EDGE_CURVE('',#1557,#1642,#1878,.F.);
#1415=EDGE_CURVE('',#1641,#1558,#1879,.T.);
#1416=EDGE_CURVE('',#1556,#1644,#1880,.F.);
#1417=EDGE_CURVE('',#1643,#1555,#1881,.T.);
#1418=EDGE_CURVE('',#1645,#1564,#1882,.T.);
#1419=EDGE_CURVE('',#1563,#1646,#1883,.T.);
#1420=EDGE_CURVE('',#1561,#1648,#1884,.F.);
#1421=EDGE_CURVE('',#1647,#1562,#1885,.T.);
#1422=EDGE_CURVE('',#1717,#1570,#1886,.F.);
#1423=EDGE_CURVE('',#1569,#1716,#1887,.T.);
#1424=EDGE_CURVE('',#1718,#1568,#1888,.T.);
#1425=EDGE_CURVE('',#1567,#1719,#1889,.F.);
#1426=EDGE_CURVE('',#1720,#1566,#1890,.F.);
#1427=EDGE_CURVE('',#1565,#1721,#1891,.F.);
#1428=EDGE_CURVE('',#1573,#1723,#1892,.F.);
#1429=EDGE_CURVE('',#1722,#1574,#1893,.T.);
#1430=EDGE_CURVE('',#1724,#1572,#1894,.T.);
#1431=EDGE_CURVE('',#1571,#1725,#1895,.F.);
#1432=EDGE_CURVE('',#1577,#1629,#1896,.F.);
#1433=EDGE_CURVE('',#1630,#1578,#1897,.T.);
#1434=EDGE_CURVE('',#1576,#1632,#1898,.F.);
#1435=EDGE_CURVE('',#1631,#1575,#1899,.T.);
#1436=EDGE_CURVE('',#1633,#1584,#1900,.T.);
#1437=EDGE_CURVE('',#1583,#1634,#1901,.F.);
#1438=EDGE_CURVE('',#1635,#1582,#1902,.F.);
#1439=EDGE_CURVE('',#1581,#1636,#1903,.F.);
#1440=EDGE_CURVE('',#1579,#1638,#1904,.T.);
#1441=EDGE_CURVE('',#1637,#1580,#1905,.T.);
#1442=EDGE_CURVE('',#1589,#1726,#1906,.T.);
#1443=EDGE_CURVE('',#1727,#1590,#1907,.T.);
#1444=EDGE_CURVE('',#1587,#1729,#1908,.F.);
#1445=EDGE_CURVE('',#1728,#1588,#1909,.T.);
#1446=EDGE_CURVE('',#1731,#1585,#1910,.T.);
#1447=EDGE_CURVE('',#1594,#1732,#1911,.F.);
#1448=EDGE_CURVE('',#1733,#1593,#1912,.T.);
#1449=EDGE_CURVE('',#1592,#1734,#1913,.T.);
#1450=EDGE_CURVE('',#1735,#1591,#1914,.T.);
#1451=EDGE_CURVE('',#1622,#1479,#1915,.T.);
#1452=EDGE_CURVE('',#1480,#1623,#1916,.F.);
#1453=EDGE_CURVE('',#1624,#1487,#1917,.T.);
#1454=EDGE_CURVE('',#1625,#1486,#1918,.T.);
#1455=EDGE_CURVE('',#1485,#1626,#1919,.F.);
#1456=EDGE_CURVE('',#1483,#1628,#1920,.F.);
#1457=EDGE_CURVE('',#1627,#1484,#1921,.F.);
#1458=EDGE_CURVE('',#1621,#1482,#1922,.T.);
#1459=EDGE_CURVE('',#1481,#1620,#1923,.F.);
#1460=EDGE_CURVE('',#1597,#1612,#1924,.F.);
#1461=EDGE_CURVE('',#1613,#1598,#1925,.T.);
#1462=EDGE_CURVE('',#1596,#1615,#1926,.T.);
#1463=EDGE_CURVE('',#1614,#1595,#1927,.T.);
#1464=EDGE_CURVE('',#1616,#1602,#1928,.T.);
#1465=EDGE_CURVE('',#1601,#1617,#1929,.F.);
#1466=EDGE_CURVE('',#1599,#1619,#1930,.F.);
#1467=EDGE_CURVE('',#1618,#1600,#1931,.F.);
#1468=EDGE_CURVE('',#1737,#1605,#1932,.T.);
#1469=EDGE_CURVE('',#1736,#1603,#1933,.T.);
#1470=EDGE_CURVE('',#1604,#1738,#1934,.F.);
#1471=EDGE_CURVE('',#1739,#1611,#1935,.T.);
#1472=EDGE_CURVE('',#1610,#1740,#1936,.F.);
#1473=EDGE_CURVE('',#1608,#1742,#1937,.F.);
#1474=EDGE_CURVE('',#1741,#1609,#1938,.T.);
#1475=EDGE_CURVE('',#1606,#1744,#1939,.T.);
#1476=EDGE_CURVE('',#1743,#1607,#1940,.T.);
#1477=EDGE_CURVE('',#1502,#1686,#1941,.F.);
#1478=EDGE_CURVE('',#1730,#1586,#1942,.T.);
#1479=VERTEX_POINT('',#3881);
#1480=VERTEX_POINT('',#3882);
#1481=VERTEX_POINT('',#3884);
#1482=VERTEX_POINT('',#3886);
#1483=VERTEX_POINT('',#3888);
#1484=VERTEX_POINT('',#3890);
#1485=VERTEX_POINT('',#3892);
#1486=VERTEX_POINT('',#3894);
#1487=VERTEX_POINT('',#3896);
#1488=VERTEX_POINT('',#3899);
#1489=VERTEX_POINT('',#3901);
#1490=VERTEX_POINT('',#3903);
#1491=VERTEX_POINT('',#3905);
#1492=VERTEX_POINT('',#3907);
#1493=VERTEX_POINT('',#3909);
#1494=VERTEX_POINT('',#3911);
#1495=VERTEX_POINT('',#3913);
#1496=VERTEX_POINT('',#3914);
#1497=VERTEX_POINT('',#3916);
#1498=VERTEX_POINT('',#3918);
#1499=VERTEX_POINT('',#3920);
#1500=VERTEX_POINT('',#3922);
#1501=VERTEX_POINT('',#3924);
#1502=VERTEX_POINT('',#3926);
#1503=VERTEX_POINT('',#3928);
#1504=VERTEX_POINT('',#3930);
#1505=VERTEX_POINT('',#3933);
#1506=VERTEX_POINT('',#3934);
#1507=VERTEX_POINT('',#3936);
#1508=VERTEX_POINT('',#3938);
#1509=VERTEX_POINT('',#3940);
#1510=VERTEX_POINT('',#3942);
#1511=VERTEX_POINT('',#3944);
#1512=VERTEX_POINT('',#3946);
#1513=VERTEX_POINT('',#3949);
#1514=VERTEX_POINT('',#3950);
#1515=VERTEX_POINT('',#3952);
#1516=VERTEX_POINT('',#3954);
#1517=VERTEX_POINT('',#3956);
#1518=VERTEX_POINT('',#3958);
#1519=VERTEX_POINT('',#3960);
#1520=VERTEX_POINT('',#3962);
#1521=VERTEX_POINT('',#3965);
#1522=VERTEX_POINT('',#3966);
#1523=VERTEX_POINT('',#3968);
#1524=VERTEX_POINT('',#3970);
#1525=VERTEX_POINT('',#3972);
#1526=VERTEX_POINT('',#3974);
#1527=VERTEX_POINT('',#3976);
#1528=VERTEX_POINT('',#3978);
#1529=VERTEX_POINT('',#3981);
#1530=VERTEX_POINT('',#3982);
#1531=VERTEX_POINT('',#3984);
#1532=VERTEX_POINT('',#3986);
#1533=VERTEX_POINT('',#3988);
#1534=VERTEX_POINT('',#3990);
#1535=VERTEX_POINT('',#3992);
#1536=VERTEX_POINT('',#3994);
#1537=VERTEX_POINT('',#3997);
#1538=VERTEX_POINT('',#3998);
#1539=VERTEX_POINT('',#4000);
#1540=VERTEX_POINT('',#4002);
#1541=VERTEX_POINT('',#4004);
#1542=VERTEX_POINT('',#4006);
#1543=VERTEX_POINT('',#4008);
#1544=VERTEX_POINT('',#4010);
#1545=VERTEX_POINT('',#4013);
#1546=VERTEX_POINT('',#4014);
#1547=VERTEX_POINT('',#4016);
#1548=VERTEX_POINT('',#4018);
#1549=VERTEX_POINT('',#4020);
#1550=VERTEX_POINT('',#4022);
#1551=VERTEX_POINT('',#4024);
#1552=VERTEX_POINT('',#4026);
#1553=VERTEX_POINT('',#4028);
#1554=VERTEX_POINT('',#4030);
#1555=VERTEX_POINT('',#4033);
#1556=VERTEX_POINT('',#4034);
#1557=VERTEX_POINT('',#4036);
#1558=VERTEX_POINT('',#4038);
#1559=VERTEX_POINT('',#4040);
#1560=VERTEX_POINT('',#4042);
#1561=VERTEX_POINT('',#4044);
#1562=VERTEX_POINT('',#4046);
#1563=VERTEX_POINT('',#4048);
#1564=VERTEX_POINT('',#4050);
#1565=VERTEX_POINT('',#4053);
#1566=VERTEX_POINT('',#4054);
#1567=VERTEX_POINT('',#4056);
#1568=VERTEX_POINT('',#4058);
#1569=VERTEX_POINT('',#4060);
#1570=VERTEX_POINT('',#4062);
#1571=VERTEX_POINT('',#4064);
#1572=VERTEX_POINT('',#4066);
#1573=VERTEX_POINT('',#4068);
#1574=VERTEX_POINT('',#4070);
#1575=VERTEX_POINT('',#4073);
#1576=VERTEX_POINT('',#4074);
#1577=VERTEX_POINT('',#4076);
#1578=VERTEX_POINT('',#4078);
#1579=VERTEX_POINT('',#4080);
#1580=VERTEX_POINT('',#4082);
#1581=VERTEX_POINT('',#4084);
#1582=VERTEX_POINT('',#4086);
#1583=VERTEX_POINT('',#4088);
#1584=VERTEX_POINT('',#4090);
#1585=VERTEX_POINT('',#4093);
#1586=VERTEX_POINT('',#4094);
#1587=VERTEX_POINT('',#4096);
#1588=VERTEX_POINT('',#4098);
#1589=VERTEX_POINT('',#4100);
#1590=VERTEX_POINT('',#4102);
#1591=VERTEX_POINT('',#4104);
#1592=VERTEX_POINT('',#4106);
#1593=VERTEX_POINT('',#4108);
#1594=VERTEX_POINT('',#4110);
#1595=VERTEX_POINT('',#4113);
#1596=VERTEX_POINT('',#4114);
#1597=VERTEX_POINT('',#4116);
#1598=VERTEX_POINT('',#4118);
#1599=VERTEX_POINT('',#4120);
#1600=VERTEX_POINT('',#4122);
#1601=VERTEX_POINT('',#4124);
#1602=VERTEX_POINT('',#4126);
#1603=VERTEX_POINT('',#4129);
#1604=VERTEX_POINT('',#4130);
#1605=VERTEX_POINT('',#4132);
#1606=VERTEX_POINT('',#4134);
#1607=VERTEX_POINT('',#4136);
#1608=VERTEX_POINT('',#4138);
#1609=VERTEX_POINT('',#4140);
#1610=VERTEX_POINT('',#4142);
#1611=VERTEX_POINT('',#4144);
#1612=VERTEX_POINT('',#4148);
#1613=VERTEX_POINT('',#4149);
#1614=VERTEX_POINT('',#4151);
#1615=VERTEX_POINT('',#4153);
#1616=VERTEX_POINT('',#4155);
#1617=VERTEX_POINT('',#4157);
#1618=VERTEX_POINT('',#4159);
#1619=VERTEX_POINT('',#4161);
#1620=VERTEX_POINT('',#4164);
#1621=VERTEX_POINT('',#4165);
#1622=VERTEX_POINT('',#4167);
#1623=VERTEX_POINT('',#4169);
#1624=VERTEX_POINT('',#4171);
#1625=VERTEX_POINT('',#4173);
#1626=VERTEX_POINT('',#4175);
#1627=VERTEX_POINT('',#4177);
#1628=VERTEX_POINT('',#4179);
#1629=VERTEX_POINT('',#4182);
#1630=VERTEX_POINT('',#4183);
#1631=VERTEX_POINT('',#4185);
#1632=VERTEX_POINT('',#4187);
#1633=VERTEX_POINT('',#4189);
#1634=VERTEX_POINT('',#4191);
#1635=VERTEX_POINT('',#4193);
#1636=VERTEX_POINT('',#4195);
#1637=VERTEX_POINT('',#4197);
#1638=VERTEX_POINT('',#4199);
#1639=VERTEX_POINT('',#4202);
#1640=VERTEX_POINT('',#4203);
#1641=VERTEX_POINT('',#4205);
#1642=VERTEX_POINT('',#4207);
#1643=VERTEX_POINT('',#4209);
#1644=VERTEX_POINT('',#4211);
#1645=VERTEX_POINT('',#4213);
#1646=VERTEX_POINT('',#4215);
#1647=VERTEX_POINT('',#4217);
#1648=VERTEX_POINT('',#4219);
#1649=VERTEX_POINT('',#4222);
#1650=VERTEX_POINT('',#4223);
#1651=VERTEX_POINT('',#4225);
#1652=VERTEX_POINT('',#4227);
#1653=VERTEX_POINT('',#4229);
#1654=VERTEX_POINT('',#4231);
#1655=VERTEX_POINT('',#4233);
#1656=VERTEX_POINT('',#4235);
#1657=VERTEX_POINT('',#4238);
#1658=VERTEX_POINT('',#4239);
#1659=VERTEX_POINT('',#4241);
#1660=VERTEX_POINT('',#4243);
#1661=VERTEX_POINT('',#4245);
#1662=VERTEX_POINT('',#4247);
#1663=VERTEX_POINT('',#4249);
#1664=VERTEX_POINT('',#4251);
#1665=VERTEX_POINT('',#4254);
#1666=VERTEX_POINT('',#4255);
#1667=VERTEX_POINT('',#4257);
#1668=VERTEX_POINT('',#4259);
#1669=VERTEX_POINT('',#4261);
#1670=VERTEX_POINT('',#4263);
#1671=VERTEX_POINT('',#4265);
#1672=VERTEX_POINT('',#4267);
#1673=VERTEX_POINT('',#4270);
#1674=VERTEX_POINT('',#4272);
#1675=VERTEX_POINT('',#4274);
#1676=VERTEX_POINT('',#4276);
#1677=VERTEX_POINT('',#4278);
#1678=VERTEX_POINT('',#4280);
#1679=VERTEX_POINT('',#4282);
#1680=VERTEX_POINT('',#4284);
#1681=VERTEX_POINT('',#4285);
#1682=VERTEX_POINT('',#4287);
#1683=VERTEX_POINT('',#4289);
#1684=VERTEX_POINT('',#4291);
#1685=VERTEX_POINT('',#4293);
#1686=VERTEX_POINT('',#4295);
#1687=VERTEX_POINT('',#4297);
#1688=VERTEX_POINT('',#4299);
#1689=VERTEX_POINT('',#4301);
#1690=VERTEX_POINT('',#4304);
#1691=VERTEX_POINT('',#4305);
#1692=VERTEX_POINT('',#4307);
#1693=VERTEX_POINT('',#4309);
#1694=VERTEX_POINT('',#4311);
#1695=VERTEX_POINT('',#4313);
#1696=VERTEX_POINT('',#4315);
#1697=VERTEX_POINT('',#4317);
#1698=VERTEX_POINT('',#4320);
#1699=VERTEX_POINT('',#4321);
#1700=VERTEX_POINT('',#4323);
#1701=VERTEX_POINT('',#4325);
#1702=VERTEX_POINT('',#4327);
#1703=VERTEX_POINT('',#4329);
#1704=VERTEX_POINT('',#4331);
#1705=VERTEX_POINT('',#4333);
#1706=VERTEX_POINT('',#4336);
#1707=VERTEX_POINT('',#4337);
#1708=VERTEX_POINT('',#4339);
#1709=VERTEX_POINT('',#4341);
#1710=VERTEX_POINT('',#4343);
#1711=VERTEX_POINT('',#4345);
#1712=VERTEX_POINT('',#4347);
#1713=VERTEX_POINT('',#4349);
#1714=VERTEX_POINT('',#4351);
#1715=VERTEX_POINT('',#4353);
#1716=VERTEX_POINT('',#4356);
#1717=VERTEX_POINT('',#4357);
#1718=VERTEX_POINT('',#4359);
#1719=VERTEX_POINT('',#4361);
#1720=VERTEX_POINT('',#4363);
#1721=VERTEX_POINT('',#4365);
#1722=VERTEX_POINT('',#4367);
#1723=VERTEX_POINT('',#4369);
#1724=VERTEX_POINT('',#4371);
#1725=VERTEX_POINT('',#4373);
#1726=VERTEX_POINT('',#4376);
#1727=VERTEX_POINT('',#4377);
#1728=VERTEX_POINT('',#4379);
#1729=VERTEX_POINT('',#4381);
#1730=VERTEX_POINT('',#4383);
#1731=VERTEX_POINT('',#4385);
#1732=VERTEX_POINT('',#4387);
#1733=VERTEX_POINT('',#4389);
#1734=VERTEX_POINT('',#4391);
#1735=VERTEX_POINT('',#4393);
#1736=VERTEX_POINT('',#4396);
#1737=VERTEX_POINT('',#4397);
#1738=VERTEX_POINT('',#4399);
#1739=VERTEX_POINT('',#4401);
#1740=VERTEX_POINT('',#4403);
#1741=VERTEX_POINT('',#4405);
#1742=VERTEX_POINT('',#4407);
#1743=VERTEX_POINT('',#4409);
#1744=VERTEX_POINT('',#4411);
#1745=LINE('',#3880,#1943);
#1746=LINE('',#3885,#1944);
#1747=LINE('',#3889,#1945);
#1748=LINE('',#3895,#1946);
#1749=LINE('',#3912,#1947);
#1750=LINE('',#3919,#1948);
#1751=LINE('',#3932,#1949);
#1752=LINE('',#3941,#1950);
#1753=LINE('',#3948,#1951);
#1754=LINE('',#3957,#1952);
#1755=LINE('',#3964,#1953);
#1756=LINE('',#3973,#1954);
#1757=LINE('',#3980,#1955);
#1758=LINE('',#3989,#1956);
#1759=LINE('',#3996,#1957);
#1760=LINE('',#4005,#1958);
#1761=LINE('',#4012,#1959);
#1762=LINE('',#4021,#1960);
#1763=LINE('',#4025,#1961);
#1764=LINE('',#4032,#1962);
#1765=LINE('',#4041,#1963);
#1766=LINE('',#4049,#1964);
#1767=LINE('',#4052,#1965);
#1768=LINE('',#4061,#1966);
#1769=LINE('',#4069,#1967);
#1770=LINE('',#4072,#1968);
#1771=LINE('',#4081,#1969);
#1772=LINE('',#4085,#1970);
#1773=LINE('',#4101,#1971);
#1774=LINE('',#4107,#1972);
#1775=LINE('',#4112,#1973);
#1776=LINE('',#4121,#1974);
#1777=LINE('',#4128,#1975);
#1778=LINE('',#4135,#1976);
#1779=LINE('',#4139,#1977);
#1780=LINE('',#4143,#1978);
#1781=LINE('',#4152,#1979);
#1782=LINE('',#4160,#1980);
#1783=LINE('',#4163,#1981);
#1784=LINE('',#4168,#1982);
#1785=LINE('',#4172,#1983);
#1786=LINE('',#4178,#1984);
#1787=LINE('',#4186,#1985);
#1788=LINE('',#4194,#1986);
#1789=LINE('',#4198,#1987);
#1790=LINE('',#4201,#1988);
#1791=LINE('',#4210,#1989);
#1792=LINE('',#4214,#1990);
#1793=LINE('',#4221,#1991);
#1794=LINE('',#4230,#1992);
#1795=LINE('',#4242,#1993);
#1796=LINE('',#4250,#1994);
#1797=LINE('',#4258,#1995);
#1798=LINE('',#4266,#1996);
#1799=LINE('',#4288,#1997);
#1800=LINE('',#4302,#1998);
#1801=LINE('',#4303,#1999);
#1802=LINE('',#4312,#2000);
#1803=LINE('',#4319,#2001);
#1804=LINE('',#4328,#2002);
#1805=LINE('',#4340,#2003);
#1806=LINE('',#4348,#2004);
#1807=LINE('',#4352,#2005);
#1808=LINE('',#4355,#2006);
#1809=LINE('',#4364,#2007);
#1810=LINE('',#4368,#2008);
#1811=LINE('',#4375,#2009);
#1812=LINE('',#4390,#2010);
#1813=LINE('',#4398,#2011);
#1814=LINE('',#4402,#2012);
#1815=LINE('',#4406,#2013);
#1816=LINE('',#4410,#2014);
#1817=LINE('',#4421,#2015);
#1818=LINE('',#4422,#2016);
#1819=LINE('',#4424,#2017);
#1820=LINE('',#4425,#2018);
#1821=LINE('',#4427,#2019);
#1822=LINE('',#4428,#2020);
#1823=LINE('',#4430,#2021);
#1824=LINE('',#4431,#2022);
#1825=LINE('',#4433,#2023);
#1826=LINE('',#4435,#2024);
#1827=LINE('',#4436,#2025);
#1828=LINE('',#4438,#2026);
#1829=LINE('',#4439,#2027);
#1830=LINE('',#4441,#2028);
#1831=LINE('',#4442,#2029);
#1832=LINE('',#4444,#2030);
#1833=LINE('',#4445,#2031);
#1834=LINE('',#4447,#2032);
#1835=LINE('',#4448,#2033);
#1836=LINE('',#4450,#2034);
#1837=LINE('',#4451,#2035);
#1838=LINE('',#4453,#2036);
#1839=LINE('',#4454,#2037);
#1840=LINE('',#4456,#2038);
#1841=LINE('',#4457,#2039);
#1842=LINE('',#4459,#2040);
#1843=LINE('',#4460,#2041);
#1844=LINE('',#4462,#2042);
#1845=LINE('',#4463,#2043);
#1846=LINE('',#4465,#2044);
#1847=LINE('',#4466,#2045);
#1848=LINE('',#4468,#2046);
#1849=LINE('',#4469,#2047);
#1850=LINE('',#4471,#2048);
#1851=LINE('',#4472,#2049);
#1852=LINE('',#4474,#2050);
#1853=LINE('',#4475,#2051);
#1854=LINE('',#4477,#2052);
#1855=LINE('',#4478,#2053);
#1856=LINE('',#4480,#2054);
#1857=LINE('',#4481,#2055);
#1858=LINE('',#4483,#2056);
#1859=LINE('',#4484,#2057);
#1860=LINE('',#4486,#2058);
#1861=LINE('',#4487,#2059);
#1862=LINE('',#4489,#2060);
#1863=LINE('',#4490,#2061);
#1864=LINE('',#4492,#2062);
#1865=LINE('',#4493,#2063);
#1866=LINE('',#4495,#2064);
#1867=LINE('',#4496,#2065);
#1868=LINE('',#4498,#2066);
#1869=LINE('',#4499,#2067);
#1870=LINE('',#4501,#2068);
#1871=LINE('',#4502,#2069);
#1872=LINE('',#4504,#2070);
#1873=LINE('',#4505,#2071);
#1874=LINE('',#4507,#2072);
#1875=LINE('',#4508,#2073);
#1876=LINE('',#4510,#2074);
#1877=LINE('',#4511,#2075);
#1878=LINE('',#4513,#2076);
#1879=LINE('',#4514,#2077);
#1880=LINE('',#4516,#2078);
#1881=LINE('',#4517,#2079);
#1882=LINE('',#4519,#2080);
#1883=LINE('',#4520,#2081);
#1884=LINE('',#4522,#2082);
#1885=LINE('',#4523,#2083);
#1886=LINE('',#4525,#2084);
#1887=LINE('',#4526,#2085);
#1888=LINE('',#4528,#2086);
#1889=LINE('',#4529,#2087);
#1890=LINE('',#4531,#2088);
#1891=LINE('',#4532,#2089);
#1892=LINE('',#4534,#2090);
#1893=LINE('',#4535,#2091);
#1894=LINE('',#4537,#2092);
#1895=LINE('',#4538,#2093);
#1896=LINE('',#4540,#2094);
#1897=LINE('',#4541,#2095);
#1898=LINE('',#4543,#2096);
#1899=LINE('',#4544,#2097);
#1900=LINE('',#4546,#2098);
#1901=LINE('',#4547,#2099);
#1902=LINE('',#4549,#2100);
#1903=LINE('',#4550,#2101);
#1904=LINE('',#4552,#2102);
#1905=LINE('',#4553,#2103);
#1906=LINE('',#4555,#2104);
#1907=LINE('',#4556,#2105);
#1908=LINE('',#4558,#2106);
#1909=LINE('',#4559,#2107);
#1910=LINE('',#4561,#2108);
#1911=LINE('',#4562,#2109);
#1912=LINE('',#4564,#2110);
#1913=LINE('',#4565,#2111);
#1914=LINE('',#4567,#2112);
#1915=LINE('',#4569,#2113);
#1916=LINE('',#4570,#2114);
#1917=LINE('',#4572,#2115);
#1918=LINE('',#4573,#2116);
#1919=LINE('',#4575,#2117);
#1920=LINE('',#4577,#2118);
#1921=LINE('',#4578,#2119);
#1922=LINE('',#4580,#2120);
#1923=LINE('',#4581,#2121);
#1924=LINE('',#4583,#2122);
#1925=LINE('',#4584,#2123);
#1926=LINE('',#4586,#2124);
#1927=LINE('',#4587,#2125);
#1928=LINE('',#4589,#2126);
#1929=LINE('',#4590,#2127);
#1930=LINE('',#4592,#2128);
#1931=LINE('',#4593,#2129);
#1932=LINE('',#4595,#2130);
#1933=LINE('',#4596,#2131);
#1934=LINE('',#4598,#2132);
#1935=LINE('',#4600,#2133);
#1936=LINE('',#4601,#2134);
#1937=LINE('',#4603,#2135);
#1938=LINE('',#4604,#2136);
#1939=LINE('',#4606,#2137);
#1940=LINE('',#4607,#2138);
#1941=LINE('',#4653,#2139);
#1942=LINE('',#4663,#2140);
#1943=VECTOR('',#3024,1.);
#1944=VECTOR('',#3027,1.);
#1945=VECTOR('',#3030,1.);
#1946=VECTOR('',#3035,1.);
#1947=VECTOR('',#3052,1.);
#1948=VECTOR('',#3057,1.);
#1949=VECTOR('',#3070,1.);
#1950=VECTOR('',#3077,1.);
#1951=VECTOR('',#3084,1.);
#1952=VECTOR('',#3091,1.);
#1953=VECTOR('',#3098,1.);
#1954=VECTOR('',#3105,1.);
#1955=VECTOR('',#3112,1.);
#1956=VECTOR('',#3119,1.);
#1957=VECTOR('',#3126,1.);
#1958=VECTOR('',#3133,1.);
#1959=VECTOR('',#3140,1.);
#1960=VECTOR('',#3147,1.);
#1961=VECTOR('',#3150,1.);
#1962=VECTOR('',#3157,1.);
#1963=VECTOR('',#3164,1.);
#1964=VECTOR('',#3171,1.);
#1965=VECTOR('',#3174,1.);
#1966=VECTOR('',#3181,1.);
#1967=VECTOR('',#3188,1.);
#1968=VECTOR('',#3191,1.);
#1969=VECTOR('',#3198,1.);
#1970=VECTOR('',#3201,1.);
#1971=VECTOR('',#3216,1.);
#1972=VECTOR('',#3221,1.);
#1973=VECTOR('',#3226,1.);
#1974=VECTOR('',#3233,1.);
#1975=VECTOR('',#3240,1.);
#1976=VECTOR('',#3245,1.);
#1977=VECTOR('',#3248,1.);
#1978=VECTOR('',#3251,1.);
#1979=VECTOR('',#3260,1.);
#1980=VECTOR('',#3267,1.);
#1981=VECTOR('',#3270,1.);
#1982=VECTOR('',#3273,1.);
#1983=VECTOR('',#3276,1.);
#1984=VECTOR('',#3281,1.);
#1985=VECTOR('',#3288,1.);
#1986=VECTOR('',#3295,1.);
#1987=VECTOR('',#3298,1.);
#1988=VECTOR('',#3301,1.);
#1989=VECTOR('',#3308,1.);
#1990=VECTOR('',#3311,1.);
#1991=VECTOR('',#3318,1.);
#1992=VECTOR('',#3325,1.);
#1993=VECTOR('',#3336,1.);
#1994=VECTOR('',#3343,1.);
#1995=VECTOR('',#3350,1.);
#1996=VECTOR('',#3357,1.);
#1997=VECTOR('',#3378,1.);
#1998=VECTOR('',#3391,1.);
#1999=VECTOR('',#3392,1.);
#2000=VECTOR('',#3399,1.);
#2001=VECTOR('',#3406,1.);
#2002=VECTOR('',#3413,1.);
#2003=VECTOR('',#3424,1.);
#2004=VECTOR('',#3431,1.);
#2005=VECTOR('',#3434,1.);
#2006=VECTOR('',#3437,1.);
#2007=VECTOR('',#3444,1.);
#2008=VECTOR('',#3447,1.);
#2009=VECTOR('',#3454,1.);
#2010=VECTOR('',#3467,1.);
#2011=VECTOR('',#3474,1.);
#2012=VECTOR('',#3477,1.);
#2013=VECTOR('',#3480,1.);
#2014=VECTOR('',#3483,1.);
#2015=VECTOR('',#3502,1.);
#2016=VECTOR('',#3503,1.);
#2017=VECTOR('',#3506,1.);
#2018=VECTOR('',#3507,1.);
#2019=VECTOR('',#3510,1.);
#2020=VECTOR('',#3511,1.);
#2021=VECTOR('',#3514,1.);
#2022=VECTOR('',#3515,1.);
#2023=VECTOR('',#3518,1.);
#2024=VECTOR('',#3521,1.);
#2025=VECTOR('',#3522,1.);
#2026=VECTOR('',#3525,1.);
#2027=VECTOR('',#3526,1.);
#2028=VECTOR('',#3529,1.);
#2029=VECTOR('',#3530,1.);
#2030=VECTOR('',#3533,1.);
#2031=VECTOR('',#3534,1.);
#2032=VECTOR('',#3537,1.);
#2033=VECTOR('',#3538,1.);
#2034=VECTOR('',#3541,1.);
#2035=VECTOR('',#3542,1.);
#2036=VECTOR('',#3545,1.);
#2037=VECTOR('',#3546,1.);
#2038=VECTOR('',#3549,1.);
#2039=VECTOR('',#3550,1.);
#2040=VECTOR('',#3553,1.);
#2041=VECTOR('',#3554,1.);
#2042=VECTOR('',#3557,1.);
#2043=VECTOR('',#3558,1.);
#2044=VECTOR('',#3561,1.);
#2045=VECTOR('',#3562,1.);
#2046=VECTOR('',#3565,1.);
#2047=VECTOR('',#3566,1.);
#2048=VECTOR('',#3569,1.);
#2049=VECTOR('',#3570,1.);
#2050=VECTOR('',#3573,1.);
#2051=VECTOR('',#3574,1.);
#2052=VECTOR('',#3577,1.);
#2053=VECTOR('',#3578,1.);
#2054=VECTOR('',#3581,1.);
#2055=VECTOR('',#3582,1.);
#2056=VECTOR('',#3585,1.);
#2057=VECTOR('',#3586,1.);
#2058=VECTOR('',#3589,1.);
#2059=VECTOR('',#3590,1.);
#2060=VECTOR('',#3593,1.);
#2061=VECTOR('',#3594,1.);
#2062=VECTOR('',#3597,1.);
#2063=VECTOR('',#3598,1.);
#2064=VECTOR('',#3601,1.);
#2065=VECTOR('',#3602,1.);
#2066=VECTOR('',#3605,1.);
#2067=VECTOR('',#3606,1.);
#2068=VECTOR('',#3609,1.);
#2069=VECTOR('',#3610,1.);
#2070=VECTOR('',#3613,1.);
#2071=VECTOR('',#3614,1.);
#2072=VECTOR('',#3617,1.);
#2073=VECTOR('',#3618,1.);
#2074=VECTOR('',#3621,1.);
#2075=VECTOR('',#3622,1.);
#2076=VECTOR('',#3625,1.);
#2077=VECTOR('',#3626,1.);
#2078=VECTOR('',#3629,1.);
#2079=VECTOR('',#3630,1.);
#2080=VECTOR('',#3633,1.);
#2081=VECTOR('',#3634,1.);
#2082=VECTOR('',#3637,1.);
#2083=VECTOR('',#3638,1.);
#2084=VECTOR('',#3641,1.);
#2085=VECTOR('',#3642,1.);
#2086=VECTOR('',#3645,1.);
#2087=VECTOR('',#3646,1.);
#2088=VECTOR('',#3649,1.);
#2089=VECTOR('',#3650,1.);
#2090=VECTOR('',#3653,1.);
#2091=VECTOR('',#3654,1.);
#2092=VECTOR('',#3657,1.);
#2093=VECTOR('',#3658,1.);
#2094=VECTOR('',#3661,1.);
#2095=VECTOR('',#3662,1.);
#2096=VECTOR('',#3665,1.);
#2097=VECTOR('',#3666,1.);
#2098=VECTOR('',#3669,1.);
#2099=VECTOR('',#3670,1.);
#2100=VECTOR('',#3673,1.);
#2101=VECTOR('',#3674,1.);
#2102=VECTOR('',#3677,1.);
#2103=VECTOR('',#3678,1.);
#2104=VECTOR('',#3681,1.);
#2105=VECTOR('',#3682,1.);
#2106=VECTOR('',#3685,1.);
#2107=VECTOR('',#3686,1.);
#2108=VECTOR('',#3689,1.);
#2109=VECTOR('',#3690,1.);
#2110=VECTOR('',#3693,1.);
#2111=VECTOR('',#3694,1.);
#2112=VECTOR('',#3697,1.);
#2113=VECTOR('',#3700,1.);
#2114=VECTOR('',#3701,1.);
#2115=VECTOR('',#3704,1.);
#2116=VECTOR('',#3705,1.);
#2117=VECTOR('',#3708,1.);
#2118=VECTOR('',#3711,1.);
#2119=VECTOR('',#3712,1.);
#2120=VECTOR('',#3715,1.);
#2121=VECTOR('',#3716,1.);
#2122=VECTOR('',#3719,1.);
#2123=VECTOR('',#3720,1.);
#2124=VECTOR('',#3723,1.);
#2125=VECTOR('',#3724,1.);
#2126=VECTOR('',#3727,1.);
#2127=VECTOR('',#3728,1.);
#2128=VECTOR('',#3731,1.);
#2129=VECTOR('',#3732,1.);
#2130=VECTOR('',#3735,1.);
#2131=VECTOR('',#3736,1.);
#2132=VECTOR('',#3739,1.);
#2133=VECTOR('',#3742,1.);
#2134=VECTOR('',#3743,1.);
#2135=VECTOR('',#3746,1.);
#2136=VECTOR('',#3747,1.);
#2137=VECTOR('',#3750,1.);
#2138=VECTOR('',#3751,1.);
#2139=VECTOR('',#3842,1.);
#2140=VECTOR('',#3861,1.);
#2141=EDGE_LOOP('',(#303,#304,#305,#306,#307,#308,#309,#310,#311));
#2142=EDGE_LOOP('',(#312));
#2143=EDGE_LOOP('',(#313));
#2144=EDGE_LOOP('',(#314));
#2145=EDGE_LOOP('',(#315));
#2146=EDGE_LOOP('',(#316));
#2147=EDGE_LOOP('',(#317));
#2148=EDGE_LOOP('',(#318));
#2149=EDGE_LOOP('',(#319,#320,#321,#322,#323,#324,#325,#326,#327,#328));
#2150=EDGE_LOOP('',(#329,#330,#331,#332,#333,#334,#335,#336));
#2151=EDGE_LOOP('',(#337,#338,#339,#340,#341,#342,#343,#344));
#2152=EDGE_LOOP('',(#345,#346,#347,#348,#349,#350,#351,#352));
#2153=EDGE_LOOP('',(#353,#354,#355,#356,#357,#358,#359,#360));
#2154=EDGE_LOOP('',(#361,#362,#363,#364,#365,#366,#367,#368));
#2155=EDGE_LOOP('',(#369,#370,#371,#372,#373,#374,#375,#376,#377,#378));
#2156=EDGE_LOOP('',(#379,#380,#381,#382,#383,#384,#385,#386,#387,#388));
#2157=EDGE_LOOP('',(#389,#390,#391,#392,#393,#394,#395,#396,#397,#398));
#2158=EDGE_LOOP('',(#399,#400,#401,#402,#403,#404,#405,#406,#407,#408));
#2159=EDGE_LOOP('',(#409,#410,#411,#412,#413,#414,#415,#416,#417,#418));
#2160=EDGE_LOOP('',(#419,#420,#421,#422,#423,#424,#425,#426));
#2161=EDGE_LOOP('',(#427,#428,#429,#430,#431,#432,#433,#434,#435));
#2162=EDGE_LOOP('',(#436,#437,#438,#439,#440,#441,#442,#443));
#2163=EDGE_LOOP('',(#444,#445,#446,#447,#448,#449,#450,#451,#452));
#2164=EDGE_LOOP('',(#453,#454,#455,#456,#457,#458,#459,#460,#461,#462));
#2165=EDGE_LOOP('',(#463,#464,#465,#466,#467,#468,#469,#470,#471,#472));
#2166=EDGE_LOOP('',(#473,#474,#475,#476,#477,#478,#479,#480));
#2167=EDGE_LOOP('',(#481,#482,#483,#484,#485,#486,#487,#488));
#2168=EDGE_LOOP('',(#489,#490,#491,#492,#493,#494,#495,#496));
#2169=EDGE_LOOP('',(#497));
#2170=EDGE_LOOP('',(#498));
#2171=EDGE_LOOP('',(#499));
#2172=EDGE_LOOP('',(#500));
#2173=EDGE_LOOP('',(#501));
#2174=EDGE_LOOP('',(#502));
#2175=EDGE_LOOP('',(#503));
#2176=EDGE_LOOP('',(#504,#505,#506,#507,#508,#509,#510,#511,#512,#513));
#2177=EDGE_LOOP('',(#514,#515,#516,#517,#518,#519,#520,#521));
#2178=EDGE_LOOP('',(#522,#523,#524,#525,#526,#527,#528,#529));
#2179=EDGE_LOOP('',(#530,#531,#532,#533,#534,#535,#536,#537,#538,#539));
#2180=EDGE_LOOP('',(#540,#541,#542,#543,#544,#545,#546,#547,#548,#549));
#2181=EDGE_LOOP('',(#550,#551,#552,#553,#554,#555,#556,#557,#558,#559));
#2182=EDGE_LOOP('',(#560,#561,#562,#563,#564,#565,#566,#567,#568));
#2183=EDGE_LOOP('',(#569));
#2184=EDGE_LOOP('',(#570));
#2185=EDGE_LOOP('',(#571));
#2186=EDGE_LOOP('',(#572));
#2187=EDGE_LOOP('',(#573));
#2188=EDGE_LOOP('',(#574));
#2189=EDGE_LOOP('',(#575));
#2190=EDGE_LOOP('',(#576));
#2191=EDGE_LOOP('',(#577));
#2192=EDGE_LOOP('',(#578));
#2193=EDGE_LOOP('',(#579));
#2194=EDGE_LOOP('',(#580));
#2195=EDGE_LOOP('',(#581));
#2196=EDGE_LOOP('',(#582));
#2197=EDGE_LOOP('',(#583,#584,#585,#586));
#2198=EDGE_LOOP('',(#587,#588,#589,#590));
#2199=EDGE_LOOP('',(#591,#592,#593,#594));
#2200=EDGE_LOOP('',(#595,#596,#597,#598));
#2201=EDGE_LOOP('',(#599,#600,#601,#602));
#2202=EDGE_LOOP('',(#603,#604,#605,#606));
#2203=EDGE_LOOP('',(#607,#608,#609,#610));
#2204=EDGE_LOOP('',(#611,#612,#613,#614));
#2205=EDGE_LOOP('',(#615,#616,#617,#618));
#2206=EDGE_LOOP('',(#619,#620,#621,#622));
#2207=EDGE_LOOP('',(#623,#624,#625,#626));
#2208=EDGE_LOOP('',(#627,#628,#629,#630));
#2209=EDGE_LOOP('',(#631,#632,#633,#634));
#2210=EDGE_LOOP('',(#635,#636,#637,#638));
#2211=EDGE_LOOP('',(#639,#640,#641,#642));
#2212=EDGE_LOOP('',(#643,#644,#645,#646));
#2213=EDGE_LOOP('',(#647,#648,#649,#650));
#2214=EDGE_LOOP('',(#651,#652,#653,#654));
#2215=EDGE_LOOP('',(#655,#656,#657,#658));
#2216=EDGE_LOOP('',(#659,#660,#661,#662));
#2217=EDGE_LOOP('',(#663,#664,#665,#666));
#2218=EDGE_LOOP('',(#667,#668,#669,#670));
#2219=EDGE_LOOP('',(#671,#672,#673,#674));
#2220=EDGE_LOOP('',(#675,#676,#677,#678));
#2221=EDGE_LOOP('',(#679,#680,#681,#682));
#2222=EDGE_LOOP('',(#683,#684,#685,#686));
#2223=EDGE_LOOP('',(#687,#688,#689,#690));
#2224=EDGE_LOOP('',(#691,#692,#693,#694));
#2225=EDGE_LOOP('',(#695,#696,#697,#698));
#2226=EDGE_LOOP('',(#699,#700,#701,#702));
#2227=EDGE_LOOP('',(#703,#704,#705,#706));
#2228=EDGE_LOOP('',(#707,#708,#709,#710));
#2229=EDGE_LOOP('',(#711,#712,#713,#714));
#2230=EDGE_LOOP('',(#715,#716,#717,#718));
#2231=EDGE_LOOP('',(#719,#720,#721,#722));
#2232=EDGE_LOOP('',(#723,#724,#725,#726));
#2233=EDGE_LOOP('',(#727,#728,#729,#730));
#2234=EDGE_LOOP('',(#731,#732,#733,#734));
#2235=EDGE_LOOP('',(#735,#736,#737,#738));
#2236=EDGE_LOOP('',(#739,#740,#741,#742));
#2237=EDGE_LOOP('',(#743,#744,#745,#746));
#2238=EDGE_LOOP('',(#747,#748,#749,#750));
#2239=EDGE_LOOP('',(#751,#752,#753,#754));
#2240=EDGE_LOOP('',(#755,#756,#757,#758));
#2241=EDGE_LOOP('',(#759,#760,#761,#762));
#2242=EDGE_LOOP('',(#763,#764,#765,#766));
#2243=EDGE_LOOP('',(#767,#768,#769,#770));
#2244=EDGE_LOOP('',(#771,#772,#773,#774));
#2245=EDGE_LOOP('',(#775,#776,#777,#778));
#2246=EDGE_LOOP('',(#779,#780,#781,#782));
#2247=EDGE_LOOP('',(#783,#784,#785,#786));
#2248=EDGE_LOOP('',(#787,#788,#789,#790));
#2249=EDGE_LOOP('',(#791,#792,#793,#794));
#2250=EDGE_LOOP('',(#795,#796,#797,#798));
#2251=EDGE_LOOP('',(#799,#800,#801,#802));
#2252=EDGE_LOOP('',(#803,#804,#805,#806));
#2253=EDGE_LOOP('',(#807,#808,#809,#810));
#2254=EDGE_LOOP('',(#811,#812,#813,#814));
#2255=EDGE_LOOP('',(#815,#816,#817,#818));
#2256=EDGE_LOOP('',(#819,#820,#821,#822));
#2257=EDGE_LOOP('',(#823,#824,#825,#826));
#2258=EDGE_LOOP('',(#827,#828,#829,#830));
#2259=EDGE_LOOP('',(#831,#832,#833,#834));
#2260=EDGE_LOOP('',(#835,#836,#837,#838));
#2261=EDGE_LOOP('',(#839,#840,#841,#842));
#2262=EDGE_LOOP('',(#843,#844,#845,#846));
#2263=EDGE_LOOP('',(#847,#848,#849,#850));
#2264=EDGE_LOOP('',(#851,#852,#853,#854));
#2265=EDGE_LOOP('',(#855,#856,#857,#858));
#2266=EDGE_LOOP('',(#859,#860,#861,#862));
#2267=EDGE_LOOP('',(#863,#864,#865,#866));
#2268=EDGE_LOOP('',(#867,#868,#869,#870));
#2269=EDGE_LOOP('',(#871,#872,#873,#874));
#2270=EDGE_LOOP('',(#875,#876,#877,#878));
#2271=EDGE_LOOP('',(#879,#880,#881,#882));
#2272=EDGE_LOOP('',(#883,#884,#885,#886));
#2273=EDGE_LOOP('',(#887,#888,#889,#890));
#2274=EDGE_LOOP('',(#891,#892,#893,#894));
#2275=EDGE_LOOP('',(#895,#896,#897,#898));
#2276=EDGE_LOOP('',(#899,#900,#901,#902));
#2277=EDGE_LOOP('',(#903,#904,#905,#906));
#2278=EDGE_LOOP('',(#907,#908,#909,#910));
#2279=EDGE_LOOP('',(#911,#912,#913,#914));
#2280=EDGE_LOOP('',(#915,#916,#917,#918));
#2281=EDGE_LOOP('',(#919,#920,#921,#922));
#2282=EDGE_LOOP('',(#923,#924,#925,#926));
#2283=EDGE_LOOP('',(#927,#928,#929,#930));
#2284=EDGE_LOOP('',(#931,#932,#933,#934));
#2285=EDGE_LOOP('',(#935,#936,#937,#938));
#2286=EDGE_LOOP('',(#939,#940,#941,#942));
#2287=EDGE_LOOP('',(#943,#944,#945,#946));
#2288=EDGE_LOOP('',(#947,#948,#949,#950));
#2289=EDGE_LOOP('',(#951,#952,#953,#954));
#2290=EDGE_LOOP('',(#955,#956,#957,#958));
#2291=EDGE_LOOP('',(#959,#960,#961,#962));
#2292=EDGE_LOOP('',(#963,#964,#965,#966));
#2293=EDGE_LOOP('',(#967,#968,#969,#970));
#2294=EDGE_LOOP('',(#971,#972,#973,#974));
#2295=EDGE_LOOP('',(#975,#976,#977,#978));
#2296=EDGE_LOOP('',(#979,#980,#981,#982));
#2297=EDGE_LOOP('',(#983,#984,#985,#986));
#2298=EDGE_LOOP('',(#987,#988,#989,#990));
#2299=EDGE_LOOP('',(#991,#992,#993,#994));
#2300=EDGE_LOOP('',(#995,#996,#997,#998));
#2301=EDGE_LOOP('',(#999,#1000,#1001,#1002));
#2302=EDGE_LOOP('',(#1003,#1004,#1005,#1006));
#2303=EDGE_LOOP('',(#1007,#1008,#1009,#1010));
#2304=EDGE_LOOP('',(#1011,#1012,#1013,#1014));
#2305=EDGE_LOOP('',(#1015,#1016,#1017,#1018));
#2306=EDGE_LOOP('',(#1019,#1020,#1021,#1022));
#2307=EDGE_LOOP('',(#1023,#1024,#1025,#1026));
#2308=EDGE_LOOP('',(#1027,#1028,#1029,#1030));
#2309=EDGE_LOOP('',(#1031,#1032,#1033,#1034));
#2310=EDGE_LOOP('',(#1035,#1036,#1037,#1038));
#2311=EDGE_LOOP('',(#1039,#1040,#1041,#1042));
#2312=EDGE_LOOP('',(#1043,#1044,#1045,#1046));
#2313=EDGE_LOOP('',(#1047,#1048,#1049,#1050));
#2314=EDGE_LOOP('',(#1051,#1052,#1053,#1054));
#2315=EDGE_LOOP('',(#1055,#1056,#1057,#1058));
#2316=EDGE_LOOP('',(#1059,#1060,#1061,#1062));
#2317=EDGE_LOOP('',(#1063,#1064,#1065,#1066));
#2318=EDGE_LOOP('',(#1067,#1068,#1069,#1070));
#2319=EDGE_LOOP('',(#1071,#1072,#1073,#1074));
#2320=EDGE_LOOP('',(#1075,#1076,#1077,#1078));
#2321=EDGE_LOOP('',(#1079,#1080,#1081,#1082));
#2322=EDGE_LOOP('',(#1083,#1084,#1085,#1086));
#2323=FACE_BOUND('',#2141,.T.);
#2324=FACE_BOUND('',#2142,.T.);
#2325=FACE_BOUND('',#2143,.T.);
#2326=FACE_BOUND('',#2144,.T.);
#2327=FACE_BOUND('',#2145,.T.);
#2328=FACE_BOUND('',#2146,.T.);
#2329=FACE_BOUND('',#2147,.T.);
#2330=FACE_BOUND('',#2148,.T.);
#2331=FACE_BOUND('',#2149,.T.);
#2332=FACE_BOUND('',#2150,.T.);
#2333=FACE_BOUND('',#2151,.T.);
#2334=FACE_BOUND('',#2152,.T.);
#2335=FACE_BOUND('',#2153,.T.);
#2336=FACE_BOUND('',#2154,.T.);
#2337=FACE_BOUND('',#2155,.T.);
#2338=FACE_BOUND('',#2156,.T.);
#2339=FACE_BOUND('',#2157,.T.);
#2340=FACE_BOUND('',#2158,.T.);
#2341=FACE_BOUND('',#2159,.T.);
#2342=FACE_BOUND('',#2160,.T.);
#2343=FACE_BOUND('',#2161,.T.);
#2344=FACE_BOUND('',#2162,.T.);
#2345=FACE_BOUND('',#2163,.T.);
#2346=FACE_BOUND('',#2164,.T.);
#2347=FACE_BOUND('',#2165,.T.);
#2348=FACE_BOUND('',#2166,.T.);
#2349=FACE_BOUND('',#2167,.T.);
#2350=FACE_BOUND('',#2168,.T.);
#2351=FACE_BOUND('',#2169,.T.);
#2352=FACE_BOUND('',#2170,.T.);
#2353=FACE_BOUND('',#2171,.T.);
#2354=FACE_BOUND('',#2172,.T.);
#2355=FACE_BOUND('',#2173,.T.);
#2356=FACE_BOUND('',#2174,.T.);
#2357=FACE_BOUND('',#2175,.T.);
#2358=FACE_BOUND('',#2176,.T.);
#2359=FACE_BOUND('',#2177,.T.);
#2360=FACE_BOUND('',#2178,.T.);
#2361=FACE_BOUND('',#2179,.T.);
#2362=FACE_BOUND('',#2180,.T.);
#2363=FACE_BOUND('',#2181,.T.);
#2364=FACE_BOUND('',#2182,.T.);
#2365=FACE_BOUND('',#2183,.T.);
#2366=FACE_BOUND('',#2184,.T.);
#2367=FACE_BOUND('',#2185,.T.);
#2368=FACE_BOUND('',#2186,.T.);
#2369=FACE_BOUND('',#2187,.T.);
#2370=FACE_BOUND('',#2188,.T.);
#2371=FACE_BOUND('',#2189,.T.);
#2372=FACE_BOUND('',#2190,.T.);
#2373=FACE_BOUND('',#2191,.T.);
#2374=FACE_BOUND('',#2192,.T.);
#2375=FACE_BOUND('',#2193,.T.);
#2376=FACE_BOUND('',#2194,.T.);
#2377=FACE_BOUND('',#2195,.T.);
#2378=FACE_BOUND('',#2196,.T.);
#2379=FACE_BOUND('',#2197,.T.);
#2380=FACE_BOUND('',#2198,.T.);
#2381=FACE_BOUND('',#2199,.T.);
#2382=FACE_BOUND('',#2200,.T.);
#2383=FACE_BOUND('',#2201,.T.);
#2384=FACE_BOUND('',#2202,.T.);
#2385=FACE_BOUND('',#2203,.T.);
#2386=FACE_BOUND('',#2204,.T.);
#2387=FACE_BOUND('',#2205,.T.);
#2388=FACE_BOUND('',#2206,.T.);
#2389=FACE_BOUND('',#2207,.T.);
#2390=FACE_BOUND('',#2208,.T.);
#2391=FACE_BOUND('',#2209,.T.);
#2392=FACE_BOUND('',#2210,.T.);
#2393=FACE_BOUND('',#2211,.T.);
#2394=FACE_BOUND('',#2212,.T.);
#2395=FACE_BOUND('',#2213,.T.);
#2396=FACE_BOUND('',#2214,.T.);
#2397=FACE_BOUND('',#2215,.T.);
#2398=FACE_BOUND('',#2216,.T.);
#2399=FACE_BOUND('',#2217,.T.);
#2400=FACE_BOUND('',#2218,.T.);
#2401=FACE_BOUND('',#2219,.T.);
#2402=FACE_BOUND('',#2220,.T.);
#2403=FACE_BOUND('',#2221,.T.);
#2404=FACE_BOUND('',#2222,.T.);
#2405=FACE_BOUND('',#2223,.T.);
#2406=FACE_BOUND('',#2224,.T.);
#2407=FACE_BOUND('',#2225,.T.);
#2408=FACE_BOUND('',#2226,.T.);
#2409=FACE_BOUND('',#2227,.T.);
#2410=FACE_BOUND('',#2228,.T.);
#2411=FACE_BOUND('',#2229,.T.);
#2412=FACE_BOUND('',#2230,.T.);
#2413=FACE_BOUND('',#2231,.T.);
#2414=FACE_BOUND('',#2232,.T.);
#2415=FACE_BOUND('',#2233,.T.);
#2416=FACE_BOUND('',#2234,.T.);
#2417=FACE_BOUND('',#2235,.T.);
#2418=FACE_BOUND('',#2236,.T.);
#2419=FACE_BOUND('',#2237,.T.);
#2420=FACE_BOUND('',#2238,.T.);
#2421=FACE_BOUND('',#2239,.T.);
#2422=FACE_BOUND('',#2240,.T.);
#2423=FACE_BOUND('',#2241,.T.);
#2424=FACE_BOUND('',#2242,.T.);
#2425=FACE_BOUND('',#2243,.T.);
#2426=FACE_BOUND('',#2244,.T.);
#2427=FACE_BOUND('',#2245,.T.);
#2428=FACE_BOUND('',#2246,.T.);
#2429=FACE_BOUND('',#2247,.T.);
#2430=FACE_BOUND('',#2248,.T.);
#2431=FACE_BOUND('',#2249,.T.);
#2432=FACE_BOUND('',#2250,.T.);
#2433=FACE_BOUND('',#2251,.T.);
#2434=FACE_BOUND('',#2252,.T.);
#2435=FACE_BOUND('',#2253,.T.);
#2436=FACE_BOUND('',#2254,.T.);
#2437=FACE_BOUND('',#2255,.T.);
#2438=FACE_BOUND('',#2256,.T.);
#2439=FACE_BOUND('',#2257,.T.);
#2440=FACE_BOUND('',#2258,.T.);
#2441=FACE_BOUND('',#2259,.T.);
#2442=FACE_BOUND('',#2260,.T.);
#2443=FACE_BOUND('',#2261,.T.);
#2444=FACE_BOUND('',#2262,.T.);
#2445=FACE_BOUND('',#2263,.T.);
#2446=FACE_BOUND('',#2264,.T.);
#2447=FACE_BOUND('',#2265,.T.);
#2448=FACE_BOUND('',#2266,.T.);
#2449=FACE_BOUND('',#2267,.T.);
#2450=FACE_BOUND('',#2268,.T.);
#2451=FACE_BOUND('',#2269,.T.);
#2452=FACE_BOUND('',#2270,.T.);
#2453=FACE_BOUND('',#2271,.T.);
#2454=FACE_BOUND('',#2272,.T.);
#2455=FACE_BOUND('',#2273,.T.);
#2456=FACE_BOUND('',#2274,.T.);
#2457=FACE_BOUND('',#2275,.T.);
#2458=FACE_BOUND('',#2276,.T.);
#2459=FACE_BOUND('',#2277,.T.);
#2460=FACE_BOUND('',#2278,.T.);
#2461=FACE_BOUND('',#2279,.T.);
#2462=FACE_BOUND('',#2280,.T.);
#2463=FACE_BOUND('',#2281,.T.);
#2464=FACE_BOUND('',#2282,.T.);
#2465=FACE_BOUND('',#2283,.T.);
#2466=FACE_BOUND('',#2284,.T.);
#2467=FACE_BOUND('',#2285,.T.);
#2468=FACE_BOUND('',#2286,.T.);
#2469=FACE_BOUND('',#2287,.T.);
#2470=FACE_BOUND('',#2288,.T.);
#2471=FACE_BOUND('',#2289,.T.);
#2472=FACE_BOUND('',#2290,.T.);
#2473=FACE_BOUND('',#2291,.T.);
#2474=FACE_BOUND('',#2292,.T.);
#2475=FACE_BOUND('',#2293,.T.);
#2476=FACE_BOUND('',#2294,.T.);
#2477=FACE_BOUND('',#2295,.T.);
#2478=FACE_BOUND('',#2296,.T.);
#2479=FACE_BOUND('',#2297,.T.);
#2480=FACE_BOUND('',#2298,.T.);
#2481=FACE_BOUND('',#2299,.T.);
#2482=FACE_BOUND('',#2300,.T.);
#2483=FACE_BOUND('',#2301,.T.);
#2484=FACE_BOUND('',#2302,.T.);
#2485=FACE_BOUND('',#2303,.T.);
#2486=FACE_BOUND('',#2304,.T.);
#2487=FACE_BOUND('',#2305,.T.);
#2488=FACE_BOUND('',#2306,.T.);
#2489=FACE_BOUND('',#2307,.T.);
#2490=FACE_BOUND('',#2308,.T.);
#2491=FACE_BOUND('',#2309,.T.);
#2492=FACE_BOUND('',#2310,.T.);
#2493=FACE_BOUND('',#2311,.T.);
#2494=FACE_BOUND('',#2312,.T.);
#2495=FACE_BOUND('',#2313,.T.);
#2496=FACE_BOUND('',#2314,.T.);
#2497=FACE_BOUND('',#2315,.T.);
#2498=FACE_BOUND('',#2316,.T.);
#2499=FACE_BOUND('',#2317,.T.);
#2500=FACE_BOUND('',#2318,.T.);
#2501=FACE_BOUND('',#2319,.T.);
#2502=FACE_BOUND('',#2320,.T.);
#2503=FACE_BOUND('',#2321,.T.);
#2504=FACE_BOUND('',#2322,.T.);
#2505=PLANE('',#2691);
#2506=PLANE('',#2789);
#2507=PLANE('',#2895);
#2508=PLANE('',#2898);
#2509=PLANE('',#2900);
#2510=PLANE('',#2902);
#2511=PLANE('',#2903);
#2512=PLANE('',#2905);
#2513=PLANE('',#2908);
#2514=PLANE('',#2910);
#2515=PLANE('',#2911);
#2516=PLANE('',#2913);
#2517=PLANE('',#2915);
#2518=PLANE('',#2917);
#2519=PLANE('',#2920);
#2520=PLANE('',#2922);
#2521=PLANE('',#2923);
#2522=PLANE('',#2924);
#2523=PLANE('',#2926);
#2524=PLANE('',#2927);
#2525=PLANE('',#2929);
#2526=PLANE('',#2931);
#2527=PLANE('',#2932);
#2528=PLANE('',#2935);
#2529=PLANE('',#2937);
#2530=PLANE('',#2938);
#2531=PLANE('',#2939);
#2532=PLANE('',#2942);
#2533=PLANE('',#2944);
#2534=PLANE('',#2945);
#2535=PLANE('',#2947);
#2536=PLANE('',#2948);
#2537=PLANE('',#2950);
#2538=PLANE('',#2952);
#2539=PLANE('',#2954);
#2540=PLANE('',#2955);
#2541=PLANE('',#2956);
#2542=PLANE('',#2957);
#2543=ADVANCED_FACE('',(#2323,#2324,#2325,#2326,#2327,#2328,#2329,#2330,
#2331,#2332,#2333,#2334,#2335,#2336,#2337,#2338,#2339,#2340,#2341,#2342,
#2343),#2505,.T.);
#2544=ADVANCED_FACE('',(#2344,#2345,#2346,#2347,#2348,#2349,#2350,#2351,
#2352,#2353,#2354,#2355,#2356,#2357,#2358,#2359,#2360,#2361,#2362,#2363,
#2364),#2506,.F.);
#2545=ADVANCED_FACE('',(#2365,#2366),#12,.F.);
#2546=ADVANCED_FACE('',(#2367,#2368),#13,.F.);
#2547=ADVANCED_FACE('',(#2369,#2370),#14,.F.);
#2548=ADVANCED_FACE('',(#2371,#2372),#15,.F.);
#2549=ADVANCED_FACE('',(#2373,#2374),#16,.F.);
#2550=ADVANCED_FACE('',(#2375,#2376),#17,.F.);
#2551=ADVANCED_FACE('',(#2377,#2378),#18,.T.);
#2552=ADVANCED_FACE('',(#2379),#19,.T.);
#2553=ADVANCED_FACE('',(#2380),#2507,.F.);
#2554=ADVANCED_FACE('',(#2381),#20,.F.);
#2555=ADVANCED_FACE('',(#2382),#21,.T.);
#2556=ADVANCED_FACE('',(#2383),#2508,.T.);
#2557=ADVANCED_FACE('',(#2384),#22,.T.);
#2558=ADVANCED_FACE('',(#2385),#2509,.F.);
#2559=ADVANCED_FACE('',(#2386),#23,.F.);
#2560=ADVANCED_FACE('',(#2387),#2510,.F.);
#2561=ADVANCED_FACE('',(#2388),#2511,.T.);
#2562=ADVANCED_FACE('',(#2389),#24,.T.);
#2563=ADVANCED_FACE('',(#2390),#2512,.F.);
#2564=ADVANCED_FACE('',(#2391),#25,.F.);
#2565=ADVANCED_FACE('',(#2392),#26,.T.);
#2566=ADVANCED_FACE('',(#2393),#2513,.F.);
#2567=ADVANCED_FACE('',(#2394),#27,.F.);
#2568=ADVANCED_FACE('',(#2395),#2514,.F.);
#2569=ADVANCED_FACE('',(#2396),#2515,.T.);
#2570=ADVANCED_FACE('',(#2397),#28,.T.);
#2571=ADVANCED_FACE('',(#2398),#2516,.F.);
#2572=ADVANCED_FACE('',(#2399),#29,.F.);
#2573=ADVANCED_FACE('',(#2400),#2517,.T.);
#2574=ADVANCED_FACE('',(#2401),#30,.T.);
#2575=ADVANCED_FACE('',(#2402),#2518,.F.);
#2576=ADVANCED_FACE('',(#2403),#31,.F.);
#2577=ADVANCED_FACE('',(#2404),#32,.T.);
#2578=ADVANCED_FACE('',(#2405),#2519,.F.);
#2579=ADVANCED_FACE('',(#2406),#33,.T.);
#2580=ADVANCED_FACE('',(#2407),#2520,.T.);
#2581=ADVANCED_FACE('',(#2408),#2521,.F.);
#2582=ADVANCED_FACE('',(#2409),#2522,.T.);
#2583=ADVANCED_FACE('',(#2410),#34,.T.);
#2584=ADVANCED_FACE('',(#2411),#2523,.F.);
#2585=ADVANCED_FACE('',(#2412),#2524,.T.);
#2586=ADVANCED_FACE('',(#2413),#35,.T.);
#2587=ADVANCED_FACE('',(#2414),#2525,.T.);
#2588=ADVANCED_FACE('',(#2415),#36,.T.);
#2589=ADVANCED_FACE('',(#2416),#2526,.T.);
#2590=ADVANCED_FACE('',(#2417),#2527,.F.);
#2591=ADVANCED_FACE('',(#2418),#37,.T.);
#2592=ADVANCED_FACE('',(#2419),#38,.T.);
#2593=ADVANCED_FACE('',(#2420),#2528,.F.);
#2594=ADVANCED_FACE('',(#2421),#39,.T.);
#2595=ADVANCED_FACE('',(#2422),#2529,.T.);
#2596=ADVANCED_FACE('',(#2423),#2530,.T.);
#2597=ADVANCED_FACE('',(#2424),#2531,.T.);
#2598=ADVANCED_FACE('',(#2425),#40,.T.);
#2599=ADVANCED_FACE('',(#2426),#41,.F.);
#2600=ADVANCED_FACE('',(#2427),#2532,.T.);
#2601=ADVANCED_FACE('',(#2428),#42,.T.);
#2602=ADVANCED_FACE('',(#2429),#2533,.F.);
#2603=ADVANCED_FACE('',(#2430),#2534,.F.);
#2604=ADVANCED_FACE('',(#2431),#43,.T.);
#2605=ADVANCED_FACE('',(#2432),#2535,.T.);
#2606=ADVANCED_FACE('',(#2433),#2536,.T.);
#2607=ADVANCED_FACE('',(#2434),#44,.T.);
#2608=ADVANCED_FACE('',(#2435),#2537,.F.);
#2609=ADVANCED_FACE('',(#2436),#45,.F.);
#2610=ADVANCED_FACE('',(#2437),#2538,.F.);
#2611=ADVANCED_FACE('',(#2438),#46,.T.);
#2612=ADVANCED_FACE('',(#2439),#2539,.F.);
#2613=ADVANCED_FACE('',(#2440),#2540,.F.);
#2614=ADVANCED_FACE('',(#2441),#2541,.T.);
#2615=ADVANCED_FACE('',(#2442),#2542,.T.);
#2616=ADVANCED_FACE('',(#2443),#47,.F.);
#2617=ADVANCED_FACE('',(#2444),#48,.F.);
#2618=ADVANCED_FACE('',(#2445),#49,.F.);
#2619=ADVANCED_FACE('',(#2446),#50,.F.);
#2620=ADVANCED_FACE('',(#2447),#51,.F.);
#2621=ADVANCED_FACE('',(#2448),#52,.F.);
#2622=ADVANCED_FACE('',(#2449),#53,.F.);
#2623=ADVANCED_FACE('',(#2450),#54,.F.);
#2624=ADVANCED_FACE('',(#2451),#55,.F.);
#2625=ADVANCED_FACE('',(#2452),#56,.F.);
#2626=ADVANCED_FACE('',(#2453),#57,.F.);
#2627=ADVANCED_FACE('',(#2454),#58,.F.);
#2628=ADVANCED_FACE('',(#2455),#59,.F.);
#2629=ADVANCED_FACE('',(#2456),#60,.F.);
#2630=ADVANCED_FACE('',(#2457),#61,.F.);
#2631=ADVANCED_FACE('',(#2458),#62,.F.);
#2632=ADVANCED_FACE('',(#2459),#63,.F.);
#2633=ADVANCED_FACE('',(#2460),#64,.F.);
#2634=ADVANCED_FACE('',(#2461),#65,.F.);
#2635=ADVANCED_FACE('',(#2462),#66,.F.);
#2636=ADVANCED_FACE('',(#2463),#67,.F.);
#2637=ADVANCED_FACE('',(#2464),#68,.F.);
#2638=ADVANCED_FACE('',(#2465),#69,.F.);
#2639=ADVANCED_FACE('',(#2466),#70,.F.);
#2640=ADVANCED_FACE('',(#2467),#71,.F.);
#2641=ADVANCED_FACE('',(#2468),#72,.F.);
#2642=ADVANCED_FACE('',(#2469),#73,.F.);
#2643=ADVANCED_FACE('',(#2470),#74,.F.);
#2644=ADVANCED_FACE('',(#2471),#75,.F.);
#2645=ADVANCED_FACE('',(#2472),#76,.F.);
#2646=ADVANCED_FACE('',(#2473),#77,.F.);
#2647=ADVANCED_FACE('',(#2474),#78,.F.);
#2648=ADVANCED_FACE('',(#2475),#79,.F.);
#2649=ADVANCED_FACE('',(#2476),#80,.F.);
#2650=ADVANCED_FACE('',(#2477),#81,.F.);
#2651=ADVANCED_FACE('',(#2478),#82,.F.);
#2652=ADVANCED_FACE('',(#2479),#83,.F.);
#2653=ADVANCED_FACE('',(#2480),#84,.F.);
#2654=ADVANCED_FACE('',(#2481),#85,.F.);
#2655=ADVANCED_FACE('',(#2482),#86,.F.);
#2656=ADVANCED_FACE('',(#2483),#87,.F.);
#2657=ADVANCED_FACE('',(#2484),#88,.F.);
#2658=ADVANCED_FACE('',(#2485),#89,.F.);
#2659=ADVANCED_FACE('',(#2486),#90,.F.);
#2660=ADVANCED_FACE('',(#2487),#91,.F.);
#2661=ADVANCED_FACE('',(#2488),#92,.F.);
#2662=ADVANCED_FACE('',(#2489),#93,.F.);
#2663=ADVANCED_FACE('',(#2490),#94,.F.);
#2664=ADVANCED_FACE('',(#2491),#95,.F.);
#2665=ADVANCED_FACE('',(#2492),#96,.F.);
#2666=ADVANCED_FACE('',(#2493),#97,.F.);
#2667=ADVANCED_FACE('',(#2494),#98,.F.);
#2668=ADVANCED_FACE('',(#2495),#99,.F.);
#2669=ADVANCED_FACE('',(#2496),#100,.F.);
#2670=ADVANCED_FACE('',(#2497),#101,.F.);
#2671=ADVANCED_FACE('',(#2498),#102,.F.);
#2672=ADVANCED_FACE('',(#2499),#103,.F.);
#2673=ADVANCED_FACE('',(#2500),#104,.F.);
#2674=ADVANCED_FACE('',(#2501),#105,.F.);
#2675=ADVANCED_FACE('',(#2502),#106,.F.);
#2676=ADVANCED_FACE('',(#2503),#107,.F.);
#2677=ADVANCED_FACE('',(#2504),#108,.F.);
#2678=CLOSED_SHELL('',(#2543,#2544,#2545,#2546,#2547,#2548,#2549,#2550,
#2551,#2552,#2553,#2554,#2555,#2556,#2557,#2558,#2559,#2560,#2561,#2562,
#2563,#2564,#2565,#2566,#2567,#2568,#2569,#2570,#2571,#2572,#2573,#2574,
#2575,#2576,#2577,#2578,#2579,#2580,#2581,#2582,#2583,#2584,#2585,#2586,
#2587,#2588,#2589,#2590,#2591,#2592,#2593,#2594,#2595,#2596,#2597,#2598,
#2599,#2600,#2601,#2602,#2603,#2604,#2605,#2606,#2607,#2608,#2609,#2610,
#2611,#2612,#2613,#2614,#2615,#2616,#2617,#2618,#2619,#2620,#2621,#2622,
#2623,#2624,#2625,#2626,#2627,#2628,#2629,#2630,#2631,#2632,#2633,#2634,
#2635,#2636,#2637,#2638,#2639,#2640,#2641,#2642,#2643,#2644,#2645,#2646,
#2647,#2648,#2649,#2650,#2651,#2652,#2653,#2654,#2655,#2656,#2657,#2658,
#2659,#2660,#2661,#2662,#2663,#2664,#2665,#2666,#2667,#2668,#2669,#2670,
#2671,#2672,#2673,#2674,#2675,#2676,#2677));
#2679=STYLED_ITEM('',(#2680),#2687);
#2680=PRESENTATION_STYLE_ASSIGNMENT((#2681));
#2681=SURFACE_STYLE_USAGE(.BOTH.,#2682);
#2682=SURFACE_SIDE_STYLE('',(#2683));
#2683=SURFACE_STYLE_FILL_AREA(#2684);
#2684=FILL_AREA_STYLE('',(#2685));
#2685=FILL_AREA_STYLE_COLOUR('',#2686);
#2686=COLOUR_RGB('',0.0862745098039216,0.31764705882353,0.690196078431373);
#2687=MANIFOLD_SOLID_BREP('Pod Roof',#2678);
#2688=SHAPE_DEFINITION_REPRESENTATION(#4678,#2689);
#2689=SHAPE_REPRESENTATION('Pod Roof',(#2690),#4673);
#2690=AXIS2_PLACEMENT_3D('',#3878,#3020,#3021);
#2691=AXIS2_PLACEMENT_3D('',#3879,#3022,#3023);
#2692=AXIS2_PLACEMENT_3D('',#3883,#3025,#3026);
#2693=AXIS2_PLACEMENT_3D('',#3887,#3028,#3029);
#2694=AXIS2_PLACEMENT_3D('',#3891,#3031,#3032);
#2695=AXIS2_PLACEMENT_3D('',#3893,#3033,#3034);
#2696=AXIS2_PLACEMENT_3D('',#3897,#3036,#3037);
#2697=AXIS2_PLACEMENT_3D('',#3898,#3038,#3039);
#2698=AXIS2_PLACEMENT_3D('',#3900,#3040,#3041);
#2699=AXIS2_PLACEMENT_3D('',#3902,#3042,#3043);
#2700=AXIS2_PLACEMENT_3D('',#3904,#3044,#3045);
#2701=AXIS2_PLACEMENT_3D('',#3906,#3046,#3047);
#2702=AXIS2_PLACEMENT_3D('',#3908,#3048,#3049);
#2703=AXIS2_PLACEMENT_3D('',#3910,#3050,#3051);
#2704=AXIS2_PLACEMENT_3D('',#3915,#3053,#3054);
#2705=AXIS2_PLACEMENT_3D('',#3917,#3055,#3056);
#2706=AXIS2_PLACEMENT_3D('',#3921,#3058,#3059);
#2707=AXIS2_PLACEMENT_3D('',#3923,#3060,#3061);
#2708=AXIS2_PLACEMENT_3D('',#3925,#3062,#3063);
#2709=AXIS2_PLACEMENT_3D('',#3927,#3064,#3065);
#2710=AXIS2_PLACEMENT_3D('',#3929,#3066,#3067);
#2711=AXIS2_PLACEMENT_3D('',#3931,#3068,#3069);
#2712=AXIS2_PLACEMENT_3D('',#3935,#3071,#3072);
#2713=AXIS2_PLACEMENT_3D('',#3937,#3073,#3074);
#2714=AXIS2_PLACEMENT_3D('',#3939,#3075,#3076);
#2715=AXIS2_PLACEMENT_3D('',#3943,#3078,#3079);
#2716=AXIS2_PLACEMENT_3D('',#3945,#3080,#3081);
#2717=AXIS2_PLACEMENT_3D('',#3947,#3082,#3083);
#2718=AXIS2_PLACEMENT_3D('',#3951,#3085,#3086);
#2719=AXIS2_PLACEMENT_3D('',#3953,#3087,#3088);
#2720=AXIS2_PLACEMENT_3D('',#3955,#3089,#3090);
#2721=AXIS2_PLACEMENT_3D('',#3959,#3092,#3093);
#2722=AXIS2_PLACEMENT_3D('',#3961,#3094,#3095);
#2723=AXIS2_PLACEMENT_3D('',#3963,#3096,#3097);
#2724=AXIS2_PLACEMENT_3D('',#3967,#3099,#3100);
#2725=AXIS2_PLACEMENT_3D('',#3969,#3101,#3102);
#2726=AXIS2_PLACEMENT_3D('',#3971,#3103,#3104);
#2727=AXIS2_PLACEMENT_3D('',#3975,#3106,#3107);
#2728=AXIS2_PLACEMENT_3D('',#3977,#3108,#3109);
#2729=AXIS2_PLACEMENT_3D('',#3979,#3110,#3111);
#2730=AXIS2_PLACEMENT_3D('',#3983,#3113,#3114);
#2731=AXIS2_PLACEMENT_3D('',#3985,#3115,#3116);
#2732=AXIS2_PLACEMENT_3D('',#3987,#3117,#3118);
#2733=AXIS2_PLACEMENT_3D('',#3991,#3120,#3121);
#2734=AXIS2_PLACEMENT_3D('',#3993,#3122,#3123);
#2735=AXIS2_PLACEMENT_3D('',#3995,#3124,#3125);
#2736=AXIS2_PLACEMENT_3D('',#3999,#3127,#3128);
#2737=AXIS2_PLACEMENT_3D('',#4001,#3129,#3130);
#2738=AXIS2_PLACEMENT_3D('',#4003,#3131,#3132);
#2739=AXIS2_PLACEMENT_3D('',#4007,#3134,#3135);
#2740=AXIS2_PLACEMENT_3D('',#4009,#3136,#3137);
#2741=AXIS2_PLACEMENT_3D('',#4011,#3138,#3139);
#2742=AXIS2_PLACEMENT_3D('',#4015,#3141,#3142);
#2743=AXIS2_PLACEMENT_3D('',#4017,#3143,#3144);
#2744=AXIS2_PLACEMENT_3D('',#4019,#3145,#3146);
#2745=AXIS2_PLACEMENT_3D('',#4023,#3148,#3149);
#2746=AXIS2_PLACEMENT_3D('',#4027,#3151,#3152);
#2747=AXIS2_PLACEMENT_3D('',#4029,#3153,#3154);
#2748=AXIS2_PLACEMENT_3D('',#4031,#3155,#3156);
#2749=AXIS2_PLACEMENT_3D('',#4035,#3158,#3159);
#2750=AXIS2_PLACEMENT_3D('',#4037,#3160,#3161);
#2751=AXIS2_PLACEMENT_3D('',#4039,#3162,#3163);
#2752=AXIS2_PLACEMENT_3D('',#4043,#3165,#3166);
#2753=AXIS2_PLACEMENT_3D('',#4045,#3167,#3168);
#2754=AXIS2_PLACEMENT_3D('',#4047,#3169,#3170);
#2755=AXIS2_PLACEMENT_3D('',#4051,#3172,#3173);
#2756=AXIS2_PLACEMENT_3D('',#4055,#3175,#3176);
#2757=AXIS2_PLACEMENT_3D('',#4057,#3177,#3178);
#2758=AXIS2_PLACEMENT_3D('',#4059,#3179,#3180);
#2759=AXIS2_PLACEMENT_3D('',#4063,#3182,#3183);
#2760=AXIS2_PLACEMENT_3D('',#4065,#3184,#3185);
#2761=AXIS2_PLACEMENT_3D('',#4067,#3186,#3187);
#2762=AXIS2_PLACEMENT_3D('',#4071,#3189,#3190);
#2763=AXIS2_PLACEMENT_3D('',#4075,#3192,#3193);
#2764=AXIS2_PLACEMENT_3D('',#4077,#3194,#3195);
#2765=AXIS2_PLACEMENT_3D('',#4079,#3196,#3197);
#2766=AXIS2_PLACEMENT_3D('',#4083,#3199,#3200);
#2767=AXIS2_PLACEMENT_3D('',#4087,#3202,#3203);
#2768=AXIS2_PLACEMENT_3D('',#4089,#3204,#3205);
#2769=AXIS2_PLACEMENT_3D('',#4091,#3206,#3207);
#2770=AXIS2_PLACEMENT_3D('',#4092,#3208,#3209);
#2771=AXIS2_PLACEMENT_3D('',#4095,#3210,#3211);
#2772=AXIS2_PLACEMENT_3D('',#4097,#3212,#3213);
#2773=AXIS2_PLACEMENT_3D('',#4099,#3214,#3215);
#2774=AXIS2_PLACEMENT_3D('',#4103,#3217,#3218);
#2775=AXIS2_PLACEMENT_3D('',#4105,#3219,#3220);
#2776=AXIS2_PLACEMENT_3D('',#4109,#3222,#3223);
#2777=AXIS2_PLACEMENT_3D('',#4111,#3224,#3225);
#2778=AXIS2_PLACEMENT_3D('',#4115,#3227,#3228);
#2779=AXIS2_PLACEMENT_3D('',#4117,#3229,#3230);
#2780=AXIS2_PLACEMENT_3D('',#4119,#3231,#3232);
#2781=AXIS2_PLACEMENT_3D('',#4123,#3234,#3235);
#2782=AXIS2_PLACEMENT_3D('',#4125,#3236,#3237);
#2783=AXIS2_PLACEMENT_3D('',#4127,#3238,#3239);
#2784=AXIS2_PLACEMENT_3D('',#4131,#3241,#3242);
#2785=AXIS2_PLACEMENT_3D('',#4133,#3243,#3244);
#2786=AXIS2_PLACEMENT_3D('',#4137,#3246,#3247);
#2787=AXIS2_PLACEMENT_3D('',#4141,#3249,#3250);
#2788=AXIS2_PLACEMENT_3D('',#4145,#3252,#3253);
#2789=AXIS2_PLACEMENT_3D('',#4146,#3254,#3255);
#2790=AXIS2_PLACEMENT_3D('',#4147,#3256,#3257);
#2791=AXIS2_PLACEMENT_3D('',#4150,#3258,#3259);
#2792=AXIS2_PLACEMENT_3D('',#4154,#3261,#3262);
#2793=AXIS2_PLACEMENT_3D('',#4156,#3263,#3264);
#2794=AXIS2_PLACEMENT_3D('',#4158,#3265,#3266);
#2795=AXIS2_PLACEMENT_3D('',#4162,#3268,#3269);
#2796=AXIS2_PLACEMENT_3D('',#4166,#3271,#3272);
#2797=AXIS2_PLACEMENT_3D('',#4170,#3274,#3275);
#2798=AXIS2_PLACEMENT_3D('',#4174,#3277,#3278);
#2799=AXIS2_PLACEMENT_3D('',#4176,#3279,#3280);
#2800=AXIS2_PLACEMENT_3D('',#4180,#3282,#3283);
#2801=AXIS2_PLACEMENT_3D('',#4181,#3284,#3285);
#2802=AXIS2_PLACEMENT_3D('',#4184,#3286,#3287);
#2803=AXIS2_PLACEMENT_3D('',#4188,#3289,#3290);
#2804=AXIS2_PLACEMENT_3D('',#4190,#3291,#3292);
#2805=AXIS2_PLACEMENT_3D('',#4192,#3293,#3294);
#2806=AXIS2_PLACEMENT_3D('',#4196,#3296,#3297);
#2807=AXIS2_PLACEMENT_3D('',#4200,#3299,#3300);
#2808=AXIS2_PLACEMENT_3D('',#4204,#3302,#3303);
#2809=AXIS2_PLACEMENT_3D('',#4206,#3304,#3305);
#2810=AXIS2_PLACEMENT_3D('',#4208,#3306,#3307);
#2811=AXIS2_PLACEMENT_3D('',#4212,#3309,#3310);
#2812=AXIS2_PLACEMENT_3D('',#4216,#3312,#3313);
#2813=AXIS2_PLACEMENT_3D('',#4218,#3314,#3315);
#2814=AXIS2_PLACEMENT_3D('',#4220,#3316,#3317);
#2815=AXIS2_PLACEMENT_3D('',#4224,#3319,#3320);
#2816=AXIS2_PLACEMENT_3D('',#4226,#3321,#3322);
#2817=AXIS2_PLACEMENT_3D('',#4228,#3323,#3324);
#2818=AXIS2_PLACEMENT_3D('',#4232,#3326,#3327);
#2819=AXIS2_PLACEMENT_3D('',#4234,#3328,#3329);
#2820=AXIS2_PLACEMENT_3D('',#4236,#3330,#3331);
#2821=AXIS2_PLACEMENT_3D('',#4237,#3332,#3333);
#2822=AXIS2_PLACEMENT_3D('',#4240,#3334,#3335);
#2823=AXIS2_PLACEMENT_3D('',#4244,#3337,#3338);
#2824=AXIS2_PLACEMENT_3D('',#4246,#3339,#3340);
#2825=AXIS2_PLACEMENT_3D('',#4248,#3341,#3342);
#2826=AXIS2_PLACEMENT_3D('',#4252,#3344,#3345);
#2827=AXIS2_PLACEMENT_3D('',#4253,#3346,#3347);
#2828=AXIS2_PLACEMENT_3D('',#4256,#3348,#3349);
#2829=AXIS2_PLACEMENT_3D('',#4260,#3351,#3352);
#2830=AXIS2_PLACEMENT_3D('',#4262,#3353,#3354);
#2831=AXIS2_PLACEMENT_3D('',#4264,#3355,#3356);
#2832=AXIS2_PLACEMENT_3D('',#4268,#3358,#3359);
#2833=AXIS2_PLACEMENT_3D('',#4269,#3360,#3361);
#2834=AXIS2_PLACEMENT_3D('',#4271,#3362,#3363);
#2835=AXIS2_PLACEMENT_3D('',#4273,#3364,#3365);
#2836=AXIS2_PLACEMENT_3D('',#4275,#3366,#3367);
#2837=AXIS2_PLACEMENT_3D('',#4277,#3368,#3369);
#2838=AXIS2_PLACEMENT_3D('',#4279,#3370,#3371);
#2839=AXIS2_PLACEMENT_3D('',#4281,#3372,#3373);
#2840=AXIS2_PLACEMENT_3D('',#4283,#3374,#3375);
#2841=AXIS2_PLACEMENT_3D('',#4286,#3376,#3377);
#2842=AXIS2_PLACEMENT_3D('',#4290,#3379,#3380);
#2843=AXIS2_PLACEMENT_3D('',#4292,#3381,#3382);
#2844=AXIS2_PLACEMENT_3D('',#4294,#3383,#3384);
#2845=AXIS2_PLACEMENT_3D('',#4296,#3385,#3386);
#2846=AXIS2_PLACEMENT_3D('',#4298,#3387,#3388);
#2847=AXIS2_PLACEMENT_3D('',#4300,#3389,#3390);
#2848=AXIS2_PLACEMENT_3D('',#4306,#3393,#3394);
#2849=AXIS2_PLACEMENT_3D('',#4308,#3395,#3396);
#2850=AXIS2_PLACEMENT_3D('',#4310,#3397,#3398);
#2851=AXIS2_PLACEMENT_3D('',#4314,#3400,#3401);
#2852=AXIS2_PLACEMENT_3D('',#4316,#3402,#3403);
#2853=AXIS2_PLACEMENT_3D('',#4318,#3404,#3405);
#2854=AXIS2_PLACEMENT_3D('',#4322,#3407,#3408);
#2855=AXIS2_PLACEMENT_3D('',#4324,#3409,#3410);
#2856=AXIS2_PLACEMENT_3D('',#4326,#3411,#3412);
#2857=AXIS2_PLACEMENT_3D('',#4330,#3414,#3415);
#2858=AXIS2_PLACEMENT_3D('',#4332,#3416,#3417);
#2859=AXIS2_PLACEMENT_3D('',#4334,#3418,#3419);
#2860=AXIS2_PLACEMENT_3D('',#4335,#3420,#3421);
#2861=AXIS2_PLACEMENT_3D('',#4338,#3422,#3423);
#2862=AXIS2_PLACEMENT_3D('',#4342,#3425,#3426);
#2863=AXIS2_PLACEMENT_3D('',#4344,#3427,#3428);
#2864=AXIS2_PLACEMENT_3D('',#4346,#3429,#3430);
#2865=AXIS2_PLACEMENT_3D('',#4350,#3432,#3433);
#2866=AXIS2_PLACEMENT_3D('',#4354,#3435,#3436);
#2867=AXIS2_PLACEMENT_3D('',#4358,#3438,#3439);
#2868=AXIS2_PLACEMENT_3D('',#4360,#3440,#3441);
#2869=AXIS2_PLACEMENT_3D('',#4362,#3442,#3443);
#2870=AXIS2_PLACEMENT_3D('',#4366,#3445,#3446);
#2871=AXIS2_PLACEMENT_3D('',#4370,#3448,#3449);
#2872=AXIS2_PLACEMENT_3D('',#4372,#3450,#3451);
#2873=AXIS2_PLACEMENT_3D('',#4374,#3452,#3453);
#2874=AXIS2_PLACEMENT_3D('',#4378,#3455,#3456);
#2875=AXIS2_PLACEMENT_3D('',#4380,#3457,#3458);
#2876=AXIS2_PLACEMENT_3D('',#4382,#3459,#3460);
#2877=AXIS2_PLACEMENT_3D('',#4384,#3461,#3462);
#2878=AXIS2_PLACEMENT_3D('',#4386,#3463,#3464);
#2879=AXIS2_PLACEMENT_3D('',#4388,#3465,#3466);
#2880=AXIS2_PLACEMENT_3D('',#4392,#3468,#3469);
#2881=AXIS2_PLACEMENT_3D('',#4394,#3470,#3471);
#2882=AXIS2_PLACEMENT_3D('',#4395,#3472,#3473);
#2883=AXIS2_PLACEMENT_3D('',#4400,#3475,#3476);
#2884=AXIS2_PLACEMENT_3D('',#4404,#3478,#3479);
#2885=AXIS2_PLACEMENT_3D('',#4408,#3481,#3482);
#2886=AXIS2_PLACEMENT_3D('',#4412,#3484,#3485);
#2887=AXIS2_PLACEMENT_3D('',#4413,#3486,#3487);
#2888=AXIS2_PLACEMENT_3D('',#4414,#3488,#3489);
#2889=AXIS2_PLACEMENT_3D('',#4415,#3490,#3491);
#2890=AXIS2_PLACEMENT_3D('',#4416,#3492,#3493);
#2891=AXIS2_PLACEMENT_3D('',#4417,#3494,#3495);
#2892=AXIS2_PLACEMENT_3D('',#4418,#3496,#3497);
#2893=AXIS2_PLACEMENT_3D('',#4419,#3498,#3499);
#2894=AXIS2_PLACEMENT_3D('',#4420,#3500,#3501);
#2895=AXIS2_PLACEMENT_3D('',#4423,#3504,#3505);
#2896=AXIS2_PLACEMENT_3D('',#4426,#3508,#3509);
#2897=AXIS2_PLACEMENT_3D('',#4429,#3512,#3513);
#2898=AXIS2_PLACEMENT_3D('',#4432,#3516,#3517);
#2899=AXIS2_PLACEMENT_3D('',#4434,#3519,#3520);
#2900=AXIS2_PLACEMENT_3D('',#4437,#3523,#3524);
#2901=AXIS2_PLACEMENT_3D('',#4440,#3527,#3528);
#2902=AXIS2_PLACEMENT_3D('',#4443,#3531,#3532);
#2903=AXIS2_PLACEMENT_3D('',#4446,#3535,#3536);
#2904=AXIS2_PLACEMENT_3D('',#4449,#3539,#3540);
#2905=AXIS2_PLACEMENT_3D('',#4452,#3543,#3544);
#2906=AXIS2_PLACEMENT_3D('',#4455,#3547,#3548);
#2907=AXIS2_PLACEMENT_3D('',#4458,#3551,#3552);
#2908=AXIS2_PLACEMENT_3D('',#4461,#3555,#3556);
#2909=AXIS2_PLACEMENT_3D('',#4464,#3559,#3560);
#2910=AXIS2_PLACEMENT_3D('',#4467,#3563,#3564);
#2911=AXIS2_PLACEMENT_3D('',#4470,#3567,#3568);
#2912=AXIS2_PLACEMENT_3D('',#4473,#3571,#3572);
#2913=AXIS2_PLACEMENT_3D('',#4476,#3575,#3576);
#2914=AXIS2_PLACEMENT_3D('',#4479,#3579,#3580);
#2915=AXIS2_PLACEMENT_3D('',#4482,#3583,#3584);
#2916=AXIS2_PLACEMENT_3D('',#4485,#3587,#3588);
#2917=AXIS2_PLACEMENT_3D('',#4488,#3591,#3592);
#2918=AXIS2_PLACEMENT_3D('',#4491,#3595,#3596);
#2919=AXIS2_PLACEMENT_3D('',#4494,#3599,#3600);
#2920=AXIS2_PLACEMENT_3D('',#4497,#3603,#3604);
#2921=AXIS2_PLACEMENT_3D('',#4500,#3607,#3608);
#2922=AXIS2_PLACEMENT_3D('',#4503,#3611,#3612);
#2923=AXIS2_PLACEMENT_3D('',#4506,#3615,#3616);
#2924=AXIS2_PLACEMENT_3D('',#4509,#3619,#3620);
#2925=AXIS2_PLACEMENT_3D('',#4512,#3623,#3624);
#2926=AXIS2_PLACEMENT_3D('',#4515,#3627,#3628);
#2927=AXIS2_PLACEMENT_3D('',#4518,#3631,#3632);
#2928=AXIS2_PLACEMENT_3D('',#4521,#3635,#3636);
#2929=AXIS2_PLACEMENT_3D('',#4524,#3639,#3640);
#2930=AXIS2_PLACEMENT_3D('',#4527,#3643,#3644);
#2931=AXIS2_PLACEMENT_3D('',#4530,#3647,#3648);
#2932=AXIS2_PLACEMENT_3D('',#4533,#3651,#3652);
#2933=AXIS2_PLACEMENT_3D('',#4536,#3655,#3656);
#2934=AXIS2_PLACEMENT_3D('',#4539,#3659,#3660);
#2935=AXIS2_PLACEMENT_3D('',#4542,#3663,#3664);
#2936=AXIS2_PLACEMENT_3D('',#4545,#3667,#3668);
#2937=AXIS2_PLACEMENT_3D('',#4548,#3671,#3672);
#2938=AXIS2_PLACEMENT_3D('',#4551,#3675,#3676);
#2939=AXIS2_PLACEMENT_3D('',#4554,#3679,#3680);
#2940=AXIS2_PLACEMENT_3D('',#4557,#3683,#3684);
#2941=AXIS2_PLACEMENT_3D('',#4560,#3687,#3688);
#2942=AXIS2_PLACEMENT_3D('',#4563,#3691,#3692);
#2943=AXIS2_PLACEMENT_3D('',#4566,#3695,#3696);
#2944=AXIS2_PLACEMENT_3D('',#4568,#3698,#3699);
#2945=AXIS2_PLACEMENT_3D('',#4571,#3702,#3703);
#2946=AXIS2_PLACEMENT_3D('',#4574,#3706,#3707);
#2947=AXIS2_PLACEMENT_3D('',#4576,#3709,#3710);
#2948=AXIS2_PLACEMENT_3D('',#4579,#3713,#3714);
#2949=AXIS2_PLACEMENT_3D('',#4582,#3717,#3718);
#2950=AXIS2_PLACEMENT_3D('',#4585,#3721,#3722);
#2951=AXIS2_PLACEMENT_3D('',#4588,#3725,#3726);
#2952=AXIS2_PLACEMENT_3D('',#4591,#3729,#3730);
#2953=AXIS2_PLACEMENT_3D('',#4594,#3733,#3734);
#2954=AXIS2_PLACEMENT_3D('',#4597,#3737,#3738);
#2955=AXIS2_PLACEMENT_3D('',#4599,#3740,#3741);
#2956=AXIS2_PLACEMENT_3D('',#4602,#3744,#3745);
#2957=AXIS2_PLACEMENT_3D('',#4605,#3748,#3749);
#2958=AXIS2_PLACEMENT_3D('',#4608,#3752,#3753);
#2959=AXIS2_PLACEMENT_3D('',#4609,#3754,#3755);
#2960=AXIS2_PLACEMENT_3D('',#4610,#3756,#3757);
#2961=AXIS2_PLACEMENT_3D('',#4611,#3758,#3759);
#2962=AXIS2_PLACEMENT_3D('',#4612,#3760,#3761);
#2963=AXIS2_PLACEMENT_3D('',#4613,#3762,#3763);
#2964=AXIS2_PLACEMENT_3D('',#4614,#3764,#3765);
#2965=AXIS2_PLACEMENT_3D('',#4615,#3766,#3767);
#2966=AXIS2_PLACEMENT_3D('',#4616,#3768,#3769);
#2967=AXIS2_PLACEMENT_3D('',#4617,#3770,#3771);
#2968=AXIS2_PLACEMENT_3D('',#4618,#3772,#3773);
#2969=AXIS2_PLACEMENT_3D('',#4619,#3774,#3775);
#2970=AXIS2_PLACEMENT_3D('',#4620,#3776,#3777);
#2971=AXIS2_PLACEMENT_3D('',#4621,#3778,#3779);
#2972=AXIS2_PLACEMENT_3D('',#4622,#3780,#3781);
#2973=AXIS2_PLACEMENT_3D('',#4623,#3782,#3783);
#2974=AXIS2_PLACEMENT_3D('',#4624,#3784,#3785);
#2975=AXIS2_PLACEMENT_3D('',#4625,#3786,#3787);
#2976=AXIS2_PLACEMENT_3D('',#4626,#3788,#3789);
#2977=AXIS2_PLACEMENT_3D('',#4627,#3790,#3791);
#2978=AXIS2_PLACEMENT_3D('',#4628,#3792,#3793);
#2979=AXIS2_PLACEMENT_3D('',#4629,#3794,#3795);
#2980=AXIS2_PLACEMENT_3D('',#4630,#3796,#3797);
#2981=AXIS2_PLACEMENT_3D('',#4631,#3798,#3799);
#2982=AXIS2_PLACEMENT_3D('',#4632,#3800,#3801);
#2983=AXIS2_PLACEMENT_3D('',#4633,#3802,#3803);
#2984=AXIS2_PLACEMENT_3D('',#4634,#3804,#3805);
#2985=AXIS2_PLACEMENT_3D('',#4635,#3806,#3807);
#2986=AXIS2_PLACEMENT_3D('',#4636,#3808,#3809);
#2987=AXIS2_PLACEMENT_3D('',#4637,#3810,#3811);
#2988=AXIS2_PLACEMENT_3D('',#4638,#3812,#3813);
#2989=AXIS2_PLACEMENT_3D('',#4639,#3814,#3815);
#2990=AXIS2_PLACEMENT_3D('',#4640,#3816,#3817);
#2991=AXIS2_PLACEMENT_3D('',#4641,#3818,#3819);
#2992=AXIS2_PLACEMENT_3D('',#4642,#3820,#3821);
#2993=AXIS2_PLACEMENT_3D('',#4643,#3822,#3823);
#2994=AXIS2_PLACEMENT_3D('',#4644,#3824,#3825);
#2995=AXIS2_PLACEMENT_3D('',#4645,#3826,#3827);
#2996=AXIS2_PLACEMENT_3D('',#4646,#3828,#3829);
#2997=AXIS2_PLACEMENT_3D('',#4647,#3830,#3831);
#2998=AXIS2_PLACEMENT_3D('',#4648,#3832,#3833);
#2999=AXIS2_PLACEMENT_3D('',#4649,#3834,#3835);
#3000=AXIS2_PLACEMENT_3D('',#4650,#3836,#3837);
#3001=AXIS2_PLACEMENT_3D('',#4651,#3838,#3839);
#3002=AXIS2_PLACEMENT_3D('',#4652,#3840,#3841);
#3003=AXIS2_PLACEMENT_3D('',#4654,#3843,#3844);
#3004=AXIS2_PLACEMENT_3D('',#4655,#3845,#3846);
#3005=AXIS2_PLACEMENT_3D('',#4656,#3847,#3848);
#3006=AXIS2_PLACEMENT_3D('',#4657,#3849,#3850);
#3007=AXIS2_PLACEMENT_3D('',#4658,#3851,#3852);
#3008=AXIS2_PLACEMENT_3D('',#4659,#3853,#3854);
#3009=AXIS2_PLACEMENT_3D('',#4660,#3855,#3856);
#3010=AXIS2_PLACEMENT_3D('',#4661,#3857,#3858);
#3011=AXIS2_PLACEMENT_3D('',#4662,#3859,#3860);
#3012=AXIS2_PLACEMENT_3D('',#4664,#3862,#3863);
#3013=AXIS2_PLACEMENT_3D('',#4665,#3864,#3865);
#3014=AXIS2_PLACEMENT_3D('',#4666,#3866,#3867);
#3015=AXIS2_PLACEMENT_3D('',#4667,#3868,#3869);
#3016=AXIS2_PLACEMENT_3D('',#4668,#3870,#3871);
#3017=AXIS2_PLACEMENT_3D('',#4669,#3872,#3873);
#3018=AXIS2_PLACEMENT_3D('',#4670,#3874,#3875);
#3019=AXIS2_PLACEMENT_3D('',#4671,#3876,#3877);
#3020=DIRECTION('',(0.,0.,1.));
#3021=DIRECTION('',(1.,0.,0.));
#3022=DIRECTION('',(0.,0.,1.));
#3023=DIRECTION('',(1.,0.,0.));
#3024=DIRECTION('',(0.,-1.,0.));
#3025=DIRECTION('',(0.,0.,1.));
#3026=DIRECTION('',(1.,0.,0.));
#3027=DIRECTION('',(1.,0.,0.));
#3028=DIRECTION('',(0.,0.,1.));
#3029=DIRECTION('',(1.,0.,0.));
#3030=DIRECTION('',(-0.674050394139193,-0.738685363440212,0.));
#3031=DIRECTION('',(0.,0.,1.));
#3032=DIRECTION('',(1.,0.,0.));
#3033=DIRECTION('',(0.,0.,1.));
#3034=DIRECTION('',(1.,0.,0.));
#3035=DIRECTION('',(1.,0.,0.));
#3036=DIRECTION('',(0.,0.,1.));
#3037=DIRECTION('',(1.,0.,0.));
#3038=DIRECTION('',(0.,0.,1.));
#3039=DIRECTION('',(1.,0.,0.));
#3040=DIRECTION('',(0.,0.,1.));
#3041=DIRECTION('',(1.,0.,0.));
#3042=DIRECTION('',(0.,0.,1.));
#3043=DIRECTION('',(1.,0.,0.));
#3044=DIRECTION('',(0.,0.,1.));
#3045=DIRECTION('',(1.,0.,0.));
#3046=DIRECTION('',(0.,0.,1.));
#3047=DIRECTION('',(1.,0.,0.));
#3048=DIRECTION('',(0.,0.,1.));
#3049=DIRECTION('',(1.,0.,0.));
#3050=DIRECTION('',(0.,0.,1.));
#3051=DIRECTION('',(1.,0.,0.));
#3052=DIRECTION('',(-0.832900287707257,-0.553423084752677,0.));
#3053=DIRECTION('',(0.,0.,1.));
#3054=DIRECTION('',(1.,0.,0.));
#3055=DIRECTION('',(0.,0.,1.));
#3056=DIRECTION('',(1.,0.,0.));
#3057=DIRECTION('',(1.,0.,0.));
#3058=DIRECTION('',(0.,0.,1.));
#3059=DIRECTION('',(1.,0.,0.));
#3060=DIRECTION('',(0.,0.,1.));
#3061=DIRECTION('',(1.,0.,0.));
#3062=DIRECTION('',(0.,0.,1.));
#3063=DIRECTION('',(1.,0.,0.));
#3064=DIRECTION('',(0.,0.,1.));
#3065=DIRECTION('',(1.,0.,0.));
#3066=DIRECTION('',(0.,0.,1.));
#3067=DIRECTION('',(1.,0.,0.));
#3068=DIRECTION('',(0.,0.,1.));
#3069=DIRECTION('',(1.,0.,0.));
#3070=DIRECTION('',(0.630592625094466,0.776114000116266,0.));
#3071=DIRECTION('',(0.,0.,1.));
#3072=DIRECTION('',(1.,0.,0.));
#3073=DIRECTION('',(0.,0.,1.));
#3074=DIRECTION('',(1.,0.,0.));
#3075=DIRECTION('',(0.,0.,1.));
#3076=DIRECTION('',(1.,0.,0.));
#3077=DIRECTION('',(0.746141301283538,-0.665787622683772,0.));
#3078=DIRECTION('',(0.,0.,1.));
#3079=DIRECTION('',(1.,0.,0.));
#3080=DIRECTION('',(0.,0.,1.));
#3081=DIRECTION('',(1.,0.,0.));
#3082=DIRECTION('',(0.,0.,1.));
#3083=DIRECTION('',(1.,0.,0.));
#3084=DIRECTION('',(0.746141301283538,0.665787622683772,0.));
#3085=DIRECTION('',(0.,0.,1.));
#3086=DIRECTION('',(1.,0.,0.));
#3087=DIRECTION('',(0.,0.,1.));
#3088=DIRECTION('',(1.,0.,0.));
#3089=DIRECTION('',(0.,0.,1.));
#3090=DIRECTION('',(1.,0.,0.));
#3091=DIRECTION('',(-0.630592625094466,0.776114000116266,0.));
#3092=DIRECTION('',(0.,0.,1.));
#3093=DIRECTION('',(1.,0.,0.));
#3094=DIRECTION('',(0.,0.,1.));
#3095=DIRECTION('',(1.,0.,0.));
#3096=DIRECTION('',(0.,0.,1.));
#3097=DIRECTION('',(1.,0.,0.));
#3098=DIRECTION('',(-0.630592625094466,0.776114000116266,0.));
#3099=DIRECTION('',(0.,0.,1.));
#3100=DIRECTION('',(1.,0.,0.));
#3101=DIRECTION('',(0.,0.,1.));
#3102=DIRECTION('',(1.,0.,0.));
#3103=DIRECTION('',(0.,0.,1.));
#3104=DIRECTION('',(1.,0.,0.));
#3105=DIRECTION('',(0.674050394139194,0.738685363440212,0.));
#3106=DIRECTION('',(0.,0.,1.));
#3107=DIRECTION('',(1.,0.,0.));
#3108=DIRECTION('',(0.,0.,1.));
#3109=DIRECTION('',(1.,0.,0.));
#3110=DIRECTION('',(0.,0.,1.));
#3111=DIRECTION('',(1.,0.,0.));
#3112=DIRECTION('',(-0.674050394139194,0.738685363440212,0.));
#3113=DIRECTION('',(0.,0.,1.));
#3114=DIRECTION('',(1.,0.,0.));
#3115=DIRECTION('',(0.,0.,1.));
#3116=DIRECTION('',(1.,0.,0.));
#3117=DIRECTION('',(0.,0.,1.));
#3118=DIRECTION('',(1.,0.,0.));
#3119=DIRECTION('',(-0.832900287707257,-0.553423084752678,0.));
#3120=DIRECTION('',(0.,0.,1.));
#3121=DIRECTION('',(1.,0.,0.));
#3122=DIRECTION('',(0.,0.,1.));
#3123=DIRECTION('',(1.,0.,0.));
#3124=DIRECTION('',(0.,0.,1.));
#3125=DIRECTION('',(1.,0.,0.));
#3126=DIRECTION('',(0.674050394139194,-0.738685363440212,0.));
#3127=DIRECTION('',(0.,0.,1.));
#3128=DIRECTION('',(1.,0.,0.));
#3129=DIRECTION('',(0.,0.,1.));
#3130=DIRECTION('',(1.,0.,0.));
#3131=DIRECTION('',(0.,0.,1.));
#3132=DIRECTION('',(1.,0.,0.));
#3133=DIRECTION('',(0.630592625094466,0.776114000116266,0.));
#3134=DIRECTION('',(0.,0.,1.));
#3135=DIRECTION('',(1.,0.,0.));
#3136=DIRECTION('',(0.,0.,1.));
#3137=DIRECTION('',(1.,0.,0.));
#3138=DIRECTION('',(0.,0.,1.));
#3139=DIRECTION('',(1.,0.,0.));
#3140=DIRECTION('',(0.630592625094466,0.776114000116265,0.));
#3141=DIRECTION('',(0.,0.,1.));
#3142=DIRECTION('',(1.,0.,0.));
#3143=DIRECTION('',(0.,0.,1.));
#3144=DIRECTION('',(1.,0.,0.));
#3145=DIRECTION('',(0.,0.,1.));
#3146=DIRECTION('',(1.,0.,0.));
#3147=DIRECTION('',(-1.9677740699619E-17,-1.,0.));
#3148=DIRECTION('',(0.,0.,1.));
#3149=DIRECTION('',(1.,0.,0.));
#3150=DIRECTION('',(0.746141301283538,-0.665787622683772,0.));
#3151=DIRECTION('',(0.,0.,1.));
#3152=DIRECTION('',(1.,0.,0.));
#3153=DIRECTION('',(0.,0.,1.));
#3154=DIRECTION('',(1.,0.,0.));
#3155=DIRECTION('',(0.,0.,1.));
#3156=DIRECTION('',(1.,0.,0.));
#3157=DIRECTION('',(1.,0.,0.));
#3158=DIRECTION('',(0.,0.,1.));
#3159=DIRECTION('',(1.,0.,0.));
#3160=DIRECTION('',(0.,0.,1.));
#3161=DIRECTION('',(1.,0.,0.));
#3162=DIRECTION('',(0.,0.,1.));
#3163=DIRECTION('',(1.,0.,0.));
#3164=DIRECTION('',(0.630592625094466,0.776114000116265,0.));
#3165=DIRECTION('',(0.,0.,1.));
#3166=DIRECTION('',(1.,0.,0.));
#3167=DIRECTION('',(0.,0.,1.));
#3168=DIRECTION('',(1.,0.,0.));
#3169=DIRECTION('',(0.,0.,1.));
#3170=DIRECTION('',(1.,0.,0.));
#3171=DIRECTION('',(0.674050394139194,-0.738685363440212,0.));
#3172=DIRECTION('',(0.,0.,1.));
#3173=DIRECTION('',(1.,0.,0.));
#3174=DIRECTION('',(0.674050394139193,0.738685363440212,0.));
#3175=DIRECTION('',(0.,0.,1.));
#3176=DIRECTION('',(1.,0.,0.));
#3177=DIRECTION('',(0.,0.,1.));
#3178=DIRECTION('',(1.,0.,0.));
#3179=DIRECTION('',(0.,0.,1.));
#3180=DIRECTION('',(1.,0.,0.));
#3181=DIRECTION('',(0.630592625094466,-0.776114000116266,0.));
#3182=DIRECTION('',(0.,0.,1.));
#3183=DIRECTION('',(1.,0.,0.));
#3184=DIRECTION('',(0.,0.,1.));
#3185=DIRECTION('',(1.,0.,0.));
#3186=DIRECTION('',(0.,0.,1.));
#3187=DIRECTION('',(1.,0.,0.));
#3188=DIRECTION('',(1.,0.,0.));
#3189=DIRECTION('',(0.,0.,1.));
#3190=DIRECTION('',(1.,0.,0.));
#3191=DIRECTION('',(0.630592625094466,-0.776114000116266,0.));
#3192=DIRECTION('',(0.,0.,1.));
#3193=DIRECTION('',(1.,0.,0.));
#3194=DIRECTION('',(0.,0.,1.));
#3195=DIRECTION('',(1.,0.,0.));
#3196=DIRECTION('',(0.,0.,1.));
#3197=DIRECTION('',(1.,0.,0.));
#3198=DIRECTION('',(0.746141301283538,0.665787622683772,0.));
#3199=DIRECTION('',(0.,0.,1.));
#3200=DIRECTION('',(1.,0.,0.));
#3201=DIRECTION('',(-1.9677740699619E-17,-1.,0.));
#3202=DIRECTION('',(0.,0.,1.));
#3203=DIRECTION('',(1.,0.,0.));
#3204=DIRECTION('',(0.,0.,1.));
#3205=DIRECTION('',(1.,0.,0.));
#3206=DIRECTION('',(0.,0.,1.));
#3207=DIRECTION('',(1.,0.,0.));
#3208=DIRECTION('',(0.,0.,1.));
#3209=DIRECTION('',(1.,0.,0.));
#3210=DIRECTION('',(0.,0.,1.));
#3211=DIRECTION('',(1.,0.,0.));
#3212=DIRECTION('',(0.,0.,1.));
#3213=DIRECTION('',(1.,0.,0.));
#3214=DIRECTION('',(0.,0.,1.));
#3215=DIRECTION('',(1.,0.,0.));
#3216=DIRECTION('',(1.,0.,0.));
#3217=DIRECTION('',(0.,0.,1.));
#3218=DIRECTION('',(1.,0.,0.));
#3219=DIRECTION('',(0.,0.,1.));
#3220=DIRECTION('',(1.,0.,0.));
#3221=DIRECTION('',(0.832900287707256,-0.553423084752678,0.));
#3222=DIRECTION('',(0.,0.,1.));
#3223=DIRECTION('',(1.,0.,0.));
#3224=DIRECTION('',(0.,0.,1.));
#3225=DIRECTION('',(1.,0.,0.));
#3226=DIRECTION('',(0.832900287707257,-0.553423084752677,0.));
#3227=DIRECTION('',(0.,0.,1.));
#3228=DIRECTION('',(1.,0.,0.));
#3229=DIRECTION('',(0.,0.,1.));
#3230=DIRECTION('',(1.,0.,0.));
#3231=DIRECTION('',(0.,0.,1.));
#3232=DIRECTION('',(1.,0.,0.));
#3233=DIRECTION('',(-0.674050394139193,-0.738685363440212,0.));
#3234=DIRECTION('',(0.,0.,1.));
#3235=DIRECTION('',(1.,0.,0.));
#3236=DIRECTION('',(0.,0.,1.));
#3237=DIRECTION('',(1.,0.,0.));
#3238=DIRECTION('',(0.,0.,1.));
#3239=DIRECTION('',(1.,0.,0.));
#3240=DIRECTION('',(1.,0.,0.));
#3241=DIRECTION('',(0.,0.,1.));
#3242=DIRECTION('',(1.,0.,0.));
#3243=DIRECTION('',(0.,0.,1.));
#3244=DIRECTION('',(1.,0.,0.));
#3245=DIRECTION('',(-0.674050394139194,0.738685363440212,0.));
#3246=DIRECTION('',(0.,0.,1.));
#3247=DIRECTION('',(1.,0.,0.));
#3248=DIRECTION('',(1.,0.,0.));
#3249=DIRECTION('',(0.,0.,1.));
#3250=DIRECTION('',(1.,0.,0.));
#3251=DIRECTION('',(0.,1.,0.));
#3252=DIRECTION('',(0.,0.,1.));
#3253=DIRECTION('',(1.,0.,0.));
#3254=DIRECTION('',(0.,0.,1.));
#3255=DIRECTION('',(1.,0.,0.));
#3256=DIRECTION('',(0.,0.,1.));
#3257=DIRECTION('',(1.,0.,0.));
#3258=DIRECTION('',(0.,0.,1.));
#3259=DIRECTION('',(1.,0.,0.));
#3260=DIRECTION('',(0.832900287707257,-0.553423084752677,0.));
#3261=DIRECTION('',(0.,0.,1.));
#3262=DIRECTION('',(1.,0.,0.));
#3263=DIRECTION('',(0.,0.,1.));
#3264=DIRECTION('',(1.,0.,0.));
#3265=DIRECTION('',(0.,0.,1.));
#3266=DIRECTION('',(1.,0.,0.));
#3267=DIRECTION('',(-0.674050394139193,-0.738685363440212,0.));
#3268=DIRECTION('',(0.,0.,1.));
#3269=DIRECTION('',(1.,0.,0.));
#3270=DIRECTION('',(1.,0.,0.));
#3271=DIRECTION('',(0.,0.,1.));
#3272=DIRECTION('',(1.,0.,0.));
#3273=DIRECTION('',(0.,-1.,0.));
#3274=DIRECTION('',(0.,0.,1.));
#3275=DIRECTION('',(1.,0.,0.));
#3276=DIRECTION('',(1.,0.,0.));
#3277=DIRECTION('',(0.,0.,1.));
#3278=DIRECTION('',(1.,0.,0.));
#3279=DIRECTION('',(0.,0.,1.));
#3280=DIRECTION('',(1.,0.,0.));
#3281=DIRECTION('',(-0.674050394139193,-0.738685363440212,0.));
#3282=DIRECTION('',(0.,0.,1.));
#3283=DIRECTION('',(1.,0.,0.));
#3284=DIRECTION('',(0.,0.,1.));
#3285=DIRECTION('',(1.,0.,0.));
#3286=DIRECTION('',(0.,0.,1.));
#3287=DIRECTION('',(1.,0.,0.));
#3288=DIRECTION('',(0.630592625094466,-0.776114000116266,0.));
#3289=DIRECTION('',(0.,0.,1.));
#3290=DIRECTION('',(1.,0.,0.));
#3291=DIRECTION('',(0.,0.,1.));
#3292=DIRECTION('',(1.,0.,0.));
#3293=DIRECTION('',(0.,0.,1.));
#3294=DIRECTION('',(1.,0.,0.));
#3295=DIRECTION('',(-1.9677740699619E-17,-1.,0.));
#3296=DIRECTION('',(0.,0.,1.));
#3297=DIRECTION('',(1.,0.,0.));
#3298=DIRECTION('',(0.746141301283538,0.665787622683772,0.));
#3299=DIRECTION('',(0.,0.,1.));
#3300=DIRECTION('',(1.,0.,0.));
#3301=DIRECTION('',(0.630592625094466,0.776114000116265,0.));
#3302=DIRECTION('',(0.,0.,1.));
#3303=DIRECTION('',(1.,0.,0.));
#3304=DIRECTION('',(0.,0.,1.));
#3305=DIRECTION('',(1.,0.,0.));
#3306=DIRECTION('',(0.,0.,1.));
#3307=DIRECTION('',(1.,0.,0.));
#3308=DIRECTION('',(1.,0.,0.));
#3309=DIRECTION('',(0.,0.,1.));
#3310=DIRECTION('',(1.,0.,0.));
#3311=DIRECTION('',(0.674050394139194,-0.738685363440212,0.));
#3312=DIRECTION('',(0.,0.,1.));
#3313=DIRECTION('',(1.,0.,0.));
#3314=DIRECTION('',(0.,0.,1.));
#3315=DIRECTION('',(1.,0.,0.));
#3316=DIRECTION('',(0.,0.,1.));
#3317=DIRECTION('',(1.,0.,0.));
#3318=DIRECTION('',(0.630592625094466,0.776114000116266,0.));
#3319=DIRECTION('',(0.,0.,1.));
#3320=DIRECTION('',(1.,0.,0.));
#3321=DIRECTION('',(0.,0.,1.));
#3322=DIRECTION('',(1.,0.,0.));
#3323=DIRECTION('',(0.,0.,1.));
#3324=DIRECTION('',(1.,0.,0.));
#3325=DIRECTION('',(0.674050394139194,-0.738685363440212,0.));
#3326=DIRECTION('',(0.,0.,1.));
#3327=DIRECTION('',(1.,0.,0.));
#3328=DIRECTION('',(0.,0.,1.));
#3329=DIRECTION('',(1.,0.,0.));
#3330=DIRECTION('',(0.,0.,1.));
#3331=DIRECTION('',(1.,0.,0.));
#3332=DIRECTION('',(0.,0.,1.));
#3333=DIRECTION('',(1.,0.,0.));
#3334=DIRECTION('',(0.,0.,1.));
#3335=DIRECTION('',(1.,0.,0.));
#3336=DIRECTION('',(-0.630592625094466,0.776114000116266,0.));
#3337=DIRECTION('',(0.,0.,1.));
#3338=DIRECTION('',(1.,0.,0.));
#3339=DIRECTION('',(0.,0.,1.));
#3340=DIRECTION('',(1.,0.,0.));
#3341=DIRECTION('',(0.,0.,1.));
#3342=DIRECTION('',(1.,0.,0.));
#3343=DIRECTION('',(0.674050394139194,0.738685363440212,0.));
#3344=DIRECTION('',(0.,0.,1.));
#3345=DIRECTION('',(1.,0.,0.));
#3346=DIRECTION('',(0.,0.,1.));
#3347=DIRECTION('',(1.,0.,0.));
#3348=DIRECTION('',(0.,0.,1.));
#3349=DIRECTION('',(1.,0.,0.));
#3350=DIRECTION('',(0.630592625094466,0.776114000116266,0.));
#3351=DIRECTION('',(0.,0.,1.));
#3352=DIRECTION('',(1.,0.,0.));
#3353=DIRECTION('',(0.,0.,1.));
#3354=DIRECTION('',(1.,0.,0.));
#3355=DIRECTION('',(0.,0.,1.));
#3356=DIRECTION('',(1.,0.,0.));
#3357=DIRECTION('',(0.746141301283538,-0.665787622683772,0.));
#3358=DIRECTION('',(0.,0.,1.));
#3359=DIRECTION('',(1.,0.,0.));
#3360=DIRECTION('',(0.,0.,1.));
#3361=DIRECTION('',(1.,0.,0.));
#3362=DIRECTION('',(0.,0.,1.));
#3363=DIRECTION('',(1.,0.,0.));
#3364=DIRECTION('',(0.,0.,1.));
#3365=DIRECTION('',(1.,0.,0.));
#3366=DIRECTION('',(0.,0.,1.));
#3367=DIRECTION('',(1.,0.,0.));
#3368=DIRECTION('',(0.,0.,1.));
#3369=DIRECTION('',(1.,0.,0.));
#3370=DIRECTION('',(0.,0.,1.));
#3371=DIRECTION('',(1.,0.,0.));
#3372=DIRECTION('',(0.,0.,1.));
#3373=DIRECTION('',(1.,0.,0.));
#3374=DIRECTION('',(0.,0.,1.));
#3375=DIRECTION('',(1.,0.,0.));
#3376=DIRECTION('',(0.,0.,1.));
#3377=DIRECTION('',(1.,0.,0.));
#3378=DIRECTION('',(-0.832900287707257,-0.553423084752677,0.));
#3379=DIRECTION('',(0.,0.,1.));
#3380=DIRECTION('',(1.,0.,0.));
#3381=DIRECTION('',(0.,0.,1.));
#3382=DIRECTION('',(1.,0.,0.));
#3383=DIRECTION('',(0.,0.,1.));
#3384=DIRECTION('',(1.,0.,0.));
#3385=DIRECTION('',(0.,0.,1.));
#3386=DIRECTION('',(1.,0.,0.));
#3387=DIRECTION('',(0.,0.,1.));
#3388=DIRECTION('',(1.,0.,0.));
#3389=DIRECTION('',(0.,0.,1.));
#3390=DIRECTION('',(1.,0.,0.));
#3391=DIRECTION('',(1.,0.,0.));
#3392=DIRECTION('',(-0.630592625094466,0.776114000116266,0.));
#3393=DIRECTION('',(0.,0.,1.));
#3394=DIRECTION('',(1.,0.,0.));
#3395=DIRECTION('',(0.,0.,1.));
#3396=DIRECTION('',(1.,0.,0.));
#3397=DIRECTION('',(0.,0.,1.));
#3398=DIRECTION('',(1.,0.,0.));
#3399=DIRECTION('',(0.746141301283538,0.665787622683772,0.));
#3400=DIRECTION('',(0.,0.,1.));
#3401=DIRECTION('',(1.,0.,0.));
#3402=DIRECTION('',(0.,0.,1.));
#3403=DIRECTION('',(1.,0.,0.));
#3404=DIRECTION('',(0.,0.,1.));
#3405=DIRECTION('',(1.,0.,0.));
#3406=DIRECTION('',(-0.832900287707257,-0.553423084752678,0.));
#3407=DIRECTION('',(0.,0.,1.));
#3408=DIRECTION('',(1.,0.,0.));
#3409=DIRECTION('',(0.,0.,1.));
#3410=DIRECTION('',(1.,0.,0.));
#3411=DIRECTION('',(0.,0.,1.));
#3412=DIRECTION('',(1.,0.,0.));
#3413=DIRECTION('',(-0.674050394139194,0.738685363440212,0.));
#3414=DIRECTION('',(0.,0.,1.));
#3415=DIRECTION('',(1.,0.,0.));
#3416=DIRECTION('',(0.,0.,1.));
#3417=DIRECTION('',(1.,0.,0.));
#3418=DIRECTION('',(0.,0.,1.));
#3419=DIRECTION('',(1.,0.,0.));
#3420=DIRECTION('',(0.,0.,1.));
#3421=DIRECTION('',(1.,0.,0.));
#3422=DIRECTION('',(0.,0.,1.));
#3423=DIRECTION('',(1.,0.,0.));
#3424=DIRECTION('',(0.630592625094466,0.776114000116266,0.));
#3425=DIRECTION('',(0.,0.,1.));
#3426=DIRECTION('',(1.,0.,0.));
#3427=DIRECTION('',(0.,0.,1.));
#3428=DIRECTION('',(1.,0.,0.));
#3429=DIRECTION('',(0.,0.,1.));
#3430=DIRECTION('',(1.,0.,0.));
#3431=DIRECTION('',(0.746141301283538,-0.665787622683772,0.));
#3432=DIRECTION('',(0.,0.,1.));
#3433=DIRECTION('',(1.,0.,0.));
#3434=DIRECTION('',(-1.9677740699619E-17,-1.,0.));
#3435=DIRECTION('',(0.,0.,1.));
#3436=DIRECTION('',(1.,0.,0.));
#3437=DIRECTION('',(0.630592625094466,-0.776114000116265,0.));
#3438=DIRECTION('',(0.,0.,1.));
#3439=DIRECTION('',(1.,0.,0.));
#3440=DIRECTION('',(0.,0.,1.));
#3441=DIRECTION('',(1.,0.,0.));
#3442=DIRECTION('',(0.,0.,1.));
#3443=DIRECTION('',(1.,0.,0.));
#3444=DIRECTION('',(0.674050394139193,0.738685363440212,0.));
#3445=DIRECTION('',(0.,0.,1.));
#3446=DIRECTION('',(1.,0.,0.));
#3447=DIRECTION('',(1.,0.,0.));
#3448=DIRECTION('',(0.,0.,1.));
#3449=DIRECTION('',(1.,0.,0.));
#3450=DIRECTION('',(0.,0.,1.));
#3451=DIRECTION('',(1.,0.,0.));
#3452=DIRECTION('',(0.,0.,1.));
#3453=DIRECTION('',(1.,0.,0.));
#3454=DIRECTION('',(1.,0.,0.));
#3455=DIRECTION('',(0.,0.,1.));
#3456=DIRECTION('',(1.,0.,0.));
#3457=DIRECTION('',(0.,0.,1.));
#3458=DIRECTION('',(1.,0.,0.));
#3459=DIRECTION('',(0.,0.,1.));
#3460=DIRECTION('',(1.,0.,0.));
#3461=DIRECTION('',(0.,0.,1.));
#3462=DIRECTION('',(1.,0.,0.));
#3463=DIRECTION('',(0.,0.,1.));
#3464=DIRECTION('',(1.,0.,0.));
#3465=DIRECTION('',(0.,0.,1.));
#3466=DIRECTION('',(1.,0.,0.));
#3467=DIRECTION('',(0.832900287707256,-0.553423084752678,0.));
#3468=DIRECTION('',(0.,0.,1.));
#3469=DIRECTION('',(1.,0.,0.));
#3470=DIRECTION('',(0.,0.,1.));
#3471=DIRECTION('',(1.,0.,0.));
#3472=DIRECTION('',(0.,0.,1.));
#3473=DIRECTION('',(1.,0.,0.));
#3474=DIRECTION('',(1.,0.,0.));
#3475=DIRECTION('',(0.,0.,1.));
#3476=DIRECTION('',(1.,0.,0.));
#3477=DIRECTION('',(0.,1.,0.));
#3478=DIRECTION('',(0.,0.,1.));
#3479=DIRECTION('',(1.,0.,0.));
#3480=DIRECTION('',(1.,0.,0.));
#3481=DIRECTION('',(0.,0.,1.));
#3482=DIRECTION('',(1.,0.,0.));
#3483=DIRECTION('',(-0.674050394139194,0.738685363440212,0.));
#3484=DIRECTION('',(0.,0.,1.));
#3485=DIRECTION('',(1.,0.,0.));
#3486=DIRECTION('',(0.,0.,-1.));
#3487=DIRECTION('',(-1.,0.,0.));
#3488=DIRECTION('',(0.,0.,-1.));
#3489=DIRECTION('',(-1.,0.,0.));
#3490=DIRECTION('',(0.,0.,-1.));
#3491=DIRECTION('',(-1.,0.,0.));
#3492=DIRECTION('',(0.,0.,-1.));
#3493=DIRECTION('',(-1.,0.,0.));
#3494=DIRECTION('',(0.,0.,-1.));
#3495=DIRECTION('',(-1.,0.,0.));
#3496=DIRECTION('',(0.,0.,-1.));
#3497=DIRECTION('',(-1.,0.,0.));
#3498=DIRECTION('',(0.,0.,-1.));
#3499=DIRECTION('',(-1.,0.,0.));
#3500=DIRECTION('',(0.,0.,1.));
#3501=DIRECTION('',(1.,0.,0.));
#3502=DIRECTION('',(0.,0.,1.));
#3503=DIRECTION('',(0.,0.,1.));
#3504=DIRECTION('',(-0.553423084752677,0.832900287707257,0.));
#3505=DIRECTION('',(-0.832900287707257,-0.553423084752677,0.));
#3506=DIRECTION('',(0.,0.,-1.));
#3507=DIRECTION('',(0.,0.,1.));
#3508=DIRECTION('',(0.,0.,1.));
#3509=DIRECTION('',(1.,0.,0.));
#3510=DIRECTION('',(0.,0.,1.));
#3511=DIRECTION('',(0.,0.,1.));
#3512=DIRECTION('',(0.,0.,1.));
#3513=DIRECTION('',(1.,0.,0.));
#3514=DIRECTION('',(0.,0.,1.));
#3515=DIRECTION('',(0.,0.,1.));
#3516=DIRECTION('',(0.,-1.,0.));
#3517=DIRECTION('',(0.,0.,-1.));
#3518=DIRECTION('',(0.,0.,-1.));
#3519=DIRECTION('',(0.,0.,1.));
#3520=DIRECTION('',(1.,0.,0.));
#3521=DIRECTION('',(0.,0.,1.));
#3522=DIRECTION('',(0.,0.,1.));
#3523=DIRECTION('',(0.776114000116266,-0.630592625094466,0.));
#3524=DIRECTION('',(0.630592625094466,0.776114000116266,0.));
#3525=DIRECTION('',(0.,0.,1.));
#3526=DIRECTION('',(0.,0.,-1.));
#3527=DIRECTION('',(0.,0.,1.));
#3528=DIRECTION('',(1.,0.,0.));
#3529=DIRECTION('',(0.,0.,1.));
#3530=DIRECTION('',(0.,0.,1.));
#3531=DIRECTION('',(-0.665787622683772,-0.746141301283538,0.));
#3532=DIRECTION('',(0.746141301283538,-0.665787622683772,0.));
#3533=DIRECTION('',(0.,0.,1.));
#3534=DIRECTION('',(0.,0.,-1.));
#3535=DIRECTION('',(0.776114000116266,0.630592625094466,0.));
#3536=DIRECTION('',(-0.630592625094466,0.776114000116266,0.));
#3537=DIRECTION('',(0.,0.,-1.));
#3538=DIRECTION('',(0.,0.,1.));
#3539=DIRECTION('',(0.,0.,1.));
#3540=DIRECTION('',(1.,0.,0.));
#3541=DIRECTION('',(0.,0.,1.));
#3542=DIRECTION('',(0.,0.,1.));
#3543=DIRECTION('',(0.665787622683772,-0.746141301283538,0.));
#3544=DIRECTION('',(0.746141301283538,0.665787622683772,0.));
#3545=DIRECTION('',(0.,0.,1.));
#3546=DIRECTION('',(0.,0.,-1.));
#3547=DIRECTION('',(0.,0.,1.));
#3548=DIRECTION('',(1.,0.,0.));
#3549=DIRECTION('',(0.,0.,1.));
#3550=DIRECTION('',(0.,0.,1.));
#3551=DIRECTION('',(0.,0.,1.));
#3552=DIRECTION('',(1.,0.,0.));
#3553=DIRECTION('',(0.,0.,1.));
#3554=DIRECTION('',(0.,0.,1.));
#3555=DIRECTION('',(0.776114000116266,0.630592625094466,0.));
#3556=DIRECTION('',(-0.630592625094466,0.776114000116266,0.));
#3557=DIRECTION('',(0.,0.,1.));
#3558=DIRECTION('',(0.,0.,-1.));
#3559=DIRECTION('',(0.,0.,1.));
#3560=DIRECTION('',(1.,0.,0.));
#3561=DIRECTION('',(0.,0.,1.));
#3562=DIRECTION('',(0.,0.,1.));
#3563=DIRECTION('',(0.738685363440212,-0.674050394139194,0.));
#3564=DIRECTION('',(0.674050394139194,0.738685363440212,0.));
#3565=DIRECTION('',(0.,0.,-1.));
#3566=DIRECTION('',(0.,0.,1.));
#3567=DIRECTION('',(-0.553423084752678,0.832900287707257,0.));
#3568=DIRECTION('',(-0.832900287707257,-0.553423084752678,0.));
#3569=DIRECTION('',(0.,0.,1.));
#3570=DIRECTION('',(0.,0.,-1.));
#3571=DIRECTION('',(0.,0.,1.));
#3572=DIRECTION('',(1.,0.,0.));
#3573=DIRECTION('',(0.,0.,1.));
#3574=DIRECTION('',(0.,0.,1.));
#3575=DIRECTION('',(0.738685363440212,0.674050394139194,0.));
#3576=DIRECTION('',(-0.674050394139194,0.738685363440212,0.));
#3577=DIRECTION('',(0.,0.,1.));
#3578=DIRECTION('',(0.,0.,-1.));
#3579=DIRECTION('',(0.,0.,1.));
#3580=DIRECTION('',(1.,0.,0.));
#3581=DIRECTION('',(0.,0.,1.));
#3582=DIRECTION('',(0.,0.,1.));
#3583=DIRECTION('',(0.776114000116266,-0.630592625094466,0.));
#3584=DIRECTION('',(0.630592625094466,0.776114000116266,0.));
#3585=DIRECTION('',(0.,0.,-1.));
#3586=DIRECTION('',(0.,0.,1.));
#3587=DIRECTION('',(0.,0.,1.));
#3588=DIRECTION('',(1.,0.,0.));
#3589=DIRECTION('',(0.,0.,1.));
#3590=DIRECTION('',(0.,0.,1.));
#3591=DIRECTION('',(-0.738685363440212,-0.674050394139194,0.));
#3592=DIRECTION('',(0.674050394139194,-0.738685363440212,0.));
#3593=DIRECTION('',(0.,0.,-1.));
#3594=DIRECTION('',(0.,0.,1.));
#3595=DIRECTION('',(0.,0.,1.));
#3596=DIRECTION('',(1.,0.,0.));
#3597=DIRECTION('',(0.,0.,1.));
#3598=DIRECTION('',(0.,0.,1.));
#3599=DIRECTION('',(0.,0.,1.));
#3600=DIRECTION('',(1.,0.,0.));
#3601=DIRECTION('',(0.,0.,1.));
#3602=DIRECTION('',(0.,0.,1.));
#3603=DIRECTION('',(0.776114000116265,-0.630592625094466,0.));
#3604=DIRECTION('',(0.630592625094466,0.776114000116266,0.));
#3605=DIRECTION('',(0.,0.,1.));
#3606=DIRECTION('',(0.,0.,1.));
#3607=DIRECTION('',(0.,0.,1.));
#3608=DIRECTION('',(1.,0.,0.));
#3609=DIRECTION('',(0.,0.,1.));
#3610=DIRECTION('',(0.,0.,1.));
#3611=DIRECTION('',(-0.665787622683772,-0.746141301283538,0.));
#3612=DIRECTION('',(0.746141301283538,-0.665787622683772,0.));
#3613=DIRECTION('',(0.,0.,-1.));
#3614=DIRECTION('',(0.,0.,1.));
#3615=DIRECTION('',(-1.,1.9677740699619E-17,0.));
#3616=DIRECTION('',(-1.9677740699619E-17,-1.,0.));
#3617=DIRECTION('',(0.,0.,1.));
#3618=DIRECTION('',(0.,0.,1.));
#3619=DIRECTION('',(0.776114000116265,-0.630592625094466,0.));
#3620=DIRECTION('',(0.630592625094466,0.776114000116265,0.));
#3621=DIRECTION('',(0.,0.,-1.));
#3622=DIRECTION('',(0.,0.,-1.));
#3623=DIRECTION('',(0.,0.,1.));
#3624=DIRECTION('',(1.,0.,0.));
#3625=DIRECTION('',(0.,0.,1.));
#3626=DIRECTION('',(0.,0.,1.));
#3627=DIRECTION('',(0.,-1.,0.));
#3628=DIRECTION('',(0.,0.,-1.));
#3629=DIRECTION('',(0.,0.,1.));
#3630=DIRECTION('',(0.,0.,1.));
#3631=DIRECTION('',(-0.738685363440212,-0.674050394139194,0.));
#3632=DIRECTION('',(0.674050394139194,-0.738685363440212,0.));
#3633=DIRECTION('',(0.,0.,1.));
#3634=DIRECTION('',(0.,0.,-1.));
#3635=DIRECTION('',(0.,0.,1.));
#3636=DIRECTION('',(1.,0.,0.));
#3637=DIRECTION('',(0.,0.,1.));
#3638=DIRECTION('',(0.,0.,1.));
#3639=DIRECTION('',(-0.776114000116266,-0.630592625094466,0.));
#3640=DIRECTION('',(0.630592625094466,-0.776114000116265,0.));
#3641=DIRECTION('',(0.,0.,-1.));
#3642=DIRECTION('',(0.,0.,-1.));
#3643=DIRECTION('',(0.,0.,1.));
#3644=DIRECTION('',(1.,0.,0.));
#3645=DIRECTION('',(0.,0.,1.));
#3646=DIRECTION('',(0.,0.,1.));
#3647=DIRECTION('',(0.738685363440212,-0.674050394139193,0.));
#3648=DIRECTION('',(0.674050394139193,0.738685363440212,0.));
#3649=DIRECTION('',(0.,0.,-1.));
#3650=DIRECTION('',(0.,0.,1.));
#3651=DIRECTION('',(0.,-1.,0.));
#3652=DIRECTION('',(0.,0.,-1.));
#3653=DIRECTION('',(0.,0.,1.));
#3654=DIRECTION('',(0.,0.,1.));
#3655=DIRECTION('',(0.,0.,1.));
#3656=DIRECTION('',(1.,0.,0.));
#3657=DIRECTION('',(0.,0.,1.));
#3658=DIRECTION('',(0.,0.,1.));
#3659=DIRECTION('',(0.,0.,1.));
#3660=DIRECTION('',(1.,0.,0.));
#3661=DIRECTION('',(0.,0.,1.));
#3662=DIRECTION('',(0.,0.,1.));
#3663=DIRECTION('',(-0.776114000116266,-0.630592625094466,0.));
#3664=DIRECTION('',(0.630592625094466,-0.776114000116266,0.));
#3665=DIRECTION('',(0.,0.,1.));
#3666=DIRECTION('',(0.,0.,1.));
#3667=DIRECTION('',(0.,0.,1.));
#3668=DIRECTION('',(1.,0.,0.));
#3669=DIRECTION('',(0.,0.,1.));
#3670=DIRECTION('',(0.,0.,1.));
#3671=DIRECTION('',(-1.,1.9677740699619E-17,0.));
#3672=DIRECTION('',(-1.9677740699619E-17,-1.,0.));
#3673=DIRECTION('',(0.,0.,-1.));
#3674=DIRECTION('',(0.,0.,1.));
#3675=DIRECTION('',(0.665787622683772,-0.746141301283538,0.));
#3676=DIRECTION('',(0.746141301283538,0.665787622683772,0.));
#3677=DIRECTION('',(0.,0.,-1.));
#3678=DIRECTION('',(0.,0.,1.));
#3679=DIRECTION('',(0.,-1.,0.));
#3680=DIRECTION('',(0.,0.,-1.));
#3681=DIRECTION('',(0.,0.,-1.));
#3682=DIRECTION('',(0.,0.,1.));
#3683=DIRECTION('',(0.,0.,1.));
#3684=DIRECTION('',(1.,0.,0.));
#3685=DIRECTION('',(0.,0.,1.));
#3686=DIRECTION('',(0.,0.,1.));
#3687=DIRECTION('',(0.,0.,1.));
#3688=DIRECTION('',(1.,0.,0.));
#3689=DIRECTION('',(0.,0.,1.));
#3690=DIRECTION('',(0.,0.,1.));
#3691=DIRECTION('',(-0.553423084752678,-0.832900287707256,0.));
#3692=DIRECTION('',(0.832900287707256,-0.553423084752678,0.));
#3693=DIRECTION('',(0.,0.,1.));
#3694=DIRECTION('',(0.,0.,-1.));
#3695=DIRECTION('',(0.,0.,1.));
#3696=DIRECTION('',(1.,0.,0.));
#3697=DIRECTION('',(0.,0.,1.));
#3698=DIRECTION('',(-1.,0.,0.));
#3699=DIRECTION('',(0.,0.,1.));
#3700=DIRECTION('',(0.,0.,1.));
#3701=DIRECTION('',(0.,0.,1.));
#3702=DIRECTION('',(0.,-1.,0.));
#3703=DIRECTION('',(0.,0.,-1.));
#3704=DIRECTION('',(0.,0.,1.));
#3705=DIRECTION('',(0.,0.,1.));
#3706=DIRECTION('',(0.,0.,1.));
#3707=DIRECTION('',(1.,0.,0.));
#3708=DIRECTION('',(0.,0.,1.));
#3709=DIRECTION('',(-0.738685363440212,0.674050394139193,0.));
#3710=DIRECTION('',(-0.674050394139193,-0.738685363440212,0.));
#3711=DIRECTION('',(0.,0.,1.));
#3712=DIRECTION('',(0.,0.,-1.));
#3713=DIRECTION('',(0.,-1.,0.));
#3714=DIRECTION('',(0.,0.,-1.));
#3715=DIRECTION('',(0.,0.,1.));
#3716=DIRECTION('',(0.,0.,1.));
#3717=DIRECTION('',(0.,0.,1.));
#3718=DIRECTION('',(1.,0.,0.));
#3719=DIRECTION('',(0.,0.,1.));
#3720=DIRECTION('',(0.,0.,1.));
#3721=DIRECTION('',(-0.553423084752677,-0.832900287707257,0.));
#3722=DIRECTION('',(0.832900287707257,-0.553423084752677,0.));
#3723=DIRECTION('',(0.,0.,-1.));
#3724=DIRECTION('',(0.,0.,1.));
#3725=DIRECTION('',(0.,0.,1.));
#3726=DIRECTION('',(1.,0.,0.));
#3727=DIRECTION('',(0.,0.,1.));
#3728=DIRECTION('',(0.,0.,1.));
#3729=DIRECTION('',(-0.738685363440212,0.674050394139193,0.));
#3730=DIRECTION('',(-0.674050394139193,-0.738685363440212,0.));
#3731=DIRECTION('',(0.,0.,1.));
#3732=DIRECTION('',(0.,0.,-1.));
#3733=DIRECTION('',(0.,0.,1.));
#3734=DIRECTION('',(1.,0.,0.));
#3735=DIRECTION('',(0.,0.,1.));
#3736=DIRECTION('',(0.,0.,1.));
#3737=DIRECTION('',(0.,-1.,0.));
#3738=DIRECTION('',(0.,0.,-1.));
#3739=DIRECTION('',(0.,0.,1.));
#3740=DIRECTION('',(1.,0.,0.));
#3741=DIRECTION('',(0.,0.,-1.));
#3742=DIRECTION('',(0.,0.,1.));
#3743=DIRECTION('',(0.,0.,1.));
#3744=DIRECTION('',(0.,-1.,0.));
#3745=DIRECTION('',(0.,0.,-1.));
#3746=DIRECTION('',(0.,0.,1.));
#3747=DIRECTION('',(0.,0.,1.));
#3748=DIRECTION('',(0.738685363440212,0.674050394139194,0.));
#3749=DIRECTION('',(-0.674050394139194,0.738685363440212,0.));
#3750=DIRECTION('',(0.,0.,-1.));
#3751=DIRECTION('',(0.,0.,1.));
#3752=DIRECTION('',(0.,0.,1.));
#3753=DIRECTION('',(1.,0.,0.));
#3754=DIRECTION('',(0.,0.,1.));
#3755=DIRECTION('',(1.,0.,0.));
#3756=DIRECTION('',(0.,0.,1.));
#3757=DIRECTION('',(1.,0.,0.));
#3758=DIRECTION('',(0.,0.,1.));
#3759=DIRECTION('',(1.,0.,0.));
#3760=DIRECTION('',(0.,0.,1.));
#3761=DIRECTION('',(1.,0.,0.));
#3762=DIRECTION('',(0.,0.,1.));
#3763=DIRECTION('',(1.,0.,0.));
#3764=DIRECTION('',(0.,0.,1.));
#3765=DIRECTION('',(1.,0.,0.));
#3766=DIRECTION('',(0.,0.,1.));
#3767=DIRECTION('',(1.,0.,0.));
#3768=DIRECTION('',(0.,0.,1.));
#3769=DIRECTION('',(1.,0.,0.));
#3770=DIRECTION('',(0.,0.,1.));
#3771=DIRECTION('',(1.,0.,0.));
#3772=DIRECTION('',(0.,0.,1.));
#3773=DIRECTION('',(1.,0.,0.));
#3774=DIRECTION('',(0.,0.,1.));
#3775=DIRECTION('',(1.,0.,0.));
#3776=DIRECTION('',(0.,0.,1.));
#3777=DIRECTION('',(1.,0.,0.));
#3778=DIRECTION('',(0.,0.,1.));
#3779=DIRECTION('',(1.,0.,0.));
#3780=DIRECTION('',(0.,0.,1.));
#3781=DIRECTION('',(1.,0.,0.));
#3782=DIRECTION('',(0.,0.,1.));
#3783=DIRECTION('',(1.,0.,0.));
#3784=DIRECTION('',(0.,0.,1.));
#3785=DIRECTION('',(1.,0.,0.));
#3786=DIRECTION('',(0.,0.,1.));
#3787=DIRECTION('',(1.,0.,0.));
#3788=DIRECTION('',(0.,0.,1.));
#3789=DIRECTION('',(1.,0.,0.));
#3790=DIRECTION('',(0.,0.,1.));
#3791=DIRECTION('',(1.,0.,0.));
#3792=DIRECTION('',(0.,0.,1.));
#3793=DIRECTION('',(1.,0.,0.));
#3794=DIRECTION('',(0.,0.,1.));
#3795=DIRECTION('',(1.,0.,0.));
#3796=DIRECTION('',(0.,0.,-1.));
#3797=DIRECTION('',(-1.,0.,0.));
#3798=DIRECTION('',(0.,0.,1.));
#3799=DIRECTION('',(1.,0.,0.));
#3800=DIRECTION('',(0.,0.,1.));
#3801=DIRECTION('',(1.,0.,0.));
#3802=DIRECTION('',(0.,0.,1.));
#3803=DIRECTION('',(1.,0.,0.));
#3804=DIRECTION('',(0.,0.,1.));
#3805=DIRECTION('',(1.,0.,0.));
#3806=DIRECTION('',(0.,0.,1.));
#3807=DIRECTION('',(1.,0.,0.));
#3808=DIRECTION('',(0.,0.,1.));
#3809=DIRECTION('',(1.,0.,0.));
#3810=DIRECTION('',(0.,0.,1.));
#3811=DIRECTION('',(1.,0.,0.));
#3812=DIRECTION('',(0.,0.,1.));
#3813=DIRECTION('',(1.,0.,0.));
#3814=DIRECTION('',(0.,0.,1.));
#3815=DIRECTION('',(1.,0.,0.));
#3816=DIRECTION('',(0.,0.,1.));
#3817=DIRECTION('',(1.,0.,0.));
#3818=DIRECTION('',(0.,0.,1.));
#3819=DIRECTION('',(1.,0.,0.));
#3820=DIRECTION('',(0.,0.,1.));
#3821=DIRECTION('',(1.,0.,0.));
#3822=DIRECTION('',(0.,0.,1.));
#3823=DIRECTION('',(1.,0.,0.));
#3824=DIRECTION('',(0.,0.,-1.));
#3825=DIRECTION('',(-1.,0.,0.));
#3826=DIRECTION('',(0.,0.,1.));
#3827=DIRECTION('',(1.,0.,0.));
#3828=DIRECTION('',(0.,0.,-1.));
#3829=DIRECTION('',(-1.,0.,0.));
#3830=DIRECTION('',(0.,0.,1.));
#3831=DIRECTION('',(1.,0.,0.));
#3832=DIRECTION('',(0.,0.,1.));
#3833=DIRECTION('',(1.,0.,0.));
#3834=DIRECTION('',(0.,0.,1.));
#3835=DIRECTION('',(1.,0.,0.));
#3836=DIRECTION('',(0.,0.,1.));
#3837=DIRECTION('',(1.,0.,0.));
#3838=DIRECTION('',(0.,0.,1.));
#3839=DIRECTION('',(1.,0.,0.));
#3840=DIRECTION('',(0.,0.,1.));
#3841=DIRECTION('',(1.,0.,0.));
#3842=DIRECTION('',(0.,0.,1.));
#3843=DIRECTION('',(0.,0.,1.));
#3844=DIRECTION('',(1.,0.,0.));
#3845=DIRECTION('',(0.,0.,1.));
#3846=DIRECTION('',(1.,0.,0.));
#3847=DIRECTION('',(0.,0.,1.));
#3848=DIRECTION('',(1.,0.,0.));
#3849=DIRECTION('',(0.,0.,1.));
#3850=DIRECTION('',(1.,0.,0.));
#3851=DIRECTION('',(0.,0.,-1.));
#3852=DIRECTION('',(-1.,0.,0.));
#3853=DIRECTION('',(0.,0.,1.));
#3854=DIRECTION('',(1.,0.,0.));
#3855=DIRECTION('',(0.,0.,1.));
#3856=DIRECTION('',(1.,0.,0.));
#3857=DIRECTION('',(0.,0.,-1.));
#3858=DIRECTION('',(-1.,0.,0.));
#3859=DIRECTION('',(0.,0.,1.));
#3860=DIRECTION('',(1.,0.,0.));
#3861=DIRECTION('',(0.,0.,1.));
#3862=DIRECTION('',(0.,0.,1.));
#3863=DIRECTION('',(1.,0.,0.));
#3864=DIRECTION('',(0.,0.,1.));
#3865=DIRECTION('',(1.,0.,0.));
#3866=DIRECTION('',(0.,0.,1.));
#3867=DIRECTION('',(1.,0.,0.));
#3868=DIRECTION('',(0.,0.,1.));
#3869=DIRECTION('',(1.,0.,0.));
#3870=DIRECTION('',(0.,0.,1.));
#3871=DIRECTION('',(1.,0.,0.));
#3872=DIRECTION('',(0.,0.,1.));
#3873=DIRECTION('',(1.,0.,0.));
#3874=DIRECTION('',(0.,0.,1.));
#3875=DIRECTION('',(1.,0.,0.));
#3876=DIRECTION('',(0.,0.,1.));
#3877=DIRECTION('',(1.,0.,0.));
#3878=CARTESIAN_POINT('',(0.,0.,0.));
#3879=CARTESIAN_POINT('',(0.,0.,0.01884775));
#3880=CARTESIAN_POINT('',(0.009,-0.006475,0.01884775));
#3881=CARTESIAN_POINT('',(0.009,-0.00245,0.01884775));
#3882=CARTESIAN_POINT('',(0.009,-0.0105,0.01884775));
#3883=CARTESIAN_POINT('',(0.0105,-0.00245,0.01884775));
#3884=CARTESIAN_POINT('',(0.0105,-0.00095,0.01884775));
#3885=CARTESIAN_POINT('',(0.0172235282346562,-0.00095,0.01884775));
#3886=CARTESIAN_POINT('',(0.022047671947174,-0.00095,0.01884775));
#3887=CARTESIAN_POINT('',(0.022047671947174,-0.00245,0.01884775));
#3888=CARTESIAN_POINT('',(0.0231556999923343,-0.00346107559120879,0.01884775));
#3889=CARTESIAN_POINT('',(0.0201821809934303,-0.00671972654891188,0.01884775));
#3890=CARTESIAN_POINT('',(0.0156173910432619,-0.011722236083343,0.01884775));
#3891=CARTESIAN_POINT('',(0.0145093629981016,-0.0107111604921342,0.01884775));
#3892=CARTESIAN_POINT('',(0.0140977185440739,-0.0121535712670067,0.01884775));
#3893=CARTESIAN_POINT('',(0.013,-0.016,0.01884775));
#3894=CARTESIAN_POINT('',(0.013,-0.012,0.01884775));
#3895=CARTESIAN_POINT('',(0.011,-0.012,0.01884775));
#3896=CARTESIAN_POINT('',(0.0105,-0.012,0.01884775));
#3897=CARTESIAN_POINT('',(0.0105,-0.0105,0.01884775));
#3898=CARTESIAN_POINT('',(-4.3474961369731E-19,-0.016,0.01884775));
#3899=CARTESIAN_POINT('',(0.0071,-0.016,0.01884775));
#3900=CARTESIAN_POINT('',(-0.013,-0.016,0.01884775));
#3901=CARTESIAN_POINT('',(-0.01095,-0.016,0.01884775));
#3902=CARTESIAN_POINT('',(0.013,-0.016,0.01884775));
#3903=CARTESIAN_POINT('',(0.01505,-0.016,0.01884775));
#3904=CARTESIAN_POINT('',(0.013,0.016,0.01884775));
#3905=CARTESIAN_POINT('',(0.01505,0.016,0.01884775));
#3906=CARTESIAN_POINT('',(-0.013,0.016,0.01884775));
#3907=CARTESIAN_POINT('',(-0.01095,0.016,0.01884775));
#3908=CARTESIAN_POINT('',(-4.3474961369731E-19,0.,0.01884775));
#3909=CARTESIAN_POINT('',(0.0071,0.,0.01884775));
#3910=CARTESIAN_POINT('',(0.,1.80635402874235E-18,0.01884775));
#3911=CARTESIAN_POINT('',(0.0295,1.80635402874235E-18,0.01884775));
#3912=CARTESIAN_POINT('',(-0.0170048229523342,-0.0198016092909335,0.01884775));
#3913=CARTESIAN_POINT('',(-0.0165755948918593,-0.0195164074236796,0.01884775));
#3914=CARTESIAN_POINT('',(-0.0166106621830182,-0.0195397079900661,0.01884775));
#3915=CARTESIAN_POINT('',(-0.0157454602647304,-0.0207657578552406,0.01884775));
#3916=CARTESIAN_POINT('',(-0.0149966983743493,-0.0194660057129022,0.01884775));
#3917=CARTESIAN_POINT('',(-0.013,-0.016,0.01884775));
#3918=CARTESIAN_POINT('',(-0.013,-0.02,0.01884775));
#3919=CARTESIAN_POINT('',(-0.0105311288741493,-0.02,0.01884775));
#3920=CARTESIAN_POINT('',(-0.00894427190999916,-0.02,0.01884775));
#3921=CARTESIAN_POINT('',(-0.00894427190999916,-0.0215,0.01884775));
#3922=CARTESIAN_POINT('',(-0.00766651877999928,-0.0207142857142857,0.01884775));
#3923=CARTESIAN_POINT('',(2.92734586571086E-18,-0.016,0.01884775));
#3924=CARTESIAN_POINT('',(-0.0021,-0.0247515712874889,0.01884775));
#3925=CARTESIAN_POINT('',(-0.00245,-0.0262101665020704,0.01884775));
#3926=CARTESIAN_POINT('',(-0.000954240183002669,-0.0260974608240585,0.01884775));
#3927=CARTESIAN_POINT('',(-0.00245,-0.0259847551460467,0.01884775));
#3928=CARTESIAN_POINT('',(-0.00259080459770115,-0.0274781318785781,0.01884775));
#3929=CARTESIAN_POINT('',(-1.88651178012478E-17,-2.60208521396521E-17,0.01884775));
#3930=CARTESIAN_POINT('',(-0.0166874544269173,-0.0219838318941343,0.01884775));
#3931=CARTESIAN_POINT('',(-0.0157805275558892,-0.020789058421627,0.01884775));
#3932=CARTESIAN_POINT('',(0.0156848130537707,0.020810904660155,0.01884775));
#3933=CARTESIAN_POINT('',(0.0153678401760214,0.0204207841952327,0.01884775));
#3934=CARTESIAN_POINT('',(0.0156484866598721,0.0207661952522798,0.01884775));
#3935=CARTESIAN_POINT('',(0.0142036691758469,0.0213666731328744,0.01884775));
#3936=CARTESIAN_POINT('',(0.0138753957642523,0.0199030350057268,0.01884775));
#3937=CARTESIAN_POINT('',(0.013,0.016,0.01884775));
#3938=CARTESIAN_POINT('',(0.0115142176655926,0.0197138189044113,0.01884775));
#3939=CARTESIAN_POINT('',(0.0109570492901898,0.0211065009935655,0.01884775));
#3940=CARTESIAN_POINT('',(0.00995836785616412,0.0199872890416403,0.01884775));
#3941=CARTESIAN_POINT('',(0.00610208129312449,0.0234282832055833,0.01884775));
#3942=CARTESIAN_POINT('',(0.00519876160163412,0.0242343223149132,0.01884775));
#3943=CARTESIAN_POINT('',(0.00619744303565978,0.0253535342668385,0.01884775));
#3944=CARTESIAN_POINT('',(0.00655361792276666,0.0268106339373464,0.01884775));
#3945=CARTESIAN_POINT('',(-6.61363325216158E-18,-1.21430643318376E-17,0.01884775));
#3946=CARTESIAN_POINT('',(0.0153167475941631,0.0229599051203767,0.01884775));
#3947=CARTESIAN_POINT('',(0.0144843156596977,0.0217120841899214,0.01884775));
#3948=CARTESIAN_POINT('',(-0.00610208129312449,0.0234282832055833,0.01884775));
#3949=CARTESIAN_POINT('',(-0.00995836785616412,0.0199872890416403,0.01884775));
#3950=CARTESIAN_POINT('',(-0.00519876160163413,0.0242343223149132,0.01884775));
#3951=CARTESIAN_POINT('',(-0.0109570492901898,0.0211065009935655,0.01884775));
#3952=CARTESIAN_POINT('',(-0.0115142176655926,0.0197138189044113,0.01884775));
#3953=CARTESIAN_POINT('',(-0.013,0.016,0.01884775));
#3954=CARTESIAN_POINT('',(-0.0138753957642523,0.0199030350057268,0.01884775));
#3955=CARTESIAN_POINT('',(-0.0142036691758469,0.0213666731328744,0.01884775));
#3956=CARTESIAN_POINT('',(-0.0153678401760214,0.0204207841952327,0.01884775));
#3957=CARTESIAN_POINT('',(-0.0156848130537707,0.020810904660155,0.01884775));
#3958=CARTESIAN_POINT('',(-0.0156484866598721,0.0207661952522798,0.01884775));
#3959=CARTESIAN_POINT('',(-0.0144843156596977,0.0217120841899214,0.01884775));
#3960=CARTESIAN_POINT('',(-0.0153167475941631,0.0229599051203767,0.01884775));
#3961=CARTESIAN_POINT('',(-2.12503625807159E-17,5.3776427755281E-17,0.01884775));
#3962=CARTESIAN_POINT('',(-0.00655361792276667,0.0268106339373464,0.01884775));
#3963=CARTESIAN_POINT('',(-0.00619744303565979,0.0253535342668385,0.01884775));
#3964=CARTESIAN_POINT('',(-0.0171594296539916,0.0196127786724756,0.01884775));
#3965=CARTESIAN_POINT('',(-0.0168424567762422,0.0192226582075532,0.01884775));
#3966=CARTESIAN_POINT('',(-0.017123103260093,0.0195680692646003,0.01884775));
#3967=CARTESIAN_POINT('',(-0.0180066277764166,0.0182767692699115,0.01884775));
#3968=CARTESIAN_POINT('',(-0.0166411838373939,0.0176558321962993,0.01884775));
#3969=CARTESIAN_POINT('',(-0.013,0.016,0.01884775));
#3970=CARTESIAN_POINT('',(-0.0167301245665154,0.0145556417624846,0.01884775));
#3971=CARTESIAN_POINT('',(-0.0181289212789586,0.0140140074234163,0.01884775));
#3972=CARTESIAN_POINT('',(-0.0170208932337983,0.0130029318322075,0.01884775));
#3973=CARTESIAN_POINT('',(-0.0219413139127483,0.00761068999226228,0.01884775));
#3974=CARTESIAN_POINT('',(-0.0242786319963816,0.00504924551704769,0.01884775));
#3975=CARTESIAN_POINT('',(-0.0253866600415419,0.00606032110825649,0.01884775));
#3976=CARTESIAN_POINT('',(-0.0268456634922053,0.00640861542482295,0.01884775));
#3977=CARTESIAN_POINT('',(-2.94902990916057E-17,2.28766658394441E-17,0.01884775));
#3978=CARTESIAN_POINT('',(-0.0193382670338459,0.0196924205756344,0.01884775));
#3979=CARTESIAN_POINT('',(-0.0182872742602673,0.0186221803269586,0.01884775));
#3980=CARTESIAN_POINT('',(-0.0219413139127483,-0.00761068999226228,0.01884775));
#3981=CARTESIAN_POINT('',(-0.0170208932337983,-0.0130029318322075,0.01884775));
#3982=CARTESIAN_POINT('',(-0.0242786319963816,-0.00504924551704768,0.01884775));
#3983=CARTESIAN_POINT('',(-0.0181289212789586,-0.0140140074234163,0.01884775));
#3984=CARTESIAN_POINT('',(-0.0167301245665154,-0.0145556417624846,0.01884775));
#3985=CARTESIAN_POINT('',(-0.013,-0.016,0.01884775));
#3986=CARTESIAN_POINT('',(-0.0169688970036498,-0.0164978519603454,0.01884775));
#3987=CARTESIAN_POINT('',(-0.0184572333800185,-0.016684546445475,0.01884775));
#3988=CARTESIAN_POINT('',(-0.0176270987528894,-0.0179338968770359,0.01884775));
#3989=CARTESIAN_POINT('',(-0.018153884593514,-0.0182839213027988,0.01884775));
#3990=CARTESIAN_POINT('',(-0.0186535194517763,-0.0186159051772079,0.01884775));
#3991=CARTESIAN_POINT('',(-0.0194836540789054,-0.017366554745647,0.01884775));
#3992=CARTESIAN_POINT('',(-0.0206034043133252,-0.0183646326045922,0.01884775));
#3993=CARTESIAN_POINT('',(-1.90819582357449E-17,-2.71050543121376E-18,0.01884775));
#3994=CARTESIAN_POINT('',(-0.0268456634922053,-0.00640861542482294,0.01884775));
#3995=CARTESIAN_POINT('',(-0.0253866600415419,-0.00606032110825647,0.01884775));
#3996=CARTESIAN_POINT('',(0.0219413139127483,0.00761068999226229,0.01884775));
#3997=CARTESIAN_POINT('',(0.0170208932337983,0.0130029318322075,0.01884775));
#3998=CARTESIAN_POINT('',(0.0242786319963816,0.0050492455170477,0.01884775));
#3999=CARTESIAN_POINT('',(0.0181289212789586,0.0140140074234163,0.01884775));
#4000=CARTESIAN_POINT('',(0.0167301245665154,0.0145556417624846,0.01884775));
#4001=CARTESIAN_POINT('',(0.013,0.016,0.01884775));
#4002=CARTESIAN_POINT('',(0.0166411838373939,0.0176558321962993,0.01884775));
#4003=CARTESIAN_POINT('',(0.0180066277764166,0.0182767692699115,0.01884775));
#4004=CARTESIAN_POINT('',(0.0168424567762422,0.0192226582075532,0.01884775));
#4005=CARTESIAN_POINT('',(0.0171594296539916,0.0196127786724756,0.01884775));
#4006=CARTESIAN_POINT('',(0.017123103260093,0.0195680692646003,0.01884775));
#4007=CARTESIAN_POINT('',(0.0182872742602673,0.0186221803269586,0.01884775));
#4008=CARTESIAN_POINT('',(0.0193382670338459,0.0196924205756344,0.01884775));
#4009=CARTESIAN_POINT('',(-5.20417042793042E-18,6.72205346941013E-18,0.01884775));
#4010=CARTESIAN_POINT('',(0.0268456634922053,0.00640861542482296,0.01884775));
#4011=CARTESIAN_POINT('',(0.0253866600415419,0.0060603211082565,0.01884775));
#4012=CARTESIAN_POINT('',(0.00735940598841321,0.0105642498104842,0.01884775));
#4013=CARTESIAN_POINT('',(0.00570114739708168,0.00852331615961468,0.01884775));
#4014=CARTESIAN_POINT('',(0.00915754322375777,0.0127773417924468,0.01884775));
#4015=CARTESIAN_POINT('',(0.00453697639690729,0.00946920509725638,0.01884775));
#4016=CARTESIAN_POINT('',(0.00388883691163482,0.00811646151193404,0.01884775));
#4017=CARTESIAN_POINT('',(6.07153216591882E-18,1.56125112837912E-17,0.01884775));
#4018=CARTESIAN_POINT('',(0.0021,0.00875157128748889,0.01884775));
#4019=CARTESIAN_POINT('',(0.00245,0.0102101665020704,0.01884775));
#4020=CARTESIAN_POINT('',(0.00095,0.0102101665020704,0.01884775));
#4021=CARTESIAN_POINT('',(0.00095,0.0172144055379073,0.01884775));
#4022=CARTESIAN_POINT('',(0.00095,0.0221302857936497,0.01884775));
#4023=CARTESIAN_POINT('',(0.00245,0.0221302857936497,0.01884775));
#4024=CARTESIAN_POINT('',(0.00344868143402566,0.0232494977455751,0.01884775));
#4025=CARTESIAN_POINT('',(0.00520916615513517,0.0216786036867388,0.01884775));
#4026=CARTESIAN_POINT('',(0.00869337137306495,0.0185696205692015,0.01884775));
#4027=CARTESIAN_POINT('',(0.00769468993903929,0.0174504086172762,0.01884775));
#4028=CARTESIAN_POINT('',(0.00914159268293767,0.0170548426307464,0.01884775));
#4029=CARTESIAN_POINT('',(0.013,0.016,0.01884775));
#4030=CARTESIAN_POINT('',(0.00935881616260609,0.0143441678037007,0.01884775));
#4031=CARTESIAN_POINT('',(0.00799337222358337,0.0137232307300885,0.01884775));
#4032=CARTESIAN_POINT('',(0.0171983885676722,0.00095,0.01884775));
#4033=CARTESIAN_POINT('',(0.0102101665020704,0.00095,0.01884775));
#4034=CARTESIAN_POINT('',(0.022047671947174,0.00095,0.01884775));
#4035=CARTESIAN_POINT('',(0.0102101665020704,0.00245,0.01884775));
#4036=CARTESIAN_POINT('',(0.0087515712874889,0.0021,0.01884775));
#4037=CARTESIAN_POINT('',(3.90312782094781E-18,2.60208521396521E-18,0.01884775));
#4038=CARTESIAN_POINT('',(0.00714851571212313,0.00546797248653728,0.01884775));
#4039=CARTESIAN_POINT('',(0.00833993499747699,0.0063793012342935,0.01884775));
#4040=CARTESIAN_POINT('',(0.00717576399730259,0.0073251901719352,0.01884775));
#4041=CARTESIAN_POINT('',(0.00883402258863412,0.00936612382280477,0.01884775));
#4042=CARTESIAN_POINT('',(0.0106321598239787,0.0115792158047673,0.01884775));
#4043=CARTESIAN_POINT('',(0.0117963308241531,0.0106333268671256,0.01884775));
#4044=CARTESIAN_POINT('',(0.0121246042357477,0.0120969649942732,0.01884775));
#4045=CARTESIAN_POINT('',(0.013,0.016,0.01884775));
#4046=CARTESIAN_POINT('',(0.0140977185440739,0.0121535712670067,0.01884775));
#4047=CARTESIAN_POINT('',(0.0145093629981016,0.0107111604921342,0.01884775));
#4048=CARTESIAN_POINT('',(0.0156173910432619,0.011722236083343,0.01884775));
#4049=CARTESIAN_POINT('',(0.0201821809934303,0.00671972654891188,0.01884775));
#4050=CARTESIAN_POINT('',(0.0231556999923343,0.00346107559120879,0.01884775));
#4051=CARTESIAN_POINT('',(0.022047671947174,0.00245,0.01884775));
#4052=CARTESIAN_POINT('',(-0.0201821809934303,0.00671972654891188,0.01884775));
#4053=CARTESIAN_POINT('',(-0.0231556999923343,0.00346107559120879,0.01884775));
#4054=CARTESIAN_POINT('',(-0.0156173910432619,0.011722236083343,0.01884775));
#4055=CARTESIAN_POINT('',(-0.0145093629981016,0.0107111604921342,0.01884775));
#4056=CARTESIAN_POINT('',(-0.0140977185440739,0.0121535712670067,0.01884775));
#4057=CARTESIAN_POINT('',(-0.013,0.016,0.01884775));
#4058=CARTESIAN_POINT('',(-0.0121246042357477,0.0120969649942732,0.01884775));
#4059=CARTESIAN_POINT('',(-0.0117963308241531,0.0106333268671256,0.01884775));
#4060=CARTESIAN_POINT('',(-0.0106321598239787,0.0115792158047673,0.01884775));
#4061=CARTESIAN_POINT('',(-0.00883402258863412,0.00936612382280477,0.01884775));
#4062=CARTESIAN_POINT('',(-0.00717576399730259,0.0073251901719352,0.01884775));
#4063=CARTESIAN_POINT('',(-0.00833993499747699,0.0063793012342935,0.01884775));
#4064=CARTESIAN_POINT('',(-0.00714851571212313,0.00546797248653728,0.01884775));
#4065=CARTESIAN_POINT('',(-3.90312782094781E-18,2.92734586571086E-18,0.01884775));
#4066=CARTESIAN_POINT('',(-0.0087515712874889,0.0021,0.01884775));
#4067=CARTESIAN_POINT('',(-0.0102101665020704,0.00245,0.01884775));
#4068=CARTESIAN_POINT('',(-0.0102101665020704,0.00095,0.01884775));
#4069=CARTESIAN_POINT('',(-0.0171983885676722,0.00095,0.01884775));
#4070=CARTESIAN_POINT('',(-0.022047671947174,0.00095,0.01884775));
#4071=CARTESIAN_POINT('',(-0.022047671947174,0.00245,0.01884775));
#4072=CARTESIAN_POINT('',(-0.00735940598841321,0.0105642498104842,0.01884775));
#4073=CARTESIAN_POINT('',(-0.00915754322375777,0.0127773417924468,0.01884775));
#4074=CARTESIAN_POINT('',(-0.00570114739708169,0.00852331615961468,0.01884775));
#4075=CARTESIAN_POINT('',(-0.00799337222358337,0.0137232307300885,0.01884775));
#4076=CARTESIAN_POINT('',(-0.00935881616260609,0.0143441678037007,0.01884775));
#4077=CARTESIAN_POINT('',(-0.013,0.016,0.01884775));
#4078=CARTESIAN_POINT('',(-0.00914159268293767,0.0170548426307464,0.01884775));
#4079=CARTESIAN_POINT('',(-0.00769468993903929,0.0174504086172762,0.01884775));
#4080=CARTESIAN_POINT('',(-0.00869337137306495,0.0185696205692015,0.01884775));
#4081=CARTESIAN_POINT('',(-0.00520916615513517,0.0216786036867388,0.01884775));
#4082=CARTESIAN_POINT('',(-0.00344868143402566,0.0232494977455751,0.01884775));
#4083=CARTESIAN_POINT('',(-0.00245,0.0221302857936497,0.01884775));
#4084=CARTESIAN_POINT('',(-0.00095,0.0221302857936497,0.01884775));
#4085=CARTESIAN_POINT('',(-0.00095,0.0172144055379073,0.01884775));
#4086=CARTESIAN_POINT('',(-0.00095,0.0102101665020704,0.01884775));
#4087=CARTESIAN_POINT('',(-0.00245,0.0102101665020704,0.01884775));
#4088=CARTESIAN_POINT('',(-0.0021,0.00875157128748889,0.01884775));
#4089=CARTESIAN_POINT('',(-8.18572640226556E-18,8.23993651088983E-18,0.01884775));
#4090=CARTESIAN_POINT('',(-0.00388883691163482,0.00811646151193404,0.01884775));
#4091=CARTESIAN_POINT('',(-0.00453697639690729,0.00946920509725638,0.01884775));
#4092=CARTESIAN_POINT('',(0.00245,-0.0259847551460467,0.01884775));
#4093=CARTESIAN_POINT('',(0.00259080459770115,-0.0274781318785781,0.01884775));
#4094=CARTESIAN_POINT('',(0.000954240183002668,-0.0260974608240585,0.01884775));
#4095=CARTESIAN_POINT('',(0.00245,-0.0262101665020704,0.01884775));
#4096=CARTESIAN_POINT('',(0.0021,-0.0247515712874889,0.01884775));
#4097=CARTESIAN_POINT('',(3.25260651745651E-18,-0.016,0.01884775));
#4098=CARTESIAN_POINT('',(0.00766651877999928,-0.0207142857142857,0.01884775));
#4099=CARTESIAN_POINT('',(0.00894427190999916,-0.0215,0.01884775));
#4100=CARTESIAN_POINT('',(0.00894427190999916,-0.02,0.01884775));
#4101=CARTESIAN_POINT('',(0.0105311288741493,-0.02,0.01884775));
#4102=CARTESIAN_POINT('',(0.013,-0.02,0.01884775));
#4103=CARTESIAN_POINT('',(0.013,-0.016,0.01884775));
#4104=CARTESIAN_POINT('',(0.0149966983743493,-0.0194660057129022,0.01884775));
#4105=CARTESIAN_POINT('',(0.0157454602647304,-0.0207657578552406,0.01884775));
#4106=CARTESIAN_POINT('',(0.0165755948918593,-0.0195164074236796,0.01884775));
#4107=CARTESIAN_POINT('',(0.0170048229523342,-0.0198016092909335,0.01884775));
#4108=CARTESIAN_POINT('',(0.0166106621830182,-0.0195397079900661,0.01884775));
#4109=CARTESIAN_POINT('',(0.0157805275558892,-0.020789058421627,0.01884775));
#4110=CARTESIAN_POINT('',(0.0166874544269173,-0.0219838318941343,0.01884775));
#4111=CARTESIAN_POINT('',(2.36898174688083E-17,-3.12250225675825E-17,0.01884775));
#4112=CARTESIAN_POINT('',(0.018153884593514,-0.0182839213027988,0.01884775));
#4113=CARTESIAN_POINT('',(0.0176270987528894,-0.0179338968770359,0.01884775));
#4114=CARTESIAN_POINT('',(0.0186535194517763,-0.0186159051772079,0.01884775));
#4115=CARTESIAN_POINT('',(0.0184572333800185,-0.016684546445475,0.01884775));
#4116=CARTESIAN_POINT('',(0.0169688970036498,-0.0164978519603454,0.01884775));
#4117=CARTESIAN_POINT('',(0.013,-0.016,0.01884775));
#4118=CARTESIAN_POINT('',(0.0167301245665154,-0.0145556417624846,0.01884775));
#4119=CARTESIAN_POINT('',(0.0181289212789586,-0.0140140074234163,0.01884775));
#4120=CARTESIAN_POINT('',(0.0170208932337983,-0.0130029318322075,0.01884775));
#4121=CARTESIAN_POINT('',(0.0219413139127483,-0.00761068999226228,0.01884775));
#4122=CARTESIAN_POINT('',(0.0242786319963816,-0.0050492455170477,0.01884775));
#4123=CARTESIAN_POINT('',(0.0253866600415419,-0.0060603211082565,0.01884775));
#4124=CARTESIAN_POINT('',(0.0268456634922053,-0.00640861542482296,0.01884775));
#4125=CARTESIAN_POINT('',(-3.64291929955129E-17,1.37693675905659E-17,0.01884775));
#4126=CARTESIAN_POINT('',(0.0206034043133252,-0.0183646326045922,0.01884775));
#4127=CARTESIAN_POINT('',(0.0194836540789054,-0.017366554745647,0.01884775));
#4128=CARTESIAN_POINT('',(-0.011,-0.012,0.01884775));
#4129=CARTESIAN_POINT('',(-0.013,-0.012,0.01884775));
#4130=CARTESIAN_POINT('',(-0.0105,-0.012,0.01884775));
#4131=CARTESIAN_POINT('',(-0.013,-0.016,0.01884775));
#4132=CARTESIAN_POINT('',(-0.0140977185440739,-0.0121535712670067,0.01884775));
#4133=CARTESIAN_POINT('',(-0.0145093629981016,-0.0107111604921342,0.01884775));
#4134=CARTESIAN_POINT('',(-0.0156173910432619,-0.011722236083343,0.01884775));
#4135=CARTESIAN_POINT('',(-0.0201821809934303,-0.00671972654891188,0.01884775));
#4136=CARTESIAN_POINT('',(-0.0231556999923343,-0.00346107559120879,0.01884775));
#4137=CARTESIAN_POINT('',(-0.022047671947174,-0.00245,0.01884775));
#4138=CARTESIAN_POINT('',(-0.022047671947174,-0.00095,0.01884775));
#4139=CARTESIAN_POINT('',(-0.0172235282346562,-0.00095,0.01884775));
#4140=CARTESIAN_POINT('',(-0.0105,-0.00095,0.01884775));
#4141=CARTESIAN_POINT('',(-0.0105,-0.00245,0.01884775));
#4142=CARTESIAN_POINT('',(-0.009,-0.00245,0.01884775));
#4143=CARTESIAN_POINT('',(-0.009,-0.006475,0.01884775));
#4144=CARTESIAN_POINT('',(-0.009,-0.0105,0.01884775));
#4145=CARTESIAN_POINT('',(-0.0105,-0.0105,0.01884775));
#4146=CARTESIAN_POINT('',(0.,0.,0.01484775));
#4147=CARTESIAN_POINT('',(0.013,-0.016,0.01484775));
#4148=CARTESIAN_POINT('',(0.0169688970036498,-0.0164978519603454,0.01484775));
#4149=CARTESIAN_POINT('',(0.0167301245665154,-0.0145556417624846,0.01484775));
#4150=CARTESIAN_POINT('',(0.0184572333800185,-0.016684546445475,0.01484775));
#4151=CARTESIAN_POINT('',(0.0176270987528894,-0.0179338968770359,0.01484775));
#4152=CARTESIAN_POINT('',(-0.00286778557413124,-0.00431600975019695,0.01484775));
#4153=CARTESIAN_POINT('',(0.0186535194517763,-0.0186159051772079,0.01484775));
#4154=CARTESIAN_POINT('',(0.0194836540789054,-0.017366554745647,0.01484775));
#4155=CARTESIAN_POINT('',(0.0206034043133252,-0.0183646326045922,0.01484775));
#4156=CARTESIAN_POINT('',(-3.64291929955129E-17,1.37693675905659E-17,0.01484775));
#4157=CARTESIAN_POINT('',(0.0268456634922053,-0.00640861542482296,0.01484775));
#4158=CARTESIAN_POINT('',(0.0253866600415419,-0.0060603211082565,0.01484775));
#4159=CARTESIAN_POINT('',(0.0242786319963816,-0.0050492455170477,0.01484775));
#4160=CARTESIAN_POINT('',(0.0157618585213063,-0.0143826959006919,0.01484775));
#4161=CARTESIAN_POINT('',(0.0170208932337983,-0.0130029318322075,0.01484775));
#4162=CARTESIAN_POINT('',(0.0181289212789586,-0.0140140074234163,0.01484775));
#4163=CARTESIAN_POINT('',(0.,-0.00095,0.01484775));
#4164=CARTESIAN_POINT('',(0.0105,-0.00095,0.01484775));
#4165=CARTESIAN_POINT('',(0.022047671947174,-0.00095,0.01484775));
#4166=CARTESIAN_POINT('',(0.0105,-0.00245,0.01484775));
#4167=CARTESIAN_POINT('',(0.009,-0.00245,0.01484775));
#4168=CARTESIAN_POINT('',(0.009,0.,0.01484775));
#4169=CARTESIAN_POINT('',(0.009,-0.0105,0.01484775));
#4170=CARTESIAN_POINT('',(0.0105,-0.0105,0.01484775));
#4171=CARTESIAN_POINT('',(0.0105,-0.012,0.01484775));
#4172=CARTESIAN_POINT('',(0.,-0.012,0.01484775));
#4173=CARTESIAN_POINT('',(0.013,-0.012,0.01484775));
#4174=CARTESIAN_POINT('',(0.013,-0.016,0.01484775));
#4175=CARTESIAN_POINT('',(0.0140977185440739,-0.0121535712670067,0.01484775));
#4176=CARTESIAN_POINT('',(0.0145093629981016,-0.0107111604921342,0.01484775));
#4177=CARTESIAN_POINT('',(0.0156173910432619,-0.011722236083343,0.01484775));
#4178=CARTESIAN_POINT('',(0.0143583563307698,-0.0131020001518275,0.01484775));
#4179=CARTESIAN_POINT('',(0.0231556999923344,-0.00346107559120879,0.01484775));
#4180=CARTESIAN_POINT('',(0.022047671947174,-0.00245,0.01484775));
#4181=CARTESIAN_POINT('',(-0.013,0.016,0.01484775));
#4182=CARTESIAN_POINT('',(-0.00935881616260609,0.0143441678037007,0.01484775));
#4183=CARTESIAN_POINT('',(-0.00914159268293767,0.0170548426307464,0.01484775));
#4184=CARTESIAN_POINT('',(-0.00799337222358337,0.0137232307300885,0.01484775));
#4185=CARTESIAN_POINT('',(-0.00915754322375777,0.0127773417924468,0.01484775));
#4186=CARTESIAN_POINT('',(0.000737308300110452,0.000599062993839742,0.01484775));
#4187=CARTESIAN_POINT('',(-0.00570114739708169,0.00852331615961468,0.01484775));
#4188=CARTESIAN_POINT('',(-0.00453697639690729,0.00946920509725638,0.01484775));
#4189=CARTESIAN_POINT('',(-0.00388883691163482,0.00811646151193404,0.01484775));
#4190=CARTESIAN_POINT('',(-8.18572640226556E-18,8.23993651088983E-18,0.01484775));
#4191=CARTESIAN_POINT('',(-0.0021,0.00875157128748889,0.01484775));
#4192=CARTESIAN_POINT('',(-0.00245,0.0102101665020704,0.01484775));
#4193=CARTESIAN_POINT('',(-0.00095,0.0102101665020704,0.01484775));
#4194=CARTESIAN_POINT('',(-0.00095,1.8693853664638E-20,0.01484775));
#4195=CARTESIAN_POINT('',(-0.00095,0.0221302857936497,0.01484775));
#4196=CARTESIAN_POINT('',(-0.00245,0.0221302857936497,0.01484775));
#4197=CARTESIAN_POINT('',(-0.00344868143402565,0.0232494977455751,0.01484775));
#4198=CARTESIAN_POINT('',(-0.0130783991098801,0.0146568265886587,0.01484775));
#4199=CARTESIAN_POINT('',(-0.00869337137306495,0.0185696205692015,0.01484775));
#4200=CARTESIAN_POINT('',(-0.00769468993903929,0.0174504086172762,0.01484775));
#4201=CARTESIAN_POINT('',(0.00073730830011045,-0.000599062993839741,0.01484775));
#4202=CARTESIAN_POINT('',(0.00717576399730259,0.0073251901719352,0.01484775));
#4203=CARTESIAN_POINT('',(0.0106321598239787,0.0115792158047673,0.01484775));
#4204=CARTESIAN_POINT('',(0.00833993499747699,0.0063793012342935,0.01484775));
#4205=CARTESIAN_POINT('',(0.00714851571212313,0.00546797248653728,0.01484775));
#4206=CARTESIAN_POINT('',(3.90312782094781E-18,2.60208521396521E-18,0.01484775));
#4207=CARTESIAN_POINT('',(0.0087515712874889,0.0021,0.01484775));
#4208=CARTESIAN_POINT('',(0.0102101665020704,0.00245,0.01484775));
#4209=CARTESIAN_POINT('',(0.0102101665020704,0.00095,0.01484775));
#4210=CARTESIAN_POINT('',(0.,0.00095,0.01484775));
#4211=CARTESIAN_POINT('',(0.022047671947174,0.00095,0.01484775));
#4212=CARTESIAN_POINT('',(0.022047671947174,0.00245,0.01484775));
#4213=CARTESIAN_POINT('',(0.0231556999923343,0.00346107559120879,0.01484775));
#4214=CARTESIAN_POINT('',(0.0143583563307698,0.0131020001518275,0.01484775));
#4215=CARTESIAN_POINT('',(0.0156173910432619,0.011722236083343,0.01484775));
#4216=CARTESIAN_POINT('',(0.0145093629981016,0.0107111604921342,0.01484775));
#4217=CARTESIAN_POINT('',(0.0140977185440739,0.0121535712670067,0.01484775));
#4218=CARTESIAN_POINT('',(0.013,0.016,0.01484775));
#4219=CARTESIAN_POINT('',(0.0121246042357477,0.0120969649942732,0.01484775));
#4220=CARTESIAN_POINT('',(0.0117963308241531,0.0106333268671256,0.01484775));
#4221=CARTESIAN_POINT('',(0.000737308300110459,-0.000599062993839747,0.01484775));
#4222=CARTESIAN_POINT('',(0.0168424567762422,0.0192226582075532,0.01484775));
#4223=CARTESIAN_POINT('',(0.017123103260093,0.0195680692646003,0.01484775));
#4224=CARTESIAN_POINT('',(0.0180066277764166,0.0182767692699115,0.01484775));
#4225=CARTESIAN_POINT('',(0.0166411838373939,0.0176558321962993,0.01484775));
#4226=CARTESIAN_POINT('',(0.013,0.016,0.01484775));
#4227=CARTESIAN_POINT('',(0.0167301245665154,0.0145556417624846,0.01484775));
#4228=CARTESIAN_POINT('',(0.0181289212789586,0.0140140074234163,0.01484775));
#4229=CARTESIAN_POINT('',(0.0170208932337983,0.0130029318322075,0.01484775));
#4230=CARTESIAN_POINT('',(0.0157618585213063,0.0143826959006919,0.01484775));
#4231=CARTESIAN_POINT('',(0.0242786319963816,0.0050492455170477,0.01484775));
#4232=CARTESIAN_POINT('',(0.0253866600415419,0.0060603211082565,0.01484775));
#4233=CARTESIAN_POINT('',(0.0268456634922053,0.00640861542482296,0.01484775));
#4234=CARTESIAN_POINT('',(-5.20417042793042E-18,6.72205346941013E-18,0.01484775));
#4235=CARTESIAN_POINT('',(0.0193382670338459,0.0196924205756344,0.01484775));
#4236=CARTESIAN_POINT('',(0.0182872742602673,0.0186221803269586,0.01484775));
#4237=CARTESIAN_POINT('',(-0.013,0.016,0.01484775));
#4238=CARTESIAN_POINT('',(-0.0166411838373939,0.0176558321962993,0.01484775));
#4239=CARTESIAN_POINT('',(-0.0167301245665154,0.0145556417624846,0.01484775));
#4240=CARTESIAN_POINT('',(-0.0180066277764166,0.0182767692699115,0.01484775));
#4241=CARTESIAN_POINT('',(-0.0168424567762422,0.0192226582075532,0.01484775));
#4242=CARTESIAN_POINT('',(-0.000737308300110455,-0.000599062993839744,0.01484775));
#4243=CARTESIAN_POINT('',(-0.017123103260093,0.0195680692646003,0.01484775));
#4244=CARTESIAN_POINT('',(-0.0182872742602673,0.0186221803269586,0.01484775));
#4245=CARTESIAN_POINT('',(-0.0193382670338459,0.0196924205756344,0.01484775));
#4246=CARTESIAN_POINT('',(-2.94902990916057E-17,2.28766658394441E-17,0.01484775));
#4247=CARTESIAN_POINT('',(-0.0268456634922053,0.00640861542482295,0.01484775));
#4248=CARTESIAN_POINT('',(-0.0253866600415419,0.00606032110825649,0.01484775));
#4249=CARTESIAN_POINT('',(-0.0242786319963816,0.00504924551704769,0.01484775));
#4250=CARTESIAN_POINT('',(-0.0157618585213063,0.0143826959006919,0.01484775));
#4251=CARTESIAN_POINT('',(-0.0170208932337983,0.0130029318322075,0.01484775));
#4252=CARTESIAN_POINT('',(-0.0181289212789586,0.0140140074234163,0.01484775));
#4253=CARTESIAN_POINT('',(0.013,0.016,0.01484775));
#4254=CARTESIAN_POINT('',(0.0138753957642523,0.0199030350057268,0.01484775));
#4255=CARTESIAN_POINT('',(0.0115142176655926,0.0197138189044113,0.01484775));
#4256=CARTESIAN_POINT('',(0.0142036691758469,0.0213666731328744,0.01484775));
#4257=CARTESIAN_POINT('',(0.0153678401760214,0.0204207841952327,0.01484775));
#4258=CARTESIAN_POINT('',(-0.000737308300110445,0.000599062993839737,0.01484775));
#4259=CARTESIAN_POINT('',(0.0156484866598721,0.0207661952522798,0.01484775));
#4260=CARTESIAN_POINT('',(0.0144843156596977,0.0217120841899214,0.01484775));
#4261=CARTESIAN_POINT('',(0.0153167475941631,0.0229599051203767,0.01484775));
#4262=CARTESIAN_POINT('',(-6.61363325216158E-18,-1.21430643318376E-17,0.01484775));
#4263=CARTESIAN_POINT('',(0.00655361792276666,0.0268106339373464,0.01484775));
#4264=CARTESIAN_POINT('',(0.00619744303565978,0.0253535342668385,0.01484775));
#4265=CARTESIAN_POINT('',(0.00519876160163412,0.0242343223149132,0.01484775));
#4266=CARTESIAN_POINT('',(0.0143433955929793,0.0160744950610975,0.01484775));
#4267=CARTESIAN_POINT('',(0.00995836785616412,0.0199872890416403,0.01484775));
#4268=CARTESIAN_POINT('',(0.0109570492901898,0.0211065009935655,0.01484775));
#4269=CARTESIAN_POINT('',(0.,1.80635402874235E-18,0.01484775));
#4270=CARTESIAN_POINT('',(0.0295,1.80635402874235E-18,0.01484775));
#4271=CARTESIAN_POINT('',(-4.3474961369731E-19,0.,0.01484775));
#4272=CARTESIAN_POINT('',(0.0071,0.,0.01484775));
#4273=CARTESIAN_POINT('',(-0.013,0.016,0.01484775));
#4274=CARTESIAN_POINT('',(-0.01095,0.016,0.01484775));
#4275=CARTESIAN_POINT('',(0.013,0.016,0.01484775));
#4276=CARTESIAN_POINT('',(0.01505,0.016,0.01484775));
#4277=CARTESIAN_POINT('',(0.013,-0.016,0.01484775));
#4278=CARTESIAN_POINT('',(0.01505,-0.016,0.01484775));
#4279=CARTESIAN_POINT('',(-0.013,-0.016,0.01484775));
#4280=CARTESIAN_POINT('',(-0.01095,-0.016,0.01484775));
#4281=CARTESIAN_POINT('',(-4.3474961369731E-19,-0.016,0.01484775));
#4282=CARTESIAN_POINT('',(0.0071,-0.016,0.01484775));
#4283=CARTESIAN_POINT('',(-0.013,-0.016,0.01484775));
#4284=CARTESIAN_POINT('',(-0.0149966983743493,-0.0194660057129022,0.01484775));
#4285=CARTESIAN_POINT('',(-0.013,-0.02,0.01484775));
#4286=CARTESIAN_POINT('',(-0.0157454602647304,-0.0207657578552406,0.01484775));
#4287=CARTESIAN_POINT('',(-0.0165755948918593,-0.0195164074236796,0.01484775));
#4288=CARTESIAN_POINT('',(0.00391928943516133,-0.00589852029684075,0.01484775));
#4289=CARTESIAN_POINT('',(-0.0166106621830182,-0.0195397079900661,0.01484775));
#4290=CARTESIAN_POINT('',(-0.0157805275558892,-0.020789058421627,0.01484775));
#4291=CARTESIAN_POINT('',(-0.0166874544269173,-0.0219838318941343,0.01484775));
#4292=CARTESIAN_POINT('',(-1.88651178012478E-17,-2.60208521396521E-17,0.01484775));
#4293=CARTESIAN_POINT('',(-0.00259080459770115,-0.0274781318785781,0.01484775));
#4294=CARTESIAN_POINT('',(-0.00245,-0.0259847551460467,0.01484775));
#4295=CARTESIAN_POINT('',(-0.000954240183002669,-0.0260974608240585,0.01484775));
#4296=CARTESIAN_POINT('',(-0.00245,-0.0262101665020704,0.01484775));
#4297=CARTESIAN_POINT('',(-0.0021,-0.0247515712874889,0.01484775));
#4298=CARTESIAN_POINT('',(2.92734586571086E-18,-0.016,0.01484775));
#4299=CARTESIAN_POINT('',(-0.00766651877999928,-0.0207142857142857,0.01484775));
#4300=CARTESIAN_POINT('',(-0.00894427190999916,-0.0215,0.01484775));
#4301=CARTESIAN_POINT('',(-0.00894427190999916,-0.02,0.01484775));
#4302=CARTESIAN_POINT('',(0.,-0.02,0.01484775));
#4303=CARTESIAN_POINT('',(0.00073730830011045,0.000599062993839741,0.01484775));
#4304=CARTESIAN_POINT('',(-0.0153678401760214,0.0204207841952327,0.01484775));
#4305=CARTESIAN_POINT('',(-0.0156484866598721,0.0207661952522798,0.01484775));
#4306=CARTESIAN_POINT('',(-0.0142036691758469,0.0213666731328744,0.01484775));
#4307=CARTESIAN_POINT('',(-0.0138753957642523,0.0199030350057268,0.01484775));
#4308=CARTESIAN_POINT('',(-0.013,0.016,0.01484775));
#4309=CARTESIAN_POINT('',(-0.0115142176655926,0.0197138189044113,0.01484775));
#4310=CARTESIAN_POINT('',(-0.0109570492901898,0.0211065009935655,0.01484775));
#4311=CARTESIAN_POINT('',(-0.00995836785616412,0.0199872890416403,0.01484775));
#4312=CARTESIAN_POINT('',(-0.0143433955929793,0.0160744950610975,0.01484775));
#4313=CARTESIAN_POINT('',(-0.00519876160163413,0.0242343223149132,0.01484775));
#4314=CARTESIAN_POINT('',(-0.00619744303565979,0.0253535342668385,0.01484775));
#4315=CARTESIAN_POINT('',(-0.00655361792276667,0.0268106339373464,0.01484775));
#4316=CARTESIAN_POINT('',(-2.12503625807159E-17,5.3776427755281E-17,0.01484775));
#4317=CARTESIAN_POINT('',(-0.0153167475941631,0.0229599051203767,0.01484775));
#4318=CARTESIAN_POINT('',(-0.0144843156596977,0.0217120841899214,0.01484775));
#4319=CARTESIAN_POINT('',(0.00286778557413124,-0.00431600975019695,0.01484775));
#4320=CARTESIAN_POINT('',(-0.0176270987528894,-0.0179338968770359,0.01484775));
#4321=CARTESIAN_POINT('',(-0.0186535194517763,-0.0186159051772079,0.01484775));
#4322=CARTESIAN_POINT('',(-0.0184572333800185,-0.016684546445475,0.01484775));
#4323=CARTESIAN_POINT('',(-0.0169688970036498,-0.0164978519603454,0.01484775));
#4324=CARTESIAN_POINT('',(-0.013,-0.016,0.01484775));
#4325=CARTESIAN_POINT('',(-0.0167301245665154,-0.0145556417624846,0.01484775));
#4326=CARTESIAN_POINT('',(-0.0181289212789586,-0.0140140074234163,0.01484775));
#4327=CARTESIAN_POINT('',(-0.0170208932337983,-0.0130029318322075,0.01484775));
#4328=CARTESIAN_POINT('',(-0.0157618585213062,-0.0143826959006919,0.01484775));
#4329=CARTESIAN_POINT('',(-0.0242786319963816,-0.00504924551704768,0.01484775));
#4330=CARTESIAN_POINT('',(-0.0253866600415419,-0.00606032110825647,0.01484775));
#4331=CARTESIAN_POINT('',(-0.0268456634922053,-0.00640861542482294,0.01484775));
#4332=CARTESIAN_POINT('',(-1.90819582357449E-17,-2.71050543121376E-18,0.01484775));
#4333=CARTESIAN_POINT('',(-0.0206034043133252,-0.0183646326045922,0.01484775));
#4334=CARTESIAN_POINT('',(-0.0194836540789054,-0.017366554745647,0.01484775));
#4335=CARTESIAN_POINT('',(6.07153216591882E-18,1.56125112837912E-17,0.01484775));
#4336=CARTESIAN_POINT('',(0.00388883691163482,0.00811646151193404,0.01484775));
#4337=CARTESIAN_POINT('',(0.0021,0.00875157128748889,0.01484775));
#4338=CARTESIAN_POINT('',(0.00453697639690729,0.00946920509725638,0.01484775));
#4339=CARTESIAN_POINT('',(0.00570114739708169,0.00852331615961468,0.01484775));
#4340=CARTESIAN_POINT('',(-0.000737308300110455,0.000599062993839745,0.01484775));
#4341=CARTESIAN_POINT('',(0.00915754322375777,0.0127773417924468,0.01484775));
#4342=CARTESIAN_POINT('',(0.00799337222358337,0.0137232307300885,0.01484775));
#4343=CARTESIAN_POINT('',(0.00935881616260609,0.0143441678037007,0.01484775));
#4344=CARTESIAN_POINT('',(0.013,0.016,0.01484775));
#4345=CARTESIAN_POINT('',(0.00914159268293767,0.0170548426307464,0.01484775));
#4346=CARTESIAN_POINT('',(0.00769468993903929,0.0174504086172762,0.01484775));
#4347=CARTESIAN_POINT('',(0.00869337137306495,0.0185696205692015,0.01484775));
#4348=CARTESIAN_POINT('',(0.0130783991098801,0.0146568265886587,0.01484775));
#4349=CARTESIAN_POINT('',(0.00344868143402565,0.0232494977455751,0.01484775));
#4350=CARTESIAN_POINT('',(0.00245,0.0221302857936497,0.01484775));
#4351=CARTESIAN_POINT('',(0.00095,0.0221302857936497,0.01484775));
#4352=CARTESIAN_POINT('',(0.00095,-1.8693853664638E-20,0.01484775));
#4353=CARTESIAN_POINT('',(0.00095,0.0102101665020704,0.01484775));
#4354=CARTESIAN_POINT('',(0.00245,0.0102101665020704,0.01484775));
#4355=CARTESIAN_POINT('',(-0.000737308300110452,-0.000599062993839743,0.01484775));
#4356=CARTESIAN_POINT('',(-0.0106321598239787,0.0115792158047673,0.01484775));
#4357=CARTESIAN_POINT('',(-0.00717576399730259,0.0073251901719352,0.01484775));
#4358=CARTESIAN_POINT('',(-0.0117963308241531,0.0106333268671256,0.01484775));
#4359=CARTESIAN_POINT('',(-0.0121246042357477,0.0120969649942732,0.01484775));
#4360=CARTESIAN_POINT('',(-0.013,0.016,0.01484775));
#4361=CARTESIAN_POINT('',(-0.0140977185440739,0.0121535712670067,0.01484775));
#4362=CARTESIAN_POINT('',(-0.0145093629981016,0.0107111604921342,0.01484775));
#4363=CARTESIAN_POINT('',(-0.0156173910432619,0.011722236083343,0.01484775));
#4364=CARTESIAN_POINT('',(-0.0143583563307698,0.0131020001518275,0.01484775));
#4365=CARTESIAN_POINT('',(-0.0231556999923343,0.0034610755912088,0.01484775));
#4366=CARTESIAN_POINT('',(-0.022047671947174,0.00245,0.01484775));
#4367=CARTESIAN_POINT('',(-0.022047671947174,0.00095,0.01484775));
#4368=CARTESIAN_POINT('',(0.,0.00095,0.01484775));
#4369=CARTESIAN_POINT('',(-0.0102101665020704,0.00095,0.01484775));
#4370=CARTESIAN_POINT('',(-0.0102101665020704,0.00245,0.01484775));
#4371=CARTESIAN_POINT('',(-0.0087515712874889,0.0021,0.01484775));
#4372=CARTESIAN_POINT('',(-3.90312782094781E-18,2.92734586571086E-18,0.01484775));
#4373=CARTESIAN_POINT('',(-0.00714851571212313,0.00546797248653728,0.01484775));
#4374=CARTESIAN_POINT('',(-0.00833993499747699,0.0063793012342935,0.01484775));
#4375=CARTESIAN_POINT('',(0.,-0.02,0.01484775));
#4376=CARTESIAN_POINT('',(0.00894427190999916,-0.02,0.01484775));
#4377=CARTESIAN_POINT('',(0.013,-0.02,0.01484775));
#4378=CARTESIAN_POINT('',(0.00894427190999916,-0.0215,0.01484775));
#4379=CARTESIAN_POINT('',(0.00766651877999928,-0.0207142857142857,0.01484775));
#4380=CARTESIAN_POINT('',(3.25260651745651E-18,-0.016,0.01484775));
#4381=CARTESIAN_POINT('',(0.0021,-0.0247515712874889,0.01484775));
#4382=CARTESIAN_POINT('',(0.00245,-0.0262101665020704,0.01484775));
#4383=CARTESIAN_POINT('',(0.000954240183002668,-0.0260974608240585,0.01484775));
#4384=CARTESIAN_POINT('',(0.00245,-0.0259847551460467,0.01484775));
#4385=CARTESIAN_POINT('',(0.00259080459770115,-0.0274781318785781,0.01484775));
#4386=CARTESIAN_POINT('',(2.36898174688083E-17,-3.12250225675825E-17,0.01484775));
#4387=CARTESIAN_POINT('',(0.0166874544269173,-0.0219838318941343,0.01484775));
#4388=CARTESIAN_POINT('',(0.0157805275558892,-0.020789058421627,0.01484775));
#4389=CARTESIAN_POINT('',(0.0166106621830182,-0.0195397079900661,0.01484775));
#4390=CARTESIAN_POINT('',(-0.00391928943516132,-0.00589852029684073,0.01484775));
#4391=CARTESIAN_POINT('',(0.0165755948918593,-0.0195164074236796,0.01484775));
#4392=CARTESIAN_POINT('',(0.0157454602647304,-0.0207657578552406,0.01484775));
#4393=CARTESIAN_POINT('',(0.0149966983743493,-0.0194660057129022,0.01484775));
#4394=CARTESIAN_POINT('',(0.013,-0.016,0.01484775));
#4395=CARTESIAN_POINT('',(-0.013,-0.016,0.01484775));
#4396=CARTESIAN_POINT('',(-0.013,-0.012,0.01484775));
#4397=CARTESIAN_POINT('',(-0.0140977185440739,-0.0121535712670067,0.01484775));
#4398=CARTESIAN_POINT('',(0.,-0.012,0.01484775));
#4399=CARTESIAN_POINT('',(-0.0105,-0.012,0.01484775));
#4400=CARTESIAN_POINT('',(-0.0105,-0.0105,0.01484775));
#4401=CARTESIAN_POINT('',(-0.009,-0.0105,0.01484775));
#4402=CARTESIAN_POINT('',(-0.009,0.,0.01484775));
#4403=CARTESIAN_POINT('',(-0.009,-0.00245,0.01484775));
#4404=CARTESIAN_POINT('',(-0.0105,-0.00245,0.01484775));
#4405=CARTESIAN_POINT('',(-0.0105,-0.00095,0.01484775));
#4406=CARTESIAN_POINT('',(0.,-0.00095,0.01484775));
#4407=CARTESIAN_POINT('',(-0.022047671947174,-0.00095,0.01484775));
#4408=CARTESIAN_POINT('',(-0.022047671947174,-0.00245,0.01484775));
#4409=CARTESIAN_POINT('',(-0.0231556999923343,-0.00346107559120879,0.01484775));
#4410=CARTESIAN_POINT('',(-0.0143583563307698,-0.0131020001518275,0.01484775));
#4411=CARTESIAN_POINT('',(-0.0156173910432619,-0.011722236083343,0.01484775));
#4412=CARTESIAN_POINT('',(-0.0145093629981016,-0.0107111604921342,0.01484775));
#4413=CARTESIAN_POINT('',(-4.3474961369731E-19,0.,0.01884775));
#4414=CARTESIAN_POINT('',(-0.013,0.016,0.01884775));
#4415=CARTESIAN_POINT('',(0.013,0.016,0.01884775));
#4416=CARTESIAN_POINT('',(0.013,-0.016,0.01884775));
#4417=CARTESIAN_POINT('',(-0.013,-0.016,0.01884775));
#4418=CARTESIAN_POINT('',(-4.3474961369731E-19,-0.016,0.01884775));
#4419=CARTESIAN_POINT('',(0.,1.80635402874235E-18,0.01884775));
#4420=CARTESIAN_POINT('',(-0.013,-0.016,-0.00615225));
#4421=CARTESIAN_POINT('',(-0.0149966983743493,-0.0194660057129022,-0.00615225));
#4422=CARTESIAN_POINT('',(-0.013,-0.02,-0.00615225));
#4423=CARTESIAN_POINT('',(-0.0170048229523342,-0.0198016092909335,-0.00615225));
#4424=CARTESIAN_POINT('',(-0.0166106621830182,-0.0195397079900661,0.01484775));
#4425=CARTESIAN_POINT('',(-0.0165755948918593,-0.0195164074236796,-0.00615225));
#4426=CARTESIAN_POINT('',(-1.88651178012478E-17,-2.60208521396521E-17,-0.00615225));
#4427=CARTESIAN_POINT('',(-0.00259080459770115,-0.0274781318785781,-0.00615225));
#4428=CARTESIAN_POINT('',(-0.0166874544269173,-0.0219838318941343,-0.00615225));
#4429=CARTESIAN_POINT('',(2.92734586571086E-18,-0.016,-0.00615225));
#4430=CARTESIAN_POINT('',(-0.0021,-0.0247515712874889,-0.00615225));
#4431=CARTESIAN_POINT('',(-0.00766651877999928,-0.0207142857142857,-0.00615225));
#4432=CARTESIAN_POINT('',(-0.0105311288741493,-0.02,-0.00615225));
#4433=CARTESIAN_POINT('',(-0.00894427190999916,-0.02,0.01884775));
#4434=CARTESIAN_POINT('',(0.013,0.016,-0.00615225));
#4435=CARTESIAN_POINT('',(0.0115142176655926,0.0197138189044113,-0.00615225));
#4436=CARTESIAN_POINT('',(0.0138753957642523,0.0199030350057268,-0.00615225));
#4437=CARTESIAN_POINT('',(0.0156848130537707,0.020810904660155,-0.00615225));
#4438=CARTESIAN_POINT('',(0.0153678401760214,0.0204207841952327,-0.00615225));
#4439=CARTESIAN_POINT('',(0.0156484866598721,0.0207661952522798,0.01484775));
#4440=CARTESIAN_POINT('',(-6.61363325216158E-18,-1.21430643318376E-17,-0.00615225));
#4441=CARTESIAN_POINT('',(0.0153167475941631,0.0229599051203767,-0.00615225));
#4442=CARTESIAN_POINT('',(0.00655361792276666,0.0268106339373464,-0.00615225));
#4443=CARTESIAN_POINT('',(0.00610208129312449,0.0234282832055833,-0.00615225));
#4444=CARTESIAN_POINT('',(0.00995836785616412,0.0199872890416403,-0.00615225));
#4445=CARTESIAN_POINT('',(0.00519876160163412,0.0242343223149132,0.01884775));
#4446=CARTESIAN_POINT('',(-0.0156848130537707,0.020810904660155,-0.00615225));
#4447=CARTESIAN_POINT('',(-0.0153678401760214,0.0204207841952327,0.01484775));
#4448=CARTESIAN_POINT('',(-0.0156484866598721,0.0207661952522798,-0.00615225));
#4449=CARTESIAN_POINT('',(-0.013,0.016,-0.00615225));
#4450=CARTESIAN_POINT('',(-0.0115142176655926,0.0197138189044113,-0.00615225));
#4451=CARTESIAN_POINT('',(-0.0138753957642523,0.0199030350057268,-0.00615225));
#4452=CARTESIAN_POINT('',(-0.00610208129312449,0.0234282832055833,-0.00615225));
#4453=CARTESIAN_POINT('',(-0.00995836785616412,0.0199872890416403,-0.00615225));
#4454=CARTESIAN_POINT('',(-0.00519876160163413,0.0242343223149132,0.01484775));
#4455=CARTESIAN_POINT('',(-2.12503625807159E-17,5.3776427755281E-17,-0.00615225));
#4456=CARTESIAN_POINT('',(-0.00655361792276667,0.0268106339373464,-0.00615225));
#4457=CARTESIAN_POINT('',(-0.0153167475941631,0.0229599051203767,-0.00615225));
#4458=CARTESIAN_POINT('',(-0.013,0.016,-0.00615225));
#4459=CARTESIAN_POINT('',(-0.0167301245665154,0.0145556417624846,-0.00615225));
#4460=CARTESIAN_POINT('',(-0.0166411838373939,0.0176558321962993,-0.00615225));
#4461=CARTESIAN_POINT('',(-0.0171594296539916,0.0196127786724756,-0.00615225));
#4462=CARTESIAN_POINT('',(-0.0168424567762422,0.0192226582075532,-0.00615225));
#4463=CARTESIAN_POINT('',(-0.017123103260093,0.0195680692646003,0.01484775));
#4464=CARTESIAN_POINT('',(-2.94902990916057E-17,2.28766658394441E-17,-0.00615225));
#4465=CARTESIAN_POINT('',(-0.0268456634922053,0.00640861542482295,-0.00615225));
#4466=CARTESIAN_POINT('',(-0.0193382670338459,0.0196924205756344,-0.00615225));
#4467=CARTESIAN_POINT('',(-0.0219413139127483,0.00761068999226228,-0.00615225));
#4468=CARTESIAN_POINT('',(-0.0242786319963816,0.0050492455170477,0.01884775));
#4469=CARTESIAN_POINT('',(-0.0170208932337983,0.0130029318322075,-0.00615225));
#4470=CARTESIAN_POINT('',(-0.018153884593514,-0.0182839213027988,-0.00615225));
#4471=CARTESIAN_POINT('',(-0.0186535194517763,-0.0186159051772079,-0.00615225));
#4472=CARTESIAN_POINT('',(-0.0176270987528894,-0.0179338968770359,0.01484775));
#4473=CARTESIAN_POINT('',(-0.013,-0.016,-0.00615225));
#4474=CARTESIAN_POINT('',(-0.0169688970036498,-0.0164978519603454,-0.00615225));
#4475=CARTESIAN_POINT('',(-0.0167301245665154,-0.0145556417624846,-0.00615225));
#4476=CARTESIAN_POINT('',(-0.0219413139127483,-0.00761068999226228,-0.00615225));
#4477=CARTESIAN_POINT('',(-0.0170208932337983,-0.0130029318322075,-0.00615225));
#4478=CARTESIAN_POINT('',(-0.0242786319963816,-0.00504924551704768,0.01484775));
#4479=CARTESIAN_POINT('',(-1.90819582357449E-17,-2.71050543121376E-18,-0.00615225));
#4480=CARTESIAN_POINT('',(-0.0206034043133252,-0.0183646326045922,-0.00615225));
#4481=CARTESIAN_POINT('',(-0.0268456634922053,-0.00640861542482294,-0.00615225));
#4482=CARTESIAN_POINT('',(0.0171594296539916,0.0196127786724756,-0.00615225));
#4483=CARTESIAN_POINT('',(0.0168424567762422,0.0192226582075532,0.01484775));
#4484=CARTESIAN_POINT('',(0.017123103260093,0.0195680692646003,-0.00615225));
#4485=CARTESIAN_POINT('',(0.013,0.016,-0.00615225));
#4486=CARTESIAN_POINT('',(0.0167301245665154,0.0145556417624846,-0.00615225));
#4487=CARTESIAN_POINT('',(0.0166411838373939,0.0176558321962993,-0.00615225));
#4488=CARTESIAN_POINT('',(0.0219413139127483,0.00761068999226229,-0.00615225));
#4489=CARTESIAN_POINT('',(0.0242786319963816,0.0050492455170477,0.01484775));
#4490=CARTESIAN_POINT('',(0.0170208932337983,0.0130029318322075,-0.00615225));
#4491=CARTESIAN_POINT('',(-5.20417042793042E-18,6.72205346941013E-18,-0.00615225));
#4492=CARTESIAN_POINT('',(0.0268456634922053,0.00640861542482296,-0.00615225));
#4493=CARTESIAN_POINT('',(0.0193382670338459,0.0196924205756344,-0.00615225));
#4494=CARTESIAN_POINT('',(6.07153216591882E-18,1.56125112837912E-17,-0.00615225));
#4495=CARTESIAN_POINT('',(0.0021,0.00875157128748889,-0.00615225));
#4496=CARTESIAN_POINT('',(0.00388883691163482,0.00811646151193404,-0.00615225));
#4497=CARTESIAN_POINT('',(0.00735940598841321,0.0105642498104842,-0.00615225));
#4498=CARTESIAN_POINT('',(0.00915754322375777,0.0127773417924468,-0.00615225));
#4499=CARTESIAN_POINT('',(0.00570114739708168,0.00852331615961468,-0.00615225));
#4500=CARTESIAN_POINT('',(0.013,0.016,-0.00615225));
#4501=CARTESIAN_POINT('',(0.00935881616260609,0.0143441678037007,-0.00615225));
#4502=CARTESIAN_POINT('',(0.00914159268293767,0.0170548426307464,-0.00615225));
#4503=CARTESIAN_POINT('',(0.00520916615513517,0.0216786036867388,-0.00615225));
#4504=CARTESIAN_POINT('',(0.00869337137306495,0.0185696205692015,0.01884775));
#4505=CARTESIAN_POINT('',(0.00344868143402566,0.0232494977455751,-0.00615225));
#4506=CARTESIAN_POINT('',(0.00095,0.0172144055379073,-0.00615225));
#4507=CARTESIAN_POINT('',(0.00095,0.0221302857936497,-0.00615225));
#4508=CARTESIAN_POINT('',(0.00095,0.0102101665020704,-0.00615225));
#4509=CARTESIAN_POINT('',(0.00883402258863412,0.00936612382280477,-0.00615225));
#4510=CARTESIAN_POINT('',(0.00717576399730259,0.0073251901719352,0.01484775));
#4511=CARTESIAN_POINT('',(0.0106321598239787,0.0115792158047673,0.01884775));
#4512=CARTESIAN_POINT('',(3.90312782094781E-18,2.60208521396521E-18,-0.00615225));
#4513=CARTESIAN_POINT('',(0.0087515712874889,0.0021,-0.00615225));
#4514=CARTESIAN_POINT('',(0.00714851571212313,0.00546797248653729,-0.00615225));
#4515=CARTESIAN_POINT('',(0.0171983885676722,0.00095,-0.00615225));
#4516=CARTESIAN_POINT('',(0.022047671947174,0.00095,-0.00615225));
#4517=CARTESIAN_POINT('',(0.0102101665020704,0.00095,-0.00615225));
#4518=CARTESIAN_POINT('',(0.0201821809934303,0.00671972654891188,-0.00615225));
#4519=CARTESIAN_POINT('',(0.0231556999923343,0.00346107559120879,-0.00615225));
#4520=CARTESIAN_POINT('',(0.0156173910432619,0.011722236083343,0.01484775));
#4521=CARTESIAN_POINT('',(0.013,0.016,-0.00615225));
#4522=CARTESIAN_POINT('',(0.0121246042357477,0.0120969649942732,-0.00615225));
#4523=CARTESIAN_POINT('',(0.0140977185440739,0.0121535712670067,-0.00615225));
#4524=CARTESIAN_POINT('',(-0.00883402258863412,0.00936612382280477,-0.00615225));
#4525=CARTESIAN_POINT('',(-0.00717576399730259,0.0073251901719352,0.01884775));
#4526=CARTESIAN_POINT('',(-0.0106321598239787,0.0115792158047673,0.01484775));
#4527=CARTESIAN_POINT('',(-0.013,0.016,-0.00615225));
#4528=CARTESIAN_POINT('',(-0.0121246042357477,0.0120969649942732,-0.00615225));
#4529=CARTESIAN_POINT('',(-0.0140977185440739,0.0121535712670067,-0.00615225));
#4530=CARTESIAN_POINT('',(-0.0201821809934303,0.00671972654891188,-0.00615225));
#4531=CARTESIAN_POINT('',(-0.0156173910432619,0.011722236083343,0.01884775));
#4532=CARTESIAN_POINT('',(-0.0231556999923343,0.00346107559120879,-0.00615225));
#4533=CARTESIAN_POINT('',(-0.0171983885676722,0.00095,-0.00615225));
#4534=CARTESIAN_POINT('',(-0.0102101665020704,0.00095,-0.00615225));
#4535=CARTESIAN_POINT('',(-0.022047671947174,0.00095,-0.00615225));
#4536=CARTESIAN_POINT('',(-3.90312782094781E-18,2.92734586571086E-18,-0.00615225));
#4537=CARTESIAN_POINT('',(-0.0087515712874889,0.0021,-0.00615225));
#4538=CARTESIAN_POINT('',(-0.00714851571212313,0.00546797248653728,-0.00615225));
#4539=CARTESIAN_POINT('',(-0.013,0.016,-0.00615225));
#4540=CARTESIAN_POINT('',(-0.00935881616260609,0.0143441678037007,-0.00615225));
#4541=CARTESIAN_POINT('',(-0.00914159268293767,0.0170548426307464,-0.00615225));
#4542=CARTESIAN_POINT('',(-0.00735940598841321,0.0105642498104842,-0.00615225));
#4543=CARTESIAN_POINT('',(-0.00570114739708169,0.00852331615961468,-0.00615225));
#4544=CARTESIAN_POINT('',(-0.00915754322375777,0.0127773417924468,-0.00615225));
#4545=CARTESIAN_POINT('',(-8.18572640226556E-18,8.23993651088983E-18,-0.00615225));
#4546=CARTESIAN_POINT('',(-0.00388883691163482,0.00811646151193404,-0.00615225));
#4547=CARTESIAN_POINT('',(-0.0021,0.0087515712874889,-0.00615225));
#4548=CARTESIAN_POINT('',(-0.00095,0.0172144055379073,-0.00615225));
#4549=CARTESIAN_POINT('',(-0.00095,0.0102101665020704,0.01884775));
#4550=CARTESIAN_POINT('',(-0.00095,0.0221302857936497,0.01484775));
#4551=CARTESIAN_POINT('',(-0.00520916615513517,0.0216786036867388,-0.00615225));
#4552=CARTESIAN_POINT('',(-0.00869337137306495,0.0185696205692015,0.01484775));
#4553=CARTESIAN_POINT('',(-0.00344868143402566,0.0232494977455751,0.01884775));
#4554=CARTESIAN_POINT('',(0.0105311288741493,-0.02,-0.00615225));
#4555=CARTESIAN_POINT('',(0.00894427190999916,-0.02,0.01484775));
#4556=CARTESIAN_POINT('',(0.013,-0.02,-0.00615225));
#4557=CARTESIAN_POINT('',(3.25260651745651E-18,-0.016,-0.00615225));
#4558=CARTESIAN_POINT('',(0.0021,-0.0247515712874889,-0.00615225));
#4559=CARTESIAN_POINT('',(0.00766651877999929,-0.0207142857142857,-0.00615225));
#4560=CARTESIAN_POINT('',(2.36898174688083E-17,-3.12250225675825E-17,-0.00615225));
#4561=CARTESIAN_POINT('',(0.00259080459770115,-0.0274781318785781,-0.00615225));
#4562=CARTESIAN_POINT('',(0.0166874544269173,-0.0219838318941343,-0.00615225));
#4563=CARTESIAN_POINT('',(0.0170048229523342,-0.0198016092909335,-0.00615225));
#4564=CARTESIAN_POINT('',(0.0166106621830182,-0.0195397079900661,-0.00615225));
#4565=CARTESIAN_POINT('',(0.0165755948918593,-0.0195164074236796,0.01484775));
#4566=CARTESIAN_POINT('',(0.013,-0.016,-0.00615225));
#4567=CARTESIAN_POINT('',(0.0149966983743493,-0.0194660057129022,-0.00615225));
#4568=CARTESIAN_POINT('',(0.009,-0.006475,-0.00615225));
#4569=CARTESIAN_POINT('',(0.009,-0.00245,-0.00615225));
#4570=CARTESIAN_POINT('',(0.009,-0.0105,0.01484775));
#4571=CARTESIAN_POINT('',(0.011,-0.012,-0.00615225));
#4572=CARTESIAN_POINT('',(0.0105,-0.012,0.01884775));
#4573=CARTESIAN_POINT('',(0.013,-0.012,-0.00615225));
#4574=CARTESIAN_POINT('',(0.013,-0.016,-0.00615225));
#4575=CARTESIAN_POINT('',(0.0140977185440739,-0.0121535712670067,-0.00615225));
#4576=CARTESIAN_POINT('',(0.0201821809934303,-0.00671972654891188,-0.00615225));
#4577=CARTESIAN_POINT('',(0.0231556999923343,-0.00346107559120879,0.01484775));
#4578=CARTESIAN_POINT('',(0.0156173910432619,-0.011722236083343,0.01884775));
#4579=CARTESIAN_POINT('',(0.0172235282346562,-0.00095,-0.00615225));
#4580=CARTESIAN_POINT('',(0.022047671947174,-0.00095,0.01884775));
#4581=CARTESIAN_POINT('',(0.0105,-0.00095,-0.00615225));
#4582=CARTESIAN_POINT('',(0.013,-0.016,-0.00615225));
#4583=CARTESIAN_POINT('',(0.0169688970036498,-0.0164978519603454,-0.00615225));
#4584=CARTESIAN_POINT('',(0.0167301245665154,-0.0145556417624846,-0.00615225));
#4585=CARTESIAN_POINT('',(0.018153884593514,-0.0182839213027988,-0.00615225));
#4586=CARTESIAN_POINT('',(0.0186535194517763,-0.0186159051772079,0.01484775));
#4587=CARTESIAN_POINT('',(0.0176270987528894,-0.0179338968770359,-0.00615225));
#4588=CARTESIAN_POINT('',(-3.64291929955129E-17,1.37693675905659E-17,-0.00615225));
#4589=CARTESIAN_POINT('',(0.0206034043133252,-0.0183646326045922,-0.00615225));
#4590=CARTESIAN_POINT('',(0.0268456634922053,-0.00640861542482296,-0.00615225));
#4591=CARTESIAN_POINT('',(0.0219413139127483,-0.00761068999226228,-0.00615225));
#4592=CARTESIAN_POINT('',(0.0170208932337983,-0.0130029318322075,-0.00615225));
#4593=CARTESIAN_POINT('',(0.0242786319963816,-0.0050492455170477,0.01884775));
#4594=CARTESIAN_POINT('',(-0.013,-0.016,-0.00615225));
#4595=CARTESIAN_POINT('',(-0.0140977185440739,-0.0121535712670067,-0.00615225));
#4596=CARTESIAN_POINT('',(-0.013,-0.012,-0.00615225));
#4597=CARTESIAN_POINT('',(-0.011,-0.012,-0.00615225));
#4598=CARTESIAN_POINT('',(-0.0105,-0.012,0.01484775));
#4599=CARTESIAN_POINT('',(-0.009,-0.006475,-0.00615225));
#4600=CARTESIAN_POINT('',(-0.009,-0.0105,0.01884775));
#4601=CARTESIAN_POINT('',(-0.009,-0.00245,-0.00615225));
#4602=CARTESIAN_POINT('',(-0.0172235282346562,-0.00095,-0.00615225));
#4603=CARTESIAN_POINT('',(-0.022047671947174,-0.00095,0.01484775));
#4604=CARTESIAN_POINT('',(-0.0105,-0.00095,-0.00615225));
#4605=CARTESIAN_POINT('',(-0.0201821809934303,-0.00671972654891188,-0.00615225));
#4606=CARTESIAN_POINT('',(-0.0156173910432619,-0.011722236083343,0.01484775));
#4607=CARTESIAN_POINT('',(-0.0231556999923343,-0.00346107559120879,0.01884775));
#4608=CARTESIAN_POINT('',(0.0109570492901898,0.0211065009935655,-0.00615225));
#4609=CARTESIAN_POINT('',(0.0142036691758469,0.0213666731328744,-0.00615225));
#4610=CARTESIAN_POINT('',(0.0144843156596977,0.0217120841899214,-0.00615225));
#4611=CARTESIAN_POINT('',(0.00619744303565978,0.0253535342668385,-0.00615225));
#4612=CARTESIAN_POINT('',(0.0253866600415419,0.0060603211082565,-0.00615225));
#4613=CARTESIAN_POINT('',(0.0181289212789586,0.0140140074234163,-0.00615225));
#4614=CARTESIAN_POINT('',(0.0180066277764166,0.0182767692699115,-0.00615225));
#4615=CARTESIAN_POINT('',(0.0182872742602673,0.0186221803269586,-0.00615225));
#4616=CARTESIAN_POINT('',(0.022047671947174,0.00245,-0.00615225));
#4617=CARTESIAN_POINT('',(0.0102101665020704,0.00245,-0.00615225));
#4618=CARTESIAN_POINT('',(0.00833993499747699,0.0063793012342935,-0.00615225));
#4619=CARTESIAN_POINT('',(0.0117963308241531,0.0106333268671256,-0.00615225));
#4620=CARTESIAN_POINT('',(0.0145093629981016,0.0107111604921342,-0.00615225));
#4621=CARTESIAN_POINT('',(0.00799337222358337,0.0137232307300885,-0.00615225));
#4622=CARTESIAN_POINT('',(0.00769468993903929,0.0174504086172762,-0.00615225));
#4623=CARTESIAN_POINT('',(0.00245,0.0221302857936497,-0.00615225));
#4624=CARTESIAN_POINT('',(0.00245,0.0102101665020704,-0.00615225));
#4625=CARTESIAN_POINT('',(0.00453697639690729,0.00946920509725638,-0.00615225));
#4626=CARTESIAN_POINT('',(-0.00453697639690729,0.00946920509725638,-0.00615225));
#4627=CARTESIAN_POINT('',(-0.00245,0.0102101665020704,-0.00615225));
#4628=CARTESIAN_POINT('',(-0.00799337222358337,0.0137232307300885,-0.00615225));
#4629=CARTESIAN_POINT('',(-0.00769468993903929,0.0174504086172762,-0.00615225));
#4630=CARTESIAN_POINT('',(-0.00245,0.0221302857936497,-0.00615225));
#4631=CARTESIAN_POINT('',(-0.0109570492901898,0.0211065009935655,-0.00615225));
#4632=CARTESIAN_POINT('',(-0.00619744303565979,0.0253535342668385,-0.00615225));
#4633=CARTESIAN_POINT('',(-0.0142036691758469,0.0213666731328744,-0.00615225));
#4634=CARTESIAN_POINT('',(-0.0144843156596977,0.0217120841899214,-0.00615225));
#4635=CARTESIAN_POINT('',(-0.0253866600415419,0.00606032110825649,-0.00615225));
#4636=CARTESIAN_POINT('',(-0.0181289212789586,0.0140140074234163,-0.00615225));
#4637=CARTESIAN_POINT('',(-0.0180066277764166,0.0182767692699115,-0.00615225));
#4638=CARTESIAN_POINT('',(-0.0182872742602673,0.0186221803269586,-0.00615225));
#4639=CARTESIAN_POINT('',(-0.0102101665020704,0.00245,-0.00615225));
#4640=CARTESIAN_POINT('',(-0.00833993499747699,0.0063793012342935,-0.00615225));
#4641=CARTESIAN_POINT('',(-0.0117963308241531,0.0106333268671256,-0.00615225));
#4642=CARTESIAN_POINT('',(-0.0145093629981016,0.0107111604921342,-0.00615225));
#4643=CARTESIAN_POINT('',(-0.022047671947174,0.00245,-0.00615225));
#4644=CARTESIAN_POINT('',(-0.0105,-0.0105,-0.00615225));
#4645=CARTESIAN_POINT('',(-0.0145093629981016,-0.0107111604921342,-0.00615225));
#4646=CARTESIAN_POINT('',(-0.022047671947174,-0.00245,-0.00615225));
#4647=CARTESIAN_POINT('',(-0.0105,-0.00245,-0.00615225));
#4648=CARTESIAN_POINT('',(-0.0194836540789054,-0.017366554745647,-0.00615225));
#4649=CARTESIAN_POINT('',(-0.0184572333800185,-0.016684546445475,-0.00615225));
#4650=CARTESIAN_POINT('',(-0.0181289212789586,-0.0140140074234163,-0.00615225));
#4651=CARTESIAN_POINT('',(-0.0253866600415419,-0.00606032110825647,-0.00615225));
#4652=CARTESIAN_POINT('',(-0.00245,-0.0262101665020704,-0.00615225));
#4653=CARTESIAN_POINT('',(-0.000954240183002669,-0.0260974608240585,0.01684775));
#4654=CARTESIAN_POINT('',(-0.00245,-0.0259847551460467,-0.00615225));
#4655=CARTESIAN_POINT('',(-0.0157805275558892,-0.020789058421627,-0.00615225));
#4656=CARTESIAN_POINT('',(-0.0157454602647304,-0.0207657578552406,-0.00615225));
#4657=CARTESIAN_POINT('',(-0.00894427190999916,-0.0215,-0.00615225));
#4658=CARTESIAN_POINT('',(0.022047671947174,-0.00245,-0.00615225));
#4659=CARTESIAN_POINT('',(0.0105,-0.00245,-0.00615225));
#4660=CARTESIAN_POINT('',(0.0145093629981016,-0.0107111604921342,-0.00615225));
#4661=CARTESIAN_POINT('',(0.0105,-0.0105,-0.00615225));
#4662=CARTESIAN_POINT('',(0.00245,-0.0262101665020704,-0.00615225));
#4663=CARTESIAN_POINT('',(0.000954240183002668,-0.0260974608240585,0.01684775));
#4664=CARTESIAN_POINT('',(0.00245,-0.0259847551460467,-0.00615225));
#4665=CARTESIAN_POINT('',(0.00894427190999916,-0.0215,-0.00615225));
#4666=CARTESIAN_POINT('',(0.0157805275558892,-0.020789058421627,-0.00615225));
#4667=CARTESIAN_POINT('',(0.0157454602647304,-0.0207657578552406,-0.00615225));
#4668=CARTESIAN_POINT('',(0.0194836540789054,-0.017366554745647,-0.00615225));
#4669=CARTESIAN_POINT('',(0.0184572333800185,-0.016684546445475,-0.00615225));
#4670=CARTESIAN_POINT('',(0.0181289212789586,-0.0140140074234163,-0.00615225));
#4671=CARTESIAN_POINT('',(0.0253866600415419,-0.0060603211082565,-0.00615225));
#4672=MECHANICAL_DESIGN_GEOMETRIC_PRESENTATION_REPRESENTATION('',(#2679),
#4673);
#4673=(
GEOMETRIC_REPRESENTATION_CONTEXT(3)
GLOBAL_UNCERTAINTY_ASSIGNED_CONTEXT((#4674))
GLOBAL_UNIT_ASSIGNED_CONTEXT((#4677,#4676,#4675))
REPRESENTATION_CONTEXT('Pod Roof','TOP_LEVEL_ASSEMBLY_PART')
);
#4674=UNCERTAINTY_MEASURE_WITH_UNIT(LENGTH_MEASURE(1.E-8),#4677,
'DISTANCE_ACCURACY_VALUE','Maximum Tolerance applied to model');
#4675=(
NAMED_UNIT(*)
SI_UNIT($,.STERADIAN.)
SOLID_ANGLE_UNIT()
);
#4676=(
NAMED_UNIT(*)
PLANE_ANGLE_UNIT()
SI_UNIT($,.RADIAN.)
);
#4677=(
LENGTH_UNIT()
NAMED_UNIT(*)
SI_UNIT($,.METRE.)
);
#4678=PRODUCT_DEFINITION_SHAPE('','',#4679);
#4679=PRODUCT_DEFINITION('','',#4681,#4680);
#4680=PRODUCT_DEFINITION_CONTEXT('',#4687,'design');
#4681=PRODUCT_DEFINITION_FORMATION_WITH_SPECIFIED_SOURCE('','',#4683,
 .NOT_KNOWN.);
#4682=PRODUCT_RELATED_PRODUCT_CATEGORY('','',(#4683));
#4683=PRODUCT('Pod Roof','Pod Roof','Pod Roof',(#4685));
#4684=PRODUCT_CATEGORY('','');
#4685=PRODUCT_CONTEXT('',#4687,'mechanical');
#4686=APPLICATION_PROTOCOL_DEFINITION('international standard',
'ap242_managed_model_based_3d_engineering',2020,#4687);
#4687=APPLICATION_CONTEXT('managed model based 3d engineering');
ENDSEC;
END-ISO-10303-21;
