ISO-10303-21;
HEADER;
/* Generated by software containing ST-Developer
 * from STEP Tools, Inc. (www.steptools.com) 
 */
/* OPTION: using custom renumber hook */

FILE_DESCRIPTION(
/* description */ ('STEP AP242 Edition 2',
'CAx-IF Rec.Pracs.---Representation and Presentation of Product Manufa
cturing Information (PMI)---4.0---2014-10-13',
'CAx-IF Rec.Pracs.---3D Tessellated Geometry---0.4---2014-09-14','2;1',
'CAx-IF Rec.Pracs.---User Defined Attributes---1.5---2016-08-15'),
/* implementation_level */ '2;1');

FILE_NAME(
/* name */ 'Assembly 1 - Pod Pulley',
/* time_stamp */ '2026-08-06T04:34:45Z',
/* author */ (''),
/* organization */ (''),
/* preprocessor_version */ 'ST-DEVELOPER v20',
/* originating_system */ 'ONSHAPE BY PTC INC, 1.218',
/* authorisation */ '  ');

FILE_SCHEMA (('AP242_MANAGED_MODEL_BASED_3D_ENGINEERING_MIM_LF { 1 0 10303 442 3 1 4 }'));
ENDSEC;

DATA;
#10=SHAPE_REPRESENTATION_RELATIONSHIP('','',#7777,#11);
#11=ADVANCED_BREP_SHAPE_REPRESENTATION('',(#7775),#13969);
#12=CONICAL_SURFACE('',#8875,0.0280761247565412,0.785398163397449);
#13=CONICAL_SURFACE('',#8876,0.0280761247565412,0.785398163397449);
#14=CYLINDRICAL_SURFACE('',#8443,0.0280761247565412);
#15=CYLINDRICAL_SURFACE('',#8446,0.00043);
#16=CYLINDRICAL_SURFACE('',#8447,0.00043);
#17=CYLINDRICAL_SURFACE('',#8448,0.00043);
#18=CYLINDRICAL_SURFACE('',#8449,0.00043);
#19=CYLINDRICAL_SURFACE('',#8452,0.00157131447342628);
#20=CYLINDRICAL_SURFACE('',#8453,0.0260161247558126);
#21=CYLINDRICAL_SURFACE('',#8454,0.00157131447342628);
#22=CYLINDRICAL_SURFACE('',#8455,0.0280761247565412);
#23=CYLINDRICAL_SURFACE('',#8458,0.00043);
#24=CYLINDRICAL_SURFACE('',#8459,0.00043);
#25=CYLINDRICAL_SURFACE('',#8460,0.00043);
#26=CYLINDRICAL_SURFACE('',#8461,0.00043);
#27=CYLINDRICAL_SURFACE('',#8464,0.00157131447342628);
#28=CYLINDRICAL_SURFACE('',#8465,0.0260161247558126);
#29=CYLINDRICAL_SURFACE('',#8466,0.00157131447342628);
#30=CYLINDRICAL_SURFACE('',#8467,0.0280761247565412);
#31=CYLINDRICAL_SURFACE('',#8470,0.00043);
#32=CYLINDRICAL_SURFACE('',#8471,0.00043);
#33=CYLINDRICAL_SURFACE('',#8472,0.00043);
#34=CYLINDRICAL_SURFACE('',#8473,0.00043);
#35=CYLINDRICAL_SURFACE('',#8476,0.00157131447342628);
#36=CYLINDRICAL_SURFACE('',#8477,0.0260161247558126);
#37=CYLINDRICAL_SURFACE('',#8478,0.00157131447342628);
#38=CYLINDRICAL_SURFACE('',#8479,0.0280761247565412);
#39=CYLINDRICAL_SURFACE('',#8482,0.00043);
#40=CYLINDRICAL_SURFACE('',#8483,0.00043);
#41=CYLINDRICAL_SURFACE('',#8484,0.00043);
#42=CYLINDRICAL_SURFACE('',#8485,0.00043);
#43=CYLINDRICAL_SURFACE('',#8488,0.00157131447342628);
#44=CYLINDRICAL_SURFACE('',#8489,0.0260161247558126);
#45=CYLINDRICAL_SURFACE('',#8490,0.00157131447342628);
#46=CYLINDRICAL_SURFACE('',#8491,0.0280761247565412);
#47=CYLINDRICAL_SURFACE('',#8494,0.00043);
#48=CYLINDRICAL_SURFACE('',#8495,0.00043);
#49=CYLINDRICAL_SURFACE('',#8496,0.00043);
#50=CYLINDRICAL_SURFACE('',#8497,0.00043);
#51=CYLINDRICAL_SURFACE('',#8500,0.00157131447342628);
#52=CYLINDRICAL_SURFACE('',#8501,0.0260161247558126);
#53=CYLINDRICAL_SURFACE('',#8502,0.00157131447342628);
#54=CYLINDRICAL_SURFACE('',#8503,0.0280761247565412);
#55=CYLINDRICAL_SURFACE('',#8506,0.00043);
#56=CYLINDRICAL_SURFACE('',#8507,0.00043);
#57=CYLINDRICAL_SURFACE('',#8508,0.00043);
#58=CYLINDRICAL_SURFACE('',#8509,0.00043);
#59=CYLINDRICAL_SURFACE('',#8512,0.00157131447342628);
#60=CYLINDRICAL_SURFACE('',#8513,0.0260161247558126);
#61=CYLINDRICAL_SURFACE('',#8514,0.00157131447342628);
#62=CYLINDRICAL_SURFACE('',#8515,0.0280761247565412);
#63=CYLINDRICAL_SURFACE('',#8518,0.00043);
#64=CYLINDRICAL_SURFACE('',#8519,0.00043);
#65=CYLINDRICAL_SURFACE('',#8520,0.00043);
#66=CYLINDRICAL_SURFACE('',#8521,0.00043);
#67=CYLINDRICAL_SURFACE('',#8524,0.00157131447342628);
#68=CYLINDRICAL_SURFACE('',#8525,0.0260161247558126);
#69=CYLINDRICAL_SURFACE('',#8526,0.00157131447342628);
#70=CYLINDRICAL_SURFACE('',#8527,0.0280761247565412);
#71=CYLINDRICAL_SURFACE('',#8530,0.00043);
#72=CYLINDRICAL_SURFACE('',#8531,0.00043);
#73=CYLINDRICAL_SURFACE('',#8532,0.00043);
#74=CYLINDRICAL_SURFACE('',#8533,0.00043);
#75=CYLINDRICAL_SURFACE('',#8536,0.00157131447342628);
#76=CYLINDRICAL_SURFACE('',#8537,0.0260161247558126);
#77=CYLINDRICAL_SURFACE('',#8538,0.00157131447342628);
#78=CYLINDRICAL_SURFACE('',#8539,0.0280761247565412);
#79=CYLINDRICAL_SURFACE('',#8542,0.00043);
#80=CYLINDRICAL_SURFACE('',#8543,0.00043);
#81=CYLINDRICAL_SURFACE('',#8544,0.00043);
#82=CYLINDRICAL_SURFACE('',#8545,0.00043);
#83=CYLINDRICAL_SURFACE('',#8548,0.00157131447342628);
#84=CYLINDRICAL_SURFACE('',#8549,0.0260161247558126);
#85=CYLINDRICAL_SURFACE('',#8550,0.00157131447342628);
#86=CYLINDRICAL_SURFACE('',#8551,0.0280761247565412);
#87=CYLINDRICAL_SURFACE('',#8554,0.00043);
#88=CYLINDRICAL_SURFACE('',#8555,0.00043);
#89=CYLINDRICAL_SURFACE('',#8556,0.00043);
#90=CYLINDRICAL_SURFACE('',#8557,0.00043);
#91=CYLINDRICAL_SURFACE('',#8560,0.00157131447342628);
#92=CYLINDRICAL_SURFACE('',#8561,0.0260161247558126);
#93=CYLINDRICAL_SURFACE('',#8562,0.00157131447342628);
#94=CYLINDRICAL_SURFACE('',#8563,0.0280761247565412);
#95=CYLINDRICAL_SURFACE('',#8566,0.00043);
#96=CYLINDRICAL_SURFACE('',#8567,0.00043);
#97=CYLINDRICAL_SURFACE('',#8568,0.00043);
#98=CYLINDRICAL_SURFACE('',#8569,0.00043);
#99=CYLINDRICAL_SURFACE('',#8572,0.00157131447342628);
#100=CYLINDRICAL_SURFACE('',#8573,0.0260161247558126);
#101=CYLINDRICAL_SURFACE('',#8574,0.00157131447342628);
#102=CYLINDRICAL_SURFACE('',#8575,0.0280761247565412);
#103=CYLINDRICAL_SURFACE('',#8578,0.00043);
#104=CYLINDRICAL_SURFACE('',#8579,0.00043);
#105=CYLINDRICAL_SURFACE('',#8580,0.00043);
#106=CYLINDRICAL_SURFACE('',#8581,0.00043);
#107=CYLINDRICAL_SURFACE('',#8584,0.00157131447342628);
#108=CYLINDRICAL_SURFACE('',#8585,0.0260161247558126);
#109=CYLINDRICAL_SURFACE('',#8586,0.00157131447342628);
#110=CYLINDRICAL_SURFACE('',#8587,0.0280761247565412);
#111=CYLINDRICAL_SURFACE('',#8590,0.00043);
#112=CYLINDRICAL_SURFACE('',#8591,0.00043);
#113=CYLINDRICAL_SURFACE('',#8592,0.00043);
#114=CYLINDRICAL_SURFACE('',#8593,0.00043);
#115=CYLINDRICAL_SURFACE('',#8596,0.00157131447342628);
#116=CYLINDRICAL_SURFACE('',#8597,0.0260161247558126);
#117=CYLINDRICAL_SURFACE('',#8598,0.00157131447342628);
#118=CYLINDRICAL_SURFACE('',#8599,0.0280761247565412);
#119=CYLINDRICAL_SURFACE('',#8602,0.00043);
#120=CYLINDRICAL_SURFACE('',#8603,0.00043);
#121=CYLINDRICAL_SURFACE('',#8604,0.00043);
#122=CYLINDRICAL_SURFACE('',#8605,0.00043);
#123=CYLINDRICAL_SURFACE('',#8608,0.00157131447342628);
#124=CYLINDRICAL_SURFACE('',#8609,0.0260161247558126);
#125=CYLINDRICAL_SURFACE('',#8610,0.00157131447342628);
#126=CYLINDRICAL_SURFACE('',#8611,0.0280761247565412);
#127=CYLINDRICAL_SURFACE('',#8614,0.00043);
#128=CYLINDRICAL_SURFACE('',#8615,0.00043);
#129=CYLINDRICAL_SURFACE('',#8616,0.00043);
#130=CYLINDRICAL_SURFACE('',#8617,0.00043);
#131=CYLINDRICAL_SURFACE('',#8620,0.00157131447342628);
#132=CYLINDRICAL_SURFACE('',#8621,0.0260161247558126);
#133=CYLINDRICAL_SURFACE('',#8622,0.00157131447342628);
#134=CYLINDRICAL_SURFACE('',#8623,0.0280761247565412);
#135=CYLINDRICAL_SURFACE('',#8626,0.00043);
#136=CYLINDRICAL_SURFACE('',#8627,0.00043);
#137=CYLINDRICAL_SURFACE('',#8628,0.00043);
#138=CYLINDRICAL_SURFACE('',#8629,0.00043);
#139=CYLINDRICAL_SURFACE('',#8632,0.00157131447342628);
#140=CYLINDRICAL_SURFACE('',#8633,0.0260161247558126);
#141=CYLINDRICAL_SURFACE('',#8634,0.00157131447342628);
#142=CYLINDRICAL_SURFACE('',#8635,0.0280761247565412);
#143=CYLINDRICAL_SURFACE('',#8638,0.00043);
#144=CYLINDRICAL_SURFACE('',#8639,0.00043);
#145=CYLINDRICAL_SURFACE('',#8640,0.00043);
#146=CYLINDRICAL_SURFACE('',#8641,0.00043);
#147=CYLINDRICAL_SURFACE('',#8644,0.00157131447342628);
#148=CYLINDRICAL_SURFACE('',#8645,0.0260161247558126);
#149=CYLINDRICAL_SURFACE('',#8646,0.00157131447342628);
#150=CYLINDRICAL_SURFACE('',#8647,0.0280761247565412);
#151=CYLINDRICAL_SURFACE('',#8650,0.00043);
#152=CYLINDRICAL_SURFACE('',#8651,0.00043);
#153=CYLINDRICAL_SURFACE('',#8652,0.00043);
#154=CYLINDRICAL_SURFACE('',#8653,0.00043);
#155=CYLINDRICAL_SURFACE('',#8656,0.00157131447342628);
#156=CYLINDRICAL_SURFACE('',#8657,0.0260161247558126);
#157=CYLINDRICAL_SURFACE('',#8658,0.00157131447342628);
#158=CYLINDRICAL_SURFACE('',#8659,0.0280761247565412);
#159=CYLINDRICAL_SURFACE('',#8662,0.00043);
#160=CYLINDRICAL_SURFACE('',#8663,0.00043);
#161=CYLINDRICAL_SURFACE('',#8664,0.00043);
#162=CYLINDRICAL_SURFACE('',#8665,0.00043);
#163=CYLINDRICAL_SURFACE('',#8668,0.00157131447342628);
#164=CYLINDRICAL_SURFACE('',#8669,0.0260161247558126);
#165=CYLINDRICAL_SURFACE('',#8670,0.00157131447342628);
#166=CYLINDRICAL_SURFACE('',#8671,0.0280761247565412);
#167=CYLINDRICAL_SURFACE('',#8674,0.00043);
#168=CYLINDRICAL_SURFACE('',#8675,0.00043);
#169=CYLINDRICAL_SURFACE('',#8676,0.00043);
#170=CYLINDRICAL_SURFACE('',#8677,0.00043);
#171=CYLINDRICAL_SURFACE('',#8680,0.00157131447342628);
#172=CYLINDRICAL_SURFACE('',#8681,0.0260161247558126);
#173=CYLINDRICAL_SURFACE('',#8682,0.00157131447342628);
#174=CYLINDRICAL_SURFACE('',#8683,0.0280761247565412);
#175=CYLINDRICAL_SURFACE('',#8686,0.00043);
#176=CYLINDRICAL_SURFACE('',#8687,0.00043);
#177=CYLINDRICAL_SURFACE('',#8688,0.00043);
#178=CYLINDRICAL_SURFACE('',#8689,0.00043);
#179=CYLINDRICAL_SURFACE('',#8692,0.00157131447342628);
#180=CYLINDRICAL_SURFACE('',#8693,0.0260161247558126);
#181=CYLINDRICAL_SURFACE('',#8694,0.00157131447342628);
#182=CYLINDRICAL_SURFACE('',#8695,0.0280761247565412);
#183=CYLINDRICAL_SURFACE('',#8698,0.00043);
#184=CYLINDRICAL_SURFACE('',#8699,0.00043);
#185=CYLINDRICAL_SURFACE('',#8700,0.00043);
#186=CYLINDRICAL_SURFACE('',#8701,0.00043);
#187=CYLINDRICAL_SURFACE('',#8704,0.00157131447342628);
#188=CYLINDRICAL_SURFACE('',#8705,0.0260161247558126);
#189=CYLINDRICAL_SURFACE('',#8706,0.00157131447342628);
#190=CYLINDRICAL_SURFACE('',#8707,0.0280761247565412);
#191=CYLINDRICAL_SURFACE('',#8710,0.00043);
#192=CYLINDRICAL_SURFACE('',#8711,0.00043);
#193=CYLINDRICAL_SURFACE('',#8712,0.00043);
#194=CYLINDRICAL_SURFACE('',#8713,0.00043);
#195=CYLINDRICAL_SURFACE('',#8716,0.00157131447342628);
#196=CYLINDRICAL_SURFACE('',#8717,0.0260161247558126);
#197=CYLINDRICAL_SURFACE('',#8718,0.00157131447342628);
#198=CYLINDRICAL_SURFACE('',#8719,0.0280761247565412);
#199=CYLINDRICAL_SURFACE('',#8722,0.00043);
#200=CYLINDRICAL_SURFACE('',#8723,0.00043);
#201=CYLINDRICAL_SURFACE('',#8724,0.00043);
#202=CYLINDRICAL_SURFACE('',#8725,0.00043);
#203=CYLINDRICAL_SURFACE('',#8728,0.00157131447342628);
#204=CYLINDRICAL_SURFACE('',#8729,0.0260161247558126);
#205=CYLINDRICAL_SURFACE('',#8730,0.00157131447342628);
#206=CYLINDRICAL_SURFACE('',#8731,0.0280761247565412);
#207=CYLINDRICAL_SURFACE('',#8734,0.00043);
#208=CYLINDRICAL_SURFACE('',#8735,0.00043);
#209=CYLINDRICAL_SURFACE('',#8736,0.00043);
#210=CYLINDRICAL_SURFACE('',#8737,0.00043);
#211=CYLINDRICAL_SURFACE('',#8740,0.00157131447342628);
#212=CYLINDRICAL_SURFACE('',#8741,0.0260161247558126);
#213=CYLINDRICAL_SURFACE('',#8742,0.00157131447342628);
#214=CYLINDRICAL_SURFACE('',#8743,0.0280761247565412);
#215=CYLINDRICAL_SURFACE('',#8746,0.00043);
#216=CYLINDRICAL_SURFACE('',#8747,0.00043);
#217=CYLINDRICAL_SURFACE('',#8748,0.00043);
#218=CYLINDRICAL_SURFACE('',#8749,0.00043);
#219=CYLINDRICAL_SURFACE('',#8752,0.00157131447342628);
#220=CYLINDRICAL_SURFACE('',#8753,0.0260161247558126);
#221=CYLINDRICAL_SURFACE('',#8754,0.00157131447342628);
#222=CYLINDRICAL_SURFACE('',#8755,0.0280761247565412);
#223=CYLINDRICAL_SURFACE('',#8758,0.00043);
#224=CYLINDRICAL_SURFACE('',#8759,0.00043);
#225=CYLINDRICAL_SURFACE('',#8760,0.00043);
#226=CYLINDRICAL_SURFACE('',#8761,0.00043);
#227=CYLINDRICAL_SURFACE('',#8764,0.00157131447342628);
#228=CYLINDRICAL_SURFACE('',#8765,0.0260161247558126);
#229=CYLINDRICAL_SURFACE('',#8766,0.00157131447342628);
#230=CYLINDRICAL_SURFACE('',#8767,0.0280761247565412);
#231=CYLINDRICAL_SURFACE('',#8770,0.00043);
#232=CYLINDRICAL_SURFACE('',#8771,0.00043);
#233=CYLINDRICAL_SURFACE('',#8772,0.00043);
#234=CYLINDRICAL_SURFACE('',#8773,0.00043);
#235=CYLINDRICAL_SURFACE('',#8776,0.00157131447342628);
#236=CYLINDRICAL_SURFACE('',#8777,0.0260161247558126);
#237=CYLINDRICAL_SURFACE('',#8778,0.00157131447342628);
#238=CYLINDRICAL_SURFACE('',#8779,0.0280761247565412);
#239=CYLINDRICAL_SURFACE('',#8782,0.00043);
#240=CYLINDRICAL_SURFACE('',#8783,0.00043);
#241=CYLINDRICAL_SURFACE('',#8784,0.00043);
#242=CYLINDRICAL_SURFACE('',#8785,0.00043);
#243=CYLINDRICAL_SURFACE('',#8788,0.00157131447342628);
#244=CYLINDRICAL_SURFACE('',#8789,0.0260161247558126);
#245=CYLINDRICAL_SURFACE('',#8790,0.00157131447342628);
#246=CYLINDRICAL_SURFACE('',#8791,0.0280761247565412);
#247=CYLINDRICAL_SURFACE('',#8794,0.00043);
#248=CYLINDRICAL_SURFACE('',#8795,0.00043);
#249=CYLINDRICAL_SURFACE('',#8796,0.00043);
#250=CYLINDRICAL_SURFACE('',#8797,0.00043);
#251=CYLINDRICAL_SURFACE('',#8800,0.00157131447342628);
#252=CYLINDRICAL_SURFACE('',#8801,0.0260161247558126);
#253=CYLINDRICAL_SURFACE('',#8802,0.00157131447342628);
#254=CYLINDRICAL_SURFACE('',#8803,0.0280761247565412);
#255=CYLINDRICAL_SURFACE('',#8806,0.00043);
#256=CYLINDRICAL_SURFACE('',#8807,0.00043);
#257=CYLINDRICAL_SURFACE('',#8808,0.00043);
#258=CYLINDRICAL_SURFACE('',#8809,0.00043);
#259=CYLINDRICAL_SURFACE('',#8812,0.00157131447342628);
#260=CYLINDRICAL_SURFACE('',#8813,0.0260161247558126);
#261=CYLINDRICAL_SURFACE('',#8814,0.00157131447342628);
#262=CYLINDRICAL_SURFACE('',#8815,0.0280761247565412);
#263=CYLINDRICAL_SURFACE('',#8818,0.00043);
#264=CYLINDRICAL_SURFACE('',#8819,0.00043);
#265=CYLINDRICAL_SURFACE('',#8820,0.00043);
#266=CYLINDRICAL_SURFACE('',#8821,0.00043);
#267=CYLINDRICAL_SURFACE('',#8824,0.00157131447342628);
#268=CYLINDRICAL_SURFACE('',#8825,0.0260161247558126);
#269=CYLINDRICAL_SURFACE('',#8826,0.00157131447342628);
#270=CYLINDRICAL_SURFACE('',#8827,0.0280761247565412);
#271=CYLINDRICAL_SURFACE('',#8830,0.00043);
#272=CYLINDRICAL_SURFACE('',#8831,0.00043);
#273=CYLINDRICAL_SURFACE('',#8832,0.00043);
#274=CYLINDRICAL_SURFACE('',#8833,0.00043);
#275=CYLINDRICAL_SURFACE('',#8836,0.00157131447342628);
#276=CYLINDRICAL_SURFACE('',#8837,0.0260161247558126);
#277=CYLINDRICAL_SURFACE('',#8838,0.00157131447342628);
#278=CYLINDRICAL_SURFACE('',#8839,0.0280761247565412);
#279=CYLINDRICAL_SURFACE('',#8842,0.00043);
#280=CYLINDRICAL_SURFACE('',#8843,0.00043);
#281=CYLINDRICAL_SURFACE('',#8844,0.00043);
#282=CYLINDRICAL_SURFACE('',#8845,0.00043);
#283=CYLINDRICAL_SURFACE('',#8848,0.00157131447342628);
#284=CYLINDRICAL_SURFACE('',#8849,0.0260161247558126);
#285=CYLINDRICAL_SURFACE('',#8850,0.00157131447342628);
#286=CYLINDRICAL_SURFACE('',#8851,0.0280761247565412);
#287=CYLINDRICAL_SURFACE('',#8854,0.00043);
#288=CYLINDRICAL_SURFACE('',#8855,0.00043);
#289=CYLINDRICAL_SURFACE('',#8856,0.00043);
#290=CYLINDRICAL_SURFACE('',#8857,0.00043);
#291=CYLINDRICAL_SURFACE('',#8860,0.00157131447342628);
#292=CYLINDRICAL_SURFACE('',#8861,0.0260161247558126);
#293=CYLINDRICAL_SURFACE('',#8862,0.00157131447342628);
#294=CYLINDRICAL_SURFACE('',#8863,0.0280761247565412);
#295=CYLINDRICAL_SURFACE('',#8868,0.00157131447342628);
#296=CYLINDRICAL_SURFACE('',#8869,0.0260161247558126);
#297=CYLINDRICAL_SURFACE('',#8870,0.00157131447342628);
#298=CYLINDRICAL_SURFACE('',#8871,0.00043);
#299=CYLINDRICAL_SURFACE('',#8872,0.00043);
#300=CYLINDRICAL_SURFACE('',#8873,0.00043);
#301=CYLINDRICAL_SURFACE('',#8874,0.00043);
#302=CYLINDRICAL_SURFACE('',#8878,0.0095);
#303=CYLINDRICAL_SURFACE('',#8880,0.0095);
#304=CYLINDRICAL_SURFACE('',#8881,0.00225);
#305=CYLINDRICAL_SURFACE('',#8882,0.00225);
#306=CYLINDRICAL_SURFACE('',#8883,0.00225);
#307=CYLINDRICAL_SURFACE('',#8884,0.00225);
#308=LINE('',#11626,#820);
#309=LINE('',#11630,#821);
#310=LINE('',#11645,#822);
#311=LINE('',#11649,#823);
#312=LINE('',#11656,#824);
#313=LINE('',#11668,#825);
#314=LINE('',#11677,#826);
#315=LINE('',#11689,#827);
#316=LINE('',#11698,#828);
#317=LINE('',#11710,#829);
#318=LINE('',#11719,#830);
#319=LINE('',#11731,#831);
#320=LINE('',#11740,#832);
#321=LINE('',#11752,#833);
#322=LINE('',#11761,#834);
#323=LINE('',#11773,#835);
#324=LINE('',#11782,#836);
#325=LINE('',#11794,#837);
#326=LINE('',#11803,#838);
#327=LINE('',#11815,#839);
#328=LINE('',#11824,#840);
#329=LINE('',#11836,#841);
#330=LINE('',#11845,#842);
#331=LINE('',#11857,#843);
#332=LINE('',#11866,#844);
#333=LINE('',#11878,#845);
#334=LINE('',#11887,#846);
#335=LINE('',#11899,#847);
#336=LINE('',#11908,#848);
#337=LINE('',#11920,#849);
#338=LINE('',#11929,#850);
#339=LINE('',#11941,#851);
#340=LINE('',#11950,#852);
#341=LINE('',#11962,#853);
#342=LINE('',#11971,#854);
#343=LINE('',#11983,#855);
#344=LINE('',#11992,#856);
#345=LINE('',#12004,#857);
#346=LINE('',#12013,#858);
#347=LINE('',#12025,#859);
#348=LINE('',#12034,#860);
#349=LINE('',#12046,#861);
#350=LINE('',#12055,#862);
#351=LINE('',#12067,#863);
#352=LINE('',#12076,#864);
#353=LINE('',#12088,#865);
#354=LINE('',#12097,#866);
#355=LINE('',#12109,#867);
#356=LINE('',#12118,#868);
#357=LINE('',#12130,#869);
#358=LINE('',#12139,#870);
#359=LINE('',#12151,#871);
#360=LINE('',#12160,#872);
#361=LINE('',#12172,#873);
#362=LINE('',#12181,#874);
#363=LINE('',#12193,#875);
#364=LINE('',#12202,#876);
#365=LINE('',#12214,#877);
#366=LINE('',#12223,#878);
#367=LINE('',#12235,#879);
#368=LINE('',#12244,#880);
#369=LINE('',#12256,#881);
#370=LINE('',#12265,#882);
#371=LINE('',#12277,#883);
#372=LINE('',#12286,#884);
#373=LINE('',#12298,#885);
#374=LINE('',#12307,#886);
#375=LINE('',#12319,#887);
#376=LINE('',#12328,#888);
#377=LINE('',#12340,#889);
#378=LINE('',#12349,#890);
#379=LINE('',#12361,#891);
#380=LINE('',#12370,#892);
#381=LINE('',#12382,#893);
#382=LINE('',#12391,#894);
#383=LINE('',#12403,#895);
#384=LINE('',#12412,#896);
#385=LINE('',#12424,#897);
#386=LINE('',#12433,#898);
#387=LINE('',#12445,#899);
#388=LINE('',#12454,#900);
#389=LINE('',#12466,#901);
#390=LINE('',#12475,#902);
#391=LINE('',#12487,#903);
#392=LINE('',#12496,#904);
#393=LINE('',#12508,#905);
#394=LINE('',#12517,#906);
#395=LINE('',#12529,#907);
#396=LINE('',#12538,#908);
#397=LINE('',#12550,#909);
#398=LINE('',#12559,#910);
#399=LINE('',#12571,#911);
#400=LINE('',#12580,#912);
#401=LINE('',#12592,#913);
#402=LINE('',#12601,#914);
#403=LINE('',#12613,#915);
#404=LINE('',#12622,#916);
#405=LINE('',#12634,#917);
#406=LINE('',#12643,#918);
#407=LINE('',#12655,#919);
#408=LINE('',#12664,#920);
#409=LINE('',#12676,#921);
#410=LINE('',#12685,#922);
#411=LINE('',#12697,#923);
#412=LINE('',#12706,#924);
#413=LINE('',#12718,#925);
#414=LINE('',#12727,#926);
#415=LINE('',#12739,#927);
#416=LINE('',#12748,#928);
#417=LINE('',#12760,#929);
#418=LINE('',#12769,#930);
#419=LINE('',#12781,#931);
#420=LINE('',#12790,#932);
#421=LINE('',#12802,#933);
#422=LINE('',#12811,#934);
#423=LINE('',#12823,#935);
#424=LINE('',#12832,#936);
#425=LINE('',#12844,#937);
#426=LINE('',#12853,#938);
#427=LINE('',#12865,#939);
#428=LINE('',#12874,#940);
#429=LINE('',#12886,#941);
#430=LINE('',#12895,#942);
#431=LINE('',#12907,#943);
#432=LINE('',#12916,#944);
#433=LINE('',#12928,#945);
#434=LINE('',#12937,#946);
#435=LINE('',#12949,#947);
#436=LINE('',#12958,#948);
#437=LINE('',#12970,#949);
#438=LINE('',#12979,#950);
#439=LINE('',#12991,#951);
#440=LINE('',#13000,#952);
#441=LINE('',#13012,#953);
#442=LINE('',#13021,#954);
#443=LINE('',#13033,#955);
#444=LINE('',#13042,#956);
#445=LINE('',#13054,#957);
#446=LINE('',#13063,#958);
#447=LINE('',#13075,#959);
#448=LINE('',#13084,#960);
#449=LINE('',#13096,#961);
#450=LINE('',#13105,#962);
#451=LINE('',#13117,#963);
#452=LINE('',#13126,#964);
#453=LINE('',#13138,#965);
#454=LINE('',#13147,#966);
#455=LINE('',#13159,#967);
#456=LINE('',#13164,#968);
#457=LINE('',#13166,#969);
#458=LINE('',#13168,#970);
#459=LINE('',#13169,#971);
#460=LINE('',#13171,#972);
#461=LINE('',#13172,#973);
#462=LINE('',#13174,#974);
#463=LINE('',#13176,#975);
#464=LINE('',#13177,#976);
#465=LINE('',#13179,#977);
#466=LINE('',#13181,#978);
#467=LINE('',#13187,#979);
#468=LINE('',#13189,#980);
#469=LINE('',#13191,#981);
#470=LINE('',#13192,#982);
#471=LINE('',#13194,#983);
#472=LINE('',#13195,#984);
#473=LINE('',#13197,#985);
#474=LINE('',#13199,#986);
#475=LINE('',#13201,#987);
#476=LINE('',#13203,#988);
#477=LINE('',#13209,#989);
#478=LINE('',#13211,#990);
#479=LINE('',#13213,#991);
#480=LINE('',#13214,#992);
#481=LINE('',#13216,#993);
#482=LINE('',#13217,#994);
#483=LINE('',#13219,#995);
#484=LINE('',#13221,#996);
#485=LINE('',#13223,#997);
#486=LINE('',#13225,#998);
#487=LINE('',#13231,#999);
#488=LINE('',#13233,#1000);
#489=LINE('',#13235,#1001);
#490=LINE('',#13236,#1002);
#491=LINE('',#13238,#1003);
#492=LINE('',#13239,#1004);
#493=LINE('',#13241,#1005);
#494=LINE('',#13243,#1006);
#495=LINE('',#13245,#1007);
#496=LINE('',#13247,#1008);
#497=LINE('',#13253,#1009);
#498=LINE('',#13255,#1010);
#499=LINE('',#13257,#1011);
#500=LINE('',#13258,#1012);
#501=LINE('',#13260,#1013);
#502=LINE('',#13261,#1014);
#503=LINE('',#13263,#1015);
#504=LINE('',#13265,#1016);
#505=LINE('',#13267,#1017);
#506=LINE('',#13269,#1018);
#507=LINE('',#13275,#1019);
#508=LINE('',#13277,#1020);
#509=LINE('',#13279,#1021);
#510=LINE('',#13280,#1022);
#511=LINE('',#13282,#1023);
#512=LINE('',#13283,#1024);
#513=LINE('',#13285,#1025);
#514=LINE('',#13287,#1026);
#515=LINE('',#13289,#1027);
#516=LINE('',#13291,#1028);
#517=LINE('',#13297,#1029);
#518=LINE('',#13299,#1030);
#519=LINE('',#13301,#1031);
#520=LINE('',#13302,#1032);
#521=LINE('',#13304,#1033);
#522=LINE('',#13305,#1034);
#523=LINE('',#13307,#1035);
#524=LINE('',#13309,#1036);
#525=LINE('',#13311,#1037);
#526=LINE('',#13313,#1038);
#527=LINE('',#13319,#1039);
#528=LINE('',#13321,#1040);
#529=LINE('',#13323,#1041);
#530=LINE('',#13324,#1042);
#531=LINE('',#13326,#1043);
#532=LINE('',#13327,#1044);
#533=LINE('',#13329,#1045);
#534=LINE('',#13331,#1046);
#535=LINE('',#13333,#1047);
#536=LINE('',#13335,#1048);
#537=LINE('',#13341,#1049);
#538=LINE('',#13343,#1050);
#539=LINE('',#13345,#1051);
#540=LINE('',#13346,#1052);
#541=LINE('',#13348,#1053);
#542=LINE('',#13349,#1054);
#543=LINE('',#13351,#1055);
#544=LINE('',#13353,#1056);
#545=LINE('',#13355,#1057);
#546=LINE('',#13357,#1058);
#547=LINE('',#13363,#1059);
#548=LINE('',#13365,#1060);
#549=LINE('',#13367,#1061);
#550=LINE('',#13368,#1062);
#551=LINE('',#13370,#1063);
#552=LINE('',#13371,#1064);
#553=LINE('',#13373,#1065);
#554=LINE('',#13375,#1066);
#555=LINE('',#13377,#1067);
#556=LINE('',#13379,#1068);
#557=LINE('',#13385,#1069);
#558=LINE('',#13387,#1070);
#559=LINE('',#13389,#1071);
#560=LINE('',#13390,#1072);
#561=LINE('',#13392,#1073);
#562=LINE('',#13393,#1074);
#563=LINE('',#13395,#1075);
#564=LINE('',#13397,#1076);
#565=LINE('',#13399,#1077);
#566=LINE('',#13401,#1078);
#567=LINE('',#13407,#1079);
#568=LINE('',#13409,#1080);
#569=LINE('',#13411,#1081);
#570=LINE('',#13412,#1082);
#571=LINE('',#13414,#1083);
#572=LINE('',#13415,#1084);
#573=LINE('',#13417,#1085);
#574=LINE('',#13419,#1086);
#575=LINE('',#13421,#1087);
#576=LINE('',#13423,#1088);
#577=LINE('',#13429,#1089);
#578=LINE('',#13431,#1090);
#579=LINE('',#13433,#1091);
#580=LINE('',#13434,#1092);
#581=LINE('',#13436,#1093);
#582=LINE('',#13437,#1094);
#583=LINE('',#13439,#1095);
#584=LINE('',#13441,#1096);
#585=LINE('',#13443,#1097);
#586=LINE('',#13445,#1098);
#587=LINE('',#13451,#1099);
#588=LINE('',#13453,#1100);
#589=LINE('',#13455,#1101);
#590=LINE('',#13456,#1102);
#591=LINE('',#13458,#1103);
#592=LINE('',#13459,#1104);
#593=LINE('',#13461,#1105);
#594=LINE('',#13463,#1106);
#595=LINE('',#13465,#1107);
#596=LINE('',#13467,#1108);
#597=LINE('',#13473,#1109);
#598=LINE('',#13475,#1110);
#599=LINE('',#13477,#1111);
#600=LINE('',#13478,#1112);
#601=LINE('',#13480,#1113);
#602=LINE('',#13481,#1114);
#603=LINE('',#13483,#1115);
#604=LINE('',#13485,#1116);
#605=LINE('',#13487,#1117);
#606=LINE('',#13489,#1118);
#607=LINE('',#13495,#1119);
#608=LINE('',#13497,#1120);
#609=LINE('',#13499,#1121);
#610=LINE('',#13500,#1122);
#611=LINE('',#13502,#1123);
#612=LINE('',#13503,#1124);
#613=LINE('',#13505,#1125);
#614=LINE('',#13507,#1126);
#615=LINE('',#13509,#1127);
#616=LINE('',#13511,#1128);
#617=LINE('',#13517,#1129);
#618=LINE('',#13519,#1130);
#619=LINE('',#13521,#1131);
#620=LINE('',#13522,#1132);
#621=LINE('',#13524,#1133);
#622=LINE('',#13525,#1134);
#623=LINE('',#13527,#1135);
#624=LINE('',#13529,#1136);
#625=LINE('',#13531,#1137);
#626=LINE('',#13533,#1138);
#627=LINE('',#13539,#1139);
#628=LINE('',#13541,#1140);
#629=LINE('',#13543,#1141);
#630=LINE('',#13544,#1142);
#631=LINE('',#13546,#1143);
#632=LINE('',#13547,#1144);
#633=LINE('',#13549,#1145);
#634=LINE('',#13551,#1146);
#635=LINE('',#13553,#1147);
#636=LINE('',#13555,#1148);
#637=LINE('',#13561,#1149);
#638=LINE('',#13563,#1150);
#639=LINE('',#13565,#1151);
#640=LINE('',#13566,#1152);
#641=LINE('',#13568,#1153);
#642=LINE('',#13569,#1154);
#643=LINE('',#13571,#1155);
#644=LINE('',#13573,#1156);
#645=LINE('',#13575,#1157);
#646=LINE('',#13577,#1158);
#647=LINE('',#13583,#1159);
#648=LINE('',#13585,#1160);
#649=LINE('',#13587,#1161);
#650=LINE('',#13588,#1162);
#651=LINE('',#13590,#1163);
#652=LINE('',#13591,#1164);
#653=LINE('',#13593,#1165);
#654=LINE('',#13595,#1166);
#655=LINE('',#13597,#1167);
#656=LINE('',#13599,#1168);
#657=LINE('',#13605,#1169);
#658=LINE('',#13607,#1170);
#659=LINE('',#13609,#1171);
#660=LINE('',#13610,#1172);
#661=LINE('',#13612,#1173);
#662=LINE('',#13613,#1174);
#663=LINE('',#13615,#1175);
#664=LINE('',#13617,#1176);
#665=LINE('',#13619,#1177);
#666=LINE('',#13621,#1178);
#667=LINE('',#13627,#1179);
#668=LINE('',#13629,#1180);
#669=LINE('',#13631,#1181);
#670=LINE('',#13632,#1182);
#671=LINE('',#13634,#1183);
#672=LINE('',#13635,#1184);
#673=LINE('',#13637,#1185);
#674=LINE('',#13639,#1186);
#675=LINE('',#13641,#1187);
#676=LINE('',#13643,#1188);
#677=LINE('',#13649,#1189);
#678=LINE('',#13651,#1190);
#679=LINE('',#13653,#1191);
#680=LINE('',#13654,#1192);
#681=LINE('',#13656,#1193);
#682=LINE('',#13657,#1194);
#683=LINE('',#13659,#1195);
#684=LINE('',#13661,#1196);
#685=LINE('',#13663,#1197);
#686=LINE('',#13665,#1198);
#687=LINE('',#13671,#1199);
#688=LINE('',#13673,#1200);
#689=LINE('',#13675,#1201);
#690=LINE('',#13676,#1202);
#691=LINE('',#13678,#1203);
#692=LINE('',#13679,#1204);
#693=LINE('',#13681,#1205);
#694=LINE('',#13683,#1206);
#695=LINE('',#13685,#1207);
#696=LINE('',#13687,#1208);
#697=LINE('',#13693,#1209);
#698=LINE('',#13695,#1210);
#699=LINE('',#13697,#1211);
#700=LINE('',#13698,#1212);
#701=LINE('',#13700,#1213);
#702=LINE('',#13701,#1214);
#703=LINE('',#13703,#1215);
#704=LINE('',#13705,#1216);
#705=LINE('',#13707,#1217);
#706=LINE('',#13709,#1218);
#707=LINE('',#13715,#1219);
#708=LINE('',#13717,#1220);
#709=LINE('',#13719,#1221);
#710=LINE('',#13720,#1222);
#711=LINE('',#13722,#1223);
#712=LINE('',#13723,#1224);
#713=LINE('',#13725,#1225);
#714=LINE('',#13727,#1226);
#715=LINE('',#13729,#1227);
#716=LINE('',#13731,#1228);
#717=LINE('',#13737,#1229);
#718=LINE('',#13739,#1230);
#719=LINE('',#13741,#1231);
#720=LINE('',#13742,#1232);
#721=LINE('',#13744,#1233);
#722=LINE('',#13745,#1234);
#723=LINE('',#13747,#1235);
#724=LINE('',#13749,#1236);
#725=LINE('',#13751,#1237);
#726=LINE('',#13753,#1238);
#727=LINE('',#13759,#1239);
#728=LINE('',#13761,#1240);
#729=LINE('',#13763,#1241);
#730=LINE('',#13764,#1242);
#731=LINE('',#13766,#1243);
#732=LINE('',#13767,#1244);
#733=LINE('',#13769,#1245);
#734=LINE('',#13771,#1246);
#735=LINE('',#13773,#1247);
#736=LINE('',#13775,#1248);
#737=LINE('',#13781,#1249);
#738=LINE('',#13783,#1250);
#739=LINE('',#13785,#1251);
#740=LINE('',#13786,#1252);
#741=LINE('',#13788,#1253);
#742=LINE('',#13789,#1254);
#743=LINE('',#13791,#1255);
#744=LINE('',#13793,#1256);
#745=LINE('',#13795,#1257);
#746=LINE('',#13797,#1258);
#747=LINE('',#13803,#1259);
#748=LINE('',#13805,#1260);
#749=LINE('',#13807,#1261);
#750=LINE('',#13808,#1262);
#751=LINE('',#13810,#1263);
#752=LINE('',#13811,#1264);
#753=LINE('',#13813,#1265);
#754=LINE('',#13815,#1266);
#755=LINE('',#13817,#1267);
#756=LINE('',#13819,#1268);
#757=LINE('',#13825,#1269);
#758=LINE('',#13827,#1270);
#759=LINE('',#13829,#1271);
#760=LINE('',#13830,#1272);
#761=LINE('',#13832,#1273);
#762=LINE('',#13833,#1274);
#763=LINE('',#13835,#1275);
#764=LINE('',#13837,#1276);
#765=LINE('',#13839,#1277);
#766=LINE('',#13841,#1278);
#767=LINE('',#13847,#1279);
#768=LINE('',#13849,#1280);
#769=LINE('',#13851,#1281);
#770=LINE('',#13852,#1282);
#771=LINE('',#13854,#1283);
#772=LINE('',#13855,#1284);
#773=LINE('',#13857,#1285);
#774=LINE('',#13859,#1286);
#775=LINE('',#13861,#1287);
#776=LINE('',#13863,#1288);
#777=LINE('',#13869,#1289);
#778=LINE('',#13871,#1290);
#779=LINE('',#13873,#1291);
#780=LINE('',#13874,#1292);
#781=LINE('',#13876,#1293);
#782=LINE('',#13877,#1294);
#783=LINE('',#13879,#1295);
#784=LINE('',#13881,#1296);
#785=LINE('',#13883,#1297);
#786=LINE('',#13885,#1298);
#787=LINE('',#13891,#1299);
#788=LINE('',#13893,#1300);
#789=LINE('',#13895,#1301);
#790=LINE('',#13896,#1302);
#791=LINE('',#13898,#1303);
#792=LINE('',#13899,#1304);
#793=LINE('',#13901,#1305);
#794=LINE('',#13903,#1306);
#795=LINE('',#13905,#1307);
#796=LINE('',#13907,#1308);
#797=LINE('',#13913,#1309);
#798=LINE('',#13915,#1310);
#799=LINE('',#13917,#1311);
#800=LINE('',#13918,#1312);
#801=LINE('',#13920,#1313);
#802=LINE('',#13921,#1314);
#803=LINE('',#13923,#1315);
#804=LINE('',#13925,#1316);
#805=LINE('',#13927,#1317);
#806=LINE('',#13929,#1318);
#807=LINE('',#13935,#1319);
#808=LINE('',#13938,#1320);
#809=LINE('',#13939,#1321);
#810=LINE('',#13941,#1322);
#811=LINE('',#13942,#1323);
#812=LINE('',#13944,#1324);
#813=LINE('',#13946,#1325);
#814=LINE('',#13947,#1326);
#815=LINE('',#13949,#1327);
#816=LINE('',#13957,#1328);
#817=LINE('',#13958,#1329);
#818=LINE('',#13960,#1330);
#819=LINE('',#13962,#1331);
#820=VECTOR('',#8901,1.);
#821=VECTOR('',#8904,1.);
#822=VECTOR('',#8919,1.);
#823=VECTOR('',#8922,1.);
#824=VECTOR('',#8929,1.);
#825=VECTOR('',#8940,1.);
#826=VECTOR('',#8949,1.);
#827=VECTOR('',#8960,1.);
#828=VECTOR('',#8969,1.);
#829=VECTOR('',#8980,1.);
#830=VECTOR('',#8989,1.);
#831=VECTOR('',#9000,1.);
#832=VECTOR('',#9009,1.);
#833=VECTOR('',#9020,1.);
#834=VECTOR('',#9029,1.);
#835=VECTOR('',#9040,1.);
#836=VECTOR('',#9049,1.);
#837=VECTOR('',#9060,1.);
#838=VECTOR('',#9069,1.);
#839=VECTOR('',#9080,1.);
#840=VECTOR('',#9089,1.);
#841=VECTOR('',#9100,1.);
#842=VECTOR('',#9109,1.);
#843=VECTOR('',#9120,1.);
#844=VECTOR('',#9129,1.);
#845=VECTOR('',#9140,1.);
#846=VECTOR('',#9149,1.);
#847=VECTOR('',#9160,1.);
#848=VECTOR('',#9169,1.);
#849=VECTOR('',#9180,1.);
#850=VECTOR('',#9189,1.);
#851=VECTOR('',#9200,1.);
#852=VECTOR('',#9209,1.);
#853=VECTOR('',#9220,1.);
#854=VECTOR('',#9229,1.);
#855=VECTOR('',#9240,1.);
#856=VECTOR('',#9249,1.);
#857=VECTOR('',#9260,1.);
#858=VECTOR('',#9269,1.);
#859=VECTOR('',#9280,1.);
#860=VECTOR('',#9289,1.);
#861=VECTOR('',#9300,1.);
#862=VECTOR('',#9309,1.);
#863=VECTOR('',#9320,1.);
#864=VECTOR('',#9329,1.);
#865=VECTOR('',#9340,1.);
#866=VECTOR('',#9349,1.);
#867=VECTOR('',#9360,1.);
#868=VECTOR('',#9369,1.);
#869=VECTOR('',#9380,1.);
#870=VECTOR('',#9389,1.);
#871=VECTOR('',#9400,1.);
#872=VECTOR('',#9409,1.);
#873=VECTOR('',#9420,1.);
#874=VECTOR('',#9429,1.);
#875=VECTOR('',#9440,1.);
#876=VECTOR('',#9449,1.);
#877=VECTOR('',#9460,1.);
#878=VECTOR('',#9469,1.);
#879=VECTOR('',#9480,1.);
#880=VECTOR('',#9489,1.);
#881=VECTOR('',#9500,1.);
#882=VECTOR('',#9509,1.);
#883=VECTOR('',#9520,1.);
#884=VECTOR('',#9529,1.);
#885=VECTOR('',#9540,1.);
#886=VECTOR('',#9549,1.);
#887=VECTOR('',#9560,1.);
#888=VECTOR('',#9569,1.);
#889=VECTOR('',#9580,1.);
#890=VECTOR('',#9589,1.);
#891=VECTOR('',#9600,1.);
#892=VECTOR('',#9609,1.);
#893=VECTOR('',#9620,1.);
#894=VECTOR('',#9629,1.);
#895=VECTOR('',#9640,1.);
#896=VECTOR('',#9649,1.);
#897=VECTOR('',#9660,1.);
#898=VECTOR('',#9669,1.);
#899=VECTOR('',#9680,1.);
#900=VECTOR('',#9689,1.);
#901=VECTOR('',#9700,1.);
#902=VECTOR('',#9709,1.);
#903=VECTOR('',#9720,1.);
#904=VECTOR('',#9729,1.);
#905=VECTOR('',#9740,1.);
#906=VECTOR('',#9749,1.);
#907=VECTOR('',#9760,1.);
#908=VECTOR('',#9769,1.);
#909=VECTOR('',#9780,1.);
#910=VECTOR('',#9789,1.);
#911=VECTOR('',#9800,1.);
#912=VECTOR('',#9809,1.);
#913=VECTOR('',#9820,1.);
#914=VECTOR('',#9829,1.);
#915=VECTOR('',#9840,1.);
#916=VECTOR('',#9849,1.);
#917=VECTOR('',#9860,1.);
#918=VECTOR('',#9869,1.);
#919=VECTOR('',#9880,1.);
#920=VECTOR('',#9889,1.);
#921=VECTOR('',#9900,1.);
#922=VECTOR('',#9909,1.);
#923=VECTOR('',#9920,1.);
#924=VECTOR('',#9929,1.);
#925=VECTOR('',#9940,1.);
#926=VECTOR('',#9949,1.);
#927=VECTOR('',#9960,1.);
#928=VECTOR('',#9969,1.);
#929=VECTOR('',#9980,1.);
#930=VECTOR('',#9989,1.);
#931=VECTOR('',#10000,1.);
#932=VECTOR('',#10009,1.);
#933=VECTOR('',#10020,1.);
#934=VECTOR('',#10029,1.);
#935=VECTOR('',#10040,1.);
#936=VECTOR('',#10049,1.);
#937=VECTOR('',#10060,1.);
#938=VECTOR('',#10069,1.);
#939=VECTOR('',#10080,1.);
#940=VECTOR('',#10089,1.);
#941=VECTOR('',#10100,1.);
#942=VECTOR('',#10109,1.);
#943=VECTOR('',#10120,1.);
#944=VECTOR('',#10129,1.);
#945=VECTOR('',#10140,1.);
#946=VECTOR('',#10149,1.);
#947=VECTOR('',#10160,1.);
#948=VECTOR('',#10169,1.);
#949=VECTOR('',#10180,1.);
#950=VECTOR('',#10189,1.);
#951=VECTOR('',#10200,1.);
#952=VECTOR('',#10209,1.);
#953=VECTOR('',#10220,1.);
#954=VECTOR('',#10229,1.);
#955=VECTOR('',#10240,1.);
#956=VECTOR('',#10249,1.);
#957=VECTOR('',#10260,1.);
#958=VECTOR('',#10269,1.);
#959=VECTOR('',#10280,1.);
#960=VECTOR('',#10289,1.);
#961=VECTOR('',#10300,1.);
#962=VECTOR('',#10309,1.);
#963=VECTOR('',#10320,1.);
#964=VECTOR('',#10329,1.);
#965=VECTOR('',#10340,1.);
#966=VECTOR('',#10349,1.);
#967=VECTOR('',#10360,1.);
#968=VECTOR('',#10367,1.);
#969=VECTOR('',#10370,1.);
#970=VECTOR('',#10373,1.);
#971=VECTOR('',#10374,1.);
#972=VECTOR('',#10377,1.);
#973=VECTOR('',#10378,1.);
#974=VECTOR('',#10381,1.);
#975=VECTOR('',#10384,1.);
#976=VECTOR('',#10385,1.);
#977=VECTOR('',#10388,1.);
#978=VECTOR('',#10391,1.);
#979=VECTOR('',#10402,1.);
#980=VECTOR('',#10405,1.);
#981=VECTOR('',#10408,1.);
#982=VECTOR('',#10409,1.);
#983=VECTOR('',#10412,1.);
#984=VECTOR('',#10413,1.);
#985=VECTOR('',#10416,1.);
#986=VECTOR('',#10419,1.);
#987=VECTOR('',#10422,1.);
#988=VECTOR('',#10425,1.);
#989=VECTOR('',#10436,1.);
#990=VECTOR('',#10439,1.);
#991=VECTOR('',#10442,1.);
#992=VECTOR('',#10443,1.);
#993=VECTOR('',#10446,1.);
#994=VECTOR('',#10447,1.);
#995=VECTOR('',#10450,1.);
#996=VECTOR('',#10453,1.);
#997=VECTOR('',#10456,1.);
#998=VECTOR('',#10459,1.);
#999=VECTOR('',#10470,1.);
#1000=VECTOR('',#10473,1.);
#1001=VECTOR('',#10476,1.);
#1002=VECTOR('',#10477,1.);
#1003=VECTOR('',#10480,1.);
#1004=VECTOR('',#10481,1.);
#1005=VECTOR('',#10484,1.);
#1006=VECTOR('',#10487,1.);
#1007=VECTOR('',#10490,1.);
#1008=VECTOR('',#10493,1.);
#1009=VECTOR('',#10504,1.);
#1010=VECTOR('',#10507,1.);
#1011=VECTOR('',#10510,1.);
#1012=VECTOR('',#10511,1.);
#1013=VECTOR('',#10514,1.);
#1014=VECTOR('',#10515,1.);
#1015=VECTOR('',#10518,1.);
#1016=VECTOR('',#10521,1.);
#1017=VECTOR('',#10524,1.);
#1018=VECTOR('',#10527,1.);
#1019=VECTOR('',#10538,1.);
#1020=VECTOR('',#10541,1.);
#1021=VECTOR('',#10544,1.);
#1022=VECTOR('',#10545,1.);
#1023=VECTOR('',#10548,1.);
#1024=VECTOR('',#10549,1.);
#1025=VECTOR('',#10552,1.);
#1026=VECTOR('',#10555,1.);
#1027=VECTOR('',#10558,1.);
#1028=VECTOR('',#10561,1.);
#1029=VECTOR('',#10572,1.);
#1030=VECTOR('',#10575,1.);
#1031=VECTOR('',#10578,1.);
#1032=VECTOR('',#10579,1.);
#1033=VECTOR('',#10582,1.);
#1034=VECTOR('',#10583,1.);
#1035=VECTOR('',#10586,1.);
#1036=VECTOR('',#10589,1.);
#1037=VECTOR('',#10592,1.);
#1038=VECTOR('',#10595,1.);
#1039=VECTOR('',#10606,1.);
#1040=VECTOR('',#10609,1.);
#1041=VECTOR('',#10612,1.);
#1042=VECTOR('',#10613,1.);
#1043=VECTOR('',#10616,1.);
#1044=VECTOR('',#10617,1.);
#1045=VECTOR('',#10620,1.);
#1046=VECTOR('',#10623,1.);
#1047=VECTOR('',#10626,1.);
#1048=VECTOR('',#10629,1.);
#1049=VECTOR('',#10640,1.);
#1050=VECTOR('',#10643,1.);
#1051=VECTOR('',#10646,1.);
#1052=VECTOR('',#10647,1.);
#1053=VECTOR('',#10650,1.);
#1054=VECTOR('',#10651,1.);
#1055=VECTOR('',#10654,1.);
#1056=VECTOR('',#10657,1.);
#1057=VECTOR('',#10660,1.);
#1058=VECTOR('',#10663,1.);
#1059=VECTOR('',#10674,1.);
#1060=VECTOR('',#10677,1.);
#1061=VECTOR('',#10680,1.);
#1062=VECTOR('',#10681,1.);
#1063=VECTOR('',#10684,1.);
#1064=VECTOR('',#10685,1.);
#1065=VECTOR('',#10688,1.);
#1066=VECTOR('',#10691,1.);
#1067=VECTOR('',#10694,1.);
#1068=VECTOR('',#10697,1.);
#1069=VECTOR('',#10708,1.);
#1070=VECTOR('',#10711,1.);
#1071=VECTOR('',#10714,1.);
#1072=VECTOR('',#10715,1.);
#1073=VECTOR('',#10718,1.);
#1074=VECTOR('',#10719,1.);
#1075=VECTOR('',#10722,1.);
#1076=VECTOR('',#10725,1.);
#1077=VECTOR('',#10728,1.);
#1078=VECTOR('',#10731,1.);
#1079=VECTOR('',#10742,1.);
#1080=VECTOR('',#10745,1.);
#1081=VECTOR('',#10748,1.);
#1082=VECTOR('',#10749,1.);
#1083=VECTOR('',#10752,1.);
#1084=VECTOR('',#10753,1.);
#1085=VECTOR('',#10756,1.);
#1086=VECTOR('',#10759,1.);
#1087=VECTOR('',#10762,1.);
#1088=VECTOR('',#10765,1.);
#1089=VECTOR('',#10776,1.);
#1090=VECTOR('',#10779,1.);
#1091=VECTOR('',#10782,1.);
#1092=VECTOR('',#10783,1.);
#1093=VECTOR('',#10786,1.);
#1094=VECTOR('',#10787,1.);
#1095=VECTOR('',#10790,1.);
#1096=VECTOR('',#10793,1.);
#1097=VECTOR('',#10796,1.);
#1098=VECTOR('',#10799,1.);
#1099=VECTOR('',#10810,1.);
#1100=VECTOR('',#10813,1.);
#1101=VECTOR('',#10816,1.);
#1102=VECTOR('',#10817,1.);
#1103=VECTOR('',#10820,1.);
#1104=VECTOR('',#10821,1.);
#1105=VECTOR('',#10824,1.);
#1106=VECTOR('',#10827,1.);
#1107=VECTOR('',#10830,1.);
#1108=VECTOR('',#10833,1.);
#1109=VECTOR('',#10844,1.);
#1110=VECTOR('',#10847,1.);
#1111=VECTOR('',#10850,1.);
#1112=VECTOR('',#10851,1.);
#1113=VECTOR('',#10854,1.);
#1114=VECTOR('',#10855,1.);
#1115=VECTOR('',#10858,1.);
#1116=VECTOR('',#10861,1.);
#1117=VECTOR('',#10864,1.);
#1118=VECTOR('',#10867,1.);
#1119=VECTOR('',#10878,1.);
#1120=VECTOR('',#10881,1.);
#1121=VECTOR('',#10884,1.);
#1122=VECTOR('',#10885,1.);
#1123=VECTOR('',#10888,1.);
#1124=VECTOR('',#10889,1.);
#1125=VECTOR('',#10892,1.);
#1126=VECTOR('',#10895,1.);
#1127=VECTOR('',#10898,1.);
#1128=VECTOR('',#10901,1.);
#1129=VECTOR('',#10912,1.);
#1130=VECTOR('',#10915,1.);
#1131=VECTOR('',#10918,1.);
#1132=VECTOR('',#10919,1.);
#1133=VECTOR('',#10922,1.);
#1134=VECTOR('',#10923,1.);
#1135=VECTOR('',#10926,1.);
#1136=VECTOR('',#10929,1.);
#1137=VECTOR('',#10932,1.);
#1138=VECTOR('',#10935,1.);
#1139=VECTOR('',#10946,1.);
#1140=VECTOR('',#10949,1.);
#1141=VECTOR('',#10952,1.);
#1142=VECTOR('',#10953,1.);
#1143=VECTOR('',#10956,1.);
#1144=VECTOR('',#10957,1.);
#1145=VECTOR('',#10960,1.);
#1146=VECTOR('',#10963,1.);
#1147=VECTOR('',#10966,1.);
#1148=VECTOR('',#10969,1.);
#1149=VECTOR('',#10980,1.);
#1150=VECTOR('',#10983,1.);
#1151=VECTOR('',#10986,1.);
#1152=VECTOR('',#10987,1.);
#1153=VECTOR('',#10990,1.);
#1154=VECTOR('',#10991,1.);
#1155=VECTOR('',#10994,1.);
#1156=VECTOR('',#10997,1.);
#1157=VECTOR('',#11000,1.);
#1158=VECTOR('',#11003,1.);
#1159=VECTOR('',#11014,1.);
#1160=VECTOR('',#11017,1.);
#1161=VECTOR('',#11020,1.);
#1162=VECTOR('',#11021,1.);
#1163=VECTOR('',#11024,1.);
#1164=VECTOR('',#11025,1.);
#1165=VECTOR('',#11028,1.);
#1166=VECTOR('',#11031,1.);
#1167=VECTOR('',#11034,1.);
#1168=VECTOR('',#11037,1.);
#1169=VECTOR('',#11048,1.);
#1170=VECTOR('',#11051,1.);
#1171=VECTOR('',#11054,1.);
#1172=VECTOR('',#11055,1.);
#1173=VECTOR('',#11058,1.);
#1174=VECTOR('',#11059,1.);
#1175=VECTOR('',#11062,1.);
#1176=VECTOR('',#11065,1.);
#1177=VECTOR('',#11068,1.);
#1178=VECTOR('',#11071,1.);
#1179=VECTOR('',#11082,1.);
#1180=VECTOR('',#11085,1.);
#1181=VECTOR('',#11088,1.);
#1182=VECTOR('',#11089,1.);
#1183=VECTOR('',#11092,1.);
#1184=VECTOR('',#11093,1.);
#1185=VECTOR('',#11096,1.);
#1186=VECTOR('',#11099,1.);
#1187=VECTOR('',#11102,1.);
#1188=VECTOR('',#11105,1.);
#1189=VECTOR('',#11116,1.);
#1190=VECTOR('',#11119,1.);
#1191=VECTOR('',#11122,1.);
#1192=VECTOR('',#11123,1.);
#1193=VECTOR('',#11126,1.);
#1194=VECTOR('',#11127,1.);
#1195=VECTOR('',#11130,1.);
#1196=VECTOR('',#11133,1.);
#1197=VECTOR('',#11136,1.);
#1198=VECTOR('',#11139,1.);
#1199=VECTOR('',#11150,1.);
#1200=VECTOR('',#11153,1.);
#1201=VECTOR('',#11156,1.);
#1202=VECTOR('',#11157,1.);
#1203=VECTOR('',#11160,1.);
#1204=VECTOR('',#11161,1.);
#1205=VECTOR('',#11164,1.);
#1206=VECTOR('',#11167,1.);
#1207=VECTOR('',#11170,1.);
#1208=VECTOR('',#11173,1.);
#1209=VECTOR('',#11184,1.);
#1210=VECTOR('',#11187,1.);
#1211=VECTOR('',#11190,1.);
#1212=VECTOR('',#11191,1.);
#1213=VECTOR('',#11194,1.);
#1214=VECTOR('',#11195,1.);
#1215=VECTOR('',#11198,1.);
#1216=VECTOR('',#11201,1.);
#1217=VECTOR('',#11204,1.);
#1218=VECTOR('',#11207,1.);
#1219=VECTOR('',#11218,1.);
#1220=VECTOR('',#11221,1.);
#1221=VECTOR('',#11224,1.);
#1222=VECTOR('',#11225,1.);
#1223=VECTOR('',#11228,1.);
#1224=VECTOR('',#11229,1.);
#1225=VECTOR('',#11232,1.);
#1226=VECTOR('',#11235,1.);
#1227=VECTOR('',#11238,1.);
#1228=VECTOR('',#11241,1.);
#1229=VECTOR('',#11252,1.);
#1230=VECTOR('',#11255,1.);
#1231=VECTOR('',#11258,1.);
#1232=VECTOR('',#11259,1.);
#1233=VECTOR('',#11262,1.);
#1234=VECTOR('',#11263,1.);
#1235=VECTOR('',#11266,1.);
#1236=VECTOR('',#11269,1.);
#1237=VECTOR('',#11272,1.);
#1238=VECTOR('',#11275,1.);
#1239=VECTOR('',#11286,1.);
#1240=VECTOR('',#11289,1.);
#1241=VECTOR('',#11292,1.);
#1242=VECTOR('',#11293,1.);
#1243=VECTOR('',#11296,1.);
#1244=VECTOR('',#11297,1.);
#1245=VECTOR('',#11300,1.);
#1246=VECTOR('',#11303,1.);
#1247=VECTOR('',#11306,1.);
#1248=VECTOR('',#11309,1.);
#1249=VECTOR('',#11320,1.);
#1250=VECTOR('',#11323,1.);
#1251=VECTOR('',#11326,1.);
#1252=VECTOR('',#11327,1.);
#1253=VECTOR('',#11330,1.);
#1254=VECTOR('',#11331,1.);
#1255=VECTOR('',#11334,1.);
#1256=VECTOR('',#11337,1.);
#1257=VECTOR('',#11340,1.);
#1258=VECTOR('',#11343,1.);
#1259=VECTOR('',#11354,1.);
#1260=VECTOR('',#11357,1.);
#1261=VECTOR('',#11360,1.);
#1262=VECTOR('',#11361,1.);
#1263=VECTOR('',#11364,1.);
#1264=VECTOR('',#11365,1.);
#1265=VECTOR('',#11368,1.);
#1266=VECTOR('',#11371,1.);
#1267=VECTOR('',#11374,1.);
#1268=VECTOR('',#11377,1.);
#1269=VECTOR('',#11388,1.);
#1270=VECTOR('',#11391,1.);
#1271=VECTOR('',#11394,1.);
#1272=VECTOR('',#11395,1.);
#1273=VECTOR('',#11398,1.);
#1274=VECTOR('',#11399,1.);
#1275=VECTOR('',#11402,1.);
#1276=VECTOR('',#11405,1.);
#1277=VECTOR('',#11408,1.);
#1278=VECTOR('',#11411,1.);
#1279=VECTOR('',#11422,1.);
#1280=VECTOR('',#11425,1.);
#1281=VECTOR('',#11428,1.);
#1282=VECTOR('',#11429,1.);
#1283=VECTOR('',#11432,1.);
#1284=VECTOR('',#11433,1.);
#1285=VECTOR('',#11436,1.);
#1286=VECTOR('',#11439,1.);
#1287=VECTOR('',#11442,1.);
#1288=VECTOR('',#11445,1.);
#1289=VECTOR('',#11456,1.);
#1290=VECTOR('',#11459,1.);
#1291=VECTOR('',#11462,1.);
#1292=VECTOR('',#11463,1.);
#1293=VECTOR('',#11466,1.);
#1294=VECTOR('',#11467,1.);
#1295=VECTOR('',#11470,1.);
#1296=VECTOR('',#11473,1.);
#1297=VECTOR('',#11476,1.);
#1298=VECTOR('',#11479,1.);
#1299=VECTOR('',#11490,1.);
#1300=VECTOR('',#11493,1.);
#1301=VECTOR('',#11496,1.);
#1302=VECTOR('',#11497,1.);
#1303=VECTOR('',#11500,1.);
#1304=VECTOR('',#11501,1.);
#1305=VECTOR('',#11504,1.);
#1306=VECTOR('',#11507,1.);
#1307=VECTOR('',#11510,1.);
#1308=VECTOR('',#11513,1.);
#1309=VECTOR('',#11524,1.);
#1310=VECTOR('',#11527,1.);
#1311=VECTOR('',#11530,1.);
#1312=VECTOR('',#11531,1.);
#1313=VECTOR('',#11534,1.);
#1314=VECTOR('',#11535,1.);
#1315=VECTOR('',#11538,1.);
#1316=VECTOR('',#11541,1.);
#1317=VECTOR('',#11544,1.);
#1318=VECTOR('',#11547,1.);
#1319=VECTOR('',#11558,1.);
#1320=VECTOR('',#11563,1.);
#1321=VECTOR('',#11564,1.);
#1322=VECTOR('',#11567,1.);
#1323=VECTOR('',#11568,1.);
#1324=VECTOR('',#11571,1.);
#1325=VECTOR('',#11574,1.);
#1326=VECTOR('',#11575,1.);
#1327=VECTOR('',#11578,1.);
#1328=VECTOR('',#11593,1.);
#1329=VECTOR('',#11594,1.);
#1330=VECTOR('',#11597,1.);
#1331=VECTOR('',#11600,1.);
#1332=ORIENTED_EDGE('',*,*,#3680,.F.);
#1333=ORIENTED_EDGE('',*,*,#3681,.F.);
#1334=ORIENTED_EDGE('',*,*,#3682,.F.);
#1335=ORIENTED_EDGE('',*,*,#3683,.F.);
#1336=ORIENTED_EDGE('',*,*,#3684,.F.);
#1337=ORIENTED_EDGE('',*,*,#3685,.F.);
#1338=ORIENTED_EDGE('',*,*,#3686,.T.);
#1339=ORIENTED_EDGE('',*,*,#3687,.F.);
#1340=ORIENTED_EDGE('',*,*,#3688,.T.);
#1341=ORIENTED_EDGE('',*,*,#3689,.F.);
#1342=ORIENTED_EDGE('',*,*,#3690,.F.);
#1343=ORIENTED_EDGE('',*,*,#3691,.F.);
#1344=ORIENTED_EDGE('',*,*,#3692,.F.);
#1345=ORIENTED_EDGE('',*,*,#3693,.T.);
#1346=ORIENTED_EDGE('',*,*,#3694,.F.);
#1347=ORIENTED_EDGE('',*,*,#3695,.T.);
#1348=ORIENTED_EDGE('',*,*,#3696,.F.);
#1349=ORIENTED_EDGE('',*,*,#3697,.T.);
#1350=ORIENTED_EDGE('',*,*,#3698,.F.);
#1351=ORIENTED_EDGE('',*,*,#3699,.T.);
#1352=ORIENTED_EDGE('',*,*,#3700,.T.);
#1353=ORIENTED_EDGE('',*,*,#3701,.T.);
#1354=ORIENTED_EDGE('',*,*,#3702,.T.);
#1355=ORIENTED_EDGE('',*,*,#3703,.T.);
#1356=ORIENTED_EDGE('',*,*,#3704,.T.);
#1357=ORIENTED_EDGE('',*,*,#3705,.F.);
#1358=ORIENTED_EDGE('',*,*,#3706,.F.);
#1359=ORIENTED_EDGE('',*,*,#3707,.T.);
#1360=ORIENTED_EDGE('',*,*,#3708,.F.);
#1361=ORIENTED_EDGE('',*,*,#3709,.T.);
#1362=ORIENTED_EDGE('',*,*,#3710,.T.);
#1363=ORIENTED_EDGE('',*,*,#3711,.T.);
#1364=ORIENTED_EDGE('',*,*,#3712,.T.);
#1365=ORIENTED_EDGE('',*,*,#3713,.T.);
#1366=ORIENTED_EDGE('',*,*,#3714,.T.);
#1367=ORIENTED_EDGE('',*,*,#3715,.F.);
#1368=ORIENTED_EDGE('',*,*,#3716,.F.);
#1369=ORIENTED_EDGE('',*,*,#3717,.T.);
#1370=ORIENTED_EDGE('',*,*,#3718,.F.);
#1371=ORIENTED_EDGE('',*,*,#3719,.T.);
#1372=ORIENTED_EDGE('',*,*,#3720,.T.);
#1373=ORIENTED_EDGE('',*,*,#3721,.T.);
#1374=ORIENTED_EDGE('',*,*,#3722,.T.);
#1375=ORIENTED_EDGE('',*,*,#3723,.T.);
#1376=ORIENTED_EDGE('',*,*,#3724,.T.);
#1377=ORIENTED_EDGE('',*,*,#3725,.F.);
#1378=ORIENTED_EDGE('',*,*,#3726,.F.);
#1379=ORIENTED_EDGE('',*,*,#3727,.T.);
#1380=ORIENTED_EDGE('',*,*,#3728,.F.);
#1381=ORIENTED_EDGE('',*,*,#3729,.T.);
#1382=ORIENTED_EDGE('',*,*,#3730,.T.);
#1383=ORIENTED_EDGE('',*,*,#3731,.T.);
#1384=ORIENTED_EDGE('',*,*,#3732,.T.);
#1385=ORIENTED_EDGE('',*,*,#3733,.T.);
#1386=ORIENTED_EDGE('',*,*,#3734,.T.);
#1387=ORIENTED_EDGE('',*,*,#3735,.F.);
#1388=ORIENTED_EDGE('',*,*,#3736,.F.);
#1389=ORIENTED_EDGE('',*,*,#3737,.T.);
#1390=ORIENTED_EDGE('',*,*,#3738,.F.);
#1391=ORIENTED_EDGE('',*,*,#3739,.T.);
#1392=ORIENTED_EDGE('',*,*,#3740,.T.);
#1393=ORIENTED_EDGE('',*,*,#3741,.T.);
#1394=ORIENTED_EDGE('',*,*,#3742,.T.);
#1395=ORIENTED_EDGE('',*,*,#3743,.T.);
#1396=ORIENTED_EDGE('',*,*,#3744,.T.);
#1397=ORIENTED_EDGE('',*,*,#3745,.F.);
#1398=ORIENTED_EDGE('',*,*,#3746,.F.);
#1399=ORIENTED_EDGE('',*,*,#3747,.T.);
#1400=ORIENTED_EDGE('',*,*,#3748,.F.);
#1401=ORIENTED_EDGE('',*,*,#3749,.T.);
#1402=ORIENTED_EDGE('',*,*,#3750,.T.);
#1403=ORIENTED_EDGE('',*,*,#3751,.T.);
#1404=ORIENTED_EDGE('',*,*,#3752,.T.);
#1405=ORIENTED_EDGE('',*,*,#3753,.T.);
#1406=ORIENTED_EDGE('',*,*,#3754,.T.);
#1407=ORIENTED_EDGE('',*,*,#3755,.F.);
#1408=ORIENTED_EDGE('',*,*,#3756,.F.);
#1409=ORIENTED_EDGE('',*,*,#3757,.T.);
#1410=ORIENTED_EDGE('',*,*,#3758,.F.);
#1411=ORIENTED_EDGE('',*,*,#3759,.T.);
#1412=ORIENTED_EDGE('',*,*,#3760,.T.);
#1413=ORIENTED_EDGE('',*,*,#3761,.T.);
#1414=ORIENTED_EDGE('',*,*,#3762,.T.);
#1415=ORIENTED_EDGE('',*,*,#3763,.T.);
#1416=ORIENTED_EDGE('',*,*,#3764,.T.);
#1417=ORIENTED_EDGE('',*,*,#3765,.F.);
#1418=ORIENTED_EDGE('',*,*,#3766,.F.);
#1419=ORIENTED_EDGE('',*,*,#3767,.T.);
#1420=ORIENTED_EDGE('',*,*,#3768,.F.);
#1421=ORIENTED_EDGE('',*,*,#3769,.T.);
#1422=ORIENTED_EDGE('',*,*,#3770,.T.);
#1423=ORIENTED_EDGE('',*,*,#3771,.T.);
#1424=ORIENTED_EDGE('',*,*,#3772,.T.);
#1425=ORIENTED_EDGE('',*,*,#3773,.T.);
#1426=ORIENTED_EDGE('',*,*,#3774,.T.);
#1427=ORIENTED_EDGE('',*,*,#3775,.F.);
#1428=ORIENTED_EDGE('',*,*,#3776,.F.);
#1429=ORIENTED_EDGE('',*,*,#3777,.T.);
#1430=ORIENTED_EDGE('',*,*,#3778,.F.);
#1431=ORIENTED_EDGE('',*,*,#3779,.T.);
#1432=ORIENTED_EDGE('',*,*,#3780,.T.);
#1433=ORIENTED_EDGE('',*,*,#3781,.T.);
#1434=ORIENTED_EDGE('',*,*,#3782,.T.);
#1435=ORIENTED_EDGE('',*,*,#3783,.T.);
#1436=ORIENTED_EDGE('',*,*,#3784,.T.);
#1437=ORIENTED_EDGE('',*,*,#3785,.F.);
#1438=ORIENTED_EDGE('',*,*,#3786,.F.);
#1439=ORIENTED_EDGE('',*,*,#3787,.T.);
#1440=ORIENTED_EDGE('',*,*,#3788,.F.);
#1441=ORIENTED_EDGE('',*,*,#3789,.T.);
#1442=ORIENTED_EDGE('',*,*,#3790,.T.);
#1443=ORIENTED_EDGE('',*,*,#3791,.T.);
#1444=ORIENTED_EDGE('',*,*,#3792,.T.);
#1445=ORIENTED_EDGE('',*,*,#3793,.T.);
#1446=ORIENTED_EDGE('',*,*,#3794,.T.);
#1447=ORIENTED_EDGE('',*,*,#3795,.F.);
#1448=ORIENTED_EDGE('',*,*,#3796,.F.);
#1449=ORIENTED_EDGE('',*,*,#3797,.T.);
#1450=ORIENTED_EDGE('',*,*,#3798,.F.);
#1451=ORIENTED_EDGE('',*,*,#3799,.T.);
#1452=ORIENTED_EDGE('',*,*,#3800,.T.);
#1453=ORIENTED_EDGE('',*,*,#3801,.T.);
#1454=ORIENTED_EDGE('',*,*,#3802,.T.);
#1455=ORIENTED_EDGE('',*,*,#3803,.T.);
#1456=ORIENTED_EDGE('',*,*,#3804,.T.);
#1457=ORIENTED_EDGE('',*,*,#3805,.F.);
#1458=ORIENTED_EDGE('',*,*,#3806,.F.);
#1459=ORIENTED_EDGE('',*,*,#3807,.T.);
#1460=ORIENTED_EDGE('',*,*,#3808,.F.);
#1461=ORIENTED_EDGE('',*,*,#3809,.T.);
#1462=ORIENTED_EDGE('',*,*,#3810,.T.);
#1463=ORIENTED_EDGE('',*,*,#3811,.T.);
#1464=ORIENTED_EDGE('',*,*,#3812,.T.);
#1465=ORIENTED_EDGE('',*,*,#3813,.T.);
#1466=ORIENTED_EDGE('',*,*,#3814,.T.);
#1467=ORIENTED_EDGE('',*,*,#3815,.F.);
#1468=ORIENTED_EDGE('',*,*,#3816,.F.);
#1469=ORIENTED_EDGE('',*,*,#3817,.T.);
#1470=ORIENTED_EDGE('',*,*,#3818,.F.);
#1471=ORIENTED_EDGE('',*,*,#3819,.T.);
#1472=ORIENTED_EDGE('',*,*,#3820,.T.);
#1473=ORIENTED_EDGE('',*,*,#3821,.T.);
#1474=ORIENTED_EDGE('',*,*,#3822,.T.);
#1475=ORIENTED_EDGE('',*,*,#3823,.T.);
#1476=ORIENTED_EDGE('',*,*,#3824,.T.);
#1477=ORIENTED_EDGE('',*,*,#3825,.F.);
#1478=ORIENTED_EDGE('',*,*,#3826,.F.);
#1479=ORIENTED_EDGE('',*,*,#3827,.T.);
#1480=ORIENTED_EDGE('',*,*,#3828,.F.);
#1481=ORIENTED_EDGE('',*,*,#3829,.T.);
#1482=ORIENTED_EDGE('',*,*,#3830,.T.);
#1483=ORIENTED_EDGE('',*,*,#3831,.T.);
#1484=ORIENTED_EDGE('',*,*,#3832,.T.);
#1485=ORIENTED_EDGE('',*,*,#3833,.T.);
#1486=ORIENTED_EDGE('',*,*,#3834,.T.);
#1487=ORIENTED_EDGE('',*,*,#3835,.F.);
#1488=ORIENTED_EDGE('',*,*,#3836,.F.);
#1489=ORIENTED_EDGE('',*,*,#3837,.T.);
#1490=ORIENTED_EDGE('',*,*,#3838,.F.);
#1491=ORIENTED_EDGE('',*,*,#3839,.T.);
#1492=ORIENTED_EDGE('',*,*,#3840,.T.);
#1493=ORIENTED_EDGE('',*,*,#3841,.T.);
#1494=ORIENTED_EDGE('',*,*,#3842,.T.);
#1495=ORIENTED_EDGE('',*,*,#3843,.T.);
#1496=ORIENTED_EDGE('',*,*,#3844,.T.);
#1497=ORIENTED_EDGE('',*,*,#3845,.F.);
#1498=ORIENTED_EDGE('',*,*,#3846,.F.);
#1499=ORIENTED_EDGE('',*,*,#3847,.T.);
#1500=ORIENTED_EDGE('',*,*,#3848,.F.);
#1501=ORIENTED_EDGE('',*,*,#3849,.T.);
#1502=ORIENTED_EDGE('',*,*,#3850,.T.);
#1503=ORIENTED_EDGE('',*,*,#3851,.T.);
#1504=ORIENTED_EDGE('',*,*,#3852,.T.);
#1505=ORIENTED_EDGE('',*,*,#3853,.T.);
#1506=ORIENTED_EDGE('',*,*,#3854,.T.);
#1507=ORIENTED_EDGE('',*,*,#3855,.F.);
#1508=ORIENTED_EDGE('',*,*,#3856,.F.);
#1509=ORIENTED_EDGE('',*,*,#3857,.T.);
#1510=ORIENTED_EDGE('',*,*,#3858,.F.);
#1511=ORIENTED_EDGE('',*,*,#3859,.T.);
#1512=ORIENTED_EDGE('',*,*,#3860,.T.);
#1513=ORIENTED_EDGE('',*,*,#3861,.T.);
#1514=ORIENTED_EDGE('',*,*,#3862,.T.);
#1515=ORIENTED_EDGE('',*,*,#3863,.T.);
#1516=ORIENTED_EDGE('',*,*,#3864,.T.);
#1517=ORIENTED_EDGE('',*,*,#3865,.F.);
#1518=ORIENTED_EDGE('',*,*,#3866,.F.);
#1519=ORIENTED_EDGE('',*,*,#3867,.T.);
#1520=ORIENTED_EDGE('',*,*,#3868,.F.);
#1521=ORIENTED_EDGE('',*,*,#3869,.T.);
#1522=ORIENTED_EDGE('',*,*,#3870,.T.);
#1523=ORIENTED_EDGE('',*,*,#3871,.T.);
#1524=ORIENTED_EDGE('',*,*,#3872,.T.);
#1525=ORIENTED_EDGE('',*,*,#3873,.T.);
#1526=ORIENTED_EDGE('',*,*,#3874,.T.);
#1527=ORIENTED_EDGE('',*,*,#3875,.F.);
#1528=ORIENTED_EDGE('',*,*,#3876,.F.);
#1529=ORIENTED_EDGE('',*,*,#3877,.T.);
#1530=ORIENTED_EDGE('',*,*,#3878,.F.);
#1531=ORIENTED_EDGE('',*,*,#3879,.T.);
#1532=ORIENTED_EDGE('',*,*,#3880,.T.);
#1533=ORIENTED_EDGE('',*,*,#3881,.T.);
#1534=ORIENTED_EDGE('',*,*,#3882,.T.);
#1535=ORIENTED_EDGE('',*,*,#3883,.T.);
#1536=ORIENTED_EDGE('',*,*,#3884,.T.);
#1537=ORIENTED_EDGE('',*,*,#3885,.F.);
#1538=ORIENTED_EDGE('',*,*,#3886,.F.);
#1539=ORIENTED_EDGE('',*,*,#3887,.T.);
#1540=ORIENTED_EDGE('',*,*,#3888,.F.);
#1541=ORIENTED_EDGE('',*,*,#3889,.T.);
#1542=ORIENTED_EDGE('',*,*,#3890,.T.);
#1543=ORIENTED_EDGE('',*,*,#3891,.T.);
#1544=ORIENTED_EDGE('',*,*,#3892,.T.);
#1545=ORIENTED_EDGE('',*,*,#3893,.T.);
#1546=ORIENTED_EDGE('',*,*,#3894,.T.);
#1547=ORIENTED_EDGE('',*,*,#3895,.F.);
#1548=ORIENTED_EDGE('',*,*,#3896,.F.);
#1549=ORIENTED_EDGE('',*,*,#3897,.T.);
#1550=ORIENTED_EDGE('',*,*,#3898,.F.);
#1551=ORIENTED_EDGE('',*,*,#3899,.T.);
#1552=ORIENTED_EDGE('',*,*,#3900,.T.);
#1553=ORIENTED_EDGE('',*,*,#3901,.T.);
#1554=ORIENTED_EDGE('',*,*,#3902,.T.);
#1555=ORIENTED_EDGE('',*,*,#3903,.T.);
#1556=ORIENTED_EDGE('',*,*,#3904,.T.);
#1557=ORIENTED_EDGE('',*,*,#3905,.F.);
#1558=ORIENTED_EDGE('',*,*,#3906,.F.);
#1559=ORIENTED_EDGE('',*,*,#3907,.T.);
#1560=ORIENTED_EDGE('',*,*,#3908,.F.);
#1561=ORIENTED_EDGE('',*,*,#3909,.T.);
#1562=ORIENTED_EDGE('',*,*,#3910,.T.);
#1563=ORIENTED_EDGE('',*,*,#3911,.T.);
#1564=ORIENTED_EDGE('',*,*,#3912,.T.);
#1565=ORIENTED_EDGE('',*,*,#3913,.T.);
#1566=ORIENTED_EDGE('',*,*,#3914,.T.);
#1567=ORIENTED_EDGE('',*,*,#3915,.F.);
#1568=ORIENTED_EDGE('',*,*,#3916,.F.);
#1569=ORIENTED_EDGE('',*,*,#3917,.T.);
#1570=ORIENTED_EDGE('',*,*,#3918,.F.);
#1571=ORIENTED_EDGE('',*,*,#3919,.T.);
#1572=ORIENTED_EDGE('',*,*,#3920,.T.);
#1573=ORIENTED_EDGE('',*,*,#3921,.T.);
#1574=ORIENTED_EDGE('',*,*,#3922,.T.);
#1575=ORIENTED_EDGE('',*,*,#3923,.T.);
#1576=ORIENTED_EDGE('',*,*,#3924,.T.);
#1577=ORIENTED_EDGE('',*,*,#3925,.F.);
#1578=ORIENTED_EDGE('',*,*,#3926,.F.);
#1579=ORIENTED_EDGE('',*,*,#3927,.T.);
#1580=ORIENTED_EDGE('',*,*,#3928,.F.);
#1581=ORIENTED_EDGE('',*,*,#3929,.T.);
#1582=ORIENTED_EDGE('',*,*,#3930,.T.);
#1583=ORIENTED_EDGE('',*,*,#3931,.T.);
#1584=ORIENTED_EDGE('',*,*,#3932,.T.);
#1585=ORIENTED_EDGE('',*,*,#3933,.T.);
#1586=ORIENTED_EDGE('',*,*,#3934,.T.);
#1587=ORIENTED_EDGE('',*,*,#3935,.F.);
#1588=ORIENTED_EDGE('',*,*,#3936,.F.);
#1589=ORIENTED_EDGE('',*,*,#3937,.T.);
#1590=ORIENTED_EDGE('',*,*,#3938,.F.);
#1591=ORIENTED_EDGE('',*,*,#3939,.T.);
#1592=ORIENTED_EDGE('',*,*,#3940,.T.);
#1593=ORIENTED_EDGE('',*,*,#3941,.T.);
#1594=ORIENTED_EDGE('',*,*,#3942,.T.);
#1595=ORIENTED_EDGE('',*,*,#3943,.T.);
#1596=ORIENTED_EDGE('',*,*,#3944,.T.);
#1597=ORIENTED_EDGE('',*,*,#3945,.F.);
#1598=ORIENTED_EDGE('',*,*,#3946,.F.);
#1599=ORIENTED_EDGE('',*,*,#3947,.T.);
#1600=ORIENTED_EDGE('',*,*,#3948,.F.);
#1601=ORIENTED_EDGE('',*,*,#3949,.T.);
#1602=ORIENTED_EDGE('',*,*,#3950,.T.);
#1603=ORIENTED_EDGE('',*,*,#3951,.T.);
#1604=ORIENTED_EDGE('',*,*,#3952,.T.);
#1605=ORIENTED_EDGE('',*,*,#3953,.T.);
#1606=ORIENTED_EDGE('',*,*,#3954,.T.);
#1607=ORIENTED_EDGE('',*,*,#3955,.F.);
#1608=ORIENTED_EDGE('',*,*,#3956,.F.);
#1609=ORIENTED_EDGE('',*,*,#3957,.T.);
#1610=ORIENTED_EDGE('',*,*,#3958,.F.);
#1611=ORIENTED_EDGE('',*,*,#3959,.T.);
#1612=ORIENTED_EDGE('',*,*,#3960,.T.);
#1613=ORIENTED_EDGE('',*,*,#3961,.T.);
#1614=ORIENTED_EDGE('',*,*,#3962,.T.);
#1615=ORIENTED_EDGE('',*,*,#3963,.T.);
#1616=ORIENTED_EDGE('',*,*,#3964,.T.);
#1617=ORIENTED_EDGE('',*,*,#3965,.F.);
#1618=ORIENTED_EDGE('',*,*,#3966,.F.);
#1619=ORIENTED_EDGE('',*,*,#3967,.T.);
#1620=ORIENTED_EDGE('',*,*,#3968,.F.);
#1621=ORIENTED_EDGE('',*,*,#3969,.T.);
#1622=ORIENTED_EDGE('',*,*,#3970,.T.);
#1623=ORIENTED_EDGE('',*,*,#3971,.T.);
#1624=ORIENTED_EDGE('',*,*,#3972,.T.);
#1625=ORIENTED_EDGE('',*,*,#3973,.T.);
#1626=ORIENTED_EDGE('',*,*,#3974,.T.);
#1627=ORIENTED_EDGE('',*,*,#3975,.F.);
#1628=ORIENTED_EDGE('',*,*,#3976,.F.);
#1629=ORIENTED_EDGE('',*,*,#3977,.T.);
#1630=ORIENTED_EDGE('',*,*,#3978,.F.);
#1631=ORIENTED_EDGE('',*,*,#3979,.T.);
#1632=ORIENTED_EDGE('',*,*,#3980,.T.);
#1633=ORIENTED_EDGE('',*,*,#3981,.T.);
#1634=ORIENTED_EDGE('',*,*,#3982,.T.);
#1635=ORIENTED_EDGE('',*,*,#3983,.T.);
#1636=ORIENTED_EDGE('',*,*,#3984,.T.);
#1637=ORIENTED_EDGE('',*,*,#3985,.F.);
#1638=ORIENTED_EDGE('',*,*,#3986,.F.);
#1639=ORIENTED_EDGE('',*,*,#3987,.T.);
#1640=ORIENTED_EDGE('',*,*,#3988,.F.);
#1641=ORIENTED_EDGE('',*,*,#3989,.T.);
#1642=ORIENTED_EDGE('',*,*,#3990,.T.);
#1643=ORIENTED_EDGE('',*,*,#3991,.T.);
#1644=ORIENTED_EDGE('',*,*,#3992,.T.);
#1645=ORIENTED_EDGE('',*,*,#3993,.T.);
#1646=ORIENTED_EDGE('',*,*,#3994,.T.);
#1647=ORIENTED_EDGE('',*,*,#3995,.F.);
#1648=ORIENTED_EDGE('',*,*,#3996,.F.);
#1649=ORIENTED_EDGE('',*,*,#3997,.T.);
#1650=ORIENTED_EDGE('',*,*,#3998,.F.);
#1651=ORIENTED_EDGE('',*,*,#3999,.T.);
#1652=ORIENTED_EDGE('',*,*,#4000,.T.);
#1653=ORIENTED_EDGE('',*,*,#4001,.T.);
#1654=ORIENTED_EDGE('',*,*,#4002,.T.);
#1655=ORIENTED_EDGE('',*,*,#4003,.T.);
#1656=ORIENTED_EDGE('',*,*,#4004,.T.);
#1657=ORIENTED_EDGE('',*,*,#4005,.F.);
#1658=ORIENTED_EDGE('',*,*,#4006,.F.);
#1659=ORIENTED_EDGE('',*,*,#4007,.T.);
#1660=ORIENTED_EDGE('',*,*,#4008,.F.);
#1661=ORIENTED_EDGE('',*,*,#4009,.T.);
#1662=ORIENTED_EDGE('',*,*,#4010,.T.);
#1663=ORIENTED_EDGE('',*,*,#4011,.T.);
#1664=ORIENTED_EDGE('',*,*,#4012,.T.);
#1665=ORIENTED_EDGE('',*,*,#4013,.T.);
#1666=ORIENTED_EDGE('',*,*,#4014,.T.);
#1667=ORIENTED_EDGE('',*,*,#4015,.F.);
#1668=ORIENTED_EDGE('',*,*,#4016,.F.);
#1669=ORIENTED_EDGE('',*,*,#4017,.T.);
#1670=ORIENTED_EDGE('',*,*,#4018,.F.);
#1671=ORIENTED_EDGE('',*,*,#4019,.T.);
#1672=ORIENTED_EDGE('',*,*,#4020,.T.);
#1673=ORIENTED_EDGE('',*,*,#4021,.T.);
#1674=ORIENTED_EDGE('',*,*,#4022,.T.);
#1675=ORIENTED_EDGE('',*,*,#4023,.T.);
#1676=ORIENTED_EDGE('',*,*,#4024,.T.);
#1677=ORIENTED_EDGE('',*,*,#4025,.F.);
#1678=ORIENTED_EDGE('',*,*,#4026,.F.);
#1679=ORIENTED_EDGE('',*,*,#4027,.T.);
#1680=ORIENTED_EDGE('',*,*,#4028,.F.);
#1681=ORIENTED_EDGE('',*,*,#4029,.T.);
#1682=ORIENTED_EDGE('',*,*,#4030,.T.);
#1683=ORIENTED_EDGE('',*,*,#4031,.T.);
#1684=ORIENTED_EDGE('',*,*,#4032,.T.);
#1685=ORIENTED_EDGE('',*,*,#4033,.T.);
#1686=ORIENTED_EDGE('',*,*,#4034,.T.);
#1687=ORIENTED_EDGE('',*,*,#4035,.F.);
#1688=ORIENTED_EDGE('',*,*,#4036,.F.);
#1689=ORIENTED_EDGE('',*,*,#4037,.T.);
#1690=ORIENTED_EDGE('',*,*,#4038,.F.);
#1691=ORIENTED_EDGE('',*,*,#4039,.T.);
#1692=ORIENTED_EDGE('',*,*,#4040,.T.);
#1693=ORIENTED_EDGE('',*,*,#4041,.T.);
#1694=ORIENTED_EDGE('',*,*,#4042,.T.);
#1695=ORIENTED_EDGE('',*,*,#4043,.T.);
#1696=ORIENTED_EDGE('',*,*,#4044,.T.);
#1697=ORIENTED_EDGE('',*,*,#4045,.F.);
#1698=ORIENTED_EDGE('',*,*,#4046,.F.);
#1699=ORIENTED_EDGE('',*,*,#4047,.T.);
#1700=ORIENTED_EDGE('',*,*,#4048,.F.);
#1701=ORIENTED_EDGE('',*,*,#4049,.T.);
#1702=ORIENTED_EDGE('',*,*,#4050,.T.);
#1703=ORIENTED_EDGE('',*,*,#4051,.T.);
#1704=ORIENTED_EDGE('',*,*,#4052,.T.);
#1705=ORIENTED_EDGE('',*,*,#4053,.T.);
#1706=ORIENTED_EDGE('',*,*,#4054,.T.);
#1707=ORIENTED_EDGE('',*,*,#4055,.F.);
#1708=ORIENTED_EDGE('',*,*,#4056,.F.);
#1709=ORIENTED_EDGE('',*,*,#4057,.T.);
#1710=ORIENTED_EDGE('',*,*,#4058,.F.);
#1711=ORIENTED_EDGE('',*,*,#4059,.T.);
#1712=ORIENTED_EDGE('',*,*,#4060,.T.);
#1713=ORIENTED_EDGE('',*,*,#4061,.T.);
#1714=ORIENTED_EDGE('',*,*,#4062,.T.);
#1715=ORIENTED_EDGE('',*,*,#4063,.F.);
#1716=ORIENTED_EDGE('',*,*,#4064,.T.);
#1717=ORIENTED_EDGE('',*,*,#4065,.F.);
#1718=ORIENTED_EDGE('',*,*,#4066,.F.);
#1719=ORIENTED_EDGE('',*,*,#4067,.T.);
#1720=ORIENTED_EDGE('',*,*,#4068,.F.);
#1721=ORIENTED_EDGE('',*,*,#4069,.T.);
#1722=ORIENTED_EDGE('',*,*,#4070,.T.);
#1723=ORIENTED_EDGE('',*,*,#4071,.T.);
#1724=ORIENTED_EDGE('',*,*,#4072,.T.);
#1725=ORIENTED_EDGE('',*,*,#4073,.F.);
#1726=ORIENTED_EDGE('',*,*,#4074,.T.);
#1727=ORIENTED_EDGE('',*,*,#4075,.F.);
#1728=ORIENTED_EDGE('',*,*,#4076,.F.);
#1729=ORIENTED_EDGE('',*,*,#4077,.T.);
#1730=ORIENTED_EDGE('',*,*,#4078,.F.);
#1731=ORIENTED_EDGE('',*,*,#4079,.T.);
#1732=ORIENTED_EDGE('',*,*,#4080,.T.);
#1733=ORIENTED_EDGE('',*,*,#4081,.T.);
#1734=ORIENTED_EDGE('',*,*,#4082,.T.);
#1735=ORIENTED_EDGE('',*,*,#4083,.F.);
#1736=ORIENTED_EDGE('',*,*,#4084,.T.);
#1737=ORIENTED_EDGE('',*,*,#4085,.F.);
#1738=ORIENTED_EDGE('',*,*,#4086,.F.);
#1739=ORIENTED_EDGE('',*,*,#4087,.T.);
#1740=ORIENTED_EDGE('',*,*,#4088,.F.);
#1741=ORIENTED_EDGE('',*,*,#4089,.T.);
#1742=ORIENTED_EDGE('',*,*,#4090,.T.);
#1743=ORIENTED_EDGE('',*,*,#4091,.T.);
#1744=ORIENTED_EDGE('',*,*,#4092,.T.);
#1745=ORIENTED_EDGE('',*,*,#4093,.F.);
#1746=ORIENTED_EDGE('',*,*,#4094,.T.);
#1747=ORIENTED_EDGE('',*,*,#4095,.F.);
#1748=ORIENTED_EDGE('',*,*,#4096,.F.);
#1749=ORIENTED_EDGE('',*,*,#4097,.T.);
#1750=ORIENTED_EDGE('',*,*,#4098,.F.);
#1751=ORIENTED_EDGE('',*,*,#4099,.T.);
#1752=ORIENTED_EDGE('',*,*,#4100,.T.);
#1753=ORIENTED_EDGE('',*,*,#4101,.T.);
#1754=ORIENTED_EDGE('',*,*,#4102,.T.);
#1755=ORIENTED_EDGE('',*,*,#4103,.F.);
#1756=ORIENTED_EDGE('',*,*,#4104,.T.);
#1757=ORIENTED_EDGE('',*,*,#4105,.F.);
#1758=ORIENTED_EDGE('',*,*,#4106,.F.);
#1759=ORIENTED_EDGE('',*,*,#4107,.T.);
#1760=ORIENTED_EDGE('',*,*,#4108,.F.);
#1761=ORIENTED_EDGE('',*,*,#4109,.T.);
#1762=ORIENTED_EDGE('',*,*,#4110,.T.);
#1763=ORIENTED_EDGE('',*,*,#4111,.T.);
#1764=ORIENTED_EDGE('',*,*,#4112,.T.);
#1765=ORIENTED_EDGE('',*,*,#4113,.F.);
#1766=ORIENTED_EDGE('',*,*,#4114,.T.);
#1767=ORIENTED_EDGE('',*,*,#4115,.F.);
#1768=ORIENTED_EDGE('',*,*,#4116,.F.);
#1769=ORIENTED_EDGE('',*,*,#4117,.T.);
#1770=ORIENTED_EDGE('',*,*,#4118,.F.);
#1771=ORIENTED_EDGE('',*,*,#4119,.T.);
#1772=ORIENTED_EDGE('',*,*,#4120,.T.);
#1773=ORIENTED_EDGE('',*,*,#4121,.T.);
#1774=ORIENTED_EDGE('',*,*,#4122,.T.);
#1775=ORIENTED_EDGE('',*,*,#4123,.F.);
#1776=ORIENTED_EDGE('',*,*,#4124,.T.);
#1777=ORIENTED_EDGE('',*,*,#4125,.F.);
#1778=ORIENTED_EDGE('',*,*,#4126,.F.);
#1779=ORIENTED_EDGE('',*,*,#4127,.T.);
#1780=ORIENTED_EDGE('',*,*,#4128,.F.);
#1781=ORIENTED_EDGE('',*,*,#4129,.T.);
#1782=ORIENTED_EDGE('',*,*,#4130,.T.);
#1783=ORIENTED_EDGE('',*,*,#4131,.T.);
#1784=ORIENTED_EDGE('',*,*,#4132,.T.);
#1785=ORIENTED_EDGE('',*,*,#4133,.F.);
#1786=ORIENTED_EDGE('',*,*,#4134,.T.);
#1787=ORIENTED_EDGE('',*,*,#4135,.F.);
#1788=ORIENTED_EDGE('',*,*,#4136,.F.);
#1789=ORIENTED_EDGE('',*,*,#4137,.T.);
#1790=ORIENTED_EDGE('',*,*,#4138,.F.);
#1791=ORIENTED_EDGE('',*,*,#4139,.T.);
#1792=ORIENTED_EDGE('',*,*,#4140,.T.);
#1793=ORIENTED_EDGE('',*,*,#4141,.T.);
#1794=ORIENTED_EDGE('',*,*,#4142,.T.);
#1795=ORIENTED_EDGE('',*,*,#4143,.F.);
#1796=ORIENTED_EDGE('',*,*,#4144,.T.);
#1797=ORIENTED_EDGE('',*,*,#4145,.F.);
#1798=ORIENTED_EDGE('',*,*,#4146,.F.);
#1799=ORIENTED_EDGE('',*,*,#4147,.T.);
#1800=ORIENTED_EDGE('',*,*,#4148,.F.);
#1801=ORIENTED_EDGE('',*,*,#4149,.T.);
#1802=ORIENTED_EDGE('',*,*,#4150,.T.);
#1803=ORIENTED_EDGE('',*,*,#4151,.T.);
#1804=ORIENTED_EDGE('',*,*,#4152,.T.);
#1805=ORIENTED_EDGE('',*,*,#4153,.F.);
#1806=ORIENTED_EDGE('',*,*,#4154,.T.);
#1807=ORIENTED_EDGE('',*,*,#4155,.F.);
#1808=ORIENTED_EDGE('',*,*,#4156,.F.);
#1809=ORIENTED_EDGE('',*,*,#4157,.T.);
#1810=ORIENTED_EDGE('',*,*,#4158,.F.);
#1811=ORIENTED_EDGE('',*,*,#4159,.T.);
#1812=ORIENTED_EDGE('',*,*,#4160,.T.);
#1813=ORIENTED_EDGE('',*,*,#4161,.T.);
#1814=ORIENTED_EDGE('',*,*,#4162,.T.);
#1815=ORIENTED_EDGE('',*,*,#4163,.F.);
#1816=ORIENTED_EDGE('',*,*,#4164,.T.);
#1817=ORIENTED_EDGE('',*,*,#4165,.F.);
#1818=ORIENTED_EDGE('',*,*,#4166,.F.);
#1819=ORIENTED_EDGE('',*,*,#4167,.T.);
#1820=ORIENTED_EDGE('',*,*,#4168,.F.);
#1821=ORIENTED_EDGE('',*,*,#4169,.T.);
#1822=ORIENTED_EDGE('',*,*,#4170,.T.);
#1823=ORIENTED_EDGE('',*,*,#4171,.T.);
#1824=ORIENTED_EDGE('',*,*,#4172,.T.);
#1825=ORIENTED_EDGE('',*,*,#4173,.F.);
#1826=ORIENTED_EDGE('',*,*,#4174,.T.);
#1827=ORIENTED_EDGE('',*,*,#4175,.F.);
#1828=ORIENTED_EDGE('',*,*,#4176,.F.);
#1829=ORIENTED_EDGE('',*,*,#4177,.T.);
#1830=ORIENTED_EDGE('',*,*,#4178,.F.);
#1831=ORIENTED_EDGE('',*,*,#4179,.T.);
#1832=ORIENTED_EDGE('',*,*,#4180,.T.);
#1833=ORIENTED_EDGE('',*,*,#4181,.T.);
#1834=ORIENTED_EDGE('',*,*,#4182,.T.);
#1835=ORIENTED_EDGE('',*,*,#4183,.F.);
#1836=ORIENTED_EDGE('',*,*,#4184,.T.);
#1837=ORIENTED_EDGE('',*,*,#4185,.F.);
#1838=ORIENTED_EDGE('',*,*,#4186,.F.);
#1839=ORIENTED_EDGE('',*,*,#4187,.T.);
#1840=ORIENTED_EDGE('',*,*,#4188,.F.);
#1841=ORIENTED_EDGE('',*,*,#4189,.T.);
#1842=ORIENTED_EDGE('',*,*,#4190,.T.);
#1843=ORIENTED_EDGE('',*,*,#4191,.T.);
#1844=ORIENTED_EDGE('',*,*,#4192,.T.);
#1845=ORIENTED_EDGE('',*,*,#4193,.F.);
#1846=ORIENTED_EDGE('',*,*,#4194,.T.);
#1847=ORIENTED_EDGE('',*,*,#4195,.F.);
#1848=ORIENTED_EDGE('',*,*,#4196,.F.);
#1849=ORIENTED_EDGE('',*,*,#4197,.T.);
#1850=ORIENTED_EDGE('',*,*,#4198,.F.);
#1851=ORIENTED_EDGE('',*,*,#4199,.T.);
#1852=ORIENTED_EDGE('',*,*,#4200,.T.);
#1853=ORIENTED_EDGE('',*,*,#4201,.T.);
#1854=ORIENTED_EDGE('',*,*,#4202,.T.);
#1855=ORIENTED_EDGE('',*,*,#4203,.F.);
#1856=ORIENTED_EDGE('',*,*,#4204,.T.);
#1857=ORIENTED_EDGE('',*,*,#4205,.F.);
#1858=ORIENTED_EDGE('',*,*,#4206,.F.);
#1859=ORIENTED_EDGE('',*,*,#4207,.T.);
#1860=ORIENTED_EDGE('',*,*,#4208,.F.);
#1861=ORIENTED_EDGE('',*,*,#4209,.T.);
#1862=ORIENTED_EDGE('',*,*,#4210,.T.);
#1863=ORIENTED_EDGE('',*,*,#4211,.T.);
#1864=ORIENTED_EDGE('',*,*,#4212,.T.);
#1865=ORIENTED_EDGE('',*,*,#4213,.F.);
#1866=ORIENTED_EDGE('',*,*,#4214,.T.);
#1867=ORIENTED_EDGE('',*,*,#4215,.F.);
#1868=ORIENTED_EDGE('',*,*,#4216,.F.);
#1869=ORIENTED_EDGE('',*,*,#4217,.T.);
#1870=ORIENTED_EDGE('',*,*,#4218,.F.);
#1871=ORIENTED_EDGE('',*,*,#4219,.T.);
#1872=ORIENTED_EDGE('',*,*,#4220,.T.);
#1873=ORIENTED_EDGE('',*,*,#4221,.T.);
#1874=ORIENTED_EDGE('',*,*,#4222,.T.);
#1875=ORIENTED_EDGE('',*,*,#4223,.F.);
#1876=ORIENTED_EDGE('',*,*,#4224,.T.);
#1877=ORIENTED_EDGE('',*,*,#4225,.F.);
#1878=ORIENTED_EDGE('',*,*,#4226,.F.);
#1879=ORIENTED_EDGE('',*,*,#4227,.T.);
#1880=ORIENTED_EDGE('',*,*,#4228,.F.);
#1881=ORIENTED_EDGE('',*,*,#4229,.T.);
#1882=ORIENTED_EDGE('',*,*,#4230,.T.);
#1883=ORIENTED_EDGE('',*,*,#4231,.T.);
#1884=ORIENTED_EDGE('',*,*,#4232,.T.);
#1885=ORIENTED_EDGE('',*,*,#4233,.F.);
#1886=ORIENTED_EDGE('',*,*,#4234,.T.);
#1887=ORIENTED_EDGE('',*,*,#4235,.F.);
#1888=ORIENTED_EDGE('',*,*,#4236,.F.);
#1889=ORIENTED_EDGE('',*,*,#4237,.T.);
#1890=ORIENTED_EDGE('',*,*,#4238,.F.);
#1891=ORIENTED_EDGE('',*,*,#4239,.T.);
#1892=ORIENTED_EDGE('',*,*,#4240,.T.);
#1893=ORIENTED_EDGE('',*,*,#4241,.T.);
#1894=ORIENTED_EDGE('',*,*,#4242,.T.);
#1895=ORIENTED_EDGE('',*,*,#4243,.F.);
#1896=ORIENTED_EDGE('',*,*,#4244,.T.);
#1897=ORIENTED_EDGE('',*,*,#4245,.F.);
#1898=ORIENTED_EDGE('',*,*,#4246,.F.);
#1899=ORIENTED_EDGE('',*,*,#4247,.T.);
#1900=ORIENTED_EDGE('',*,*,#4248,.F.);
#1901=ORIENTED_EDGE('',*,*,#4249,.T.);
#1902=ORIENTED_EDGE('',*,*,#4250,.T.);
#1903=ORIENTED_EDGE('',*,*,#4251,.T.);
#1904=ORIENTED_EDGE('',*,*,#4252,.T.);
#1905=ORIENTED_EDGE('',*,*,#4253,.F.);
#1906=ORIENTED_EDGE('',*,*,#4254,.T.);
#1907=ORIENTED_EDGE('',*,*,#4255,.F.);
#1908=ORIENTED_EDGE('',*,*,#4256,.F.);
#1909=ORIENTED_EDGE('',*,*,#4257,.T.);
#1910=ORIENTED_EDGE('',*,*,#4258,.F.);
#1911=ORIENTED_EDGE('',*,*,#4259,.T.);
#1912=ORIENTED_EDGE('',*,*,#4260,.T.);
#1913=ORIENTED_EDGE('',*,*,#4261,.T.);
#1914=ORIENTED_EDGE('',*,*,#4262,.T.);
#1915=ORIENTED_EDGE('',*,*,#4263,.F.);
#1916=ORIENTED_EDGE('',*,*,#4264,.T.);
#1917=ORIENTED_EDGE('',*,*,#4265,.F.);
#1918=ORIENTED_EDGE('',*,*,#4266,.F.);
#1919=ORIENTED_EDGE('',*,*,#4267,.T.);
#1920=ORIENTED_EDGE('',*,*,#4268,.F.);
#1921=ORIENTED_EDGE('',*,*,#4269,.T.);
#1922=ORIENTED_EDGE('',*,*,#4270,.T.);
#1923=ORIENTED_EDGE('',*,*,#4271,.T.);
#1924=ORIENTED_EDGE('',*,*,#4272,.T.);
#1925=ORIENTED_EDGE('',*,*,#4273,.F.);
#1926=ORIENTED_EDGE('',*,*,#4274,.T.);
#1927=ORIENTED_EDGE('',*,*,#4275,.F.);
#1928=ORIENTED_EDGE('',*,*,#4276,.F.);
#1929=ORIENTED_EDGE('',*,*,#4277,.T.);
#1930=ORIENTED_EDGE('',*,*,#4278,.F.);
#1931=ORIENTED_EDGE('',*,*,#4279,.T.);
#1932=ORIENTED_EDGE('',*,*,#4280,.T.);
#1933=ORIENTED_EDGE('',*,*,#4281,.T.);
#1934=ORIENTED_EDGE('',*,*,#4282,.T.);
#1935=ORIENTED_EDGE('',*,*,#4283,.F.);
#1936=ORIENTED_EDGE('',*,*,#4284,.T.);
#1937=ORIENTED_EDGE('',*,*,#4285,.F.);
#1938=ORIENTED_EDGE('',*,*,#4286,.F.);
#1939=ORIENTED_EDGE('',*,*,#4287,.T.);
#1940=ORIENTED_EDGE('',*,*,#4288,.F.);
#1941=ORIENTED_EDGE('',*,*,#4289,.T.);
#1942=ORIENTED_EDGE('',*,*,#4290,.T.);
#1943=ORIENTED_EDGE('',*,*,#4291,.T.);
#1944=ORIENTED_EDGE('',*,*,#4292,.T.);
#1945=ORIENTED_EDGE('',*,*,#4293,.F.);
#1946=ORIENTED_EDGE('',*,*,#4294,.T.);
#1947=ORIENTED_EDGE('',*,*,#4295,.F.);
#1948=ORIENTED_EDGE('',*,*,#4296,.F.);
#1949=ORIENTED_EDGE('',*,*,#4297,.T.);
#1950=ORIENTED_EDGE('',*,*,#4298,.F.);
#1951=ORIENTED_EDGE('',*,*,#4299,.T.);
#1952=ORIENTED_EDGE('',*,*,#4300,.T.);
#1953=ORIENTED_EDGE('',*,*,#4301,.T.);
#1954=ORIENTED_EDGE('',*,*,#4302,.T.);
#1955=ORIENTED_EDGE('',*,*,#4303,.F.);
#1956=ORIENTED_EDGE('',*,*,#4304,.T.);
#1957=ORIENTED_EDGE('',*,*,#4305,.F.);
#1958=ORIENTED_EDGE('',*,*,#4306,.F.);
#1959=ORIENTED_EDGE('',*,*,#4307,.T.);
#1960=ORIENTED_EDGE('',*,*,#4308,.F.);
#1961=ORIENTED_EDGE('',*,*,#4309,.T.);
#1962=ORIENTED_EDGE('',*,*,#4310,.T.);
#1963=ORIENTED_EDGE('',*,*,#4311,.T.);
#1964=ORIENTED_EDGE('',*,*,#4312,.T.);
#1965=ORIENTED_EDGE('',*,*,#4313,.F.);
#1966=ORIENTED_EDGE('',*,*,#4314,.T.);
#1967=ORIENTED_EDGE('',*,*,#4315,.F.);
#1968=ORIENTED_EDGE('',*,*,#4316,.F.);
#1969=ORIENTED_EDGE('',*,*,#4317,.T.);
#1970=ORIENTED_EDGE('',*,*,#4318,.F.);
#1971=ORIENTED_EDGE('',*,*,#4319,.T.);
#1972=ORIENTED_EDGE('',*,*,#4320,.T.);
#1973=ORIENTED_EDGE('',*,*,#4321,.T.);
#1974=ORIENTED_EDGE('',*,*,#4322,.T.);
#1975=ORIENTED_EDGE('',*,*,#4323,.F.);
#1976=ORIENTED_EDGE('',*,*,#4324,.T.);
#1977=ORIENTED_EDGE('',*,*,#4325,.F.);
#1978=ORIENTED_EDGE('',*,*,#4326,.F.);
#1979=ORIENTED_EDGE('',*,*,#4327,.T.);
#1980=ORIENTED_EDGE('',*,*,#4328,.F.);
#1981=ORIENTED_EDGE('',*,*,#4329,.T.);
#1982=ORIENTED_EDGE('',*,*,#4330,.T.);
#1983=ORIENTED_EDGE('',*,*,#4331,.T.);
#1984=ORIENTED_EDGE('',*,*,#4332,.T.);
#1985=ORIENTED_EDGE('',*,*,#4333,.F.);
#1986=ORIENTED_EDGE('',*,*,#4334,.T.);
#1987=ORIENTED_EDGE('',*,*,#4335,.F.);
#1988=ORIENTED_EDGE('',*,*,#4336,.F.);
#1989=ORIENTED_EDGE('',*,*,#4337,.T.);
#1990=ORIENTED_EDGE('',*,*,#4338,.F.);
#1991=ORIENTED_EDGE('',*,*,#4339,.T.);
#1992=ORIENTED_EDGE('',*,*,#4340,.T.);
#1993=ORIENTED_EDGE('',*,*,#4341,.T.);
#1994=ORIENTED_EDGE('',*,*,#4342,.T.);
#1995=ORIENTED_EDGE('',*,*,#4343,.F.);
#1996=ORIENTED_EDGE('',*,*,#4344,.T.);
#1997=ORIENTED_EDGE('',*,*,#4345,.F.);
#1998=ORIENTED_EDGE('',*,*,#4346,.F.);
#1999=ORIENTED_EDGE('',*,*,#4347,.T.);
#2000=ORIENTED_EDGE('',*,*,#4348,.F.);
#2001=ORIENTED_EDGE('',*,*,#4349,.T.);
#2002=ORIENTED_EDGE('',*,*,#4350,.T.);
#2003=ORIENTED_EDGE('',*,*,#4351,.T.);
#2004=ORIENTED_EDGE('',*,*,#4352,.T.);
#2005=ORIENTED_EDGE('',*,*,#4353,.F.);
#2006=ORIENTED_EDGE('',*,*,#4354,.T.);
#2007=ORIENTED_EDGE('',*,*,#4355,.F.);
#2008=ORIENTED_EDGE('',*,*,#4356,.F.);
#2009=ORIENTED_EDGE('',*,*,#4357,.T.);
#2010=ORIENTED_EDGE('',*,*,#4358,.F.);
#2011=ORIENTED_EDGE('',*,*,#4359,.T.);
#2012=ORIENTED_EDGE('',*,*,#4360,.T.);
#2013=ORIENTED_EDGE('',*,*,#4361,.T.);
#2014=ORIENTED_EDGE('',*,*,#4362,.T.);
#2015=ORIENTED_EDGE('',*,*,#4363,.F.);
#2016=ORIENTED_EDGE('',*,*,#4364,.T.);
#2017=ORIENTED_EDGE('',*,*,#4365,.F.);
#2018=ORIENTED_EDGE('',*,*,#4366,.F.);
#2019=ORIENTED_EDGE('',*,*,#4367,.T.);
#2020=ORIENTED_EDGE('',*,*,#4368,.F.);
#2021=ORIENTED_EDGE('',*,*,#4369,.T.);
#2022=ORIENTED_EDGE('',*,*,#4370,.T.);
#2023=ORIENTED_EDGE('',*,*,#4371,.T.);
#2024=ORIENTED_EDGE('',*,*,#4372,.T.);
#2025=ORIENTED_EDGE('',*,*,#4373,.F.);
#2026=ORIENTED_EDGE('',*,*,#4374,.T.);
#2027=ORIENTED_EDGE('',*,*,#4375,.F.);
#2028=ORIENTED_EDGE('',*,*,#4376,.F.);
#2029=ORIENTED_EDGE('',*,*,#4377,.T.);
#2030=ORIENTED_EDGE('',*,*,#4378,.F.);
#2031=ORIENTED_EDGE('',*,*,#4379,.T.);
#2032=ORIENTED_EDGE('',*,*,#4380,.T.);
#2033=ORIENTED_EDGE('',*,*,#4381,.T.);
#2034=ORIENTED_EDGE('',*,*,#4382,.T.);
#2035=ORIENTED_EDGE('',*,*,#4383,.F.);
#2036=ORIENTED_EDGE('',*,*,#4384,.T.);
#2037=ORIENTED_EDGE('',*,*,#4385,.F.);
#2038=ORIENTED_EDGE('',*,*,#4386,.F.);
#2039=ORIENTED_EDGE('',*,*,#4387,.T.);
#2040=ORIENTED_EDGE('',*,*,#4388,.F.);
#2041=ORIENTED_EDGE('',*,*,#4389,.T.);
#2042=ORIENTED_EDGE('',*,*,#4390,.T.);
#2043=ORIENTED_EDGE('',*,*,#4391,.T.);
#2044=ORIENTED_EDGE('',*,*,#4392,.T.);
#2045=ORIENTED_EDGE('',*,*,#4393,.F.);
#2046=ORIENTED_EDGE('',*,*,#4394,.T.);
#2047=ORIENTED_EDGE('',*,*,#4395,.F.);
#2048=ORIENTED_EDGE('',*,*,#4396,.F.);
#2049=ORIENTED_EDGE('',*,*,#4397,.T.);
#2050=ORIENTED_EDGE('',*,*,#4398,.F.);
#2051=ORIENTED_EDGE('',*,*,#4399,.T.);
#2052=ORIENTED_EDGE('',*,*,#4400,.T.);
#2053=ORIENTED_EDGE('',*,*,#4401,.T.);
#2054=ORIENTED_EDGE('',*,*,#4402,.T.);
#2055=ORIENTED_EDGE('',*,*,#4403,.F.);
#2056=ORIENTED_EDGE('',*,*,#4404,.T.);
#2057=ORIENTED_EDGE('',*,*,#4405,.F.);
#2058=ORIENTED_EDGE('',*,*,#4406,.F.);
#2059=ORIENTED_EDGE('',*,*,#4407,.T.);
#2060=ORIENTED_EDGE('',*,*,#4408,.F.);
#2061=ORIENTED_EDGE('',*,*,#4409,.T.);
#2062=ORIENTED_EDGE('',*,*,#4410,.T.);
#2063=ORIENTED_EDGE('',*,*,#4411,.T.);
#2064=ORIENTED_EDGE('',*,*,#4412,.T.);
#2065=ORIENTED_EDGE('',*,*,#4413,.F.);
#2066=ORIENTED_EDGE('',*,*,#4414,.T.);
#2067=ORIENTED_EDGE('',*,*,#4415,.F.);
#2068=ORIENTED_EDGE('',*,*,#4416,.F.);
#2069=ORIENTED_EDGE('',*,*,#4417,.T.);
#2070=ORIENTED_EDGE('',*,*,#4418,.F.);
#2071=ORIENTED_EDGE('',*,*,#4419,.T.);
#2072=ORIENTED_EDGE('',*,*,#4420,.T.);
#2073=ORIENTED_EDGE('',*,*,#4421,.T.);
#2074=ORIENTED_EDGE('',*,*,#4404,.F.);
#2075=ORIENTED_EDGE('',*,*,#4422,.F.);
#2076=ORIENTED_EDGE('',*,*,#3882,.F.);
#2077=ORIENTED_EDGE('',*,*,#4423,.F.);
#2078=ORIENTED_EDGE('',*,*,#4402,.F.);
#2079=ORIENTED_EDGE('',*,*,#4424,.F.);
#2080=ORIENTED_EDGE('',*,*,#3884,.F.);
#2081=ORIENTED_EDGE('',*,*,#4425,.F.);
#2082=ORIENTED_EDGE('',*,*,#4399,.F.);
#2083=ORIENTED_EDGE('',*,*,#4419,.F.);
#2084=ORIENTED_EDGE('',*,*,#3887,.F.);
#2085=ORIENTED_EDGE('',*,*,#4426,.F.);
#2086=ORIENTED_EDGE('',*,*,#4407,.F.);
#2087=ORIENTED_EDGE('',*,*,#4427,.F.);
#2088=ORIENTED_EDGE('',*,*,#3879,.F.);
#2089=ORIENTED_EDGE('',*,*,#4428,.F.);
#2090=ORIENTED_EDGE('',*,*,#3880,.F.);
#2091=ORIENTED_EDGE('',*,*,#4427,.T.);
#2092=ORIENTED_EDGE('',*,*,#4406,.T.);
#2093=ORIENTED_EDGE('',*,*,#4429,.T.);
#2094=ORIENTED_EDGE('',*,*,#4400,.F.);
#2095=ORIENTED_EDGE('',*,*,#4426,.T.);
#2096=ORIENTED_EDGE('',*,*,#3886,.T.);
#2097=ORIENTED_EDGE('',*,*,#4430,.F.);
#2098=ORIENTED_EDGE('',*,*,#3885,.T.);
#2099=ORIENTED_EDGE('',*,*,#4424,.T.);
#2100=ORIENTED_EDGE('',*,*,#4401,.F.);
#2101=ORIENTED_EDGE('',*,*,#4430,.T.);
#2102=ORIENTED_EDGE('',*,*,#4403,.T.);
#2103=ORIENTED_EDGE('',*,*,#4425,.T.);
#2104=ORIENTED_EDGE('',*,*,#3883,.F.);
#2105=ORIENTED_EDGE('',*,*,#4422,.T.);
#2106=ORIENTED_EDGE('',*,*,#4405,.T.);
#2107=ORIENTED_EDGE('',*,*,#4423,.T.);
#2108=ORIENTED_EDGE('',*,*,#3881,.F.);
#2109=ORIENTED_EDGE('',*,*,#4429,.F.);
#2110=ORIENTED_EDGE('',*,*,#4431,.F.);
#2111=ORIENTED_EDGE('',*,*,#4432,.T.);
#2112=ORIENTED_EDGE('',*,*,#4433,.T.);
#2113=ORIENTED_EDGE('',*,*,#4434,.T.);
#2114=ORIENTED_EDGE('',*,*,#4394,.F.);
#2115=ORIENTED_EDGE('',*,*,#4435,.F.);
#2116=ORIENTED_EDGE('',*,*,#3892,.F.);
#2117=ORIENTED_EDGE('',*,*,#4436,.F.);
#2118=ORIENTED_EDGE('',*,*,#4392,.F.);
#2119=ORIENTED_EDGE('',*,*,#4437,.F.);
#2120=ORIENTED_EDGE('',*,*,#3894,.F.);
#2121=ORIENTED_EDGE('',*,*,#4438,.F.);
#2122=ORIENTED_EDGE('',*,*,#4389,.F.);
#2123=ORIENTED_EDGE('',*,*,#4432,.F.);
#2124=ORIENTED_EDGE('',*,*,#3897,.F.);
#2125=ORIENTED_EDGE('',*,*,#4439,.F.);
#2126=ORIENTED_EDGE('',*,*,#4397,.F.);
#2127=ORIENTED_EDGE('',*,*,#4440,.F.);
#2128=ORIENTED_EDGE('',*,*,#3889,.F.);
#2129=ORIENTED_EDGE('',*,*,#4421,.F.);
#2130=ORIENTED_EDGE('',*,*,#3890,.F.);
#2131=ORIENTED_EDGE('',*,*,#4440,.T.);
#2132=ORIENTED_EDGE('',*,*,#4396,.T.);
#2133=ORIENTED_EDGE('',*,*,#4441,.T.);
#2134=ORIENTED_EDGE('',*,*,#4390,.F.);
#2135=ORIENTED_EDGE('',*,*,#4439,.T.);
#2136=ORIENTED_EDGE('',*,*,#3896,.T.);
#2137=ORIENTED_EDGE('',*,*,#4442,.F.);
#2138=ORIENTED_EDGE('',*,*,#3895,.T.);
#2139=ORIENTED_EDGE('',*,*,#4437,.T.);
#2140=ORIENTED_EDGE('',*,*,#4391,.F.);
#2141=ORIENTED_EDGE('',*,*,#4442,.T.);
#2142=ORIENTED_EDGE('',*,*,#4393,.T.);
#2143=ORIENTED_EDGE('',*,*,#4438,.T.);
#2144=ORIENTED_EDGE('',*,*,#3893,.F.);
#2145=ORIENTED_EDGE('',*,*,#4435,.T.);
#2146=ORIENTED_EDGE('',*,*,#4395,.T.);
#2147=ORIENTED_EDGE('',*,*,#4436,.T.);
#2148=ORIENTED_EDGE('',*,*,#3891,.F.);
#2149=ORIENTED_EDGE('',*,*,#4441,.F.);
#2150=ORIENTED_EDGE('',*,*,#4443,.F.);
#2151=ORIENTED_EDGE('',*,*,#4444,.T.);
#2152=ORIENTED_EDGE('',*,*,#4445,.T.);
#2153=ORIENTED_EDGE('',*,*,#4446,.T.);
#2154=ORIENTED_EDGE('',*,*,#4384,.F.);
#2155=ORIENTED_EDGE('',*,*,#4447,.F.);
#2156=ORIENTED_EDGE('',*,*,#3902,.F.);
#2157=ORIENTED_EDGE('',*,*,#4448,.F.);
#2158=ORIENTED_EDGE('',*,*,#4382,.F.);
#2159=ORIENTED_EDGE('',*,*,#4449,.F.);
#2160=ORIENTED_EDGE('',*,*,#3904,.F.);
#2161=ORIENTED_EDGE('',*,*,#4450,.F.);
#2162=ORIENTED_EDGE('',*,*,#4379,.F.);
#2163=ORIENTED_EDGE('',*,*,#4444,.F.);
#2164=ORIENTED_EDGE('',*,*,#3907,.F.);
#2165=ORIENTED_EDGE('',*,*,#4451,.F.);
#2166=ORIENTED_EDGE('',*,*,#4387,.F.);
#2167=ORIENTED_EDGE('',*,*,#4452,.F.);
#2168=ORIENTED_EDGE('',*,*,#3899,.F.);
#2169=ORIENTED_EDGE('',*,*,#4434,.F.);
#2170=ORIENTED_EDGE('',*,*,#3900,.F.);
#2171=ORIENTED_EDGE('',*,*,#4452,.T.);
#2172=ORIENTED_EDGE('',*,*,#4386,.T.);
#2173=ORIENTED_EDGE('',*,*,#4453,.T.);
#2174=ORIENTED_EDGE('',*,*,#4380,.F.);
#2175=ORIENTED_EDGE('',*,*,#4451,.T.);
#2176=ORIENTED_EDGE('',*,*,#3906,.T.);
#2177=ORIENTED_EDGE('',*,*,#4454,.F.);
#2178=ORIENTED_EDGE('',*,*,#3905,.T.);
#2179=ORIENTED_EDGE('',*,*,#4449,.T.);
#2180=ORIENTED_EDGE('',*,*,#4381,.F.);
#2181=ORIENTED_EDGE('',*,*,#4454,.T.);
#2182=ORIENTED_EDGE('',*,*,#4383,.T.);
#2183=ORIENTED_EDGE('',*,*,#4450,.T.);
#2184=ORIENTED_EDGE('',*,*,#3903,.F.);
#2185=ORIENTED_EDGE('',*,*,#4447,.T.);
#2186=ORIENTED_EDGE('',*,*,#4385,.T.);
#2187=ORIENTED_EDGE('',*,*,#4448,.T.);
#2188=ORIENTED_EDGE('',*,*,#3901,.F.);
#2189=ORIENTED_EDGE('',*,*,#4453,.F.);
#2190=ORIENTED_EDGE('',*,*,#4455,.F.);
#2191=ORIENTED_EDGE('',*,*,#4456,.T.);
#2192=ORIENTED_EDGE('',*,*,#4457,.T.);
#2193=ORIENTED_EDGE('',*,*,#4458,.T.);
#2194=ORIENTED_EDGE('',*,*,#4374,.F.);
#2195=ORIENTED_EDGE('',*,*,#4459,.F.);
#2196=ORIENTED_EDGE('',*,*,#3912,.F.);
#2197=ORIENTED_EDGE('',*,*,#4460,.F.);
#2198=ORIENTED_EDGE('',*,*,#4372,.F.);
#2199=ORIENTED_EDGE('',*,*,#4461,.F.);
#2200=ORIENTED_EDGE('',*,*,#3914,.F.);
#2201=ORIENTED_EDGE('',*,*,#4462,.F.);
#2202=ORIENTED_EDGE('',*,*,#4369,.F.);
#2203=ORIENTED_EDGE('',*,*,#4456,.F.);
#2204=ORIENTED_EDGE('',*,*,#3917,.F.);
#2205=ORIENTED_EDGE('',*,*,#4463,.F.);
#2206=ORIENTED_EDGE('',*,*,#4377,.F.);
#2207=ORIENTED_EDGE('',*,*,#4464,.F.);
#2208=ORIENTED_EDGE('',*,*,#3909,.F.);
#2209=ORIENTED_EDGE('',*,*,#4446,.F.);
#2210=ORIENTED_EDGE('',*,*,#3910,.F.);
#2211=ORIENTED_EDGE('',*,*,#4464,.T.);
#2212=ORIENTED_EDGE('',*,*,#4376,.T.);
#2213=ORIENTED_EDGE('',*,*,#4465,.T.);
#2214=ORIENTED_EDGE('',*,*,#4370,.F.);
#2215=ORIENTED_EDGE('',*,*,#4463,.T.);
#2216=ORIENTED_EDGE('',*,*,#3916,.T.);
#2217=ORIENTED_EDGE('',*,*,#4466,.F.);
#2218=ORIENTED_EDGE('',*,*,#3915,.T.);
#2219=ORIENTED_EDGE('',*,*,#4461,.T.);
#2220=ORIENTED_EDGE('',*,*,#4371,.F.);
#2221=ORIENTED_EDGE('',*,*,#4466,.T.);
#2222=ORIENTED_EDGE('',*,*,#4373,.T.);
#2223=ORIENTED_EDGE('',*,*,#4462,.T.);
#2224=ORIENTED_EDGE('',*,*,#3913,.F.);
#2225=ORIENTED_EDGE('',*,*,#4459,.T.);
#2226=ORIENTED_EDGE('',*,*,#4375,.T.);
#2227=ORIENTED_EDGE('',*,*,#4460,.T.);
#2228=ORIENTED_EDGE('',*,*,#3911,.F.);
#2229=ORIENTED_EDGE('',*,*,#4465,.F.);
#2230=ORIENTED_EDGE('',*,*,#4467,.F.);
#2231=ORIENTED_EDGE('',*,*,#4468,.T.);
#2232=ORIENTED_EDGE('',*,*,#4469,.T.);
#2233=ORIENTED_EDGE('',*,*,#4470,.T.);
#2234=ORIENTED_EDGE('',*,*,#4364,.F.);
#2235=ORIENTED_EDGE('',*,*,#4471,.F.);
#2236=ORIENTED_EDGE('',*,*,#3922,.F.);
#2237=ORIENTED_EDGE('',*,*,#4472,.F.);
#2238=ORIENTED_EDGE('',*,*,#4362,.F.);
#2239=ORIENTED_EDGE('',*,*,#4473,.F.);
#2240=ORIENTED_EDGE('',*,*,#3924,.F.);
#2241=ORIENTED_EDGE('',*,*,#4474,.F.);
#2242=ORIENTED_EDGE('',*,*,#4359,.F.);
#2243=ORIENTED_EDGE('',*,*,#4468,.F.);
#2244=ORIENTED_EDGE('',*,*,#3927,.F.);
#2245=ORIENTED_EDGE('',*,*,#4475,.F.);
#2246=ORIENTED_EDGE('',*,*,#4367,.F.);
#2247=ORIENTED_EDGE('',*,*,#4476,.F.);
#2248=ORIENTED_EDGE('',*,*,#3919,.F.);
#2249=ORIENTED_EDGE('',*,*,#4458,.F.);
#2250=ORIENTED_EDGE('',*,*,#3920,.F.);
#2251=ORIENTED_EDGE('',*,*,#4476,.T.);
#2252=ORIENTED_EDGE('',*,*,#4366,.T.);
#2253=ORIENTED_EDGE('',*,*,#4477,.T.);
#2254=ORIENTED_EDGE('',*,*,#4360,.F.);
#2255=ORIENTED_EDGE('',*,*,#4475,.T.);
#2256=ORIENTED_EDGE('',*,*,#3926,.T.);
#2257=ORIENTED_EDGE('',*,*,#4478,.F.);
#2258=ORIENTED_EDGE('',*,*,#3925,.T.);
#2259=ORIENTED_EDGE('',*,*,#4473,.T.);
#2260=ORIENTED_EDGE('',*,*,#4361,.F.);
#2261=ORIENTED_EDGE('',*,*,#4478,.T.);
#2262=ORIENTED_EDGE('',*,*,#4363,.T.);
#2263=ORIENTED_EDGE('',*,*,#4474,.T.);
#2264=ORIENTED_EDGE('',*,*,#3923,.F.);
#2265=ORIENTED_EDGE('',*,*,#4471,.T.);
#2266=ORIENTED_EDGE('',*,*,#4365,.T.);
#2267=ORIENTED_EDGE('',*,*,#4472,.T.);
#2268=ORIENTED_EDGE('',*,*,#3921,.F.);
#2269=ORIENTED_EDGE('',*,*,#4477,.F.);
#2270=ORIENTED_EDGE('',*,*,#4479,.F.);
#2271=ORIENTED_EDGE('',*,*,#4480,.T.);
#2272=ORIENTED_EDGE('',*,*,#4481,.T.);
#2273=ORIENTED_EDGE('',*,*,#4482,.T.);
#2274=ORIENTED_EDGE('',*,*,#4354,.F.);
#2275=ORIENTED_EDGE('',*,*,#4483,.F.);
#2276=ORIENTED_EDGE('',*,*,#3932,.F.);
#2277=ORIENTED_EDGE('',*,*,#4484,.F.);
#2278=ORIENTED_EDGE('',*,*,#4352,.F.);
#2279=ORIENTED_EDGE('',*,*,#4485,.F.);
#2280=ORIENTED_EDGE('',*,*,#3934,.F.);
#2281=ORIENTED_EDGE('',*,*,#4486,.F.);
#2282=ORIENTED_EDGE('',*,*,#4349,.F.);
#2283=ORIENTED_EDGE('',*,*,#4480,.F.);
#2284=ORIENTED_EDGE('',*,*,#3937,.F.);
#2285=ORIENTED_EDGE('',*,*,#4487,.F.);
#2286=ORIENTED_EDGE('',*,*,#4357,.F.);
#2287=ORIENTED_EDGE('',*,*,#4488,.F.);
#2288=ORIENTED_EDGE('',*,*,#3929,.F.);
#2289=ORIENTED_EDGE('',*,*,#4470,.F.);
#2290=ORIENTED_EDGE('',*,*,#3930,.F.);
#2291=ORIENTED_EDGE('',*,*,#4488,.T.);
#2292=ORIENTED_EDGE('',*,*,#4356,.T.);
#2293=ORIENTED_EDGE('',*,*,#4489,.T.);
#2294=ORIENTED_EDGE('',*,*,#4350,.F.);
#2295=ORIENTED_EDGE('',*,*,#4487,.T.);
#2296=ORIENTED_EDGE('',*,*,#3936,.T.);
#2297=ORIENTED_EDGE('',*,*,#4490,.F.);
#2298=ORIENTED_EDGE('',*,*,#3935,.T.);
#2299=ORIENTED_EDGE('',*,*,#4485,.T.);
#2300=ORIENTED_EDGE('',*,*,#4351,.F.);
#2301=ORIENTED_EDGE('',*,*,#4490,.T.);
#2302=ORIENTED_EDGE('',*,*,#4353,.T.);
#2303=ORIENTED_EDGE('',*,*,#4486,.T.);
#2304=ORIENTED_EDGE('',*,*,#3933,.F.);
#2305=ORIENTED_EDGE('',*,*,#4483,.T.);
#2306=ORIENTED_EDGE('',*,*,#4355,.T.);
#2307=ORIENTED_EDGE('',*,*,#4484,.T.);
#2308=ORIENTED_EDGE('',*,*,#3931,.F.);
#2309=ORIENTED_EDGE('',*,*,#4489,.F.);
#2310=ORIENTED_EDGE('',*,*,#4491,.F.);
#2311=ORIENTED_EDGE('',*,*,#4492,.T.);
#2312=ORIENTED_EDGE('',*,*,#4493,.T.);
#2313=ORIENTED_EDGE('',*,*,#4494,.T.);
#2314=ORIENTED_EDGE('',*,*,#4344,.F.);
#2315=ORIENTED_EDGE('',*,*,#4495,.F.);
#2316=ORIENTED_EDGE('',*,*,#3942,.F.);
#2317=ORIENTED_EDGE('',*,*,#4496,.F.);
#2318=ORIENTED_EDGE('',*,*,#4342,.F.);
#2319=ORIENTED_EDGE('',*,*,#4497,.F.);
#2320=ORIENTED_EDGE('',*,*,#3944,.F.);
#2321=ORIENTED_EDGE('',*,*,#4498,.F.);
#2322=ORIENTED_EDGE('',*,*,#4339,.F.);
#2323=ORIENTED_EDGE('',*,*,#4492,.F.);
#2324=ORIENTED_EDGE('',*,*,#3947,.F.);
#2325=ORIENTED_EDGE('',*,*,#4499,.F.);
#2326=ORIENTED_EDGE('',*,*,#4347,.F.);
#2327=ORIENTED_EDGE('',*,*,#4500,.F.);
#2328=ORIENTED_EDGE('',*,*,#3939,.F.);
#2329=ORIENTED_EDGE('',*,*,#4482,.F.);
#2330=ORIENTED_EDGE('',*,*,#3940,.F.);
#2331=ORIENTED_EDGE('',*,*,#4500,.T.);
#2332=ORIENTED_EDGE('',*,*,#4346,.T.);
#2333=ORIENTED_EDGE('',*,*,#4501,.T.);
#2334=ORIENTED_EDGE('',*,*,#4340,.F.);
#2335=ORIENTED_EDGE('',*,*,#4499,.T.);
#2336=ORIENTED_EDGE('',*,*,#3946,.T.);
#2337=ORIENTED_EDGE('',*,*,#4502,.F.);
#2338=ORIENTED_EDGE('',*,*,#3945,.T.);
#2339=ORIENTED_EDGE('',*,*,#4497,.T.);
#2340=ORIENTED_EDGE('',*,*,#4341,.F.);
#2341=ORIENTED_EDGE('',*,*,#4502,.T.);
#2342=ORIENTED_EDGE('',*,*,#4343,.T.);
#2343=ORIENTED_EDGE('',*,*,#4498,.T.);
#2344=ORIENTED_EDGE('',*,*,#3943,.F.);
#2345=ORIENTED_EDGE('',*,*,#4495,.T.);
#2346=ORIENTED_EDGE('',*,*,#4345,.T.);
#2347=ORIENTED_EDGE('',*,*,#4496,.T.);
#2348=ORIENTED_EDGE('',*,*,#3941,.F.);
#2349=ORIENTED_EDGE('',*,*,#4501,.F.);
#2350=ORIENTED_EDGE('',*,*,#4503,.F.);
#2351=ORIENTED_EDGE('',*,*,#4504,.T.);
#2352=ORIENTED_EDGE('',*,*,#4505,.T.);
#2353=ORIENTED_EDGE('',*,*,#4506,.T.);
#2354=ORIENTED_EDGE('',*,*,#4334,.F.);
#2355=ORIENTED_EDGE('',*,*,#4507,.F.);
#2356=ORIENTED_EDGE('',*,*,#3952,.F.);
#2357=ORIENTED_EDGE('',*,*,#4508,.F.);
#2358=ORIENTED_EDGE('',*,*,#4332,.F.);
#2359=ORIENTED_EDGE('',*,*,#4509,.F.);
#2360=ORIENTED_EDGE('',*,*,#3954,.F.);
#2361=ORIENTED_EDGE('',*,*,#4510,.F.);
#2362=ORIENTED_EDGE('',*,*,#4329,.F.);
#2363=ORIENTED_EDGE('',*,*,#4504,.F.);
#2364=ORIENTED_EDGE('',*,*,#3957,.F.);
#2365=ORIENTED_EDGE('',*,*,#4511,.F.);
#2366=ORIENTED_EDGE('',*,*,#4337,.F.);
#2367=ORIENTED_EDGE('',*,*,#4512,.F.);
#2368=ORIENTED_EDGE('',*,*,#3949,.F.);
#2369=ORIENTED_EDGE('',*,*,#4494,.F.);
#2370=ORIENTED_EDGE('',*,*,#3950,.F.);
#2371=ORIENTED_EDGE('',*,*,#4512,.T.);
#2372=ORIENTED_EDGE('',*,*,#4336,.T.);
#2373=ORIENTED_EDGE('',*,*,#4513,.T.);
#2374=ORIENTED_EDGE('',*,*,#4330,.F.);
#2375=ORIENTED_EDGE('',*,*,#4511,.T.);
#2376=ORIENTED_EDGE('',*,*,#3956,.T.);
#2377=ORIENTED_EDGE('',*,*,#4514,.F.);
#2378=ORIENTED_EDGE('',*,*,#3955,.T.);
#2379=ORIENTED_EDGE('',*,*,#4509,.T.);
#2380=ORIENTED_EDGE('',*,*,#4331,.F.);
#2381=ORIENTED_EDGE('',*,*,#4514,.T.);
#2382=ORIENTED_EDGE('',*,*,#4333,.T.);
#2383=ORIENTED_EDGE('',*,*,#4510,.T.);
#2384=ORIENTED_EDGE('',*,*,#3953,.F.);
#2385=ORIENTED_EDGE('',*,*,#4507,.T.);
#2386=ORIENTED_EDGE('',*,*,#4335,.T.);
#2387=ORIENTED_EDGE('',*,*,#4508,.T.);
#2388=ORIENTED_EDGE('',*,*,#3951,.F.);
#2389=ORIENTED_EDGE('',*,*,#4513,.F.);
#2390=ORIENTED_EDGE('',*,*,#4515,.F.);
#2391=ORIENTED_EDGE('',*,*,#4516,.T.);
#2392=ORIENTED_EDGE('',*,*,#4517,.T.);
#2393=ORIENTED_EDGE('',*,*,#4518,.T.);
#2394=ORIENTED_EDGE('',*,*,#4324,.F.);
#2395=ORIENTED_EDGE('',*,*,#4519,.F.);
#2396=ORIENTED_EDGE('',*,*,#3962,.F.);
#2397=ORIENTED_EDGE('',*,*,#4520,.F.);
#2398=ORIENTED_EDGE('',*,*,#4322,.F.);
#2399=ORIENTED_EDGE('',*,*,#4521,.F.);
#2400=ORIENTED_EDGE('',*,*,#3964,.F.);
#2401=ORIENTED_EDGE('',*,*,#4522,.F.);
#2402=ORIENTED_EDGE('',*,*,#4319,.F.);
#2403=ORIENTED_EDGE('',*,*,#4516,.F.);
#2404=ORIENTED_EDGE('',*,*,#3967,.F.);
#2405=ORIENTED_EDGE('',*,*,#4523,.F.);
#2406=ORIENTED_EDGE('',*,*,#4327,.F.);
#2407=ORIENTED_EDGE('',*,*,#4524,.F.);
#2408=ORIENTED_EDGE('',*,*,#3959,.F.);
#2409=ORIENTED_EDGE('',*,*,#4506,.F.);
#2410=ORIENTED_EDGE('',*,*,#3960,.F.);
#2411=ORIENTED_EDGE('',*,*,#4524,.T.);
#2412=ORIENTED_EDGE('',*,*,#4326,.T.);
#2413=ORIENTED_EDGE('',*,*,#4525,.T.);
#2414=ORIENTED_EDGE('',*,*,#4320,.F.);
#2415=ORIENTED_EDGE('',*,*,#4523,.T.);
#2416=ORIENTED_EDGE('',*,*,#3966,.T.);
#2417=ORIENTED_EDGE('',*,*,#4526,.F.);
#2418=ORIENTED_EDGE('',*,*,#3965,.T.);
#2419=ORIENTED_EDGE('',*,*,#4521,.T.);
#2420=ORIENTED_EDGE('',*,*,#4321,.F.);
#2421=ORIENTED_EDGE('',*,*,#4526,.T.);
#2422=ORIENTED_EDGE('',*,*,#4323,.T.);
#2423=ORIENTED_EDGE('',*,*,#4522,.T.);
#2424=ORIENTED_EDGE('',*,*,#3963,.F.);
#2425=ORIENTED_EDGE('',*,*,#4519,.T.);
#2426=ORIENTED_EDGE('',*,*,#4325,.T.);
#2427=ORIENTED_EDGE('',*,*,#4520,.T.);
#2428=ORIENTED_EDGE('',*,*,#3961,.F.);
#2429=ORIENTED_EDGE('',*,*,#4525,.F.);
#2430=ORIENTED_EDGE('',*,*,#4527,.F.);
#2431=ORIENTED_EDGE('',*,*,#4528,.T.);
#2432=ORIENTED_EDGE('',*,*,#4529,.T.);
#2433=ORIENTED_EDGE('',*,*,#4530,.T.);
#2434=ORIENTED_EDGE('',*,*,#4314,.F.);
#2435=ORIENTED_EDGE('',*,*,#4531,.F.);
#2436=ORIENTED_EDGE('',*,*,#3972,.F.);
#2437=ORIENTED_EDGE('',*,*,#4532,.F.);
#2438=ORIENTED_EDGE('',*,*,#4312,.F.);
#2439=ORIENTED_EDGE('',*,*,#4533,.F.);
#2440=ORIENTED_EDGE('',*,*,#3974,.F.);
#2441=ORIENTED_EDGE('',*,*,#4534,.F.);
#2442=ORIENTED_EDGE('',*,*,#4309,.F.);
#2443=ORIENTED_EDGE('',*,*,#4528,.F.);
#2444=ORIENTED_EDGE('',*,*,#3977,.F.);
#2445=ORIENTED_EDGE('',*,*,#4535,.F.);
#2446=ORIENTED_EDGE('',*,*,#4317,.F.);
#2447=ORIENTED_EDGE('',*,*,#4536,.F.);
#2448=ORIENTED_EDGE('',*,*,#3969,.F.);
#2449=ORIENTED_EDGE('',*,*,#4518,.F.);
#2450=ORIENTED_EDGE('',*,*,#3970,.F.);
#2451=ORIENTED_EDGE('',*,*,#4536,.T.);
#2452=ORIENTED_EDGE('',*,*,#4316,.T.);
#2453=ORIENTED_EDGE('',*,*,#4537,.T.);
#2454=ORIENTED_EDGE('',*,*,#4310,.F.);
#2455=ORIENTED_EDGE('',*,*,#4535,.T.);
#2456=ORIENTED_EDGE('',*,*,#3976,.T.);
#2457=ORIENTED_EDGE('',*,*,#4538,.F.);
#2458=ORIENTED_EDGE('',*,*,#3975,.T.);
#2459=ORIENTED_EDGE('',*,*,#4533,.T.);
#2460=ORIENTED_EDGE('',*,*,#4311,.F.);
#2461=ORIENTED_EDGE('',*,*,#4538,.T.);
#2462=ORIENTED_EDGE('',*,*,#4313,.T.);
#2463=ORIENTED_EDGE('',*,*,#4534,.T.);
#2464=ORIENTED_EDGE('',*,*,#3973,.F.);
#2465=ORIENTED_EDGE('',*,*,#4531,.T.);
#2466=ORIENTED_EDGE('',*,*,#4315,.T.);
#2467=ORIENTED_EDGE('',*,*,#4532,.T.);
#2468=ORIENTED_EDGE('',*,*,#3971,.F.);
#2469=ORIENTED_EDGE('',*,*,#4537,.F.);
#2470=ORIENTED_EDGE('',*,*,#4539,.F.);
#2471=ORIENTED_EDGE('',*,*,#4540,.T.);
#2472=ORIENTED_EDGE('',*,*,#4541,.T.);
#2473=ORIENTED_EDGE('',*,*,#4542,.T.);
#2474=ORIENTED_EDGE('',*,*,#4304,.F.);
#2475=ORIENTED_EDGE('',*,*,#4543,.F.);
#2476=ORIENTED_EDGE('',*,*,#3982,.F.);
#2477=ORIENTED_EDGE('',*,*,#4544,.F.);
#2478=ORIENTED_EDGE('',*,*,#4302,.F.);
#2479=ORIENTED_EDGE('',*,*,#4545,.F.);
#2480=ORIENTED_EDGE('',*,*,#3984,.F.);
#2481=ORIENTED_EDGE('',*,*,#4546,.F.);
#2482=ORIENTED_EDGE('',*,*,#4299,.F.);
#2483=ORIENTED_EDGE('',*,*,#4540,.F.);
#2484=ORIENTED_EDGE('',*,*,#3987,.F.);
#2485=ORIENTED_EDGE('',*,*,#4547,.F.);
#2486=ORIENTED_EDGE('',*,*,#4307,.F.);
#2487=ORIENTED_EDGE('',*,*,#4548,.F.);
#2488=ORIENTED_EDGE('',*,*,#3979,.F.);
#2489=ORIENTED_EDGE('',*,*,#4530,.F.);
#2490=ORIENTED_EDGE('',*,*,#3980,.F.);
#2491=ORIENTED_EDGE('',*,*,#4548,.T.);
#2492=ORIENTED_EDGE('',*,*,#4306,.T.);
#2493=ORIENTED_EDGE('',*,*,#4549,.T.);
#2494=ORIENTED_EDGE('',*,*,#4300,.F.);
#2495=ORIENTED_EDGE('',*,*,#4547,.T.);
#2496=ORIENTED_EDGE('',*,*,#3986,.T.);
#2497=ORIENTED_EDGE('',*,*,#4550,.F.);
#2498=ORIENTED_EDGE('',*,*,#3985,.T.);
#2499=ORIENTED_EDGE('',*,*,#4545,.T.);
#2500=ORIENTED_EDGE('',*,*,#4301,.F.);
#2501=ORIENTED_EDGE('',*,*,#4550,.T.);
#2502=ORIENTED_EDGE('',*,*,#4303,.T.);
#2503=ORIENTED_EDGE('',*,*,#4546,.T.);
#2504=ORIENTED_EDGE('',*,*,#3983,.F.);
#2505=ORIENTED_EDGE('',*,*,#4543,.T.);
#2506=ORIENTED_EDGE('',*,*,#4305,.T.);
#2507=ORIENTED_EDGE('',*,*,#4544,.T.);
#2508=ORIENTED_EDGE('',*,*,#3981,.F.);
#2509=ORIENTED_EDGE('',*,*,#4549,.F.);
#2510=ORIENTED_EDGE('',*,*,#4551,.F.);
#2511=ORIENTED_EDGE('',*,*,#4552,.T.);
#2512=ORIENTED_EDGE('',*,*,#4553,.T.);
#2513=ORIENTED_EDGE('',*,*,#4554,.T.);
#2514=ORIENTED_EDGE('',*,*,#4294,.F.);
#2515=ORIENTED_EDGE('',*,*,#4555,.F.);
#2516=ORIENTED_EDGE('',*,*,#3992,.F.);
#2517=ORIENTED_EDGE('',*,*,#4556,.F.);
#2518=ORIENTED_EDGE('',*,*,#4292,.F.);
#2519=ORIENTED_EDGE('',*,*,#4557,.F.);
#2520=ORIENTED_EDGE('',*,*,#3994,.F.);
#2521=ORIENTED_EDGE('',*,*,#4558,.F.);
#2522=ORIENTED_EDGE('',*,*,#4289,.F.);
#2523=ORIENTED_EDGE('',*,*,#4552,.F.);
#2524=ORIENTED_EDGE('',*,*,#3997,.F.);
#2525=ORIENTED_EDGE('',*,*,#4559,.F.);
#2526=ORIENTED_EDGE('',*,*,#4297,.F.);
#2527=ORIENTED_EDGE('',*,*,#4560,.F.);
#2528=ORIENTED_EDGE('',*,*,#3989,.F.);
#2529=ORIENTED_EDGE('',*,*,#4542,.F.);
#2530=ORIENTED_EDGE('',*,*,#3990,.F.);
#2531=ORIENTED_EDGE('',*,*,#4560,.T.);
#2532=ORIENTED_EDGE('',*,*,#4296,.T.);
#2533=ORIENTED_EDGE('',*,*,#4561,.T.);
#2534=ORIENTED_EDGE('',*,*,#4290,.F.);
#2535=ORIENTED_EDGE('',*,*,#4559,.T.);
#2536=ORIENTED_EDGE('',*,*,#3996,.T.);
#2537=ORIENTED_EDGE('',*,*,#4562,.F.);
#2538=ORIENTED_EDGE('',*,*,#3995,.T.);
#2539=ORIENTED_EDGE('',*,*,#4557,.T.);
#2540=ORIENTED_EDGE('',*,*,#4291,.F.);
#2541=ORIENTED_EDGE('',*,*,#4562,.T.);
#2542=ORIENTED_EDGE('',*,*,#4293,.T.);
#2543=ORIENTED_EDGE('',*,*,#4558,.T.);
#2544=ORIENTED_EDGE('',*,*,#3993,.F.);
#2545=ORIENTED_EDGE('',*,*,#4555,.T.);
#2546=ORIENTED_EDGE('',*,*,#4295,.T.);
#2547=ORIENTED_EDGE('',*,*,#4556,.T.);
#2548=ORIENTED_EDGE('',*,*,#3991,.F.);
#2549=ORIENTED_EDGE('',*,*,#4561,.F.);
#2550=ORIENTED_EDGE('',*,*,#4563,.F.);
#2551=ORIENTED_EDGE('',*,*,#4564,.T.);
#2552=ORIENTED_EDGE('',*,*,#4565,.T.);
#2553=ORIENTED_EDGE('',*,*,#4566,.T.);
#2554=ORIENTED_EDGE('',*,*,#4284,.F.);
#2555=ORIENTED_EDGE('',*,*,#4567,.F.);
#2556=ORIENTED_EDGE('',*,*,#4002,.F.);
#2557=ORIENTED_EDGE('',*,*,#4568,.F.);
#2558=ORIENTED_EDGE('',*,*,#4282,.F.);
#2559=ORIENTED_EDGE('',*,*,#4569,.F.);
#2560=ORIENTED_EDGE('',*,*,#4004,.F.);
#2561=ORIENTED_EDGE('',*,*,#4570,.F.);
#2562=ORIENTED_EDGE('',*,*,#4279,.F.);
#2563=ORIENTED_EDGE('',*,*,#4564,.F.);
#2564=ORIENTED_EDGE('',*,*,#4007,.F.);
#2565=ORIENTED_EDGE('',*,*,#4571,.F.);
#2566=ORIENTED_EDGE('',*,*,#4287,.F.);
#2567=ORIENTED_EDGE('',*,*,#4572,.F.);
#2568=ORIENTED_EDGE('',*,*,#3999,.F.);
#2569=ORIENTED_EDGE('',*,*,#4554,.F.);
#2570=ORIENTED_EDGE('',*,*,#4000,.F.);
#2571=ORIENTED_EDGE('',*,*,#4572,.T.);
#2572=ORIENTED_EDGE('',*,*,#4286,.T.);
#2573=ORIENTED_EDGE('',*,*,#4573,.T.);
#2574=ORIENTED_EDGE('',*,*,#4280,.F.);
#2575=ORIENTED_EDGE('',*,*,#4571,.T.);
#2576=ORIENTED_EDGE('',*,*,#4006,.T.);
#2577=ORIENTED_EDGE('',*,*,#4574,.F.);
#2578=ORIENTED_EDGE('',*,*,#4005,.T.);
#2579=ORIENTED_EDGE('',*,*,#4569,.T.);
#2580=ORIENTED_EDGE('',*,*,#4281,.F.);
#2581=ORIENTED_EDGE('',*,*,#4574,.T.);
#2582=ORIENTED_EDGE('',*,*,#4283,.T.);
#2583=ORIENTED_EDGE('',*,*,#4570,.T.);
#2584=ORIENTED_EDGE('',*,*,#4003,.F.);
#2585=ORIENTED_EDGE('',*,*,#4567,.T.);
#2586=ORIENTED_EDGE('',*,*,#4285,.T.);
#2587=ORIENTED_EDGE('',*,*,#4568,.T.);
#2588=ORIENTED_EDGE('',*,*,#4001,.F.);
#2589=ORIENTED_EDGE('',*,*,#4573,.F.);
#2590=ORIENTED_EDGE('',*,*,#4575,.F.);
#2591=ORIENTED_EDGE('',*,*,#4576,.T.);
#2592=ORIENTED_EDGE('',*,*,#4577,.T.);
#2593=ORIENTED_EDGE('',*,*,#4578,.T.);
#2594=ORIENTED_EDGE('',*,*,#4274,.F.);
#2595=ORIENTED_EDGE('',*,*,#4579,.F.);
#2596=ORIENTED_EDGE('',*,*,#4012,.F.);
#2597=ORIENTED_EDGE('',*,*,#4580,.F.);
#2598=ORIENTED_EDGE('',*,*,#4272,.F.);
#2599=ORIENTED_EDGE('',*,*,#4581,.F.);
#2600=ORIENTED_EDGE('',*,*,#4014,.F.);
#2601=ORIENTED_EDGE('',*,*,#4582,.F.);
#2602=ORIENTED_EDGE('',*,*,#4269,.F.);
#2603=ORIENTED_EDGE('',*,*,#4576,.F.);
#2604=ORIENTED_EDGE('',*,*,#4017,.F.);
#2605=ORIENTED_EDGE('',*,*,#4583,.F.);
#2606=ORIENTED_EDGE('',*,*,#4277,.F.);
#2607=ORIENTED_EDGE('',*,*,#4584,.F.);
#2608=ORIENTED_EDGE('',*,*,#4009,.F.);
#2609=ORIENTED_EDGE('',*,*,#4566,.F.);
#2610=ORIENTED_EDGE('',*,*,#4010,.F.);
#2611=ORIENTED_EDGE('',*,*,#4584,.T.);
#2612=ORIENTED_EDGE('',*,*,#4276,.T.);
#2613=ORIENTED_EDGE('',*,*,#4585,.T.);
#2614=ORIENTED_EDGE('',*,*,#4270,.F.);
#2615=ORIENTED_EDGE('',*,*,#4583,.T.);
#2616=ORIENTED_EDGE('',*,*,#4016,.T.);
#2617=ORIENTED_EDGE('',*,*,#4586,.F.);
#2618=ORIENTED_EDGE('',*,*,#4015,.T.);
#2619=ORIENTED_EDGE('',*,*,#4581,.T.);
#2620=ORIENTED_EDGE('',*,*,#4271,.F.);
#2621=ORIENTED_EDGE('',*,*,#4586,.T.);
#2622=ORIENTED_EDGE('',*,*,#4273,.T.);
#2623=ORIENTED_EDGE('',*,*,#4582,.T.);
#2624=ORIENTED_EDGE('',*,*,#4013,.F.);
#2625=ORIENTED_EDGE('',*,*,#4579,.T.);
#2626=ORIENTED_EDGE('',*,*,#4275,.T.);
#2627=ORIENTED_EDGE('',*,*,#4580,.T.);
#2628=ORIENTED_EDGE('',*,*,#4011,.F.);
#2629=ORIENTED_EDGE('',*,*,#4585,.F.);
#2630=ORIENTED_EDGE('',*,*,#4587,.F.);
#2631=ORIENTED_EDGE('',*,*,#4588,.T.);
#2632=ORIENTED_EDGE('',*,*,#4589,.T.);
#2633=ORIENTED_EDGE('',*,*,#4590,.T.);
#2634=ORIENTED_EDGE('',*,*,#4264,.F.);
#2635=ORIENTED_EDGE('',*,*,#4591,.F.);
#2636=ORIENTED_EDGE('',*,*,#4022,.F.);
#2637=ORIENTED_EDGE('',*,*,#4592,.F.);
#2638=ORIENTED_EDGE('',*,*,#4262,.F.);
#2639=ORIENTED_EDGE('',*,*,#4593,.F.);
#2640=ORIENTED_EDGE('',*,*,#4024,.F.);
#2641=ORIENTED_EDGE('',*,*,#4594,.F.);
#2642=ORIENTED_EDGE('',*,*,#4259,.F.);
#2643=ORIENTED_EDGE('',*,*,#4588,.F.);
#2644=ORIENTED_EDGE('',*,*,#4027,.F.);
#2645=ORIENTED_EDGE('',*,*,#4595,.F.);
#2646=ORIENTED_EDGE('',*,*,#4267,.F.);
#2647=ORIENTED_EDGE('',*,*,#4596,.F.);
#2648=ORIENTED_EDGE('',*,*,#4019,.F.);
#2649=ORIENTED_EDGE('',*,*,#4578,.F.);
#2650=ORIENTED_EDGE('',*,*,#4020,.F.);
#2651=ORIENTED_EDGE('',*,*,#4596,.T.);
#2652=ORIENTED_EDGE('',*,*,#4266,.T.);
#2653=ORIENTED_EDGE('',*,*,#4597,.T.);
#2654=ORIENTED_EDGE('',*,*,#4260,.F.);
#2655=ORIENTED_EDGE('',*,*,#4595,.T.);
#2656=ORIENTED_EDGE('',*,*,#4026,.T.);
#2657=ORIENTED_EDGE('',*,*,#4598,.F.);
#2658=ORIENTED_EDGE('',*,*,#4025,.T.);
#2659=ORIENTED_EDGE('',*,*,#4593,.T.);
#2660=ORIENTED_EDGE('',*,*,#4261,.F.);
#2661=ORIENTED_EDGE('',*,*,#4598,.T.);
#2662=ORIENTED_EDGE('',*,*,#4263,.T.);
#2663=ORIENTED_EDGE('',*,*,#4594,.T.);
#2664=ORIENTED_EDGE('',*,*,#4023,.F.);
#2665=ORIENTED_EDGE('',*,*,#4591,.T.);
#2666=ORIENTED_EDGE('',*,*,#4265,.T.);
#2667=ORIENTED_EDGE('',*,*,#4592,.T.);
#2668=ORIENTED_EDGE('',*,*,#4021,.F.);
#2669=ORIENTED_EDGE('',*,*,#4597,.F.);
#2670=ORIENTED_EDGE('',*,*,#4599,.F.);
#2671=ORIENTED_EDGE('',*,*,#4600,.T.);
#2672=ORIENTED_EDGE('',*,*,#4601,.T.);
#2673=ORIENTED_EDGE('',*,*,#4602,.T.);
#2674=ORIENTED_EDGE('',*,*,#4254,.F.);
#2675=ORIENTED_EDGE('',*,*,#4603,.F.);
#2676=ORIENTED_EDGE('',*,*,#4032,.F.);
#2677=ORIENTED_EDGE('',*,*,#4604,.F.);
#2678=ORIENTED_EDGE('',*,*,#4252,.F.);
#2679=ORIENTED_EDGE('',*,*,#4605,.F.);
#2680=ORIENTED_EDGE('',*,*,#4034,.F.);
#2681=ORIENTED_EDGE('',*,*,#4606,.F.);
#2682=ORIENTED_EDGE('',*,*,#4249,.F.);
#2683=ORIENTED_EDGE('',*,*,#4600,.F.);
#2684=ORIENTED_EDGE('',*,*,#4037,.F.);
#2685=ORIENTED_EDGE('',*,*,#4607,.F.);
#2686=ORIENTED_EDGE('',*,*,#4257,.F.);
#2687=ORIENTED_EDGE('',*,*,#4608,.F.);
#2688=ORIENTED_EDGE('',*,*,#4029,.F.);
#2689=ORIENTED_EDGE('',*,*,#4590,.F.);
#2690=ORIENTED_EDGE('',*,*,#4030,.F.);
#2691=ORIENTED_EDGE('',*,*,#4608,.T.);
#2692=ORIENTED_EDGE('',*,*,#4256,.T.);
#2693=ORIENTED_EDGE('',*,*,#4609,.T.);
#2694=ORIENTED_EDGE('',*,*,#4250,.F.);
#2695=ORIENTED_EDGE('',*,*,#4607,.T.);
#2696=ORIENTED_EDGE('',*,*,#4036,.T.);
#2697=ORIENTED_EDGE('',*,*,#4610,.F.);
#2698=ORIENTED_EDGE('',*,*,#4035,.T.);
#2699=ORIENTED_EDGE('',*,*,#4605,.T.);
#2700=ORIENTED_EDGE('',*,*,#4251,.F.);
#2701=ORIENTED_EDGE('',*,*,#4610,.T.);
#2702=ORIENTED_EDGE('',*,*,#4253,.T.);
#2703=ORIENTED_EDGE('',*,*,#4606,.T.);
#2704=ORIENTED_EDGE('',*,*,#4033,.F.);
#2705=ORIENTED_EDGE('',*,*,#4603,.T.);
#2706=ORIENTED_EDGE('',*,*,#4255,.T.);
#2707=ORIENTED_EDGE('',*,*,#4604,.T.);
#2708=ORIENTED_EDGE('',*,*,#4031,.F.);
#2709=ORIENTED_EDGE('',*,*,#4609,.F.);
#2710=ORIENTED_EDGE('',*,*,#4611,.F.);
#2711=ORIENTED_EDGE('',*,*,#4612,.T.);
#2712=ORIENTED_EDGE('',*,*,#4613,.T.);
#2713=ORIENTED_EDGE('',*,*,#4614,.T.);
#2714=ORIENTED_EDGE('',*,*,#4244,.F.);
#2715=ORIENTED_EDGE('',*,*,#4615,.F.);
#2716=ORIENTED_EDGE('',*,*,#4042,.F.);
#2717=ORIENTED_EDGE('',*,*,#4616,.F.);
#2718=ORIENTED_EDGE('',*,*,#4242,.F.);
#2719=ORIENTED_EDGE('',*,*,#4617,.F.);
#2720=ORIENTED_EDGE('',*,*,#4044,.F.);
#2721=ORIENTED_EDGE('',*,*,#4618,.F.);
#2722=ORIENTED_EDGE('',*,*,#4239,.F.);
#2723=ORIENTED_EDGE('',*,*,#4612,.F.);
#2724=ORIENTED_EDGE('',*,*,#4047,.F.);
#2725=ORIENTED_EDGE('',*,*,#4619,.F.);
#2726=ORIENTED_EDGE('',*,*,#4247,.F.);
#2727=ORIENTED_EDGE('',*,*,#4620,.F.);
#2728=ORIENTED_EDGE('',*,*,#4039,.F.);
#2729=ORIENTED_EDGE('',*,*,#4602,.F.);
#2730=ORIENTED_EDGE('',*,*,#4040,.F.);
#2731=ORIENTED_EDGE('',*,*,#4620,.T.);
#2732=ORIENTED_EDGE('',*,*,#4246,.T.);
#2733=ORIENTED_EDGE('',*,*,#4621,.T.);
#2734=ORIENTED_EDGE('',*,*,#4240,.F.);
#2735=ORIENTED_EDGE('',*,*,#4619,.T.);
#2736=ORIENTED_EDGE('',*,*,#4046,.T.);
#2737=ORIENTED_EDGE('',*,*,#4622,.F.);
#2738=ORIENTED_EDGE('',*,*,#4045,.T.);
#2739=ORIENTED_EDGE('',*,*,#4617,.T.);
#2740=ORIENTED_EDGE('',*,*,#4241,.F.);
#2741=ORIENTED_EDGE('',*,*,#4622,.T.);
#2742=ORIENTED_EDGE('',*,*,#4243,.T.);
#2743=ORIENTED_EDGE('',*,*,#4618,.T.);
#2744=ORIENTED_EDGE('',*,*,#4043,.F.);
#2745=ORIENTED_EDGE('',*,*,#4615,.T.);
#2746=ORIENTED_EDGE('',*,*,#4245,.T.);
#2747=ORIENTED_EDGE('',*,*,#4616,.T.);
#2748=ORIENTED_EDGE('',*,*,#4041,.F.);
#2749=ORIENTED_EDGE('',*,*,#4621,.F.);
#2750=ORIENTED_EDGE('',*,*,#4623,.F.);
#2751=ORIENTED_EDGE('',*,*,#4624,.T.);
#2752=ORIENTED_EDGE('',*,*,#4625,.T.);
#2753=ORIENTED_EDGE('',*,*,#4626,.T.);
#2754=ORIENTED_EDGE('',*,*,#4234,.F.);
#2755=ORIENTED_EDGE('',*,*,#4627,.F.);
#2756=ORIENTED_EDGE('',*,*,#4052,.F.);
#2757=ORIENTED_EDGE('',*,*,#4628,.F.);
#2758=ORIENTED_EDGE('',*,*,#4232,.F.);
#2759=ORIENTED_EDGE('',*,*,#4629,.F.);
#2760=ORIENTED_EDGE('',*,*,#4054,.F.);
#2761=ORIENTED_EDGE('',*,*,#4630,.F.);
#2762=ORIENTED_EDGE('',*,*,#4229,.F.);
#2763=ORIENTED_EDGE('',*,*,#4624,.F.);
#2764=ORIENTED_EDGE('',*,*,#4057,.F.);
#2765=ORIENTED_EDGE('',*,*,#4631,.F.);
#2766=ORIENTED_EDGE('',*,*,#4237,.F.);
#2767=ORIENTED_EDGE('',*,*,#4632,.F.);
#2768=ORIENTED_EDGE('',*,*,#4049,.F.);
#2769=ORIENTED_EDGE('',*,*,#4614,.F.);
#2770=ORIENTED_EDGE('',*,*,#4050,.F.);
#2771=ORIENTED_EDGE('',*,*,#4632,.T.);
#2772=ORIENTED_EDGE('',*,*,#4236,.T.);
#2773=ORIENTED_EDGE('',*,*,#4633,.T.);
#2774=ORIENTED_EDGE('',*,*,#4230,.F.);
#2775=ORIENTED_EDGE('',*,*,#4631,.T.);
#2776=ORIENTED_EDGE('',*,*,#4056,.T.);
#2777=ORIENTED_EDGE('',*,*,#4634,.F.);
#2778=ORIENTED_EDGE('',*,*,#4055,.T.);
#2779=ORIENTED_EDGE('',*,*,#4629,.T.);
#2780=ORIENTED_EDGE('',*,*,#4231,.F.);
#2781=ORIENTED_EDGE('',*,*,#4634,.T.);
#2782=ORIENTED_EDGE('',*,*,#4233,.T.);
#2783=ORIENTED_EDGE('',*,*,#4630,.T.);
#2784=ORIENTED_EDGE('',*,*,#4053,.F.);
#2785=ORIENTED_EDGE('',*,*,#4627,.T.);
#2786=ORIENTED_EDGE('',*,*,#4235,.T.);
#2787=ORIENTED_EDGE('',*,*,#4628,.T.);
#2788=ORIENTED_EDGE('',*,*,#4051,.F.);
#2789=ORIENTED_EDGE('',*,*,#4633,.F.);
#2790=ORIENTED_EDGE('',*,*,#4635,.F.);
#2791=ORIENTED_EDGE('',*,*,#4636,.T.);
#2792=ORIENTED_EDGE('',*,*,#4637,.T.);
#2793=ORIENTED_EDGE('',*,*,#4638,.T.);
#2794=ORIENTED_EDGE('',*,*,#4224,.F.);
#2795=ORIENTED_EDGE('',*,*,#4639,.F.);
#2796=ORIENTED_EDGE('',*,*,#3702,.F.);
#2797=ORIENTED_EDGE('',*,*,#4640,.F.);
#2798=ORIENTED_EDGE('',*,*,#4222,.F.);
#2799=ORIENTED_EDGE('',*,*,#4641,.F.);
#2800=ORIENTED_EDGE('',*,*,#3704,.F.);
#2801=ORIENTED_EDGE('',*,*,#4642,.F.);
#2802=ORIENTED_EDGE('',*,*,#4219,.F.);
#2803=ORIENTED_EDGE('',*,*,#4636,.F.);
#2804=ORIENTED_EDGE('',*,*,#3707,.F.);
#2805=ORIENTED_EDGE('',*,*,#4643,.F.);
#2806=ORIENTED_EDGE('',*,*,#4227,.F.);
#2807=ORIENTED_EDGE('',*,*,#4644,.F.);
#2808=ORIENTED_EDGE('',*,*,#3699,.F.);
#2809=ORIENTED_EDGE('',*,*,#4626,.F.);
#2810=ORIENTED_EDGE('',*,*,#3700,.F.);
#2811=ORIENTED_EDGE('',*,*,#4644,.T.);
#2812=ORIENTED_EDGE('',*,*,#4226,.T.);
#2813=ORIENTED_EDGE('',*,*,#4645,.T.);
#2814=ORIENTED_EDGE('',*,*,#4220,.F.);
#2815=ORIENTED_EDGE('',*,*,#4643,.T.);
#2816=ORIENTED_EDGE('',*,*,#3706,.T.);
#2817=ORIENTED_EDGE('',*,*,#4646,.F.);
#2818=ORIENTED_EDGE('',*,*,#3705,.T.);
#2819=ORIENTED_EDGE('',*,*,#4641,.T.);
#2820=ORIENTED_EDGE('',*,*,#4221,.F.);
#2821=ORIENTED_EDGE('',*,*,#4646,.T.);
#2822=ORIENTED_EDGE('',*,*,#4223,.T.);
#2823=ORIENTED_EDGE('',*,*,#4642,.T.);
#2824=ORIENTED_EDGE('',*,*,#3703,.F.);
#2825=ORIENTED_EDGE('',*,*,#4639,.T.);
#2826=ORIENTED_EDGE('',*,*,#4225,.T.);
#2827=ORIENTED_EDGE('',*,*,#4640,.T.);
#2828=ORIENTED_EDGE('',*,*,#3701,.F.);
#2829=ORIENTED_EDGE('',*,*,#4645,.F.);
#2830=ORIENTED_EDGE('',*,*,#4647,.F.);
#2831=ORIENTED_EDGE('',*,*,#4648,.T.);
#2832=ORIENTED_EDGE('',*,*,#4649,.T.);
#2833=ORIENTED_EDGE('',*,*,#4650,.T.);
#2834=ORIENTED_EDGE('',*,*,#4214,.F.);
#2835=ORIENTED_EDGE('',*,*,#4651,.F.);
#2836=ORIENTED_EDGE('',*,*,#3712,.F.);
#2837=ORIENTED_EDGE('',*,*,#4652,.F.);
#2838=ORIENTED_EDGE('',*,*,#4212,.F.);
#2839=ORIENTED_EDGE('',*,*,#4653,.F.);
#2840=ORIENTED_EDGE('',*,*,#3714,.F.);
#2841=ORIENTED_EDGE('',*,*,#4654,.F.);
#2842=ORIENTED_EDGE('',*,*,#4209,.F.);
#2843=ORIENTED_EDGE('',*,*,#4648,.F.);
#2844=ORIENTED_EDGE('',*,*,#3717,.F.);
#2845=ORIENTED_EDGE('',*,*,#4655,.F.);
#2846=ORIENTED_EDGE('',*,*,#4217,.F.);
#2847=ORIENTED_EDGE('',*,*,#4656,.F.);
#2848=ORIENTED_EDGE('',*,*,#3709,.F.);
#2849=ORIENTED_EDGE('',*,*,#4638,.F.);
#2850=ORIENTED_EDGE('',*,*,#3710,.F.);
#2851=ORIENTED_EDGE('',*,*,#4656,.T.);
#2852=ORIENTED_EDGE('',*,*,#4216,.T.);
#2853=ORIENTED_EDGE('',*,*,#4657,.T.);
#2854=ORIENTED_EDGE('',*,*,#4210,.F.);
#2855=ORIENTED_EDGE('',*,*,#4655,.T.);
#2856=ORIENTED_EDGE('',*,*,#3716,.T.);
#2857=ORIENTED_EDGE('',*,*,#4658,.F.);
#2858=ORIENTED_EDGE('',*,*,#3715,.T.);
#2859=ORIENTED_EDGE('',*,*,#4653,.T.);
#2860=ORIENTED_EDGE('',*,*,#4211,.F.);
#2861=ORIENTED_EDGE('',*,*,#4658,.T.);
#2862=ORIENTED_EDGE('',*,*,#4213,.T.);
#2863=ORIENTED_EDGE('',*,*,#4654,.T.);
#2864=ORIENTED_EDGE('',*,*,#3713,.F.);
#2865=ORIENTED_EDGE('',*,*,#4651,.T.);
#2866=ORIENTED_EDGE('',*,*,#4215,.T.);
#2867=ORIENTED_EDGE('',*,*,#4652,.T.);
#2868=ORIENTED_EDGE('',*,*,#3711,.F.);
#2869=ORIENTED_EDGE('',*,*,#4657,.F.);
#2870=ORIENTED_EDGE('',*,*,#4659,.F.);
#2871=ORIENTED_EDGE('',*,*,#4660,.T.);
#2872=ORIENTED_EDGE('',*,*,#4661,.T.);
#2873=ORIENTED_EDGE('',*,*,#4662,.T.);
#2874=ORIENTED_EDGE('',*,*,#4204,.F.);
#2875=ORIENTED_EDGE('',*,*,#4663,.F.);
#2876=ORIENTED_EDGE('',*,*,#3722,.F.);
#2877=ORIENTED_EDGE('',*,*,#4664,.F.);
#2878=ORIENTED_EDGE('',*,*,#4202,.F.);
#2879=ORIENTED_EDGE('',*,*,#4665,.F.);
#2880=ORIENTED_EDGE('',*,*,#3724,.F.);
#2881=ORIENTED_EDGE('',*,*,#4666,.F.);
#2882=ORIENTED_EDGE('',*,*,#4199,.F.);
#2883=ORIENTED_EDGE('',*,*,#4660,.F.);
#2884=ORIENTED_EDGE('',*,*,#3727,.F.);
#2885=ORIENTED_EDGE('',*,*,#4667,.F.);
#2886=ORIENTED_EDGE('',*,*,#4207,.F.);
#2887=ORIENTED_EDGE('',*,*,#4668,.F.);
#2888=ORIENTED_EDGE('',*,*,#3719,.F.);
#2889=ORIENTED_EDGE('',*,*,#4650,.F.);
#2890=ORIENTED_EDGE('',*,*,#3720,.F.);
#2891=ORIENTED_EDGE('',*,*,#4668,.T.);
#2892=ORIENTED_EDGE('',*,*,#4206,.T.);
#2893=ORIENTED_EDGE('',*,*,#4669,.T.);
#2894=ORIENTED_EDGE('',*,*,#4200,.F.);
#2895=ORIENTED_EDGE('',*,*,#4667,.T.);
#2896=ORIENTED_EDGE('',*,*,#3726,.T.);
#2897=ORIENTED_EDGE('',*,*,#4670,.F.);
#2898=ORIENTED_EDGE('',*,*,#3725,.T.);
#2899=ORIENTED_EDGE('',*,*,#4665,.T.);
#2900=ORIENTED_EDGE('',*,*,#4201,.F.);
#2901=ORIENTED_EDGE('',*,*,#4670,.T.);
#2902=ORIENTED_EDGE('',*,*,#4203,.T.);
#2903=ORIENTED_EDGE('',*,*,#4666,.T.);
#2904=ORIENTED_EDGE('',*,*,#3723,.F.);
#2905=ORIENTED_EDGE('',*,*,#4663,.T.);
#2906=ORIENTED_EDGE('',*,*,#4205,.T.);
#2907=ORIENTED_EDGE('',*,*,#4664,.T.);
#2908=ORIENTED_EDGE('',*,*,#3721,.F.);
#2909=ORIENTED_EDGE('',*,*,#4669,.F.);
#2910=ORIENTED_EDGE('',*,*,#4671,.F.);
#2911=ORIENTED_EDGE('',*,*,#4672,.T.);
#2912=ORIENTED_EDGE('',*,*,#4673,.T.);
#2913=ORIENTED_EDGE('',*,*,#4674,.T.);
#2914=ORIENTED_EDGE('',*,*,#4194,.F.);
#2915=ORIENTED_EDGE('',*,*,#4675,.F.);
#2916=ORIENTED_EDGE('',*,*,#3732,.F.);
#2917=ORIENTED_EDGE('',*,*,#4676,.F.);
#2918=ORIENTED_EDGE('',*,*,#4192,.F.);
#2919=ORIENTED_EDGE('',*,*,#4677,.F.);
#2920=ORIENTED_EDGE('',*,*,#3734,.F.);
#2921=ORIENTED_EDGE('',*,*,#4678,.F.);
#2922=ORIENTED_EDGE('',*,*,#4189,.F.);
#2923=ORIENTED_EDGE('',*,*,#4672,.F.);
#2924=ORIENTED_EDGE('',*,*,#3737,.F.);
#2925=ORIENTED_EDGE('',*,*,#4679,.F.);
#2926=ORIENTED_EDGE('',*,*,#4197,.F.);
#2927=ORIENTED_EDGE('',*,*,#4680,.F.);
#2928=ORIENTED_EDGE('',*,*,#3729,.F.);
#2929=ORIENTED_EDGE('',*,*,#4662,.F.);
#2930=ORIENTED_EDGE('',*,*,#3730,.F.);
#2931=ORIENTED_EDGE('',*,*,#4680,.T.);
#2932=ORIENTED_EDGE('',*,*,#4196,.T.);
#2933=ORIENTED_EDGE('',*,*,#4681,.T.);
#2934=ORIENTED_EDGE('',*,*,#4190,.F.);
#2935=ORIENTED_EDGE('',*,*,#4679,.T.);
#2936=ORIENTED_EDGE('',*,*,#3736,.T.);
#2937=ORIENTED_EDGE('',*,*,#4682,.F.);
#2938=ORIENTED_EDGE('',*,*,#3735,.T.);
#2939=ORIENTED_EDGE('',*,*,#4677,.T.);
#2940=ORIENTED_EDGE('',*,*,#4191,.F.);
#2941=ORIENTED_EDGE('',*,*,#4682,.T.);
#2942=ORIENTED_EDGE('',*,*,#4193,.T.);
#2943=ORIENTED_EDGE('',*,*,#4678,.T.);
#2944=ORIENTED_EDGE('',*,*,#3733,.F.);
#2945=ORIENTED_EDGE('',*,*,#4675,.T.);
#2946=ORIENTED_EDGE('',*,*,#4195,.T.);
#2947=ORIENTED_EDGE('',*,*,#4676,.T.);
#2948=ORIENTED_EDGE('',*,*,#3731,.F.);
#2949=ORIENTED_EDGE('',*,*,#4681,.F.);
#2950=ORIENTED_EDGE('',*,*,#4683,.F.);
#2951=ORIENTED_EDGE('',*,*,#4684,.T.);
#2952=ORIENTED_EDGE('',*,*,#4685,.T.);
#2953=ORIENTED_EDGE('',*,*,#4686,.T.);
#2954=ORIENTED_EDGE('',*,*,#4184,.F.);
#2955=ORIENTED_EDGE('',*,*,#4687,.F.);
#2956=ORIENTED_EDGE('',*,*,#3742,.F.);
#2957=ORIENTED_EDGE('',*,*,#4688,.F.);
#2958=ORIENTED_EDGE('',*,*,#4182,.F.);
#2959=ORIENTED_EDGE('',*,*,#4689,.F.);
#2960=ORIENTED_EDGE('',*,*,#3744,.F.);
#2961=ORIENTED_EDGE('',*,*,#4690,.F.);
#2962=ORIENTED_EDGE('',*,*,#4179,.F.);
#2963=ORIENTED_EDGE('',*,*,#4684,.F.);
#2964=ORIENTED_EDGE('',*,*,#3747,.F.);
#2965=ORIENTED_EDGE('',*,*,#4691,.F.);
#2966=ORIENTED_EDGE('',*,*,#4187,.F.);
#2967=ORIENTED_EDGE('',*,*,#4692,.F.);
#2968=ORIENTED_EDGE('',*,*,#3739,.F.);
#2969=ORIENTED_EDGE('',*,*,#4674,.F.);
#2970=ORIENTED_EDGE('',*,*,#3740,.F.);
#2971=ORIENTED_EDGE('',*,*,#4692,.T.);
#2972=ORIENTED_EDGE('',*,*,#4186,.T.);
#2973=ORIENTED_EDGE('',*,*,#4693,.T.);
#2974=ORIENTED_EDGE('',*,*,#4180,.F.);
#2975=ORIENTED_EDGE('',*,*,#4691,.T.);
#2976=ORIENTED_EDGE('',*,*,#3746,.T.);
#2977=ORIENTED_EDGE('',*,*,#4694,.F.);
#2978=ORIENTED_EDGE('',*,*,#3745,.T.);
#2979=ORIENTED_EDGE('',*,*,#4689,.T.);
#2980=ORIENTED_EDGE('',*,*,#4181,.F.);
#2981=ORIENTED_EDGE('',*,*,#4694,.T.);
#2982=ORIENTED_EDGE('',*,*,#4183,.T.);
#2983=ORIENTED_EDGE('',*,*,#4690,.T.);
#2984=ORIENTED_EDGE('',*,*,#3743,.F.);
#2985=ORIENTED_EDGE('',*,*,#4687,.T.);
#2986=ORIENTED_EDGE('',*,*,#4185,.T.);
#2987=ORIENTED_EDGE('',*,*,#4688,.T.);
#2988=ORIENTED_EDGE('',*,*,#3741,.F.);
#2989=ORIENTED_EDGE('',*,*,#4693,.F.);
#2990=ORIENTED_EDGE('',*,*,#4695,.F.);
#2991=ORIENTED_EDGE('',*,*,#4696,.T.);
#2992=ORIENTED_EDGE('',*,*,#4697,.T.);
#2993=ORIENTED_EDGE('',*,*,#4698,.T.);
#2994=ORIENTED_EDGE('',*,*,#4174,.F.);
#2995=ORIENTED_EDGE('',*,*,#4699,.F.);
#2996=ORIENTED_EDGE('',*,*,#3752,.F.);
#2997=ORIENTED_EDGE('',*,*,#4700,.F.);
#2998=ORIENTED_EDGE('',*,*,#4172,.F.);
#2999=ORIENTED_EDGE('',*,*,#4701,.F.);
#3000=ORIENTED_EDGE('',*,*,#3754,.F.);
#3001=ORIENTED_EDGE('',*,*,#4702,.F.);
#3002=ORIENTED_EDGE('',*,*,#4169,.F.);
#3003=ORIENTED_EDGE('',*,*,#4696,.F.);
#3004=ORIENTED_EDGE('',*,*,#3757,.F.);
#3005=ORIENTED_EDGE('',*,*,#4703,.F.);
#3006=ORIENTED_EDGE('',*,*,#4177,.F.);
#3007=ORIENTED_EDGE('',*,*,#4704,.F.);
#3008=ORIENTED_EDGE('',*,*,#3749,.F.);
#3009=ORIENTED_EDGE('',*,*,#4686,.F.);
#3010=ORIENTED_EDGE('',*,*,#3750,.F.);
#3011=ORIENTED_EDGE('',*,*,#4704,.T.);
#3012=ORIENTED_EDGE('',*,*,#4176,.T.);
#3013=ORIENTED_EDGE('',*,*,#4705,.T.);
#3014=ORIENTED_EDGE('',*,*,#4170,.F.);
#3015=ORIENTED_EDGE('',*,*,#4703,.T.);
#3016=ORIENTED_EDGE('',*,*,#3756,.T.);
#3017=ORIENTED_EDGE('',*,*,#4706,.F.);
#3018=ORIENTED_EDGE('',*,*,#3755,.T.);
#3019=ORIENTED_EDGE('',*,*,#4701,.T.);
#3020=ORIENTED_EDGE('',*,*,#4171,.F.);
#3021=ORIENTED_EDGE('',*,*,#4706,.T.);
#3022=ORIENTED_EDGE('',*,*,#4173,.T.);
#3023=ORIENTED_EDGE('',*,*,#4702,.T.);
#3024=ORIENTED_EDGE('',*,*,#3753,.F.);
#3025=ORIENTED_EDGE('',*,*,#4699,.T.);
#3026=ORIENTED_EDGE('',*,*,#4175,.T.);
#3027=ORIENTED_EDGE('',*,*,#4700,.T.);
#3028=ORIENTED_EDGE('',*,*,#3751,.F.);
#3029=ORIENTED_EDGE('',*,*,#4705,.F.);
#3030=ORIENTED_EDGE('',*,*,#4707,.F.);
#3031=ORIENTED_EDGE('',*,*,#4708,.T.);
#3032=ORIENTED_EDGE('',*,*,#4709,.T.);
#3033=ORIENTED_EDGE('',*,*,#4710,.T.);
#3034=ORIENTED_EDGE('',*,*,#4164,.F.);
#3035=ORIENTED_EDGE('',*,*,#4711,.F.);
#3036=ORIENTED_EDGE('',*,*,#3762,.F.);
#3037=ORIENTED_EDGE('',*,*,#4712,.F.);
#3038=ORIENTED_EDGE('',*,*,#4162,.F.);
#3039=ORIENTED_EDGE('',*,*,#4713,.F.);
#3040=ORIENTED_EDGE('',*,*,#3764,.F.);
#3041=ORIENTED_EDGE('',*,*,#4714,.F.);
#3042=ORIENTED_EDGE('',*,*,#4159,.F.);
#3043=ORIENTED_EDGE('',*,*,#4708,.F.);
#3044=ORIENTED_EDGE('',*,*,#3767,.F.);
#3045=ORIENTED_EDGE('',*,*,#4715,.F.);
#3046=ORIENTED_EDGE('',*,*,#4167,.F.);
#3047=ORIENTED_EDGE('',*,*,#4716,.F.);
#3048=ORIENTED_EDGE('',*,*,#3759,.F.);
#3049=ORIENTED_EDGE('',*,*,#4698,.F.);
#3050=ORIENTED_EDGE('',*,*,#3760,.F.);
#3051=ORIENTED_EDGE('',*,*,#4716,.T.);
#3052=ORIENTED_EDGE('',*,*,#4166,.T.);
#3053=ORIENTED_EDGE('',*,*,#4717,.T.);
#3054=ORIENTED_EDGE('',*,*,#4160,.F.);
#3055=ORIENTED_EDGE('',*,*,#4715,.T.);
#3056=ORIENTED_EDGE('',*,*,#3766,.T.);
#3057=ORIENTED_EDGE('',*,*,#4718,.F.);
#3058=ORIENTED_EDGE('',*,*,#3765,.T.);
#3059=ORIENTED_EDGE('',*,*,#4713,.T.);
#3060=ORIENTED_EDGE('',*,*,#4161,.F.);
#3061=ORIENTED_EDGE('',*,*,#4718,.T.);
#3062=ORIENTED_EDGE('',*,*,#4163,.T.);
#3063=ORIENTED_EDGE('',*,*,#4714,.T.);
#3064=ORIENTED_EDGE('',*,*,#3763,.F.);
#3065=ORIENTED_EDGE('',*,*,#4711,.T.);
#3066=ORIENTED_EDGE('',*,*,#4165,.T.);
#3067=ORIENTED_EDGE('',*,*,#4712,.T.);
#3068=ORIENTED_EDGE('',*,*,#3761,.F.);
#3069=ORIENTED_EDGE('',*,*,#4717,.F.);
#3070=ORIENTED_EDGE('',*,*,#4719,.F.);
#3071=ORIENTED_EDGE('',*,*,#4720,.T.);
#3072=ORIENTED_EDGE('',*,*,#4721,.T.);
#3073=ORIENTED_EDGE('',*,*,#4722,.T.);
#3074=ORIENTED_EDGE('',*,*,#4154,.F.);
#3075=ORIENTED_EDGE('',*,*,#4723,.F.);
#3076=ORIENTED_EDGE('',*,*,#3772,.F.);
#3077=ORIENTED_EDGE('',*,*,#4724,.F.);
#3078=ORIENTED_EDGE('',*,*,#4152,.F.);
#3079=ORIENTED_EDGE('',*,*,#4725,.F.);
#3080=ORIENTED_EDGE('',*,*,#3774,.F.);
#3081=ORIENTED_EDGE('',*,*,#4726,.F.);
#3082=ORIENTED_EDGE('',*,*,#4149,.F.);
#3083=ORIENTED_EDGE('',*,*,#4720,.F.);
#3084=ORIENTED_EDGE('',*,*,#3777,.F.);
#3085=ORIENTED_EDGE('',*,*,#4727,.F.);
#3086=ORIENTED_EDGE('',*,*,#4157,.F.);
#3087=ORIENTED_EDGE('',*,*,#4728,.F.);
#3088=ORIENTED_EDGE('',*,*,#3769,.F.);
#3089=ORIENTED_EDGE('',*,*,#4710,.F.);
#3090=ORIENTED_EDGE('',*,*,#3770,.F.);
#3091=ORIENTED_EDGE('',*,*,#4728,.T.);
#3092=ORIENTED_EDGE('',*,*,#4156,.T.);
#3093=ORIENTED_EDGE('',*,*,#4729,.T.);
#3094=ORIENTED_EDGE('',*,*,#4150,.F.);
#3095=ORIENTED_EDGE('',*,*,#4727,.T.);
#3096=ORIENTED_EDGE('',*,*,#3776,.T.);
#3097=ORIENTED_EDGE('',*,*,#4730,.F.);
#3098=ORIENTED_EDGE('',*,*,#3775,.T.);
#3099=ORIENTED_EDGE('',*,*,#4725,.T.);
#3100=ORIENTED_EDGE('',*,*,#4151,.F.);
#3101=ORIENTED_EDGE('',*,*,#4730,.T.);
#3102=ORIENTED_EDGE('',*,*,#4153,.T.);
#3103=ORIENTED_EDGE('',*,*,#4726,.T.);
#3104=ORIENTED_EDGE('',*,*,#3773,.F.);
#3105=ORIENTED_EDGE('',*,*,#4723,.T.);
#3106=ORIENTED_EDGE('',*,*,#4155,.T.);
#3107=ORIENTED_EDGE('',*,*,#4724,.T.);
#3108=ORIENTED_EDGE('',*,*,#3771,.F.);
#3109=ORIENTED_EDGE('',*,*,#4729,.F.);
#3110=ORIENTED_EDGE('',*,*,#4731,.F.);
#3111=ORIENTED_EDGE('',*,*,#4732,.T.);
#3112=ORIENTED_EDGE('',*,*,#4733,.T.);
#3113=ORIENTED_EDGE('',*,*,#4734,.T.);
#3114=ORIENTED_EDGE('',*,*,#4144,.F.);
#3115=ORIENTED_EDGE('',*,*,#4735,.F.);
#3116=ORIENTED_EDGE('',*,*,#3782,.F.);
#3117=ORIENTED_EDGE('',*,*,#4736,.F.);
#3118=ORIENTED_EDGE('',*,*,#4142,.F.);
#3119=ORIENTED_EDGE('',*,*,#4737,.F.);
#3120=ORIENTED_EDGE('',*,*,#3784,.F.);
#3121=ORIENTED_EDGE('',*,*,#4738,.F.);
#3122=ORIENTED_EDGE('',*,*,#4139,.F.);
#3123=ORIENTED_EDGE('',*,*,#4732,.F.);
#3124=ORIENTED_EDGE('',*,*,#3787,.F.);
#3125=ORIENTED_EDGE('',*,*,#4739,.F.);
#3126=ORIENTED_EDGE('',*,*,#4147,.F.);
#3127=ORIENTED_EDGE('',*,*,#4740,.F.);
#3128=ORIENTED_EDGE('',*,*,#3779,.F.);
#3129=ORIENTED_EDGE('',*,*,#4722,.F.);
#3130=ORIENTED_EDGE('',*,*,#3780,.F.);
#3131=ORIENTED_EDGE('',*,*,#4740,.T.);
#3132=ORIENTED_EDGE('',*,*,#4146,.T.);
#3133=ORIENTED_EDGE('',*,*,#4741,.T.);
#3134=ORIENTED_EDGE('',*,*,#4140,.F.);
#3135=ORIENTED_EDGE('',*,*,#4739,.T.);
#3136=ORIENTED_EDGE('',*,*,#3786,.T.);
#3137=ORIENTED_EDGE('',*,*,#4742,.F.);
#3138=ORIENTED_EDGE('',*,*,#3785,.T.);
#3139=ORIENTED_EDGE('',*,*,#4737,.T.);
#3140=ORIENTED_EDGE('',*,*,#4141,.F.);
#3141=ORIENTED_EDGE('',*,*,#4742,.T.);
#3142=ORIENTED_EDGE('',*,*,#4143,.T.);
#3143=ORIENTED_EDGE('',*,*,#4738,.T.);
#3144=ORIENTED_EDGE('',*,*,#3783,.F.);
#3145=ORIENTED_EDGE('',*,*,#4735,.T.);
#3146=ORIENTED_EDGE('',*,*,#4145,.T.);
#3147=ORIENTED_EDGE('',*,*,#4736,.T.);
#3148=ORIENTED_EDGE('',*,*,#3781,.F.);
#3149=ORIENTED_EDGE('',*,*,#4741,.F.);
#3150=ORIENTED_EDGE('',*,*,#4743,.F.);
#3151=ORIENTED_EDGE('',*,*,#4744,.T.);
#3152=ORIENTED_EDGE('',*,*,#4745,.T.);
#3153=ORIENTED_EDGE('',*,*,#4746,.T.);
#3154=ORIENTED_EDGE('',*,*,#4134,.F.);
#3155=ORIENTED_EDGE('',*,*,#4747,.F.);
#3156=ORIENTED_EDGE('',*,*,#3792,.F.);
#3157=ORIENTED_EDGE('',*,*,#4748,.F.);
#3158=ORIENTED_EDGE('',*,*,#4132,.F.);
#3159=ORIENTED_EDGE('',*,*,#4749,.F.);
#3160=ORIENTED_EDGE('',*,*,#3794,.F.);
#3161=ORIENTED_EDGE('',*,*,#4750,.F.);
#3162=ORIENTED_EDGE('',*,*,#4129,.F.);
#3163=ORIENTED_EDGE('',*,*,#4744,.F.);
#3164=ORIENTED_EDGE('',*,*,#3797,.F.);
#3165=ORIENTED_EDGE('',*,*,#4751,.F.);
#3166=ORIENTED_EDGE('',*,*,#4137,.F.);
#3167=ORIENTED_EDGE('',*,*,#4752,.F.);
#3168=ORIENTED_EDGE('',*,*,#3789,.F.);
#3169=ORIENTED_EDGE('',*,*,#4734,.F.);
#3170=ORIENTED_EDGE('',*,*,#3790,.F.);
#3171=ORIENTED_EDGE('',*,*,#4752,.T.);
#3172=ORIENTED_EDGE('',*,*,#4136,.T.);
#3173=ORIENTED_EDGE('',*,*,#4753,.T.);
#3174=ORIENTED_EDGE('',*,*,#4130,.F.);
#3175=ORIENTED_EDGE('',*,*,#4751,.T.);
#3176=ORIENTED_EDGE('',*,*,#3796,.T.);
#3177=ORIENTED_EDGE('',*,*,#4754,.F.);
#3178=ORIENTED_EDGE('',*,*,#3795,.T.);
#3179=ORIENTED_EDGE('',*,*,#4749,.T.);
#3180=ORIENTED_EDGE('',*,*,#4131,.F.);
#3181=ORIENTED_EDGE('',*,*,#4754,.T.);
#3182=ORIENTED_EDGE('',*,*,#4133,.T.);
#3183=ORIENTED_EDGE('',*,*,#4750,.T.);
#3184=ORIENTED_EDGE('',*,*,#3793,.F.);
#3185=ORIENTED_EDGE('',*,*,#4747,.T.);
#3186=ORIENTED_EDGE('',*,*,#4135,.T.);
#3187=ORIENTED_EDGE('',*,*,#4748,.T.);
#3188=ORIENTED_EDGE('',*,*,#3791,.F.);
#3189=ORIENTED_EDGE('',*,*,#4753,.F.);
#3190=ORIENTED_EDGE('',*,*,#4755,.F.);
#3191=ORIENTED_EDGE('',*,*,#4756,.T.);
#3192=ORIENTED_EDGE('',*,*,#4757,.T.);
#3193=ORIENTED_EDGE('',*,*,#4758,.T.);
#3194=ORIENTED_EDGE('',*,*,#4124,.F.);
#3195=ORIENTED_EDGE('',*,*,#4759,.F.);
#3196=ORIENTED_EDGE('',*,*,#3802,.F.);
#3197=ORIENTED_EDGE('',*,*,#4760,.F.);
#3198=ORIENTED_EDGE('',*,*,#4122,.F.);
#3199=ORIENTED_EDGE('',*,*,#4761,.F.);
#3200=ORIENTED_EDGE('',*,*,#3804,.F.);
#3201=ORIENTED_EDGE('',*,*,#4762,.F.);
#3202=ORIENTED_EDGE('',*,*,#4119,.F.);
#3203=ORIENTED_EDGE('',*,*,#4756,.F.);
#3204=ORIENTED_EDGE('',*,*,#3807,.F.);
#3205=ORIENTED_EDGE('',*,*,#4763,.F.);
#3206=ORIENTED_EDGE('',*,*,#4127,.F.);
#3207=ORIENTED_EDGE('',*,*,#4764,.F.);
#3208=ORIENTED_EDGE('',*,*,#3799,.F.);
#3209=ORIENTED_EDGE('',*,*,#4746,.F.);
#3210=ORIENTED_EDGE('',*,*,#3800,.F.);
#3211=ORIENTED_EDGE('',*,*,#4764,.T.);
#3212=ORIENTED_EDGE('',*,*,#4126,.T.);
#3213=ORIENTED_EDGE('',*,*,#4765,.T.);
#3214=ORIENTED_EDGE('',*,*,#4120,.F.);
#3215=ORIENTED_EDGE('',*,*,#4763,.T.);
#3216=ORIENTED_EDGE('',*,*,#3806,.T.);
#3217=ORIENTED_EDGE('',*,*,#4766,.F.);
#3218=ORIENTED_EDGE('',*,*,#3805,.T.);
#3219=ORIENTED_EDGE('',*,*,#4761,.T.);
#3220=ORIENTED_EDGE('',*,*,#4121,.F.);
#3221=ORIENTED_EDGE('',*,*,#4766,.T.);
#3222=ORIENTED_EDGE('',*,*,#4123,.T.);
#3223=ORIENTED_EDGE('',*,*,#4762,.T.);
#3224=ORIENTED_EDGE('',*,*,#3803,.F.);
#3225=ORIENTED_EDGE('',*,*,#4759,.T.);
#3226=ORIENTED_EDGE('',*,*,#4125,.T.);
#3227=ORIENTED_EDGE('',*,*,#4760,.T.);
#3228=ORIENTED_EDGE('',*,*,#3801,.F.);
#3229=ORIENTED_EDGE('',*,*,#4765,.F.);
#3230=ORIENTED_EDGE('',*,*,#4767,.F.);
#3231=ORIENTED_EDGE('',*,*,#4768,.T.);
#3232=ORIENTED_EDGE('',*,*,#4769,.T.);
#3233=ORIENTED_EDGE('',*,*,#4770,.T.);
#3234=ORIENTED_EDGE('',*,*,#4114,.F.);
#3235=ORIENTED_EDGE('',*,*,#4771,.F.);
#3236=ORIENTED_EDGE('',*,*,#3812,.F.);
#3237=ORIENTED_EDGE('',*,*,#4772,.F.);
#3238=ORIENTED_EDGE('',*,*,#4112,.F.);
#3239=ORIENTED_EDGE('',*,*,#4773,.F.);
#3240=ORIENTED_EDGE('',*,*,#3814,.F.);
#3241=ORIENTED_EDGE('',*,*,#4774,.F.);
#3242=ORIENTED_EDGE('',*,*,#4109,.F.);
#3243=ORIENTED_EDGE('',*,*,#4768,.F.);
#3244=ORIENTED_EDGE('',*,*,#3817,.F.);
#3245=ORIENTED_EDGE('',*,*,#4775,.F.);
#3246=ORIENTED_EDGE('',*,*,#4117,.F.);
#3247=ORIENTED_EDGE('',*,*,#4776,.F.);
#3248=ORIENTED_EDGE('',*,*,#3809,.F.);
#3249=ORIENTED_EDGE('',*,*,#4758,.F.);
#3250=ORIENTED_EDGE('',*,*,#3810,.F.);
#3251=ORIENTED_EDGE('',*,*,#4776,.T.);
#3252=ORIENTED_EDGE('',*,*,#4116,.T.);
#3253=ORIENTED_EDGE('',*,*,#4777,.T.);
#3254=ORIENTED_EDGE('',*,*,#4110,.F.);
#3255=ORIENTED_EDGE('',*,*,#4775,.T.);
#3256=ORIENTED_EDGE('',*,*,#3816,.T.);
#3257=ORIENTED_EDGE('',*,*,#4778,.F.);
#3258=ORIENTED_EDGE('',*,*,#3815,.T.);
#3259=ORIENTED_EDGE('',*,*,#4773,.T.);
#3260=ORIENTED_EDGE('',*,*,#4111,.F.);
#3261=ORIENTED_EDGE('',*,*,#4778,.T.);
#3262=ORIENTED_EDGE('',*,*,#4113,.T.);
#3263=ORIENTED_EDGE('',*,*,#4774,.T.);
#3264=ORIENTED_EDGE('',*,*,#3813,.F.);
#3265=ORIENTED_EDGE('',*,*,#4771,.T.);
#3266=ORIENTED_EDGE('',*,*,#4115,.T.);
#3267=ORIENTED_EDGE('',*,*,#4772,.T.);
#3268=ORIENTED_EDGE('',*,*,#3811,.F.);
#3269=ORIENTED_EDGE('',*,*,#4777,.F.);
#3270=ORIENTED_EDGE('',*,*,#4779,.F.);
#3271=ORIENTED_EDGE('',*,*,#4780,.T.);
#3272=ORIENTED_EDGE('',*,*,#4781,.T.);
#3273=ORIENTED_EDGE('',*,*,#4782,.T.);
#3274=ORIENTED_EDGE('',*,*,#4104,.F.);
#3275=ORIENTED_EDGE('',*,*,#4783,.F.);
#3276=ORIENTED_EDGE('',*,*,#3822,.F.);
#3277=ORIENTED_EDGE('',*,*,#4784,.F.);
#3278=ORIENTED_EDGE('',*,*,#4102,.F.);
#3279=ORIENTED_EDGE('',*,*,#4785,.F.);
#3280=ORIENTED_EDGE('',*,*,#3824,.F.);
#3281=ORIENTED_EDGE('',*,*,#4786,.F.);
#3282=ORIENTED_EDGE('',*,*,#4099,.F.);
#3283=ORIENTED_EDGE('',*,*,#4780,.F.);
#3284=ORIENTED_EDGE('',*,*,#3827,.F.);
#3285=ORIENTED_EDGE('',*,*,#4787,.F.);
#3286=ORIENTED_EDGE('',*,*,#4107,.F.);
#3287=ORIENTED_EDGE('',*,*,#4788,.F.);
#3288=ORIENTED_EDGE('',*,*,#3819,.F.);
#3289=ORIENTED_EDGE('',*,*,#4770,.F.);
#3290=ORIENTED_EDGE('',*,*,#3820,.F.);
#3291=ORIENTED_EDGE('',*,*,#4788,.T.);
#3292=ORIENTED_EDGE('',*,*,#4106,.T.);
#3293=ORIENTED_EDGE('',*,*,#4789,.T.);
#3294=ORIENTED_EDGE('',*,*,#4100,.F.);
#3295=ORIENTED_EDGE('',*,*,#4787,.T.);
#3296=ORIENTED_EDGE('',*,*,#3826,.T.);
#3297=ORIENTED_EDGE('',*,*,#4790,.F.);
#3298=ORIENTED_EDGE('',*,*,#3825,.T.);
#3299=ORIENTED_EDGE('',*,*,#4785,.T.);
#3300=ORIENTED_EDGE('',*,*,#4101,.F.);
#3301=ORIENTED_EDGE('',*,*,#4790,.T.);
#3302=ORIENTED_EDGE('',*,*,#4103,.T.);
#3303=ORIENTED_EDGE('',*,*,#4786,.T.);
#3304=ORIENTED_EDGE('',*,*,#3823,.F.);
#3305=ORIENTED_EDGE('',*,*,#4783,.T.);
#3306=ORIENTED_EDGE('',*,*,#4105,.T.);
#3307=ORIENTED_EDGE('',*,*,#4784,.T.);
#3308=ORIENTED_EDGE('',*,*,#3821,.F.);
#3309=ORIENTED_EDGE('',*,*,#4789,.F.);
#3310=ORIENTED_EDGE('',*,*,#4791,.F.);
#3311=ORIENTED_EDGE('',*,*,#4792,.T.);
#3312=ORIENTED_EDGE('',*,*,#4793,.T.);
#3313=ORIENTED_EDGE('',*,*,#4794,.T.);
#3314=ORIENTED_EDGE('',*,*,#4094,.F.);
#3315=ORIENTED_EDGE('',*,*,#4795,.F.);
#3316=ORIENTED_EDGE('',*,*,#3832,.F.);
#3317=ORIENTED_EDGE('',*,*,#4796,.F.);
#3318=ORIENTED_EDGE('',*,*,#4092,.F.);
#3319=ORIENTED_EDGE('',*,*,#4797,.F.);
#3320=ORIENTED_EDGE('',*,*,#3834,.F.);
#3321=ORIENTED_EDGE('',*,*,#4798,.F.);
#3322=ORIENTED_EDGE('',*,*,#4089,.F.);
#3323=ORIENTED_EDGE('',*,*,#4792,.F.);
#3324=ORIENTED_EDGE('',*,*,#3837,.F.);
#3325=ORIENTED_EDGE('',*,*,#4799,.F.);
#3326=ORIENTED_EDGE('',*,*,#4097,.F.);
#3327=ORIENTED_EDGE('',*,*,#4800,.F.);
#3328=ORIENTED_EDGE('',*,*,#3829,.F.);
#3329=ORIENTED_EDGE('',*,*,#4782,.F.);
#3330=ORIENTED_EDGE('',*,*,#3830,.F.);
#3331=ORIENTED_EDGE('',*,*,#4800,.T.);
#3332=ORIENTED_EDGE('',*,*,#4096,.T.);
#3333=ORIENTED_EDGE('',*,*,#4801,.T.);
#3334=ORIENTED_EDGE('',*,*,#4090,.F.);
#3335=ORIENTED_EDGE('',*,*,#4799,.T.);
#3336=ORIENTED_EDGE('',*,*,#3836,.T.);
#3337=ORIENTED_EDGE('',*,*,#4802,.F.);
#3338=ORIENTED_EDGE('',*,*,#3835,.T.);
#3339=ORIENTED_EDGE('',*,*,#4797,.T.);
#3340=ORIENTED_EDGE('',*,*,#4091,.F.);
#3341=ORIENTED_EDGE('',*,*,#4802,.T.);
#3342=ORIENTED_EDGE('',*,*,#4093,.T.);
#3343=ORIENTED_EDGE('',*,*,#4798,.T.);
#3344=ORIENTED_EDGE('',*,*,#3833,.F.);
#3345=ORIENTED_EDGE('',*,*,#4795,.T.);
#3346=ORIENTED_EDGE('',*,*,#4095,.T.);
#3347=ORIENTED_EDGE('',*,*,#4796,.T.);
#3348=ORIENTED_EDGE('',*,*,#3831,.F.);
#3349=ORIENTED_EDGE('',*,*,#4801,.F.);
#3350=ORIENTED_EDGE('',*,*,#4803,.F.);
#3351=ORIENTED_EDGE('',*,*,#4804,.T.);
#3352=ORIENTED_EDGE('',*,*,#4805,.T.);
#3353=ORIENTED_EDGE('',*,*,#4806,.T.);
#3354=ORIENTED_EDGE('',*,*,#4084,.F.);
#3355=ORIENTED_EDGE('',*,*,#4807,.F.);
#3356=ORIENTED_EDGE('',*,*,#3842,.F.);
#3357=ORIENTED_EDGE('',*,*,#4808,.F.);
#3358=ORIENTED_EDGE('',*,*,#4082,.F.);
#3359=ORIENTED_EDGE('',*,*,#4809,.F.);
#3360=ORIENTED_EDGE('',*,*,#3844,.F.);
#3361=ORIENTED_EDGE('',*,*,#4810,.F.);
#3362=ORIENTED_EDGE('',*,*,#4079,.F.);
#3363=ORIENTED_EDGE('',*,*,#4804,.F.);
#3364=ORIENTED_EDGE('',*,*,#3847,.F.);
#3365=ORIENTED_EDGE('',*,*,#4811,.F.);
#3366=ORIENTED_EDGE('',*,*,#4087,.F.);
#3367=ORIENTED_EDGE('',*,*,#4812,.F.);
#3368=ORIENTED_EDGE('',*,*,#3839,.F.);
#3369=ORIENTED_EDGE('',*,*,#4794,.F.);
#3370=ORIENTED_EDGE('',*,*,#3840,.F.);
#3371=ORIENTED_EDGE('',*,*,#4812,.T.);
#3372=ORIENTED_EDGE('',*,*,#4086,.T.);
#3373=ORIENTED_EDGE('',*,*,#4813,.T.);
#3374=ORIENTED_EDGE('',*,*,#4080,.F.);
#3375=ORIENTED_EDGE('',*,*,#4811,.T.);
#3376=ORIENTED_EDGE('',*,*,#3846,.T.);
#3377=ORIENTED_EDGE('',*,*,#4814,.F.);
#3378=ORIENTED_EDGE('',*,*,#3845,.T.);
#3379=ORIENTED_EDGE('',*,*,#4809,.T.);
#3380=ORIENTED_EDGE('',*,*,#4081,.F.);
#3381=ORIENTED_EDGE('',*,*,#4814,.T.);
#3382=ORIENTED_EDGE('',*,*,#4083,.T.);
#3383=ORIENTED_EDGE('',*,*,#4810,.T.);
#3384=ORIENTED_EDGE('',*,*,#3843,.F.);
#3385=ORIENTED_EDGE('',*,*,#4807,.T.);
#3386=ORIENTED_EDGE('',*,*,#4085,.T.);
#3387=ORIENTED_EDGE('',*,*,#4808,.T.);
#3388=ORIENTED_EDGE('',*,*,#3841,.F.);
#3389=ORIENTED_EDGE('',*,*,#4813,.F.);
#3390=ORIENTED_EDGE('',*,*,#4815,.F.);
#3391=ORIENTED_EDGE('',*,*,#4816,.T.);
#3392=ORIENTED_EDGE('',*,*,#4817,.T.);
#3393=ORIENTED_EDGE('',*,*,#4818,.T.);
#3394=ORIENTED_EDGE('',*,*,#4074,.F.);
#3395=ORIENTED_EDGE('',*,*,#4819,.F.);
#3396=ORIENTED_EDGE('',*,*,#3852,.F.);
#3397=ORIENTED_EDGE('',*,*,#4820,.F.);
#3398=ORIENTED_EDGE('',*,*,#4072,.F.);
#3399=ORIENTED_EDGE('',*,*,#4821,.F.);
#3400=ORIENTED_EDGE('',*,*,#3854,.F.);
#3401=ORIENTED_EDGE('',*,*,#4822,.F.);
#3402=ORIENTED_EDGE('',*,*,#4069,.F.);
#3403=ORIENTED_EDGE('',*,*,#4816,.F.);
#3404=ORIENTED_EDGE('',*,*,#3857,.F.);
#3405=ORIENTED_EDGE('',*,*,#4823,.F.);
#3406=ORIENTED_EDGE('',*,*,#4077,.F.);
#3407=ORIENTED_EDGE('',*,*,#4824,.F.);
#3408=ORIENTED_EDGE('',*,*,#3849,.F.);
#3409=ORIENTED_EDGE('',*,*,#4806,.F.);
#3410=ORIENTED_EDGE('',*,*,#3850,.F.);
#3411=ORIENTED_EDGE('',*,*,#4824,.T.);
#3412=ORIENTED_EDGE('',*,*,#4076,.T.);
#3413=ORIENTED_EDGE('',*,*,#4825,.T.);
#3414=ORIENTED_EDGE('',*,*,#4070,.F.);
#3415=ORIENTED_EDGE('',*,*,#4823,.T.);
#3416=ORIENTED_EDGE('',*,*,#3856,.T.);
#3417=ORIENTED_EDGE('',*,*,#4826,.F.);
#3418=ORIENTED_EDGE('',*,*,#3855,.T.);
#3419=ORIENTED_EDGE('',*,*,#4821,.T.);
#3420=ORIENTED_EDGE('',*,*,#4071,.F.);
#3421=ORIENTED_EDGE('',*,*,#4826,.T.);
#3422=ORIENTED_EDGE('',*,*,#4073,.T.);
#3423=ORIENTED_EDGE('',*,*,#4822,.T.);
#3424=ORIENTED_EDGE('',*,*,#3853,.F.);
#3425=ORIENTED_EDGE('',*,*,#4819,.T.);
#3426=ORIENTED_EDGE('',*,*,#4075,.T.);
#3427=ORIENTED_EDGE('',*,*,#4820,.T.);
#3428=ORIENTED_EDGE('',*,*,#3851,.F.);
#3429=ORIENTED_EDGE('',*,*,#4825,.F.);
#3430=ORIENTED_EDGE('',*,*,#4827,.F.);
#3431=ORIENTED_EDGE('',*,*,#4828,.T.);
#3432=ORIENTED_EDGE('',*,*,#4829,.T.);
#3433=ORIENTED_EDGE('',*,*,#4830,.T.);
#3434=ORIENTED_EDGE('',*,*,#4064,.F.);
#3435=ORIENTED_EDGE('',*,*,#4831,.F.);
#3436=ORIENTED_EDGE('',*,*,#3862,.F.);
#3437=ORIENTED_EDGE('',*,*,#4832,.F.);
#3438=ORIENTED_EDGE('',*,*,#4062,.F.);
#3439=ORIENTED_EDGE('',*,*,#4833,.F.);
#3440=ORIENTED_EDGE('',*,*,#3864,.F.);
#3441=ORIENTED_EDGE('',*,*,#4834,.F.);
#3442=ORIENTED_EDGE('',*,*,#4059,.F.);
#3443=ORIENTED_EDGE('',*,*,#4828,.F.);
#3444=ORIENTED_EDGE('',*,*,#3867,.F.);
#3445=ORIENTED_EDGE('',*,*,#4835,.F.);
#3446=ORIENTED_EDGE('',*,*,#4067,.F.);
#3447=ORIENTED_EDGE('',*,*,#4836,.F.);
#3448=ORIENTED_EDGE('',*,*,#3859,.F.);
#3449=ORIENTED_EDGE('',*,*,#4818,.F.);
#3450=ORIENTED_EDGE('',*,*,#3860,.F.);
#3451=ORIENTED_EDGE('',*,*,#4836,.T.);
#3452=ORIENTED_EDGE('',*,*,#4066,.T.);
#3453=ORIENTED_EDGE('',*,*,#4837,.T.);
#3454=ORIENTED_EDGE('',*,*,#4060,.F.);
#3455=ORIENTED_EDGE('',*,*,#4835,.T.);
#3456=ORIENTED_EDGE('',*,*,#3866,.T.);
#3457=ORIENTED_EDGE('',*,*,#4838,.F.);
#3458=ORIENTED_EDGE('',*,*,#3865,.T.);
#3459=ORIENTED_EDGE('',*,*,#4833,.T.);
#3460=ORIENTED_EDGE('',*,*,#4061,.F.);
#3461=ORIENTED_EDGE('',*,*,#4838,.T.);
#3462=ORIENTED_EDGE('',*,*,#4063,.T.);
#3463=ORIENTED_EDGE('',*,*,#4834,.T.);
#3464=ORIENTED_EDGE('',*,*,#3863,.F.);
#3465=ORIENTED_EDGE('',*,*,#4831,.T.);
#3466=ORIENTED_EDGE('',*,*,#4065,.T.);
#3467=ORIENTED_EDGE('',*,*,#4832,.T.);
#3468=ORIENTED_EDGE('',*,*,#3861,.F.);
#3469=ORIENTED_EDGE('',*,*,#4837,.F.);
#3470=ORIENTED_EDGE('',*,*,#4839,.F.);
#3471=ORIENTED_EDGE('',*,*,#4840,.T.);
#3472=ORIENTED_EDGE('',*,*,#4841,.T.);
#3473=ORIENTED_EDGE('',*,*,#4428,.T.);
#3474=ORIENTED_EDGE('',*,*,#3870,.F.);
#3475=ORIENTED_EDGE('',*,*,#4842,.T.);
#3476=ORIENTED_EDGE('',*,*,#4416,.T.);
#3477=ORIENTED_EDGE('',*,*,#4843,.T.);
#3478=ORIENTED_EDGE('',*,*,#4410,.F.);
#3479=ORIENTED_EDGE('',*,*,#4844,.T.);
#3480=ORIENTED_EDGE('',*,*,#3876,.T.);
#3481=ORIENTED_EDGE('',*,*,#4845,.F.);
#3482=ORIENTED_EDGE('',*,*,#3875,.T.);
#3483=ORIENTED_EDGE('',*,*,#4846,.T.);
#3484=ORIENTED_EDGE('',*,*,#4411,.F.);
#3485=ORIENTED_EDGE('',*,*,#4845,.T.);
#3486=ORIENTED_EDGE('',*,*,#4413,.T.);
#3487=ORIENTED_EDGE('',*,*,#4847,.T.);
#3488=ORIENTED_EDGE('',*,*,#3873,.F.);
#3489=ORIENTED_EDGE('',*,*,#4848,.T.);
#3490=ORIENTED_EDGE('',*,*,#4415,.T.);
#3491=ORIENTED_EDGE('',*,*,#4849,.T.);
#3492=ORIENTED_EDGE('',*,*,#3871,.F.);
#3493=ORIENTED_EDGE('',*,*,#4843,.F.);
#3494=ORIENTED_EDGE('',*,*,#4417,.F.);
#3495=ORIENTED_EDGE('',*,*,#4842,.F.);
#3496=ORIENTED_EDGE('',*,*,#3869,.F.);
#3497=ORIENTED_EDGE('',*,*,#4830,.F.);
#3498=ORIENTED_EDGE('',*,*,#4409,.F.);
#3499=ORIENTED_EDGE('',*,*,#4840,.F.);
#3500=ORIENTED_EDGE('',*,*,#3877,.F.);
#3501=ORIENTED_EDGE('',*,*,#4844,.F.);
#3502=ORIENTED_EDGE('',*,*,#4412,.F.);
#3503=ORIENTED_EDGE('',*,*,#4846,.F.);
#3504=ORIENTED_EDGE('',*,*,#3874,.F.);
#3505=ORIENTED_EDGE('',*,*,#4847,.F.);
#3506=ORIENTED_EDGE('',*,*,#4414,.F.);
#3507=ORIENTED_EDGE('',*,*,#4848,.F.);
#3508=ORIENTED_EDGE('',*,*,#3872,.F.);
#3509=ORIENTED_EDGE('',*,*,#4849,.F.);
#3510=ORIENTED_EDGE('',*,*,#3684,.T.);
#3511=ORIENTED_EDGE('',*,*,#4625,.F.);
#3512=ORIENTED_EDGE('',*,*,#4228,.T.);
#3513=ORIENTED_EDGE('',*,*,#4613,.F.);
#3514=ORIENTED_EDGE('',*,*,#4238,.T.);
#3515=ORIENTED_EDGE('',*,*,#4601,.F.);
#3516=ORIENTED_EDGE('',*,*,#4248,.T.);
#3517=ORIENTED_EDGE('',*,*,#4589,.F.);
#3518=ORIENTED_EDGE('',*,*,#4258,.T.);
#3519=ORIENTED_EDGE('',*,*,#4577,.F.);
#3520=ORIENTED_EDGE('',*,*,#4268,.T.);
#3521=ORIENTED_EDGE('',*,*,#4565,.F.);
#3522=ORIENTED_EDGE('',*,*,#4278,.T.);
#3523=ORIENTED_EDGE('',*,*,#4553,.F.);
#3524=ORIENTED_EDGE('',*,*,#4288,.T.);
#3525=ORIENTED_EDGE('',*,*,#4541,.F.);
#3526=ORIENTED_EDGE('',*,*,#4298,.T.);
#3527=ORIENTED_EDGE('',*,*,#4529,.F.);
#3528=ORIENTED_EDGE('',*,*,#4308,.T.);
#3529=ORIENTED_EDGE('',*,*,#4517,.F.);
#3530=ORIENTED_EDGE('',*,*,#4318,.T.);
#3531=ORIENTED_EDGE('',*,*,#4505,.F.);
#3532=ORIENTED_EDGE('',*,*,#4328,.T.);
#3533=ORIENTED_EDGE('',*,*,#4493,.F.);
#3534=ORIENTED_EDGE('',*,*,#4338,.T.);
#3535=ORIENTED_EDGE('',*,*,#4481,.F.);
#3536=ORIENTED_EDGE('',*,*,#4348,.T.);
#3537=ORIENTED_EDGE('',*,*,#4469,.F.);
#3538=ORIENTED_EDGE('',*,*,#4358,.T.);
#3539=ORIENTED_EDGE('',*,*,#4457,.F.);
#3540=ORIENTED_EDGE('',*,*,#4368,.T.);
#3541=ORIENTED_EDGE('',*,*,#4445,.F.);
#3542=ORIENTED_EDGE('',*,*,#4378,.T.);
#3543=ORIENTED_EDGE('',*,*,#4433,.F.);
#3544=ORIENTED_EDGE('',*,*,#4388,.T.);
#3545=ORIENTED_EDGE('',*,*,#4420,.F.);
#3546=ORIENTED_EDGE('',*,*,#4398,.T.);
#3547=ORIENTED_EDGE('',*,*,#4841,.F.);
#3548=ORIENTED_EDGE('',*,*,#4408,.T.);
#3549=ORIENTED_EDGE('',*,*,#4829,.F.);
#3550=ORIENTED_EDGE('',*,*,#4058,.T.);
#3551=ORIENTED_EDGE('',*,*,#4817,.F.);
#3552=ORIENTED_EDGE('',*,*,#4068,.T.);
#3553=ORIENTED_EDGE('',*,*,#4805,.F.);
#3554=ORIENTED_EDGE('',*,*,#4078,.T.);
#3555=ORIENTED_EDGE('',*,*,#4793,.F.);
#3556=ORIENTED_EDGE('',*,*,#4088,.T.);
#3557=ORIENTED_EDGE('',*,*,#4781,.F.);
#3558=ORIENTED_EDGE('',*,*,#4098,.T.);
#3559=ORIENTED_EDGE('',*,*,#4769,.F.);
#3560=ORIENTED_EDGE('',*,*,#4108,.T.);
#3561=ORIENTED_EDGE('',*,*,#4757,.F.);
#3562=ORIENTED_EDGE('',*,*,#4118,.T.);
#3563=ORIENTED_EDGE('',*,*,#4745,.F.);
#3564=ORIENTED_EDGE('',*,*,#4128,.T.);
#3565=ORIENTED_EDGE('',*,*,#4733,.F.);
#3566=ORIENTED_EDGE('',*,*,#4138,.T.);
#3567=ORIENTED_EDGE('',*,*,#4721,.F.);
#3568=ORIENTED_EDGE('',*,*,#4148,.T.);
#3569=ORIENTED_EDGE('',*,*,#4709,.F.);
#3570=ORIENTED_EDGE('',*,*,#4158,.T.);
#3571=ORIENTED_EDGE('',*,*,#4697,.F.);
#3572=ORIENTED_EDGE('',*,*,#4168,.T.);
#3573=ORIENTED_EDGE('',*,*,#4685,.F.);
#3574=ORIENTED_EDGE('',*,*,#4178,.T.);
#3575=ORIENTED_EDGE('',*,*,#4673,.F.);
#3576=ORIENTED_EDGE('',*,*,#4188,.T.);
#3577=ORIENTED_EDGE('',*,*,#4661,.F.);
#3578=ORIENTED_EDGE('',*,*,#4198,.T.);
#3579=ORIENTED_EDGE('',*,*,#4649,.F.);
#3580=ORIENTED_EDGE('',*,*,#4208,.T.);
#3581=ORIENTED_EDGE('',*,*,#4637,.F.);
#3582=ORIENTED_EDGE('',*,*,#4218,.T.);
#3583=ORIENTED_EDGE('',*,*,#3693,.F.);
#3584=ORIENTED_EDGE('',*,*,#4623,.T.);
#3585=ORIENTED_EDGE('',*,*,#3698,.T.);
#3586=ORIENTED_EDGE('',*,*,#4635,.T.);
#3587=ORIENTED_EDGE('',*,*,#3708,.T.);
#3588=ORIENTED_EDGE('',*,*,#4647,.T.);
#3589=ORIENTED_EDGE('',*,*,#3718,.T.);
#3590=ORIENTED_EDGE('',*,*,#4659,.T.);
#3591=ORIENTED_EDGE('',*,*,#3728,.T.);
#3592=ORIENTED_EDGE('',*,*,#4671,.T.);
#3593=ORIENTED_EDGE('',*,*,#3738,.T.);
#3594=ORIENTED_EDGE('',*,*,#4683,.T.);
#3595=ORIENTED_EDGE('',*,*,#3748,.T.);
#3596=ORIENTED_EDGE('',*,*,#4695,.T.);
#3597=ORIENTED_EDGE('',*,*,#3758,.T.);
#3598=ORIENTED_EDGE('',*,*,#4707,.T.);
#3599=ORIENTED_EDGE('',*,*,#3768,.T.);
#3600=ORIENTED_EDGE('',*,*,#4719,.T.);
#3601=ORIENTED_EDGE('',*,*,#3778,.T.);
#3602=ORIENTED_EDGE('',*,*,#4731,.T.);
#3603=ORIENTED_EDGE('',*,*,#3788,.T.);
#3604=ORIENTED_EDGE('',*,*,#4743,.T.);
#3605=ORIENTED_EDGE('',*,*,#3798,.T.);
#3606=ORIENTED_EDGE('',*,*,#4755,.T.);
#3607=ORIENTED_EDGE('',*,*,#3808,.T.);
#3608=ORIENTED_EDGE('',*,*,#4767,.T.);
#3609=ORIENTED_EDGE('',*,*,#3818,.T.);
#3610=ORIENTED_EDGE('',*,*,#4779,.T.);
#3611=ORIENTED_EDGE('',*,*,#3828,.T.);
#3612=ORIENTED_EDGE('',*,*,#4791,.T.);
#3613=ORIENTED_EDGE('',*,*,#3838,.T.);
#3614=ORIENTED_EDGE('',*,*,#4803,.T.);
#3615=ORIENTED_EDGE('',*,*,#3848,.T.);
#3616=ORIENTED_EDGE('',*,*,#4815,.T.);
#3617=ORIENTED_EDGE('',*,*,#3858,.T.);
#3618=ORIENTED_EDGE('',*,*,#4827,.T.);
#3619=ORIENTED_EDGE('',*,*,#3868,.T.);
#3620=ORIENTED_EDGE('',*,*,#4839,.T.);
#3621=ORIENTED_EDGE('',*,*,#3878,.T.);
#3622=ORIENTED_EDGE('',*,*,#4418,.T.);
#3623=ORIENTED_EDGE('',*,*,#3888,.T.);
#3624=ORIENTED_EDGE('',*,*,#4431,.T.);
#3625=ORIENTED_EDGE('',*,*,#3898,.T.);
#3626=ORIENTED_EDGE('',*,*,#4443,.T.);
#3627=ORIENTED_EDGE('',*,*,#3908,.T.);
#3628=ORIENTED_EDGE('',*,*,#4455,.T.);
#3629=ORIENTED_EDGE('',*,*,#3918,.T.);
#3630=ORIENTED_EDGE('',*,*,#4467,.T.);
#3631=ORIENTED_EDGE('',*,*,#3928,.T.);
#3632=ORIENTED_EDGE('',*,*,#4479,.T.);
#3633=ORIENTED_EDGE('',*,*,#3938,.T.);
#3634=ORIENTED_EDGE('',*,*,#4491,.T.);
#3635=ORIENTED_EDGE('',*,*,#3948,.T.);
#3636=ORIENTED_EDGE('',*,*,#4503,.T.);
#3637=ORIENTED_EDGE('',*,*,#3958,.T.);
#3638=ORIENTED_EDGE('',*,*,#4515,.T.);
#3639=ORIENTED_EDGE('',*,*,#3968,.T.);
#3640=ORIENTED_EDGE('',*,*,#4527,.T.);
#3641=ORIENTED_EDGE('',*,*,#3978,.T.);
#3642=ORIENTED_EDGE('',*,*,#4539,.T.);
#3643=ORIENTED_EDGE('',*,*,#3988,.T.);
#3644=ORIENTED_EDGE('',*,*,#4551,.T.);
#3645=ORIENTED_EDGE('',*,*,#3998,.T.);
#3646=ORIENTED_EDGE('',*,*,#4563,.T.);
#3647=ORIENTED_EDGE('',*,*,#4008,.T.);
#3648=ORIENTED_EDGE('',*,*,#4575,.T.);
#3649=ORIENTED_EDGE('',*,*,#4018,.T.);
#3650=ORIENTED_EDGE('',*,*,#4587,.T.);
#3651=ORIENTED_EDGE('',*,*,#4028,.T.);
#3652=ORIENTED_EDGE('',*,*,#4599,.T.);
#3653=ORIENTED_EDGE('',*,*,#4038,.T.);
#3654=ORIENTED_EDGE('',*,*,#4611,.T.);
#3655=ORIENTED_EDGE('',*,*,#4048,.T.);
#3656=ORIENTED_EDGE('',*,*,#4850,.T.);
#3657=ORIENTED_EDGE('',*,*,#3695,.F.);
#3658=ORIENTED_EDGE('',*,*,#4851,.F.);
#3659=ORIENTED_EDGE('',*,*,#3686,.F.);
#3660=ORIENTED_EDGE('',*,*,#3687,.T.);
#3661=ORIENTED_EDGE('',*,*,#4851,.T.);
#3662=ORIENTED_EDGE('',*,*,#3694,.T.);
#3663=ORIENTED_EDGE('',*,*,#4852,.F.);
#3664=ORIENTED_EDGE('',*,*,#4852,.T.);
#3665=ORIENTED_EDGE('',*,*,#3697,.F.);
#3666=ORIENTED_EDGE('',*,*,#4853,.F.);
#3667=ORIENTED_EDGE('',*,*,#3688,.F.);
#3668=ORIENTED_EDGE('',*,*,#3685,.T.);
#3669=ORIENTED_EDGE('',*,*,#4853,.T.);
#3670=ORIENTED_EDGE('',*,*,#3696,.T.);
#3671=ORIENTED_EDGE('',*,*,#4850,.F.);
#3672=ORIENTED_EDGE('',*,*,#3683,.T.);
#3673=ORIENTED_EDGE('',*,*,#3692,.T.);
#3674=ORIENTED_EDGE('',*,*,#3682,.T.);
#3675=ORIENTED_EDGE('',*,*,#3691,.T.);
#3676=ORIENTED_EDGE('',*,*,#3681,.T.);
#3677=ORIENTED_EDGE('',*,*,#3690,.T.);
#3678=ORIENTED_EDGE('',*,*,#3680,.T.);
#3679=ORIENTED_EDGE('',*,*,#3689,.T.);
#3680=EDGE_CURVE('',#4854,#4854,#5592,.T.);
#3681=EDGE_CURVE('',#4855,#4855,#5593,.T.);
#3682=EDGE_CURVE('',#4856,#4856,#5594,.T.);
#3683=EDGE_CURVE('',#4857,#4857,#5595,.T.);
#3684=EDGE_CURVE('',#4858,#4858,#5596,.F.);
#3685=EDGE_CURVE('',#4859,#4860,#5597,.T.);
#3686=EDGE_CURVE('',#4859,#4861,#308,.T.);
#3687=EDGE_CURVE('',#4862,#4861,#5598,.T.);
#3688=EDGE_CURVE('',#4862,#4860,#309,.T.);
#3689=EDGE_CURVE('',#4863,#4863,#5599,.T.);
#3690=EDGE_CURVE('',#4864,#4864,#5600,.T.);
#3691=EDGE_CURVE('',#4865,#4865,#5601,.T.);
#3692=EDGE_CURVE('',#4866,#4866,#5602,.T.);
#3693=EDGE_CURVE('',#4867,#4867,#5603,.T.);
#3694=EDGE_CURVE('',#4868,#4869,#5604,.T.);
#3695=EDGE_CURVE('',#4868,#4870,#310,.T.);
#3696=EDGE_CURVE('',#4871,#4870,#5605,.T.);
#3697=EDGE_CURVE('',#4871,#4869,#311,.T.);
#3698=EDGE_CURVE('',#4872,#4873,#5606,.T.);
#3699=EDGE_CURVE('',#4872,#4874,#5607,.F.);
#3700=EDGE_CURVE('',#4874,#4875,#312,.T.);
#3701=EDGE_CURVE('',#4875,#4876,#5608,.F.);
#3702=EDGE_CURVE('',#4876,#4877,#5609,.F.);
#3703=EDGE_CURVE('',#4877,#4878,#5610,.T.);
#3704=EDGE_CURVE('',#4878,#4879,#5611,.F.);
#3705=EDGE_CURVE('',#4880,#4879,#5612,.T.);
#3706=EDGE_CURVE('',#4881,#4880,#313,.F.);
#3707=EDGE_CURVE('',#4881,#4873,#5613,.F.);
#3708=EDGE_CURVE('',#4882,#4883,#5614,.T.);
#3709=EDGE_CURVE('',#4882,#4884,#5615,.F.);
#3710=EDGE_CURVE('',#4884,#4885,#314,.T.);
#3711=EDGE_CURVE('',#4885,#4886,#5616,.F.);
#3712=EDGE_CURVE('',#4886,#4887,#5617,.F.);
#3713=EDGE_CURVE('',#4887,#4888,#5618,.T.);
#3714=EDGE_CURVE('',#4888,#4889,#5619,.F.);
#3715=EDGE_CURVE('',#4890,#4889,#5620,.T.);
#3716=EDGE_CURVE('',#4891,#4890,#315,.F.);
#3717=EDGE_CURVE('',#4891,#4883,#5621,.F.);
#3718=EDGE_CURVE('',#4892,#4893,#5622,.T.);
#3719=EDGE_CURVE('',#4892,#4894,#5623,.F.);
#3720=EDGE_CURVE('',#4894,#4895,#316,.T.);
#3721=EDGE_CURVE('',#4895,#4896,#5624,.F.);
#3722=EDGE_CURVE('',#4896,#4897,#5625,.F.);
#3723=EDGE_CURVE('',#4897,#4898,#5626,.T.);
#3724=EDGE_CURVE('',#4898,#4899,#5627,.F.);
#3725=EDGE_CURVE('',#4900,#4899,#5628,.T.);
#3726=EDGE_CURVE('',#4901,#4900,#317,.F.);
#3727=EDGE_CURVE('',#4901,#4893,#5629,.F.);
#3728=EDGE_CURVE('',#4902,#4903,#5630,.T.);
#3729=EDGE_CURVE('',#4902,#4904,#5631,.F.);
#3730=EDGE_CURVE('',#4904,#4905,#318,.T.);
#3731=EDGE_CURVE('',#4905,#4906,#5632,.F.);
#3732=EDGE_CURVE('',#4906,#4907,#5633,.F.);
#3733=EDGE_CURVE('',#4907,#4908,#5634,.T.);
#3734=EDGE_CURVE('',#4908,#4909,#5635,.F.);
#3735=EDGE_CURVE('',#4910,#4909,#5636,.T.);
#3736=EDGE_CURVE('',#4911,#4910,#319,.F.);
#3737=EDGE_CURVE('',#4911,#4903,#5637,.F.);
#3738=EDGE_CURVE('',#4912,#4913,#5638,.T.);
#3739=EDGE_CURVE('',#4912,#4914,#5639,.F.);
#3740=EDGE_CURVE('',#4914,#4915,#320,.T.);
#3741=EDGE_CURVE('',#4915,#4916,#5640,.F.);
#3742=EDGE_CURVE('',#4916,#4917,#5641,.F.);
#3743=EDGE_CURVE('',#4917,#4918,#5642,.T.);
#3744=EDGE_CURVE('',#4918,#4919,#5643,.F.);
#3745=EDGE_CURVE('',#4920,#4919,#5644,.T.);
#3746=EDGE_CURVE('',#4921,#4920,#321,.F.);
#3747=EDGE_CURVE('',#4921,#4913,#5645,.F.);
#3748=EDGE_CURVE('',#4922,#4923,#5646,.T.);
#3749=EDGE_CURVE('',#4922,#4924,#5647,.F.);
#3750=EDGE_CURVE('',#4924,#4925,#322,.T.);
#3751=EDGE_CURVE('',#4925,#4926,#5648,.F.);
#3752=EDGE_CURVE('',#4926,#4927,#5649,.F.);
#3753=EDGE_CURVE('',#4927,#4928,#5650,.T.);
#3754=EDGE_CURVE('',#4928,#4929,#5651,.F.);
#3755=EDGE_CURVE('',#4930,#4929,#5652,.T.);
#3756=EDGE_CURVE('',#4931,#4930,#323,.F.);
#3757=EDGE_CURVE('',#4931,#4923,#5653,.F.);
#3758=EDGE_CURVE('',#4932,#4933,#5654,.T.);
#3759=EDGE_CURVE('',#4932,#4934,#5655,.F.);
#3760=EDGE_CURVE('',#4934,#4935,#324,.T.);
#3761=EDGE_CURVE('',#4935,#4936,#5656,.F.);
#3762=EDGE_CURVE('',#4936,#4937,#5657,.F.);
#3763=EDGE_CURVE('',#4937,#4938,#5658,.T.);
#3764=EDGE_CURVE('',#4938,#4939,#5659,.F.);
#3765=EDGE_CURVE('',#4940,#4939,#5660,.T.);
#3766=EDGE_CURVE('',#4941,#4940,#325,.F.);
#3767=EDGE_CURVE('',#4941,#4933,#5661,.F.);
#3768=EDGE_CURVE('',#4942,#4943,#5662,.T.);
#3769=EDGE_CURVE('',#4942,#4944,#5663,.F.);
#3770=EDGE_CURVE('',#4944,#4945,#326,.T.);
#3771=EDGE_CURVE('',#4945,#4946,#5664,.F.);
#3772=EDGE_CURVE('',#4946,#4947,#5665,.F.);
#3773=EDGE_CURVE('',#4947,#4948,#5666,.T.);
#3774=EDGE_CURVE('',#4948,#4949,#5667,.F.);
#3775=EDGE_CURVE('',#4950,#4949,#5668,.T.);
#3776=EDGE_CURVE('',#4951,#4950,#327,.F.);
#3777=EDGE_CURVE('',#4951,#4943,#5669,.F.);
#3778=EDGE_CURVE('',#4952,#4953,#5670,.T.);
#3779=EDGE_CURVE('',#4952,#4954,#5671,.F.);
#3780=EDGE_CURVE('',#4954,#4955,#328,.T.);
#3781=EDGE_CURVE('',#4955,#4956,#5672,.F.);
#3782=EDGE_CURVE('',#4956,#4957,#5673,.F.);
#3783=EDGE_CURVE('',#4957,#4958,#5674,.T.);
#3784=EDGE_CURVE('',#4958,#4959,#5675,.F.);
#3785=EDGE_CURVE('',#4960,#4959,#5676,.T.);
#3786=EDGE_CURVE('',#4961,#4960,#329,.F.);
#3787=EDGE_CURVE('',#4961,#4953,#5677,.F.);
#3788=EDGE_CURVE('',#4962,#4963,#5678,.T.);
#3789=EDGE_CURVE('',#4962,#4964,#5679,.F.);
#3790=EDGE_CURVE('',#4964,#4965,#330,.T.);
#3791=EDGE_CURVE('',#4965,#4966,#5680,.F.);
#3792=EDGE_CURVE('',#4966,#4967,#5681,.F.);
#3793=EDGE_CURVE('',#4967,#4968,#5682,.T.);
#3794=EDGE_CURVE('',#4968,#4969,#5683,.F.);
#3795=EDGE_CURVE('',#4970,#4969,#5684,.T.);
#3796=EDGE_CURVE('',#4971,#4970,#331,.F.);
#3797=EDGE_CURVE('',#4971,#4963,#5685,.F.);
#3798=EDGE_CURVE('',#4972,#4973,#5686,.T.);
#3799=EDGE_CURVE('',#4972,#4974,#5687,.F.);
#3800=EDGE_CURVE('',#4974,#4975,#332,.T.);
#3801=EDGE_CURVE('',#4975,#4976,#5688,.F.);
#3802=EDGE_CURVE('',#4976,#4977,#5689,.F.);
#3803=EDGE_CURVE('',#4977,#4978,#5690,.T.);
#3804=EDGE_CURVE('',#4978,#4979,#5691,.F.);
#3805=EDGE_CURVE('',#4980,#4979,#5692,.T.);
#3806=EDGE_CURVE('',#4981,#4980,#333,.F.);
#3807=EDGE_CURVE('',#4981,#4973,#5693,.F.);
#3808=EDGE_CURVE('',#4982,#4983,#5694,.T.);
#3809=EDGE_CURVE('',#4982,#4984,#5695,.F.);
#3810=EDGE_CURVE('',#4984,#4985,#334,.T.);
#3811=EDGE_CURVE('',#4985,#4986,#5696,.F.);
#3812=EDGE_CURVE('',#4986,#4987,#5697,.F.);
#3813=EDGE_CURVE('',#4987,#4988,#5698,.T.);
#3814=EDGE_CURVE('',#4988,#4989,#5699,.F.);
#3815=EDGE_CURVE('',#4990,#4989,#5700,.T.);
#3816=EDGE_CURVE('',#4991,#4990,#335,.F.);
#3817=EDGE_CURVE('',#4991,#4983,#5701,.F.);
#3818=EDGE_CURVE('',#4992,#4993,#5702,.T.);
#3819=EDGE_CURVE('',#4992,#4994,#5703,.F.);
#3820=EDGE_CURVE('',#4994,#4995,#336,.T.);
#3821=EDGE_CURVE('',#4995,#4996,#5704,.F.);
#3822=EDGE_CURVE('',#4996,#4997,#5705,.F.);
#3823=EDGE_CURVE('',#4997,#4998,#5706,.T.);
#3824=EDGE_CURVE('',#4998,#4999,#5707,.F.);
#3825=EDGE_CURVE('',#5000,#4999,#5708,.T.);
#3826=EDGE_CURVE('',#5001,#5000,#337,.F.);
#3827=EDGE_CURVE('',#5001,#4993,#5709,.F.);
#3828=EDGE_CURVE('',#5002,#5003,#5710,.T.);
#3829=EDGE_CURVE('',#5002,#5004,#5711,.F.);
#3830=EDGE_CURVE('',#5004,#5005,#338,.T.);
#3831=EDGE_CURVE('',#5005,#5006,#5712,.F.);
#3832=EDGE_CURVE('',#5006,#5007,#5713,.F.);
#3833=EDGE_CURVE('',#5007,#5008,#5714,.T.);
#3834=EDGE_CURVE('',#5008,#5009,#5715,.F.);
#3835=EDGE_CURVE('',#5010,#5009,#5716,.T.);
#3836=EDGE_CURVE('',#5011,#5010,#339,.F.);
#3837=EDGE_CURVE('',#5011,#5003,#5717,.F.);
#3838=EDGE_CURVE('',#5012,#5013,#5718,.T.);
#3839=EDGE_CURVE('',#5012,#5014,#5719,.F.);
#3840=EDGE_CURVE('',#5014,#5015,#340,.T.);
#3841=EDGE_CURVE('',#5015,#5016,#5720,.F.);
#3842=EDGE_CURVE('',#5016,#5017,#5721,.F.);
#3843=EDGE_CURVE('',#5017,#5018,#5722,.T.);
#3844=EDGE_CURVE('',#5018,#5019,#5723,.F.);
#3845=EDGE_CURVE('',#5020,#5019,#5724,.T.);
#3846=EDGE_CURVE('',#5021,#5020,#341,.F.);
#3847=EDGE_CURVE('',#5021,#5013,#5725,.F.);
#3848=EDGE_CURVE('',#5022,#5023,#5726,.T.);
#3849=EDGE_CURVE('',#5022,#5024,#5727,.F.);
#3850=EDGE_CURVE('',#5024,#5025,#342,.T.);
#3851=EDGE_CURVE('',#5025,#5026,#5728,.F.);
#3852=EDGE_CURVE('',#5026,#5027,#5729,.F.);
#3853=EDGE_CURVE('',#5027,#5028,#5730,.T.);
#3854=EDGE_CURVE('',#5028,#5029,#5731,.F.);
#3855=EDGE_CURVE('',#5030,#5029,#5732,.T.);
#3856=EDGE_CURVE('',#5031,#5030,#343,.F.);
#3857=EDGE_CURVE('',#5031,#5023,#5733,.F.);
#3858=EDGE_CURVE('',#5032,#5033,#5734,.T.);
#3859=EDGE_CURVE('',#5032,#5034,#5735,.F.);
#3860=EDGE_CURVE('',#5034,#5035,#344,.T.);
#3861=EDGE_CURVE('',#5035,#5036,#5736,.F.);
#3862=EDGE_CURVE('',#5036,#5037,#5737,.F.);
#3863=EDGE_CURVE('',#5037,#5038,#5738,.T.);
#3864=EDGE_CURVE('',#5038,#5039,#5739,.F.);
#3865=EDGE_CURVE('',#5040,#5039,#5740,.T.);
#3866=EDGE_CURVE('',#5041,#5040,#345,.F.);
#3867=EDGE_CURVE('',#5041,#5033,#5741,.F.);
#3868=EDGE_CURVE('',#5042,#5043,#5742,.T.);
#3869=EDGE_CURVE('',#5042,#5044,#5743,.F.);
#3870=EDGE_CURVE('',#5044,#5045,#346,.T.);
#3871=EDGE_CURVE('',#5045,#5046,#5744,.F.);
#3872=EDGE_CURVE('',#5046,#5047,#5745,.F.);
#3873=EDGE_CURVE('',#5047,#5048,#5746,.T.);
#3874=EDGE_CURVE('',#5048,#5049,#5747,.F.);
#3875=EDGE_CURVE('',#5050,#5049,#5748,.T.);
#3876=EDGE_CURVE('',#5051,#5050,#347,.F.);
#3877=EDGE_CURVE('',#5051,#5043,#5749,.F.);
#3878=EDGE_CURVE('',#5052,#5053,#5750,.T.);
#3879=EDGE_CURVE('',#5052,#5054,#5751,.F.);
#3880=EDGE_CURVE('',#5054,#5055,#348,.T.);
#3881=EDGE_CURVE('',#5055,#5056,#5752,.F.);
#3882=EDGE_CURVE('',#5056,#5057,#5753,.F.);
#3883=EDGE_CURVE('',#5057,#5058,#5754,.T.);
#3884=EDGE_CURVE('',#5058,#5059,#5755,.F.);
#3885=EDGE_CURVE('',#5060,#5059,#5756,.T.);
#3886=EDGE_CURVE('',#5061,#5060,#349,.F.);
#3887=EDGE_CURVE('',#5061,#5053,#5757,.F.);
#3888=EDGE_CURVE('',#5062,#5063,#5758,.T.);
#3889=EDGE_CURVE('',#5062,#5064,#5759,.F.);
#3890=EDGE_CURVE('',#5064,#5065,#350,.T.);
#3891=EDGE_CURVE('',#5065,#5066,#5760,.F.);
#3892=EDGE_CURVE('',#5066,#5067,#5761,.F.);
#3893=EDGE_CURVE('',#5067,#5068,#5762,.T.);
#3894=EDGE_CURVE('',#5068,#5069,#5763,.F.);
#3895=EDGE_CURVE('',#5070,#5069,#5764,.T.);
#3896=EDGE_CURVE('',#5071,#5070,#351,.F.);
#3897=EDGE_CURVE('',#5071,#5063,#5765,.F.);
#3898=EDGE_CURVE('',#5072,#5073,#5766,.T.);
#3899=EDGE_CURVE('',#5072,#5074,#5767,.F.);
#3900=EDGE_CURVE('',#5074,#5075,#352,.T.);
#3901=EDGE_CURVE('',#5075,#5076,#5768,.F.);
#3902=EDGE_CURVE('',#5076,#5077,#5769,.F.);
#3903=EDGE_CURVE('',#5077,#5078,#5770,.T.);
#3904=EDGE_CURVE('',#5078,#5079,#5771,.F.);
#3905=EDGE_CURVE('',#5080,#5079,#5772,.T.);
#3906=EDGE_CURVE('',#5081,#5080,#353,.F.);
#3907=EDGE_CURVE('',#5081,#5073,#5773,.F.);
#3908=EDGE_CURVE('',#5082,#5083,#5774,.T.);
#3909=EDGE_CURVE('',#5082,#5084,#5775,.F.);
#3910=EDGE_CURVE('',#5084,#5085,#354,.T.);
#3911=EDGE_CURVE('',#5085,#5086,#5776,.F.);
#3912=EDGE_CURVE('',#5086,#5087,#5777,.F.);
#3913=EDGE_CURVE('',#5087,#5088,#5778,.T.);
#3914=EDGE_CURVE('',#5088,#5089,#5779,.F.);
#3915=EDGE_CURVE('',#5090,#5089,#5780,.T.);
#3916=EDGE_CURVE('',#5091,#5090,#355,.F.);
#3917=EDGE_CURVE('',#5091,#5083,#5781,.F.);
#3918=EDGE_CURVE('',#5092,#5093,#5782,.T.);
#3919=EDGE_CURVE('',#5092,#5094,#5783,.F.);
#3920=EDGE_CURVE('',#5094,#5095,#356,.T.);
#3921=EDGE_CURVE('',#5095,#5096,#5784,.F.);
#3922=EDGE_CURVE('',#5096,#5097,#5785,.F.);
#3923=EDGE_CURVE('',#5097,#5098,#5786,.T.);
#3924=EDGE_CURVE('',#5098,#5099,#5787,.F.);
#3925=EDGE_CURVE('',#5100,#5099,#5788,.T.);
#3926=EDGE_CURVE('',#5101,#5100,#357,.F.);
#3927=EDGE_CURVE('',#5101,#5093,#5789,.F.);
#3928=EDGE_CURVE('',#5102,#5103,#5790,.T.);
#3929=EDGE_CURVE('',#5102,#5104,#5791,.F.);
#3930=EDGE_CURVE('',#5104,#5105,#358,.T.);
#3931=EDGE_CURVE('',#5105,#5106,#5792,.F.);
#3932=EDGE_CURVE('',#5106,#5107,#5793,.F.);
#3933=EDGE_CURVE('',#5107,#5108,#5794,.T.);
#3934=EDGE_CURVE('',#5108,#5109,#5795,.F.);
#3935=EDGE_CURVE('',#5110,#5109,#5796,.T.);
#3936=EDGE_CURVE('',#5111,#5110,#359,.F.);
#3937=EDGE_CURVE('',#5111,#5103,#5797,.F.);
#3938=EDGE_CURVE('',#5112,#5113,#5798,.T.);
#3939=EDGE_CURVE('',#5112,#5114,#5799,.F.);
#3940=EDGE_CURVE('',#5114,#5115,#360,.T.);
#3941=EDGE_CURVE('',#5115,#5116,#5800,.F.);
#3942=EDGE_CURVE('',#5116,#5117,#5801,.F.);
#3943=EDGE_CURVE('',#5117,#5118,#5802,.T.);
#3944=EDGE_CURVE('',#5118,#5119,#5803,.F.);
#3945=EDGE_CURVE('',#5120,#5119,#5804,.T.);
#3946=EDGE_CURVE('',#5121,#5120,#361,.F.);
#3947=EDGE_CURVE('',#5121,#5113,#5805,.F.);
#3948=EDGE_CURVE('',#5122,#5123,#5806,.T.);
#3949=EDGE_CURVE('',#5122,#5124,#5807,.F.);
#3950=EDGE_CURVE('',#5124,#5125,#362,.T.);
#3951=EDGE_CURVE('',#5125,#5126,#5808,.F.);
#3952=EDGE_CURVE('',#5126,#5127,#5809,.F.);
#3953=EDGE_CURVE('',#5127,#5128,#5810,.T.);
#3954=EDGE_CURVE('',#5128,#5129,#5811,.F.);
#3955=EDGE_CURVE('',#5130,#5129,#5812,.T.);
#3956=EDGE_CURVE('',#5131,#5130,#363,.F.);
#3957=EDGE_CURVE('',#5131,#5123,#5813,.F.);
#3958=EDGE_CURVE('',#5132,#5133,#5814,.T.);
#3959=EDGE_CURVE('',#5132,#5134,#5815,.F.);
#3960=EDGE_CURVE('',#5134,#5135,#364,.T.);
#3961=EDGE_CURVE('',#5135,#5136,#5816,.F.);
#3962=EDGE_CURVE('',#5136,#5137,#5817,.F.);
#3963=EDGE_CURVE('',#5137,#5138,#5818,.T.);
#3964=EDGE_CURVE('',#5138,#5139,#5819,.F.);
#3965=EDGE_CURVE('',#5140,#5139,#5820,.T.);
#3966=EDGE_CURVE('',#5141,#5140,#365,.F.);
#3967=EDGE_CURVE('',#5141,#5133,#5821,.F.);
#3968=EDGE_CURVE('',#5142,#5143,#5822,.T.);
#3969=EDGE_CURVE('',#5142,#5144,#5823,.F.);
#3970=EDGE_CURVE('',#5144,#5145,#366,.T.);
#3971=EDGE_CURVE('',#5145,#5146,#5824,.F.);
#3972=EDGE_CURVE('',#5146,#5147,#5825,.F.);
#3973=EDGE_CURVE('',#5147,#5148,#5826,.T.);
#3974=EDGE_CURVE('',#5148,#5149,#5827,.F.);
#3975=EDGE_CURVE('',#5150,#5149,#5828,.T.);
#3976=EDGE_CURVE('',#5151,#5150,#367,.F.);
#3977=EDGE_CURVE('',#5151,#5143,#5829,.F.);
#3978=EDGE_CURVE('',#5152,#5153,#5830,.T.);
#3979=EDGE_CURVE('',#5152,#5154,#5831,.F.);
#3980=EDGE_CURVE('',#5154,#5155,#368,.T.);
#3981=EDGE_CURVE('',#5155,#5156,#5832,.F.);
#3982=EDGE_CURVE('',#5156,#5157,#5833,.F.);
#3983=EDGE_CURVE('',#5157,#5158,#5834,.T.);
#3984=EDGE_CURVE('',#5158,#5159,#5835,.F.);
#3985=EDGE_CURVE('',#5160,#5159,#5836,.T.);
#3986=EDGE_CURVE('',#5161,#5160,#369,.F.);
#3987=EDGE_CURVE('',#5161,#5153,#5837,.F.);
#3988=EDGE_CURVE('',#5162,#5163,#5838,.T.);
#3989=EDGE_CURVE('',#5162,#5164,#5839,.F.);
#3990=EDGE_CURVE('',#5164,#5165,#370,.T.);
#3991=EDGE_CURVE('',#5165,#5166,#5840,.F.);
#3992=EDGE_CURVE('',#5166,#5167,#5841,.F.);
#3993=EDGE_CURVE('',#5167,#5168,#5842,.T.);
#3994=EDGE_CURVE('',#5168,#5169,#5843,.F.);
#3995=EDGE_CURVE('',#5170,#5169,#5844,.T.);
#3996=EDGE_CURVE('',#5171,#5170,#371,.F.);
#3997=EDGE_CURVE('',#5171,#5163,#5845,.F.);
#3998=EDGE_CURVE('',#5172,#5173,#5846,.T.);
#3999=EDGE_CURVE('',#5172,#5174,#5847,.F.);
#4000=EDGE_CURVE('',#5174,#5175,#372,.T.);
#4001=EDGE_CURVE('',#5175,#5176,#5848,.F.);
#4002=EDGE_CURVE('',#5176,#5177,#5849,.F.);
#4003=EDGE_CURVE('',#5177,#5178,#5850,.T.);
#4004=EDGE_CURVE('',#5178,#5179,#5851,.F.);
#4005=EDGE_CURVE('',#5180,#5179,#5852,.T.);
#4006=EDGE_CURVE('',#5181,#5180,#373,.F.);
#4007=EDGE_CURVE('',#5181,#5173,#5853,.F.);
#4008=EDGE_CURVE('',#5182,#5183,#5854,.T.);
#4009=EDGE_CURVE('',#5182,#5184,#5855,.F.);
#4010=EDGE_CURVE('',#5184,#5185,#374,.T.);
#4011=EDGE_CURVE('',#5185,#5186,#5856,.F.);
#4012=EDGE_CURVE('',#5186,#5187,#5857,.F.);
#4013=EDGE_CURVE('',#5187,#5188,#5858,.T.);
#4014=EDGE_CURVE('',#5188,#5189,#5859,.F.);
#4015=EDGE_CURVE('',#5190,#5189,#5860,.T.);
#4016=EDGE_CURVE('',#5191,#5190,#375,.F.);
#4017=EDGE_CURVE('',#5191,#5183,#5861,.F.);
#4018=EDGE_CURVE('',#5192,#5193,#5862,.T.);
#4019=EDGE_CURVE('',#5192,#5194,#5863,.F.);
#4020=EDGE_CURVE('',#5194,#5195,#376,.T.);
#4021=EDGE_CURVE('',#5195,#5196,#5864,.F.);
#4022=EDGE_CURVE('',#5196,#5197,#5865,.F.);
#4023=EDGE_CURVE('',#5197,#5198,#5866,.T.);
#4024=EDGE_CURVE('',#5198,#5199,#5867,.F.);
#4025=EDGE_CURVE('',#5200,#5199,#5868,.T.);
#4026=EDGE_CURVE('',#5201,#5200,#377,.F.);
#4027=EDGE_CURVE('',#5201,#5193,#5869,.F.);
#4028=EDGE_CURVE('',#5202,#5203,#5870,.T.);
#4029=EDGE_CURVE('',#5202,#5204,#5871,.F.);
#4030=EDGE_CURVE('',#5204,#5205,#378,.T.);
#4031=EDGE_CURVE('',#5205,#5206,#5872,.F.);
#4032=EDGE_CURVE('',#5206,#5207,#5873,.F.);
#4033=EDGE_CURVE('',#5207,#5208,#5874,.T.);
#4034=EDGE_CURVE('',#5208,#5209,#5875,.F.);
#4035=EDGE_CURVE('',#5210,#5209,#5876,.T.);
#4036=EDGE_CURVE('',#5211,#5210,#379,.F.);
#4037=EDGE_CURVE('',#5211,#5203,#5877,.F.);
#4038=EDGE_CURVE('',#5212,#5213,#5878,.T.);
#4039=EDGE_CURVE('',#5212,#5214,#5879,.F.);
#4040=EDGE_CURVE('',#5214,#5215,#380,.T.);
#4041=EDGE_CURVE('',#5215,#5216,#5880,.F.);
#4042=EDGE_CURVE('',#5216,#5217,#5881,.F.);
#4043=EDGE_CURVE('',#5217,#5218,#5882,.T.);
#4044=EDGE_CURVE('',#5218,#5219,#5883,.F.);
#4045=EDGE_CURVE('',#5220,#5219,#5884,.T.);
#4046=EDGE_CURVE('',#5221,#5220,#381,.F.);
#4047=EDGE_CURVE('',#5221,#5213,#5885,.F.);
#4048=EDGE_CURVE('',#5222,#5223,#5886,.T.);
#4049=EDGE_CURVE('',#5222,#5224,#5887,.F.);
#4050=EDGE_CURVE('',#5224,#5225,#382,.T.);
#4051=EDGE_CURVE('',#5225,#5226,#5888,.F.);
#4052=EDGE_CURVE('',#5226,#5227,#5889,.F.);
#4053=EDGE_CURVE('',#5227,#5228,#5890,.T.);
#4054=EDGE_CURVE('',#5228,#5229,#5891,.F.);
#4055=EDGE_CURVE('',#5230,#5229,#5892,.T.);
#4056=EDGE_CURVE('',#5231,#5230,#383,.F.);
#4057=EDGE_CURVE('',#5231,#5223,#5893,.F.);
#4058=EDGE_CURVE('',#5232,#5233,#5894,.T.);
#4059=EDGE_CURVE('',#5232,#5234,#5895,.T.);
#4060=EDGE_CURVE('',#5234,#5235,#384,.T.);
#4061=EDGE_CURVE('',#5235,#5236,#5896,.T.);
#4062=EDGE_CURVE('',#5236,#5237,#5897,.T.);
#4063=EDGE_CURVE('',#5238,#5237,#5898,.T.);
#4064=EDGE_CURVE('',#5238,#5239,#5899,.T.);
#4065=EDGE_CURVE('',#5240,#5239,#5900,.F.);
#4066=EDGE_CURVE('',#5241,#5240,#385,.F.);
#4067=EDGE_CURVE('',#5241,#5233,#5901,.T.);
#4068=EDGE_CURVE('',#5242,#5243,#5902,.T.);
#4069=EDGE_CURVE('',#5242,#5244,#5903,.T.);
#4070=EDGE_CURVE('',#5244,#5245,#386,.T.);
#4071=EDGE_CURVE('',#5245,#5246,#5904,.T.);
#4072=EDGE_CURVE('',#5246,#5247,#5905,.T.);
#4073=EDGE_CURVE('',#5248,#5247,#5906,.T.);
#4074=EDGE_CURVE('',#5248,#5249,#5907,.T.);
#4075=EDGE_CURVE('',#5250,#5249,#5908,.F.);
#4076=EDGE_CURVE('',#5251,#5250,#387,.F.);
#4077=EDGE_CURVE('',#5251,#5243,#5909,.T.);
#4078=EDGE_CURVE('',#5252,#5253,#5910,.T.);
#4079=EDGE_CURVE('',#5252,#5254,#5911,.T.);
#4080=EDGE_CURVE('',#5254,#5255,#388,.T.);
#4081=EDGE_CURVE('',#5255,#5256,#5912,.T.);
#4082=EDGE_CURVE('',#5256,#5257,#5913,.T.);
#4083=EDGE_CURVE('',#5258,#5257,#5914,.T.);
#4084=EDGE_CURVE('',#5258,#5259,#5915,.T.);
#4085=EDGE_CURVE('',#5260,#5259,#5916,.F.);
#4086=EDGE_CURVE('',#5261,#5260,#389,.F.);
#4087=EDGE_CURVE('',#5261,#5253,#5917,.T.);
#4088=EDGE_CURVE('',#5262,#5263,#5918,.T.);
#4089=EDGE_CURVE('',#5262,#5264,#5919,.T.);
#4090=EDGE_CURVE('',#5264,#5265,#390,.T.);
#4091=EDGE_CURVE('',#5265,#5266,#5920,.T.);
#4092=EDGE_CURVE('',#5266,#5267,#5921,.T.);
#4093=EDGE_CURVE('',#5268,#5267,#5922,.T.);
#4094=EDGE_CURVE('',#5268,#5269,#5923,.T.);
#4095=EDGE_CURVE('',#5270,#5269,#5924,.F.);
#4096=EDGE_CURVE('',#5271,#5270,#391,.F.);
#4097=EDGE_CURVE('',#5271,#5263,#5925,.T.);
#4098=EDGE_CURVE('',#5272,#5273,#5926,.T.);
#4099=EDGE_CURVE('',#5272,#5274,#5927,.T.);
#4100=EDGE_CURVE('',#5274,#5275,#392,.T.);
#4101=EDGE_CURVE('',#5275,#5276,#5928,.T.);
#4102=EDGE_CURVE('',#5276,#5277,#5929,.T.);
#4103=EDGE_CURVE('',#5278,#5277,#5930,.T.);
#4104=EDGE_CURVE('',#5278,#5279,#5931,.T.);
#4105=EDGE_CURVE('',#5280,#5279,#5932,.F.);
#4106=EDGE_CURVE('',#5281,#5280,#393,.F.);
#4107=EDGE_CURVE('',#5281,#5273,#5933,.T.);
#4108=EDGE_CURVE('',#5282,#5283,#5934,.T.);
#4109=EDGE_CURVE('',#5282,#5284,#5935,.T.);
#4110=EDGE_CURVE('',#5284,#5285,#394,.T.);
#4111=EDGE_CURVE('',#5285,#5286,#5936,.T.);
#4112=EDGE_CURVE('',#5286,#5287,#5937,.T.);
#4113=EDGE_CURVE('',#5288,#5287,#5938,.T.);
#4114=EDGE_CURVE('',#5288,#5289,#5939,.T.);
#4115=EDGE_CURVE('',#5290,#5289,#5940,.F.);
#4116=EDGE_CURVE('',#5291,#5290,#395,.F.);
#4117=EDGE_CURVE('',#5291,#5283,#5941,.T.);
#4118=EDGE_CURVE('',#5292,#5293,#5942,.T.);
#4119=EDGE_CURVE('',#5292,#5294,#5943,.T.);
#4120=EDGE_CURVE('',#5294,#5295,#396,.T.);
#4121=EDGE_CURVE('',#5295,#5296,#5944,.T.);
#4122=EDGE_CURVE('',#5296,#5297,#5945,.T.);
#4123=EDGE_CURVE('',#5298,#5297,#5946,.T.);
#4124=EDGE_CURVE('',#5298,#5299,#5947,.T.);
#4125=EDGE_CURVE('',#5300,#5299,#5948,.F.);
#4126=EDGE_CURVE('',#5301,#5300,#397,.F.);
#4127=EDGE_CURVE('',#5301,#5293,#5949,.T.);
#4128=EDGE_CURVE('',#5302,#5303,#5950,.T.);
#4129=EDGE_CURVE('',#5302,#5304,#5951,.T.);
#4130=EDGE_CURVE('',#5304,#5305,#398,.T.);
#4131=EDGE_CURVE('',#5305,#5306,#5952,.T.);
#4132=EDGE_CURVE('',#5306,#5307,#5953,.T.);
#4133=EDGE_CURVE('',#5308,#5307,#5954,.T.);
#4134=EDGE_CURVE('',#5308,#5309,#5955,.T.);
#4135=EDGE_CURVE('',#5310,#5309,#5956,.F.);
#4136=EDGE_CURVE('',#5311,#5310,#399,.F.);
#4137=EDGE_CURVE('',#5311,#5303,#5957,.T.);
#4138=EDGE_CURVE('',#5312,#5313,#5958,.T.);
#4139=EDGE_CURVE('',#5312,#5314,#5959,.T.);
#4140=EDGE_CURVE('',#5314,#5315,#400,.T.);
#4141=EDGE_CURVE('',#5315,#5316,#5960,.T.);
#4142=EDGE_CURVE('',#5316,#5317,#5961,.T.);
#4143=EDGE_CURVE('',#5318,#5317,#5962,.T.);
#4144=EDGE_CURVE('',#5318,#5319,#5963,.T.);
#4145=EDGE_CURVE('',#5320,#5319,#5964,.F.);
#4146=EDGE_CURVE('',#5321,#5320,#401,.F.);
#4147=EDGE_CURVE('',#5321,#5313,#5965,.T.);
#4148=EDGE_CURVE('',#5322,#5323,#5966,.T.);
#4149=EDGE_CURVE('',#5322,#5324,#5967,.T.);
#4150=EDGE_CURVE('',#5324,#5325,#402,.T.);
#4151=EDGE_CURVE('',#5325,#5326,#5968,.T.);
#4152=EDGE_CURVE('',#5326,#5327,#5969,.T.);
#4153=EDGE_CURVE('',#5328,#5327,#5970,.T.);
#4154=EDGE_CURVE('',#5328,#5329,#5971,.T.);
#4155=EDGE_CURVE('',#5330,#5329,#5972,.F.);
#4156=EDGE_CURVE('',#5331,#5330,#403,.F.);
#4157=EDGE_CURVE('',#5331,#5323,#5973,.T.);
#4158=EDGE_CURVE('',#5332,#5333,#5974,.T.);
#4159=EDGE_CURVE('',#5332,#5334,#5975,.T.);
#4160=EDGE_CURVE('',#5334,#5335,#404,.T.);
#4161=EDGE_CURVE('',#5335,#5336,#5976,.T.);
#4162=EDGE_CURVE('',#5336,#5337,#5977,.T.);
#4163=EDGE_CURVE('',#5338,#5337,#5978,.T.);
#4164=EDGE_CURVE('',#5338,#5339,#5979,.T.);
#4165=EDGE_CURVE('',#5340,#5339,#5980,.F.);
#4166=EDGE_CURVE('',#5341,#5340,#405,.F.);
#4167=EDGE_CURVE('',#5341,#5333,#5981,.T.);
#4168=EDGE_CURVE('',#5342,#5343,#5982,.T.);
#4169=EDGE_CURVE('',#5342,#5344,#5983,.T.);
#4170=EDGE_CURVE('',#5344,#5345,#406,.T.);
#4171=EDGE_CURVE('',#5345,#5346,#5984,.T.);
#4172=EDGE_CURVE('',#5346,#5347,#5985,.T.);
#4173=EDGE_CURVE('',#5348,#5347,#5986,.T.);
#4174=EDGE_CURVE('',#5348,#5349,#5987,.T.);
#4175=EDGE_CURVE('',#5350,#5349,#5988,.F.);
#4176=EDGE_CURVE('',#5351,#5350,#407,.F.);
#4177=EDGE_CURVE('',#5351,#5343,#5989,.T.);
#4178=EDGE_CURVE('',#5352,#5353,#5990,.T.);
#4179=EDGE_CURVE('',#5352,#5354,#5991,.T.);
#4180=EDGE_CURVE('',#5354,#5355,#408,.T.);
#4181=EDGE_CURVE('',#5355,#5356,#5992,.T.);
#4182=EDGE_CURVE('',#5356,#5357,#5993,.T.);
#4183=EDGE_CURVE('',#5358,#5357,#5994,.T.);
#4184=EDGE_CURVE('',#5358,#5359,#5995,.T.);
#4185=EDGE_CURVE('',#5360,#5359,#5996,.F.);
#4186=EDGE_CURVE('',#5361,#5360,#409,.F.);
#4187=EDGE_CURVE('',#5361,#5353,#5997,.T.);
#4188=EDGE_CURVE('',#5362,#5363,#5998,.T.);
#4189=EDGE_CURVE('',#5362,#5364,#5999,.T.);
#4190=EDGE_CURVE('',#5364,#5365,#410,.T.);
#4191=EDGE_CURVE('',#5365,#5366,#6000,.T.);
#4192=EDGE_CURVE('',#5366,#5367,#6001,.T.);
#4193=EDGE_CURVE('',#5368,#5367,#6002,.T.);
#4194=EDGE_CURVE('',#5368,#5369,#6003,.T.);
#4195=EDGE_CURVE('',#5370,#5369,#6004,.F.);
#4196=EDGE_CURVE('',#5371,#5370,#411,.F.);
#4197=EDGE_CURVE('',#5371,#5363,#6005,.T.);
#4198=EDGE_CURVE('',#5372,#5373,#6006,.T.);
#4199=EDGE_CURVE('',#5372,#5374,#6007,.T.);
#4200=EDGE_CURVE('',#5374,#5375,#412,.T.);
#4201=EDGE_CURVE('',#5375,#5376,#6008,.T.);
#4202=EDGE_CURVE('',#5376,#5377,#6009,.T.);
#4203=EDGE_CURVE('',#5378,#5377,#6010,.T.);
#4204=EDGE_CURVE('',#5378,#5379,#6011,.T.);
#4205=EDGE_CURVE('',#5380,#5379,#6012,.F.);
#4206=EDGE_CURVE('',#5381,#5380,#413,.F.);
#4207=EDGE_CURVE('',#5381,#5373,#6013,.T.);
#4208=EDGE_CURVE('',#5382,#5383,#6014,.T.);
#4209=EDGE_CURVE('',#5382,#5384,#6015,.T.);
#4210=EDGE_CURVE('',#5384,#5385,#414,.T.);
#4211=EDGE_CURVE('',#5385,#5386,#6016,.T.);
#4212=EDGE_CURVE('',#5386,#5387,#6017,.T.);
#4213=EDGE_CURVE('',#5388,#5387,#6018,.T.);
#4214=EDGE_CURVE('',#5388,#5389,#6019,.T.);
#4215=EDGE_CURVE('',#5390,#5389,#6020,.F.);
#4216=EDGE_CURVE('',#5391,#5390,#415,.F.);
#4217=EDGE_CURVE('',#5391,#5383,#6021,.T.);
#4218=EDGE_CURVE('',#5392,#5393,#6022,.T.);
#4219=EDGE_CURVE('',#5392,#5394,#6023,.T.);
#4220=EDGE_CURVE('',#5394,#5395,#416,.T.);
#4221=EDGE_CURVE('',#5395,#5396,#6024,.T.);
#4222=EDGE_CURVE('',#5396,#5397,#6025,.T.);
#4223=EDGE_CURVE('',#5398,#5397,#6026,.T.);
#4224=EDGE_CURVE('',#5398,#5399,#6027,.T.);
#4225=EDGE_CURVE('',#5400,#5399,#6028,.F.);
#4226=EDGE_CURVE('',#5401,#5400,#417,.F.);
#4227=EDGE_CURVE('',#5401,#5393,#6029,.T.);
#4228=EDGE_CURVE('',#5402,#5403,#6030,.T.);
#4229=EDGE_CURVE('',#5402,#5404,#6031,.T.);
#4230=EDGE_CURVE('',#5404,#5405,#418,.T.);
#4231=EDGE_CURVE('',#5405,#5406,#6032,.T.);
#4232=EDGE_CURVE('',#5406,#5407,#6033,.T.);
#4233=EDGE_CURVE('',#5408,#5407,#6034,.T.);
#4234=EDGE_CURVE('',#5408,#5409,#6035,.T.);
#4235=EDGE_CURVE('',#5410,#5409,#6036,.F.);
#4236=EDGE_CURVE('',#5411,#5410,#419,.F.);
#4237=EDGE_CURVE('',#5411,#5403,#6037,.T.);
#4238=EDGE_CURVE('',#5412,#5413,#6038,.T.);
#4239=EDGE_CURVE('',#5412,#5414,#6039,.T.);
#4240=EDGE_CURVE('',#5414,#5415,#420,.T.);
#4241=EDGE_CURVE('',#5415,#5416,#6040,.T.);
#4242=EDGE_CURVE('',#5416,#5417,#6041,.T.);
#4243=EDGE_CURVE('',#5418,#5417,#6042,.T.);
#4244=EDGE_CURVE('',#5418,#5419,#6043,.T.);
#4245=EDGE_CURVE('',#5420,#5419,#6044,.F.);
#4246=EDGE_CURVE('',#5421,#5420,#421,.F.);
#4247=EDGE_CURVE('',#5421,#5413,#6045,.T.);
#4248=EDGE_CURVE('',#5422,#5423,#6046,.T.);
#4249=EDGE_CURVE('',#5422,#5424,#6047,.T.);
#4250=EDGE_CURVE('',#5424,#5425,#422,.T.);
#4251=EDGE_CURVE('',#5425,#5426,#6048,.T.);
#4252=EDGE_CURVE('',#5426,#5427,#6049,.T.);
#4253=EDGE_CURVE('',#5428,#5427,#6050,.T.);
#4254=EDGE_CURVE('',#5428,#5429,#6051,.T.);
#4255=EDGE_CURVE('',#5430,#5429,#6052,.F.);
#4256=EDGE_CURVE('',#5431,#5430,#423,.F.);
#4257=EDGE_CURVE('',#5431,#5423,#6053,.T.);
#4258=EDGE_CURVE('',#5432,#5433,#6054,.T.);
#4259=EDGE_CURVE('',#5432,#5434,#6055,.T.);
#4260=EDGE_CURVE('',#5434,#5435,#424,.T.);
#4261=EDGE_CURVE('',#5435,#5436,#6056,.T.);
#4262=EDGE_CURVE('',#5436,#5437,#6057,.T.);
#4263=EDGE_CURVE('',#5438,#5437,#6058,.T.);
#4264=EDGE_CURVE('',#5438,#5439,#6059,.T.);
#4265=EDGE_CURVE('',#5440,#5439,#6060,.F.);
#4266=EDGE_CURVE('',#5441,#5440,#425,.F.);
#4267=EDGE_CURVE('',#5441,#5433,#6061,.T.);
#4268=EDGE_CURVE('',#5442,#5443,#6062,.T.);
#4269=EDGE_CURVE('',#5442,#5444,#6063,.T.);
#4270=EDGE_CURVE('',#5444,#5445,#426,.T.);
#4271=EDGE_CURVE('',#5445,#5446,#6064,.T.);
#4272=EDGE_CURVE('',#5446,#5447,#6065,.T.);
#4273=EDGE_CURVE('',#5448,#5447,#6066,.T.);
#4274=EDGE_CURVE('',#5448,#5449,#6067,.T.);
#4275=EDGE_CURVE('',#5450,#5449,#6068,.F.);
#4276=EDGE_CURVE('',#5451,#5450,#427,.F.);
#4277=EDGE_CURVE('',#5451,#5443,#6069,.T.);
#4278=EDGE_CURVE('',#5452,#5453,#6070,.T.);
#4279=EDGE_CURVE('',#5452,#5454,#6071,.T.);
#4280=EDGE_CURVE('',#5454,#5455,#428,.T.);
#4281=EDGE_CURVE('',#5455,#5456,#6072,.T.);
#4282=EDGE_CURVE('',#5456,#5457,#6073,.T.);
#4283=EDGE_CURVE('',#5458,#5457,#6074,.T.);
#4284=EDGE_CURVE('',#5458,#5459,#6075,.T.);
#4285=EDGE_CURVE('',#5460,#5459,#6076,.F.);
#4286=EDGE_CURVE('',#5461,#5460,#429,.F.);
#4287=EDGE_CURVE('',#5461,#5453,#6077,.T.);
#4288=EDGE_CURVE('',#5462,#5463,#6078,.T.);
#4289=EDGE_CURVE('',#5462,#5464,#6079,.T.);
#4290=EDGE_CURVE('',#5464,#5465,#430,.T.);
#4291=EDGE_CURVE('',#5465,#5466,#6080,.T.);
#4292=EDGE_CURVE('',#5466,#5467,#6081,.T.);
#4293=EDGE_CURVE('',#5468,#5467,#6082,.T.);
#4294=EDGE_CURVE('',#5468,#5469,#6083,.T.);
#4295=EDGE_CURVE('',#5470,#5469,#6084,.F.);
#4296=EDGE_CURVE('',#5471,#5470,#431,.F.);
#4297=EDGE_CURVE('',#5471,#5463,#6085,.T.);
#4298=EDGE_CURVE('',#5472,#5473,#6086,.T.);
#4299=EDGE_CURVE('',#5472,#5474,#6087,.T.);
#4300=EDGE_CURVE('',#5474,#5475,#432,.T.);
#4301=EDGE_CURVE('',#5475,#5476,#6088,.T.);
#4302=EDGE_CURVE('',#5476,#5477,#6089,.T.);
#4303=EDGE_CURVE('',#5478,#5477,#6090,.T.);
#4304=EDGE_CURVE('',#5478,#5479,#6091,.T.);
#4305=EDGE_CURVE('',#5480,#5479,#6092,.F.);
#4306=EDGE_CURVE('',#5481,#5480,#433,.F.);
#4307=EDGE_CURVE('',#5481,#5473,#6093,.T.);
#4308=EDGE_CURVE('',#5482,#5483,#6094,.T.);
#4309=EDGE_CURVE('',#5482,#5484,#6095,.T.);
#4310=EDGE_CURVE('',#5484,#5485,#434,.T.);
#4311=EDGE_CURVE('',#5485,#5486,#6096,.T.);
#4312=EDGE_CURVE('',#5486,#5487,#6097,.T.);
#4313=EDGE_CURVE('',#5488,#5487,#6098,.T.);
#4314=EDGE_CURVE('',#5488,#5489,#6099,.T.);
#4315=EDGE_CURVE('',#5490,#5489,#6100,.F.);
#4316=EDGE_CURVE('',#5491,#5490,#435,.F.);
#4317=EDGE_CURVE('',#5491,#5483,#6101,.T.);
#4318=EDGE_CURVE('',#5492,#5493,#6102,.T.);
#4319=EDGE_CURVE('',#5492,#5494,#6103,.T.);
#4320=EDGE_CURVE('',#5494,#5495,#436,.T.);
#4321=EDGE_CURVE('',#5495,#5496,#6104,.T.);
#4322=EDGE_CURVE('',#5496,#5497,#6105,.T.);
#4323=EDGE_CURVE('',#5498,#5497,#6106,.T.);
#4324=EDGE_CURVE('',#5498,#5499,#6107,.T.);
#4325=EDGE_CURVE('',#5500,#5499,#6108,.F.);
#4326=EDGE_CURVE('',#5501,#5500,#437,.F.);
#4327=EDGE_CURVE('',#5501,#5493,#6109,.T.);
#4328=EDGE_CURVE('',#5502,#5503,#6110,.T.);
#4329=EDGE_CURVE('',#5502,#5504,#6111,.T.);
#4330=EDGE_CURVE('',#5504,#5505,#438,.T.);
#4331=EDGE_CURVE('',#5505,#5506,#6112,.T.);
#4332=EDGE_CURVE('',#5506,#5507,#6113,.T.);
#4333=EDGE_CURVE('',#5508,#5507,#6114,.T.);
#4334=EDGE_CURVE('',#5508,#5509,#6115,.T.);
#4335=EDGE_CURVE('',#5510,#5509,#6116,.F.);
#4336=EDGE_CURVE('',#5511,#5510,#439,.F.);
#4337=EDGE_CURVE('',#5511,#5503,#6117,.T.);
#4338=EDGE_CURVE('',#5512,#5513,#6118,.T.);
#4339=EDGE_CURVE('',#5512,#5514,#6119,.T.);
#4340=EDGE_CURVE('',#5514,#5515,#440,.T.);
#4341=EDGE_CURVE('',#5515,#5516,#6120,.T.);
#4342=EDGE_CURVE('',#5516,#5517,#6121,.T.);
#4343=EDGE_CURVE('',#5518,#5517,#6122,.T.);
#4344=EDGE_CURVE('',#5518,#5519,#6123,.T.);
#4345=EDGE_CURVE('',#5520,#5519,#6124,.F.);
#4346=EDGE_CURVE('',#5521,#5520,#441,.F.);
#4347=EDGE_CURVE('',#5521,#5513,#6125,.T.);
#4348=EDGE_CURVE('',#5522,#5523,#6126,.T.);
#4349=EDGE_CURVE('',#5522,#5524,#6127,.T.);
#4350=EDGE_CURVE('',#5524,#5525,#442,.T.);
#4351=EDGE_CURVE('',#5525,#5526,#6128,.T.);
#4352=EDGE_CURVE('',#5526,#5527,#6129,.T.);
#4353=EDGE_CURVE('',#5528,#5527,#6130,.T.);
#4354=EDGE_CURVE('',#5528,#5529,#6131,.T.);
#4355=EDGE_CURVE('',#5530,#5529,#6132,.F.);
#4356=EDGE_CURVE('',#5531,#5530,#443,.F.);
#4357=EDGE_CURVE('',#5531,#5523,#6133,.T.);
#4358=EDGE_CURVE('',#5532,#5533,#6134,.T.);
#4359=EDGE_CURVE('',#5532,#5534,#6135,.T.);
#4360=EDGE_CURVE('',#5534,#5535,#444,.T.);
#4361=EDGE_CURVE('',#5535,#5536,#6136,.T.);
#4362=EDGE_CURVE('',#5536,#5537,#6137,.T.);
#4363=EDGE_CURVE('',#5538,#5537,#6138,.T.);
#4364=EDGE_CURVE('',#5538,#5539,#6139,.T.);
#4365=EDGE_CURVE('',#5540,#5539,#6140,.F.);
#4366=EDGE_CURVE('',#5541,#5540,#445,.F.);
#4367=EDGE_CURVE('',#5541,#5533,#6141,.T.);
#4368=EDGE_CURVE('',#5542,#5543,#6142,.T.);
#4369=EDGE_CURVE('',#5542,#5544,#6143,.T.);
#4370=EDGE_CURVE('',#5544,#5545,#446,.T.);
#4371=EDGE_CURVE('',#5545,#5546,#6144,.T.);
#4372=EDGE_CURVE('',#5546,#5547,#6145,.T.);
#4373=EDGE_CURVE('',#5548,#5547,#6146,.T.);
#4374=EDGE_CURVE('',#5548,#5549,#6147,.T.);
#4375=EDGE_CURVE('',#5550,#5549,#6148,.F.);
#4376=EDGE_CURVE('',#5551,#5550,#447,.F.);
#4377=EDGE_CURVE('',#5551,#5543,#6149,.T.);
#4378=EDGE_CURVE('',#5552,#5553,#6150,.T.);
#4379=EDGE_CURVE('',#5552,#5554,#6151,.T.);
#4380=EDGE_CURVE('',#5554,#5555,#448,.T.);
#4381=EDGE_CURVE('',#5555,#5556,#6152,.T.);
#4382=EDGE_CURVE('',#5556,#5557,#6153,.T.);
#4383=EDGE_CURVE('',#5558,#5557,#6154,.T.);
#4384=EDGE_CURVE('',#5558,#5559,#6155,.T.);
#4385=EDGE_CURVE('',#5560,#5559,#6156,.F.);
#4386=EDGE_CURVE('',#5561,#5560,#449,.F.);
#4387=EDGE_CURVE('',#5561,#5553,#6157,.T.);
#4388=EDGE_CURVE('',#5562,#5563,#6158,.T.);
#4389=EDGE_CURVE('',#5562,#5564,#6159,.T.);
#4390=EDGE_CURVE('',#5564,#5565,#450,.T.);
#4391=EDGE_CURVE('',#5565,#5566,#6160,.T.);
#4392=EDGE_CURVE('',#5566,#5567,#6161,.T.);
#4393=EDGE_CURVE('',#5568,#5567,#6162,.T.);
#4394=EDGE_CURVE('',#5568,#5569,#6163,.T.);
#4395=EDGE_CURVE('',#5570,#5569,#6164,.F.);
#4396=EDGE_CURVE('',#5571,#5570,#451,.F.);
#4397=EDGE_CURVE('',#5571,#5563,#6165,.T.);
#4398=EDGE_CURVE('',#5572,#5573,#6166,.T.);
#4399=EDGE_CURVE('',#5572,#5574,#6167,.T.);
#4400=EDGE_CURVE('',#5574,#5575,#452,.T.);
#4401=EDGE_CURVE('',#5575,#5576,#6168,.T.);
#4402=EDGE_CURVE('',#5576,#5577,#6169,.T.);
#4403=EDGE_CURVE('',#5578,#5577,#6170,.T.);
#4404=EDGE_CURVE('',#5578,#5579,#6171,.T.);
#4405=EDGE_CURVE('',#5580,#5579,#6172,.F.);
#4406=EDGE_CURVE('',#5581,#5580,#453,.F.);
#4407=EDGE_CURVE('',#5581,#5573,#6173,.T.);
#4408=EDGE_CURVE('',#5582,#5583,#6174,.T.);
#4409=EDGE_CURVE('',#5582,#5584,#6175,.T.);
#4410=EDGE_CURVE('',#5584,#5585,#454,.T.);
#4411=EDGE_CURVE('',#5585,#5586,#6176,.T.);
#4412=EDGE_CURVE('',#5586,#5587,#6177,.T.);
#4413=EDGE_CURVE('',#5588,#5587,#6178,.T.);
#4414=EDGE_CURVE('',#5588,#5589,#6179,.T.);
#4415=EDGE_CURVE('',#5590,#5589,#6180,.F.);
#4416=EDGE_CURVE('',#5591,#5590,#455,.F.);
#4417=EDGE_CURVE('',#5591,#5583,#6181,.T.);
#4418=EDGE_CURVE('',#5053,#5062,#6182,.T.);
#4419=EDGE_CURVE('',#5053,#5572,#456,.T.);
#4420=EDGE_CURVE('',#5572,#5563,#6183,.F.);
#4421=EDGE_CURVE('',#5563,#5062,#457,.F.);
#4422=EDGE_CURVE('',#5057,#5578,#458,.F.);
#4423=EDGE_CURVE('',#5579,#5056,#459,.T.);
#4424=EDGE_CURVE('',#5059,#5576,#460,.F.);
#4425=EDGE_CURVE('',#5577,#5058,#461,.T.);
#4426=EDGE_CURVE('',#5574,#5061,#462,.F.);
#4427=EDGE_CURVE('',#5054,#5581,#463,.T.);
#4428=EDGE_CURVE('',#5573,#5052,#464,.F.);
#4429=EDGE_CURVE('',#5580,#5055,#465,.F.);
#4430=EDGE_CURVE('',#5575,#5060,#466,.T.);
#4431=EDGE_CURVE('',#5063,#5072,#6184,.T.);
#4432=EDGE_CURVE('',#5063,#5562,#467,.T.);
#4433=EDGE_CURVE('',#5562,#5553,#6185,.F.);
#4434=EDGE_CURVE('',#5553,#5072,#468,.F.);
#4435=EDGE_CURVE('',#5067,#5568,#469,.F.);
#4436=EDGE_CURVE('',#5569,#5066,#470,.T.);
#4437=EDGE_CURVE('',#5069,#5566,#471,.F.);
#4438=EDGE_CURVE('',#5567,#5068,#472,.T.);
#4439=EDGE_CURVE('',#5564,#5071,#473,.F.);
#4440=EDGE_CURVE('',#5064,#5571,#474,.T.);
#4441=EDGE_CURVE('',#5570,#5065,#475,.F.);
#4442=EDGE_CURVE('',#5565,#5070,#476,.T.);
#4443=EDGE_CURVE('',#5073,#5082,#6186,.T.);
#4444=EDGE_CURVE('',#5073,#5552,#477,.T.);
#4445=EDGE_CURVE('',#5552,#5543,#6187,.F.);
#4446=EDGE_CURVE('',#5543,#5082,#478,.F.);
#4447=EDGE_CURVE('',#5077,#5558,#479,.F.);
#4448=EDGE_CURVE('',#5559,#5076,#480,.T.);
#4449=EDGE_CURVE('',#5079,#5556,#481,.F.);
#4450=EDGE_CURVE('',#5557,#5078,#482,.T.);
#4451=EDGE_CURVE('',#5554,#5081,#483,.F.);
#4452=EDGE_CURVE('',#5074,#5561,#484,.T.);
#4453=EDGE_CURVE('',#5560,#5075,#485,.F.);
#4454=EDGE_CURVE('',#5555,#5080,#486,.T.);
#4455=EDGE_CURVE('',#5083,#5092,#6188,.T.);
#4456=EDGE_CURVE('',#5083,#5542,#487,.T.);
#4457=EDGE_CURVE('',#5542,#5533,#6189,.F.);
#4458=EDGE_CURVE('',#5533,#5092,#488,.F.);
#4459=EDGE_CURVE('',#5087,#5548,#489,.F.);
#4460=EDGE_CURVE('',#5549,#5086,#490,.T.);
#4461=EDGE_CURVE('',#5089,#5546,#491,.F.);
#4462=EDGE_CURVE('',#5547,#5088,#492,.T.);
#4463=EDGE_CURVE('',#5544,#5091,#493,.F.);
#4464=EDGE_CURVE('',#5084,#5551,#494,.T.);
#4465=EDGE_CURVE('',#5550,#5085,#495,.F.);
#4466=EDGE_CURVE('',#5545,#5090,#496,.T.);
#4467=EDGE_CURVE('',#5093,#5102,#6190,.T.);
#4468=EDGE_CURVE('',#5093,#5532,#497,.T.);
#4469=EDGE_CURVE('',#5532,#5523,#6191,.F.);
#4470=EDGE_CURVE('',#5523,#5102,#498,.F.);
#4471=EDGE_CURVE('',#5097,#5538,#499,.F.);
#4472=EDGE_CURVE('',#5539,#5096,#500,.T.);
#4473=EDGE_CURVE('',#5099,#5536,#501,.F.);
#4474=EDGE_CURVE('',#5537,#5098,#502,.T.);
#4475=EDGE_CURVE('',#5534,#5101,#503,.F.);
#4476=EDGE_CURVE('',#5094,#5541,#504,.T.);
#4477=EDGE_CURVE('',#5540,#5095,#505,.F.);
#4478=EDGE_CURVE('',#5535,#5100,#506,.T.);
#4479=EDGE_CURVE('',#5103,#5112,#6192,.T.);
#4480=EDGE_CURVE('',#5103,#5522,#507,.T.);
#4481=EDGE_CURVE('',#5522,#5513,#6193,.F.);
#4482=EDGE_CURVE('',#5513,#5112,#508,.F.);
#4483=EDGE_CURVE('',#5107,#5528,#509,.F.);
#4484=EDGE_CURVE('',#5529,#5106,#510,.T.);
#4485=EDGE_CURVE('',#5109,#5526,#511,.F.);
#4486=EDGE_CURVE('',#5527,#5108,#512,.T.);
#4487=EDGE_CURVE('',#5524,#5111,#513,.F.);
#4488=EDGE_CURVE('',#5104,#5531,#514,.T.);
#4489=EDGE_CURVE('',#5530,#5105,#515,.F.);
#4490=EDGE_CURVE('',#5525,#5110,#516,.T.);
#4491=EDGE_CURVE('',#5113,#5122,#6194,.T.);
#4492=EDGE_CURVE('',#5113,#5512,#517,.T.);
#4493=EDGE_CURVE('',#5512,#5503,#6195,.F.);
#4494=EDGE_CURVE('',#5503,#5122,#518,.F.);
#4495=EDGE_CURVE('',#5117,#5518,#519,.F.);
#4496=EDGE_CURVE('',#5519,#5116,#520,.T.);
#4497=EDGE_CURVE('',#5119,#5516,#521,.F.);
#4498=EDGE_CURVE('',#5517,#5118,#522,.T.);
#4499=EDGE_CURVE('',#5514,#5121,#523,.F.);
#4500=EDGE_CURVE('',#5114,#5521,#524,.T.);
#4501=EDGE_CURVE('',#5520,#5115,#525,.F.);
#4502=EDGE_CURVE('',#5515,#5120,#526,.T.);
#4503=EDGE_CURVE('',#5123,#5132,#6196,.T.);
#4504=EDGE_CURVE('',#5123,#5502,#527,.T.);
#4505=EDGE_CURVE('',#5502,#5493,#6197,.F.);
#4506=EDGE_CURVE('',#5493,#5132,#528,.F.);
#4507=EDGE_CURVE('',#5127,#5508,#529,.F.);
#4508=EDGE_CURVE('',#5509,#5126,#530,.T.);
#4509=EDGE_CURVE('',#5129,#5506,#531,.F.);
#4510=EDGE_CURVE('',#5507,#5128,#532,.T.);
#4511=EDGE_CURVE('',#5504,#5131,#533,.F.);
#4512=EDGE_CURVE('',#5124,#5511,#534,.T.);
#4513=EDGE_CURVE('',#5510,#5125,#535,.F.);
#4514=EDGE_CURVE('',#5505,#5130,#536,.T.);
#4515=EDGE_CURVE('',#5133,#5142,#6198,.T.);
#4516=EDGE_CURVE('',#5133,#5492,#537,.T.);
#4517=EDGE_CURVE('',#5492,#5483,#6199,.F.);
#4518=EDGE_CURVE('',#5483,#5142,#538,.F.);
#4519=EDGE_CURVE('',#5137,#5498,#539,.F.);
#4520=EDGE_CURVE('',#5499,#5136,#540,.T.);
#4521=EDGE_CURVE('',#5139,#5496,#541,.F.);
#4522=EDGE_CURVE('',#5497,#5138,#542,.T.);
#4523=EDGE_CURVE('',#5494,#5141,#543,.F.);
#4524=EDGE_CURVE('',#5134,#5501,#544,.T.);
#4525=EDGE_CURVE('',#5500,#5135,#545,.F.);
#4526=EDGE_CURVE('',#5495,#5140,#546,.T.);
#4527=EDGE_CURVE('',#5143,#5152,#6200,.T.);
#4528=EDGE_CURVE('',#5143,#5482,#547,.T.);
#4529=EDGE_CURVE('',#5482,#5473,#6201,.F.);
#4530=EDGE_CURVE('',#5473,#5152,#548,.F.);
#4531=EDGE_CURVE('',#5147,#5488,#549,.F.);
#4532=EDGE_CURVE('',#5489,#5146,#550,.T.);
#4533=EDGE_CURVE('',#5149,#5486,#551,.F.);
#4534=EDGE_CURVE('',#5487,#5148,#552,.T.);
#4535=EDGE_CURVE('',#5484,#5151,#553,.F.);
#4536=EDGE_CURVE('',#5144,#5491,#554,.T.);
#4537=EDGE_CURVE('',#5490,#5145,#555,.F.);
#4538=EDGE_CURVE('',#5485,#5150,#556,.T.);
#4539=EDGE_CURVE('',#5153,#5162,#6202,.T.);
#4540=EDGE_CURVE('',#5153,#5472,#557,.T.);
#4541=EDGE_CURVE('',#5472,#5463,#6203,.F.);
#4542=EDGE_CURVE('',#5463,#5162,#558,.F.);
#4543=EDGE_CURVE('',#5157,#5478,#559,.F.);
#4544=EDGE_CURVE('',#5479,#5156,#560,.T.);
#4545=EDGE_CURVE('',#5159,#5476,#561,.F.);
#4546=EDGE_CURVE('',#5477,#5158,#562,.T.);
#4547=EDGE_CURVE('',#5474,#5161,#563,.F.);
#4548=EDGE_CURVE('',#5154,#5481,#564,.T.);
#4549=EDGE_CURVE('',#5480,#5155,#565,.F.);
#4550=EDGE_CURVE('',#5475,#5160,#566,.T.);
#4551=EDGE_CURVE('',#5163,#5172,#6204,.T.);
#4552=EDGE_CURVE('',#5163,#5462,#567,.T.);
#4553=EDGE_CURVE('',#5462,#5453,#6205,.F.);
#4554=EDGE_CURVE('',#5453,#5172,#568,.F.);
#4555=EDGE_CURVE('',#5167,#5468,#569,.F.);
#4556=EDGE_CURVE('',#5469,#5166,#570,.T.);
#4557=EDGE_CURVE('',#5169,#5466,#571,.F.);
#4558=EDGE_CURVE('',#5467,#5168,#572,.T.);
#4559=EDGE_CURVE('',#5464,#5171,#573,.F.);
#4560=EDGE_CURVE('',#5164,#5471,#574,.T.);
#4561=EDGE_CURVE('',#5470,#5165,#575,.F.);
#4562=EDGE_CURVE('',#5465,#5170,#576,.T.);
#4563=EDGE_CURVE('',#5173,#5182,#6206,.T.);
#4564=EDGE_CURVE('',#5173,#5452,#577,.T.);
#4565=EDGE_CURVE('',#5452,#5443,#6207,.F.);
#4566=EDGE_CURVE('',#5443,#5182,#578,.F.);
#4567=EDGE_CURVE('',#5177,#5458,#579,.F.);
#4568=EDGE_CURVE('',#5459,#5176,#580,.T.);
#4569=EDGE_CURVE('',#5179,#5456,#581,.F.);
#4570=EDGE_CURVE('',#5457,#5178,#582,.T.);
#4571=EDGE_CURVE('',#5454,#5181,#583,.F.);
#4572=EDGE_CURVE('',#5174,#5461,#584,.T.);
#4573=EDGE_CURVE('',#5460,#5175,#585,.F.);
#4574=EDGE_CURVE('',#5455,#5180,#586,.T.);
#4575=EDGE_CURVE('',#5183,#5192,#6208,.T.);
#4576=EDGE_CURVE('',#5183,#5442,#587,.T.);
#4577=EDGE_CURVE('',#5442,#5433,#6209,.F.);
#4578=EDGE_CURVE('',#5433,#5192,#588,.F.);
#4579=EDGE_CURVE('',#5187,#5448,#589,.F.);
#4580=EDGE_CURVE('',#5449,#5186,#590,.T.);
#4581=EDGE_CURVE('',#5189,#5446,#591,.F.);
#4582=EDGE_CURVE('',#5447,#5188,#592,.T.);
#4583=EDGE_CURVE('',#5444,#5191,#593,.F.);
#4584=EDGE_CURVE('',#5184,#5451,#594,.T.);
#4585=EDGE_CURVE('',#5450,#5185,#595,.F.);
#4586=EDGE_CURVE('',#5445,#5190,#596,.T.);
#4587=EDGE_CURVE('',#5193,#5202,#6210,.T.);
#4588=EDGE_CURVE('',#5193,#5432,#597,.T.);
#4589=EDGE_CURVE('',#5432,#5423,#6211,.F.);
#4590=EDGE_CURVE('',#5423,#5202,#598,.F.);
#4591=EDGE_CURVE('',#5197,#5438,#599,.F.);
#4592=EDGE_CURVE('',#5439,#5196,#600,.T.);
#4593=EDGE_CURVE('',#5199,#5436,#601,.F.);
#4594=EDGE_CURVE('',#5437,#5198,#602,.T.);
#4595=EDGE_CURVE('',#5434,#5201,#603,.F.);
#4596=EDGE_CURVE('',#5194,#5441,#604,.T.);
#4597=EDGE_CURVE('',#5440,#5195,#605,.F.);
#4598=EDGE_CURVE('',#5435,#5200,#606,.T.);
#4599=EDGE_CURVE('',#5203,#5212,#6212,.T.);
#4600=EDGE_CURVE('',#5203,#5422,#607,.T.);
#4601=EDGE_CURVE('',#5422,#5413,#6213,.F.);
#4602=EDGE_CURVE('',#5413,#5212,#608,.F.);
#4603=EDGE_CURVE('',#5207,#5428,#609,.F.);
#4604=EDGE_CURVE('',#5429,#5206,#610,.T.);
#4605=EDGE_CURVE('',#5209,#5426,#611,.F.);
#4606=EDGE_CURVE('',#5427,#5208,#612,.T.);
#4607=EDGE_CURVE('',#5424,#5211,#613,.F.);
#4608=EDGE_CURVE('',#5204,#5431,#614,.T.);
#4609=EDGE_CURVE('',#5430,#5205,#615,.F.);
#4610=EDGE_CURVE('',#5425,#5210,#616,.T.);
#4611=EDGE_CURVE('',#5213,#5222,#6214,.T.);
#4612=EDGE_CURVE('',#5213,#5412,#617,.T.);
#4613=EDGE_CURVE('',#5412,#5403,#6215,.F.);
#4614=EDGE_CURVE('',#5403,#5222,#618,.F.);
#4615=EDGE_CURVE('',#5217,#5418,#619,.F.);
#4616=EDGE_CURVE('',#5419,#5216,#620,.T.);
#4617=EDGE_CURVE('',#5219,#5416,#621,.F.);
#4618=EDGE_CURVE('',#5417,#5218,#622,.T.);
#4619=EDGE_CURVE('',#5414,#5221,#623,.F.);
#4620=EDGE_CURVE('',#5214,#5421,#624,.T.);
#4621=EDGE_CURVE('',#5420,#5215,#625,.F.);
#4622=EDGE_CURVE('',#5415,#5220,#626,.T.);
#4623=EDGE_CURVE('',#5223,#4872,#6216,.T.);
#4624=EDGE_CURVE('',#5223,#5402,#627,.T.);
#4625=EDGE_CURVE('',#5402,#5393,#6217,.F.);
#4626=EDGE_CURVE('',#5393,#4872,#628,.F.);
#4627=EDGE_CURVE('',#5227,#5408,#629,.F.);
#4628=EDGE_CURVE('',#5409,#5226,#630,.T.);
#4629=EDGE_CURVE('',#5229,#5406,#631,.F.);
#4630=EDGE_CURVE('',#5407,#5228,#632,.T.);
#4631=EDGE_CURVE('',#5404,#5231,#633,.F.);
#4632=EDGE_CURVE('',#5224,#5411,#634,.T.);
#4633=EDGE_CURVE('',#5410,#5225,#635,.F.);
#4634=EDGE_CURVE('',#5405,#5230,#636,.T.);
#4635=EDGE_CURVE('',#4873,#4882,#6218,.T.);
#4636=EDGE_CURVE('',#4873,#5392,#637,.T.);
#4637=EDGE_CURVE('',#5392,#5383,#6219,.F.);
#4638=EDGE_CURVE('',#5383,#4882,#638,.F.);
#4639=EDGE_CURVE('',#4877,#5398,#639,.F.);
#4640=EDGE_CURVE('',#5399,#4876,#640,.T.);
#4641=EDGE_CURVE('',#4879,#5396,#641,.F.);
#4642=EDGE_CURVE('',#5397,#4878,#642,.T.);
#4643=EDGE_CURVE('',#5394,#4881,#643,.F.);
#4644=EDGE_CURVE('',#4874,#5401,#644,.T.);
#4645=EDGE_CURVE('',#5400,#4875,#645,.F.);
#4646=EDGE_CURVE('',#5395,#4880,#646,.T.);
#4647=EDGE_CURVE('',#4883,#4892,#6220,.T.);
#4648=EDGE_CURVE('',#4883,#5382,#647,.T.);
#4649=EDGE_CURVE('',#5382,#5373,#6221,.F.);
#4650=EDGE_CURVE('',#5373,#4892,#648,.F.);
#4651=EDGE_CURVE('',#4887,#5388,#649,.F.);
#4652=EDGE_CURVE('',#5389,#4886,#650,.T.);
#4653=EDGE_CURVE('',#4889,#5386,#651,.F.);
#4654=EDGE_CURVE('',#5387,#4888,#652,.T.);
#4655=EDGE_CURVE('',#5384,#4891,#653,.F.);
#4656=EDGE_CURVE('',#4884,#5391,#654,.T.);
#4657=EDGE_CURVE('',#5390,#4885,#655,.F.);
#4658=EDGE_CURVE('',#5385,#4890,#656,.T.);
#4659=EDGE_CURVE('',#4893,#4902,#6222,.T.);
#4660=EDGE_CURVE('',#4893,#5372,#657,.T.);
#4661=EDGE_CURVE('',#5372,#5363,#6223,.F.);
#4662=EDGE_CURVE('',#5363,#4902,#658,.F.);
#4663=EDGE_CURVE('',#4897,#5378,#659,.F.);
#4664=EDGE_CURVE('',#5379,#4896,#660,.T.);
#4665=EDGE_CURVE('',#4899,#5376,#661,.F.);
#4666=EDGE_CURVE('',#5377,#4898,#662,.T.);
#4667=EDGE_CURVE('',#5374,#4901,#663,.F.);
#4668=EDGE_CURVE('',#4894,#5381,#664,.T.);
#4669=EDGE_CURVE('',#5380,#4895,#665,.F.);
#4670=EDGE_CURVE('',#5375,#4900,#666,.T.);
#4671=EDGE_CURVE('',#4903,#4912,#6224,.T.);
#4672=EDGE_CURVE('',#4903,#5362,#667,.T.);
#4673=EDGE_CURVE('',#5362,#5353,#6225,.F.);
#4674=EDGE_CURVE('',#5353,#4912,#668,.F.);
#4675=EDGE_CURVE('',#4907,#5368,#669,.F.);
#4676=EDGE_CURVE('',#5369,#4906,#670,.T.);
#4677=EDGE_CURVE('',#4909,#5366,#671,.F.);
#4678=EDGE_CURVE('',#5367,#4908,#672,.T.);
#4679=EDGE_CURVE('',#5364,#4911,#673,.F.);
#4680=EDGE_CURVE('',#4904,#5371,#674,.T.);
#4681=EDGE_CURVE('',#5370,#4905,#675,.F.);
#4682=EDGE_CURVE('',#5365,#4910,#676,.T.);
#4683=EDGE_CURVE('',#4913,#4922,#6226,.T.);
#4684=EDGE_CURVE('',#4913,#5352,#677,.T.);
#4685=EDGE_CURVE('',#5352,#5343,#6227,.F.);
#4686=EDGE_CURVE('',#5343,#4922,#678,.F.);
#4687=EDGE_CURVE('',#4917,#5358,#679,.F.);
#4688=EDGE_CURVE('',#5359,#4916,#680,.T.);
#4689=EDGE_CURVE('',#4919,#5356,#681,.F.);
#4690=EDGE_CURVE('',#5357,#4918,#682,.T.);
#4691=EDGE_CURVE('',#5354,#4921,#683,.F.);
#4692=EDGE_CURVE('',#4914,#5361,#684,.T.);
#4693=EDGE_CURVE('',#5360,#4915,#685,.F.);
#4694=EDGE_CURVE('',#5355,#4920,#686,.T.);
#4695=EDGE_CURVE('',#4923,#4932,#6228,.T.);
#4696=EDGE_CURVE('',#4923,#5342,#687,.T.);
#4697=EDGE_CURVE('',#5342,#5333,#6229,.F.);
#4698=EDGE_CURVE('',#5333,#4932,#688,.F.);
#4699=EDGE_CURVE('',#4927,#5348,#689,.F.);
#4700=EDGE_CURVE('',#5349,#4926,#690,.T.);
#4701=EDGE_CURVE('',#4929,#5346,#691,.F.);
#4702=EDGE_CURVE('',#5347,#4928,#692,.T.);
#4703=EDGE_CURVE('',#5344,#4931,#693,.F.);
#4704=EDGE_CURVE('',#4924,#5351,#694,.T.);
#4705=EDGE_CURVE('',#5350,#4925,#695,.F.);
#4706=EDGE_CURVE('',#5345,#4930,#696,.T.);
#4707=EDGE_CURVE('',#4933,#4942,#6230,.T.);
#4708=EDGE_CURVE('',#4933,#5332,#697,.T.);
#4709=EDGE_CURVE('',#5332,#5323,#6231,.F.);
#4710=EDGE_CURVE('',#5323,#4942,#698,.F.);
#4711=EDGE_CURVE('',#4937,#5338,#699,.F.);
#4712=EDGE_CURVE('',#5339,#4936,#700,.T.);
#4713=EDGE_CURVE('',#4939,#5336,#701,.F.);
#4714=EDGE_CURVE('',#5337,#4938,#702,.T.);
#4715=EDGE_CURVE('',#5334,#4941,#703,.F.);
#4716=EDGE_CURVE('',#4934,#5341,#704,.T.);
#4717=EDGE_CURVE('',#5340,#4935,#705,.F.);
#4718=EDGE_CURVE('',#5335,#4940,#706,.T.);
#4719=EDGE_CURVE('',#4943,#4952,#6232,.T.);
#4720=EDGE_CURVE('',#4943,#5322,#707,.T.);
#4721=EDGE_CURVE('',#5322,#5313,#6233,.F.);
#4722=EDGE_CURVE('',#5313,#4952,#708,.F.);
#4723=EDGE_CURVE('',#4947,#5328,#709,.F.);
#4724=EDGE_CURVE('',#5329,#4946,#710,.T.);
#4725=EDGE_CURVE('',#4949,#5326,#711,.F.);
#4726=EDGE_CURVE('',#5327,#4948,#712,.T.);
#4727=EDGE_CURVE('',#5324,#4951,#713,.F.);
#4728=EDGE_CURVE('',#4944,#5331,#714,.T.);
#4729=EDGE_CURVE('',#5330,#4945,#715,.F.);
#4730=EDGE_CURVE('',#5325,#4950,#716,.T.);
#4731=EDGE_CURVE('',#4953,#4962,#6234,.T.);
#4732=EDGE_CURVE('',#4953,#5312,#717,.T.);
#4733=EDGE_CURVE('',#5312,#5303,#6235,.F.);
#4734=EDGE_CURVE('',#5303,#4962,#718,.F.);
#4735=EDGE_CURVE('',#4957,#5318,#719,.F.);
#4736=EDGE_CURVE('',#5319,#4956,#720,.T.);
#4737=EDGE_CURVE('',#4959,#5316,#721,.F.);
#4738=EDGE_CURVE('',#5317,#4958,#722,.T.);
#4739=EDGE_CURVE('',#5314,#4961,#723,.F.);
#4740=EDGE_CURVE('',#4954,#5321,#724,.T.);
#4741=EDGE_CURVE('',#5320,#4955,#725,.F.);
#4742=EDGE_CURVE('',#5315,#4960,#726,.T.);
#4743=EDGE_CURVE('',#4963,#4972,#6236,.T.);
#4744=EDGE_CURVE('',#4963,#5302,#727,.T.);
#4745=EDGE_CURVE('',#5302,#5293,#6237,.F.);
#4746=EDGE_CURVE('',#5293,#4972,#728,.F.);
#4747=EDGE_CURVE('',#4967,#5308,#729,.F.);
#4748=EDGE_CURVE('',#5309,#4966,#730,.T.);
#4749=EDGE_CURVE('',#4969,#5306,#731,.F.);
#4750=EDGE_CURVE('',#5307,#4968,#732,.T.);
#4751=EDGE_CURVE('',#5304,#4971,#733,.F.);
#4752=EDGE_CURVE('',#4964,#5311,#734,.T.);
#4753=EDGE_CURVE('',#5310,#4965,#735,.F.);
#4754=EDGE_CURVE('',#5305,#4970,#736,.T.);
#4755=EDGE_CURVE('',#4973,#4982,#6238,.T.);
#4756=EDGE_CURVE('',#4973,#5292,#737,.T.);
#4757=EDGE_CURVE('',#5292,#5283,#6239,.F.);
#4758=EDGE_CURVE('',#5283,#4982,#738,.F.);
#4759=EDGE_CURVE('',#4977,#5298,#739,.F.);
#4760=EDGE_CURVE('',#5299,#4976,#740,.T.);
#4761=EDGE_CURVE('',#4979,#5296,#741,.F.);
#4762=EDGE_CURVE('',#5297,#4978,#742,.T.);
#4763=EDGE_CURVE('',#5294,#4981,#743,.F.);
#4764=EDGE_CURVE('',#4974,#5301,#744,.T.);
#4765=EDGE_CURVE('',#5300,#4975,#745,.F.);
#4766=EDGE_CURVE('',#5295,#4980,#746,.T.);
#4767=EDGE_CURVE('',#4983,#4992,#6240,.T.);
#4768=EDGE_CURVE('',#4983,#5282,#747,.T.);
#4769=EDGE_CURVE('',#5282,#5273,#6241,.F.);
#4770=EDGE_CURVE('',#5273,#4992,#748,.F.);
#4771=EDGE_CURVE('',#4987,#5288,#749,.F.);
#4772=EDGE_CURVE('',#5289,#4986,#750,.T.);
#4773=EDGE_CURVE('',#4989,#5286,#751,.F.);
#4774=EDGE_CURVE('',#5287,#4988,#752,.T.);
#4775=EDGE_CURVE('',#5284,#4991,#753,.F.);
#4776=EDGE_CURVE('',#4984,#5291,#754,.T.);
#4777=EDGE_CURVE('',#5290,#4985,#755,.F.);
#4778=EDGE_CURVE('',#5285,#4990,#756,.T.);
#4779=EDGE_CURVE('',#4993,#5002,#6242,.T.);
#4780=EDGE_CURVE('',#4993,#5272,#757,.T.);
#4781=EDGE_CURVE('',#5272,#5263,#6243,.F.);
#4782=EDGE_CURVE('',#5263,#5002,#758,.F.);
#4783=EDGE_CURVE('',#4997,#5278,#759,.F.);
#4784=EDGE_CURVE('',#5279,#4996,#760,.T.);
#4785=EDGE_CURVE('',#4999,#5276,#761,.F.);
#4786=EDGE_CURVE('',#5277,#4998,#762,.T.);
#4787=EDGE_CURVE('',#5274,#5001,#763,.F.);
#4788=EDGE_CURVE('',#4994,#5281,#764,.T.);
#4789=EDGE_CURVE('',#5280,#4995,#765,.F.);
#4790=EDGE_CURVE('',#5275,#5000,#766,.T.);
#4791=EDGE_CURVE('',#5003,#5012,#6244,.T.);
#4792=EDGE_CURVE('',#5003,#5262,#767,.T.);
#4793=EDGE_CURVE('',#5262,#5253,#6245,.F.);
#4794=EDGE_CURVE('',#5253,#5012,#768,.F.);
#4795=EDGE_CURVE('',#5007,#5268,#769,.F.);
#4796=EDGE_CURVE('',#5269,#5006,#770,.T.);
#4797=EDGE_CURVE('',#5009,#5266,#771,.F.);
#4798=EDGE_CURVE('',#5267,#5008,#772,.T.);
#4799=EDGE_CURVE('',#5264,#5011,#773,.F.);
#4800=EDGE_CURVE('',#5004,#5271,#774,.T.);
#4801=EDGE_CURVE('',#5270,#5005,#775,.F.);
#4802=EDGE_CURVE('',#5265,#5010,#776,.T.);
#4803=EDGE_CURVE('',#5013,#5022,#6246,.T.);
#4804=EDGE_CURVE('',#5013,#5252,#777,.T.);
#4805=EDGE_CURVE('',#5252,#5243,#6247,.F.);
#4806=EDGE_CURVE('',#5243,#5022,#778,.F.);
#4807=EDGE_CURVE('',#5017,#5258,#779,.F.);
#4808=EDGE_CURVE('',#5259,#5016,#780,.T.);
#4809=EDGE_CURVE('',#5019,#5256,#781,.F.);
#4810=EDGE_CURVE('',#5257,#5018,#782,.T.);
#4811=EDGE_CURVE('',#5254,#5021,#783,.F.);
#4812=EDGE_CURVE('',#5014,#5261,#784,.T.);
#4813=EDGE_CURVE('',#5260,#5015,#785,.F.);
#4814=EDGE_CURVE('',#5255,#5020,#786,.T.);
#4815=EDGE_CURVE('',#5023,#5032,#6248,.T.);
#4816=EDGE_CURVE('',#5023,#5242,#787,.T.);
#4817=EDGE_CURVE('',#5242,#5233,#6249,.F.);
#4818=EDGE_CURVE('',#5233,#5032,#788,.F.);
#4819=EDGE_CURVE('',#5027,#5248,#789,.F.);
#4820=EDGE_CURVE('',#5249,#5026,#790,.T.);
#4821=EDGE_CURVE('',#5029,#5246,#791,.F.);
#4822=EDGE_CURVE('',#5247,#5028,#792,.T.);
#4823=EDGE_CURVE('',#5244,#5031,#793,.F.);
#4824=EDGE_CURVE('',#5024,#5251,#794,.T.);
#4825=EDGE_CURVE('',#5250,#5025,#795,.F.);
#4826=EDGE_CURVE('',#5245,#5030,#796,.T.);
#4827=EDGE_CURVE('',#5033,#5042,#6250,.T.);
#4828=EDGE_CURVE('',#5033,#5232,#797,.T.);
#4829=EDGE_CURVE('',#5232,#5583,#6251,.F.);
#4830=EDGE_CURVE('',#5583,#5042,#798,.F.);
#4831=EDGE_CURVE('',#5037,#5238,#799,.F.);
#4832=EDGE_CURVE('',#5239,#5036,#800,.T.);
#4833=EDGE_CURVE('',#5039,#5236,#801,.F.);
#4834=EDGE_CURVE('',#5237,#5038,#802,.T.);
#4835=EDGE_CURVE('',#5234,#5041,#803,.F.);
#4836=EDGE_CURVE('',#5034,#5241,#804,.T.);
#4837=EDGE_CURVE('',#5240,#5035,#805,.F.);
#4838=EDGE_CURVE('',#5235,#5040,#806,.T.);
#4839=EDGE_CURVE('',#5043,#5052,#6252,.T.);
#4840=EDGE_CURVE('',#5043,#5582,#807,.T.);
#4841=EDGE_CURVE('',#5582,#5573,#6253,.F.);
#4842=EDGE_CURVE('',#5044,#5591,#808,.T.);
#4843=EDGE_CURVE('',#5590,#5045,#809,.F.);
#4844=EDGE_CURVE('',#5584,#5051,#810,.F.);
#4845=EDGE_CURVE('',#5585,#5050,#811,.T.);
#4846=EDGE_CURVE('',#5049,#5586,#812,.F.);
#4847=EDGE_CURVE('',#5587,#5048,#813,.T.);
#4848=EDGE_CURVE('',#5047,#5588,#814,.F.);
#4849=EDGE_CURVE('',#5589,#5046,#815,.T.);
#4850=EDGE_CURVE('',#4859,#4870,#816,.T.);
#4851=EDGE_CURVE('',#4861,#4868,#817,.T.);
#4852=EDGE_CURVE('',#4862,#4869,#818,.T.);
#4853=EDGE_CURVE('',#4860,#4871,#819,.T.);
#4854=VERTEX_POINT('',#11614);
#4855=VERTEX_POINT('',#11616);
#4856=VERTEX_POINT('',#11618);
#4857=VERTEX_POINT('',#11620);
#4858=VERTEX_POINT('',#11622);
#4859=VERTEX_POINT('',#11624);
#4860=VERTEX_POINT('',#11625);
#4861=VERTEX_POINT('',#11627);
#4862=VERTEX_POINT('',#11629);
#4863=VERTEX_POINT('',#11633);
#4864=VERTEX_POINT('',#11635);
#4865=VERTEX_POINT('',#11637);
#4866=VERTEX_POINT('',#11639);
#4867=VERTEX_POINT('',#11641);
#4868=VERTEX_POINT('',#11643);
#4869=VERTEX_POINT('',#11644);
#4870=VERTEX_POINT('',#11646);
#4871=VERTEX_POINT('',#11648);
#4872=VERTEX_POINT('',#11652);
#4873=VERTEX_POINT('',#11653);
#4874=VERTEX_POINT('',#11655);
#4875=VERTEX_POINT('',#11657);
#4876=VERTEX_POINT('',#11659);
#4877=VERTEX_POINT('',#11661);
#4878=VERTEX_POINT('',#11663);
#4879=VERTEX_POINT('',#11665);
#4880=VERTEX_POINT('',#11667);
#4881=VERTEX_POINT('',#11669);
#4882=VERTEX_POINT('',#11673);
#4883=VERTEX_POINT('',#11674);
#4884=VERTEX_POINT('',#11676);
#4885=VERTEX_POINT('',#11678);
#4886=VERTEX_POINT('',#11680);
#4887=VERTEX_POINT('',#11682);
#4888=VERTEX_POINT('',#11684);
#4889=VERTEX_POINT('',#11686);
#4890=VERTEX_POINT('',#11688);
#4891=VERTEX_POINT('',#11690);
#4892=VERTEX_POINT('',#11694);
#4893=VERTEX_POINT('',#11695);
#4894=VERTEX_POINT('',#11697);
#4895=VERTEX_POINT('',#11699);
#4896=VERTEX_POINT('',#11701);
#4897=VERTEX_POINT('',#11703);
#4898=VERTEX_POINT('',#11705);
#4899=VERTEX_POINT('',#11707);
#4900=VERTEX_POINT('',#11709);
#4901=VERTEX_POINT('',#11711);
#4902=VERTEX_POINT('',#11715);
#4903=VERTEX_POINT('',#11716);
#4904=VERTEX_POINT('',#11718);
#4905=VERTEX_POINT('',#11720);
#4906=VERTEX_POINT('',#11722);
#4907=VERTEX_POINT('',#11724);
#4908=VERTEX_POINT('',#11726);
#4909=VERTEX_POINT('',#11728);
#4910=VERTEX_POINT('',#11730);
#4911=VERTEX_POINT('',#11732);
#4912=VERTEX_POINT('',#11736);
#4913=VERTEX_POINT('',#11737);
#4914=VERTEX_POINT('',#11739);
#4915=VERTEX_POINT('',#11741);
#4916=VERTEX_POINT('',#11743);
#4917=VERTEX_POINT('',#11745);
#4918=VERTEX_POINT('',#11747);
#4919=VERTEX_POINT('',#11749);
#4920=VERTEX_POINT('',#11751);
#4921=VERTEX_POINT('',#11753);
#4922=VERTEX_POINT('',#11757);
#4923=VERTEX_POINT('',#11758);
#4924=VERTEX_POINT('',#11760);
#4925=VERTEX_POINT('',#11762);
#4926=VERTEX_POINT('',#11764);
#4927=VERTEX_POINT('',#11766);
#4928=VERTEX_POINT('',#11768);
#4929=VERTEX_POINT('',#11770);
#4930=VERTEX_POINT('',#11772);
#4931=VERTEX_POINT('',#11774);
#4932=VERTEX_POINT('',#11778);
#4933=VERTEX_POINT('',#11779);
#4934=VERTEX_POINT('',#11781);
#4935=VERTEX_POINT('',#11783);
#4936=VERTEX_POINT('',#11785);
#4937=VERTEX_POINT('',#11787);
#4938=VERTEX_POINT('',#11789);
#4939=VERTEX_POINT('',#11791);
#4940=VERTEX_POINT('',#11793);
#4941=VERTEX_POINT('',#11795);
#4942=VERTEX_POINT('',#11799);
#4943=VERTEX_POINT('',#11800);
#4944=VERTEX_POINT('',#11802);
#4945=VERTEX_POINT('',#11804);
#4946=VERTEX_POINT('',#11806);
#4947=VERTEX_POINT('',#11808);
#4948=VERTEX_POINT('',#11810);
#4949=VERTEX_POINT('',#11812);
#4950=VERTEX_POINT('',#11814);
#4951=VERTEX_POINT('',#11816);
#4952=VERTEX_POINT('',#11820);
#4953=VERTEX_POINT('',#11821);
#4954=VERTEX_POINT('',#11823);
#4955=VERTEX_POINT('',#11825);
#4956=VERTEX_POINT('',#11827);
#4957=VERTEX_POINT('',#11829);
#4958=VERTEX_POINT('',#11831);
#4959=VERTEX_POINT('',#11833);
#4960=VERTEX_POINT('',#11835);
#4961=VERTEX_POINT('',#11837);
#4962=VERTEX_POINT('',#11841);
#4963=VERTEX_POINT('',#11842);
#4964=VERTEX_POINT('',#11844);
#4965=VERTEX_POINT('',#11846);
#4966=VERTEX_POINT('',#11848);
#4967=VERTEX_POINT('',#11850);
#4968=VERTEX_POINT('',#11852);
#4969=VERTEX_POINT('',#11854);
#4970=VERTEX_POINT('',#11856);
#4971=VERTEX_POINT('',#11858);
#4972=VERTEX_POINT('',#11862);
#4973=VERTEX_POINT('',#11863);
#4974=VERTEX_POINT('',#11865);
#4975=VERTEX_POINT('',#11867);
#4976=VERTEX_POINT('',#11869);
#4977=VERTEX_POINT('',#11871);
#4978=VERTEX_POINT('',#11873);
#4979=VERTEX_POINT('',#11875);
#4980=VERTEX_POINT('',#11877);
#4981=VERTEX_POINT('',#11879);
#4982=VERTEX_POINT('',#11883);
#4983=VERTEX_POINT('',#11884);
#4984=VERTEX_POINT('',#11886);
#4985=VERTEX_POINT('',#11888);
#4986=VERTEX_POINT('',#11890);
#4987=VERTEX_POINT('',#11892);
#4988=VERTEX_POINT('',#11894);
#4989=VERTEX_POINT('',#11896);
#4990=VERTEX_POINT('',#11898);
#4991=VERTEX_POINT('',#11900);
#4992=VERTEX_POINT('',#11904);
#4993=VERTEX_POINT('',#11905);
#4994=VERTEX_POINT('',#11907);
#4995=VERTEX_POINT('',#11909);
#4996=VERTEX_POINT('',#11911);
#4997=VERTEX_POINT('',#11913);
#4998=VERTEX_POINT('',#11915);
#4999=VERTEX_POINT('',#11917);
#5000=VERTEX_POINT('',#11919);
#5001=VERTEX_POINT('',#11921);
#5002=VERTEX_POINT('',#11925);
#5003=VERTEX_POINT('',#11926);
#5004=VERTEX_POINT('',#11928);
#5005=VERTEX_POINT('',#11930);
#5006=VERTEX_POINT('',#11932);
#5007=VERTEX_POINT('',#11934);
#5008=VERTEX_POINT('',#11936);
#5009=VERTEX_POINT('',#11938);
#5010=VERTEX_POINT('',#11940);
#5011=VERTEX_POINT('',#11942);
#5012=VERTEX_POINT('',#11946);
#5013=VERTEX_POINT('',#11947);
#5014=VERTEX_POINT('',#11949);
#5015=VERTEX_POINT('',#11951);
#5016=VERTEX_POINT('',#11953);
#5017=VERTEX_POINT('',#11955);
#5018=VERTEX_POINT('',#11957);
#5019=VERTEX_POINT('',#11959);
#5020=VERTEX_POINT('',#11961);
#5021=VERTEX_POINT('',#11963);
#5022=VERTEX_POINT('',#11967);
#5023=VERTEX_POINT('',#11968);
#5024=VERTEX_POINT('',#11970);
#5025=VERTEX_POINT('',#11972);
#5026=VERTEX_POINT('',#11974);
#5027=VERTEX_POINT('',#11976);
#5028=VERTEX_POINT('',#11978);
#5029=VERTEX_POINT('',#11980);
#5030=VERTEX_POINT('',#11982);
#5031=VERTEX_POINT('',#11984);
#5032=VERTEX_POINT('',#11988);
#5033=VERTEX_POINT('',#11989);
#5034=VERTEX_POINT('',#11991);
#5035=VERTEX_POINT('',#11993);
#5036=VERTEX_POINT('',#11995);
#5037=VERTEX_POINT('',#11997);
#5038=VERTEX_POINT('',#11999);
#5039=VERTEX_POINT('',#12001);
#5040=VERTEX_POINT('',#12003);
#5041=VERTEX_POINT('',#12005);
#5042=VERTEX_POINT('',#12009);
#5043=VERTEX_POINT('',#12010);
#5044=VERTEX_POINT('',#12012);
#5045=VERTEX_POINT('',#12014);
#5046=VERTEX_POINT('',#12016);
#5047=VERTEX_POINT('',#12018);
#5048=VERTEX_POINT('',#12020);
#5049=VERTEX_POINT('',#12022);
#5050=VERTEX_POINT('',#12024);
#5051=VERTEX_POINT('',#12026);
#5052=VERTEX_POINT('',#12030);
#5053=VERTEX_POINT('',#12031);
#5054=VERTEX_POINT('',#12033);
#5055=VERTEX_POINT('',#12035);
#5056=VERTEX_POINT('',#12037);
#5057=VERTEX_POINT('',#12039);
#5058=VERTEX_POINT('',#12041);
#5059=VERTEX_POINT('',#12043);
#5060=VERTEX_POINT('',#12045);
#5061=VERTEX_POINT('',#12047);
#5062=VERTEX_POINT('',#12051);
#5063=VERTEX_POINT('',#12052);
#5064=VERTEX_POINT('',#12054);
#5065=VERTEX_POINT('',#12056);
#5066=VERTEX_POINT('',#12058);
#5067=VERTEX_POINT('',#12060);
#5068=VERTEX_POINT('',#12062);
#5069=VERTEX_POINT('',#12064);
#5070=VERTEX_POINT('',#12066);
#5071=VERTEX_POINT('',#12068);
#5072=VERTEX_POINT('',#12072);
#5073=VERTEX_POINT('',#12073);
#5074=VERTEX_POINT('',#12075);
#5075=VERTEX_POINT('',#12077);
#5076=VERTEX_POINT('',#12079);
#5077=VERTEX_POINT('',#12081);
#5078=VERTEX_POINT('',#12083);
#5079=VERTEX_POINT('',#12085);
#5080=VERTEX_POINT('',#12087);
#5081=VERTEX_POINT('',#12089);
#5082=VERTEX_POINT('',#12093);
#5083=VERTEX_POINT('',#12094);
#5084=VERTEX_POINT('',#12096);
#5085=VERTEX_POINT('',#12098);
#5086=VERTEX_POINT('',#12100);
#5087=VERTEX_POINT('',#12102);
#5088=VERTEX_POINT('',#12104);
#5089=VERTEX_POINT('',#12106);
#5090=VERTEX_POINT('',#12108);
#5091=VERTEX_POINT('',#12110);
#5092=VERTEX_POINT('',#12114);
#5093=VERTEX_POINT('',#12115);
#5094=VERTEX_POINT('',#12117);
#5095=VERTEX_POINT('',#12119);
#5096=VERTEX_POINT('',#12121);
#5097=VERTEX_POINT('',#12123);
#5098=VERTEX_POINT('',#12125);
#5099=VERTEX_POINT('',#12127);
#5100=VERTEX_POINT('',#12129);
#5101=VERTEX_POINT('',#12131);
#5102=VERTEX_POINT('',#12135);
#5103=VERTEX_POINT('',#12136);
#5104=VERTEX_POINT('',#12138);
#5105=VERTEX_POINT('',#12140);
#5106=VERTEX_POINT('',#12142);
#5107=VERTEX_POINT('',#12144);
#5108=VERTEX_POINT('',#12146);
#5109=VERTEX_POINT('',#12148);
#5110=VERTEX_POINT('',#12150);
#5111=VERTEX_POINT('',#12152);
#5112=VERTEX_POINT('',#12156);
#5113=VERTEX_POINT('',#12157);
#5114=VERTEX_POINT('',#12159);
#5115=VERTEX_POINT('',#12161);
#5116=VERTEX_POINT('',#12163);
#5117=VERTEX_POINT('',#12165);
#5118=VERTEX_POINT('',#12167);
#5119=VERTEX_POINT('',#12169);
#5120=VERTEX_POINT('',#12171);
#5121=VERTEX_POINT('',#12173);
#5122=VERTEX_POINT('',#12177);
#5123=VERTEX_POINT('',#12178);
#5124=VERTEX_POINT('',#12180);
#5125=VERTEX_POINT('',#12182);
#5126=VERTEX_POINT('',#12184);
#5127=VERTEX_POINT('',#12186);
#5128=VERTEX_POINT('',#12188);
#5129=VERTEX_POINT('',#12190);
#5130=VERTEX_POINT('',#12192);
#5131=VERTEX_POINT('',#12194);
#5132=VERTEX_POINT('',#12198);
#5133=VERTEX_POINT('',#12199);
#5134=VERTEX_POINT('',#12201);
#5135=VERTEX_POINT('',#12203);
#5136=VERTEX_POINT('',#12205);
#5137=VERTEX_POINT('',#12207);
#5138=VERTEX_POINT('',#12209);
#5139=VERTEX_POINT('',#12211);
#5140=VERTEX_POINT('',#12213);
#5141=VERTEX_POINT('',#12215);
#5142=VERTEX_POINT('',#12219);
#5143=VERTEX_POINT('',#12220);
#5144=VERTEX_POINT('',#12222);
#5145=VERTEX_POINT('',#12224);
#5146=VERTEX_POINT('',#12226);
#5147=VERTEX_POINT('',#12228);
#5148=VERTEX_POINT('',#12230);
#5149=VERTEX_POINT('',#12232);
#5150=VERTEX_POINT('',#12234);
#5151=VERTEX_POINT('',#12236);
#5152=VERTEX_POINT('',#12240);
#5153=VERTEX_POINT('',#12241);
#5154=VERTEX_POINT('',#12243);
#5155=VERTEX_POINT('',#12245);
#5156=VERTEX_POINT('',#12247);
#5157=VERTEX_POINT('',#12249);
#5158=VERTEX_POINT('',#12251);
#5159=VERTEX_POINT('',#12253);
#5160=VERTEX_POINT('',#12255);
#5161=VERTEX_POINT('',#12257);
#5162=VERTEX_POINT('',#12261);
#5163=VERTEX_POINT('',#12262);
#5164=VERTEX_POINT('',#12264);
#5165=VERTEX_POINT('',#12266);
#5166=VERTEX_POINT('',#12268);
#5167=VERTEX_POINT('',#12270);
#5168=VERTEX_POINT('',#12272);
#5169=VERTEX_POINT('',#12274);
#5170=VERTEX_POINT('',#12276);
#5171=VERTEX_POINT('',#12278);
#5172=VERTEX_POINT('',#12282);
#5173=VERTEX_POINT('',#12283);
#5174=VERTEX_POINT('',#12285);
#5175=VERTEX_POINT('',#12287);
#5176=VERTEX_POINT('',#12289);
#5177=VERTEX_POINT('',#12291);
#5178=VERTEX_POINT('',#12293);
#5179=VERTEX_POINT('',#12295);
#5180=VERTEX_POINT('',#12297);
#5181=VERTEX_POINT('',#12299);
#5182=VERTEX_POINT('',#12303);
#5183=VERTEX_POINT('',#12304);
#5184=VERTEX_POINT('',#12306);
#5185=VERTEX_POINT('',#12308);
#5186=VERTEX_POINT('',#12310);
#5187=VERTEX_POINT('',#12312);
#5188=VERTEX_POINT('',#12314);
#5189=VERTEX_POINT('',#12316);
#5190=VERTEX_POINT('',#12318);
#5191=VERTEX_POINT('',#12320);
#5192=VERTEX_POINT('',#12324);
#5193=VERTEX_POINT('',#12325);
#5194=VERTEX_POINT('',#12327);
#5195=VERTEX_POINT('',#12329);
#5196=VERTEX_POINT('',#12331);
#5197=VERTEX_POINT('',#12333);
#5198=VERTEX_POINT('',#12335);
#5199=VERTEX_POINT('',#12337);
#5200=VERTEX_POINT('',#12339);
#5201=VERTEX_POINT('',#12341);
#5202=VERTEX_POINT('',#12345);
#5203=VERTEX_POINT('',#12346);
#5204=VERTEX_POINT('',#12348);
#5205=VERTEX_POINT('',#12350);
#5206=VERTEX_POINT('',#12352);
#5207=VERTEX_POINT('',#12354);
#5208=VERTEX_POINT('',#12356);
#5209=VERTEX_POINT('',#12358);
#5210=VERTEX_POINT('',#12360);
#5211=VERTEX_POINT('',#12362);
#5212=VERTEX_POINT('',#12366);
#5213=VERTEX_POINT('',#12367);
#5214=VERTEX_POINT('',#12369);
#5215=VERTEX_POINT('',#12371);
#5216=VERTEX_POINT('',#12373);
#5217=VERTEX_POINT('',#12375);
#5218=VERTEX_POINT('',#12377);
#5219=VERTEX_POINT('',#12379);
#5220=VERTEX_POINT('',#12381);
#5221=VERTEX_POINT('',#12383);
#5222=VERTEX_POINT('',#12387);
#5223=VERTEX_POINT('',#12388);
#5224=VERTEX_POINT('',#12390);
#5225=VERTEX_POINT('',#12392);
#5226=VERTEX_POINT('',#12394);
#5227=VERTEX_POINT('',#12396);
#5228=VERTEX_POINT('',#12398);
#5229=VERTEX_POINT('',#12400);
#5230=VERTEX_POINT('',#12402);
#5231=VERTEX_POINT('',#12404);
#5232=VERTEX_POINT('',#12408);
#5233=VERTEX_POINT('',#12409);
#5234=VERTEX_POINT('',#12411);
#5235=VERTEX_POINT('',#12413);
#5236=VERTEX_POINT('',#12415);
#5237=VERTEX_POINT('',#12417);
#5238=VERTEX_POINT('',#12419);
#5239=VERTEX_POINT('',#12421);
#5240=VERTEX_POINT('',#12423);
#5241=VERTEX_POINT('',#12425);
#5242=VERTEX_POINT('',#12429);
#5243=VERTEX_POINT('',#12430);
#5244=VERTEX_POINT('',#12432);
#5245=VERTEX_POINT('',#12434);
#5246=VERTEX_POINT('',#12436);
#5247=VERTEX_POINT('',#12438);
#5248=VERTEX_POINT('',#12440);
#5249=VERTEX_POINT('',#12442);
#5250=VERTEX_POINT('',#12444);
#5251=VERTEX_POINT('',#12446);
#5252=VERTEX_POINT('',#12450);
#5253=VERTEX_POINT('',#12451);
#5254=VERTEX_POINT('',#12453);
#5255=VERTEX_POINT('',#12455);
#5256=VERTEX_POINT('',#12457);
#5257=VERTEX_POINT('',#12459);
#5258=VERTEX_POINT('',#12461);
#5259=VERTEX_POINT('',#12463);
#5260=VERTEX_POINT('',#12465);
#5261=VERTEX_POINT('',#12467);
#5262=VERTEX_POINT('',#12471);
#5263=VERTEX_POINT('',#12472);
#5264=VERTEX_POINT('',#12474);
#5265=VERTEX_POINT('',#12476);
#5266=VERTEX_POINT('',#12478);
#5267=VERTEX_POINT('',#12480);
#5268=VERTEX_POINT('',#12482);
#5269=VERTEX_POINT('',#12484);
#5270=VERTEX_POINT('',#12486);
#5271=VERTEX_POINT('',#12488);
#5272=VERTEX_POINT('',#12492);
#5273=VERTEX_POINT('',#12493);
#5274=VERTEX_POINT('',#12495);
#5275=VERTEX_POINT('',#12497);
#5276=VERTEX_POINT('',#12499);
#5277=VERTEX_POINT('',#12501);
#5278=VERTEX_POINT('',#12503);
#5279=VERTEX_POINT('',#12505);
#5280=VERTEX_POINT('',#12507);
#5281=VERTEX_POINT('',#12509);
#5282=VERTEX_POINT('',#12513);
#5283=VERTEX_POINT('',#12514);
#5284=VERTEX_POINT('',#12516);
#5285=VERTEX_POINT('',#12518);
#5286=VERTEX_POINT('',#12520);
#5287=VERTEX_POINT('',#12522);
#5288=VERTEX_POINT('',#12524);
#5289=VERTEX_POINT('',#12526);
#5290=VERTEX_POINT('',#12528);
#5291=VERTEX_POINT('',#12530);
#5292=VERTEX_POINT('',#12534);
#5293=VERTEX_POINT('',#12535);
#5294=VERTEX_POINT('',#12537);
#5295=VERTEX_POINT('',#12539);
#5296=VERTEX_POINT('',#12541);
#5297=VERTEX_POINT('',#12543);
#5298=VERTEX_POINT('',#12545);
#5299=VERTEX_POINT('',#12547);
#5300=VERTEX_POINT('',#12549);
#5301=VERTEX_POINT('',#12551);
#5302=VERTEX_POINT('',#12555);
#5303=VERTEX_POINT('',#12556);
#5304=VERTEX_POINT('',#12558);
#5305=VERTEX_POINT('',#12560);
#5306=VERTEX_POINT('',#12562);
#5307=VERTEX_POINT('',#12564);
#5308=VERTEX_POINT('',#12566);
#5309=VERTEX_POINT('',#12568);
#5310=VERTEX_POINT('',#12570);
#5311=VERTEX_POINT('',#12572);
#5312=VERTEX_POINT('',#12576);
#5313=VERTEX_POINT('',#12577);
#5314=VERTEX_POINT('',#12579);
#5315=VERTEX_POINT('',#12581);
#5316=VERTEX_POINT('',#12583);
#5317=VERTEX_POINT('',#12585);
#5318=VERTEX_POINT('',#12587);
#5319=VERTEX_POINT('',#12589);
#5320=VERTEX_POINT('',#12591);
#5321=VERTEX_POINT('',#12593);
#5322=VERTEX_POINT('',#12597);
#5323=VERTEX_POINT('',#12598);
#5324=VERTEX_POINT('',#12600);
#5325=VERTEX_POINT('',#12602);
#5326=VERTEX_POINT('',#12604);
#5327=VERTEX_POINT('',#12606);
#5328=VERTEX_POINT('',#12608);
#5329=VERTEX_POINT('',#12610);
#5330=VERTEX_POINT('',#12612);
#5331=VERTEX_POINT('',#12614);
#5332=VERTEX_POINT('',#12618);
#5333=VERTEX_POINT('',#12619);
#5334=VERTEX_POINT('',#12621);
#5335=VERTEX_POINT('',#12623);
#5336=VERTEX_POINT('',#12625);
#5337=VERTEX_POINT('',#12627);
#5338=VERTEX_POINT('',#12629);
#5339=VERTEX_POINT('',#12631);
#5340=VERTEX_POINT('',#12633);
#5341=VERTEX_POINT('',#12635);
#5342=VERTEX_POINT('',#12639);
#5343=VERTEX_POINT('',#12640);
#5344=VERTEX_POINT('',#12642);
#5345=VERTEX_POINT('',#12644);
#5346=VERTEX_POINT('',#12646);
#5347=VERTEX_POINT('',#12648);
#5348=VERTEX_POINT('',#12650);
#5349=VERTEX_POINT('',#12652);
#5350=VERTEX_POINT('',#12654);
#5351=VERTEX_POINT('',#12656);
#5352=VERTEX_POINT('',#12660);
#5353=VERTEX_POINT('',#12661);
#5354=VERTEX_POINT('',#12663);
#5355=VERTEX_POINT('',#12665);
#5356=VERTEX_POINT('',#12667);
#5357=VERTEX_POINT('',#12669);
#5358=VERTEX_POINT('',#12671);
#5359=VERTEX_POINT('',#12673);
#5360=VERTEX_POINT('',#12675);
#5361=VERTEX_POINT('',#12677);
#5362=VERTEX_POINT('',#12681);
#5363=VERTEX_POINT('',#12682);
#5364=VERTEX_POINT('',#12684);
#5365=VERTEX_POINT('',#12686);
#5366=VERTEX_POINT('',#12688);
#5367=VERTEX_POINT('',#12690);
#5368=VERTEX_POINT('',#12692);
#5369=VERTEX_POINT('',#12694);
#5370=VERTEX_POINT('',#12696);
#5371=VERTEX_POINT('',#12698);
#5372=VERTEX_POINT('',#12702);
#5373=VERTEX_POINT('',#12703);
#5374=VERTEX_POINT('',#12705);
#5375=VERTEX_POINT('',#12707);
#5376=VERTEX_POINT('',#12709);
#5377=VERTEX_POINT('',#12711);
#5378=VERTEX_POINT('',#12713);
#5379=VERTEX_POINT('',#12715);
#5380=VERTEX_POINT('',#12717);
#5381=VERTEX_POINT('',#12719);
#5382=VERTEX_POINT('',#12723);
#5383=VERTEX_POINT('',#12724);
#5384=VERTEX_POINT('',#12726);
#5385=VERTEX_POINT('',#12728);
#5386=VERTEX_POINT('',#12730);
#5387=VERTEX_POINT('',#12732);
#5388=VERTEX_POINT('',#12734);
#5389=VERTEX_POINT('',#12736);
#5390=VERTEX_POINT('',#12738);
#5391=VERTEX_POINT('',#12740);
#5392=VERTEX_POINT('',#12744);
#5393=VERTEX_POINT('',#12745);
#5394=VERTEX_POINT('',#12747);
#5395=VERTEX_POINT('',#12749);
#5396=VERTEX_POINT('',#12751);
#5397=VERTEX_POINT('',#12753);
#5398=VERTEX_POINT('',#12755);
#5399=VERTEX_POINT('',#12757);
#5400=VERTEX_POINT('',#12759);
#5401=VERTEX_POINT('',#12761);
#5402=VERTEX_POINT('',#12765);
#5403=VERTEX_POINT('',#12766);
#5404=VERTEX_POINT('',#12768);
#5405=VERTEX_POINT('',#12770);
#5406=VERTEX_POINT('',#12772);
#5407=VERTEX_POINT('',#12774);
#5408=VERTEX_POINT('',#12776);
#5409=VERTEX_POINT('',#12778);
#5410=VERTEX_POINT('',#12780);
#5411=VERTEX_POINT('',#12782);
#5412=VERTEX_POINT('',#12786);
#5413=VERTEX_POINT('',#12787);
#5414=VERTEX_POINT('',#12789);
#5415=VERTEX_POINT('',#12791);
#5416=VERTEX_POINT('',#12793);
#5417=VERTEX_POINT('',#12795);
#5418=VERTEX_POINT('',#12797);
#5419=VERTEX_POINT('',#12799);
#5420=VERTEX_POINT('',#12801);
#5421=VERTEX_POINT('',#12803);
#5422=VERTEX_POINT('',#12807);
#5423=VERTEX_POINT('',#12808);
#5424=VERTEX_POINT('',#12810);
#5425=VERTEX_POINT('',#12812);
#5426=VERTEX_POINT('',#12814);
#5427=VERTEX_POINT('',#12816);
#5428=VERTEX_POINT('',#12818);
#5429=VERTEX_POINT('',#12820);
#5430=VERTEX_POINT('',#12822);
#5431=VERTEX_POINT('',#12824);
#5432=VERTEX_POINT('',#12828);
#5433=VERTEX_POINT('',#12829);
#5434=VERTEX_POINT('',#12831);
#5435=VERTEX_POINT('',#12833);
#5436=VERTEX_POINT('',#12835);
#5437=VERTEX_POINT('',#12837);
#5438=VERTEX_POINT('',#12839);
#5439=VERTEX_POINT('',#12841);
#5440=VERTEX_POINT('',#12843);
#5441=VERTEX_POINT('',#12845);
#5442=VERTEX_POINT('',#12849);
#5443=VERTEX_POINT('',#12850);
#5444=VERTEX_POINT('',#12852);
#5445=VERTEX_POINT('',#12854);
#5446=VERTEX_POINT('',#12856);
#5447=VERTEX_POINT('',#12858);
#5448=VERTEX_POINT('',#12860);
#5449=VERTEX_POINT('',#12862);
#5450=VERTEX_POINT('',#12864);
#5451=VERTEX_POINT('',#12866);
#5452=VERTEX_POINT('',#12870);
#5453=VERTEX_POINT('',#12871);
#5454=VERTEX_POINT('',#12873);
#5455=VERTEX_POINT('',#12875);
#5456=VERTEX_POINT('',#12877);
#5457=VERTEX_POINT('',#12879);
#5458=VERTEX_POINT('',#12881);
#5459=VERTEX_POINT('',#12883);
#5460=VERTEX_POINT('',#12885);
#5461=VERTEX_POINT('',#12887);
#5462=VERTEX_POINT('',#12891);
#5463=VERTEX_POINT('',#12892);
#5464=VERTEX_POINT('',#12894);
#5465=VERTEX_POINT('',#12896);
#5466=VERTEX_POINT('',#12898);
#5467=VERTEX_POINT('',#12900);
#5468=VERTEX_POINT('',#12902);
#5469=VERTEX_POINT('',#12904);
#5470=VERTEX_POINT('',#12906);
#5471=VERTEX_POINT('',#12908);
#5472=VERTEX_POINT('',#12912);
#5473=VERTEX_POINT('',#12913);
#5474=VERTEX_POINT('',#12915);
#5475=VERTEX_POINT('',#12917);
#5476=VERTEX_POINT('',#12919);
#5477=VERTEX_POINT('',#12921);
#5478=VERTEX_POINT('',#12923);
#5479=VERTEX_POINT('',#12925);
#5480=VERTEX_POINT('',#12927);
#5481=VERTEX_POINT('',#12929);
#5482=VERTEX_POINT('',#12933);
#5483=VERTEX_POINT('',#12934);
#5484=VERTEX_POINT('',#12936);
#5485=VERTEX_POINT('',#12938);
#5486=VERTEX_POINT('',#12940);
#5487=VERTEX_POINT('',#12942);
#5488=VERTEX_POINT('',#12944);
#5489=VERTEX_POINT('',#12946);
#5490=VERTEX_POINT('',#12948);
#5491=VERTEX_POINT('',#12950);
#5492=VERTEX_POINT('',#12954);
#5493=VERTEX_POINT('',#12955);
#5494=VERTEX_POINT('',#12957);
#5495=VERTEX_POINT('',#12959);
#5496=VERTEX_POINT('',#12961);
#5497=VERTEX_POINT('',#12963);
#5498=VERTEX_POINT('',#12965);
#5499=VERTEX_POINT('',#12967);
#5500=VERTEX_POINT('',#12969);
#5501=VERTEX_POINT('',#12971);
#5502=VERTEX_POINT('',#12975);
#5503=VERTEX_POINT('',#12976);
#5504=VERTEX_POINT('',#12978);
#5505=VERTEX_POINT('',#12980);
#5506=VERTEX_POINT('',#12982);
#5507=VERTEX_POINT('',#12984);
#5508=VERTEX_POINT('',#12986);
#5509=VERTEX_POINT('',#12988);
#5510=VERTEX_POINT('',#12990);
#5511=VERTEX_POINT('',#12992);
#5512=VERTEX_POINT('',#12996);
#5513=VERTEX_POINT('',#12997);
#5514=VERTEX_POINT('',#12999);
#5515=VERTEX_POINT('',#13001);
#5516=VERTEX_POINT('',#13003);
#5517=VERTEX_POINT('',#13005);
#5518=VERTEX_POINT('',#13007);
#5519=VERTEX_POINT('',#13009);
#5520=VERTEX_POINT('',#13011);
#5521=VERTEX_POINT('',#13013);
#5522=VERTEX_POINT('',#13017);
#5523=VERTEX_POINT('',#13018);
#5524=VERTEX_POINT('',#13020);
#5525=VERTEX_POINT('',#13022);
#5526=VERTEX_POINT('',#13024);
#5527=VERTEX_POINT('',#13026);
#5528=VERTEX_POINT('',#13028);
#5529=VERTEX_POINT('',#13030);
#5530=VERTEX_POINT('',#13032);
#5531=VERTEX_POINT('',#13034);
#5532=VERTEX_POINT('',#13038);
#5533=VERTEX_POINT('',#13039);
#5534=VERTEX_POINT('',#13041);
#5535=VERTEX_POINT('',#13043);
#5536=VERTEX_POINT('',#13045);
#5537=VERTEX_POINT('',#13047);
#5538=VERTEX_POINT('',#13049);
#5539=VERTEX_POINT('',#13051);
#5540=VERTEX_POINT('',#13053);
#5541=VERTEX_POINT('',#13055);
#5542=VERTEX_POINT('',#13059);
#5543=VERTEX_POINT('',#13060);
#5544=VERTEX_POINT('',#13062);
#5545=VERTEX_POINT('',#13064);
#5546=VERTEX_POINT('',#13066);
#5547=VERTEX_POINT('',#13068);
#5548=VERTEX_POINT('',#13070);
#5549=VERTEX_POINT('',#13072);
#5550=VERTEX_POINT('',#13074);
#5551=VERTEX_POINT('',#13076);
#5552=VERTEX_POINT('',#13080);
#5553=VERTEX_POINT('',#13081);
#5554=VERTEX_POINT('',#13083);
#5555=VERTEX_POINT('',#13085);
#5556=VERTEX_POINT('',#13087);
#5557=VERTEX_POINT('',#13089);
#5558=VERTEX_POINT('',#13091);
#5559=VERTEX_POINT('',#13093);
#5560=VERTEX_POINT('',#13095);
#5561=VERTEX_POINT('',#13097);
#5562=VERTEX_POINT('',#13101);
#5563=VERTEX_POINT('',#13102);
#5564=VERTEX_POINT('',#13104);
#5565=VERTEX_POINT('',#13106);
#5566=VERTEX_POINT('',#13108);
#5567=VERTEX_POINT('',#13110);
#5568=VERTEX_POINT('',#13112);
#5569=VERTEX_POINT('',#13114);
#5570=VERTEX_POINT('',#13116);
#5571=VERTEX_POINT('',#13118);
#5572=VERTEX_POINT('',#13122);
#5573=VERTEX_POINT('',#13123);
#5574=VERTEX_POINT('',#13125);
#5575=VERTEX_POINT('',#13127);
#5576=VERTEX_POINT('',#13129);
#5577=VERTEX_POINT('',#13131);
#5578=VERTEX_POINT('',#13133);
#5579=VERTEX_POINT('',#13135);
#5580=VERTEX_POINT('',#13137);
#5581=VERTEX_POINT('',#13139);
#5582=VERTEX_POINT('',#13143);
#5583=VERTEX_POINT('',#13144);
#5584=VERTEX_POINT('',#13146);
#5585=VERTEX_POINT('',#13148);
#5586=VERTEX_POINT('',#13150);
#5587=VERTEX_POINT('',#13152);
#5588=VERTEX_POINT('',#13154);
#5589=VERTEX_POINT('',#13156);
#5590=VERTEX_POINT('',#13158);
#5591=VERTEX_POINT('',#13160);
#5592=CIRCLE('',#7780,0.00225);
#5593=CIRCLE('',#7781,0.00225);
#5594=CIRCLE('',#7782,0.00225);
#5595=CIRCLE('',#7783,0.00225);
#5596=CIRCLE('',#7784,0.0294999997565412);
#5597=CIRCLE('',#7785,0.0095);
#5598=CIRCLE('',#7786,0.0095);
#5599=CIRCLE('',#7788,0.00225);
#5600=CIRCLE('',#7789,0.00225);
#5601=CIRCLE('',#7790,0.00225);
#5602=CIRCLE('',#7791,0.00225);
#5603=CIRCLE('',#7792,0.0294999997565412);
#5604=CIRCLE('',#7793,0.0095);
#5605=CIRCLE('',#7794,0.0095);
#5606=CIRCLE('',#7796,0.0280761247565412);
#5607=CIRCLE('',#7797,0.00043);
#5608=CIRCLE('',#7798,0.00157131447342628);
#5609=CIRCLE('',#7799,0.00043);
#5610=CIRCLE('',#7800,0.0260161247558126);
#5611=CIRCLE('',#7801,0.00043);
#5612=CIRCLE('',#7802,0.00157131447342628);
#5613=CIRCLE('',#7803,0.00043);
#5614=CIRCLE('',#7805,0.0280761247565412);
#5615=CIRCLE('',#7806,0.00043);
#5616=CIRCLE('',#7807,0.00157131447342628);
#5617=CIRCLE('',#7808,0.00043);
#5618=CIRCLE('',#7809,0.0260161247558126);
#5619=CIRCLE('',#7810,0.00043);
#5620=CIRCLE('',#7811,0.00157131447342628);
#5621=CIRCLE('',#7812,0.00043);
#5622=CIRCLE('',#7814,0.0280761247565412);
#5623=CIRCLE('',#7815,0.00043);
#5624=CIRCLE('',#7816,0.00157131447342628);
#5625=CIRCLE('',#7817,0.00043);
#5626=CIRCLE('',#7818,0.0260161247558126);
#5627=CIRCLE('',#7819,0.00043);
#5628=CIRCLE('',#7820,0.00157131447342628);
#5629=CIRCLE('',#7821,0.00043);
#5630=CIRCLE('',#7823,0.0280761247565412);
#5631=CIRCLE('',#7824,0.00043);
#5632=CIRCLE('',#7825,0.00157131447342628);
#5633=CIRCLE('',#7826,0.00043);
#5634=CIRCLE('',#7827,0.0260161247558126);
#5635=CIRCLE('',#7828,0.00043);
#5636=CIRCLE('',#7829,0.00157131447342628);
#5637=CIRCLE('',#7830,0.00043);
#5638=CIRCLE('',#7832,0.0280761247565412);
#5639=CIRCLE('',#7833,0.00043);
#5640=CIRCLE('',#7834,0.00157131447342628);
#5641=CIRCLE('',#7835,0.00043);
#5642=CIRCLE('',#7836,0.0260161247558126);
#5643=CIRCLE('',#7837,0.00043);
#5644=CIRCLE('',#7838,0.00157131447342628);
#5645=CIRCLE('',#7839,0.00043);
#5646=CIRCLE('',#7841,0.0280761247565412);
#5647=CIRCLE('',#7842,0.00043);
#5648=CIRCLE('',#7843,0.00157131447342628);
#5649=CIRCLE('',#7844,0.00043);
#5650=CIRCLE('',#7845,0.0260161247558126);
#5651=CIRCLE('',#7846,0.00043);
#5652=CIRCLE('',#7847,0.00157131447342628);
#5653=CIRCLE('',#7848,0.00043);
#5654=CIRCLE('',#7850,0.0280761247565412);
#5655=CIRCLE('',#7851,0.00043);
#5656=CIRCLE('',#7852,0.00157131447342628);
#5657=CIRCLE('',#7853,0.00043);
#5658=CIRCLE('',#7854,0.0260161247558126);
#5659=CIRCLE('',#7855,0.00043);
#5660=CIRCLE('',#7856,0.00157131447342628);
#5661=CIRCLE('',#7857,0.00043);
#5662=CIRCLE('',#7859,0.0280761247565412);
#5663=CIRCLE('',#7860,0.00043);
#5664=CIRCLE('',#7861,0.00157131447342628);
#5665=CIRCLE('',#7862,0.00043);
#5666=CIRCLE('',#7863,0.0260161247558126);
#5667=CIRCLE('',#7864,0.00043);
#5668=CIRCLE('',#7865,0.00157131447342628);
#5669=CIRCLE('',#7866,0.00043);
#5670=CIRCLE('',#7868,0.0280761247565412);
#5671=CIRCLE('',#7869,0.00043);
#5672=CIRCLE('',#7870,0.00157131447342628);
#5673=CIRCLE('',#7871,0.00043);
#5674=CIRCLE('',#7872,0.0260161247558126);
#5675=CIRCLE('',#7873,0.00043);
#5676=CIRCLE('',#7874,0.00157131447342628);
#5677=CIRCLE('',#7875,0.00043);
#5678=CIRCLE('',#7877,0.0280761247565412);
#5679=CIRCLE('',#7878,0.00043);
#5680=CIRCLE('',#7879,0.00157131447342628);
#5681=CIRCLE('',#7880,0.00043);
#5682=CIRCLE('',#7881,0.0260161247558126);
#5683=CIRCLE('',#7882,0.00043);
#5684=CIRCLE('',#7883,0.00157131447342628);
#5685=CIRCLE('',#7884,0.00043);
#5686=CIRCLE('',#7886,0.0280761247565412);
#5687=CIRCLE('',#7887,0.00043);
#5688=CIRCLE('',#7888,0.00157131447342628);
#5689=CIRCLE('',#7889,0.00043);
#5690=CIRCLE('',#7890,0.0260161247558126);
#5691=CIRCLE('',#7891,0.00043);
#5692=CIRCLE('',#7892,0.00157131447342628);
#5693=CIRCLE('',#7893,0.00043);
#5694=CIRCLE('',#7895,0.0280761247565412);
#5695=CIRCLE('',#7896,0.00043);
#5696=CIRCLE('',#7897,0.00157131447342628);
#5697=CIRCLE('',#7898,0.00043);
#5698=CIRCLE('',#7899,0.0260161247558126);
#5699=CIRCLE('',#7900,0.00043);
#5700=CIRCLE('',#7901,0.00157131447342628);
#5701=CIRCLE('',#7902,0.00043);
#5702=CIRCLE('',#7904,0.0280761247565412);
#5703=CIRCLE('',#7905,0.00043);
#5704=CIRCLE('',#7906,0.00157131447342628);
#5705=CIRCLE('',#7907,0.00043);
#5706=CIRCLE('',#7908,0.0260161247558126);
#5707=CIRCLE('',#7909,0.00043);
#5708=CIRCLE('',#7910,0.00157131447342628);
#5709=CIRCLE('',#7911,0.00043);
#5710=CIRCLE('',#7913,0.0280761247565412);
#5711=CIRCLE('',#7914,0.00043);
#5712=CIRCLE('',#7915,0.00157131447342628);
#5713=CIRCLE('',#7916,0.00043);
#5714=CIRCLE('',#7917,0.0260161247558126);
#5715=CIRCLE('',#7918,0.00043);
#5716=CIRCLE('',#7919,0.00157131447342628);
#5717=CIRCLE('',#7920,0.00043);
#5718=CIRCLE('',#7922,0.0280761247565412);
#5719=CIRCLE('',#7923,0.00043);
#5720=CIRCLE('',#7924,0.00157131447342628);
#5721=CIRCLE('',#7925,0.00043);
#5722=CIRCLE('',#7926,0.0260161247558126);
#5723=CIRCLE('',#7927,0.00043);
#5724=CIRCLE('',#7928,0.00157131447342628);
#5725=CIRCLE('',#7929,0.00043);
#5726=CIRCLE('',#7931,0.0280761247565412);
#5727=CIRCLE('',#7932,0.00043);
#5728=CIRCLE('',#7933,0.00157131447342628);
#5729=CIRCLE('',#7934,0.00043);
#5730=CIRCLE('',#7935,0.0260161247558126);
#5731=CIRCLE('',#7936,0.00043);
#5732=CIRCLE('',#7937,0.00157131447342628);
#5733=CIRCLE('',#7938,0.00043);
#5734=CIRCLE('',#7940,0.0280761247565412);
#5735=CIRCLE('',#7941,0.00043);
#5736=CIRCLE('',#7942,0.00157131447342628);
#5737=CIRCLE('',#7943,0.00043);
#5738=CIRCLE('',#7944,0.0260161247558126);
#5739=CIRCLE('',#7945,0.00043);
#5740=CIRCLE('',#7946,0.00157131447342628);
#5741=CIRCLE('',#7947,0.00043);
#5742=CIRCLE('',#7949,0.0280761247565412);
#5743=CIRCLE('',#7950,0.00043);
#5744=CIRCLE('',#7951,0.00157131447342628);
#5745=CIRCLE('',#7952,0.00043);
#5746=CIRCLE('',#7953,0.0260161247558126);
#5747=CIRCLE('',#7954,0.00043);
#5748=CIRCLE('',#7955,0.00157131447342628);
#5749=CIRCLE('',#7956,0.00043);
#5750=CIRCLE('',#7958,0.0280761247565412);
#5751=CIRCLE('',#7959,0.00043);
#5752=CIRCLE('',#7960,0.00157131447342628);
#5753=CIRCLE('',#7961,0.00043);
#5754=CIRCLE('',#7962,0.0260161247558126);
#5755=CIRCLE('',#7963,0.00043);
#5756=CIRCLE('',#7964,0.00157131447342628);
#5757=CIRCLE('',#7965,0.00043);
#5758=CIRCLE('',#7967,0.0280761247565412);
#5759=CIRCLE('',#7968,0.00043);
#5760=CIRCLE('',#7969,0.00157131447342628);
#5761=CIRCLE('',#7970,0.00043);
#5762=CIRCLE('',#7971,0.0260161247558126);
#5763=CIRCLE('',#7972,0.00043);
#5764=CIRCLE('',#7973,0.00157131447342628);
#5765=CIRCLE('',#7974,0.00043);
#5766=CIRCLE('',#7976,0.0280761247565412);
#5767=CIRCLE('',#7977,0.00043);
#5768=CIRCLE('',#7978,0.00157131447342628);
#5769=CIRCLE('',#7979,0.00043);
#5770=CIRCLE('',#7980,0.0260161247558126);
#5771=CIRCLE('',#7981,0.00043);
#5772=CIRCLE('',#7982,0.00157131447342628);
#5773=CIRCLE('',#7983,0.00043);
#5774=CIRCLE('',#7985,0.0280761247565412);
#5775=CIRCLE('',#7986,0.00043);
#5776=CIRCLE('',#7987,0.00157131447342628);
#5777=CIRCLE('',#7988,0.00043);
#5778=CIRCLE('',#7989,0.0260161247558126);
#5779=CIRCLE('',#7990,0.00043);
#5780=CIRCLE('',#7991,0.00157131447342628);
#5781=CIRCLE('',#7992,0.00043);
#5782=CIRCLE('',#7994,0.0280761247565412);
#5783=CIRCLE('',#7995,0.00043);
#5784=CIRCLE('',#7996,0.00157131447342628);
#5785=CIRCLE('',#7997,0.00043);
#5786=CIRCLE('',#7998,0.0260161247558126);
#5787=CIRCLE('',#7999,0.00043);
#5788=CIRCLE('',#8000,0.00157131447342628);
#5789=CIRCLE('',#8001,0.00043);
#5790=CIRCLE('',#8003,0.0280761247565412);
#5791=CIRCLE('',#8004,0.00043);
#5792=CIRCLE('',#8005,0.00157131447342628);
#5793=CIRCLE('',#8006,0.00043);
#5794=CIRCLE('',#8007,0.0260161247558126);
#5795=CIRCLE('',#8008,0.00043);
#5796=CIRCLE('',#8009,0.00157131447342628);
#5797=CIRCLE('',#8010,0.00043);
#5798=CIRCLE('',#8012,0.0280761247565412);
#5799=CIRCLE('',#8013,0.00043);
#5800=CIRCLE('',#8014,0.00157131447342628);
#5801=CIRCLE('',#8015,0.00043);
#5802=CIRCLE('',#8016,0.0260161247558126);
#5803=CIRCLE('',#8017,0.00043);
#5804=CIRCLE('',#8018,0.00157131447342628);
#5805=CIRCLE('',#8019,0.00043);
#5806=CIRCLE('',#8021,0.0280761247565412);
#5807=CIRCLE('',#8022,0.00043);
#5808=CIRCLE('',#8023,0.00157131447342628);
#5809=CIRCLE('',#8024,0.00043);
#5810=CIRCLE('',#8025,0.0260161247558126);
#5811=CIRCLE('',#8026,0.00043);
#5812=CIRCLE('',#8027,0.00157131447342628);
#5813=CIRCLE('',#8028,0.00043);
#5814=CIRCLE('',#8030,0.0280761247565412);
#5815=CIRCLE('',#8031,0.00043);
#5816=CIRCLE('',#8032,0.00157131447342628);
#5817=CIRCLE('',#8033,0.00043);
#5818=CIRCLE('',#8034,0.0260161247558126);
#5819=CIRCLE('',#8035,0.00043);
#5820=CIRCLE('',#8036,0.00157131447342628);
#5821=CIRCLE('',#8037,0.00043);
#5822=CIRCLE('',#8039,0.0280761247565412);
#5823=CIRCLE('',#8040,0.00043);
#5824=CIRCLE('',#8041,0.00157131447342628);
#5825=CIRCLE('',#8042,0.00043);
#5826=CIRCLE('',#8043,0.0260161247558126);
#5827=CIRCLE('',#8044,0.00043);
#5828=CIRCLE('',#8045,0.00157131447342628);
#5829=CIRCLE('',#8046,0.00043);
#5830=CIRCLE('',#8048,0.0280761247565412);
#5831=CIRCLE('',#8049,0.00043);
#5832=CIRCLE('',#8050,0.00157131447342628);
#5833=CIRCLE('',#8051,0.00043);
#5834=CIRCLE('',#8052,0.0260161247558126);
#5835=CIRCLE('',#8053,0.00043);
#5836=CIRCLE('',#8054,0.00157131447342628);
#5837=CIRCLE('',#8055,0.00043);
#5838=CIRCLE('',#8057,0.0280761247565412);
#5839=CIRCLE('',#8058,0.00043);
#5840=CIRCLE('',#8059,0.00157131447342628);
#5841=CIRCLE('',#8060,0.00043);
#5842=CIRCLE('',#8061,0.0260161247558126);
#5843=CIRCLE('',#8062,0.00043);
#5844=CIRCLE('',#8063,0.00157131447342628);
#5845=CIRCLE('',#8064,0.00043);
#5846=CIRCLE('',#8066,0.0280761247565412);
#5847=CIRCLE('',#8067,0.00043);
#5848=CIRCLE('',#8068,0.00157131447342628);
#5849=CIRCLE('',#8069,0.00043);
#5850=CIRCLE('',#8070,0.0260161247558126);
#5851=CIRCLE('',#8071,0.00043);
#5852=CIRCLE('',#8072,0.00157131447342628);
#5853=CIRCLE('',#8073,0.00043);
#5854=CIRCLE('',#8075,0.0280761247565412);
#5855=CIRCLE('',#8076,0.00043);
#5856=CIRCLE('',#8077,0.00157131447342628);
#5857=CIRCLE('',#8078,0.00043);
#5858=CIRCLE('',#8079,0.0260161247558126);
#5859=CIRCLE('',#8080,0.00043);
#5860=CIRCLE('',#8081,0.00157131447342628);
#5861=CIRCLE('',#8082,0.00043);
#5862=CIRCLE('',#8084,0.0280761247565412);
#5863=CIRCLE('',#8085,0.00043);
#5864=CIRCLE('',#8086,0.00157131447342628);
#5865=CIRCLE('',#8087,0.00043);
#5866=CIRCLE('',#8088,0.0260161247558126);
#5867=CIRCLE('',#8089,0.00043);
#5868=CIRCLE('',#8090,0.00157131447342628);
#5869=CIRCLE('',#8091,0.00043);
#5870=CIRCLE('',#8093,0.0280761247565412);
#5871=CIRCLE('',#8094,0.00043);
#5872=CIRCLE('',#8095,0.00157131447342628);
#5873=CIRCLE('',#8096,0.00043);
#5874=CIRCLE('',#8097,0.0260161247558126);
#5875=CIRCLE('',#8098,0.00043);
#5876=CIRCLE('',#8099,0.00157131447342628);
#5877=CIRCLE('',#8100,0.00043);
#5878=CIRCLE('',#8102,0.0280761247565412);
#5879=CIRCLE('',#8103,0.00043);
#5880=CIRCLE('',#8104,0.00157131447342628);
#5881=CIRCLE('',#8105,0.00043);
#5882=CIRCLE('',#8106,0.0260161247558126);
#5883=CIRCLE('',#8107,0.00043);
#5884=CIRCLE('',#8108,0.00157131447342628);
#5885=CIRCLE('',#8109,0.00043);
#5886=CIRCLE('',#8111,0.0280761247565412);
#5887=CIRCLE('',#8112,0.00043);
#5888=CIRCLE('',#8113,0.00157131447342628);
#5889=CIRCLE('',#8114,0.00043);
#5890=CIRCLE('',#8115,0.0260161247558126);
#5891=CIRCLE('',#8116,0.00043);
#5892=CIRCLE('',#8117,0.00157131447342628);
#5893=CIRCLE('',#8118,0.00043);
#5894=CIRCLE('',#8120,0.0280761247565412);
#5895=CIRCLE('',#8121,0.00043);
#5896=CIRCLE('',#8122,0.00157131447342628);
#5897=CIRCLE('',#8123,0.00043);
#5898=CIRCLE('',#8124,0.0260161247558126);
#5899=CIRCLE('',#8125,0.00043);
#5900=CIRCLE('',#8126,0.00157131447342628);
#5901=CIRCLE('',#8127,0.00043);
#5902=CIRCLE('',#8129,0.0280761247565412);
#5903=CIRCLE('',#8130,0.00043);
#5904=CIRCLE('',#8131,0.00157131447342628);
#5905=CIRCLE('',#8132,0.00043);
#5906=CIRCLE('',#8133,0.0260161247558126);
#5907=CIRCLE('',#8134,0.00043);
#5908=CIRCLE('',#8135,0.00157131447342628);
#5909=CIRCLE('',#8136,0.00043);
#5910=CIRCLE('',#8138,0.0280761247565412);
#5911=CIRCLE('',#8139,0.00043);
#5912=CIRCLE('',#8140,0.00157131447342628);
#5913=CIRCLE('',#8141,0.00043);
#5914=CIRCLE('',#8142,0.0260161247558126);
#5915=CIRCLE('',#8143,0.00043);
#5916=CIRCLE('',#8144,0.00157131447342628);
#5917=CIRCLE('',#8145,0.00043);
#5918=CIRCLE('',#8147,0.0280761247565412);
#5919=CIRCLE('',#8148,0.00043);
#5920=CIRCLE('',#8149,0.00157131447342628);
#5921=CIRCLE('',#8150,0.00043);
#5922=CIRCLE('',#8151,0.0260161247558126);
#5923=CIRCLE('',#8152,0.00043);
#5924=CIRCLE('',#8153,0.00157131447342628);
#5925=CIRCLE('',#8154,0.00043);
#5926=CIRCLE('',#8156,0.0280761247565412);
#5927=CIRCLE('',#8157,0.00043);
#5928=CIRCLE('',#8158,0.00157131447342628);
#5929=CIRCLE('',#8159,0.00043);
#5930=CIRCLE('',#8160,0.0260161247558126);
#5931=CIRCLE('',#8161,0.00043);
#5932=CIRCLE('',#8162,0.00157131447342628);
#5933=CIRCLE('',#8163,0.00043);
#5934=CIRCLE('',#8165,0.0280761247565412);
#5935=CIRCLE('',#8166,0.00043);
#5936=CIRCLE('',#8167,0.00157131447342628);
#5937=CIRCLE('',#8168,0.00043);
#5938=CIRCLE('',#8169,0.0260161247558126);
#5939=CIRCLE('',#8170,0.00043);
#5940=CIRCLE('',#8171,0.00157131447342628);
#5941=CIRCLE('',#8172,0.00043);
#5942=CIRCLE('',#8174,0.0280761247565412);
#5943=CIRCLE('',#8175,0.00043);
#5944=CIRCLE('',#8176,0.00157131447342628);
#5945=CIRCLE('',#8177,0.00043);
#5946=CIRCLE('',#8178,0.0260161247558126);
#5947=CIRCLE('',#8179,0.00043);
#5948=CIRCLE('',#8180,0.00157131447342628);
#5949=CIRCLE('',#8181,0.00043);
#5950=CIRCLE('',#8183,0.0280761247565412);
#5951=CIRCLE('',#8184,0.00043);
#5952=CIRCLE('',#8185,0.00157131447342628);
#5953=CIRCLE('',#8186,0.00043);
#5954=CIRCLE('',#8187,0.0260161247558126);
#5955=CIRCLE('',#8188,0.00043);
#5956=CIRCLE('',#8189,0.00157131447342628);
#5957=CIRCLE('',#8190,0.00043);
#5958=CIRCLE('',#8192,0.0280761247565412);
#5959=CIRCLE('',#8193,0.00043);
#5960=CIRCLE('',#8194,0.00157131447342628);
#5961=CIRCLE('',#8195,0.00043);
#5962=CIRCLE('',#8196,0.0260161247558126);
#5963=CIRCLE('',#8197,0.00043);
#5964=CIRCLE('',#8198,0.00157131447342628);
#5965=CIRCLE('',#8199,0.00043);
#5966=CIRCLE('',#8201,0.0280761247565412);
#5967=CIRCLE('',#8202,0.00043);
#5968=CIRCLE('',#8203,0.00157131447342628);
#5969=CIRCLE('',#8204,0.00043);
#5970=CIRCLE('',#8205,0.0260161247558126);
#5971=CIRCLE('',#8206,0.00043);
#5972=CIRCLE('',#8207,0.00157131447342628);
#5973=CIRCLE('',#8208,0.00043);
#5974=CIRCLE('',#8210,0.0280761247565412);
#5975=CIRCLE('',#8211,0.00043);
#5976=CIRCLE('',#8212,0.00157131447342628);
#5977=CIRCLE('',#8213,0.00043);
#5978=CIRCLE('',#8214,0.0260161247558126);
#5979=CIRCLE('',#8215,0.00043);
#5980=CIRCLE('',#8216,0.00157131447342628);
#5981=CIRCLE('',#8217,0.00043);
#5982=CIRCLE('',#8219,0.0280761247565412);
#5983=CIRCLE('',#8220,0.00043);
#5984=CIRCLE('',#8221,0.00157131447342628);
#5985=CIRCLE('',#8222,0.00043);
#5986=CIRCLE('',#8223,0.0260161247558126);
#5987=CIRCLE('',#8224,0.00043);
#5988=CIRCLE('',#8225,0.00157131447342628);
#5989=CIRCLE('',#8226,0.00043);
#5990=CIRCLE('',#8228,0.0280761247565412);
#5991=CIRCLE('',#8229,0.00043);
#5992=CIRCLE('',#8230,0.00157131447342628);
#5993=CIRCLE('',#8231,0.00043);
#5994=CIRCLE('',#8232,0.0260161247558126);
#5995=CIRCLE('',#8233,0.00043);
#5996=CIRCLE('',#8234,0.00157131447342628);
#5997=CIRCLE('',#8235,0.00043);
#5998=CIRCLE('',#8237,0.0280761247565412);
#5999=CIRCLE('',#8238,0.00043);
#6000=CIRCLE('',#8239,0.00157131447342628);
#6001=CIRCLE('',#8240,0.00043);
#6002=CIRCLE('',#8241,0.0260161247558126);
#6003=CIRCLE('',#8242,0.00043);
#6004=CIRCLE('',#8243,0.00157131447342628);
#6005=CIRCLE('',#8244,0.00043);
#6006=CIRCLE('',#8246,0.0280761247565412);
#6007=CIRCLE('',#8247,0.00043);
#6008=CIRCLE('',#8248,0.00157131447342628);
#6009=CIRCLE('',#8249,0.00043);
#6010=CIRCLE('',#8250,0.0260161247558126);
#6011=CIRCLE('',#8251,0.00043);
#6012=CIRCLE('',#8252,0.00157131447342628);
#6013=CIRCLE('',#8253,0.00043);
#6014=CIRCLE('',#8255,0.0280761247565412);
#6015=CIRCLE('',#8256,0.00043);
#6016=CIRCLE('',#8257,0.00157131447342628);
#6017=CIRCLE('',#8258,0.00043);
#6018=CIRCLE('',#8259,0.0260161247558126);
#6019=CIRCLE('',#8260,0.00043);
#6020=CIRCLE('',#8261,0.00157131447342628);
#6021=CIRCLE('',#8262,0.00043);
#6022=CIRCLE('',#8264,0.0280761247565412);
#6023=CIRCLE('',#8265,0.00043);
#6024=CIRCLE('',#8266,0.00157131447342628);
#6025=CIRCLE('',#8267,0.00043);
#6026=CIRCLE('',#8268,0.0260161247558126);
#6027=CIRCLE('',#8269,0.00043);
#6028=CIRCLE('',#8270,0.00157131447342628);
#6029=CIRCLE('',#8271,0.00043);
#6030=CIRCLE('',#8273,0.0280761247565412);
#6031=CIRCLE('',#8274,0.00043);
#6032=CIRCLE('',#8275,0.00157131447342628);
#6033=CIRCLE('',#8276,0.00043);
#6034=CIRCLE('',#8277,0.0260161247558126);
#6035=CIRCLE('',#8278,0.00043);
#6036=CIRCLE('',#8279,0.00157131447342628);
#6037=CIRCLE('',#8280,0.00043);
#6038=CIRCLE('',#8282,0.0280761247565412);
#6039=CIRCLE('',#8283,0.00043);
#6040=CIRCLE('',#8284,0.00157131447342628);
#6041=CIRCLE('',#8285,0.00043);
#6042=CIRCLE('',#8286,0.0260161247558126);
#6043=CIRCLE('',#8287,0.00043);
#6044=CIRCLE('',#8288,0.00157131447342628);
#6045=CIRCLE('',#8289,0.00043);
#6046=CIRCLE('',#8291,0.0280761247565412);
#6047=CIRCLE('',#8292,0.00043);
#6048=CIRCLE('',#8293,0.00157131447342628);
#6049=CIRCLE('',#8294,0.00043);
#6050=CIRCLE('',#8295,0.0260161247558126);
#6051=CIRCLE('',#8296,0.00043);
#6052=CIRCLE('',#8297,0.00157131447342628);
#6053=CIRCLE('',#8298,0.00043);
#6054=CIRCLE('',#8300,0.0280761247565412);
#6055=CIRCLE('',#8301,0.00043);
#6056=CIRCLE('',#8302,0.00157131447342628);
#6057=CIRCLE('',#8303,0.00043);
#6058=CIRCLE('',#8304,0.0260161247558126);
#6059=CIRCLE('',#8305,0.00043);
#6060=CIRCLE('',#8306,0.00157131447342628);
#6061=CIRCLE('',#8307,0.00043);
#6062=CIRCLE('',#8309,0.0280761247565412);
#6063=CIRCLE('',#8310,0.00043);
#6064=CIRCLE('',#8311,0.00157131447342628);
#6065=CIRCLE('',#8312,0.00043);
#6066=CIRCLE('',#8313,0.0260161247558126);
#6067=CIRCLE('',#8314,0.00043);
#6068=CIRCLE('',#8315,0.00157131447342628);
#6069=CIRCLE('',#8316,0.00043);
#6070=CIRCLE('',#8318,0.0280761247565412);
#6071=CIRCLE('',#8319,0.00043);
#6072=CIRCLE('',#8320,0.00157131447342628);
#6073=CIRCLE('',#8321,0.00043);
#6074=CIRCLE('',#8322,0.0260161247558126);
#6075=CIRCLE('',#8323,0.00043);
#6076=CIRCLE('',#8324,0.00157131447342628);
#6077=CIRCLE('',#8325,0.00043);
#6078=CIRCLE('',#8327,0.0280761247565412);
#6079=CIRCLE('',#8328,0.00043);
#6080=CIRCLE('',#8329,0.00157131447342628);
#6081=CIRCLE('',#8330,0.00043);
#6082=CIRCLE('',#8331,0.0260161247558126);
#6083=CIRCLE('',#8332,0.00043);
#6084=CIRCLE('',#8333,0.00157131447342628);
#6085=CIRCLE('',#8334,0.00043);
#6086=CIRCLE('',#8336,0.0280761247565412);
#6087=CIRCLE('',#8337,0.00043);
#6088=CIRCLE('',#8338,0.00157131447342628);
#6089=CIRCLE('',#8339,0.00043);
#6090=CIRCLE('',#8340,0.0260161247558126);
#6091=CIRCLE('',#8341,0.00043);
#6092=CIRCLE('',#8342,0.00157131447342628);
#6093=CIRCLE('',#8343,0.00043);
#6094=CIRCLE('',#8345,0.0280761247565412);
#6095=CIRCLE('',#8346,0.00043);
#6096=CIRCLE('',#8347,0.00157131447342628);
#6097=CIRCLE('',#8348,0.00043);
#6098=CIRCLE('',#8349,0.0260161247558126);
#6099=CIRCLE('',#8350,0.00043);
#6100=CIRCLE('',#8351,0.00157131447342628);
#6101=CIRCLE('',#8352,0.00043);
#6102=CIRCLE('',#8354,0.0280761247565412);
#6103=CIRCLE('',#8355,0.00043);
#6104=CIRCLE('',#8356,0.00157131447342628);
#6105=CIRCLE('',#8357,0.00043);
#6106=CIRCLE('',#8358,0.0260161247558126);
#6107=CIRCLE('',#8359,0.00043);
#6108=CIRCLE('',#8360,0.00157131447342628);
#6109=CIRCLE('',#8361,0.00043);
#6110=CIRCLE('',#8363,0.0280761247565412);
#6111=CIRCLE('',#8364,0.00043);
#6112=CIRCLE('',#8365,0.00157131447342628);
#6113=CIRCLE('',#8366,0.00043);
#6114=CIRCLE('',#8367,0.0260161247558126);
#6115=CIRCLE('',#8368,0.00043);
#6116=CIRCLE('',#8369,0.00157131447342628);
#6117=CIRCLE('',#8370,0.00043);
#6118=CIRCLE('',#8372,0.0280761247565412);
#6119=CIRCLE('',#8373,0.00043);
#6120=CIRCLE('',#8374,0.00157131447342628);
#6121=CIRCLE('',#8375,0.00043);
#6122=CIRCLE('',#8376,0.0260161247558126);
#6123=CIRCLE('',#8377,0.00043);
#6124=CIRCLE('',#8378,0.00157131447342628);
#6125=CIRCLE('',#8379,0.00043);
#6126=CIRCLE('',#8381,0.0280761247565412);
#6127=CIRCLE('',#8382,0.00043);
#6128=CIRCLE('',#8383,0.00157131447342628);
#6129=CIRCLE('',#8384,0.00043);
#6130=CIRCLE('',#8385,0.0260161247558126);
#6131=CIRCLE('',#8386,0.00043);
#6132=CIRCLE('',#8387,0.00157131447342628);
#6133=CIRCLE('',#8388,0.00043);
#6134=CIRCLE('',#8390,0.0280761247565412);
#6135=CIRCLE('',#8391,0.00043);
#6136=CIRCLE('',#8392,0.00157131447342628);
#6137=CIRCLE('',#8393,0.00043);
#6138=CIRCLE('',#8394,0.0260161247558126);
#6139=CIRCLE('',#8395,0.00043);
#6140=CIRCLE('',#8396,0.00157131447342628);
#6141=CIRCLE('',#8397,0.00043);
#6142=CIRCLE('',#8399,0.0280761247565412);
#6143=CIRCLE('',#8400,0.00043);
#6144=CIRCLE('',#8401,0.00157131447342628);
#6145=CIRCLE('',#8402,0.00043);
#6146=CIRCLE('',#8403,0.0260161247558126);
#6147=CIRCLE('',#8404,0.00043);
#6148=CIRCLE('',#8405,0.00157131447342628);
#6149=CIRCLE('',#8406,0.00043);
#6150=CIRCLE('',#8408,0.0280761247565412);
#6151=CIRCLE('',#8409,0.00043);
#6152=CIRCLE('',#8410,0.00157131447342628);
#6153=CIRCLE('',#8411,0.00043);
#6154=CIRCLE('',#8412,0.0260161247558126);
#6155=CIRCLE('',#8413,0.00043);
#6156=CIRCLE('',#8414,0.00157131447342628);
#6157=CIRCLE('',#8415,0.00043);
#6158=CIRCLE('',#8417,0.0280761247565412);
#6159=CIRCLE('',#8418,0.00043);
#6160=CIRCLE('',#8419,0.00157131447342628);
#6161=CIRCLE('',#8420,0.00043);
#6162=CIRCLE('',#8421,0.0260161247558126);
#6163=CIRCLE('',#8422,0.00043);
#6164=CIRCLE('',#8423,0.00157131447342628);
#6165=CIRCLE('',#8424,0.00043);
#6166=CIRCLE('',#8426,0.0280761247565412);
#6167=CIRCLE('',#8427,0.00043);
#6168=CIRCLE('',#8428,0.00157131447342628);
#6169=CIRCLE('',#8429,0.00043);
#6170=CIRCLE('',#8430,0.0260161247558126);
#6171=CIRCLE('',#8431,0.00043);
#6172=CIRCLE('',#8432,0.00157131447342628);
#6173=CIRCLE('',#8433,0.00043);
#6174=CIRCLE('',#8435,0.0280761247565412);
#6175=CIRCLE('',#8436,0.00043);
#6176=CIRCLE('',#8437,0.00157131447342628);
#6177=CIRCLE('',#8438,0.00043);
#6178=CIRCLE('',#8439,0.0260161247558126);
#6179=CIRCLE('',#8440,0.00043);
#6180=CIRCLE('',#8441,0.00157131447342628);
#6181=CIRCLE('',#8442,0.00043);
#6182=CIRCLE('',#8444,0.0280761247565412);
#6183=CIRCLE('',#8445,0.0280761247565412);
#6184=CIRCLE('',#8456,0.0280761247565412);
#6185=CIRCLE('',#8457,0.0280761247565412);
#6186=CIRCLE('',#8468,0.0280761247565412);
#6187=CIRCLE('',#8469,0.0280761247565412);
#6188=CIRCLE('',#8480,0.0280761247565412);
#6189=CIRCLE('',#8481,0.0280761247565412);
#6190=CIRCLE('',#8492,0.0280761247565412);
#6191=CIRCLE('',#8493,0.0280761247565412);
#6192=CIRCLE('',#8504,0.0280761247565412);
#6193=CIRCLE('',#8505,0.0280761247565412);
#6194=CIRCLE('',#8516,0.0280761247565412);
#6195=CIRCLE('',#8517,0.0280761247565412);
#6196=CIRCLE('',#8528,0.0280761247565412);
#6197=CIRCLE('',#8529,0.0280761247565412);
#6198=CIRCLE('',#8540,0.0280761247565412);
#6199=CIRCLE('',#8541,0.0280761247565412);
#6200=CIRCLE('',#8552,0.0280761247565412);
#6201=CIRCLE('',#8553,0.0280761247565412);
#6202=CIRCLE('',#8564,0.0280761247565412);
#6203=CIRCLE('',#8565,0.0280761247565412);
#6204=CIRCLE('',#8576,0.0280761247565412);
#6205=CIRCLE('',#8577,0.0280761247565412);
#6206=CIRCLE('',#8588,0.0280761247565412);
#6207=CIRCLE('',#8589,0.0280761247565412);
#6208=CIRCLE('',#8600,0.0280761247565412);
#6209=CIRCLE('',#8601,0.0280761247565412);
#6210=CIRCLE('',#8612,0.0280761247565412);
#6211=CIRCLE('',#8613,0.0280761247565412);
#6212=CIRCLE('',#8624,0.0280761247565412);
#6213=CIRCLE('',#8625,0.0280761247565412);
#6214=CIRCLE('',#8636,0.0280761247565412);
#6215=CIRCLE('',#8637,0.0280761247565412);
#6216=CIRCLE('',#8648,0.0280761247565412);
#6217=CIRCLE('',#8649,0.0280761247565412);
#6218=CIRCLE('',#8660,0.0280761247565412);
#6219=CIRCLE('',#8661,0.0280761247565412);
#6220=CIRCLE('',#8672,0.0280761247565412);
#6221=CIRCLE('',#8673,0.0280761247565412);
#6222=CIRCLE('',#8684,0.0280761247565412);
#6223=CIRCLE('',#8685,0.0280761247565412);
#6224=CIRCLE('',#8696,0.0280761247565412);
#6225=CIRCLE('',#8697,0.0280761247565412);
#6226=CIRCLE('',#8708,0.0280761247565412);
#6227=CIRCLE('',#8709,0.0280761247565412);
#6228=CIRCLE('',#8720,0.0280761247565412);
#6229=CIRCLE('',#8721,0.0280761247565412);
#6230=CIRCLE('',#8732,0.0280761247565412);
#6231=CIRCLE('',#8733,0.0280761247565412);
#6232=CIRCLE('',#8744,0.0280761247565412);
#6233=CIRCLE('',#8745,0.0280761247565412);
#6234=CIRCLE('',#8756,0.0280761247565412);
#6235=CIRCLE('',#8757,0.0280761247565412);
#6236=CIRCLE('',#8768,0.0280761247565412);
#6237=CIRCLE('',#8769,0.0280761247565412);
#6238=CIRCLE('',#8780,0.0280761247565412);
#6239=CIRCLE('',#8781,0.0280761247565412);
#6240=CIRCLE('',#8792,0.0280761247565412);
#6241=CIRCLE('',#8793,0.0280761247565412);
#6242=CIRCLE('',#8804,0.0280761247565412);
#6243=CIRCLE('',#8805,0.0280761247565412);
#6244=CIRCLE('',#8816,0.0280761247565412);
#6245=CIRCLE('',#8817,0.0280761247565412);
#6246=CIRCLE('',#8828,0.0280761247565412);
#6247=CIRCLE('',#8829,0.0280761247565412);
#6248=CIRCLE('',#8840,0.0280761247565412);
#6249=CIRCLE('',#8841,0.0280761247565412);
#6250=CIRCLE('',#8852,0.0280761247565412);
#6251=CIRCLE('',#8853,0.0280761247565412);
#6252=CIRCLE('',#8864,0.0280761247565412);
#6253=CIRCLE('',#8865,0.0280761247565412);
#6254=EDGE_LOOP('',(#1332));
#6255=EDGE_LOOP('',(#1333));
#6256=EDGE_LOOP('',(#1334));
#6257=EDGE_LOOP('',(#1335));
#6258=EDGE_LOOP('',(#1336));
#6259=EDGE_LOOP('',(#1337,#1338,#1339,#1340));
#6260=EDGE_LOOP('',(#1341));
#6261=EDGE_LOOP('',(#1342));
#6262=EDGE_LOOP('',(#1343));
#6263=EDGE_LOOP('',(#1344));
#6264=EDGE_LOOP('',(#1345));
#6265=EDGE_LOOP('',(#1346,#1347,#1348,#1349));
#6266=EDGE_LOOP('',(#1350,#1351,#1352,#1353,#1354,#1355,#1356,#1357,#1358,
#1359));
#6267=EDGE_LOOP('',(#1360,#1361,#1362,#1363,#1364,#1365,#1366,#1367,#1368,
#1369));
#6268=EDGE_LOOP('',(#1370,#1371,#1372,#1373,#1374,#1375,#1376,#1377,#1378,
#1379));
#6269=EDGE_LOOP('',(#1380,#1381,#1382,#1383,#1384,#1385,#1386,#1387,#1388,
#1389));
#6270=EDGE_LOOP('',(#1390,#1391,#1392,#1393,#1394,#1395,#1396,#1397,#1398,
#1399));
#6271=EDGE_LOOP('',(#1400,#1401,#1402,#1403,#1404,#1405,#1406,#1407,#1408,
#1409));
#6272=EDGE_LOOP('',(#1410,#1411,#1412,#1413,#1414,#1415,#1416,#1417,#1418,
#1419));
#6273=EDGE_LOOP('',(#1420,#1421,#1422,#1423,#1424,#1425,#1426,#1427,#1428,
#1429));
#6274=EDGE_LOOP('',(#1430,#1431,#1432,#1433,#1434,#1435,#1436,#1437,#1438,
#1439));
#6275=EDGE_LOOP('',(#1440,#1441,#1442,#1443,#1444,#1445,#1446,#1447,#1448,
#1449));
#6276=EDGE_LOOP('',(#1450,#1451,#1452,#1453,#1454,#1455,#1456,#1457,#1458,
#1459));
#6277=EDGE_LOOP('',(#1460,#1461,#1462,#1463,#1464,#1465,#1466,#1467,#1468,
#1469));
#6278=EDGE_LOOP('',(#1470,#1471,#1472,#1473,#1474,#1475,#1476,#1477,#1478,
#1479));
#6279=EDGE_LOOP('',(#1480,#1481,#1482,#1483,#1484,#1485,#1486,#1487,#1488,
#1489));
#6280=EDGE_LOOP('',(#1490,#1491,#1492,#1493,#1494,#1495,#1496,#1497,#1498,
#1499));
#6281=EDGE_LOOP('',(#1500,#1501,#1502,#1503,#1504,#1505,#1506,#1507,#1508,
#1509));
#6282=EDGE_LOOP('',(#1510,#1511,#1512,#1513,#1514,#1515,#1516,#1517,#1518,
#1519));
#6283=EDGE_LOOP('',(#1520,#1521,#1522,#1523,#1524,#1525,#1526,#1527,#1528,
#1529));
#6284=EDGE_LOOP('',(#1530,#1531,#1532,#1533,#1534,#1535,#1536,#1537,#1538,
#1539));
#6285=EDGE_LOOP('',(#1540,#1541,#1542,#1543,#1544,#1545,#1546,#1547,#1548,
#1549));
#6286=EDGE_LOOP('',(#1550,#1551,#1552,#1553,#1554,#1555,#1556,#1557,#1558,
#1559));
#6287=EDGE_LOOP('',(#1560,#1561,#1562,#1563,#1564,#1565,#1566,#1567,#1568,
#1569));
#6288=EDGE_LOOP('',(#1570,#1571,#1572,#1573,#1574,#1575,#1576,#1577,#1578,
#1579));
#6289=EDGE_LOOP('',(#1580,#1581,#1582,#1583,#1584,#1585,#1586,#1587,#1588,
#1589));
#6290=EDGE_LOOP('',(#1590,#1591,#1592,#1593,#1594,#1595,#1596,#1597,#1598,
#1599));
#6291=EDGE_LOOP('',(#1600,#1601,#1602,#1603,#1604,#1605,#1606,#1607,#1608,
#1609));
#6292=EDGE_LOOP('',(#1610,#1611,#1612,#1613,#1614,#1615,#1616,#1617,#1618,
#1619));
#6293=EDGE_LOOP('',(#1620,#1621,#1622,#1623,#1624,#1625,#1626,#1627,#1628,
#1629));
#6294=EDGE_LOOP('',(#1630,#1631,#1632,#1633,#1634,#1635,#1636,#1637,#1638,
#1639));
#6295=EDGE_LOOP('',(#1640,#1641,#1642,#1643,#1644,#1645,#1646,#1647,#1648,
#1649));
#6296=EDGE_LOOP('',(#1650,#1651,#1652,#1653,#1654,#1655,#1656,#1657,#1658,
#1659));
#6297=EDGE_LOOP('',(#1660,#1661,#1662,#1663,#1664,#1665,#1666,#1667,#1668,
#1669));
#6298=EDGE_LOOP('',(#1670,#1671,#1672,#1673,#1674,#1675,#1676,#1677,#1678,
#1679));
#6299=EDGE_LOOP('',(#1680,#1681,#1682,#1683,#1684,#1685,#1686,#1687,#1688,
#1689));
#6300=EDGE_LOOP('',(#1690,#1691,#1692,#1693,#1694,#1695,#1696,#1697,#1698,
#1699));
#6301=EDGE_LOOP('',(#1700,#1701,#1702,#1703,#1704,#1705,#1706,#1707,#1708,
#1709));
#6302=EDGE_LOOP('',(#1710,#1711,#1712,#1713,#1714,#1715,#1716,#1717,#1718,
#1719));
#6303=EDGE_LOOP('',(#1720,#1721,#1722,#1723,#1724,#1725,#1726,#1727,#1728,
#1729));
#6304=EDGE_LOOP('',(#1730,#1731,#1732,#1733,#1734,#1735,#1736,#1737,#1738,
#1739));
#6305=EDGE_LOOP('',(#1740,#1741,#1742,#1743,#1744,#1745,#1746,#1747,#1748,
#1749));
#6306=EDGE_LOOP('',(#1750,#1751,#1752,#1753,#1754,#1755,#1756,#1757,#1758,
#1759));
#6307=EDGE_LOOP('',(#1760,#1761,#1762,#1763,#1764,#1765,#1766,#1767,#1768,
#1769));
#6308=EDGE_LOOP('',(#1770,#1771,#1772,#1773,#1774,#1775,#1776,#1777,#1778,
#1779));
#6309=EDGE_LOOP('',(#1780,#1781,#1782,#1783,#1784,#1785,#1786,#1787,#1788,
#1789));
#6310=EDGE_LOOP('',(#1790,#1791,#1792,#1793,#1794,#1795,#1796,#1797,#1798,
#1799));
#6311=EDGE_LOOP('',(#1800,#1801,#1802,#1803,#1804,#1805,#1806,#1807,#1808,
#1809));
#6312=EDGE_LOOP('',(#1810,#1811,#1812,#1813,#1814,#1815,#1816,#1817,#1818,
#1819));
#6313=EDGE_LOOP('',(#1820,#1821,#1822,#1823,#1824,#1825,#1826,#1827,#1828,
#1829));
#6314=EDGE_LOOP('',(#1830,#1831,#1832,#1833,#1834,#1835,#1836,#1837,#1838,
#1839));
#6315=EDGE_LOOP('',(#1840,#1841,#1842,#1843,#1844,#1845,#1846,#1847,#1848,
#1849));
#6316=EDGE_LOOP('',(#1850,#1851,#1852,#1853,#1854,#1855,#1856,#1857,#1858,
#1859));
#6317=EDGE_LOOP('',(#1860,#1861,#1862,#1863,#1864,#1865,#1866,#1867,#1868,
#1869));
#6318=EDGE_LOOP('',(#1870,#1871,#1872,#1873,#1874,#1875,#1876,#1877,#1878,
#1879));
#6319=EDGE_LOOP('',(#1880,#1881,#1882,#1883,#1884,#1885,#1886,#1887,#1888,
#1889));
#6320=EDGE_LOOP('',(#1890,#1891,#1892,#1893,#1894,#1895,#1896,#1897,#1898,
#1899));
#6321=EDGE_LOOP('',(#1900,#1901,#1902,#1903,#1904,#1905,#1906,#1907,#1908,
#1909));
#6322=EDGE_LOOP('',(#1910,#1911,#1912,#1913,#1914,#1915,#1916,#1917,#1918,
#1919));
#6323=EDGE_LOOP('',(#1920,#1921,#1922,#1923,#1924,#1925,#1926,#1927,#1928,
#1929));
#6324=EDGE_LOOP('',(#1930,#1931,#1932,#1933,#1934,#1935,#1936,#1937,#1938,
#1939));
#6325=EDGE_LOOP('',(#1940,#1941,#1942,#1943,#1944,#1945,#1946,#1947,#1948,
#1949));
#6326=EDGE_LOOP('',(#1950,#1951,#1952,#1953,#1954,#1955,#1956,#1957,#1958,
#1959));
#6327=EDGE_LOOP('',(#1960,#1961,#1962,#1963,#1964,#1965,#1966,#1967,#1968,
#1969));
#6328=EDGE_LOOP('',(#1970,#1971,#1972,#1973,#1974,#1975,#1976,#1977,#1978,
#1979));
#6329=EDGE_LOOP('',(#1980,#1981,#1982,#1983,#1984,#1985,#1986,#1987,#1988,
#1989));
#6330=EDGE_LOOP('',(#1990,#1991,#1992,#1993,#1994,#1995,#1996,#1997,#1998,
#1999));
#6331=EDGE_LOOP('',(#2000,#2001,#2002,#2003,#2004,#2005,#2006,#2007,#2008,
#2009));
#6332=EDGE_LOOP('',(#2010,#2011,#2012,#2013,#2014,#2015,#2016,#2017,#2018,
#2019));
#6333=EDGE_LOOP('',(#2020,#2021,#2022,#2023,#2024,#2025,#2026,#2027,#2028,
#2029));
#6334=EDGE_LOOP('',(#2030,#2031,#2032,#2033,#2034,#2035,#2036,#2037,#2038,
#2039));
#6335=EDGE_LOOP('',(#2040,#2041,#2042,#2043,#2044,#2045,#2046,#2047,#2048,
#2049));
#6336=EDGE_LOOP('',(#2050,#2051,#2052,#2053,#2054,#2055,#2056,#2057,#2058,
#2059));
#6337=EDGE_LOOP('',(#2060,#2061,#2062,#2063,#2064,#2065,#2066,#2067,#2068,
#2069));
#6338=EDGE_LOOP('',(#2070,#2071,#2072,#2073));
#6339=EDGE_LOOP('',(#2074,#2075,#2076,#2077));
#6340=EDGE_LOOP('',(#2078,#2079,#2080,#2081));
#6341=EDGE_LOOP('',(#2082,#2083,#2084,#2085));
#6342=EDGE_LOOP('',(#2086,#2087,#2088,#2089));
#6343=EDGE_LOOP('',(#2090,#2091,#2092,#2093));
#6344=EDGE_LOOP('',(#2094,#2095,#2096,#2097));
#6345=EDGE_LOOP('',(#2098,#2099,#2100,#2101));
#6346=EDGE_LOOP('',(#2102,#2103,#2104,#2105));
#6347=EDGE_LOOP('',(#2106,#2107,#2108,#2109));
#6348=EDGE_LOOP('',(#2110,#2111,#2112,#2113));
#6349=EDGE_LOOP('',(#2114,#2115,#2116,#2117));
#6350=EDGE_LOOP('',(#2118,#2119,#2120,#2121));
#6351=EDGE_LOOP('',(#2122,#2123,#2124,#2125));
#6352=EDGE_LOOP('',(#2126,#2127,#2128,#2129));
#6353=EDGE_LOOP('',(#2130,#2131,#2132,#2133));
#6354=EDGE_LOOP('',(#2134,#2135,#2136,#2137));
#6355=EDGE_LOOP('',(#2138,#2139,#2140,#2141));
#6356=EDGE_LOOP('',(#2142,#2143,#2144,#2145));
#6357=EDGE_LOOP('',(#2146,#2147,#2148,#2149));
#6358=EDGE_LOOP('',(#2150,#2151,#2152,#2153));
#6359=EDGE_LOOP('',(#2154,#2155,#2156,#2157));
#6360=EDGE_LOOP('',(#2158,#2159,#2160,#2161));
#6361=EDGE_LOOP('',(#2162,#2163,#2164,#2165));
#6362=EDGE_LOOP('',(#2166,#2167,#2168,#2169));
#6363=EDGE_LOOP('',(#2170,#2171,#2172,#2173));
#6364=EDGE_LOOP('',(#2174,#2175,#2176,#2177));
#6365=EDGE_LOOP('',(#2178,#2179,#2180,#2181));
#6366=EDGE_LOOP('',(#2182,#2183,#2184,#2185));
#6367=EDGE_LOOP('',(#2186,#2187,#2188,#2189));
#6368=EDGE_LOOP('',(#2190,#2191,#2192,#2193));
#6369=EDGE_LOOP('',(#2194,#2195,#2196,#2197));
#6370=EDGE_LOOP('',(#2198,#2199,#2200,#2201));
#6371=EDGE_LOOP('',(#2202,#2203,#2204,#2205));
#6372=EDGE_LOOP('',(#2206,#2207,#2208,#2209));
#6373=EDGE_LOOP('',(#2210,#2211,#2212,#2213));
#6374=EDGE_LOOP('',(#2214,#2215,#2216,#2217));
#6375=EDGE_LOOP('',(#2218,#2219,#2220,#2221));
#6376=EDGE_LOOP('',(#2222,#2223,#2224,#2225));
#6377=EDGE_LOOP('',(#2226,#2227,#2228,#2229));
#6378=EDGE_LOOP('',(#2230,#2231,#2232,#2233));
#6379=EDGE_LOOP('',(#2234,#2235,#2236,#2237));
#6380=EDGE_LOOP('',(#2238,#2239,#2240,#2241));
#6381=EDGE_LOOP('',(#2242,#2243,#2244,#2245));
#6382=EDGE_LOOP('',(#2246,#2247,#2248,#2249));
#6383=EDGE_LOOP('',(#2250,#2251,#2252,#2253));
#6384=EDGE_LOOP('',(#2254,#2255,#2256,#2257));
#6385=EDGE_LOOP('',(#2258,#2259,#2260,#2261));
#6386=EDGE_LOOP('',(#2262,#2263,#2264,#2265));
#6387=EDGE_LOOP('',(#2266,#2267,#2268,#2269));
#6388=EDGE_LOOP('',(#2270,#2271,#2272,#2273));
#6389=EDGE_LOOP('',(#2274,#2275,#2276,#2277));
#6390=EDGE_LOOP('',(#2278,#2279,#2280,#2281));
#6391=EDGE_LOOP('',(#2282,#2283,#2284,#2285));
#6392=EDGE_LOOP('',(#2286,#2287,#2288,#2289));
#6393=EDGE_LOOP('',(#2290,#2291,#2292,#2293));
#6394=EDGE_LOOP('',(#2294,#2295,#2296,#2297));
#6395=EDGE_LOOP('',(#2298,#2299,#2300,#2301));
#6396=EDGE_LOOP('',(#2302,#2303,#2304,#2305));
#6397=EDGE_LOOP('',(#2306,#2307,#2308,#2309));
#6398=EDGE_LOOP('',(#2310,#2311,#2312,#2313));
#6399=EDGE_LOOP('',(#2314,#2315,#2316,#2317));
#6400=EDGE_LOOP('',(#2318,#2319,#2320,#2321));
#6401=EDGE_LOOP('',(#2322,#2323,#2324,#2325));
#6402=EDGE_LOOP('',(#2326,#2327,#2328,#2329));
#6403=EDGE_LOOP('',(#2330,#2331,#2332,#2333));
#6404=EDGE_LOOP('',(#2334,#2335,#2336,#2337));
#6405=EDGE_LOOP('',(#2338,#2339,#2340,#2341));
#6406=EDGE_LOOP('',(#2342,#2343,#2344,#2345));
#6407=EDGE_LOOP('',(#2346,#2347,#2348,#2349));
#6408=EDGE_LOOP('',(#2350,#2351,#2352,#2353));
#6409=EDGE_LOOP('',(#2354,#2355,#2356,#2357));
#6410=EDGE_LOOP('',(#2358,#2359,#2360,#2361));
#6411=EDGE_LOOP('',(#2362,#2363,#2364,#2365));
#6412=EDGE_LOOP('',(#2366,#2367,#2368,#2369));
#6413=EDGE_LOOP('',(#2370,#2371,#2372,#2373));
#6414=EDGE_LOOP('',(#2374,#2375,#2376,#2377));
#6415=EDGE_LOOP('',(#2378,#2379,#2380,#2381));
#6416=EDGE_LOOP('',(#2382,#2383,#2384,#2385));
#6417=EDGE_LOOP('',(#2386,#2387,#2388,#2389));
#6418=EDGE_LOOP('',(#2390,#2391,#2392,#2393));
#6419=EDGE_LOOP('',(#2394,#2395,#2396,#2397));
#6420=EDGE_LOOP('',(#2398,#2399,#2400,#2401));
#6421=EDGE_LOOP('',(#2402,#2403,#2404,#2405));
#6422=EDGE_LOOP('',(#2406,#2407,#2408,#2409));
#6423=EDGE_LOOP('',(#2410,#2411,#2412,#2413));
#6424=EDGE_LOOP('',(#2414,#2415,#2416,#2417));
#6425=EDGE_LOOP('',(#2418,#2419,#2420,#2421));
#6426=EDGE_LOOP('',(#2422,#2423,#2424,#2425));
#6427=EDGE_LOOP('',(#2426,#2427,#2428,#2429));
#6428=EDGE_LOOP('',(#2430,#2431,#2432,#2433));
#6429=EDGE_LOOP('',(#2434,#2435,#2436,#2437));
#6430=EDGE_LOOP('',(#2438,#2439,#2440,#2441));
#6431=EDGE_LOOP('',(#2442,#2443,#2444,#2445));
#6432=EDGE_LOOP('',(#2446,#2447,#2448,#2449));
#6433=EDGE_LOOP('',(#2450,#2451,#2452,#2453));
#6434=EDGE_LOOP('',(#2454,#2455,#2456,#2457));
#6435=EDGE_LOOP('',(#2458,#2459,#2460,#2461));
#6436=EDGE_LOOP('',(#2462,#2463,#2464,#2465));
#6437=EDGE_LOOP('',(#2466,#2467,#2468,#2469));
#6438=EDGE_LOOP('',(#2470,#2471,#2472,#2473));
#6439=EDGE_LOOP('',(#2474,#2475,#2476,#2477));
#6440=EDGE_LOOP('',(#2478,#2479,#2480,#2481));
#6441=EDGE_LOOP('',(#2482,#2483,#2484,#2485));
#6442=EDGE_LOOP('',(#2486,#2487,#2488,#2489));
#6443=EDGE_LOOP('',(#2490,#2491,#2492,#2493));
#6444=EDGE_LOOP('',(#2494,#2495,#2496,#2497));
#6445=EDGE_LOOP('',(#2498,#2499,#2500,#2501));
#6446=EDGE_LOOP('',(#2502,#2503,#2504,#2505));
#6447=EDGE_LOOP('',(#2506,#2507,#2508,#2509));
#6448=EDGE_LOOP('',(#2510,#2511,#2512,#2513));
#6449=EDGE_LOOP('',(#2514,#2515,#2516,#2517));
#6450=EDGE_LOOP('',(#2518,#2519,#2520,#2521));
#6451=EDGE_LOOP('',(#2522,#2523,#2524,#2525));
#6452=EDGE_LOOP('',(#2526,#2527,#2528,#2529));
#6453=EDGE_LOOP('',(#2530,#2531,#2532,#2533));
#6454=EDGE_LOOP('',(#2534,#2535,#2536,#2537));
#6455=EDGE_LOOP('',(#2538,#2539,#2540,#2541));
#6456=EDGE_LOOP('',(#2542,#2543,#2544,#2545));
#6457=EDGE_LOOP('',(#2546,#2547,#2548,#2549));
#6458=EDGE_LOOP('',(#2550,#2551,#2552,#2553));
#6459=EDGE_LOOP('',(#2554,#2555,#2556,#2557));
#6460=EDGE_LOOP('',(#2558,#2559,#2560,#2561));
#6461=EDGE_LOOP('',(#2562,#2563,#2564,#2565));
#6462=EDGE_LOOP('',(#2566,#2567,#2568,#2569));
#6463=EDGE_LOOP('',(#2570,#2571,#2572,#2573));
#6464=EDGE_LOOP('',(#2574,#2575,#2576,#2577));
#6465=EDGE_LOOP('',(#2578,#2579,#2580,#2581));
#6466=EDGE_LOOP('',(#2582,#2583,#2584,#2585));
#6467=EDGE_LOOP('',(#2586,#2587,#2588,#2589));
#6468=EDGE_LOOP('',(#2590,#2591,#2592,#2593));
#6469=EDGE_LOOP('',(#2594,#2595,#2596,#2597));
#6470=EDGE_LOOP('',(#2598,#2599,#2600,#2601));
#6471=EDGE_LOOP('',(#2602,#2603,#2604,#2605));
#6472=EDGE_LOOP('',(#2606,#2607,#2608,#2609));
#6473=EDGE_LOOP('',(#2610,#2611,#2612,#2613));
#6474=EDGE_LOOP('',(#2614,#2615,#2616,#2617));
#6475=EDGE_LOOP('',(#2618,#2619,#2620,#2621));
#6476=EDGE_LOOP('',(#2622,#2623,#2624,#2625));
#6477=EDGE_LOOP('',(#2626,#2627,#2628,#2629));
#6478=EDGE_LOOP('',(#2630,#2631,#2632,#2633));
#6479=EDGE_LOOP('',(#2634,#2635,#2636,#2637));
#6480=EDGE_LOOP('',(#2638,#2639,#2640,#2641));
#6481=EDGE_LOOP('',(#2642,#2643,#2644,#2645));
#6482=EDGE_LOOP('',(#2646,#2647,#2648,#2649));
#6483=EDGE_LOOP('',(#2650,#2651,#2652,#2653));
#6484=EDGE_LOOP('',(#2654,#2655,#2656,#2657));
#6485=EDGE_LOOP('',(#2658,#2659,#2660,#2661));
#6486=EDGE_LOOP('',(#2662,#2663,#2664,#2665));
#6487=EDGE_LOOP('',(#2666,#2667,#2668,#2669));
#6488=EDGE_LOOP('',(#2670,#2671,#2672,#2673));
#6489=EDGE_LOOP('',(#2674,#2675,#2676,#2677));
#6490=EDGE_LOOP('',(#2678,#2679,#2680,#2681));
#6491=EDGE_LOOP('',(#2682,#2683,#2684,#2685));
#6492=EDGE_LOOP('',(#2686,#2687,#2688,#2689));
#6493=EDGE_LOOP('',(#2690,#2691,#2692,#2693));
#6494=EDGE_LOOP('',(#2694,#2695,#2696,#2697));
#6495=EDGE_LOOP('',(#2698,#2699,#2700,#2701));
#6496=EDGE_LOOP('',(#2702,#2703,#2704,#2705));
#6497=EDGE_LOOP('',(#2706,#2707,#2708,#2709));
#6498=EDGE_LOOP('',(#2710,#2711,#2712,#2713));
#6499=EDGE_LOOP('',(#2714,#2715,#2716,#2717));
#6500=EDGE_LOOP('',(#2718,#2719,#2720,#2721));
#6501=EDGE_LOOP('',(#2722,#2723,#2724,#2725));
#6502=EDGE_LOOP('',(#2726,#2727,#2728,#2729));
#6503=EDGE_LOOP('',(#2730,#2731,#2732,#2733));
#6504=EDGE_LOOP('',(#2734,#2735,#2736,#2737));
#6505=EDGE_LOOP('',(#2738,#2739,#2740,#2741));
#6506=EDGE_LOOP('',(#2742,#2743,#2744,#2745));
#6507=EDGE_LOOP('',(#2746,#2747,#2748,#2749));
#6508=EDGE_LOOP('',(#2750,#2751,#2752,#2753));
#6509=EDGE_LOOP('',(#2754,#2755,#2756,#2757));
#6510=EDGE_LOOP('',(#2758,#2759,#2760,#2761));
#6511=EDGE_LOOP('',(#2762,#2763,#2764,#2765));
#6512=EDGE_LOOP('',(#2766,#2767,#2768,#2769));
#6513=EDGE_LOOP('',(#2770,#2771,#2772,#2773));
#6514=EDGE_LOOP('',(#2774,#2775,#2776,#2777));
#6515=EDGE_LOOP('',(#2778,#2779,#2780,#2781));
#6516=EDGE_LOOP('',(#2782,#2783,#2784,#2785));
#6517=EDGE_LOOP('',(#2786,#2787,#2788,#2789));
#6518=EDGE_LOOP('',(#2790,#2791,#2792,#2793));
#6519=EDGE_LOOP('',(#2794,#2795,#2796,#2797));
#6520=EDGE_LOOP('',(#2798,#2799,#2800,#2801));
#6521=EDGE_LOOP('',(#2802,#2803,#2804,#2805));
#6522=EDGE_LOOP('',(#2806,#2807,#2808,#2809));
#6523=EDGE_LOOP('',(#2810,#2811,#2812,#2813));
#6524=EDGE_LOOP('',(#2814,#2815,#2816,#2817));
#6525=EDGE_LOOP('',(#2818,#2819,#2820,#2821));
#6526=EDGE_LOOP('',(#2822,#2823,#2824,#2825));
#6527=EDGE_LOOP('',(#2826,#2827,#2828,#2829));
#6528=EDGE_LOOP('',(#2830,#2831,#2832,#2833));
#6529=EDGE_LOOP('',(#2834,#2835,#2836,#2837));
#6530=EDGE_LOOP('',(#2838,#2839,#2840,#2841));
#6531=EDGE_LOOP('',(#2842,#2843,#2844,#2845));
#6532=EDGE_LOOP('',(#2846,#2847,#2848,#2849));
#6533=EDGE_LOOP('',(#2850,#2851,#2852,#2853));
#6534=EDGE_LOOP('',(#2854,#2855,#2856,#2857));
#6535=EDGE_LOOP('',(#2858,#2859,#2860,#2861));
#6536=EDGE_LOOP('',(#2862,#2863,#2864,#2865));
#6537=EDGE_LOOP('',(#2866,#2867,#2868,#2869));
#6538=EDGE_LOOP('',(#2870,#2871,#2872,#2873));
#6539=EDGE_LOOP('',(#2874,#2875,#2876,#2877));
#6540=EDGE_LOOP('',(#2878,#2879,#2880,#2881));
#6541=EDGE_LOOP('',(#2882,#2883,#2884,#2885));
#6542=EDGE_LOOP('',(#2886,#2887,#2888,#2889));
#6543=EDGE_LOOP('',(#2890,#2891,#2892,#2893));
#6544=EDGE_LOOP('',(#2894,#2895,#2896,#2897));
#6545=EDGE_LOOP('',(#2898,#2899,#2900,#2901));
#6546=EDGE_LOOP('',(#2902,#2903,#2904,#2905));
#6547=EDGE_LOOP('',(#2906,#2907,#2908,#2909));
#6548=EDGE_LOOP('',(#2910,#2911,#2912,#2913));
#6549=EDGE_LOOP('',(#2914,#2915,#2916,#2917));
#6550=EDGE_LOOP('',(#2918,#2919,#2920,#2921));
#6551=EDGE_LOOP('',(#2922,#2923,#2924,#2925));
#6552=EDGE_LOOP('',(#2926,#2927,#2928,#2929));
#6553=EDGE_LOOP('',(#2930,#2931,#2932,#2933));
#6554=EDGE_LOOP('',(#2934,#2935,#2936,#2937));
#6555=EDGE_LOOP('',(#2938,#2939,#2940,#2941));
#6556=EDGE_LOOP('',(#2942,#2943,#2944,#2945));
#6557=EDGE_LOOP('',(#2946,#2947,#2948,#2949));
#6558=EDGE_LOOP('',(#2950,#2951,#2952,#2953));
#6559=EDGE_LOOP('',(#2954,#2955,#2956,#2957));
#6560=EDGE_LOOP('',(#2958,#2959,#2960,#2961));
#6561=EDGE_LOOP('',(#2962,#2963,#2964,#2965));
#6562=EDGE_LOOP('',(#2966,#2967,#2968,#2969));
#6563=EDGE_LOOP('',(#2970,#2971,#2972,#2973));
#6564=EDGE_LOOP('',(#2974,#2975,#2976,#2977));
#6565=EDGE_LOOP('',(#2978,#2979,#2980,#2981));
#6566=EDGE_LOOP('',(#2982,#2983,#2984,#2985));
#6567=EDGE_LOOP('',(#2986,#2987,#2988,#2989));
#6568=EDGE_LOOP('',(#2990,#2991,#2992,#2993));
#6569=EDGE_LOOP('',(#2994,#2995,#2996,#2997));
#6570=EDGE_LOOP('',(#2998,#2999,#3000,#3001));
#6571=EDGE_LOOP('',(#3002,#3003,#3004,#3005));
#6572=EDGE_LOOP('',(#3006,#3007,#3008,#3009));
#6573=EDGE_LOOP('',(#3010,#3011,#3012,#3013));
#6574=EDGE_LOOP('',(#3014,#3015,#3016,#3017));
#6575=EDGE_LOOP('',(#3018,#3019,#3020,#3021));
#6576=EDGE_LOOP('',(#3022,#3023,#3024,#3025));
#6577=EDGE_LOOP('',(#3026,#3027,#3028,#3029));
#6578=EDGE_LOOP('',(#3030,#3031,#3032,#3033));
#6579=EDGE_LOOP('',(#3034,#3035,#3036,#3037));
#6580=EDGE_LOOP('',(#3038,#3039,#3040,#3041));
#6581=EDGE_LOOP('',(#3042,#3043,#3044,#3045));
#6582=EDGE_LOOP('',(#3046,#3047,#3048,#3049));
#6583=EDGE_LOOP('',(#3050,#3051,#3052,#3053));
#6584=EDGE_LOOP('',(#3054,#3055,#3056,#3057));
#6585=EDGE_LOOP('',(#3058,#3059,#3060,#3061));
#6586=EDGE_LOOP('',(#3062,#3063,#3064,#3065));
#6587=EDGE_LOOP('',(#3066,#3067,#3068,#3069));
#6588=EDGE_LOOP('',(#3070,#3071,#3072,#3073));
#6589=EDGE_LOOP('',(#3074,#3075,#3076,#3077));
#6590=EDGE_LOOP('',(#3078,#3079,#3080,#3081));
#6591=EDGE_LOOP('',(#3082,#3083,#3084,#3085));
#6592=EDGE_LOOP('',(#3086,#3087,#3088,#3089));
#6593=EDGE_LOOP('',(#3090,#3091,#3092,#3093));
#6594=EDGE_LOOP('',(#3094,#3095,#3096,#3097));
#6595=EDGE_LOOP('',(#3098,#3099,#3100,#3101));
#6596=EDGE_LOOP('',(#3102,#3103,#3104,#3105));
#6597=EDGE_LOOP('',(#3106,#3107,#3108,#3109));
#6598=EDGE_LOOP('',(#3110,#3111,#3112,#3113));
#6599=EDGE_LOOP('',(#3114,#3115,#3116,#3117));
#6600=EDGE_LOOP('',(#3118,#3119,#3120,#3121));
#6601=EDGE_LOOP('',(#3122,#3123,#3124,#3125));
#6602=EDGE_LOOP('',(#3126,#3127,#3128,#3129));
#6603=EDGE_LOOP('',(#3130,#3131,#3132,#3133));
#6604=EDGE_LOOP('',(#3134,#3135,#3136,#3137));
#6605=EDGE_LOOP('',(#3138,#3139,#3140,#3141));
#6606=EDGE_LOOP('',(#3142,#3143,#3144,#3145));
#6607=EDGE_LOOP('',(#3146,#3147,#3148,#3149));
#6608=EDGE_LOOP('',(#3150,#3151,#3152,#3153));
#6609=EDGE_LOOP('',(#3154,#3155,#3156,#3157));
#6610=EDGE_LOOP('',(#3158,#3159,#3160,#3161));
#6611=EDGE_LOOP('',(#3162,#3163,#3164,#3165));
#6612=EDGE_LOOP('',(#3166,#3167,#3168,#3169));
#6613=EDGE_LOOP('',(#3170,#3171,#3172,#3173));
#6614=EDGE_LOOP('',(#3174,#3175,#3176,#3177));
#6615=EDGE_LOOP('',(#3178,#3179,#3180,#3181));
#6616=EDGE_LOOP('',(#3182,#3183,#3184,#3185));
#6617=EDGE_LOOP('',(#3186,#3187,#3188,#3189));
#6618=EDGE_LOOP('',(#3190,#3191,#3192,#3193));
#6619=EDGE_LOOP('',(#3194,#3195,#3196,#3197));
#6620=EDGE_LOOP('',(#3198,#3199,#3200,#3201));
#6621=EDGE_LOOP('',(#3202,#3203,#3204,#3205));
#6622=EDGE_LOOP('',(#3206,#3207,#3208,#3209));
#6623=EDGE_LOOP('',(#3210,#3211,#3212,#3213));
#6624=EDGE_LOOP('',(#3214,#3215,#3216,#3217));
#6625=EDGE_LOOP('',(#3218,#3219,#3220,#3221));
#6626=EDGE_LOOP('',(#3222,#3223,#3224,#3225));
#6627=EDGE_LOOP('',(#3226,#3227,#3228,#3229));
#6628=EDGE_LOOP('',(#3230,#3231,#3232,#3233));
#6629=EDGE_LOOP('',(#3234,#3235,#3236,#3237));
#6630=EDGE_LOOP('',(#3238,#3239,#3240,#3241));
#6631=EDGE_LOOP('',(#3242,#3243,#3244,#3245));
#6632=EDGE_LOOP('',(#3246,#3247,#3248,#3249));
#6633=EDGE_LOOP('',(#3250,#3251,#3252,#3253));
#6634=EDGE_LOOP('',(#3254,#3255,#3256,#3257));
#6635=EDGE_LOOP('',(#3258,#3259,#3260,#3261));
#6636=EDGE_LOOP('',(#3262,#3263,#3264,#3265));
#6637=EDGE_LOOP('',(#3266,#3267,#3268,#3269));
#6638=EDGE_LOOP('',(#3270,#3271,#3272,#3273));
#6639=EDGE_LOOP('',(#3274,#3275,#3276,#3277));
#6640=EDGE_LOOP('',(#3278,#3279,#3280,#3281));
#6641=EDGE_LOOP('',(#3282,#3283,#3284,#3285));
#6642=EDGE_LOOP('',(#3286,#3287,#3288,#3289));
#6643=EDGE_LOOP('',(#3290,#3291,#3292,#3293));
#6644=EDGE_LOOP('',(#3294,#3295,#3296,#3297));
#6645=EDGE_LOOP('',(#3298,#3299,#3300,#3301));
#6646=EDGE_LOOP('',(#3302,#3303,#3304,#3305));
#6647=EDGE_LOOP('',(#3306,#3307,#3308,#3309));
#6648=EDGE_LOOP('',(#3310,#3311,#3312,#3313));
#6649=EDGE_LOOP('',(#3314,#3315,#3316,#3317));
#6650=EDGE_LOOP('',(#3318,#3319,#3320,#3321));
#6651=EDGE_LOOP('',(#3322,#3323,#3324,#3325));
#6652=EDGE_LOOP('',(#3326,#3327,#3328,#3329));
#6653=EDGE_LOOP('',(#3330,#3331,#3332,#3333));
#6654=EDGE_LOOP('',(#3334,#3335,#3336,#3337));
#6655=EDGE_LOOP('',(#3338,#3339,#3340,#3341));
#6656=EDGE_LOOP('',(#3342,#3343,#3344,#3345));
#6657=EDGE_LOOP('',(#3346,#3347,#3348,#3349));
#6658=EDGE_LOOP('',(#3350,#3351,#3352,#3353));
#6659=EDGE_LOOP('',(#3354,#3355,#3356,#3357));
#6660=EDGE_LOOP('',(#3358,#3359,#3360,#3361));
#6661=EDGE_LOOP('',(#3362,#3363,#3364,#3365));
#6662=EDGE_LOOP('',(#3366,#3367,#3368,#3369));
#6663=EDGE_LOOP('',(#3370,#3371,#3372,#3373));
#6664=EDGE_LOOP('',(#3374,#3375,#3376,#3377));
#6665=EDGE_LOOP('',(#3378,#3379,#3380,#3381));
#6666=EDGE_LOOP('',(#3382,#3383,#3384,#3385));
#6667=EDGE_LOOP('',(#3386,#3387,#3388,#3389));
#6668=EDGE_LOOP('',(#3390,#3391,#3392,#3393));
#6669=EDGE_LOOP('',(#3394,#3395,#3396,#3397));
#6670=EDGE_LOOP('',(#3398,#3399,#3400,#3401));
#6671=EDGE_LOOP('',(#3402,#3403,#3404,#3405));
#6672=EDGE_LOOP('',(#3406,#3407,#3408,#3409));
#6673=EDGE_LOOP('',(#3410,#3411,#3412,#3413));
#6674=EDGE_LOOP('',(#3414,#3415,#3416,#3417));
#6675=EDGE_LOOP('',(#3418,#3419,#3420,#3421));
#6676=EDGE_LOOP('',(#3422,#3423,#3424,#3425));
#6677=EDGE_LOOP('',(#3426,#3427,#3428,#3429));
#6678=EDGE_LOOP('',(#3430,#3431,#3432,#3433));
#6679=EDGE_LOOP('',(#3434,#3435,#3436,#3437));
#6680=EDGE_LOOP('',(#3438,#3439,#3440,#3441));
#6681=EDGE_LOOP('',(#3442,#3443,#3444,#3445));
#6682=EDGE_LOOP('',(#3446,#3447,#3448,#3449));
#6683=EDGE_LOOP('',(#3450,#3451,#3452,#3453));
#6684=EDGE_LOOP('',(#3454,#3455,#3456,#3457));
#6685=EDGE_LOOP('',(#3458,#3459,#3460,#3461));
#6686=EDGE_LOOP('',(#3462,#3463,#3464,#3465));
#6687=EDGE_LOOP('',(#3466,#3467,#3468,#3469));
#6688=EDGE_LOOP('',(#3470,#3471,#3472,#3473));
#6689=EDGE_LOOP('',(#3474,#3475,#3476,#3477));
#6690=EDGE_LOOP('',(#3478,#3479,#3480,#3481));
#6691=EDGE_LOOP('',(#3482,#3483,#3484,#3485));
#6692=EDGE_LOOP('',(#3486,#3487,#3488,#3489));
#6693=EDGE_LOOP('',(#3490,#3491,#3492,#3493));
#6694=EDGE_LOOP('',(#3494,#3495,#3496,#3497));
#6695=EDGE_LOOP('',(#3498,#3499,#3500,#3501));
#6696=EDGE_LOOP('',(#3502,#3503,#3504,#3505));
#6697=EDGE_LOOP('',(#3506,#3507,#3508,#3509));
#6698=EDGE_LOOP('',(#3510));
#6699=EDGE_LOOP('',(#3511,#3512,#3513,#3514,#3515,#3516,#3517,#3518,#3519,
#3520,#3521,#3522,#3523,#3524,#3525,#3526,#3527,#3528,#3529,#3530,#3531,
#3532,#3533,#3534,#3535,#3536,#3537,#3538,#3539,#3540,#3541,#3542,#3543,
#3544,#3545,#3546,#3547,#3548,#3549,#3550,#3551,#3552,#3553,#3554,#3555,
#3556,#3557,#3558,#3559,#3560,#3561,#3562,#3563,#3564,#3565,#3566,#3567,
#3568,#3569,#3570,#3571,#3572,#3573,#3574,#3575,#3576,#3577,#3578,#3579,
#3580,#3581,#3582));
#6700=EDGE_LOOP('',(#3583));
#6701=EDGE_LOOP('',(#3584,#3585,#3586,#3587,#3588,#3589,#3590,#3591,#3592,
#3593,#3594,#3595,#3596,#3597,#3598,#3599,#3600,#3601,#3602,#3603,#3604,
#3605,#3606,#3607,#3608,#3609,#3610,#3611,#3612,#3613,#3614,#3615,#3616,
#3617,#3618,#3619,#3620,#3621,#3622,#3623,#3624,#3625,#3626,#3627,#3628,
#3629,#3630,#3631,#3632,#3633,#3634,#3635,#3636,#3637,#3638,#3639,#3640,
#3641,#3642,#3643,#3644,#3645,#3646,#3647,#3648,#3649,#3650,#3651,#3652,
#3653,#3654,#3655));
#6702=EDGE_LOOP('',(#3656,#3657,#3658,#3659));
#6703=EDGE_LOOP('',(#3660,#3661,#3662,#3663));
#6704=EDGE_LOOP('',(#3664,#3665,#3666,#3667));
#6705=EDGE_LOOP('',(#3668,#3669,#3670,#3671));
#6706=EDGE_LOOP('',(#3672));
#6707=EDGE_LOOP('',(#3673));
#6708=EDGE_LOOP('',(#3674));
#6709=EDGE_LOOP('',(#3675));
#6710=EDGE_LOOP('',(#3676));
#6711=EDGE_LOOP('',(#3677));
#6712=EDGE_LOOP('',(#3678));
#6713=EDGE_LOOP('',(#3679));
#6714=FACE_BOUND('',#6254,.T.);
#6715=FACE_BOUND('',#6255,.T.);
#6716=FACE_BOUND('',#6256,.T.);
#6717=FACE_BOUND('',#6257,.T.);
#6718=FACE_BOUND('',#6258,.T.);
#6719=FACE_BOUND('',#6259,.T.);
#6720=FACE_BOUND('',#6260,.T.);
#6721=FACE_BOUND('',#6261,.T.);
#6722=FACE_BOUND('',#6262,.T.);
#6723=FACE_BOUND('',#6263,.T.);
#6724=FACE_BOUND('',#6264,.T.);
#6725=FACE_BOUND('',#6265,.T.);
#6726=FACE_BOUND('',#6266,.T.);
#6727=FACE_BOUND('',#6267,.T.);
#6728=FACE_BOUND('',#6268,.T.);
#6729=FACE_BOUND('',#6269,.T.);
#6730=FACE_BOUND('',#6270,.T.);
#6731=FACE_BOUND('',#6271,.T.);
#6732=FACE_BOUND('',#6272,.T.);
#6733=FACE_BOUND('',#6273,.T.);
#6734=FACE_BOUND('',#6274,.T.);
#6735=FACE_BOUND('',#6275,.T.);
#6736=FACE_BOUND('',#6276,.T.);
#6737=FACE_BOUND('',#6277,.T.);
#6738=FACE_BOUND('',#6278,.T.);
#6739=FACE_BOUND('',#6279,.T.);
#6740=FACE_BOUND('',#6280,.T.);
#6741=FACE_BOUND('',#6281,.T.);
#6742=FACE_BOUND('',#6282,.T.);
#6743=FACE_BOUND('',#6283,.T.);
#6744=FACE_BOUND('',#6284,.T.);
#6745=FACE_BOUND('',#6285,.T.);
#6746=FACE_BOUND('',#6286,.T.);
#6747=FACE_BOUND('',#6287,.T.);
#6748=FACE_BOUND('',#6288,.T.);
#6749=FACE_BOUND('',#6289,.T.);
#6750=FACE_BOUND('',#6290,.T.);
#6751=FACE_BOUND('',#6291,.T.);
#6752=FACE_BOUND('',#6292,.T.);
#6753=FACE_BOUND('',#6293,.T.);
#6754=FACE_BOUND('',#6294,.T.);
#6755=FACE_BOUND('',#6295,.T.);
#6756=FACE_BOUND('',#6296,.T.);
#6757=FACE_BOUND('',#6297,.T.);
#6758=FACE_BOUND('',#6298,.T.);
#6759=FACE_BOUND('',#6299,.T.);
#6760=FACE_BOUND('',#6300,.T.);
#6761=FACE_BOUND('',#6301,.T.);
#6762=FACE_BOUND('',#6302,.T.);
#6763=FACE_BOUND('',#6303,.T.);
#6764=FACE_BOUND('',#6304,.T.);
#6765=FACE_BOUND('',#6305,.T.);
#6766=FACE_BOUND('',#6306,.T.);
#6767=FACE_BOUND('',#6307,.T.);
#6768=FACE_BOUND('',#6308,.T.);
#6769=FACE_BOUND('',#6309,.T.);
#6770=FACE_BOUND('',#6310,.T.);
#6771=FACE_BOUND('',#6311,.T.);
#6772=FACE_BOUND('',#6312,.T.);
#6773=FACE_BOUND('',#6313,.T.);
#6774=FACE_BOUND('',#6314,.T.);
#6775=FACE_BOUND('',#6315,.T.);
#6776=FACE_BOUND('',#6316,.T.);
#6777=FACE_BOUND('',#6317,.T.);
#6778=FACE_BOUND('',#6318,.T.);
#6779=FACE_BOUND('',#6319,.T.);
#6780=FACE_BOUND('',#6320,.T.);
#6781=FACE_BOUND('',#6321,.T.);
#6782=FACE_BOUND('',#6322,.T.);
#6783=FACE_BOUND('',#6323,.T.);
#6784=FACE_BOUND('',#6324,.T.);
#6785=FACE_BOUND('',#6325,.T.);
#6786=FACE_BOUND('',#6326,.T.);
#6787=FACE_BOUND('',#6327,.T.);
#6788=FACE_BOUND('',#6328,.T.);
#6789=FACE_BOUND('',#6329,.T.);
#6790=FACE_BOUND('',#6330,.T.);
#6791=FACE_BOUND('',#6331,.T.);
#6792=FACE_BOUND('',#6332,.T.);
#6793=FACE_BOUND('',#6333,.T.);
#6794=FACE_BOUND('',#6334,.T.);
#6795=FACE_BOUND('',#6335,.T.);
#6796=FACE_BOUND('',#6336,.T.);
#6797=FACE_BOUND('',#6337,.T.);
#6798=FACE_BOUND('',#6338,.T.);
#6799=FACE_BOUND('',#6339,.T.);
#6800=FACE_BOUND('',#6340,.T.);
#6801=FACE_BOUND('',#6341,.T.);
#6802=FACE_BOUND('',#6342,.T.);
#6803=FACE_BOUND('',#6343,.T.);
#6804=FACE_BOUND('',#6344,.T.);
#6805=FACE_BOUND('',#6345,.T.);
#6806=FACE_BOUND('',#6346,.T.);
#6807=FACE_BOUND('',#6347,.T.);
#6808=FACE_BOUND('',#6348,.T.);
#6809=FACE_BOUND('',#6349,.T.);
#6810=FACE_BOUND('',#6350,.T.);
#6811=FACE_BOUND('',#6351,.T.);
#6812=FACE_BOUND('',#6352,.T.);
#6813=FACE_BOUND('',#6353,.T.);
#6814=FACE_BOUND('',#6354,.T.);
#6815=FACE_BOUND('',#6355,.T.);
#6816=FACE_BOUND('',#6356,.T.);
#6817=FACE_BOUND('',#6357,.T.);
#6818=FACE_BOUND('',#6358,.T.);
#6819=FACE_BOUND('',#6359,.T.);
#6820=FACE_BOUND('',#6360,.T.);
#6821=FACE_BOUND('',#6361,.T.);
#6822=FACE_BOUND('',#6362,.T.);
#6823=FACE_BOUND('',#6363,.T.);
#6824=FACE_BOUND('',#6364,.T.);
#6825=FACE_BOUND('',#6365,.T.);
#6826=FACE_BOUND('',#6366,.T.);
#6827=FACE_BOUND('',#6367,.T.);
#6828=FACE_BOUND('',#6368,.T.);
#6829=FACE_BOUND('',#6369,.T.);
#6830=FACE_BOUND('',#6370,.T.);
#6831=FACE_BOUND('',#6371,.T.);
#6832=FACE_BOUND('',#6372,.T.);
#6833=FACE_BOUND('',#6373,.T.);
#6834=FACE_BOUND('',#6374,.T.);
#6835=FACE_BOUND('',#6375,.T.);
#6836=FACE_BOUND('',#6376,.T.);
#6837=FACE_BOUND('',#6377,.T.);
#6838=FACE_BOUND('',#6378,.T.);
#6839=FACE_BOUND('',#6379,.T.);
#6840=FACE_BOUND('',#6380,.T.);
#6841=FACE_BOUND('',#6381,.T.);
#6842=FACE_BOUND('',#6382,.T.);
#6843=FACE_BOUND('',#6383,.T.);
#6844=FACE_BOUND('',#6384,.T.);
#6845=FACE_BOUND('',#6385,.T.);
#6846=FACE_BOUND('',#6386,.T.);
#6847=FACE_BOUND('',#6387,.T.);
#6848=FACE_BOUND('',#6388,.T.);
#6849=FACE_BOUND('',#6389,.T.);
#6850=FACE_BOUND('',#6390,.T.);
#6851=FACE_BOUND('',#6391,.T.);
#6852=FACE_BOUND('',#6392,.T.);
#6853=FACE_BOUND('',#6393,.T.);
#6854=FACE_BOUND('',#6394,.T.);
#6855=FACE_BOUND('',#6395,.T.);
#6856=FACE_BOUND('',#6396,.T.);
#6857=FACE_BOUND('',#6397,.T.);
#6858=FACE_BOUND('',#6398,.T.);
#6859=FACE_BOUND('',#6399,.T.);
#6860=FACE_BOUND('',#6400,.T.);
#6861=FACE_BOUND('',#6401,.T.);
#6862=FACE_BOUND('',#6402,.T.);
#6863=FACE_BOUND('',#6403,.T.);
#6864=FACE_BOUND('',#6404,.T.);
#6865=FACE_BOUND('',#6405,.T.);
#6866=FACE_BOUND('',#6406,.T.);
#6867=FACE_BOUND('',#6407,.T.);
#6868=FACE_BOUND('',#6408,.T.);
#6869=FACE_BOUND('',#6409,.T.);
#6870=FACE_BOUND('',#6410,.T.);
#6871=FACE_BOUND('',#6411,.T.);
#6872=FACE_BOUND('',#6412,.T.);
#6873=FACE_BOUND('',#6413,.T.);
#6874=FACE_BOUND('',#6414,.T.);
#6875=FACE_BOUND('',#6415,.T.);
#6876=FACE_BOUND('',#6416,.T.);
#6877=FACE_BOUND('',#6417,.T.);
#6878=FACE_BOUND('',#6418,.T.);
#6879=FACE_BOUND('',#6419,.T.);
#6880=FACE_BOUND('',#6420,.T.);
#6881=FACE_BOUND('',#6421,.T.);
#6882=FACE_BOUND('',#6422,.T.);
#6883=FACE_BOUND('',#6423,.T.);
#6884=FACE_BOUND('',#6424,.T.);
#6885=FACE_BOUND('',#6425,.T.);
#6886=FACE_BOUND('',#6426,.T.);
#6887=FACE_BOUND('',#6427,.T.);
#6888=FACE_BOUND('',#6428,.T.);
#6889=FACE_BOUND('',#6429,.T.);
#6890=FACE_BOUND('',#6430,.T.);
#6891=FACE_BOUND('',#6431,.T.);
#6892=FACE_BOUND('',#6432,.T.);
#6893=FACE_BOUND('',#6433,.T.);
#6894=FACE_BOUND('',#6434,.T.);
#6895=FACE_BOUND('',#6435,.T.);
#6896=FACE_BOUND('',#6436,.T.);
#6897=FACE_BOUND('',#6437,.T.);
#6898=FACE_BOUND('',#6438,.T.);
#6899=FACE_BOUND('',#6439,.T.);
#6900=FACE_BOUND('',#6440,.T.);
#6901=FACE_BOUND('',#6441,.T.);
#6902=FACE_BOUND('',#6442,.T.);
#6903=FACE_BOUND('',#6443,.T.);
#6904=FACE_BOUND('',#6444,.T.);
#6905=FACE_BOUND('',#6445,.T.);
#6906=FACE_BOUND('',#6446,.T.);
#6907=FACE_BOUND('',#6447,.T.);
#6908=FACE_BOUND('',#6448,.T.);
#6909=FACE_BOUND('',#6449,.T.);
#6910=FACE_BOUND('',#6450,.T.);
#6911=FACE_BOUND('',#6451,.T.);
#6912=FACE_BOUND('',#6452,.T.);
#6913=FACE_BOUND('',#6453,.T.);
#6914=FACE_BOUND('',#6454,.T.);
#6915=FACE_BOUND('',#6455,.T.);
#6916=FACE_BOUND('',#6456,.T.);
#6917=FACE_BOUND('',#6457,.T.);
#6918=FACE_BOUND('',#6458,.T.);
#6919=FACE_BOUND('',#6459,.T.);
#6920=FACE_BOUND('',#6460,.T.);
#6921=FACE_BOUND('',#6461,.T.);
#6922=FACE_BOUND('',#6462,.T.);
#6923=FACE_BOUND('',#6463,.T.);
#6924=FACE_BOUND('',#6464,.T.);
#6925=FACE_BOUND('',#6465,.T.);
#6926=FACE_BOUND('',#6466,.T.);
#6927=FACE_BOUND('',#6467,.T.);
#6928=FACE_BOUND('',#6468,.T.);
#6929=FACE_BOUND('',#6469,.T.);
#6930=FACE_BOUND('',#6470,.T.);
#6931=FACE_BOUND('',#6471,.T.);
#6932=FACE_BOUND('',#6472,.T.);
#6933=FACE_BOUND('',#6473,.T.);
#6934=FACE_BOUND('',#6474,.T.);
#6935=FACE_BOUND('',#6475,.T.);
#6936=FACE_BOUND('',#6476,.T.);
#6937=FACE_BOUND('',#6477,.T.);
#6938=FACE_BOUND('',#6478,.T.);
#6939=FACE_BOUND('',#6479,.T.);
#6940=FACE_BOUND('',#6480,.T.);
#6941=FACE_BOUND('',#6481,.T.);
#6942=FACE_BOUND('',#6482,.T.);
#6943=FACE_BOUND('',#6483,.T.);
#6944=FACE_BOUND('',#6484,.T.);
#6945=FACE_BOUND('',#6485,.T.);
#6946=FACE_BOUND('',#6486,.T.);
#6947=FACE_BOUND('',#6487,.T.);
#6948=FACE_BOUND('',#6488,.T.);
#6949=FACE_BOUND('',#6489,.T.);
#6950=FACE_BOUND('',#6490,.T.);
#6951=FACE_BOUND('',#6491,.T.);
#6952=FACE_BOUND('',#6492,.T.);
#6953=FACE_BOUND('',#6493,.T.);
#6954=FACE_BOUND('',#6494,.T.);
#6955=FACE_BOUND('',#6495,.T.);
#6956=FACE_BOUND('',#6496,.T.);
#6957=FACE_BOUND('',#6497,.T.);
#6958=FACE_BOUND('',#6498,.T.);
#6959=FACE_BOUND('',#6499,.T.);
#6960=FACE_BOUND('',#6500,.T.);
#6961=FACE_BOUND('',#6501,.T.);
#6962=FACE_BOUND('',#6502,.T.);
#6963=FACE_BOUND('',#6503,.T.);
#6964=FACE_BOUND('',#6504,.T.);
#6965=FACE_BOUND('',#6505,.T.);
#6966=FACE_BOUND('',#6506,.T.);
#6967=FACE_BOUND('',#6507,.T.);
#6968=FACE_BOUND('',#6508,.T.);
#6969=FACE_BOUND('',#6509,.T.);
#6970=FACE_BOUND('',#6510,.T.);
#6971=FACE_BOUND('',#6511,.T.);
#6972=FACE_BOUND('',#6512,.T.);
#6973=FACE_BOUND('',#6513,.T.);
#6974=FACE_BOUND('',#6514,.T.);
#6975=FACE_BOUND('',#6515,.T.);
#6976=FACE_BOUND('',#6516,.T.);
#6977=FACE_BOUND('',#6517,.T.);
#6978=FACE_BOUND('',#6518,.T.);
#6979=FACE_BOUND('',#6519,.T.);
#6980=FACE_BOUND('',#6520,.T.);
#6981=FACE_BOUND('',#6521,.T.);
#6982=FACE_BOUND('',#6522,.T.);
#6983=FACE_BOUND('',#6523,.T.);
#6984=FACE_BOUND('',#6524,.T.);
#6985=FACE_BOUND('',#6525,.T.);
#6986=FACE_BOUND('',#6526,.T.);
#6987=FACE_BOUND('',#6527,.T.);
#6988=FACE_BOUND('',#6528,.T.);
#6989=FACE_BOUND('',#6529,.T.);
#6990=FACE_BOUND('',#6530,.T.);
#6991=FACE_BOUND('',#6531,.T.);
#6992=FACE_BOUND('',#6532,.T.);
#6993=FACE_BOUND('',#6533,.T.);
#6994=FACE_BOUND('',#6534,.T.);
#6995=FACE_BOUND('',#6535,.T.);
#6996=FACE_BOUND('',#6536,.T.);
#6997=FACE_BOUND('',#6537,.T.);
#6998=FACE_BOUND('',#6538,.T.);
#6999=FACE_BOUND('',#6539,.T.);
#7000=FACE_BOUND('',#6540,.T.);
#7001=FACE_BOUND('',#6541,.T.);
#7002=FACE_BOUND('',#6542,.T.);
#7003=FACE_BOUND('',#6543,.T.);
#7004=FACE_BOUND('',#6544,.T.);
#7005=FACE_BOUND('',#6545,.T.);
#7006=FACE_BOUND('',#6546,.T.);
#7007=FACE_BOUND('',#6547,.T.);
#7008=FACE_BOUND('',#6548,.T.);
#7009=FACE_BOUND('',#6549,.T.);
#7010=FACE_BOUND('',#6550,.T.);
#7011=FACE_BOUND('',#6551,.T.);
#7012=FACE_BOUND('',#6552,.T.);
#7013=FACE_BOUND('',#6553,.T.);
#7014=FACE_BOUND('',#6554,.T.);
#7015=FACE_BOUND('',#6555,.T.);
#7016=FACE_BOUND('',#6556,.T.);
#7017=FACE_BOUND('',#6557,.T.);
#7018=FACE_BOUND('',#6558,.T.);
#7019=FACE_BOUND('',#6559,.T.);
#7020=FACE_BOUND('',#6560,.T.);
#7021=FACE_BOUND('',#6561,.T.);
#7022=FACE_BOUND('',#6562,.T.);
#7023=FACE_BOUND('',#6563,.T.);
#7024=FACE_BOUND('',#6564,.T.);
#7025=FACE_BOUND('',#6565,.T.);
#7026=FACE_BOUND('',#6566,.T.);
#7027=FACE_BOUND('',#6567,.T.);
#7028=FACE_BOUND('',#6568,.T.);
#7029=FACE_BOUND('',#6569,.T.);
#7030=FACE_BOUND('',#6570,.T.);
#7031=FACE_BOUND('',#6571,.T.);
#7032=FACE_BOUND('',#6572,.T.);
#7033=FACE_BOUND('',#6573,.T.);
#7034=FACE_BOUND('',#6574,.T.);
#7035=FACE_BOUND('',#6575,.T.);
#7036=FACE_BOUND('',#6576,.T.);
#7037=FACE_BOUND('',#6577,.T.);
#7038=FACE_BOUND('',#6578,.T.);
#7039=FACE_BOUND('',#6579,.T.);
#7040=FACE_BOUND('',#6580,.T.);
#7041=FACE_BOUND('',#6581,.T.);
#7042=FACE_BOUND('',#6582,.T.);
#7043=FACE_BOUND('',#6583,.T.);
#7044=FACE_BOUND('',#6584,.T.);
#7045=FACE_BOUND('',#6585,.T.);
#7046=FACE_BOUND('',#6586,.T.);
#7047=FACE_BOUND('',#6587,.T.);
#7048=FACE_BOUND('',#6588,.T.);
#7049=FACE_BOUND('',#6589,.T.);
#7050=FACE_BOUND('',#6590,.T.);
#7051=FACE_BOUND('',#6591,.T.);
#7052=FACE_BOUND('',#6592,.T.);
#7053=FACE_BOUND('',#6593,.T.);
#7054=FACE_BOUND('',#6594,.T.);
#7055=FACE_BOUND('',#6595,.T.);
#7056=FACE_BOUND('',#6596,.T.);
#7057=FACE_BOUND('',#6597,.T.);
#7058=FACE_BOUND('',#6598,.T.);
#7059=FACE_BOUND('',#6599,.T.);
#7060=FACE_BOUND('',#6600,.T.);
#7061=FACE_BOUND('',#6601,.T.);
#7062=FACE_BOUND('',#6602,.T.);
#7063=FACE_BOUND('',#6603,.T.);
#7064=FACE_BOUND('',#6604,.T.);
#7065=FACE_BOUND('',#6605,.T.);
#7066=FACE_BOUND('',#6606,.T.);
#7067=FACE_BOUND('',#6607,.T.);
#7068=FACE_BOUND('',#6608,.T.);
#7069=FACE_BOUND('',#6609,.T.);
#7070=FACE_BOUND('',#6610,.T.);
#7071=FACE_BOUND('',#6611,.T.);
#7072=FACE_BOUND('',#6612,.T.);
#7073=FACE_BOUND('',#6613,.T.);
#7074=FACE_BOUND('',#6614,.T.);
#7075=FACE_BOUND('',#6615,.T.);
#7076=FACE_BOUND('',#6616,.T.);
#7077=FACE_BOUND('',#6617,.T.);
#7078=FACE_BOUND('',#6618,.T.);
#7079=FACE_BOUND('',#6619,.T.);
#7080=FACE_BOUND('',#6620,.T.);
#7081=FACE_BOUND('',#6621,.T.);
#7082=FACE_BOUND('',#6622,.T.);
#7083=FACE_BOUND('',#6623,.T.);
#7084=FACE_BOUND('',#6624,.T.);
#7085=FACE_BOUND('',#6625,.T.);
#7086=FACE_BOUND('',#6626,.T.);
#7087=FACE_BOUND('',#6627,.T.);
#7088=FACE_BOUND('',#6628,.T.);
#7089=FACE_BOUND('',#6629,.T.);
#7090=FACE_BOUND('',#6630,.T.);
#7091=FACE_BOUND('',#6631,.T.);
#7092=FACE_BOUND('',#6632,.T.);
#7093=FACE_BOUND('',#6633,.T.);
#7094=FACE_BOUND('',#6634,.T.);
#7095=FACE_BOUND('',#6635,.T.);
#7096=FACE_BOUND('',#6636,.T.);
#7097=FACE_BOUND('',#6637,.T.);
#7098=FACE_BOUND('',#6638,.T.);
#7099=FACE_BOUND('',#6639,.T.);
#7100=FACE_BOUND('',#6640,.T.);
#7101=FACE_BOUND('',#6641,.T.);
#7102=FACE_BOUND('',#6642,.T.);
#7103=FACE_BOUND('',#6643,.T.);
#7104=FACE_BOUND('',#6644,.T.);
#7105=FACE_BOUND('',#6645,.T.);
#7106=FACE_BOUND('',#6646,.T.);
#7107=FACE_BOUND('',#6647,.T.);
#7108=FACE_BOUND('',#6648,.T.);
#7109=FACE_BOUND('',#6649,.T.);
#7110=FACE_BOUND('',#6650,.T.);
#7111=FACE_BOUND('',#6651,.T.);
#7112=FACE_BOUND('',#6652,.T.);
#7113=FACE_BOUND('',#6653,.T.);
#7114=FACE_BOUND('',#6654,.T.);
#7115=FACE_BOUND('',#6655,.T.);
#7116=FACE_BOUND('',#6656,.T.);
#7117=FACE_BOUND('',#6657,.T.);
#7118=FACE_BOUND('',#6658,.T.);
#7119=FACE_BOUND('',#6659,.T.);
#7120=FACE_BOUND('',#6660,.T.);
#7121=FACE_BOUND('',#6661,.T.);
#7122=FACE_BOUND('',#6662,.T.);
#7123=FACE_BOUND('',#6663,.T.);
#7124=FACE_BOUND('',#6664,.T.);
#7125=FACE_BOUND('',#6665,.T.);
#7126=FACE_BOUND('',#6666,.T.);
#7127=FACE_BOUND('',#6667,.T.);
#7128=FACE_BOUND('',#6668,.T.);
#7129=FACE_BOUND('',#6669,.T.);
#7130=FACE_BOUND('',#6670,.T.);
#7131=FACE_BOUND('',#6671,.T.);
#7132=FACE_BOUND('',#6672,.T.);
#7133=FACE_BOUND('',#6673,.T.);
#7134=FACE_BOUND('',#6674,.T.);
#7135=FACE_BOUND('',#6675,.T.);
#7136=FACE_BOUND('',#6676,.T.);
#7137=FACE_BOUND('',#6677,.T.);
#7138=FACE_BOUND('',#6678,.T.);
#7139=FACE_BOUND('',#6679,.T.);
#7140=FACE_BOUND('',#6680,.T.);
#7141=FACE_BOUND('',#6681,.T.);
#7142=FACE_BOUND('',#6682,.T.);
#7143=FACE_BOUND('',#6683,.T.);
#7144=FACE_BOUND('',#6684,.T.);
#7145=FACE_BOUND('',#6685,.T.);
#7146=FACE_BOUND('',#6686,.T.);
#7147=FACE_BOUND('',#6687,.T.);
#7148=FACE_BOUND('',#6688,.T.);
#7149=FACE_BOUND('',#6689,.T.);
#7150=FACE_BOUND('',#6690,.T.);
#7151=FACE_BOUND('',#6691,.T.);
#7152=FACE_BOUND('',#6692,.T.);
#7153=FACE_BOUND('',#6693,.T.);
#7154=FACE_BOUND('',#6694,.T.);
#7155=FACE_BOUND('',#6695,.T.);
#7156=FACE_BOUND('',#6696,.T.);
#7157=FACE_BOUND('',#6697,.T.);
#7158=FACE_BOUND('',#6698,.T.);
#7159=FACE_BOUND('',#6699,.T.);
#7160=FACE_BOUND('',#6700,.T.);
#7161=FACE_BOUND('',#6701,.T.);
#7162=FACE_BOUND('',#6702,.T.);
#7163=FACE_BOUND('',#6703,.T.);
#7164=FACE_BOUND('',#6704,.T.);
#7165=FACE_BOUND('',#6705,.T.);
#7166=FACE_BOUND('',#6706,.T.);
#7167=FACE_BOUND('',#6707,.T.);
#7168=FACE_BOUND('',#6708,.T.);
#7169=FACE_BOUND('',#6709,.T.);
#7170=FACE_BOUND('',#6710,.T.);
#7171=FACE_BOUND('',#6711,.T.);
#7172=FACE_BOUND('',#6712,.T.);
#7173=FACE_BOUND('',#6713,.T.);
#7174=PLANE('',#7779);
#7175=PLANE('',#7787);
#7176=PLANE('',#7795);
#7177=PLANE('',#7804);
#7178=PLANE('',#7813);
#7179=PLANE('',#7822);
#7180=PLANE('',#7831);
#7181=PLANE('',#7840);
#7182=PLANE('',#7849);
#7183=PLANE('',#7858);
#7184=PLANE('',#7867);
#7185=PLANE('',#7876);
#7186=PLANE('',#7885);
#7187=PLANE('',#7894);
#7188=PLANE('',#7903);
#7189=PLANE('',#7912);
#7190=PLANE('',#7921);
#7191=PLANE('',#7930);
#7192=PLANE('',#7939);
#7193=PLANE('',#7948);
#7194=PLANE('',#7957);
#7195=PLANE('',#7966);
#7196=PLANE('',#7975);
#7197=PLANE('',#7984);
#7198=PLANE('',#7993);
#7199=PLANE('',#8002);
#7200=PLANE('',#8011);
#7201=PLANE('',#8020);
#7202=PLANE('',#8029);
#7203=PLANE('',#8038);
#7204=PLANE('',#8047);
#7205=PLANE('',#8056);
#7206=PLANE('',#8065);
#7207=PLANE('',#8074);
#7208=PLANE('',#8083);
#7209=PLANE('',#8092);
#7210=PLANE('',#8101);
#7211=PLANE('',#8110);
#7212=PLANE('',#8119);
#7213=PLANE('',#8128);
#7214=PLANE('',#8137);
#7215=PLANE('',#8146);
#7216=PLANE('',#8155);
#7217=PLANE('',#8164);
#7218=PLANE('',#8173);
#7219=PLANE('',#8182);
#7220=PLANE('',#8191);
#7221=PLANE('',#8200);
#7222=PLANE('',#8209);
#7223=PLANE('',#8218);
#7224=PLANE('',#8227);
#7225=PLANE('',#8236);
#7226=PLANE('',#8245);
#7227=PLANE('',#8254);
#7228=PLANE('',#8263);
#7229=PLANE('',#8272);
#7230=PLANE('',#8281);
#7231=PLANE('',#8290);
#7232=PLANE('',#8299);
#7233=PLANE('',#8308);
#7234=PLANE('',#8317);
#7235=PLANE('',#8326);
#7236=PLANE('',#8335);
#7237=PLANE('',#8344);
#7238=PLANE('',#8353);
#7239=PLANE('',#8362);
#7240=PLANE('',#8371);
#7241=PLANE('',#8380);
#7242=PLANE('',#8389);
#7243=PLANE('',#8398);
#7244=PLANE('',#8407);
#7245=PLANE('',#8416);
#7246=PLANE('',#8425);
#7247=PLANE('',#8434);
#7248=PLANE('',#8450);
#7249=PLANE('',#8451);
#7250=PLANE('',#8462);
#7251=PLANE('',#8463);
#7252=PLANE('',#8474);
#7253=PLANE('',#8475);
#7254=PLANE('',#8486);
#7255=PLANE('',#8487);
#7256=PLANE('',#8498);
#7257=PLANE('',#8499);
#7258=PLANE('',#8510);
#7259=PLANE('',#8511);
#7260=PLANE('',#8522);
#7261=PLANE('',#8523);
#7262=PLANE('',#8534);
#7263=PLANE('',#8535);
#7264=PLANE('',#8546);
#7265=PLANE('',#8547);
#7266=PLANE('',#8558);
#7267=PLANE('',#8559);
#7268=PLANE('',#8570);
#7269=PLANE('',#8571);
#7270=PLANE('',#8582);
#7271=PLANE('',#8583);
#7272=PLANE('',#8594);
#7273=PLANE('',#8595);
#7274=PLANE('',#8606);
#7275=PLANE('',#8607);
#7276=PLANE('',#8618);
#7277=PLANE('',#8619);
#7278=PLANE('',#8630);
#7279=PLANE('',#8631);
#7280=PLANE('',#8642);
#7281=PLANE('',#8643);
#7282=PLANE('',#8654);
#7283=PLANE('',#8655);
#7284=PLANE('',#8666);
#7285=PLANE('',#8667);
#7286=PLANE('',#8678);
#7287=PLANE('',#8679);
#7288=PLANE('',#8690);
#7289=PLANE('',#8691);
#7290=PLANE('',#8702);
#7291=PLANE('',#8703);
#7292=PLANE('',#8714);
#7293=PLANE('',#8715);
#7294=PLANE('',#8726);
#7295=PLANE('',#8727);
#7296=PLANE('',#8738);
#7297=PLANE('',#8739);
#7298=PLANE('',#8750);
#7299=PLANE('',#8751);
#7300=PLANE('',#8762);
#7301=PLANE('',#8763);
#7302=PLANE('',#8774);
#7303=PLANE('',#8775);
#7304=PLANE('',#8786);
#7305=PLANE('',#8787);
#7306=PLANE('',#8798);
#7307=PLANE('',#8799);
#7308=PLANE('',#8810);
#7309=PLANE('',#8811);
#7310=PLANE('',#8822);
#7311=PLANE('',#8823);
#7312=PLANE('',#8834);
#7313=PLANE('',#8835);
#7314=PLANE('',#8846);
#7315=PLANE('',#8847);
#7316=PLANE('',#8858);
#7317=PLANE('',#8859);
#7318=PLANE('',#8866);
#7319=PLANE('',#8867);
#7320=PLANE('',#8877);
#7321=PLANE('',#8879);
#7322=ADVANCED_FACE('',(#6714,#6715,#6716,#6717,#6718,#6719),#7174,.T.);
#7323=ADVANCED_FACE('',(#6720,#6721,#6722,#6723,#6724,#6725),#7175,.T.);
#7324=ADVANCED_FACE('',(#6726),#7176,.F.);
#7325=ADVANCED_FACE('',(#6727),#7177,.F.);
#7326=ADVANCED_FACE('',(#6728),#7178,.F.);
#7327=ADVANCED_FACE('',(#6729),#7179,.F.);
#7328=ADVANCED_FACE('',(#6730),#7180,.F.);
#7329=ADVANCED_FACE('',(#6731),#7181,.F.);
#7330=ADVANCED_FACE('',(#6732),#7182,.F.);
#7331=ADVANCED_FACE('',(#6733),#7183,.F.);
#7332=ADVANCED_FACE('',(#6734),#7184,.F.);
#7333=ADVANCED_FACE('',(#6735),#7185,.F.);
#7334=ADVANCED_FACE('',(#6736),#7186,.F.);
#7335=ADVANCED_FACE('',(#6737),#7187,.F.);
#7336=ADVANCED_FACE('',(#6738),#7188,.F.);
#7337=ADVANCED_FACE('',(#6739),#7189,.F.);
#7338=ADVANCED_FACE('',(#6740),#7190,.F.);
#7339=ADVANCED_FACE('',(#6741),#7191,.F.);
#7340=ADVANCED_FACE('',(#6742),#7192,.F.);
#7341=ADVANCED_FACE('',(#6743),#7193,.F.);
#7342=ADVANCED_FACE('',(#6744),#7194,.F.);
#7343=ADVANCED_FACE('',(#6745),#7195,.F.);
#7344=ADVANCED_FACE('',(#6746),#7196,.F.);
#7345=ADVANCED_FACE('',(#6747),#7197,.F.);
#7346=ADVANCED_FACE('',(#6748),#7198,.F.);
#7347=ADVANCED_FACE('',(#6749),#7199,.F.);
#7348=ADVANCED_FACE('',(#6750),#7200,.F.);
#7349=ADVANCED_FACE('',(#6751),#7201,.F.);
#7350=ADVANCED_FACE('',(#6752),#7202,.F.);
#7351=ADVANCED_FACE('',(#6753),#7203,.F.);
#7352=ADVANCED_FACE('',(#6754),#7204,.F.);
#7353=ADVANCED_FACE('',(#6755),#7205,.F.);
#7354=ADVANCED_FACE('',(#6756),#7206,.F.);
#7355=ADVANCED_FACE('',(#6757),#7207,.F.);
#7356=ADVANCED_FACE('',(#6758),#7208,.F.);
#7357=ADVANCED_FACE('',(#6759),#7209,.F.);
#7358=ADVANCED_FACE('',(#6760),#7210,.F.);
#7359=ADVANCED_FACE('',(#6761),#7211,.F.);
#7360=ADVANCED_FACE('',(#6762),#7212,.F.);
#7361=ADVANCED_FACE('',(#6763),#7213,.F.);
#7362=ADVANCED_FACE('',(#6764),#7214,.F.);
#7363=ADVANCED_FACE('',(#6765),#7215,.F.);
#7364=ADVANCED_FACE('',(#6766),#7216,.F.);
#7365=ADVANCED_FACE('',(#6767),#7217,.F.);
#7366=ADVANCED_FACE('',(#6768),#7218,.F.);
#7367=ADVANCED_FACE('',(#6769),#7219,.F.);
#7368=ADVANCED_FACE('',(#6770),#7220,.F.);
#7369=ADVANCED_FACE('',(#6771),#7221,.F.);
#7370=ADVANCED_FACE('',(#6772),#7222,.F.);
#7371=ADVANCED_FACE('',(#6773),#7223,.F.);
#7372=ADVANCED_FACE('',(#6774),#7224,.F.);
#7373=ADVANCED_FACE('',(#6775),#7225,.F.);
#7374=ADVANCED_FACE('',(#6776),#7226,.F.);
#7375=ADVANCED_FACE('',(#6777),#7227,.F.);
#7376=ADVANCED_FACE('',(#6778),#7228,.F.);
#7377=ADVANCED_FACE('',(#6779),#7229,.F.);
#7378=ADVANCED_FACE('',(#6780),#7230,.F.);
#7379=ADVANCED_FACE('',(#6781),#7231,.F.);
#7380=ADVANCED_FACE('',(#6782),#7232,.F.);
#7381=ADVANCED_FACE('',(#6783),#7233,.F.);
#7382=ADVANCED_FACE('',(#6784),#7234,.F.);
#7383=ADVANCED_FACE('',(#6785),#7235,.F.);
#7384=ADVANCED_FACE('',(#6786),#7236,.F.);
#7385=ADVANCED_FACE('',(#6787),#7237,.F.);
#7386=ADVANCED_FACE('',(#6788),#7238,.F.);
#7387=ADVANCED_FACE('',(#6789),#7239,.F.);
#7388=ADVANCED_FACE('',(#6790),#7240,.F.);
#7389=ADVANCED_FACE('',(#6791),#7241,.F.);
#7390=ADVANCED_FACE('',(#6792),#7242,.F.);
#7391=ADVANCED_FACE('',(#6793),#7243,.F.);
#7392=ADVANCED_FACE('',(#6794),#7244,.F.);
#7393=ADVANCED_FACE('',(#6795),#7245,.F.);
#7394=ADVANCED_FACE('',(#6796),#7246,.F.);
#7395=ADVANCED_FACE('',(#6797),#7247,.F.);
#7396=ADVANCED_FACE('',(#6798),#14,.T.);
#7397=ADVANCED_FACE('',(#6799),#15,.F.);
#7398=ADVANCED_FACE('',(#6800),#16,.F.);
#7399=ADVANCED_FACE('',(#6801),#17,.T.);
#7400=ADVANCED_FACE('',(#6802),#18,.T.);
#7401=ADVANCED_FACE('',(#6803),#7248,.T.);
#7402=ADVANCED_FACE('',(#6804),#7249,.F.);
#7403=ADVANCED_FACE('',(#6805),#19,.F.);
#7404=ADVANCED_FACE('',(#6806),#20,.T.);
#7405=ADVANCED_FACE('',(#6807),#21,.F.);
#7406=ADVANCED_FACE('',(#6808),#22,.T.);
#7407=ADVANCED_FACE('',(#6809),#23,.F.);
#7408=ADVANCED_FACE('',(#6810),#24,.F.);
#7409=ADVANCED_FACE('',(#6811),#25,.T.);
#7410=ADVANCED_FACE('',(#6812),#26,.T.);
#7411=ADVANCED_FACE('',(#6813),#7250,.T.);
#7412=ADVANCED_FACE('',(#6814),#7251,.F.);
#7413=ADVANCED_FACE('',(#6815),#27,.F.);
#7414=ADVANCED_FACE('',(#6816),#28,.T.);
#7415=ADVANCED_FACE('',(#6817),#29,.F.);
#7416=ADVANCED_FACE('',(#6818),#30,.T.);
#7417=ADVANCED_FACE('',(#6819),#31,.F.);
#7418=ADVANCED_FACE('',(#6820),#32,.F.);
#7419=ADVANCED_FACE('',(#6821),#33,.T.);
#7420=ADVANCED_FACE('',(#6822),#34,.T.);
#7421=ADVANCED_FACE('',(#6823),#7252,.T.);
#7422=ADVANCED_FACE('',(#6824),#7253,.F.);
#7423=ADVANCED_FACE('',(#6825),#35,.F.);
#7424=ADVANCED_FACE('',(#6826),#36,.T.);
#7425=ADVANCED_FACE('',(#6827),#37,.F.);
#7426=ADVANCED_FACE('',(#6828),#38,.T.);
#7427=ADVANCED_FACE('',(#6829),#39,.F.);
#7428=ADVANCED_FACE('',(#6830),#40,.F.);
#7429=ADVANCED_FACE('',(#6831),#41,.T.);
#7430=ADVANCED_FACE('',(#6832),#42,.T.);
#7431=ADVANCED_FACE('',(#6833),#7254,.T.);
#7432=ADVANCED_FACE('',(#6834),#7255,.F.);
#7433=ADVANCED_FACE('',(#6835),#43,.F.);
#7434=ADVANCED_FACE('',(#6836),#44,.T.);
#7435=ADVANCED_FACE('',(#6837),#45,.F.);
#7436=ADVANCED_FACE('',(#6838),#46,.T.);
#7437=ADVANCED_FACE('',(#6839),#47,.F.);
#7438=ADVANCED_FACE('',(#6840),#48,.F.);
#7439=ADVANCED_FACE('',(#6841),#49,.T.);
#7440=ADVANCED_FACE('',(#6842),#50,.T.);
#7441=ADVANCED_FACE('',(#6843),#7256,.T.);
#7442=ADVANCED_FACE('',(#6844),#7257,.F.);
#7443=ADVANCED_FACE('',(#6845),#51,.F.);
#7444=ADVANCED_FACE('',(#6846),#52,.T.);
#7445=ADVANCED_FACE('',(#6847),#53,.F.);
#7446=ADVANCED_FACE('',(#6848),#54,.T.);
#7447=ADVANCED_FACE('',(#6849),#55,.F.);
#7448=ADVANCED_FACE('',(#6850),#56,.F.);
#7449=ADVANCED_FACE('',(#6851),#57,.T.);
#7450=ADVANCED_FACE('',(#6852),#58,.T.);
#7451=ADVANCED_FACE('',(#6853),#7258,.T.);
#7452=ADVANCED_FACE('',(#6854),#7259,.F.);
#7453=ADVANCED_FACE('',(#6855),#59,.F.);
#7454=ADVANCED_FACE('',(#6856),#60,.T.);
#7455=ADVANCED_FACE('',(#6857),#61,.F.);
#7456=ADVANCED_FACE('',(#6858),#62,.T.);
#7457=ADVANCED_FACE('',(#6859),#63,.F.);
#7458=ADVANCED_FACE('',(#6860),#64,.F.);
#7459=ADVANCED_FACE('',(#6861),#65,.T.);
#7460=ADVANCED_FACE('',(#6862),#66,.T.);
#7461=ADVANCED_FACE('',(#6863),#7260,.T.);
#7462=ADVANCED_FACE('',(#6864),#7261,.F.);
#7463=ADVANCED_FACE('',(#6865),#67,.F.);
#7464=ADVANCED_FACE('',(#6866),#68,.T.);
#7465=ADVANCED_FACE('',(#6867),#69,.F.);
#7466=ADVANCED_FACE('',(#6868),#70,.T.);
#7467=ADVANCED_FACE('',(#6869),#71,.F.);
#7468=ADVANCED_FACE('',(#6870),#72,.F.);
#7469=ADVANCED_FACE('',(#6871),#73,.T.);
#7470=ADVANCED_FACE('',(#6872),#74,.T.);
#7471=ADVANCED_FACE('',(#6873),#7262,.T.);
#7472=ADVANCED_FACE('',(#6874),#7263,.F.);
#7473=ADVANCED_FACE('',(#6875),#75,.F.);
#7474=ADVANCED_FACE('',(#6876),#76,.T.);
#7475=ADVANCED_FACE('',(#6877),#77,.F.);
#7476=ADVANCED_FACE('',(#6878),#78,.T.);
#7477=ADVANCED_FACE('',(#6879),#79,.F.);
#7478=ADVANCED_FACE('',(#6880),#80,.F.);
#7479=ADVANCED_FACE('',(#6881),#81,.T.);
#7480=ADVANCED_FACE('',(#6882),#82,.T.);
#7481=ADVANCED_FACE('',(#6883),#7264,.T.);
#7482=ADVANCED_FACE('',(#6884),#7265,.F.);
#7483=ADVANCED_FACE('',(#6885),#83,.F.);
#7484=ADVANCED_FACE('',(#6886),#84,.T.);
#7485=ADVANCED_FACE('',(#6887),#85,.F.);
#7486=ADVANCED_FACE('',(#6888),#86,.T.);
#7487=ADVANCED_FACE('',(#6889),#87,.F.);
#7488=ADVANCED_FACE('',(#6890),#88,.F.);
#7489=ADVANCED_FACE('',(#6891),#89,.T.);
#7490=ADVANCED_FACE('',(#6892),#90,.T.);
#7491=ADVANCED_FACE('',(#6893),#7266,.T.);
#7492=ADVANCED_FACE('',(#6894),#7267,.F.);
#7493=ADVANCED_FACE('',(#6895),#91,.F.);
#7494=ADVANCED_FACE('',(#6896),#92,.T.);
#7495=ADVANCED_FACE('',(#6897),#93,.F.);
#7496=ADVANCED_FACE('',(#6898),#94,.T.);
#7497=ADVANCED_FACE('',(#6899),#95,.F.);
#7498=ADVANCED_FACE('',(#6900),#96,.F.);
#7499=ADVANCED_FACE('',(#6901),#97,.T.);
#7500=ADVANCED_FACE('',(#6902),#98,.T.);
#7501=ADVANCED_FACE('',(#6903),#7268,.T.);
#7502=ADVANCED_FACE('',(#6904),#7269,.F.);
#7503=ADVANCED_FACE('',(#6905),#99,.F.);
#7504=ADVANCED_FACE('',(#6906),#100,.T.);
#7505=ADVANCED_FACE('',(#6907),#101,.F.);
#7506=ADVANCED_FACE('',(#6908),#102,.T.);
#7507=ADVANCED_FACE('',(#6909),#103,.F.);
#7508=ADVANCED_FACE('',(#6910),#104,.F.);
#7509=ADVANCED_FACE('',(#6911),#105,.T.);
#7510=ADVANCED_FACE('',(#6912),#106,.T.);
#7511=ADVANCED_FACE('',(#6913),#7270,.T.);
#7512=ADVANCED_FACE('',(#6914),#7271,.F.);
#7513=ADVANCED_FACE('',(#6915),#107,.F.);
#7514=ADVANCED_FACE('',(#6916),#108,.T.);
#7515=ADVANCED_FACE('',(#6917),#109,.F.);
#7516=ADVANCED_FACE('',(#6918),#110,.T.);
#7517=ADVANCED_FACE('',(#6919),#111,.F.);
#7518=ADVANCED_FACE('',(#6920),#112,.F.);
#7519=ADVANCED_FACE('',(#6921),#113,.T.);
#7520=ADVANCED_FACE('',(#6922),#114,.T.);
#7521=ADVANCED_FACE('',(#6923),#7272,.T.);
#7522=ADVANCED_FACE('',(#6924),#7273,.F.);
#7523=ADVANCED_FACE('',(#6925),#115,.F.);
#7524=ADVANCED_FACE('',(#6926),#116,.T.);
#7525=ADVANCED_FACE('',(#6927),#117,.F.);
#7526=ADVANCED_FACE('',(#6928),#118,.T.);
#7527=ADVANCED_FACE('',(#6929),#119,.F.);
#7528=ADVANCED_FACE('',(#6930),#120,.F.);
#7529=ADVANCED_FACE('',(#6931),#121,.T.);
#7530=ADVANCED_FACE('',(#6932),#122,.T.);
#7531=ADVANCED_FACE('',(#6933),#7274,.T.);
#7532=ADVANCED_FACE('',(#6934),#7275,.F.);
#7533=ADVANCED_FACE('',(#6935),#123,.F.);
#7534=ADVANCED_FACE('',(#6936),#124,.T.);
#7535=ADVANCED_FACE('',(#6937),#125,.F.);
#7536=ADVANCED_FACE('',(#6938),#126,.T.);
#7537=ADVANCED_FACE('',(#6939),#127,.F.);
#7538=ADVANCED_FACE('',(#6940),#128,.F.);
#7539=ADVANCED_FACE('',(#6941),#129,.T.);
#7540=ADVANCED_FACE('',(#6942),#130,.T.);
#7541=ADVANCED_FACE('',(#6943),#7276,.T.);
#7542=ADVANCED_FACE('',(#6944),#7277,.F.);
#7543=ADVANCED_FACE('',(#6945),#131,.F.);
#7544=ADVANCED_FACE('',(#6946),#132,.T.);
#7545=ADVANCED_FACE('',(#6947),#133,.F.);
#7546=ADVANCED_FACE('',(#6948),#134,.T.);
#7547=ADVANCED_FACE('',(#6949),#135,.F.);
#7548=ADVANCED_FACE('',(#6950),#136,.F.);
#7549=ADVANCED_FACE('',(#6951),#137,.T.);
#7550=ADVANCED_FACE('',(#6952),#138,.T.);
#7551=ADVANCED_FACE('',(#6953),#7278,.T.);
#7552=ADVANCED_FACE('',(#6954),#7279,.F.);
#7553=ADVANCED_FACE('',(#6955),#139,.F.);
#7554=ADVANCED_FACE('',(#6956),#140,.T.);
#7555=ADVANCED_FACE('',(#6957),#141,.F.);
#7556=ADVANCED_FACE('',(#6958),#142,.T.);
#7557=ADVANCED_FACE('',(#6959),#143,.F.);
#7558=ADVANCED_FACE('',(#6960),#144,.F.);
#7559=ADVANCED_FACE('',(#6961),#145,.T.);
#7560=ADVANCED_FACE('',(#6962),#146,.T.);
#7561=ADVANCED_FACE('',(#6963),#7280,.T.);
#7562=ADVANCED_FACE('',(#6964),#7281,.F.);
#7563=ADVANCED_FACE('',(#6965),#147,.F.);
#7564=ADVANCED_FACE('',(#6966),#148,.T.);
#7565=ADVANCED_FACE('',(#6967),#149,.F.);
#7566=ADVANCED_FACE('',(#6968),#150,.T.);
#7567=ADVANCED_FACE('',(#6969),#151,.F.);
#7568=ADVANCED_FACE('',(#6970),#152,.F.);
#7569=ADVANCED_FACE('',(#6971),#153,.T.);
#7570=ADVANCED_FACE('',(#6972),#154,.T.);
#7571=ADVANCED_FACE('',(#6973),#7282,.T.);
#7572=ADVANCED_FACE('',(#6974),#7283,.F.);
#7573=ADVANCED_FACE('',(#6975),#155,.F.);
#7574=ADVANCED_FACE('',(#6976),#156,.T.);
#7575=ADVANCED_FACE('',(#6977),#157,.F.);
#7576=ADVANCED_FACE('',(#6978),#158,.T.);
#7577=ADVANCED_FACE('',(#6979),#159,.F.);
#7578=ADVANCED_FACE('',(#6980),#160,.F.);
#7579=ADVANCED_FACE('',(#6981),#161,.T.);
#7580=ADVANCED_FACE('',(#6982),#162,.T.);
#7581=ADVANCED_FACE('',(#6983),#7284,.T.);
#7582=ADVANCED_FACE('',(#6984),#7285,.F.);
#7583=ADVANCED_FACE('',(#6985),#163,.F.);
#7584=ADVANCED_FACE('',(#6986),#164,.T.);
#7585=ADVANCED_FACE('',(#6987),#165,.F.);
#7586=ADVANCED_FACE('',(#6988),#166,.T.);
#7587=ADVANCED_FACE('',(#6989),#167,.F.);
#7588=ADVANCED_FACE('',(#6990),#168,.F.);
#7589=ADVANCED_FACE('',(#6991),#169,.T.);
#7590=ADVANCED_FACE('',(#6992),#170,.T.);
#7591=ADVANCED_FACE('',(#6993),#7286,.T.);
#7592=ADVANCED_FACE('',(#6994),#7287,.F.);
#7593=ADVANCED_FACE('',(#6995),#171,.F.);
#7594=ADVANCED_FACE('',(#6996),#172,.T.);
#7595=ADVANCED_FACE('',(#6997),#173,.F.);
#7596=ADVANCED_FACE('',(#6998),#174,.T.);
#7597=ADVANCED_FACE('',(#6999),#175,.F.);
#7598=ADVANCED_FACE('',(#7000),#176,.F.);
#7599=ADVANCED_FACE('',(#7001),#177,.T.);
#7600=ADVANCED_FACE('',(#7002),#178,.T.);
#7601=ADVANCED_FACE('',(#7003),#7288,.T.);
#7602=ADVANCED_FACE('',(#7004),#7289,.F.);
#7603=ADVANCED_FACE('',(#7005),#179,.F.);
#7604=ADVANCED_FACE('',(#7006),#180,.T.);
#7605=ADVANCED_FACE('',(#7007),#181,.F.);
#7606=ADVANCED_FACE('',(#7008),#182,.T.);
#7607=ADVANCED_FACE('',(#7009),#183,.F.);
#7608=ADVANCED_FACE('',(#7010),#184,.F.);
#7609=ADVANCED_FACE('',(#7011),#185,.T.);
#7610=ADVANCED_FACE('',(#7012),#186,.T.);
#7611=ADVANCED_FACE('',(#7013),#7290,.T.);
#7612=ADVANCED_FACE('',(#7014),#7291,.F.);
#7613=ADVANCED_FACE('',(#7015),#187,.F.);
#7614=ADVANCED_FACE('',(#7016),#188,.T.);
#7615=ADVANCED_FACE('',(#7017),#189,.F.);
#7616=ADVANCED_FACE('',(#7018),#190,.T.);
#7617=ADVANCED_FACE('',(#7019),#191,.F.);
#7618=ADVANCED_FACE('',(#7020),#192,.F.);
#7619=ADVANCED_FACE('',(#7021),#193,.T.);
#7620=ADVANCED_FACE('',(#7022),#194,.T.);
#7621=ADVANCED_FACE('',(#7023),#7292,.T.);
#7622=ADVANCED_FACE('',(#7024),#7293,.F.);
#7623=ADVANCED_FACE('',(#7025),#195,.F.);
#7624=ADVANCED_FACE('',(#7026),#196,.T.);
#7625=ADVANCED_FACE('',(#7027),#197,.F.);
#7626=ADVANCED_FACE('',(#7028),#198,.T.);
#7627=ADVANCED_FACE('',(#7029),#199,.F.);
#7628=ADVANCED_FACE('',(#7030),#200,.F.);
#7629=ADVANCED_FACE('',(#7031),#201,.T.);
#7630=ADVANCED_FACE('',(#7032),#202,.T.);
#7631=ADVANCED_FACE('',(#7033),#7294,.T.);
#7632=ADVANCED_FACE('',(#7034),#7295,.F.);
#7633=ADVANCED_FACE('',(#7035),#203,.F.);
#7634=ADVANCED_FACE('',(#7036),#204,.T.);
#7635=ADVANCED_FACE('',(#7037),#205,.F.);
#7636=ADVANCED_FACE('',(#7038),#206,.T.);
#7637=ADVANCED_FACE('',(#7039),#207,.F.);
#7638=ADVANCED_FACE('',(#7040),#208,.F.);
#7639=ADVANCED_FACE('',(#7041),#209,.T.);
#7640=ADVANCED_FACE('',(#7042),#210,.T.);
#7641=ADVANCED_FACE('',(#7043),#7296,.T.);
#7642=ADVANCED_FACE('',(#7044),#7297,.F.);
#7643=ADVANCED_FACE('',(#7045),#211,.F.);
#7644=ADVANCED_FACE('',(#7046),#212,.T.);
#7645=ADVANCED_FACE('',(#7047),#213,.F.);
#7646=ADVANCED_FACE('',(#7048),#214,.T.);
#7647=ADVANCED_FACE('',(#7049),#215,.F.);
#7648=ADVANCED_FACE('',(#7050),#216,.F.);
#7649=ADVANCED_FACE('',(#7051),#217,.T.);
#7650=ADVANCED_FACE('',(#7052),#218,.T.);
#7651=ADVANCED_FACE('',(#7053),#7298,.T.);
#7652=ADVANCED_FACE('',(#7054),#7299,.F.);
#7653=ADVANCED_FACE('',(#7055),#219,.F.);
#7654=ADVANCED_FACE('',(#7056),#220,.T.);
#7655=ADVANCED_FACE('',(#7057),#221,.F.);
#7656=ADVANCED_FACE('',(#7058),#222,.T.);
#7657=ADVANCED_FACE('',(#7059),#223,.F.);
#7658=ADVANCED_FACE('',(#7060),#224,.F.);
#7659=ADVANCED_FACE('',(#7061),#225,.T.);
#7660=ADVANCED_FACE('',(#7062),#226,.T.);
#7661=ADVANCED_FACE('',(#7063),#7300,.T.);
#7662=ADVANCED_FACE('',(#7064),#7301,.F.);
#7663=ADVANCED_FACE('',(#7065),#227,.F.);
#7664=ADVANCED_FACE('',(#7066),#228,.T.);
#7665=ADVANCED_FACE('',(#7067),#229,.F.);
#7666=ADVANCED_FACE('',(#7068),#230,.T.);
#7667=ADVANCED_FACE('',(#7069),#231,.F.);
#7668=ADVANCED_FACE('',(#7070),#232,.F.);
#7669=ADVANCED_FACE('',(#7071),#233,.T.);
#7670=ADVANCED_FACE('',(#7072),#234,.T.);
#7671=ADVANCED_FACE('',(#7073),#7302,.T.);
#7672=ADVANCED_FACE('',(#7074),#7303,.F.);
#7673=ADVANCED_FACE('',(#7075),#235,.F.);
#7674=ADVANCED_FACE('',(#7076),#236,.T.);
#7675=ADVANCED_FACE('',(#7077),#237,.F.);
#7676=ADVANCED_FACE('',(#7078),#238,.T.);
#7677=ADVANCED_FACE('',(#7079),#239,.F.);
#7678=ADVANCED_FACE('',(#7080),#240,.F.);
#7679=ADVANCED_FACE('',(#7081),#241,.T.);
#7680=ADVANCED_FACE('',(#7082),#242,.T.);
#7681=ADVANCED_FACE('',(#7083),#7304,.T.);
#7682=ADVANCED_FACE('',(#7084),#7305,.F.);
#7683=ADVANCED_FACE('',(#7085),#243,.F.);
#7684=ADVANCED_FACE('',(#7086),#244,.T.);
#7685=ADVANCED_FACE('',(#7087),#245,.F.);
#7686=ADVANCED_FACE('',(#7088),#246,.T.);
#7687=ADVANCED_FACE('',(#7089),#247,.F.);
#7688=ADVANCED_FACE('',(#7090),#248,.F.);
#7689=ADVANCED_FACE('',(#7091),#249,.T.);
#7690=ADVANCED_FACE('',(#7092),#250,.T.);
#7691=ADVANCED_FACE('',(#7093),#7306,.T.);
#7692=ADVANCED_FACE('',(#7094),#7307,.F.);
#7693=ADVANCED_FACE('',(#7095),#251,.F.);
#7694=ADVANCED_FACE('',(#7096),#252,.T.);
#7695=ADVANCED_FACE('',(#7097),#253,.F.);
#7696=ADVANCED_FACE('',(#7098),#254,.T.);
#7697=ADVANCED_FACE('',(#7099),#255,.F.);
#7698=ADVANCED_FACE('',(#7100),#256,.F.);
#7699=ADVANCED_FACE('',(#7101),#257,.T.);
#7700=ADVANCED_FACE('',(#7102),#258,.T.);
#7701=ADVANCED_FACE('',(#7103),#7308,.T.);
#7702=ADVANCED_FACE('',(#7104),#7309,.F.);
#7703=ADVANCED_FACE('',(#7105),#259,.F.);
#7704=ADVANCED_FACE('',(#7106),#260,.T.);
#7705=ADVANCED_FACE('',(#7107),#261,.F.);
#7706=ADVANCED_FACE('',(#7108),#262,.T.);
#7707=ADVANCED_FACE('',(#7109),#263,.F.);
#7708=ADVANCED_FACE('',(#7110),#264,.F.);
#7709=ADVANCED_FACE('',(#7111),#265,.T.);
#7710=ADVANCED_FACE('',(#7112),#266,.T.);
#7711=ADVANCED_FACE('',(#7113),#7310,.T.);
#7712=ADVANCED_FACE('',(#7114),#7311,.F.);
#7713=ADVANCED_FACE('',(#7115),#267,.F.);
#7714=ADVANCED_FACE('',(#7116),#268,.T.);
#7715=ADVANCED_FACE('',(#7117),#269,.F.);
#7716=ADVANCED_FACE('',(#7118),#270,.T.);
#7717=ADVANCED_FACE('',(#7119),#271,.F.);
#7718=ADVANCED_FACE('',(#7120),#272,.F.);
#7719=ADVANCED_FACE('',(#7121),#273,.T.);
#7720=ADVANCED_FACE('',(#7122),#274,.T.);
#7721=ADVANCED_FACE('',(#7123),#7312,.T.);
#7722=ADVANCED_FACE('',(#7124),#7313,.F.);
#7723=ADVANCED_FACE('',(#7125),#275,.F.);
#7724=ADVANCED_FACE('',(#7126),#276,.T.);
#7725=ADVANCED_FACE('',(#7127),#277,.F.);
#7726=ADVANCED_FACE('',(#7128),#278,.T.);
#7727=ADVANCED_FACE('',(#7129),#279,.F.);
#7728=ADVANCED_FACE('',(#7130),#280,.F.);
#7729=ADVANCED_FACE('',(#7131),#281,.T.);
#7730=ADVANCED_FACE('',(#7132),#282,.T.);
#7731=ADVANCED_FACE('',(#7133),#7314,.T.);
#7732=ADVANCED_FACE('',(#7134),#7315,.F.);
#7733=ADVANCED_FACE('',(#7135),#283,.F.);
#7734=ADVANCED_FACE('',(#7136),#284,.T.);
#7735=ADVANCED_FACE('',(#7137),#285,.F.);
#7736=ADVANCED_FACE('',(#7138),#286,.T.);
#7737=ADVANCED_FACE('',(#7139),#287,.F.);
#7738=ADVANCED_FACE('',(#7140),#288,.F.);
#7739=ADVANCED_FACE('',(#7141),#289,.T.);
#7740=ADVANCED_FACE('',(#7142),#290,.T.);
#7741=ADVANCED_FACE('',(#7143),#7316,.T.);
#7742=ADVANCED_FACE('',(#7144),#7317,.F.);
#7743=ADVANCED_FACE('',(#7145),#291,.F.);
#7744=ADVANCED_FACE('',(#7146),#292,.T.);
#7745=ADVANCED_FACE('',(#7147),#293,.F.);
#7746=ADVANCED_FACE('',(#7148),#294,.T.);
#7747=ADVANCED_FACE('',(#7149),#7318,.T.);
#7748=ADVANCED_FACE('',(#7150),#7319,.F.);
#7749=ADVANCED_FACE('',(#7151),#295,.F.);
#7750=ADVANCED_FACE('',(#7152),#296,.T.);
#7751=ADVANCED_FACE('',(#7153),#297,.F.);
#7752=ADVANCED_FACE('',(#7154),#298,.T.);
#7753=ADVANCED_FACE('',(#7155),#299,.T.);
#7754=ADVANCED_FACE('',(#7156),#300,.F.);
#7755=ADVANCED_FACE('',(#7157),#301,.F.);
#7756=ADVANCED_FACE('',(#7158,#7159),#12,.T.);
#7757=ADVANCED_FACE('',(#7160,#7161),#13,.T.);
#7758=ADVANCED_FACE('',(#7162),#7320,.T.);
#7759=ADVANCED_FACE('',(#7163),#302,.F.);
#7760=ADVANCED_FACE('',(#7164),#7321,.T.);
#7761=ADVANCED_FACE('',(#7165),#303,.F.);
#7762=ADVANCED_FACE('',(#7166,#7167),#304,.F.);
#7763=ADVANCED_FACE('',(#7168,#7169),#305,.F.);
#7764=ADVANCED_FACE('',(#7170,#7171),#306,.F.);
#7765=ADVANCED_FACE('',(#7172,#7173),#307,.F.);
#7766=CLOSED_SHELL('',(#7322,#7323,#7324,#7325,#7326,#7327,#7328,#7329,
#7330,#7331,#7332,#7333,#7334,#7335,#7336,#7337,#7338,#7339,#7340,#7341,
#7342,#7343,#7344,#7345,#7346,#7347,#7348,#7349,#7350,#7351,#7352,#7353,
#7354,#7355,#7356,#7357,#7358,#7359,#7360,#7361,#7362,#7363,#7364,#7365,
#7366,#7367,#7368,#7369,#7370,#7371,#7372,#7373,#7374,#7375,#7376,#7377,
#7378,#7379,#7380,#7381,#7382,#7383,#7384,#7385,#7386,#7387,#7388,#7389,
#7390,#7391,#7392,#7393,#7394,#7395,#7396,#7397,#7398,#7399,#7400,#7401,
#7402,#7403,#7404,#7405,#7406,#7407,#7408,#7409,#7410,#7411,#7412,#7413,
#7414,#7415,#7416,#7417,#7418,#7419,#7420,#7421,#7422,#7423,#7424,#7425,
#7426,#7427,#7428,#7429,#7430,#7431,#7432,#7433,#7434,#7435,#7436,#7437,
#7438,#7439,#7440,#7441,#7442,#7443,#7444,#7445,#7446,#7447,#7448,#7449,
#7450,#7451,#7452,#7453,#7454,#7455,#7456,#7457,#7458,#7459,#7460,#7461,
#7462,#7463,#7464,#7465,#7466,#7467,#7468,#7469,#7470,#7471,#7472,#7473,
#7474,#7475,#7476,#7477,#7478,#7479,#7480,#7481,#7482,#7483,#7484,#7485,
#7486,#7487,#7488,#7489,#7490,#7491,#7492,#7493,#7494,#7495,#7496,#7497,
#7498,#7499,#7500,#7501,#7502,#7503,#7504,#7505,#7506,#7507,#7508,#7509,
#7510,#7511,#7512,#7513,#7514,#7515,#7516,#7517,#7518,#7519,#7520,#7521,
#7522,#7523,#7524,#7525,#7526,#7527,#7528,#7529,#7530,#7531,#7532,#7533,
#7534,#7535,#7536,#7537,#7538,#7539,#7540,#7541,#7542,#7543,#7544,#7545,
#7546,#7547,#7548,#7549,#7550,#7551,#7552,#7553,#7554,#7555,#7556,#7557,
#7558,#7559,#7560,#7561,#7562,#7563,#7564,#7565,#7566,#7567,#7568,#7569,
#7570,#7571,#7572,#7573,#7574,#7575,#7576,#7577,#7578,#7579,#7580,#7581,
#7582,#7583,#7584,#7585,#7586,#7587,#7588,#7589,#7590,#7591,#7592,#7593,
#7594,#7595,#7596,#7597,#7598,#7599,#7600,#7601,#7602,#7603,#7604,#7605,
#7606,#7607,#7608,#7609,#7610,#7611,#7612,#7613,#7614,#7615,#7616,#7617,
#7618,#7619,#7620,#7621,#7622,#7623,#7624,#7625,#7626,#7627,#7628,#7629,
#7630,#7631,#7632,#7633,#7634,#7635,#7636,#7637,#7638,#7639,#7640,#7641,
#7642,#7643,#7644,#7645,#7646,#7647,#7648,#7649,#7650,#7651,#7652,#7653,
#7654,#7655,#7656,#7657,#7658,#7659,#7660,#7661,#7662,#7663,#7664,#7665,
#7666,#7667,#7668,#7669,#7670,#7671,#7672,#7673,#7674,#7675,#7676,#7677,
#7678,#7679,#7680,#7681,#7682,#7683,#7684,#7685,#7686,#7687,#7688,#7689,
#7690,#7691,#7692,#7693,#7694,#7695,#7696,#7697,#7698,#7699,#7700,#7701,
#7702,#7703,#7704,#7705,#7706,#7707,#7708,#7709,#7710,#7711,#7712,#7713,
#7714,#7715,#7716,#7717,#7718,#7719,#7720,#7721,#7722,#7723,#7724,#7725,
#7726,#7727,#7728,#7729,#7730,#7731,#7732,#7733,#7734,#7735,#7736,#7737,
#7738,#7739,#7740,#7741,#7742,#7743,#7744,#7745,#7746,#7747,#7748,#7749,
#7750,#7751,#7752,#7753,#7754,#7755,#7756,#7757,#7758,#7759,#7760,#7761,
#7762,#7763,#7764,#7765));
#7767=STYLED_ITEM('',(#7768),#7775);
#7768=PRESENTATION_STYLE_ASSIGNMENT((#7769));
#7769=SURFACE_STYLE_USAGE(.BOTH.,#7770);
#7770=SURFACE_SIDE_STYLE('',(#7771));
#7771=SURFACE_STYLE_FILL_AREA(#7772);
#7772=FILL_AREA_STYLE('',(#7773));
#7773=FILL_AREA_STYLE_COLOUR('',#7774);
#7774=COLOUR_RGB('',0.0862745098039216,0.31764705882353,0.690196078431373);
#7775=MANIFOLD_SOLID_BREP('Pod Pulley',#7766);
#7776=SHAPE_DEFINITION_REPRESENTATION(#13974,#7777);
#7777=SHAPE_REPRESENTATION('Pod Pulley',(#7778),#13969);
#7778=AXIS2_PLACEMENT_3D('',#11611,#8885,#8886);
#7779=AXIS2_PLACEMENT_3D('',#11612,#8887,#8888);
#7780=AXIS2_PLACEMENT_3D('',#11613,#8889,#8890);
#7781=AXIS2_PLACEMENT_3D('',#11615,#8891,#8892);
#7782=AXIS2_PLACEMENT_3D('',#11617,#8893,#8894);
#7783=AXIS2_PLACEMENT_3D('',#11619,#8895,#8896);
#7784=AXIS2_PLACEMENT_3D('',#11621,#8897,#8898);
#7785=AXIS2_PLACEMENT_3D('',#11623,#8899,#8900);
#7786=AXIS2_PLACEMENT_3D('',#11628,#8902,#8903);
#7787=AXIS2_PLACEMENT_3D('',#11631,#8905,#8906);
#7788=AXIS2_PLACEMENT_3D('',#11632,#8907,#8908);
#7789=AXIS2_PLACEMENT_3D('',#11634,#8909,#8910);
#7790=AXIS2_PLACEMENT_3D('',#11636,#8911,#8912);
#7791=AXIS2_PLACEMENT_3D('',#11638,#8913,#8914);
#7792=AXIS2_PLACEMENT_3D('',#11640,#8915,#8916);
#7793=AXIS2_PLACEMENT_3D('',#11642,#8917,#8918);
#7794=AXIS2_PLACEMENT_3D('',#11647,#8920,#8921);
#7795=AXIS2_PLACEMENT_3D('',#11650,#8923,#8924);
#7796=AXIS2_PLACEMENT_3D('',#11651,#8925,#8926);
#7797=AXIS2_PLACEMENT_3D('',#11654,#8927,#8928);
#7798=AXIS2_PLACEMENT_3D('',#11658,#8930,#8931);
#7799=AXIS2_PLACEMENT_3D('',#11660,#8932,#8933);
#7800=AXIS2_PLACEMENT_3D('',#11662,#8934,#8935);
#7801=AXIS2_PLACEMENT_3D('',#11664,#8936,#8937);
#7802=AXIS2_PLACEMENT_3D('',#11666,#8938,#8939);
#7803=AXIS2_PLACEMENT_3D('',#11670,#8941,#8942);
#7804=AXIS2_PLACEMENT_3D('',#11671,#8943,#8944);
#7805=AXIS2_PLACEMENT_3D('',#11672,#8945,#8946);
#7806=AXIS2_PLACEMENT_3D('',#11675,#8947,#8948);
#7807=AXIS2_PLACEMENT_3D('',#11679,#8950,#8951);
#7808=AXIS2_PLACEMENT_3D('',#11681,#8952,#8953);
#7809=AXIS2_PLACEMENT_3D('',#11683,#8954,#8955);
#7810=AXIS2_PLACEMENT_3D('',#11685,#8956,#8957);
#7811=AXIS2_PLACEMENT_3D('',#11687,#8958,#8959);
#7812=AXIS2_PLACEMENT_3D('',#11691,#8961,#8962);
#7813=AXIS2_PLACEMENT_3D('',#11692,#8963,#8964);
#7814=AXIS2_PLACEMENT_3D('',#11693,#8965,#8966);
#7815=AXIS2_PLACEMENT_3D('',#11696,#8967,#8968);
#7816=AXIS2_PLACEMENT_3D('',#11700,#8970,#8971);
#7817=AXIS2_PLACEMENT_3D('',#11702,#8972,#8973);
#7818=AXIS2_PLACEMENT_3D('',#11704,#8974,#8975);
#7819=AXIS2_PLACEMENT_3D('',#11706,#8976,#8977);
#7820=AXIS2_PLACEMENT_3D('',#11708,#8978,#8979);
#7821=AXIS2_PLACEMENT_3D('',#11712,#8981,#8982);
#7822=AXIS2_PLACEMENT_3D('',#11713,#8983,#8984);
#7823=AXIS2_PLACEMENT_3D('',#11714,#8985,#8986);
#7824=AXIS2_PLACEMENT_3D('',#11717,#8987,#8988);
#7825=AXIS2_PLACEMENT_3D('',#11721,#8990,#8991);
#7826=AXIS2_PLACEMENT_3D('',#11723,#8992,#8993);
#7827=AXIS2_PLACEMENT_3D('',#11725,#8994,#8995);
#7828=AXIS2_PLACEMENT_3D('',#11727,#8996,#8997);
#7829=AXIS2_PLACEMENT_3D('',#11729,#8998,#8999);
#7830=AXIS2_PLACEMENT_3D('',#11733,#9001,#9002);
#7831=AXIS2_PLACEMENT_3D('',#11734,#9003,#9004);
#7832=AXIS2_PLACEMENT_3D('',#11735,#9005,#9006);
#7833=AXIS2_PLACEMENT_3D('',#11738,#9007,#9008);
#7834=AXIS2_PLACEMENT_3D('',#11742,#9010,#9011);
#7835=AXIS2_PLACEMENT_3D('',#11744,#9012,#9013);
#7836=AXIS2_PLACEMENT_3D('',#11746,#9014,#9015);
#7837=AXIS2_PLACEMENT_3D('',#11748,#9016,#9017);
#7838=AXIS2_PLACEMENT_3D('',#11750,#9018,#9019);
#7839=AXIS2_PLACEMENT_3D('',#11754,#9021,#9022);
#7840=AXIS2_PLACEMENT_3D('',#11755,#9023,#9024);
#7841=AXIS2_PLACEMENT_3D('',#11756,#9025,#9026);
#7842=AXIS2_PLACEMENT_3D('',#11759,#9027,#9028);
#7843=AXIS2_PLACEMENT_3D('',#11763,#9030,#9031);
#7844=AXIS2_PLACEMENT_3D('',#11765,#9032,#9033);
#7845=AXIS2_PLACEMENT_3D('',#11767,#9034,#9035);
#7846=AXIS2_PLACEMENT_3D('',#11769,#9036,#9037);
#7847=AXIS2_PLACEMENT_3D('',#11771,#9038,#9039);
#7848=AXIS2_PLACEMENT_3D('',#11775,#9041,#9042);
#7849=AXIS2_PLACEMENT_3D('',#11776,#9043,#9044);
#7850=AXIS2_PLACEMENT_3D('',#11777,#9045,#9046);
#7851=AXIS2_PLACEMENT_3D('',#11780,#9047,#9048);
#7852=AXIS2_PLACEMENT_3D('',#11784,#9050,#9051);
#7853=AXIS2_PLACEMENT_3D('',#11786,#9052,#9053);
#7854=AXIS2_PLACEMENT_3D('',#11788,#9054,#9055);
#7855=AXIS2_PLACEMENT_3D('',#11790,#9056,#9057);
#7856=AXIS2_PLACEMENT_3D('',#11792,#9058,#9059);
#7857=AXIS2_PLACEMENT_3D('',#11796,#9061,#9062);
#7858=AXIS2_PLACEMENT_3D('',#11797,#9063,#9064);
#7859=AXIS2_PLACEMENT_3D('',#11798,#9065,#9066);
#7860=AXIS2_PLACEMENT_3D('',#11801,#9067,#9068);
#7861=AXIS2_PLACEMENT_3D('',#11805,#9070,#9071);
#7862=AXIS2_PLACEMENT_3D('',#11807,#9072,#9073);
#7863=AXIS2_PLACEMENT_3D('',#11809,#9074,#9075);
#7864=AXIS2_PLACEMENT_3D('',#11811,#9076,#9077);
#7865=AXIS2_PLACEMENT_3D('',#11813,#9078,#9079);
#7866=AXIS2_PLACEMENT_3D('',#11817,#9081,#9082);
#7867=AXIS2_PLACEMENT_3D('',#11818,#9083,#9084);
#7868=AXIS2_PLACEMENT_3D('',#11819,#9085,#9086);
#7869=AXIS2_PLACEMENT_3D('',#11822,#9087,#9088);
#7870=AXIS2_PLACEMENT_3D('',#11826,#9090,#9091);
#7871=AXIS2_PLACEMENT_3D('',#11828,#9092,#9093);
#7872=AXIS2_PLACEMENT_3D('',#11830,#9094,#9095);
#7873=AXIS2_PLACEMENT_3D('',#11832,#9096,#9097);
#7874=AXIS2_PLACEMENT_3D('',#11834,#9098,#9099);
#7875=AXIS2_PLACEMENT_3D('',#11838,#9101,#9102);
#7876=AXIS2_PLACEMENT_3D('',#11839,#9103,#9104);
#7877=AXIS2_PLACEMENT_3D('',#11840,#9105,#9106);
#7878=AXIS2_PLACEMENT_3D('',#11843,#9107,#9108);
#7879=AXIS2_PLACEMENT_3D('',#11847,#9110,#9111);
#7880=AXIS2_PLACEMENT_3D('',#11849,#9112,#9113);
#7881=AXIS2_PLACEMENT_3D('',#11851,#9114,#9115);
#7882=AXIS2_PLACEMENT_3D('',#11853,#9116,#9117);
#7883=AXIS2_PLACEMENT_3D('',#11855,#9118,#9119);
#7884=AXIS2_PLACEMENT_3D('',#11859,#9121,#9122);
#7885=AXIS2_PLACEMENT_3D('',#11860,#9123,#9124);
#7886=AXIS2_PLACEMENT_3D('',#11861,#9125,#9126);
#7887=AXIS2_PLACEMENT_3D('',#11864,#9127,#9128);
#7888=AXIS2_PLACEMENT_3D('',#11868,#9130,#9131);
#7889=AXIS2_PLACEMENT_3D('',#11870,#9132,#9133);
#7890=AXIS2_PLACEMENT_3D('',#11872,#9134,#9135);
#7891=AXIS2_PLACEMENT_3D('',#11874,#9136,#9137);
#7892=AXIS2_PLACEMENT_3D('',#11876,#9138,#9139);
#7893=AXIS2_PLACEMENT_3D('',#11880,#9141,#9142);
#7894=AXIS2_PLACEMENT_3D('',#11881,#9143,#9144);
#7895=AXIS2_PLACEMENT_3D('',#11882,#9145,#9146);
#7896=AXIS2_PLACEMENT_3D('',#11885,#9147,#9148);
#7897=AXIS2_PLACEMENT_3D('',#11889,#9150,#9151);
#7898=AXIS2_PLACEMENT_3D('',#11891,#9152,#9153);
#7899=AXIS2_PLACEMENT_3D('',#11893,#9154,#9155);
#7900=AXIS2_PLACEMENT_3D('',#11895,#9156,#9157);
#7901=AXIS2_PLACEMENT_3D('',#11897,#9158,#9159);
#7902=AXIS2_PLACEMENT_3D('',#11901,#9161,#9162);
#7903=AXIS2_PLACEMENT_3D('',#11902,#9163,#9164);
#7904=AXIS2_PLACEMENT_3D('',#11903,#9165,#9166);
#7905=AXIS2_PLACEMENT_3D('',#11906,#9167,#9168);
#7906=AXIS2_PLACEMENT_3D('',#11910,#9170,#9171);
#7907=AXIS2_PLACEMENT_3D('',#11912,#9172,#9173);
#7908=AXIS2_PLACEMENT_3D('',#11914,#9174,#9175);
#7909=AXIS2_PLACEMENT_3D('',#11916,#9176,#9177);
#7910=AXIS2_PLACEMENT_3D('',#11918,#9178,#9179);
#7911=AXIS2_PLACEMENT_3D('',#11922,#9181,#9182);
#7912=AXIS2_PLACEMENT_3D('',#11923,#9183,#9184);
#7913=AXIS2_PLACEMENT_3D('',#11924,#9185,#9186);
#7914=AXIS2_PLACEMENT_3D('',#11927,#9187,#9188);
#7915=AXIS2_PLACEMENT_3D('',#11931,#9190,#9191);
#7916=AXIS2_PLACEMENT_3D('',#11933,#9192,#9193);
#7917=AXIS2_PLACEMENT_3D('',#11935,#9194,#9195);
#7918=AXIS2_PLACEMENT_3D('',#11937,#9196,#9197);
#7919=AXIS2_PLACEMENT_3D('',#11939,#9198,#9199);
#7920=AXIS2_PLACEMENT_3D('',#11943,#9201,#9202);
#7921=AXIS2_PLACEMENT_3D('',#11944,#9203,#9204);
#7922=AXIS2_PLACEMENT_3D('',#11945,#9205,#9206);
#7923=AXIS2_PLACEMENT_3D('',#11948,#9207,#9208);
#7924=AXIS2_PLACEMENT_3D('',#11952,#9210,#9211);
#7925=AXIS2_PLACEMENT_3D('',#11954,#9212,#9213);
#7926=AXIS2_PLACEMENT_3D('',#11956,#9214,#9215);
#7927=AXIS2_PLACEMENT_3D('',#11958,#9216,#9217);
#7928=AXIS2_PLACEMENT_3D('',#11960,#9218,#9219);
#7929=AXIS2_PLACEMENT_3D('',#11964,#9221,#9222);
#7930=AXIS2_PLACEMENT_3D('',#11965,#9223,#9224);
#7931=AXIS2_PLACEMENT_3D('',#11966,#9225,#9226);
#7932=AXIS2_PLACEMENT_3D('',#11969,#9227,#9228);
#7933=AXIS2_PLACEMENT_3D('',#11973,#9230,#9231);
#7934=AXIS2_PLACEMENT_3D('',#11975,#9232,#9233);
#7935=AXIS2_PLACEMENT_3D('',#11977,#9234,#9235);
#7936=AXIS2_PLACEMENT_3D('',#11979,#9236,#9237);
#7937=AXIS2_PLACEMENT_3D('',#11981,#9238,#9239);
#7938=AXIS2_PLACEMENT_3D('',#11985,#9241,#9242);
#7939=AXIS2_PLACEMENT_3D('',#11986,#9243,#9244);
#7940=AXIS2_PLACEMENT_3D('',#11987,#9245,#9246);
#7941=AXIS2_PLACEMENT_3D('',#11990,#9247,#9248);
#7942=AXIS2_PLACEMENT_3D('',#11994,#9250,#9251);
#7943=AXIS2_PLACEMENT_3D('',#11996,#9252,#9253);
#7944=AXIS2_PLACEMENT_3D('',#11998,#9254,#9255);
#7945=AXIS2_PLACEMENT_3D('',#12000,#9256,#9257);
#7946=AXIS2_PLACEMENT_3D('',#12002,#9258,#9259);
#7947=AXIS2_PLACEMENT_3D('',#12006,#9261,#9262);
#7948=AXIS2_PLACEMENT_3D('',#12007,#9263,#9264);
#7949=AXIS2_PLACEMENT_3D('',#12008,#9265,#9266);
#7950=AXIS2_PLACEMENT_3D('',#12011,#9267,#9268);
#7951=AXIS2_PLACEMENT_3D('',#12015,#9270,#9271);
#7952=AXIS2_PLACEMENT_3D('',#12017,#9272,#9273);
#7953=AXIS2_PLACEMENT_3D('',#12019,#9274,#9275);
#7954=AXIS2_PLACEMENT_3D('',#12021,#9276,#9277);
#7955=AXIS2_PLACEMENT_3D('',#12023,#9278,#9279);
#7956=AXIS2_PLACEMENT_3D('',#12027,#9281,#9282);
#7957=AXIS2_PLACEMENT_3D('',#12028,#9283,#9284);
#7958=AXIS2_PLACEMENT_3D('',#12029,#9285,#9286);
#7959=AXIS2_PLACEMENT_3D('',#12032,#9287,#9288);
#7960=AXIS2_PLACEMENT_3D('',#12036,#9290,#9291);
#7961=AXIS2_PLACEMENT_3D('',#12038,#9292,#9293);
#7962=AXIS2_PLACEMENT_3D('',#12040,#9294,#9295);
#7963=AXIS2_PLACEMENT_3D('',#12042,#9296,#9297);
#7964=AXIS2_PLACEMENT_3D('',#12044,#9298,#9299);
#7965=AXIS2_PLACEMENT_3D('',#12048,#9301,#9302);
#7966=AXIS2_PLACEMENT_3D('',#12049,#9303,#9304);
#7967=AXIS2_PLACEMENT_3D('',#12050,#9305,#9306);
#7968=AXIS2_PLACEMENT_3D('',#12053,#9307,#9308);
#7969=AXIS2_PLACEMENT_3D('',#12057,#9310,#9311);
#7970=AXIS2_PLACEMENT_3D('',#12059,#9312,#9313);
#7971=AXIS2_PLACEMENT_3D('',#12061,#9314,#9315);
#7972=AXIS2_PLACEMENT_3D('',#12063,#9316,#9317);
#7973=AXIS2_PLACEMENT_3D('',#12065,#9318,#9319);
#7974=AXIS2_PLACEMENT_3D('',#12069,#9321,#9322);
#7975=AXIS2_PLACEMENT_3D('',#12070,#9323,#9324);
#7976=AXIS2_PLACEMENT_3D('',#12071,#9325,#9326);
#7977=AXIS2_PLACEMENT_3D('',#12074,#9327,#9328);
#7978=AXIS2_PLACEMENT_3D('',#12078,#9330,#9331);
#7979=AXIS2_PLACEMENT_3D('',#12080,#9332,#9333);
#7980=AXIS2_PLACEMENT_3D('',#12082,#9334,#9335);
#7981=AXIS2_PLACEMENT_3D('',#12084,#9336,#9337);
#7982=AXIS2_PLACEMENT_3D('',#12086,#9338,#9339);
#7983=AXIS2_PLACEMENT_3D('',#12090,#9341,#9342);
#7984=AXIS2_PLACEMENT_3D('',#12091,#9343,#9344);
#7985=AXIS2_PLACEMENT_3D('',#12092,#9345,#9346);
#7986=AXIS2_PLACEMENT_3D('',#12095,#9347,#9348);
#7987=AXIS2_PLACEMENT_3D('',#12099,#9350,#9351);
#7988=AXIS2_PLACEMENT_3D('',#12101,#9352,#9353);
#7989=AXIS2_PLACEMENT_3D('',#12103,#9354,#9355);
#7990=AXIS2_PLACEMENT_3D('',#12105,#9356,#9357);
#7991=AXIS2_PLACEMENT_3D('',#12107,#9358,#9359);
#7992=AXIS2_PLACEMENT_3D('',#12111,#9361,#9362);
#7993=AXIS2_PLACEMENT_3D('',#12112,#9363,#9364);
#7994=AXIS2_PLACEMENT_3D('',#12113,#9365,#9366);
#7995=AXIS2_PLACEMENT_3D('',#12116,#9367,#9368);
#7996=AXIS2_PLACEMENT_3D('',#12120,#9370,#9371);
#7997=AXIS2_PLACEMENT_3D('',#12122,#9372,#9373);
#7998=AXIS2_PLACEMENT_3D('',#12124,#9374,#9375);
#7999=AXIS2_PLACEMENT_3D('',#12126,#9376,#9377);
#8000=AXIS2_PLACEMENT_3D('',#12128,#9378,#9379);
#8001=AXIS2_PLACEMENT_3D('',#12132,#9381,#9382);
#8002=AXIS2_PLACEMENT_3D('',#12133,#9383,#9384);
#8003=AXIS2_PLACEMENT_3D('',#12134,#9385,#9386);
#8004=AXIS2_PLACEMENT_3D('',#12137,#9387,#9388);
#8005=AXIS2_PLACEMENT_3D('',#12141,#9390,#9391);
#8006=AXIS2_PLACEMENT_3D('',#12143,#9392,#9393);
#8007=AXIS2_PLACEMENT_3D('',#12145,#9394,#9395);
#8008=AXIS2_PLACEMENT_3D('',#12147,#9396,#9397);
#8009=AXIS2_PLACEMENT_3D('',#12149,#9398,#9399);
#8010=AXIS2_PLACEMENT_3D('',#12153,#9401,#9402);
#8011=AXIS2_PLACEMENT_3D('',#12154,#9403,#9404);
#8012=AXIS2_PLACEMENT_3D('',#12155,#9405,#9406);
#8013=AXIS2_PLACEMENT_3D('',#12158,#9407,#9408);
#8014=AXIS2_PLACEMENT_3D('',#12162,#9410,#9411);
#8015=AXIS2_PLACEMENT_3D('',#12164,#9412,#9413);
#8016=AXIS2_PLACEMENT_3D('',#12166,#9414,#9415);
#8017=AXIS2_PLACEMENT_3D('',#12168,#9416,#9417);
#8018=AXIS2_PLACEMENT_3D('',#12170,#9418,#9419);
#8019=AXIS2_PLACEMENT_3D('',#12174,#9421,#9422);
#8020=AXIS2_PLACEMENT_3D('',#12175,#9423,#9424);
#8021=AXIS2_PLACEMENT_3D('',#12176,#9425,#9426);
#8022=AXIS2_PLACEMENT_3D('',#12179,#9427,#9428);
#8023=AXIS2_PLACEMENT_3D('',#12183,#9430,#9431);
#8024=AXIS2_PLACEMENT_3D('',#12185,#9432,#9433);
#8025=AXIS2_PLACEMENT_3D('',#12187,#9434,#9435);
#8026=AXIS2_PLACEMENT_3D('',#12189,#9436,#9437);
#8027=AXIS2_PLACEMENT_3D('',#12191,#9438,#9439);
#8028=AXIS2_PLACEMENT_3D('',#12195,#9441,#9442);
#8029=AXIS2_PLACEMENT_3D('',#12196,#9443,#9444);
#8030=AXIS2_PLACEMENT_3D('',#12197,#9445,#9446);
#8031=AXIS2_PLACEMENT_3D('',#12200,#9447,#9448);
#8032=AXIS2_PLACEMENT_3D('',#12204,#9450,#9451);
#8033=AXIS2_PLACEMENT_3D('',#12206,#9452,#9453);
#8034=AXIS2_PLACEMENT_3D('',#12208,#9454,#9455);
#8035=AXIS2_PLACEMENT_3D('',#12210,#9456,#9457);
#8036=AXIS2_PLACEMENT_3D('',#12212,#9458,#9459);
#8037=AXIS2_PLACEMENT_3D('',#12216,#9461,#9462);
#8038=AXIS2_PLACEMENT_3D('',#12217,#9463,#9464);
#8039=AXIS2_PLACEMENT_3D('',#12218,#9465,#9466);
#8040=AXIS2_PLACEMENT_3D('',#12221,#9467,#9468);
#8041=AXIS2_PLACEMENT_3D('',#12225,#9470,#9471);
#8042=AXIS2_PLACEMENT_3D('',#12227,#9472,#9473);
#8043=AXIS2_PLACEMENT_3D('',#12229,#9474,#9475);
#8044=AXIS2_PLACEMENT_3D('',#12231,#9476,#9477);
#8045=AXIS2_PLACEMENT_3D('',#12233,#9478,#9479);
#8046=AXIS2_PLACEMENT_3D('',#12237,#9481,#9482);
#8047=AXIS2_PLACEMENT_3D('',#12238,#9483,#9484);
#8048=AXIS2_PLACEMENT_3D('',#12239,#9485,#9486);
#8049=AXIS2_PLACEMENT_3D('',#12242,#9487,#9488);
#8050=AXIS2_PLACEMENT_3D('',#12246,#9490,#9491);
#8051=AXIS2_PLACEMENT_3D('',#12248,#9492,#9493);
#8052=AXIS2_PLACEMENT_3D('',#12250,#9494,#9495);
#8053=AXIS2_PLACEMENT_3D('',#12252,#9496,#9497);
#8054=AXIS2_PLACEMENT_3D('',#12254,#9498,#9499);
#8055=AXIS2_PLACEMENT_3D('',#12258,#9501,#9502);
#8056=AXIS2_PLACEMENT_3D('',#12259,#9503,#9504);
#8057=AXIS2_PLACEMENT_3D('',#12260,#9505,#9506);
#8058=AXIS2_PLACEMENT_3D('',#12263,#9507,#9508);
#8059=AXIS2_PLACEMENT_3D('',#12267,#9510,#9511);
#8060=AXIS2_PLACEMENT_3D('',#12269,#9512,#9513);
#8061=AXIS2_PLACEMENT_3D('',#12271,#9514,#9515);
#8062=AXIS2_PLACEMENT_3D('',#12273,#9516,#9517);
#8063=AXIS2_PLACEMENT_3D('',#12275,#9518,#9519);
#8064=AXIS2_PLACEMENT_3D('',#12279,#9521,#9522);
#8065=AXIS2_PLACEMENT_3D('',#12280,#9523,#9524);
#8066=AXIS2_PLACEMENT_3D('',#12281,#9525,#9526);
#8067=AXIS2_PLACEMENT_3D('',#12284,#9527,#9528);
#8068=AXIS2_PLACEMENT_3D('',#12288,#9530,#9531);
#8069=AXIS2_PLACEMENT_3D('',#12290,#9532,#9533);
#8070=AXIS2_PLACEMENT_3D('',#12292,#9534,#9535);
#8071=AXIS2_PLACEMENT_3D('',#12294,#9536,#9537);
#8072=AXIS2_PLACEMENT_3D('',#12296,#9538,#9539);
#8073=AXIS2_PLACEMENT_3D('',#12300,#9541,#9542);
#8074=AXIS2_PLACEMENT_3D('',#12301,#9543,#9544);
#8075=AXIS2_PLACEMENT_3D('',#12302,#9545,#9546);
#8076=AXIS2_PLACEMENT_3D('',#12305,#9547,#9548);
#8077=AXIS2_PLACEMENT_3D('',#12309,#9550,#9551);
#8078=AXIS2_PLACEMENT_3D('',#12311,#9552,#9553);
#8079=AXIS2_PLACEMENT_3D('',#12313,#9554,#9555);
#8080=AXIS2_PLACEMENT_3D('',#12315,#9556,#9557);
#8081=AXIS2_PLACEMENT_3D('',#12317,#9558,#9559);
#8082=AXIS2_PLACEMENT_3D('',#12321,#9561,#9562);
#8083=AXIS2_PLACEMENT_3D('',#12322,#9563,#9564);
#8084=AXIS2_PLACEMENT_3D('',#12323,#9565,#9566);
#8085=AXIS2_PLACEMENT_3D('',#12326,#9567,#9568);
#8086=AXIS2_PLACEMENT_3D('',#12330,#9570,#9571);
#8087=AXIS2_PLACEMENT_3D('',#12332,#9572,#9573);
#8088=AXIS2_PLACEMENT_3D('',#12334,#9574,#9575);
#8089=AXIS2_PLACEMENT_3D('',#12336,#9576,#9577);
#8090=AXIS2_PLACEMENT_3D('',#12338,#9578,#9579);
#8091=AXIS2_PLACEMENT_3D('',#12342,#9581,#9582);
#8092=AXIS2_PLACEMENT_3D('',#12343,#9583,#9584);
#8093=AXIS2_PLACEMENT_3D('',#12344,#9585,#9586);
#8094=AXIS2_PLACEMENT_3D('',#12347,#9587,#9588);
#8095=AXIS2_PLACEMENT_3D('',#12351,#9590,#9591);
#8096=AXIS2_PLACEMENT_3D('',#12353,#9592,#9593);
#8097=AXIS2_PLACEMENT_3D('',#12355,#9594,#9595);
#8098=AXIS2_PLACEMENT_3D('',#12357,#9596,#9597);
#8099=AXIS2_PLACEMENT_3D('',#12359,#9598,#9599);
#8100=AXIS2_PLACEMENT_3D('',#12363,#9601,#9602);
#8101=AXIS2_PLACEMENT_3D('',#12364,#9603,#9604);
#8102=AXIS2_PLACEMENT_3D('',#12365,#9605,#9606);
#8103=AXIS2_PLACEMENT_3D('',#12368,#9607,#9608);
#8104=AXIS2_PLACEMENT_3D('',#12372,#9610,#9611);
#8105=AXIS2_PLACEMENT_3D('',#12374,#9612,#9613);
#8106=AXIS2_PLACEMENT_3D('',#12376,#9614,#9615);
#8107=AXIS2_PLACEMENT_3D('',#12378,#9616,#9617);
#8108=AXIS2_PLACEMENT_3D('',#12380,#9618,#9619);
#8109=AXIS2_PLACEMENT_3D('',#12384,#9621,#9622);
#8110=AXIS2_PLACEMENT_3D('',#12385,#9623,#9624);
#8111=AXIS2_PLACEMENT_3D('',#12386,#9625,#9626);
#8112=AXIS2_PLACEMENT_3D('',#12389,#9627,#9628);
#8113=AXIS2_PLACEMENT_3D('',#12393,#9630,#9631);
#8114=AXIS2_PLACEMENT_3D('',#12395,#9632,#9633);
#8115=AXIS2_PLACEMENT_3D('',#12397,#9634,#9635);
#8116=AXIS2_PLACEMENT_3D('',#12399,#9636,#9637);
#8117=AXIS2_PLACEMENT_3D('',#12401,#9638,#9639);
#8118=AXIS2_PLACEMENT_3D('',#12405,#9641,#9642);
#8119=AXIS2_PLACEMENT_3D('',#12406,#9643,#9644);
#8120=AXIS2_PLACEMENT_3D('',#12407,#9645,#9646);
#8121=AXIS2_PLACEMENT_3D('',#12410,#9647,#9648);
#8122=AXIS2_PLACEMENT_3D('',#12414,#9650,#9651);
#8123=AXIS2_PLACEMENT_3D('',#12416,#9652,#9653);
#8124=AXIS2_PLACEMENT_3D('',#12418,#9654,#9655);
#8125=AXIS2_PLACEMENT_3D('',#12420,#9656,#9657);
#8126=AXIS2_PLACEMENT_3D('',#12422,#9658,#9659);
#8127=AXIS2_PLACEMENT_3D('',#12426,#9661,#9662);
#8128=AXIS2_PLACEMENT_3D('',#12427,#9663,#9664);
#8129=AXIS2_PLACEMENT_3D('',#12428,#9665,#9666);
#8130=AXIS2_PLACEMENT_3D('',#12431,#9667,#9668);
#8131=AXIS2_PLACEMENT_3D('',#12435,#9670,#9671);
#8132=AXIS2_PLACEMENT_3D('',#12437,#9672,#9673);
#8133=AXIS2_PLACEMENT_3D('',#12439,#9674,#9675);
#8134=AXIS2_PLACEMENT_3D('',#12441,#9676,#9677);
#8135=AXIS2_PLACEMENT_3D('',#12443,#9678,#9679);
#8136=AXIS2_PLACEMENT_3D('',#12447,#9681,#9682);
#8137=AXIS2_PLACEMENT_3D('',#12448,#9683,#9684);
#8138=AXIS2_PLACEMENT_3D('',#12449,#9685,#9686);
#8139=AXIS2_PLACEMENT_3D('',#12452,#9687,#9688);
#8140=AXIS2_PLACEMENT_3D('',#12456,#9690,#9691);
#8141=AXIS2_PLACEMENT_3D('',#12458,#9692,#9693);
#8142=AXIS2_PLACEMENT_3D('',#12460,#9694,#9695);
#8143=AXIS2_PLACEMENT_3D('',#12462,#9696,#9697);
#8144=AXIS2_PLACEMENT_3D('',#12464,#9698,#9699);
#8145=AXIS2_PLACEMENT_3D('',#12468,#9701,#9702);
#8146=AXIS2_PLACEMENT_3D('',#12469,#9703,#9704);
#8147=AXIS2_PLACEMENT_3D('',#12470,#9705,#9706);
#8148=AXIS2_PLACEMENT_3D('',#12473,#9707,#9708);
#8149=AXIS2_PLACEMENT_3D('',#12477,#9710,#9711);
#8150=AXIS2_PLACEMENT_3D('',#12479,#9712,#9713);
#8151=AXIS2_PLACEMENT_3D('',#12481,#9714,#9715);
#8152=AXIS2_PLACEMENT_3D('',#12483,#9716,#9717);
#8153=AXIS2_PLACEMENT_3D('',#12485,#9718,#9719);
#8154=AXIS2_PLACEMENT_3D('',#12489,#9721,#9722);
#8155=AXIS2_PLACEMENT_3D('',#12490,#9723,#9724);
#8156=AXIS2_PLACEMENT_3D('',#12491,#9725,#9726);
#8157=AXIS2_PLACEMENT_3D('',#12494,#9727,#9728);
#8158=AXIS2_PLACEMENT_3D('',#12498,#9730,#9731);
#8159=AXIS2_PLACEMENT_3D('',#12500,#9732,#9733);
#8160=AXIS2_PLACEMENT_3D('',#12502,#9734,#9735);
#8161=AXIS2_PLACEMENT_3D('',#12504,#9736,#9737);
#8162=AXIS2_PLACEMENT_3D('',#12506,#9738,#9739);
#8163=AXIS2_PLACEMENT_3D('',#12510,#9741,#9742);
#8164=AXIS2_PLACEMENT_3D('',#12511,#9743,#9744);
#8165=AXIS2_PLACEMENT_3D('',#12512,#9745,#9746);
#8166=AXIS2_PLACEMENT_3D('',#12515,#9747,#9748);
#8167=AXIS2_PLACEMENT_3D('',#12519,#9750,#9751);
#8168=AXIS2_PLACEMENT_3D('',#12521,#9752,#9753);
#8169=AXIS2_PLACEMENT_3D('',#12523,#9754,#9755);
#8170=AXIS2_PLACEMENT_3D('',#12525,#9756,#9757);
#8171=AXIS2_PLACEMENT_3D('',#12527,#9758,#9759);
#8172=AXIS2_PLACEMENT_3D('',#12531,#9761,#9762);
#8173=AXIS2_PLACEMENT_3D('',#12532,#9763,#9764);
#8174=AXIS2_PLACEMENT_3D('',#12533,#9765,#9766);
#8175=AXIS2_PLACEMENT_3D('',#12536,#9767,#9768);
#8176=AXIS2_PLACEMENT_3D('',#12540,#9770,#9771);
#8177=AXIS2_PLACEMENT_3D('',#12542,#9772,#9773);
#8178=AXIS2_PLACEMENT_3D('',#12544,#9774,#9775);
#8179=AXIS2_PLACEMENT_3D('',#12546,#9776,#9777);
#8180=AXIS2_PLACEMENT_3D('',#12548,#9778,#9779);
#8181=AXIS2_PLACEMENT_3D('',#12552,#9781,#9782);
#8182=AXIS2_PLACEMENT_3D('',#12553,#9783,#9784);
#8183=AXIS2_PLACEMENT_3D('',#12554,#9785,#9786);
#8184=AXIS2_PLACEMENT_3D('',#12557,#9787,#9788);
#8185=AXIS2_PLACEMENT_3D('',#12561,#9790,#9791);
#8186=AXIS2_PLACEMENT_3D('',#12563,#9792,#9793);
#8187=AXIS2_PLACEMENT_3D('',#12565,#9794,#9795);
#8188=AXIS2_PLACEMENT_3D('',#12567,#9796,#9797);
#8189=AXIS2_PLACEMENT_3D('',#12569,#9798,#9799);
#8190=AXIS2_PLACEMENT_3D('',#12573,#9801,#9802);
#8191=AXIS2_PLACEMENT_3D('',#12574,#9803,#9804);
#8192=AXIS2_PLACEMENT_3D('',#12575,#9805,#9806);
#8193=AXIS2_PLACEMENT_3D('',#12578,#9807,#9808);
#8194=AXIS2_PLACEMENT_3D('',#12582,#9810,#9811);
#8195=AXIS2_PLACEMENT_3D('',#12584,#9812,#9813);
#8196=AXIS2_PLACEMENT_3D('',#12586,#9814,#9815);
#8197=AXIS2_PLACEMENT_3D('',#12588,#9816,#9817);
#8198=AXIS2_PLACEMENT_3D('',#12590,#9818,#9819);
#8199=AXIS2_PLACEMENT_3D('',#12594,#9821,#9822);
#8200=AXIS2_PLACEMENT_3D('',#12595,#9823,#9824);
#8201=AXIS2_PLACEMENT_3D('',#12596,#9825,#9826);
#8202=AXIS2_PLACEMENT_3D('',#12599,#9827,#9828);
#8203=AXIS2_PLACEMENT_3D('',#12603,#9830,#9831);
#8204=AXIS2_PLACEMENT_3D('',#12605,#9832,#9833);
#8205=AXIS2_PLACEMENT_3D('',#12607,#9834,#9835);
#8206=AXIS2_PLACEMENT_3D('',#12609,#9836,#9837);
#8207=AXIS2_PLACEMENT_3D('',#12611,#9838,#9839);
#8208=AXIS2_PLACEMENT_3D('',#12615,#9841,#9842);
#8209=AXIS2_PLACEMENT_3D('',#12616,#9843,#9844);
#8210=AXIS2_PLACEMENT_3D('',#12617,#9845,#9846);
#8211=AXIS2_PLACEMENT_3D('',#12620,#9847,#9848);
#8212=AXIS2_PLACEMENT_3D('',#12624,#9850,#9851);
#8213=AXIS2_PLACEMENT_3D('',#12626,#9852,#9853);
#8214=AXIS2_PLACEMENT_3D('',#12628,#9854,#9855);
#8215=AXIS2_PLACEMENT_3D('',#12630,#9856,#9857);
#8216=AXIS2_PLACEMENT_3D('',#12632,#9858,#9859);
#8217=AXIS2_PLACEMENT_3D('',#12636,#9861,#9862);
#8218=AXIS2_PLACEMENT_3D('',#12637,#9863,#9864);
#8219=AXIS2_PLACEMENT_3D('',#12638,#9865,#9866);
#8220=AXIS2_PLACEMENT_3D('',#12641,#9867,#9868);
#8221=AXIS2_PLACEMENT_3D('',#12645,#9870,#9871);
#8222=AXIS2_PLACEMENT_3D('',#12647,#9872,#9873);
#8223=AXIS2_PLACEMENT_3D('',#12649,#9874,#9875);
#8224=AXIS2_PLACEMENT_3D('',#12651,#9876,#9877);
#8225=AXIS2_PLACEMENT_3D('',#12653,#9878,#9879);
#8226=AXIS2_PLACEMENT_3D('',#12657,#9881,#9882);
#8227=AXIS2_PLACEMENT_3D('',#12658,#9883,#9884);
#8228=AXIS2_PLACEMENT_3D('',#12659,#9885,#9886);
#8229=AXIS2_PLACEMENT_3D('',#12662,#9887,#9888);
#8230=AXIS2_PLACEMENT_3D('',#12666,#9890,#9891);
#8231=AXIS2_PLACEMENT_3D('',#12668,#9892,#9893);
#8232=AXIS2_PLACEMENT_3D('',#12670,#9894,#9895);
#8233=AXIS2_PLACEMENT_3D('',#12672,#9896,#9897);
#8234=AXIS2_PLACEMENT_3D('',#12674,#9898,#9899);
#8235=AXIS2_PLACEMENT_3D('',#12678,#9901,#9902);
#8236=AXIS2_PLACEMENT_3D('',#12679,#9903,#9904);
#8237=AXIS2_PLACEMENT_3D('',#12680,#9905,#9906);
#8238=AXIS2_PLACEMENT_3D('',#12683,#9907,#9908);
#8239=AXIS2_PLACEMENT_3D('',#12687,#9910,#9911);
#8240=AXIS2_PLACEMENT_3D('',#12689,#9912,#9913);
#8241=AXIS2_PLACEMENT_3D('',#12691,#9914,#9915);
#8242=AXIS2_PLACEMENT_3D('',#12693,#9916,#9917);
#8243=AXIS2_PLACEMENT_3D('',#12695,#9918,#9919);
#8244=AXIS2_PLACEMENT_3D('',#12699,#9921,#9922);
#8245=AXIS2_PLACEMENT_3D('',#12700,#9923,#9924);
#8246=AXIS2_PLACEMENT_3D('',#12701,#9925,#9926);
#8247=AXIS2_PLACEMENT_3D('',#12704,#9927,#9928);
#8248=AXIS2_PLACEMENT_3D('',#12708,#9930,#9931);
#8249=AXIS2_PLACEMENT_3D('',#12710,#9932,#9933);
#8250=AXIS2_PLACEMENT_3D('',#12712,#9934,#9935);
#8251=AXIS2_PLACEMENT_3D('',#12714,#9936,#9937);
#8252=AXIS2_PLACEMENT_3D('',#12716,#9938,#9939);
#8253=AXIS2_PLACEMENT_3D('',#12720,#9941,#9942);
#8254=AXIS2_PLACEMENT_3D('',#12721,#9943,#9944);
#8255=AXIS2_PLACEMENT_3D('',#12722,#9945,#9946);
#8256=AXIS2_PLACEMENT_3D('',#12725,#9947,#9948);
#8257=AXIS2_PLACEMENT_3D('',#12729,#9950,#9951);
#8258=AXIS2_PLACEMENT_3D('',#12731,#9952,#9953);
#8259=AXIS2_PLACEMENT_3D('',#12733,#9954,#9955);
#8260=AXIS2_PLACEMENT_3D('',#12735,#9956,#9957);
#8261=AXIS2_PLACEMENT_3D('',#12737,#9958,#9959);
#8262=AXIS2_PLACEMENT_3D('',#12741,#9961,#9962);
#8263=AXIS2_PLACEMENT_3D('',#12742,#9963,#9964);
#8264=AXIS2_PLACEMENT_3D('',#12743,#9965,#9966);
#8265=AXIS2_PLACEMENT_3D('',#12746,#9967,#9968);
#8266=AXIS2_PLACEMENT_3D('',#12750,#9970,#9971);
#8267=AXIS2_PLACEMENT_3D('',#12752,#9972,#9973);
#8268=AXIS2_PLACEMENT_3D('',#12754,#9974,#9975);
#8269=AXIS2_PLACEMENT_3D('',#12756,#9976,#9977);
#8270=AXIS2_PLACEMENT_3D('',#12758,#9978,#9979);
#8271=AXIS2_PLACEMENT_3D('',#12762,#9981,#9982);
#8272=AXIS2_PLACEMENT_3D('',#12763,#9983,#9984);
#8273=AXIS2_PLACEMENT_3D('',#12764,#9985,#9986);
#8274=AXIS2_PLACEMENT_3D('',#12767,#9987,#9988);
#8275=AXIS2_PLACEMENT_3D('',#12771,#9990,#9991);
#8276=AXIS2_PLACEMENT_3D('',#12773,#9992,#9993);
#8277=AXIS2_PLACEMENT_3D('',#12775,#9994,#9995);
#8278=AXIS2_PLACEMENT_3D('',#12777,#9996,#9997);
#8279=AXIS2_PLACEMENT_3D('',#12779,#9998,#9999);
#8280=AXIS2_PLACEMENT_3D('',#12783,#10001,#10002);
#8281=AXIS2_PLACEMENT_3D('',#12784,#10003,#10004);
#8282=AXIS2_PLACEMENT_3D('',#12785,#10005,#10006);
#8283=AXIS2_PLACEMENT_3D('',#12788,#10007,#10008);
#8284=AXIS2_PLACEMENT_3D('',#12792,#10010,#10011);
#8285=AXIS2_PLACEMENT_3D('',#12794,#10012,#10013);
#8286=AXIS2_PLACEMENT_3D('',#12796,#10014,#10015);
#8287=AXIS2_PLACEMENT_3D('',#12798,#10016,#10017);
#8288=AXIS2_PLACEMENT_3D('',#12800,#10018,#10019);
#8289=AXIS2_PLACEMENT_3D('',#12804,#10021,#10022);
#8290=AXIS2_PLACEMENT_3D('',#12805,#10023,#10024);
#8291=AXIS2_PLACEMENT_3D('',#12806,#10025,#10026);
#8292=AXIS2_PLACEMENT_3D('',#12809,#10027,#10028);
#8293=AXIS2_PLACEMENT_3D('',#12813,#10030,#10031);
#8294=AXIS2_PLACEMENT_3D('',#12815,#10032,#10033);
#8295=AXIS2_PLACEMENT_3D('',#12817,#10034,#10035);
#8296=AXIS2_PLACEMENT_3D('',#12819,#10036,#10037);
#8297=AXIS2_PLACEMENT_3D('',#12821,#10038,#10039);
#8298=AXIS2_PLACEMENT_3D('',#12825,#10041,#10042);
#8299=AXIS2_PLACEMENT_3D('',#12826,#10043,#10044);
#8300=AXIS2_PLACEMENT_3D('',#12827,#10045,#10046);
#8301=AXIS2_PLACEMENT_3D('',#12830,#10047,#10048);
#8302=AXIS2_PLACEMENT_3D('',#12834,#10050,#10051);
#8303=AXIS2_PLACEMENT_3D('',#12836,#10052,#10053);
#8304=AXIS2_PLACEMENT_3D('',#12838,#10054,#10055);
#8305=AXIS2_PLACEMENT_3D('',#12840,#10056,#10057);
#8306=AXIS2_PLACEMENT_3D('',#12842,#10058,#10059);
#8307=AXIS2_PLACEMENT_3D('',#12846,#10061,#10062);
#8308=AXIS2_PLACEMENT_3D('',#12847,#10063,#10064);
#8309=AXIS2_PLACEMENT_3D('',#12848,#10065,#10066);
#8310=AXIS2_PLACEMENT_3D('',#12851,#10067,#10068);
#8311=AXIS2_PLACEMENT_3D('',#12855,#10070,#10071);
#8312=AXIS2_PLACEMENT_3D('',#12857,#10072,#10073);
#8313=AXIS2_PLACEMENT_3D('',#12859,#10074,#10075);
#8314=AXIS2_PLACEMENT_3D('',#12861,#10076,#10077);
#8315=AXIS2_PLACEMENT_3D('',#12863,#10078,#10079);
#8316=AXIS2_PLACEMENT_3D('',#12867,#10081,#10082);
#8317=AXIS2_PLACEMENT_3D('',#12868,#10083,#10084);
#8318=AXIS2_PLACEMENT_3D('',#12869,#10085,#10086);
#8319=AXIS2_PLACEMENT_3D('',#12872,#10087,#10088);
#8320=AXIS2_PLACEMENT_3D('',#12876,#10090,#10091);
#8321=AXIS2_PLACEMENT_3D('',#12878,#10092,#10093);
#8322=AXIS2_PLACEMENT_3D('',#12880,#10094,#10095);
#8323=AXIS2_PLACEMENT_3D('',#12882,#10096,#10097);
#8324=AXIS2_PLACEMENT_3D('',#12884,#10098,#10099);
#8325=AXIS2_PLACEMENT_3D('',#12888,#10101,#10102);
#8326=AXIS2_PLACEMENT_3D('',#12889,#10103,#10104);
#8327=AXIS2_PLACEMENT_3D('',#12890,#10105,#10106);
#8328=AXIS2_PLACEMENT_3D('',#12893,#10107,#10108);
#8329=AXIS2_PLACEMENT_3D('',#12897,#10110,#10111);
#8330=AXIS2_PLACEMENT_3D('',#12899,#10112,#10113);
#8331=AXIS2_PLACEMENT_3D('',#12901,#10114,#10115);
#8332=AXIS2_PLACEMENT_3D('',#12903,#10116,#10117);
#8333=AXIS2_PLACEMENT_3D('',#12905,#10118,#10119);
#8334=AXIS2_PLACEMENT_3D('',#12909,#10121,#10122);
#8335=AXIS2_PLACEMENT_3D('',#12910,#10123,#10124);
#8336=AXIS2_PLACEMENT_3D('',#12911,#10125,#10126);
#8337=AXIS2_PLACEMENT_3D('',#12914,#10127,#10128);
#8338=AXIS2_PLACEMENT_3D('',#12918,#10130,#10131);
#8339=AXIS2_PLACEMENT_3D('',#12920,#10132,#10133);
#8340=AXIS2_PLACEMENT_3D('',#12922,#10134,#10135);
#8341=AXIS2_PLACEMENT_3D('',#12924,#10136,#10137);
#8342=AXIS2_PLACEMENT_3D('',#12926,#10138,#10139);
#8343=AXIS2_PLACEMENT_3D('',#12930,#10141,#10142);
#8344=AXIS2_PLACEMENT_3D('',#12931,#10143,#10144);
#8345=AXIS2_PLACEMENT_3D('',#12932,#10145,#10146);
#8346=AXIS2_PLACEMENT_3D('',#12935,#10147,#10148);
#8347=AXIS2_PLACEMENT_3D('',#12939,#10150,#10151);
#8348=AXIS2_PLACEMENT_3D('',#12941,#10152,#10153);
#8349=AXIS2_PLACEMENT_3D('',#12943,#10154,#10155);
#8350=AXIS2_PLACEMENT_3D('',#12945,#10156,#10157);
#8351=AXIS2_PLACEMENT_3D('',#12947,#10158,#10159);
#8352=AXIS2_PLACEMENT_3D('',#12951,#10161,#10162);
#8353=AXIS2_PLACEMENT_3D('',#12952,#10163,#10164);
#8354=AXIS2_PLACEMENT_3D('',#12953,#10165,#10166);
#8355=AXIS2_PLACEMENT_3D('',#12956,#10167,#10168);
#8356=AXIS2_PLACEMENT_3D('',#12960,#10170,#10171);
#8357=AXIS2_PLACEMENT_3D('',#12962,#10172,#10173);
#8358=AXIS2_PLACEMENT_3D('',#12964,#10174,#10175);
#8359=AXIS2_PLACEMENT_3D('',#12966,#10176,#10177);
#8360=AXIS2_PLACEMENT_3D('',#12968,#10178,#10179);
#8361=AXIS2_PLACEMENT_3D('',#12972,#10181,#10182);
#8362=AXIS2_PLACEMENT_3D('',#12973,#10183,#10184);
#8363=AXIS2_PLACEMENT_3D('',#12974,#10185,#10186);
#8364=AXIS2_PLACEMENT_3D('',#12977,#10187,#10188);
#8365=AXIS2_PLACEMENT_3D('',#12981,#10190,#10191);
#8366=AXIS2_PLACEMENT_3D('',#12983,#10192,#10193);
#8367=AXIS2_PLACEMENT_3D('',#12985,#10194,#10195);
#8368=AXIS2_PLACEMENT_3D('',#12987,#10196,#10197);
#8369=AXIS2_PLACEMENT_3D('',#12989,#10198,#10199);
#8370=AXIS2_PLACEMENT_3D('',#12993,#10201,#10202);
#8371=AXIS2_PLACEMENT_3D('',#12994,#10203,#10204);
#8372=AXIS2_PLACEMENT_3D('',#12995,#10205,#10206);
#8373=AXIS2_PLACEMENT_3D('',#12998,#10207,#10208);
#8374=AXIS2_PLACEMENT_3D('',#13002,#10210,#10211);
#8375=AXIS2_PLACEMENT_3D('',#13004,#10212,#10213);
#8376=AXIS2_PLACEMENT_3D('',#13006,#10214,#10215);
#8377=AXIS2_PLACEMENT_3D('',#13008,#10216,#10217);
#8378=AXIS2_PLACEMENT_3D('',#13010,#10218,#10219);
#8379=AXIS2_PLACEMENT_3D('',#13014,#10221,#10222);
#8380=AXIS2_PLACEMENT_3D('',#13015,#10223,#10224);
#8381=AXIS2_PLACEMENT_3D('',#13016,#10225,#10226);
#8382=AXIS2_PLACEMENT_3D('',#13019,#10227,#10228);
#8383=AXIS2_PLACEMENT_3D('',#13023,#10230,#10231);
#8384=AXIS2_PLACEMENT_3D('',#13025,#10232,#10233);
#8385=AXIS2_PLACEMENT_3D('',#13027,#10234,#10235);
#8386=AXIS2_PLACEMENT_3D('',#13029,#10236,#10237);
#8387=AXIS2_PLACEMENT_3D('',#13031,#10238,#10239);
#8388=AXIS2_PLACEMENT_3D('',#13035,#10241,#10242);
#8389=AXIS2_PLACEMENT_3D('',#13036,#10243,#10244);
#8390=AXIS2_PLACEMENT_3D('',#13037,#10245,#10246);
#8391=AXIS2_PLACEMENT_3D('',#13040,#10247,#10248);
#8392=AXIS2_PLACEMENT_3D('',#13044,#10250,#10251);
#8393=AXIS2_PLACEMENT_3D('',#13046,#10252,#10253);
#8394=AXIS2_PLACEMENT_3D('',#13048,#10254,#10255);
#8395=AXIS2_PLACEMENT_3D('',#13050,#10256,#10257);
#8396=AXIS2_PLACEMENT_3D('',#13052,#10258,#10259);
#8397=AXIS2_PLACEMENT_3D('',#13056,#10261,#10262);
#8398=AXIS2_PLACEMENT_3D('',#13057,#10263,#10264);
#8399=AXIS2_PLACEMENT_3D('',#13058,#10265,#10266);
#8400=AXIS2_PLACEMENT_3D('',#13061,#10267,#10268);
#8401=AXIS2_PLACEMENT_3D('',#13065,#10270,#10271);
#8402=AXIS2_PLACEMENT_3D('',#13067,#10272,#10273);
#8403=AXIS2_PLACEMENT_3D('',#13069,#10274,#10275);
#8404=AXIS2_PLACEMENT_3D('',#13071,#10276,#10277);
#8405=AXIS2_PLACEMENT_3D('',#13073,#10278,#10279);
#8406=AXIS2_PLACEMENT_3D('',#13077,#10281,#10282);
#8407=AXIS2_PLACEMENT_3D('',#13078,#10283,#10284);
#8408=AXIS2_PLACEMENT_3D('',#13079,#10285,#10286);
#8409=AXIS2_PLACEMENT_3D('',#13082,#10287,#10288);
#8410=AXIS2_PLACEMENT_3D('',#13086,#10290,#10291);
#8411=AXIS2_PLACEMENT_3D('',#13088,#10292,#10293);
#8412=AXIS2_PLACEMENT_3D('',#13090,#10294,#10295);
#8413=AXIS2_PLACEMENT_3D('',#13092,#10296,#10297);
#8414=AXIS2_PLACEMENT_3D('',#13094,#10298,#10299);
#8415=AXIS2_PLACEMENT_3D('',#13098,#10301,#10302);
#8416=AXIS2_PLACEMENT_3D('',#13099,#10303,#10304);
#8417=AXIS2_PLACEMENT_3D('',#13100,#10305,#10306);
#8418=AXIS2_PLACEMENT_3D('',#13103,#10307,#10308);
#8419=AXIS2_PLACEMENT_3D('',#13107,#10310,#10311);
#8420=AXIS2_PLACEMENT_3D('',#13109,#10312,#10313);
#8421=AXIS2_PLACEMENT_3D('',#13111,#10314,#10315);
#8422=AXIS2_PLACEMENT_3D('',#13113,#10316,#10317);
#8423=AXIS2_PLACEMENT_3D('',#13115,#10318,#10319);
#8424=AXIS2_PLACEMENT_3D('',#13119,#10321,#10322);
#8425=AXIS2_PLACEMENT_3D('',#13120,#10323,#10324);
#8426=AXIS2_PLACEMENT_3D('',#13121,#10325,#10326);
#8427=AXIS2_PLACEMENT_3D('',#13124,#10327,#10328);
#8428=AXIS2_PLACEMENT_3D('',#13128,#10330,#10331);
#8429=AXIS2_PLACEMENT_3D('',#13130,#10332,#10333);
#8430=AXIS2_PLACEMENT_3D('',#13132,#10334,#10335);
#8431=AXIS2_PLACEMENT_3D('',#13134,#10336,#10337);
#8432=AXIS2_PLACEMENT_3D('',#13136,#10338,#10339);
#8433=AXIS2_PLACEMENT_3D('',#13140,#10341,#10342);
#8434=AXIS2_PLACEMENT_3D('',#13141,#10343,#10344);
#8435=AXIS2_PLACEMENT_3D('',#13142,#10345,#10346);
#8436=AXIS2_PLACEMENT_3D('',#13145,#10347,#10348);
#8437=AXIS2_PLACEMENT_3D('',#13149,#10350,#10351);
#8438=AXIS2_PLACEMENT_3D('',#13151,#10352,#10353);
#8439=AXIS2_PLACEMENT_3D('',#13153,#10354,#10355);
#8440=AXIS2_PLACEMENT_3D('',#13155,#10356,#10357);
#8441=AXIS2_PLACEMENT_3D('',#13157,#10358,#10359);
#8442=AXIS2_PLACEMENT_3D('',#13161,#10361,#10362);
#8443=AXIS2_PLACEMENT_3D('',#13162,#10363,#10364);
#8444=AXIS2_PLACEMENT_3D('',#13163,#10365,#10366);
#8445=AXIS2_PLACEMENT_3D('',#13165,#10368,#10369);
#8446=AXIS2_PLACEMENT_3D('',#13167,#10371,#10372);
#8447=AXIS2_PLACEMENT_3D('',#13170,#10375,#10376);
#8448=AXIS2_PLACEMENT_3D('',#13173,#10379,#10380);
#8449=AXIS2_PLACEMENT_3D('',#13175,#10382,#10383);
#8450=AXIS2_PLACEMENT_3D('',#13178,#10386,#10387);
#8451=AXIS2_PLACEMENT_3D('',#13180,#10389,#10390);
#8452=AXIS2_PLACEMENT_3D('',#13182,#10392,#10393);
#8453=AXIS2_PLACEMENT_3D('',#13183,#10394,#10395);
#8454=AXIS2_PLACEMENT_3D('',#13184,#10396,#10397);
#8455=AXIS2_PLACEMENT_3D('',#13185,#10398,#10399);
#8456=AXIS2_PLACEMENT_3D('',#13186,#10400,#10401);
#8457=AXIS2_PLACEMENT_3D('',#13188,#10403,#10404);
#8458=AXIS2_PLACEMENT_3D('',#13190,#10406,#10407);
#8459=AXIS2_PLACEMENT_3D('',#13193,#10410,#10411);
#8460=AXIS2_PLACEMENT_3D('',#13196,#10414,#10415);
#8461=AXIS2_PLACEMENT_3D('',#13198,#10417,#10418);
#8462=AXIS2_PLACEMENT_3D('',#13200,#10420,#10421);
#8463=AXIS2_PLACEMENT_3D('',#13202,#10423,#10424);
#8464=AXIS2_PLACEMENT_3D('',#13204,#10426,#10427);
#8465=AXIS2_PLACEMENT_3D('',#13205,#10428,#10429);
#8466=AXIS2_PLACEMENT_3D('',#13206,#10430,#10431);
#8467=AXIS2_PLACEMENT_3D('',#13207,#10432,#10433);
#8468=AXIS2_PLACEMENT_3D('',#13208,#10434,#10435);
#8469=AXIS2_PLACEMENT_3D('',#13210,#10437,#10438);
#8470=AXIS2_PLACEMENT_3D('',#13212,#10440,#10441);
#8471=AXIS2_PLACEMENT_3D('',#13215,#10444,#10445);
#8472=AXIS2_PLACEMENT_3D('',#13218,#10448,#10449);
#8473=AXIS2_PLACEMENT_3D('',#13220,#10451,#10452);
#8474=AXIS2_PLACEMENT_3D('',#13222,#10454,#10455);
#8475=AXIS2_PLACEMENT_3D('',#13224,#10457,#10458);
#8476=AXIS2_PLACEMENT_3D('',#13226,#10460,#10461);
#8477=AXIS2_PLACEMENT_3D('',#13227,#10462,#10463);
#8478=AXIS2_PLACEMENT_3D('',#13228,#10464,#10465);
#8479=AXIS2_PLACEMENT_3D('',#13229,#10466,#10467);
#8480=AXIS2_PLACEMENT_3D('',#13230,#10468,#10469);
#8481=AXIS2_PLACEMENT_3D('',#13232,#10471,#10472);
#8482=AXIS2_PLACEMENT_3D('',#13234,#10474,#10475);
#8483=AXIS2_PLACEMENT_3D('',#13237,#10478,#10479);
#8484=AXIS2_PLACEMENT_3D('',#13240,#10482,#10483);
#8485=AXIS2_PLACEMENT_3D('',#13242,#10485,#10486);
#8486=AXIS2_PLACEMENT_3D('',#13244,#10488,#10489);
#8487=AXIS2_PLACEMENT_3D('',#13246,#10491,#10492);
#8488=AXIS2_PLACEMENT_3D('',#13248,#10494,#10495);
#8489=AXIS2_PLACEMENT_3D('',#13249,#10496,#10497);
#8490=AXIS2_PLACEMENT_3D('',#13250,#10498,#10499);
#8491=AXIS2_PLACEMENT_3D('',#13251,#10500,#10501);
#8492=AXIS2_PLACEMENT_3D('',#13252,#10502,#10503);
#8493=AXIS2_PLACEMENT_3D('',#13254,#10505,#10506);
#8494=AXIS2_PLACEMENT_3D('',#13256,#10508,#10509);
#8495=AXIS2_PLACEMENT_3D('',#13259,#10512,#10513);
#8496=AXIS2_PLACEMENT_3D('',#13262,#10516,#10517);
#8497=AXIS2_PLACEMENT_3D('',#13264,#10519,#10520);
#8498=AXIS2_PLACEMENT_3D('',#13266,#10522,#10523);
#8499=AXIS2_PLACEMENT_3D('',#13268,#10525,#10526);
#8500=AXIS2_PLACEMENT_3D('',#13270,#10528,#10529);
#8501=AXIS2_PLACEMENT_3D('',#13271,#10530,#10531);
#8502=AXIS2_PLACEMENT_3D('',#13272,#10532,#10533);
#8503=AXIS2_PLACEMENT_3D('',#13273,#10534,#10535);
#8504=AXIS2_PLACEMENT_3D('',#13274,#10536,#10537);
#8505=AXIS2_PLACEMENT_3D('',#13276,#10539,#10540);
#8506=AXIS2_PLACEMENT_3D('',#13278,#10542,#10543);
#8507=AXIS2_PLACEMENT_3D('',#13281,#10546,#10547);
#8508=AXIS2_PLACEMENT_3D('',#13284,#10550,#10551);
#8509=AXIS2_PLACEMENT_3D('',#13286,#10553,#10554);
#8510=AXIS2_PLACEMENT_3D('',#13288,#10556,#10557);
#8511=AXIS2_PLACEMENT_3D('',#13290,#10559,#10560);
#8512=AXIS2_PLACEMENT_3D('',#13292,#10562,#10563);
#8513=AXIS2_PLACEMENT_3D('',#13293,#10564,#10565);
#8514=AXIS2_PLACEMENT_3D('',#13294,#10566,#10567);
#8515=AXIS2_PLACEMENT_3D('',#13295,#10568,#10569);
#8516=AXIS2_PLACEMENT_3D('',#13296,#10570,#10571);
#8517=AXIS2_PLACEMENT_3D('',#13298,#10573,#10574);
#8518=AXIS2_PLACEMENT_3D('',#13300,#10576,#10577);
#8519=AXIS2_PLACEMENT_3D('',#13303,#10580,#10581);
#8520=AXIS2_PLACEMENT_3D('',#13306,#10584,#10585);
#8521=AXIS2_PLACEMENT_3D('',#13308,#10587,#10588);
#8522=AXIS2_PLACEMENT_3D('',#13310,#10590,#10591);
#8523=AXIS2_PLACEMENT_3D('',#13312,#10593,#10594);
#8524=AXIS2_PLACEMENT_3D('',#13314,#10596,#10597);
#8525=AXIS2_PLACEMENT_3D('',#13315,#10598,#10599);
#8526=AXIS2_PLACEMENT_3D('',#13316,#10600,#10601);
#8527=AXIS2_PLACEMENT_3D('',#13317,#10602,#10603);
#8528=AXIS2_PLACEMENT_3D('',#13318,#10604,#10605);
#8529=AXIS2_PLACEMENT_3D('',#13320,#10607,#10608);
#8530=AXIS2_PLACEMENT_3D('',#13322,#10610,#10611);
#8531=AXIS2_PLACEMENT_3D('',#13325,#10614,#10615);
#8532=AXIS2_PLACEMENT_3D('',#13328,#10618,#10619);
#8533=AXIS2_PLACEMENT_3D('',#13330,#10621,#10622);
#8534=AXIS2_PLACEMENT_3D('',#13332,#10624,#10625);
#8535=AXIS2_PLACEMENT_3D('',#13334,#10627,#10628);
#8536=AXIS2_PLACEMENT_3D('',#13336,#10630,#10631);
#8537=AXIS2_PLACEMENT_3D('',#13337,#10632,#10633);
#8538=AXIS2_PLACEMENT_3D('',#13338,#10634,#10635);
#8539=AXIS2_PLACEMENT_3D('',#13339,#10636,#10637);
#8540=AXIS2_PLACEMENT_3D('',#13340,#10638,#10639);
#8541=AXIS2_PLACEMENT_3D('',#13342,#10641,#10642);
#8542=AXIS2_PLACEMENT_3D('',#13344,#10644,#10645);
#8543=AXIS2_PLACEMENT_3D('',#13347,#10648,#10649);
#8544=AXIS2_PLACEMENT_3D('',#13350,#10652,#10653);
#8545=AXIS2_PLACEMENT_3D('',#13352,#10655,#10656);
#8546=AXIS2_PLACEMENT_3D('',#13354,#10658,#10659);
#8547=AXIS2_PLACEMENT_3D('',#13356,#10661,#10662);
#8548=AXIS2_PLACEMENT_3D('',#13358,#10664,#10665);
#8549=AXIS2_PLACEMENT_3D('',#13359,#10666,#10667);
#8550=AXIS2_PLACEMENT_3D('',#13360,#10668,#10669);
#8551=AXIS2_PLACEMENT_3D('',#13361,#10670,#10671);
#8552=AXIS2_PLACEMENT_3D('',#13362,#10672,#10673);
#8553=AXIS2_PLACEMENT_3D('',#13364,#10675,#10676);
#8554=AXIS2_PLACEMENT_3D('',#13366,#10678,#10679);
#8555=AXIS2_PLACEMENT_3D('',#13369,#10682,#10683);
#8556=AXIS2_PLACEMENT_3D('',#13372,#10686,#10687);
#8557=AXIS2_PLACEMENT_3D('',#13374,#10689,#10690);
#8558=AXIS2_PLACEMENT_3D('',#13376,#10692,#10693);
#8559=AXIS2_PLACEMENT_3D('',#13378,#10695,#10696);
#8560=AXIS2_PLACEMENT_3D('',#13380,#10698,#10699);
#8561=AXIS2_PLACEMENT_3D('',#13381,#10700,#10701);
#8562=AXIS2_PLACEMENT_3D('',#13382,#10702,#10703);
#8563=AXIS2_PLACEMENT_3D('',#13383,#10704,#10705);
#8564=AXIS2_PLACEMENT_3D('',#13384,#10706,#10707);
#8565=AXIS2_PLACEMENT_3D('',#13386,#10709,#10710);
#8566=AXIS2_PLACEMENT_3D('',#13388,#10712,#10713);
#8567=AXIS2_PLACEMENT_3D('',#13391,#10716,#10717);
#8568=AXIS2_PLACEMENT_3D('',#13394,#10720,#10721);
#8569=AXIS2_PLACEMENT_3D('',#13396,#10723,#10724);
#8570=AXIS2_PLACEMENT_3D('',#13398,#10726,#10727);
#8571=AXIS2_PLACEMENT_3D('',#13400,#10729,#10730);
#8572=AXIS2_PLACEMENT_3D('',#13402,#10732,#10733);
#8573=AXIS2_PLACEMENT_3D('',#13403,#10734,#10735);
#8574=AXIS2_PLACEMENT_3D('',#13404,#10736,#10737);
#8575=AXIS2_PLACEMENT_3D('',#13405,#10738,#10739);
#8576=AXIS2_PLACEMENT_3D('',#13406,#10740,#10741);
#8577=AXIS2_PLACEMENT_3D('',#13408,#10743,#10744);
#8578=AXIS2_PLACEMENT_3D('',#13410,#10746,#10747);
#8579=AXIS2_PLACEMENT_3D('',#13413,#10750,#10751);
#8580=AXIS2_PLACEMENT_3D('',#13416,#10754,#10755);
#8581=AXIS2_PLACEMENT_3D('',#13418,#10757,#10758);
#8582=AXIS2_PLACEMENT_3D('',#13420,#10760,#10761);
#8583=AXIS2_PLACEMENT_3D('',#13422,#10763,#10764);
#8584=AXIS2_PLACEMENT_3D('',#13424,#10766,#10767);
#8585=AXIS2_PLACEMENT_3D('',#13425,#10768,#10769);
#8586=AXIS2_PLACEMENT_3D('',#13426,#10770,#10771);
#8587=AXIS2_PLACEMENT_3D('',#13427,#10772,#10773);
#8588=AXIS2_PLACEMENT_3D('',#13428,#10774,#10775);
#8589=AXIS2_PLACEMENT_3D('',#13430,#10777,#10778);
#8590=AXIS2_PLACEMENT_3D('',#13432,#10780,#10781);
#8591=AXIS2_PLACEMENT_3D('',#13435,#10784,#10785);
#8592=AXIS2_PLACEMENT_3D('',#13438,#10788,#10789);
#8593=AXIS2_PLACEMENT_3D('',#13440,#10791,#10792);
#8594=AXIS2_PLACEMENT_3D('',#13442,#10794,#10795);
#8595=AXIS2_PLACEMENT_3D('',#13444,#10797,#10798);
#8596=AXIS2_PLACEMENT_3D('',#13446,#10800,#10801);
#8597=AXIS2_PLACEMENT_3D('',#13447,#10802,#10803);
#8598=AXIS2_PLACEMENT_3D('',#13448,#10804,#10805);
#8599=AXIS2_PLACEMENT_3D('',#13449,#10806,#10807);
#8600=AXIS2_PLACEMENT_3D('',#13450,#10808,#10809);
#8601=AXIS2_PLACEMENT_3D('',#13452,#10811,#10812);
#8602=AXIS2_PLACEMENT_3D('',#13454,#10814,#10815);
#8603=AXIS2_PLACEMENT_3D('',#13457,#10818,#10819);
#8604=AXIS2_PLACEMENT_3D('',#13460,#10822,#10823);
#8605=AXIS2_PLACEMENT_3D('',#13462,#10825,#10826);
#8606=AXIS2_PLACEMENT_3D('',#13464,#10828,#10829);
#8607=AXIS2_PLACEMENT_3D('',#13466,#10831,#10832);
#8608=AXIS2_PLACEMENT_3D('',#13468,#10834,#10835);
#8609=AXIS2_PLACEMENT_3D('',#13469,#10836,#10837);
#8610=AXIS2_PLACEMENT_3D('',#13470,#10838,#10839);
#8611=AXIS2_PLACEMENT_3D('',#13471,#10840,#10841);
#8612=AXIS2_PLACEMENT_3D('',#13472,#10842,#10843);
#8613=AXIS2_PLACEMENT_3D('',#13474,#10845,#10846);
#8614=AXIS2_PLACEMENT_3D('',#13476,#10848,#10849);
#8615=AXIS2_PLACEMENT_3D('',#13479,#10852,#10853);
#8616=AXIS2_PLACEMENT_3D('',#13482,#10856,#10857);
#8617=AXIS2_PLACEMENT_3D('',#13484,#10859,#10860);
#8618=AXIS2_PLACEMENT_3D('',#13486,#10862,#10863);
#8619=AXIS2_PLACEMENT_3D('',#13488,#10865,#10866);
#8620=AXIS2_PLACEMENT_3D('',#13490,#10868,#10869);
#8621=AXIS2_PLACEMENT_3D('',#13491,#10870,#10871);
#8622=AXIS2_PLACEMENT_3D('',#13492,#10872,#10873);
#8623=AXIS2_PLACEMENT_3D('',#13493,#10874,#10875);
#8624=AXIS2_PLACEMENT_3D('',#13494,#10876,#10877);
#8625=AXIS2_PLACEMENT_3D('',#13496,#10879,#10880);
#8626=AXIS2_PLACEMENT_3D('',#13498,#10882,#10883);
#8627=AXIS2_PLACEMENT_3D('',#13501,#10886,#10887);
#8628=AXIS2_PLACEMENT_3D('',#13504,#10890,#10891);
#8629=AXIS2_PLACEMENT_3D('',#13506,#10893,#10894);
#8630=AXIS2_PLACEMENT_3D('',#13508,#10896,#10897);
#8631=AXIS2_PLACEMENT_3D('',#13510,#10899,#10900);
#8632=AXIS2_PLACEMENT_3D('',#13512,#10902,#10903);
#8633=AXIS2_PLACEMENT_3D('',#13513,#10904,#10905);
#8634=AXIS2_PLACEMENT_3D('',#13514,#10906,#10907);
#8635=AXIS2_PLACEMENT_3D('',#13515,#10908,#10909);
#8636=AXIS2_PLACEMENT_3D('',#13516,#10910,#10911);
#8637=AXIS2_PLACEMENT_3D('',#13518,#10913,#10914);
#8638=AXIS2_PLACEMENT_3D('',#13520,#10916,#10917);
#8639=AXIS2_PLACEMENT_3D('',#13523,#10920,#10921);
#8640=AXIS2_PLACEMENT_3D('',#13526,#10924,#10925);
#8641=AXIS2_PLACEMENT_3D('',#13528,#10927,#10928);
#8642=AXIS2_PLACEMENT_3D('',#13530,#10930,#10931);
#8643=AXIS2_PLACEMENT_3D('',#13532,#10933,#10934);
#8644=AXIS2_PLACEMENT_3D('',#13534,#10936,#10937);
#8645=AXIS2_PLACEMENT_3D('',#13535,#10938,#10939);
#8646=AXIS2_PLACEMENT_3D('',#13536,#10940,#10941);
#8647=AXIS2_PLACEMENT_3D('',#13537,#10942,#10943);
#8648=AXIS2_PLACEMENT_3D('',#13538,#10944,#10945);
#8649=AXIS2_PLACEMENT_3D('',#13540,#10947,#10948);
#8650=AXIS2_PLACEMENT_3D('',#13542,#10950,#10951);
#8651=AXIS2_PLACEMENT_3D('',#13545,#10954,#10955);
#8652=AXIS2_PLACEMENT_3D('',#13548,#10958,#10959);
#8653=AXIS2_PLACEMENT_3D('',#13550,#10961,#10962);
#8654=AXIS2_PLACEMENT_3D('',#13552,#10964,#10965);
#8655=AXIS2_PLACEMENT_3D('',#13554,#10967,#10968);
#8656=AXIS2_PLACEMENT_3D('',#13556,#10970,#10971);
#8657=AXIS2_PLACEMENT_3D('',#13557,#10972,#10973);
#8658=AXIS2_PLACEMENT_3D('',#13558,#10974,#10975);
#8659=AXIS2_PLACEMENT_3D('',#13559,#10976,#10977);
#8660=AXIS2_PLACEMENT_3D('',#13560,#10978,#10979);
#8661=AXIS2_PLACEMENT_3D('',#13562,#10981,#10982);
#8662=AXIS2_PLACEMENT_3D('',#13564,#10984,#10985);
#8663=AXIS2_PLACEMENT_3D('',#13567,#10988,#10989);
#8664=AXIS2_PLACEMENT_3D('',#13570,#10992,#10993);
#8665=AXIS2_PLACEMENT_3D('',#13572,#10995,#10996);
#8666=AXIS2_PLACEMENT_3D('',#13574,#10998,#10999);
#8667=AXIS2_PLACEMENT_3D('',#13576,#11001,#11002);
#8668=AXIS2_PLACEMENT_3D('',#13578,#11004,#11005);
#8669=AXIS2_PLACEMENT_3D('',#13579,#11006,#11007);
#8670=AXIS2_PLACEMENT_3D('',#13580,#11008,#11009);
#8671=AXIS2_PLACEMENT_3D('',#13581,#11010,#11011);
#8672=AXIS2_PLACEMENT_3D('',#13582,#11012,#11013);
#8673=AXIS2_PLACEMENT_3D('',#13584,#11015,#11016);
#8674=AXIS2_PLACEMENT_3D('',#13586,#11018,#11019);
#8675=AXIS2_PLACEMENT_3D('',#13589,#11022,#11023);
#8676=AXIS2_PLACEMENT_3D('',#13592,#11026,#11027);
#8677=AXIS2_PLACEMENT_3D('',#13594,#11029,#11030);
#8678=AXIS2_PLACEMENT_3D('',#13596,#11032,#11033);
#8679=AXIS2_PLACEMENT_3D('',#13598,#11035,#11036);
#8680=AXIS2_PLACEMENT_3D('',#13600,#11038,#11039);
#8681=AXIS2_PLACEMENT_3D('',#13601,#11040,#11041);
#8682=AXIS2_PLACEMENT_3D('',#13602,#11042,#11043);
#8683=AXIS2_PLACEMENT_3D('',#13603,#11044,#11045);
#8684=AXIS2_PLACEMENT_3D('',#13604,#11046,#11047);
#8685=AXIS2_PLACEMENT_3D('',#13606,#11049,#11050);
#8686=AXIS2_PLACEMENT_3D('',#13608,#11052,#11053);
#8687=AXIS2_PLACEMENT_3D('',#13611,#11056,#11057);
#8688=AXIS2_PLACEMENT_3D('',#13614,#11060,#11061);
#8689=AXIS2_PLACEMENT_3D('',#13616,#11063,#11064);
#8690=AXIS2_PLACEMENT_3D('',#13618,#11066,#11067);
#8691=AXIS2_PLACEMENT_3D('',#13620,#11069,#11070);
#8692=AXIS2_PLACEMENT_3D('',#13622,#11072,#11073);
#8693=AXIS2_PLACEMENT_3D('',#13623,#11074,#11075);
#8694=AXIS2_PLACEMENT_3D('',#13624,#11076,#11077);
#8695=AXIS2_PLACEMENT_3D('',#13625,#11078,#11079);
#8696=AXIS2_PLACEMENT_3D('',#13626,#11080,#11081);
#8697=AXIS2_PLACEMENT_3D('',#13628,#11083,#11084);
#8698=AXIS2_PLACEMENT_3D('',#13630,#11086,#11087);
#8699=AXIS2_PLACEMENT_3D('',#13633,#11090,#11091);
#8700=AXIS2_PLACEMENT_3D('',#13636,#11094,#11095);
#8701=AXIS2_PLACEMENT_3D('',#13638,#11097,#11098);
#8702=AXIS2_PLACEMENT_3D('',#13640,#11100,#11101);
#8703=AXIS2_PLACEMENT_3D('',#13642,#11103,#11104);
#8704=AXIS2_PLACEMENT_3D('',#13644,#11106,#11107);
#8705=AXIS2_PLACEMENT_3D('',#13645,#11108,#11109);
#8706=AXIS2_PLACEMENT_3D('',#13646,#11110,#11111);
#8707=AXIS2_PLACEMENT_3D('',#13647,#11112,#11113);
#8708=AXIS2_PLACEMENT_3D('',#13648,#11114,#11115);
#8709=AXIS2_PLACEMENT_3D('',#13650,#11117,#11118);
#8710=AXIS2_PLACEMENT_3D('',#13652,#11120,#11121);
#8711=AXIS2_PLACEMENT_3D('',#13655,#11124,#11125);
#8712=AXIS2_PLACEMENT_3D('',#13658,#11128,#11129);
#8713=AXIS2_PLACEMENT_3D('',#13660,#11131,#11132);
#8714=AXIS2_PLACEMENT_3D('',#13662,#11134,#11135);
#8715=AXIS2_PLACEMENT_3D('',#13664,#11137,#11138);
#8716=AXIS2_PLACEMENT_3D('',#13666,#11140,#11141);
#8717=AXIS2_PLACEMENT_3D('',#13667,#11142,#11143);
#8718=AXIS2_PLACEMENT_3D('',#13668,#11144,#11145);
#8719=AXIS2_PLACEMENT_3D('',#13669,#11146,#11147);
#8720=AXIS2_PLACEMENT_3D('',#13670,#11148,#11149);
#8721=AXIS2_PLACEMENT_3D('',#13672,#11151,#11152);
#8722=AXIS2_PLACEMENT_3D('',#13674,#11154,#11155);
#8723=AXIS2_PLACEMENT_3D('',#13677,#11158,#11159);
#8724=AXIS2_PLACEMENT_3D('',#13680,#11162,#11163);
#8725=AXIS2_PLACEMENT_3D('',#13682,#11165,#11166);
#8726=AXIS2_PLACEMENT_3D('',#13684,#11168,#11169);
#8727=AXIS2_PLACEMENT_3D('',#13686,#11171,#11172);
#8728=AXIS2_PLACEMENT_3D('',#13688,#11174,#11175);
#8729=AXIS2_PLACEMENT_3D('',#13689,#11176,#11177);
#8730=AXIS2_PLACEMENT_3D('',#13690,#11178,#11179);
#8731=AXIS2_PLACEMENT_3D('',#13691,#11180,#11181);
#8732=AXIS2_PLACEMENT_3D('',#13692,#11182,#11183);
#8733=AXIS2_PLACEMENT_3D('',#13694,#11185,#11186);
#8734=AXIS2_PLACEMENT_3D('',#13696,#11188,#11189);
#8735=AXIS2_PLACEMENT_3D('',#13699,#11192,#11193);
#8736=AXIS2_PLACEMENT_3D('',#13702,#11196,#11197);
#8737=AXIS2_PLACEMENT_3D('',#13704,#11199,#11200);
#8738=AXIS2_PLACEMENT_3D('',#13706,#11202,#11203);
#8739=AXIS2_PLACEMENT_3D('',#13708,#11205,#11206);
#8740=AXIS2_PLACEMENT_3D('',#13710,#11208,#11209);
#8741=AXIS2_PLACEMENT_3D('',#13711,#11210,#11211);
#8742=AXIS2_PLACEMENT_3D('',#13712,#11212,#11213);
#8743=AXIS2_PLACEMENT_3D('',#13713,#11214,#11215);
#8744=AXIS2_PLACEMENT_3D('',#13714,#11216,#11217);
#8745=AXIS2_PLACEMENT_3D('',#13716,#11219,#11220);
#8746=AXIS2_PLACEMENT_3D('',#13718,#11222,#11223);
#8747=AXIS2_PLACEMENT_3D('',#13721,#11226,#11227);
#8748=AXIS2_PLACEMENT_3D('',#13724,#11230,#11231);
#8749=AXIS2_PLACEMENT_3D('',#13726,#11233,#11234);
#8750=AXIS2_PLACEMENT_3D('',#13728,#11236,#11237);
#8751=AXIS2_PLACEMENT_3D('',#13730,#11239,#11240);
#8752=AXIS2_PLACEMENT_3D('',#13732,#11242,#11243);
#8753=AXIS2_PLACEMENT_3D('',#13733,#11244,#11245);
#8754=AXIS2_PLACEMENT_3D('',#13734,#11246,#11247);
#8755=AXIS2_PLACEMENT_3D('',#13735,#11248,#11249);
#8756=AXIS2_PLACEMENT_3D('',#13736,#11250,#11251);
#8757=AXIS2_PLACEMENT_3D('',#13738,#11253,#11254);
#8758=AXIS2_PLACEMENT_3D('',#13740,#11256,#11257);
#8759=AXIS2_PLACEMENT_3D('',#13743,#11260,#11261);
#8760=AXIS2_PLACEMENT_3D('',#13746,#11264,#11265);
#8761=AXIS2_PLACEMENT_3D('',#13748,#11267,#11268);
#8762=AXIS2_PLACEMENT_3D('',#13750,#11270,#11271);
#8763=AXIS2_PLACEMENT_3D('',#13752,#11273,#11274);
#8764=AXIS2_PLACEMENT_3D('',#13754,#11276,#11277);
#8765=AXIS2_PLACEMENT_3D('',#13755,#11278,#11279);
#8766=AXIS2_PLACEMENT_3D('',#13756,#11280,#11281);
#8767=AXIS2_PLACEMENT_3D('',#13757,#11282,#11283);
#8768=AXIS2_PLACEMENT_3D('',#13758,#11284,#11285);
#8769=AXIS2_PLACEMENT_3D('',#13760,#11287,#11288);
#8770=AXIS2_PLACEMENT_3D('',#13762,#11290,#11291);
#8771=AXIS2_PLACEMENT_3D('',#13765,#11294,#11295);
#8772=AXIS2_PLACEMENT_3D('',#13768,#11298,#11299);
#8773=AXIS2_PLACEMENT_3D('',#13770,#11301,#11302);
#8774=AXIS2_PLACEMENT_3D('',#13772,#11304,#11305);
#8775=AXIS2_PLACEMENT_3D('',#13774,#11307,#11308);
#8776=AXIS2_PLACEMENT_3D('',#13776,#11310,#11311);
#8777=AXIS2_PLACEMENT_3D('',#13777,#11312,#11313);
#8778=AXIS2_PLACEMENT_3D('',#13778,#11314,#11315);
#8779=AXIS2_PLACEMENT_3D('',#13779,#11316,#11317);
#8780=AXIS2_PLACEMENT_3D('',#13780,#11318,#11319);
#8781=AXIS2_PLACEMENT_3D('',#13782,#11321,#11322);
#8782=AXIS2_PLACEMENT_3D('',#13784,#11324,#11325);
#8783=AXIS2_PLACEMENT_3D('',#13787,#11328,#11329);
#8784=AXIS2_PLACEMENT_3D('',#13790,#11332,#11333);
#8785=AXIS2_PLACEMENT_3D('',#13792,#11335,#11336);
#8786=AXIS2_PLACEMENT_3D('',#13794,#11338,#11339);
#8787=AXIS2_PLACEMENT_3D('',#13796,#11341,#11342);
#8788=AXIS2_PLACEMENT_3D('',#13798,#11344,#11345);
#8789=AXIS2_PLACEMENT_3D('',#13799,#11346,#11347);
#8790=AXIS2_PLACEMENT_3D('',#13800,#11348,#11349);
#8791=AXIS2_PLACEMENT_3D('',#13801,#11350,#11351);
#8792=AXIS2_PLACEMENT_3D('',#13802,#11352,#11353);
#8793=AXIS2_PLACEMENT_3D('',#13804,#11355,#11356);
#8794=AXIS2_PLACEMENT_3D('',#13806,#11358,#11359);
#8795=AXIS2_PLACEMENT_3D('',#13809,#11362,#11363);
#8796=AXIS2_PLACEMENT_3D('',#13812,#11366,#11367);
#8797=AXIS2_PLACEMENT_3D('',#13814,#11369,#11370);
#8798=AXIS2_PLACEMENT_3D('',#13816,#11372,#11373);
#8799=AXIS2_PLACEMENT_3D('',#13818,#11375,#11376);
#8800=AXIS2_PLACEMENT_3D('',#13820,#11378,#11379);
#8801=AXIS2_PLACEMENT_3D('',#13821,#11380,#11381);
#8802=AXIS2_PLACEMENT_3D('',#13822,#11382,#11383);
#8803=AXIS2_PLACEMENT_3D('',#13823,#11384,#11385);
#8804=AXIS2_PLACEMENT_3D('',#13824,#11386,#11387);
#8805=AXIS2_PLACEMENT_3D('',#13826,#11389,#11390);
#8806=AXIS2_PLACEMENT_3D('',#13828,#11392,#11393);
#8807=AXIS2_PLACEMENT_3D('',#13831,#11396,#11397);
#8808=AXIS2_PLACEMENT_3D('',#13834,#11400,#11401);
#8809=AXIS2_PLACEMENT_3D('',#13836,#11403,#11404);
#8810=AXIS2_PLACEMENT_3D('',#13838,#11406,#11407);
#8811=AXIS2_PLACEMENT_3D('',#13840,#11409,#11410);
#8812=AXIS2_PLACEMENT_3D('',#13842,#11412,#11413);
#8813=AXIS2_PLACEMENT_3D('',#13843,#11414,#11415);
#8814=AXIS2_PLACEMENT_3D('',#13844,#11416,#11417);
#8815=AXIS2_PLACEMENT_3D('',#13845,#11418,#11419);
#8816=AXIS2_PLACEMENT_3D('',#13846,#11420,#11421);
#8817=AXIS2_PLACEMENT_3D('',#13848,#11423,#11424);
#8818=AXIS2_PLACEMENT_3D('',#13850,#11426,#11427);
#8819=AXIS2_PLACEMENT_3D('',#13853,#11430,#11431);
#8820=AXIS2_PLACEMENT_3D('',#13856,#11434,#11435);
#8821=AXIS2_PLACEMENT_3D('',#13858,#11437,#11438);
#8822=AXIS2_PLACEMENT_3D('',#13860,#11440,#11441);
#8823=AXIS2_PLACEMENT_3D('',#13862,#11443,#11444);
#8824=AXIS2_PLACEMENT_3D('',#13864,#11446,#11447);
#8825=AXIS2_PLACEMENT_3D('',#13865,#11448,#11449);
#8826=AXIS2_PLACEMENT_3D('',#13866,#11450,#11451);
#8827=AXIS2_PLACEMENT_3D('',#13867,#11452,#11453);
#8828=AXIS2_PLACEMENT_3D('',#13868,#11454,#11455);
#8829=AXIS2_PLACEMENT_3D('',#13870,#11457,#11458);
#8830=AXIS2_PLACEMENT_3D('',#13872,#11460,#11461);
#8831=AXIS2_PLACEMENT_3D('',#13875,#11464,#11465);
#8832=AXIS2_PLACEMENT_3D('',#13878,#11468,#11469);
#8833=AXIS2_PLACEMENT_3D('',#13880,#11471,#11472);
#8834=AXIS2_PLACEMENT_3D('',#13882,#11474,#11475);
#8835=AXIS2_PLACEMENT_3D('',#13884,#11477,#11478);
#8836=AXIS2_PLACEMENT_3D('',#13886,#11480,#11481);
#8837=AXIS2_PLACEMENT_3D('',#13887,#11482,#11483);
#8838=AXIS2_PLACEMENT_3D('',#13888,#11484,#11485);
#8839=AXIS2_PLACEMENT_3D('',#13889,#11486,#11487);
#8840=AXIS2_PLACEMENT_3D('',#13890,#11488,#11489);
#8841=AXIS2_PLACEMENT_3D('',#13892,#11491,#11492);
#8842=AXIS2_PLACEMENT_3D('',#13894,#11494,#11495);
#8843=AXIS2_PLACEMENT_3D('',#13897,#11498,#11499);
#8844=AXIS2_PLACEMENT_3D('',#13900,#11502,#11503);
#8845=AXIS2_PLACEMENT_3D('',#13902,#11505,#11506);
#8846=AXIS2_PLACEMENT_3D('',#13904,#11508,#11509);
#8847=AXIS2_PLACEMENT_3D('',#13906,#11511,#11512);
#8848=AXIS2_PLACEMENT_3D('',#13908,#11514,#11515);
#8849=AXIS2_PLACEMENT_3D('',#13909,#11516,#11517);
#8850=AXIS2_PLACEMENT_3D('',#13910,#11518,#11519);
#8851=AXIS2_PLACEMENT_3D('',#13911,#11520,#11521);
#8852=AXIS2_PLACEMENT_3D('',#13912,#11522,#11523);
#8853=AXIS2_PLACEMENT_3D('',#13914,#11525,#11526);
#8854=AXIS2_PLACEMENT_3D('',#13916,#11528,#11529);
#8855=AXIS2_PLACEMENT_3D('',#13919,#11532,#11533);
#8856=AXIS2_PLACEMENT_3D('',#13922,#11536,#11537);
#8857=AXIS2_PLACEMENT_3D('',#13924,#11539,#11540);
#8858=AXIS2_PLACEMENT_3D('',#13926,#11542,#11543);
#8859=AXIS2_PLACEMENT_3D('',#13928,#11545,#11546);
#8860=AXIS2_PLACEMENT_3D('',#13930,#11548,#11549);
#8861=AXIS2_PLACEMENT_3D('',#13931,#11550,#11551);
#8862=AXIS2_PLACEMENT_3D('',#13932,#11552,#11553);
#8863=AXIS2_PLACEMENT_3D('',#13933,#11554,#11555);
#8864=AXIS2_PLACEMENT_3D('',#13934,#11556,#11557);
#8865=AXIS2_PLACEMENT_3D('',#13936,#11559,#11560);
#8866=AXIS2_PLACEMENT_3D('',#13937,#11561,#11562);
#8867=AXIS2_PLACEMENT_3D('',#13940,#11565,#11566);
#8868=AXIS2_PLACEMENT_3D('',#13943,#11569,#11570);
#8869=AXIS2_PLACEMENT_3D('',#13945,#11572,#11573);
#8870=AXIS2_PLACEMENT_3D('',#13948,#11576,#11577);
#8871=AXIS2_PLACEMENT_3D('',#13950,#11579,#11580);
#8872=AXIS2_PLACEMENT_3D('',#13951,#11581,#11582);
#8873=AXIS2_PLACEMENT_3D('',#13952,#11583,#11584);
#8874=AXIS2_PLACEMENT_3D('',#13953,#11585,#11586);
#8875=AXIS2_PLACEMENT_3D('',#13954,#11587,#11588);
#8876=AXIS2_PLACEMENT_3D('',#13955,#11589,#11590);
#8877=AXIS2_PLACEMENT_3D('',#13956,#11591,#11592);
#8878=AXIS2_PLACEMENT_3D('',#13959,#11595,#11596);
#8879=AXIS2_PLACEMENT_3D('',#13961,#11598,#11599);
#8880=AXIS2_PLACEMENT_3D('',#13963,#11601,#11602);
#8881=AXIS2_PLACEMENT_3D('',#13964,#11603,#11604);
#8882=AXIS2_PLACEMENT_3D('',#13965,#11605,#11606);
#8883=AXIS2_PLACEMENT_3D('',#13966,#11607,#11608);
#8884=AXIS2_PLACEMENT_3D('',#13967,#11609,#11610);
#8885=DIRECTION('',(0.,0.,1.));
#8886=DIRECTION('',(1.,0.,0.));
#8887=DIRECTION('',(0.,1.,0.));
#8888=DIRECTION('',(1.,0.,0.));
#8889=DIRECTION('',(0.,1.,0.));
#8890=DIRECTION('',(0.,0.,1.));
#8891=DIRECTION('',(0.,1.,0.));
#8892=DIRECTION('',(0.,0.,1.));
#8893=DIRECTION('',(0.,1.,0.));
#8894=DIRECTION('',(0.,0.,1.));
#8895=DIRECTION('',(0.,1.,0.));
#8896=DIRECTION('',(0.,0.,1.));
#8897=DIRECTION('',(0.,1.,0.));
#8898=DIRECTION('',(0.,0.,1.));
#8899=DIRECTION('',(0.,1.,0.));
#8900=DIRECTION('',(0.,0.,1.));
#8901=DIRECTION('',(0.,0.,1.));
#8902=DIRECTION('',(0.,1.,0.));
#8903=DIRECTION('',(0.,0.,1.));
#8904=DIRECTION('',(0.,0.,-1.));
#8905=DIRECTION('',(0.,-1.,0.));
#8906=DIRECTION('',(1.,0.,0.));
#8907=DIRECTION('',(0.,-1.,0.));
#8908=DIRECTION('',(0.,0.,-1.));
#8909=DIRECTION('',(0.,-1.,0.));
#8910=DIRECTION('',(0.,0.,-1.));
#8911=DIRECTION('',(0.,-1.,0.));
#8912=DIRECTION('',(0.,0.,-1.));
#8913=DIRECTION('',(0.,-1.,0.));
#8914=DIRECTION('',(0.,0.,-1.));
#8915=DIRECTION('',(0.,-1.,0.));
#8916=DIRECTION('',(0.,0.,-1.));
#8917=DIRECTION('',(0.,-1.,0.));
#8918=DIRECTION('',(0.,0.,-1.));
#8919=DIRECTION('',(0.,0.,-1.));
#8920=DIRECTION('',(0.,-1.,0.));
#8921=DIRECTION('',(0.,0.,-1.));
#8922=DIRECTION('',(0.,0.,1.));
#8923=DIRECTION('',(0.,-1.,0.));
#8924=DIRECTION('',(1.,0.,0.));
#8925=DIRECTION('',(0.,-1.,0.));
#8926=DIRECTION('',(0.,0.,-1.));
#8927=DIRECTION('',(0.,1.,0.));
#8928=DIRECTION('',(0.,0.,1.));
#8929=DIRECTION('',(-0.107678299711688,0.,0.994185789362934));
#8930=DIRECTION('',(0.,-1.,0.));
#8931=DIRECTION('',(0.,0.,-1.));
#8932=DIRECTION('',(0.,-1.,0.));
#8933=DIRECTION('',(0.,0.,-1.));
#8934=DIRECTION('',(0.,-1.,0.));
#8935=DIRECTION('',(0.,0.,-1.));
#8936=DIRECTION('',(0.,-1.,0.));
#8937=DIRECTION('',(0.,0.,-1.));
#8938=DIRECTION('',(0.,-1.,0.));
#8939=DIRECTION('',(0.,0.,-1.));
#8940=DIRECTION('',(0.238847062512411,0.,-0.971057197455017));
#8941=DIRECTION('',(0.,1.,0.));
#8942=DIRECTION('',(0.,0.,1.));
#8943=DIRECTION('',(0.,-1.,0.));
#8944=DIRECTION('',(1.,0.,0.));
#8945=DIRECTION('',(0.,-1.,0.));
#8946=DIRECTION('',(0.,0.,-1.));
#8947=DIRECTION('',(0.,1.,0.));
#8948=DIRECTION('',(0.,0.,1.));
#8949=DIRECTION('',(-0.278680974972568,0.,0.960383732779944));
#8950=DIRECTION('',(0.,-1.,0.));
#8951=DIRECTION('',(0.,0.,-1.));
#8952=DIRECTION('',(0.,-1.,0.));
#8953=DIRECTION('',(0.,0.,-1.));
#8954=DIRECTION('',(0.,-1.,0.));
#8955=DIRECTION('',(0.,0.,-1.));
#8956=DIRECTION('',(0.,-1.,0.));
#8957=DIRECTION('',(0.,0.,-1.));
#8958=DIRECTION('',(0.,-1.,0.));
#8959=DIRECTION('',(0.,0.,-1.));
#8960=DIRECTION('',(0.403840751694834,0.,-0.914829299525628));
#8961=DIRECTION('',(0.,1.,0.));
#8962=DIRECTION('',(0.,0.,1.));
#8963=DIRECTION('',(0.,-1.,0.));
#8964=DIRECTION('',(1.,0.,0.));
#8965=DIRECTION('',(0.,-1.,0.));
#8966=DIRECTION('',(0.,0.,-1.));
#8967=DIRECTION('',(0.,1.,0.));
#8968=DIRECTION('',(0.,0.,1.));
#8969=DIRECTION('',(-0.441216069828119,0.,0.897400902454098));
#8970=DIRECTION('',(0.,-1.,0.));
#8971=DIRECTION('',(0.,0.,-1.));
#8972=DIRECTION('',(0.,-1.,0.));
#8973=DIRECTION('',(0.,0.,-1.));
#8974=DIRECTION('',(0.,-1.,0.));
#8975=DIRECTION('',(0.,0.,-1.));
#8976=DIRECTION('',(0.,-1.,0.));
#8977=DIRECTION('',(0.,0.,-1.));
#8978=DIRECTION('',(0.,-1.,0.));
#8979=DIRECTION('',(0.,0.,-1.));
#8980=DIRECTION('',(0.55656394399029,0.,-0.830804776256115));
#8981=DIRECTION('',(0.,1.,0.));
#8982=DIRECTION('',(0.,0.,1.));
#8983=DIRECTION('',(0.,-1.,0.));
#8984=DIRECTION('',(1.,0.,0.));
#8985=DIRECTION('',(0.,-1.,0.));
#8986=DIRECTION('',(0.,0.,-1.));
#8987=DIRECTION('',(0.,1.,0.));
#8988=DIRECTION('',(0.,0.,1.));
#8989=DIRECTION('',(-0.590345037668059,0.,0.807150999813974));
#8990=DIRECTION('',(0.,-1.,0.));
#8991=DIRECTION('',(0.,0.,-1.));
#8992=DIRECTION('',(0.,-1.,0.));
#8993=DIRECTION('',(0.,0.,-1.));
#8994=DIRECTION('',(0.,-1.,0.));
#8995=DIRECTION('',(0.,0.,-1.));
#8996=DIRECTION('',(0.,-1.,0.));
#8997=DIRECTION('',(0.,0.,-1.));
#8998=DIRECTION('',(0.,-1.,0.));
#8999=DIRECTION('',(0.,0.,-1.));
#9000=DIRECTION('',(0.692376222482547,0.,-0.721536670267561));
#9001=DIRECTION('',(0.,1.,0.));
#9002=DIRECTION('',(0.,0.,1.));
#9003=DIRECTION('',(0.,-1.,0.));
#9004=DIRECTION('',(1.,0.,0.));
#9005=DIRECTION('',(0.,-1.,0.));
#9006=DIRECTION('',(0.,0.,-1.));
#9007=DIRECTION('',(0.,1.,0.));
#9008=DIRECTION('',(0.,0.,1.));
#9009=DIRECTION('',(-0.721536670267758,0.,0.692376222482342));
#9010=DIRECTION('',(0.,-1.,0.));
#9011=DIRECTION('',(0.,0.,-1.));
#9012=DIRECTION('',(0.,-1.,0.));
#9013=DIRECTION('',(0.,0.,-1.));
#9014=DIRECTION('',(0.,-1.,0.));
#9015=DIRECTION('',(0.,0.,-1.));
#9016=DIRECTION('',(0.,-1.,0.));
#9017=DIRECTION('',(0.,0.,-1.));
#9018=DIRECTION('',(0.,-1.,0.));
#9019=DIRECTION('',(0.,0.,-1.));
#9020=DIRECTION('',(0.807150999813944,0.,-0.590345037668101));
#9021=DIRECTION('',(0.,1.,0.));
#9022=DIRECTION('',(0.,0.,1.));
#9023=DIRECTION('',(0.,-1.,0.));
#9024=DIRECTION('',(1.,0.,0.));
#9025=DIRECTION('',(0.,-1.,0.));
#9026=DIRECTION('',(0.,0.,-1.));
#9027=DIRECTION('',(0.,1.,0.));
#9028=DIRECTION('',(0.,0.,1.));
#9029=DIRECTION('',(-0.830804776255951,0.,0.556563943990535));
#9030=DIRECTION('',(0.,-1.,0.));
#9031=DIRECTION('',(0.,0.,-1.));
#9032=DIRECTION('',(0.,-1.,0.));
#9033=DIRECTION('',(0.,0.,-1.));
#9034=DIRECTION('',(0.,-1.,0.));
#9035=DIRECTION('',(0.,0.,-1.));
#9036=DIRECTION('',(0.,-1.,0.));
#9037=DIRECTION('',(0.,0.,-1.));
#9038=DIRECTION('',(0.,-1.,0.));
#9039=DIRECTION('',(0.,0.,-1.));
#9040=DIRECTION('',(0.897400902454108,0.,-0.441216069828097));
#9041=DIRECTION('',(0.,1.,0.));
#9042=DIRECTION('',(0.,0.,1.));
#9043=DIRECTION('',(0.,-1.,0.));
#9044=DIRECTION('',(1.,0.,0.));
#9045=DIRECTION('',(0.,-1.,0.));
#9046=DIRECTION('',(0.,0.,-1.));
#9047=DIRECTION('',(0.,1.,0.));
#9048=DIRECTION('',(0.,0.,1.));
#9049=DIRECTION('',(-0.914829299525364,0.,0.403840751695431));
#9050=DIRECTION('',(0.,-1.,0.));
#9051=DIRECTION('',(0.,0.,-1.));
#9052=DIRECTION('',(0.,-1.,0.));
#9053=DIRECTION('',(0.,0.,-1.));
#9054=DIRECTION('',(0.,-1.,0.));
#9055=DIRECTION('',(0.,0.,-1.));
#9056=DIRECTION('',(0.,-1.,0.));
#9057=DIRECTION('',(0.,0.,-1.));
#9058=DIRECTION('',(0.,-1.,0.));
#9059=DIRECTION('',(0.,0.,-1.));
#9060=DIRECTION('',(0.960383732779972,0.,-0.278680974972472));
#9061=DIRECTION('',(0.,1.,0.));
#9062=DIRECTION('',(0.,0.,1.));
#9063=DIRECTION('',(0.,-1.,0.));
#9064=DIRECTION('',(1.,0.,0.));
#9065=DIRECTION('',(0.,-1.,0.));
#9066=DIRECTION('',(0.,0.,-1.));
#9067=DIRECTION('',(0.,1.,0.));
#9068=DIRECTION('',(0.,0.,1.));
#9069=DIRECTION('',(-0.971057197455033,0.,0.238847062512347));
#9070=DIRECTION('',(0.,-1.,0.));
#9071=DIRECTION('',(0.,0.,-1.));
#9072=DIRECTION('',(0.,-1.,0.));
#9073=DIRECTION('',(0.,0.,-1.));
#9074=DIRECTION('',(0.,-1.,0.));
#9075=DIRECTION('',(0.,0.,-1.));
#9076=DIRECTION('',(0.,-1.,0.));
#9077=DIRECTION('',(0.,0.,-1.));
#9078=DIRECTION('',(0.,-1.,0.));
#9079=DIRECTION('',(0.,0.,-1.));
#9080=DIRECTION('',(0.994185789362934,0.,-0.107678299711684));
#9081=DIRECTION('',(0.,1.,0.));
#9082=DIRECTION('',(0.,0.,1.));
#9083=DIRECTION('',(0.,-1.,0.));
#9084=DIRECTION('',(1.,0.,0.));
#9085=DIRECTION('',(0.,-1.,0.));
#9086=DIRECTION('',(0.,0.,-1.));
#9087=DIRECTION('',(0.,1.,0.));
#9088=DIRECTION('',(0.,0.,1.));
#9089=DIRECTION('',(-0.997780013818386,0.,0.066596126198015));
#9090=DIRECTION('',(0.,-1.,0.));
#9091=DIRECTION('',(0.,0.,-1.));
#9092=DIRECTION('',(0.,-1.,0.));
#9093=DIRECTION('',(0.,0.,-1.));
#9094=DIRECTION('',(0.,-1.,0.));
#9095=DIRECTION('',(0.,0.,-1.));
#9096=DIRECTION('',(0.,-1.,0.));
#9097=DIRECTION('',(0.,0.,-1.));
#9098=DIRECTION('',(0.,-1.,0.));
#9099=DIRECTION('',(0.,0.,-1.));
#9100=DIRECTION('',(0.997780013818387,0.,0.0665961261979932));
#9101=DIRECTION('',(0.,1.,0.));
#9102=DIRECTION('',(0.,0.,1.));
#9103=DIRECTION('',(0.,-1.,0.));
#9104=DIRECTION('',(1.,0.,0.));
#9105=DIRECTION('',(0.,-1.,0.));
#9106=DIRECTION('',(0.,0.,-1.));
#9107=DIRECTION('',(0.,1.,0.));
#9108=DIRECTION('',(0.,0.,1.));
#9109=DIRECTION('',(-0.994185789362935,0.,-0.107678299711681));
#9110=DIRECTION('',(0.,-1.,0.));
#9111=DIRECTION('',(0.,0.,-1.));
#9112=DIRECTION('',(0.,-1.,0.));
#9113=DIRECTION('',(0.,0.,-1.));
#9114=DIRECTION('',(0.,-1.,0.));
#9115=DIRECTION('',(0.,0.,-1.));
#9116=DIRECTION('',(0.,-1.,0.));
#9117=DIRECTION('',(0.,0.,-1.));
#9118=DIRECTION('',(0.,-1.,0.));
#9119=DIRECTION('',(0.,0.,-1.));
#9120=DIRECTION('',(0.971057197455017,0.,0.238847062512411));
#9121=DIRECTION('',(0.,1.,0.));
#9122=DIRECTION('',(0.,0.,1.));
#9123=DIRECTION('',(0.,-1.,0.));
#9124=DIRECTION('',(1.,0.,0.));
#9125=DIRECTION('',(0.,-1.,0.));
#9126=DIRECTION('',(0.,0.,-1.));
#9127=DIRECTION('',(0.,1.,0.));
#9128=DIRECTION('',(0.,0.,1.));
#9129=DIRECTION('',(-0.960383732779944,0.,-0.278680974972568));
#9130=DIRECTION('',(0.,-1.,0.));
#9131=DIRECTION('',(0.,0.,-1.));
#9132=DIRECTION('',(0.,-1.,0.));
#9133=DIRECTION('',(0.,0.,-1.));
#9134=DIRECTION('',(0.,-1.,0.));
#9135=DIRECTION('',(0.,0.,-1.));
#9136=DIRECTION('',(0.,-1.,0.));
#9137=DIRECTION('',(0.,0.,-1.));
#9138=DIRECTION('',(0.,-1.,0.));
#9139=DIRECTION('',(0.,0.,-1.));
#9140=DIRECTION('',(0.914829299525628,0.,0.403840751694834));
#9141=DIRECTION('',(0.,1.,0.));
#9142=DIRECTION('',(0.,0.,1.));
#9143=DIRECTION('',(0.,-1.,0.));
#9144=DIRECTION('',(1.,0.,0.));
#9145=DIRECTION('',(0.,-1.,0.));
#9146=DIRECTION('',(0.,0.,-1.));
#9147=DIRECTION('',(0.,1.,0.));
#9148=DIRECTION('',(0.,0.,1.));
#9149=DIRECTION('',(-0.897400902454098,0.,-0.441216069828119));
#9150=DIRECTION('',(0.,-1.,0.));
#9151=DIRECTION('',(0.,0.,-1.));
#9152=DIRECTION('',(0.,-1.,0.));
#9153=DIRECTION('',(0.,0.,-1.));
#9154=DIRECTION('',(0.,-1.,0.));
#9155=DIRECTION('',(0.,0.,-1.));
#9156=DIRECTION('',(0.,-1.,0.));
#9157=DIRECTION('',(0.,0.,-1.));
#9158=DIRECTION('',(0.,-1.,0.));
#9159=DIRECTION('',(0.,0.,-1.));
#9160=DIRECTION('',(0.830804776256115,0.,0.55656394399029));
#9161=DIRECTION('',(0.,1.,0.));
#9162=DIRECTION('',(0.,0.,1.));
#9163=DIRECTION('',(0.,-1.,0.));
#9164=DIRECTION('',(1.,0.,0.));
#9165=DIRECTION('',(0.,-1.,0.));
#9166=DIRECTION('',(0.,0.,-1.));
#9167=DIRECTION('',(0.,1.,0.));
#9168=DIRECTION('',(0.,0.,1.));
#9169=DIRECTION('',(-0.807150999813974,0.,-0.590345037668059));
#9170=DIRECTION('',(0.,-1.,0.));
#9171=DIRECTION('',(0.,0.,-1.));
#9172=DIRECTION('',(0.,-1.,0.));
#9173=DIRECTION('',(0.,0.,-1.));
#9174=DIRECTION('',(0.,-1.,0.));
#9175=DIRECTION('',(0.,0.,-1.));
#9176=DIRECTION('',(0.,-1.,0.));
#9177=DIRECTION('',(0.,0.,-1.));
#9178=DIRECTION('',(0.,-1.,0.));
#9179=DIRECTION('',(0.,0.,-1.));
#9180=DIRECTION('',(0.721536670267562,0.,0.692376222482546));
#9181=DIRECTION('',(0.,1.,0.));
#9182=DIRECTION('',(0.,0.,1.));
#9183=DIRECTION('',(0.,-1.,0.));
#9184=DIRECTION('',(1.,0.,0.));
#9185=DIRECTION('',(0.,-1.,0.));
#9186=DIRECTION('',(0.,0.,-1.));
#9187=DIRECTION('',(0.,1.,0.));
#9188=DIRECTION('',(0.,0.,1.));
#9189=DIRECTION('',(-0.692376222482342,0.,-0.721536670267758));
#9190=DIRECTION('',(0.,-1.,0.));
#9191=DIRECTION('',(0.,0.,-1.));
#9192=DIRECTION('',(0.,-1.,0.));
#9193=DIRECTION('',(0.,0.,-1.));
#9194=DIRECTION('',(0.,-1.,0.));
#9195=DIRECTION('',(0.,0.,-1.));
#9196=DIRECTION('',(0.,-1.,0.));
#9197=DIRECTION('',(0.,0.,-1.));
#9198=DIRECTION('',(0.,-1.,0.));
#9199=DIRECTION('',(0.,0.,-1.));
#9200=DIRECTION('',(0.590345037668101,0.,0.807150999813944));
#9201=DIRECTION('',(0.,1.,0.));
#9202=DIRECTION('',(0.,0.,1.));
#9203=DIRECTION('',(0.,-1.,0.));
#9204=DIRECTION('',(1.,0.,0.));
#9205=DIRECTION('',(0.,-1.,0.));
#9206=DIRECTION('',(0.,0.,-1.));
#9207=DIRECTION('',(0.,1.,0.));
#9208=DIRECTION('',(0.,0.,1.));
#9209=DIRECTION('',(-0.556563943990173,0.,-0.830804776256193));
#9210=DIRECTION('',(0.,-1.,0.));
#9211=DIRECTION('',(0.,0.,-1.));
#9212=DIRECTION('',(0.,-1.,0.));
#9213=DIRECTION('',(0.,0.,-1.));
#9214=DIRECTION('',(0.,-1.,0.));
#9215=DIRECTION('',(0.,0.,-1.));
#9216=DIRECTION('',(0.,-1.,0.));
#9217=DIRECTION('',(0.,0.,-1.));
#9218=DIRECTION('',(0.,-1.,0.));
#9219=DIRECTION('',(0.,0.,-1.));
#9220=DIRECTION('',(0.441216069828097,0.,0.897400902454108));
#9221=DIRECTION('',(0.,1.,0.));
#9222=DIRECTION('',(0.,0.,1.));
#9223=DIRECTION('',(0.,-1.,0.));
#9224=DIRECTION('',(1.,0.,0.));
#9225=DIRECTION('',(0.,-1.,0.));
#9226=DIRECTION('',(0.,0.,-1.));
#9227=DIRECTION('',(0.,1.,0.));
#9228=DIRECTION('',(0.,0.,1.));
#9229=DIRECTION('',(-0.403840751695431,0.,-0.914829299525364));
#9230=DIRECTION('',(0.,-1.,0.));
#9231=DIRECTION('',(0.,0.,-1.));
#9232=DIRECTION('',(0.,-1.,0.));
#9233=DIRECTION('',(0.,0.,-1.));
#9234=DIRECTION('',(0.,-1.,0.));
#9235=DIRECTION('',(0.,0.,-1.));
#9236=DIRECTION('',(0.,-1.,0.));
#9237=DIRECTION('',(0.,0.,-1.));
#9238=DIRECTION('',(0.,-1.,0.));
#9239=DIRECTION('',(0.,0.,-1.));
#9240=DIRECTION('',(0.278680974972472,0.,0.960383732779972));
#9241=DIRECTION('',(0.,1.,0.));
#9242=DIRECTION('',(0.,0.,1.));
#9243=DIRECTION('',(0.,-1.,0.));
#9244=DIRECTION('',(1.,0.,0.));
#9245=DIRECTION('',(0.,-1.,0.));
#9246=DIRECTION('',(0.,0.,-1.));
#9247=DIRECTION('',(0.,1.,0.));
#9248=DIRECTION('',(0.,0.,1.));
#9249=DIRECTION('',(-0.238847062512305,0.,-0.971057197455043));
#9250=DIRECTION('',(0.,-1.,0.));
#9251=DIRECTION('',(0.,0.,-1.));
#9252=DIRECTION('',(0.,-1.,0.));
#9253=DIRECTION('',(0.,0.,-1.));
#9254=DIRECTION('',(0.,-1.,0.));
#9255=DIRECTION('',(0.,0.,-1.));
#9256=DIRECTION('',(0.,-1.,0.));
#9257=DIRECTION('',(0.,0.,-1.));
#9258=DIRECTION('',(0.,-1.,0.));
#9259=DIRECTION('',(0.,0.,-1.));
#9260=DIRECTION('',(0.107678299711684,0.,0.994185789362934));
#9261=DIRECTION('',(0.,1.,0.));
#9262=DIRECTION('',(0.,0.,1.));
#9263=DIRECTION('',(0.,-1.,0.));
#9264=DIRECTION('',(1.,0.,0.));
#9265=DIRECTION('',(0.,-1.,0.));
#9266=DIRECTION('',(0.,0.,-1.));
#9267=DIRECTION('',(0.,1.,0.));
#9268=DIRECTION('',(0.,0.,1.));
#9269=DIRECTION('',(-0.0665961261980057,0.,-0.997780013818386));
#9270=DIRECTION('',(0.,-1.,0.));
#9271=DIRECTION('',(0.,0.,-1.));
#9272=DIRECTION('',(0.,-1.,0.));
#9273=DIRECTION('',(0.,0.,-1.));
#9274=DIRECTION('',(0.,-1.,0.));
#9275=DIRECTION('',(0.,0.,-1.));
#9276=DIRECTION('',(0.,-1.,0.));
#9277=DIRECTION('',(0.,0.,-1.));
#9278=DIRECTION('',(0.,-1.,0.));
#9279=DIRECTION('',(0.,0.,-1.));
#9280=DIRECTION('',(-0.0665961261979931,0.,0.997780013818387));
#9281=DIRECTION('',(0.,1.,0.));
#9282=DIRECTION('',(0.,0.,1.));
#9283=DIRECTION('',(0.,-1.,0.));
#9284=DIRECTION('',(1.,0.,0.));
#9285=DIRECTION('',(0.,-1.,0.));
#9286=DIRECTION('',(0.,0.,-1.));
#9287=DIRECTION('',(0.,1.,0.));
#9288=DIRECTION('',(0.,0.,1.));
#9289=DIRECTION('',(0.107678299711692,0.,-0.994185789362934));
#9290=DIRECTION('',(0.,-1.,0.));
#9291=DIRECTION('',(0.,0.,-1.));
#9292=DIRECTION('',(0.,-1.,0.));
#9293=DIRECTION('',(0.,0.,-1.));
#9294=DIRECTION('',(0.,-1.,0.));
#9295=DIRECTION('',(0.,0.,-1.));
#9296=DIRECTION('',(0.,-1.,0.));
#9297=DIRECTION('',(0.,0.,-1.));
#9298=DIRECTION('',(0.,-1.,0.));
#9299=DIRECTION('',(0.,0.,-1.));
#9300=DIRECTION('',(-0.238847062512411,0.,0.971057197455017));
#9301=DIRECTION('',(0.,1.,0.));
#9302=DIRECTION('',(0.,0.,1.));
#9303=DIRECTION('',(0.,-1.,0.));
#9304=DIRECTION('',(1.,0.,0.));
#9305=DIRECTION('',(0.,-1.,0.));
#9306=DIRECTION('',(0.,0.,-1.));
#9307=DIRECTION('',(0.,1.,0.));
#9308=DIRECTION('',(0.,0.,1.));
#9309=DIRECTION('',(0.278680974972457,0.,-0.960383732779976));
#9310=DIRECTION('',(0.,-1.,0.));
#9311=DIRECTION('',(0.,0.,-1.));
#9312=DIRECTION('',(0.,-1.,0.));
#9313=DIRECTION('',(0.,0.,-1.));
#9314=DIRECTION('',(0.,-1.,0.));
#9315=DIRECTION('',(0.,0.,-1.));
#9316=DIRECTION('',(0.,-1.,0.));
#9317=DIRECTION('',(0.,0.,-1.));
#9318=DIRECTION('',(0.,-1.,0.));
#9319=DIRECTION('',(0.,0.,-1.));
#9320=DIRECTION('',(-0.403840751694835,0.,0.914829299525628));
#9321=DIRECTION('',(0.,1.,0.));
#9322=DIRECTION('',(0.,0.,1.));
#9323=DIRECTION('',(0.,-1.,0.));
#9324=DIRECTION('',(1.,0.,0.));
#9325=DIRECTION('',(0.,-1.,0.));
#9326=DIRECTION('',(0.,0.,-1.));
#9327=DIRECTION('',(0.,1.,0.));
#9328=DIRECTION('',(0.,0.,1.));
#9329=DIRECTION('',(0.441216069828154,0.,-0.89740090245408));
#9330=DIRECTION('',(0.,-1.,0.));
#9331=DIRECTION('',(0.,0.,-1.));
#9332=DIRECTION('',(0.,-1.,0.));
#9333=DIRECTION('',(0.,0.,-1.));
#9334=DIRECTION('',(0.,-1.,0.));
#9335=DIRECTION('',(0.,0.,-1.));
#9336=DIRECTION('',(0.,-1.,0.));
#9337=DIRECTION('',(0.,0.,-1.));
#9338=DIRECTION('',(0.,-1.,0.));
#9339=DIRECTION('',(0.,0.,-1.));
#9340=DIRECTION('',(-0.556563943990291,0.,0.830804776256115));
#9341=DIRECTION('',(0.,1.,0.));
#9342=DIRECTION('',(0.,0.,1.));
#9343=DIRECTION('',(0.,-1.,0.));
#9344=DIRECTION('',(1.,0.,0.));
#9345=DIRECTION('',(0.,-1.,0.));
#9346=DIRECTION('',(0.,0.,-1.));
#9347=DIRECTION('',(0.,1.,0.));
#9348=DIRECTION('',(0.,0.,1.));
#9349=DIRECTION('',(0.590345037668059,0.,-0.807150999813974));
#9350=DIRECTION('',(0.,-1.,0.));
#9351=DIRECTION('',(0.,0.,-1.));
#9352=DIRECTION('',(0.,-1.,0.));
#9353=DIRECTION('',(0.,0.,-1.));
#9354=DIRECTION('',(0.,-1.,0.));
#9355=DIRECTION('',(0.,0.,-1.));
#9356=DIRECTION('',(0.,-1.,0.));
#9357=DIRECTION('',(0.,0.,-1.));
#9358=DIRECTION('',(0.,-1.,0.));
#9359=DIRECTION('',(0.,0.,-1.));
#9360=DIRECTION('',(-0.692376222482547,0.,0.721536670267561));
#9361=DIRECTION('',(0.,1.,0.));
#9362=DIRECTION('',(0.,0.,1.));
#9363=DIRECTION('',(0.,-1.,0.));
#9364=DIRECTION('',(1.,0.,0.));
#9365=DIRECTION('',(0.,-1.,0.));
#9366=DIRECTION('',(0.,0.,-1.));
#9367=DIRECTION('',(0.,1.,0.));
#9368=DIRECTION('',(0.,0.,1.));
#9369=DIRECTION('',(0.721536670267758,0.,-0.692376222482342));
#9370=DIRECTION('',(0.,-1.,0.));
#9371=DIRECTION('',(0.,0.,-1.));
#9372=DIRECTION('',(0.,-1.,0.));
#9373=DIRECTION('',(0.,0.,-1.));
#9374=DIRECTION('',(0.,-1.,0.));
#9375=DIRECTION('',(0.,0.,-1.));
#9376=DIRECTION('',(0.,-1.,0.));
#9377=DIRECTION('',(0.,0.,-1.));
#9378=DIRECTION('',(0.,-1.,0.));
#9379=DIRECTION('',(0.,0.,-1.));
#9380=DIRECTION('',(-0.807150999813944,0.,0.5903450376681));
#9381=DIRECTION('',(0.,1.,0.));
#9382=DIRECTION('',(0.,0.,1.));
#9383=DIRECTION('',(0.,-1.,0.));
#9384=DIRECTION('',(1.,0.,0.));
#9385=DIRECTION('',(0.,-1.,0.));
#9386=DIRECTION('',(0.,0.,-1.));
#9387=DIRECTION('',(0.,1.,0.));
#9388=DIRECTION('',(0.,0.,1.));
#9389=DIRECTION('',(0.830804776256111,0.,-0.556563943990296));
#9390=DIRECTION('',(0.,-1.,0.));
#9391=DIRECTION('',(0.,0.,-1.));
#9392=DIRECTION('',(0.,-1.,0.));
#9393=DIRECTION('',(0.,0.,-1.));
#9394=DIRECTION('',(0.,-1.,0.));
#9395=DIRECTION('',(0.,0.,-1.));
#9396=DIRECTION('',(0.,-1.,0.));
#9397=DIRECTION('',(0.,0.,-1.));
#9398=DIRECTION('',(0.,-1.,0.));
#9399=DIRECTION('',(0.,0.,-1.));
#9400=DIRECTION('',(-0.897400902454108,0.,0.441216069828097));
#9401=DIRECTION('',(0.,1.,0.));
#9402=DIRECTION('',(0.,0.,1.));
#9403=DIRECTION('',(0.,-1.,0.));
#9404=DIRECTION('',(1.,0.,0.));
#9405=DIRECTION('',(0.,-1.,0.));
#9406=DIRECTION('',(0.,0.,-1.));
#9407=DIRECTION('',(0.,1.,0.));
#9408=DIRECTION('',(0.,0.,1.));
#9409=DIRECTION('',(0.914829299525337,0.,-0.403840751695494));
#9410=DIRECTION('',(0.,-1.,0.));
#9411=DIRECTION('',(0.,0.,-1.));
#9412=DIRECTION('',(0.,-1.,0.));
#9413=DIRECTION('',(0.,0.,-1.));
#9414=DIRECTION('',(0.,-1.,0.));
#9415=DIRECTION('',(0.,0.,-1.));
#9416=DIRECTION('',(0.,-1.,0.));
#9417=DIRECTION('',(0.,0.,-1.));
#9418=DIRECTION('',(0.,-1.,0.));
#9419=DIRECTION('',(0.,0.,-1.));
#9420=DIRECTION('',(-0.960383732779972,0.,0.278680974972471));
#9421=DIRECTION('',(0.,1.,0.));
#9422=DIRECTION('',(0.,0.,1.));
#9423=DIRECTION('',(0.,-1.,0.));
#9424=DIRECTION('',(1.,0.,0.));
#9425=DIRECTION('',(0.,-1.,0.));
#9426=DIRECTION('',(0.,0.,-1.));
#9427=DIRECTION('',(0.,1.,0.));
#9428=DIRECTION('',(0.,0.,1.));
#9429=DIRECTION('',(0.971057197455029,0.,-0.238847062512361));
#9430=DIRECTION('',(0.,-1.,0.));
#9431=DIRECTION('',(0.,0.,-1.));
#9432=DIRECTION('',(0.,-1.,0.));
#9433=DIRECTION('',(0.,0.,-1.));
#9434=DIRECTION('',(0.,-1.,0.));
#9435=DIRECTION('',(0.,0.,-1.));
#9436=DIRECTION('',(0.,-1.,0.));
#9437=DIRECTION('',(0.,0.,-1.));
#9438=DIRECTION('',(0.,-1.,0.));
#9439=DIRECTION('',(0.,0.,-1.));
#9440=DIRECTION('',(-0.994185789362934,0.,0.107678299711684));
#9441=DIRECTION('',(0.,1.,0.));
#9442=DIRECTION('',(0.,0.,1.));
#9443=DIRECTION('',(0.,-1.,0.));
#9444=DIRECTION('',(1.,0.,0.));
#9445=DIRECTION('',(0.,-1.,0.));
#9446=DIRECTION('',(0.,0.,-1.));
#9447=DIRECTION('',(0.,1.,0.));
#9448=DIRECTION('',(0.,0.,1.));
#9449=DIRECTION('',(0.997780013818384,0.,-0.0665961261980317));
#9450=DIRECTION('',(0.,-1.,0.));
#9451=DIRECTION('',(0.,0.,-1.));
#9452=DIRECTION('',(0.,-1.,0.));
#9453=DIRECTION('',(0.,0.,-1.));
#9454=DIRECTION('',(0.,-1.,0.));
#9455=DIRECTION('',(0.,0.,-1.));
#9456=DIRECTION('',(0.,-1.,0.));
#9457=DIRECTION('',(0.,0.,-1.));
#9458=DIRECTION('',(0.,-1.,0.));
#9459=DIRECTION('',(0.,0.,-1.));
#9460=DIRECTION('',(-0.997780013818387,0.,-0.0665961261979933));
#9461=DIRECTION('',(0.,1.,0.));
#9462=DIRECTION('',(0.,0.,1.));
#9463=DIRECTION('',(0.,-1.,0.));
#9464=DIRECTION('',(1.,0.,0.));
#9465=DIRECTION('',(0.,-1.,0.));
#9466=DIRECTION('',(0.,0.,-1.));
#9467=DIRECTION('',(0.,1.,0.));
#9468=DIRECTION('',(0.,0.,1.));
#9469=DIRECTION('',(0.994185789362939,0.,0.107678299711637));
#9470=DIRECTION('',(0.,-1.,0.));
#9471=DIRECTION('',(0.,0.,-1.));
#9472=DIRECTION('',(0.,-1.,0.));
#9473=DIRECTION('',(0.,0.,-1.));
#9474=DIRECTION('',(0.,-1.,0.));
#9475=DIRECTION('',(0.,0.,-1.));
#9476=DIRECTION('',(0.,-1.,0.));
#9477=DIRECTION('',(0.,0.,-1.));
#9478=DIRECTION('',(0.,-1.,0.));
#9479=DIRECTION('',(0.,0.,-1.));
#9480=DIRECTION('',(-0.971057197455017,0.,-0.238847062512411));
#9481=DIRECTION('',(0.,1.,0.));
#9482=DIRECTION('',(0.,0.,1.));
#9483=DIRECTION('',(0.,-1.,0.));
#9484=DIRECTION('',(1.,0.,0.));
#9485=DIRECTION('',(0.,-1.,0.));
#9486=DIRECTION('',(0.,0.,-1.));
#9487=DIRECTION('',(0.,1.,0.));
#9488=DIRECTION('',(0.,0.,1.));
#9489=DIRECTION('',(0.960383732779944,0.,0.278680974972568));
#9490=DIRECTION('',(0.,-1.,0.));
#9491=DIRECTION('',(0.,0.,-1.));
#9492=DIRECTION('',(0.,-1.,0.));
#9493=DIRECTION('',(0.,0.,-1.));
#9494=DIRECTION('',(0.,-1.,0.));
#9495=DIRECTION('',(0.,0.,-1.));
#9496=DIRECTION('',(0.,-1.,0.));
#9497=DIRECTION('',(0.,0.,-1.));
#9498=DIRECTION('',(0.,-1.,0.));
#9499=DIRECTION('',(0.,0.,-1.));
#9500=DIRECTION('',(-0.914829299525628,0.,-0.403840751694835));
#9501=DIRECTION('',(0.,1.,0.));
#9502=DIRECTION('',(0.,0.,1.));
#9503=DIRECTION('',(0.,-1.,0.));
#9504=DIRECTION('',(1.,0.,0.));
#9505=DIRECTION('',(0.,-1.,0.));
#9506=DIRECTION('',(0.,0.,-1.));
#9507=DIRECTION('',(0.,1.,0.));
#9508=DIRECTION('',(0.,0.,1.));
#9509=DIRECTION('',(0.89740090245408,0.,0.441216069828154));
#9510=DIRECTION('',(0.,-1.,0.));
#9511=DIRECTION('',(0.,0.,-1.));
#9512=DIRECTION('',(0.,-1.,0.));
#9513=DIRECTION('',(0.,0.,-1.));
#9514=DIRECTION('',(0.,-1.,0.));
#9515=DIRECTION('',(0.,0.,-1.));
#9516=DIRECTION('',(0.,-1.,0.));
#9517=DIRECTION('',(0.,0.,-1.));
#9518=DIRECTION('',(0.,-1.,0.));
#9519=DIRECTION('',(0.,0.,-1.));
#9520=DIRECTION('',(-0.830804776256115,0.,-0.556563943990291));
#9521=DIRECTION('',(0.,1.,0.));
#9522=DIRECTION('',(0.,0.,1.));
#9523=DIRECTION('',(0.,-1.,0.));
#9524=DIRECTION('',(1.,0.,0.));
#9525=DIRECTION('',(0.,-1.,0.));
#9526=DIRECTION('',(0.,0.,-1.));
#9527=DIRECTION('',(0.,1.,0.));
#9528=DIRECTION('',(0.,0.,1.));
#9529=DIRECTION('',(0.807150999813974,0.,0.590345037668059));
#9530=DIRECTION('',(0.,-1.,0.));
#9531=DIRECTION('',(0.,0.,-1.));
#9532=DIRECTION('',(0.,-1.,0.));
#9533=DIRECTION('',(0.,0.,-1.));
#9534=DIRECTION('',(0.,-1.,0.));
#9535=DIRECTION('',(0.,0.,-1.));
#9536=DIRECTION('',(0.,-1.,0.));
#9537=DIRECTION('',(0.,0.,-1.));
#9538=DIRECTION('',(0.,-1.,0.));
#9539=DIRECTION('',(0.,0.,-1.));
#9540=DIRECTION('',(-0.721536670267561,0.,-0.692376222482547));
#9541=DIRECTION('',(0.,1.,0.));
#9542=DIRECTION('',(0.,0.,1.));
#9543=DIRECTION('',(0.,-1.,0.));
#9544=DIRECTION('',(1.,0.,0.));
#9545=DIRECTION('',(0.,-1.,0.));
#9546=DIRECTION('',(0.,0.,-1.));
#9547=DIRECTION('',(0.,1.,0.));
#9548=DIRECTION('',(0.,0.,1.));
#9549=DIRECTION('',(0.692376222482342,0.,0.721536670267758));
#9550=DIRECTION('',(0.,-1.,0.));
#9551=DIRECTION('',(0.,0.,-1.));
#9552=DIRECTION('',(0.,-1.,0.));
#9553=DIRECTION('',(0.,0.,-1.));
#9554=DIRECTION('',(0.,-1.,0.));
#9555=DIRECTION('',(0.,0.,-1.));
#9556=DIRECTION('',(0.,-1.,0.));
#9557=DIRECTION('',(0.,0.,-1.));
#9558=DIRECTION('',(0.,-1.,0.));
#9559=DIRECTION('',(0.,0.,-1.));
#9560=DIRECTION('',(-0.590345037668101,0.,-0.807150999813944));
#9561=DIRECTION('',(0.,1.,0.));
#9562=DIRECTION('',(0.,0.,1.));
#9563=DIRECTION('',(0.,-1.,0.));
#9564=DIRECTION('',(1.,0.,0.));
#9565=DIRECTION('',(0.,-1.,0.));
#9566=DIRECTION('',(0.,0.,-1.));
#9567=DIRECTION('',(0.,1.,0.));
#9568=DIRECTION('',(0.,0.,1.));
#9569=DIRECTION('',(0.556563943990535,0.,0.830804776255951));
#9570=DIRECTION('',(0.,-1.,0.));
#9571=DIRECTION('',(0.,0.,-1.));
#9572=DIRECTION('',(0.,-1.,0.));
#9573=DIRECTION('',(0.,0.,-1.));
#9574=DIRECTION('',(0.,-1.,0.));
#9575=DIRECTION('',(0.,0.,-1.));
#9576=DIRECTION('',(0.,-1.,0.));
#9577=DIRECTION('',(0.,0.,-1.));
#9578=DIRECTION('',(0.,-1.,0.));
#9579=DIRECTION('',(0.,0.,-1.));
#9580=DIRECTION('',(-0.441216069828097,0.,-0.897400902454108));
#9581=DIRECTION('',(0.,1.,0.));
#9582=DIRECTION('',(0.,0.,1.));
#9583=DIRECTION('',(0.,-1.,0.));
#9584=DIRECTION('',(1.,0.,0.));
#9585=DIRECTION('',(0.,-1.,0.));
#9586=DIRECTION('',(0.,0.,-1.));
#9587=DIRECTION('',(0.,1.,0.));
#9588=DIRECTION('',(0.,0.,1.));
#9589=DIRECTION('',(0.403840751695431,0.,0.914829299525364));
#9590=DIRECTION('',(0.,-1.,0.));
#9591=DIRECTION('',(0.,0.,-1.));
#9592=DIRECTION('',(0.,-1.,0.));
#9593=DIRECTION('',(0.,0.,-1.));
#9594=DIRECTION('',(0.,-1.,0.));
#9595=DIRECTION('',(0.,0.,-1.));
#9596=DIRECTION('',(0.,-1.,0.));
#9597=DIRECTION('',(0.,0.,-1.));
#9598=DIRECTION('',(0.,-1.,0.));
#9599=DIRECTION('',(0.,0.,-1.));
#9600=DIRECTION('',(-0.278680974972472,0.,-0.960383732779972));
#9601=DIRECTION('',(0.,1.,0.));
#9602=DIRECTION('',(0.,0.,1.));
#9603=DIRECTION('',(0.,-1.,0.));
#9604=DIRECTION('',(1.,0.,0.));
#9605=DIRECTION('',(0.,-1.,0.));
#9606=DIRECTION('',(0.,0.,-1.));
#9607=DIRECTION('',(0.,1.,0.));
#9608=DIRECTION('',(0.,0.,1.));
#9609=DIRECTION('',(0.238847062512312,0.,0.971057197455042));
#9610=DIRECTION('',(0.,-1.,0.));
#9611=DIRECTION('',(0.,0.,-1.));
#9612=DIRECTION('',(0.,-1.,0.));
#9613=DIRECTION('',(0.,0.,-1.));
#9614=DIRECTION('',(0.,-1.,0.));
#9615=DIRECTION('',(0.,0.,-1.));
#9616=DIRECTION('',(0.,-1.,0.));
#9617=DIRECTION('',(0.,0.,-1.));
#9618=DIRECTION('',(0.,-1.,0.));
#9619=DIRECTION('',(0.,0.,-1.));
#9620=DIRECTION('',(-0.107678299711684,0.,-0.994185789362934));
#9621=DIRECTION('',(0.,1.,0.));
#9622=DIRECTION('',(0.,0.,1.));
#9623=DIRECTION('',(0.,-1.,0.));
#9624=DIRECTION('',(1.,0.,0.));
#9625=DIRECTION('',(0.,-1.,0.));
#9626=DIRECTION('',(0.,0.,-1.));
#9627=DIRECTION('',(0.,1.,0.));
#9628=DIRECTION('',(0.,0.,1.));
#9629=DIRECTION('',(0.0665961261979796,0.,0.997780013818388));
#9630=DIRECTION('',(0.,-1.,0.));
#9631=DIRECTION('',(0.,0.,-1.));
#9632=DIRECTION('',(0.,-1.,0.));
#9633=DIRECTION('',(0.,0.,-1.));
#9634=DIRECTION('',(0.,-1.,0.));
#9635=DIRECTION('',(0.,0.,-1.));
#9636=DIRECTION('',(0.,-1.,0.));
#9637=DIRECTION('',(0.,0.,-1.));
#9638=DIRECTION('',(0.,-1.,0.));
#9639=DIRECTION('',(0.,0.,-1.));
#9640=DIRECTION('',(0.0665961261979932,0.,-0.997780013818387));
#9641=DIRECTION('',(0.,1.,0.));
#9642=DIRECTION('',(0.,0.,1.));
#9643=DIRECTION('',(0.,1.,0.));
#9644=DIRECTION('',(1.,0.,0.));
#9645=DIRECTION('',(0.,1.,0.));
#9646=DIRECTION('',(0.,0.,1.));
#9647=DIRECTION('',(0.,1.,0.));
#9648=DIRECTION('',(0.,0.,1.));
#9649=DIRECTION('',(-0.107678299711692,0.,-0.994185789362934));
#9650=DIRECTION('',(0.,-1.,0.));
#9651=DIRECTION('',(0.,0.,-1.));
#9652=DIRECTION('',(0.,-1.,0.));
#9653=DIRECTION('',(0.,0.,-1.));
#9654=DIRECTION('',(0.,-1.,0.));
#9655=DIRECTION('',(0.,0.,-1.));
#9656=DIRECTION('',(0.,-1.,0.));
#9657=DIRECTION('',(0.,0.,-1.));
#9658=DIRECTION('',(0.,-1.,0.));
#9659=DIRECTION('',(0.,0.,-1.));
#9660=DIRECTION('',(0.238847062512411,0.,0.971057197455017));
#9661=DIRECTION('',(0.,1.,0.));
#9662=DIRECTION('',(0.,0.,1.));
#9663=DIRECTION('',(0.,1.,0.));
#9664=DIRECTION('',(1.,0.,0.));
#9665=DIRECTION('',(0.,1.,0.));
#9666=DIRECTION('',(0.,0.,1.));
#9667=DIRECTION('',(0.,1.,0.));
#9668=DIRECTION('',(0.,0.,1.));
#9669=DIRECTION('',(-0.278680974972568,0.,-0.960383732779944));
#9670=DIRECTION('',(0.,-1.,0.));
#9671=DIRECTION('',(0.,0.,-1.));
#9672=DIRECTION('',(0.,-1.,0.));
#9673=DIRECTION('',(0.,0.,-1.));
#9674=DIRECTION('',(0.,-1.,0.));
#9675=DIRECTION('',(0.,0.,-1.));
#9676=DIRECTION('',(0.,-1.,0.));
#9677=DIRECTION('',(0.,0.,-1.));
#9678=DIRECTION('',(0.,-1.,0.));
#9679=DIRECTION('',(0.,0.,-1.));
#9680=DIRECTION('',(0.403840751694834,0.,0.914829299525628));
#9681=DIRECTION('',(0.,1.,0.));
#9682=DIRECTION('',(0.,0.,1.));
#9683=DIRECTION('',(0.,1.,0.));
#9684=DIRECTION('',(1.,0.,0.));
#9685=DIRECTION('',(0.,1.,0.));
#9686=DIRECTION('',(0.,0.,1.));
#9687=DIRECTION('',(0.,1.,0.));
#9688=DIRECTION('',(0.,0.,1.));
#9689=DIRECTION('',(-0.441216069828119,0.,-0.897400902454098));
#9690=DIRECTION('',(0.,-1.,0.));
#9691=DIRECTION('',(0.,0.,-1.));
#9692=DIRECTION('',(0.,-1.,0.));
#9693=DIRECTION('',(0.,0.,-1.));
#9694=DIRECTION('',(0.,-1.,0.));
#9695=DIRECTION('',(0.,0.,-1.));
#9696=DIRECTION('',(0.,-1.,0.));
#9697=DIRECTION('',(0.,0.,-1.));
#9698=DIRECTION('',(0.,-1.,0.));
#9699=DIRECTION('',(0.,0.,-1.));
#9700=DIRECTION('',(0.55656394399029,0.,0.830804776256115));
#9701=DIRECTION('',(0.,1.,0.));
#9702=DIRECTION('',(0.,0.,1.));
#9703=DIRECTION('',(0.,1.,0.));
#9704=DIRECTION('',(1.,0.,0.));
#9705=DIRECTION('',(0.,1.,0.));
#9706=DIRECTION('',(0.,0.,1.));
#9707=DIRECTION('',(0.,1.,0.));
#9708=DIRECTION('',(0.,0.,1.));
#9709=DIRECTION('',(-0.590345037668059,0.,-0.807150999813974));
#9710=DIRECTION('',(0.,-1.,0.));
#9711=DIRECTION('',(0.,0.,-1.));
#9712=DIRECTION('',(0.,-1.,0.));
#9713=DIRECTION('',(0.,0.,-1.));
#9714=DIRECTION('',(0.,-1.,0.));
#9715=DIRECTION('',(0.,0.,-1.));
#9716=DIRECTION('',(0.,-1.,0.));
#9717=DIRECTION('',(0.,0.,-1.));
#9718=DIRECTION('',(0.,-1.,0.));
#9719=DIRECTION('',(0.,0.,-1.));
#9720=DIRECTION('',(0.692376222482546,0.,0.721536670267562));
#9721=DIRECTION('',(0.,1.,0.));
#9722=DIRECTION('',(0.,0.,1.));
#9723=DIRECTION('',(0.,1.,0.));
#9724=DIRECTION('',(1.,0.,0.));
#9725=DIRECTION('',(0.,1.,0.));
#9726=DIRECTION('',(0.,0.,1.));
#9727=DIRECTION('',(0.,1.,0.));
#9728=DIRECTION('',(0.,0.,1.));
#9729=DIRECTION('',(-0.721536670267758,0.,-0.692376222482342));
#9730=DIRECTION('',(0.,-1.,0.));
#9731=DIRECTION('',(0.,0.,-1.));
#9732=DIRECTION('',(0.,-1.,0.));
#9733=DIRECTION('',(0.,0.,-1.));
#9734=DIRECTION('',(0.,-1.,0.));
#9735=DIRECTION('',(0.,0.,-1.));
#9736=DIRECTION('',(0.,-1.,0.));
#9737=DIRECTION('',(0.,0.,-1.));
#9738=DIRECTION('',(0.,-1.,0.));
#9739=DIRECTION('',(0.,0.,-1.));
#9740=DIRECTION('',(0.807150999813944,0.,0.590345037668101));
#9741=DIRECTION('',(0.,1.,0.));
#9742=DIRECTION('',(0.,0.,1.));
#9743=DIRECTION('',(0.,1.,0.));
#9744=DIRECTION('',(1.,0.,0.));
#9745=DIRECTION('',(0.,1.,0.));
#9746=DIRECTION('',(0.,0.,1.));
#9747=DIRECTION('',(0.,1.,0.));
#9748=DIRECTION('',(0.,0.,1.));
#9749=DIRECTION('',(-0.830804776256,0.,-0.556563943990461));
#9750=DIRECTION('',(0.,-1.,0.));
#9751=DIRECTION('',(0.,0.,-1.));
#9752=DIRECTION('',(0.,-1.,0.));
#9753=DIRECTION('',(0.,0.,-1.));
#9754=DIRECTION('',(0.,-1.,0.));
#9755=DIRECTION('',(0.,0.,-1.));
#9756=DIRECTION('',(0.,-1.,0.));
#9757=DIRECTION('',(0.,0.,-1.));
#9758=DIRECTION('',(0.,-1.,0.));
#9759=DIRECTION('',(0.,0.,-1.));
#9760=DIRECTION('',(0.897400902454108,0.,0.441216069828097));
#9761=DIRECTION('',(0.,1.,0.));
#9762=DIRECTION('',(0.,0.,1.));
#9763=DIRECTION('',(0.,1.,0.));
#9764=DIRECTION('',(1.,0.,0.));
#9765=DIRECTION('',(0.,1.,0.));
#9766=DIRECTION('',(0.,0.,1.));
#9767=DIRECTION('',(0.,1.,0.));
#9768=DIRECTION('',(0.,0.,1.));
#9769=DIRECTION('',(-0.914829299525364,0.,-0.403840751695431));
#9770=DIRECTION('',(0.,-1.,0.));
#9771=DIRECTION('',(0.,0.,-1.));
#9772=DIRECTION('',(0.,-1.,0.));
#9773=DIRECTION('',(0.,0.,-1.));
#9774=DIRECTION('',(0.,-1.,0.));
#9775=DIRECTION('',(0.,0.,-1.));
#9776=DIRECTION('',(0.,-1.,0.));
#9777=DIRECTION('',(0.,0.,-1.));
#9778=DIRECTION('',(0.,-1.,0.));
#9779=DIRECTION('',(0.,0.,-1.));
#9780=DIRECTION('',(0.960383732779972,0.,0.278680974972472));
#9781=DIRECTION('',(0.,1.,0.));
#9782=DIRECTION('',(0.,0.,1.));
#9783=DIRECTION('',(0.,1.,0.));
#9784=DIRECTION('',(1.,0.,0.));
#9785=DIRECTION('',(0.,1.,0.));
#9786=DIRECTION('',(0.,0.,1.));
#9787=DIRECTION('',(0.,1.,0.));
#9788=DIRECTION('',(0.,0.,1.));
#9789=DIRECTION('',(-0.971057197455042,0.,-0.238847062512312));
#9790=DIRECTION('',(0.,-1.,0.));
#9791=DIRECTION('',(0.,0.,-1.));
#9792=DIRECTION('',(0.,-1.,0.));
#9793=DIRECTION('',(0.,0.,-1.));
#9794=DIRECTION('',(0.,-1.,0.));
#9795=DIRECTION('',(0.,0.,-1.));
#9796=DIRECTION('',(0.,-1.,0.));
#9797=DIRECTION('',(0.,0.,-1.));
#9798=DIRECTION('',(0.,-1.,0.));
#9799=DIRECTION('',(0.,0.,-1.));
#9800=DIRECTION('',(0.994185789362934,0.,0.107678299711684));
#9801=DIRECTION('',(0.,1.,0.));
#9802=DIRECTION('',(0.,0.,1.));
#9803=DIRECTION('',(0.,1.,0.));
#9804=DIRECTION('',(1.,0.,0.));
#9805=DIRECTION('',(0.,1.,0.));
#9806=DIRECTION('',(0.,0.,1.));
#9807=DIRECTION('',(0.,1.,0.));
#9808=DIRECTION('',(0.,0.,1.));
#9809=DIRECTION('',(-0.997780013818385,0.,-0.0665961261980298));
#9810=DIRECTION('',(0.,-1.,0.));
#9811=DIRECTION('',(0.,0.,-1.));
#9812=DIRECTION('',(0.,-1.,0.));
#9813=DIRECTION('',(0.,0.,-1.));
#9814=DIRECTION('',(0.,-1.,0.));
#9815=DIRECTION('',(0.,0.,-1.));
#9816=DIRECTION('',(0.,-1.,0.));
#9817=DIRECTION('',(0.,0.,-1.));
#9818=DIRECTION('',(0.,-1.,0.));
#9819=DIRECTION('',(0.,0.,-1.));
#9820=DIRECTION('',(0.997780013818387,0.,-0.0665961261979931));
#9821=DIRECTION('',(0.,1.,0.));
#9822=DIRECTION('',(0.,0.,1.));
#9823=DIRECTION('',(0.,1.,0.));
#9824=DIRECTION('',(1.,0.,0.));
#9825=DIRECTION('',(0.,1.,0.));
#9826=DIRECTION('',(0.,0.,1.));
#9827=DIRECTION('',(0.,1.,0.));
#9828=DIRECTION('',(0.,0.,1.));
#9829=DIRECTION('',(-0.994185789362935,0.,0.107678299711681));
#9830=DIRECTION('',(0.,-1.,0.));
#9831=DIRECTION('',(0.,0.,-1.));
#9832=DIRECTION('',(0.,-1.,0.));
#9833=DIRECTION('',(0.,0.,-1.));
#9834=DIRECTION('',(0.,-1.,0.));
#9835=DIRECTION('',(0.,0.,-1.));
#9836=DIRECTION('',(0.,-1.,0.));
#9837=DIRECTION('',(0.,0.,-1.));
#9838=DIRECTION('',(0.,-1.,0.));
#9839=DIRECTION('',(0.,0.,-1.));
#9840=DIRECTION('',(0.971057197455017,0.,-0.238847062512411));
#9841=DIRECTION('',(0.,1.,0.));
#9842=DIRECTION('',(0.,0.,1.));
#9843=DIRECTION('',(0.,1.,0.));
#9844=DIRECTION('',(1.,0.,0.));
#9845=DIRECTION('',(0.,1.,0.));
#9846=DIRECTION('',(0.,0.,1.));
#9847=DIRECTION('',(0.,1.,0.));
#9848=DIRECTION('',(0.,0.,1.));
#9849=DIRECTION('',(-0.960383732779944,0.,0.278680974972568));
#9850=DIRECTION('',(0.,-1.,0.));
#9851=DIRECTION('',(0.,0.,-1.));
#9852=DIRECTION('',(0.,-1.,0.));
#9853=DIRECTION('',(0.,0.,-1.));
#9854=DIRECTION('',(0.,-1.,0.));
#9855=DIRECTION('',(0.,0.,-1.));
#9856=DIRECTION('',(0.,-1.,0.));
#9857=DIRECTION('',(0.,0.,-1.));
#9858=DIRECTION('',(0.,-1.,0.));
#9859=DIRECTION('',(0.,0.,-1.));
#9860=DIRECTION('',(0.914829299525628,0.,-0.403840751694834));
#9861=DIRECTION('',(0.,1.,0.));
#9862=DIRECTION('',(0.,0.,1.));
#9863=DIRECTION('',(0.,1.,0.));
#9864=DIRECTION('',(1.,0.,0.));
#9865=DIRECTION('',(0.,1.,0.));
#9866=DIRECTION('',(0.,0.,1.));
#9867=DIRECTION('',(0.,1.,0.));
#9868=DIRECTION('',(0.,0.,1.));
#9869=DIRECTION('',(-0.897400902454269,0.,0.441216069827771));
#9870=DIRECTION('',(0.,-1.,0.));
#9871=DIRECTION('',(0.,0.,-1.));
#9872=DIRECTION('',(0.,-1.,0.));
#9873=DIRECTION('',(0.,0.,-1.));
#9874=DIRECTION('',(0.,-1.,0.));
#9875=DIRECTION('',(0.,0.,-1.));
#9876=DIRECTION('',(0.,-1.,0.));
#9877=DIRECTION('',(0.,0.,-1.));
#9878=DIRECTION('',(0.,-1.,0.));
#9879=DIRECTION('',(0.,0.,-1.));
#9880=DIRECTION('',(0.830804776256115,0.,-0.55656394399029));
#9881=DIRECTION('',(0.,1.,0.));
#9882=DIRECTION('',(0.,0.,1.));
#9883=DIRECTION('',(0.,1.,0.));
#9884=DIRECTION('',(1.,0.,0.));
#9885=DIRECTION('',(0.,1.,0.));
#9886=DIRECTION('',(0.,0.,1.));
#9887=DIRECTION('',(0.,1.,0.));
#9888=DIRECTION('',(0.,0.,1.));
#9889=DIRECTION('',(-0.807150999813974,0.,0.590345037668059));
#9890=DIRECTION('',(0.,-1.,0.));
#9891=DIRECTION('',(0.,0.,-1.));
#9892=DIRECTION('',(0.,-1.,0.));
#9893=DIRECTION('',(0.,0.,-1.));
#9894=DIRECTION('',(0.,-1.,0.));
#9895=DIRECTION('',(0.,0.,-1.));
#9896=DIRECTION('',(0.,-1.,0.));
#9897=DIRECTION('',(0.,0.,-1.));
#9898=DIRECTION('',(0.,-1.,0.));
#9899=DIRECTION('',(0.,0.,-1.));
#9900=DIRECTION('',(0.721536670267562,0.,-0.692376222482546));
#9901=DIRECTION('',(0.,1.,0.));
#9902=DIRECTION('',(0.,0.,1.));
#9903=DIRECTION('',(0.,1.,0.));
#9904=DIRECTION('',(1.,0.,0.));
#9905=DIRECTION('',(0.,1.,0.));
#9906=DIRECTION('',(0.,0.,1.));
#9907=DIRECTION('',(0.,1.,0.));
#9908=DIRECTION('',(0.,0.,1.));
#9909=DIRECTION('',(-0.692376222482342,0.,0.721536670267758));
#9910=DIRECTION('',(0.,-1.,0.));
#9911=DIRECTION('',(0.,0.,-1.));
#9912=DIRECTION('',(0.,-1.,0.));
#9913=DIRECTION('',(0.,0.,-1.));
#9914=DIRECTION('',(0.,-1.,0.));
#9915=DIRECTION('',(0.,0.,-1.));
#9916=DIRECTION('',(0.,-1.,0.));
#9917=DIRECTION('',(0.,0.,-1.));
#9918=DIRECTION('',(0.,-1.,0.));
#9919=DIRECTION('',(0.,0.,-1.));
#9920=DIRECTION('',(0.590345037668101,0.,-0.807150999813944));
#9921=DIRECTION('',(0.,1.,0.));
#9922=DIRECTION('',(0.,0.,1.));
#9923=DIRECTION('',(0.,1.,0.));
#9924=DIRECTION('',(1.,0.,0.));
#9925=DIRECTION('',(0.,1.,0.));
#9926=DIRECTION('',(0.,0.,1.));
#9927=DIRECTION('',(0.,1.,0.));
#9928=DIRECTION('',(0.,0.,1.));
#9929=DIRECTION('',(-0.556563943990461,0.,0.830804776256));
#9930=DIRECTION('',(0.,-1.,0.));
#9931=DIRECTION('',(0.,0.,-1.));
#9932=DIRECTION('',(0.,-1.,0.));
#9933=DIRECTION('',(0.,0.,-1.));
#9934=DIRECTION('',(0.,-1.,0.));
#9935=DIRECTION('',(0.,0.,-1.));
#9936=DIRECTION('',(0.,-1.,0.));
#9937=DIRECTION('',(0.,0.,-1.));
#9938=DIRECTION('',(0.,-1.,0.));
#9939=DIRECTION('',(0.,0.,-1.));
#9940=DIRECTION('',(0.441216069828097,0.,-0.897400902454108));
#9941=DIRECTION('',(0.,1.,0.));
#9942=DIRECTION('',(0.,0.,1.));
#9943=DIRECTION('',(0.,1.,0.));
#9944=DIRECTION('',(1.,0.,0.));
#9945=DIRECTION('',(0.,1.,0.));
#9946=DIRECTION('',(0.,0.,1.));
#9947=DIRECTION('',(0.,1.,0.));
#9948=DIRECTION('',(0.,0.,1.));
#9949=DIRECTION('',(-0.403840751695431,0.,0.914829299525364));
#9950=DIRECTION('',(0.,-1.,0.));
#9951=DIRECTION('',(0.,0.,-1.));
#9952=DIRECTION('',(0.,-1.,0.));
#9953=DIRECTION('',(0.,0.,-1.));
#9954=DIRECTION('',(0.,-1.,0.));
#9955=DIRECTION('',(0.,0.,-1.));
#9956=DIRECTION('',(0.,-1.,0.));
#9957=DIRECTION('',(0.,0.,-1.));
#9958=DIRECTION('',(0.,-1.,0.));
#9959=DIRECTION('',(0.,0.,-1.));
#9960=DIRECTION('',(0.278680974972472,0.,-0.960383732779972));
#9961=DIRECTION('',(0.,1.,0.));
#9962=DIRECTION('',(0.,0.,1.));
#9963=DIRECTION('',(0.,1.,0.));
#9964=DIRECTION('',(1.,0.,0.));
#9965=DIRECTION('',(0.,1.,0.));
#9966=DIRECTION('',(0.,0.,1.));
#9967=DIRECTION('',(0.,1.,0.));
#9968=DIRECTION('',(0.,0.,1.));
#9969=DIRECTION('',(-0.238847062512361,0.,0.971057197455029));
#9970=DIRECTION('',(0.,-1.,0.));
#9971=DIRECTION('',(0.,0.,-1.));
#9972=DIRECTION('',(0.,-1.,0.));
#9973=DIRECTION('',(0.,0.,-1.));
#9974=DIRECTION('',(0.,-1.,0.));
#9975=DIRECTION('',(0.,0.,-1.));
#9976=DIRECTION('',(0.,-1.,0.));
#9977=DIRECTION('',(0.,0.,-1.));
#9978=DIRECTION('',(0.,-1.,0.));
#9979=DIRECTION('',(0.,0.,-1.));
#9980=DIRECTION('',(0.107678299711685,0.,-0.994185789362934));
#9981=DIRECTION('',(0.,1.,0.));
#9982=DIRECTION('',(0.,0.,1.));
#9983=DIRECTION('',(0.,1.,0.));
#9984=DIRECTION('',(1.,0.,0.));
#9985=DIRECTION('',(0.,1.,0.));
#9986=DIRECTION('',(0.,0.,1.));
#9987=DIRECTION('',(0.,1.,0.));
#9988=DIRECTION('',(0.,0.,1.));
#9989=DIRECTION('',(-0.0665961261980224,0.,0.997780013818385));
#9990=DIRECTION('',(0.,-1.,0.));
#9991=DIRECTION('',(0.,0.,-1.));
#9992=DIRECTION('',(0.,-1.,0.));
#9993=DIRECTION('',(0.,0.,-1.));
#9994=DIRECTION('',(0.,-1.,0.));
#9995=DIRECTION('',(0.,0.,-1.));
#9996=DIRECTION('',(0.,-1.,0.));
#9997=DIRECTION('',(0.,0.,-1.));
#9998=DIRECTION('',(0.,-1.,0.));
#9999=DIRECTION('',(0.,0.,-1.));
#10000=DIRECTION('',(-0.066596126197993,0.,-0.997780013818387));
#10001=DIRECTION('',(0.,1.,0.));
#10002=DIRECTION('',(0.,0.,1.));
#10003=DIRECTION('',(0.,1.,0.));
#10004=DIRECTION('',(1.,0.,0.));
#10005=DIRECTION('',(0.,1.,0.));
#10006=DIRECTION('',(0.,0.,1.));
#10007=DIRECTION('',(0.,1.,0.));
#10008=DIRECTION('',(0.,0.,1.));
#10009=DIRECTION('',(0.107678299711692,0.,0.994185789362934));
#10010=DIRECTION('',(0.,-1.,0.));
#10011=DIRECTION('',(0.,0.,-1.));
#10012=DIRECTION('',(0.,-1.,0.));
#10013=DIRECTION('',(0.,0.,-1.));
#10014=DIRECTION('',(0.,-1.,0.));
#10015=DIRECTION('',(0.,0.,-1.));
#10016=DIRECTION('',(0.,-1.,0.));
#10017=DIRECTION('',(0.,0.,-1.));
#10018=DIRECTION('',(0.,-1.,0.));
#10019=DIRECTION('',(0.,0.,-1.));
#10020=DIRECTION('',(-0.238847062512411,0.,-0.971057197455017));
#10021=DIRECTION('',(0.,1.,0.));
#10022=DIRECTION('',(0.,0.,1.));
#10023=DIRECTION('',(0.,1.,0.));
#10024=DIRECTION('',(1.,0.,0.));
#10025=DIRECTION('',(0.,1.,0.));
#10026=DIRECTION('',(0.,0.,1.));
#10027=DIRECTION('',(0.,1.,0.));
#10028=DIRECTION('',(0.,0.,1.));
#10029=DIRECTION('',(0.278680974972568,0.,0.960383732779944));
#10030=DIRECTION('',(0.,-1.,0.));
#10031=DIRECTION('',(0.,0.,-1.));
#10032=DIRECTION('',(0.,-1.,0.));
#10033=DIRECTION('',(0.,0.,-1.));
#10034=DIRECTION('',(0.,-1.,0.));
#10035=DIRECTION('',(0.,0.,-1.));
#10036=DIRECTION('',(0.,-1.,0.));
#10037=DIRECTION('',(0.,0.,-1.));
#10038=DIRECTION('',(0.,-1.,0.));
#10039=DIRECTION('',(0.,0.,-1.));
#10040=DIRECTION('',(-0.403840751694834,0.,-0.914829299525628));
#10041=DIRECTION('',(0.,1.,0.));
#10042=DIRECTION('',(0.,0.,1.));
#10043=DIRECTION('',(0.,1.,0.));
#10044=DIRECTION('',(1.,0.,0.));
#10045=DIRECTION('',(0.,1.,0.));
#10046=DIRECTION('',(0.,0.,1.));
#10047=DIRECTION('',(0.,1.,0.));
#10048=DIRECTION('',(0.,0.,1.));
#10049=DIRECTION('',(0.441216069827771,0.,0.897400902454269));
#10050=DIRECTION('',(0.,-1.,0.));
#10051=DIRECTION('',(0.,0.,-1.));
#10052=DIRECTION('',(0.,-1.,0.));
#10053=DIRECTION('',(0.,0.,-1.));
#10054=DIRECTION('',(0.,-1.,0.));
#10055=DIRECTION('',(0.,0.,-1.));
#10056=DIRECTION('',(0.,-1.,0.));
#10057=DIRECTION('',(0.,0.,-1.));
#10058=DIRECTION('',(0.,-1.,0.));
#10059=DIRECTION('',(0.,0.,-1.));
#10060=DIRECTION('',(-0.55656394399029,0.,-0.830804776256115));
#10061=DIRECTION('',(0.,1.,0.));
#10062=DIRECTION('',(0.,0.,1.));
#10063=DIRECTION('',(0.,1.,0.));
#10064=DIRECTION('',(1.,0.,0.));
#10065=DIRECTION('',(0.,1.,0.));
#10066=DIRECTION('',(0.,0.,1.));
#10067=DIRECTION('',(0.,1.,0.));
#10068=DIRECTION('',(0.,0.,1.));
#10069=DIRECTION('',(0.590345037668059,0.,0.807150999813974));
#10070=DIRECTION('',(0.,-1.,0.));
#10071=DIRECTION('',(0.,0.,-1.));
#10072=DIRECTION('',(0.,-1.,0.));
#10073=DIRECTION('',(0.,0.,-1.));
#10074=DIRECTION('',(0.,-1.,0.));
#10075=DIRECTION('',(0.,0.,-1.));
#10076=DIRECTION('',(0.,-1.,0.));
#10077=DIRECTION('',(0.,0.,-1.));
#10078=DIRECTION('',(0.,-1.,0.));
#10079=DIRECTION('',(0.,0.,-1.));
#10080=DIRECTION('',(-0.692376222482546,0.,-0.721536670267562));
#10081=DIRECTION('',(0.,1.,0.));
#10082=DIRECTION('',(0.,0.,1.));
#10083=DIRECTION('',(0.,1.,0.));
#10084=DIRECTION('',(1.,0.,0.));
#10085=DIRECTION('',(0.,1.,0.));
#10086=DIRECTION('',(0.,0.,1.));
#10087=DIRECTION('',(0.,1.,0.));
#10088=DIRECTION('',(0.,0.,1.));
#10089=DIRECTION('',(0.721536670267758,0.,0.692376222482342));
#10090=DIRECTION('',(0.,-1.,0.));
#10091=DIRECTION('',(0.,0.,-1.));
#10092=DIRECTION('',(0.,-1.,0.));
#10093=DIRECTION('',(0.,0.,-1.));
#10094=DIRECTION('',(0.,-1.,0.));
#10095=DIRECTION('',(0.,0.,-1.));
#10096=DIRECTION('',(0.,-1.,0.));
#10097=DIRECTION('',(0.,0.,-1.));
#10098=DIRECTION('',(0.,-1.,0.));
#10099=DIRECTION('',(0.,0.,-1.));
#10100=DIRECTION('',(-0.807150999813944,0.,-0.590345037668101));
#10101=DIRECTION('',(0.,1.,0.));
#10102=DIRECTION('',(0.,0.,1.));
#10103=DIRECTION('',(0.,1.,0.));
#10104=DIRECTION('',(1.,0.,0.));
#10105=DIRECTION('',(0.,1.,0.));
#10106=DIRECTION('',(0.,0.,1.));
#10107=DIRECTION('',(0.,1.,0.));
#10108=DIRECTION('',(0.,0.,1.));
#10109=DIRECTION('',(0.830804776256083,0.,0.556563943990338));
#10110=DIRECTION('',(0.,-1.,0.));
#10111=DIRECTION('',(0.,0.,-1.));
#10112=DIRECTION('',(0.,-1.,0.));
#10113=DIRECTION('',(0.,0.,-1.));
#10114=DIRECTION('',(0.,-1.,0.));
#10115=DIRECTION('',(0.,0.,-1.));
#10116=DIRECTION('',(0.,-1.,0.));
#10117=DIRECTION('',(0.,0.,-1.));
#10118=DIRECTION('',(0.,-1.,0.));
#10119=DIRECTION('',(0.,0.,-1.));
#10120=DIRECTION('',(-0.897400902454108,0.,-0.441216069828097));
#10121=DIRECTION('',(0.,1.,0.));
#10122=DIRECTION('',(0.,0.,1.));
#10123=DIRECTION('',(0.,1.,0.));
#10124=DIRECTION('',(1.,0.,0.));
#10125=DIRECTION('',(0.,1.,0.));
#10126=DIRECTION('',(0.,0.,1.));
#10127=DIRECTION('',(0.,1.,0.));
#10128=DIRECTION('',(0.,0.,1.));
#10129=DIRECTION('',(0.914829299525543,0.,0.403840751695027));
#10130=DIRECTION('',(0.,-1.,0.));
#10131=DIRECTION('',(0.,0.,-1.));
#10132=DIRECTION('',(0.,-1.,0.));
#10133=DIRECTION('',(0.,0.,-1.));
#10134=DIRECTION('',(0.,-1.,0.));
#10135=DIRECTION('',(0.,0.,-1.));
#10136=DIRECTION('',(0.,-1.,0.));
#10137=DIRECTION('',(0.,0.,-1.));
#10138=DIRECTION('',(0.,-1.,0.));
#10139=DIRECTION('',(0.,0.,-1.));
#10140=DIRECTION('',(-0.960383732779972,0.,-0.278680974972472));
#10141=DIRECTION('',(0.,1.,0.));
#10142=DIRECTION('',(0.,0.,1.));
#10143=DIRECTION('',(0.,1.,0.));
#10144=DIRECTION('',(1.,0.,0.));
#10145=DIRECTION('',(0.,1.,0.));
#10146=DIRECTION('',(0.,0.,1.));
#10147=DIRECTION('',(0.,1.,0.));
#10148=DIRECTION('',(0.,0.,1.));
#10149=DIRECTION('',(0.971057197455042,0.,0.238847062512312));
#10150=DIRECTION('',(0.,-1.,0.));
#10151=DIRECTION('',(0.,0.,-1.));
#10152=DIRECTION('',(0.,-1.,0.));
#10153=DIRECTION('',(0.,0.,-1.));
#10154=DIRECTION('',(0.,-1.,0.));
#10155=DIRECTION('',(0.,0.,-1.));
#10156=DIRECTION('',(0.,-1.,0.));
#10157=DIRECTION('',(0.,0.,-1.));
#10158=DIRECTION('',(0.,-1.,0.));
#10159=DIRECTION('',(0.,0.,-1.));
#10160=DIRECTION('',(-0.994185789362934,0.,-0.107678299711684));
#10161=DIRECTION('',(0.,1.,0.));
#10162=DIRECTION('',(0.,0.,1.));
#10163=DIRECTION('',(0.,1.,0.));
#10164=DIRECTION('',(1.,0.,0.));
#10165=DIRECTION('',(0.,1.,0.));
#10166=DIRECTION('',(0.,0.,1.));
#10167=DIRECTION('',(0.,1.,0.));
#10168=DIRECTION('',(0.,0.,1.));
#10169=DIRECTION('',(0.997780013818386,0.,0.0665961261980131));
#10170=DIRECTION('',(0.,-1.,0.));
#10171=DIRECTION('',(0.,0.,-1.));
#10172=DIRECTION('',(0.,-1.,0.));
#10173=DIRECTION('',(0.,0.,-1.));
#10174=DIRECTION('',(0.,-1.,0.));
#10175=DIRECTION('',(0.,0.,-1.));
#10176=DIRECTION('',(0.,-1.,0.));
#10177=DIRECTION('',(0.,0.,-1.));
#10178=DIRECTION('',(0.,-1.,0.));
#10179=DIRECTION('',(0.,0.,-1.));
#10180=DIRECTION('',(-0.997780013818387,0.,0.066596126197993));
#10181=DIRECTION('',(0.,1.,0.));
#10182=DIRECTION('',(0.,0.,1.));
#10183=DIRECTION('',(0.,1.,0.));
#10184=DIRECTION('',(1.,0.,0.));
#10185=DIRECTION('',(0.,1.,0.));
#10186=DIRECTION('',(0.,0.,1.));
#10187=DIRECTION('',(0.,1.,0.));
#10188=DIRECTION('',(0.,0.,1.));
#10189=DIRECTION('',(0.994185789362934,0.,-0.107678299711692));
#10190=DIRECTION('',(0.,-1.,0.));
#10191=DIRECTION('',(0.,0.,-1.));
#10192=DIRECTION('',(0.,-1.,0.));
#10193=DIRECTION('',(0.,0.,-1.));
#10194=DIRECTION('',(0.,-1.,0.));
#10195=DIRECTION('',(0.,0.,-1.));
#10196=DIRECTION('',(0.,-1.,0.));
#10197=DIRECTION('',(0.,0.,-1.));
#10198=DIRECTION('',(0.,-1.,0.));
#10199=DIRECTION('',(0.,0.,-1.));
#10200=DIRECTION('',(-0.971057197455018,0.,0.23884706251241));
#10201=DIRECTION('',(0.,1.,0.));
#10202=DIRECTION('',(0.,0.,1.));
#10203=DIRECTION('',(0.,1.,0.));
#10204=DIRECTION('',(1.,0.,0.));
#10205=DIRECTION('',(0.,1.,0.));
#10206=DIRECTION('',(0.,0.,1.));
#10207=DIRECTION('',(0.,1.,0.));
#10208=DIRECTION('',(0.,0.,1.));
#10209=DIRECTION('',(0.960383732779948,0.,-0.278680974972554));
#10210=DIRECTION('',(0.,-1.,0.));
#10211=DIRECTION('',(0.,0.,-1.));
#10212=DIRECTION('',(0.,-1.,0.));
#10213=DIRECTION('',(0.,0.,-1.));
#10214=DIRECTION('',(0.,-1.,0.));
#10215=DIRECTION('',(0.,0.,-1.));
#10216=DIRECTION('',(0.,-1.,0.));
#10217=DIRECTION('',(0.,0.,-1.));
#10218=DIRECTION('',(0.,-1.,0.));
#10219=DIRECTION('',(0.,0.,-1.));
#10220=DIRECTION('',(-0.914829299525628,0.,0.403840751694834));
#10221=DIRECTION('',(0.,1.,0.));
#10222=DIRECTION('',(0.,0.,1.));
#10223=DIRECTION('',(0.,1.,0.));
#10224=DIRECTION('',(1.,0.,0.));
#10225=DIRECTION('',(0.,1.,0.));
#10226=DIRECTION('',(0.,0.,1.));
#10227=DIRECTION('',(0.,1.,0.));
#10228=DIRECTION('',(0.,0.,1.));
#10229=DIRECTION('',(0.897400902454098,0.,-0.441216069828119));
#10230=DIRECTION('',(0.,-1.,0.));
#10231=DIRECTION('',(0.,0.,-1.));
#10232=DIRECTION('',(0.,-1.,0.));
#10233=DIRECTION('',(0.,0.,-1.));
#10234=DIRECTION('',(0.,-1.,0.));
#10235=DIRECTION('',(0.,0.,-1.));
#10236=DIRECTION('',(0.,-1.,0.));
#10237=DIRECTION('',(0.,0.,-1.));
#10238=DIRECTION('',(0.,-1.,0.));
#10239=DIRECTION('',(0.,0.,-1.));
#10240=DIRECTION('',(-0.830804776256115,0.,0.55656394399029));
#10241=DIRECTION('',(0.,1.,0.));
#10242=DIRECTION('',(0.,0.,1.));
#10243=DIRECTION('',(0.,1.,0.));
#10244=DIRECTION('',(1.,0.,0.));
#10245=DIRECTION('',(0.,1.,0.));
#10246=DIRECTION('',(0.,0.,1.));
#10247=DIRECTION('',(0.,1.,0.));
#10248=DIRECTION('',(0.,0.,1.));
#10249=DIRECTION('',(0.807150999814225,0.,-0.590345037667716));
#10250=DIRECTION('',(0.,-1.,0.));
#10251=DIRECTION('',(0.,0.,-1.));
#10252=DIRECTION('',(0.,-1.,0.));
#10253=DIRECTION('',(0.,0.,-1.));
#10254=DIRECTION('',(0.,-1.,0.));
#10255=DIRECTION('',(0.,0.,-1.));
#10256=DIRECTION('',(0.,-1.,0.));
#10257=DIRECTION('',(0.,0.,-1.));
#10258=DIRECTION('',(0.,-1.,0.));
#10259=DIRECTION('',(0.,0.,-1.));
#10260=DIRECTION('',(-0.721536670267562,0.,0.692376222482546));
#10261=DIRECTION('',(0.,1.,0.));
#10262=DIRECTION('',(0.,0.,1.));
#10263=DIRECTION('',(0.,1.,0.));
#10264=DIRECTION('',(1.,0.,0.));
#10265=DIRECTION('',(0.,1.,0.));
#10266=DIRECTION('',(0.,0.,1.));
#10267=DIRECTION('',(0.,1.,0.));
#10268=DIRECTION('',(0.,0.,1.));
#10269=DIRECTION('',(0.692376222482342,0.,-0.721536670267758));
#10270=DIRECTION('',(0.,-1.,0.));
#10271=DIRECTION('',(0.,0.,-1.));
#10272=DIRECTION('',(0.,-1.,0.));
#10273=DIRECTION('',(0.,0.,-1.));
#10274=DIRECTION('',(0.,-1.,0.));
#10275=DIRECTION('',(0.,0.,-1.));
#10276=DIRECTION('',(0.,-1.,0.));
#10277=DIRECTION('',(0.,0.,-1.));
#10278=DIRECTION('',(0.,-1.,0.));
#10279=DIRECTION('',(0.,0.,-1.));
#10280=DIRECTION('',(-0.590345037668101,0.,0.807150999813944));
#10281=DIRECTION('',(0.,1.,0.));
#10282=DIRECTION('',(0.,0.,1.));
#10283=DIRECTION('',(0.,1.,0.));
#10284=DIRECTION('',(1.,0.,0.));
#10285=DIRECTION('',(0.,1.,0.));
#10286=DIRECTION('',(0.,0.,1.));
#10287=DIRECTION('',(0.,1.,0.));
#10288=DIRECTION('',(0.,0.,1.));
#10289=DIRECTION('',(0.556563943990338,0.,-0.830804776256083));
#10290=DIRECTION('',(0.,-1.,0.));
#10291=DIRECTION('',(0.,0.,-1.));
#10292=DIRECTION('',(0.,-1.,0.));
#10293=DIRECTION('',(0.,0.,-1.));
#10294=DIRECTION('',(0.,-1.,0.));
#10295=DIRECTION('',(0.,0.,-1.));
#10296=DIRECTION('',(0.,-1.,0.));
#10297=DIRECTION('',(0.,0.,-1.));
#10298=DIRECTION('',(0.,-1.,0.));
#10299=DIRECTION('',(0.,0.,-1.));
#10300=DIRECTION('',(-0.441216069828097,0.,0.897400902454108));
#10301=DIRECTION('',(0.,1.,0.));
#10302=DIRECTION('',(0.,0.,1.));
#10303=DIRECTION('',(0.,1.,0.));
#10304=DIRECTION('',(1.,0.,0.));
#10305=DIRECTION('',(0.,1.,0.));
#10306=DIRECTION('',(0.,0.,1.));
#10307=DIRECTION('',(0.,1.,0.));
#10308=DIRECTION('',(0.,0.,1.));
#10309=DIRECTION('',(0.403840751695027,0.,-0.914829299525543));
#10310=DIRECTION('',(0.,-1.,0.));
#10311=DIRECTION('',(0.,0.,-1.));
#10312=DIRECTION('',(0.,-1.,0.));
#10313=DIRECTION('',(0.,0.,-1.));
#10314=DIRECTION('',(0.,-1.,0.));
#10315=DIRECTION('',(0.,0.,-1.));
#10316=DIRECTION('',(0.,-1.,0.));
#10317=DIRECTION('',(0.,0.,-1.));
#10318=DIRECTION('',(0.,-1.,0.));
#10319=DIRECTION('',(0.,0.,-1.));
#10320=DIRECTION('',(-0.278680974972472,0.,0.960383732779972));
#10321=DIRECTION('',(0.,1.,0.));
#10322=DIRECTION('',(0.,0.,1.));
#10323=DIRECTION('',(0.,1.,0.));
#10324=DIRECTION('',(1.,0.,0.));
#10325=DIRECTION('',(0.,1.,0.));
#10326=DIRECTION('',(0.,0.,1.));
#10327=DIRECTION('',(0.,1.,0.));
#10328=DIRECTION('',(0.,0.,1.));
#10329=DIRECTION('',(0.238847062512305,0.,-0.971057197455043));
#10330=DIRECTION('',(0.,-1.,0.));
#10331=DIRECTION('',(0.,0.,-1.));
#10332=DIRECTION('',(0.,-1.,0.));
#10333=DIRECTION('',(0.,0.,-1.));
#10334=DIRECTION('',(0.,-1.,0.));
#10335=DIRECTION('',(0.,0.,-1.));
#10336=DIRECTION('',(0.,-1.,0.));
#10337=DIRECTION('',(0.,0.,-1.));
#10338=DIRECTION('',(0.,-1.,0.));
#10339=DIRECTION('',(0.,0.,-1.));
#10340=DIRECTION('',(-0.107678299711684,0.,0.994185789362934));
#10341=DIRECTION('',(0.,1.,0.));
#10342=DIRECTION('',(0.,0.,1.));
#10343=DIRECTION('',(0.,1.,0.));
#10344=DIRECTION('',(1.,0.,0.));
#10345=DIRECTION('',(0.,1.,0.));
#10346=DIRECTION('',(0.,0.,1.));
#10347=DIRECTION('',(0.,1.,0.));
#10348=DIRECTION('',(0.,0.,1.));
#10349=DIRECTION('',(0.0665961261980057,0.,-0.997780013818386));
#10350=DIRECTION('',(0.,-1.,0.));
#10351=DIRECTION('',(0.,0.,-1.));
#10352=DIRECTION('',(0.,-1.,0.));
#10353=DIRECTION('',(0.,0.,-1.));
#10354=DIRECTION('',(0.,-1.,0.));
#10355=DIRECTION('',(0.,0.,-1.));
#10356=DIRECTION('',(0.,-1.,0.));
#10357=DIRECTION('',(0.,0.,-1.));
#10358=DIRECTION('',(0.,-1.,0.));
#10359=DIRECTION('',(0.,0.,-1.));
#10360=DIRECTION('',(0.0665961261979932,0.,0.997780013818387));
#10361=DIRECTION('',(0.,1.,0.));
#10362=DIRECTION('',(0.,0.,1.));
#10363=DIRECTION('',(0.,1.,0.));
#10364=DIRECTION('',(0.,0.,1.));
#10365=DIRECTION('',(0.,-1.,0.));
#10366=DIRECTION('',(0.,0.,-1.));
#10367=DIRECTION('',(0.,1.,0.));
#10368=DIRECTION('',(0.,1.,0.));
#10369=DIRECTION('',(0.,0.,1.));
#10370=DIRECTION('',(0.,1.,0.));
#10371=DIRECTION('',(0.,-1.,0.));
#10372=DIRECTION('',(0.17364817766693,0.,-0.984807753012208));
#10373=DIRECTION('',(0.,-1.,0.));
#10374=DIRECTION('',(0.,-1.,0.));
#10375=DIRECTION('',(0.,-1.,0.));
#10376=DIRECTION('',(0.17364817766693,0.,-0.984807753012208));
#10377=DIRECTION('',(0.,-1.,0.));
#10378=DIRECTION('',(0.,-1.,0.));
#10379=DIRECTION('',(0.,1.,0.));
#10380=DIRECTION('',(-0.17364817766693,0.,0.984807753012208));
#10381=DIRECTION('',(0.,1.,0.));
#10382=DIRECTION('',(0.,1.,0.));
#10383=DIRECTION('',(-0.17364817766693,0.,0.984807753012208));
#10384=DIRECTION('',(0.,1.,0.));
#10385=DIRECTION('',(0.,1.,0.));
#10386=DIRECTION('',(-0.994185789362934,0.,-0.107678299711684));
#10387=DIRECTION('',(-0.107678299711684,0.,0.994185789362934));
#10388=DIRECTION('',(0.,1.,0.));
#10389=DIRECTION('',(-0.971057197455017,0.,-0.238847062512411));
#10390=DIRECTION('',(-0.238847062512411,0.,0.971057197455017));
#10391=DIRECTION('',(0.,-1.,0.));
#10392=DIRECTION('',(0.,-1.,0.));
#10393=DIRECTION('',(0.17364817766693,0.,-0.984807753012208));
#10394=DIRECTION('',(0.,-1.,0.));
#10395=DIRECTION('',(0.17364817766693,0.,-0.984807753012208));
#10396=DIRECTION('',(0.,-1.,0.));
#10397=DIRECTION('',(0.17364817766693,0.,-0.984807753012208));
#10398=DIRECTION('',(0.,1.,0.));
#10399=DIRECTION('',(0.,0.,1.));
#10400=DIRECTION('',(0.,-1.,0.));
#10401=DIRECTION('',(0.,0.,-1.));
#10402=DIRECTION('',(0.,1.,0.));
#10403=DIRECTION('',(0.,1.,0.));
#10404=DIRECTION('',(0.,0.,1.));
#10405=DIRECTION('',(0.,1.,0.));
#10406=DIRECTION('',(0.,-1.,0.));
#10407=DIRECTION('',(0.342020143325669,0.,-0.939692620785908));
#10408=DIRECTION('',(0.,-1.,0.));
#10409=DIRECTION('',(0.,-1.,0.));
#10410=DIRECTION('',(0.,-1.,0.));
#10411=DIRECTION('',(0.342020143325669,0.,-0.939692620785908));
#10412=DIRECTION('',(0.,-1.,0.));
#10413=DIRECTION('',(0.,-1.,0.));
#10414=DIRECTION('',(0.,1.,0.));
#10415=DIRECTION('',(-0.342020143325669,0.,0.939692620785908));
#10416=DIRECTION('',(0.,1.,0.));
#10417=DIRECTION('',(0.,1.,0.));
#10418=DIRECTION('',(-0.342020143325669,0.,0.939692620785908));
#10419=DIRECTION('',(0.,1.,0.));
#10420=DIRECTION('',(-0.960383732779972,0.,-0.278680974972472));
#10421=DIRECTION('',(-0.278680974972472,0.,0.960383732779972));
#10422=DIRECTION('',(0.,1.,0.));
#10423=DIRECTION('',(-0.914829299525628,0.,-0.403840751694835));
#10424=DIRECTION('',(-0.403840751694835,0.,0.914829299525628));
#10425=DIRECTION('',(0.,-1.,0.));
#10426=DIRECTION('',(0.,-1.,0.));
#10427=DIRECTION('',(0.342020143325669,0.,-0.939692620785908));
#10428=DIRECTION('',(0.,-1.,0.));
#10429=DIRECTION('',(0.342020143325669,0.,-0.939692620785908));
#10430=DIRECTION('',(0.,-1.,0.));
#10431=DIRECTION('',(0.342020143325669,0.,-0.939692620785908));
#10432=DIRECTION('',(0.,1.,0.));
#10433=DIRECTION('',(0.,0.,1.));
#10434=DIRECTION('',(0.,-1.,0.));
#10435=DIRECTION('',(0.,0.,-1.));
#10436=DIRECTION('',(0.,1.,0.));
#10437=DIRECTION('',(0.,1.,0.));
#10438=DIRECTION('',(0.,0.,1.));
#10439=DIRECTION('',(0.,1.,0.));
#10440=DIRECTION('',(0.,-1.,0.));
#10441=DIRECTION('',(0.5,0.,-0.866025403784439));
#10442=DIRECTION('',(0.,-1.,0.));
#10443=DIRECTION('',(0.,-1.,0.));
#10444=DIRECTION('',(0.,-1.,0.));
#10445=DIRECTION('',(0.5,0.,-0.866025403784439));
#10446=DIRECTION('',(0.,-1.,0.));
#10447=DIRECTION('',(0.,-1.,0.));
#10448=DIRECTION('',(0.,1.,0.));
#10449=DIRECTION('',(-0.5,0.,0.866025403784439));
#10450=DIRECTION('',(0.,1.,0.));
#10451=DIRECTION('',(0.,1.,0.));
#10452=DIRECTION('',(-0.5,0.,0.866025403784439));
#10453=DIRECTION('',(0.,1.,0.));
#10454=DIRECTION('',(-0.897400902454108,0.,-0.441216069828097));
#10455=DIRECTION('',(-0.441216069828097,0.,0.897400902454108));
#10456=DIRECTION('',(0.,1.,0.));
#10457=DIRECTION('',(-0.830804776256115,0.,-0.556563943990291));
#10458=DIRECTION('',(-0.556563943990291,0.,0.830804776256115));
#10459=DIRECTION('',(0.,-1.,0.));
#10460=DIRECTION('',(0.,-1.,0.));
#10461=DIRECTION('',(0.5,0.,-0.866025403784439));
#10462=DIRECTION('',(0.,-1.,0.));
#10463=DIRECTION('',(0.5,0.,-0.866025403784439));
#10464=DIRECTION('',(0.,-1.,0.));
#10465=DIRECTION('',(0.5,0.,-0.866025403784439));
#10466=DIRECTION('',(0.,1.,0.));
#10467=DIRECTION('',(0.,0.,1.));
#10468=DIRECTION('',(0.,-1.,0.));
#10469=DIRECTION('',(0.,0.,-1.));
#10470=DIRECTION('',(0.,1.,0.));
#10471=DIRECTION('',(0.,1.,0.));
#10472=DIRECTION('',(0.,0.,1.));
#10473=DIRECTION('',(0.,1.,0.));
#10474=DIRECTION('',(0.,-1.,0.));
#10475=DIRECTION('',(0.64278760968654,0.,-0.766044443118978));
#10476=DIRECTION('',(0.,-1.,0.));
#10477=DIRECTION('',(0.,-1.,0.));
#10478=DIRECTION('',(0.,-1.,0.));
#10479=DIRECTION('',(0.64278760968654,0.,-0.766044443118978));
#10480=DIRECTION('',(0.,-1.,0.));
#10481=DIRECTION('',(0.,-1.,0.));
#10482=DIRECTION('',(0.,1.,0.));
#10483=DIRECTION('',(-0.64278760968654,0.,0.766044443118978));
#10484=DIRECTION('',(0.,1.,0.));
#10485=DIRECTION('',(0.,1.,0.));
#10486=DIRECTION('',(-0.64278760968654,0.,0.766044443118978));
#10487=DIRECTION('',(0.,1.,0.));
#10488=DIRECTION('',(-0.807150999813944,0.,-0.590345037668101));
#10489=DIRECTION('',(-0.590345037668101,0.,0.807150999813944));
#10490=DIRECTION('',(0.,1.,0.));
#10491=DIRECTION('',(-0.721536670267561,0.,-0.692376222482547));
#10492=DIRECTION('',(-0.692376222482547,0.,0.721536670267561));
#10493=DIRECTION('',(0.,-1.,0.));
#10494=DIRECTION('',(0.,-1.,0.));
#10495=DIRECTION('',(0.64278760968654,0.,-0.766044443118978));
#10496=DIRECTION('',(0.,-1.,0.));
#10497=DIRECTION('',(0.64278760968654,0.,-0.766044443118978));
#10498=DIRECTION('',(0.,-1.,0.));
#10499=DIRECTION('',(0.64278760968654,0.,-0.766044443118978));
#10500=DIRECTION('',(0.,1.,0.));
#10501=DIRECTION('',(0.,0.,1.));
#10502=DIRECTION('',(0.,-1.,0.));
#10503=DIRECTION('',(0.,0.,-1.));
#10504=DIRECTION('',(0.,1.,0.));
#10505=DIRECTION('',(0.,1.,0.));
#10506=DIRECTION('',(0.,0.,1.));
#10507=DIRECTION('',(0.,1.,0.));
#10508=DIRECTION('',(0.,-1.,0.));
#10509=DIRECTION('',(0.766044443118978,0.,-0.642787609686539));
#10510=DIRECTION('',(0.,-1.,0.));
#10511=DIRECTION('',(0.,-1.,0.));
#10512=DIRECTION('',(0.,-1.,0.));
#10513=DIRECTION('',(0.766044443118978,0.,-0.642787609686539));
#10514=DIRECTION('',(0.,-1.,0.));
#10515=DIRECTION('',(0.,-1.,0.));
#10516=DIRECTION('',(0.,1.,0.));
#10517=DIRECTION('',(-0.766044443118978,0.,0.642787609686539));
#10518=DIRECTION('',(0.,1.,0.));
#10519=DIRECTION('',(0.,1.,0.));
#10520=DIRECTION('',(-0.766044443118978,0.,0.642787609686539));
#10521=DIRECTION('',(0.,1.,0.));
#10522=DIRECTION('',(-0.692376222482546,0.,-0.721536670267562));
#10523=DIRECTION('',(-0.721536670267562,0.,0.692376222482546));
#10524=DIRECTION('',(0.,1.,0.));
#10525=DIRECTION('',(-0.5903450376681,0.,-0.807150999813944));
#10526=DIRECTION('',(-0.807150999813944,0.,0.5903450376681));
#10527=DIRECTION('',(0.,-1.,0.));
#10528=DIRECTION('',(0.,-1.,0.));
#10529=DIRECTION('',(0.766044443118978,0.,-0.642787609686539));
#10530=DIRECTION('',(0.,-1.,0.));
#10531=DIRECTION('',(0.766044443118978,0.,-0.642787609686539));
#10532=DIRECTION('',(0.,-1.,0.));
#10533=DIRECTION('',(0.766044443118978,0.,-0.642787609686539));
#10534=DIRECTION('',(0.,1.,0.));
#10535=DIRECTION('',(0.,0.,1.));
#10536=DIRECTION('',(0.,-1.,0.));
#10537=DIRECTION('',(0.,0.,-1.));
#10538=DIRECTION('',(0.,1.,0.));
#10539=DIRECTION('',(0.,1.,0.));
#10540=DIRECTION('',(0.,0.,1.));
#10541=DIRECTION('',(0.,1.,0.));
#10542=DIRECTION('',(0.,-1.,0.));
#10543=DIRECTION('',(0.866025403784439,0.,-0.5));
#10544=DIRECTION('',(0.,-1.,0.));
#10545=DIRECTION('',(0.,-1.,0.));
#10546=DIRECTION('',(0.,-1.,0.));
#10547=DIRECTION('',(0.866025403784439,0.,-0.5));
#10548=DIRECTION('',(0.,-1.,0.));
#10549=DIRECTION('',(0.,-1.,0.));
#10550=DIRECTION('',(0.,1.,0.));
#10551=DIRECTION('',(-0.866025403784439,0.,0.5));
#10552=DIRECTION('',(0.,1.,0.));
#10553=DIRECTION('',(0.,1.,0.));
#10554=DIRECTION('',(-0.866025403784439,0.,0.5));
#10555=DIRECTION('',(0.,1.,0.));
#10556=DIRECTION('',(-0.55656394399029,0.,-0.830804776256115));
#10557=DIRECTION('',(-0.830804776256115,0.,0.55656394399029));
#10558=DIRECTION('',(0.,1.,0.));
#10559=DIRECTION('',(-0.441216069828097,0.,-0.897400902454108));
#10560=DIRECTION('',(-0.897400902454108,0.,0.441216069828097));
#10561=DIRECTION('',(0.,-1.,0.));
#10562=DIRECTION('',(0.,-1.,0.));
#10563=DIRECTION('',(0.866025403784439,0.,-0.5));
#10564=DIRECTION('',(0.,-1.,0.));
#10565=DIRECTION('',(0.866025403784439,0.,-0.5));
#10566=DIRECTION('',(0.,-1.,0.));
#10567=DIRECTION('',(0.866025403784439,0.,-0.5));
#10568=DIRECTION('',(0.,1.,0.));
#10569=DIRECTION('',(0.,0.,1.));
#10570=DIRECTION('',(0.,-1.,0.));
#10571=DIRECTION('',(0.,0.,-1.));
#10572=DIRECTION('',(0.,1.,0.));
#10573=DIRECTION('',(0.,1.,0.));
#10574=DIRECTION('',(0.,0.,1.));
#10575=DIRECTION('',(0.,1.,0.));
#10576=DIRECTION('',(0.,-1.,0.));
#10577=DIRECTION('',(0.939692620785909,0.,-0.342020143325668));
#10578=DIRECTION('',(0.,-1.,0.));
#10579=DIRECTION('',(0.,-1.,0.));
#10580=DIRECTION('',(0.,-1.,0.));
#10581=DIRECTION('',(0.939692620785909,0.,-0.342020143325668));
#10582=DIRECTION('',(0.,-1.,0.));
#10583=DIRECTION('',(0.,-1.,0.));
#10584=DIRECTION('',(0.,1.,0.));
#10585=DIRECTION('',(-0.939692620785909,0.,0.342020143325668));
#10586=DIRECTION('',(0.,1.,0.));
#10587=DIRECTION('',(0.,1.,0.));
#10588=DIRECTION('',(-0.939692620785909,0.,0.342020143325668));
#10589=DIRECTION('',(0.,1.,0.));
#10590=DIRECTION('',(-0.403840751694834,0.,-0.914829299525628));
#10591=DIRECTION('',(-0.914829299525628,0.,0.403840751694834));
#10592=DIRECTION('',(0.,1.,0.));
#10593=DIRECTION('',(-0.278680974972471,0.,-0.960383732779972));
#10594=DIRECTION('',(-0.960383732779972,0.,0.278680974972471));
#10595=DIRECTION('',(0.,-1.,0.));
#10596=DIRECTION('',(0.,-1.,0.));
#10597=DIRECTION('',(0.939692620785909,0.,-0.342020143325668));
#10598=DIRECTION('',(0.,-1.,0.));
#10599=DIRECTION('',(0.939692620785909,0.,-0.342020143325668));
#10600=DIRECTION('',(0.,-1.,0.));
#10601=DIRECTION('',(0.939692620785909,0.,-0.342020143325668));
#10602=DIRECTION('',(0.,1.,0.));
#10603=DIRECTION('',(0.,0.,1.));
#10604=DIRECTION('',(0.,-1.,0.));
#10605=DIRECTION('',(0.,0.,-1.));
#10606=DIRECTION('',(0.,1.,0.));
#10607=DIRECTION('',(0.,1.,0.));
#10608=DIRECTION('',(0.,0.,1.));
#10609=DIRECTION('',(0.,1.,0.));
#10610=DIRECTION('',(0.,-1.,0.));
#10611=DIRECTION('',(0.984807753012208,0.,-0.17364817766693));
#10612=DIRECTION('',(0.,-1.,0.));
#10613=DIRECTION('',(0.,-1.,0.));
#10614=DIRECTION('',(0.,-1.,0.));
#10615=DIRECTION('',(0.984807753012208,0.,-0.17364817766693));
#10616=DIRECTION('',(0.,-1.,0.));
#10617=DIRECTION('',(0.,-1.,0.));
#10618=DIRECTION('',(0.,1.,0.));
#10619=DIRECTION('',(-0.984807753012208,0.,0.17364817766693));
#10620=DIRECTION('',(0.,1.,0.));
#10621=DIRECTION('',(0.,1.,0.));
#10622=DIRECTION('',(-0.984807753012208,0.,0.17364817766693));
#10623=DIRECTION('',(0.,1.,0.));
#10624=DIRECTION('',(-0.23884706251241,0.,-0.971057197455018));
#10625=DIRECTION('',(-0.971057197455018,0.,0.23884706251241));
#10626=DIRECTION('',(0.,1.,0.));
#10627=DIRECTION('',(-0.107678299711684,0.,-0.994185789362934));
#10628=DIRECTION('',(-0.994185789362934,0.,0.107678299711684));
#10629=DIRECTION('',(0.,-1.,0.));
#10630=DIRECTION('',(0.,-1.,0.));
#10631=DIRECTION('',(0.984807753012208,0.,-0.17364817766693));
#10632=DIRECTION('',(0.,-1.,0.));
#10633=DIRECTION('',(0.984807753012208,0.,-0.17364817766693));
#10634=DIRECTION('',(0.,-1.,0.));
#10635=DIRECTION('',(0.984807753012208,0.,-0.17364817766693));
#10636=DIRECTION('',(0.,1.,0.));
#10637=DIRECTION('',(0.,0.,1.));
#10638=DIRECTION('',(0.,-1.,0.));
#10639=DIRECTION('',(0.,0.,-1.));
#10640=DIRECTION('',(0.,1.,0.));
#10641=DIRECTION('',(0.,1.,0.));
#10642=DIRECTION('',(0.,0.,1.));
#10643=DIRECTION('',(0.,1.,0.));
#10644=DIRECTION('',(0.,-1.,0.));
#10645=DIRECTION('',(1.,0.,1.83697019872103E-16));
#10646=DIRECTION('',(0.,-1.,0.));
#10647=DIRECTION('',(0.,-1.,0.));
#10648=DIRECTION('',(0.,-1.,0.));
#10649=DIRECTION('',(1.,0.,1.83697019872103E-16));
#10650=DIRECTION('',(0.,-1.,0.));
#10651=DIRECTION('',(0.,-1.,0.));
#10652=DIRECTION('',(0.,1.,0.));
#10653=DIRECTION('',(-1.,0.,-1.83697019872103E-16));
#10654=DIRECTION('',(0.,1.,0.));
#10655=DIRECTION('',(0.,1.,0.));
#10656=DIRECTION('',(-1.,0.,-1.83697019872103E-16));
#10657=DIRECTION('',(0.,1.,0.));
#10658=DIRECTION('',(-0.066596126197993,0.,-0.997780013818387));
#10659=DIRECTION('',(-0.997780013818387,0.,0.066596126197993));
#10660=DIRECTION('',(0.,1.,0.));
#10661=DIRECTION('',(0.0665961261979933,0.,-0.997780013818387));
#10662=DIRECTION('',(-0.997780013818387,0.,-0.0665961261979933));
#10663=DIRECTION('',(0.,-1.,0.));
#10664=DIRECTION('',(0.,-1.,0.));
#10665=DIRECTION('',(1.,0.,1.83697019872103E-16));
#10666=DIRECTION('',(0.,-1.,0.));
#10667=DIRECTION('',(1.,0.,1.83697019872103E-16));
#10668=DIRECTION('',(0.,-1.,0.));
#10669=DIRECTION('',(1.,0.,1.83697019872103E-16));
#10670=DIRECTION('',(0.,1.,0.));
#10671=DIRECTION('',(0.,0.,1.));
#10672=DIRECTION('',(0.,-1.,0.));
#10673=DIRECTION('',(0.,0.,-1.));
#10674=DIRECTION('',(0.,1.,0.));
#10675=DIRECTION('',(0.,1.,0.));
#10676=DIRECTION('',(0.,0.,1.));
#10677=DIRECTION('',(0.,1.,0.));
#10678=DIRECTION('',(0.,-1.,0.));
#10679=DIRECTION('',(0.984807753012208,0.,0.17364817766693));
#10680=DIRECTION('',(0.,-1.,0.));
#10681=DIRECTION('',(0.,-1.,0.));
#10682=DIRECTION('',(0.,-1.,0.));
#10683=DIRECTION('',(0.984807753012208,0.,0.17364817766693));
#10684=DIRECTION('',(0.,-1.,0.));
#10685=DIRECTION('',(0.,-1.,0.));
#10686=DIRECTION('',(0.,1.,0.));
#10687=DIRECTION('',(-0.984807753012208,0.,-0.17364817766693));
#10688=DIRECTION('',(0.,1.,0.));
#10689=DIRECTION('',(0.,1.,0.));
#10690=DIRECTION('',(-0.984807753012208,0.,-0.17364817766693));
#10691=DIRECTION('',(0.,1.,0.));
#10692=DIRECTION('',(0.107678299711684,0.,-0.994185789362934));
#10693=DIRECTION('',(-0.994185789362934,0.,-0.107678299711684));
#10694=DIRECTION('',(0.,1.,0.));
#10695=DIRECTION('',(0.238847062512411,0.,-0.971057197455017));
#10696=DIRECTION('',(-0.971057197455017,0.,-0.238847062512411));
#10697=DIRECTION('',(0.,-1.,0.));
#10698=DIRECTION('',(0.,-1.,0.));
#10699=DIRECTION('',(0.984807753012208,0.,0.17364817766693));
#10700=DIRECTION('',(0.,-1.,0.));
#10701=DIRECTION('',(0.984807753012208,0.,0.17364817766693));
#10702=DIRECTION('',(0.,-1.,0.));
#10703=DIRECTION('',(0.984807753012208,0.,0.17364817766693));
#10704=DIRECTION('',(0.,1.,0.));
#10705=DIRECTION('',(0.,0.,1.));
#10706=DIRECTION('',(0.,-1.,0.));
#10707=DIRECTION('',(0.,0.,-1.));
#10708=DIRECTION('',(0.,1.,0.));
#10709=DIRECTION('',(0.,1.,0.));
#10710=DIRECTION('',(0.,0.,1.));
#10711=DIRECTION('',(0.,1.,0.));
#10712=DIRECTION('',(0.,-1.,0.));
#10713=DIRECTION('',(0.939692620785908,0.,0.342020143325669));
#10714=DIRECTION('',(0.,-1.,0.));
#10715=DIRECTION('',(0.,-1.,0.));
#10716=DIRECTION('',(0.,-1.,0.));
#10717=DIRECTION('',(0.939692620785908,0.,0.342020143325669));
#10718=DIRECTION('',(0.,-1.,0.));
#10719=DIRECTION('',(0.,-1.,0.));
#10720=DIRECTION('',(0.,1.,0.));
#10721=DIRECTION('',(-0.939692620785908,0.,-0.342020143325669));
#10722=DIRECTION('',(0.,1.,0.));
#10723=DIRECTION('',(0.,1.,0.));
#10724=DIRECTION('',(-0.939692620785908,0.,-0.342020143325669));
#10725=DIRECTION('',(0.,1.,0.));
#10726=DIRECTION('',(0.278680974972472,0.,-0.960383732779972));
#10727=DIRECTION('',(-0.960383732779972,0.,-0.278680974972472));
#10728=DIRECTION('',(0.,1.,0.));
#10729=DIRECTION('',(0.403840751694835,0.,-0.914829299525628));
#10730=DIRECTION('',(-0.914829299525628,0.,-0.403840751694835));
#10731=DIRECTION('',(0.,-1.,0.));
#10732=DIRECTION('',(0.,-1.,0.));
#10733=DIRECTION('',(0.939692620785908,0.,0.342020143325669));
#10734=DIRECTION('',(0.,-1.,0.));
#10735=DIRECTION('',(0.939692620785908,0.,0.342020143325669));
#10736=DIRECTION('',(0.,-1.,0.));
#10737=DIRECTION('',(0.939692620785908,0.,0.342020143325669));
#10738=DIRECTION('',(0.,1.,0.));
#10739=DIRECTION('',(0.,0.,1.));
#10740=DIRECTION('',(0.,-1.,0.));
#10741=DIRECTION('',(0.,0.,-1.));
#10742=DIRECTION('',(0.,1.,0.));
#10743=DIRECTION('',(0.,1.,0.));
#10744=DIRECTION('',(0.,0.,1.));
#10745=DIRECTION('',(0.,1.,0.));
#10746=DIRECTION('',(0.,-1.,0.));
#10747=DIRECTION('',(0.866025403784439,0.,0.5));
#10748=DIRECTION('',(0.,-1.,0.));
#10749=DIRECTION('',(0.,-1.,0.));
#10750=DIRECTION('',(0.,-1.,0.));
#10751=DIRECTION('',(0.866025403784439,0.,0.5));
#10752=DIRECTION('',(0.,-1.,0.));
#10753=DIRECTION('',(0.,-1.,0.));
#10754=DIRECTION('',(0.,1.,0.));
#10755=DIRECTION('',(-0.866025403784439,0.,-0.5));
#10756=DIRECTION('',(0.,1.,0.));
#10757=DIRECTION('',(0.,1.,0.));
#10758=DIRECTION('',(-0.866025403784439,0.,-0.5));
#10759=DIRECTION('',(0.,1.,0.));
#10760=DIRECTION('',(0.441216069828097,0.,-0.897400902454108));
#10761=DIRECTION('',(-0.897400902454108,0.,-0.441216069828097));
#10762=DIRECTION('',(0.,1.,0.));
#10763=DIRECTION('',(0.556563943990291,0.,-0.830804776256115));
#10764=DIRECTION('',(-0.830804776256115,0.,-0.556563943990291));
#10765=DIRECTION('',(0.,-1.,0.));
#10766=DIRECTION('',(0.,-1.,0.));
#10767=DIRECTION('',(0.866025403784439,0.,0.5));
#10768=DIRECTION('',(0.,-1.,0.));
#10769=DIRECTION('',(0.866025403784439,0.,0.5));
#10770=DIRECTION('',(0.,-1.,0.));
#10771=DIRECTION('',(0.866025403784439,0.,0.5));
#10772=DIRECTION('',(0.,1.,0.));
#10773=DIRECTION('',(0.,0.,1.));
#10774=DIRECTION('',(0.,-1.,0.));
#10775=DIRECTION('',(0.,0.,-1.));
#10776=DIRECTION('',(0.,1.,0.));
#10777=DIRECTION('',(0.,1.,0.));
#10778=DIRECTION('',(0.,0.,1.));
#10779=DIRECTION('',(0.,1.,0.));
#10780=DIRECTION('',(0.,-1.,0.));
#10781=DIRECTION('',(0.766044443118978,0.,0.64278760968654));
#10782=DIRECTION('',(0.,-1.,0.));
#10783=DIRECTION('',(0.,-1.,0.));
#10784=DIRECTION('',(0.,-1.,0.));
#10785=DIRECTION('',(0.766044443118978,0.,0.64278760968654));
#10786=DIRECTION('',(0.,-1.,0.));
#10787=DIRECTION('',(0.,-1.,0.));
#10788=DIRECTION('',(0.,1.,0.));
#10789=DIRECTION('',(-0.766044443118978,0.,-0.64278760968654));
#10790=DIRECTION('',(0.,1.,0.));
#10791=DIRECTION('',(0.,1.,0.));
#10792=DIRECTION('',(-0.766044443118978,0.,-0.64278760968654));
#10793=DIRECTION('',(0.,1.,0.));
#10794=DIRECTION('',(0.590345037668101,0.,-0.807150999813944));
#10795=DIRECTION('',(-0.807150999813944,0.,-0.590345037668101));
#10796=DIRECTION('',(0.,1.,0.));
#10797=DIRECTION('',(0.692376222482547,0.,-0.721536670267561));
#10798=DIRECTION('',(-0.721536670267561,0.,-0.692376222482547));
#10799=DIRECTION('',(0.,-1.,0.));
#10800=DIRECTION('',(0.,-1.,0.));
#10801=DIRECTION('',(0.766044443118978,0.,0.64278760968654));
#10802=DIRECTION('',(0.,-1.,0.));
#10803=DIRECTION('',(0.766044443118978,0.,0.64278760968654));
#10804=DIRECTION('',(0.,-1.,0.));
#10805=DIRECTION('',(0.766044443118978,0.,0.64278760968654));
#10806=DIRECTION('',(0.,1.,0.));
#10807=DIRECTION('',(0.,0.,1.));
#10808=DIRECTION('',(0.,-1.,0.));
#10809=DIRECTION('',(0.,0.,-1.));
#10810=DIRECTION('',(0.,1.,0.));
#10811=DIRECTION('',(0.,1.,0.));
#10812=DIRECTION('',(0.,0.,1.));
#10813=DIRECTION('',(0.,1.,0.));
#10814=DIRECTION('',(0.,-1.,0.));
#10815=DIRECTION('',(0.642787609686539,0.,0.766044443118978));
#10816=DIRECTION('',(0.,-1.,0.));
#10817=DIRECTION('',(0.,-1.,0.));
#10818=DIRECTION('',(0.,-1.,0.));
#10819=DIRECTION('',(0.642787609686539,0.,0.766044443118978));
#10820=DIRECTION('',(0.,-1.,0.));
#10821=DIRECTION('',(0.,-1.,0.));
#10822=DIRECTION('',(0.,1.,0.));
#10823=DIRECTION('',(-0.642787609686539,0.,-0.766044443118978));
#10824=DIRECTION('',(0.,1.,0.));
#10825=DIRECTION('',(0.,1.,0.));
#10826=DIRECTION('',(-0.642787609686539,0.,-0.766044443118978));
#10827=DIRECTION('',(0.,1.,0.));
#10828=DIRECTION('',(0.721536670267562,0.,-0.692376222482546));
#10829=DIRECTION('',(-0.692376222482546,0.,-0.721536670267562));
#10830=DIRECTION('',(0.,1.,0.));
#10831=DIRECTION('',(0.807150999813944,0.,-0.590345037668101));
#10832=DIRECTION('',(-0.590345037668101,0.,-0.807150999813944));
#10833=DIRECTION('',(0.,-1.,0.));
#10834=DIRECTION('',(0.,-1.,0.));
#10835=DIRECTION('',(0.642787609686539,0.,0.766044443118978));
#10836=DIRECTION('',(0.,-1.,0.));
#10837=DIRECTION('',(0.642787609686539,0.,0.766044443118978));
#10838=DIRECTION('',(0.,-1.,0.));
#10839=DIRECTION('',(0.642787609686539,0.,0.766044443118978));
#10840=DIRECTION('',(0.,1.,0.));
#10841=DIRECTION('',(0.,0.,1.));
#10842=DIRECTION('',(0.,-1.,0.));
#10843=DIRECTION('',(0.,0.,-1.));
#10844=DIRECTION('',(0.,1.,0.));
#10845=DIRECTION('',(0.,1.,0.));
#10846=DIRECTION('',(0.,0.,1.));
#10847=DIRECTION('',(0.,1.,0.));
#10848=DIRECTION('',(0.,-1.,0.));
#10849=DIRECTION('',(0.5,0.,0.866025403784439));
#10850=DIRECTION('',(0.,-1.,0.));
#10851=DIRECTION('',(0.,-1.,0.));
#10852=DIRECTION('',(0.,-1.,0.));
#10853=DIRECTION('',(0.5,0.,0.866025403784439));
#10854=DIRECTION('',(0.,-1.,0.));
#10855=DIRECTION('',(0.,-1.,0.));
#10856=DIRECTION('',(0.,1.,0.));
#10857=DIRECTION('',(-0.5,0.,-0.866025403784439));
#10858=DIRECTION('',(0.,1.,0.));
#10859=DIRECTION('',(0.,1.,0.));
#10860=DIRECTION('',(-0.5,0.,-0.866025403784439));
#10861=DIRECTION('',(0.,1.,0.));
#10862=DIRECTION('',(0.830804776256115,0.,-0.55656394399029));
#10863=DIRECTION('',(-0.55656394399029,0.,-0.830804776256115));
#10864=DIRECTION('',(0.,1.,0.));
#10865=DIRECTION('',(0.897400902454108,0.,-0.441216069828097));
#10866=DIRECTION('',(-0.441216069828097,0.,-0.897400902454108));
#10867=DIRECTION('',(0.,-1.,0.));
#10868=DIRECTION('',(0.,-1.,0.));
#10869=DIRECTION('',(0.5,0.,0.866025403784439));
#10870=DIRECTION('',(0.,-1.,0.));
#10871=DIRECTION('',(0.5,0.,0.866025403784439));
#10872=DIRECTION('',(0.,-1.,0.));
#10873=DIRECTION('',(0.5,0.,0.866025403784439));
#10874=DIRECTION('',(0.,1.,0.));
#10875=DIRECTION('',(0.,0.,1.));
#10876=DIRECTION('',(0.,-1.,0.));
#10877=DIRECTION('',(0.,0.,-1.));
#10878=DIRECTION('',(0.,1.,0.));
#10879=DIRECTION('',(0.,1.,0.));
#10880=DIRECTION('',(0.,0.,1.));
#10881=DIRECTION('',(0.,1.,0.));
#10882=DIRECTION('',(0.,-1.,0.));
#10883=DIRECTION('',(0.342020143325668,0.,0.939692620785909));
#10884=DIRECTION('',(0.,-1.,0.));
#10885=DIRECTION('',(0.,-1.,0.));
#10886=DIRECTION('',(0.,-1.,0.));
#10887=DIRECTION('',(0.342020143325668,0.,0.939692620785909));
#10888=DIRECTION('',(0.,-1.,0.));
#10889=DIRECTION('',(0.,-1.,0.));
#10890=DIRECTION('',(0.,1.,0.));
#10891=DIRECTION('',(-0.342020143325668,0.,-0.939692620785909));
#10892=DIRECTION('',(0.,1.,0.));
#10893=DIRECTION('',(0.,1.,0.));
#10894=DIRECTION('',(-0.342020143325668,0.,-0.939692620785909));
#10895=DIRECTION('',(0.,1.,0.));
#10896=DIRECTION('',(0.914829299525628,0.,-0.403840751694834));
#10897=DIRECTION('',(-0.403840751694834,0.,-0.914829299525628));
#10898=DIRECTION('',(0.,1.,0.));
#10899=DIRECTION('',(0.960383732779972,0.,-0.278680974972472));
#10900=DIRECTION('',(-0.278680974972472,0.,-0.960383732779972));
#10901=DIRECTION('',(0.,-1.,0.));
#10902=DIRECTION('',(0.,-1.,0.));
#10903=DIRECTION('',(0.342020143325668,0.,0.939692620785909));
#10904=DIRECTION('',(0.,-1.,0.));
#10905=DIRECTION('',(0.342020143325668,0.,0.939692620785909));
#10906=DIRECTION('',(0.,-1.,0.));
#10907=DIRECTION('',(0.342020143325668,0.,0.939692620785909));
#10908=DIRECTION('',(0.,1.,0.));
#10909=DIRECTION('',(0.,0.,1.));
#10910=DIRECTION('',(0.,-1.,0.));
#10911=DIRECTION('',(0.,0.,-1.));
#10912=DIRECTION('',(0.,1.,0.));
#10913=DIRECTION('',(0.,1.,0.));
#10914=DIRECTION('',(0.,0.,1.));
#10915=DIRECTION('',(0.,1.,0.));
#10916=DIRECTION('',(0.,-1.,0.));
#10917=DIRECTION('',(0.17364817766693,0.,0.984807753012208));
#10918=DIRECTION('',(0.,-1.,0.));
#10919=DIRECTION('',(0.,-1.,0.));
#10920=DIRECTION('',(0.,-1.,0.));
#10921=DIRECTION('',(0.17364817766693,0.,0.984807753012208));
#10922=DIRECTION('',(0.,-1.,0.));
#10923=DIRECTION('',(0.,-1.,0.));
#10924=DIRECTION('',(0.,1.,0.));
#10925=DIRECTION('',(-0.17364817766693,0.,-0.984807753012208));
#10926=DIRECTION('',(0.,1.,0.));
#10927=DIRECTION('',(0.,1.,0.));
#10928=DIRECTION('',(-0.17364817766693,0.,-0.984807753012208));
#10929=DIRECTION('',(0.,1.,0.));
#10930=DIRECTION('',(0.971057197455017,0.,-0.238847062512411));
#10931=DIRECTION('',(-0.238847062512411,0.,-0.971057197455017));
#10932=DIRECTION('',(0.,1.,0.));
#10933=DIRECTION('',(0.994185789362934,0.,-0.107678299711684));
#10934=DIRECTION('',(-0.107678299711684,0.,-0.994185789362934));
#10935=DIRECTION('',(0.,-1.,0.));
#10936=DIRECTION('',(0.,-1.,0.));
#10937=DIRECTION('',(0.17364817766693,0.,0.984807753012208));
#10938=DIRECTION('',(0.,-1.,0.));
#10939=DIRECTION('',(0.17364817766693,0.,0.984807753012208));
#10940=DIRECTION('',(0.,-1.,0.));
#10941=DIRECTION('',(0.17364817766693,0.,0.984807753012208));
#10942=DIRECTION('',(0.,1.,0.));
#10943=DIRECTION('',(0.,0.,1.));
#10944=DIRECTION('',(0.,-1.,0.));
#10945=DIRECTION('',(0.,0.,-1.));
#10946=DIRECTION('',(0.,1.,0.));
#10947=DIRECTION('',(0.,1.,0.));
#10948=DIRECTION('',(0.,0.,1.));
#10949=DIRECTION('',(0.,1.,0.));
#10950=DIRECTION('',(0.,-1.,0.));
#10951=DIRECTION('',(-1.22464679914735E-16,0.,1.));
#10952=DIRECTION('',(0.,-1.,0.));
#10953=DIRECTION('',(0.,-1.,0.));
#10954=DIRECTION('',(0.,-1.,0.));
#10955=DIRECTION('',(-1.22464679914735E-16,0.,1.));
#10956=DIRECTION('',(0.,-1.,0.));
#10957=DIRECTION('',(0.,-1.,0.));
#10958=DIRECTION('',(0.,1.,0.));
#10959=DIRECTION('',(1.22464679914735E-16,0.,-1.));
#10960=DIRECTION('',(0.,1.,0.));
#10961=DIRECTION('',(0.,1.,0.));
#10962=DIRECTION('',(1.22464679914735E-16,0.,-1.));
#10963=DIRECTION('',(0.,1.,0.));
#10964=DIRECTION('',(0.997780013818387,0.,-0.066596126197993));
#10965=DIRECTION('',(-0.066596126197993,0.,-0.997780013818387));
#10966=DIRECTION('',(0.,1.,0.));
#10967=DIRECTION('',(0.997780013818387,0.,0.0665961261979932));
#10968=DIRECTION('',(0.0665961261979932,0.,-0.997780013818387));
#10969=DIRECTION('',(0.,-1.,0.));
#10970=DIRECTION('',(0.,-1.,0.));
#10971=DIRECTION('',(-1.22464679914735E-16,0.,1.));
#10972=DIRECTION('',(0.,-1.,0.));
#10973=DIRECTION('',(-1.22464679914735E-16,0.,1.));
#10974=DIRECTION('',(0.,-1.,0.));
#10975=DIRECTION('',(-1.22464679914735E-16,0.,1.));
#10976=DIRECTION('',(0.,1.,0.));
#10977=DIRECTION('',(0.,0.,1.));
#10978=DIRECTION('',(0.,-1.,0.));
#10979=DIRECTION('',(0.,0.,-1.));
#10980=DIRECTION('',(0.,1.,0.));
#10981=DIRECTION('',(0.,1.,0.));
#10982=DIRECTION('',(0.,0.,1.));
#10983=DIRECTION('',(0.,1.,0.));
#10984=DIRECTION('',(0.,-1.,0.));
#10985=DIRECTION('',(-0.17364817766693,0.,0.984807753012208));
#10986=DIRECTION('',(0.,-1.,0.));
#10987=DIRECTION('',(0.,-1.,0.));
#10988=DIRECTION('',(0.,-1.,0.));
#10989=DIRECTION('',(-0.17364817766693,0.,0.984807753012208));
#10990=DIRECTION('',(0.,-1.,0.));
#10991=DIRECTION('',(0.,-1.,0.));
#10992=DIRECTION('',(0.,1.,0.));
#10993=DIRECTION('',(0.17364817766693,0.,-0.984807753012208));
#10994=DIRECTION('',(0.,1.,0.));
#10995=DIRECTION('',(0.,1.,0.));
#10996=DIRECTION('',(0.17364817766693,0.,-0.984807753012208));
#10997=DIRECTION('',(0.,1.,0.));
#10998=DIRECTION('',(0.994185789362934,0.,0.107678299711685));
#10999=DIRECTION('',(0.107678299711685,0.,-0.994185789362934));
#11000=DIRECTION('',(0.,1.,0.));
#11001=DIRECTION('',(0.971057197455017,0.,0.238847062512411));
#11002=DIRECTION('',(0.238847062512411,0.,-0.971057197455017));
#11003=DIRECTION('',(0.,-1.,0.));
#11004=DIRECTION('',(0.,-1.,0.));
#11005=DIRECTION('',(-0.17364817766693,0.,0.984807753012208));
#11006=DIRECTION('',(0.,-1.,0.));
#11007=DIRECTION('',(-0.17364817766693,0.,0.984807753012208));
#11008=DIRECTION('',(0.,-1.,0.));
#11009=DIRECTION('',(-0.17364817766693,0.,0.984807753012208));
#11010=DIRECTION('',(0.,1.,0.));
#11011=DIRECTION('',(0.,0.,1.));
#11012=DIRECTION('',(0.,-1.,0.));
#11013=DIRECTION('',(0.,0.,-1.));
#11014=DIRECTION('',(0.,1.,0.));
#11015=DIRECTION('',(0.,1.,0.));
#11016=DIRECTION('',(0.,0.,1.));
#11017=DIRECTION('',(0.,1.,0.));
#11018=DIRECTION('',(0.,-1.,0.));
#11019=DIRECTION('',(-0.342020143325669,0.,0.939692620785908));
#11020=DIRECTION('',(0.,-1.,0.));
#11021=DIRECTION('',(0.,-1.,0.));
#11022=DIRECTION('',(0.,-1.,0.));
#11023=DIRECTION('',(-0.342020143325669,0.,0.939692620785908));
#11024=DIRECTION('',(0.,-1.,0.));
#11025=DIRECTION('',(0.,-1.,0.));
#11026=DIRECTION('',(0.,1.,0.));
#11027=DIRECTION('',(0.342020143325669,0.,-0.939692620785908));
#11028=DIRECTION('',(0.,1.,0.));
#11029=DIRECTION('',(0.,1.,0.));
#11030=DIRECTION('',(0.342020143325669,0.,-0.939692620785908));
#11031=DIRECTION('',(0.,1.,0.));
#11032=DIRECTION('',(0.960383732779972,0.,0.278680974972472));
#11033=DIRECTION('',(0.278680974972472,0.,-0.960383732779972));
#11034=DIRECTION('',(0.,1.,0.));
#11035=DIRECTION('',(0.914829299525628,0.,0.403840751694834));
#11036=DIRECTION('',(0.403840751694834,0.,-0.914829299525628));
#11037=DIRECTION('',(0.,-1.,0.));
#11038=DIRECTION('',(0.,-1.,0.));
#11039=DIRECTION('',(-0.342020143325669,0.,0.939692620785908));
#11040=DIRECTION('',(0.,-1.,0.));
#11041=DIRECTION('',(-0.342020143325669,0.,0.939692620785908));
#11042=DIRECTION('',(0.,-1.,0.));
#11043=DIRECTION('',(-0.342020143325669,0.,0.939692620785908));
#11044=DIRECTION('',(0.,1.,0.));
#11045=DIRECTION('',(0.,0.,1.));
#11046=DIRECTION('',(0.,-1.,0.));
#11047=DIRECTION('',(0.,0.,-1.));
#11048=DIRECTION('',(0.,1.,0.));
#11049=DIRECTION('',(0.,1.,0.));
#11050=DIRECTION('',(0.,0.,1.));
#11051=DIRECTION('',(0.,1.,0.));
#11052=DIRECTION('',(0.,-1.,0.));
#11053=DIRECTION('',(-0.5,0.,0.866025403784439));
#11054=DIRECTION('',(0.,-1.,0.));
#11055=DIRECTION('',(0.,-1.,0.));
#11056=DIRECTION('',(0.,-1.,0.));
#11057=DIRECTION('',(-0.5,0.,0.866025403784439));
#11058=DIRECTION('',(0.,-1.,0.));
#11059=DIRECTION('',(0.,-1.,0.));
#11060=DIRECTION('',(0.,1.,0.));
#11061=DIRECTION('',(0.5,0.,-0.866025403784439));
#11062=DIRECTION('',(0.,1.,0.));
#11063=DIRECTION('',(0.,1.,0.));
#11064=DIRECTION('',(0.5,0.,-0.866025403784439));
#11065=DIRECTION('',(0.,1.,0.));
#11066=DIRECTION('',(0.897400902454108,0.,0.441216069828097));
#11067=DIRECTION('',(0.441216069828097,0.,-0.897400902454108));
#11068=DIRECTION('',(0.,1.,0.));
#11069=DIRECTION('',(0.830804776256115,0.,0.55656394399029));
#11070=DIRECTION('',(0.55656394399029,0.,-0.830804776256115));
#11071=DIRECTION('',(0.,-1.,0.));
#11072=DIRECTION('',(0.,-1.,0.));
#11073=DIRECTION('',(-0.5,0.,0.866025403784439));
#11074=DIRECTION('',(0.,-1.,0.));
#11075=DIRECTION('',(-0.5,0.,0.866025403784439));
#11076=DIRECTION('',(0.,-1.,0.));
#11077=DIRECTION('',(-0.5,0.,0.866025403784439));
#11078=DIRECTION('',(0.,1.,0.));
#11079=DIRECTION('',(0.,0.,1.));
#11080=DIRECTION('',(0.,-1.,0.));
#11081=DIRECTION('',(0.,0.,-1.));
#11082=DIRECTION('',(0.,1.,0.));
#11083=DIRECTION('',(0.,1.,0.));
#11084=DIRECTION('',(0.,0.,1.));
#11085=DIRECTION('',(0.,1.,0.));
#11086=DIRECTION('',(0.,-1.,0.));
#11087=DIRECTION('',(-0.64278760968654,0.,0.766044443118978));
#11088=DIRECTION('',(0.,-1.,0.));
#11089=DIRECTION('',(0.,-1.,0.));
#11090=DIRECTION('',(0.,-1.,0.));
#11091=DIRECTION('',(-0.64278760968654,0.,0.766044443118978));
#11092=DIRECTION('',(0.,-1.,0.));
#11093=DIRECTION('',(0.,-1.,0.));
#11094=DIRECTION('',(0.,1.,0.));
#11095=DIRECTION('',(0.64278760968654,0.,-0.766044443118978));
#11096=DIRECTION('',(0.,1.,0.));
#11097=DIRECTION('',(0.,1.,0.));
#11098=DIRECTION('',(0.64278760968654,0.,-0.766044443118978));
#11099=DIRECTION('',(0.,1.,0.));
#11100=DIRECTION('',(0.807150999813944,0.,0.590345037668101));
#11101=DIRECTION('',(0.590345037668101,0.,-0.807150999813944));
#11102=DIRECTION('',(0.,1.,0.));
#11103=DIRECTION('',(0.721536670267561,0.,0.692376222482547));
#11104=DIRECTION('',(0.692376222482547,0.,-0.721536670267561));
#11105=DIRECTION('',(0.,-1.,0.));
#11106=DIRECTION('',(0.,-1.,0.));
#11107=DIRECTION('',(-0.64278760968654,0.,0.766044443118978));
#11108=DIRECTION('',(0.,-1.,0.));
#11109=DIRECTION('',(-0.64278760968654,0.,0.766044443118978));
#11110=DIRECTION('',(0.,-1.,0.));
#11111=DIRECTION('',(-0.64278760968654,0.,0.766044443118978));
#11112=DIRECTION('',(0.,1.,0.));
#11113=DIRECTION('',(0.,0.,1.));
#11114=DIRECTION('',(0.,-1.,0.));
#11115=DIRECTION('',(0.,0.,-1.));
#11116=DIRECTION('',(0.,1.,0.));
#11117=DIRECTION('',(0.,1.,0.));
#11118=DIRECTION('',(0.,0.,1.));
#11119=DIRECTION('',(0.,1.,0.));
#11120=DIRECTION('',(0.,-1.,0.));
#11121=DIRECTION('',(-0.766044443118978,0.,0.642787609686539));
#11122=DIRECTION('',(0.,-1.,0.));
#11123=DIRECTION('',(0.,-1.,0.));
#11124=DIRECTION('',(0.,-1.,0.));
#11125=DIRECTION('',(-0.766044443118978,0.,0.642787609686539));
#11126=DIRECTION('',(0.,-1.,0.));
#11127=DIRECTION('',(0.,-1.,0.));
#11128=DIRECTION('',(0.,1.,0.));
#11129=DIRECTION('',(0.766044443118978,0.,-0.642787609686539));
#11130=DIRECTION('',(0.,1.,0.));
#11131=DIRECTION('',(0.,1.,0.));
#11132=DIRECTION('',(0.766044443118978,0.,-0.642787609686539));
#11133=DIRECTION('',(0.,1.,0.));
#11134=DIRECTION('',(0.692376222482546,0.,0.721536670267562));
#11135=DIRECTION('',(0.721536670267562,0.,-0.692376222482546));
#11136=DIRECTION('',(0.,1.,0.));
#11137=DIRECTION('',(0.590345037668101,0.,0.807150999813944));
#11138=DIRECTION('',(0.807150999813944,0.,-0.590345037668101));
#11139=DIRECTION('',(0.,-1.,0.));
#11140=DIRECTION('',(0.,-1.,0.));
#11141=DIRECTION('',(-0.766044443118978,0.,0.642787609686539));
#11142=DIRECTION('',(0.,-1.,0.));
#11143=DIRECTION('',(-0.766044443118978,0.,0.642787609686539));
#11144=DIRECTION('',(0.,-1.,0.));
#11145=DIRECTION('',(-0.766044443118978,0.,0.642787609686539));
#11146=DIRECTION('',(0.,1.,0.));
#11147=DIRECTION('',(0.,0.,1.));
#11148=DIRECTION('',(0.,-1.,0.));
#11149=DIRECTION('',(0.,0.,-1.));
#11150=DIRECTION('',(0.,1.,0.));
#11151=DIRECTION('',(0.,1.,0.));
#11152=DIRECTION('',(0.,0.,1.));
#11153=DIRECTION('',(0.,1.,0.));
#11154=DIRECTION('',(0.,-1.,0.));
#11155=DIRECTION('',(-0.866025403784439,0.,0.5));
#11156=DIRECTION('',(0.,-1.,0.));
#11157=DIRECTION('',(0.,-1.,0.));
#11158=DIRECTION('',(0.,-1.,0.));
#11159=DIRECTION('',(-0.866025403784439,0.,0.5));
#11160=DIRECTION('',(0.,-1.,0.));
#11161=DIRECTION('',(0.,-1.,0.));
#11162=DIRECTION('',(0.,1.,0.));
#11163=DIRECTION('',(0.866025403784439,0.,-0.5));
#11164=DIRECTION('',(0.,1.,0.));
#11165=DIRECTION('',(0.,1.,0.));
#11166=DIRECTION('',(0.866025403784439,0.,-0.5));
#11167=DIRECTION('',(0.,1.,0.));
#11168=DIRECTION('',(0.55656394399029,0.,0.830804776256115));
#11169=DIRECTION('',(0.830804776256115,0.,-0.55656394399029));
#11170=DIRECTION('',(0.,1.,0.));
#11171=DIRECTION('',(0.441216069828097,0.,0.897400902454108));
#11172=DIRECTION('',(0.897400902454108,0.,-0.441216069828097));
#11173=DIRECTION('',(0.,-1.,0.));
#11174=DIRECTION('',(0.,-1.,0.));
#11175=DIRECTION('',(-0.866025403784439,0.,0.5));
#11176=DIRECTION('',(0.,-1.,0.));
#11177=DIRECTION('',(-0.866025403784439,0.,0.5));
#11178=DIRECTION('',(0.,-1.,0.));
#11179=DIRECTION('',(-0.866025403784439,0.,0.5));
#11180=DIRECTION('',(0.,1.,0.));
#11181=DIRECTION('',(0.,0.,1.));
#11182=DIRECTION('',(0.,-1.,0.));
#11183=DIRECTION('',(0.,0.,-1.));
#11184=DIRECTION('',(0.,1.,0.));
#11185=DIRECTION('',(0.,1.,0.));
#11186=DIRECTION('',(0.,0.,1.));
#11187=DIRECTION('',(0.,1.,0.));
#11188=DIRECTION('',(0.,-1.,0.));
#11189=DIRECTION('',(-0.939692620785909,0.,0.342020143325668));
#11190=DIRECTION('',(0.,-1.,0.));
#11191=DIRECTION('',(0.,-1.,0.));
#11192=DIRECTION('',(0.,-1.,0.));
#11193=DIRECTION('',(-0.939692620785909,0.,0.342020143325668));
#11194=DIRECTION('',(0.,-1.,0.));
#11195=DIRECTION('',(0.,-1.,0.));
#11196=DIRECTION('',(0.,1.,0.));
#11197=DIRECTION('',(0.939692620785909,0.,-0.342020143325668));
#11198=DIRECTION('',(0.,1.,0.));
#11199=DIRECTION('',(0.,1.,0.));
#11200=DIRECTION('',(0.939692620785909,0.,-0.342020143325668));
#11201=DIRECTION('',(0.,1.,0.));
#11202=DIRECTION('',(0.403840751694834,0.,0.914829299525628));
#11203=DIRECTION('',(0.914829299525628,0.,-0.403840751694834));
#11204=DIRECTION('',(0.,1.,0.));
#11205=DIRECTION('',(0.278680974972472,0.,0.960383732779972));
#11206=DIRECTION('',(0.960383732779972,0.,-0.278680974972472));
#11207=DIRECTION('',(0.,-1.,0.));
#11208=DIRECTION('',(0.,-1.,0.));
#11209=DIRECTION('',(-0.939692620785909,0.,0.342020143325668));
#11210=DIRECTION('',(0.,-1.,0.));
#11211=DIRECTION('',(-0.939692620785909,0.,0.342020143325668));
#11212=DIRECTION('',(0.,-1.,0.));
#11213=DIRECTION('',(-0.939692620785909,0.,0.342020143325668));
#11214=DIRECTION('',(0.,1.,0.));
#11215=DIRECTION('',(0.,0.,1.));
#11216=DIRECTION('',(0.,-1.,0.));
#11217=DIRECTION('',(0.,0.,-1.));
#11218=DIRECTION('',(0.,1.,0.));
#11219=DIRECTION('',(0.,1.,0.));
#11220=DIRECTION('',(0.,0.,1.));
#11221=DIRECTION('',(0.,1.,0.));
#11222=DIRECTION('',(0.,-1.,0.));
#11223=DIRECTION('',(-0.984807753012208,0.,0.17364817766693));
#11224=DIRECTION('',(0.,-1.,0.));
#11225=DIRECTION('',(0.,-1.,0.));
#11226=DIRECTION('',(0.,-1.,0.));
#11227=DIRECTION('',(-0.984807753012208,0.,0.17364817766693));
#11228=DIRECTION('',(0.,-1.,0.));
#11229=DIRECTION('',(0.,-1.,0.));
#11230=DIRECTION('',(0.,1.,0.));
#11231=DIRECTION('',(0.984807753012208,0.,-0.17364817766693));
#11232=DIRECTION('',(0.,1.,0.));
#11233=DIRECTION('',(0.,1.,0.));
#11234=DIRECTION('',(0.984807753012208,0.,-0.17364817766693));
#11235=DIRECTION('',(0.,1.,0.));
#11236=DIRECTION('',(0.238847062512411,0.,0.971057197455017));
#11237=DIRECTION('',(0.971057197455017,0.,-0.238847062512411));
#11238=DIRECTION('',(0.,1.,0.));
#11239=DIRECTION('',(0.107678299711684,0.,0.994185789362934));
#11240=DIRECTION('',(0.994185789362934,0.,-0.107678299711684));
#11241=DIRECTION('',(0.,-1.,0.));
#11242=DIRECTION('',(0.,-1.,0.));
#11243=DIRECTION('',(-0.984807753012208,0.,0.17364817766693));
#11244=DIRECTION('',(0.,-1.,0.));
#11245=DIRECTION('',(-0.984807753012208,0.,0.17364817766693));
#11246=DIRECTION('',(0.,-1.,0.));
#11247=DIRECTION('',(-0.984807753012208,0.,0.17364817766693));
#11248=DIRECTION('',(0.,1.,0.));
#11249=DIRECTION('',(0.,0.,1.));
#11250=DIRECTION('',(0.,-1.,0.));
#11251=DIRECTION('',(0.,0.,-1.));
#11252=DIRECTION('',(0.,1.,0.));
#11253=DIRECTION('',(0.,1.,0.));
#11254=DIRECTION('',(0.,0.,1.));
#11255=DIRECTION('',(0.,1.,0.));
#11256=DIRECTION('',(0.,-1.,0.));
#11257=DIRECTION('',(-1.,0.,-6.12323399573677E-17));
#11258=DIRECTION('',(0.,-1.,0.));
#11259=DIRECTION('',(0.,-1.,0.));
#11260=DIRECTION('',(0.,-1.,0.));
#11261=DIRECTION('',(-1.,0.,-6.12323399573677E-17));
#11262=DIRECTION('',(0.,-1.,0.));
#11263=DIRECTION('',(0.,-1.,0.));
#11264=DIRECTION('',(0.,1.,0.));
#11265=DIRECTION('',(1.,0.,6.12323399573677E-17));
#11266=DIRECTION('',(0.,1.,0.));
#11267=DIRECTION('',(0.,1.,0.));
#11268=DIRECTION('',(1.,0.,6.12323399573677E-17));
#11269=DIRECTION('',(0.,1.,0.));
#11270=DIRECTION('',(0.0665961261979931,0.,0.997780013818387));
#11271=DIRECTION('',(0.997780013818387,0.,-0.0665961261979931));
#11272=DIRECTION('',(0.,1.,0.));
#11273=DIRECTION('',(-0.0665961261979932,0.,0.997780013818387));
#11274=DIRECTION('',(0.997780013818387,0.,0.0665961261979932));
#11275=DIRECTION('',(0.,-1.,0.));
#11276=DIRECTION('',(0.,-1.,0.));
#11277=DIRECTION('',(-1.,0.,-6.12323399573677E-17));
#11278=DIRECTION('',(0.,-1.,0.));
#11279=DIRECTION('',(-1.,0.,-6.12323399573677E-17));
#11280=DIRECTION('',(0.,-1.,0.));
#11281=DIRECTION('',(-1.,0.,-6.12323399573677E-17));
#11282=DIRECTION('',(0.,1.,0.));
#11283=DIRECTION('',(0.,0.,1.));
#11284=DIRECTION('',(0.,-1.,0.));
#11285=DIRECTION('',(0.,0.,-1.));
#11286=DIRECTION('',(0.,1.,0.));
#11287=DIRECTION('',(0.,1.,0.));
#11288=DIRECTION('',(0.,0.,1.));
#11289=DIRECTION('',(0.,1.,0.));
#11290=DIRECTION('',(0.,-1.,0.));
#11291=DIRECTION('',(-0.984807753012208,0.,-0.17364817766693));
#11292=DIRECTION('',(0.,-1.,0.));
#11293=DIRECTION('',(0.,-1.,0.));
#11294=DIRECTION('',(0.,-1.,0.));
#11295=DIRECTION('',(-0.984807753012208,0.,-0.17364817766693));
#11296=DIRECTION('',(0.,-1.,0.));
#11297=DIRECTION('',(0.,-1.,0.));
#11298=DIRECTION('',(0.,1.,0.));
#11299=DIRECTION('',(0.984807753012208,0.,0.17364817766693));
#11300=DIRECTION('',(0.,1.,0.));
#11301=DIRECTION('',(0.,1.,0.));
#11302=DIRECTION('',(0.984807753012208,0.,0.17364817766693));
#11303=DIRECTION('',(0.,1.,0.));
#11304=DIRECTION('',(-0.107678299711684,0.,0.994185789362934));
#11305=DIRECTION('',(0.994185789362934,0.,0.107678299711684));
#11306=DIRECTION('',(0.,1.,0.));
#11307=DIRECTION('',(-0.238847062512411,0.,0.971057197455017));
#11308=DIRECTION('',(0.971057197455017,0.,0.238847062512411));
#11309=DIRECTION('',(0.,-1.,0.));
#11310=DIRECTION('',(0.,-1.,0.));
#11311=DIRECTION('',(-0.984807753012208,0.,-0.17364817766693));
#11312=DIRECTION('',(0.,-1.,0.));
#11313=DIRECTION('',(-0.984807753012208,0.,-0.17364817766693));
#11314=DIRECTION('',(0.,-1.,0.));
#11315=DIRECTION('',(-0.984807753012208,0.,-0.17364817766693));
#11316=DIRECTION('',(0.,1.,0.));
#11317=DIRECTION('',(0.,0.,1.));
#11318=DIRECTION('',(0.,-1.,0.));
#11319=DIRECTION('',(0.,0.,-1.));
#11320=DIRECTION('',(0.,1.,0.));
#11321=DIRECTION('',(0.,1.,0.));
#11322=DIRECTION('',(0.,0.,1.));
#11323=DIRECTION('',(0.,1.,0.));
#11324=DIRECTION('',(0.,-1.,0.));
#11325=DIRECTION('',(-0.939692620785908,0.,-0.342020143325669));
#11326=DIRECTION('',(0.,-1.,0.));
#11327=DIRECTION('',(0.,-1.,0.));
#11328=DIRECTION('',(0.,-1.,0.));
#11329=DIRECTION('',(-0.939692620785908,0.,-0.342020143325669));
#11330=DIRECTION('',(0.,-1.,0.));
#11331=DIRECTION('',(0.,-1.,0.));
#11332=DIRECTION('',(0.,1.,0.));
#11333=DIRECTION('',(0.939692620785908,0.,0.342020143325669));
#11334=DIRECTION('',(0.,1.,0.));
#11335=DIRECTION('',(0.,1.,0.));
#11336=DIRECTION('',(0.939692620785908,0.,0.342020143325669));
#11337=DIRECTION('',(0.,1.,0.));
#11338=DIRECTION('',(-0.278680974972472,0.,0.960383732779972));
#11339=DIRECTION('',(0.960383732779972,0.,0.278680974972472));
#11340=DIRECTION('',(0.,1.,0.));
#11341=DIRECTION('',(-0.403840751694834,0.,0.914829299525628));
#11342=DIRECTION('',(0.914829299525628,0.,0.403840751694834));
#11343=DIRECTION('',(0.,-1.,0.));
#11344=DIRECTION('',(0.,-1.,0.));
#11345=DIRECTION('',(-0.939692620785908,0.,-0.342020143325669));
#11346=DIRECTION('',(0.,-1.,0.));
#11347=DIRECTION('',(-0.939692620785908,0.,-0.342020143325669));
#11348=DIRECTION('',(0.,-1.,0.));
#11349=DIRECTION('',(-0.939692620785908,0.,-0.342020143325669));
#11350=DIRECTION('',(0.,1.,0.));
#11351=DIRECTION('',(0.,0.,1.));
#11352=DIRECTION('',(0.,-1.,0.));
#11353=DIRECTION('',(0.,0.,-1.));
#11354=DIRECTION('',(0.,1.,0.));
#11355=DIRECTION('',(0.,1.,0.));
#11356=DIRECTION('',(0.,0.,1.));
#11357=DIRECTION('',(0.,1.,0.));
#11358=DIRECTION('',(0.,-1.,0.));
#11359=DIRECTION('',(-0.866025403784439,0.,-0.5));
#11360=DIRECTION('',(0.,-1.,0.));
#11361=DIRECTION('',(0.,-1.,0.));
#11362=DIRECTION('',(0.,-1.,0.));
#11363=DIRECTION('',(-0.866025403784439,0.,-0.5));
#11364=DIRECTION('',(0.,-1.,0.));
#11365=DIRECTION('',(0.,-1.,0.));
#11366=DIRECTION('',(0.,1.,0.));
#11367=DIRECTION('',(0.866025403784439,0.,0.5));
#11368=DIRECTION('',(0.,1.,0.));
#11369=DIRECTION('',(0.,1.,0.));
#11370=DIRECTION('',(0.866025403784439,0.,0.5));
#11371=DIRECTION('',(0.,1.,0.));
#11372=DIRECTION('',(-0.441216069828097,0.,0.897400902454108));
#11373=DIRECTION('',(0.897400902454108,0.,0.441216069828097));
#11374=DIRECTION('',(0.,1.,0.));
#11375=DIRECTION('',(-0.55656394399029,0.,0.830804776256115));
#11376=DIRECTION('',(0.830804776256115,0.,0.55656394399029));
#11377=DIRECTION('',(0.,-1.,0.));
#11378=DIRECTION('',(0.,-1.,0.));
#11379=DIRECTION('',(-0.866025403784439,0.,-0.5));
#11380=DIRECTION('',(0.,-1.,0.));
#11381=DIRECTION('',(-0.866025403784439,0.,-0.5));
#11382=DIRECTION('',(0.,-1.,0.));
#11383=DIRECTION('',(-0.866025403784439,0.,-0.5));
#11384=DIRECTION('',(0.,1.,0.));
#11385=DIRECTION('',(0.,0.,1.));
#11386=DIRECTION('',(0.,-1.,0.));
#11387=DIRECTION('',(0.,0.,-1.));
#11388=DIRECTION('',(0.,1.,0.));
#11389=DIRECTION('',(0.,1.,0.));
#11390=DIRECTION('',(0.,0.,1.));
#11391=DIRECTION('',(0.,1.,0.));
#11392=DIRECTION('',(0.,-1.,0.));
#11393=DIRECTION('',(-0.766044443118978,0.,-0.642787609686539));
#11394=DIRECTION('',(0.,-1.,0.));
#11395=DIRECTION('',(0.,-1.,0.));
#11396=DIRECTION('',(0.,-1.,0.));
#11397=DIRECTION('',(-0.766044443118978,0.,-0.642787609686539));
#11398=DIRECTION('',(0.,-1.,0.));
#11399=DIRECTION('',(0.,-1.,0.));
#11400=DIRECTION('',(0.,1.,0.));
#11401=DIRECTION('',(0.766044443118978,0.,0.642787609686539));
#11402=DIRECTION('',(0.,1.,0.));
#11403=DIRECTION('',(0.,1.,0.));
#11404=DIRECTION('',(0.766044443118978,0.,0.642787609686539));
#11405=DIRECTION('',(0.,1.,0.));
#11406=DIRECTION('',(-0.590345037668101,0.,0.807150999813944));
#11407=DIRECTION('',(0.807150999813944,0.,0.590345037668101));
#11408=DIRECTION('',(0.,1.,0.));
#11409=DIRECTION('',(-0.692376222482546,0.,0.721536670267562));
#11410=DIRECTION('',(0.721536670267562,0.,0.692376222482546));
#11411=DIRECTION('',(0.,-1.,0.));
#11412=DIRECTION('',(0.,-1.,0.));
#11413=DIRECTION('',(-0.766044443118978,0.,-0.642787609686539));
#11414=DIRECTION('',(0.,-1.,0.));
#11415=DIRECTION('',(-0.766044443118978,0.,-0.642787609686539));
#11416=DIRECTION('',(0.,-1.,0.));
#11417=DIRECTION('',(-0.766044443118978,0.,-0.642787609686539));
#11418=DIRECTION('',(0.,1.,0.));
#11419=DIRECTION('',(0.,0.,1.));
#11420=DIRECTION('',(0.,-1.,0.));
#11421=DIRECTION('',(0.,0.,-1.));
#11422=DIRECTION('',(0.,1.,0.));
#11423=DIRECTION('',(0.,1.,0.));
#11424=DIRECTION('',(0.,0.,1.));
#11425=DIRECTION('',(0.,1.,0.));
#11426=DIRECTION('',(0.,-1.,0.));
#11427=DIRECTION('',(-0.642787609686539,0.,-0.766044443118978));
#11428=DIRECTION('',(0.,-1.,0.));
#11429=DIRECTION('',(0.,-1.,0.));
#11430=DIRECTION('',(0.,-1.,0.));
#11431=DIRECTION('',(-0.642787609686539,0.,-0.766044443118978));
#11432=DIRECTION('',(0.,-1.,0.));
#11433=DIRECTION('',(0.,-1.,0.));
#11434=DIRECTION('',(0.,1.,0.));
#11435=DIRECTION('',(0.642787609686539,0.,0.766044443118978));
#11436=DIRECTION('',(0.,1.,0.));
#11437=DIRECTION('',(0.,1.,0.));
#11438=DIRECTION('',(0.642787609686539,0.,0.766044443118978));
#11439=DIRECTION('',(0.,1.,0.));
#11440=DIRECTION('',(-0.721536670267562,0.,0.692376222482546));
#11441=DIRECTION('',(0.692376222482546,0.,0.721536670267562));
#11442=DIRECTION('',(0.,1.,0.));
#11443=DIRECTION('',(-0.807150999813944,0.,0.590345037668101));
#11444=DIRECTION('',(0.590345037668101,0.,0.807150999813944));
#11445=DIRECTION('',(0.,-1.,0.));
#11446=DIRECTION('',(0.,-1.,0.));
#11447=DIRECTION('',(-0.642787609686539,0.,-0.766044443118978));
#11448=DIRECTION('',(0.,-1.,0.));
#11449=DIRECTION('',(-0.642787609686539,0.,-0.766044443118978));
#11450=DIRECTION('',(0.,-1.,0.));
#11451=DIRECTION('',(-0.642787609686539,0.,-0.766044443118978));
#11452=DIRECTION('',(0.,1.,0.));
#11453=DIRECTION('',(0.,0.,1.));
#11454=DIRECTION('',(0.,-1.,0.));
#11455=DIRECTION('',(0.,0.,-1.));
#11456=DIRECTION('',(0.,1.,0.));
#11457=DIRECTION('',(0.,1.,0.));
#11458=DIRECTION('',(0.,0.,1.));
#11459=DIRECTION('',(0.,1.,0.));
#11460=DIRECTION('',(0.,-1.,0.));
#11461=DIRECTION('',(-0.5,0.,-0.866025403784439));
#11462=DIRECTION('',(0.,-1.,0.));
#11463=DIRECTION('',(0.,-1.,0.));
#11464=DIRECTION('',(0.,-1.,0.));
#11465=DIRECTION('',(-0.5,0.,-0.866025403784439));
#11466=DIRECTION('',(0.,-1.,0.));
#11467=DIRECTION('',(0.,-1.,0.));
#11468=DIRECTION('',(0.,1.,0.));
#11469=DIRECTION('',(0.5,0.,0.866025403784439));
#11470=DIRECTION('',(0.,1.,0.));
#11471=DIRECTION('',(0.,1.,0.));
#11472=DIRECTION('',(0.5,0.,0.866025403784439));
#11473=DIRECTION('',(0.,1.,0.));
#11474=DIRECTION('',(-0.830804776256115,0.,0.55656394399029));
#11475=DIRECTION('',(0.55656394399029,0.,0.830804776256115));
#11476=DIRECTION('',(0.,1.,0.));
#11477=DIRECTION('',(-0.897400902454108,0.,0.441216069828097));
#11478=DIRECTION('',(0.441216069828097,0.,0.897400902454108));
#11479=DIRECTION('',(0.,-1.,0.));
#11480=DIRECTION('',(0.,-1.,0.));
#11481=DIRECTION('',(-0.5,0.,-0.866025403784439));
#11482=DIRECTION('',(0.,-1.,0.));
#11483=DIRECTION('',(-0.5,0.,-0.866025403784439));
#11484=DIRECTION('',(0.,-1.,0.));
#11485=DIRECTION('',(-0.5,0.,-0.866025403784439));
#11486=DIRECTION('',(0.,1.,0.));
#11487=DIRECTION('',(0.,0.,1.));
#11488=DIRECTION('',(0.,-1.,0.));
#11489=DIRECTION('',(0.,0.,-1.));
#11490=DIRECTION('',(0.,1.,0.));
#11491=DIRECTION('',(0.,1.,0.));
#11492=DIRECTION('',(0.,0.,1.));
#11493=DIRECTION('',(0.,1.,0.));
#11494=DIRECTION('',(0.,-1.,0.));
#11495=DIRECTION('',(-0.342020143325668,0.,-0.939692620785909));
#11496=DIRECTION('',(0.,-1.,0.));
#11497=DIRECTION('',(0.,-1.,0.));
#11498=DIRECTION('',(0.,-1.,0.));
#11499=DIRECTION('',(-0.342020143325668,0.,-0.939692620785909));
#11500=DIRECTION('',(0.,-1.,0.));
#11501=DIRECTION('',(0.,-1.,0.));
#11502=DIRECTION('',(0.,1.,0.));
#11503=DIRECTION('',(0.342020143325668,0.,0.939692620785909));
#11504=DIRECTION('',(0.,1.,0.));
#11505=DIRECTION('',(0.,1.,0.));
#11506=DIRECTION('',(0.342020143325668,0.,0.939692620785909));
#11507=DIRECTION('',(0.,1.,0.));
#11508=DIRECTION('',(-0.914829299525628,0.,0.403840751694834));
#11509=DIRECTION('',(0.403840751694834,0.,0.914829299525628));
#11510=DIRECTION('',(0.,1.,0.));
#11511=DIRECTION('',(-0.960383732779972,0.,0.278680974972472));
#11512=DIRECTION('',(0.278680974972472,0.,0.960383732779972));
#11513=DIRECTION('',(0.,-1.,0.));
#11514=DIRECTION('',(0.,-1.,0.));
#11515=DIRECTION('',(-0.342020143325668,0.,-0.939692620785909));
#11516=DIRECTION('',(0.,-1.,0.));
#11517=DIRECTION('',(-0.342020143325668,0.,-0.939692620785909));
#11518=DIRECTION('',(0.,-1.,0.));
#11519=DIRECTION('',(-0.342020143325668,0.,-0.939692620785909));
#11520=DIRECTION('',(0.,1.,0.));
#11521=DIRECTION('',(0.,0.,1.));
#11522=DIRECTION('',(0.,-1.,0.));
#11523=DIRECTION('',(0.,0.,-1.));
#11524=DIRECTION('',(0.,1.,0.));
#11525=DIRECTION('',(0.,1.,0.));
#11526=DIRECTION('',(0.,0.,1.));
#11527=DIRECTION('',(0.,1.,0.));
#11528=DIRECTION('',(0.,-1.,0.));
#11529=DIRECTION('',(-0.17364817766693,0.,-0.984807753012208));
#11530=DIRECTION('',(0.,-1.,0.));
#11531=DIRECTION('',(0.,-1.,0.));
#11532=DIRECTION('',(0.,-1.,0.));
#11533=DIRECTION('',(-0.17364817766693,0.,-0.984807753012208));
#11534=DIRECTION('',(0.,-1.,0.));
#11535=DIRECTION('',(0.,-1.,0.));
#11536=DIRECTION('',(0.,1.,0.));
#11537=DIRECTION('',(0.17364817766693,0.,0.984807753012208));
#11538=DIRECTION('',(0.,1.,0.));
#11539=DIRECTION('',(0.,1.,0.));
#11540=DIRECTION('',(0.17364817766693,0.,0.984807753012208));
#11541=DIRECTION('',(0.,1.,0.));
#11542=DIRECTION('',(-0.971057197455017,0.,0.238847062512411));
#11543=DIRECTION('',(0.238847062512411,0.,0.971057197455017));
#11544=DIRECTION('',(0.,1.,0.));
#11545=DIRECTION('',(-0.994185789362934,0.,0.107678299711684));
#11546=DIRECTION('',(0.107678299711684,0.,0.994185789362934));
#11547=DIRECTION('',(0.,-1.,0.));
#11548=DIRECTION('',(0.,-1.,0.));
#11549=DIRECTION('',(-0.17364817766693,0.,-0.984807753012208));
#11550=DIRECTION('',(0.,-1.,0.));
#11551=DIRECTION('',(-0.17364817766693,0.,-0.984807753012208));
#11552=DIRECTION('',(0.,-1.,0.));
#11553=DIRECTION('',(-0.17364817766693,0.,-0.984807753012208));
#11554=DIRECTION('',(0.,1.,0.));
#11555=DIRECTION('',(0.,0.,1.));
#11556=DIRECTION('',(0.,-1.,0.));
#11557=DIRECTION('',(0.,0.,-1.));
#11558=DIRECTION('',(0.,1.,0.));
#11559=DIRECTION('',(0.,1.,0.));
#11560=DIRECTION('',(0.,0.,1.));
#11561=DIRECTION('',(-0.997780013818387,0.,0.0665961261979932));
#11562=DIRECTION('',(0.0665961261979932,0.,0.997780013818387));
#11563=DIRECTION('',(0.,1.,0.));
#11564=DIRECTION('',(0.,1.,0.));
#11565=DIRECTION('',(-0.997780013818387,0.,-0.0665961261979931));
#11566=DIRECTION('',(-0.0665961261979931,0.,0.997780013818387));
#11567=DIRECTION('',(0.,1.,0.));
#11568=DIRECTION('',(0.,-1.,0.));
#11569=DIRECTION('',(0.,-1.,0.));
#11570=DIRECTION('',(0.,0.,-1.));
#11571=DIRECTION('',(0.,-1.,0.));
#11572=DIRECTION('',(0.,-1.,0.));
#11573=DIRECTION('',(0.,0.,-1.));
#11574=DIRECTION('',(0.,-1.,0.));
#11575=DIRECTION('',(0.,-1.,0.));
#11576=DIRECTION('',(0.,-1.,0.));
#11577=DIRECTION('',(0.,0.,-1.));
#11578=DIRECTION('',(0.,-1.,0.));
#11579=DIRECTION('',(0.,1.,0.));
#11580=DIRECTION('',(0.,0.,1.));
#11581=DIRECTION('',(0.,1.,0.));
#11582=DIRECTION('',(0.,0.,1.));
#11583=DIRECTION('',(0.,-1.,0.));
#11584=DIRECTION('',(0.,0.,-1.));
#11585=DIRECTION('',(0.,-1.,0.));
#11586=DIRECTION('',(0.,0.,-1.));
#11587=DIRECTION('',(0.,1.,0.));
#11588=DIRECTION('',(0.,0.,1.));
#11589=DIRECTION('',(0.,-1.,0.));
#11590=DIRECTION('',(0.,0.,1.));
#11591=DIRECTION('',(-1.,0.,0.));
#11592=DIRECTION('',(0.,0.,1.));
#11593=DIRECTION('',(0.,-1.,0.));
#11594=DIRECTION('',(0.,-1.,0.));
#11595=DIRECTION('',(0.,-1.,0.));
#11596=DIRECTION('',(0.,0.,-1.));
#11597=DIRECTION('',(0.,-1.,0.));
#11598=DIRECTION('',(1.,0.,0.));
#11599=DIRECTION('',(0.,0.,-1.));
#11600=DIRECTION('',(0.,-1.,0.));
#11601=DIRECTION('',(0.,-1.,0.));
#11602=DIRECTION('',(0.,0.,-1.));
#11603=DIRECTION('',(0.,-1.,0.));
#11604=DIRECTION('',(0.,0.,-1.));
#11605=DIRECTION('',(0.,-1.,0.));
#11606=DIRECTION('',(0.,0.,-1.));
#11607=DIRECTION('',(0.,-1.,0.));
#11608=DIRECTION('',(0.,0.,-1.));
#11609=DIRECTION('',(0.,-1.,0.));
#11610=DIRECTION('',(0.,0.,-1.));
#11611=CARTESIAN_POINT('',(0.,0.,0.));
#11612=CARTESIAN_POINT('',(0.,0.001423875,0.));
#11613=CARTESIAN_POINT('',(-0.013,0.001423875,0.016));
#11614=CARTESIAN_POINT('',(-0.013,0.001423875,0.01825));
#11615=CARTESIAN_POINT('',(-0.013,0.001423875,-0.016));
#11616=CARTESIAN_POINT('',(-0.013,0.001423875,-0.01375));
#11617=CARTESIAN_POINT('',(0.013,0.001423875,-0.016));
#11618=CARTESIAN_POINT('',(0.013,0.001423875,-0.01375));
#11619=CARTESIAN_POINT('',(0.013,0.001423875,0.016));
#11620=CARTESIAN_POINT('',(0.013,0.001423875,0.01825));
#11621=CARTESIAN_POINT('',(0.,0.001423875,0.));
#11622=CARTESIAN_POINT('',(0.,0.001423875,0.0294999997565412));
#11623=CARTESIAN_POINT('',(0.,0.001423875,5.81707229594993E-19));
#11624=CARTESIAN_POINT('',(0.0095,0.001423875,0.));
#11625=CARTESIAN_POINT('',(-0.0095,0.001423875,1.16341445918999E-18));
#11626=CARTESIAN_POINT('',(0.0095,0.001423875,0.));
#11627=CARTESIAN_POINT('',(0.0095,0.001423875,0.016));
#11628=CARTESIAN_POINT('',(0.,0.001423875,0.016));
#11629=CARTESIAN_POINT('',(-0.0095,0.001423875,0.016));
#11630=CARTESIAN_POINT('',(-0.0095,0.001423875,0.));
#11631=CARTESIAN_POINT('',(0.,-0.007423875,0.));
#11632=CARTESIAN_POINT('',(-0.013,-0.007423875,0.016));
#11633=CARTESIAN_POINT('',(-0.013,-0.007423875,0.01375));
#11634=CARTESIAN_POINT('',(-0.013,-0.007423875,-0.016));
#11635=CARTESIAN_POINT('',(-0.013,-0.007423875,-0.01825));
#11636=CARTESIAN_POINT('',(0.013,-0.007423875,-0.016));
#11637=CARTESIAN_POINT('',(0.013,-0.007423875,-0.01825));
#11638=CARTESIAN_POINT('',(0.013,-0.007423875,0.016));
#11639=CARTESIAN_POINT('',(0.013,-0.007423875,0.01375));
#11640=CARTESIAN_POINT('',(0.,-0.007423875,0.));
#11641=CARTESIAN_POINT('',(0.,-0.007423875,-0.0294999997565412));
#11642=CARTESIAN_POINT('',(0.,-0.007423875,0.016));
#11643=CARTESIAN_POINT('',(0.0095,-0.007423875,0.016));
#11644=CARTESIAN_POINT('',(-0.0095,-0.007423875,0.016));
#11645=CARTESIAN_POINT('',(0.0095,-0.007423875,0.008));
#11646=CARTESIAN_POINT('',(0.0095,-0.007423875,0.));
#11647=CARTESIAN_POINT('',(0.,-0.007423875,5.81707229594993E-19));
#11648=CARTESIAN_POINT('',(-0.0095,-0.007423875,1.16341445918999E-18));
#11649=CARTESIAN_POINT('',(-0.0095,-0.007423875,0.012));
#11650=CARTESIAN_POINT('',(0.,-0.006,0.));
#11651=CARTESIAN_POINT('',(0.,-0.006,0.));
#11652=CARTESIAN_POINT('',(0.00279401655578019,-0.006,-0.0279367545149914));
#11653=CARTESIAN_POINT('',(0.00692941604345109,-0.006,-0.0272075720093071));
#11654=CARTESIAN_POINT('',(0.00275122478414491,-0.006,-0.0275088890404783));
#11655=CARTESIAN_POINT('',(0.00317872467357097,-0.006,-0.0274625873716022));
#11656=CARTESIAN_POINT('',(0.00317872467357097,-0.006,-0.0274625873716022));
#11657=CARTESIAN_POINT('',(0.00316622670704923,-0.006,-0.0273471945696625));
#11658=CARTESIAN_POINT('',(0.00472840522714995,-0.006,-0.0271779980988515));
#11659=CARTESIAN_POINT('',(0.00439027682504834,-0.006,-0.0256434954569212));
#11660=CARTESIAN_POINT('',(0.00448280776991176,-0.006,-0.0260634216697762));
#11661=CARTESIAN_POINT('',(0.00440991968673113,-0.006,-0.0256396442195381));
#11662=CARTESIAN_POINT('',(1.28294854507779E-13,-0.006,-7.17176935226179E-13));
#11663=CARTESIAN_POINT('',(0.00462530580290609,-0.006,-0.0256016658359864));
#11664=CARTESIAN_POINT('',(0.00470175383326658,-0.006,-0.0260248155714868));
#11665=CARTESIAN_POINT('',(0.0046450812558423,-0.006,-0.0255985665609682));
#11666=CARTESIAN_POINT('',(0.00485217530503565,-0.006,-0.0271561740947159));
#11667=CARTESIAN_POINT('',(0.00637801153392147,-0.006,-0.0267808702484548));
#11668=CARTESIAN_POINT('',(0.00644324829594314,-0.006,-0.0270460969865752));
#11669=CARTESIAN_POINT('',(0.00640573394966437,-0.006,-0.0268935785692305));
#11670=CARTESIAN_POINT('',(0.00682328854457004,-0.006,-0.0267908743323502));
#11671=CARTESIAN_POINT('',(0.,-0.006,0.));
#11672=CARTESIAN_POINT('',(0.,-0.006,0.));
#11673=CARTESIAN_POINT('',(0.00760273567763342,-0.006,-0.0270271565570799));
#11674=CARTESIAN_POINT('',(0.0115486879415958,-0.006,-0.0255909473871622));
#11675=CARTESIAN_POINT('',(0.00748629594922608,-0.006,-0.0266132220336967));
#11676=CARTESIAN_POINT('',(0.00789926095432146,-0.006,-0.0264933892144585));
#11677=CARTESIAN_POINT('',(0.00789926095432146,-0.006,-0.0264933892144585));
#11678=CARTESIAN_POINT('',(0.00786691511022128,-0.006,-0.0263819197375775));
#11679=CARTESIAN_POINT('',(0.00937597996958158,-0.006,-0.0259440242881347));
#11680=CARTESIAN_POINT('',(0.00877652491028201,-0.006,-0.0244915495701864));
#11681=CARTESIAN_POINT('',(0.00894056952379388,-0.006,-0.0248890283303456));
#11682=CARTESIAN_POINT('',(0.00879520059240523,-0.006,-0.0244843458946174));
#11683=CARTESIAN_POINT('',(2.50882235257614E-13,-0.006,-6.84003238402956E-13));
#11684=CARTESIAN_POINT('',(0.00900071963241104,-0.006,-0.0244095430814803));
#11685=CARTESIAN_POINT('',(0.00914948542586243,-0.006,-0.0248129891605278));
#11686=CARTESIAN_POINT('',(0.00901965646832293,-0.006,-0.0244030569200488));
#11687=CARTESIAN_POINT('',(0.0094940800033268,-0.006,-0.0259010393911856));
#11688=CARTESIAN_POINT('',(0.0109315645223858,-0.006,-0.0252664785730882));
#11689=CARTESIAN_POINT('',(0.0110418663311493,-0.006,-0.0255163476762532));
#11690=CARTESIAN_POINT('',(0.0109784373668522,-0.006,-0.0253726606542427));
#11691=CARTESIAN_POINT('',(0.0113718139656483,-0.006,-0.0251990091310139));
#11692=CARTESIAN_POINT('',(0.,-0.006,0.));
#11693=CARTESIAN_POINT('',(0.,-0.006,0.));
#11694=CARTESIAN_POINT('',(0.0121804495230917,-0.006,-0.0252963521235826));
#11695=CARTESIAN_POINT('',(0.0158170588005531,-0.006,-0.0231967547783027));
#11696=CARTESIAN_POINT('',(0.0119938998001386,-0.006,-0.0249089257423614));
#11697=CARTESIAN_POINT('',(0.0123797821881938,-0.006,-0.0247192028323353));
#11698=CARTESIAN_POINT('',(0.0123797821881938,-0.006,-0.0247192028323353));
#11699=CARTESIAN_POINT('',(0.0123285712786203,-0.006,-0.0246150436241617));
#11700=CARTESIAN_POINT('',(0.0137386703051123,-0.006,-0.0239217544277326));
#11701=CARTESIAN_POINT('',(0.0128961027272527,-0.006,-0.0225954403430834));
#11702=CARTESIAN_POINT('',(0.013126676596842,-0.006,-0.0229583944595535));
#11703=CARTESIAN_POINT('',(0.0129132437786653,-0.006,-0.0225851031093656));
#11704=CARTESIAN_POINT('',(3.65846686241683E-13,-0.006,-6.30046449303198E-13));
#11705=CARTESIAN_POINT('',(0.0131026511504691,-0.006,-0.0224757487122682));
#11706=CARTESIAN_POINT('',(0.0133192145336565,-0.006,-0.0228472326299045));
#11707=CARTESIAN_POINT('',(0.01312017398318,-0.006,-0.0224660727431562));
#11708=CARTESIAN_POINT('',(0.0138475118849532,-0.006,-0.0238589147123125));
#11709=CARTESIAN_POINT('',(0.0151529674544761,-0.006,-0.0229843777317333));
#11710=CARTESIAN_POINT('',(0.0153049828453375,-0.006,-0.0232112970536833));
#11711=CARTESIAN_POINT('',(0.0152175665200058,-0.006,-0.0230808072844617));
#11712=CARTESIAN_POINT('',(0.0155748125737959,-0.006,-0.0228414847885458));
#11713=CARTESIAN_POINT('',(0.,-0.006,0.));
#11714=CARTESIAN_POINT('',(0.,-0.006,0.));
#11715=CARTESIAN_POINT('',(0.0163880665733956,-0.006,-0.022796930831382));
#11716=CARTESIAN_POINT('',(0.0196048363316736,-0.006,-0.0200977405136288));
#11717=CARTESIAN_POINT('',(0.01613707507483,-0.006,-0.022447784346869));
#11718=CARTESIAN_POINT('',(0.01648415000475,-0.006,-0.0221939359806718));
#11719=CARTESIAN_POINT('',(0.01648415000475,-0.006,-0.0221939359806718));
#11720=CARTESIAN_POINT('',(0.0164156300472766,-0.006,-0.0221002518660389));
#11721=CARTESIAN_POINT('',(0.0176839180955248,-0.006,-0.0211726341640356));
#11722=CARTESIAN_POINT('',(0.0166238389885985,-0.006,-0.0200127800950005));
#11723=CARTESIAN_POINT('',(0.0169139362439139,-0.006,-0.0203301813906161));
#11724=CARTESIAN_POINT('',(0.0166389245871273,-0.006,-0.0199996233947493));
#11725=CARTESIAN_POINT('',(4.69695070791655E-13,-0.006,-5.56946017660249E-13));
#11726=CARTESIAN_POINT('',(0.0168064652435816,-0.006,-0.0198590400917114));
#11727=CARTESIAN_POINT('',(0.0170842460476932,-0.006,-0.0201872744970791));
#11728=CARTESIAN_POINT('',(0.0168220416506865,-0.006,-0.0198464683143441));
#11729=CARTESIAN_POINT('',(0.0177801941251343,-0.006,-0.021091848983099));
#11730=CARTESIAN_POINT('',(0.0189139551382335,-0.006,-0.020003908203656));
#11731=CARTESIAN_POINT('',(0.0191030652004651,-0.006,-0.0202009829156203));
#11732=CARTESIAN_POINT('',(0.018994317614909,-0.006,-0.0200876552647942));
#11733=CARTESIAN_POINT('',(0.019304578383124,-0.006,-0.0197899334891267));
#11734=CARTESIAN_POINT('',(0.,-0.006,0.));
#11735=CARTESIAN_POINT('',(0.,-0.006,0.));
#11736=CARTESIAN_POINT('',(0.0200977405136287,-0.006,-0.0196048363316736));
#11737=CARTESIAN_POINT('',(0.022796930831382,-0.006,-0.0163880665733956));
#11738=CARTESIAN_POINT('',(0.0197899334891267,-0.006,-0.019304578383124));
#11739=CARTESIAN_POINT('',(0.0200876552647942,-0.006,-0.018994317614909));
#11740=CARTESIAN_POINT('',(0.0200876552647942,-0.006,-0.018994317614909));
#11741=CARTESIAN_POINT('',(0.0200039082036561,-0.006,-0.0189139551382336));
#11742=CARTESIAN_POINT('',(0.021091848983099,-0.006,-0.0177801941251343));
#11743=CARTESIAN_POINT('',(0.0198464683143444,-0.006,-0.0168220416506863));
#11744=CARTESIAN_POINT('',(0.0201872744970793,-0.006,-0.017084246047693));
#11745=CARTESIAN_POINT('',(0.0198590400917116,-0.006,-0.0168064652435813));
#11746=CARTESIAN_POINT('',(5.59272008292795E-13,-0.006,-4.66923063098977E-13));
#11747=CARTESIAN_POINT('',(0.0199996233947495,-0.006,-0.0166389245871271));
#11748=CARTESIAN_POINT('',(0.0203301813906163,-0.006,-0.0169139362439138));
#11749=CARTESIAN_POINT('',(0.0200127800950007,-0.006,-0.0166238389885984));
#11750=CARTESIAN_POINT('',(0.0211726341640356,-0.006,-0.0176839180955248));
#11751=CARTESIAN_POINT('',(0.0221002518660389,-0.006,-0.0164156300472767));
#11752=CARTESIAN_POINT('',(0.022320710586094,-0.006,-0.0165768721338567));
#11753=CARTESIAN_POINT('',(0.0221939359806718,-0.006,-0.01648415000475));
#11754=CARTESIAN_POINT('',(0.022447784346869,-0.006,-0.01613707507483));
#11755=CARTESIAN_POINT('',(0.,-0.006,0.));
#11756=CARTESIAN_POINT('',(0.,-0.006,0.));
#11757=CARTESIAN_POINT('',(0.0231967547783027,-0.006,-0.0158170588005531));
#11758=CARTESIAN_POINT('',(0.0252963521235826,-0.006,-0.0121804495230916));
#11759=CARTESIAN_POINT('',(0.0228414847885458,-0.006,-0.0155748125737959));
#11760=CARTESIAN_POINT('',(0.0230808072844617,-0.006,-0.0152175665200058));
#11761=CARTESIAN_POINT('',(0.0230808072844617,-0.006,-0.0152175665200058));
#11762=CARTESIAN_POINT('',(0.0229843777317331,-0.006,-0.015152967454476));
#11763=CARTESIAN_POINT('',(0.0238589147123125,-0.006,-0.0138475118849531));
#11764=CARTESIAN_POINT('',(0.0224660727431563,-0.006,-0.0131201739831797));
#11765=CARTESIAN_POINT('',(0.0228472326299046,-0.006,-0.0133192145336563));
#11766=CARTESIAN_POINT('',(0.0224757487122683,-0.006,-0.0131026511504688));
#11767=CARTESIAN_POINT('',(6.31855748827251E-13,-0.006,-3.62712887539913E-13));
#11768=CARTESIAN_POINT('',(0.0225851031093657,-0.006,-0.0129132437786651));
#11769=CARTESIAN_POINT('',(0.0229583944595536,-0.006,-0.0131266765968418));
#11770=CARTESIAN_POINT('',(0.0225954403430836,-0.006,-0.0128961027272524));
#11771=CARTESIAN_POINT('',(0.0239217544277326,-0.006,-0.0137386703051123));
#11772=CARTESIAN_POINT('',(0.0246150436241617,-0.006,-0.0123285712786203));
#11773=CARTESIAN_POINT('',(0.024860152475389,-0.006,-0.0124490814806079));
#11774=CARTESIAN_POINT('',(0.0247192028323353,-0.006,-0.0123797821881938));
#11775=CARTESIAN_POINT('',(0.0249089257423614,-0.006,-0.0119938998001385));
#11776=CARTESIAN_POINT('',(0.,-0.006,0.));
#11777=CARTESIAN_POINT('',(0.,-0.006,0.));
#11778=CARTESIAN_POINT('',(0.0255909473871622,-0.006,-0.0115486879415957));
#11779=CARTESIAN_POINT('',(0.0270271565570799,-0.006,-0.00760273567763342));
#11780=CARTESIAN_POINT('',(0.0251990091310139,-0.006,-0.0113718139656483));
#11781=CARTESIAN_POINT('',(0.0253726606542428,-0.006,-0.0109784373668523));
#11782=CARTESIAN_POINT('',(0.0253726606542427,-0.006,-0.0109784373668523));
#11783=CARTESIAN_POINT('',(0.0252664785730877,-0.006,-0.0109315645223856));
#11784=CARTESIAN_POINT('',(0.0259010393911856,-0.006,-0.0094940800033268));
#11785=CARTESIAN_POINT('',(0.0244030569200488,-0.006,-0.00901965646832266));
#11786=CARTESIAN_POINT('',(0.0248129891605278,-0.006,-0.00914948542586223));
#11787=CARTESIAN_POINT('',(0.0244095430814804,-0.006,-0.00900071963241079));
#11788=CARTESIAN_POINT('',(6.85240872168027E-13,-0.006,-2.47481864434525E-13));
#11789=CARTESIAN_POINT('',(0.0244843458946175,-0.006,-0.00879520059240499));
#11790=CARTESIAN_POINT('',(0.0248890283303457,-0.006,-0.00894056952379369));
#11791=CARTESIAN_POINT('',(0.0244915495701865,-0.006,-0.00877652491028175));
#11792=CARTESIAN_POINT('',(0.0259440242881347,-0.006,-0.00937597996958158));
#11793=CARTESIAN_POINT('',(0.0263819197375775,-0.006,-0.00786691511022125));
#11794=CARTESIAN_POINT('',(0.0266442312115634,-0.006,-0.00794303178611002));
#11795=CARTESIAN_POINT('',(0.0264933892144585,-0.006,-0.00789926095432146));
#11796=CARTESIAN_POINT('',(0.0266132220336967,-0.006,-0.00748629594922608));
#11797=CARTESIAN_POINT('',(0.,-0.006,0.));
#11798=CARTESIAN_POINT('',(0.,-0.006,0.));
#11799=CARTESIAN_POINT('',(0.0272075720093071,-0.006,-0.00692941604345108));
#11800=CARTESIAN_POINT('',(0.0279367545149914,-0.006,-0.00279401655578018));
#11801=CARTESIAN_POINT('',(0.0267908743323502,-0.006,-0.00682328854457003));
#11802=CARTESIAN_POINT('',(0.0268935785692305,-0.006,-0.00640573394966437));
#11803=CARTESIAN_POINT('',(0.0268935785692305,-0.006,-0.00640573394966437));
#11804=CARTESIAN_POINT('',(0.0267808702484549,-0.006,-0.00637801153392149));
#11805=CARTESIAN_POINT('',(0.0271561740947159,-0.006,-0.00485217530503564));
#11806=CARTESIAN_POINT('',(0.0255985665609683,-0.006,-0.00464508125584201));
#11807=CARTESIAN_POINT('',(0.0260248155714869,-0.006,-0.00470175383326637));
#11808=CARTESIAN_POINT('',(0.0256016658359865,-0.006,-0.00462530580290583));
#11809=CARTESIAN_POINT('',(7.1780529835659E-13,-0.006,-1.2473123011016E-13));
#11810=CARTESIAN_POINT('',(0.0256396442195381,-0.006,-0.00440991968673089));
#11811=CARTESIAN_POINT('',(0.0260634216697762,-0.006,-0.00448280776991156));
#11812=CARTESIAN_POINT('',(0.0256434954569212,-0.006,-0.00439027682504806));
#11813=CARTESIAN_POINT('',(0.0271779980988515,-0.006,-0.00472840522714994));
#11814=CARTESIAN_POINT('',(0.0273471945696625,-0.006,-0.00316622670704923));
#11815=CARTESIAN_POINT('',(0.027618738465006,-0.006,-0.00319563709015923));
#11816=CARTESIAN_POINT('',(0.0274625873716022,-0.006,-0.00317872467357097));
#11817=CARTESIAN_POINT('',(0.0275088890404783,-0.006,-0.0027512247841449));
#11818=CARTESIAN_POINT('',(0.,-0.006,0.));
#11819=CARTESIAN_POINT('',(0.,-0.006,0.));
#11820=CARTESIAN_POINT('',(0.0279975083236448,-0.006,-0.00209959734527985));
#11821=CARTESIAN_POINT('',(0.0279975083236448,-0.006,0.00209959734527985));
#11822=CARTESIAN_POINT('',(0.0275687123739344,-0.006,-0.0020674409538156));
#11823=CARTESIAN_POINT('',(0.0275973487081995,-0.006,-0.00163839554787369));
#11824=CARTESIAN_POINT('',(0.0275973487081995,-0.006,-0.00163839554787369));
#11825=CARTESIAN_POINT('',(0.0274815387330964,-0.006,-0.00163066589242847));
#11826=CARTESIAN_POINT('',(0.0275861821900655,-0.006,-6.28397154201576E-5));
#11827=CARTESIAN_POINT('',(0.0260162767104324,-0.006,-0.000129367599927145));
#11828=CARTESIAN_POINT('',(0.0264458911304983,-0.006,-0.000111161829648951));
#11829=CARTESIAN_POINT('',(0.0260158949291341,-0.006,-0.000109354397097256));
#11830=CARTESIAN_POINT('',(7.28559573781595E-13,-0.006,1.80929952405338E-15));
#11831=CARTESIAN_POINT('',(0.0260158949291342,-0.006,0.000109354397097511));
#11832=CARTESIAN_POINT('',(0.0264458911304983,-0.006,0.000111161829649152));
#11833=CARTESIAN_POINT('',(0.0260162767104325,-0.006,0.000129367599927419));
#11834=CARTESIAN_POINT('',(0.0275861821900655,-0.006,6.28397154201607E-5));
#11835=CARTESIAN_POINT('',(0.0274815387330964,-0.006,0.00163066589242847));
#11836=CARTESIAN_POINT('',(0.0277540643259454,-0.006,0.00164885542170567));
#11837=CARTESIAN_POINT('',(0.0275973487081995,-0.006,0.0016383955478737));
#11838=CARTESIAN_POINT('',(0.0275687123739344,-0.006,0.00206744095381561));
#11839=CARTESIAN_POINT('',(0.,-0.006,0.));
#11840=CARTESIAN_POINT('',(0.,-0.006,0.));
#11841=CARTESIAN_POINT('',(0.0279367545149914,-0.006,0.00279401655578018));
#11842=CARTESIAN_POINT('',(0.0272075720093071,-0.006,0.00692941604345108));
#11843=CARTESIAN_POINT('',(0.0275088890404783,-0.006,0.0027512247841449));
#11844=CARTESIAN_POINT('',(0.0274625873716022,-0.006,0.00317872467357097));
#11845=CARTESIAN_POINT('',(0.0274625873716022,-0.006,0.00317872467357096));
#11846=CARTESIAN_POINT('',(0.0273471945696625,-0.006,0.00316622670704923));
#11847=CARTESIAN_POINT('',(0.0271779980988515,-0.006,0.00472840522714994));
#11848=CARTESIAN_POINT('',(0.0256434954569212,-0.006,0.00439027682504833));
#11849=CARTESIAN_POINT('',(0.0260634216697762,-0.006,0.00448280776991175));
#11850=CARTESIAN_POINT('',(0.0256396442195381,-0.006,0.00440991968673113));
#11851=CARTESIAN_POINT('',(7.17176935226179E-13,-0.006,1.28294854507779E-13));
#11852=CARTESIAN_POINT('',(0.0256016658359864,-0.006,0.00462530580290608));
#11853=CARTESIAN_POINT('',(0.0260248155714868,-0.006,0.00470175383326657));
#11854=CARTESIAN_POINT('',(0.0255985665609682,-0.006,0.00464508125584229));
#11855=CARTESIAN_POINT('',(0.0271561740947159,-0.006,0.00485217530503565));
#11856=CARTESIAN_POINT('',(0.0267808702484548,-0.006,0.00637801153392147));
#11857=CARTESIAN_POINT('',(0.0270460969865752,-0.006,0.00644324829594313));
#11858=CARTESIAN_POINT('',(0.0268935785692305,-0.006,0.00640573394966436));
#11859=CARTESIAN_POINT('',(0.0267908743323502,-0.006,0.00682328854457003));
#11860=CARTESIAN_POINT('',(0.,-0.006,0.));
#11861=CARTESIAN_POINT('',(0.,-0.006,0.));
#11862=CARTESIAN_POINT('',(0.0270271565570799,-0.006,0.00760273567763342));
#11863=CARTESIAN_POINT('',(0.0255909473871622,-0.006,0.0115486879415958));
#11864=CARTESIAN_POINT('',(0.0266132220336967,-0.006,0.00748629594922608));
#11865=CARTESIAN_POINT('',(0.0264933892144585,-0.006,0.00789926095432146));
#11866=CARTESIAN_POINT('',(0.0264933892144585,-0.006,0.00789926095432146));
#11867=CARTESIAN_POINT('',(0.0263819197375775,-0.006,0.00786691511022128));
#11868=CARTESIAN_POINT('',(0.0259440242881347,-0.006,0.00937597996958158));
#11869=CARTESIAN_POINT('',(0.0244915495701864,-0.006,0.00877652491028201));
#11870=CARTESIAN_POINT('',(0.0248890283303456,-0.006,0.00894056952379388));
#11871=CARTESIAN_POINT('',(0.0244843458946174,-0.006,0.00879520059240523));
#11872=CARTESIAN_POINT('',(6.84003238402956E-13,-0.006,2.50882235257614E-13));
#11873=CARTESIAN_POINT('',(0.0244095430814803,-0.006,0.00900071963241104));
#11874=CARTESIAN_POINT('',(0.0248129891605278,-0.006,0.00914948542586243));
#11875=CARTESIAN_POINT('',(0.0244030569200488,-0.006,0.00901965646832293));
#11876=CARTESIAN_POINT('',(0.0259010393911856,-0.006,0.0094940800033268));
#11877=CARTESIAN_POINT('',(0.0252664785730882,-0.006,0.0109315645223858));
#11878=CARTESIAN_POINT('',(0.0255163476762532,-0.006,0.0110418663311493));
#11879=CARTESIAN_POINT('',(0.0253726606542427,-0.006,0.0109784373668522));
#11880=CARTESIAN_POINT('',(0.0251990091310139,-0.006,0.0113718139656483));
#11881=CARTESIAN_POINT('',(0.,-0.006,0.));
#11882=CARTESIAN_POINT('',(0.,-0.006,0.));
#11883=CARTESIAN_POINT('',(0.0252963521235825,-0.006,0.0121804495230917));
#11884=CARTESIAN_POINT('',(0.0231967547783027,-0.006,0.0158170588005531));
#11885=CARTESIAN_POINT('',(0.0249089257423614,-0.006,0.0119938998001386));
#11886=CARTESIAN_POINT('',(0.0247192028323353,-0.006,0.0123797821881938));
#11887=CARTESIAN_POINT('',(0.0247192028323353,-0.006,0.0123797821881938));
#11888=CARTESIAN_POINT('',(0.0246150436241617,-0.006,0.0123285712786203));
#11889=CARTESIAN_POINT('',(0.0239217544277326,-0.006,0.0137386703051123));
#11890=CARTESIAN_POINT('',(0.0225954403430834,-0.006,0.0128961027272527));
#11891=CARTESIAN_POINT('',(0.0229583944595535,-0.006,0.013126676596842));
#11892=CARTESIAN_POINT('',(0.0225851031093656,-0.006,0.0129132437786653));
#11893=CARTESIAN_POINT('',(6.30046449303198E-13,-0.006,3.65846686241683E-13));
#11894=CARTESIAN_POINT('',(0.0224757487122682,-0.006,0.0131026511504691));
#11895=CARTESIAN_POINT('',(0.0228472326299045,-0.006,0.0133192145336565));
#11896=CARTESIAN_POINT('',(0.0224660727431562,-0.006,0.01312017398318));
#11897=CARTESIAN_POINT('',(0.0238589147123125,-0.006,0.0138475118849532));
#11898=CARTESIAN_POINT('',(0.0229843777317333,-0.006,0.0151529674544761));
#11899=CARTESIAN_POINT('',(0.0232112970536833,-0.006,0.0153049828453375));
#11900=CARTESIAN_POINT('',(0.0230808072844617,-0.006,0.0152175665200058));
#11901=CARTESIAN_POINT('',(0.0228414847885458,-0.006,0.0155748125737959));
#11902=CARTESIAN_POINT('',(0.,-0.006,0.));
#11903=CARTESIAN_POINT('',(0.,-0.006,0.));
#11904=CARTESIAN_POINT('',(0.022796930831382,-0.006,0.0163880665733956));
#11905=CARTESIAN_POINT('',(0.0200977405136288,-0.006,0.0196048363316736));
#11906=CARTESIAN_POINT('',(0.022447784346869,-0.006,0.01613707507483));
#11907=CARTESIAN_POINT('',(0.0221939359806718,-0.006,0.01648415000475));
#11908=CARTESIAN_POINT('',(0.0221939359806718,-0.006,0.01648415000475));
#11909=CARTESIAN_POINT('',(0.0221002518660389,-0.006,0.0164156300472766));
#11910=CARTESIAN_POINT('',(0.0211726341640356,-0.006,0.0176839180955248));
#11911=CARTESIAN_POINT('',(0.0200127800950005,-0.006,0.0166238389885985));
#11912=CARTESIAN_POINT('',(0.0203301813906161,-0.006,0.0169139362439139));
#11913=CARTESIAN_POINT('',(0.0199996233947493,-0.006,0.0166389245871273));
#11914=CARTESIAN_POINT('',(5.56946017660249E-13,-0.006,4.69695070791654E-13));
#11915=CARTESIAN_POINT('',(0.0198590400917114,-0.006,0.0168064652435815));
#11916=CARTESIAN_POINT('',(0.0201872744970792,-0.006,0.0170842460476931));
#11917=CARTESIAN_POINT('',(0.0198464683143442,-0.006,0.0168220416506864));
#11918=CARTESIAN_POINT('',(0.021091848983099,-0.006,0.0177801941251343));
#11919=CARTESIAN_POINT('',(0.020003908203656,-0.006,0.0189139551382335));
#11920=CARTESIAN_POINT('',(0.0202009829156203,-0.006,0.0191030652004651));
#11921=CARTESIAN_POINT('',(0.0200876552647942,-0.006,0.018994317614909));
#11922=CARTESIAN_POINT('',(0.0197899334891267,-0.006,0.019304578383124));
#11923=CARTESIAN_POINT('',(0.,-0.006,0.));
#11924=CARTESIAN_POINT('',(0.,-0.006,0.));
#11925=CARTESIAN_POINT('',(0.0196048363316736,-0.006,0.0200977405136287));
#11926=CARTESIAN_POINT('',(0.0163880665733956,-0.006,0.022796930831382));
#11927=CARTESIAN_POINT('',(0.019304578383124,-0.006,0.0197899334891267));
#11928=CARTESIAN_POINT('',(0.018994317614909,-0.006,0.0200876552647942));
#11929=CARTESIAN_POINT('',(0.018994317614909,-0.006,0.0200876552647942));
#11930=CARTESIAN_POINT('',(0.0189139551382336,-0.006,0.0200039082036561));
#11931=CARTESIAN_POINT('',(0.0177801941251343,-0.006,0.021091848983099));
#11932=CARTESIAN_POINT('',(0.0168220416506863,-0.006,0.0198464683143444));
#11933=CARTESIAN_POINT('',(0.017084246047693,-0.006,0.0201872744970793));
#11934=CARTESIAN_POINT('',(0.0168064652435813,-0.006,0.0198590400917116));
#11935=CARTESIAN_POINT('',(4.66923063098977E-13,-0.006,5.59272008292795E-13));
#11936=CARTESIAN_POINT('',(0.0166389245871271,-0.006,0.0199996233947495));
#11937=CARTESIAN_POINT('',(0.0169139362439138,-0.006,0.0203301813906163));
#11938=CARTESIAN_POINT('',(0.0166238389885984,-0.006,0.0200127800950007));
#11939=CARTESIAN_POINT('',(0.0176839180955248,-0.006,0.0211726341640356));
#11940=CARTESIAN_POINT('',(0.0164156300472767,-0.006,0.0221002518660389));
#11941=CARTESIAN_POINT('',(0.0165768721338567,-0.006,0.022320710586094));
#11942=CARTESIAN_POINT('',(0.01648415000475,-0.006,0.0221939359806718));
#11943=CARTESIAN_POINT('',(0.01613707507483,-0.006,0.022447784346869));
#11944=CARTESIAN_POINT('',(0.,-0.006,0.));
#11945=CARTESIAN_POINT('',(0.,-0.006,0.));
#11946=CARTESIAN_POINT('',(0.0158170588005531,-0.006,0.0231967547783027));
#11947=CARTESIAN_POINT('',(0.0121804495230917,-0.006,0.0252963521235826));
#11948=CARTESIAN_POINT('',(0.0155748125737959,-0.006,0.0228414847885458));
#11949=CARTESIAN_POINT('',(0.0152175665200057,-0.006,0.0230808072844617));
#11950=CARTESIAN_POINT('',(0.0152175665200058,-0.006,0.0230808072844617));
#11951=CARTESIAN_POINT('',(0.0151529674544762,-0.006,0.0229843777317334));
#11952=CARTESIAN_POINT('',(0.0138475118849532,-0.006,0.0238589147123125));
#11953=CARTESIAN_POINT('',(0.0131201739831797,-0.006,0.0224660727431563));
#11954=CARTESIAN_POINT('',(0.0133192145336563,-0.006,0.0228472326299046));
#11955=CARTESIAN_POINT('',(0.0131026511504688,-0.006,0.0224757487122683));
#11956=CARTESIAN_POINT('',(3.62712887539913E-13,-0.006,6.31855748827251E-13));
#11957=CARTESIAN_POINT('',(0.0129132437786651,-0.006,0.0225851031093657));
#11958=CARTESIAN_POINT('',(0.0131266765968418,-0.006,0.0229583944595536));
#11959=CARTESIAN_POINT('',(0.0128961027272524,-0.006,0.0225954403430836));
#11960=CARTESIAN_POINT('',(0.0137386703051123,-0.006,0.0239217544277326));
#11961=CARTESIAN_POINT('',(0.0123285712786203,-0.006,0.0246150436241617));
#11962=CARTESIAN_POINT('',(0.0124490814806079,-0.006,0.024860152475389));
#11963=CARTESIAN_POINT('',(0.0123797821881938,-0.006,0.0247192028323353));
#11964=CARTESIAN_POINT('',(0.0119938998001386,-0.006,0.0249089257423614));
#11965=CARTESIAN_POINT('',(0.,-0.006,0.));
#11966=CARTESIAN_POINT('',(0.,-0.006,0.));
#11967=CARTESIAN_POINT('',(0.0115486879415957,-0.006,0.0255909473871622));
#11968=CARTESIAN_POINT('',(0.00760273567763342,-0.006,0.0270271565570799));
#11969=CARTESIAN_POINT('',(0.0113718139656483,-0.006,0.0251990091310139));
#11970=CARTESIAN_POINT('',(0.0109784373668523,-0.006,0.0253726606542428));
#11971=CARTESIAN_POINT('',(0.0109784373668523,-0.006,0.0253726606542427));
#11972=CARTESIAN_POINT('',(0.0109315645223856,-0.006,0.0252664785730877));
#11973=CARTESIAN_POINT('',(0.0094940800033268,-0.006,0.0259010393911856));
#11974=CARTESIAN_POINT('',(0.00901965646832266,-0.006,0.0244030569200488));
#11975=CARTESIAN_POINT('',(0.00914948542586223,-0.006,0.0248129891605278));
#11976=CARTESIAN_POINT('',(0.00900071963241079,-0.006,0.0244095430814804));
#11977=CARTESIAN_POINT('',(2.47481864434525E-13,-0.006,6.85240872168027E-13));
#11978=CARTESIAN_POINT('',(0.00879520059240499,-0.006,0.0244843458946175));
#11979=CARTESIAN_POINT('',(0.00894056952379369,-0.006,0.0248890283303457));
#11980=CARTESIAN_POINT('',(0.00877652491028175,-0.006,0.0244915495701865));
#11981=CARTESIAN_POINT('',(0.00937597996958158,-0.006,0.0259440242881347));
#11982=CARTESIAN_POINT('',(0.00786691511022125,-0.006,0.0263819197375775));
#11983=CARTESIAN_POINT('',(0.00794303178611002,-0.006,0.0266442312115634));
#11984=CARTESIAN_POINT('',(0.00789926095432146,-0.006,0.0264933892144585));
#11985=CARTESIAN_POINT('',(0.00748629594922608,-0.006,0.0266132220336967));
#11986=CARTESIAN_POINT('',(0.,-0.006,0.));
#11987=CARTESIAN_POINT('',(0.,-0.006,0.));
#11988=CARTESIAN_POINT('',(0.00692941604345109,-0.006,0.0272075720093071));
#11989=CARTESIAN_POINT('',(0.00279401655578018,-0.006,0.0279367545149914));
#11990=CARTESIAN_POINT('',(0.00682328854457003,-0.006,0.0267908743323502));
#11991=CARTESIAN_POINT('',(0.00640573394966437,-0.006,0.0268935785692305));
#11992=CARTESIAN_POINT('',(0.00640573394966437,-0.006,0.0268935785692305));
#11993=CARTESIAN_POINT('',(0.0063780115339215,-0.006,0.0267808702484549));
#11994=CARTESIAN_POINT('',(0.00485217530503565,-0.006,0.0271561740947159));
#11995=CARTESIAN_POINT('',(0.00464508125584201,-0.006,0.0255985665609683));
#11996=CARTESIAN_POINT('',(0.00470175383326637,-0.006,0.0260248155714869));
#11997=CARTESIAN_POINT('',(0.00462530580290583,-0.006,0.0256016658359865));
#11998=CARTESIAN_POINT('',(1.2473123011016E-13,-0.006,7.1780529835659E-13));
#11999=CARTESIAN_POINT('',(0.00440991968673089,-0.006,0.0256396442195381));
#12000=CARTESIAN_POINT('',(0.00448280776991156,-0.006,0.0260634216697762));
#12001=CARTESIAN_POINT('',(0.00439027682504806,-0.006,0.0256434954569212));
#12002=CARTESIAN_POINT('',(0.00472840522714994,-0.006,0.0271779980988515));
#12003=CARTESIAN_POINT('',(0.00316622670704923,-0.006,0.0273471945696625));
#12004=CARTESIAN_POINT('',(0.00319563709015923,-0.006,0.027618738465006));
#12005=CARTESIAN_POINT('',(0.00317872467357097,-0.006,0.0274625873716022));
#12006=CARTESIAN_POINT('',(0.0027512247841449,-0.006,0.0275088890404783));
#12007=CARTESIAN_POINT('',(0.,-0.006,0.));
#12008=CARTESIAN_POINT('',(0.,-0.006,0.));
#12009=CARTESIAN_POINT('',(0.00209959734527985,-0.006,0.0279975083236448));
#12010=CARTESIAN_POINT('',(-0.00209959734527985,-0.006,0.0279975083236448));
#12011=CARTESIAN_POINT('',(0.0020674409538156,-0.006,0.0275687123739344));
#12012=CARTESIAN_POINT('',(0.00163839554787369,-0.006,0.0275973487081995));
#12013=CARTESIAN_POINT('',(0.00163839554787369,-0.006,0.0275973487081995));
#12014=CARTESIAN_POINT('',(0.00163066589242847,-0.006,0.0274815387330964));
#12015=CARTESIAN_POINT('',(6.28397154201593E-5,-0.006,0.0275861821900655));
#12016=CARTESIAN_POINT('',(0.000129367599927147,-0.006,0.0260162767104324));
#12017=CARTESIAN_POINT('',(0.000111161829648953,-0.006,0.0264458911304983));
#12018=CARTESIAN_POINT('',(0.000109354397097258,-0.006,0.0260158949291341));
#12019=CARTESIAN_POINT('',(-1.80929952405333E-15,-0.006,7.28559573781595E-13));
#12020=CARTESIAN_POINT('',(-0.000109354397097509,-0.006,0.0260158949291342));
#12021=CARTESIAN_POINT('',(-0.00011116182964915,-0.006,0.0264458911304983));
#12022=CARTESIAN_POINT('',(-0.000129367599927417,-0.006,0.0260162767104325));
#12023=CARTESIAN_POINT('',(-6.2839715420159E-5,-0.006,0.0275861821900655));
#12024=CARTESIAN_POINT('',(-0.00163066589242846,-0.006,0.0274815387330964));
#12025=CARTESIAN_POINT('',(-0.00164885542170566,-0.006,0.0277540643259454));
#12026=CARTESIAN_POINT('',(-0.00163839554787369,-0.006,0.0275973487081995));
#12027=CARTESIAN_POINT('',(-0.0020674409538156,-0.006,0.0275687123739344));
#12028=CARTESIAN_POINT('',(0.,-0.006,0.));
#12029=CARTESIAN_POINT('',(0.,-0.006,0.));
#12030=CARTESIAN_POINT('',(-0.00279401655578017,-0.006,0.0279367545149914));
#12031=CARTESIAN_POINT('',(-0.00692941604345109,-0.006,0.0272075720093071));
#12032=CARTESIAN_POINT('',(-0.0027512247841449,-0.006,0.0275088890404783));
#12033=CARTESIAN_POINT('',(-0.00317872467357097,-0.006,0.0274625873716022));
#12034=CARTESIAN_POINT('',(-0.00317872467357096,-0.006,0.0274625873716022));
#12035=CARTESIAN_POINT('',(-0.00316622670704923,-0.006,0.0273471945696625));
#12036=CARTESIAN_POINT('',(-0.00472840522714994,-0.006,0.0271779980988515));
#12037=CARTESIAN_POINT('',(-0.00439027682504833,-0.006,0.0256434954569212));
#12038=CARTESIAN_POINT('',(-0.00448280776991175,-0.006,0.0260634216697762));
#12039=CARTESIAN_POINT('',(-0.00440991968673113,-0.006,0.0256396442195381));
#12040=CARTESIAN_POINT('',(-1.28294854507779E-13,-0.006,7.17176935226179E-13));
#12041=CARTESIAN_POINT('',(-0.00462530580290608,-0.006,0.0256016658359864));
#12042=CARTESIAN_POINT('',(-0.00470175383326657,-0.006,0.0260248155714868));
#12043=CARTESIAN_POINT('',(-0.00464508125584229,-0.006,0.0255985665609682));
#12044=CARTESIAN_POINT('',(-0.00485217530503565,-0.006,0.0271561740947159));
#12045=CARTESIAN_POINT('',(-0.00637801153392147,-0.006,0.0267808702484548));
#12046=CARTESIAN_POINT('',(-0.00644324829594313,-0.006,0.0270460969865752));
#12047=CARTESIAN_POINT('',(-0.00640573394966436,-0.006,0.0268935785692305));
#12048=CARTESIAN_POINT('',(-0.00682328854457003,-0.006,0.0267908743323502));
#12049=CARTESIAN_POINT('',(0.,-0.006,0.));
#12050=CARTESIAN_POINT('',(0.,-0.006,0.));
#12051=CARTESIAN_POINT('',(-0.00760273567763343,-0.006,0.0270271565570799));
#12052=CARTESIAN_POINT('',(-0.0115486879415958,-0.006,0.0255909473871622));
#12053=CARTESIAN_POINT('',(-0.0074862959492261,-0.006,0.0266132220336967));
#12054=CARTESIAN_POINT('',(-0.00789926095432149,-0.006,0.0264933892144585));
#12055=CARTESIAN_POINT('',(-0.00789926095432149,-0.006,0.0264933892144585));
#12056=CARTESIAN_POINT('',(-0.00786691511022126,-0.006,0.0263819197375775));
#12057=CARTESIAN_POINT('',(-0.0093759799695816,-0.006,0.0259440242881346));
#12058=CARTESIAN_POINT('',(-0.008776524910282,-0.006,0.0244915495701864));
#12059=CARTESIAN_POINT('',(-0.00894056952379389,-0.006,0.0248890283303456));
#12060=CARTESIAN_POINT('',(-0.00879520059240524,-0.006,0.0244843458946174));
#12061=CARTESIAN_POINT('',(-2.50882235257615E-13,-0.006,6.84003238402956E-13));
#12062=CARTESIAN_POINT('',(-0.00900071963241104,-0.006,0.0244095430814803));
#12063=CARTESIAN_POINT('',(-0.00914948542586244,-0.006,0.0248129891605278));
#12064=CARTESIAN_POINT('',(-0.00901965646832295,-0.006,0.0244030569200488));
#12065=CARTESIAN_POINT('',(-0.00949408000332682,-0.006,0.0259010393911856));
#12066=CARTESIAN_POINT('',(-0.0109315645223859,-0.006,0.0252664785730882));
#12067=CARTESIAN_POINT('',(-0.0110418663311493,-0.006,0.0255163476762532));
#12068=CARTESIAN_POINT('',(-0.0109784373668522,-0.006,0.0253726606542427));
#12069=CARTESIAN_POINT('',(-0.0113718139656483,-0.006,0.0251990091310139));
#12070=CARTESIAN_POINT('',(0.,-0.006,0.));
#12071=CARTESIAN_POINT('',(0.,-0.006,0.));
#12072=CARTESIAN_POINT('',(-0.0121804495230917,-0.006,0.0252963521235825));
#12073=CARTESIAN_POINT('',(-0.0158170588005531,-0.006,0.0231967547783027));
#12074=CARTESIAN_POINT('',(-0.0119938998001386,-0.006,0.0249089257423614));
#12075=CARTESIAN_POINT('',(-0.0123797821881938,-0.006,0.0247192028323353));
#12076=CARTESIAN_POINT('',(-0.0123797821881938,-0.006,0.0247192028323353));
#12077=CARTESIAN_POINT('',(-0.0123285712786204,-0.006,0.0246150436241617));
#12078=CARTESIAN_POINT('',(-0.0137386703051123,-0.006,0.0239217544277326));
#12079=CARTESIAN_POINT('',(-0.0128961027272527,-0.006,0.0225954403430834));
#12080=CARTESIAN_POINT('',(-0.013126676596842,-0.006,0.0229583944595535));
#12081=CARTESIAN_POINT('',(-0.0129132437786653,-0.006,0.0225851031093656));
#12082=CARTESIAN_POINT('',(-3.65846686241683E-13,-0.006,6.30046449303198E-13));
#12083=CARTESIAN_POINT('',(-0.0131026511504691,-0.006,0.0224757487122682));
#12084=CARTESIAN_POINT('',(-0.0133192145336565,-0.006,0.0228472326299045));
#12085=CARTESIAN_POINT('',(-0.01312017398318,-0.006,0.0224660727431561));
#12086=CARTESIAN_POINT('',(-0.0138475118849532,-0.006,0.0238589147123124));
#12087=CARTESIAN_POINT('',(-0.0151529674544761,-0.006,0.0229843777317333));
#12088=CARTESIAN_POINT('',(-0.0153049828453375,-0.006,0.0232112970536833));
#12089=CARTESIAN_POINT('',(-0.0152175665200058,-0.006,0.0230808072844617));
#12090=CARTESIAN_POINT('',(-0.0155748125737959,-0.006,0.0228414847885458));
#12091=CARTESIAN_POINT('',(0.,-0.006,0.));
#12092=CARTESIAN_POINT('',(0.,-0.006,0.));
#12093=CARTESIAN_POINT('',(-0.0163880665733956,-0.006,0.022796930831382));
#12094=CARTESIAN_POINT('',(-0.0196048363316736,-0.006,0.0200977405136288));
#12095=CARTESIAN_POINT('',(-0.01613707507483,-0.006,0.022447784346869));
#12096=CARTESIAN_POINT('',(-0.01648415000475,-0.006,0.0221939359806718));
#12097=CARTESIAN_POINT('',(-0.01648415000475,-0.006,0.0221939359806718));
#12098=CARTESIAN_POINT('',(-0.0164156300472766,-0.006,0.0221002518660389));
#12099=CARTESIAN_POINT('',(-0.0176839180955248,-0.006,0.0211726341640356));
#12100=CARTESIAN_POINT('',(-0.0166238389885985,-0.006,0.0200127800950005));
#12101=CARTESIAN_POINT('',(-0.0169139362439139,-0.006,0.0203301813906161));
#12102=CARTESIAN_POINT('',(-0.0166389245871273,-0.006,0.0199996233947493));
#12103=CARTESIAN_POINT('',(-4.69695070791655E-13,-0.006,5.56946017660249E-13));
#12104=CARTESIAN_POINT('',(-0.0168064652435816,-0.006,0.0198590400917114));
#12105=CARTESIAN_POINT('',(-0.0170842460476932,-0.006,0.0201872744970791));
#12106=CARTESIAN_POINT('',(-0.0168220416506865,-0.006,0.0198464683143441));
#12107=CARTESIAN_POINT('',(-0.0177801941251343,-0.006,0.021091848983099));
#12108=CARTESIAN_POINT('',(-0.0189139551382335,-0.006,0.020003908203656));
#12109=CARTESIAN_POINT('',(-0.0191030652004651,-0.006,0.0202009829156203));
#12110=CARTESIAN_POINT('',(-0.018994317614909,-0.006,0.0200876552647942));
#12111=CARTESIAN_POINT('',(-0.019304578383124,-0.006,0.0197899334891267));
#12112=CARTESIAN_POINT('',(0.,-0.006,0.));
#12113=CARTESIAN_POINT('',(0.,-0.006,0.));
#12114=CARTESIAN_POINT('',(-0.0200977405136287,-0.006,0.0196048363316736));
#12115=CARTESIAN_POINT('',(-0.0227969308313821,-0.006,0.0163880665733956));
#12116=CARTESIAN_POINT('',(-0.0197899334891267,-0.006,0.019304578383124));
#12117=CARTESIAN_POINT('',(-0.0200876552647942,-0.006,0.018994317614909));
#12118=CARTESIAN_POINT('',(-0.0200876552647942,-0.006,0.018994317614909));
#12119=CARTESIAN_POINT('',(-0.0200039082036561,-0.006,0.0189139551382336));
#12120=CARTESIAN_POINT('',(-0.021091848983099,-0.006,0.0177801941251343));
#12121=CARTESIAN_POINT('',(-0.0198464683143444,-0.006,0.0168220416506863));
#12122=CARTESIAN_POINT('',(-0.0201872744970793,-0.006,0.017084246047693));
#12123=CARTESIAN_POINT('',(-0.0198590400917116,-0.006,0.0168064652435813));
#12124=CARTESIAN_POINT('',(-5.59272008292795E-13,-0.006,4.66923063098977E-13));
#12125=CARTESIAN_POINT('',(-0.0199996233947495,-0.006,0.0166389245871271));
#12126=CARTESIAN_POINT('',(-0.0203301813906163,-0.006,0.0169139362439138));
#12127=CARTESIAN_POINT('',(-0.0200127800950007,-0.006,0.0166238389885984));
#12128=CARTESIAN_POINT('',(-0.0211726341640356,-0.006,0.0176839180955248));
#12129=CARTESIAN_POINT('',(-0.0221002518660389,-0.006,0.0164156300472767));
#12130=CARTESIAN_POINT('',(-0.022320710586094,-0.006,0.0165768721338567));
#12131=CARTESIAN_POINT('',(-0.0221939359806718,-0.006,0.01648415000475));
#12132=CARTESIAN_POINT('',(-0.022447784346869,-0.006,0.0161370750748299));
#12133=CARTESIAN_POINT('',(0.,-0.006,0.));
#12134=CARTESIAN_POINT('',(0.,-0.006,0.));
#12135=CARTESIAN_POINT('',(-0.0231967547783027,-0.006,0.0158170588005531));
#12136=CARTESIAN_POINT('',(-0.0252963521235825,-0.006,0.0121804495230917));
#12137=CARTESIAN_POINT('',(-0.0228414847885458,-0.006,0.0155748125737959));
#12138=CARTESIAN_POINT('',(-0.0230808072844617,-0.006,0.0152175665200058));
#12139=CARTESIAN_POINT('',(-0.0230808072844617,-0.006,0.0152175665200058));
#12140=CARTESIAN_POINT('',(-0.0229843777317333,-0.006,0.0151529674544761));
#12141=CARTESIAN_POINT('',(-0.0238589147123124,-0.006,0.0138475118849532));
#12142=CARTESIAN_POINT('',(-0.0224660727431563,-0.006,0.0131201739831797));
#12143=CARTESIAN_POINT('',(-0.0228472326299046,-0.006,0.0133192145336563));
#12144=CARTESIAN_POINT('',(-0.0224757487122683,-0.006,0.0131026511504688));
#12145=CARTESIAN_POINT('',(-6.31855748827251E-13,-0.006,3.62712887539913E-13));
#12146=CARTESIAN_POINT('',(-0.0225851031093657,-0.006,0.0129132437786651));
#12147=CARTESIAN_POINT('',(-0.0229583944595536,-0.006,0.0131266765968418));
#12148=CARTESIAN_POINT('',(-0.0225954403430836,-0.006,0.0128961027272524));
#12149=CARTESIAN_POINT('',(-0.0239217544277326,-0.006,0.0137386703051123));
#12150=CARTESIAN_POINT('',(-0.0246150436241617,-0.006,0.0123285712786203));
#12151=CARTESIAN_POINT('',(-0.0248601524753889,-0.006,0.0124490814806079));
#12152=CARTESIAN_POINT('',(-0.0247192028323353,-0.006,0.0123797821881939));
#12153=CARTESIAN_POINT('',(-0.0249089257423614,-0.006,0.0119938998001386));
#12154=CARTESIAN_POINT('',(0.,-0.006,0.));
#12155=CARTESIAN_POINT('',(0.,-0.006,0.));
#12156=CARTESIAN_POINT('',(-0.0255909473871622,-0.006,0.0115486879415957));
#12157=CARTESIAN_POINT('',(-0.0270271565570799,-0.006,0.00760273567763341));
#12158=CARTESIAN_POINT('',(-0.0251990091310139,-0.006,0.0113718139656483));
#12159=CARTESIAN_POINT('',(-0.0253726606542428,-0.006,0.0109784373668523));
#12160=CARTESIAN_POINT('',(-0.0253726606542427,-0.006,0.0109784373668523));
#12161=CARTESIAN_POINT('',(-0.0252664785730877,-0.006,0.0109315645223856));
#12162=CARTESIAN_POINT('',(-0.0259010393911856,-0.006,0.00949408000332678));
#12163=CARTESIAN_POINT('',(-0.0244030569200488,-0.006,0.00901965646832265));
#12164=CARTESIAN_POINT('',(-0.0248129891605278,-0.006,0.00914948542586222));
#12165=CARTESIAN_POINT('',(-0.0244095430814804,-0.006,0.00900071963241078));
#12166=CARTESIAN_POINT('',(-6.85240872168028E-13,-0.006,2.47481864434524E-13));
#12167=CARTESIAN_POINT('',(-0.0244843458946175,-0.006,0.00879520059240498));
#12168=CARTESIAN_POINT('',(-0.0248890283303457,-0.006,0.00894056952379368));
#12169=CARTESIAN_POINT('',(-0.0244915495701865,-0.006,0.00877652491028174));
#12170=CARTESIAN_POINT('',(-0.0259440242881347,-0.006,0.00937597996958156));
#12171=CARTESIAN_POINT('',(-0.0263819197375775,-0.006,0.00786691511022123));
#12172=CARTESIAN_POINT('',(-0.0266442312115634,-0.006,0.00794303178611));
#12173=CARTESIAN_POINT('',(-0.0264933892144585,-0.006,0.00789926095432144));
#12174=CARTESIAN_POINT('',(-0.0266132220336967,-0.006,0.00748629594922606));
#12175=CARTESIAN_POINT('',(0.,-0.006,0.));
#12176=CARTESIAN_POINT('',(0.,-0.006,0.));
#12177=CARTESIAN_POINT('',(-0.0272075720093071,-0.006,0.00692941604345107));
#12178=CARTESIAN_POINT('',(-0.0279367545149914,-0.006,0.00279401655578016));
#12179=CARTESIAN_POINT('',(-0.0267908743323502,-0.006,0.00682328854457002));
#12180=CARTESIAN_POINT('',(-0.0268935785692305,-0.006,0.00640573394966436));
#12181=CARTESIAN_POINT('',(-0.0268935785692305,-0.006,0.00640573394966436));
#12182=CARTESIAN_POINT('',(-0.0267808702484549,-0.006,0.00637801153392147));
#12183=CARTESIAN_POINT('',(-0.0271561740947159,-0.006,0.00485217530503563));
#12184=CARTESIAN_POINT('',(-0.0255985665609683,-0.006,0.004645081255842));
#12185=CARTESIAN_POINT('',(-0.0260248155714869,-0.006,0.00470175383326636));
#12186=CARTESIAN_POINT('',(-0.0256016658359865,-0.006,0.00462530580290583));
#12187=CARTESIAN_POINT('',(-7.1780529835659E-13,-0.006,1.2473123011016E-13));
#12188=CARTESIAN_POINT('',(-0.0256396442195381,-0.006,0.00440991968673087));
#12189=CARTESIAN_POINT('',(-0.0260634216697762,-0.006,0.00448280776991155));
#12190=CARTESIAN_POINT('',(-0.0256434954569212,-0.006,0.00439027682504805));
#12191=CARTESIAN_POINT('',(-0.0271779980988515,-0.006,0.00472840522714993));
#12192=CARTESIAN_POINT('',(-0.0273471945696625,-0.006,0.00316622670704923));
#12193=CARTESIAN_POINT('',(-0.027618738465006,-0.006,0.00319563709015922));
#12194=CARTESIAN_POINT('',(-0.0274625873716022,-0.006,0.00317872467357096));
#12195=CARTESIAN_POINT('',(-0.0275088890404783,-0.006,0.00275122478414489));
#12196=CARTESIAN_POINT('',(0.,-0.006,0.));
#12197=CARTESIAN_POINT('',(0.,-0.006,0.));
#12198=CARTESIAN_POINT('',(-0.0279975083236448,-0.006,0.00209959734527985));
#12199=CARTESIAN_POINT('',(-0.0279975083236448,-0.006,-0.00209959734527985));
#12200=CARTESIAN_POINT('',(-0.0275687123739344,-0.006,0.0020674409538156));
#12201=CARTESIAN_POINT('',(-0.0275973487081995,-0.006,0.00163839554787369));
#12202=CARTESIAN_POINT('',(-0.0275973487081995,-0.006,0.00163839554787369));
#12203=CARTESIAN_POINT('',(-0.0274815387330964,-0.006,0.00163066589242846));
#12204=CARTESIAN_POINT('',(-0.0275861821900655,-0.006,6.28397154201542E-5));
#12205=CARTESIAN_POINT('',(-0.0260162767104324,-0.006,0.000129367599927143));
#12206=CARTESIAN_POINT('',(-0.0264458911304983,-0.006,0.000111161829648948));
#12207=CARTESIAN_POINT('',(-0.0260158949291341,-0.006,0.000109354397097253));
#12208=CARTESIAN_POINT('',(-7.28559573781595E-13,-0.006,-1.80929952405346E-15));
#12209=CARTESIAN_POINT('',(-0.0260158949291342,-0.006,-0.000109354397097514));
#12210=CARTESIAN_POINT('',(-0.0264458911304983,-0.006,-0.000111161829649155));
#12211=CARTESIAN_POINT('',(-0.0260162767104325,-0.006,-0.000129367599927423));
#12212=CARTESIAN_POINT('',(-0.0275861821900655,-0.006,-6.28397154201641E-5));
#12213=CARTESIAN_POINT('',(-0.0274815387330964,-0.006,-0.00163066589242847));
#12214=CARTESIAN_POINT('',(-0.0277540643259454,-0.006,-0.00164885542170567));
#12215=CARTESIAN_POINT('',(-0.0275973487081995,-0.006,-0.0016383955478737));
#12216=CARTESIAN_POINT('',(-0.0275687123739344,-0.006,-0.00206744095381561));
#12217=CARTESIAN_POINT('',(0.,-0.006,0.));
#12218=CARTESIAN_POINT('',(0.,-0.006,0.));
#12219=CARTESIAN_POINT('',(-0.0279367545149914,-0.006,-0.00279401655578018));
#12220=CARTESIAN_POINT('',(-0.0272075720093071,-0.006,-0.00692941604345109));
#12221=CARTESIAN_POINT('',(-0.0275088890404783,-0.006,-0.0027512247841449));
#12222=CARTESIAN_POINT('',(-0.0274625873716022,-0.006,-0.00317872467357097));
#12223=CARTESIAN_POINT('',(-0.0274625873716022,-0.006,-0.00317872467357096));
#12224=CARTESIAN_POINT('',(-0.0273471945696624,-0.006,-0.00316622670704923));
#12225=CARTESIAN_POINT('',(-0.0271779980988515,-0.006,-0.00472840522714994));
#12226=CARTESIAN_POINT('',(-0.0256434954569212,-0.006,-0.00439027682504833));
#12227=CARTESIAN_POINT('',(-0.0260634216697762,-0.006,-0.00448280776991175));
#12228=CARTESIAN_POINT('',(-0.0256396442195381,-0.006,-0.00440991968673113));
#12229=CARTESIAN_POINT('',(-7.17176935226179E-13,-0.006,-1.28294854507778E-13));
#12230=CARTESIAN_POINT('',(-0.0256016658359864,-0.006,-0.00462530580290608));
#12231=CARTESIAN_POINT('',(-0.0260248155714868,-0.006,-0.00470175383326657));
#12232=CARTESIAN_POINT('',(-0.0255985665609682,-0.006,-0.00464508125584229));
#12233=CARTESIAN_POINT('',(-0.0271561740947159,-0.006,-0.00485217530503565));
#12234=CARTESIAN_POINT('',(-0.0267808702484548,-0.006,-0.00637801153392147));
#12235=CARTESIAN_POINT('',(-0.0270460969865752,-0.006,-0.00644324829594313));
#12236=CARTESIAN_POINT('',(-0.0268935785692305,-0.006,-0.00640573394966436));
#12237=CARTESIAN_POINT('',(-0.0267908743323502,-0.006,-0.00682328854457003));
#12238=CARTESIAN_POINT('',(0.,-0.006,0.));
#12239=CARTESIAN_POINT('',(0.,-0.006,0.));
#12240=CARTESIAN_POINT('',(-0.0270271565570799,-0.006,-0.00760273567763342));
#12241=CARTESIAN_POINT('',(-0.0255909473871622,-0.006,-0.0115486879415958));
#12242=CARTESIAN_POINT('',(-0.0266132220336967,-0.006,-0.0074862959492261));
#12243=CARTESIAN_POINT('',(-0.0264933892144585,-0.006,-0.00789926095432147));
#12244=CARTESIAN_POINT('',(-0.0264933892144585,-0.006,-0.00789926095432149));
#12245=CARTESIAN_POINT('',(-0.0263819197375775,-0.006,-0.00786691511022129));
#12246=CARTESIAN_POINT('',(-0.0259440242881347,-0.006,-0.0093759799695816));
#12247=CARTESIAN_POINT('',(-0.0244915495701864,-0.006,-0.00877652491028202));
#12248=CARTESIAN_POINT('',(-0.0248890283303456,-0.006,-0.00894056952379389));
#12249=CARTESIAN_POINT('',(-0.0244843458946174,-0.006,-0.00879520059240523));
#12250=CARTESIAN_POINT('',(-6.84003238402956E-13,-0.006,-2.50882235257614E-13));
#12251=CARTESIAN_POINT('',(-0.0244095430814803,-0.006,-0.00900071963241104));
#12252=CARTESIAN_POINT('',(-0.0248129891605278,-0.006,-0.00914948542586244));
#12253=CARTESIAN_POINT('',(-0.0244030569200488,-0.006,-0.00901965646832295));
#12254=CARTESIAN_POINT('',(-0.0259010393911856,-0.006,-0.00949408000332682));
#12255=CARTESIAN_POINT('',(-0.0252664785730882,-0.006,-0.0109315645223859));
#12256=CARTESIAN_POINT('',(-0.0255163476762532,-0.006,-0.0110418663311493));
#12257=CARTESIAN_POINT('',(-0.0253726606542427,-0.006,-0.0109784373668522));
#12258=CARTESIAN_POINT('',(-0.0251990091310139,-0.006,-0.0113718139656483));
#12259=CARTESIAN_POINT('',(0.,-0.006,0.));
#12260=CARTESIAN_POINT('',(0.,-0.006,0.));
#12261=CARTESIAN_POINT('',(-0.0252963521235825,-0.006,-0.0121804495230917));
#12262=CARTESIAN_POINT('',(-0.0231967547783027,-0.006,-0.0158170588005531));
#12263=CARTESIAN_POINT('',(-0.0249089257423614,-0.006,-0.0119938998001386));
#12264=CARTESIAN_POINT('',(-0.0247192028323353,-0.006,-0.0123797821881938));
#12265=CARTESIAN_POINT('',(-0.0247192028323353,-0.006,-0.0123797821881938));
#12266=CARTESIAN_POINT('',(-0.0246150436241617,-0.006,-0.0123285712786204));
#12267=CARTESIAN_POINT('',(-0.0239217544277326,-0.006,-0.0137386703051123));
#12268=CARTESIAN_POINT('',(-0.0225954403430834,-0.006,-0.0128961027272527));
#12269=CARTESIAN_POINT('',(-0.0229583944595535,-0.006,-0.013126676596842));
#12270=CARTESIAN_POINT('',(-0.0225851031093656,-0.006,-0.0129132437786653));
#12271=CARTESIAN_POINT('',(-6.30046449303198E-13,-0.006,-3.65846686241683E-13));
#12272=CARTESIAN_POINT('',(-0.0224757487122682,-0.006,-0.0131026511504691));
#12273=CARTESIAN_POINT('',(-0.0228472326299045,-0.006,-0.0133192145336565));
#12274=CARTESIAN_POINT('',(-0.0224660727431561,-0.006,-0.01312017398318));
#12275=CARTESIAN_POINT('',(-0.0238589147123124,-0.006,-0.0138475118849532));
#12276=CARTESIAN_POINT('',(-0.0229843777317333,-0.006,-0.0151529674544761));
#12277=CARTESIAN_POINT('',(-0.0232112970536833,-0.006,-0.0153049828453375));
#12278=CARTESIAN_POINT('',(-0.0230808072844617,-0.006,-0.0152175665200058));
#12279=CARTESIAN_POINT('',(-0.0228414847885458,-0.006,-0.0155748125737959));
#12280=CARTESIAN_POINT('',(0.,-0.006,0.));
#12281=CARTESIAN_POINT('',(0.,-0.006,0.));
#12282=CARTESIAN_POINT('',(-0.022796930831382,-0.006,-0.0163880665733956));
#12283=CARTESIAN_POINT('',(-0.0200977405136288,-0.006,-0.0196048363316736));
#12284=CARTESIAN_POINT('',(-0.022447784346869,-0.006,-0.01613707507483));
#12285=CARTESIAN_POINT('',(-0.0221939359806718,-0.006,-0.01648415000475));
#12286=CARTESIAN_POINT('',(-0.0221939359806718,-0.006,-0.01648415000475));
#12287=CARTESIAN_POINT('',(-0.0221002518660389,-0.006,-0.0164156300472766));
#12288=CARTESIAN_POINT('',(-0.0211726341640356,-0.006,-0.0176839180955248));
#12289=CARTESIAN_POINT('',(-0.0200127800950005,-0.006,-0.0166238389885985));
#12290=CARTESIAN_POINT('',(-0.0203301813906161,-0.006,-0.0169139362439139));
#12291=CARTESIAN_POINT('',(-0.0199996233947493,-0.006,-0.0166389245871273));
#12292=CARTESIAN_POINT('',(-5.56946017660249E-13,-0.006,-4.69695070791655E-13));
#12293=CARTESIAN_POINT('',(-0.0198590400917114,-0.006,-0.0168064652435816));
#12294=CARTESIAN_POINT('',(-0.0201872744970791,-0.006,-0.0170842460476932));
#12295=CARTESIAN_POINT('',(-0.0198464683143441,-0.006,-0.0168220416506865));
#12296=CARTESIAN_POINT('',(-0.021091848983099,-0.006,-0.0177801941251343));
#12297=CARTESIAN_POINT('',(-0.020003908203656,-0.006,-0.0189139551382335));
#12298=CARTESIAN_POINT('',(-0.0202009829156203,-0.006,-0.0191030652004651));
#12299=CARTESIAN_POINT('',(-0.0200876552647942,-0.006,-0.018994317614909));
#12300=CARTESIAN_POINT('',(-0.0197899334891267,-0.006,-0.019304578383124));
#12301=CARTESIAN_POINT('',(0.,-0.006,0.));
#12302=CARTESIAN_POINT('',(0.,-0.006,0.));
#12303=CARTESIAN_POINT('',(-0.0196048363316736,-0.006,-0.0200977405136287));
#12304=CARTESIAN_POINT('',(-0.0163880665733956,-0.006,-0.022796930831382));
#12305=CARTESIAN_POINT('',(-0.019304578383124,-0.006,-0.0197899334891267));
#12306=CARTESIAN_POINT('',(-0.018994317614909,-0.006,-0.0200876552647942));
#12307=CARTESIAN_POINT('',(-0.018994317614909,-0.006,-0.0200876552647942));
#12308=CARTESIAN_POINT('',(-0.0189139551382336,-0.006,-0.0200039082036561));
#12309=CARTESIAN_POINT('',(-0.0177801941251343,-0.006,-0.021091848983099));
#12310=CARTESIAN_POINT('',(-0.0168220416506863,-0.006,-0.0198464683143444));
#12311=CARTESIAN_POINT('',(-0.017084246047693,-0.006,-0.0201872744970793));
#12312=CARTESIAN_POINT('',(-0.0168064652435813,-0.006,-0.0198590400917116));
#12313=CARTESIAN_POINT('',(-4.66923063098977E-13,-0.006,-5.59272008292795E-13));
#12314=CARTESIAN_POINT('',(-0.0166389245871271,-0.006,-0.0199996233947495));
#12315=CARTESIAN_POINT('',(-0.0169139362439138,-0.006,-0.0203301813906163));
#12316=CARTESIAN_POINT('',(-0.0166238389885984,-0.006,-0.0200127800950007));
#12317=CARTESIAN_POINT('',(-0.0176839180955248,-0.006,-0.0211726341640356));
#12318=CARTESIAN_POINT('',(-0.0164156300472767,-0.006,-0.0221002518660389));
#12319=CARTESIAN_POINT('',(-0.0165768721338567,-0.006,-0.022320710586094));
#12320=CARTESIAN_POINT('',(-0.01648415000475,-0.006,-0.0221939359806718));
#12321=CARTESIAN_POINT('',(-0.01613707507483,-0.006,-0.022447784346869));
#12322=CARTESIAN_POINT('',(0.,-0.006,0.));
#12323=CARTESIAN_POINT('',(0.,-0.006,0.));
#12324=CARTESIAN_POINT('',(-0.0158170588005531,-0.006,-0.0231967547783027));
#12325=CARTESIAN_POINT('',(-0.0121804495230916,-0.006,-0.0252963521235826));
#12326=CARTESIAN_POINT('',(-0.0155748125737959,-0.006,-0.0228414847885458));
#12327=CARTESIAN_POINT('',(-0.0152175665200058,-0.006,-0.0230808072844617));
#12328=CARTESIAN_POINT('',(-0.0152175665200058,-0.006,-0.0230808072844617));
#12329=CARTESIAN_POINT('',(-0.015152967454476,-0.006,-0.0229843777317331));
#12330=CARTESIAN_POINT('',(-0.0138475118849531,-0.006,-0.0238589147123125));
#12331=CARTESIAN_POINT('',(-0.0131201739831797,-0.006,-0.0224660727431563));
#12332=CARTESIAN_POINT('',(-0.0133192145336563,-0.006,-0.0228472326299046));
#12333=CARTESIAN_POINT('',(-0.0131026511504688,-0.006,-0.0224757487122683));
#12334=CARTESIAN_POINT('',(-3.62712887539912E-13,-0.006,-6.31855748827251E-13));
#12335=CARTESIAN_POINT('',(-0.0129132437786651,-0.006,-0.0225851031093657));
#12336=CARTESIAN_POINT('',(-0.0131266765968418,-0.006,-0.0229583944595536));
#12337=CARTESIAN_POINT('',(-0.0128961027272524,-0.006,-0.0225954403430836));
#12338=CARTESIAN_POINT('',(-0.0137386703051123,-0.006,-0.0239217544277326));
#12339=CARTESIAN_POINT('',(-0.0123285712786203,-0.006,-0.0246150436241617));
#12340=CARTESIAN_POINT('',(-0.0124490814806079,-0.006,-0.024860152475389));
#12341=CARTESIAN_POINT('',(-0.0123797821881938,-0.006,-0.0247192028323353));
#12342=CARTESIAN_POINT('',(-0.0119938998001385,-0.006,-0.0249089257423614));
#12343=CARTESIAN_POINT('',(0.,-0.006,0.));
#12344=CARTESIAN_POINT('',(0.,-0.006,0.));
#12345=CARTESIAN_POINT('',(-0.0115486879415957,-0.006,-0.0255909473871622));
#12346=CARTESIAN_POINT('',(-0.00760273567763342,-0.006,-0.0270271565570799));
#12347=CARTESIAN_POINT('',(-0.0113718139656483,-0.006,-0.0251990091310139));
#12348=CARTESIAN_POINT('',(-0.0109784373668523,-0.006,-0.0253726606542428));
#12349=CARTESIAN_POINT('',(-0.0109784373668523,-0.006,-0.0253726606542427));
#12350=CARTESIAN_POINT('',(-0.0109315645223856,-0.006,-0.0252664785730877));
#12351=CARTESIAN_POINT('',(-0.0094940800033268,-0.006,-0.0259010393911856));
#12352=CARTESIAN_POINT('',(-0.00901965646832266,-0.006,-0.0244030569200488));
#12353=CARTESIAN_POINT('',(-0.00914948542586223,-0.006,-0.0248129891605278));
#12354=CARTESIAN_POINT('',(-0.00900071963241079,-0.006,-0.0244095430814804));
#12355=CARTESIAN_POINT('',(-2.47481864434525E-13,-0.006,-6.85240872168027E-13));
#12356=CARTESIAN_POINT('',(-0.00879520059240499,-0.006,-0.0244843458946175));
#12357=CARTESIAN_POINT('',(-0.00894056952379369,-0.006,-0.0248890283303457));
#12358=CARTESIAN_POINT('',(-0.00877652491028175,-0.006,-0.0244915495701865));
#12359=CARTESIAN_POINT('',(-0.00937597996958158,-0.006,-0.0259440242881347));
#12360=CARTESIAN_POINT('',(-0.00786691511022125,-0.006,-0.0263819197375775));
#12361=CARTESIAN_POINT('',(-0.00794303178611002,-0.006,-0.0266442312115634));
#12362=CARTESIAN_POINT('',(-0.00789926095432146,-0.006,-0.0264933892144585));
#12363=CARTESIAN_POINT('',(-0.00748629594922608,-0.006,-0.0266132220336967));
#12364=CARTESIAN_POINT('',(0.,-0.006,0.));
#12365=CARTESIAN_POINT('',(0.,-0.006,0.));
#12366=CARTESIAN_POINT('',(-0.00692941604345107,-0.006,-0.0272075720093071));
#12367=CARTESIAN_POINT('',(-0.00279401655578019,-0.006,-0.0279367545149914));
#12368=CARTESIAN_POINT('',(-0.00682328854457002,-0.006,-0.0267908743323502));
#12369=CARTESIAN_POINT('',(-0.00640573394966435,-0.006,-0.0268935785692305));
#12370=CARTESIAN_POINT('',(-0.00640573394966436,-0.006,-0.0268935785692305));
#12371=CARTESIAN_POINT('',(-0.00637801153392149,-0.006,-0.0267808702484549));
#12372=CARTESIAN_POINT('',(-0.00485217530503564,-0.006,-0.0271561740947159));
#12373=CARTESIAN_POINT('',(-0.00464508125584201,-0.006,-0.0255985665609683));
#12374=CARTESIAN_POINT('',(-0.00470175383326637,-0.006,-0.0260248155714869));
#12375=CARTESIAN_POINT('',(-0.00462530580290583,-0.006,-0.0256016658359865));
#12376=CARTESIAN_POINT('',(-1.2473123011016E-13,-0.006,-7.1780529835659E-13));
#12377=CARTESIAN_POINT('',(-0.00440991968673087,-0.006,-0.0256396442195381));
#12378=CARTESIAN_POINT('',(-0.00448280776991155,-0.006,-0.0260634216697762));
#12379=CARTESIAN_POINT('',(-0.00439027682504805,-0.006,-0.0256434954569212));
#12380=CARTESIAN_POINT('',(-0.00472840522714993,-0.006,-0.0271779980988515));
#12381=CARTESIAN_POINT('',(-0.00316622670704923,-0.006,-0.0273471945696625));
#12382=CARTESIAN_POINT('',(-0.00319563709015922,-0.006,-0.027618738465006));
#12383=CARTESIAN_POINT('',(-0.00317872467357096,-0.006,-0.0274625873716022));
#12384=CARTESIAN_POINT('',(-0.00275122478414489,-0.006,-0.0275088890404783));
#12385=CARTESIAN_POINT('',(0.,-0.006,0.));
#12386=CARTESIAN_POINT('',(0.,-0.006,0.));
#12387=CARTESIAN_POINT('',(-0.00209959734527985,-0.006,-0.0279975083236448));
#12388=CARTESIAN_POINT('',(0.00209959734527985,-0.006,-0.0279975083236448));
#12389=CARTESIAN_POINT('',(-0.0020674409538156,-0.006,-0.0275687123739344));
#12390=CARTESIAN_POINT('',(-0.00163839554787369,-0.006,-0.0275973487081995));
#12391=CARTESIAN_POINT('',(-0.00163839554787369,-0.006,-0.0275973487081995));
#12392=CARTESIAN_POINT('',(-0.00163066589242847,-0.006,-0.0274815387330964));
#12393=CARTESIAN_POINT('',(-6.28397154201559E-5,-0.006,-0.0275861821900655));
#12394=CARTESIAN_POINT('',(-0.000129367599927145,-0.006,-0.0260162767104324));
#12395=CARTESIAN_POINT('',(-0.00011116182964895,-0.006,-0.0264458911304983));
#12396=CARTESIAN_POINT('',(-0.000109354397097255,-0.006,-0.0260158949291341));
#12397=CARTESIAN_POINT('',(1.80929952405342E-15,-0.006,-7.28559573781595E-13));
#12398=CARTESIAN_POINT('',(0.000109354397097512,-0.006,-0.0260158949291342));
#12399=CARTESIAN_POINT('',(0.000111161829649153,-0.006,-0.0264458911304983));
#12400=CARTESIAN_POINT('',(0.00012936759992742,-0.006,-0.0260162767104325));
#12401=CARTESIAN_POINT('',(6.28397154201624E-5,-0.006,-0.0275861821900655));
#12402=CARTESIAN_POINT('',(0.00163066589242847,-0.006,-0.0274815387330964));
#12403=CARTESIAN_POINT('',(0.00164885542170567,-0.006,-0.0277540643259454));
#12404=CARTESIAN_POINT('',(0.0016383955478737,-0.006,-0.0275973487081995));
#12405=CARTESIAN_POINT('',(0.00206744095381561,-0.006,-0.0275687123739344));
#12406=CARTESIAN_POINT('',(0.,0.,0.));
#12407=CARTESIAN_POINT('',(0.,6.93889390390722E-18,0.));
#12408=CARTESIAN_POINT('',(0.00279401655578018,3.41548415599296E-18,0.0279367545149914));
#12409=CARTESIAN_POINT('',(0.00692941604345108,4.33680868994201E-18,0.0272075720093071));
#12410=CARTESIAN_POINT('',(0.0027512247841449,0.,0.0275088890404783));
#12411=CARTESIAN_POINT('',(0.00317872467357097,0.,0.0274625873716022));
#12412=CARTESIAN_POINT('',(0.00317872467357096,0.,0.0274625873716022));
#12413=CARTESIAN_POINT('',(0.00316622670704923,0.,0.0273471945696625));
#12414=CARTESIAN_POINT('',(0.00472840522714994,0.,0.0271779980988515));
#12415=CARTESIAN_POINT('',(0.00439027682504806,0.,0.0256434954569212));
#12416=CARTESIAN_POINT('',(0.00448280776991156,0.,0.0260634216697762));
#12417=CARTESIAN_POINT('',(0.00440991968673089,0.,0.0256396442195381));
#12418=CARTESIAN_POINT('',(1.2473123011016E-13,0.,7.1780529835659E-13));
#12419=CARTESIAN_POINT('',(0.00462530580290583,0.,0.0256016658359865));
#12420=CARTESIAN_POINT('',(0.00470175383326637,0.,0.0260248155714869));
#12421=CARTESIAN_POINT('',(0.00464508125584201,0.,0.0255985665609683));
#12422=CARTESIAN_POINT('',(0.00485217530503565,0.,0.0271561740947159));
#12423=CARTESIAN_POINT('',(0.00637801153392148,0.,0.0267808702484548));
#12424=CARTESIAN_POINT('',(0.00644324829594313,0.,0.0270460969865751));
#12425=CARTESIAN_POINT('',(0.00640573394966438,8.67361737988404E-19,0.0268935785692305));
#12426=CARTESIAN_POINT('',(0.00682328854457003,1.7347234759768E-18,0.0267908743323502));
#12427=CARTESIAN_POINT('',(0.,0.,0.));
#12428=CARTESIAN_POINT('',(0.,6.93889390390722E-18,0.));
#12429=CARTESIAN_POINT('',(0.00760273567763342,8.13398942027748E-19,0.0270271565570799));
#12430=CARTESIAN_POINT('',(0.0115486879415958,4.33680868994201E-18,0.0255909473871622));
#12431=CARTESIAN_POINT('',(0.00748629594922608,0.,0.0266132220336967));
#12432=CARTESIAN_POINT('',(0.00789926095432146,-6.93889390390723E-18,0.0264933892144585));
#12433=CARTESIAN_POINT('',(0.00789926095432146,0.,0.0264933892144585));
#12434=CARTESIAN_POINT('',(0.00786691511022127,0.,0.0263819197375775));
#12435=CARTESIAN_POINT('',(0.00937597996958158,0.,0.0259440242881347));
#12436=CARTESIAN_POINT('',(0.00877652491028175,0.,0.0244915495701865));
#12437=CARTESIAN_POINT('',(0.00894056952379369,0.,0.0248890283303457));
#12438=CARTESIAN_POINT('',(0.00879520059240499,0.,0.0244843458946175));
#12439=CARTESIAN_POINT('',(2.47481864434525E-13,0.,6.85240872168027E-13));
#12440=CARTESIAN_POINT('',(0.00900071963241079,0.,0.0244095430814804));
#12441=CARTESIAN_POINT('',(0.00914948542586223,0.,0.0248129891605278));
#12442=CARTESIAN_POINT('',(0.00901965646832267,0.,0.0244030569200488));
#12443=CARTESIAN_POINT('',(0.0094940800033268,0.,0.0259010393911856));
#12444=CARTESIAN_POINT('',(0.0109315645223858,0.,0.0252664785730882));
#12445=CARTESIAN_POINT('',(0.0110418663311493,0.,0.0255163476762532));
#12446=CARTESIAN_POINT('',(0.0109784373668522,8.67361737988404E-19,0.0253726606542427));
#12447=CARTESIAN_POINT('',(0.0113718139656483,1.7347234759768E-18,0.0251990091310139));
#12448=CARTESIAN_POINT('',(0.,0.,0.));
#12449=CARTESIAN_POINT('',(0.,6.93889390390722E-18,0.));
#12450=CARTESIAN_POINT('',(0.0121804495230917,3.41548415599296E-18,0.0252963521235826));
#12451=CARTESIAN_POINT('',(0.0158170588005531,3.42897485498312E-18,0.0231967547783027));
#12452=CARTESIAN_POINT('',(0.0119938998001386,0.,0.0249089257423614));
#12453=CARTESIAN_POINT('',(0.0123797821881938,0.,0.0247192028323353));
#12454=CARTESIAN_POINT('',(0.0123797821881938,0.,0.0247192028323353));
#12455=CARTESIAN_POINT('',(0.0123285712786203,0.,0.0246150436241617));
#12456=CARTESIAN_POINT('',(0.0137386703051123,0.,0.0239217544277326));
#12457=CARTESIAN_POINT('',(0.0128961027272524,0.,0.0225954403430836));
#12458=CARTESIAN_POINT('',(0.0131266765968418,0.,0.0229583944595536));
#12459=CARTESIAN_POINT('',(0.0129132437786651,0.,0.0225851031093657));
#12460=CARTESIAN_POINT('',(3.62712887539913E-13,0.,6.31855748827251E-13));
#12461=CARTESIAN_POINT('',(0.0131026511504688,0.,0.0224757487122683));
#12462=CARTESIAN_POINT('',(0.0133192145336563,0.,0.0228472326299046));
#12463=CARTESIAN_POINT('',(0.0131201739831797,0.,0.0224660727431564));
#12464=CARTESIAN_POINT('',(0.0138475118849532,0.,0.0238589147123125));
#12465=CARTESIAN_POINT('',(0.0151529674544761,0.,0.0229843777317333));
#12466=CARTESIAN_POINT('',(0.0153049828453375,0.,0.0232112970536833));
#12467=CARTESIAN_POINT('',(0.0152175665200058,8.67361737988404E-19,0.0230808072844617));
#12468=CARTESIAN_POINT('',(0.0155748125737959,1.7347234759768E-18,0.0228414847885458));
#12469=CARTESIAN_POINT('',(0.,0.,0.));
#12470=CARTESIAN_POINT('',(0.,3.46944695195361E-18,0.));
#12471=CARTESIAN_POINT('',(0.0163880665733956,1.70774207799648E-18,0.022796930831382));
#12472=CARTESIAN_POINT('',(0.0196048363316736,3.45595625296344E-18,0.0200977405136288));
#12473=CARTESIAN_POINT('',(0.01613707507483,0.,0.022447784346869));
#12474=CARTESIAN_POINT('',(0.01648415000475,-6.93889390390723E-18,0.0221939359806718));
#12475=CARTESIAN_POINT('',(0.01648415000475,0.,0.0221939359806718));
#12476=CARTESIAN_POINT('',(0.0164156300472766,0.,0.0221002518660389));
#12477=CARTESIAN_POINT('',(0.0176839180955248,0.,0.0211726341640356));
#12478=CARTESIAN_POINT('',(0.0166238389885984,0.,0.0200127800950007));
#12479=CARTESIAN_POINT('',(0.0169139362439138,0.,0.0203301813906163));
#12480=CARTESIAN_POINT('',(0.0166389245871271,0.,0.0199996233947495));
#12481=CARTESIAN_POINT('',(4.66923063098977E-13,0.,5.59272008292795E-13));
#12482=CARTESIAN_POINT('',(0.0168064652435813,0.,0.0198590400917116));
#12483=CARTESIAN_POINT('',(0.017084246047693,0.,0.0201872744970793));
#12484=CARTESIAN_POINT('',(0.0168220416506862,0.,0.0198464683143443));
#12485=CARTESIAN_POINT('',(0.0177801941251343,0.,0.021091848983099));
#12486=CARTESIAN_POINT('',(0.0189139551382335,-6.93889390390723E-18,0.020003908203656));
#12487=CARTESIAN_POINT('',(0.0191030652004651,-1.38777878078145E-17,0.0202009829156203));
#12488=CARTESIAN_POINT('',(0.018994317614909,-6.07153216591882E-18,0.0200876552647942));
#12489=CARTESIAN_POINT('',(0.019304578383124,1.7347234759768E-18,0.0197899334891267));
#12490=CARTESIAN_POINT('',(0.,0.,0.));
#12491=CARTESIAN_POINT('',(0.,6.93889390390722E-18,0.));
#12492=CARTESIAN_POINT('',(0.0200977405136287,3.41548415599296E-18,0.0196048363316736));
#12493=CARTESIAN_POINT('',(0.022796930831382,4.29633659297151E-18,0.0163880665733956));
#12494=CARTESIAN_POINT('',(0.0197899334891267,0.,0.019304578383124));
#12495=CARTESIAN_POINT('',(0.0200876552647942,-6.93889390390723E-18,0.018994317614909));
#12496=CARTESIAN_POINT('',(0.0200876552647942,0.,0.018994317614909));
#12497=CARTESIAN_POINT('',(0.0200039082036561,0.,0.0189139551382337));
#12498=CARTESIAN_POINT('',(0.021091848983099,0.,0.0177801941251343));
#12499=CARTESIAN_POINT('',(0.0198464683143442,0.,0.0168220416506865));
#12500=CARTESIAN_POINT('',(0.0201872744970792,0.,0.0170842460476931));
#12501=CARTESIAN_POINT('',(0.0198590400917114,0.,0.0168064652435815));
#12502=CARTESIAN_POINT('',(5.56946017660249E-13,0.,4.69695070791654E-13));
#12503=CARTESIAN_POINT('',(0.0199996233947493,0.,0.0166389245871273));
#12504=CARTESIAN_POINT('',(0.0203301813906161,0.,0.0169139362439139));
#12505=CARTESIAN_POINT('',(0.0200127800950005,0.,0.0166238389885985));
#12506=CARTESIAN_POINT('',(0.0211726341640356,0.,0.0176839180955248));
#12507=CARTESIAN_POINT('',(0.0221002518660389,0.,0.0164156300472766));
#12508=CARTESIAN_POINT('',(0.022320710586094,-1.38777878078145E-17,0.0165768721338567));
#12509=CARTESIAN_POINT('',(0.0221939359806718,8.67361737988404E-19,0.01648415000475));
#12510=CARTESIAN_POINT('',(0.022447784346869,1.7347234759768E-18,0.01613707507483));
#12511=CARTESIAN_POINT('',(0.,0.,0.));
#12512=CARTESIAN_POINT('',(0.,5.20417042793042E-18,0.));
#12513=CARTESIAN_POINT('',(0.0231967547783027,8.26889641017912E-19,0.0158170588005531));
#12514=CARTESIAN_POINT('',(0.0252963521235825,3.46944695195361E-18,0.0121804495230917));
#12515=CARTESIAN_POINT('',(0.0228414847885458,0.,0.0155748125737959));
#12516=CARTESIAN_POINT('',(0.0230808072844617,0.,0.0152175665200058));
#12517=CARTESIAN_POINT('',(0.0230808072844617,0.,0.0152175665200058));
#12518=CARTESIAN_POINT('',(0.0229843777317332,-3.46944695195361E-18,0.015152967454476));
#12519=CARTESIAN_POINT('',(0.0238589147123125,0.,0.0138475118849532));
#12520=CARTESIAN_POINT('',(0.0224660727431562,0.,0.01312017398318));
#12521=CARTESIAN_POINT('',(0.0228472326299045,0.,0.0133192145336565));
#12522=CARTESIAN_POINT('',(0.0224757487122682,0.,0.0131026511504691));
#12523=CARTESIAN_POINT('',(6.30046449303198E-13,0.,3.65846686241683E-13));
#12524=CARTESIAN_POINT('',(0.0225851031093656,0.,0.0129132437786653));
#12525=CARTESIAN_POINT('',(0.0229583944595535,0.,0.013126676596842));
#12526=CARTESIAN_POINT('',(0.0225954403430834,0.,0.0128961027272527));
#12527=CARTESIAN_POINT('',(0.0239217544277326,0.,0.0137386703051123));
#12528=CARTESIAN_POINT('',(0.0246150436241617,0.,0.0123285712786204));
#12529=CARTESIAN_POINT('',(0.0248601524753889,0.,0.0124490814806079));
#12530=CARTESIAN_POINT('',(0.0247192028323353,8.67361737988404E-19,0.0123797821881939));
#12531=CARTESIAN_POINT('',(0.0249089257423614,1.7347234759768E-18,0.0119938998001386));
#12532=CARTESIAN_POINT('',(0.,0.,0.));
#12533=CARTESIAN_POINT('',(0.,5.20417042793042E-18,0.));
#12534=CARTESIAN_POINT('',(0.0255909473871622,2.56161311699471E-18,0.0115486879415957));
#12535=CARTESIAN_POINT('',(0.0270271565570799,3.44246555397328E-18,0.00760273567763343));
#12536=CARTESIAN_POINT('',(0.0251990091310139,0.,0.0113718139656483));
#12537=CARTESIAN_POINT('',(0.0253726606542428,0.,0.0109784373668523));
#12538=CARTESIAN_POINT('',(0.0253726606542427,0.,0.0109784373668523));
#12539=CARTESIAN_POINT('',(0.0252664785730877,0.,0.0109315645223856));
#12540=CARTESIAN_POINT('',(0.0259010393911856,0.,0.0094940800033268));
#12541=CARTESIAN_POINT('',(0.0244030569200487,0.,0.00901965646832293));
#12542=CARTESIAN_POINT('',(0.0248129891605278,0.,0.00914948542586243));
#12543=CARTESIAN_POINT('',(0.0244095430814803,0.,0.00900071963241104));
#12544=CARTESIAN_POINT('',(6.84003238402956E-13,0.,2.50882235257614E-13));
#12545=CARTESIAN_POINT('',(0.0244843458946174,0.,0.00879520059240523));
#12546=CARTESIAN_POINT('',(0.0248890283303456,0.,0.00894056952379388));
#12547=CARTESIAN_POINT('',(0.0244915495701864,0.,0.00877652491028202));
#12548=CARTESIAN_POINT('',(0.0259440242881347,0.,0.00937597996958158));
#12549=CARTESIAN_POINT('',(0.0263819197375775,0.,0.00786691511022125));
#12550=CARTESIAN_POINT('',(0.0266442312115634,-1.38777878078145E-17,0.00794303178611002));
#12551=CARTESIAN_POINT('',(0.0264933892144585,8.67361737988404E-19,0.00789926095432146));
#12552=CARTESIAN_POINT('',(0.0266132220336967,1.7347234759768E-18,0.00748629594922608));
#12553=CARTESIAN_POINT('',(0.,0.,0.));
#12554=CARTESIAN_POINT('',(0.,6.93889390390722E-18,0.));
#12555=CARTESIAN_POINT('',(0.0272075720093071,3.41548415599296E-18,0.00692941604345108));
#12556=CARTESIAN_POINT('',(0.0279367545149914,4.29633659297152E-18,0.00279401655578018));
#12557=CARTESIAN_POINT('',(0.0267908743323502,0.,0.00682328854457003));
#12558=CARTESIAN_POINT('',(0.0268935785692305,0.,0.00640573394966436));
#12559=CARTESIAN_POINT('',(0.0268935785692305,0.,0.00640573394966437));
#12560=CARTESIAN_POINT('',(0.0267808702484549,3.46944695195361E-18,0.0063780115339215));
#12561=CARTESIAN_POINT('',(0.0271561740947159,0.,0.00485217530503565));
#12562=CARTESIAN_POINT('',(0.0255985665609682,0.,0.00464508125584229));
#12563=CARTESIAN_POINT('',(0.0260248155714868,0.,0.00470175383326657));
#12564=CARTESIAN_POINT('',(0.0256016658359864,0.,0.00462530580290608));
#12565=CARTESIAN_POINT('',(7.17176935226179E-13,0.,1.28294854507779E-13));
#12566=CARTESIAN_POINT('',(0.0256396442195381,0.,0.00440991968673113));
#12567=CARTESIAN_POINT('',(0.0260634216697762,0.,0.00448280776991175));
#12568=CARTESIAN_POINT('',(0.0256434954569212,0.,0.00439027682504832));
#12569=CARTESIAN_POINT('',(0.0271779980988515,0.,0.00472840522714994));
#12570=CARTESIAN_POINT('',(0.0273471945696625,0.,0.00316622670704923));
#12571=CARTESIAN_POINT('',(0.027618738465006,0.,0.00319563709015923));
#12572=CARTESIAN_POINT('',(0.0274625873716022,8.67361737988404E-19,0.00317872467357097));
#12573=CARTESIAN_POINT('',(0.0275088890404783,1.7347234759768E-18,0.0027512247841449));
#12574=CARTESIAN_POINT('',(0.,0.,0.));
#12575=CARTESIAN_POINT('',(0.,3.46944695195361E-18,0.));
#12576=CARTESIAN_POINT('',(0.0279975083236448,1.70774207799648E-18,0.00209959734527985));
#12577=CARTESIAN_POINT('',(0.0279975083236448,3.46944695195361E-18,-0.00209959734527985));
#12578=CARTESIAN_POINT('',(0.0275687123739344,0.,0.00206744095381561));
#12579=CARTESIAN_POINT('',(0.0275973487081995,0.,0.0016383955478737));
#12580=CARTESIAN_POINT('',(0.0275973487081995,0.,0.0016383955478737));
#12581=CARTESIAN_POINT('',(0.0274815387330964,-3.46944695195361E-18,0.00163066589242847));
#12582=CARTESIAN_POINT('',(0.0275861821900655,0.,6.28397154201607E-5));
#12583=CARTESIAN_POINT('',(0.0260162767104324,0.,0.00012936759992742));
#12584=CARTESIAN_POINT('',(0.0264458911304983,0.,0.000111161829649152));
#12585=CARTESIAN_POINT('',(0.0260158949291342,0.,0.000109354397097511));
#12586=CARTESIAN_POINT('',(7.28559573781595E-13,0.,1.80929952405338E-15));
#12587=CARTESIAN_POINT('',(0.0260158949291341,0.,-0.000109354397097256));
#12588=CARTESIAN_POINT('',(0.0264458911304983,0.,-0.000111161829648951));
#12589=CARTESIAN_POINT('',(0.0260162767104325,0.,-0.000129367599927144));
#12590=CARTESIAN_POINT('',(0.0275861821900655,0.,-6.28397154201576E-5));
#12591=CARTESIAN_POINT('',(0.0274815387330964,0.,-0.00163066589242846));
#12592=CARTESIAN_POINT('',(0.0277540643259454,0.,-0.00164885542170566));
#12593=CARTESIAN_POINT('',(0.0275973487081995,8.67361737988404E-19,-0.00163839554787369));
#12594=CARTESIAN_POINT('',(0.0275687123739344,1.7347234759768E-18,-0.0020674409538156));
#12595=CARTESIAN_POINT('',(0.,0.,0.));
#12596=CARTESIAN_POINT('',(0.,6.93889390390722E-18,0.));
#12597=CARTESIAN_POINT('',(0.0279367545149914,3.41548415599296E-18,-0.00279401655578017));
#12598=CARTESIAN_POINT('',(0.0272075720093071,3.46944695195361E-18,-0.00692941604345108));
#12599=CARTESIAN_POINT('',(0.0275088890404783,0.,-0.0027512247841449));
#12600=CARTESIAN_POINT('',(0.0274625873716022,0.,-0.00317872467357097));
#12601=CARTESIAN_POINT('',(0.0274625873716022,0.,-0.00317872467357096));
#12602=CARTESIAN_POINT('',(0.0273471945696625,0.,-0.00316622670704923));
#12603=CARTESIAN_POINT('',(0.0271779980988515,0.,-0.00472840522714994));
#12604=CARTESIAN_POINT('',(0.0256434954569212,0.,-0.00439027682504806));
#12605=CARTESIAN_POINT('',(0.0260634216697762,0.,-0.00448280776991156));
#12606=CARTESIAN_POINT('',(0.0256396442195381,0.,-0.00440991968673089));
#12607=CARTESIAN_POINT('',(7.1780529835659E-13,0.,-1.2473123011016E-13));
#12608=CARTESIAN_POINT('',(0.0256016658359865,0.,-0.00462530580290583));
#12609=CARTESIAN_POINT('',(0.0260248155714869,0.,-0.00470175383326637));
#12610=CARTESIAN_POINT('',(0.0255985665609683,0.,-0.00464508125584201));
#12611=CARTESIAN_POINT('',(0.0271561740947159,0.,-0.00485217530503564));
#12612=CARTESIAN_POINT('',(0.0267808702484548,0.,-0.00637801153392148));
#12613=CARTESIAN_POINT('',(0.0270460969865751,0.,-0.00644324829594313));
#12614=CARTESIAN_POINT('',(0.0268935785692305,8.67361737988404E-19,-0.00640573394966438));
#12615=CARTESIAN_POINT('',(0.0267908743323502,1.7347234759768E-18,-0.00682328854457003));
#12616=CARTESIAN_POINT('',(0.,0.,0.));
#12617=CARTESIAN_POINT('',(0.,3.46944695195361E-18,0.));
#12618=CARTESIAN_POINT('',(0.0270271565570799,1.70774207799648E-18,-0.00760273567763341));
#12619=CARTESIAN_POINT('',(0.0255909473871622,3.45595625296344E-18,-0.0115486879415958));
#12620=CARTESIAN_POINT('',(0.0266132220336967,0.,-0.00748629594922608));
#12621=CARTESIAN_POINT('',(0.0264933892144585,-6.93889390390723E-18,-0.00789926095432146));
#12622=CARTESIAN_POINT('',(0.0264933892144585,0.,-0.00789926095432146));
#12623=CARTESIAN_POINT('',(0.0263819197375775,0.,-0.00786691511022127));
#12624=CARTESIAN_POINT('',(0.0259440242881347,0.,-0.00937597996958158));
#12625=CARTESIAN_POINT('',(0.0244915495701865,0.,-0.00877652491028175));
#12626=CARTESIAN_POINT('',(0.0248890283303457,0.,-0.00894056952379369));
#12627=CARTESIAN_POINT('',(0.0244843458946175,0.,-0.00879520059240499));
#12628=CARTESIAN_POINT('',(6.85240872168027E-13,0.,-2.47481864434525E-13));
#12629=CARTESIAN_POINT('',(0.0244095430814804,0.,-0.00900071963241079));
#12630=CARTESIAN_POINT('',(0.0248129891605278,0.,-0.00914948542586223));
#12631=CARTESIAN_POINT('',(0.0244030569200488,0.,-0.00901965646832267));
#12632=CARTESIAN_POINT('',(0.0259010393911856,0.,-0.0094940800033268));
#12633=CARTESIAN_POINT('',(0.0252664785730882,0.,-0.0109315645223858));
#12634=CARTESIAN_POINT('',(0.0255163476762532,0.,-0.0110418663311493));
#12635=CARTESIAN_POINT('',(0.0253726606542427,8.67361737988404E-19,-0.0109784373668522));
#12636=CARTESIAN_POINT('',(0.0251990091310139,1.7347234759768E-18,-0.0113718139656483));
#12637=CARTESIAN_POINT('',(0.,0.,0.));
#12638=CARTESIAN_POINT('',(0.,5.20417042793042E-18,0.));
#12639=CARTESIAN_POINT('',(0.0252963521235826,8.26889641017912E-19,-0.0121804495230916));
#12640=CARTESIAN_POINT('',(0.0231967547783027,3.46944695195361E-18,-0.0158170588005531));
#12641=CARTESIAN_POINT('',(0.0249089257423614,0.,-0.0119938998001385));
#12642=CARTESIAN_POINT('',(0.0247192028323354,0.,-0.0123797821881938));
#12643=CARTESIAN_POINT('',(0.0247192028323353,0.,-0.0123797821881938));
#12644=CARTESIAN_POINT('',(0.0246150436241615,0.,-0.0123285712786202));
#12645=CARTESIAN_POINT('',(0.0239217544277326,0.,-0.0137386703051123));
#12646=CARTESIAN_POINT('',(0.0225954403430836,0.,-0.0128961027272524));
#12647=CARTESIAN_POINT('',(0.0229583944595536,0.,-0.0131266765968418));
#12648=CARTESIAN_POINT('',(0.0225851031093657,0.,-0.0129132437786651));
#12649=CARTESIAN_POINT('',(6.31855748827251E-13,0.,-3.62712887539913E-13));
#12650=CARTESIAN_POINT('',(0.0224757487122683,0.,-0.0131026511504688));
#12651=CARTESIAN_POINT('',(0.0228472326299046,0.,-0.0133192145336563));
#12652=CARTESIAN_POINT('',(0.0224660727431563,0.,-0.0131201739831797));
#12653=CARTESIAN_POINT('',(0.0238589147123125,0.,-0.0138475118849531));
#12654=CARTESIAN_POINT('',(0.0229843777317333,0.,-0.0151529674544761));
#12655=CARTESIAN_POINT('',(0.0232112970536833,0.,-0.0153049828453375));
#12656=CARTESIAN_POINT('',(0.0230808072844617,8.67361737988404E-19,-0.0152175665200058));
#12657=CARTESIAN_POINT('',(0.0228414847885458,1.7347234759768E-18,-0.0155748125737959));
#12658=CARTESIAN_POINT('',(0.,0.,0.));
#12659=CARTESIAN_POINT('',(0.,5.20417042793042E-18,0.));
#12660=CARTESIAN_POINT('',(0.022796930831382,8.26889641017912E-19,-0.0163880665733956));
#12661=CARTESIAN_POINT('',(0.0200977405136288,3.44246555397328E-18,-0.0196048363316736));
#12662=CARTESIAN_POINT('',(0.022447784346869,0.,-0.01613707507483));
#12663=CARTESIAN_POINT('',(0.0221939359806718,-6.93889390390723E-18,-0.01648415000475));
#12664=CARTESIAN_POINT('',(0.0221939359806718,0.,-0.01648415000475));
#12665=CARTESIAN_POINT('',(0.0221002518660389,0.,-0.0164156300472766));
#12666=CARTESIAN_POINT('',(0.0211726341640356,0.,-0.0176839180955248));
#12667=CARTESIAN_POINT('',(0.0200127800950007,0.,-0.0166238389885984));
#12668=CARTESIAN_POINT('',(0.0203301813906163,0.,-0.0169139362439138));
#12669=CARTESIAN_POINT('',(0.0199996233947495,0.,-0.0166389245871271));
#12670=CARTESIAN_POINT('',(5.59272008292795E-13,0.,-4.66923063098977E-13));
#12671=CARTESIAN_POINT('',(0.0198590400917116,0.,-0.0168064652435813));
#12672=CARTESIAN_POINT('',(0.0201872744970793,0.,-0.017084246047693));
#12673=CARTESIAN_POINT('',(0.0198464683143443,0.,-0.0168220416506862));
#12674=CARTESIAN_POINT('',(0.021091848983099,0.,-0.0177801941251343));
#12675=CARTESIAN_POINT('',(0.020003908203656,-6.93889390390723E-18,-0.0189139551382335));
#12676=CARTESIAN_POINT('',(0.0202009829156203,-1.38777878078145E-17,-0.0191030652004651));
#12677=CARTESIAN_POINT('',(0.0200876552647942,-6.07153216591882E-18,-0.018994317614909));
#12678=CARTESIAN_POINT('',(0.0197899334891267,1.7347234759768E-18,-0.019304578383124));
#12679=CARTESIAN_POINT('',(0.,0.,0.));
#12680=CARTESIAN_POINT('',(0.,5.20417042793042E-18,0.));
#12681=CARTESIAN_POINT('',(0.0196048363316736,2.56161311699471E-18,-0.0200977405136287));
#12682=CARTESIAN_POINT('',(0.0163880665733956,3.44246555397328E-18,-0.022796930831382));
#12683=CARTESIAN_POINT('',(0.019304578383124,0.,-0.0197899334891267));
#12684=CARTESIAN_POINT('',(0.018994317614909,0.,-0.0200876552647942));
#12685=CARTESIAN_POINT('',(0.018994317614909,0.,-0.0200876552647942));
#12686=CARTESIAN_POINT('',(0.0189139551382337,0.,-0.0200039082036561));
#12687=CARTESIAN_POINT('',(0.0177801941251343,0.,-0.021091848983099));
#12688=CARTESIAN_POINT('',(0.0168220416506865,0.,-0.0198464683143442));
#12689=CARTESIAN_POINT('',(0.0170842460476932,0.,-0.0201872744970791));
#12690=CARTESIAN_POINT('',(0.0168064652435816,0.,-0.0198590400917114));
#12691=CARTESIAN_POINT('',(4.69695070791655E-13,0.,-5.56946017660249E-13));
#12692=CARTESIAN_POINT('',(0.0166389245871273,0.,-0.0199996233947493));
#12693=CARTESIAN_POINT('',(0.0169139362439139,0.,-0.0203301813906161));
#12694=CARTESIAN_POINT('',(0.0166238389885985,0.,-0.0200127800950005));
#12695=CARTESIAN_POINT('',(0.0176839180955248,0.,-0.0211726341640356));
#12696=CARTESIAN_POINT('',(0.0164156300472766,0.,-0.0221002518660389));
#12697=CARTESIAN_POINT('',(0.0165768721338567,-1.38777878078145E-17,-0.022320710586094));
#12698=CARTESIAN_POINT('',(0.01648415000475,8.67361737988404E-19,-0.0221939359806718));
#12699=CARTESIAN_POINT('',(0.01613707507483,1.7347234759768E-18,-0.022447784346869));
#12700=CARTESIAN_POINT('',(0.,0.,0.));
#12701=CARTESIAN_POINT('',(0.,5.20417042793042E-18,0.));
#12702=CARTESIAN_POINT('',(0.0158170588005531,2.56161311699471E-18,-0.0231967547783027));
#12703=CARTESIAN_POINT('',(0.0121804495230917,3.46944695195361E-18,-0.0252963521235826));
#12704=CARTESIAN_POINT('',(0.0155748125737959,0.,-0.0228414847885458));
#12705=CARTESIAN_POINT('',(0.0152175665200058,0.,-0.0230808072844617));
#12706=CARTESIAN_POINT('',(0.0152175665200058,0.,-0.0230808072844617));
#12707=CARTESIAN_POINT('',(0.015152967454476,-3.46944695195361E-18,-0.0229843777317332));
#12708=CARTESIAN_POINT('',(0.0138475118849532,0.,-0.0238589147123125));
#12709=CARTESIAN_POINT('',(0.01312017398318,0.,-0.0224660727431562));
#12710=CARTESIAN_POINT('',(0.0133192145336565,0.,-0.0228472326299045));
#12711=CARTESIAN_POINT('',(0.0131026511504691,0.,-0.0224757487122682));
#12712=CARTESIAN_POINT('',(3.65846686241683E-13,0.,-6.30046449303198E-13));
#12713=CARTESIAN_POINT('',(0.0129132437786653,0.,-0.0225851031093656));
#12714=CARTESIAN_POINT('',(0.013126676596842,0.,-0.0229583944595535));
#12715=CARTESIAN_POINT('',(0.0128961027272527,0.,-0.0225954403430834));
#12716=CARTESIAN_POINT('',(0.0137386703051123,0.,-0.0239217544277326));
#12717=CARTESIAN_POINT('',(0.0123285712786204,0.,-0.0246150436241617));
#12718=CARTESIAN_POINT('',(0.0124490814806079,0.,-0.0248601524753889));
#12719=CARTESIAN_POINT('',(0.0123797821881939,8.67361737988404E-19,-0.0247192028323353));
#12720=CARTESIAN_POINT('',(0.0119938998001386,1.7347234759768E-18,-0.0249089257423614));
#12721=CARTESIAN_POINT('',(0.,0.,0.));
#12722=CARTESIAN_POINT('',(0.,3.46944695195361E-18,0.));
#12723=CARTESIAN_POINT('',(0.0115486879415957,8.40380340008076E-19,-0.0255909473871622));
#12724=CARTESIAN_POINT('',(0.00760273567763343,2.58859451497504E-18,-0.0270271565570799));
#12725=CARTESIAN_POINT('',(0.0113718139656483,0.,-0.0251990091310139));
#12726=CARTESIAN_POINT('',(0.0109784373668523,0.,-0.0253726606542428));
#12727=CARTESIAN_POINT('',(0.0109784373668523,0.,-0.0253726606542427));
#12728=CARTESIAN_POINT('',(0.0109315645223856,0.,-0.0252664785730877));
#12729=CARTESIAN_POINT('',(0.0094940800033268,0.,-0.0259010393911856));
#12730=CARTESIAN_POINT('',(0.00901965646832293,0.,-0.0244030569200487));
#12731=CARTESIAN_POINT('',(0.00914948542586243,0.,-0.0248129891605278));
#12732=CARTESIAN_POINT('',(0.00900071963241104,0.,-0.0244095430814803));
#12733=CARTESIAN_POINT('',(2.50882235257614E-13,0.,-6.84003238402956E-13));
#12734=CARTESIAN_POINT('',(0.00879520059240523,0.,-0.0244843458946174));
#12735=CARTESIAN_POINT('',(0.00894056952379388,0.,-0.0248890283303456));
#12736=CARTESIAN_POINT('',(0.00877652491028202,0.,-0.0244915495701864));
#12737=CARTESIAN_POINT('',(0.00937597996958158,0.,-0.0259440242881347));
#12738=CARTESIAN_POINT('',(0.00786691511022125,0.,-0.0263819197375775));
#12739=CARTESIAN_POINT('',(0.00794303178611002,-1.38777878078145E-17,-0.0266442312115634));
#12740=CARTESIAN_POINT('',(0.00789926095432146,8.67361737988404E-19,-0.0264933892144585));
#12741=CARTESIAN_POINT('',(0.00748629594922608,1.7347234759768E-18,-0.0266132220336967));
#12742=CARTESIAN_POINT('',(0.,0.,0.));
#12743=CARTESIAN_POINT('',(0.,5.20417042793042E-18,0.));
#12744=CARTESIAN_POINT('',(0.00692941604345108,-5.39627959606544E-20,-0.0272075720093071));
#12745=CARTESIAN_POINT('',(0.00279401655578019,4.33680868994201E-18,-0.0279367545149914));
#12746=CARTESIAN_POINT('',(0.00682328854457004,0.,-0.0267908743323502));
#12747=CARTESIAN_POINT('',(0.00640573394966437,0.,-0.0268935785692305));
#12748=CARTESIAN_POINT('',(0.00640573394966438,0.,-0.0268935785692305));
#12749=CARTESIAN_POINT('',(0.00637801153392149,0.,-0.0267808702484549));
#12750=CARTESIAN_POINT('',(0.00485217530503565,0.,-0.0271561740947159));
#12751=CARTESIAN_POINT('',(0.0046450812558423,0.,-0.0255985665609682));
#12752=CARTESIAN_POINT('',(0.00470175383326658,0.,-0.0260248155714868));
#12753=CARTESIAN_POINT('',(0.00462530580290609,0.,-0.0256016658359864));
#12754=CARTESIAN_POINT('',(1.28294854507779E-13,0.,-7.17176935226179E-13));
#12755=CARTESIAN_POINT('',(0.00440991968673113,0.,-0.0256396442195381));
#12756=CARTESIAN_POINT('',(0.00448280776991176,0.,-0.0260634216697762));
#12757=CARTESIAN_POINT('',(0.00439027682504833,0.,-0.0256434954569212));
#12758=CARTESIAN_POINT('',(0.00472840522714995,0.,-0.0271779980988515));
#12759=CARTESIAN_POINT('',(0.00316622670704923,0.,-0.0273471945696625));
#12760=CARTESIAN_POINT('',(0.00319563709015923,0.,-0.027618738465006));
#12761=CARTESIAN_POINT('',(0.00317872467357097,8.67361737988404E-19,-0.0274625873716022));
#12762=CARTESIAN_POINT('',(0.00275122478414491,1.7347234759768E-18,-0.0275088890404783));
#12763=CARTESIAN_POINT('',(0.,0.,0.));
#12764=CARTESIAN_POINT('',(0.,3.46944695195361E-18,0.));
#12765=CARTESIAN_POINT('',(0.00209959734527985,1.70774207799648E-18,-0.0279975083236448));
#12766=CARTESIAN_POINT('',(-0.00209959734527985,2.58859451497504E-18,-0.0279975083236448));
#12767=CARTESIAN_POINT('',(0.00206744095381561,0.,-0.0275687123739344));
#12768=CARTESIAN_POINT('',(0.0016383955478737,0.,-0.0275973487081995));
#12769=CARTESIAN_POINT('',(0.0016383955478737,0.,-0.0275973487081995));
#12770=CARTESIAN_POINT('',(0.00163066589242847,0.,-0.0274815387330964));
#12771=CARTESIAN_POINT('',(6.28397154201624E-5,0.,-0.0275861821900655));
#12772=CARTESIAN_POINT('',(0.000129367599927421,0.,-0.0260162767104324));
#12773=CARTESIAN_POINT('',(0.000111161829649153,0.,-0.0264458911304983));
#12774=CARTESIAN_POINT('',(0.000109354397097512,0.,-0.0260158949291342));
#12775=CARTESIAN_POINT('',(1.80929952405342E-15,0.,-7.28559573781595E-13));
#12776=CARTESIAN_POINT('',(-0.000109354397097255,0.,-0.0260158949291341));
#12777=CARTESIAN_POINT('',(-0.00011116182964895,0.,-0.0264458911304983));
#12778=CARTESIAN_POINT('',(-0.000129367599927143,0.,-0.0260162767104325));
#12779=CARTESIAN_POINT('',(-6.28397154201559E-5,0.,-0.0275861821900655));
#12780=CARTESIAN_POINT('',(-0.00163066589242846,0.,-0.0274815387330964));
#12781=CARTESIAN_POINT('',(-0.00164885542170566,0.,-0.0277540643259454));
#12782=CARTESIAN_POINT('',(-0.00163839554787369,8.67361737988404E-19,-0.0275973487081995));
#12783=CARTESIAN_POINT('',(-0.0020674409538156,1.7347234759768E-18,-0.0275687123739344));
#12784=CARTESIAN_POINT('',(0.,0.,0.));
#12785=CARTESIAN_POINT('',(0.,3.46944695195361E-18,0.));
#12786=CARTESIAN_POINT('',(-0.00279401655578018,1.72123277698664E-18,-0.0279367545149914));
#12787=CARTESIAN_POINT('',(-0.00692941604345106,2.60208521396521E-18,-0.0272075720093071));
#12788=CARTESIAN_POINT('',(-0.00275122478414489,0.,-0.0275088890404783));
#12789=CARTESIAN_POINT('',(-0.00317872467357096,0.,-0.0274625873716022));
#12790=CARTESIAN_POINT('',(-0.00317872467357095,0.,-0.0274625873716022));
#12791=CARTESIAN_POINT('',(-0.00316622670704923,0.,-0.0273471945696625));
#12792=CARTESIAN_POINT('',(-0.00472840522714993,0.,-0.0271779980988515));
#12793=CARTESIAN_POINT('',(-0.00439027682504805,0.,-0.0256434954569212));
#12794=CARTESIAN_POINT('',(-0.00448280776991155,0.,-0.0260634216697762));
#12795=CARTESIAN_POINT('',(-0.00440991968673087,0.,-0.0256396442195381));
#12796=CARTESIAN_POINT('',(-1.2473123011016E-13,0.,-7.1780529835659E-13));
#12797=CARTESIAN_POINT('',(-0.00462530580290583,0.,-0.0256016658359865));
#12798=CARTESIAN_POINT('',(-0.00470175383326637,0.,-0.0260248155714869));
#12799=CARTESIAN_POINT('',(-0.004645081255842,0.,-0.0255985665609683));
#12800=CARTESIAN_POINT('',(-0.00485217530503564,0.,-0.0271561740947159));
#12801=CARTESIAN_POINT('',(-0.00637801153392145,6.93889390390723E-18,-0.0267808702484548));
#12802=CARTESIAN_POINT('',(-0.00644324829594312,1.38777878078145E-17,-0.0270460969865752));
#12803=CARTESIAN_POINT('',(-0.00640573394966435,7.80625564189563E-18,-0.0268935785692305));
#12804=CARTESIAN_POINT('',(-0.00682328854457002,1.7347234759768E-18,-0.0267908743323502));
#12805=CARTESIAN_POINT('',(0.,0.,0.));
#12806=CARTESIAN_POINT('',(0.,3.46944695195361E-18,0.));
#12807=CARTESIAN_POINT('',(-0.00760273567763341,8.40380340008076E-19,-0.0270271565570799));
#12808=CARTESIAN_POINT('',(-0.0115486879415957,2.58859451497504E-18,-0.0255909473871622));
#12809=CARTESIAN_POINT('',(-0.00748629594922608,0.,-0.0266132220336967));
#12810=CARTESIAN_POINT('',(-0.00789926095432146,-6.93889390390723E-18,-0.0264933892144585));
#12811=CARTESIAN_POINT('',(-0.00789926095432146,0.,-0.0264933892144585));
#12812=CARTESIAN_POINT('',(-0.00786691511022127,0.,-0.0263819197375775));
#12813=CARTESIAN_POINT('',(-0.00937597996958158,0.,-0.0259440242881347));
#12814=CARTESIAN_POINT('',(-0.00877652491028175,0.,-0.0244915495701865));
#12815=CARTESIAN_POINT('',(-0.00894056952379369,0.,-0.0248890283303457));
#12816=CARTESIAN_POINT('',(-0.00879520059240499,0.,-0.0244843458946175));
#12817=CARTESIAN_POINT('',(-2.47481864434525E-13,0.,-6.85240872168027E-13));
#12818=CARTESIAN_POINT('',(-0.00900071963241079,0.,-0.0244095430814804));
#12819=CARTESIAN_POINT('',(-0.00914948542586223,0.,-0.0248129891605278));
#12820=CARTESIAN_POINT('',(-0.00901965646832267,0.,-0.0244030569200488));
#12821=CARTESIAN_POINT('',(-0.0094940800033268,0.,-0.0259010393911856));
#12822=CARTESIAN_POINT('',(-0.0109315645223858,0.,-0.0252664785730882));
#12823=CARTESIAN_POINT('',(-0.0110418663311493,0.,-0.0255163476762532));
#12824=CARTESIAN_POINT('',(-0.0109784373668522,8.67361737988404E-19,-0.0253726606542427));
#12825=CARTESIAN_POINT('',(-0.0113718139656483,1.7347234759768E-18,-0.0251990091310139));
#12826=CARTESIAN_POINT('',(0.,0.,0.));
#12827=CARTESIAN_POINT('',(0.,5.20417042793042E-18,0.));
#12828=CARTESIAN_POINT('',(-0.0121804495230916,8.26889641017912E-19,-0.0252963521235826));
#12829=CARTESIAN_POINT('',(-0.0158170588005531,3.44246555397328E-18,-0.0231967547783027));
#12830=CARTESIAN_POINT('',(-0.0119938998001385,0.,-0.0249089257423614));
#12831=CARTESIAN_POINT('',(-0.0123797821881938,0.,-0.0247192028323354));
#12832=CARTESIAN_POINT('',(-0.0123797821881938,0.,-0.0247192028323353));
#12833=CARTESIAN_POINT('',(-0.0123285712786202,0.,-0.0246150436241615));
#12834=CARTESIAN_POINT('',(-0.0137386703051123,0.,-0.0239217544277326));
#12835=CARTESIAN_POINT('',(-0.0128961027272524,0.,-0.0225954403430836));
#12836=CARTESIAN_POINT('',(-0.0131266765968418,0.,-0.0229583944595536));
#12837=CARTESIAN_POINT('',(-0.0129132437786651,0.,-0.0225851031093657));
#12838=CARTESIAN_POINT('',(-3.62712887539912E-13,0.,-6.31855748827251E-13));
#12839=CARTESIAN_POINT('',(-0.0131026511504688,0.,-0.0224757487122683));
#12840=CARTESIAN_POINT('',(-0.0133192145336563,0.,-0.0228472326299046));
#12841=CARTESIAN_POINT('',(-0.0131201739831797,0.,-0.0224660727431563));
#12842=CARTESIAN_POINT('',(-0.0138475118849531,0.,-0.0238589147123125));
#12843=CARTESIAN_POINT('',(-0.0151529674544761,0.,-0.0229843777317333));
#12844=CARTESIAN_POINT('',(-0.0153049828453375,0.,-0.0232112970536833));
#12845=CARTESIAN_POINT('',(-0.0152175665200058,8.67361737988404E-19,-0.0230808072844617));
#12846=CARTESIAN_POINT('',(-0.0155748125737959,1.7347234759768E-18,-0.0228414847885458));
#12847=CARTESIAN_POINT('',(0.,0.,0.));
#12848=CARTESIAN_POINT('',(0.,-3.85185988877447E-33,0.));
#12849=CARTESIAN_POINT('',(-0.0163880665733956,8.67361737988404E-19,-0.022796930831382));
#12850=CARTESIAN_POINT('',(-0.0196048363316736,8.80852436978567E-19,-0.0200977405136288));
#12851=CARTESIAN_POINT('',(-0.01613707507483,0.,-0.022447784346869));
#12852=CARTESIAN_POINT('',(-0.01648415000475,-6.93889390390723E-18,-0.0221939359806718));
#12853=CARTESIAN_POINT('',(-0.01648415000475,0.,-0.0221939359806718));
#12854=CARTESIAN_POINT('',(-0.0164156300472766,0.,-0.0221002518660389));
#12855=CARTESIAN_POINT('',(-0.0176839180955248,0.,-0.0211726341640356));
#12856=CARTESIAN_POINT('',(-0.0166238389885984,0.,-0.0200127800950007));
#12857=CARTESIAN_POINT('',(-0.0169139362439138,0.,-0.0203301813906163));
#12858=CARTESIAN_POINT('',(-0.0166389245871271,0.,-0.0199996233947495));
#12859=CARTESIAN_POINT('',(-4.66923063098977E-13,0.,-5.59272008292795E-13));
#12860=CARTESIAN_POINT('',(-0.0168064652435813,0.,-0.0198590400917116));
#12861=CARTESIAN_POINT('',(-0.017084246047693,0.,-0.0201872744970793));
#12862=CARTESIAN_POINT('',(-0.0168220416506862,0.,-0.0198464683143443));
#12863=CARTESIAN_POINT('',(-0.0177801941251343,0.,-0.021091848983099));
#12864=CARTESIAN_POINT('',(-0.0189139551382335,-6.93889390390723E-18,-0.020003908203656));
#12865=CARTESIAN_POINT('',(-0.0191030652004651,-1.38777878078145E-17,-0.0202009829156203));
#12866=CARTESIAN_POINT('',(-0.018994317614909,-6.07153216591882E-18,-0.0200876552647942));
#12867=CARTESIAN_POINT('',(-0.019304578383124,1.7347234759768E-18,-0.0197899334891267));
#12868=CARTESIAN_POINT('',(0.,0.,0.));
#12869=CARTESIAN_POINT('',(0.,3.46944695195361E-18,0.));
#12870=CARTESIAN_POINT('',(-0.0200977405136287,8.40380340008076E-19,-0.0196048363316736));
#12871=CARTESIAN_POINT('',(-0.022796930831382,2.58859451497504E-18,-0.0163880665733956));
#12872=CARTESIAN_POINT('',(-0.0197899334891267,0.,-0.019304578383124));
#12873=CARTESIAN_POINT('',(-0.0200876552647942,0.,-0.018994317614909));
#12874=CARTESIAN_POINT('',(-0.0200876552647942,0.,-0.018994317614909));
#12875=CARTESIAN_POINT('',(-0.0200039082036561,0.,-0.0189139551382337));
#12876=CARTESIAN_POINT('',(-0.021091848983099,0.,-0.0177801941251343));
#12877=CARTESIAN_POINT('',(-0.0198464683143442,0.,-0.0168220416506865));
#12878=CARTESIAN_POINT('',(-0.0201872744970791,0.,-0.0170842460476932));
#12879=CARTESIAN_POINT('',(-0.0198590400917114,0.,-0.0168064652435816));
#12880=CARTESIAN_POINT('',(-5.56946017660249E-13,0.,-4.69695070791655E-13));
#12881=CARTESIAN_POINT('',(-0.0199996233947493,0.,-0.0166389245871273));
#12882=CARTESIAN_POINT('',(-0.0203301813906161,0.,-0.0169139362439139));
#12883=CARTESIAN_POINT('',(-0.0200127800950005,0.,-0.0166238389885985));
#12884=CARTESIAN_POINT('',(-0.0211726341640356,0.,-0.0176839180955248));
#12885=CARTESIAN_POINT('',(-0.0221002518660389,0.,-0.0164156300472766));
#12886=CARTESIAN_POINT('',(-0.022320710586094,-1.38777878078145E-17,-0.0165768721338567));
#12887=CARTESIAN_POINT('',(-0.0221939359806718,8.67361737988404E-19,-0.01648415000475));
#12888=CARTESIAN_POINT('',(-0.022447784346869,1.7347234759768E-18,-0.01613707507483));
#12889=CARTESIAN_POINT('',(0.,0.,0.));
#12890=CARTESIAN_POINT('',(0.,3.46944695195361E-18,0.));
#12891=CARTESIAN_POINT('',(-0.0231967547783027,1.72123277698664E-18,-0.0158170588005531));
#12892=CARTESIAN_POINT('',(-0.0252963521235825,2.58859451497504E-18,-0.0121804495230917));
#12893=CARTESIAN_POINT('',(-0.0228414847885458,0.,-0.0155748125737959));
#12894=CARTESIAN_POINT('',(-0.0230808072844617,0.,-0.0152175665200058));
#12895=CARTESIAN_POINT('',(-0.0230808072844617,0.,-0.0152175665200058));
#12896=CARTESIAN_POINT('',(-0.0229843777317333,0.,-0.0151529674544761));
#12897=CARTESIAN_POINT('',(-0.0238589147123124,0.,-0.0138475118849532));
#12898=CARTESIAN_POINT('',(-0.0224660727431561,0.,-0.01312017398318));
#12899=CARTESIAN_POINT('',(-0.0228472326299045,0.,-0.0133192145336565));
#12900=CARTESIAN_POINT('',(-0.0224757487122682,0.,-0.0131026511504691));
#12901=CARTESIAN_POINT('',(-6.30046449303198E-13,0.,-3.65846686241683E-13));
#12902=CARTESIAN_POINT('',(-0.0225851031093656,0.,-0.0129132437786653));
#12903=CARTESIAN_POINT('',(-0.0229583944595535,0.,-0.013126676596842));
#12904=CARTESIAN_POINT('',(-0.0225954403430834,0.,-0.0128961027272527));
#12905=CARTESIAN_POINT('',(-0.0239217544277326,0.,-0.0137386703051123));
#12906=CARTESIAN_POINT('',(-0.0246150436241617,0.,-0.0123285712786204));
#12907=CARTESIAN_POINT('',(-0.0248601524753889,0.,-0.0124490814806079));
#12908=CARTESIAN_POINT('',(-0.0247192028323353,8.67361737988404E-19,-0.0123797821881939));
#12909=CARTESIAN_POINT('',(-0.0249089257423614,1.7347234759768E-18,-0.0119938998001386));
#12910=CARTESIAN_POINT('',(0.,0.,0.));
#12911=CARTESIAN_POINT('',(0.,3.46944695195361E-18,0.));
#12912=CARTESIAN_POINT('',(-0.0255909473871622,1.70774207799648E-18,-0.0115486879415958));
#12913=CARTESIAN_POINT('',(-0.0270271565570799,2.60208521396521E-18,-0.00760273567763344));
#12914=CARTESIAN_POINT('',(-0.0251990091310139,0.,-0.0113718139656483));
#12915=CARTESIAN_POINT('',(-0.0253726606542427,0.,-0.0109784373668523));
#12916=CARTESIAN_POINT('',(-0.0253726606542427,0.,-0.0109784373668523));
#12917=CARTESIAN_POINT('',(-0.0252664785730881,0.,-0.0109315645223858));
#12918=CARTESIAN_POINT('',(-0.0259010393911856,0.,-0.00949408000332682));
#12919=CARTESIAN_POINT('',(-0.0244030569200487,0.,-0.00901965646832294));
#12920=CARTESIAN_POINT('',(-0.0248129891605278,0.,-0.00914948542586244));
#12921=CARTESIAN_POINT('',(-0.0244095430814803,0.,-0.00900071963241104));
#12922=CARTESIAN_POINT('',(-6.84003238402956E-13,0.,-2.50882235257614E-13));
#12923=CARTESIAN_POINT('',(-0.0244843458946174,0.,-0.00879520059240523));
#12924=CARTESIAN_POINT('',(-0.0248890283303456,0.,-0.00894056952379389));
#12925=CARTESIAN_POINT('',(-0.0244915495701864,0.,-0.00877652491028203));
#12926=CARTESIAN_POINT('',(-0.0259440242881347,0.,-0.0093759799695816));
#12927=CARTESIAN_POINT('',(-0.0263819197375775,0.,-0.00786691511022126));
#12928=CARTESIAN_POINT('',(-0.0266442312115634,-1.38777878078145E-17,-0.00794303178611003));
#12929=CARTESIAN_POINT('',(-0.0264933892144585,8.67361737988404E-19,-0.00789926095432147));
#12930=CARTESIAN_POINT('',(-0.0266132220336967,1.7347234759768E-18,-0.0074862959492261));
#12931=CARTESIAN_POINT('',(0.,0.,0.));
#12932=CARTESIAN_POINT('',(0.,5.20417042793042E-18,0.));
#12933=CARTESIAN_POINT('',(-0.0272075720093071,8.26889641017912E-19,-0.00692941604345109));
#12934=CARTESIAN_POINT('',(-0.0279367545149914,4.30982729196169E-18,-0.00279401655578018));
#12935=CARTESIAN_POINT('',(-0.0267908743323502,0.,-0.00682328854457003));
#12936=CARTESIAN_POINT('',(-0.0268935785692305,0.,-0.00640573394966436));
#12937=CARTESIAN_POINT('',(-0.0268935785692305,0.,-0.00640573394966437));
#12938=CARTESIAN_POINT('',(-0.0267808702484549,3.46944695195361E-18,-0.0063780115339215));
#12939=CARTESIAN_POINT('',(-0.0271561740947159,0.,-0.00485217530503565));
#12940=CARTESIAN_POINT('',(-0.0255985665609682,0.,-0.00464508125584229));
#12941=CARTESIAN_POINT('',(-0.0260248155714868,0.,-0.00470175383326657));
#12942=CARTESIAN_POINT('',(-0.0256016658359864,0.,-0.00462530580290608));
#12943=CARTESIAN_POINT('',(-7.17176935226179E-13,0.,-1.28294854507778E-13));
#12944=CARTESIAN_POINT('',(-0.0256396442195381,0.,-0.00440991968673113));
#12945=CARTESIAN_POINT('',(-0.0260634216697762,0.,-0.00448280776991175));
#12946=CARTESIAN_POINT('',(-0.0256434954569212,0.,-0.00439027682504832));
#12947=CARTESIAN_POINT('',(-0.0271779980988515,0.,-0.00472840522714994));
#12948=CARTESIAN_POINT('',(-0.0273471945696625,0.,-0.00316622670704923));
#12949=CARTESIAN_POINT('',(-0.027618738465006,0.,-0.00319563709015923));
#12950=CARTESIAN_POINT('',(-0.0274625873716022,8.67361737988404E-19,-0.00317872467357097));
#12951=CARTESIAN_POINT('',(-0.0275088890404783,1.7347234759768E-18,-0.0027512247841449));
#12952=CARTESIAN_POINT('',(0.,0.,0.));
#12953=CARTESIAN_POINT('',(0.,6.93889390390722E-18,0.));
#12954=CARTESIAN_POINT('',(-0.0279975083236448,3.41548415599296E-18,-0.00209959734527985));
#12955=CARTESIAN_POINT('',(-0.0279975083236448,4.33680868994201E-18,0.00209959734527984));
#12956=CARTESIAN_POINT('',(-0.0275687123739344,0.,-0.00206744095381561));
#12957=CARTESIAN_POINT('',(-0.0275973487081995,0.,-0.0016383955478737));
#12958=CARTESIAN_POINT('',(-0.0275973487081995,0.,-0.0016383955478737));
#12959=CARTESIAN_POINT('',(-0.0274815387330964,3.46944695195361E-18,-0.00163066589242847));
#12960=CARTESIAN_POINT('',(-0.0275861821900655,0.,-6.28397154201641E-5));
#12961=CARTESIAN_POINT('',(-0.0260162767104324,0.,-0.000129367599927425));
#12962=CARTESIAN_POINT('',(-0.0264458911304983,0.,-0.000111161829649155));
#12963=CARTESIAN_POINT('',(-0.0260158949291342,0.,-0.000109354397097514));
#12964=CARTESIAN_POINT('',(-7.28559573781595E-13,0.,-1.80929952405346E-15));
#12965=CARTESIAN_POINT('',(-0.0260158949291341,0.,0.000109354397097253));
#12966=CARTESIAN_POINT('',(-0.0264458911304983,0.,0.000111161829648948));
#12967=CARTESIAN_POINT('',(-0.0260162767104325,0.,0.000129367599927142));
#12968=CARTESIAN_POINT('',(-0.0275861821900655,0.,6.28397154201542E-5));
#12969=CARTESIAN_POINT('',(-0.0274815387330964,0.,0.00163066589242846));
#12970=CARTESIAN_POINT('',(-0.0277540643259454,0.,0.00164885542170566));
#12971=CARTESIAN_POINT('',(-0.0275973487081995,8.67361737988404E-19,0.00163839554787369));
#12972=CARTESIAN_POINT('',(-0.0275687123739344,1.7347234759768E-18,0.0020674409538156));
#12973=CARTESIAN_POINT('',(0.,0.,0.));
#12974=CARTESIAN_POINT('',(0.,5.20417042793042E-18,0.));
#12975=CARTESIAN_POINT('',(-0.0279367545149914,8.26889641017912E-19,0.00279401655578016));
#12976=CARTESIAN_POINT('',(-0.0272075720093071,3.44246555397328E-18,0.00692941604345107));
#12977=CARTESIAN_POINT('',(-0.0275088890404783,0.,0.00275122478414489));
#12978=CARTESIAN_POINT('',(-0.0274625873716022,0.,0.00317872467357096));
#12979=CARTESIAN_POINT('',(-0.0274625873716022,0.,0.00317872467357095));
#12980=CARTESIAN_POINT('',(-0.0273471945696625,0.,0.00316622670704923));
#12981=CARTESIAN_POINT('',(-0.0271779980988515,0.,0.00472840522714993));
#12982=CARTESIAN_POINT('',(-0.0256434954569212,0.,0.00439027682504805));
#12983=CARTESIAN_POINT('',(-0.0260634216697762,0.,0.00448280776991155));
#12984=CARTESIAN_POINT('',(-0.0256396442195381,0.,0.00440991968673087));
#12985=CARTESIAN_POINT('',(-7.1780529835659E-13,0.,1.2473123011016E-13));
#12986=CARTESIAN_POINT('',(-0.0256016658359865,0.,0.00462530580290583));
#12987=CARTESIAN_POINT('',(-0.0260248155714869,0.,0.00470175383326636));
#12988=CARTESIAN_POINT('',(-0.0255985665609683,0.,0.004645081255842));
#12989=CARTESIAN_POINT('',(-0.0271561740947159,0.,0.00485217530503563));
#12990=CARTESIAN_POINT('',(-0.0267808702484548,-6.93889390390723E-18,0.00637801153392145));
#12991=CARTESIAN_POINT('',(-0.0270460969865752,-1.38777878078145E-17,0.00644324829594312));
#12992=CARTESIAN_POINT('',(-0.0268935785692305,-6.07153216591882E-18,0.00640573394966435));
#12993=CARTESIAN_POINT('',(-0.0267908743323502,1.7347234759768E-18,0.00682328854457002));
#12994=CARTESIAN_POINT('',(0.,0.,0.));
#12995=CARTESIAN_POINT('',(0.,6.93889390390722E-18,0.));
#12996=CARTESIAN_POINT('',(-0.0270271565570799,3.41548415599296E-18,0.0076027356776334));
#12997=CARTESIAN_POINT('',(-0.0255909473871622,4.29633659297151E-18,0.0115486879415958));
#12998=CARTESIAN_POINT('',(-0.0266132220336967,0.,0.00748629594922606));
#12999=CARTESIAN_POINT('',(-0.0264933892144585,0.,0.00789926095432144));
#13000=CARTESIAN_POINT('',(-0.0264933892144585,0.,0.00789926095432145));
#13001=CARTESIAN_POINT('',(-0.0263819197375775,0.,0.00786691511022125));
#13002=CARTESIAN_POINT('',(-0.0259440242881347,0.,0.00937597996958156));
#13003=CARTESIAN_POINT('',(-0.0244915495701865,0.,0.00877652491028174));
#13004=CARTESIAN_POINT('',(-0.0248890283303457,0.,0.00894056952379368));
#13005=CARTESIAN_POINT('',(-0.0244843458946175,0.,0.00879520059240498));
#13006=CARTESIAN_POINT('',(-6.85240872168028E-13,0.,2.47481864434524E-13));
#13007=CARTESIAN_POINT('',(-0.0244095430814804,0.,0.00900071963241078));
#13008=CARTESIAN_POINT('',(-0.0248129891605278,0.,0.00914948542586222));
#13009=CARTESIAN_POINT('',(-0.0244030569200488,0.,0.00901965646832266));
#13010=CARTESIAN_POINT('',(-0.0259010393911856,0.,0.00949408000332678));
#13011=CARTESIAN_POINT('',(-0.0252664785730882,0.,0.0109315645223858));
#13012=CARTESIAN_POINT('',(-0.0255163476762532,0.,0.0110418663311493));
#13013=CARTESIAN_POINT('',(-0.0253726606542427,8.67361737988404E-19,0.0109784373668522));
#13014=CARTESIAN_POINT('',(-0.0251990091310139,1.7347234759768E-18,0.0113718139656483));
#13015=CARTESIAN_POINT('',(0.,0.,0.));
#13016=CARTESIAN_POINT('',(0.,6.93889390390722E-18,0.));
#13017=CARTESIAN_POINT('',(-0.0252963521235825,8.13398942027748E-19,0.0121804495230917));
#13018=CARTESIAN_POINT('',(-0.0231967547783027,4.29633659297152E-18,0.0158170588005531));
#13019=CARTESIAN_POINT('',(-0.0249089257423614,0.,0.0119938998001386));
#13020=CARTESIAN_POINT('',(-0.0247192028323353,0.,0.0123797821881938));
#13021=CARTESIAN_POINT('',(-0.0247192028323353,0.,0.0123797821881938));
#13022=CARTESIAN_POINT('',(-0.0246150436241617,0.,0.0123285712786203));
#13023=CARTESIAN_POINT('',(-0.0239217544277326,0.,0.0137386703051123));
#13024=CARTESIAN_POINT('',(-0.0225954403430836,0.,0.0128961027272524));
#13025=CARTESIAN_POINT('',(-0.0229583944595536,0.,0.0131266765968418));
#13026=CARTESIAN_POINT('',(-0.0225851031093657,0.,0.0129132437786651));
#13027=CARTESIAN_POINT('',(-6.31855748827251E-13,0.,3.62712887539913E-13));
#13028=CARTESIAN_POINT('',(-0.0224757487122683,0.,0.0131026511504688));
#13029=CARTESIAN_POINT('',(-0.0228472326299046,0.,0.0133192145336563));
#13030=CARTESIAN_POINT('',(-0.0224660727431563,0.,0.0131201739831797));
#13031=CARTESIAN_POINT('',(-0.0238589147123124,0.,0.0138475118849532));
#13032=CARTESIAN_POINT('',(-0.0229843777317333,0.,0.0151529674544761));
#13033=CARTESIAN_POINT('',(-0.0232112970536833,0.,0.0153049828453375));
#13034=CARTESIAN_POINT('',(-0.0230808072844617,8.67361737988404E-19,0.0152175665200058));
#13035=CARTESIAN_POINT('',(-0.0228414847885458,1.7347234759768E-18,0.0155748125737959));
#13036=CARTESIAN_POINT('',(0.,0.,0.));
#13037=CARTESIAN_POINT('',(0.,6.93889390390722E-18,0.));
#13038=CARTESIAN_POINT('',(-0.022796930831382,8.13398942027748E-19,0.0163880665733956));
#13039=CARTESIAN_POINT('',(-0.0200977405136288,4.29633659297152E-18,0.0196048363316736));
#13040=CARTESIAN_POINT('',(-0.022447784346869,0.,0.0161370750748299));
#13041=CARTESIAN_POINT('',(-0.0221939359806719,0.,0.01648415000475));
#13042=CARTESIAN_POINT('',(-0.0221939359806718,0.,0.01648415000475));
#13043=CARTESIAN_POINT('',(-0.0221002518660386,0.,0.0164156300472764));
#13044=CARTESIAN_POINT('',(-0.0211726341640356,0.,0.0176839180955248));
#13045=CARTESIAN_POINT('',(-0.0200127800950007,0.,0.0166238389885984));
#13046=CARTESIAN_POINT('',(-0.0203301813906163,0.,0.0169139362439138));
#13047=CARTESIAN_POINT('',(-0.0199996233947495,0.,0.0166389245871271));
#13048=CARTESIAN_POINT('',(-5.59272008292795E-13,0.,4.66923063098977E-13));
#13049=CARTESIAN_POINT('',(-0.0198590400917116,0.,0.0168064652435813));
#13050=CARTESIAN_POINT('',(-0.0201872744970793,0.,0.017084246047693));
#13051=CARTESIAN_POINT('',(-0.0198464683143443,0.,0.0168220416506862));
#13052=CARTESIAN_POINT('',(-0.021091848983099,0.,0.0177801941251343));
#13053=CARTESIAN_POINT('',(-0.020003908203656,-6.93889390390723E-18,0.0189139551382335));
#13054=CARTESIAN_POINT('',(-0.0202009829156203,-1.38777878078145E-17,0.0191030652004651));
#13055=CARTESIAN_POINT('',(-0.0200876552647942,-6.07153216591882E-18,0.018994317614909));
#13056=CARTESIAN_POINT('',(-0.0197899334891267,1.7347234759768E-18,0.019304578383124));
#13057=CARTESIAN_POINT('',(0.,0.,0.));
#13058=CARTESIAN_POINT('',(0.,5.20417042793042E-18,0.));
#13059=CARTESIAN_POINT('',(-0.0196048363316736,2.56161311699471E-18,0.0200977405136287));
#13060=CARTESIAN_POINT('',(-0.0163880665733956,3.44246555397328E-18,0.022796930831382));
#13061=CARTESIAN_POINT('',(-0.019304578383124,0.,0.0197899334891267));
#13062=CARTESIAN_POINT('',(-0.018994317614909,0.,0.0200876552647942));
#13063=CARTESIAN_POINT('',(-0.018994317614909,0.,0.0200876552647942));
#13064=CARTESIAN_POINT('',(-0.0189139551382337,0.,0.0200039082036561));
#13065=CARTESIAN_POINT('',(-0.0177801941251343,0.,0.021091848983099));
#13066=CARTESIAN_POINT('',(-0.0168220416506865,0.,0.0198464683143442));
#13067=CARTESIAN_POINT('',(-0.0170842460476932,0.,0.0201872744970791));
#13068=CARTESIAN_POINT('',(-0.0168064652435816,0.,0.0198590400917114));
#13069=CARTESIAN_POINT('',(-4.69695070791655E-13,0.,5.56946017660249E-13));
#13070=CARTESIAN_POINT('',(-0.0166389245871273,0.,0.0199996233947493));
#13071=CARTESIAN_POINT('',(-0.0169139362439139,0.,0.0203301813906161));
#13072=CARTESIAN_POINT('',(-0.0166238389885985,0.,0.0200127800950005));
#13073=CARTESIAN_POINT('',(-0.0176839180955248,0.,0.0211726341640356));
#13074=CARTESIAN_POINT('',(-0.0164156300472766,0.,0.0221002518660389));
#13075=CARTESIAN_POINT('',(-0.0165768721338567,-1.38777878078145E-17,0.022320710586094));
#13076=CARTESIAN_POINT('',(-0.01648415000475,8.67361737988404E-19,0.0221939359806718));
#13077=CARTESIAN_POINT('',(-0.01613707507483,1.7347234759768E-18,0.022447784346869));
#13078=CARTESIAN_POINT('',(0.,0.,0.));
#13079=CARTESIAN_POINT('',(0.,6.93889390390722E-18,0.));
#13080=CARTESIAN_POINT('',(-0.0158170588005531,3.41548415599296E-18,0.0231967547783027));
#13081=CARTESIAN_POINT('',(-0.0121804495230917,4.33680868994201E-18,0.0252963521235825));
#13082=CARTESIAN_POINT('',(-0.0155748125737959,0.,0.0228414847885458));
#13083=CARTESIAN_POINT('',(-0.0152175665200058,0.,0.0230808072844617));
#13084=CARTESIAN_POINT('',(-0.0152175665200058,0.,0.0230808072844617));
#13085=CARTESIAN_POINT('',(-0.0151529674544761,0.,0.0229843777317333));
#13086=CARTESIAN_POINT('',(-0.0138475118849532,0.,0.0238589147123124));
#13087=CARTESIAN_POINT('',(-0.01312017398318,0.,0.0224660727431561));
#13088=CARTESIAN_POINT('',(-0.0133192145336565,0.,0.0228472326299045));
#13089=CARTESIAN_POINT('',(-0.0131026511504691,0.,0.0224757487122682));
#13090=CARTESIAN_POINT('',(-3.65846686241683E-13,0.,6.30046449303198E-13));
#13091=CARTESIAN_POINT('',(-0.0129132437786653,0.,0.0225851031093656));
#13092=CARTESIAN_POINT('',(-0.013126676596842,0.,0.0229583944595535));
#13093=CARTESIAN_POINT('',(-0.0128961027272527,0.,0.0225954403430834));
#13094=CARTESIAN_POINT('',(-0.0137386703051123,0.,0.0239217544277326));
#13095=CARTESIAN_POINT('',(-0.0123285712786204,0.,0.0246150436241617));
#13096=CARTESIAN_POINT('',(-0.0124490814806079,0.,0.0248601524753889));
#13097=CARTESIAN_POINT('',(-0.0123797821881939,8.67361737988404E-19,0.0247192028323353));
#13098=CARTESIAN_POINT('',(-0.0119938998001386,1.7347234759768E-18,0.0249089257423614));
#13099=CARTESIAN_POINT('',(0.,0.,0.));
#13100=CARTESIAN_POINT('',(0.,6.93889390390722E-18,0.));
#13101=CARTESIAN_POINT('',(-0.0115486879415958,3.41548415599296E-18,0.0255909473871622));
#13102=CARTESIAN_POINT('',(-0.00760273567763343,4.29633659297152E-18,0.0270271565570799));
#13103=CARTESIAN_POINT('',(-0.0113718139656483,0.,0.0251990091310139));
#13104=CARTESIAN_POINT('',(-0.0109784373668523,0.,0.0253726606542427));
#13105=CARTESIAN_POINT('',(-0.0109784373668523,0.,0.0253726606542427));
#13106=CARTESIAN_POINT('',(-0.0109315645223858,0.,0.0252664785730881));
#13107=CARTESIAN_POINT('',(-0.00949408000332682,0.,0.0259010393911856));
#13108=CARTESIAN_POINT('',(-0.00901965646832294,0.,0.0244030569200487));
#13109=CARTESIAN_POINT('',(-0.00914948542586244,0.,0.0248129891605278));
#13110=CARTESIAN_POINT('',(-0.00900071963241104,0.,0.0244095430814803));
#13111=CARTESIAN_POINT('',(-2.50882235257615E-13,0.,6.84003238402956E-13));
#13112=CARTESIAN_POINT('',(-0.00879520059240524,0.,0.0244843458946174));
#13113=CARTESIAN_POINT('',(-0.00894056952379389,0.,0.0248890283303456));
#13114=CARTESIAN_POINT('',(-0.00877652491028199,0.,0.0244915495701863));
#13115=CARTESIAN_POINT('',(-0.0093759799695816,0.,0.0259440242881346));
#13116=CARTESIAN_POINT('',(-0.00786691511022126,0.,0.0263819197375775));
#13117=CARTESIAN_POINT('',(-0.00794303178611004,-1.38777878078145E-17,0.0266442312115634));
#13118=CARTESIAN_POINT('',(-0.00789926095432148,8.67361737988404E-19,0.0264933892144585));
#13119=CARTESIAN_POINT('',(-0.0074862959492261,1.7347234759768E-18,0.0266132220336967));
#13120=CARTESIAN_POINT('',(0.,0.,0.));
#13121=CARTESIAN_POINT('',(0.,5.20417042793042E-18,0.));
#13122=CARTESIAN_POINT('',(-0.00692941604345109,8.26889641017912E-19,0.0272075720093071));
#13123=CARTESIAN_POINT('',(-0.00279401655578018,2.60208521396521E-18,0.0279367545149914));
#13124=CARTESIAN_POINT('',(-0.00682328854457003,0.,0.0267908743323502));
#13125=CARTESIAN_POINT('',(-0.00640573394966436,0.,0.0268935785692305));
#13126=CARTESIAN_POINT('',(-0.00640573394966437,0.,0.0268935785692305));
#13127=CARTESIAN_POINT('',(-0.0063780115339215,-3.46944695195361E-18,0.0267808702484549));
#13128=CARTESIAN_POINT('',(-0.00485217530503565,0.,0.0271561740947159));
#13129=CARTESIAN_POINT('',(-0.00464508125584229,0.,0.0255985665609682));
#13130=CARTESIAN_POINT('',(-0.00470175383326657,0.,0.0260248155714868));
#13131=CARTESIAN_POINT('',(-0.00462530580290608,0.,0.0256016658359864));
#13132=CARTESIAN_POINT('',(-1.28294854507779E-13,0.,7.17176935226179E-13));
#13133=CARTESIAN_POINT('',(-0.00440991968673113,0.,0.0256396442195381));
#13134=CARTESIAN_POINT('',(-0.00448280776991175,0.,0.0260634216697762));
#13135=CARTESIAN_POINT('',(-0.00439027682504832,0.,0.0256434954569212));
#13136=CARTESIAN_POINT('',(-0.00472840522714994,0.,0.0271779980988515));
#13137=CARTESIAN_POINT('',(-0.00316622670704923,0.,0.0273471945696625));
#13138=CARTESIAN_POINT('',(-0.00319563709015923,0.,0.027618738465006));
#13139=CARTESIAN_POINT('',(-0.00317872467357097,8.67361737988404E-19,0.0274625873716022));
#13140=CARTESIAN_POINT('',(-0.0027512247841449,1.7347234759768E-18,0.0275088890404783));
#13141=CARTESIAN_POINT('',(0.,0.,0.));
#13142=CARTESIAN_POINT('',(0.,3.46944695195361E-18,0.));
#13143=CARTESIAN_POINT('',(-0.00209959734527985,-2.69813979803277E-20,0.0279975083236448));
#13144=CARTESIAN_POINT('',(0.00209959734527985,3.46944695195361E-18,0.0279975083236448));
#13145=CARTESIAN_POINT('',(-0.0020674409538156,0.,0.0275687123739344));
#13146=CARTESIAN_POINT('',(-0.00163839554787369,0.,0.0275973487081995));
#13147=CARTESIAN_POINT('',(-0.00163839554787369,0.,0.0275973487081995));
#13148=CARTESIAN_POINT('',(-0.00163066589242847,-3.46944695195361E-18,0.0274815387330964));
#13149=CARTESIAN_POINT('',(-6.2839715420159E-5,0.,0.0275861821900655));
#13150=CARTESIAN_POINT('',(-0.000129367599927418,0.,0.0260162767104324));
#13151=CARTESIAN_POINT('',(-0.00011116182964915,0.,0.0264458911304983));
#13152=CARTESIAN_POINT('',(-0.000109354397097509,0.,0.0260158949291342));
#13153=CARTESIAN_POINT('',(-1.80929952405333E-15,0.,7.28559573781595E-13));
#13154=CARTESIAN_POINT('',(0.000109354397097258,0.,0.0260158949291341));
#13155=CARTESIAN_POINT('',(0.000111161829648953,0.,0.0264458911304983));
#13156=CARTESIAN_POINT('',(0.000129367599927146,0.,0.0260162767104325));
#13157=CARTESIAN_POINT('',(6.28397154201593E-5,0.,0.0275861821900655));
#13158=CARTESIAN_POINT('',(0.00163066589242846,0.,0.0274815387330964));
#13159=CARTESIAN_POINT('',(0.00164885542170566,0.,0.0277540643259454));
#13160=CARTESIAN_POINT('',(0.00163839554787369,8.67361737988404E-19,0.0275973487081995));
#13161=CARTESIAN_POINT('',(0.0020674409538156,1.7347234759768E-18,0.0275687123739344));
#13162=CARTESIAN_POINT('',(0.,-0.006,1.71916681577799E-18));
#13163=CARTESIAN_POINT('',(0.,-0.006,0.));
#13164=CARTESIAN_POINT('',(-0.00692941604345111,-0.006,0.0272075720093071));
#13165=CARTESIAN_POINT('',(0.,1.7347234759768E-18,1.71916681577799E-18));
#13166=CARTESIAN_POINT('',(-0.00760273567763341,-0.006,0.0270271565570799));
#13167=CARTESIAN_POINT('',(-0.00448280776991175,0.0736476183142044,0.0260634216697762));
#13168=CARTESIAN_POINT('',(-0.00440991968673114,0.0736476183142044,0.0256396442195381));
#13169=CARTESIAN_POINT('',(-0.00439027682504833,0.0736476183142044,0.0256434954569212));
#13170=CARTESIAN_POINT('',(-0.00470175383326657,0.0736476183142044,0.0260248155714868));
#13171=CARTESIAN_POINT('',(-0.00464508125584229,0.0736476183142044,0.0255985665609682));
#13172=CARTESIAN_POINT('',(-0.00462530580290608,0.0736476183142044,0.0256016658359865));
#13173=CARTESIAN_POINT('',(-0.00682328854457003,-0.006,0.0267908743323502));
#13174=CARTESIAN_POINT('',(-0.00640573394966436,0.0736476183142044,0.0268935785692305));
#13175=CARTESIAN_POINT('',(-0.0027512247841449,-0.006,0.0275088890404783));
#13176=CARTESIAN_POINT('',(-0.00317872467357097,0.0736476183142044,0.0274625873716022));
#13177=CARTESIAN_POINT('',(-0.00279401655578016,-0.006,0.0279367545149914));
#13178=CARTESIAN_POINT('',(-0.00319563709015923,0.0736476183142044,0.027618738465006));
#13179=CARTESIAN_POINT('',(-0.00316622670704923,0.0736476183142044,0.0273471945696625));
#13180=CARTESIAN_POINT('',(-0.00644324829594313,0.0736476183142044,0.0270460969865752));
#13181=CARTESIAN_POINT('',(-0.00637801153392148,0.0736476183142044,0.0267808702484548));
#13182=CARTESIAN_POINT('',(-0.00485217530503565,0.0736476183142044,0.0271561740947159));
#13183=CARTESIAN_POINT('',(-1.28294854507779E-13,0.0736476183142044,7.17176935226179E-13));
#13184=CARTESIAN_POINT('',(-0.00472840522714994,0.0736476183142044,0.0271779980988515));
#13185=CARTESIAN_POINT('',(0.,-0.006,1.71916681577799E-18));
#13186=CARTESIAN_POINT('',(0.,-0.006,0.));
#13187=CARTESIAN_POINT('',(-0.0115486879415958,-0.006,0.0255909473871622));
#13188=CARTESIAN_POINT('',(0.,1.7347234759768E-18,1.71916681577799E-18));
#13189=CARTESIAN_POINT('',(-0.0121804495230918,-0.006,0.0252963521235825));
#13190=CARTESIAN_POINT('',(-0.00894056952379389,0.0736476183142044,0.0248890283303456));
#13191=CARTESIAN_POINT('',(-0.00879520059240525,0.0736476183142044,0.0244843458946174));
#13192=CARTESIAN_POINT('',(-0.00877652491028198,0.0736476183142044,0.0244915495701863));
#13193=CARTESIAN_POINT('',(-0.00914948542586244,0.0736476183142044,0.0248129891605278));
#13194=CARTESIAN_POINT('',(-0.00901965646832295,0.0736476183142044,0.0244030569200488));
#13195=CARTESIAN_POINT('',(-0.00900071963241104,0.0736476183142044,0.0244095430814803));
#13196=CARTESIAN_POINT('',(-0.0113718139656483,-0.006,0.0251990091310139));
#13197=CARTESIAN_POINT('',(-0.0109784373668522,0.0736476183142044,0.0253726606542427));
#13198=CARTESIAN_POINT('',(-0.0074862959492261,-0.006,0.0266132220336967));
#13199=CARTESIAN_POINT('',(-0.00789926095432147,0.0736476183142044,0.0264933892144585));
#13200=CARTESIAN_POINT('',(-0.00794303178611004,0.0736476183142044,0.0266442312115634));
#13201=CARTESIAN_POINT('',(-0.00786691511022127,0.0736476183142044,0.0263819197375775));
#13202=CARTESIAN_POINT('',(-0.0110418663311493,0.0736476183142044,0.0255163476762532));
#13203=CARTESIAN_POINT('',(-0.0109315645223859,0.0736476183142044,0.0252664785730882));
#13204=CARTESIAN_POINT('',(-0.00949408000332682,0.0736476183142044,0.0259010393911856));
#13205=CARTESIAN_POINT('',(-2.50882235257615E-13,0.0736476183142044,6.84003238402956E-13));
#13206=CARTESIAN_POINT('',(-0.0093759799695816,0.0736476183142044,0.0259440242881346));
#13207=CARTESIAN_POINT('',(0.,-0.006,1.71916681577799E-18));
#13208=CARTESIAN_POINT('',(0.,-0.006,0.));
#13209=CARTESIAN_POINT('',(-0.0158170588005531,-0.006,0.0231967547783027));
#13210=CARTESIAN_POINT('',(0.,1.7347234759768E-18,1.71916681577799E-18));
#13211=CARTESIAN_POINT('',(-0.0163880665733956,-0.006,0.022796930831382));
#13212=CARTESIAN_POINT('',(-0.013126676596842,0.0736476183142044,0.0229583944595535));
#13213=CARTESIAN_POINT('',(-0.0129132437786653,0.0736476183142044,0.0225851031093656));
#13214=CARTESIAN_POINT('',(-0.0128961027272527,0.0736476183142044,0.0225954403430834));
#13215=CARTESIAN_POINT('',(-0.0133192145336565,0.0736476183142044,0.0228472326299045));
#13216=CARTESIAN_POINT('',(-0.01312017398318,0.0736476183142044,0.0224660727431561));
#13217=CARTESIAN_POINT('',(-0.0131026511504691,0.0736476183142044,0.0224757487122682));
#13218=CARTESIAN_POINT('',(-0.0155748125737959,-0.006,0.0228414847885458));
#13219=CARTESIAN_POINT('',(-0.0152175665200058,0.0736476183142044,0.0230808072844617));
#13220=CARTESIAN_POINT('',(-0.0119938998001386,-0.006,0.0249089257423614));
#13221=CARTESIAN_POINT('',(-0.0123797821881939,0.0736476183142044,0.0247192028323353));
#13222=CARTESIAN_POINT('',(-0.0124490814806079,0.0736476183142044,0.0248601524753889));
#13223=CARTESIAN_POINT('',(-0.0123285712786203,0.0736476183142044,0.0246150436241617));
#13224=CARTESIAN_POINT('',(-0.0153049828453375,0.0736476183142044,0.0232112970536833));
#13225=CARTESIAN_POINT('',(-0.0151529674544762,0.0736476183142044,0.0229843777317333));
#13226=CARTESIAN_POINT('',(-0.0138475118849532,0.0736476183142044,0.0238589147123124));
#13227=CARTESIAN_POINT('',(-3.65846686241683E-13,0.0736476183142044,6.30046449303198E-13));
#13228=CARTESIAN_POINT('',(-0.0137386703051123,0.0736476183142044,0.0239217544277326));
#13229=CARTESIAN_POINT('',(0.,-0.006,1.71916681577799E-18));
#13230=CARTESIAN_POINT('',(0.,-0.006,0.));
#13231=CARTESIAN_POINT('',(-0.0196048363316737,-0.006,0.0200977405136287));
#13232=CARTESIAN_POINT('',(0.,1.7347234759768E-18,1.71916681577799E-18));
#13233=CARTESIAN_POINT('',(-0.0200977405136287,-0.006,0.0196048363316737));
#13234=CARTESIAN_POINT('',(-0.0169139362439139,0.0736476183142044,0.0203301813906161));
#13235=CARTESIAN_POINT('',(-0.0166389245871273,0.0736476183142044,0.0199996233947493));
#13236=CARTESIAN_POINT('',(-0.0166238389885985,0.0736476183142044,0.0200127800950005));
#13237=CARTESIAN_POINT('',(-0.0170842460476932,0.0736476183142044,0.0201872744970791));
#13238=CARTESIAN_POINT('',(-0.0168220416506865,0.0736476183142044,0.0198464683143441));
#13239=CARTESIAN_POINT('',(-0.0168064652435815,0.0736476183142044,0.0198590400917114));
#13240=CARTESIAN_POINT('',(-0.019304578383124,-0.006,0.0197899334891267));
#13241=CARTESIAN_POINT('',(-0.018994317614909,0.0736476183142044,0.0200876552647942));
#13242=CARTESIAN_POINT('',(-0.01613707507483,-0.006,0.022447784346869));
#13243=CARTESIAN_POINT('',(-0.01648415000475,0.0736476183142044,0.0221939359806718));
#13244=CARTESIAN_POINT('',(-0.0165768721338567,0.0736476183142044,0.022320710586094));
#13245=CARTESIAN_POINT('',(-0.0164156300472766,0.0736476183142044,0.0221002518660389));
#13246=CARTESIAN_POINT('',(-0.0191030652004651,0.0736476183142044,0.0202009829156203));
#13247=CARTESIAN_POINT('',(-0.0189139551382335,0.0736476183142044,0.020003908203656));
#13248=CARTESIAN_POINT('',(-0.0177801941251343,0.0736476183142044,0.021091848983099));
#13249=CARTESIAN_POINT('',(-4.69695070791655E-13,0.0736476183142044,5.56946017660249E-13));
#13250=CARTESIAN_POINT('',(-0.0176839180955248,0.0736476183142044,0.0211726341640356));
#13251=CARTESIAN_POINT('',(0.,-0.006,1.71916681577799E-18));
#13252=CARTESIAN_POINT('',(0.,-0.006,0.));
#13253=CARTESIAN_POINT('',(-0.0227969308313821,-0.006,0.0163880665733956));
#13254=CARTESIAN_POINT('',(0.,1.7347234759768E-18,1.71916681577799E-18));
#13255=CARTESIAN_POINT('',(-0.0231967547783027,-0.006,0.0158170588005531));
#13256=CARTESIAN_POINT('',(-0.0201872744970793,0.0736476183142044,0.017084246047693));
#13257=CARTESIAN_POINT('',(-0.0198590400917115,0.0736476183142044,0.0168064652435813));
#13258=CARTESIAN_POINT('',(-0.0198464683143443,0.0736476183142044,0.0168220416506862));
#13259=CARTESIAN_POINT('',(-0.0203301813906163,0.0736476183142044,0.0169139362439138));
#13260=CARTESIAN_POINT('',(-0.0200127800950007,0.0736476183142044,0.0166238389885984));
#13261=CARTESIAN_POINT('',(-0.0199996233947494,0.0736476183142044,0.0166389245871271));
#13262=CARTESIAN_POINT('',(-0.022447784346869,-0.006,0.0161370750748299));
#13263=CARTESIAN_POINT('',(-0.0221939359806718,0.0736476183142044,0.01648415000475));
#13264=CARTESIAN_POINT('',(-0.0197899334891267,-0.006,0.019304578383124));
#13265=CARTESIAN_POINT('',(-0.0200876552647942,0.0736476183142044,0.018994317614909));
#13266=CARTESIAN_POINT('',(-0.0202009829156203,0.0736476183142044,0.0191030652004651));
#13267=CARTESIAN_POINT('',(-0.020003908203656,0.0736476183142044,0.0189139551382335));
#13268=CARTESIAN_POINT('',(-0.022320710586094,0.0736476183142044,0.0165768721338567));
#13269=CARTESIAN_POINT('',(-0.0221002518660389,0.0736476183142044,0.0164156300472767));
#13270=CARTESIAN_POINT('',(-0.0211726341640356,0.0736476183142044,0.0176839180955248));
#13271=CARTESIAN_POINT('',(-5.59272008292795E-13,0.0736476183142044,4.66923063098977E-13));
#13272=CARTESIAN_POINT('',(-0.021091848983099,0.0736476183142044,0.0177801941251343));
#13273=CARTESIAN_POINT('',(0.,-0.006,1.71916681577799E-18));
#13274=CARTESIAN_POINT('',(0.,-0.006,0.));
#13275=CARTESIAN_POINT('',(-0.0252963521235826,-0.006,0.0121804495230917));
#13276=CARTESIAN_POINT('',(0.,1.7347234759768E-18,1.71916681577799E-18));
#13277=CARTESIAN_POINT('',(-0.0255909473871622,-0.006,0.0115486879415957));
#13278=CARTESIAN_POINT('',(-0.0228472326299046,0.0736476183142044,0.0133192145336563));
#13279=CARTESIAN_POINT('',(-0.0224757487122683,0.0736476183142044,0.0131026511504688));
#13280=CARTESIAN_POINT('',(-0.0224660727431563,0.0736476183142044,0.0131201739831797));
#13281=CARTESIAN_POINT('',(-0.0229583944595536,0.0736476183142044,0.0131266765968418));
#13282=CARTESIAN_POINT('',(-0.0225954403430836,0.0736476183142044,0.0128961027272524));
#13283=CARTESIAN_POINT('',(-0.0225851031093657,0.0736476183142044,0.0129132437786651));
#13284=CARTESIAN_POINT('',(-0.0249089257423614,-0.006,0.0119938998001386));
#13285=CARTESIAN_POINT('',(-0.0247192028323353,0.0736476183142044,0.0123797821881939));
#13286=CARTESIAN_POINT('',(-0.0228414847885458,-0.006,0.0155748125737959));
#13287=CARTESIAN_POINT('',(-0.0230808072844617,0.0736476183142044,0.0152175665200058));
#13288=CARTESIAN_POINT('',(-0.0232112970536833,0.0736476183142044,0.0153049828453375));
#13289=CARTESIAN_POINT('',(-0.0229843777317333,0.0736476183142044,0.0151529674544761));
#13290=CARTESIAN_POINT('',(-0.0248601524753889,0.0736476183142044,0.0124490814806079));
#13291=CARTESIAN_POINT('',(-0.0246150436241617,0.0736476183142044,0.0123285712786203));
#13292=CARTESIAN_POINT('',(-0.0239217544277326,0.0736476183142044,0.0137386703051123));
#13293=CARTESIAN_POINT('',(-6.31855748827251E-13,0.0736476183142044,3.62712887539913E-13));
#13294=CARTESIAN_POINT('',(-0.0238589147123124,0.0736476183142044,0.0138475118849532));
#13295=CARTESIAN_POINT('',(0.,-0.006,1.71916681577799E-18));
#13296=CARTESIAN_POINT('',(0.,-0.006,0.));
#13297=CARTESIAN_POINT('',(-0.0270271565570799,-0.006,0.0076027356776334));
#13298=CARTESIAN_POINT('',(0.,1.7347234759768E-18,1.71916681577799E-18));
#13299=CARTESIAN_POINT('',(-0.0272075720093071,-0.006,0.00692941604345107));
#13300=CARTESIAN_POINT('',(-0.0248129891605278,0.0736476183142044,0.00914948542586222));
#13301=CARTESIAN_POINT('',(-0.0244095430814804,0.0736476183142044,0.00900071963241079));
#13302=CARTESIAN_POINT('',(-0.0244030569200488,0.0736476183142044,0.00901965646832265));
#13303=CARTESIAN_POINT('',(-0.0248890283303457,0.0736476183142044,0.00894056952379368));
#13304=CARTESIAN_POINT('',(-0.0244915495701865,0.0736476183142044,0.00877652491028173));
#13305=CARTESIAN_POINT('',(-0.0244843458946175,0.0736476183142044,0.00879520059240499));
#13306=CARTESIAN_POINT('',(-0.0266132220336967,-0.006,0.00748629594922606));
#13307=CARTESIAN_POINT('',(-0.0264933892144585,0.0736476183142044,0.00789926095432143));
#13308=CARTESIAN_POINT('',(-0.0251990091310139,-0.006,0.0113718139656483));
#13309=CARTESIAN_POINT('',(-0.0253726606542427,0.0736476183142044,0.0109784373668522));
#13310=CARTESIAN_POINT('',(-0.0255163476762532,0.0736476183142044,0.0110418663311493));
#13311=CARTESIAN_POINT('',(-0.0252664785730882,0.0736476183142044,0.0109315645223858));
#13312=CARTESIAN_POINT('',(-0.0266442312115634,0.0736476183142044,0.00794303178611));
#13313=CARTESIAN_POINT('',(-0.0263819197375775,0.0736476183142044,0.00786691511022123));
#13314=CARTESIAN_POINT('',(-0.0259440242881347,0.0736476183142044,0.00937597996958156));
#13315=CARTESIAN_POINT('',(-6.85240872168028E-13,0.0736476183142044,2.47481864434524E-13));
#13316=CARTESIAN_POINT('',(-0.0259010393911856,0.0736476183142044,0.00949408000332678));
#13317=CARTESIAN_POINT('',(0.,-0.006,1.71916681577799E-18));
#13318=CARTESIAN_POINT('',(0.,-0.006,0.));
#13319=CARTESIAN_POINT('',(-0.0279367545149914,-0.006,0.00279401655578015));
#13320=CARTESIAN_POINT('',(0.,1.7347234759768E-18,1.71916681577799E-18));
#13321=CARTESIAN_POINT('',(-0.0279975083236448,-0.006,0.00209959734527985));
#13322=CARTESIAN_POINT('',(-0.0260248155714869,0.0736476183142044,0.00470175383326636));
#13323=CARTESIAN_POINT('',(-0.0256016658359865,0.0736476183142044,0.00462530580290583));
#13324=CARTESIAN_POINT('',(-0.0255985665609683,0.0736476183142044,0.004645081255842));
#13325=CARTESIAN_POINT('',(-0.0260634216697762,0.0736476183142044,0.00448280776991155));
#13326=CARTESIAN_POINT('',(-0.0256434954569212,0.0736476183142044,0.00439027682504804));
#13327=CARTESIAN_POINT('',(-0.0256396442195382,0.0736476183142044,0.00440991968673088));
#13328=CARTESIAN_POINT('',(-0.0275088890404783,-0.006,0.00275122478414489));
#13329=CARTESIAN_POINT('',(-0.0274625873716022,0.0736476183142044,0.00317872467357096));
#13330=CARTESIAN_POINT('',(-0.0267908743323502,-0.006,0.00682328854457002));
#13331=CARTESIAN_POINT('',(-0.0268935785692305,0.0736476183142044,0.00640573394966435));
#13332=CARTESIAN_POINT('',(-0.0270460969865752,0.0736476183142044,0.00644324829594312));
#13333=CARTESIAN_POINT('',(-0.0267808702484548,0.0736476183142044,0.00637801153392145));
#13334=CARTESIAN_POINT('',(-0.027618738465006,0.0736476183142044,0.00319563709015922));
#13335=CARTESIAN_POINT('',(-0.0273471945696625,0.0736476183142044,0.00316622670704923));
#13336=CARTESIAN_POINT('',(-0.0271779980988515,0.0736476183142044,0.00472840522714993));
#13337=CARTESIAN_POINT('',(-7.1780529835659E-13,0.0736476183142044,1.2473123011016E-13));
#13338=CARTESIAN_POINT('',(-0.0271561740947159,0.0736476183142044,0.00485217530503563));
#13339=CARTESIAN_POINT('',(0.,-0.006,1.71916681577799E-18));
#13340=CARTESIAN_POINT('',(0.,-0.006,0.));
#13341=CARTESIAN_POINT('',(-0.0279975083236448,-0.006,-0.00209959734527985));
#13342=CARTESIAN_POINT('',(0.,1.7347234759768E-18,1.71916681577799E-18));
#13343=CARTESIAN_POINT('',(-0.0279367545149914,-0.006,-0.00279401655578018));
#13344=CARTESIAN_POINT('',(-0.0264458911304983,0.0736476183142044,0.000111161829648948));
#13345=CARTESIAN_POINT('',(-0.0260158949291341,0.0736476183142044,0.000109354397097252));
#13346=CARTESIAN_POINT('',(-0.0260162767104325,0.0736476183142044,0.00012936759992714));
#13347=CARTESIAN_POINT('',(-0.0264458911304983,0.0736476183142044,-0.000111161829649155));
#13348=CARTESIAN_POINT('',(-0.0260162767104325,0.0736476183142044,-0.000129367599927423));
#13349=CARTESIAN_POINT('',(-0.0260158949291342,0.0736476183142044,-0.000109354397097512));
#13350=CARTESIAN_POINT('',(-0.0275687123739344,-0.006,-0.00206744095381561));
#13351=CARTESIAN_POINT('',(-0.0275973487081995,0.0736476183142044,-0.0016383955478737));
#13352=CARTESIAN_POINT('',(-0.0275687123739344,-0.006,0.0020674409538156));
#13353=CARTESIAN_POINT('',(-0.0275973487081995,0.0736476183142044,0.00163839554787369));
#13354=CARTESIAN_POINT('',(-0.0277540643259454,0.0736476183142044,0.00164885542170566));
#13355=CARTESIAN_POINT('',(-0.0274815387330964,0.0736476183142044,0.00163066589242846));
#13356=CARTESIAN_POINT('',(-0.0277540643259454,0.0736476183142044,-0.00164885542170567));
#13357=CARTESIAN_POINT('',(-0.0274815387330964,0.0736476183142044,-0.00163066589242847));
#13358=CARTESIAN_POINT('',(-0.0275861821900655,0.0736476183142044,-6.28397154201641E-5));
#13359=CARTESIAN_POINT('',(-7.28559573781595E-13,0.0736476183142044,-1.80929952405346E-15));
#13360=CARTESIAN_POINT('',(-0.0275861821900655,0.0736476183142044,6.28397154201542E-5));
#13361=CARTESIAN_POINT('',(0.,-0.006,1.71916681577799E-18));
#13362=CARTESIAN_POINT('',(0.,-0.006,0.));
#13363=CARTESIAN_POINT('',(-0.0272075720093071,-0.006,-0.0069294160434511));
#13364=CARTESIAN_POINT('',(0.,1.7347234759768E-18,1.71916681577799E-18));
#13365=CARTESIAN_POINT('',(-0.0270271565570799,-0.006,-0.00760273567763345));
#13366=CARTESIAN_POINT('',(-0.0260634216697762,0.0736476183142044,-0.00448280776991175));
#13367=CARTESIAN_POINT('',(-0.0256396442195381,0.0736476183142044,-0.00440991968673114));
#13368=CARTESIAN_POINT('',(-0.0256434954569212,0.0736476183142044,-0.00439027682504833));
#13369=CARTESIAN_POINT('',(-0.0260248155714868,0.0736476183142044,-0.00470175383326657));
#13370=CARTESIAN_POINT('',(-0.0255985665609682,0.0736476183142044,-0.00464508125584229));
#13371=CARTESIAN_POINT('',(-0.0256016658359865,0.0736476183142044,-0.00462530580290608));
#13372=CARTESIAN_POINT('',(-0.0267908743323502,-0.006,-0.00682328854457003));
#13373=CARTESIAN_POINT('',(-0.0268935785692305,0.0736476183142044,-0.00640573394966436));
#13374=CARTESIAN_POINT('',(-0.0275088890404783,-0.006,-0.0027512247841449));
#13375=CARTESIAN_POINT('',(-0.0274625873716022,0.0736476183142044,-0.00317872467357097));
#13376=CARTESIAN_POINT('',(-0.027618738465006,0.0736476183142044,-0.00319563709015923));
#13377=CARTESIAN_POINT('',(-0.0273471945696625,0.0736476183142044,-0.00316622670704923));
#13378=CARTESIAN_POINT('',(-0.0270460969865752,0.0736476183142044,-0.00644324829594313));
#13379=CARTESIAN_POINT('',(-0.0267808702484548,0.0736476183142044,-0.00637801153392148));
#13380=CARTESIAN_POINT('',(-0.0271561740947159,0.0736476183142044,-0.00485217530503565));
#13381=CARTESIAN_POINT('',(-7.17176935226179E-13,0.0736476183142044,-1.28294854507778E-13));
#13382=CARTESIAN_POINT('',(-0.0271779980988515,0.0736476183142044,-0.00472840522714994));
#13383=CARTESIAN_POINT('',(0.,-0.006,1.71916681577799E-18));
#13384=CARTESIAN_POINT('',(0.,-0.006,0.));
#13385=CARTESIAN_POINT('',(-0.0255909473871622,-0.006,-0.0115486879415958));
#13386=CARTESIAN_POINT('',(0.,1.7347234759768E-18,1.71916681577799E-18));
#13387=CARTESIAN_POINT('',(-0.0252963521235825,-0.006,-0.0121804495230917));
#13388=CARTESIAN_POINT('',(-0.0248890283303456,0.0736476183142044,-0.00894056952379389));
#13389=CARTESIAN_POINT('',(-0.0244843458946174,0.0736476183142044,-0.00879520059240523));
#13390=CARTESIAN_POINT('',(-0.0244915495701864,0.0736476183142044,-0.00877652491028202));
#13391=CARTESIAN_POINT('',(-0.0248129891605278,0.0736476183142044,-0.00914948542586244));
#13392=CARTESIAN_POINT('',(-0.0244030569200488,0.0736476183142044,-0.00901965646832295));
#13393=CARTESIAN_POINT('',(-0.0244095430814803,0.0736476183142044,-0.00900071963241104));
#13394=CARTESIAN_POINT('',(-0.0251990091310139,-0.006,-0.0113718139656483));
#13395=CARTESIAN_POINT('',(-0.0253726606542427,0.0736476183142044,-0.0109784373668522));
#13396=CARTESIAN_POINT('',(-0.0266132220336967,-0.006,-0.0074862959492261));
#13397=CARTESIAN_POINT('',(-0.0264933892144585,0.0736476183142044,-0.00789926095432146));
#13398=CARTESIAN_POINT('',(-0.0266442312115634,0.0736476183142044,-0.00794303178611003));
#13399=CARTESIAN_POINT('',(-0.0263819197375775,0.0736476183142044,-0.00786691511022126));
#13400=CARTESIAN_POINT('',(-0.0255163476762532,0.0736476183142044,-0.0110418663311493));
#13401=CARTESIAN_POINT('',(-0.0252664785730882,0.0736476183142044,-0.0109315645223859));
#13402=CARTESIAN_POINT('',(-0.0259010393911856,0.0736476183142044,-0.00949408000332682));
#13403=CARTESIAN_POINT('',(-6.84003238402956E-13,0.0736476183142044,-2.50882235257614E-13));
#13404=CARTESIAN_POINT('',(-0.0259440242881347,0.0736476183142044,-0.0093759799695816));
#13405=CARTESIAN_POINT('',(0.,-0.006,1.71916681577799E-18));
#13406=CARTESIAN_POINT('',(0.,-0.006,0.));
#13407=CARTESIAN_POINT('',(-0.0231967547783027,-0.006,-0.0158170588005531));
#13408=CARTESIAN_POINT('',(0.,1.7347234759768E-18,1.71916681577799E-18));
#13409=CARTESIAN_POINT('',(-0.0227969308313821,-0.006,-0.0163880665733956));
#13410=CARTESIAN_POINT('',(-0.0229583944595535,0.0736476183142044,-0.013126676596842));
#13411=CARTESIAN_POINT('',(-0.0225851031093656,0.0736476183142044,-0.0129132437786653));
#13412=CARTESIAN_POINT('',(-0.0225954403430834,0.0736476183142044,-0.0128961027272527));
#13413=CARTESIAN_POINT('',(-0.0228472326299045,0.0736476183142044,-0.0133192145336565));
#13414=CARTESIAN_POINT('',(-0.0224660727431561,0.0736476183142044,-0.01312017398318));
#13415=CARTESIAN_POINT('',(-0.0224757487122682,0.0736476183142044,-0.0131026511504691));
#13416=CARTESIAN_POINT('',(-0.0228414847885458,-0.006,-0.0155748125737959));
#13417=CARTESIAN_POINT('',(-0.0230808072844617,0.0736476183142044,-0.0152175665200058));
#13418=CARTESIAN_POINT('',(-0.0249089257423614,-0.006,-0.0119938998001386));
#13419=CARTESIAN_POINT('',(-0.0247192028323353,0.0736476183142044,-0.0123797821881939));
#13420=CARTESIAN_POINT('',(-0.0248601524753889,0.0736476183142044,-0.0124490814806079));
#13421=CARTESIAN_POINT('',(-0.0246150436241617,0.0736476183142044,-0.0123285712786203));
#13422=CARTESIAN_POINT('',(-0.0232112970536833,0.0736476183142044,-0.0153049828453375));
#13423=CARTESIAN_POINT('',(-0.0229843777317333,0.0736476183142044,-0.0151529674544762));
#13424=CARTESIAN_POINT('',(-0.0238589147123124,0.0736476183142044,-0.0138475118849532));
#13425=CARTESIAN_POINT('',(-6.30046449303198E-13,0.0736476183142044,-3.65846686241683E-13));
#13426=CARTESIAN_POINT('',(-0.0239217544277326,0.0736476183142044,-0.0137386703051123));
#13427=CARTESIAN_POINT('',(0.,-0.006,1.71916681577799E-18));
#13428=CARTESIAN_POINT('',(0.,-0.006,0.));
#13429=CARTESIAN_POINT('',(-0.0200977405136287,-0.006,-0.0196048363316737));
#13430=CARTESIAN_POINT('',(0.,1.7347234759768E-18,1.71916681577799E-18));
#13431=CARTESIAN_POINT('',(-0.0196048363316737,-0.006,-0.0200977405136287));
#13432=CARTESIAN_POINT('',(-0.0203301813906161,0.0736476183142044,-0.0169139362439139));
#13433=CARTESIAN_POINT('',(-0.0199996233947493,0.0736476183142044,-0.0166389245871273));
#13434=CARTESIAN_POINT('',(-0.0200127800950005,0.0736476183142044,-0.0166238389885985));
#13435=CARTESIAN_POINT('',(-0.0201872744970791,0.0736476183142044,-0.0170842460476932));
#13436=CARTESIAN_POINT('',(-0.0198464683143441,0.0736476183142044,-0.0168220416506865));
#13437=CARTESIAN_POINT('',(-0.0198590400917114,0.0736476183142044,-0.0168064652435815));
#13438=CARTESIAN_POINT('',(-0.0197899334891267,-0.006,-0.019304578383124));
#13439=CARTESIAN_POINT('',(-0.0200876552647942,0.0736476183142044,-0.018994317614909));
#13440=CARTESIAN_POINT('',(-0.022447784346869,-0.006,-0.01613707507483));
#13441=CARTESIAN_POINT('',(-0.0221939359806718,0.0736476183142044,-0.01648415000475));
#13442=CARTESIAN_POINT('',(-0.022320710586094,0.0736476183142044,-0.0165768721338567));
#13443=CARTESIAN_POINT('',(-0.0221002518660389,0.0736476183142044,-0.0164156300472766));
#13444=CARTESIAN_POINT('',(-0.0202009829156203,0.0736476183142044,-0.0191030652004651));
#13445=CARTESIAN_POINT('',(-0.020003908203656,0.0736476183142044,-0.0189139551382335));
#13446=CARTESIAN_POINT('',(-0.021091848983099,0.0736476183142044,-0.0177801941251343));
#13447=CARTESIAN_POINT('',(-5.56946017660249E-13,0.0736476183142044,-4.69695070791655E-13));
#13448=CARTESIAN_POINT('',(-0.0211726341640356,0.0736476183142044,-0.0176839180955248));
#13449=CARTESIAN_POINT('',(0.,-0.006,1.71916681577799E-18));
#13450=CARTESIAN_POINT('',(0.,-0.006,0.));
#13451=CARTESIAN_POINT('',(-0.0163880665733956,-0.006,-0.022796930831382));
#13452=CARTESIAN_POINT('',(0.,1.7347234759768E-18,1.71916681577799E-18));
#13453=CARTESIAN_POINT('',(-0.0158170588005531,-0.006,-0.0231967547783027));
#13454=CARTESIAN_POINT('',(-0.017084246047693,0.0736476183142044,-0.0201872744970793));
#13455=CARTESIAN_POINT('',(-0.0168064652435813,0.0736476183142044,-0.0198590400917115));
#13456=CARTESIAN_POINT('',(-0.0168220416506862,0.0736476183142044,-0.0198464683143443));
#13457=CARTESIAN_POINT('',(-0.0169139362439138,0.0736476183142044,-0.0203301813906163));
#13458=CARTESIAN_POINT('',(-0.0166238389885984,0.0736476183142044,-0.0200127800950007));
#13459=CARTESIAN_POINT('',(-0.0166389245871271,0.0736476183142044,-0.0199996233947494));
#13460=CARTESIAN_POINT('',(-0.01613707507483,-0.006,-0.022447784346869));
#13461=CARTESIAN_POINT('',(-0.01648415000475,0.0736476183142044,-0.0221939359806718));
#13462=CARTESIAN_POINT('',(-0.019304578383124,-0.006,-0.0197899334891267));
#13463=CARTESIAN_POINT('',(-0.018994317614909,0.0736476183142044,-0.0200876552647942));
#13464=CARTESIAN_POINT('',(-0.0191030652004651,0.0736476183142044,-0.0202009829156203));
#13465=CARTESIAN_POINT('',(-0.0189139551382335,0.0736476183142044,-0.020003908203656));
#13466=CARTESIAN_POINT('',(-0.0165768721338567,0.0736476183142044,-0.022320710586094));
#13467=CARTESIAN_POINT('',(-0.0164156300472767,0.0736476183142044,-0.0221002518660389));
#13468=CARTESIAN_POINT('',(-0.0176839180955248,0.0736476183142044,-0.0211726341640356));
#13469=CARTESIAN_POINT('',(-4.66923063098977E-13,0.0736476183142044,-5.59272008292795E-13));
#13470=CARTESIAN_POINT('',(-0.0177801941251343,0.0736476183142044,-0.021091848983099));
#13471=CARTESIAN_POINT('',(0.,-0.006,1.71916681577799E-18));
#13472=CARTESIAN_POINT('',(0.,-0.006,0.));
#13473=CARTESIAN_POINT('',(-0.0121804495230916,-0.006,-0.0252963521235826));
#13474=CARTESIAN_POINT('',(0.,1.7347234759768E-18,1.71916681577799E-18));
#13475=CARTESIAN_POINT('',(-0.0115486879415957,-0.006,-0.0255909473871622));
#13476=CARTESIAN_POINT('',(-0.0133192145336563,0.0736476183142044,-0.0228472326299046));
#13477=CARTESIAN_POINT('',(-0.0131026511504688,0.0736476183142044,-0.0224757487122683));
#13478=CARTESIAN_POINT('',(-0.0131201739831797,0.0736476183142044,-0.0224660727431563));
#13479=CARTESIAN_POINT('',(-0.0131266765968418,0.0736476183142044,-0.0229583944595536));
#13480=CARTESIAN_POINT('',(-0.0128961027272524,0.0736476183142044,-0.0225954403430836));
#13481=CARTESIAN_POINT('',(-0.0129132437786651,0.0736476183142044,-0.0225851031093657));
#13482=CARTESIAN_POINT('',(-0.0119938998001385,-0.006,-0.0249089257423614));
#13483=CARTESIAN_POINT('',(-0.0123797821881938,0.0736476183142044,-0.0247192028323353));
#13484=CARTESIAN_POINT('',(-0.0155748125737959,-0.006,-0.0228414847885458));
#13485=CARTESIAN_POINT('',(-0.0152175665200058,0.0736476183142044,-0.0230808072844617));
#13486=CARTESIAN_POINT('',(-0.0153049828453375,0.0736476183142044,-0.0232112970536833));
#13487=CARTESIAN_POINT('',(-0.0151529674544761,0.0736476183142044,-0.0229843777317333));
#13488=CARTESIAN_POINT('',(-0.0124490814806079,0.0736476183142044,-0.024860152475389));
#13489=CARTESIAN_POINT('',(-0.0123285712786203,0.0736476183142044,-0.0246150436241617));
#13490=CARTESIAN_POINT('',(-0.0137386703051123,0.0736476183142044,-0.0239217544277326));
#13491=CARTESIAN_POINT('',(-3.62712887539912E-13,0.0736476183142044,-6.31855748827251E-13));
#13492=CARTESIAN_POINT('',(-0.0138475118849531,0.0736476183142044,-0.0238589147123125));
#13493=CARTESIAN_POINT('',(0.,-0.006,1.71916681577799E-18));
#13494=CARTESIAN_POINT('',(0.,-0.006,0.));
#13495=CARTESIAN_POINT('',(-0.00760273567763341,-0.006,-0.0270271565570799));
#13496=CARTESIAN_POINT('',(0.,1.7347234759768E-18,1.71916681577799E-18));
#13497=CARTESIAN_POINT('',(-0.00692941604345107,-0.006,-0.0272075720093071));
#13498=CARTESIAN_POINT('',(-0.00914948542586223,0.0736476183142044,-0.0248129891605278));
#13499=CARTESIAN_POINT('',(-0.0090007196324108,0.0736476183142044,-0.0244095430814804));
#13500=CARTESIAN_POINT('',(-0.00901965646832266,0.0736476183142044,-0.0244030569200488));
#13501=CARTESIAN_POINT('',(-0.00894056952379369,0.0736476183142044,-0.0248890283303457));
#13502=CARTESIAN_POINT('',(-0.00877652491028175,0.0736476183142044,-0.0244915495701865));
#13503=CARTESIAN_POINT('',(-0.008795200592405,0.0736476183142044,-0.0244843458946175));
#13504=CARTESIAN_POINT('',(-0.00748629594922608,-0.006,-0.0266132220336967));
#13505=CARTESIAN_POINT('',(-0.00789926095432146,0.0736476183142044,-0.0264933892144585));
#13506=CARTESIAN_POINT('',(-0.0113718139656483,-0.006,-0.0251990091310139));
#13507=CARTESIAN_POINT('',(-0.0109784373668522,0.0736476183142044,-0.0253726606542427));
#13508=CARTESIAN_POINT('',(-0.0110418663311493,0.0736476183142044,-0.0255163476762532));
#13509=CARTESIAN_POINT('',(-0.0109315645223858,0.0736476183142044,-0.0252664785730882));
#13510=CARTESIAN_POINT('',(-0.00794303178611002,0.0736476183142044,-0.0266442312115634));
#13511=CARTESIAN_POINT('',(-0.00786691511022125,0.0736476183142044,-0.0263819197375775));
#13512=CARTESIAN_POINT('',(-0.00937597996958158,0.0736476183142044,-0.0259440242881347));
#13513=CARTESIAN_POINT('',(-2.47481864434525E-13,0.0736476183142044,-6.85240872168027E-13));
#13514=CARTESIAN_POINT('',(-0.0094940800033268,0.0736476183142044,-0.0259010393911856));
#13515=CARTESIAN_POINT('',(0.,-0.006,1.71916681577799E-18));
#13516=CARTESIAN_POINT('',(0.,-0.006,0.));
#13517=CARTESIAN_POINT('',(-0.00279401655578019,-0.006,-0.0279367545149914));
#13518=CARTESIAN_POINT('',(0.,1.7347234759768E-18,1.71916681577799E-18));
#13519=CARTESIAN_POINT('',(-0.00209959734527986,-0.006,-0.0279975083236448));
#13520=CARTESIAN_POINT('',(-0.00470175383326637,0.0736476183142044,-0.0260248155714869));
#13521=CARTESIAN_POINT('',(-0.00462530580290583,0.0736476183142044,-0.0256016658359865));
#13522=CARTESIAN_POINT('',(-0.004645081255842,0.0736476183142044,-0.0255985665609683));
#13523=CARTESIAN_POINT('',(-0.00448280776991155,0.0736476183142044,-0.0260634216697762));
#13524=CARTESIAN_POINT('',(-0.00439027682504805,0.0736476183142044,-0.0256434954569212));
#13525=CARTESIAN_POINT('',(-0.00440991968673088,0.0736476183142044,-0.0256396442195382));
#13526=CARTESIAN_POINT('',(-0.00275122478414489,-0.006,-0.0275088890404783));
#13527=CARTESIAN_POINT('',(-0.00317872467357096,0.0736476183142044,-0.0274625873716022));
#13528=CARTESIAN_POINT('',(-0.00682328854457002,-0.006,-0.0267908743323502));
#13529=CARTESIAN_POINT('',(-0.00640573394966435,0.0736476183142044,-0.0268935785692305));
#13530=CARTESIAN_POINT('',(-0.00644324829594312,0.0736476183142044,-0.0270460969865752));
#13531=CARTESIAN_POINT('',(-0.00637801153392145,0.0736476183142044,-0.0267808702484548));
#13532=CARTESIAN_POINT('',(-0.00319563709015922,0.0736476183142044,-0.027618738465006));
#13533=CARTESIAN_POINT('',(-0.00316622670704923,0.0736476183142044,-0.0273471945696625));
#13534=CARTESIAN_POINT('',(-0.00472840522714993,0.0736476183142044,-0.0271779980988515));
#13535=CARTESIAN_POINT('',(-1.2473123011016E-13,0.0736476183142044,-7.1780529835659E-13));
#13536=CARTESIAN_POINT('',(-0.00485217530503564,0.0736476183142044,-0.0271561740947159));
#13537=CARTESIAN_POINT('',(0.,-0.006,1.71916681577799E-18));
#13538=CARTESIAN_POINT('',(0.,-0.006,0.));
#13539=CARTESIAN_POINT('',(0.00209959734527985,-0.006,-0.0279975083236448));
#13540=CARTESIAN_POINT('',(0.,1.7347234759768E-18,1.71916681577799E-18));
#13541=CARTESIAN_POINT('',(0.00279401655578019,-0.006,-0.0279367545149914));
#13542=CARTESIAN_POINT('',(-0.00011116182964895,0.0736476183142044,-0.0264458911304983));
#13543=CARTESIAN_POINT('',(-0.000109354397097254,0.0736476183142044,-0.0260158949291341));
#13544=CARTESIAN_POINT('',(-0.000129367599927142,0.0736476183142044,-0.0260162767104325));
#13545=CARTESIAN_POINT('',(0.000111161829649153,0.0736476183142044,-0.0264458911304983));
#13546=CARTESIAN_POINT('',(0.000129367599927419,0.0736476183142044,-0.0260162767104325));
#13547=CARTESIAN_POINT('',(0.000109354397097511,0.0736476183142044,-0.0260158949291342));
#13548=CARTESIAN_POINT('',(0.00206744095381561,-0.006,-0.0275687123739344));
#13549=CARTESIAN_POINT('',(0.0016383955478737,0.0736476183142044,-0.0275973487081995));
#13550=CARTESIAN_POINT('',(-0.0020674409538156,-0.006,-0.0275687123739344));
#13551=CARTESIAN_POINT('',(-0.00163839554787369,0.0736476183142044,-0.0275973487081995));
#13552=CARTESIAN_POINT('',(-0.00164885542170566,0.0736476183142044,-0.0277540643259454));
#13553=CARTESIAN_POINT('',(-0.00163066589242846,0.0736476183142044,-0.0274815387330964));
#13554=CARTESIAN_POINT('',(0.00164885542170567,0.0736476183142044,-0.0277540643259454));
#13555=CARTESIAN_POINT('',(0.00163066589242847,0.0736476183142044,-0.0274815387330964));
#13556=CARTESIAN_POINT('',(6.28397154201624E-5,0.0736476183142044,-0.0275861821900655));
#13557=CARTESIAN_POINT('',(1.80929952405342E-15,0.0736476183142044,-7.28559573781595E-13));
#13558=CARTESIAN_POINT('',(-6.28397154201559E-5,0.0736476183142044,-0.0275861821900655));
#13559=CARTESIAN_POINT('',(0.,-0.006,1.71916681577799E-18));
#13560=CARTESIAN_POINT('',(0.,-0.006,0.));
#13561=CARTESIAN_POINT('',(0.00692941604345109,-0.006,-0.0272075720093071));
#13562=CARTESIAN_POINT('',(0.,1.7347234759768E-18,1.71916681577799E-18));
#13563=CARTESIAN_POINT('',(0.00760273567763343,-0.006,-0.0270271565570799));
#13564=CARTESIAN_POINT('',(0.00448280776991176,0.0736476183142044,-0.0260634216697762));
#13565=CARTESIAN_POINT('',(0.00440991968673114,0.0736476183142044,-0.0256396442195381));
#13566=CARTESIAN_POINT('',(0.00439027682504834,0.0736476183142044,-0.0256434954569212));
#13567=CARTESIAN_POINT('',(0.00470175383326658,0.0736476183142044,-0.0260248155714868));
#13568=CARTESIAN_POINT('',(0.0046450812558423,0.0736476183142044,-0.0255985665609682));
#13569=CARTESIAN_POINT('',(0.00462530580290608,0.0736476183142044,-0.0256016658359865));
#13570=CARTESIAN_POINT('',(0.00682328854457004,-0.006,-0.0267908743323502));
#13571=CARTESIAN_POINT('',(0.00640573394966437,0.0736476183142044,-0.0268935785692305));
#13572=CARTESIAN_POINT('',(0.00275122478414491,-0.006,-0.0275088890404783));
#13573=CARTESIAN_POINT('',(0.00317872467357097,0.0736476183142044,-0.0274625873716022));
#13574=CARTESIAN_POINT('',(0.00319563709015923,0.0736476183142044,-0.027618738465006));
#13575=CARTESIAN_POINT('',(0.00316622670704923,0.0736476183142044,-0.0273471945696625));
#13576=CARTESIAN_POINT('',(0.00644324829594314,0.0736476183142044,-0.0270460969865752));
#13577=CARTESIAN_POINT('',(0.00637801153392148,0.0736476183142044,-0.0267808702484548));
#13578=CARTESIAN_POINT('',(0.00485217530503565,0.0736476183142044,-0.0271561740947159));
#13579=CARTESIAN_POINT('',(1.28294854507779E-13,0.0736476183142044,-7.17176935226179E-13));
#13580=CARTESIAN_POINT('',(0.00472840522714995,0.0736476183142044,-0.0271779980988515));
#13581=CARTESIAN_POINT('',(0.,-0.006,1.71916681577799E-18));
#13582=CARTESIAN_POINT('',(0.,-0.006,0.));
#13583=CARTESIAN_POINT('',(0.0115486879415957,-0.006,-0.0255909473871622));
#13584=CARTESIAN_POINT('',(0.,1.7347234759768E-18,1.71916681577799E-18));
#13585=CARTESIAN_POINT('',(0.0121804495230916,-0.006,-0.0252963521235826));
#13586=CARTESIAN_POINT('',(0.00894056952379388,0.0736476183142044,-0.0248890283303456));
#13587=CARTESIAN_POINT('',(0.00879520059240523,0.0736476183142044,-0.0244843458946174));
#13588=CARTESIAN_POINT('',(0.008776524910282,0.0736476183142044,-0.0244915495701864));
#13589=CARTESIAN_POINT('',(0.00914948542586243,0.0736476183142044,-0.0248129891605278));
#13590=CARTESIAN_POINT('',(0.00901965646832292,0.0736476183142044,-0.0244030569200488));
#13591=CARTESIAN_POINT('',(0.00900071963241104,0.0736476183142044,-0.0244095430814803));
#13592=CARTESIAN_POINT('',(0.0113718139656483,-0.006,-0.0251990091310139));
#13593=CARTESIAN_POINT('',(0.0109784373668522,0.0736476183142044,-0.0253726606542427));
#13594=CARTESIAN_POINT('',(0.00748629594922608,-0.006,-0.0266132220336967));
#13595=CARTESIAN_POINT('',(0.00789926095432146,0.0736476183142044,-0.0264933892144585));
#13596=CARTESIAN_POINT('',(0.00794303178611002,0.0736476183142044,-0.0266442312115634));
#13597=CARTESIAN_POINT('',(0.00786691511022125,0.0736476183142044,-0.0263819197375775));
#13598=CARTESIAN_POINT('',(0.0110418663311493,0.0736476183142044,-0.0255163476762532));
#13599=CARTESIAN_POINT('',(0.0109315645223858,0.0736476183142044,-0.0252664785730882));
#13600=CARTESIAN_POINT('',(0.0094940800033268,0.0736476183142044,-0.0259010393911856));
#13601=CARTESIAN_POINT('',(2.50882235257614E-13,0.0736476183142044,-6.84003238402956E-13));
#13602=CARTESIAN_POINT('',(0.00937597996958158,0.0736476183142044,-0.0259440242881347));
#13603=CARTESIAN_POINT('',(0.,-0.006,1.71916681577799E-18));
#13604=CARTESIAN_POINT('',(0.,-0.006,0.));
#13605=CARTESIAN_POINT('',(0.0158170588005531,-0.006,-0.0231967547783027));
#13606=CARTESIAN_POINT('',(0.,1.7347234759768E-18,1.71916681577799E-18));
#13607=CARTESIAN_POINT('',(0.0163880665733956,-0.006,-0.022796930831382));
#13608=CARTESIAN_POINT('',(0.013126676596842,0.0736476183142044,-0.0229583944595535));
#13609=CARTESIAN_POINT('',(0.0129132437786653,0.0736476183142044,-0.0225851031093656));
#13610=CARTESIAN_POINT('',(0.0128961027272526,0.0736476183142044,-0.0225954403430835));
#13611=CARTESIAN_POINT('',(0.0133192145336565,0.0736476183142044,-0.0228472326299045));
#13612=CARTESIAN_POINT('',(0.01312017398318,0.0736476183142044,-0.0224660727431562));
#13613=CARTESIAN_POINT('',(0.0131026511504691,0.0736476183142044,-0.0224757487122682));
#13614=CARTESIAN_POINT('',(0.0155748125737959,-0.006,-0.0228414847885458));
#13615=CARTESIAN_POINT('',(0.0152175665200058,0.0736476183142044,-0.0230808072844617));
#13616=CARTESIAN_POINT('',(0.0119938998001386,-0.006,-0.0249089257423614));
#13617=CARTESIAN_POINT('',(0.0123797821881939,0.0736476183142044,-0.0247192028323353));
#13618=CARTESIAN_POINT('',(0.0124490814806079,0.0736476183142044,-0.0248601524753889));
#13619=CARTESIAN_POINT('',(0.0123285712786203,0.0736476183142044,-0.0246150436241617));
#13620=CARTESIAN_POINT('',(0.0153049828453375,0.0736476183142044,-0.0232112970536833));
#13621=CARTESIAN_POINT('',(0.0151529674544761,0.0736476183142044,-0.0229843777317333));
#13622=CARTESIAN_POINT('',(0.0138475118849532,0.0736476183142044,-0.0238589147123125));
#13623=CARTESIAN_POINT('',(3.65846686241683E-13,0.0736476183142044,-6.30046449303198E-13));
#13624=CARTESIAN_POINT('',(0.0137386703051123,0.0736476183142044,-0.0239217544277326));
#13625=CARTESIAN_POINT('',(0.,-0.006,1.71916681577799E-18));
#13626=CARTESIAN_POINT('',(0.,-0.006,0.));
#13627=CARTESIAN_POINT('',(0.0196048363316737,-0.006,-0.0200977405136287));
#13628=CARTESIAN_POINT('',(0.,1.7347234759768E-18,1.71916681577799E-18));
#13629=CARTESIAN_POINT('',(0.0200977405136287,-0.006,-0.0196048363316737));
#13630=CARTESIAN_POINT('',(0.0169139362439139,0.0736476183142044,-0.0203301813906161));
#13631=CARTESIAN_POINT('',(0.0166389245871273,0.0736476183142044,-0.0199996233947493));
#13632=CARTESIAN_POINT('',(0.0166238389885985,0.0736476183142044,-0.0200127800950005));
#13633=CARTESIAN_POINT('',(0.0170842460476932,0.0736476183142044,-0.0201872744970791));
#13634=CARTESIAN_POINT('',(0.0168220416506865,0.0736476183142044,-0.0198464683143441));
#13635=CARTESIAN_POINT('',(0.0168064652435815,0.0736476183142044,-0.0198590400917114));
#13636=CARTESIAN_POINT('',(0.019304578383124,-0.006,-0.0197899334891267));
#13637=CARTESIAN_POINT('',(0.018994317614909,0.0736476183142044,-0.0200876552647942));
#13638=CARTESIAN_POINT('',(0.01613707507483,-0.006,-0.022447784346869));
#13639=CARTESIAN_POINT('',(0.01648415000475,0.0736476183142044,-0.0221939359806718));
#13640=CARTESIAN_POINT('',(0.0165768721338567,0.0736476183142044,-0.022320710586094));
#13641=CARTESIAN_POINT('',(0.0164156300472766,0.0736476183142044,-0.0221002518660389));
#13642=CARTESIAN_POINT('',(0.0191030652004651,0.0736476183142044,-0.0202009829156203));
#13643=CARTESIAN_POINT('',(0.0189139551382335,0.0736476183142044,-0.020003908203656));
#13644=CARTESIAN_POINT('',(0.0177801941251343,0.0736476183142044,-0.021091848983099));
#13645=CARTESIAN_POINT('',(4.69695070791655E-13,0.0736476183142044,-5.56946017660249E-13));
#13646=CARTESIAN_POINT('',(0.0176839180955248,0.0736476183142044,-0.0211726341640356));
#13647=CARTESIAN_POINT('',(0.,-0.006,1.71916681577799E-18));
#13648=CARTESIAN_POINT('',(0.,-0.006,0.));
#13649=CARTESIAN_POINT('',(0.022796930831382,-0.006,-0.0163880665733956));
#13650=CARTESIAN_POINT('',(0.,1.7347234759768E-18,1.71916681577799E-18));
#13651=CARTESIAN_POINT('',(0.0231967547783027,-0.006,-0.0158170588005531));
#13652=CARTESIAN_POINT('',(0.0201872744970793,0.0736476183142044,-0.017084246047693));
#13653=CARTESIAN_POINT('',(0.0198590400917115,0.0736476183142044,-0.0168064652435813));
#13654=CARTESIAN_POINT('',(0.0198464683143443,0.0736476183142044,-0.0168220416506862));
#13655=CARTESIAN_POINT('',(0.0203301813906163,0.0736476183142044,-0.0169139362439138));
#13656=CARTESIAN_POINT('',(0.0200127800950007,0.0736476183142044,-0.0166238389885984));
#13657=CARTESIAN_POINT('',(0.0199996233947494,0.0736476183142044,-0.0166389245871271));
#13658=CARTESIAN_POINT('',(0.022447784346869,-0.006,-0.01613707507483));
#13659=CARTESIAN_POINT('',(0.0221939359806718,0.0736476183142044,-0.01648415000475));
#13660=CARTESIAN_POINT('',(0.0197899334891267,-0.006,-0.019304578383124));
#13661=CARTESIAN_POINT('',(0.0200876552647942,0.0736476183142044,-0.018994317614909));
#13662=CARTESIAN_POINT('',(0.0202009829156203,0.0736476183142044,-0.0191030652004651));
#13663=CARTESIAN_POINT('',(0.020003908203656,0.0736476183142044,-0.0189139551382335));
#13664=CARTESIAN_POINT('',(0.022320710586094,0.0736476183142044,-0.0165768721338567));
#13665=CARTESIAN_POINT('',(0.0221002518660389,0.0736476183142044,-0.0164156300472767));
#13666=CARTESIAN_POINT('',(0.0211726341640356,0.0736476183142044,-0.0176839180955248));
#13667=CARTESIAN_POINT('',(5.59272008292795E-13,0.0736476183142044,-4.66923063098977E-13));
#13668=CARTESIAN_POINT('',(0.021091848983099,0.0736476183142044,-0.0177801941251343));
#13669=CARTESIAN_POINT('',(0.,-0.006,1.71916681577799E-18));
#13670=CARTESIAN_POINT('',(0.,-0.006,0.));
#13671=CARTESIAN_POINT('',(0.0252963521235826,-0.006,-0.0121804495230916));
#13672=CARTESIAN_POINT('',(0.,1.7347234759768E-18,1.71916681577799E-18));
#13673=CARTESIAN_POINT('',(0.0255909473871622,-0.006,-0.0115486879415957));
#13674=CARTESIAN_POINT('',(0.0228472326299046,0.0736476183142044,-0.0133192145336563));
#13675=CARTESIAN_POINT('',(0.0224757487122683,0.0736476183142044,-0.0131026511504688));
#13676=CARTESIAN_POINT('',(0.0224660727431563,0.0736476183142044,-0.0131201739831797));
#13677=CARTESIAN_POINT('',(0.0229583944595536,0.0736476183142044,-0.0131266765968418));
#13678=CARTESIAN_POINT('',(0.0225954403430836,0.0736476183142044,-0.0128961027272524));
#13679=CARTESIAN_POINT('',(0.0225851031093657,0.0736476183142044,-0.0129132437786651));
#13680=CARTESIAN_POINT('',(0.0249089257423614,-0.006,-0.0119938998001385));
#13681=CARTESIAN_POINT('',(0.0247192028323353,0.0736476183142044,-0.0123797821881938));
#13682=CARTESIAN_POINT('',(0.0228414847885458,-0.006,-0.0155748125737959));
#13683=CARTESIAN_POINT('',(0.0230808072844617,0.0736476183142044,-0.0152175665200058));
#13684=CARTESIAN_POINT('',(0.0232112970536833,0.0736476183142044,-0.0153049828453375));
#13685=CARTESIAN_POINT('',(0.0229843777317333,0.0736476183142044,-0.0151529674544761));
#13686=CARTESIAN_POINT('',(0.024860152475389,0.0736476183142044,-0.0124490814806079));
#13687=CARTESIAN_POINT('',(0.0246150436241617,0.0736476183142044,-0.0123285712786203));
#13688=CARTESIAN_POINT('',(0.0239217544277326,0.0736476183142044,-0.0137386703051123));
#13689=CARTESIAN_POINT('',(6.31855748827251E-13,0.0736476183142044,-3.62712887539913E-13));
#13690=CARTESIAN_POINT('',(0.0238589147123125,0.0736476183142044,-0.0138475118849531));
#13691=CARTESIAN_POINT('',(0.,-0.006,1.71916681577799E-18));
#13692=CARTESIAN_POINT('',(0.,-0.006,0.));
#13693=CARTESIAN_POINT('',(0.0270271565570799,-0.006,-0.0076027356776334));
#13694=CARTESIAN_POINT('',(0.,1.7347234759768E-18,1.71916681577799E-18));
#13695=CARTESIAN_POINT('',(0.0272075720093071,-0.006,-0.00692941604345109));
#13696=CARTESIAN_POINT('',(0.0248129891605278,0.0736476183142044,-0.00914948542586223));
#13697=CARTESIAN_POINT('',(0.0244095430814804,0.0736476183142044,-0.0090007196324108));
#13698=CARTESIAN_POINT('',(0.0244030569200488,0.0736476183142044,-0.00901965646832266));
#13699=CARTESIAN_POINT('',(0.0248890283303457,0.0736476183142044,-0.00894056952379369));
#13700=CARTESIAN_POINT('',(0.0244915495701865,0.0736476183142044,-0.00877652491028175));
#13701=CARTESIAN_POINT('',(0.0244843458946175,0.0736476183142044,-0.008795200592405));
#13702=CARTESIAN_POINT('',(0.0266132220336967,-0.006,-0.00748629594922608));
#13703=CARTESIAN_POINT('',(0.0264933892144585,0.0736476183142044,-0.00789926095432146));
#13704=CARTESIAN_POINT('',(0.0251990091310139,-0.006,-0.0113718139656483));
#13705=CARTESIAN_POINT('',(0.0253726606542427,0.0736476183142044,-0.0109784373668522));
#13706=CARTESIAN_POINT('',(0.0255163476762532,0.0736476183142044,-0.0110418663311493));
#13707=CARTESIAN_POINT('',(0.0252664785730882,0.0736476183142044,-0.0109315645223858));
#13708=CARTESIAN_POINT('',(0.0266442312115634,0.0736476183142044,-0.00794303178611002));
#13709=CARTESIAN_POINT('',(0.0263819197375775,0.0736476183142044,-0.00786691511022125));
#13710=CARTESIAN_POINT('',(0.0259440242881347,0.0736476183142044,-0.00937597996958158));
#13711=CARTESIAN_POINT('',(6.85240872168027E-13,0.0736476183142044,-2.47481864434525E-13));
#13712=CARTESIAN_POINT('',(0.0259010393911856,0.0736476183142044,-0.0094940800033268));
#13713=CARTESIAN_POINT('',(0.,-0.006,1.71916681577799E-18));
#13714=CARTESIAN_POINT('',(0.,-0.006,0.));
#13715=CARTESIAN_POINT('',(0.0279367545149914,-0.006,-0.00279401655578017));
#13716=CARTESIAN_POINT('',(0.,1.7347234759768E-18,1.71916681577799E-18));
#13717=CARTESIAN_POINT('',(0.0279975083236448,-0.006,-0.00209959734527985));
#13718=CARTESIAN_POINT('',(0.0260248155714869,0.0736476183142044,-0.00470175383326637));
#13719=CARTESIAN_POINT('',(0.0256016658359865,0.0736476183142044,-0.00462530580290583));
#13720=CARTESIAN_POINT('',(0.0255985665609683,0.0736476183142044,-0.00464508125584201));
#13721=CARTESIAN_POINT('',(0.0260634216697762,0.0736476183142044,-0.00448280776991156));
#13722=CARTESIAN_POINT('',(0.0256434954569212,0.0736476183142044,-0.00439027682504806));
#13723=CARTESIAN_POINT('',(0.0256396442195381,0.0736476183142044,-0.0044099196867309));
#13724=CARTESIAN_POINT('',(0.0275088890404783,-0.006,-0.0027512247841449));
#13725=CARTESIAN_POINT('',(0.0274625873716022,0.0736476183142044,-0.00317872467357097));
#13726=CARTESIAN_POINT('',(0.0267908743323502,-0.006,-0.00682328854457003));
#13727=CARTESIAN_POINT('',(0.0268935785692305,0.0736476183142044,-0.00640573394966438));
#13728=CARTESIAN_POINT('',(0.0270460969865751,0.0736476183142044,-0.00644324829594313));
#13729=CARTESIAN_POINT('',(0.0267808702484548,0.0736476183142044,-0.00637801153392148));
#13730=CARTESIAN_POINT('',(0.027618738465006,0.0736476183142044,-0.00319563709015923));
#13731=CARTESIAN_POINT('',(0.0273471945696625,0.0736476183142044,-0.00316622670704924));
#13732=CARTESIAN_POINT('',(0.0271779980988515,0.0736476183142044,-0.00472840522714994));
#13733=CARTESIAN_POINT('',(7.1780529835659E-13,0.0736476183142044,-1.2473123011016E-13));
#13734=CARTESIAN_POINT('',(0.0271561740947159,0.0736476183142044,-0.00485217530503564));
#13735=CARTESIAN_POINT('',(0.,-0.006,1.71916681577799E-18));
#13736=CARTESIAN_POINT('',(0.,-0.006,0.));
#13737=CARTESIAN_POINT('',(0.0279975083236448,-0.006,0.00209959734527984));
#13738=CARTESIAN_POINT('',(0.,1.7347234759768E-18,1.71916681577799E-18));
#13739=CARTESIAN_POINT('',(0.0279367545149914,-0.006,0.00279401655578018));
#13740=CARTESIAN_POINT('',(0.0264458911304983,0.0736476183142044,-0.000111161829648951));
#13741=CARTESIAN_POINT('',(0.0260158949291341,0.0736476183142044,-0.000109354397097256));
#13742=CARTESIAN_POINT('',(0.0260162767104325,0.0736476183142044,-0.000129367599927143));
#13743=CARTESIAN_POINT('',(0.0264458911304983,0.0736476183142044,0.000111161829649152));
#13744=CARTESIAN_POINT('',(0.0260162767104325,0.0736476183142044,0.000129367599927417));
#13745=CARTESIAN_POINT('',(0.0260158949291342,0.0736476183142044,0.000109354397097509));
#13746=CARTESIAN_POINT('',(0.0275687123739344,-0.006,0.00206744095381561));
#13747=CARTESIAN_POINT('',(0.0275973487081995,0.0736476183142044,0.0016383955478737));
#13748=CARTESIAN_POINT('',(0.0275687123739344,-0.006,-0.0020674409538156));
#13749=CARTESIAN_POINT('',(0.0275973487081995,0.0736476183142044,-0.00163839554787369));
#13750=CARTESIAN_POINT('',(0.0277540643259454,0.0736476183142044,-0.00164885542170566));
#13751=CARTESIAN_POINT('',(0.0274815387330964,0.0736476183142044,-0.00163066589242846));
#13752=CARTESIAN_POINT('',(0.0277540643259454,0.0736476183142044,0.00164885542170567));
#13753=CARTESIAN_POINT('',(0.0274815387330964,0.0736476183142044,0.00163066589242846));
#13754=CARTESIAN_POINT('',(0.0275861821900655,0.0736476183142044,6.28397154201607E-5));
#13755=CARTESIAN_POINT('',(7.28559573781595E-13,0.0736476183142044,1.80929952405338E-15));
#13756=CARTESIAN_POINT('',(0.0275861821900655,0.0736476183142044,-6.28397154201576E-5));
#13757=CARTESIAN_POINT('',(0.,-0.006,1.71916681577799E-18));
#13758=CARTESIAN_POINT('',(0.,-0.006,0.));
#13759=CARTESIAN_POINT('',(0.0272075720093071,-0.006,0.00692941604345109));
#13760=CARTESIAN_POINT('',(0.,1.7347234759768E-18,1.71916681577799E-18));
#13761=CARTESIAN_POINT('',(0.0270271565570799,-0.006,0.00760273567763344));
#13762=CARTESIAN_POINT('',(0.0260634216697762,0.0736476183142044,0.00448280776991175));
#13763=CARTESIAN_POINT('',(0.0256396442195381,0.0736476183142044,0.00440991968673114));
#13764=CARTESIAN_POINT('',(0.0256434954569212,0.0736476183142044,0.00439027682504833));
#13765=CARTESIAN_POINT('',(0.0260248155714868,0.0736476183142044,0.00470175383326657));
#13766=CARTESIAN_POINT('',(0.0255985665609682,0.0736476183142044,0.00464508125584229));
#13767=CARTESIAN_POINT('',(0.0256016658359865,0.0736476183142044,0.00462530580290608));
#13768=CARTESIAN_POINT('',(0.0267908743323502,-0.006,0.00682328854457003));
#13769=CARTESIAN_POINT('',(0.0268935785692305,0.0736476183142044,0.00640573394966436));
#13770=CARTESIAN_POINT('',(0.0275088890404783,-0.006,0.0027512247841449));
#13771=CARTESIAN_POINT('',(0.0274625873716022,0.0736476183142044,0.00317872467357097));
#13772=CARTESIAN_POINT('',(0.027618738465006,0.0736476183142044,0.00319563709015923));
#13773=CARTESIAN_POINT('',(0.0273471945696625,0.0736476183142044,0.00316622670704923));
#13774=CARTESIAN_POINT('',(0.0270460969865752,0.0736476183142044,0.00644324829594313));
#13775=CARTESIAN_POINT('',(0.0267808702484548,0.0736476183142044,0.00637801153392148));
#13776=CARTESIAN_POINT('',(0.0271561740947159,0.0736476183142044,0.00485217530503565));
#13777=CARTESIAN_POINT('',(7.17176935226179E-13,0.0736476183142044,1.28294854507779E-13));
#13778=CARTESIAN_POINT('',(0.0271779980988515,0.0736476183142044,0.00472840522714994));
#13779=CARTESIAN_POINT('',(0.,-0.006,1.71916681577799E-18));
#13780=CARTESIAN_POINT('',(0.,-0.006,0.));
#13781=CARTESIAN_POINT('',(0.0255909473871622,-0.006,0.0115486879415957));
#13782=CARTESIAN_POINT('',(0.,1.7347234759768E-18,1.71916681577799E-18));
#13783=CARTESIAN_POINT('',(0.0252963521235825,-0.006,0.0121804495230917));
#13784=CARTESIAN_POINT('',(0.0248890283303456,0.0736476183142044,0.00894056952379388));
#13785=CARTESIAN_POINT('',(0.0244843458946174,0.0736476183142044,0.00879520059240523));
#13786=CARTESIAN_POINT('',(0.0244915495701864,0.0736476183142044,0.008776524910282));
#13787=CARTESIAN_POINT('',(0.0248129891605278,0.0736476183142044,0.00914948542586243));
#13788=CARTESIAN_POINT('',(0.0244030569200488,0.0736476183142044,0.00901965646832292));
#13789=CARTESIAN_POINT('',(0.0244095430814803,0.0736476183142044,0.00900071963241104));
#13790=CARTESIAN_POINT('',(0.0251990091310139,-0.006,0.0113718139656483));
#13791=CARTESIAN_POINT('',(0.0253726606542427,0.0736476183142044,0.0109784373668522));
#13792=CARTESIAN_POINT('',(0.0266132220336967,-0.006,0.00748629594922608));
#13793=CARTESIAN_POINT('',(0.0264933892144585,0.0736476183142044,0.00789926095432146));
#13794=CARTESIAN_POINT('',(0.0266442312115634,0.0736476183142044,0.00794303178611002));
#13795=CARTESIAN_POINT('',(0.0263819197375775,0.0736476183142044,0.00786691511022125));
#13796=CARTESIAN_POINT('',(0.0255163476762532,0.0736476183142044,0.0110418663311493));
#13797=CARTESIAN_POINT('',(0.0252664785730882,0.0736476183142044,0.0109315645223858));
#13798=CARTESIAN_POINT('',(0.0259010393911856,0.0736476183142044,0.0094940800033268));
#13799=CARTESIAN_POINT('',(6.84003238402956E-13,0.0736476183142044,2.50882235257614E-13));
#13800=CARTESIAN_POINT('',(0.0259440242881347,0.0736476183142044,0.00937597996958158));
#13801=CARTESIAN_POINT('',(0.,-0.006,1.71916681577799E-18));
#13802=CARTESIAN_POINT('',(0.,-0.006,0.));
#13803=CARTESIAN_POINT('',(0.0231967547783027,-0.006,0.0158170588005531));
#13804=CARTESIAN_POINT('',(0.,1.7347234759768E-18,1.71916681577799E-18));
#13805=CARTESIAN_POINT('',(0.022796930831382,-0.006,0.0163880665733956));
#13806=CARTESIAN_POINT('',(0.0229583944595535,0.0736476183142044,0.013126676596842));
#13807=CARTESIAN_POINT('',(0.0225851031093656,0.0736476183142044,0.0129132437786653));
#13808=CARTESIAN_POINT('',(0.0225954403430835,0.0736476183142044,0.0128961027272526));
#13809=CARTESIAN_POINT('',(0.0228472326299045,0.0736476183142044,0.0133192145336565));
#13810=CARTESIAN_POINT('',(0.0224660727431562,0.0736476183142044,0.0131201739831801));
#13811=CARTESIAN_POINT('',(0.0224757487122682,0.0736476183142044,0.0131026511504691));
#13812=CARTESIAN_POINT('',(0.0228414847885458,-0.006,0.0155748125737959));
#13813=CARTESIAN_POINT('',(0.0230808072844617,0.0736476183142044,0.0152175665200058));
#13814=CARTESIAN_POINT('',(0.0249089257423614,-0.006,0.0119938998001386));
#13815=CARTESIAN_POINT('',(0.0247192028323353,0.0736476183142044,0.0123797821881939));
#13816=CARTESIAN_POINT('',(0.0248601524753889,0.0736476183142044,0.0124490814806079));
#13817=CARTESIAN_POINT('',(0.0246150436241617,0.0736476183142044,0.0123285712786203));
#13818=CARTESIAN_POINT('',(0.0232112970536833,0.0736476183142044,0.0153049828453375));
#13819=CARTESIAN_POINT('',(0.0229843777317333,0.0736476183142044,0.0151529674544761));
#13820=CARTESIAN_POINT('',(0.0238589147123125,0.0736476183142044,0.0138475118849532));
#13821=CARTESIAN_POINT('',(6.30046449303198E-13,0.0736476183142044,3.65846686241683E-13));
#13822=CARTESIAN_POINT('',(0.0239217544277326,0.0736476183142044,0.0137386703051123));
#13823=CARTESIAN_POINT('',(0.,-0.006,1.71916681577799E-18));
#13824=CARTESIAN_POINT('',(0.,-0.006,0.));
#13825=CARTESIAN_POINT('',(0.0200977405136287,-0.006,0.0196048363316737));
#13826=CARTESIAN_POINT('',(0.,1.7347234759768E-18,1.71916681577799E-18));
#13827=CARTESIAN_POINT('',(0.0196048363316737,-0.006,0.0200977405136287));
#13828=CARTESIAN_POINT('',(0.0203301813906161,0.0736476183142044,0.0169139362439139));
#13829=CARTESIAN_POINT('',(0.0199996233947493,0.0736476183142044,0.0166389245871273));
#13830=CARTESIAN_POINT('',(0.0200127800950005,0.0736476183142044,0.0166238389885985));
#13831=CARTESIAN_POINT('',(0.0201872744970792,0.0736476183142044,0.0170842460476931));
#13832=CARTESIAN_POINT('',(0.0198464683143441,0.0736476183142044,0.0168220416506865));
#13833=CARTESIAN_POINT('',(0.0198590400917114,0.0736476183142044,0.0168064652435815));
#13834=CARTESIAN_POINT('',(0.0197899334891267,-0.006,0.019304578383124));
#13835=CARTESIAN_POINT('',(0.0200876552647942,0.0736476183142044,0.018994317614909));
#13836=CARTESIAN_POINT('',(0.022447784346869,-0.006,0.01613707507483));
#13837=CARTESIAN_POINT('',(0.0221939359806718,0.0736476183142044,0.01648415000475));
#13838=CARTESIAN_POINT('',(0.022320710586094,0.0736476183142044,0.0165768721338567));
#13839=CARTESIAN_POINT('',(0.0221002518660389,0.0736476183142044,0.0164156300472766));
#13840=CARTESIAN_POINT('',(0.0202009829156203,0.0736476183142044,0.0191030652004651));
#13841=CARTESIAN_POINT('',(0.020003908203656,0.0736476183142044,0.0189139551382335));
#13842=CARTESIAN_POINT('',(0.021091848983099,0.0736476183142044,0.0177801941251343));
#13843=CARTESIAN_POINT('',(5.56946017660249E-13,0.0736476183142044,4.69695070791654E-13));
#13844=CARTESIAN_POINT('',(0.0211726341640356,0.0736476183142044,0.0176839180955248));
#13845=CARTESIAN_POINT('',(0.,-0.006,1.71916681577799E-18));
#13846=CARTESIAN_POINT('',(0.,-0.006,0.));
#13847=CARTESIAN_POINT('',(0.0163880665733956,-0.006,0.022796930831382));
#13848=CARTESIAN_POINT('',(0.,1.7347234759768E-18,1.71916681577799E-18));
#13849=CARTESIAN_POINT('',(0.0158170588005531,-0.006,0.0231967547783027));
#13850=CARTESIAN_POINT('',(0.017084246047693,0.0736476183142044,0.0201872744970793));
#13851=CARTESIAN_POINT('',(0.0168064652435813,0.0736476183142044,0.0198590400917115));
#13852=CARTESIAN_POINT('',(0.0168220416506862,0.0736476183142044,0.0198464683143443));
#13853=CARTESIAN_POINT('',(0.0169139362439138,0.0736476183142044,0.0203301813906163));
#13854=CARTESIAN_POINT('',(0.0166238389885984,0.0736476183142044,0.0200127800950007));
#13855=CARTESIAN_POINT('',(0.0166389245871271,0.0736476183142044,0.0199996233947494));
#13856=CARTESIAN_POINT('',(0.01613707507483,-0.006,0.022447784346869));
#13857=CARTESIAN_POINT('',(0.01648415000475,0.0736476183142044,0.0221939359806718));
#13858=CARTESIAN_POINT('',(0.019304578383124,-0.006,0.0197899334891267));
#13859=CARTESIAN_POINT('',(0.018994317614909,0.0736476183142044,0.0200876552647942));
#13860=CARTESIAN_POINT('',(0.0191030652004651,0.0736476183142044,0.0202009829156203));
#13861=CARTESIAN_POINT('',(0.0189139551382335,0.0736476183142044,0.020003908203656));
#13862=CARTESIAN_POINT('',(0.0165768721338567,0.0736476183142044,0.022320710586094));
#13863=CARTESIAN_POINT('',(0.0164156300472767,0.0736476183142044,0.0221002518660389));
#13864=CARTESIAN_POINT('',(0.0176839180955248,0.0736476183142044,0.0211726341640356));
#13865=CARTESIAN_POINT('',(4.66923063098977E-13,0.0736476183142044,5.59272008292795E-13));
#13866=CARTESIAN_POINT('',(0.0177801941251343,0.0736476183142044,0.021091848983099));
#13867=CARTESIAN_POINT('',(0.,-0.006,1.71916681577799E-18));
#13868=CARTESIAN_POINT('',(0.,-0.006,0.));
#13869=CARTESIAN_POINT('',(0.0121804495230916,-0.006,0.0252963521235826));
#13870=CARTESIAN_POINT('',(0.,1.7347234759768E-18,1.71916681577799E-18));
#13871=CARTESIAN_POINT('',(0.0115486879415957,-0.006,0.0255909473871622));
#13872=CARTESIAN_POINT('',(0.0133192145336563,0.0736476183142044,0.0228472326299046));
#13873=CARTESIAN_POINT('',(0.0131026511504688,0.0736476183142044,0.0224757487122683));
#13874=CARTESIAN_POINT('',(0.0131201739831797,0.0736476183142044,0.0224660727431564));
#13875=CARTESIAN_POINT('',(0.0131266765968418,0.0736476183142044,0.0229583944595536));
#13876=CARTESIAN_POINT('',(0.0128961027272524,0.0736476183142044,0.0225954403430836));
#13877=CARTESIAN_POINT('',(0.0129132437786651,0.0736476183142044,0.0225851031093657));
#13878=CARTESIAN_POINT('',(0.0119938998001386,-0.006,0.0249089257423614));
#13879=CARTESIAN_POINT('',(0.0123797821881938,0.0736476183142044,0.0247192028323353));
#13880=CARTESIAN_POINT('',(0.0155748125737959,-0.006,0.0228414847885458));
#13881=CARTESIAN_POINT('',(0.0152175665200058,0.0736476183142044,0.0230808072844617));
#13882=CARTESIAN_POINT('',(0.0153049828453375,0.0736476183142044,0.0232112970536833));
#13883=CARTESIAN_POINT('',(0.0151529674544761,0.0736476183142044,0.0229843777317333));
#13884=CARTESIAN_POINT('',(0.0124490814806079,0.0736476183142044,0.024860152475389));
#13885=CARTESIAN_POINT('',(0.0123285712786203,0.0736476183142044,0.0246150436241617));
#13886=CARTESIAN_POINT('',(0.0137386703051123,0.0736476183142044,0.0239217544277326));
#13887=CARTESIAN_POINT('',(3.62712887539913E-13,0.0736476183142044,6.31855748827251E-13));
#13888=CARTESIAN_POINT('',(0.0138475118849532,0.0736476183142044,0.0238589147123125));
#13889=CARTESIAN_POINT('',(0.,-0.006,1.71916681577799E-18));
#13890=CARTESIAN_POINT('',(0.,-0.006,0.));
#13891=CARTESIAN_POINT('',(0.00760273567763342,-0.006,0.0270271565570799));
#13892=CARTESIAN_POINT('',(0.,1.7347234759768E-18,1.71916681577799E-18));
#13893=CARTESIAN_POINT('',(0.00692941604345108,-0.006,0.0272075720093071));
#13894=CARTESIAN_POINT('',(0.00914948542586223,0.0736476183142044,0.0248129891605278));
#13895=CARTESIAN_POINT('',(0.0090007196324108,0.0736476183142044,0.0244095430814804));
#13896=CARTESIAN_POINT('',(0.00901965646832266,0.0736476183142044,0.0244030569200488));
#13897=CARTESIAN_POINT('',(0.00894056952379369,0.0736476183142044,0.0248890283303457));
#13898=CARTESIAN_POINT('',(0.00877652491028175,0.0736476183142044,0.0244915495701865));
#13899=CARTESIAN_POINT('',(0.008795200592405,0.0736476183142044,0.0244843458946175));
#13900=CARTESIAN_POINT('',(0.00748629594922608,-0.006,0.0266132220336967));
#13901=CARTESIAN_POINT('',(0.00789926095432146,0.0736476183142044,0.0264933892144585));
#13902=CARTESIAN_POINT('',(0.0113718139656483,-0.006,0.0251990091310139));
#13903=CARTESIAN_POINT('',(0.0109784373668522,0.0736476183142044,0.0253726606542427));
#13904=CARTESIAN_POINT('',(0.0110418663311493,0.0736476183142044,0.0255163476762532));
#13905=CARTESIAN_POINT('',(0.0109315645223858,0.0736476183142044,0.0252664785730882));
#13906=CARTESIAN_POINT('',(0.00794303178611002,0.0736476183142044,0.0266442312115634));
#13907=CARTESIAN_POINT('',(0.00786691511022125,0.0736476183142044,0.0263819197375775));
#13908=CARTESIAN_POINT('',(0.00937597996958158,0.0736476183142044,0.0259440242881347));
#13909=CARTESIAN_POINT('',(2.47481864434525E-13,0.0736476183142044,6.85240872168027E-13));
#13910=CARTESIAN_POINT('',(0.0094940800033268,0.0736476183142044,0.0259010393911856));
#13911=CARTESIAN_POINT('',(0.,-0.006,1.71916681577799E-18));
#13912=CARTESIAN_POINT('',(0.,-0.006,0.));
#13913=CARTESIAN_POINT('',(0.00279401655578018,-0.006,0.0279367545149914));
#13914=CARTESIAN_POINT('',(0.,1.7347234759768E-18,1.71916681577799E-18));
#13915=CARTESIAN_POINT('',(0.00209959734527985,-0.006,0.0279975083236448));
#13916=CARTESIAN_POINT('',(0.00470175383326637,0.0736476183142044,0.0260248155714869));
#13917=CARTESIAN_POINT('',(0.00462530580290583,0.0736476183142044,0.0256016658359865));
#13918=CARTESIAN_POINT('',(0.00464508125584201,0.0736476183142044,0.0255985665609683));
#13919=CARTESIAN_POINT('',(0.00448280776991156,0.0736476183142044,0.0260634216697762));
#13920=CARTESIAN_POINT('',(0.00439027682504806,0.0736476183142044,0.0256434954569212));
#13921=CARTESIAN_POINT('',(0.0044099196867309,0.0736476183142044,0.0256396442195381));
#13922=CARTESIAN_POINT('',(0.0027512247841449,-0.006,0.0275088890404783));
#13923=CARTESIAN_POINT('',(0.00317872467357097,0.0736476183142044,0.0274625873716022));
#13924=CARTESIAN_POINT('',(0.00682328854457003,-0.006,0.0267908743323502));
#13925=CARTESIAN_POINT('',(0.00640573394966438,0.0736476183142044,0.0268935785692305));
#13926=CARTESIAN_POINT('',(0.00644324829594313,0.0736476183142044,0.0270460969865751));
#13927=CARTESIAN_POINT('',(0.00637801153392148,0.0736476183142044,0.0267808702484548));
#13928=CARTESIAN_POINT('',(0.00319563709015923,0.0736476183142044,0.027618738465006));
#13929=CARTESIAN_POINT('',(0.00316622670704924,0.0736476183142044,0.0273471945696625));
#13930=CARTESIAN_POINT('',(0.00472840522714994,0.0736476183142044,0.0271779980988515));
#13931=CARTESIAN_POINT('',(1.2473123011016E-13,0.0736476183142044,7.1780529835659E-13));
#13932=CARTESIAN_POINT('',(0.00485217530503565,0.0736476183142044,0.0271561740947159));
#13933=CARTESIAN_POINT('',(0.,-0.006,1.71916681577799E-18));
#13934=CARTESIAN_POINT('',(0.,-0.006,0.));
#13935=CARTESIAN_POINT('',(-0.00209959734527986,-0.006,0.0279975083236448));
#13936=CARTESIAN_POINT('',(0.,0.,1.71916681577799E-18));
#13937=CARTESIAN_POINT('',(0.00164885542170566,0.0736476183142044,0.0277540643259454));
#13938=CARTESIAN_POINT('',(0.00163839554787369,0.0736476183142044,0.0275973487081995));
#13939=CARTESIAN_POINT('',(0.00163066589242846,0.0736476183142044,0.0274815387330964));
#13940=CARTESIAN_POINT('',(-0.00164885542170566,0.0736476183142044,0.0277540643259454));
#13941=CARTESIAN_POINT('',(-0.00163839554787369,0.0736476183142044,0.0275973487081995));
#13942=CARTESIAN_POINT('',(-0.00163066589242846,0.0736476183142044,0.0274815387330964));
#13943=CARTESIAN_POINT('',(-6.2839715420159E-5,0.0736476183142044,0.0275861821900655));
#13944=CARTESIAN_POINT('',(-0.000129367599927416,0.0736476183142044,0.0260162767104325));
#13945=CARTESIAN_POINT('',(-1.80929952405333E-15,0.0736476183142044,7.28559573781595E-13));
#13946=CARTESIAN_POINT('',(-0.000109354397097507,0.0736476183142044,0.0260158949291342));
#13947=CARTESIAN_POINT('',(0.000109354397097257,0.0736476183142044,0.0260158949291341));
#13948=CARTESIAN_POINT('',(6.28397154201593E-5,0.0736476183142044,0.0275861821900655));
#13949=CARTESIAN_POINT('',(0.000129367599927145,0.0736476183142044,0.0260162767104325));
#13950=CARTESIAN_POINT('',(0.0020674409538156,-0.006,0.0275687123739344));
#13951=CARTESIAN_POINT('',(-0.0020674409538156,-0.006,0.0275687123739344));
#13952=CARTESIAN_POINT('',(-0.00011116182964915,0.0736476183142044,0.0264458911304983));
#13953=CARTESIAN_POINT('',(0.000111161829648953,0.0736476183142044,0.0264458911304983));
#13954=CARTESIAN_POINT('',(0.,3.46944695195361E-18,0.));
#13955=CARTESIAN_POINT('',(0.,-0.006,0.));
#13956=CARTESIAN_POINT('',(0.0095,0.017576125,0.008));
#13957=CARTESIAN_POINT('',(0.0095,0.017576125,0.));
#13958=CARTESIAN_POINT('',(0.0095,0.017576125,0.016));
#13959=CARTESIAN_POINT('',(0.,0.017576125,0.016));
#13960=CARTESIAN_POINT('',(-0.0095,0.017576125,0.016));
#13961=CARTESIAN_POINT('',(-0.0095,0.017576125,0.012));
#13962=CARTESIAN_POINT('',(-0.0095,0.017576125,1.16341445918999E-18));
#13963=CARTESIAN_POINT('',(0.,0.017576125,5.81707229594993E-19));
#13964=CARTESIAN_POINT('',(0.013,0.017576125,0.016));
#13965=CARTESIAN_POINT('',(0.013,0.017576125,-0.016));
#13966=CARTESIAN_POINT('',(-0.013,0.017576125,-0.016));
#13967=CARTESIAN_POINT('',(-0.013,0.017576125,0.016));
#13968=MECHANICAL_DESIGN_GEOMETRIC_PRESENTATION_REPRESENTATION('',(#7767),
#13969);
#13969=(
GEOMETRIC_REPRESENTATION_CONTEXT(3)
GLOBAL_UNCERTAINTY_ASSIGNED_CONTEXT((#13970))
GLOBAL_UNIT_ASSIGNED_CONTEXT((#13973,#13972,#13971))
REPRESENTATION_CONTEXT('Pod Pulley','TOP_LEVEL_ASSEMBLY_PART')
);
#13970=UNCERTAINTY_MEASURE_WITH_UNIT(LENGTH_MEASURE(1.E-8),#13973,
'DISTANCE_ACCURACY_VALUE','Maximum Tolerance applied to model');
#13971=(
NAMED_UNIT(*)
SI_UNIT($,.STERADIAN.)
SOLID_ANGLE_UNIT()
);
#13972=(
NAMED_UNIT(*)
PLANE_ANGLE_UNIT()
SI_UNIT($,.RADIAN.)
);
#13973=(
LENGTH_UNIT()
NAMED_UNIT(*)
SI_UNIT($,.METRE.)
);
#13974=PRODUCT_DEFINITION_SHAPE('','',#13975);
#13975=PRODUCT_DEFINITION('','',#13977,#13976);
#13976=PRODUCT_DEFINITION_CONTEXT('',#13983,'design');
#13977=PRODUCT_DEFINITION_FORMATION_WITH_SPECIFIED_SOURCE('','',#13979,
 .NOT_KNOWN.);
#13978=PRODUCT_RELATED_PRODUCT_CATEGORY('','',(#13979));
#13979=PRODUCT('Pod Pulley','Pod Pulley','Pod Pulley',(#13981));
#13980=PRODUCT_CATEGORY('','');
#13981=PRODUCT_CONTEXT('',#13983,'mechanical');
#13982=APPLICATION_PROTOCOL_DEFINITION('international standard',
'ap242_managed_model_based_3d_engineering',2020,#13983);
#13983=APPLICATION_CONTEXT('managed model based 3d engineering');
ENDSEC;
END-ISO-10303-21;
