ISO-10303-21;
HEADER;
/* Generated by software containing ST-Developer
 * from STEP Tools, Inc. (www.steptools.com) 
 */
/* OPTION: using custom renumber hook */

FILE_DESCRIPTION(
/* description */ ('STEP AP242 Edition 2',
'CAx-IF Rec.Pracs.---Representation and Presentation of Product Manufa
cturing Information (PMI)---4.0---2014-10-13',
'CAx-IF Rec.Pracs.---3D Tessellated Geometry---0.4---2014-09-14','2;1',
'CAx-IF Rec.Pracs.---User Defined Attributes---1.5---2016-08-15'),
/* implementation_level */ '2;1');

FILE_NAME(
/* name */ 'Assembly 1 - Drive input gear 4',
/* time_stamp */ '2026-08-06T04:40:42Z',
/* author */ (''),
/* organization */ (''),
/* preprocessor_version */ 'ST-DEVELOPER v20',
/* originating_system */ 'ONSHAPE BY PTC INC, 1.218',
/* authorisation */ '  ');

FILE_SCHEMA (('AP242_MANAGED_MODEL_BASED_3D_ENGINEERING_MIM_LF { 1 0 10303 442 3 1 4 }'));
ENDSEC;

DATA;
#10=SHAPE_REPRESENTATION_RELATIONSHIP('','',#6207,#11);
#11=ADVANCED_BREP_SHAPE_REPRESENTATION('',(#6205),#15317);
#12=CONICAL_SURFACE('',#6917,0.00918175687005424,0.785398163397448);
#13=CONICAL_SURFACE('',#6918,0.00818175687005424,0.785398163397449);
#14=B_SPLINE_SURFACE_WITH_KNOTS('',3,1,((#13761,#13762),(#13763,#13764),
(#13765,#13766),(#13767,#13768),(#13769,#13770)),
 .SURF_OF_LINEAR_EXTRUSION.,.F.,.F.,.F.,(4,1,4),(2,2),(0.166788995388831,
0.571967425987851,0.97714585658687),(0.,1.),.UNSPECIFIED.);
#15=B_SPLINE_SURFACE_WITH_KNOTS('',3,1,((#13772,#13773),(#13774,#13775),
(#13776,#13777),(#13778,#13779),(#13780,#13781)),
 .SURF_OF_LINEAR_EXTRUSION.,.F.,.F.,.F.,(4,1,4),(2,2),(0.166788995388831,
0.571967425987851,0.97714585658687),(0.,1.),.UNSPECIFIED.);
#16=B_SPLINE_SURFACE_WITH_KNOTS('',3,1,((#13788,#13789),(#13790,#13791),
(#13792,#13793),(#13794,#13795),(#13796,#13797)),
 .SURF_OF_LINEAR_EXTRUSION.,.F.,.F.,.F.,(4,1,4),(2,2),(0.166788995388839,
0.571967425987855,0.97714585658687),(0.,1.),.UNSPECIFIED.);
#17=B_SPLINE_SURFACE_WITH_KNOTS('',3,1,((#13799,#13800),(#13801,#13802),
(#13803,#13804),(#13805,#13806),(#13807,#13808)),
 .SURF_OF_LINEAR_EXTRUSION.,.F.,.F.,.F.,(4,1,4),(2,2),(0.166788995388832,
0.571967425987851,0.97714585658687),(0.,1.),.UNSPECIFIED.);
#18=B_SPLINE_SURFACE_WITH_KNOTS('',3,1,((#13815,#13816),(#13817,#13818),
(#13819,#13820),(#13821,#13822),(#13823,#13824)),
 .SURF_OF_LINEAR_EXTRUSION.,.F.,.F.,.F.,(4,1,4),(2,2),(0.166788995388827,
0.571967425987848,0.97714585658687),(0.,1.),.UNSPECIFIED.);
#19=B_SPLINE_SURFACE_WITH_KNOTS('',3,1,((#13826,#13827),(#13828,#13829),
(#13830,#13831),(#13832,#13833),(#13834,#13835)),
 .SURF_OF_LINEAR_EXTRUSION.,.F.,.F.,.F.,(4,1,4),(2,2),(0.166788995388855,
0.571967425987863,0.97714585658687),(0.,1.),.UNSPECIFIED.);
#20=B_SPLINE_SURFACE_WITH_KNOTS('',3,1,((#13842,#13843),(#13844,#13845),
(#13846,#13847),(#13848,#13849),(#13850,#13851)),
 .SURF_OF_LINEAR_EXTRUSION.,.F.,.F.,.F.,(4,1,4),(2,2),(0.166788995388832,
0.571967425987851,0.97714585658687),(0.,1.),.UNSPECIFIED.);
#21=B_SPLINE_SURFACE_WITH_KNOTS('',3,1,((#13853,#13854),(#13855,#13856),
(#13857,#13858),(#13859,#13860),(#13861,#13862)),
 .SURF_OF_LINEAR_EXTRUSION.,.F.,.F.,.F.,(4,1,4),(2,2),(0.166788995388841,
0.571967425987855,0.97714585658687),(0.,1.),.UNSPECIFIED.);
#22=B_SPLINE_SURFACE_WITH_KNOTS('',3,1,((#13869,#13870),(#13871,#13872),
(#13873,#13874),(#13875,#13876),(#13877,#13878)),
 .SURF_OF_LINEAR_EXTRUSION.,.F.,.F.,.F.,(4,1,4),(2,2),(0.166788995388839,
0.571967425987855,0.97714585658687),(0.,1.),.UNSPECIFIED.);
#23=B_SPLINE_SURFACE_WITH_KNOTS('',3,1,((#13880,#13881),(#13882,#13883),
(#13884,#13885),(#13886,#13887),(#13888,#13889)),
 .SURF_OF_LINEAR_EXTRUSION.,.F.,.F.,.F.,(4,1,4),(2,2),(0.166788995388832,
0.571967425987851,0.97714585658687),(0.,1.),.UNSPECIFIED.);
#24=B_SPLINE_SURFACE_WITH_KNOTS('',3,1,((#13896,#13897),(#13898,#13899),
(#13900,#13901),(#13902,#13903),(#13904,#13905)),
 .SURF_OF_LINEAR_EXTRUSION.,.F.,.F.,.F.,(4,1,4),(2,2),(0.166788995388829,
0.571967425987849,0.97714585658687),(0.,1.),.UNSPECIFIED.);
#25=B_SPLINE_SURFACE_WITH_KNOTS('',3,1,((#13907,#13908),(#13909,#13910),
(#13911,#13912),(#13913,#13914),(#13915,#13916)),
 .SURF_OF_LINEAR_EXTRUSION.,.F.,.F.,.F.,(4,1,4),(2,2),(0.166788995388857,
0.571967425987863,0.97714585658687),(0.,1.),.UNSPECIFIED.);
#26=B_SPLINE_SURFACE_WITH_KNOTS('',3,1,((#13923,#13924),(#13925,#13926),
(#13927,#13928),(#13929,#13930),(#13931,#13932)),
 .SURF_OF_LINEAR_EXTRUSION.,.F.,.F.,.F.,(4,1,4),(2,2),(0.166788995388829,
0.57196742598785,0.97714585658687),(0.,1.),.UNSPECIFIED.);
#27=B_SPLINE_SURFACE_WITH_KNOTS('',3,1,((#13934,#13935),(#13936,#13937),
(#13938,#13939),(#13940,#13941),(#13942,#13943)),
 .SURF_OF_LINEAR_EXTRUSION.,.F.,.F.,.F.,(4,1,4),(2,2),(0.166788995388837,
0.571967425987853,0.97714585658687),(0.,1.),.UNSPECIFIED.);
#28=B_SPLINE_SURFACE_WITH_KNOTS('',3,1,((#13950,#13951),(#13952,#13953),
(#13954,#13955),(#13956,#13957),(#13958,#13959)),
 .SURF_OF_LINEAR_EXTRUSION.,.F.,.F.,.F.,(4,1,4),(2,2),(0.166788995388832,
0.571967425987851,0.97714585658687),(0.,1.),.UNSPECIFIED.);
#29=B_SPLINE_SURFACE_WITH_KNOTS('',3,1,((#13961,#13962),(#13963,#13964),
(#13965,#13966),(#13967,#13968),(#13969,#13970)),
 .SURF_OF_LINEAR_EXTRUSION.,.F.,.F.,.F.,(4,1,4),(2,2),(0.166788995388838,
0.571967425987854,0.97714585658687),(0.,1.),.UNSPECIFIED.);
#30=B_SPLINE_SURFACE_WITH_KNOTS('',3,1,((#13977,#13978),(#13979,#13980),
(#13981,#13982),(#13983,#13984),(#13985,#13986)),
 .SURF_OF_LINEAR_EXTRUSION.,.F.,.F.,.F.,(4,1,4),(2,2),(0.16678899538884,
0.571967425987855,0.97714585658687),(0.,1.),.UNSPECIFIED.);
#31=B_SPLINE_SURFACE_WITH_KNOTS('',3,1,((#13988,#13989),(#13990,#13991),
(#13992,#13993),(#13994,#13995),(#13996,#13997)),
 .SURF_OF_LINEAR_EXTRUSION.,.F.,.F.,.F.,(4,1,4),(2,2),(0.166788995388832,
0.571967425987851,0.97714585658687),(0.,1.),.UNSPECIFIED.);
#32=B_SPLINE_SURFACE_WITH_KNOTS('',3,1,((#14004,#14005),(#14006,#14007),
(#14008,#14009),(#14010,#14011),(#14012,#14013)),
 .SURF_OF_LINEAR_EXTRUSION.,.F.,.F.,.F.,(4,1,4),(2,2),(0.166788995388837,
0.571967425987854,0.97714585658687),(0.,1.),.UNSPECIFIED.);
#33=B_SPLINE_SURFACE_WITH_KNOTS('',3,1,((#14015,#14016),(#14017,#14018),
(#14019,#14020),(#14021,#14022),(#14023,#14024)),
 .SURF_OF_LINEAR_EXTRUSION.,.F.,.F.,.F.,(4,1,4),(2,2),(0.166788995388837,
0.571967425987854,0.97714585658687),(0.,1.),.UNSPECIFIED.);
#34=B_SPLINE_SURFACE_WITH_KNOTS('',3,1,((#14031,#14032),(#14033,#14034),
(#14035,#14036),(#14037,#14038),(#14039,#14040)),
 .SURF_OF_LINEAR_EXTRUSION.,.F.,.F.,.F.,(4,1,4),(2,2),(0.166788995388827,
0.571967425987848,0.97714585658687),(0.,1.),.UNSPECIFIED.);
#35=B_SPLINE_SURFACE_WITH_KNOTS('',3,1,((#14042,#14043),(#14044,#14045),
(#14046,#14047),(#14048,#14049),(#14050,#14051)),
 .SURF_OF_LINEAR_EXTRUSION.,.F.,.F.,.F.,(4,1,4),(2,2),(0.166788995388829,
0.571967425987849,0.97714585658687),(0.,1.),.UNSPECIFIED.);
#36=B_SPLINE_SURFACE_WITH_KNOTS('',3,1,((#14058,#14059),(#14060,#14061),
(#14062,#14063),(#14064,#14065),(#14066,#14067)),
 .SURF_OF_LINEAR_EXTRUSION.,.F.,.F.,.F.,(4,1,4),(2,2),(0.166788995388832,
0.571967425987851,0.97714585658687),(0.,1.),.UNSPECIFIED.);
#37=B_SPLINE_SURFACE_WITH_KNOTS('',3,1,((#14069,#14070),(#14071,#14072),
(#14073,#14074),(#14075,#14076),(#14077,#14078)),
 .SURF_OF_LINEAR_EXTRUSION.,.F.,.F.,.F.,(4,1,4),(2,2),(0.166788995388839,
0.571967425987855,0.97714585658687),(0.,1.),.UNSPECIFIED.);
#38=B_SPLINE_SURFACE_WITH_KNOTS('',3,1,((#14085,#14086),(#14087,#14088),
(#14089,#14090),(#14091,#14092),(#14093,#14094)),
 .SURF_OF_LINEAR_EXTRUSION.,.F.,.F.,.F.,(4,1,4),(2,2),(0.166788995388824,
0.571967425987847,0.97714585658687),(0.,1.),.UNSPECIFIED.);
#39=B_SPLINE_SURFACE_WITH_KNOTS('',3,1,((#14096,#14097),(#14098,#14099),
(#14100,#14101),(#14102,#14103),(#14104,#14105)),
 .SURF_OF_LINEAR_EXTRUSION.,.F.,.F.,.F.,(4,1,4),(2,2),(0.166788995388838,
0.571967425987854,0.97714585658687),(0.,1.),.UNSPECIFIED.);
#40=B_SPLINE_SURFACE_WITH_KNOTS('',3,1,((#14112,#14113),(#14114,#14115),
(#14116,#14117),(#14118,#14119),(#14120,#14121)),
 .SURF_OF_LINEAR_EXTRUSION.,.F.,.F.,.F.,(4,1,4),(2,2),(0.166788995388831,
0.57196742598785,0.97714585658687),(0.,1.),.UNSPECIFIED.);
#41=B_SPLINE_SURFACE_WITH_KNOTS('',3,1,((#14123,#14124),(#14125,#14126),
(#14127,#14128),(#14129,#14130),(#14131,#14132)),
 .SURF_OF_LINEAR_EXTRUSION.,.F.,.F.,.F.,(4,1,4),(2,2),(0.166788995388828,
0.571967425987849,0.97714585658687),(0.,1.),.UNSPECIFIED.);
#42=B_SPLINE_SURFACE_WITH_KNOTS('',3,1,((#14139,#14140),(#14141,#14142),
(#14143,#14144),(#14145,#14146),(#14147,#14148)),
 .SURF_OF_LINEAR_EXTRUSION.,.F.,.F.,.F.,(4,1,4),(2,2),(0.166788995388827,
0.571967425987849,0.97714585658687),(0.,1.),.UNSPECIFIED.);
#43=B_SPLINE_SURFACE_WITH_KNOTS('',3,1,((#14150,#14151),(#14152,#14153),
(#14154,#14155),(#14156,#14157),(#14158,#14159)),
 .SURF_OF_LINEAR_EXTRUSION.,.F.,.F.,.F.,(4,1,4),(2,2),(0.166788995388841,
0.571967425987855,0.97714585658687),(0.,1.),.UNSPECIFIED.);
#44=B_SPLINE_SURFACE_WITH_KNOTS('',3,1,((#14166,#14167),(#14168,#14169),
(#14170,#14171),(#14172,#14173),(#14174,#14175)),
 .SURF_OF_LINEAR_EXTRUSION.,.F.,.F.,.F.,(4,1,4),(2,2),(0.166788995388829,
0.571967425987849,0.97714585658687),(0.,1.),.UNSPECIFIED.);
#45=B_SPLINE_SURFACE_WITH_KNOTS('',3,1,((#14177,#14178),(#14179,#14180),
(#14181,#14182),(#14183,#14184),(#14185,#14186)),
 .SURF_OF_LINEAR_EXTRUSION.,.F.,.F.,.F.,(4,1,4),(2,2),(0.166788995388857,
0.571967425987863,0.97714585658687),(0.,1.),.UNSPECIFIED.);
#46=B_SPLINE_SURFACE_WITH_KNOTS('',3,1,((#14193,#14194),(#14195,#14196),
(#14197,#14198),(#14199,#14200),(#14201,#14202)),
 .SURF_OF_LINEAR_EXTRUSION.,.F.,.F.,.F.,(4,1,4),(2,2),(0.166788995388841,
0.571967425987855,0.97714585658687),(0.,1.),.UNSPECIFIED.);
#47=B_SPLINE_SURFACE_WITH_KNOTS('',3,1,((#14204,#14205),(#14206,#14207),
(#14208,#14209),(#14210,#14211),(#14212,#14213)),
 .SURF_OF_LINEAR_EXTRUSION.,.F.,.F.,.F.,(4,1,4),(2,2),(0.166788995388832,
0.571967425987851,0.97714585658687),(0.,1.),.UNSPECIFIED.);
#48=B_SPLINE_SURFACE_WITH_KNOTS('',3,1,((#14220,#14221),(#14222,#14223),
(#14224,#14225),(#14226,#14227),(#14228,#14229)),
 .SURF_OF_LINEAR_EXTRUSION.,.F.,.F.,.F.,(4,1,4),(2,2),(0.166788995388827,
0.571967425987848,0.97714585658687),(0.,1.),.UNSPECIFIED.);
#49=B_SPLINE_SURFACE_WITH_KNOTS('',3,1,((#14231,#14232),(#14233,#14234),
(#14235,#14236),(#14237,#14238),(#14239,#14240)),
 .SURF_OF_LINEAR_EXTRUSION.,.F.,.F.,.F.,(4,1,4),(2,2),(0.166788995388829,
0.571967425987849,0.97714585658687),(0.,1.),.UNSPECIFIED.);
#50=B_SPLINE_SURFACE_WITH_KNOTS('',3,1,((#14247,#14248),(#14249,#14250),
(#14251,#14252),(#14253,#14254),(#14255,#14256)),
 .SURF_OF_LINEAR_EXTRUSION.,.F.,.F.,.F.,(4,1,4),(2,2),(0.166788995388832,
0.571967425987851,0.97714585658687),(0.,1.),.UNSPECIFIED.);
#51=B_SPLINE_SURFACE_WITH_KNOTS('',3,1,((#14258,#14259),(#14260,#14261),
(#14262,#14263),(#14264,#14265),(#14266,#14267)),
 .SURF_OF_LINEAR_EXTRUSION.,.F.,.F.,.F.,(4,1,4),(2,2),(0.166788995388839,
0.571967425987855,0.97714585658687),(0.,1.),.UNSPECIFIED.);
#52=B_SPLINE_SURFACE_WITH_KNOTS('',3,1,((#14274,#14275),(#14276,#14277),
(#14278,#14279),(#14280,#14281),(#14282,#14283)),
 .SURF_OF_LINEAR_EXTRUSION.,.F.,.F.,.F.,(4,1,4),(2,2),(0.166788995388831,
0.571967425987851,0.97714585658687),(0.,1.),.UNSPECIFIED.);
#53=B_SPLINE_SURFACE_WITH_KNOTS('',3,1,((#14285,#14286),(#14287,#14288),
(#14289,#14290),(#14291,#14292),(#14293,#14294)),
 .SURF_OF_LINEAR_EXTRUSION.,.F.,.F.,.F.,(4,1,4),(2,2),(0.166788995388831,
0.571967425987851,0.97714585658687),(0.,1.),.UNSPECIFIED.);
#54=B_SPLINE_SURFACE_WITH_KNOTS('',3,1,((#14301,#14302),(#14303,#14304),
(#14305,#14306),(#14307,#14308),(#14309,#14310)),
 .SURF_OF_LINEAR_EXTRUSION.,.F.,.F.,.F.,(4,1,4),(2,2),(0.166788995388839,
0.571967425987854,0.97714585658687),(0.,1.),.UNSPECIFIED.);
#55=B_SPLINE_SURFACE_WITH_KNOTS('',3,1,((#14312,#14313),(#14314,#14315),
(#14316,#14317),(#14318,#14319),(#14320,#14321)),
 .SURF_OF_LINEAR_EXTRUSION.,.F.,.F.,.F.,(4,1,4),(2,2),(0.166788995388832,
0.571967425987851,0.97714585658687),(0.,1.),.UNSPECIFIED.);
#56=B_SPLINE_SURFACE_WITH_KNOTS('',3,1,((#14328,#14329),(#14330,#14331),
(#14332,#14333),(#14334,#14335),(#14336,#14337)),
 .SURF_OF_LINEAR_EXTRUSION.,.F.,.F.,.F.,(4,1,4),(2,2),(0.166788995388831,
0.571967425987851,0.97714585658687),(0.,1.),.UNSPECIFIED.);
#57=B_SPLINE_SURFACE_WITH_KNOTS('',3,1,((#14339,#14340),(#14341,#14342),
(#14343,#14344),(#14345,#14346),(#14347,#14348)),
 .SURF_OF_LINEAR_EXTRUSION.,.F.,.F.,.F.,(4,1,4),(2,2),(0.166788995388831,
0.571967425987851,0.97714585658687),(0.,1.),.UNSPECIFIED.);
#58=B_SPLINE_SURFACE_WITH_KNOTS('',3,1,((#14355,#14356),(#14357,#14358),
(#14359,#14360),(#14361,#14362),(#14363,#14364)),
 .SURF_OF_LINEAR_EXTRUSION.,.F.,.F.,.F.,(4,1,4),(2,2),(0.166788995388832,
0.571967425987851,0.97714585658687),(0.,1.),.UNSPECIFIED.);
#59=B_SPLINE_SURFACE_WITH_KNOTS('',3,1,((#14366,#14367),(#14368,#14369),
(#14370,#14371),(#14372,#14373),(#14374,#14375)),
 .SURF_OF_LINEAR_EXTRUSION.,.F.,.F.,.F.,(4,1,4),(2,2),(0.166788995388839,
0.571967425987854,0.97714585658687),(0.,1.),.UNSPECIFIED.);
#60=B_SPLINE_SURFACE_WITH_KNOTS('',3,1,((#14382,#14383),(#14384,#14385),
(#14386,#14387),(#14388,#14389),(#14390,#14391)),
 .SURF_OF_LINEAR_EXTRUSION.,.F.,.F.,.F.,(4,1,4),(2,2),(0.166788995388826,
0.571967425987848,0.97714585658687),(0.,1.),.UNSPECIFIED.);
#61=B_SPLINE_SURFACE_WITH_KNOTS('',3,1,((#14393,#14394),(#14395,#14396),
(#14397,#14398),(#14399,#14400),(#14401,#14402)),
 .SURF_OF_LINEAR_EXTRUSION.,.F.,.F.,.F.,(4,1,4),(2,2),(0.166788995388829,
0.571967425987849,0.97714585658687),(0.,1.),.UNSPECIFIED.);
#62=B_SPLINE_SURFACE_WITH_KNOTS('',3,1,((#14409,#14410),(#14411,#14412),
(#14413,#14414),(#14415,#14416),(#14417,#14418)),
 .SURF_OF_LINEAR_EXTRUSION.,.F.,.F.,.F.,(4,1,4),(2,2),(0.166788995388824,
0.571967425987847,0.97714585658687),(0.,1.),.UNSPECIFIED.);
#63=B_SPLINE_SURFACE_WITH_KNOTS('',3,1,((#14420,#14421),(#14422,#14423),
(#14424,#14425),(#14426,#14427),(#14428,#14429)),
 .SURF_OF_LINEAR_EXTRUSION.,.F.,.F.,.F.,(4,1,4),(2,2),(0.166788995388838,
0.571967425987854,0.97714585658687),(0.,1.),.UNSPECIFIED.);
#64=B_SPLINE_SURFACE_WITH_KNOTS('',3,1,((#14436,#14437),(#14438,#14439),
(#14440,#14441),(#14442,#14443),(#14444,#14445)),
 .SURF_OF_LINEAR_EXTRUSION.,.F.,.F.,.F.,(4,1,4),(2,2),(0.166788995388832,
0.571967425987851,0.97714585658687),(0.,1.),.UNSPECIFIED.);
#65=B_SPLINE_SURFACE_WITH_KNOTS('',3,1,((#14447,#14448),(#14449,#14450),
(#14451,#14452),(#14453,#14454),(#14455,#14456)),
 .SURF_OF_LINEAR_EXTRUSION.,.F.,.F.,.F.,(4,1,4),(2,2),(0.166788995388841,
0.571967425987855,0.97714585658687),(0.,1.),.UNSPECIFIED.);
#66=B_SPLINE_SURFACE_WITH_KNOTS('',3,1,((#14463,#14464),(#14465,#14466),
(#14467,#14468),(#14469,#14470),(#14471,#14472)),
 .SURF_OF_LINEAR_EXTRUSION.,.F.,.F.,.F.,(4,1,4),(2,2),(0.166788995388838,
0.571967425987854,0.97714585658687),(0.,1.),.UNSPECIFIED.);
#67=B_SPLINE_SURFACE_WITH_KNOTS('',3,1,((#14474,#14475),(#14476,#14477),
(#14478,#14479),(#14480,#14481),(#14482,#14483)),
 .SURF_OF_LINEAR_EXTRUSION.,.F.,.F.,.F.,(4,1,4),(2,2),(0.16678899538883,
0.57196742598785,0.97714585658687),(0.,1.),.UNSPECIFIED.);
#68=B_SPLINE_SURFACE_WITH_KNOTS('',3,1,((#14490,#14491),(#14492,#14493),
(#14494,#14495),(#14496,#14497),(#14498,#14499)),
 .SURF_OF_LINEAR_EXTRUSION.,.F.,.F.,.F.,(4,1,4),(2,2),(0.166788995388834,
0.571967425987852,0.97714585658687),(0.,1.),.UNSPECIFIED.);
#69=B_SPLINE_SURFACE_WITH_KNOTS('',3,1,((#14501,#14502),(#14503,#14504),
(#14505,#14506),(#14507,#14508),(#14509,#14510)),
 .SURF_OF_LINEAR_EXTRUSION.,.F.,.F.,.F.,(4,1,4),(2,2),(0.166788995388833,
0.571967425987851,0.97714585658687),(0.,1.),.UNSPECIFIED.);
#70=B_SPLINE_SURFACE_WITH_KNOTS('',3,1,((#14517,#14518),(#14519,#14520),
(#14521,#14522),(#14523,#14524),(#14525,#14526)),
 .SURF_OF_LINEAR_EXTRUSION.,.F.,.F.,.F.,(4,1,4),(2,2),(0.166788995388825,
0.571967425987848,0.97714585658687),(0.,1.),.UNSPECIFIED.);
#71=B_SPLINE_SURFACE_WITH_KNOTS('',3,1,((#14528,#14529),(#14530,#14531),
(#14532,#14533),(#14534,#14535),(#14536,#14537)),
 .SURF_OF_LINEAR_EXTRUSION.,.F.,.F.,.F.,(4,1,4),(2,2),(0.166788995388841,
0.571967425987855,0.97714585658687),(0.,1.),.UNSPECIFIED.);
#72=B_SPLINE_SURFACE_WITH_KNOTS('',3,1,((#14544,#14545),(#14546,#14547),
(#14548,#14549),(#14550,#14551),(#14552,#14553)),
 .SURF_OF_LINEAR_EXTRUSION.,.F.,.F.,.F.,(4,1,4),(2,2),(0.166788995388839,
0.571967425987855,0.97714585658687),(0.,1.),.UNSPECIFIED.);
#73=B_SPLINE_SURFACE_WITH_KNOTS('',3,1,((#14555,#14556),(#14557,#14558),
(#14559,#14560),(#14561,#14562),(#14563,#14564)),
 .SURF_OF_LINEAR_EXTRUSION.,.F.,.F.,.F.,(4,1,4),(2,2),(0.166788995388832,
0.571967425987851,0.97714585658687),(0.,1.),.UNSPECIFIED.);
#74=B_SPLINE_SURFACE_WITH_KNOTS('',3,1,((#14571,#14572),(#14573,#14574),
(#14575,#14576),(#14577,#14578),(#14579,#14580)),
 .SURF_OF_LINEAR_EXTRUSION.,.F.,.F.,.F.,(4,1,4),(2,2),(0.166788995388831,
0.571967425987851,0.97714585658687),(0.,1.),.UNSPECIFIED.);
#75=B_SPLINE_SURFACE_WITH_KNOTS('',3,1,((#14582,#14583),(#14584,#14585),
(#14586,#14587),(#14588,#14589),(#14590,#14591)),
 .SURF_OF_LINEAR_EXTRUSION.,.F.,.F.,.F.,(4,1,4),(2,2),(0.166788995388831,
0.571967425987851,0.97714585658687),(0.,1.),.UNSPECIFIED.);
#76=B_SPLINE_SURFACE_WITH_KNOTS('',3,1,((#14598,#14599),(#14600,#14601),
(#14602,#14603),(#14604,#14605),(#14606,#14607)),
 .SURF_OF_LINEAR_EXTRUSION.,.F.,.F.,.F.,(4,1,4),(2,2),(0.166788995388832,
0.571967425987851,0.97714585658687),(0.,1.),.UNSPECIFIED.);
#77=B_SPLINE_SURFACE_WITH_KNOTS('',3,1,((#14609,#14610),(#14611,#14612),
(#14613,#14614),(#14615,#14616),(#14617,#14618)),
 .SURF_OF_LINEAR_EXTRUSION.,.F.,.F.,.F.,(4,1,4),(2,2),(0.166788995388839,
0.571967425987855,0.97714585658687),(0.,1.),.UNSPECIFIED.);
#78=B_SPLINE_SURFACE_WITH_KNOTS('',3,1,((#14625,#14626),(#14627,#14628),
(#14629,#14630),(#14631,#14632),(#14633,#14634)),
 .SURF_OF_LINEAR_EXTRUSION.,.F.,.F.,.F.,(4,1,4),(2,2),(0.166788995388837,
0.571967425987853,0.97714585658687),(0.,1.),.UNSPECIFIED.);
#79=B_SPLINE_SURFACE_WITH_KNOTS('',3,1,((#14636,#14637),(#14638,#14639),
(#14640,#14641),(#14642,#14643),(#14644,#14645)),
 .SURF_OF_LINEAR_EXTRUSION.,.F.,.F.,.F.,(4,1,4),(2,2),(0.166788995388837,
0.571967425987854,0.97714585658687),(0.,1.),.UNSPECIFIED.);
#80=B_SPLINE_SURFACE_WITH_KNOTS('',3,1,((#14652,#14653),(#14654,#14655),
(#14656,#14657),(#14658,#14659),(#14660,#14661)),
 .SURF_OF_LINEAR_EXTRUSION.,.F.,.F.,.F.,(4,1,4),(2,2),(0.166788995388824,
0.571967425987847,0.97714585658687),(0.,1.),.UNSPECIFIED.);
#81=B_SPLINE_SURFACE_WITH_KNOTS('',3,1,((#14663,#14664),(#14665,#14666),
(#14667,#14668),(#14669,#14670),(#14671,#14672)),
 .SURF_OF_LINEAR_EXTRUSION.,.F.,.F.,.F.,(4,1,4),(2,2),(0.166788995388838,
0.571967425987854,0.97714585658687),(0.,1.),.UNSPECIFIED.);
#82=B_SPLINE_SURFACE_WITH_KNOTS('',3,1,((#14679,#14680),(#14681,#14682),
(#14683,#14684),(#14685,#14686),(#14687,#14688)),
 .SURF_OF_LINEAR_EXTRUSION.,.F.,.F.,.F.,(4,1,4),(2,2),(0.166788995388838,
0.571967425987854,0.97714585658687),(0.,1.),.UNSPECIFIED.);
#83=B_SPLINE_SURFACE_WITH_KNOTS('',3,1,((#14690,#14691),(#14692,#14693),
(#14694,#14695),(#14696,#14697),(#14698,#14699)),
 .SURF_OF_LINEAR_EXTRUSION.,.F.,.F.,.F.,(4,1,4),(2,2),(0.16678899538883,
0.57196742598785,0.97714585658687),(0.,1.),.UNSPECIFIED.);
#84=B_SPLINE_SURFACE_WITH_KNOTS('',3,1,((#14706,#14707),(#14708,#14709),
(#14710,#14711),(#14712,#14713),(#14714,#14715)),
 .SURF_OF_LINEAR_EXTRUSION.,.F.,.F.,.F.,(4,1,4),(2,2),(0.166788995388826,
0.571967425987848,0.97714585658687),(0.,1.),.UNSPECIFIED.);
#85=B_SPLINE_SURFACE_WITH_KNOTS('',3,1,((#14717,#14718),(#14719,#14720),
(#14721,#14722),(#14723,#14724),(#14725,#14726)),
 .SURF_OF_LINEAR_EXTRUSION.,.F.,.F.,.F.,(4,1,4),(2,2),(0.166788995388827,
0.571967425987849,0.97714585658687),(0.,1.),.UNSPECIFIED.);
#86=B_SPLINE_CURVE_WITH_KNOTS('',3,(#9072,#9073,#9074,#9075,#9076,#9077,
#9078,#9079,#9080,#9081,#9082,#9083,#9084,#9085,#9086,#9087,#9088,#9089,
#9090,#9091,#9092,#9093,#9094,#9095,#9096,#9097,#9098,#9099,#9100),
 .UNSPECIFIED.,.F.,.F.,(4,1,1,1,1,1,1,1,1,1,1,1,1,1,1,1,1,1,1,1,1,1,1,1,
1,1,4),(0.,0.0537231540098672,0.0669331434974007,0.0839871632249291,0.104165750392883,
0.127046117075471,0.152341313906001,0.179840091840112,0.209378517564059,
0.240824572982959,0.274068974152202,0.309019310590866,0.345596104129005,
0.383730047461707,0.423360003843693,0.464431517715314,0.506895679789725,
0.550708244993604,0.595828935135472,0.64222087935075,0.689850159182798,
0.738685434410951,0.788697632082487,0.839859685650506,0.892146314291921,
0.945533834782188,0.97714585658687),.UNSPECIFIED.);
#87=B_SPLINE_CURVE_WITH_KNOTS('',3,(#9101,#9102,#9103,#9104,#9105,#9106,
#9107,#9108,#9109,#9110,#9111,#9112,#9113,#9114,#9115,#9116,#9117,#9118,
#9119,#9120,#9121,#9122,#9123,#9124,#9125,#9126,#9127,#9128,#9129),
 .UNSPECIFIED.,.F.,.F.,(4,1,1,1,1,1,1,1,1,1,1,1,1,1,1,1,1,1,1,1,1,1,1,1,
1,1,4),(0.,0.0537231540098672,0.0669331434974007,0.0839871632249291,0.104165750392883,
0.127046117075471,0.152341313906001,0.179840091840112,0.209378517564059,
0.240824572982959,0.274068974152202,0.309019310590866,0.345596104129005,
0.383730047461707,0.423360003843693,0.464431517715314,0.506895679789725,
0.550708244993604,0.595828935135472,0.64222087935075,0.689850159182798,
0.738685434410951,0.788697632082487,0.839859685650506,0.892146314291921,
0.945533834782188,0.97714585658687),.UNSPECIFIED.);
#88=B_SPLINE_CURVE_WITH_KNOTS('',3,(#9137,#9138,#9139,#9140,#9141,#9142,
#9143,#9144,#9145,#9146,#9147,#9148,#9149,#9150,#9151,#9152,#9153,#9154,
#9155,#9156,#9157,#9158,#9159,#9160,#9161,#9162,#9163,#9164,#9165),
 .UNSPECIFIED.,.F.,.F.,(4,1,1,1,1,1,1,1,1,1,1,1,1,1,1,1,1,1,1,1,1,1,1,1,
1,1,4),(0.,0.0537231540098672,0.0669331434974007,0.0839871632249291,0.104165750392883,
0.127046117075471,0.152341313906001,0.179840091840112,0.209378517564059,
0.240824572982959,0.274068974152202,0.309019310590866,0.345596104129005,
0.383730047461707,0.423360003843693,0.464431517715314,0.506895679789725,
0.550708244993604,0.595828935135472,0.64222087935075,0.689850159182798,
0.738685434410951,0.788697632082487,0.839859685650506,0.892146314291921,
0.945533834782188,0.97714585658687),.UNSPECIFIED.);
#89=B_SPLINE_CURVE_WITH_KNOTS('',3,(#9166,#9167,#9168,#9169,#9170,#9171,
#9172,#9173,#9174,#9175,#9176,#9177,#9178,#9179,#9180,#9181,#9182,#9183,
#9184,#9185,#9186,#9187,#9188,#9189,#9190,#9191,#9192,#9193,#9194),
 .UNSPECIFIED.,.F.,.F.,(4,1,1,1,1,1,1,1,1,1,1,1,1,1,1,1,1,1,1,1,1,1,1,1,
1,1,4),(0.,0.0537231540098672,0.0669331434974007,0.0839871632249291,0.104165750392883,
0.127046117075471,0.152341313906001,0.179840091840112,0.209378517564059,
0.240824572982959,0.274068974152202,0.309019310590866,0.345596104129005,
0.383730047461707,0.423360003843693,0.464431517715314,0.506895679789725,
0.550708244993604,0.595828935135472,0.64222087935075,0.689850159182798,
0.738685434410951,0.788697632082487,0.839859685650506,0.892146314291921,
0.945533834782188,0.97714585658687),.UNSPECIFIED.);
#90=B_SPLINE_CURVE_WITH_KNOTS('',3,(#9202,#9203,#9204,#9205,#9206,#9207,
#9208,#9209,#9210,#9211,#9212,#9213,#9214,#9215,#9216,#9217,#9218,#9219,
#9220,#9221,#9222,#9223,#9224,#9225,#9226,#9227,#9228,#9229,#9230),
 .UNSPECIFIED.,.F.,.F.,(4,1,1,1,1,1,1,1,1,1,1,1,1,1,1,1,1,1,1,1,1,1,1,1,
1,1,4),(0.,0.0537231540098672,0.0669331434974007,0.0839871632249291,0.104165750392883,
0.127046117075471,0.152341313906001,0.179840091840112,0.209378517564059,
0.240824572982959,0.274068974152202,0.309019310590866,0.345596104129005,
0.383730047461707,0.423360003843693,0.464431517715314,0.506895679789725,
0.550708244993604,0.595828935135472,0.64222087935075,0.689850159182798,
0.738685434410951,0.788697632082487,0.839859685650506,0.892146314291921,
0.945533834782188,0.97714585658687),.UNSPECIFIED.);
#91=B_SPLINE_CURVE_WITH_KNOTS('',3,(#9231,#9232,#9233,#9234,#9235,#9236,
#9237,#9238,#9239,#9240,#9241,#9242,#9243,#9244,#9245,#9246,#9247,#9248,
#9249,#9250,#9251,#9252,#9253,#9254,#9255,#9256,#9257,#9258,#9259),
 .UNSPECIFIED.,.F.,.F.,(4,1,1,1,1,1,1,1,1,1,1,1,1,1,1,1,1,1,1,1,1,1,1,1,
1,1,4),(0.,0.0537231540098672,0.0669331434974007,0.0839871632249291,0.104165750392883,
0.127046117075471,0.152341313906001,0.179840091840112,0.209378517564059,
0.240824572982959,0.274068974152202,0.309019310590866,0.345596104129005,
0.383730047461707,0.423360003843693,0.464431517715314,0.506895679789725,
0.550708244993604,0.595828935135472,0.64222087935075,0.689850159182798,
0.738685434410951,0.788697632082487,0.839859685650506,0.892146314291921,
0.945533834782188,0.97714585658687),.UNSPECIFIED.);
#92=B_SPLINE_CURVE_WITH_KNOTS('',3,(#9267,#9268,#9269,#9270,#9271,#9272,
#9273,#9274,#9275,#9276,#9277,#9278,#9279,#9280,#9281,#9282,#9283,#9284,
#9285,#9286,#9287,#9288,#9289,#9290,#9291,#9292,#9293,#9294,#9295),
 .UNSPECIFIED.,.F.,.F.,(4,1,1,1,1,1,1,1,1,1,1,1,1,1,1,1,1,1,1,1,1,1,1,1,
1,1,4),(0.,0.0537231540098672,0.0669331434974007,0.0839871632249291,0.104165750392883,
0.127046117075471,0.152341313906001,0.179840091840112,0.209378517564059,
0.240824572982959,0.274068974152202,0.309019310590866,0.345596104129005,
0.383730047461707,0.423360003843693,0.464431517715314,0.506895679789725,
0.550708244993604,0.595828935135472,0.64222087935075,0.689850159182798,
0.738685434410951,0.788697632082487,0.839859685650506,0.892146314291921,
0.945533834782188,0.97714585658687),.UNSPECIFIED.);
#93=B_SPLINE_CURVE_WITH_KNOTS('',3,(#9296,#9297,#9298,#9299,#9300,#9301,
#9302,#9303,#9304,#9305,#9306,#9307,#9308,#9309,#9310,#9311,#9312,#9313,
#9314,#9315,#9316,#9317,#9318,#9319,#9320,#9321,#9322,#9323,#9324),
 .UNSPECIFIED.,.F.,.F.,(4,1,1,1,1,1,1,1,1,1,1,1,1,1,1,1,1,1,1,1,1,1,1,1,
1,1,4),(0.,0.0537231540098672,0.0669331434974007,0.0839871632249291,0.104165750392883,
0.127046117075471,0.152341313906001,0.179840091840112,0.209378517564059,
0.240824572982959,0.274068974152202,0.309019310590866,0.345596104129005,
0.383730047461707,0.423360003843693,0.464431517715314,0.506895679789725,
0.550708244993604,0.595828935135472,0.64222087935075,0.689850159182798,
0.738685434410951,0.788697632082487,0.839859685650506,0.892146314291921,
0.945533834782188,0.97714585658687),.UNSPECIFIED.);
#94=B_SPLINE_CURVE_WITH_KNOTS('',3,(#9332,#9333,#9334,#9335,#9336,#9337,
#9338,#9339,#9340,#9341,#9342,#9343,#9344,#9345,#9346,#9347,#9348,#9349,
#9350,#9351,#9352,#9353,#9354,#9355,#9356,#9357,#9358,#9359,#9360),
 .UNSPECIFIED.,.F.,.F.,(4,1,1,1,1,1,1,1,1,1,1,1,1,1,1,1,1,1,1,1,1,1,1,1,
1,1,4),(0.,0.0537231540098672,0.0669331434974007,0.0839871632249291,0.104165750392883,
0.127046117075471,0.152341313906001,0.179840091840112,0.209378517564059,
0.240824572982959,0.274068974152202,0.309019310590866,0.345596104129005,
0.383730047461707,0.423360003843693,0.464431517715314,0.506895679789725,
0.550708244993604,0.595828935135472,0.64222087935075,0.689850159182798,
0.738685434410951,0.788697632082487,0.839859685650506,0.892146314291921,
0.945533834782188,0.97714585658687),.UNSPECIFIED.);
#95=B_SPLINE_CURVE_WITH_KNOTS('',3,(#9361,#9362,#9363,#9364,#9365,#9366,
#9367,#9368,#9369,#9370,#9371,#9372,#9373,#9374,#9375,#9376,#9377,#9378,
#9379,#9380,#9381,#9382,#9383,#9384,#9385,#9386,#9387,#9388,#9389),
 .UNSPECIFIED.,.F.,.F.,(4,1,1,1,1,1,1,1,1,1,1,1,1,1,1,1,1,1,1,1,1,1,1,1,
1,1,4),(0.,0.0537231540098672,0.0669331434974007,0.0839871632249291,0.104165750392883,
0.127046117075471,0.152341313906001,0.179840091840112,0.209378517564059,
0.240824572982959,0.274068974152202,0.309019310590866,0.345596104129005,
0.383730047461707,0.423360003843693,0.464431517715314,0.506895679789725,
0.550708244993604,0.595828935135472,0.64222087935075,0.689850159182798,
0.738685434410951,0.788697632082487,0.839859685650506,0.892146314291921,
0.945533834782188,0.97714585658687),.UNSPECIFIED.);
#96=B_SPLINE_CURVE_WITH_KNOTS('',3,(#9397,#9398,#9399,#9400,#9401,#9402,
#9403,#9404,#9405,#9406,#9407,#9408,#9409,#9410,#9411,#9412,#9413,#9414,
#9415,#9416,#9417,#9418,#9419,#9420,#9421,#9422,#9423,#9424,#9425),
 .UNSPECIFIED.,.F.,.F.,(4,1,1,1,1,1,1,1,1,1,1,1,1,1,1,1,1,1,1,1,1,1,1,1,
1,1,4),(0.,0.0537231540098672,0.0669331434974007,0.0839871632249291,0.104165750392883,
0.127046117075471,0.152341313906001,0.179840091840112,0.209378517564059,
0.240824572982959,0.274068974152202,0.309019310590866,0.345596104129005,
0.383730047461707,0.423360003843693,0.464431517715314,0.506895679789725,
0.550708244993604,0.595828935135472,0.64222087935075,0.689850159182798,
0.738685434410951,0.788697632082487,0.839859685650506,0.892146314291921,
0.945533834782188,0.97714585658687),.UNSPECIFIED.);
#97=B_SPLINE_CURVE_WITH_KNOTS('',3,(#9426,#9427,#9428,#9429,#9430,#9431,
#9432,#9433,#9434,#9435,#9436,#9437,#9438,#9439,#9440,#9441,#9442,#9443,
#9444,#9445,#9446,#9447,#9448,#9449,#9450,#9451,#9452,#9453,#9454),
 .UNSPECIFIED.,.F.,.F.,(4,1,1,1,1,1,1,1,1,1,1,1,1,1,1,1,1,1,1,1,1,1,1,1,
1,1,4),(0.,0.0537231540098672,0.0669331434974007,0.0839871632249291,0.104165750392883,
0.127046117075471,0.152341313906001,0.179840091840112,0.209378517564059,
0.240824572982959,0.274068974152202,0.309019310590866,0.345596104129005,
0.383730047461707,0.423360003843693,0.464431517715314,0.506895679789725,
0.550708244993604,0.595828935135472,0.64222087935075,0.689850159182798,
0.738685434410951,0.788697632082487,0.839859685650506,0.892146314291921,
0.945533834782188,0.97714585658687),.UNSPECIFIED.);
#98=B_SPLINE_CURVE_WITH_KNOTS('',3,(#9462,#9463,#9464,#9465,#9466,#9467,
#9468,#9469,#9470,#9471,#9472,#9473,#9474,#9475,#9476,#9477,#9478,#9479,
#9480,#9481,#9482,#9483,#9484,#9485,#9486,#9487,#9488,#9489,#9490),
 .UNSPECIFIED.,.F.,.F.,(4,1,1,1,1,1,1,1,1,1,1,1,1,1,1,1,1,1,1,1,1,1,1,1,
1,1,4),(0.,0.0537231540098672,0.0669331434974007,0.0839871632249291,0.104165750392883,
0.127046117075471,0.152341313906001,0.179840091840112,0.209378517564059,
0.240824572982959,0.274068974152202,0.309019310590866,0.345596104129005,
0.383730047461707,0.423360003843693,0.464431517715314,0.506895679789725,
0.550708244993604,0.595828935135472,0.64222087935075,0.689850159182798,
0.738685434410951,0.788697632082487,0.839859685650506,0.892146314291921,
0.945533834782188,0.97714585658687),.UNSPECIFIED.);
#99=B_SPLINE_CURVE_WITH_KNOTS('',3,(#9494,#9495,#9496,#9497,#9498,#9499,
#9500,#9501,#9502,#9503,#9504,#9505,#9506,#9507,#9508,#9509,#9510,#9511,
#9512,#9513,#9514,#9515,#9516,#9517,#9518,#9519,#9520,#9521,#9522),
 .UNSPECIFIED.,.F.,.F.,(4,1,1,1,1,1,1,1,1,1,1,1,1,1,1,1,1,1,1,1,1,1,1,1,
1,1,4),(0.,0.0537231540098672,0.0669331434974007,0.0839871632249291,0.104165750392883,
0.127046117075471,0.152341313906001,0.179840091840112,0.209378517564059,
0.240824572982959,0.274068974152202,0.309019310590866,0.345596104129005,
0.383730047461707,0.423360003843693,0.464431517715314,0.506895679789725,
0.550708244993604,0.595828935135472,0.64222087935075,0.689850159182798,
0.738685434410951,0.788697632082487,0.839859685650506,0.892146314291921,
0.945533834782188,0.97714585658687),.UNSPECIFIED.);
#100=B_SPLINE_CURVE_WITH_KNOTS('',3,(#9530,#9531,#9532,#9533,#9534,#9535,
#9536,#9537,#9538,#9539,#9540,#9541,#9542,#9543,#9544,#9545,#9546,#9547,
#9548,#9549,#9550,#9551,#9552,#9553,#9554,#9555,#9556,#9557,#9558),
 .UNSPECIFIED.,.F.,.F.,(4,1,1,1,1,1,1,1,1,1,1,1,1,1,1,1,1,1,1,1,1,1,1,1,
1,1,4),(0.,0.0537231540098672,0.0669331434974007,0.0839871632249291,0.104165750392883,
0.127046117075471,0.152341313906001,0.179840091840112,0.209378517564059,
0.240824572982959,0.274068974152202,0.309019310590866,0.345596104129005,
0.383730047461707,0.423360003843693,0.464431517715314,0.506895679789725,
0.550708244993604,0.595828935135472,0.64222087935075,0.689850159182798,
0.738685434410951,0.788697632082487,0.839859685650506,0.892146314291921,
0.945533834782188,0.97714585658687),.UNSPECIFIED.);
#101=B_SPLINE_CURVE_WITH_KNOTS('',3,(#9559,#9560,#9561,#9562,#9563,#9564,
#9565,#9566,#9567,#9568,#9569,#9570,#9571,#9572,#9573,#9574,#9575,#9576,
#9577,#9578,#9579,#9580,#9581,#9582,#9583,#9584,#9585,#9586,#9587),
 .UNSPECIFIED.,.F.,.F.,(4,1,1,1,1,1,1,1,1,1,1,1,1,1,1,1,1,1,1,1,1,1,1,1,
1,1,4),(0.,0.0537231540098672,0.0669331434974007,0.0839871632249291,0.104165750392883,
0.127046117075471,0.152341313906001,0.179840091840112,0.209378517564059,
0.240824572982959,0.274068974152202,0.309019310590866,0.345596104129005,
0.383730047461707,0.423360003843693,0.464431517715314,0.506895679789725,
0.550708244993604,0.595828935135472,0.64222087935075,0.689850159182798,
0.738685434410951,0.788697632082487,0.839859685650506,0.892146314291921,
0.945533834782188,0.97714585658687),.UNSPECIFIED.);
#102=B_SPLINE_CURVE_WITH_KNOTS('',3,(#9595,#9596,#9597,#9598,#9599,#9600,
#9601,#9602,#9603,#9604,#9605,#9606,#9607,#9608,#9609,#9610,#9611,#9612,
#9613,#9614,#9615,#9616,#9617,#9618,#9619,#9620,#9621,#9622,#9623),
 .UNSPECIFIED.,.F.,.F.,(4,1,1,1,1,1,1,1,1,1,1,1,1,1,1,1,1,1,1,1,1,1,1,1,
1,1,4),(0.,0.0537231540098672,0.0669331434974007,0.0839871632249291,0.104165750392883,
0.127046117075471,0.152341313906001,0.179840091840112,0.209378517564059,
0.240824572982959,0.274068974152202,0.309019310590866,0.345596104129005,
0.383730047461707,0.423360003843693,0.464431517715314,0.506895679789725,
0.550708244993604,0.595828935135472,0.64222087935075,0.689850159182798,
0.738685434410951,0.788697632082487,0.839859685650506,0.892146314291921,
0.945533834782188,0.97714585658687),.UNSPECIFIED.);
#103=B_SPLINE_CURVE_WITH_KNOTS('',3,(#9624,#9625,#9626,#9627,#9628,#9629,
#9630,#9631,#9632,#9633,#9634,#9635,#9636,#9637,#9638,#9639,#9640,#9641,
#9642,#9643,#9644,#9645,#9646,#9647,#9648,#9649,#9650,#9651,#9652),
 .UNSPECIFIED.,.F.,.F.,(4,1,1,1,1,1,1,1,1,1,1,1,1,1,1,1,1,1,1,1,1,1,1,1,
1,1,4),(0.,0.0537231540098672,0.0669331434974007,0.0839871632249291,0.104165750392883,
0.127046117075471,0.152341313906001,0.179840091840112,0.209378517564059,
0.240824572982959,0.274068974152202,0.309019310590866,0.345596104129005,
0.383730047461707,0.423360003843693,0.464431517715314,0.506895679789725,
0.550708244993604,0.595828935135472,0.64222087935075,0.689850159182798,
0.738685434410951,0.788697632082487,0.839859685650506,0.892146314291921,
0.945533834782188,0.97714585658687),.UNSPECIFIED.);
#104=B_SPLINE_CURVE_WITH_KNOTS('',3,(#9660,#9661,#9662,#9663,#9664,#9665,
#9666,#9667,#9668,#9669,#9670,#9671,#9672,#9673,#9674,#9675,#9676,#9677,
#9678,#9679,#9680,#9681,#9682,#9683,#9684,#9685,#9686,#9687,#9688),
 .UNSPECIFIED.,.F.,.F.,(4,1,1,1,1,1,1,1,1,1,1,1,1,1,1,1,1,1,1,1,1,1,1,1,
1,1,4),(0.,0.0537231540098672,0.0669331434974007,0.0839871632249291,0.104165750392883,
0.127046117075471,0.152341313906001,0.179840091840112,0.209378517564059,
0.240824572982959,0.274068974152202,0.309019310590866,0.345596104129005,
0.383730047461707,0.423360003843693,0.464431517715314,0.506895679789725,
0.550708244993604,0.595828935135472,0.64222087935075,0.689850159182798,
0.738685434410951,0.788697632082487,0.839859685650506,0.892146314291921,
0.945533834782188,0.97714585658687),.UNSPECIFIED.);
#105=B_SPLINE_CURVE_WITH_KNOTS('',3,(#9689,#9690,#9691,#9692,#9693,#9694,
#9695,#9696,#9697,#9698,#9699,#9700,#9701,#9702,#9703,#9704,#9705,#9706,
#9707,#9708,#9709,#9710,#9711,#9712,#9713,#9714,#9715,#9716,#9717),
 .UNSPECIFIED.,.F.,.F.,(4,1,1,1,1,1,1,1,1,1,1,1,1,1,1,1,1,1,1,1,1,1,1,1,
1,1,4),(0.,0.0537231540098672,0.0669331434974007,0.0839871632249291,0.104165750392883,
0.127046117075471,0.152341313906001,0.179840091840112,0.209378517564059,
0.240824572982959,0.274068974152202,0.309019310590866,0.345596104129005,
0.383730047461707,0.423360003843693,0.464431517715314,0.506895679789725,
0.550708244993604,0.595828935135472,0.64222087935075,0.689850159182798,
0.738685434410951,0.788697632082487,0.839859685650506,0.892146314291921,
0.945533834782188,0.97714585658687),.UNSPECIFIED.);
#106=B_SPLINE_CURVE_WITH_KNOTS('',3,(#9725,#9726,#9727,#9728,#9729,#9730,
#9731,#9732,#9733,#9734,#9735,#9736,#9737,#9738,#9739,#9740,#9741,#9742,
#9743,#9744,#9745,#9746,#9747,#9748,#9749,#9750,#9751,#9752,#9753),
 .UNSPECIFIED.,.F.,.F.,(4,1,1,1,1,1,1,1,1,1,1,1,1,1,1,1,1,1,1,1,1,1,1,1,
1,1,4),(0.,0.0537231540098672,0.0669331434974007,0.0839871632249291,0.104165750392883,
0.127046117075471,0.152341313906001,0.179840091840112,0.209378517564059,
0.240824572982959,0.274068974152202,0.309019310590866,0.345596104129005,
0.383730047461707,0.423360003843693,0.464431517715314,0.506895679789725,
0.550708244993604,0.595828935135472,0.64222087935075,0.689850159182798,
0.738685434410951,0.788697632082487,0.839859685650506,0.892146314291921,
0.945533834782188,0.97714585658687),.UNSPECIFIED.);
#107=B_SPLINE_CURVE_WITH_KNOTS('',3,(#9754,#9755,#9756,#9757,#9758,#9759,
#9760,#9761,#9762,#9763,#9764,#9765,#9766,#9767,#9768,#9769,#9770,#9771,
#9772,#9773,#9774,#9775,#9776,#9777,#9778,#9779,#9780,#9781,#9782),
 .UNSPECIFIED.,.F.,.F.,(4,1,1,1,1,1,1,1,1,1,1,1,1,1,1,1,1,1,1,1,1,1,1,1,
1,1,4),(0.,0.0537231540098672,0.0669331434974007,0.0839871632249291,0.104165750392883,
0.127046117075471,0.152341313906001,0.179840091840112,0.209378517564059,
0.240824572982959,0.274068974152202,0.309019310590866,0.345596104129005,
0.383730047461707,0.423360003843693,0.464431517715314,0.506895679789725,
0.550708244993604,0.595828935135472,0.64222087935075,0.689850159182798,
0.738685434410951,0.788697632082487,0.839859685650506,0.892146314291921,
0.945533834782188,0.97714585658687),.UNSPECIFIED.);
#108=B_SPLINE_CURVE_WITH_KNOTS('',3,(#9790,#9791,#9792,#9793,#9794,#9795,
#9796,#9797,#9798,#9799,#9800,#9801,#9802,#9803,#9804,#9805,#9806,#9807,
#9808,#9809,#9810,#9811,#9812,#9813,#9814,#9815,#9816,#9817,#9818),
 .UNSPECIFIED.,.F.,.F.,(4,1,1,1,1,1,1,1,1,1,1,1,1,1,1,1,1,1,1,1,1,1,1,1,
1,1,4),(0.,0.0537231540098672,0.0669331434974007,0.0839871632249291,0.104165750392883,
0.127046117075471,0.152341313906001,0.179840091840112,0.209378517564059,
0.240824572982959,0.274068974152202,0.309019310590866,0.345596104129005,
0.383730047461707,0.423360003843693,0.464431517715314,0.506895679789725,
0.550708244993604,0.595828935135472,0.64222087935075,0.689850159182798,
0.738685434410951,0.788697632082487,0.839859685650506,0.892146314291921,
0.945533834782188,0.97714585658687),.UNSPECIFIED.);
#109=B_SPLINE_CURVE_WITH_KNOTS('',3,(#9819,#9820,#9821,#9822,#9823,#9824,
#9825,#9826,#9827,#9828,#9829,#9830,#9831,#9832,#9833,#9834,#9835,#9836,
#9837,#9838,#9839,#9840,#9841,#9842,#9843,#9844,#9845,#9846,#9847),
 .UNSPECIFIED.,.F.,.F.,(4,1,1,1,1,1,1,1,1,1,1,1,1,1,1,1,1,1,1,1,1,1,1,1,
1,1,4),(0.,0.0537231540098672,0.0669331434974007,0.0839871632249291,0.104165750392883,
0.127046117075471,0.152341313906001,0.179840091840112,0.209378517564059,
0.240824572982959,0.274068974152202,0.309019310590866,0.345596104129005,
0.383730047461707,0.423360003843693,0.464431517715314,0.506895679789725,
0.550708244993604,0.595828935135472,0.64222087935075,0.689850159182798,
0.738685434410951,0.788697632082487,0.839859685650506,0.892146314291921,
0.945533834782188,0.97714585658687),.UNSPECIFIED.);
#110=B_SPLINE_CURVE_WITH_KNOTS('',3,(#9855,#9856,#9857,#9858,#9859,#9860,
#9861,#9862,#9863,#9864,#9865,#9866,#9867,#9868,#9869,#9870,#9871,#9872,
#9873,#9874,#9875,#9876,#9877,#9878,#9879,#9880,#9881,#9882,#9883),
 .UNSPECIFIED.,.F.,.F.,(4,1,1,1,1,1,1,1,1,1,1,1,1,1,1,1,1,1,1,1,1,1,1,1,
1,1,4),(0.,0.0537231540098672,0.0669331434974007,0.0839871632249291,0.104165750392883,
0.127046117075471,0.152341313906001,0.179840091840112,0.209378517564059,
0.240824572982959,0.274068974152202,0.309019310590866,0.345596104129005,
0.383730047461707,0.423360003843693,0.464431517715314,0.506895679789725,
0.550708244993604,0.595828935135472,0.64222087935075,0.689850159182798,
0.738685434410951,0.788697632082487,0.839859685650506,0.892146314291921,
0.945533834782188,0.97714585658687),.UNSPECIFIED.);
#111=B_SPLINE_CURVE_WITH_KNOTS('',3,(#9884,#9885,#9886,#9887,#9888,#9889,
#9890,#9891,#9892,#9893,#9894,#9895,#9896,#9897,#9898,#9899,#9900,#9901,
#9902,#9903,#9904,#9905,#9906,#9907,#9908,#9909,#9910,#9911,#9912),
 .UNSPECIFIED.,.F.,.F.,(4,1,1,1,1,1,1,1,1,1,1,1,1,1,1,1,1,1,1,1,1,1,1,1,
1,1,4),(0.,0.0537231540098672,0.0669331434974007,0.0839871632249291,0.104165750392883,
0.127046117075471,0.152341313906001,0.179840091840112,0.209378517564059,
0.240824572982959,0.274068974152202,0.309019310590866,0.345596104129005,
0.383730047461707,0.423360003843693,0.464431517715314,0.506895679789725,
0.550708244993604,0.595828935135472,0.64222087935075,0.689850159182798,
0.738685434410951,0.788697632082487,0.839859685650506,0.892146314291921,
0.945533834782188,0.97714585658687),.UNSPECIFIED.);
#112=B_SPLINE_CURVE_WITH_KNOTS('',3,(#9920,#9921,#9922,#9923,#9924,#9925,
#9926,#9927,#9928,#9929,#9930,#9931,#9932,#9933,#9934,#9935,#9936,#9937,
#9938,#9939,#9940,#9941,#9942,#9943,#9944,#9945,#9946,#9947,#9948),
 .UNSPECIFIED.,.F.,.F.,(4,1,1,1,1,1,1,1,1,1,1,1,1,1,1,1,1,1,1,1,1,1,1,1,
1,1,4),(0.,0.0537231540098672,0.0669331434974007,0.0839871632249291,0.104165750392883,
0.127046117075471,0.152341313906001,0.179840091840112,0.209378517564059,
0.240824572982959,0.274068974152202,0.309019310590866,0.345596104129005,
0.383730047461707,0.423360003843693,0.464431517715314,0.506895679789725,
0.550708244993604,0.595828935135472,0.64222087935075,0.689850159182798,
0.738685434410951,0.788697632082487,0.839859685650506,0.892146314291921,
0.945533834782188,0.97714585658687),.UNSPECIFIED.);
#113=B_SPLINE_CURVE_WITH_KNOTS('',3,(#9949,#9950,#9951,#9952,#9953,#9954,
#9955,#9956,#9957,#9958,#9959,#9960,#9961,#9962,#9963,#9964,#9965,#9966,
#9967,#9968,#9969,#9970,#9971,#9972,#9973,#9974,#9975,#9976,#9977),
 .UNSPECIFIED.,.F.,.F.,(4,1,1,1,1,1,1,1,1,1,1,1,1,1,1,1,1,1,1,1,1,1,1,1,
1,1,4),(0.,0.0537231540098672,0.0669331434974007,0.0839871632249291,0.104165750392883,
0.127046117075471,0.152341313906001,0.179840091840112,0.209378517564059,
0.240824572982959,0.274068974152202,0.309019310590866,0.345596104129005,
0.383730047461707,0.423360003843693,0.464431517715314,0.506895679789725,
0.550708244993604,0.595828935135472,0.64222087935075,0.689850159182798,
0.738685434410951,0.788697632082487,0.839859685650506,0.892146314291921,
0.945533834782188,0.97714585658687),.UNSPECIFIED.);
#114=B_SPLINE_CURVE_WITH_KNOTS('',3,(#9985,#9986,#9987,#9988,#9989,#9990,
#9991,#9992,#9993,#9994,#9995,#9996,#9997,#9998,#9999,#10000,#10001,#10002,
#10003,#10004,#10005,#10006,#10007,#10008,#10009,#10010,#10011,#10012,#10013),
 .UNSPECIFIED.,.F.,.F.,(4,1,1,1,1,1,1,1,1,1,1,1,1,1,1,1,1,1,1,1,1,1,1,1,
1,1,4),(0.,0.0537231540098672,0.0669331434974007,0.0839871632249291,0.104165750392883,
0.127046117075471,0.152341313906001,0.179840091840112,0.209378517564059,
0.240824572982959,0.274068974152202,0.309019310590866,0.345596104129005,
0.383730047461707,0.423360003843693,0.464431517715314,0.506895679789725,
0.550708244993604,0.595828935135472,0.64222087935075,0.689850159182798,
0.738685434410951,0.788697632082487,0.839859685650506,0.892146314291921,
0.945533834782188,0.97714585658687),.UNSPECIFIED.);
#115=B_SPLINE_CURVE_WITH_KNOTS('',3,(#10014,#10015,#10016,#10017,#10018,
#10019,#10020,#10021,#10022,#10023,#10024,#10025,#10026,#10027,#10028,#10029,
#10030,#10031,#10032,#10033,#10034,#10035,#10036,#10037,#10038,#10039,#10040,
#10041,#10042),.UNSPECIFIED.,.F.,.F.,(4,1,1,1,1,1,1,1,1,1,1,1,1,1,1,1,1,
1,1,1,1,1,1,1,1,1,4),(0.,0.0537231540098672,0.0669331434974007,0.0839871632249291,
0.104165750392883,0.127046117075471,0.152341313906001,0.179840091840112,
0.209378517564059,0.240824572982959,0.274068974152202,0.309019310590866,
0.345596104129005,0.383730047461707,0.423360003843693,0.464431517715314,
0.506895679789725,0.550708244993604,0.595828935135472,0.64222087935075,
0.689850159182798,0.738685434410951,0.788697632082487,0.839859685650506,
0.892146314291921,0.945533834782188,0.97714585658687),.UNSPECIFIED.);
#116=B_SPLINE_CURVE_WITH_KNOTS('',3,(#10050,#10051,#10052,#10053,#10054,
#10055,#10056,#10057,#10058,#10059,#10060,#10061,#10062,#10063,#10064,#10065,
#10066,#10067,#10068,#10069,#10070,#10071,#10072,#10073,#10074,#10075,#10076,
#10077,#10078),.UNSPECIFIED.,.F.,.F.,(4,1,1,1,1,1,1,1,1,1,1,1,1,1,1,1,1,
1,1,1,1,1,1,1,1,1,4),(0.,0.0537231540098672,0.0669331434974007,0.0839871632249291,
0.104165750392883,0.127046117075471,0.152341313906001,0.179840091840112,
0.209378517564059,0.240824572982959,0.274068974152202,0.309019310590866,
0.345596104129005,0.383730047461707,0.423360003843693,0.464431517715314,
0.506895679789725,0.550708244993604,0.595828935135472,0.64222087935075,
0.689850159182798,0.738685434410951,0.788697632082487,0.839859685650506,
0.892146314291921,0.945533834782188,0.97714585658687),.UNSPECIFIED.);
#117=B_SPLINE_CURVE_WITH_KNOTS('',3,(#10079,#10080,#10081,#10082,#10083,
#10084,#10085,#10086,#10087,#10088,#10089,#10090,#10091,#10092,#10093,#10094,
#10095,#10096,#10097,#10098,#10099,#10100,#10101,#10102,#10103,#10104,#10105,
#10106,#10107),.UNSPECIFIED.,.F.,.F.,(4,1,1,1,1,1,1,1,1,1,1,1,1,1,1,1,1,
1,1,1,1,1,1,1,1,1,4),(0.,0.0537231540098672,0.0669331434974007,0.0839871632249291,
0.104165750392883,0.127046117075471,0.152341313906001,0.179840091840112,
0.209378517564059,0.240824572982959,0.274068974152202,0.309019310590866,
0.345596104129005,0.383730047461707,0.423360003843693,0.464431517715314,
0.506895679789725,0.550708244993604,0.595828935135472,0.64222087935075,
0.689850159182798,0.738685434410951,0.788697632082487,0.839859685650506,
0.892146314291921,0.945533834782188,0.97714585658687),.UNSPECIFIED.);
#118=B_SPLINE_CURVE_WITH_KNOTS('',3,(#10115,#10116,#10117,#10118,#10119,
#10120,#10121,#10122,#10123,#10124,#10125,#10126,#10127,#10128,#10129,#10130,
#10131,#10132,#10133,#10134,#10135,#10136,#10137,#10138,#10139,#10140,#10141,
#10142,#10143),.UNSPECIFIED.,.F.,.F.,(4,1,1,1,1,1,1,1,1,1,1,1,1,1,1,1,1,
1,1,1,1,1,1,1,1,1,4),(0.,0.0537231540098672,0.0669331434974007,0.0839871632249291,
0.104165750392883,0.127046117075471,0.152341313906001,0.179840091840112,
0.209378517564059,0.240824572982959,0.274068974152202,0.309019310590866,
0.345596104129005,0.383730047461707,0.423360003843693,0.464431517715314,
0.506895679789725,0.550708244993604,0.595828935135472,0.64222087935075,
0.689850159182798,0.738685434410951,0.788697632082487,0.839859685650506,
0.892146314291921,0.945533834782188,0.97714585658687),.UNSPECIFIED.);
#119=B_SPLINE_CURVE_WITH_KNOTS('',3,(#10144,#10145,#10146,#10147,#10148,
#10149,#10150,#10151,#10152,#10153,#10154,#10155,#10156,#10157,#10158,#10159,
#10160,#10161,#10162,#10163,#10164,#10165,#10166,#10167,#10168,#10169,#10170,
#10171,#10172),.UNSPECIFIED.,.F.,.F.,(4,1,1,1,1,1,1,1,1,1,1,1,1,1,1,1,1,
1,1,1,1,1,1,1,1,1,4),(0.,0.0537231540098672,0.0669331434974007,0.0839871632249291,
0.104165750392883,0.127046117075471,0.152341313906001,0.179840091840112,
0.209378517564059,0.240824572982959,0.274068974152202,0.309019310590866,
0.345596104129005,0.383730047461707,0.423360003843693,0.464431517715314,
0.506895679789725,0.550708244993604,0.595828935135472,0.64222087935075,
0.689850159182798,0.738685434410951,0.788697632082487,0.839859685650506,
0.892146314291921,0.945533834782188,0.97714585658687),.UNSPECIFIED.);
#120=B_SPLINE_CURVE_WITH_KNOTS('',3,(#10180,#10181,#10182,#10183,#10184,
#10185,#10186,#10187,#10188,#10189,#10190,#10191,#10192,#10193,#10194,#10195,
#10196,#10197,#10198,#10199,#10200,#10201,#10202,#10203,#10204,#10205,#10206,
#10207,#10208),.UNSPECIFIED.,.F.,.F.,(4,1,1,1,1,1,1,1,1,1,1,1,1,1,1,1,1,
1,1,1,1,1,1,1,1,1,4),(0.,0.0537231540098672,0.0669331434974007,0.0839871632249291,
0.104165750392883,0.127046117075471,0.152341313906001,0.179840091840112,
0.209378517564059,0.240824572982959,0.274068974152202,0.309019310590866,
0.345596104129005,0.383730047461707,0.423360003843693,0.464431517715314,
0.506895679789725,0.550708244993604,0.595828935135472,0.64222087935075,
0.689850159182798,0.738685434410951,0.788697632082487,0.839859685650506,
0.892146314291921,0.945533834782188,0.97714585658687),.UNSPECIFIED.);
#121=B_SPLINE_CURVE_WITH_KNOTS('',3,(#10209,#10210,#10211,#10212,#10213,
#10214,#10215,#10216,#10217,#10218,#10219,#10220,#10221,#10222,#10223,#10224,
#10225,#10226,#10227,#10228,#10229,#10230,#10231,#10232,#10233,#10234,#10235,
#10236,#10237),.UNSPECIFIED.,.F.,.F.,(4,1,1,1,1,1,1,1,1,1,1,1,1,1,1,1,1,
1,1,1,1,1,1,1,1,1,4),(0.,0.0537231540098672,0.0669331434974007,0.0839871632249291,
0.104165750392883,0.127046117075471,0.152341313906001,0.179840091840112,
0.209378517564059,0.240824572982959,0.274068974152202,0.309019310590866,
0.345596104129005,0.383730047461707,0.423360003843693,0.464431517715314,
0.506895679789725,0.550708244993604,0.595828935135472,0.64222087935075,
0.689850159182798,0.738685434410951,0.788697632082487,0.839859685650506,
0.892146314291921,0.945533834782188,0.97714585658687),.UNSPECIFIED.);
#122=B_SPLINE_CURVE_WITH_KNOTS('',3,(#10245,#10246,#10247,#10248,#10249,
#10250,#10251,#10252,#10253,#10254,#10255,#10256,#10257,#10258,#10259,#10260,
#10261,#10262,#10263,#10264,#10265,#10266,#10267,#10268,#10269,#10270,#10271,
#10272,#10273),.UNSPECIFIED.,.F.,.F.,(4,1,1,1,1,1,1,1,1,1,1,1,1,1,1,1,1,
1,1,1,1,1,1,1,1,1,4),(0.,0.0537231540098672,0.0669331434974007,0.0839871632249291,
0.104165750392883,0.127046117075471,0.152341313906001,0.179840091840112,
0.209378517564059,0.240824572982959,0.274068974152202,0.309019310590866,
0.345596104129005,0.383730047461707,0.423360003843693,0.464431517715314,
0.506895679789725,0.550708244993604,0.595828935135472,0.64222087935075,
0.689850159182798,0.738685434410951,0.788697632082487,0.839859685650506,
0.892146314291921,0.945533834782188,0.97714585658687),.UNSPECIFIED.);
#123=B_SPLINE_CURVE_WITH_KNOTS('',3,(#10274,#10275,#10276,#10277,#10278,
#10279,#10280,#10281,#10282,#10283,#10284,#10285,#10286,#10287,#10288,#10289,
#10290,#10291,#10292,#10293,#10294,#10295,#10296,#10297,#10298,#10299,#10300,
#10301,#10302),.UNSPECIFIED.,.F.,.F.,(4,1,1,1,1,1,1,1,1,1,1,1,1,1,1,1,1,
1,1,1,1,1,1,1,1,1,4),(0.,0.0537231540098672,0.0669331434974007,0.0839871632249291,
0.104165750392883,0.127046117075471,0.152341313906001,0.179840091840112,
0.209378517564059,0.240824572982959,0.274068974152202,0.309019310590866,
0.345596104129005,0.383730047461707,0.423360003843693,0.464431517715314,
0.506895679789725,0.550708244993604,0.595828935135472,0.64222087935075,
0.689850159182798,0.738685434410951,0.788697632082487,0.839859685650506,
0.892146314291921,0.945533834782188,0.97714585658687),.UNSPECIFIED.);
#124=B_SPLINE_CURVE_WITH_KNOTS('',3,(#10310,#10311,#10312,#10313,#10314,
#10315,#10316,#10317,#10318,#10319,#10320,#10321,#10322,#10323,#10324,#10325,
#10326,#10327,#10328,#10329,#10330,#10331,#10332,#10333,#10334,#10335,#10336,
#10337,#10338),.UNSPECIFIED.,.F.,.F.,(4,1,1,1,1,1,1,1,1,1,1,1,1,1,1,1,1,
1,1,1,1,1,1,1,1,1,4),(0.,0.0537231540098672,0.0669331434974007,0.0839871632249291,
0.104165750392883,0.127046117075471,0.152341313906001,0.179840091840112,
0.209378517564059,0.240824572982959,0.274068974152202,0.309019310590866,
0.345596104129005,0.383730047461707,0.423360003843693,0.464431517715314,
0.506895679789725,0.550708244993604,0.595828935135472,0.64222087935075,
0.689850159182798,0.738685434410951,0.788697632082487,0.839859685650506,
0.892146314291921,0.945533834782188,0.97714585658687),.UNSPECIFIED.);
#125=B_SPLINE_CURVE_WITH_KNOTS('',3,(#10339,#10340,#10341,#10342,#10343,
#10344,#10345,#10346,#10347,#10348,#10349,#10350,#10351,#10352,#10353,#10354,
#10355,#10356,#10357,#10358,#10359,#10360,#10361,#10362,#10363,#10364,#10365,
#10366,#10367),.UNSPECIFIED.,.F.,.F.,(4,1,1,1,1,1,1,1,1,1,1,1,1,1,1,1,1,
1,1,1,1,1,1,1,1,1,4),(0.,0.0537231540098672,0.0669331434974007,0.0839871632249291,
0.104165750392883,0.127046117075471,0.152341313906001,0.179840091840112,
0.209378517564059,0.240824572982959,0.274068974152202,0.309019310590866,
0.345596104129005,0.383730047461707,0.423360003843693,0.464431517715314,
0.506895679789725,0.550708244993604,0.595828935135472,0.64222087935075,
0.689850159182798,0.738685434410951,0.788697632082487,0.839859685650506,
0.892146314291921,0.945533834782188,0.97714585658687),.UNSPECIFIED.);
#126=B_SPLINE_CURVE_WITH_KNOTS('',3,(#10375,#10376,#10377,#10378,#10379,
#10380,#10381,#10382,#10383,#10384,#10385,#10386,#10387,#10388,#10389,#10390,
#10391,#10392,#10393,#10394,#10395,#10396,#10397,#10398,#10399,#10400,#10401,
#10402,#10403),.UNSPECIFIED.,.F.,.F.,(4,1,1,1,1,1,1,1,1,1,1,1,1,1,1,1,1,
1,1,1,1,1,1,1,1,1,4),(0.,0.0537231540098672,0.0669331434974007,0.0839871632249291,
0.104165750392883,0.127046117075471,0.152341313906001,0.179840091840112,
0.209378517564059,0.240824572982959,0.274068974152202,0.309019310590866,
0.345596104129005,0.383730047461707,0.423360003843693,0.464431517715314,
0.506895679789725,0.550708244993604,0.595828935135472,0.64222087935075,
0.689850159182798,0.738685434410951,0.788697632082487,0.839859685650506,
0.892146314291921,0.945533834782188,0.97714585658687),.UNSPECIFIED.);
#127=B_SPLINE_CURVE_WITH_KNOTS('',3,(#10404,#10405,#10406,#10407,#10408,
#10409,#10410,#10411,#10412,#10413,#10414,#10415,#10416,#10417,#10418,#10419,
#10420,#10421,#10422,#10423,#10424,#10425,#10426,#10427,#10428,#10429,#10430,
#10431,#10432),.UNSPECIFIED.,.F.,.F.,(4,1,1,1,1,1,1,1,1,1,1,1,1,1,1,1,1,
1,1,1,1,1,1,1,1,1,4),(0.,0.0537231540098672,0.0669331434974007,0.0839871632249291,
0.104165750392883,0.127046117075471,0.152341313906001,0.179840091840112,
0.209378517564059,0.240824572982959,0.274068974152202,0.309019310590866,
0.345596104129005,0.383730047461707,0.423360003843693,0.464431517715314,
0.506895679789725,0.550708244993604,0.595828935135472,0.64222087935075,
0.689850159182798,0.738685434410951,0.788697632082487,0.839859685650506,
0.892146314291921,0.945533834782188,0.97714585658687),.UNSPECIFIED.);
#128=B_SPLINE_CURVE_WITH_KNOTS('',3,(#10440,#10441,#10442,#10443,#10444,
#10445,#10446,#10447,#10448,#10449,#10450,#10451,#10452,#10453,#10454,#10455,
#10456,#10457,#10458,#10459,#10460,#10461,#10462,#10463,#10464,#10465,#10466,
#10467,#10468),.UNSPECIFIED.,.F.,.F.,(4,1,1,1,1,1,1,1,1,1,1,1,1,1,1,1,1,
1,1,1,1,1,1,1,1,1,4),(0.,0.0537231540098672,0.0669331434974007,0.0839871632249291,
0.104165750392883,0.127046117075471,0.152341313906001,0.179840091840112,
0.209378517564059,0.240824572982959,0.274068974152202,0.309019310590866,
0.345596104129005,0.383730047461707,0.423360003843693,0.464431517715314,
0.506895679789725,0.550708244993604,0.595828935135472,0.64222087935075,
0.689850159182798,0.738685434410951,0.788697632082487,0.839859685650506,
0.892146314291921,0.945533834782188,0.97714585658687),.UNSPECIFIED.);
#129=B_SPLINE_CURVE_WITH_KNOTS('',3,(#10469,#10470,#10471,#10472,#10473,
#10474,#10475,#10476,#10477,#10478,#10479,#10480,#10481,#10482,#10483,#10484,
#10485,#10486,#10487,#10488,#10489,#10490,#10491,#10492,#10493,#10494,#10495,
#10496,#10497),.UNSPECIFIED.,.F.,.F.,(4,1,1,1,1,1,1,1,1,1,1,1,1,1,1,1,1,
1,1,1,1,1,1,1,1,1,4),(0.,0.0537231540098672,0.0669331434974007,0.0839871632249291,
0.104165750392883,0.127046117075471,0.152341313906001,0.179840091840112,
0.209378517564059,0.240824572982959,0.274068974152202,0.309019310590866,
0.345596104129005,0.383730047461707,0.423360003843693,0.464431517715314,
0.506895679789725,0.550708244993604,0.595828935135472,0.64222087935075,
0.689850159182798,0.738685434410951,0.788697632082487,0.839859685650506,
0.892146314291921,0.945533834782188,0.97714585658687),.UNSPECIFIED.);
#130=B_SPLINE_CURVE_WITH_KNOTS('',3,(#10505,#10506,#10507,#10508,#10509,
#10510,#10511,#10512,#10513,#10514,#10515,#10516,#10517,#10518,#10519,#10520,
#10521,#10522,#10523,#10524,#10525,#10526,#10527,#10528,#10529,#10530,#10531,
#10532,#10533),.UNSPECIFIED.,.F.,.F.,(4,1,1,1,1,1,1,1,1,1,1,1,1,1,1,1,1,
1,1,1,1,1,1,1,1,1,4),(0.,0.0537231540098672,0.0669331434974007,0.0839871632249291,
0.104165750392883,0.127046117075471,0.152341313906001,0.179840091840112,
0.209378517564059,0.240824572982959,0.274068974152202,0.309019310590866,
0.345596104129005,0.383730047461707,0.423360003843693,0.464431517715314,
0.506895679789725,0.550708244993604,0.595828935135472,0.64222087935075,
0.689850159182798,0.738685434410951,0.788697632082487,0.839859685650506,
0.892146314291921,0.945533834782188,0.97714585658687),.UNSPECIFIED.);
#131=B_SPLINE_CURVE_WITH_KNOTS('',3,(#10534,#10535,#10536,#10537,#10538,
#10539,#10540,#10541,#10542,#10543,#10544,#10545,#10546,#10547,#10548,#10549,
#10550,#10551,#10552,#10553,#10554,#10555,#10556,#10557,#10558,#10559,#10560,
#10561,#10562),.UNSPECIFIED.,.F.,.F.,(4,1,1,1,1,1,1,1,1,1,1,1,1,1,1,1,1,
1,1,1,1,1,1,1,1,1,4),(0.,0.0537231540098672,0.0669331434974007,0.0839871632249291,
0.104165750392883,0.127046117075471,0.152341313906001,0.179840091840112,
0.209378517564059,0.240824572982959,0.274068974152202,0.309019310590866,
0.345596104129005,0.383730047461707,0.423360003843693,0.464431517715314,
0.506895679789725,0.550708244993604,0.595828935135472,0.64222087935075,
0.689850159182798,0.738685434410951,0.788697632082487,0.839859685650506,
0.892146314291921,0.945533834782188,0.97714585658687),.UNSPECIFIED.);
#132=B_SPLINE_CURVE_WITH_KNOTS('',3,(#10570,#10571,#10572,#10573,#10574,
#10575,#10576,#10577,#10578,#10579,#10580,#10581,#10582,#10583,#10584,#10585,
#10586,#10587,#10588,#10589,#10590,#10591,#10592,#10593,#10594,#10595,#10596,
#10597,#10598),.UNSPECIFIED.,.F.,.F.,(4,1,1,1,1,1,1,1,1,1,1,1,1,1,1,1,1,
1,1,1,1,1,1,1,1,1,4),(0.,0.0537231540098672,0.0669331434974007,0.0839871632249291,
0.104165750392883,0.127046117075471,0.152341313906001,0.179840091840112,
0.209378517564059,0.240824572982959,0.274068974152202,0.309019310590866,
0.345596104129005,0.383730047461707,0.423360003843693,0.464431517715314,
0.506895679789725,0.550708244993604,0.595828935135472,0.64222087935075,
0.689850159182798,0.738685434410951,0.788697632082487,0.839859685650506,
0.892146314291921,0.945533834782188,0.97714585658687),.UNSPECIFIED.);
#133=B_SPLINE_CURVE_WITH_KNOTS('',3,(#10599,#10600,#10601,#10602,#10603,
#10604,#10605,#10606,#10607,#10608,#10609,#10610,#10611,#10612,#10613,#10614,
#10615,#10616,#10617,#10618,#10619,#10620,#10621,#10622,#10623,#10624,#10625,
#10626,#10627),.UNSPECIFIED.,.F.,.F.,(4,1,1,1,1,1,1,1,1,1,1,1,1,1,1,1,1,
1,1,1,1,1,1,1,1,1,4),(0.,0.0537231540098672,0.0669331434974007,0.0839871632249291,
0.104165750392883,0.127046117075471,0.152341313906001,0.179840091840112,
0.209378517564059,0.240824572982959,0.274068974152202,0.309019310590866,
0.345596104129005,0.383730047461707,0.423360003843693,0.464431517715314,
0.506895679789725,0.550708244993604,0.595828935135472,0.64222087935075,
0.689850159182798,0.738685434410951,0.788697632082487,0.839859685650506,
0.892146314291921,0.945533834782188,0.97714585658687),.UNSPECIFIED.);
#134=B_SPLINE_CURVE_WITH_KNOTS('',3,(#10635,#10636,#10637,#10638,#10639,
#10640,#10641,#10642,#10643,#10644,#10645,#10646,#10647,#10648,#10649,#10650,
#10651,#10652,#10653,#10654,#10655,#10656,#10657,#10658,#10659,#10660,#10661,
#10662,#10663),.UNSPECIFIED.,.F.,.F.,(4,1,1,1,1,1,1,1,1,1,1,1,1,1,1,1,1,
1,1,1,1,1,1,1,1,1,4),(0.,0.0537231540098672,0.0669331434974007,0.0839871632249291,
0.104165750392883,0.127046117075471,0.152341313906001,0.179840091840112,
0.209378517564059,0.240824572982959,0.274068974152202,0.309019310590866,
0.345596104129005,0.383730047461707,0.423360003843693,0.464431517715314,
0.506895679789725,0.550708244993604,0.595828935135472,0.64222087935075,
0.689850159182798,0.738685434410951,0.788697632082487,0.839859685650506,
0.892146314291921,0.945533834782188,0.97714585658687),.UNSPECIFIED.);
#135=B_SPLINE_CURVE_WITH_KNOTS('',3,(#10664,#10665,#10666,#10667,#10668,
#10669,#10670,#10671,#10672,#10673,#10674,#10675,#10676,#10677,#10678,#10679,
#10680,#10681,#10682,#10683,#10684,#10685,#10686,#10687,#10688,#10689,#10690,
#10691,#10692),.UNSPECIFIED.,.F.,.F.,(4,1,1,1,1,1,1,1,1,1,1,1,1,1,1,1,1,
1,1,1,1,1,1,1,1,1,4),(0.,0.0537231540098672,0.0669331434974007,0.0839871632249291,
0.104165750392883,0.127046117075471,0.152341313906001,0.179840091840112,
0.209378517564059,0.240824572982959,0.274068974152202,0.309019310590866,
0.345596104129005,0.383730047461707,0.423360003843693,0.464431517715314,
0.506895679789725,0.550708244993604,0.595828935135472,0.64222087935075,
0.689850159182798,0.738685434410951,0.788697632082487,0.839859685650506,
0.892146314291921,0.945533834782188,0.97714585658687),.UNSPECIFIED.);
#136=B_SPLINE_CURVE_WITH_KNOTS('',3,(#10700,#10701,#10702,#10703,#10704,
#10705,#10706,#10707,#10708,#10709,#10710,#10711,#10712,#10713,#10714,#10715,
#10716,#10717,#10718,#10719,#10720,#10721,#10722,#10723,#10724,#10725,#10726,
#10727,#10728),.UNSPECIFIED.,.F.,.F.,(4,1,1,1,1,1,1,1,1,1,1,1,1,1,1,1,1,
1,1,1,1,1,1,1,1,1,4),(0.,0.0537231540098672,0.0669331434974007,0.0839871632249291,
0.104165750392883,0.127046117075471,0.152341313906001,0.179840091840112,
0.209378517564059,0.240824572982959,0.274068974152202,0.309019310590866,
0.345596104129005,0.383730047461707,0.423360003843693,0.464431517715314,
0.506895679789725,0.550708244993604,0.595828935135472,0.64222087935075,
0.689850159182798,0.738685434410951,0.788697632082487,0.839859685650506,
0.892146314291921,0.945533834782188,0.97714585658687),.UNSPECIFIED.);
#137=B_SPLINE_CURVE_WITH_KNOTS('',3,(#10729,#10730,#10731,#10732,#10733,
#10734,#10735,#10736,#10737,#10738,#10739,#10740,#10741,#10742,#10743,#10744,
#10745,#10746,#10747,#10748,#10749,#10750,#10751,#10752,#10753,#10754,#10755,
#10756,#10757),.UNSPECIFIED.,.F.,.F.,(4,1,1,1,1,1,1,1,1,1,1,1,1,1,1,1,1,
1,1,1,1,1,1,1,1,1,4),(0.,0.0537231540098672,0.0669331434974007,0.0839871632249291,
0.104165750392883,0.127046117075471,0.152341313906001,0.179840091840112,
0.209378517564059,0.240824572982959,0.274068974152202,0.309019310590866,
0.345596104129005,0.383730047461707,0.423360003843693,0.464431517715314,
0.506895679789725,0.550708244993604,0.595828935135472,0.64222087935075,
0.689850159182798,0.738685434410951,0.788697632082487,0.839859685650506,
0.892146314291921,0.945533834782188,0.97714585658687),.UNSPECIFIED.);
#138=B_SPLINE_CURVE_WITH_KNOTS('',3,(#10765,#10766,#10767,#10768,#10769,
#10770,#10771,#10772,#10773,#10774,#10775,#10776,#10777,#10778,#10779,#10780,
#10781,#10782,#10783,#10784,#10785,#10786,#10787,#10788,#10789,#10790,#10791,
#10792,#10793),.UNSPECIFIED.,.F.,.F.,(4,1,1,1,1,1,1,1,1,1,1,1,1,1,1,1,1,
1,1,1,1,1,1,1,1,1,4),(0.,0.0537231540098672,0.0669331434974007,0.0839871632249291,
0.104165750392883,0.127046117075471,0.152341313906001,0.179840091840112,
0.209378517564059,0.240824572982959,0.274068974152202,0.309019310590866,
0.345596104129005,0.383730047461707,0.423360003843693,0.464431517715314,
0.506895679789725,0.550708244993604,0.595828935135472,0.64222087935075,
0.689850159182798,0.738685434410951,0.788697632082487,0.839859685650506,
0.892146314291921,0.945533834782188,0.97714585658687),.UNSPECIFIED.);
#139=B_SPLINE_CURVE_WITH_KNOTS('',3,(#10794,#10795,#10796,#10797,#10798,
#10799,#10800,#10801,#10802,#10803,#10804,#10805,#10806,#10807,#10808,#10809,
#10810,#10811,#10812,#10813,#10814,#10815,#10816,#10817,#10818,#10819,#10820,
#10821,#10822),.UNSPECIFIED.,.F.,.F.,(4,1,1,1,1,1,1,1,1,1,1,1,1,1,1,1,1,
1,1,1,1,1,1,1,1,1,4),(0.,0.0537231540098672,0.0669331434974007,0.0839871632249291,
0.104165750392883,0.127046117075471,0.152341313906001,0.179840091840112,
0.209378517564059,0.240824572982959,0.274068974152202,0.309019310590866,
0.345596104129005,0.383730047461707,0.423360003843693,0.464431517715314,
0.506895679789725,0.550708244993604,0.595828935135472,0.64222087935075,
0.689850159182798,0.738685434410951,0.788697632082487,0.839859685650506,
0.892146314291921,0.945533834782188,0.97714585658687),.UNSPECIFIED.);
#140=B_SPLINE_CURVE_WITH_KNOTS('',3,(#10830,#10831,#10832,#10833,#10834,
#10835,#10836,#10837,#10838,#10839,#10840,#10841,#10842,#10843,#10844,#10845,
#10846,#10847,#10848,#10849,#10850,#10851,#10852,#10853,#10854,#10855,#10856,
#10857,#10858),.UNSPECIFIED.,.F.,.F.,(4,1,1,1,1,1,1,1,1,1,1,1,1,1,1,1,1,
1,1,1,1,1,1,1,1,1,4),(0.,0.0537231540098672,0.0669331434974007,0.0839871632249291,
0.104165750392883,0.127046117075471,0.152341313906001,0.179840091840112,
0.209378517564059,0.240824572982959,0.274068974152202,0.309019310590866,
0.345596104129005,0.383730047461707,0.423360003843693,0.464431517715314,
0.506895679789725,0.550708244993604,0.595828935135472,0.64222087935075,
0.689850159182798,0.738685434410951,0.788697632082487,0.839859685650506,
0.892146314291921,0.945533834782188,0.97714585658687),.UNSPECIFIED.);
#141=B_SPLINE_CURVE_WITH_KNOTS('',3,(#10859,#10860,#10861,#10862,#10863,
#10864,#10865,#10866,#10867,#10868,#10869,#10870,#10871,#10872,#10873,#10874,
#10875,#10876,#10877,#10878,#10879,#10880,#10881,#10882,#10883,#10884,#10885,
#10886,#10887),.UNSPECIFIED.,.F.,.F.,(4,1,1,1,1,1,1,1,1,1,1,1,1,1,1,1,1,
1,1,1,1,1,1,1,1,1,4),(0.,0.0537231540098672,0.0669331434974007,0.0839871632249291,
0.104165750392883,0.127046117075471,0.152341313906001,0.179840091840112,
0.209378517564059,0.240824572982959,0.274068974152202,0.309019310590866,
0.345596104129005,0.383730047461707,0.423360003843693,0.464431517715314,
0.506895679789725,0.550708244993604,0.595828935135472,0.64222087935075,
0.689850159182798,0.738685434410951,0.788697632082487,0.839859685650506,
0.892146314291921,0.945533834782188,0.97714585658687),.UNSPECIFIED.);
#142=B_SPLINE_CURVE_WITH_KNOTS('',3,(#10895,#10896,#10897,#10898,#10899,
#10900,#10901,#10902,#10903,#10904,#10905,#10906,#10907,#10908,#10909,#10910,
#10911,#10912,#10913,#10914,#10915,#10916,#10917,#10918,#10919,#10920,#10921,
#10922,#10923),.UNSPECIFIED.,.F.,.F.,(4,1,1,1,1,1,1,1,1,1,1,1,1,1,1,1,1,
1,1,1,1,1,1,1,1,1,4),(0.,0.0537231540098672,0.0669331434974007,0.0839871632249291,
0.104165750392883,0.127046117075471,0.152341313906001,0.179840091840112,
0.209378517564059,0.240824572982959,0.274068974152202,0.309019310590866,
0.345596104129005,0.383730047461707,0.423360003843693,0.464431517715314,
0.506895679789725,0.550708244993604,0.595828935135472,0.64222087935075,
0.689850159182798,0.738685434410951,0.788697632082487,0.839859685650506,
0.892146314291921,0.945533834782188,0.97714585658687),.UNSPECIFIED.);
#143=B_SPLINE_CURVE_WITH_KNOTS('',3,(#10924,#10925,#10926,#10927,#10928,
#10929,#10930,#10931,#10932,#10933,#10934,#10935,#10936,#10937,#10938,#10939,
#10940,#10941,#10942,#10943,#10944,#10945,#10946,#10947,#10948,#10949,#10950,
#10951,#10952),.UNSPECIFIED.,.F.,.F.,(4,1,1,1,1,1,1,1,1,1,1,1,1,1,1,1,1,
1,1,1,1,1,1,1,1,1,4),(0.,0.0537231540098672,0.0669331434974007,0.0839871632249291,
0.104165750392883,0.127046117075471,0.152341313906001,0.179840091840112,
0.209378517564059,0.240824572982959,0.274068974152202,0.309019310590866,
0.345596104129005,0.383730047461707,0.423360003843693,0.464431517715314,
0.506895679789725,0.550708244993604,0.595828935135472,0.64222087935075,
0.689850159182798,0.738685434410951,0.788697632082487,0.839859685650506,
0.892146314291921,0.945533834782188,0.97714585658687),.UNSPECIFIED.);
#144=B_SPLINE_CURVE_WITH_KNOTS('',3,(#10960,#10961,#10962,#10963,#10964,
#10965,#10966,#10967,#10968,#10969,#10970,#10971,#10972,#10973,#10974,#10975,
#10976,#10977,#10978,#10979,#10980,#10981,#10982,#10983,#10984,#10985,#10986,
#10987,#10988),.UNSPECIFIED.,.F.,.F.,(4,1,1,1,1,1,1,1,1,1,1,1,1,1,1,1,1,
1,1,1,1,1,1,1,1,1,4),(0.,0.0537231540098672,0.0669331434974007,0.0839871632249291,
0.104165750392883,0.127046117075471,0.152341313906001,0.179840091840112,
0.209378517564059,0.240824572982959,0.274068974152202,0.309019310590866,
0.345596104129005,0.383730047461707,0.423360003843693,0.464431517715314,
0.506895679789725,0.550708244993604,0.595828935135472,0.64222087935075,
0.689850159182798,0.738685434410951,0.788697632082487,0.839859685650506,
0.892146314291921,0.945533834782188,0.97714585658687),.UNSPECIFIED.);
#145=B_SPLINE_CURVE_WITH_KNOTS('',3,(#10989,#10990,#10991,#10992,#10993,
#10994,#10995,#10996,#10997,#10998,#10999,#11000,#11001,#11002,#11003,#11004,
#11005,#11006,#11007,#11008,#11009,#11010,#11011,#11012,#11013,#11014,#11015,
#11016,#11017),.UNSPECIFIED.,.F.,.F.,(4,1,1,1,1,1,1,1,1,1,1,1,1,1,1,1,1,
1,1,1,1,1,1,1,1,1,4),(0.,0.0537231540098672,0.0669331434974007,0.0839871632249291,
0.104165750392883,0.127046117075471,0.152341313906001,0.179840091840112,
0.209378517564059,0.240824572982959,0.274068974152202,0.309019310590866,
0.345596104129005,0.383730047461707,0.423360003843693,0.464431517715314,
0.506895679789725,0.550708244993604,0.595828935135472,0.64222087935075,
0.689850159182798,0.738685434410951,0.788697632082487,0.839859685650506,
0.892146314291921,0.945533834782188,0.97714585658687),.UNSPECIFIED.);
#146=B_SPLINE_CURVE_WITH_KNOTS('',3,(#11025,#11026,#11027,#11028,#11029,
#11030,#11031,#11032,#11033,#11034,#11035,#11036,#11037,#11038,#11039,#11040,
#11041,#11042,#11043,#11044,#11045,#11046,#11047,#11048,#11049,#11050,#11051,
#11052,#11053),.UNSPECIFIED.,.F.,.F.,(4,1,1,1,1,1,1,1,1,1,1,1,1,1,1,1,1,
1,1,1,1,1,1,1,1,1,4),(0.,0.0537231540098672,0.0669331434974007,0.0839871632249291,
0.104165750392883,0.127046117075471,0.152341313906001,0.179840091840112,
0.209378517564059,0.240824572982959,0.274068974152202,0.309019310590866,
0.345596104129005,0.383730047461707,0.423360003843693,0.464431517715314,
0.506895679789725,0.550708244993604,0.595828935135472,0.64222087935075,
0.689850159182798,0.738685434410951,0.788697632082487,0.839859685650506,
0.892146314291921,0.945533834782188,0.97714585658687),.UNSPECIFIED.);
#147=B_SPLINE_CURVE_WITH_KNOTS('',3,(#11054,#11055,#11056,#11057,#11058,
#11059,#11060,#11061,#11062,#11063,#11064,#11065,#11066,#11067,#11068,#11069,
#11070,#11071,#11072,#11073,#11074,#11075,#11076,#11077,#11078,#11079,#11080,
#11081,#11082),.UNSPECIFIED.,.F.,.F.,(4,1,1,1,1,1,1,1,1,1,1,1,1,1,1,1,1,
1,1,1,1,1,1,1,1,1,4),(0.,0.0537231540098672,0.0669331434974007,0.0839871632249291,
0.104165750392883,0.127046117075471,0.152341313906001,0.179840091840112,
0.209378517564059,0.240824572982959,0.274068974152202,0.309019310590866,
0.345596104129005,0.383730047461707,0.423360003843693,0.464431517715314,
0.506895679789725,0.550708244993604,0.595828935135472,0.64222087935075,
0.689850159182798,0.738685434410951,0.788697632082487,0.839859685650506,
0.892146314291921,0.945533834782188,0.97714585658687),.UNSPECIFIED.);
#148=B_SPLINE_CURVE_WITH_KNOTS('',3,(#11090,#11091,#11092,#11093,#11094,
#11095,#11096,#11097,#11098,#11099,#11100,#11101,#11102,#11103,#11104,#11105,
#11106,#11107,#11108,#11109,#11110,#11111,#11112,#11113,#11114,#11115,#11116,
#11117,#11118),.UNSPECIFIED.,.F.,.F.,(4,1,1,1,1,1,1,1,1,1,1,1,1,1,1,1,1,
1,1,1,1,1,1,1,1,1,4),(0.,0.0537231540098672,0.0669331434974007,0.0839871632249291,
0.104165750392883,0.127046117075471,0.152341313906001,0.179840091840112,
0.209378517564059,0.240824572982959,0.274068974152202,0.309019310590866,
0.345596104129005,0.383730047461707,0.423360003843693,0.464431517715314,
0.506895679789725,0.550708244993604,0.595828935135472,0.64222087935075,
0.689850159182798,0.738685434410951,0.788697632082487,0.839859685650506,
0.892146314291921,0.945533834782188,0.97714585658687),.UNSPECIFIED.);
#149=B_SPLINE_CURVE_WITH_KNOTS('',3,(#11119,#11120,#11121,#11122,#11123,
#11124,#11125,#11126,#11127,#11128,#11129,#11130,#11131,#11132,#11133,#11134,
#11135,#11136,#11137,#11138,#11139,#11140,#11141,#11142,#11143,#11144,#11145,
#11146,#11147),.UNSPECIFIED.,.F.,.F.,(4,1,1,1,1,1,1,1,1,1,1,1,1,1,1,1,1,
1,1,1,1,1,1,1,1,1,4),(0.,0.0537231540098672,0.0669331434974007,0.0839871632249291,
0.104165750392883,0.127046117075471,0.152341313906001,0.179840091840112,
0.209378517564059,0.240824572982959,0.274068974152202,0.309019310590866,
0.345596104129005,0.383730047461707,0.423360003843693,0.464431517715314,
0.506895679789725,0.550708244993604,0.595828935135472,0.64222087935075,
0.689850159182798,0.738685434410951,0.788697632082487,0.839859685650506,
0.892146314291921,0.945533834782188,0.97714585658687),.UNSPECIFIED.);
#150=B_SPLINE_CURVE_WITH_KNOTS('',3,(#11155,#11156,#11157,#11158,#11159,
#11160,#11161,#11162,#11163,#11164,#11165,#11166,#11167,#11168,#11169,#11170,
#11171,#11172,#11173,#11174,#11175,#11176,#11177,#11178,#11179,#11180,#11181,
#11182,#11183),.UNSPECIFIED.,.F.,.F.,(4,1,1,1,1,1,1,1,1,1,1,1,1,1,1,1,1,
1,1,1,1,1,1,1,1,1,4),(0.,0.0537231540098672,0.0669331434974007,0.0839871632249291,
0.104165750392883,0.127046117075471,0.152341313906001,0.179840091840112,
0.209378517564059,0.240824572982959,0.274068974152202,0.309019310590866,
0.345596104129005,0.383730047461707,0.423360003843693,0.464431517715314,
0.506895679789725,0.550708244993604,0.595828935135472,0.64222087935075,
0.689850159182798,0.738685434410951,0.788697632082487,0.839859685650506,
0.892146314291921,0.945533834782188,0.97714585658687),.UNSPECIFIED.);
#151=B_SPLINE_CURVE_WITH_KNOTS('',3,(#11184,#11185,#11186,#11187,#11188,
#11189,#11190,#11191,#11192,#11193,#11194,#11195,#11196,#11197,#11198,#11199,
#11200,#11201,#11202,#11203,#11204,#11205,#11206,#11207,#11208,#11209,#11210,
#11211,#11212),.UNSPECIFIED.,.F.,.F.,(4,1,1,1,1,1,1,1,1,1,1,1,1,1,1,1,1,
1,1,1,1,1,1,1,1,1,4),(0.,0.0537231540098672,0.0669331434974007,0.0839871632249291,
0.104165750392883,0.127046117075471,0.152341313906001,0.179840091840112,
0.209378517564059,0.240824572982959,0.274068974152202,0.309019310590866,
0.345596104129005,0.383730047461707,0.423360003843693,0.464431517715314,
0.506895679789725,0.550708244993604,0.595828935135472,0.64222087935075,
0.689850159182798,0.738685434410951,0.788697632082487,0.839859685650506,
0.892146314291921,0.945533834782188,0.97714585658687),.UNSPECIFIED.);
#152=B_SPLINE_CURVE_WITH_KNOTS('',3,(#11220,#11221,#11222,#11223,#11224,
#11225,#11226,#11227,#11228,#11229,#11230,#11231,#11232,#11233,#11234,#11235,
#11236,#11237,#11238,#11239,#11240,#11241,#11242,#11243,#11244,#11245,#11246,
#11247,#11248),.UNSPECIFIED.,.F.,.F.,(4,1,1,1,1,1,1,1,1,1,1,1,1,1,1,1,1,
1,1,1,1,1,1,1,1,1,4),(0.,0.0537231540098672,0.0669331434974007,0.0839871632249291,
0.104165750392883,0.127046117075471,0.152341313906001,0.179840091840112,
0.209378517564059,0.240824572982959,0.274068974152202,0.309019310590866,
0.345596104129005,0.383730047461707,0.423360003843693,0.464431517715314,
0.506895679789725,0.550708244993604,0.595828935135472,0.64222087935075,
0.689850159182798,0.738685434410951,0.788697632082487,0.839859685650506,
0.892146314291921,0.945533834782188,0.97714585658687),.UNSPECIFIED.);
#153=B_SPLINE_CURVE_WITH_KNOTS('',3,(#11249,#11250,#11251,#11252,#11253,
#11254,#11255,#11256,#11257,#11258,#11259,#11260,#11261,#11262,#11263,#11264,
#11265,#11266,#11267,#11268,#11269,#11270,#11271,#11272,#11273,#11274,#11275,
#11276,#11277),.UNSPECIFIED.,.F.,.F.,(4,1,1,1,1,1,1,1,1,1,1,1,1,1,1,1,1,
1,1,1,1,1,1,1,1,1,4),(0.,0.0537231540098672,0.0669331434974007,0.0839871632249291,
0.104165750392883,0.127046117075471,0.152341313906001,0.179840091840112,
0.209378517564059,0.240824572982959,0.274068974152202,0.309019310590866,
0.345596104129005,0.383730047461707,0.423360003843693,0.464431517715314,
0.506895679789725,0.550708244993604,0.595828935135472,0.64222087935075,
0.689850159182798,0.738685434410951,0.788697632082487,0.839859685650506,
0.892146314291921,0.945533834782188,0.97714585658687),.UNSPECIFIED.);
#154=B_SPLINE_CURVE_WITH_KNOTS('',3,(#11285,#11286,#11287,#11288,#11289,
#11290,#11291,#11292,#11293,#11294,#11295,#11296,#11297,#11298,#11299,#11300,
#11301,#11302,#11303,#11304,#11305,#11306,#11307,#11308,#11309,#11310,#11311,
#11312,#11313),.UNSPECIFIED.,.F.,.F.,(4,1,1,1,1,1,1,1,1,1,1,1,1,1,1,1,1,
1,1,1,1,1,1,1,1,1,4),(0.,0.0537231540098672,0.0669331434974007,0.0839871632249291,
0.104165750392883,0.127046117075471,0.152341313906001,0.179840091840112,
0.209378517564059,0.240824572982959,0.274068974152202,0.309019310590866,
0.345596104129005,0.383730047461707,0.423360003843693,0.464431517715314,
0.506895679789725,0.550708244993604,0.595828935135472,0.64222087935075,
0.689850159182798,0.738685434410951,0.788697632082487,0.839859685650506,
0.892146314291921,0.945533834782188,0.97714585658687),.UNSPECIFIED.);
#155=B_SPLINE_CURVE_WITH_KNOTS('',3,(#11314,#11315,#11316,#11317,#11318,
#11319,#11320,#11321,#11322,#11323,#11324,#11325,#11326,#11327,#11328,#11329,
#11330,#11331,#11332,#11333,#11334,#11335,#11336,#11337,#11338,#11339,#11340,
#11341,#11342),.UNSPECIFIED.,.F.,.F.,(4,1,1,1,1,1,1,1,1,1,1,1,1,1,1,1,1,
1,1,1,1,1,1,1,1,1,4),(0.,0.0537231540098672,0.0669331434974007,0.0839871632249291,
0.104165750392883,0.127046117075471,0.152341313906001,0.179840091840112,
0.209378517564059,0.240824572982959,0.274068974152202,0.309019310590866,
0.345596104129005,0.383730047461707,0.423360003843693,0.464431517715314,
0.506895679789725,0.550708244993604,0.595828935135472,0.64222087935075,
0.689850159182798,0.738685434410951,0.788697632082487,0.839859685650506,
0.892146314291921,0.945533834782188,0.97714585658687),.UNSPECIFIED.);
#156=B_SPLINE_CURVE_WITH_KNOTS('',3,(#11350,#11351,#11352,#11353,#11354,
#11355,#11356,#11357,#11358,#11359,#11360,#11361,#11362,#11363,#11364,#11365,
#11366,#11367,#11368,#11369,#11370,#11371,#11372,#11373,#11374,#11375,#11376,
#11377,#11378),.UNSPECIFIED.,.F.,.F.,(4,1,1,1,1,1,1,1,1,1,1,1,1,1,1,1,1,
1,1,1,1,1,1,1,1,1,4),(0.,0.0537231540098672,0.0669331434974007,0.0839871632249291,
0.104165750392883,0.127046117075471,0.152341313906001,0.179840091840112,
0.209378517564059,0.240824572982959,0.274068974152202,0.309019310590866,
0.345596104129005,0.383730047461707,0.423360003843693,0.464431517715314,
0.506895679789725,0.550708244993604,0.595828935135472,0.64222087935075,
0.689850159182798,0.738685434410951,0.788697632082487,0.839859685650506,
0.892146314291921,0.945533834782188,0.97714585658687),.UNSPECIFIED.);
#157=B_SPLINE_CURVE_WITH_KNOTS('',3,(#11379,#11380,#11381,#11382,#11383,
#11384,#11385,#11386,#11387,#11388,#11389,#11390,#11391,#11392,#11393,#11394,
#11395,#11396,#11397,#11398,#11399,#11400,#11401,#11402,#11403,#11404,#11405,
#11406,#11407),.UNSPECIFIED.,.F.,.F.,(4,1,1,1,1,1,1,1,1,1,1,1,1,1,1,1,1,
1,1,1,1,1,1,1,1,1,4),(0.,0.0537231540098672,0.0669331434974007,0.0839871632249291,
0.104165750392883,0.127046117075471,0.152341313906001,0.179840091840112,
0.209378517564059,0.240824572982959,0.274068974152202,0.309019310590866,
0.345596104129005,0.383730047461707,0.423360003843693,0.464431517715314,
0.506895679789725,0.550708244993604,0.595828935135472,0.64222087935075,
0.689850159182798,0.738685434410951,0.788697632082487,0.839859685650506,
0.892146314291921,0.945533834782188,0.97714585658687),.UNSPECIFIED.);
#158=B_SPLINE_CURVE_WITH_KNOTS('',3,(#11424,#11425,#11426,#11427,#11428,
#11429,#11430,#11431,#11432,#11433,#11434,#11435,#11436,#11437,#11438,#11439,
#11440,#11441,#11442,#11443,#11444,#11445,#11446,#11447,#11448,#11449,#11450,
#11451,#11452),.UNSPECIFIED.,.F.,.F.,(4,1,1,1,1,1,1,1,1,1,1,1,1,1,1,1,1,
1,1,1,1,1,1,1,1,1,4),(0.,0.0537231540098672,0.0669331434974007,0.0839871632249291,
0.104165750392883,0.127046117075471,0.152341313906001,0.179840091840112,
0.209378517564059,0.240824572982959,0.274068974152202,0.309019310590866,
0.345596104129005,0.383730047461707,0.423360003843693,0.464431517715314,
0.506895679789725,0.550708244993604,0.595828935135472,0.64222087935075,
0.689850159182798,0.738685434410951,0.788697632082487,0.839859685650506,
0.892146314291921,0.945533834782188,0.97714585658687),.UNSPECIFIED.);
#159=B_SPLINE_CURVE_WITH_KNOTS('',3,(#11453,#11454,#11455,#11456,#11457,
#11458,#11459,#11460,#11461,#11462,#11463,#11464,#11465,#11466,#11467,#11468,
#11469,#11470,#11471,#11472,#11473,#11474,#11475,#11476,#11477,#11478,#11479,
#11480,#11481),.UNSPECIFIED.,.F.,.F.,(4,1,1,1,1,1,1,1,1,1,1,1,1,1,1,1,1,
1,1,1,1,1,1,1,1,1,4),(0.,0.0537231540098672,0.0669331434974007,0.0839871632249291,
0.104165750392883,0.127046117075471,0.152341313906001,0.179840091840112,
0.209378517564059,0.240824572982959,0.274068974152202,0.309019310590866,
0.345596104129005,0.383730047461707,0.423360003843693,0.464431517715314,
0.506895679789725,0.550708244993604,0.595828935135472,0.64222087935075,
0.689850159182798,0.738685434410951,0.788697632082487,0.839859685650506,
0.892146314291921,0.945533834782188,0.97714585658687),.UNSPECIFIED.);
#160=B_SPLINE_CURVE_WITH_KNOTS('',3,(#11489,#11490,#11491,#11492,#11493,
#11494,#11495,#11496,#11497,#11498,#11499,#11500,#11501,#11502,#11503,#11504,
#11505,#11506,#11507,#11508,#11509,#11510,#11511,#11512,#11513,#11514,#11515,
#11516,#11517),.UNSPECIFIED.,.F.,.F.,(4,1,1,1,1,1,1,1,1,1,1,1,1,1,1,1,1,
1,1,1,1,1,1,1,1,1,4),(0.,0.0537231540098672,0.0669331434974007,0.0839871632249291,
0.104165750392883,0.127046117075471,0.152341313906001,0.179840091840112,
0.209378517564059,0.240824572982959,0.274068974152202,0.309019310590866,
0.345596104129005,0.383730047461707,0.423360003843693,0.464431517715314,
0.506895679789725,0.550708244993604,0.595828935135472,0.64222087935075,
0.689850159182798,0.738685434410951,0.788697632082487,0.839859685650506,
0.892146314291921,0.945533834782188,0.97714585658687),.UNSPECIFIED.);
#161=B_SPLINE_CURVE_WITH_KNOTS('',3,(#11518,#11519,#11520,#11521,#11522,
#11523,#11524,#11525,#11526,#11527,#11528,#11529,#11530,#11531,#11532,#11533,
#11534,#11535,#11536,#11537,#11538,#11539,#11540,#11541,#11542,#11543,#11544,
#11545,#11546),.UNSPECIFIED.,.F.,.F.,(4,1,1,1,1,1,1,1,1,1,1,1,1,1,1,1,1,
1,1,1,1,1,1,1,1,1,4),(0.,0.0537231540098672,0.0669331434974007,0.0839871632249291,
0.104165750392883,0.127046117075471,0.152341313906001,0.179840091840112,
0.209378517564059,0.240824572982959,0.274068974152202,0.309019310590866,
0.345596104129005,0.383730047461707,0.423360003843693,0.464431517715314,
0.506895679789725,0.550708244993604,0.595828935135472,0.64222087935075,
0.689850159182798,0.738685434410951,0.788697632082487,0.839859685650506,
0.892146314291921,0.945533834782188,0.97714585658687),.UNSPECIFIED.);
#162=B_SPLINE_CURVE_WITH_KNOTS('',3,(#11554,#11555,#11556,#11557,#11558,
#11559,#11560,#11561,#11562,#11563,#11564,#11565,#11566,#11567,#11568,#11569,
#11570,#11571,#11572,#11573,#11574,#11575,#11576,#11577,#11578,#11579,#11580,
#11581,#11582),.UNSPECIFIED.,.F.,.F.,(4,1,1,1,1,1,1,1,1,1,1,1,1,1,1,1,1,
1,1,1,1,1,1,1,1,1,4),(0.,0.0537231540098672,0.0669331434974007,0.0839871632249291,
0.104165750392883,0.127046117075471,0.152341313906001,0.179840091840112,
0.209378517564059,0.240824572982959,0.274068974152202,0.309019310590866,
0.345596104129005,0.383730047461707,0.423360003843693,0.464431517715314,
0.506895679789725,0.550708244993604,0.595828935135472,0.64222087935075,
0.689850159182798,0.738685434410951,0.788697632082487,0.839859685650506,
0.892146314291921,0.945533834782188,0.97714585658687),.UNSPECIFIED.);
#163=B_SPLINE_CURVE_WITH_KNOTS('',3,(#11583,#11584,#11585,#11586,#11587,
#11588,#11589,#11590,#11591,#11592,#11593,#11594,#11595,#11596,#11597,#11598,
#11599,#11600,#11601,#11602,#11603,#11604,#11605,#11606,#11607,#11608,#11609,
#11610,#11611),.UNSPECIFIED.,.F.,.F.,(4,1,1,1,1,1,1,1,1,1,1,1,1,1,1,1,1,
1,1,1,1,1,1,1,1,1,4),(0.,0.0537231540098672,0.0669331434974007,0.0839871632249291,
0.104165750392883,0.127046117075471,0.152341313906001,0.179840091840112,
0.209378517564059,0.240824572982959,0.274068974152202,0.309019310590866,
0.345596104129005,0.383730047461707,0.423360003843693,0.464431517715314,
0.506895679789725,0.550708244993604,0.595828935135472,0.64222087935075,
0.689850159182798,0.738685434410951,0.788697632082487,0.839859685650506,
0.892146314291921,0.945533834782188,0.97714585658687),.UNSPECIFIED.);
#164=B_SPLINE_CURVE_WITH_KNOTS('',3,(#11619,#11620,#11621,#11622,#11623,
#11624,#11625,#11626,#11627,#11628,#11629,#11630,#11631,#11632,#11633,#11634,
#11635,#11636,#11637,#11638,#11639,#11640,#11641,#11642,#11643,#11644,#11645,
#11646,#11647),.UNSPECIFIED.,.F.,.F.,(4,1,1,1,1,1,1,1,1,1,1,1,1,1,1,1,1,
1,1,1,1,1,1,1,1,1,4),(0.,0.0537231540098672,0.0669331434974007,0.0839871632249291,
0.104165750392883,0.127046117075471,0.152341313906001,0.179840091840112,
0.209378517564059,0.240824572982959,0.274068974152202,0.309019310590866,
0.345596104129005,0.383730047461707,0.423360003843693,0.464431517715314,
0.506895679789725,0.550708244993604,0.595828935135472,0.64222087935075,
0.689850159182798,0.738685434410951,0.788697632082487,0.839859685650506,
0.892146314291921,0.945533834782188,0.97714585658687),.UNSPECIFIED.);
#165=B_SPLINE_CURVE_WITH_KNOTS('',3,(#11648,#11649,#11650,#11651,#11652,
#11653,#11654,#11655,#11656,#11657,#11658,#11659,#11660,#11661,#11662,#11663,
#11664,#11665,#11666,#11667,#11668,#11669,#11670,#11671,#11672,#11673,#11674,
#11675,#11676),.UNSPECIFIED.,.F.,.F.,(4,1,1,1,1,1,1,1,1,1,1,1,1,1,1,1,1,
1,1,1,1,1,1,1,1,1,4),(0.,0.0537231540098672,0.0669331434974007,0.0839871632249291,
0.104165750392883,0.127046117075471,0.152341313906001,0.179840091840112,
0.209378517564059,0.240824572982959,0.274068974152202,0.309019310590866,
0.345596104129005,0.383730047461707,0.423360003843693,0.464431517715314,
0.506895679789725,0.550708244993604,0.595828935135472,0.64222087935075,
0.689850159182798,0.738685434410951,0.788697632082487,0.839859685650506,
0.892146314291921,0.945533834782188,0.97714585658687),.UNSPECIFIED.);
#166=B_SPLINE_CURVE_WITH_KNOTS('',3,(#11684,#11685,#11686,#11687,#11688,
#11689,#11690,#11691,#11692,#11693,#11694,#11695,#11696,#11697,#11698,#11699,
#11700,#11701,#11702,#11703,#11704,#11705,#11706,#11707,#11708,#11709,#11710,
#11711,#11712),.UNSPECIFIED.,.F.,.F.,(4,1,1,1,1,1,1,1,1,1,1,1,1,1,1,1,1,
1,1,1,1,1,1,1,1,1,4),(0.,0.0537231540098672,0.0669331434974007,0.0839871632249291,
0.104165750392883,0.127046117075471,0.152341313906001,0.179840091840112,
0.209378517564059,0.240824572982959,0.274068974152202,0.309019310590866,
0.345596104129005,0.383730047461707,0.423360003843693,0.464431517715314,
0.506895679789725,0.550708244993604,0.595828935135472,0.64222087935075,
0.689850159182798,0.738685434410951,0.788697632082487,0.839859685650506,
0.892146314291921,0.945533834782188,0.97714585658687),.UNSPECIFIED.);
#167=B_SPLINE_CURVE_WITH_KNOTS('',3,(#11713,#11714,#11715,#11716,#11717,
#11718,#11719,#11720,#11721,#11722,#11723,#11724,#11725,#11726,#11727,#11728,
#11729,#11730,#11731,#11732,#11733,#11734,#11735,#11736,#11737,#11738,#11739,
#11740,#11741),.UNSPECIFIED.,.F.,.F.,(4,1,1,1,1,1,1,1,1,1,1,1,1,1,1,1,1,
1,1,1,1,1,1,1,1,1,4),(0.,0.0537231540098672,0.0669331434974007,0.0839871632249291,
0.104165750392883,0.127046117075471,0.152341313906001,0.179840091840112,
0.209378517564059,0.240824572982959,0.274068974152202,0.309019310590866,
0.345596104129005,0.383730047461707,0.423360003843693,0.464431517715314,
0.506895679789725,0.550708244993604,0.595828935135472,0.64222087935075,
0.689850159182798,0.738685434410951,0.788697632082487,0.839859685650506,
0.892146314291921,0.945533834782188,0.97714585658687),.UNSPECIFIED.);
#168=B_SPLINE_CURVE_WITH_KNOTS('',3,(#11749,#11750,#11751,#11752,#11753,
#11754,#11755,#11756,#11757,#11758,#11759,#11760,#11761,#11762,#11763,#11764,
#11765,#11766,#11767,#11768,#11769,#11770,#11771,#11772,#11773,#11774,#11775,
#11776,#11777),.UNSPECIFIED.,.F.,.F.,(4,1,1,1,1,1,1,1,1,1,1,1,1,1,1,1,1,
1,1,1,1,1,1,1,1,1,4),(0.,0.0537231540098672,0.0669331434974007,0.0839871632249291,
0.104165750392883,0.127046117075471,0.152341313906001,0.179840091840112,
0.209378517564059,0.240824572982959,0.274068974152202,0.309019310590866,
0.345596104129005,0.383730047461707,0.423360003843693,0.464431517715314,
0.506895679789725,0.550708244993604,0.595828935135472,0.64222087935075,
0.689850159182798,0.738685434410951,0.788697632082487,0.839859685650506,
0.892146314291921,0.945533834782188,0.97714585658687),.UNSPECIFIED.);
#169=B_SPLINE_CURVE_WITH_KNOTS('',3,(#11778,#11779,#11780,#11781,#11782,
#11783,#11784,#11785,#11786,#11787,#11788,#11789,#11790,#11791,#11792,#11793,
#11794,#11795,#11796,#11797,#11798,#11799,#11800,#11801,#11802,#11803,#11804,
#11805,#11806),.UNSPECIFIED.,.F.,.F.,(4,1,1,1,1,1,1,1,1,1,1,1,1,1,1,1,1,
1,1,1,1,1,1,1,1,1,4),(0.,0.0537231540098672,0.0669331434974007,0.0839871632249291,
0.104165750392883,0.127046117075471,0.152341313906001,0.179840091840112,
0.209378517564059,0.240824572982959,0.274068974152202,0.309019310590866,
0.345596104129005,0.383730047461707,0.423360003843693,0.464431517715314,
0.506895679789725,0.550708244993604,0.595828935135472,0.64222087935075,
0.689850159182798,0.738685434410951,0.788697632082487,0.839859685650506,
0.892146314291921,0.945533834782188,0.97714585658687),.UNSPECIFIED.);
#170=B_SPLINE_CURVE_WITH_KNOTS('',3,(#11814,#11815,#11816,#11817,#11818,
#11819,#11820,#11821,#11822,#11823,#11824,#11825,#11826,#11827,#11828,#11829,
#11830,#11831,#11832,#11833,#11834,#11835,#11836,#11837,#11838,#11839,#11840,
#11841,#11842),.UNSPECIFIED.,.F.,.F.,(4,1,1,1,1,1,1,1,1,1,1,1,1,1,1,1,1,
1,1,1,1,1,1,1,1,1,4),(0.,0.0537231540098672,0.0669331434974007,0.0839871632249291,
0.104165750392883,0.127046117075471,0.152341313906001,0.179840091840112,
0.209378517564059,0.240824572982959,0.274068974152202,0.309019310590866,
0.345596104129005,0.383730047461707,0.423360003843693,0.464431517715314,
0.506895679789725,0.550708244993604,0.595828935135472,0.64222087935075,
0.689850159182798,0.738685434410951,0.788697632082487,0.839859685650506,
0.892146314291921,0.945533834782188,0.97714585658687),.UNSPECIFIED.);
#171=B_SPLINE_CURVE_WITH_KNOTS('',3,(#11843,#11844,#11845,#11846,#11847,
#11848,#11849,#11850,#11851,#11852,#11853,#11854,#11855,#11856,#11857,#11858,
#11859,#11860,#11861,#11862,#11863,#11864,#11865,#11866,#11867,#11868,#11869,
#11870,#11871),.UNSPECIFIED.,.F.,.F.,(4,1,1,1,1,1,1,1,1,1,1,1,1,1,1,1,1,
1,1,1,1,1,1,1,1,1,4),(0.,0.0537231540098672,0.0669331434974007,0.0839871632249291,
0.104165750392883,0.127046117075471,0.152341313906001,0.179840091840112,
0.209378517564059,0.240824572982959,0.274068974152202,0.309019310590866,
0.345596104129005,0.383730047461707,0.423360003843693,0.464431517715314,
0.506895679789725,0.550708244993604,0.595828935135472,0.64222087935075,
0.689850159182798,0.738685434410951,0.788697632082487,0.839859685650506,
0.892146314291921,0.945533834782188,0.97714585658687),.UNSPECIFIED.);
#172=B_SPLINE_CURVE_WITH_KNOTS('',3,(#11879,#11880,#11881,#11882,#11883,
#11884,#11885,#11886,#11887,#11888,#11889,#11890,#11891,#11892,#11893,#11894,
#11895,#11896,#11897,#11898,#11899,#11900,#11901,#11902,#11903,#11904,#11905,
#11906,#11907),.UNSPECIFIED.,.F.,.F.,(4,1,1,1,1,1,1,1,1,1,1,1,1,1,1,1,1,
1,1,1,1,1,1,1,1,1,4),(0.,0.0537231540098672,0.0669331434974007,0.0839871632249291,
0.104165750392883,0.127046117075471,0.152341313906001,0.179840091840112,
0.209378517564059,0.240824572982959,0.274068974152202,0.309019310590866,
0.345596104129005,0.383730047461707,0.423360003843693,0.464431517715314,
0.506895679789725,0.550708244993604,0.595828935135472,0.64222087935075,
0.689850159182798,0.738685434410951,0.788697632082487,0.839859685650506,
0.892146314291921,0.945533834782188,0.97714585658687),.UNSPECIFIED.);
#173=B_SPLINE_CURVE_WITH_KNOTS('',3,(#11908,#11909,#11910,#11911,#11912,
#11913,#11914,#11915,#11916,#11917,#11918,#11919,#11920,#11921,#11922,#11923,
#11924,#11925,#11926,#11927,#11928,#11929,#11930,#11931,#11932,#11933,#11934,
#11935,#11936),.UNSPECIFIED.,.F.,.F.,(4,1,1,1,1,1,1,1,1,1,1,1,1,1,1,1,1,
1,1,1,1,1,1,1,1,1,4),(0.,0.0537231540098672,0.0669331434974007,0.0839871632249291,
0.104165750392883,0.127046117075471,0.152341313906001,0.179840091840112,
0.209378517564059,0.240824572982959,0.274068974152202,0.309019310590866,
0.345596104129005,0.383730047461707,0.423360003843693,0.464431517715314,
0.506895679789725,0.550708244993604,0.595828935135472,0.64222087935075,
0.689850159182798,0.738685434410951,0.788697632082487,0.839859685650506,
0.892146314291921,0.945533834782188,0.97714585658687),.UNSPECIFIED.);
#174=B_SPLINE_CURVE_WITH_KNOTS('',3,(#11944,#11945,#11946,#11947,#11948,
#11949,#11950,#11951,#11952,#11953,#11954,#11955,#11956,#11957,#11958,#11959,
#11960,#11961,#11962,#11963,#11964,#11965,#11966,#11967,#11968,#11969,#11970,
#11971,#11972),.UNSPECIFIED.,.F.,.F.,(4,1,1,1,1,1,1,1,1,1,1,1,1,1,1,1,1,
1,1,1,1,1,1,1,1,1,4),(0.,0.0537231540098672,0.0669331434974007,0.0839871632249291,
0.104165750392883,0.127046117075471,0.152341313906001,0.179840091840112,
0.209378517564059,0.240824572982959,0.274068974152202,0.309019310590866,
0.345596104129005,0.383730047461707,0.423360003843693,0.464431517715314,
0.506895679789725,0.550708244993604,0.595828935135472,0.64222087935075,
0.689850159182798,0.738685434410951,0.788697632082487,0.839859685650506,
0.892146314291921,0.945533834782188,0.97714585658687),.UNSPECIFIED.);
#175=B_SPLINE_CURVE_WITH_KNOTS('',3,(#11973,#11974,#11975,#11976,#11977,
#11978,#11979,#11980,#11981,#11982,#11983,#11984,#11985,#11986,#11987,#11988,
#11989,#11990,#11991,#11992,#11993,#11994,#11995,#11996,#11997,#11998,#11999,
#12000,#12001),.UNSPECIFIED.,.F.,.F.,(4,1,1,1,1,1,1,1,1,1,1,1,1,1,1,1,1,
1,1,1,1,1,1,1,1,1,4),(0.,0.0537231540098672,0.0669331434974007,0.0839871632249291,
0.104165750392883,0.127046117075471,0.152341313906001,0.179840091840112,
0.209378517564059,0.240824572982959,0.274068974152202,0.309019310590866,
0.345596104129005,0.383730047461707,0.423360003843693,0.464431517715314,
0.506895679789725,0.550708244993604,0.595828935135472,0.64222087935075,
0.689850159182798,0.738685434410951,0.788697632082487,0.839859685650506,
0.892146314291921,0.945533834782188,0.97714585658687),.UNSPECIFIED.);
#176=B_SPLINE_CURVE_WITH_KNOTS('',3,(#12009,#12010,#12011,#12012,#12013,
#12014,#12015,#12016,#12017,#12018,#12019,#12020,#12021,#12022,#12023,#12024,
#12025,#12026,#12027,#12028,#12029,#12030,#12031,#12032,#12033,#12034,#12035,
#12036,#12037),.UNSPECIFIED.,.F.,.F.,(4,1,1,1,1,1,1,1,1,1,1,1,1,1,1,1,1,
1,1,1,1,1,1,1,1,1,4),(0.,0.0537231540098672,0.0669331434974007,0.0839871632249291,
0.104165750392883,0.127046117075471,0.152341313906001,0.179840091840112,
0.209378517564059,0.240824572982959,0.274068974152202,0.309019310590866,
0.345596104129005,0.383730047461707,0.423360003843693,0.464431517715314,
0.506895679789725,0.550708244993604,0.595828935135472,0.64222087935075,
0.689850159182798,0.738685434410951,0.788697632082487,0.839859685650506,
0.892146314291921,0.945533834782188,0.97714585658687),.UNSPECIFIED.);
#177=B_SPLINE_CURVE_WITH_KNOTS('',3,(#12038,#12039,#12040,#12041,#12042,
#12043,#12044,#12045,#12046,#12047,#12048,#12049,#12050,#12051,#12052,#12053,
#12054,#12055,#12056,#12057,#12058,#12059,#12060,#12061,#12062,#12063,#12064,
#12065,#12066),.UNSPECIFIED.,.F.,.F.,(4,1,1,1,1,1,1,1,1,1,1,1,1,1,1,1,1,
1,1,1,1,1,1,1,1,1,4),(0.,0.0537231540098672,0.0669331434974007,0.0839871632249291,
0.104165750392883,0.127046117075471,0.152341313906001,0.179840091840112,
0.209378517564059,0.240824572982959,0.274068974152202,0.309019310590866,
0.345596104129005,0.383730047461707,0.423360003843693,0.464431517715314,
0.506895679789725,0.550708244993604,0.595828935135472,0.64222087935075,
0.689850159182798,0.738685434410951,0.788697632082487,0.839859685650506,
0.892146314291921,0.945533834782188,0.97714585658687),.UNSPECIFIED.);
#178=B_SPLINE_CURVE_WITH_KNOTS('',3,(#12074,#12075,#12076,#12077,#12078,
#12079,#12080,#12081,#12082,#12083,#12084,#12085,#12086,#12087,#12088,#12089,
#12090,#12091,#12092,#12093,#12094,#12095,#12096,#12097,#12098,#12099,#12100,
#12101,#12102),.UNSPECIFIED.,.F.,.F.,(4,1,1,1,1,1,1,1,1,1,1,1,1,1,1,1,1,
1,1,1,1,1,1,1,1,1,4),(0.,0.0537231540098672,0.0669331434974007,0.0839871632249291,
0.104165750392883,0.127046117075471,0.152341313906001,0.179840091840112,
0.209378517564059,0.240824572982959,0.274068974152202,0.309019310590866,
0.345596104129005,0.383730047461707,0.423360003843693,0.464431517715314,
0.506895679789725,0.550708244993604,0.595828935135472,0.64222087935075,
0.689850159182798,0.738685434410951,0.788697632082487,0.839859685650506,
0.892146314291921,0.945533834782188,0.97714585658687),.UNSPECIFIED.);
#179=B_SPLINE_CURVE_WITH_KNOTS('',3,(#12103,#12104,#12105,#12106,#12107,
#12108,#12109,#12110,#12111,#12112,#12113,#12114,#12115,#12116,#12117,#12118,
#12119,#12120,#12121,#12122,#12123,#12124,#12125,#12126,#12127,#12128,#12129,
#12130,#12131),.UNSPECIFIED.,.F.,.F.,(4,1,1,1,1,1,1,1,1,1,1,1,1,1,1,1,1,
1,1,1,1,1,1,1,1,1,4),(0.,0.0537231540098672,0.0669331434974007,0.0839871632249291,
0.104165750392883,0.127046117075471,0.152341313906001,0.179840091840112,
0.209378517564059,0.240824572982959,0.274068974152202,0.309019310590866,
0.345596104129005,0.383730047461707,0.423360003843693,0.464431517715314,
0.506895679789725,0.550708244993604,0.595828935135472,0.64222087935075,
0.689850159182798,0.738685434410951,0.788697632082487,0.839859685650506,
0.892146314291921,0.945533834782188,0.97714585658687),.UNSPECIFIED.);
#180=B_SPLINE_CURVE_WITH_KNOTS('',3,(#12139,#12140,#12141,#12142,#12143,
#12144,#12145,#12146,#12147,#12148,#12149,#12150,#12151,#12152,#12153,#12154,
#12155,#12156,#12157,#12158,#12159,#12160,#12161,#12162,#12163,#12164,#12165,
#12166,#12167),.UNSPECIFIED.,.F.,.F.,(4,1,1,1,1,1,1,1,1,1,1,1,1,1,1,1,1,
1,1,1,1,1,1,1,1,1,4),(0.,0.0537231540098672,0.0669331434974007,0.0839871632249291,
0.104165750392883,0.127046117075471,0.152341313906001,0.179840091840112,
0.209378517564059,0.240824572982959,0.274068974152202,0.309019310590866,
0.345596104129005,0.383730047461707,0.423360003843693,0.464431517715314,
0.506895679789725,0.550708244993604,0.595828935135472,0.64222087935075,
0.689850159182798,0.738685434410951,0.788697632082487,0.839859685650506,
0.892146314291921,0.945533834782188,0.97714585658687),.UNSPECIFIED.);
#181=B_SPLINE_CURVE_WITH_KNOTS('',3,(#12168,#12169,#12170,#12171,#12172,
#12173,#12174,#12175,#12176,#12177,#12178,#12179,#12180,#12181,#12182,#12183,
#12184,#12185,#12186,#12187,#12188,#12189,#12190,#12191,#12192,#12193,#12194,
#12195,#12196),.UNSPECIFIED.,.F.,.F.,(4,1,1,1,1,1,1,1,1,1,1,1,1,1,1,1,1,
1,1,1,1,1,1,1,1,1,4),(0.,0.0537231540098672,0.0669331434974007,0.0839871632249291,
0.104165750392883,0.127046117075471,0.152341313906001,0.179840091840112,
0.209378517564059,0.240824572982959,0.274068974152202,0.309019310590866,
0.345596104129005,0.383730047461707,0.423360003843693,0.464431517715314,
0.506895679789725,0.550708244993604,0.595828935135472,0.64222087935075,
0.689850159182798,0.738685434410951,0.788697632082487,0.839859685650506,
0.892146314291921,0.945533834782188,0.97714585658687),.UNSPECIFIED.);
#182=B_SPLINE_CURVE_WITH_KNOTS('',3,(#12204,#12205,#12206,#12207,#12208,
#12209,#12210,#12211,#12212,#12213,#12214,#12215,#12216,#12217,#12218,#12219,
#12220,#12221,#12222,#12223,#12224,#12225,#12226,#12227,#12228,#12229,#12230,
#12231,#12232),.UNSPECIFIED.,.F.,.F.,(4,1,1,1,1,1,1,1,1,1,1,1,1,1,1,1,1,
1,1,1,1,1,1,1,1,1,4),(0.,0.0537231540098672,0.0669331434974007,0.0839871632249291,
0.104165750392883,0.127046117075471,0.152341313906001,0.179840091840112,
0.209378517564059,0.240824572982959,0.274068974152202,0.309019310590866,
0.345596104129005,0.383730047461707,0.423360003843693,0.464431517715314,
0.506895679789725,0.550708244993604,0.595828935135472,0.64222087935075,
0.689850159182798,0.738685434410951,0.788697632082487,0.839859685650506,
0.892146314291921,0.945533834782188,0.97714585658687),.UNSPECIFIED.);
#183=B_SPLINE_CURVE_WITH_KNOTS('',3,(#12233,#12234,#12235,#12236,#12237,
#12238,#12239,#12240,#12241,#12242,#12243,#12244,#12245,#12246,#12247,#12248,
#12249,#12250,#12251,#12252,#12253,#12254,#12255,#12256,#12257,#12258,#12259,
#12260,#12261),.UNSPECIFIED.,.F.,.F.,(4,1,1,1,1,1,1,1,1,1,1,1,1,1,1,1,1,
1,1,1,1,1,1,1,1,1,4),(0.,0.0537231540098672,0.0669331434974007,0.0839871632249291,
0.104165750392883,0.127046117075471,0.152341313906001,0.179840091840112,
0.209378517564059,0.240824572982959,0.274068974152202,0.309019310590866,
0.345596104129005,0.383730047461707,0.423360003843693,0.464431517715314,
0.506895679789725,0.550708244993604,0.595828935135472,0.64222087935075,
0.689850159182798,0.738685434410951,0.788697632082487,0.839859685650506,
0.892146314291921,0.945533834782188,0.97714585658687),.UNSPECIFIED.);
#184=B_SPLINE_CURVE_WITH_KNOTS('',3,(#12269,#12270,#12271,#12272,#12273,
#12274,#12275,#12276,#12277,#12278,#12279,#12280,#12281,#12282,#12283,#12284,
#12285,#12286,#12287,#12288,#12289,#12290,#12291,#12292,#12293,#12294,#12295,
#12296,#12297),.UNSPECIFIED.,.F.,.F.,(4,1,1,1,1,1,1,1,1,1,1,1,1,1,1,1,1,
1,1,1,1,1,1,1,1,1,4),(0.,0.0537231540098672,0.0669331434974007,0.0839871632249291,
0.104165750392883,0.127046117075471,0.152341313906001,0.179840091840112,
0.209378517564059,0.240824572982959,0.274068974152202,0.309019310590866,
0.345596104129005,0.383730047461707,0.423360003843693,0.464431517715314,
0.506895679789725,0.550708244993604,0.595828935135472,0.64222087935075,
0.689850159182798,0.738685434410951,0.788697632082487,0.839859685650506,
0.892146314291921,0.945533834782188,0.97714585658687),.UNSPECIFIED.);
#185=B_SPLINE_CURVE_WITH_KNOTS('',3,(#12298,#12299,#12300,#12301,#12302,
#12303,#12304,#12305,#12306,#12307,#12308,#12309,#12310,#12311,#12312,#12313,
#12314,#12315,#12316,#12317,#12318,#12319,#12320,#12321,#12322,#12323,#12324,
#12325,#12326),.UNSPECIFIED.,.F.,.F.,(4,1,1,1,1,1,1,1,1,1,1,1,1,1,1,1,1,
1,1,1,1,1,1,1,1,1,4),(0.,0.0537231540098672,0.0669331434974007,0.0839871632249291,
0.104165750392883,0.127046117075471,0.152341313906001,0.179840091840112,
0.209378517564059,0.240824572982959,0.274068974152202,0.309019310590866,
0.345596104129005,0.383730047461707,0.423360003843693,0.464431517715314,
0.506895679789725,0.550708244993604,0.595828935135472,0.64222087935075,
0.689850159182798,0.738685434410951,0.788697632082487,0.839859685650506,
0.892146314291921,0.945533834782188,0.97714585658687),.UNSPECIFIED.);
#186=B_SPLINE_CURVE_WITH_KNOTS('',3,(#12334,#12335,#12336,#12337,#12338,
#12339,#12340,#12341,#12342,#12343,#12344,#12345,#12346,#12347,#12348,#12349,
#12350,#12351,#12352,#12353,#12354,#12355,#12356,#12357,#12358,#12359,#12360,
#12361,#12362),.UNSPECIFIED.,.F.,.F.,(4,1,1,1,1,1,1,1,1,1,1,1,1,1,1,1,1,
1,1,1,1,1,1,1,1,1,4),(0.,0.0537231540098672,0.0669331434974007,0.0839871632249291,
0.104165750392883,0.127046117075471,0.152341313906001,0.179840091840112,
0.209378517564059,0.240824572982959,0.274068974152202,0.309019310590866,
0.345596104129005,0.383730047461707,0.423360003843693,0.464431517715314,
0.506895679789725,0.550708244993604,0.595828935135472,0.64222087935075,
0.689850159182798,0.738685434410951,0.788697632082487,0.839859685650506,
0.892146314291921,0.945533834782188,0.97714585658687),.UNSPECIFIED.);
#187=B_SPLINE_CURVE_WITH_KNOTS('',3,(#12363,#12364,#12365,#12366,#12367,
#12368,#12369,#12370,#12371,#12372,#12373,#12374,#12375,#12376,#12377,#12378,
#12379,#12380,#12381,#12382,#12383,#12384,#12385,#12386,#12387,#12388,#12389,
#12390,#12391),.UNSPECIFIED.,.F.,.F.,(4,1,1,1,1,1,1,1,1,1,1,1,1,1,1,1,1,
1,1,1,1,1,1,1,1,1,4),(0.,0.0537231540098672,0.0669331434974007,0.0839871632249291,
0.104165750392883,0.127046117075471,0.152341313906001,0.179840091840112,
0.209378517564059,0.240824572982959,0.274068974152202,0.309019310590866,
0.345596104129005,0.383730047461707,0.423360003843693,0.464431517715314,
0.506895679789725,0.550708244993604,0.595828935135472,0.64222087935075,
0.689850159182798,0.738685434410951,0.788697632082487,0.839859685650506,
0.892146314291921,0.945533834782188,0.97714585658687),.UNSPECIFIED.);
#188=B_SPLINE_CURVE_WITH_KNOTS('',3,(#12399,#12400,#12401,#12402,#12403,
#12404,#12405,#12406,#12407,#12408,#12409,#12410,#12411,#12412,#12413,#12414,
#12415,#12416,#12417,#12418,#12419,#12420,#12421,#12422,#12423,#12424,#12425,
#12426,#12427),.UNSPECIFIED.,.F.,.F.,(4,1,1,1,1,1,1,1,1,1,1,1,1,1,1,1,1,
1,1,1,1,1,1,1,1,1,4),(0.,0.0537231540098672,0.0669331434974007,0.0839871632249291,
0.104165750392883,0.127046117075471,0.152341313906001,0.179840091840112,
0.209378517564059,0.240824572982959,0.274068974152202,0.309019310590866,
0.345596104129005,0.383730047461707,0.423360003843693,0.464431517715314,
0.506895679789725,0.550708244993604,0.595828935135472,0.64222087935075,
0.689850159182798,0.738685434410951,0.788697632082487,0.839859685650506,
0.892146314291921,0.945533834782188,0.97714585658687),.UNSPECIFIED.);
#189=B_SPLINE_CURVE_WITH_KNOTS('',3,(#12428,#12429,#12430,#12431,#12432,
#12433,#12434,#12435,#12436,#12437,#12438,#12439,#12440,#12441,#12442,#12443,
#12444,#12445,#12446,#12447,#12448,#12449,#12450,#12451,#12452,#12453,#12454,
#12455,#12456),.UNSPECIFIED.,.F.,.F.,(4,1,1,1,1,1,1,1,1,1,1,1,1,1,1,1,1,
1,1,1,1,1,1,1,1,1,4),(0.,0.0537231540098672,0.0669331434974007,0.0839871632249291,
0.104165750392883,0.127046117075471,0.152341313906001,0.179840091840112,
0.209378517564059,0.240824572982959,0.274068974152202,0.309019310590866,
0.345596104129005,0.383730047461707,0.423360003843693,0.464431517715314,
0.506895679789725,0.550708244993604,0.595828935135472,0.64222087935075,
0.689850159182798,0.738685434410951,0.788697632082487,0.839859685650506,
0.892146314291921,0.945533834782188,0.97714585658687),.UNSPECIFIED.);
#190=B_SPLINE_CURVE_WITH_KNOTS('',3,(#12464,#12465,#12466,#12467,#12468,
#12469,#12470,#12471,#12472,#12473,#12474,#12475,#12476,#12477,#12478,#12479,
#12480,#12481,#12482,#12483,#12484,#12485,#12486,#12487,#12488,#12489,#12490,
#12491,#12492),.UNSPECIFIED.,.F.,.F.,(4,1,1,1,1,1,1,1,1,1,1,1,1,1,1,1,1,
1,1,1,1,1,1,1,1,1,4),(0.,0.0537231540098672,0.0669331434974007,0.0839871632249291,
0.104165750392883,0.127046117075471,0.152341313906001,0.179840091840112,
0.209378517564059,0.240824572982959,0.274068974152202,0.309019310590866,
0.345596104129005,0.383730047461707,0.423360003843693,0.464431517715314,
0.506895679789725,0.550708244993604,0.595828935135472,0.64222087935075,
0.689850159182798,0.738685434410951,0.788697632082487,0.839859685650506,
0.892146314291921,0.945533834782188,0.97714585658687),.UNSPECIFIED.);
#191=B_SPLINE_CURVE_WITH_KNOTS('',3,(#12493,#12494,#12495,#12496,#12497,
#12498,#12499,#12500,#12501,#12502,#12503,#12504,#12505,#12506,#12507,#12508,
#12509,#12510,#12511,#12512,#12513,#12514,#12515,#12516,#12517,#12518,#12519,
#12520,#12521),.UNSPECIFIED.,.F.,.F.,(4,1,1,1,1,1,1,1,1,1,1,1,1,1,1,1,1,
1,1,1,1,1,1,1,1,1,4),(0.,0.0537231540098672,0.0669331434974007,0.0839871632249291,
0.104165750392883,0.127046117075471,0.152341313906001,0.179840091840112,
0.209378517564059,0.240824572982959,0.274068974152202,0.309019310590866,
0.345596104129005,0.383730047461707,0.423360003843693,0.464431517715314,
0.506895679789725,0.550708244993604,0.595828935135472,0.64222087935075,
0.689850159182798,0.738685434410951,0.788697632082487,0.839859685650506,
0.892146314291921,0.945533834782188,0.97714585658687),.UNSPECIFIED.);
#192=B_SPLINE_CURVE_WITH_KNOTS('',3,(#12529,#12530,#12531,#12532,#12533,
#12534,#12535,#12536,#12537,#12538,#12539,#12540,#12541,#12542,#12543,#12544,
#12545,#12546,#12547,#12548,#12549,#12550,#12551,#12552,#12553,#12554,#12555,
#12556,#12557),.UNSPECIFIED.,.F.,.F.,(4,1,1,1,1,1,1,1,1,1,1,1,1,1,1,1,1,
1,1,1,1,1,1,1,1,1,4),(0.,0.0537231540098672,0.0669331434974007,0.0839871632249291,
0.104165750392883,0.127046117075471,0.152341313906001,0.179840091840112,
0.209378517564059,0.240824572982959,0.274068974152202,0.309019310590866,
0.345596104129005,0.383730047461707,0.423360003843693,0.464431517715314,
0.506895679789725,0.550708244993604,0.595828935135472,0.64222087935075,
0.689850159182798,0.738685434410951,0.788697632082487,0.839859685650506,
0.892146314291921,0.945533834782188,0.97714585658687),.UNSPECIFIED.);
#193=B_SPLINE_CURVE_WITH_KNOTS('',3,(#12558,#12559,#12560,#12561,#12562,
#12563,#12564,#12565,#12566,#12567,#12568,#12569,#12570,#12571,#12572,#12573,
#12574,#12575,#12576,#12577,#12578,#12579,#12580,#12581,#12582,#12583,#12584,
#12585,#12586),.UNSPECIFIED.,.F.,.F.,(4,1,1,1,1,1,1,1,1,1,1,1,1,1,1,1,1,
1,1,1,1,1,1,1,1,1,4),(0.,0.0537231540098672,0.0669331434974007,0.0839871632249291,
0.104165750392883,0.127046117075471,0.152341313906001,0.179840091840112,
0.209378517564059,0.240824572982959,0.274068974152202,0.309019310590866,
0.345596104129005,0.383730047461707,0.423360003843693,0.464431517715314,
0.506895679789725,0.550708244993604,0.595828935135472,0.64222087935075,
0.689850159182798,0.738685434410951,0.788697632082487,0.839859685650506,
0.892146314291921,0.945533834782188,0.97714585658687),.UNSPECIFIED.);
#194=B_SPLINE_CURVE_WITH_KNOTS('',3,(#12594,#12595,#12596,#12597,#12598,
#12599,#12600,#12601,#12602,#12603,#12604,#12605,#12606,#12607,#12608,#12609,
#12610,#12611,#12612,#12613,#12614,#12615,#12616,#12617,#12618,#12619,#12620,
#12621,#12622),.UNSPECIFIED.,.F.,.F.,(4,1,1,1,1,1,1,1,1,1,1,1,1,1,1,1,1,
1,1,1,1,1,1,1,1,1,4),(0.,0.0537231540098672,0.0669331434974007,0.0839871632249291,
0.104165750392883,0.127046117075471,0.152341313906001,0.179840091840112,
0.209378517564059,0.240824572982959,0.274068974152202,0.309019310590866,
0.345596104129005,0.383730047461707,0.423360003843693,0.464431517715314,
0.506895679789725,0.550708244993604,0.595828935135472,0.64222087935075,
0.689850159182798,0.738685434410951,0.788697632082487,0.839859685650506,
0.892146314291921,0.945533834782188,0.97714585658687),.UNSPECIFIED.);
#195=B_SPLINE_CURVE_WITH_KNOTS('',3,(#12623,#12624,#12625,#12626,#12627,
#12628,#12629,#12630,#12631,#12632,#12633,#12634,#12635,#12636,#12637,#12638,
#12639,#12640,#12641,#12642,#12643,#12644,#12645,#12646,#12647,#12648,#12649,
#12650,#12651),.UNSPECIFIED.,.F.,.F.,(4,1,1,1,1,1,1,1,1,1,1,1,1,1,1,1,1,
1,1,1,1,1,1,1,1,1,4),(0.,0.0537231540098672,0.0669331434974007,0.0839871632249291,
0.104165750392883,0.127046117075471,0.152341313906001,0.179840091840112,
0.209378517564059,0.240824572982959,0.274068974152202,0.309019310590866,
0.345596104129005,0.383730047461707,0.423360003843693,0.464431517715314,
0.506895679789725,0.550708244993604,0.595828935135472,0.64222087935075,
0.689850159182798,0.738685434410951,0.788697632082487,0.839859685650506,
0.892146314291921,0.945533834782188,0.97714585658687),.UNSPECIFIED.);
#196=B_SPLINE_CURVE_WITH_KNOTS('',3,(#12659,#12660,#12661,#12662,#12663,
#12664,#12665,#12666,#12667,#12668,#12669,#12670,#12671,#12672,#12673,#12674,
#12675,#12676,#12677,#12678,#12679,#12680,#12681,#12682,#12683,#12684,#12685,
#12686,#12687),.UNSPECIFIED.,.F.,.F.,(4,1,1,1,1,1,1,1,1,1,1,1,1,1,1,1,1,
1,1,1,1,1,1,1,1,1,4),(0.,0.0537231540098672,0.0669331434974007,0.0839871632249291,
0.104165750392883,0.127046117075471,0.152341313906001,0.179840091840112,
0.209378517564059,0.240824572982959,0.274068974152202,0.309019310590866,
0.345596104129005,0.383730047461707,0.423360003843693,0.464431517715314,
0.506895679789725,0.550708244993604,0.595828935135472,0.64222087935075,
0.689850159182798,0.738685434410951,0.788697632082487,0.839859685650506,
0.892146314291921,0.945533834782188,0.97714585658687),.UNSPECIFIED.);
#197=B_SPLINE_CURVE_WITH_KNOTS('',3,(#12688,#12689,#12690,#12691,#12692,
#12693,#12694,#12695,#12696,#12697,#12698,#12699,#12700,#12701,#12702,#12703,
#12704,#12705,#12706,#12707,#12708,#12709,#12710,#12711,#12712,#12713,#12714,
#12715,#12716),.UNSPECIFIED.,.F.,.F.,(4,1,1,1,1,1,1,1,1,1,1,1,1,1,1,1,1,
1,1,1,1,1,1,1,1,1,4),(0.,0.0537231540098672,0.0669331434974007,0.0839871632249291,
0.104165750392883,0.127046117075471,0.152341313906001,0.179840091840112,
0.209378517564059,0.240824572982959,0.274068974152202,0.309019310590866,
0.345596104129005,0.383730047461707,0.423360003843693,0.464431517715314,
0.506895679789725,0.550708244993604,0.595828935135472,0.64222087935075,
0.689850159182798,0.738685434410951,0.788697632082487,0.839859685650506,
0.892146314291921,0.945533834782188,0.97714585658687),.UNSPECIFIED.);
#198=B_SPLINE_CURVE_WITH_KNOTS('',3,(#12724,#12725,#12726,#12727,#12728,
#12729,#12730,#12731,#12732,#12733,#12734,#12735,#12736,#12737,#12738,#12739,
#12740,#12741,#12742,#12743,#12744,#12745,#12746,#12747,#12748,#12749,#12750,
#12751,#12752),.UNSPECIFIED.,.F.,.F.,(4,1,1,1,1,1,1,1,1,1,1,1,1,1,1,1,1,
1,1,1,1,1,1,1,1,1,4),(0.,0.0537231540098672,0.0669331434974007,0.0839871632249291,
0.104165750392883,0.127046117075471,0.152341313906001,0.179840091840112,
0.209378517564059,0.240824572982959,0.274068974152202,0.309019310590866,
0.345596104129005,0.383730047461707,0.423360003843693,0.464431517715314,
0.506895679789725,0.550708244993604,0.595828935135472,0.64222087935075,
0.689850159182798,0.738685434410951,0.788697632082487,0.839859685650506,
0.892146314291921,0.945533834782188,0.97714585658687),.UNSPECIFIED.);
#199=B_SPLINE_CURVE_WITH_KNOTS('',3,(#12753,#12754,#12755,#12756,#12757,
#12758,#12759,#12760,#12761,#12762,#12763,#12764,#12765,#12766,#12767,#12768,
#12769,#12770,#12771,#12772,#12773,#12774,#12775,#12776,#12777,#12778,#12779,
#12780,#12781),.UNSPECIFIED.,.F.,.F.,(4,1,1,1,1,1,1,1,1,1,1,1,1,1,1,1,1,
1,1,1,1,1,1,1,1,1,4),(0.,0.0537231540098672,0.0669331434974007,0.0839871632249291,
0.104165750392883,0.127046117075471,0.152341313906001,0.179840091840112,
0.209378517564059,0.240824572982959,0.274068974152202,0.309019310590866,
0.345596104129005,0.383730047461707,0.423360003843693,0.464431517715314,
0.506895679789725,0.550708244993604,0.595828935135472,0.64222087935075,
0.689850159182798,0.738685434410951,0.788697632082487,0.839859685650506,
0.892146314291921,0.945533834782188,0.97714585658687),.UNSPECIFIED.);
#200=B_SPLINE_CURVE_WITH_KNOTS('',3,(#12789,#12790,#12791,#12792,#12793,
#12794,#12795,#12796,#12797,#12798,#12799,#12800,#12801,#12802,#12803,#12804,
#12805,#12806,#12807,#12808,#12809,#12810,#12811,#12812,#12813,#12814,#12815,
#12816,#12817),.UNSPECIFIED.,.F.,.F.,(4,1,1,1,1,1,1,1,1,1,1,1,1,1,1,1,1,
1,1,1,1,1,1,1,1,1,4),(0.,0.0537231540098672,0.0669331434974007,0.0839871632249291,
0.104165750392883,0.127046117075471,0.152341313906001,0.179840091840112,
0.209378517564059,0.240824572982959,0.274068974152202,0.309019310590866,
0.345596104129005,0.383730047461707,0.423360003843693,0.464431517715314,
0.506895679789725,0.550708244993604,0.595828935135472,0.64222087935075,
0.689850159182798,0.738685434410951,0.788697632082487,0.839859685650506,
0.892146314291921,0.945533834782188,0.97714585658687),.UNSPECIFIED.);
#201=B_SPLINE_CURVE_WITH_KNOTS('',3,(#12818,#12819,#12820,#12821,#12822,
#12823,#12824,#12825,#12826,#12827,#12828,#12829,#12830,#12831,#12832,#12833,
#12834,#12835,#12836,#12837,#12838,#12839,#12840,#12841,#12842,#12843,#12844,
#12845,#12846),.UNSPECIFIED.,.F.,.F.,(4,1,1,1,1,1,1,1,1,1,1,1,1,1,1,1,1,
1,1,1,1,1,1,1,1,1,4),(0.,0.0537231540098672,0.0669331434974007,0.0839871632249291,
0.104165750392883,0.127046117075471,0.152341313906001,0.179840091840112,
0.209378517564059,0.240824572982959,0.274068974152202,0.309019310590866,
0.345596104129005,0.383730047461707,0.423360003843693,0.464431517715314,
0.506895679789725,0.550708244993604,0.595828935135472,0.64222087935075,
0.689850159182798,0.738685434410951,0.788697632082487,0.839859685650506,
0.892146314291921,0.945533834782188,0.97714585658687),.UNSPECIFIED.);
#202=B_SPLINE_CURVE_WITH_KNOTS('',3,(#12854,#12855,#12856,#12857,#12858,
#12859,#12860,#12861,#12862,#12863,#12864,#12865,#12866,#12867,#12868,#12869,
#12870,#12871,#12872,#12873,#12874,#12875,#12876,#12877,#12878,#12879,#12880,
#12881,#12882),.UNSPECIFIED.,.F.,.F.,(4,1,1,1,1,1,1,1,1,1,1,1,1,1,1,1,1,
1,1,1,1,1,1,1,1,1,4),(0.,0.0537231540098672,0.0669331434974007,0.0839871632249291,
0.104165750392883,0.127046117075471,0.152341313906001,0.179840091840112,
0.209378517564059,0.240824572982959,0.274068974152202,0.309019310590866,
0.345596104129005,0.383730047461707,0.423360003843693,0.464431517715314,
0.506895679789725,0.550708244993604,0.595828935135472,0.64222087935075,
0.689850159182798,0.738685434410951,0.788697632082487,0.839859685650506,
0.892146314291921,0.945533834782188,0.97714585658687),.UNSPECIFIED.);
#203=B_SPLINE_CURVE_WITH_KNOTS('',3,(#12883,#12884,#12885,#12886,#12887,
#12888,#12889,#12890,#12891,#12892,#12893,#12894,#12895,#12896,#12897,#12898,
#12899,#12900,#12901,#12902,#12903,#12904,#12905,#12906,#12907,#12908,#12909,
#12910,#12911),.UNSPECIFIED.,.F.,.F.,(4,1,1,1,1,1,1,1,1,1,1,1,1,1,1,1,1,
1,1,1,1,1,1,1,1,1,4),(0.,0.0537231540098672,0.0669331434974007,0.0839871632249291,
0.104165750392883,0.127046117075471,0.152341313906001,0.179840091840112,
0.209378517564059,0.240824572982959,0.274068974152202,0.309019310590866,
0.345596104129005,0.383730047461707,0.423360003843693,0.464431517715314,
0.506895679789725,0.550708244993604,0.595828935135472,0.64222087935075,
0.689850159182798,0.738685434410951,0.788697632082487,0.839859685650506,
0.892146314291921,0.945533834782188,0.97714585658687),.UNSPECIFIED.);
#204=B_SPLINE_CURVE_WITH_KNOTS('',3,(#12919,#12920,#12921,#12922,#12923,
#12924,#12925,#12926,#12927,#12928,#12929,#12930,#12931,#12932,#12933,#12934,
#12935,#12936,#12937,#12938,#12939,#12940,#12941,#12942,#12943,#12944,#12945,
#12946,#12947),.UNSPECIFIED.,.F.,.F.,(4,1,1,1,1,1,1,1,1,1,1,1,1,1,1,1,1,
1,1,1,1,1,1,1,1,1,4),(0.,0.0537231540098672,0.0669331434974007,0.0839871632249291,
0.104165750392883,0.127046117075471,0.152341313906001,0.179840091840112,
0.209378517564059,0.240824572982959,0.274068974152202,0.309019310590866,
0.345596104129005,0.383730047461707,0.423360003843693,0.464431517715314,
0.506895679789725,0.550708244993604,0.595828935135472,0.64222087935075,
0.689850159182798,0.738685434410951,0.788697632082487,0.839859685650506,
0.892146314291921,0.945533834782188,0.97714585658687),.UNSPECIFIED.);
#205=B_SPLINE_CURVE_WITH_KNOTS('',3,(#12948,#12949,#12950,#12951,#12952,
#12953,#12954,#12955,#12956,#12957,#12958,#12959,#12960,#12961,#12962,#12963,
#12964,#12965,#12966,#12967,#12968,#12969,#12970,#12971,#12972,#12973,#12974,
#12975,#12976),.UNSPECIFIED.,.F.,.F.,(4,1,1,1,1,1,1,1,1,1,1,1,1,1,1,1,1,
1,1,1,1,1,1,1,1,1,4),(0.,0.0537231540098672,0.0669331434974007,0.0839871632249291,
0.104165750392883,0.127046117075471,0.152341313906001,0.179840091840112,
0.209378517564059,0.240824572982959,0.274068974152202,0.309019310590866,
0.345596104129005,0.383730047461707,0.423360003843693,0.464431517715314,
0.506895679789725,0.550708244993604,0.595828935135472,0.64222087935075,
0.689850159182798,0.738685434410951,0.788697632082487,0.839859685650506,
0.892146314291921,0.945533834782188,0.97714585658687),.UNSPECIFIED.);
#206=B_SPLINE_CURVE_WITH_KNOTS('',3,(#12984,#12985,#12986,#12987,#12988,
#12989,#12990,#12991,#12992,#12993,#12994,#12995,#12996,#12997,#12998,#12999,
#13000,#13001,#13002,#13003,#13004,#13005,#13006,#13007,#13008,#13009,#13010,
#13011,#13012),.UNSPECIFIED.,.F.,.F.,(4,1,1,1,1,1,1,1,1,1,1,1,1,1,1,1,1,
1,1,1,1,1,1,1,1,1,4),(0.,0.0537231540098672,0.0669331434974007,0.0839871632249291,
0.104165750392883,0.127046117075471,0.152341313906001,0.179840091840112,
0.209378517564059,0.240824572982959,0.274068974152202,0.309019310590866,
0.345596104129005,0.383730047461707,0.423360003843693,0.464431517715314,
0.506895679789725,0.550708244993604,0.595828935135472,0.64222087935075,
0.689850159182798,0.738685434410951,0.788697632082487,0.839859685650506,
0.892146314291921,0.945533834782188,0.97714585658687),.UNSPECIFIED.);
#207=B_SPLINE_CURVE_WITH_KNOTS('',3,(#13013,#13014,#13015,#13016,#13017,
#13018,#13019,#13020,#13021,#13022,#13023,#13024,#13025,#13026,#13027,#13028,
#13029,#13030,#13031,#13032,#13033,#13034,#13035,#13036,#13037,#13038,#13039,
#13040,#13041),.UNSPECIFIED.,.F.,.F.,(4,1,1,1,1,1,1,1,1,1,1,1,1,1,1,1,1,
1,1,1,1,1,1,1,1,1,4),(0.,0.0537231540098672,0.0669331434974007,0.0839871632249291,
0.104165750392883,0.127046117075471,0.152341313906001,0.179840091840112,
0.209378517564059,0.240824572982959,0.274068974152202,0.309019310590866,
0.345596104129005,0.383730047461707,0.423360003843693,0.464431517715314,
0.506895679789725,0.550708244993604,0.595828935135472,0.64222087935075,
0.689850159182798,0.738685434410951,0.788697632082487,0.839859685650506,
0.892146314291921,0.945533834782188,0.97714585658687),.UNSPECIFIED.);
#208=B_SPLINE_CURVE_WITH_KNOTS('',3,(#13049,#13050,#13051,#13052,#13053,
#13054,#13055,#13056,#13057,#13058,#13059,#13060,#13061,#13062,#13063,#13064,
#13065,#13066,#13067,#13068,#13069,#13070,#13071,#13072,#13073,#13074,#13075,
#13076,#13077),.UNSPECIFIED.,.F.,.F.,(4,1,1,1,1,1,1,1,1,1,1,1,1,1,1,1,1,
1,1,1,1,1,1,1,1,1,4),(0.,0.0537231540098672,0.0669331434974007,0.0839871632249291,
0.104165750392883,0.127046117075471,0.152341313906001,0.179840091840112,
0.209378517564059,0.240824572982959,0.274068974152202,0.309019310590866,
0.345596104129005,0.383730047461707,0.423360003843693,0.464431517715314,
0.506895679789725,0.550708244993604,0.595828935135472,0.64222087935075,
0.689850159182798,0.738685434410951,0.788697632082487,0.839859685650506,
0.892146314291921,0.945533834782188,0.97714585658687),.UNSPECIFIED.);
#209=B_SPLINE_CURVE_WITH_KNOTS('',3,(#13078,#13079,#13080,#13081,#13082,
#13083,#13084,#13085,#13086,#13087,#13088,#13089,#13090,#13091,#13092,#13093,
#13094,#13095,#13096,#13097,#13098,#13099,#13100,#13101,#13102,#13103,#13104,
#13105,#13106),.UNSPECIFIED.,.F.,.F.,(4,1,1,1,1,1,1,1,1,1,1,1,1,1,1,1,1,
1,1,1,1,1,1,1,1,1,4),(0.,0.0537231540098672,0.0669331434974007,0.0839871632249291,
0.104165750392883,0.127046117075471,0.152341313906001,0.179840091840112,
0.209378517564059,0.240824572982959,0.274068974152202,0.309019310590866,
0.345596104129005,0.383730047461707,0.423360003843693,0.464431517715314,
0.506895679789725,0.550708244993604,0.595828935135472,0.64222087935075,
0.689850159182798,0.738685434410951,0.788697632082487,0.839859685650506,
0.892146314291921,0.945533834782188,0.97714585658687),.UNSPECIFIED.);
#210=B_SPLINE_CURVE_WITH_KNOTS('',3,(#13114,#13115,#13116,#13117,#13118,
#13119,#13120,#13121,#13122,#13123,#13124,#13125,#13126,#13127,#13128,#13129,
#13130,#13131,#13132,#13133,#13134,#13135,#13136,#13137,#13138,#13139,#13140,
#13141,#13142),.UNSPECIFIED.,.F.,.F.,(4,1,1,1,1,1,1,1,1,1,1,1,1,1,1,1,1,
1,1,1,1,1,1,1,1,1,4),(0.,0.0537231540098672,0.0669331434974007,0.0839871632249291,
0.104165750392883,0.127046117075471,0.152341313906001,0.179840091840112,
0.209378517564059,0.240824572982959,0.274068974152202,0.309019310590866,
0.345596104129005,0.383730047461707,0.423360003843693,0.464431517715314,
0.506895679789725,0.550708244993604,0.595828935135472,0.64222087935075,
0.689850159182798,0.738685434410951,0.788697632082487,0.839859685650506,
0.892146314291921,0.945533834782188,0.97714585658687),.UNSPECIFIED.);
#211=B_SPLINE_CURVE_WITH_KNOTS('',3,(#13143,#13144,#13145,#13146,#13147,
#13148,#13149,#13150,#13151,#13152,#13153,#13154,#13155,#13156,#13157,#13158,
#13159,#13160,#13161,#13162,#13163,#13164,#13165,#13166,#13167,#13168,#13169,
#13170,#13171),.UNSPECIFIED.,.F.,.F.,(4,1,1,1,1,1,1,1,1,1,1,1,1,1,1,1,1,
1,1,1,1,1,1,1,1,1,4),(0.,0.0537231540098672,0.0669331434974007,0.0839871632249291,
0.104165750392883,0.127046117075471,0.152341313906001,0.179840091840112,
0.209378517564059,0.240824572982959,0.274068974152202,0.309019310590866,
0.345596104129005,0.383730047461707,0.423360003843693,0.464431517715314,
0.506895679789725,0.550708244993604,0.595828935135472,0.64222087935075,
0.689850159182798,0.738685434410951,0.788697632082487,0.839859685650506,
0.892146314291921,0.945533834782188,0.97714585658687),.UNSPECIFIED.);
#212=B_SPLINE_CURVE_WITH_KNOTS('',3,(#13179,#13180,#13181,#13182,#13183,
#13184,#13185,#13186,#13187,#13188,#13189,#13190,#13191,#13192,#13193,#13194,
#13195,#13196,#13197,#13198,#13199,#13200,#13201,#13202,#13203,#13204,#13205,
#13206,#13207),.UNSPECIFIED.,.F.,.F.,(4,1,1,1,1,1,1,1,1,1,1,1,1,1,1,1,1,
1,1,1,1,1,1,1,1,1,4),(0.,0.0537231540098672,0.0669331434974007,0.0839871632249291,
0.104165750392883,0.127046117075471,0.152341313906001,0.179840091840112,
0.209378517564059,0.240824572982959,0.274068974152202,0.309019310590866,
0.345596104129005,0.383730047461707,0.423360003843693,0.464431517715314,
0.506895679789725,0.550708244993604,0.595828935135472,0.64222087935075,
0.689850159182798,0.738685434410951,0.788697632082487,0.839859685650506,
0.892146314291921,0.945533834782188,0.97714585658687),.UNSPECIFIED.);
#213=B_SPLINE_CURVE_WITH_KNOTS('',3,(#13208,#13209,#13210,#13211,#13212,
#13213,#13214,#13215,#13216,#13217,#13218,#13219,#13220,#13221,#13222,#13223,
#13224,#13225,#13226,#13227,#13228,#13229,#13230,#13231,#13232,#13233,#13234,
#13235,#13236),.UNSPECIFIED.,.F.,.F.,(4,1,1,1,1,1,1,1,1,1,1,1,1,1,1,1,1,
1,1,1,1,1,1,1,1,1,4),(0.,0.0537231540098672,0.0669331434974007,0.0839871632249291,
0.104165750392883,0.127046117075471,0.152341313906001,0.179840091840112,
0.209378517564059,0.240824572982959,0.274068974152202,0.309019310590866,
0.345596104129005,0.383730047461707,0.423360003843693,0.464431517715314,
0.506895679789725,0.550708244993604,0.595828935135472,0.64222087935075,
0.689850159182798,0.738685434410951,0.788697632082487,0.839859685650506,
0.892146314291921,0.945533834782188,0.97714585658687),.UNSPECIFIED.);
#214=B_SPLINE_CURVE_WITH_KNOTS('',3,(#13244,#13245,#13246,#13247,#13248,
#13249,#13250,#13251,#13252,#13253,#13254,#13255,#13256,#13257,#13258,#13259,
#13260,#13261,#13262,#13263,#13264,#13265,#13266,#13267,#13268,#13269,#13270,
#13271,#13272),.UNSPECIFIED.,.F.,.F.,(4,1,1,1,1,1,1,1,1,1,1,1,1,1,1,1,1,
1,1,1,1,1,1,1,1,1,4),(0.,0.0537231540098672,0.0669331434974007,0.0839871632249291,
0.104165750392883,0.127046117075471,0.152341313906001,0.179840091840112,
0.209378517564059,0.240824572982959,0.274068974152202,0.309019310590866,
0.345596104129005,0.383730047461707,0.423360003843693,0.464431517715314,
0.506895679789725,0.550708244993604,0.595828935135472,0.64222087935075,
0.689850159182798,0.738685434410951,0.788697632082487,0.839859685650506,
0.892146314291921,0.945533834782188,0.97714585658687),.UNSPECIFIED.);
#215=B_SPLINE_CURVE_WITH_KNOTS('',3,(#13273,#13274,#13275,#13276,#13277,
#13278,#13279,#13280,#13281,#13282,#13283,#13284,#13285,#13286,#13287,#13288,
#13289,#13290,#13291,#13292,#13293,#13294,#13295,#13296,#13297,#13298,#13299,
#13300,#13301),.UNSPECIFIED.,.F.,.F.,(4,1,1,1,1,1,1,1,1,1,1,1,1,1,1,1,1,
1,1,1,1,1,1,1,1,1,4),(0.,0.0537231540098672,0.0669331434974007,0.0839871632249291,
0.104165750392883,0.127046117075471,0.152341313906001,0.179840091840112,
0.209378517564059,0.240824572982959,0.274068974152202,0.309019310590866,
0.345596104129005,0.383730047461707,0.423360003843693,0.464431517715314,
0.506895679789725,0.550708244993604,0.595828935135472,0.64222087935075,
0.689850159182798,0.738685434410951,0.788697632082487,0.839859685650506,
0.892146314291921,0.945533834782188,0.97714585658687),.UNSPECIFIED.);
#216=B_SPLINE_CURVE_WITH_KNOTS('',3,(#13309,#13310,#13311,#13312,#13313,
#13314,#13315,#13316,#13317,#13318,#13319,#13320,#13321,#13322,#13323,#13324,
#13325,#13326,#13327,#13328,#13329,#13330,#13331,#13332,#13333,#13334,#13335,
#13336,#13337),.UNSPECIFIED.,.F.,.F.,(4,1,1,1,1,1,1,1,1,1,1,1,1,1,1,1,1,
1,1,1,1,1,1,1,1,1,4),(0.,0.0537231540098672,0.0669331434974007,0.0839871632249291,
0.104165750392883,0.127046117075471,0.152341313906001,0.179840091840112,
0.209378517564059,0.240824572982959,0.274068974152202,0.309019310590866,
0.345596104129005,0.383730047461707,0.423360003843693,0.464431517715314,
0.506895679789725,0.550708244993604,0.595828935135472,0.64222087935075,
0.689850159182798,0.738685434410951,0.788697632082487,0.839859685650506,
0.892146314291921,0.945533834782188,0.97714585658687),.UNSPECIFIED.);
#217=B_SPLINE_CURVE_WITH_KNOTS('',3,(#13338,#13339,#13340,#13341,#13342,
#13343,#13344,#13345,#13346,#13347,#13348,#13349,#13350,#13351,#13352,#13353,
#13354,#13355,#13356,#13357,#13358,#13359,#13360,#13361,#13362,#13363,#13364,
#13365,#13366),.UNSPECIFIED.,.F.,.F.,(4,1,1,1,1,1,1,1,1,1,1,1,1,1,1,1,1,
1,1,1,1,1,1,1,1,1,4),(0.,0.0537231540098672,0.0669331434974007,0.0839871632249291,
0.104165750392883,0.127046117075471,0.152341313906001,0.179840091840112,
0.209378517564059,0.240824572982959,0.274068974152202,0.309019310590866,
0.345596104129005,0.383730047461707,0.423360003843693,0.464431517715314,
0.506895679789725,0.550708244993604,0.595828935135472,0.64222087935075,
0.689850159182798,0.738685434410951,0.788697632082487,0.839859685650506,
0.892146314291921,0.945533834782188,0.97714585658687),.UNSPECIFIED.);
#218=B_SPLINE_CURVE_WITH_KNOTS('',3,(#13374,#13375,#13376,#13377,#13378,
#13379,#13380,#13381,#13382,#13383,#13384,#13385,#13386,#13387,#13388,#13389,
#13390,#13391,#13392,#13393,#13394,#13395,#13396,#13397,#13398,#13399,#13400,
#13401,#13402),.UNSPECIFIED.,.F.,.F.,(4,1,1,1,1,1,1,1,1,1,1,1,1,1,1,1,1,
1,1,1,1,1,1,1,1,1,4),(0.,0.0537231540098672,0.0669331434974007,0.0839871632249291,
0.104165750392883,0.127046117075471,0.152341313906001,0.179840091840112,
0.209378517564059,0.240824572982959,0.274068974152202,0.309019310590866,
0.345596104129005,0.383730047461707,0.423360003843693,0.464431517715314,
0.506895679789725,0.550708244993604,0.595828935135472,0.64222087935075,
0.689850159182798,0.738685434410951,0.788697632082487,0.839859685650506,
0.892146314291921,0.945533834782188,0.97714585658687),.UNSPECIFIED.);
#219=B_SPLINE_CURVE_WITH_KNOTS('',3,(#13403,#13404,#13405,#13406,#13407,
#13408,#13409,#13410,#13411,#13412,#13413,#13414,#13415,#13416,#13417,#13418,
#13419,#13420,#13421,#13422,#13423,#13424,#13425,#13426,#13427,#13428,#13429,
#13430,#13431),.UNSPECIFIED.,.F.,.F.,(4,1,1,1,1,1,1,1,1,1,1,1,1,1,1,1,1,
1,1,1,1,1,1,1,1,1,4),(0.,0.0537231540098672,0.0669331434974007,0.0839871632249291,
0.104165750392883,0.127046117075471,0.152341313906001,0.179840091840112,
0.209378517564059,0.240824572982959,0.274068974152202,0.309019310590866,
0.345596104129005,0.383730047461707,0.423360003843693,0.464431517715314,
0.506895679789725,0.550708244993604,0.595828935135472,0.64222087935075,
0.689850159182798,0.738685434410951,0.788697632082487,0.839859685650506,
0.892146314291921,0.945533834782188,0.97714585658687),.UNSPECIFIED.);
#220=B_SPLINE_CURVE_WITH_KNOTS('',3,(#13439,#13440,#13441,#13442,#13443,
#13444,#13445,#13446,#13447,#13448,#13449,#13450,#13451,#13452,#13453,#13454,
#13455,#13456,#13457,#13458,#13459,#13460,#13461,#13462,#13463,#13464,#13465,
#13466,#13467),.UNSPECIFIED.,.F.,.F.,(4,1,1,1,1,1,1,1,1,1,1,1,1,1,1,1,1,
1,1,1,1,1,1,1,1,1,4),(0.,0.0537231540098672,0.0669331434974007,0.0839871632249291,
0.104165750392883,0.127046117075471,0.152341313906001,0.179840091840112,
0.209378517564059,0.240824572982959,0.274068974152202,0.309019310590866,
0.345596104129005,0.383730047461707,0.423360003843693,0.464431517715314,
0.506895679789725,0.550708244993604,0.595828935135472,0.64222087935075,
0.689850159182798,0.738685434410951,0.788697632082487,0.839859685650506,
0.892146314291921,0.945533834782188,0.97714585658687),.UNSPECIFIED.);
#221=B_SPLINE_CURVE_WITH_KNOTS('',3,(#13468,#13469,#13470,#13471,#13472,
#13473,#13474,#13475,#13476,#13477,#13478,#13479,#13480,#13481,#13482,#13483,
#13484,#13485,#13486,#13487,#13488,#13489,#13490,#13491,#13492,#13493,#13494,
#13495,#13496),.UNSPECIFIED.,.F.,.F.,(4,1,1,1,1,1,1,1,1,1,1,1,1,1,1,1,1,
1,1,1,1,1,1,1,1,1,4),(0.,0.0537231540098672,0.0669331434974007,0.0839871632249291,
0.104165750392883,0.127046117075471,0.152341313906001,0.179840091840112,
0.209378517564059,0.240824572982959,0.274068974152202,0.309019310590866,
0.345596104129005,0.383730047461707,0.423360003843693,0.464431517715314,
0.506895679789725,0.550708244993604,0.595828935135472,0.64222087935075,
0.689850159182798,0.738685434410951,0.788697632082487,0.839859685650506,
0.892146314291921,0.945533834782188,0.97714585658687),.UNSPECIFIED.);
#222=B_SPLINE_CURVE_WITH_KNOTS('',3,(#13504,#13505,#13506,#13507,#13508,
#13509,#13510,#13511,#13512,#13513,#13514,#13515,#13516,#13517,#13518,#13519,
#13520,#13521,#13522,#13523,#13524,#13525,#13526,#13527,#13528,#13529,#13530,
#13531,#13532),.UNSPECIFIED.,.F.,.F.,(4,1,1,1,1,1,1,1,1,1,1,1,1,1,1,1,1,
1,1,1,1,1,1,1,1,1,4),(0.,0.0537231540098672,0.0669331434974007,0.0839871632249291,
0.104165750392883,0.127046117075471,0.152341313906001,0.179840091840112,
0.209378517564059,0.240824572982959,0.274068974152202,0.309019310590866,
0.345596104129005,0.383730047461707,0.423360003843693,0.464431517715314,
0.506895679789725,0.550708244993604,0.595828935135472,0.64222087935075,
0.689850159182798,0.738685434410951,0.788697632082487,0.839859685650506,
0.892146314291921,0.945533834782188,0.97714585658687),.UNSPECIFIED.);
#223=B_SPLINE_CURVE_WITH_KNOTS('',3,(#13533,#13534,#13535,#13536,#13537,
#13538,#13539,#13540,#13541,#13542,#13543,#13544,#13545,#13546,#13547,#13548,
#13549,#13550,#13551,#13552,#13553,#13554,#13555,#13556,#13557,#13558,#13559,
#13560,#13561),.UNSPECIFIED.,.F.,.F.,(4,1,1,1,1,1,1,1,1,1,1,1,1,1,1,1,1,
1,1,1,1,1,1,1,1,1,4),(0.,0.0537231540098672,0.0669331434974007,0.0839871632249291,
0.104165750392883,0.127046117075471,0.152341313906001,0.179840091840112,
0.209378517564059,0.240824572982959,0.274068974152202,0.309019310590866,
0.345596104129005,0.383730047461707,0.423360003843693,0.464431517715314,
0.506895679789725,0.550708244993604,0.595828935135472,0.64222087935075,
0.689850159182798,0.738685434410951,0.788697632082487,0.839859685650506,
0.892146314291921,0.945533834782188,0.97714585658687),.UNSPECIFIED.);
#224=B_SPLINE_CURVE_WITH_KNOTS('',3,(#13569,#13570,#13571,#13572,#13573,
#13574,#13575,#13576,#13577,#13578,#13579,#13580,#13581,#13582,#13583,#13584,
#13585,#13586,#13587,#13588,#13589,#13590,#13591,#13592,#13593,#13594,#13595,
#13596,#13597),.UNSPECIFIED.,.F.,.F.,(4,1,1,1,1,1,1,1,1,1,1,1,1,1,1,1,1,
1,1,1,1,1,1,1,1,1,4),(0.,0.0537231540098672,0.0669331434974007,0.0839871632249291,
0.104165750392883,0.127046117075471,0.152341313906001,0.179840091840112,
0.209378517564059,0.240824572982959,0.274068974152202,0.309019310590866,
0.345596104129005,0.383730047461707,0.423360003843693,0.464431517715314,
0.506895679789725,0.550708244993604,0.595828935135472,0.64222087935075,
0.689850159182798,0.738685434410951,0.788697632082487,0.839859685650506,
0.892146314291921,0.945533834782188,0.97714585658687),.UNSPECIFIED.);
#225=B_SPLINE_CURVE_WITH_KNOTS('',3,(#13598,#13599,#13600,#13601,#13602,
#13603,#13604,#13605,#13606,#13607,#13608,#13609,#13610,#13611,#13612,#13613,
#13614,#13615,#13616,#13617,#13618,#13619,#13620,#13621,#13622,#13623,#13624,
#13625,#13626),.UNSPECIFIED.,.F.,.F.,(4,1,1,1,1,1,1,1,1,1,1,1,1,1,1,1,1,
1,1,1,1,1,1,1,1,1,4),(0.,0.0537231540098672,0.0669331434974007,0.0839871632249291,
0.104165750392883,0.127046117075471,0.152341313906001,0.179840091840112,
0.209378517564059,0.240824572982959,0.274068974152202,0.309019310590866,
0.345596104129005,0.383730047461707,0.423360003843693,0.464431517715314,
0.506895679789725,0.550708244993604,0.595828935135472,0.64222087935075,
0.689850159182798,0.738685434410951,0.788697632082487,0.839859685650506,
0.892146314291921,0.945533834782188,0.97714585658687),.UNSPECIFIED.);
#226=B_SPLINE_CURVE_WITH_KNOTS('',3,(#13634,#13635,#13636,#13637,#13638,
#13639,#13640,#13641,#13642,#13643,#13644,#13645,#13646,#13647,#13648,#13649,
#13650,#13651,#13652,#13653,#13654,#13655,#13656,#13657,#13658,#13659,#13660,
#13661,#13662),.UNSPECIFIED.,.F.,.F.,(4,1,1,1,1,1,1,1,1,1,1,1,1,1,1,1,1,
1,1,1,1,1,1,1,1,1,4),(0.,0.0537231540098672,0.0669331434974007,0.0839871632249291,
0.104165750392883,0.127046117075471,0.152341313906001,0.179840091840112,
0.209378517564059,0.240824572982959,0.274068974152202,0.309019310590866,
0.345596104129005,0.383730047461707,0.423360003843693,0.464431517715314,
0.506895679789725,0.550708244993604,0.595828935135472,0.64222087935075,
0.689850159182798,0.738685434410951,0.788697632082487,0.839859685650506,
0.892146314291921,0.945533834782188,0.97714585658687),.UNSPECIFIED.);
#227=B_SPLINE_CURVE_WITH_KNOTS('',3,(#13663,#13664,#13665,#13666,#13667,
#13668,#13669,#13670,#13671,#13672,#13673,#13674,#13675,#13676,#13677,#13678,
#13679,#13680,#13681,#13682,#13683,#13684,#13685,#13686,#13687,#13688,#13689,
#13690,#13691),.UNSPECIFIED.,.F.,.F.,(4,1,1,1,1,1,1,1,1,1,1,1,1,1,1,1,1,
1,1,1,1,1,1,1,1,1,4),(0.,0.0537231540098672,0.0669331434974007,0.0839871632249291,
0.104165750392883,0.127046117075471,0.152341313906001,0.179840091840112,
0.209378517564059,0.240824572982959,0.274068974152202,0.309019310590866,
0.345596104129005,0.383730047461707,0.423360003843693,0.464431517715314,
0.506895679789725,0.550708244993604,0.595828935135472,0.64222087935075,
0.689850159182798,0.738685434410951,0.788697632082487,0.839859685650506,
0.892146314291921,0.945533834782188,0.97714585658687),.UNSPECIFIED.);
#228=B_SPLINE_CURVE_WITH_KNOTS('',3,(#13699,#13700,#13701,#13702,#13703,
#13704,#13705,#13706,#13707,#13708,#13709,#13710,#13711,#13712,#13713,#13714,
#13715,#13716,#13717,#13718,#13719,#13720,#13721,#13722,#13723,#13724,#13725,
#13726,#13727),.UNSPECIFIED.,.F.,.F.,(4,1,1,1,1,1,1,1,1,1,1,1,1,1,1,1,1,
1,1,1,1,1,1,1,1,1,4),(0.,0.0537231540098672,0.0669331434974007,0.0839871632249291,
0.104165750392883,0.127046117075471,0.152341313906001,0.179840091840112,
0.209378517564059,0.240824572982959,0.274068974152202,0.309019310590866,
0.345596104129005,0.383730047461707,0.423360003843693,0.464431517715314,
0.506895679789725,0.550708244993604,0.595828935135472,0.64222087935075,
0.689850159182798,0.738685434410951,0.788697632082487,0.839859685650506,
0.892146314291921,0.945533834782188,0.97714585658687),.UNSPECIFIED.);
#229=B_SPLINE_CURVE_WITH_KNOTS('',3,(#13728,#13729,#13730,#13731,#13732,
#13733,#13734,#13735,#13736,#13737,#13738,#13739,#13740,#13741,#13742,#13743,
#13744,#13745,#13746,#13747,#13748,#13749,#13750,#13751,#13752,#13753,#13754,
#13755,#13756),.UNSPECIFIED.,.F.,.F.,(4,1,1,1,1,1,1,1,1,1,1,1,1,1,1,1,1,
1,1,1,1,1,1,1,1,1,4),(0.,0.0537231540098672,0.0669331434974007,0.0839871632249291,
0.104165750392883,0.127046117075471,0.152341313906001,0.179840091840112,
0.209378517564059,0.240824572982959,0.274068974152202,0.309019310590866,
0.345596104129005,0.383730047461707,0.423360003843693,0.464431517715314,
0.506895679789725,0.550708244993604,0.595828935135472,0.64222087935075,
0.689850159182798,0.738685434410951,0.788697632082487,0.839859685650506,
0.892146314291921,0.945533834782188,0.97714585658687),.UNSPECIFIED.);
#230=CIRCLE('',#6216,0.019);
#231=CIRCLE('',#6217,0.019);
#232=CIRCLE('',#6219,0.019);
#233=CIRCLE('',#6220,0.019);
#234=CIRCLE('',#6222,0.019);
#235=CIRCLE('',#6223,0.019);
#236=CIRCLE('',#6225,0.019);
#237=CIRCLE('',#6226,0.019);
#238=CIRCLE('',#6228,0.019);
#239=CIRCLE('',#6229,0.019);
#240=CIRCLE('',#6231,0.019);
#241=CIRCLE('',#6232,0.019);
#242=CIRCLE('',#6234,0.019);
#243=CIRCLE('',#6235,0.019);
#244=CIRCLE('',#6237,0.019);
#245=CIRCLE('',#6238,0.019);
#246=CIRCLE('',#6240,0.019);
#247=CIRCLE('',#6241,0.019);
#248=CIRCLE('',#6243,0.019);
#249=CIRCLE('',#6244,0.019);
#250=CIRCLE('',#6246,0.019);
#251=CIRCLE('',#6247,0.019);
#252=CIRCLE('',#6249,0.019);
#253=CIRCLE('',#6250,0.019);
#254=CIRCLE('',#6252,0.019);
#255=CIRCLE('',#6253,0.019);
#256=CIRCLE('',#6255,0.019);
#257=CIRCLE('',#6256,0.019);
#258=CIRCLE('',#6258,0.019);
#259=CIRCLE('',#6259,0.019);
#260=CIRCLE('',#6261,0.019);
#261=CIRCLE('',#6262,0.019);
#262=CIRCLE('',#6264,0.019);
#263=CIRCLE('',#6265,0.019);
#264=CIRCLE('',#6267,0.019);
#265=CIRCLE('',#6268,0.019);
#266=CIRCLE('',#6270,0.019);
#267=CIRCLE('',#6271,0.019);
#268=CIRCLE('',#6273,0.019);
#269=CIRCLE('',#6274,0.019);
#270=CIRCLE('',#6276,0.019);
#271=CIRCLE('',#6277,0.019);
#272=CIRCLE('',#6279,0.019);
#273=CIRCLE('',#6280,0.019);
#274=CIRCLE('',#6282,0.019);
#275=CIRCLE('',#6283,0.019);
#276=CIRCLE('',#6285,0.019);
#277=CIRCLE('',#6286,0.019);
#278=CIRCLE('',#6288,0.019);
#279=CIRCLE('',#6289,0.019);
#280=CIRCLE('',#6291,0.019);
#281=CIRCLE('',#6292,0.019);
#282=CIRCLE('',#6294,0.019);
#283=CIRCLE('',#6295,0.019);
#284=CIRCLE('',#6297,0.019);
#285=CIRCLE('',#6298,0.019);
#286=CIRCLE('',#6300,0.019);
#287=CIRCLE('',#6301,0.019);
#288=CIRCLE('',#6303,0.019);
#289=CIRCLE('',#6304,0.019);
#290=CIRCLE('',#6306,0.019);
#291=CIRCLE('',#6307,0.019);
#292=CIRCLE('',#6309,0.019);
#293=CIRCLE('',#6310,0.019);
#294=CIRCLE('',#6312,0.019);
#295=CIRCLE('',#6313,0.019);
#296=CIRCLE('',#6315,0.019);
#297=CIRCLE('',#6316,0.019);
#298=CIRCLE('',#6318,0.019);
#299=CIRCLE('',#6319,0.019);
#300=CIRCLE('',#6321,0.000358460992203555);
#301=CIRCLE('',#6322,0.000358460992203555);
#302=CIRCLE('',#6323,0.016749999999999);
#303=CIRCLE('',#6324,0.000358460992203555);
#304=CIRCLE('',#6325,0.000358460992203555);
#305=CIRCLE('',#6326,0.016749999999999);
#306=CIRCLE('',#6327,0.000358460992203555);
#307=CIRCLE('',#6328,0.000358460992203555);
#308=CIRCLE('',#6329,0.016749999999999);
#309=CIRCLE('',#6330,0.000358460992203555);
#310=CIRCLE('',#6331,0.000358460992203555);
#311=CIRCLE('',#6332,0.016749999999999);
#312=CIRCLE('',#6333,0.000358460992203555);
#313=CIRCLE('',#6334,0.000358460992203555);
#314=CIRCLE('',#6335,0.016749999999999);
#315=CIRCLE('',#6336,0.000358460992203555);
#316=CIRCLE('',#6337,0.000358460992203555);
#317=CIRCLE('',#6338,0.016749999999999);
#318=CIRCLE('',#6339,0.000358460992203555);
#319=CIRCLE('',#6340,0.019);
#320=CIRCLE('',#6341,0.000358460992203555);
#321=CIRCLE('',#6342,0.016749999999999);
#322=CIRCLE('',#6343,0.000358460992203555);
#323=CIRCLE('',#6344,0.000358460992203555);
#324=CIRCLE('',#6345,0.016749999999999);
#325=CIRCLE('',#6346,0.000358460992203555);
#326=CIRCLE('',#6347,0.000358460992203555);
#327=CIRCLE('',#6348,0.016749999999999);
#328=CIRCLE('',#6349,0.000358460992203555);
#329=CIRCLE('',#6350,0.000358460992203555);
#330=CIRCLE('',#6351,0.016749999999999);
#331=CIRCLE('',#6352,0.000358460992203555);
#332=CIRCLE('',#6353,0.000358460992203555);
#333=CIRCLE('',#6354,0.016749999999999);
#334=CIRCLE('',#6355,0.000358460992203555);
#335=CIRCLE('',#6356,0.000358460992203555);
#336=CIRCLE('',#6357,0.016749999999999);
#337=CIRCLE('',#6358,0.000358460992203555);
#338=CIRCLE('',#6359,0.000358460992203555);
#339=CIRCLE('',#6360,0.016749999999999);
#340=CIRCLE('',#6361,0.000358460992203555);
#341=CIRCLE('',#6362,0.000358460992203555);
#342=CIRCLE('',#6363,0.016749999999999);
#343=CIRCLE('',#6364,0.000358460992203555);
#344=CIRCLE('',#6365,0.000358460992203555);
#345=CIRCLE('',#6366,0.016749999999999);
#346=CIRCLE('',#6367,0.000358460992203555);
#347=CIRCLE('',#6368,0.000358460992203555);
#348=CIRCLE('',#6369,0.016749999999999);
#349=CIRCLE('',#6370,0.000358460992203555);
#350=CIRCLE('',#6371,0.000358460992203555);
#351=CIRCLE('',#6372,0.016749999999999);
#352=CIRCLE('',#6373,0.000358460992203555);
#353=CIRCLE('',#6374,0.000358460992203555);
#354=CIRCLE('',#6375,0.016749999999999);
#355=CIRCLE('',#6376,0.000358460992203555);
#356=CIRCLE('',#6377,0.000358460992203555);
#357=CIRCLE('',#6378,0.016749999999999);
#358=CIRCLE('',#6379,0.000358460992203555);
#359=CIRCLE('',#6380,0.000358460992203555);
#360=CIRCLE('',#6381,0.016749999999999);
#361=CIRCLE('',#6382,0.000358460992203555);
#362=CIRCLE('',#6383,0.000358460992203555);
#363=CIRCLE('',#6384,0.016749999999999);
#364=CIRCLE('',#6385,0.000358460992203555);
#365=CIRCLE('',#6386,0.000358460992203555);
#366=CIRCLE('',#6387,0.016749999999999);
#367=CIRCLE('',#6388,0.000358460992203555);
#368=CIRCLE('',#6389,0.000358460992203555);
#369=CIRCLE('',#6390,0.016749999999999);
#370=CIRCLE('',#6391,0.000358460992203555);
#371=CIRCLE('',#6392,0.000358460992203555);
#372=CIRCLE('',#6393,0.016749999999999);
#373=CIRCLE('',#6394,0.000358460992203555);
#374=CIRCLE('',#6395,0.000358460992203555);
#375=CIRCLE('',#6396,0.016749999999999);
#376=CIRCLE('',#6397,0.000358460992203555);
#377=CIRCLE('',#6398,0.000358460992203555);
#378=CIRCLE('',#6399,0.016749999999999);
#379=CIRCLE('',#6400,0.000358460992203555);
#380=CIRCLE('',#6401,0.000358460992203555);
#381=CIRCLE('',#6402,0.016749999999999);
#382=CIRCLE('',#6403,0.000358460992203555);
#383=CIRCLE('',#6404,0.000358460992203555);
#384=CIRCLE('',#6405,0.016749999999999);
#385=CIRCLE('',#6406,0.000358460992203555);
#386=CIRCLE('',#6407,0.000358460992203555);
#387=CIRCLE('',#6408,0.016749999999999);
#388=CIRCLE('',#6409,0.000358460992203555);
#389=CIRCLE('',#6410,0.000358460992203555);
#390=CIRCLE('',#6411,0.016749999999999);
#391=CIRCLE('',#6412,0.000358460992203555);
#392=CIRCLE('',#6413,0.000358460992203555);
#393=CIRCLE('',#6414,0.016749999999999);
#394=CIRCLE('',#6415,0.000358460992203555);
#395=CIRCLE('',#6416,0.000358460992203555);
#396=CIRCLE('',#6417,0.016749999999999);
#397=CIRCLE('',#6418,0.000358460992203555);
#398=CIRCLE('',#6419,0.000358460992203555);
#399=CIRCLE('',#6420,0.016749999999999);
#400=CIRCLE('',#6421,0.000358460992203555);
#401=CIRCLE('',#6422,0.000358460992203555);
#402=CIRCLE('',#6423,0.016749999999999);
#403=CIRCLE('',#6424,0.000358460992203555);
#404=CIRCLE('',#6425,0.000358460992203555);
#405=CIRCLE('',#6426,0.016749999999999);
#406=CIRCLE('',#6427,0.000358460992203555);
#407=CIRCLE('',#6428,0.000358460992203555);
#408=CIRCLE('',#6429,0.016749999999999);
#409=CIRCLE('',#6431,0.019);
#410=CIRCLE('',#6433,0.00918175687005424);
#411=CIRCLE('',#6434,0.000358460992203555);
#412=CIRCLE('',#6435,0.000358460992203555);
#413=CIRCLE('',#6436,0.016749999999999);
#414=CIRCLE('',#6437,0.000358460992203555);
#415=CIRCLE('',#6438,0.000358460992203555);
#416=CIRCLE('',#6439,0.016749999999999);
#417=CIRCLE('',#6440,0.000358460992203555);
#418=CIRCLE('',#6441,0.000358460992203555);
#419=CIRCLE('',#6442,0.016749999999999);
#420=CIRCLE('',#6443,0.000358460992203555);
#421=CIRCLE('',#6444,0.000358460992203555);
#422=CIRCLE('',#6445,0.016749999999999);
#423=CIRCLE('',#6446,0.000358460992203555);
#424=CIRCLE('',#6447,0.000358460992203555);
#425=CIRCLE('',#6448,0.016749999999999);
#426=CIRCLE('',#6449,0.000358460992203555);
#427=CIRCLE('',#6450,0.000358460992203555);
#428=CIRCLE('',#6451,0.016749999999999);
#429=CIRCLE('',#6452,0.000358460992203555);
#430=CIRCLE('',#6453,0.000358460992203555);
#431=CIRCLE('',#6454,0.016749999999999);
#432=CIRCLE('',#6455,0.000358460992203555);
#433=CIRCLE('',#6456,0.000358460992203555);
#434=CIRCLE('',#6457,0.016749999999999);
#435=CIRCLE('',#6458,0.000358460992203555);
#436=CIRCLE('',#6459,0.000358460992203555);
#437=CIRCLE('',#6460,0.016749999999999);
#438=CIRCLE('',#6461,0.000358460992203555);
#439=CIRCLE('',#6462,0.000358460992203555);
#440=CIRCLE('',#6463,0.016749999999999);
#441=CIRCLE('',#6464,0.000358460992203555);
#442=CIRCLE('',#6465,0.000358460992203555);
#443=CIRCLE('',#6466,0.016749999999999);
#444=CIRCLE('',#6467,0.000358460992203555);
#445=CIRCLE('',#6468,0.000358460992203555);
#446=CIRCLE('',#6469,0.016749999999999);
#447=CIRCLE('',#6470,0.000358460992203555);
#448=CIRCLE('',#6471,0.000358460992203555);
#449=CIRCLE('',#6472,0.016749999999999);
#450=CIRCLE('',#6473,0.000358460992203555);
#451=CIRCLE('',#6474,0.000358460992203555);
#452=CIRCLE('',#6475,0.016749999999999);
#453=CIRCLE('',#6476,0.000358460992203555);
#454=CIRCLE('',#6477,0.000358460992203555);
#455=CIRCLE('',#6478,0.016749999999999);
#456=CIRCLE('',#6479,0.000358460992203555);
#457=CIRCLE('',#6480,0.000358460992203555);
#458=CIRCLE('',#6481,0.016749999999999);
#459=CIRCLE('',#6482,0.000358460992203555);
#460=CIRCLE('',#6483,0.000358460992203555);
#461=CIRCLE('',#6484,0.016749999999999);
#462=CIRCLE('',#6485,0.000358460992203555);
#463=CIRCLE('',#6486,0.000358460992203555);
#464=CIRCLE('',#6487,0.016749999999999);
#465=CIRCLE('',#6488,0.000358460992203555);
#466=CIRCLE('',#6489,0.000358460992203555);
#467=CIRCLE('',#6490,0.016749999999999);
#468=CIRCLE('',#6491,0.000358460992203555);
#469=CIRCLE('',#6492,0.000358460992203555);
#470=CIRCLE('',#6493,0.016749999999999);
#471=CIRCLE('',#6494,0.000358460992203555);
#472=CIRCLE('',#6495,0.000358460992203555);
#473=CIRCLE('',#6496,0.016749999999999);
#474=CIRCLE('',#6497,0.000358460992203555);
#475=CIRCLE('',#6498,0.000358460992203555);
#476=CIRCLE('',#6499,0.016749999999999);
#477=CIRCLE('',#6500,0.000358460992203555);
#478=CIRCLE('',#6501,0.000358460992203555);
#479=CIRCLE('',#6502,0.016749999999999);
#480=CIRCLE('',#6503,0.000358460992203555);
#481=CIRCLE('',#6504,0.000358460992203555);
#482=CIRCLE('',#6505,0.016749999999999);
#483=CIRCLE('',#6506,0.000358460992203555);
#484=CIRCLE('',#6507,0.000358460992203555);
#485=CIRCLE('',#6508,0.016749999999999);
#486=CIRCLE('',#6509,0.000358460992203555);
#487=CIRCLE('',#6510,0.000358460992203555);
#488=CIRCLE('',#6511,0.016749999999999);
#489=CIRCLE('',#6512,0.000358460992203555);
#490=CIRCLE('',#6513,0.000358460992203555);
#491=CIRCLE('',#6514,0.016749999999999);
#492=CIRCLE('',#6515,0.000358460992203555);
#493=CIRCLE('',#6516,0.000358460992203555);
#494=CIRCLE('',#6517,0.016749999999999);
#495=CIRCLE('',#6518,0.000358460992203555);
#496=CIRCLE('',#6519,0.000358460992203555);
#497=CIRCLE('',#6520,0.016749999999999);
#498=CIRCLE('',#6521,0.000358460992203555);
#499=CIRCLE('',#6522,0.000358460992203555);
#500=CIRCLE('',#6523,0.016749999999999);
#501=CIRCLE('',#6524,0.000358460992203555);
#502=CIRCLE('',#6525,0.000358460992203555);
#503=CIRCLE('',#6526,0.016749999999999);
#504=CIRCLE('',#6527,0.000358460992203555);
#505=CIRCLE('',#6528,0.000358460992203555);
#506=CIRCLE('',#6529,0.016749999999999);
#507=CIRCLE('',#6530,0.000358460992203555);
#508=CIRCLE('',#6531,0.000358460992203555);
#509=CIRCLE('',#6532,0.016749999999999);
#510=CIRCLE('',#6533,0.000358460992203555);
#511=CIRCLE('',#6534,0.000358460992203555);
#512=CIRCLE('',#6535,0.016749999999999);
#513=CIRCLE('',#6536,0.000358460992203555);
#514=CIRCLE('',#6537,0.000358460992203555);
#515=CIRCLE('',#6538,0.016749999999999);
#516=CIRCLE('',#6539,0.000358460992203555);
#517=CIRCLE('',#6540,0.000358460992203555);
#518=CIRCLE('',#6541,0.016749999999999);
#519=CIRCLE('',#6651,0.00043);
#520=CIRCLE('',#6652,0.00818175687005424);
#521=CIRCLE('',#6653,0.00043);
#522=CIRCLE('',#6654,0.0017574898364998);
#523=CIRCLE('',#6655,0.00043);
#524=CIRCLE('',#6656,0.0017574898364998);
#525=CIRCLE('',#6658,0.00043);
#526=CIRCLE('',#6659,0.00818175687005424);
#527=CIRCLE('',#6660,0.00043);
#528=CIRCLE('',#6661,0.0017574898364998);
#529=CIRCLE('',#6662,0.00043);
#530=CIRCLE('',#6663,0.0017574898364998);
#531=CIRCLE('',#6665,0.00043);
#532=CIRCLE('',#6666,0.00818175687005424);
#533=CIRCLE('',#6667,0.00043);
#534=CIRCLE('',#6668,0.0017574898364998);
#535=CIRCLE('',#6669,0.00043);
#536=CIRCLE('',#6670,0.0017574898364998);
#537=CIRCLE('',#6672,0.00043);
#538=CIRCLE('',#6673,0.00818175687005424);
#539=CIRCLE('',#6674,0.00043);
#540=CIRCLE('',#6675,0.0017574898364998);
#541=CIRCLE('',#6676,0.00043);
#542=CIRCLE('',#6677,0.0017574898364998);
#543=CIRCLE('',#6679,0.00043);
#544=CIRCLE('',#6680,0.00818175687005424);
#545=CIRCLE('',#6681,0.00043);
#546=CIRCLE('',#6682,0.0017574898364998);
#547=CIRCLE('',#6683,0.00043);
#548=CIRCLE('',#6684,0.0017574898364998);
#549=CIRCLE('',#6686,0.00043);
#550=CIRCLE('',#6687,0.00818175687005424);
#551=CIRCLE('',#6688,0.00043);
#552=CIRCLE('',#6689,0.0017574898364998);
#553=CIRCLE('',#6690,0.00043);
#554=CIRCLE('',#6691,0.0017574898364998);
#555=CIRCLE('',#6693,0.00043);
#556=CIRCLE('',#6694,0.00818175687005424);
#557=CIRCLE('',#6695,0.00043);
#558=CIRCLE('',#6696,0.0017574898364998);
#559=CIRCLE('',#6697,0.00043);
#560=CIRCLE('',#6698,0.0017574898364998);
#561=CIRCLE('',#6700,0.00043);
#562=CIRCLE('',#6701,0.00818175687005424);
#563=CIRCLE('',#6702,0.00043);
#564=CIRCLE('',#6703,0.0017574898364998);
#565=CIRCLE('',#6704,0.00043);
#566=CIRCLE('',#6705,0.0017574898364998);
#567=CIRCLE('',#6707,0.00043);
#568=CIRCLE('',#6708,0.00818175687005424);
#569=CIRCLE('',#6709,0.00043);
#570=CIRCLE('',#6710,0.0017574898364998);
#571=CIRCLE('',#6711,0.00043);
#572=CIRCLE('',#6712,0.0017574898364998);
#573=CIRCLE('',#6714,0.00043);
#574=CIRCLE('',#6715,0.00818175687005424);
#575=CIRCLE('',#6716,0.00043);
#576=CIRCLE('',#6717,0.0017574898364998);
#577=CIRCLE('',#6718,0.00043);
#578=CIRCLE('',#6719,0.0017574898364998);
#579=CIRCLE('',#6721,0.00043);
#580=CIRCLE('',#6722,0.00818175687005424);
#581=CIRCLE('',#6723,0.00043);
#582=CIRCLE('',#6724,0.0017574898364998);
#583=CIRCLE('',#6725,0.00043);
#584=CIRCLE('',#6726,0.0017574898364998);
#585=CIRCLE('',#6728,0.00043);
#586=CIRCLE('',#6729,0.00818175687005424);
#587=CIRCLE('',#6730,0.00043);
#588=CIRCLE('',#6731,0.0017574898364998);
#589=CIRCLE('',#6732,0.00043);
#590=CIRCLE('',#6733,0.0017574898364998);
#591=CIRCLE('',#6735,0.00043);
#592=CIRCLE('',#6736,0.00818175687005424);
#593=CIRCLE('',#6737,0.00043);
#594=CIRCLE('',#6738,0.0017574898364998);
#595=CIRCLE('',#6739,0.00043);
#596=CIRCLE('',#6740,0.0017574898364998);
#597=CIRCLE('',#6742,0.00043);
#598=CIRCLE('',#6743,0.00818175687005424);
#599=CIRCLE('',#6744,0.00043);
#600=CIRCLE('',#6745,0.0017574898364998);
#601=CIRCLE('',#6746,0.00043);
#602=CIRCLE('',#6747,0.0017574898364998);
#603=CIRCLE('',#6749,0.00043);
#604=CIRCLE('',#6750,0.00818175687005424);
#605=CIRCLE('',#6751,0.00043);
#606=CIRCLE('',#6752,0.0017574898364998);
#607=CIRCLE('',#6753,0.00043);
#608=CIRCLE('',#6754,0.0017574898364998);
#609=CIRCLE('',#6756,0.00043);
#610=CIRCLE('',#6757,0.00818175687005424);
#611=CIRCLE('',#6758,0.00043);
#612=CIRCLE('',#6759,0.0017574898364998);
#613=CIRCLE('',#6760,0.00043);
#614=CIRCLE('',#6761,0.0017574898364998);
#615=CIRCLE('',#6763,0.00043);
#616=CIRCLE('',#6764,0.00818175687005424);
#617=CIRCLE('',#6765,0.00043);
#618=CIRCLE('',#6766,0.0017574898364998);
#619=CIRCLE('',#6767,0.00043);
#620=CIRCLE('',#6768,0.0017574898364998);
#621=CIRCLE('',#6770,0.00043);
#622=CIRCLE('',#6771,0.00818175687005424);
#623=CIRCLE('',#6772,0.00043);
#624=CIRCLE('',#6773,0.0017574898364998);
#625=CIRCLE('',#6774,0.00043);
#626=CIRCLE('',#6775,0.0017574898364998);
#627=CIRCLE('',#6777,0.00043);
#628=CIRCLE('',#6778,0.00818175687005424);
#629=CIRCLE('',#6779,0.00043);
#630=CIRCLE('',#6780,0.0017574898364998);
#631=CIRCLE('',#6781,0.00043);
#632=CIRCLE('',#6782,0.0017574898364998);
#633=CIRCLE('',#6784,0.00043);
#634=CIRCLE('',#6785,0.00818175687005424);
#635=CIRCLE('',#6786,0.00043);
#636=CIRCLE('',#6787,0.0017574898364998);
#637=CIRCLE('',#6788,0.00043);
#638=CIRCLE('',#6789,0.0017574898364998);
#639=CIRCLE('',#6791,0.00818175687005424);
#640=CIRCLE('',#6792,0.00818175687005424);
#641=CIRCLE('',#6801,0.00818175687005424);
#642=CIRCLE('',#6802,0.00818175687005424);
#643=CIRCLE('',#6811,0.00818175687005424);
#644=CIRCLE('',#6812,0.00818175687005424);
#645=CIRCLE('',#6821,0.00818175687005424);
#646=CIRCLE('',#6822,0.00818175687005424);
#647=CIRCLE('',#6831,0.00818175687005424);
#648=CIRCLE('',#6832,0.00818175687005424);
#649=CIRCLE('',#6834,0.00043);
#650=CIRCLE('',#6836,0.00043);
#651=CIRCLE('',#6838,0.00043);
#652=CIRCLE('',#6842,0.0017574898364998);
#653=CIRCLE('',#6844,0.0017574898364998);
#654=CIRCLE('',#6846,0.00818175687005424);
#655=CIRCLE('',#6847,0.00818175687005424);
#656=CIRCLE('',#6856,0.00818175687005424);
#657=CIRCLE('',#6857,0.00818175687005424);
#658=CIRCLE('',#6866,0.00818175687005424);
#659=CIRCLE('',#6867,0.00818175687005424);
#660=CIRCLE('',#6876,0.00818175687005424);
#661=CIRCLE('',#6877,0.00818175687005424);
#662=CIRCLE('',#6886,0.00818175687005424);
#663=CIRCLE('',#6887,0.00818175687005424);
#664=CIRCLE('',#6896,0.00818175687005424);
#665=CIRCLE('',#6897,0.00818175687005424);
#666=CIRCLE('',#6901,0.0017574898364998);
#667=CIRCLE('',#6903,0.0017574898364998);
#668=CIRCLE('',#6905,0.00043);
#669=CIRCLE('',#6907,0.00043);
#670=CIRCLE('',#6909,0.00043);
#671=CIRCLE('',#6911,0.005);
#672=CIRCLE('',#6912,0.00918175687005424);
#673=CIRCLE('',#6914,0.00818175687005424);
#674=CIRCLE('',#6916,0.00818175687005424);
#675=CIRCLE('',#6920,0.005);
#676=CYLINDRICAL_SURFACE('',#6215,0.019);
#677=CYLINDRICAL_SURFACE('',#6218,0.019);
#678=CYLINDRICAL_SURFACE('',#6221,0.019);
#679=CYLINDRICAL_SURFACE('',#6224,0.019);
#680=CYLINDRICAL_SURFACE('',#6227,0.019);
#681=CYLINDRICAL_SURFACE('',#6230,0.019);
#682=CYLINDRICAL_SURFACE('',#6233,0.019);
#683=CYLINDRICAL_SURFACE('',#6236,0.019);
#684=CYLINDRICAL_SURFACE('',#6239,0.019);
#685=CYLINDRICAL_SURFACE('',#6242,0.019);
#686=CYLINDRICAL_SURFACE('',#6245,0.019);
#687=CYLINDRICAL_SURFACE('',#6248,0.019);
#688=CYLINDRICAL_SURFACE('',#6251,0.019);
#689=CYLINDRICAL_SURFACE('',#6254,0.019);
#690=CYLINDRICAL_SURFACE('',#6257,0.019);
#691=CYLINDRICAL_SURFACE('',#6260,0.019);
#692=CYLINDRICAL_SURFACE('',#6263,0.019);
#693=CYLINDRICAL_SURFACE('',#6266,0.019);
#694=CYLINDRICAL_SURFACE('',#6269,0.019);
#695=CYLINDRICAL_SURFACE('',#6272,0.019);
#696=CYLINDRICAL_SURFACE('',#6275,0.019);
#697=CYLINDRICAL_SURFACE('',#6278,0.019);
#698=CYLINDRICAL_SURFACE('',#6281,0.019);
#699=CYLINDRICAL_SURFACE('',#6284,0.019);
#700=CYLINDRICAL_SURFACE('',#6287,0.019);
#701=CYLINDRICAL_SURFACE('',#6290,0.019);
#702=CYLINDRICAL_SURFACE('',#6293,0.019);
#703=CYLINDRICAL_SURFACE('',#6296,0.019);
#704=CYLINDRICAL_SURFACE('',#6299,0.019);
#705=CYLINDRICAL_SURFACE('',#6302,0.019);
#706=CYLINDRICAL_SURFACE('',#6305,0.019);
#707=CYLINDRICAL_SURFACE('',#6308,0.019);
#708=CYLINDRICAL_SURFACE('',#6311,0.019);
#709=CYLINDRICAL_SURFACE('',#6314,0.019);
#710=CYLINDRICAL_SURFACE('',#6317,0.019);
#711=CYLINDRICAL_SURFACE('',#6430,0.019);
#712=CYLINDRICAL_SURFACE('',#6542,0.016749999999999);
#713=CYLINDRICAL_SURFACE('',#6543,0.000358460992203555);
#714=CYLINDRICAL_SURFACE('',#6544,0.000358460992203555);
#715=CYLINDRICAL_SURFACE('',#6545,0.016749999999999);
#716=CYLINDRICAL_SURFACE('',#6546,0.000358460992203555);
#717=CYLINDRICAL_SURFACE('',#6547,0.000358460992203555);
#718=CYLINDRICAL_SURFACE('',#6548,0.016749999999999);
#719=CYLINDRICAL_SURFACE('',#6549,0.000358460992203555);
#720=CYLINDRICAL_SURFACE('',#6550,0.000358460992203555);
#721=CYLINDRICAL_SURFACE('',#6551,0.016749999999999);
#722=CYLINDRICAL_SURFACE('',#6552,0.000358460992203555);
#723=CYLINDRICAL_SURFACE('',#6553,0.000358460992203555);
#724=CYLINDRICAL_SURFACE('',#6554,0.016749999999999);
#725=CYLINDRICAL_SURFACE('',#6555,0.000358460992203555);
#726=CYLINDRICAL_SURFACE('',#6556,0.000358460992203555);
#727=CYLINDRICAL_SURFACE('',#6557,0.016749999999999);
#728=CYLINDRICAL_SURFACE('',#6558,0.000358460992203555);
#729=CYLINDRICAL_SURFACE('',#6559,0.000358460992203555);
#730=CYLINDRICAL_SURFACE('',#6560,0.016749999999999);
#731=CYLINDRICAL_SURFACE('',#6561,0.000358460992203555);
#732=CYLINDRICAL_SURFACE('',#6562,0.000358460992203555);
#733=CYLINDRICAL_SURFACE('',#6563,0.016749999999999);
#734=CYLINDRICAL_SURFACE('',#6564,0.000358460992203555);
#735=CYLINDRICAL_SURFACE('',#6565,0.000358460992203555);
#736=CYLINDRICAL_SURFACE('',#6566,0.016749999999999);
#737=CYLINDRICAL_SURFACE('',#6567,0.000358460992203555);
#738=CYLINDRICAL_SURFACE('',#6568,0.000358460992203555);
#739=CYLINDRICAL_SURFACE('',#6569,0.016749999999999);
#740=CYLINDRICAL_SURFACE('',#6570,0.000358460992203555);
#741=CYLINDRICAL_SURFACE('',#6571,0.000358460992203555);
#742=CYLINDRICAL_SURFACE('',#6572,0.016749999999999);
#743=CYLINDRICAL_SURFACE('',#6573,0.000358460992203555);
#744=CYLINDRICAL_SURFACE('',#6574,0.000358460992203555);
#745=CYLINDRICAL_SURFACE('',#6575,0.016749999999999);
#746=CYLINDRICAL_SURFACE('',#6576,0.000358460992203555);
#747=CYLINDRICAL_SURFACE('',#6577,0.000358460992203555);
#748=CYLINDRICAL_SURFACE('',#6578,0.016749999999999);
#749=CYLINDRICAL_SURFACE('',#6579,0.000358460992203555);
#750=CYLINDRICAL_SURFACE('',#6580,0.000358460992203555);
#751=CYLINDRICAL_SURFACE('',#6581,0.016749999999999);
#752=CYLINDRICAL_SURFACE('',#6582,0.000358460992203555);
#753=CYLINDRICAL_SURFACE('',#6583,0.000358460992203555);
#754=CYLINDRICAL_SURFACE('',#6584,0.016749999999999);
#755=CYLINDRICAL_SURFACE('',#6585,0.000358460992203555);
#756=CYLINDRICAL_SURFACE('',#6586,0.000358460992203555);
#757=CYLINDRICAL_SURFACE('',#6587,0.016749999999999);
#758=CYLINDRICAL_SURFACE('',#6588,0.000358460992203555);
#759=CYLINDRICAL_SURFACE('',#6589,0.000358460992203555);
#760=CYLINDRICAL_SURFACE('',#6590,0.016749999999999);
#761=CYLINDRICAL_SURFACE('',#6591,0.000358460992203555);
#762=CYLINDRICAL_SURFACE('',#6592,0.000358460992203555);
#763=CYLINDRICAL_SURFACE('',#6593,0.016749999999999);
#764=CYLINDRICAL_SURFACE('',#6594,0.000358460992203555);
#765=CYLINDRICAL_SURFACE('',#6595,0.000358460992203555);
#766=CYLINDRICAL_SURFACE('',#6596,0.016749999999999);
#767=CYLINDRICAL_SURFACE('',#6597,0.000358460992203555);
#768=CYLINDRICAL_SURFACE('',#6598,0.000358460992203555);
#769=CYLINDRICAL_SURFACE('',#6599,0.016749999999999);
#770=CYLINDRICAL_SURFACE('',#6600,0.000358460992203555);
#771=CYLINDRICAL_SURFACE('',#6601,0.000358460992203555);
#772=CYLINDRICAL_SURFACE('',#6602,0.016749999999999);
#773=CYLINDRICAL_SURFACE('',#6603,0.000358460992203555);
#774=CYLINDRICAL_SURFACE('',#6604,0.000358460992203555);
#775=CYLINDRICAL_SURFACE('',#6605,0.016749999999999);
#776=CYLINDRICAL_SURFACE('',#6606,0.000358460992203555);
#777=CYLINDRICAL_SURFACE('',#6607,0.000358460992203555);
#778=CYLINDRICAL_SURFACE('',#6608,0.016749999999999);
#779=CYLINDRICAL_SURFACE('',#6609,0.000358460992203555);
#780=CYLINDRICAL_SURFACE('',#6610,0.000358460992203555);
#781=CYLINDRICAL_SURFACE('',#6611,0.016749999999999);
#782=CYLINDRICAL_SURFACE('',#6612,0.000358460992203555);
#783=CYLINDRICAL_SURFACE('',#6613,0.000358460992203555);
#784=CYLINDRICAL_SURFACE('',#6614,0.016749999999999);
#785=CYLINDRICAL_SURFACE('',#6615,0.000358460992203555);
#786=CYLINDRICAL_SURFACE('',#6616,0.000358460992203555);
#787=CYLINDRICAL_SURFACE('',#6617,0.016749999999999);
#788=CYLINDRICAL_SURFACE('',#6618,0.000358460992203555);
#789=CYLINDRICAL_SURFACE('',#6619,0.000358460992203555);
#790=CYLINDRICAL_SURFACE('',#6620,0.016749999999999);
#791=CYLINDRICAL_SURFACE('',#6621,0.000358460992203555);
#792=CYLINDRICAL_SURFACE('',#6622,0.000358460992203555);
#793=CYLINDRICAL_SURFACE('',#6623,0.016749999999999);
#794=CYLINDRICAL_SURFACE('',#6624,0.000358460992203555);
#795=CYLINDRICAL_SURFACE('',#6625,0.000358460992203555);
#796=CYLINDRICAL_SURFACE('',#6626,0.016749999999999);
#797=CYLINDRICAL_SURFACE('',#6627,0.000358460992203555);
#798=CYLINDRICAL_SURFACE('',#6628,0.000358460992203555);
#799=CYLINDRICAL_SURFACE('',#6629,0.016749999999999);
#800=CYLINDRICAL_SURFACE('',#6630,0.000358460992203555);
#801=CYLINDRICAL_SURFACE('',#6631,0.000358460992203555);
#802=CYLINDRICAL_SURFACE('',#6632,0.016749999999999);
#803=CYLINDRICAL_SURFACE('',#6633,0.000358460992203555);
#804=CYLINDRICAL_SURFACE('',#6634,0.000358460992203555);
#805=CYLINDRICAL_SURFACE('',#6635,0.016749999999999);
#806=CYLINDRICAL_SURFACE('',#6636,0.000358460992203555);
#807=CYLINDRICAL_SURFACE('',#6637,0.000358460992203555);
#808=CYLINDRICAL_SURFACE('',#6638,0.016749999999999);
#809=CYLINDRICAL_SURFACE('',#6639,0.000358460992203555);
#810=CYLINDRICAL_SURFACE('',#6640,0.000358460992203555);
#811=CYLINDRICAL_SURFACE('',#6641,0.016749999999999);
#812=CYLINDRICAL_SURFACE('',#6642,0.000358460992203555);
#813=CYLINDRICAL_SURFACE('',#6643,0.000358460992203555);
#814=CYLINDRICAL_SURFACE('',#6644,0.016749999999999);
#815=CYLINDRICAL_SURFACE('',#6645,0.000358460992203555);
#816=CYLINDRICAL_SURFACE('',#6646,0.000358460992203555);
#817=CYLINDRICAL_SURFACE('',#6647,0.016749999999999);
#818=CYLINDRICAL_SURFACE('',#6648,0.000358460992203555);
#819=CYLINDRICAL_SURFACE('',#6649,0.000358460992203555);
#820=CYLINDRICAL_SURFACE('',#6790,0.00818175687005424);
#821=CYLINDRICAL_SURFACE('',#6793,0.00043);
#822=CYLINDRICAL_SURFACE('',#6794,0.00043);
#823=CYLINDRICAL_SURFACE('',#6795,0.00043);
#824=CYLINDRICAL_SURFACE('',#6798,0.0017574898364998);
#825=CYLINDRICAL_SURFACE('',#6799,0.0017574898364998);
#826=CYLINDRICAL_SURFACE('',#6800,0.00818175687005424);
#827=CYLINDRICAL_SURFACE('',#6803,0.00043);
#828=CYLINDRICAL_SURFACE('',#6804,0.00043);
#829=CYLINDRICAL_SURFACE('',#6805,0.00043);
#830=CYLINDRICAL_SURFACE('',#6808,0.0017574898364998);
#831=CYLINDRICAL_SURFACE('',#6809,0.0017574898364998);
#832=CYLINDRICAL_SURFACE('',#6810,0.00818175687005424);
#833=CYLINDRICAL_SURFACE('',#6813,0.00043);
#834=CYLINDRICAL_SURFACE('',#6814,0.00043);
#835=CYLINDRICAL_SURFACE('',#6815,0.00043);
#836=CYLINDRICAL_SURFACE('',#6818,0.0017574898364998);
#837=CYLINDRICAL_SURFACE('',#6819,0.0017574898364998);
#838=CYLINDRICAL_SURFACE('',#6820,0.00818175687005424);
#839=CYLINDRICAL_SURFACE('',#6823,0.00043);
#840=CYLINDRICAL_SURFACE('',#6824,0.00043);
#841=CYLINDRICAL_SURFACE('',#6825,0.00043);
#842=CYLINDRICAL_SURFACE('',#6828,0.0017574898364998);
#843=CYLINDRICAL_SURFACE('',#6829,0.0017574898364998);
#844=CYLINDRICAL_SURFACE('',#6830,0.00818175687005424);
#845=CYLINDRICAL_SURFACE('',#6833,0.00043);
#846=CYLINDRICAL_SURFACE('',#6835,0.00043);
#847=CYLINDRICAL_SURFACE('',#6837,0.00043);
#848=CYLINDRICAL_SURFACE('',#6841,0.0017574898364998);
#849=CYLINDRICAL_SURFACE('',#6843,0.0017574898364998);
#850=CYLINDRICAL_SURFACE('',#6845,0.00818175687005424);
#851=CYLINDRICAL_SURFACE('',#6848,0.00043);
#852=CYLINDRICAL_SURFACE('',#6849,0.00043);
#853=CYLINDRICAL_SURFACE('',#6850,0.00043);
#854=CYLINDRICAL_SURFACE('',#6853,0.0017574898364998);
#855=CYLINDRICAL_SURFACE('',#6854,0.0017574898364998);
#856=CYLINDRICAL_SURFACE('',#6855,0.00818175687005424);
#857=CYLINDRICAL_SURFACE('',#6858,0.00043);
#858=CYLINDRICAL_SURFACE('',#6859,0.00043);
#859=CYLINDRICAL_SURFACE('',#6860,0.00043);
#860=CYLINDRICAL_SURFACE('',#6863,0.0017574898364998);
#861=CYLINDRICAL_SURFACE('',#6864,0.0017574898364998);
#862=CYLINDRICAL_SURFACE('',#6865,0.00818175687005424);
#863=CYLINDRICAL_SURFACE('',#6868,0.00043);
#864=CYLINDRICAL_SURFACE('',#6869,0.00043);
#865=CYLINDRICAL_SURFACE('',#6870,0.00043);
#866=CYLINDRICAL_SURFACE('',#6873,0.0017574898364998);
#867=CYLINDRICAL_SURFACE('',#6874,0.0017574898364998);
#868=CYLINDRICAL_SURFACE('',#6875,0.00818175687005424);
#869=CYLINDRICAL_SURFACE('',#6878,0.00043);
#870=CYLINDRICAL_SURFACE('',#6879,0.00043);
#871=CYLINDRICAL_SURFACE('',#6880,0.00043);
#872=CYLINDRICAL_SURFACE('',#6883,0.0017574898364998);
#873=CYLINDRICAL_SURFACE('',#6884,0.0017574898364998);
#874=CYLINDRICAL_SURFACE('',#6885,0.00818175687005424);
#875=CYLINDRICAL_SURFACE('',#6888,0.00043);
#876=CYLINDRICAL_SURFACE('',#6889,0.00043);
#877=CYLINDRICAL_SURFACE('',#6890,0.00043);
#878=CYLINDRICAL_SURFACE('',#6893,0.0017574898364998);
#879=CYLINDRICAL_SURFACE('',#6894,0.0017574898364998);
#880=CYLINDRICAL_SURFACE('',#6895,0.00818175687005424);
#881=CYLINDRICAL_SURFACE('',#6900,0.0017574898364998);
#882=CYLINDRICAL_SURFACE('',#6902,0.0017574898364998);
#883=CYLINDRICAL_SURFACE('',#6904,0.00043);
#884=CYLINDRICAL_SURFACE('',#6906,0.00043);
#885=CYLINDRICAL_SURFACE('',#6908,0.00043);
#886=CYLINDRICAL_SURFACE('',#6919,0.005);
#887=ORIENTED_EDGE('',*,*,#2799,.T.);
#888=ORIENTED_EDGE('',*,*,#2800,.F.);
#889=ORIENTED_EDGE('',*,*,#2801,.T.);
#890=ORIENTED_EDGE('',*,*,#2802,.T.);
#891=ORIENTED_EDGE('',*,*,#2803,.T.);
#892=ORIENTED_EDGE('',*,*,#2802,.F.);
#893=ORIENTED_EDGE('',*,*,#2804,.T.);
#894=ORIENTED_EDGE('',*,*,#2805,.T.);
#895=ORIENTED_EDGE('',*,*,#2806,.T.);
#896=ORIENTED_EDGE('',*,*,#2805,.F.);
#897=ORIENTED_EDGE('',*,*,#2807,.T.);
#898=ORIENTED_EDGE('',*,*,#2808,.T.);
#899=ORIENTED_EDGE('',*,*,#2809,.T.);
#900=ORIENTED_EDGE('',*,*,#2808,.F.);
#901=ORIENTED_EDGE('',*,*,#2810,.T.);
#902=ORIENTED_EDGE('',*,*,#2811,.T.);
#903=ORIENTED_EDGE('',*,*,#2812,.T.);
#904=ORIENTED_EDGE('',*,*,#2811,.F.);
#905=ORIENTED_EDGE('',*,*,#2813,.T.);
#906=ORIENTED_EDGE('',*,*,#2814,.T.);
#907=ORIENTED_EDGE('',*,*,#2815,.T.);
#908=ORIENTED_EDGE('',*,*,#2814,.F.);
#909=ORIENTED_EDGE('',*,*,#2816,.T.);
#910=ORIENTED_EDGE('',*,*,#2800,.T.);
#911=ORIENTED_EDGE('',*,*,#2817,.F.);
#912=ORIENTED_EDGE('',*,*,#2818,.F.);
#913=ORIENTED_EDGE('',*,*,#2819,.T.);
#914=ORIENTED_EDGE('',*,*,#2820,.T.);
#915=ORIENTED_EDGE('',*,*,#2821,.F.);
#916=ORIENTED_EDGE('',*,*,#2822,.T.);
#917=ORIENTED_EDGE('',*,*,#2823,.T.);
#918=ORIENTED_EDGE('',*,*,#2824,.F.);
#919=ORIENTED_EDGE('',*,*,#2825,.F.);
#920=ORIENTED_EDGE('',*,*,#2826,.F.);
#921=ORIENTED_EDGE('',*,*,#2827,.T.);
#922=ORIENTED_EDGE('',*,*,#2828,.T.);
#923=ORIENTED_EDGE('',*,*,#2829,.F.);
#924=ORIENTED_EDGE('',*,*,#2830,.T.);
#925=ORIENTED_EDGE('',*,*,#2831,.T.);
#926=ORIENTED_EDGE('',*,*,#2832,.F.);
#927=ORIENTED_EDGE('',*,*,#2833,.F.);
#928=ORIENTED_EDGE('',*,*,#2834,.F.);
#929=ORIENTED_EDGE('',*,*,#2835,.T.);
#930=ORIENTED_EDGE('',*,*,#2836,.T.);
#931=ORIENTED_EDGE('',*,*,#2837,.F.);
#932=ORIENTED_EDGE('',*,*,#2838,.F.);
#933=ORIENTED_EDGE('',*,*,#2839,.T.);
#934=ORIENTED_EDGE('',*,*,#2840,.T.);
#935=ORIENTED_EDGE('',*,*,#2841,.F.);
#936=ORIENTED_EDGE('',*,*,#2842,.F.);
#937=ORIENTED_EDGE('',*,*,#2843,.T.);
#938=ORIENTED_EDGE('',*,*,#2844,.T.);
#939=ORIENTED_EDGE('',*,*,#2845,.F.);
#940=ORIENTED_EDGE('',*,*,#2846,.F.);
#941=ORIENTED_EDGE('',*,*,#2847,.T.);
#942=ORIENTED_EDGE('',*,*,#2848,.T.);
#943=ORIENTED_EDGE('',*,*,#2849,.F.);
#944=ORIENTED_EDGE('',*,*,#2850,.F.);
#945=ORIENTED_EDGE('',*,*,#2851,.T.);
#946=ORIENTED_EDGE('',*,*,#2852,.T.);
#947=ORIENTED_EDGE('',*,*,#2853,.F.);
#948=ORIENTED_EDGE('',*,*,#2854,.F.);
#949=ORIENTED_EDGE('',*,*,#2855,.T.);
#950=ORIENTED_EDGE('',*,*,#2856,.T.);
#951=ORIENTED_EDGE('',*,*,#2857,.F.);
#952=ORIENTED_EDGE('',*,*,#2858,.F.);
#953=ORIENTED_EDGE('',*,*,#2859,.T.);
#954=ORIENTED_EDGE('',*,*,#2860,.T.);
#955=ORIENTED_EDGE('',*,*,#2861,.F.);
#956=ORIENTED_EDGE('',*,*,#2862,.T.);
#957=ORIENTED_EDGE('',*,*,#2863,.T.);
#958=ORIENTED_EDGE('',*,*,#2864,.F.);
#959=ORIENTED_EDGE('',*,*,#2865,.F.);
#960=ORIENTED_EDGE('',*,*,#2866,.F.);
#961=ORIENTED_EDGE('',*,*,#2867,.T.);
#962=ORIENTED_EDGE('',*,*,#2868,.T.);
#963=ORIENTED_EDGE('',*,*,#2869,.F.);
#964=ORIENTED_EDGE('',*,*,#2870,.F.);
#965=ORIENTED_EDGE('',*,*,#2871,.T.);
#966=ORIENTED_EDGE('',*,*,#2872,.T.);
#967=ORIENTED_EDGE('',*,*,#2873,.F.);
#968=ORIENTED_EDGE('',*,*,#2874,.F.);
#969=ORIENTED_EDGE('',*,*,#2875,.T.);
#970=ORIENTED_EDGE('',*,*,#2876,.T.);
#971=ORIENTED_EDGE('',*,*,#2877,.F.);
#972=ORIENTED_EDGE('',*,*,#2878,.F.);
#973=ORIENTED_EDGE('',*,*,#2879,.T.);
#974=ORIENTED_EDGE('',*,*,#2880,.T.);
#975=ORIENTED_EDGE('',*,*,#2881,.F.);
#976=ORIENTED_EDGE('',*,*,#2882,.F.);
#977=ORIENTED_EDGE('',*,*,#2883,.T.);
#978=ORIENTED_EDGE('',*,*,#2884,.T.);
#979=ORIENTED_EDGE('',*,*,#2885,.F.);
#980=ORIENTED_EDGE('',*,*,#2886,.T.);
#981=ORIENTED_EDGE('',*,*,#2887,.T.);
#982=ORIENTED_EDGE('',*,*,#2888,.F.);
#983=ORIENTED_EDGE('',*,*,#2889,.F.);
#984=ORIENTED_EDGE('',*,*,#2890,.T.);
#985=ORIENTED_EDGE('',*,*,#2891,.T.);
#986=ORIENTED_EDGE('',*,*,#2892,.F.);
#987=ORIENTED_EDGE('',*,*,#2893,.F.);
#988=ORIENTED_EDGE('',*,*,#2894,.T.);
#989=ORIENTED_EDGE('',*,*,#2895,.T.);
#990=ORIENTED_EDGE('',*,*,#2896,.F.);
#991=ORIENTED_EDGE('',*,*,#2897,.F.);
#992=ORIENTED_EDGE('',*,*,#2898,.F.);
#993=ORIENTED_EDGE('',*,*,#2899,.T.);
#994=ORIENTED_EDGE('',*,*,#2900,.T.);
#995=ORIENTED_EDGE('',*,*,#2901,.F.);
#996=ORIENTED_EDGE('',*,*,#2902,.F.);
#997=ORIENTED_EDGE('',*,*,#2903,.T.);
#998=ORIENTED_EDGE('',*,*,#2904,.T.);
#999=ORIENTED_EDGE('',*,*,#2905,.F.);
#1000=ORIENTED_EDGE('',*,*,#2906,.T.);
#1001=ORIENTED_EDGE('',*,*,#2907,.T.);
#1002=ORIENTED_EDGE('',*,*,#2908,.F.);
#1003=ORIENTED_EDGE('',*,*,#2909,.F.);
#1004=ORIENTED_EDGE('',*,*,#2910,.T.);
#1005=ORIENTED_EDGE('',*,*,#2911,.T.);
#1006=ORIENTED_EDGE('',*,*,#2912,.F.);
#1007=ORIENTED_EDGE('',*,*,#2913,.F.);
#1008=ORIENTED_EDGE('',*,*,#2914,.F.);
#1009=ORIENTED_EDGE('',*,*,#2915,.T.);
#1010=ORIENTED_EDGE('',*,*,#2916,.T.);
#1011=ORIENTED_EDGE('',*,*,#2917,.F.);
#1012=ORIENTED_EDGE('',*,*,#2918,.T.);
#1013=ORIENTED_EDGE('',*,*,#2919,.T.);
#1014=ORIENTED_EDGE('',*,*,#2920,.F.);
#1015=ORIENTED_EDGE('',*,*,#2921,.F.);
#1016=ORIENTED_EDGE('',*,*,#2922,.F.);
#1017=ORIENTED_EDGE('',*,*,#2923,.T.);
#1018=ORIENTED_EDGE('',*,*,#2924,.T.);
#1019=ORIENTED_EDGE('',*,*,#2925,.F.);
#1020=ORIENTED_EDGE('',*,*,#2926,.T.);
#1021=ORIENTED_EDGE('',*,*,#2927,.T.);
#1022=ORIENTED_EDGE('',*,*,#2928,.F.);
#1023=ORIENTED_EDGE('',*,*,#2929,.F.);
#1024=ORIENTED_EDGE('',*,*,#2930,.F.);
#1025=ORIENTED_EDGE('',*,*,#2931,.T.);
#1026=ORIENTED_EDGE('',*,*,#2932,.T.);
#1027=ORIENTED_EDGE('',*,*,#2933,.F.);
#1028=ORIENTED_EDGE('',*,*,#2934,.T.);
#1029=ORIENTED_EDGE('',*,*,#2935,.T.);
#1030=ORIENTED_EDGE('',*,*,#2936,.F.);
#1031=ORIENTED_EDGE('',*,*,#2937,.F.);
#1032=ORIENTED_EDGE('',*,*,#2938,.T.);
#1033=ORIENTED_EDGE('',*,*,#2939,.T.);
#1034=ORIENTED_EDGE('',*,*,#2940,.F.);
#1035=ORIENTED_EDGE('',*,*,#2941,.F.);
#1036=ORIENTED_EDGE('',*,*,#2942,.T.);
#1037=ORIENTED_EDGE('',*,*,#2943,.T.);
#1038=ORIENTED_EDGE('',*,*,#2944,.F.);
#1039=ORIENTED_EDGE('',*,*,#2945,.F.);
#1040=ORIENTED_EDGE('',*,*,#2946,.T.);
#1041=ORIENTED_EDGE('',*,*,#2947,.T.);
#1042=ORIENTED_EDGE('',*,*,#2948,.F.);
#1043=ORIENTED_EDGE('',*,*,#2949,.F.);
#1044=ORIENTED_EDGE('',*,*,#2950,.T.);
#1045=ORIENTED_EDGE('',*,*,#2951,.T.);
#1046=ORIENTED_EDGE('',*,*,#2952,.F.);
#1047=ORIENTED_EDGE('',*,*,#2953,.F.);
#1048=ORIENTED_EDGE('',*,*,#2954,.T.);
#1049=ORIENTED_EDGE('',*,*,#2955,.T.);
#1050=ORIENTED_EDGE('',*,*,#2956,.F.);
#1051=ORIENTED_EDGE('',*,*,#2957,.F.);
#1052=ORIENTED_EDGE('',*,*,#2958,.T.);
#1053=ORIENTED_EDGE('',*,*,#2821,.T.);
#1054=ORIENTED_EDGE('',*,*,#2959,.F.);
#1055=ORIENTED_EDGE('',*,*,#2960,.F.);
#1056=ORIENTED_EDGE('',*,*,#2961,.T.);
#1057=ORIENTED_EDGE('',*,*,#2962,.F.);
#1058=ORIENTED_EDGE('',*,*,#2963,.T.);
#1059=ORIENTED_EDGE('',*,*,#2829,.T.);
#1060=ORIENTED_EDGE('',*,*,#2964,.F.);
#1061=ORIENTED_EDGE('',*,*,#2965,.F.);
#1062=ORIENTED_EDGE('',*,*,#2966,.T.);
#1063=ORIENTED_EDGE('',*,*,#2967,.F.);
#1064=ORIENTED_EDGE('',*,*,#2968,.T.);
#1065=ORIENTED_EDGE('',*,*,#2826,.T.);
#1066=ORIENTED_EDGE('',*,*,#2969,.F.);
#1067=ORIENTED_EDGE('',*,*,#2970,.F.);
#1068=ORIENTED_EDGE('',*,*,#2971,.T.);
#1069=ORIENTED_EDGE('',*,*,#2972,.F.);
#1070=ORIENTED_EDGE('',*,*,#2973,.T.);
#1071=ORIENTED_EDGE('',*,*,#2945,.T.);
#1072=ORIENTED_EDGE('',*,*,#2974,.F.);
#1073=ORIENTED_EDGE('',*,*,#2975,.F.);
#1074=ORIENTED_EDGE('',*,*,#2976,.T.);
#1075=ORIENTED_EDGE('',*,*,#2977,.F.);
#1076=ORIENTED_EDGE('',*,*,#2978,.T.);
#1077=ORIENTED_EDGE('',*,*,#2949,.T.);
#1078=ORIENTED_EDGE('',*,*,#2979,.F.);
#1079=ORIENTED_EDGE('',*,*,#2980,.F.);
#1080=ORIENTED_EDGE('',*,*,#2981,.T.);
#1081=ORIENTED_EDGE('',*,*,#2982,.F.);
#1082=ORIENTED_EDGE('',*,*,#2983,.T.);
#1083=ORIENTED_EDGE('',*,*,#2953,.T.);
#1084=ORIENTED_EDGE('',*,*,#2984,.F.);
#1085=ORIENTED_EDGE('',*,*,#2985,.F.);
#1086=ORIENTED_EDGE('',*,*,#2986,.T.);
#1087=ORIENTED_EDGE('',*,*,#2987,.F.);
#1088=ORIENTED_EDGE('',*,*,#2988,.T.);
#1089=ORIENTED_EDGE('',*,*,#2989,.T.);
#1090=ORIENTED_EDGE('',*,*,#2990,.F.);
#1091=ORIENTED_EDGE('',*,*,#2991,.F.);
#1092=ORIENTED_EDGE('',*,*,#2992,.T.);
#1093=ORIENTED_EDGE('',*,*,#2993,.F.);
#1094=ORIENTED_EDGE('',*,*,#2994,.T.);
#1095=ORIENTED_EDGE('',*,*,#2914,.T.);
#1096=ORIENTED_EDGE('',*,*,#2995,.F.);
#1097=ORIENTED_EDGE('',*,*,#2996,.F.);
#1098=ORIENTED_EDGE('',*,*,#2997,.T.);
#1099=ORIENTED_EDGE('',*,*,#2998,.F.);
#1100=ORIENTED_EDGE('',*,*,#2999,.T.);
#1101=ORIENTED_EDGE('',*,*,#2917,.T.);
#1102=ORIENTED_EDGE('',*,*,#3000,.F.);
#1103=ORIENTED_EDGE('',*,*,#3001,.F.);
#1104=ORIENTED_EDGE('',*,*,#3002,.T.);
#1105=ORIENTED_EDGE('',*,*,#3003,.F.);
#1106=ORIENTED_EDGE('',*,*,#3004,.T.);
#1107=ORIENTED_EDGE('',*,*,#2925,.T.);
#1108=ORIENTED_EDGE('',*,*,#3005,.F.);
#1109=ORIENTED_EDGE('',*,*,#3006,.F.);
#1110=ORIENTED_EDGE('',*,*,#3007,.T.);
#1111=ORIENTED_EDGE('',*,*,#3008,.F.);
#1112=ORIENTED_EDGE('',*,*,#3009,.T.);
#1113=ORIENTED_EDGE('',*,*,#2922,.T.);
#1114=ORIENTED_EDGE('',*,*,#3010,.F.);
#1115=ORIENTED_EDGE('',*,*,#3011,.F.);
#1116=ORIENTED_EDGE('',*,*,#3012,.T.);
#1117=ORIENTED_EDGE('',*,*,#3013,.F.);
#1118=ORIENTED_EDGE('',*,*,#3014,.T.);
#1119=ORIENTED_EDGE('',*,*,#2933,.T.);
#1120=ORIENTED_EDGE('',*,*,#3015,.F.);
#1121=ORIENTED_EDGE('',*,*,#3016,.F.);
#1122=ORIENTED_EDGE('',*,*,#3017,.T.);
#1123=ORIENTED_EDGE('',*,*,#3018,.F.);
#1124=ORIENTED_EDGE('',*,*,#3019,.T.);
#1125=ORIENTED_EDGE('',*,*,#2930,.T.);
#1126=ORIENTED_EDGE('',*,*,#3020,.F.);
#1127=ORIENTED_EDGE('',*,*,#3021,.F.);
#1128=ORIENTED_EDGE('',*,*,#3022,.T.);
#1129=ORIENTED_EDGE('',*,*,#3023,.F.);
#1130=ORIENTED_EDGE('',*,*,#3024,.T.);
#1131=ORIENTED_EDGE('',*,*,#2937,.T.);
#1132=ORIENTED_EDGE('',*,*,#3025,.F.);
#1133=ORIENTED_EDGE('',*,*,#3026,.F.);
#1134=ORIENTED_EDGE('',*,*,#3027,.T.);
#1135=ORIENTED_EDGE('',*,*,#3028,.F.);
#1136=ORIENTED_EDGE('',*,*,#3029,.T.);
#1137=ORIENTED_EDGE('',*,*,#2941,.T.);
#1138=ORIENTED_EDGE('',*,*,#3030,.F.);
#1139=ORIENTED_EDGE('',*,*,#3031,.F.);
#1140=ORIENTED_EDGE('',*,*,#3032,.T.);
#1141=ORIENTED_EDGE('',*,*,#3033,.F.);
#1142=ORIENTED_EDGE('',*,*,#3034,.T.);
#1143=ORIENTED_EDGE('',*,*,#2882,.T.);
#1144=ORIENTED_EDGE('',*,*,#3035,.F.);
#1145=ORIENTED_EDGE('',*,*,#3036,.F.);
#1146=ORIENTED_EDGE('',*,*,#3037,.T.);
#1147=ORIENTED_EDGE('',*,*,#3038,.F.);
#1148=ORIENTED_EDGE('',*,*,#3039,.T.);
#1149=ORIENTED_EDGE('',*,*,#2885,.T.);
#1150=ORIENTED_EDGE('',*,*,#3040,.F.);
#1151=ORIENTED_EDGE('',*,*,#3041,.F.);
#1152=ORIENTED_EDGE('',*,*,#3042,.T.);
#1153=ORIENTED_EDGE('',*,*,#3043,.F.);
#1154=ORIENTED_EDGE('',*,*,#3044,.T.);
#1155=ORIENTED_EDGE('',*,*,#2889,.T.);
#1156=ORIENTED_EDGE('',*,*,#3045,.F.);
#1157=ORIENTED_EDGE('',*,*,#3046,.F.);
#1158=ORIENTED_EDGE('',*,*,#3047,.T.);
#1159=ORIENTED_EDGE('',*,*,#3048,.F.);
#1160=ORIENTED_EDGE('',*,*,#3049,.T.);
#1161=ORIENTED_EDGE('',*,*,#2893,.T.);
#1162=ORIENTED_EDGE('',*,*,#3050,.F.);
#1163=ORIENTED_EDGE('',*,*,#3051,.F.);
#1164=ORIENTED_EDGE('',*,*,#3052,.T.);
#1165=ORIENTED_EDGE('',*,*,#3053,.F.);
#1166=ORIENTED_EDGE('',*,*,#3054,.T.);
#1167=ORIENTED_EDGE('',*,*,#2905,.T.);
#1168=ORIENTED_EDGE('',*,*,#3055,.F.);
#1169=ORIENTED_EDGE('',*,*,#3056,.F.);
#1170=ORIENTED_EDGE('',*,*,#3057,.T.);
#1171=ORIENTED_EDGE('',*,*,#3058,.F.);
#1172=ORIENTED_EDGE('',*,*,#3059,.T.);
#1173=ORIENTED_EDGE('',*,*,#2909,.T.);
#1174=ORIENTED_EDGE('',*,*,#3060,.F.);
#1175=ORIENTED_EDGE('',*,*,#3061,.F.);
#1176=ORIENTED_EDGE('',*,*,#3062,.T.);
#1177=ORIENTED_EDGE('',*,*,#3063,.F.);
#1178=ORIENTED_EDGE('',*,*,#3064,.T.);
#1179=ORIENTED_EDGE('',*,*,#2902,.T.);
#1180=ORIENTED_EDGE('',*,*,#3065,.F.);
#1181=ORIENTED_EDGE('',*,*,#3066,.F.);
#1182=ORIENTED_EDGE('',*,*,#3067,.T.);
#1183=ORIENTED_EDGE('',*,*,#3068,.F.);
#1184=ORIENTED_EDGE('',*,*,#3069,.T.);
#1185=ORIENTED_EDGE('',*,*,#2898,.T.);
#1186=ORIENTED_EDGE('',*,*,#3070,.F.);
#1187=ORIENTED_EDGE('',*,*,#3071,.F.);
#1188=ORIENTED_EDGE('',*,*,#3072,.T.);
#1189=ORIENTED_EDGE('',*,*,#3073,.F.);
#1190=ORIENTED_EDGE('',*,*,#3074,.T.);
#1191=ORIENTED_EDGE('',*,*,#2878,.T.);
#1192=ORIENTED_EDGE('',*,*,#3075,.F.);
#1193=ORIENTED_EDGE('',*,*,#3076,.F.);
#1194=ORIENTED_EDGE('',*,*,#3077,.T.);
#1195=ORIENTED_EDGE('',*,*,#3078,.F.);
#1196=ORIENTED_EDGE('',*,*,#3079,.T.);
#1197=ORIENTED_EDGE('',*,*,#2874,.T.);
#1198=ORIENTED_EDGE('',*,*,#3080,.F.);
#1199=ORIENTED_EDGE('',*,*,#3081,.F.);
#1200=ORIENTED_EDGE('',*,*,#3082,.T.);
#1201=ORIENTED_EDGE('',*,*,#3083,.F.);
#1202=ORIENTED_EDGE('',*,*,#3084,.T.);
#1203=ORIENTED_EDGE('',*,*,#2870,.T.);
#1204=ORIENTED_EDGE('',*,*,#3085,.F.);
#1205=ORIENTED_EDGE('',*,*,#3086,.F.);
#1206=ORIENTED_EDGE('',*,*,#3087,.T.);
#1207=ORIENTED_EDGE('',*,*,#3088,.F.);
#1208=ORIENTED_EDGE('',*,*,#3089,.T.);
#1209=ORIENTED_EDGE('',*,*,#2866,.T.);
#1210=ORIENTED_EDGE('',*,*,#3090,.F.);
#1211=ORIENTED_EDGE('',*,*,#3091,.F.);
#1212=ORIENTED_EDGE('',*,*,#3092,.T.);
#1213=ORIENTED_EDGE('',*,*,#3093,.F.);
#1214=ORIENTED_EDGE('',*,*,#3094,.T.);
#1215=ORIENTED_EDGE('',*,*,#2854,.T.);
#1216=ORIENTED_EDGE('',*,*,#3095,.F.);
#1217=ORIENTED_EDGE('',*,*,#3096,.F.);
#1218=ORIENTED_EDGE('',*,*,#3097,.T.);
#1219=ORIENTED_EDGE('',*,*,#3098,.F.);
#1220=ORIENTED_EDGE('',*,*,#3099,.T.);
#1221=ORIENTED_EDGE('',*,*,#2850,.T.);
#1222=ORIENTED_EDGE('',*,*,#3100,.F.);
#1223=ORIENTED_EDGE('',*,*,#3101,.F.);
#1224=ORIENTED_EDGE('',*,*,#3102,.T.);
#1225=ORIENTED_EDGE('',*,*,#3103,.F.);
#1226=ORIENTED_EDGE('',*,*,#3104,.T.);
#1227=ORIENTED_EDGE('',*,*,#2861,.T.);
#1228=ORIENTED_EDGE('',*,*,#3105,.F.);
#1229=ORIENTED_EDGE('',*,*,#3106,.F.);
#1230=ORIENTED_EDGE('',*,*,#3107,.T.);
#1231=ORIENTED_EDGE('',*,*,#3108,.F.);
#1232=ORIENTED_EDGE('',*,*,#3109,.T.);
#1233=ORIENTED_EDGE('',*,*,#2858,.T.);
#1234=ORIENTED_EDGE('',*,*,#3110,.F.);
#1235=ORIENTED_EDGE('',*,*,#3111,.F.);
#1236=ORIENTED_EDGE('',*,*,#3112,.T.);
#1237=ORIENTED_EDGE('',*,*,#3113,.F.);
#1238=ORIENTED_EDGE('',*,*,#3114,.T.);
#1239=ORIENTED_EDGE('',*,*,#2846,.T.);
#1240=ORIENTED_EDGE('',*,*,#3115,.F.);
#1241=ORIENTED_EDGE('',*,*,#3116,.F.);
#1242=ORIENTED_EDGE('',*,*,#3117,.T.);
#1243=ORIENTED_EDGE('',*,*,#3118,.F.);
#1244=ORIENTED_EDGE('',*,*,#3119,.T.);
#1245=ORIENTED_EDGE('',*,*,#2842,.T.);
#1246=ORIENTED_EDGE('',*,*,#3120,.F.);
#1247=ORIENTED_EDGE('',*,*,#3121,.F.);
#1248=ORIENTED_EDGE('',*,*,#3122,.T.);
#1249=ORIENTED_EDGE('',*,*,#3123,.F.);
#1250=ORIENTED_EDGE('',*,*,#3124,.T.);
#1251=ORIENTED_EDGE('',*,*,#2838,.T.);
#1252=ORIENTED_EDGE('',*,*,#3125,.F.);
#1253=ORIENTED_EDGE('',*,*,#3126,.F.);
#1254=ORIENTED_EDGE('',*,*,#3127,.T.);
#1255=ORIENTED_EDGE('',*,*,#3128,.F.);
#1256=ORIENTED_EDGE('',*,*,#3129,.T.);
#1257=ORIENTED_EDGE('',*,*,#2834,.T.);
#1258=ORIENTED_EDGE('',*,*,#3130,.F.);
#1259=ORIENTED_EDGE('',*,*,#3131,.F.);
#1260=ORIENTED_EDGE('',*,*,#3132,.T.);
#1261=ORIENTED_EDGE('',*,*,#3133,.F.);
#1262=ORIENTED_EDGE('',*,*,#3134,.T.);
#1263=ORIENTED_EDGE('',*,*,#2818,.T.);
#1264=ORIENTED_EDGE('',*,*,#3135,.F.);
#1265=ORIENTED_EDGE('',*,*,#3136,.F.);
#1266=ORIENTED_EDGE('',*,*,#3137,.T.);
#1267=ORIENTED_EDGE('',*,*,#2815,.F.);
#1268=ORIENTED_EDGE('',*,*,#2799,.F.);
#1269=ORIENTED_EDGE('',*,*,#2803,.F.);
#1270=ORIENTED_EDGE('',*,*,#2806,.F.);
#1271=ORIENTED_EDGE('',*,*,#2809,.F.);
#1272=ORIENTED_EDGE('',*,*,#2812,.F.);
#1273=ORIENTED_EDGE('',*,*,#2989,.F.);
#1274=ORIENTED_EDGE('',*,*,#3138,.T.);
#1275=ORIENTED_EDGE('',*,*,#3139,.T.);
#1276=ORIENTED_EDGE('',*,*,#3140,.F.);
#1277=ORIENTED_EDGE('',*,*,#3141,.T.);
#1278=ORIENTED_EDGE('',*,*,#3142,.F.);
#1279=ORIENTED_EDGE('',*,*,#3143,.T.);
#1280=ORIENTED_EDGE('',*,*,#2820,.F.);
#1281=ORIENTED_EDGE('',*,*,#3144,.F.);
#1282=ORIENTED_EDGE('',*,*,#3145,.F.);
#1283=ORIENTED_EDGE('',*,*,#3146,.F.);
#1284=ORIENTED_EDGE('',*,*,#3147,.F.);
#1285=ORIENTED_EDGE('',*,*,#3148,.T.);
#1286=ORIENTED_EDGE('',*,*,#2836,.F.);
#1287=ORIENTED_EDGE('',*,*,#3149,.F.);
#1288=ORIENTED_EDGE('',*,*,#3150,.F.);
#1289=ORIENTED_EDGE('',*,*,#3151,.F.);
#1290=ORIENTED_EDGE('',*,*,#3152,.F.);
#1291=ORIENTED_EDGE('',*,*,#3153,.T.);
#1292=ORIENTED_EDGE('',*,*,#2840,.F.);
#1293=ORIENTED_EDGE('',*,*,#3154,.F.);
#1294=ORIENTED_EDGE('',*,*,#3155,.F.);
#1295=ORIENTED_EDGE('',*,*,#3156,.F.);
#1296=ORIENTED_EDGE('',*,*,#3157,.F.);
#1297=ORIENTED_EDGE('',*,*,#3158,.T.);
#1298=ORIENTED_EDGE('',*,*,#2844,.F.);
#1299=ORIENTED_EDGE('',*,*,#3159,.F.);
#1300=ORIENTED_EDGE('',*,*,#3160,.F.);
#1301=ORIENTED_EDGE('',*,*,#3161,.F.);
#1302=ORIENTED_EDGE('',*,*,#3162,.F.);
#1303=ORIENTED_EDGE('',*,*,#3163,.T.);
#1304=ORIENTED_EDGE('',*,*,#2848,.F.);
#1305=ORIENTED_EDGE('',*,*,#3164,.F.);
#1306=ORIENTED_EDGE('',*,*,#3165,.F.);
#1307=ORIENTED_EDGE('',*,*,#3166,.F.);
#1308=ORIENTED_EDGE('',*,*,#3167,.F.);
#1309=ORIENTED_EDGE('',*,*,#3168,.T.);
#1310=ORIENTED_EDGE('',*,*,#2860,.F.);
#1311=ORIENTED_EDGE('',*,*,#3169,.F.);
#1312=ORIENTED_EDGE('',*,*,#3170,.F.);
#1313=ORIENTED_EDGE('',*,*,#3171,.F.);
#1314=ORIENTED_EDGE('',*,*,#3172,.F.);
#1315=ORIENTED_EDGE('',*,*,#3173,.T.);
#1316=ORIENTED_EDGE('',*,*,#2863,.F.);
#1317=ORIENTED_EDGE('',*,*,#3174,.F.);
#1318=ORIENTED_EDGE('',*,*,#3175,.F.);
#1319=ORIENTED_EDGE('',*,*,#3176,.F.);
#1320=ORIENTED_EDGE('',*,*,#3177,.F.);
#1321=ORIENTED_EDGE('',*,*,#3178,.T.);
#1322=ORIENTED_EDGE('',*,*,#2852,.F.);
#1323=ORIENTED_EDGE('',*,*,#3179,.F.);
#1324=ORIENTED_EDGE('',*,*,#3180,.F.);
#1325=ORIENTED_EDGE('',*,*,#3181,.F.);
#1326=ORIENTED_EDGE('',*,*,#3182,.F.);
#1327=ORIENTED_EDGE('',*,*,#3183,.T.);
#1328=ORIENTED_EDGE('',*,*,#2856,.F.);
#1329=ORIENTED_EDGE('',*,*,#3184,.F.);
#1330=ORIENTED_EDGE('',*,*,#3185,.F.);
#1331=ORIENTED_EDGE('',*,*,#3186,.F.);
#1332=ORIENTED_EDGE('',*,*,#3187,.F.);
#1333=ORIENTED_EDGE('',*,*,#3188,.T.);
#1334=ORIENTED_EDGE('',*,*,#2868,.F.);
#1335=ORIENTED_EDGE('',*,*,#3189,.F.);
#1336=ORIENTED_EDGE('',*,*,#3190,.F.);
#1337=ORIENTED_EDGE('',*,*,#3191,.F.);
#1338=ORIENTED_EDGE('',*,*,#3192,.F.);
#1339=ORIENTED_EDGE('',*,*,#3193,.T.);
#1340=ORIENTED_EDGE('',*,*,#2872,.F.);
#1341=ORIENTED_EDGE('',*,*,#3194,.F.);
#1342=ORIENTED_EDGE('',*,*,#3195,.F.);
#1343=ORIENTED_EDGE('',*,*,#3196,.F.);
#1344=ORIENTED_EDGE('',*,*,#3197,.F.);
#1345=ORIENTED_EDGE('',*,*,#3198,.T.);
#1346=ORIENTED_EDGE('',*,*,#2876,.F.);
#1347=ORIENTED_EDGE('',*,*,#3199,.F.);
#1348=ORIENTED_EDGE('',*,*,#3200,.F.);
#1349=ORIENTED_EDGE('',*,*,#3201,.F.);
#1350=ORIENTED_EDGE('',*,*,#3202,.F.);
#1351=ORIENTED_EDGE('',*,*,#3203,.T.);
#1352=ORIENTED_EDGE('',*,*,#2880,.F.);
#1353=ORIENTED_EDGE('',*,*,#3204,.F.);
#1354=ORIENTED_EDGE('',*,*,#3205,.F.);
#1355=ORIENTED_EDGE('',*,*,#3206,.F.);
#1356=ORIENTED_EDGE('',*,*,#3207,.F.);
#1357=ORIENTED_EDGE('',*,*,#3208,.T.);
#1358=ORIENTED_EDGE('',*,*,#2900,.F.);
#1359=ORIENTED_EDGE('',*,*,#3209,.F.);
#1360=ORIENTED_EDGE('',*,*,#3210,.F.);
#1361=ORIENTED_EDGE('',*,*,#3211,.F.);
#1362=ORIENTED_EDGE('',*,*,#3212,.F.);
#1363=ORIENTED_EDGE('',*,*,#3213,.T.);
#1364=ORIENTED_EDGE('',*,*,#2904,.F.);
#1365=ORIENTED_EDGE('',*,*,#3214,.F.);
#1366=ORIENTED_EDGE('',*,*,#3215,.F.);
#1367=ORIENTED_EDGE('',*,*,#3216,.F.);
#1368=ORIENTED_EDGE('',*,*,#3217,.F.);
#1369=ORIENTED_EDGE('',*,*,#3218,.T.);
#1370=ORIENTED_EDGE('',*,*,#2911,.F.);
#1371=ORIENTED_EDGE('',*,*,#3219,.F.);
#1372=ORIENTED_EDGE('',*,*,#3220,.F.);
#1373=ORIENTED_EDGE('',*,*,#3221,.F.);
#1374=ORIENTED_EDGE('',*,*,#3222,.F.);
#1375=ORIENTED_EDGE('',*,*,#3223,.T.);
#1376=ORIENTED_EDGE('',*,*,#2907,.F.);
#1377=ORIENTED_EDGE('',*,*,#3224,.F.);
#1378=ORIENTED_EDGE('',*,*,#3225,.F.);
#1379=ORIENTED_EDGE('',*,*,#3226,.F.);
#1380=ORIENTED_EDGE('',*,*,#3227,.F.);
#1381=ORIENTED_EDGE('',*,*,#3228,.T.);
#1382=ORIENTED_EDGE('',*,*,#2895,.F.);
#1383=ORIENTED_EDGE('',*,*,#3229,.F.);
#1384=ORIENTED_EDGE('',*,*,#3230,.F.);
#1385=ORIENTED_EDGE('',*,*,#3231,.F.);
#1386=ORIENTED_EDGE('',*,*,#3232,.F.);
#1387=ORIENTED_EDGE('',*,*,#3233,.T.);
#1388=ORIENTED_EDGE('',*,*,#2891,.F.);
#1389=ORIENTED_EDGE('',*,*,#3234,.F.);
#1390=ORIENTED_EDGE('',*,*,#3235,.F.);
#1391=ORIENTED_EDGE('',*,*,#3236,.F.);
#1392=ORIENTED_EDGE('',*,*,#3237,.F.);
#1393=ORIENTED_EDGE('',*,*,#3238,.T.);
#1394=ORIENTED_EDGE('',*,*,#2887,.F.);
#1395=ORIENTED_EDGE('',*,*,#3239,.F.);
#1396=ORIENTED_EDGE('',*,*,#3240,.F.);
#1397=ORIENTED_EDGE('',*,*,#3241,.F.);
#1398=ORIENTED_EDGE('',*,*,#3242,.F.);
#1399=ORIENTED_EDGE('',*,*,#3243,.T.);
#1400=ORIENTED_EDGE('',*,*,#2884,.F.);
#1401=ORIENTED_EDGE('',*,*,#3244,.F.);
#1402=ORIENTED_EDGE('',*,*,#3245,.F.);
#1403=ORIENTED_EDGE('',*,*,#3246,.F.);
#1404=ORIENTED_EDGE('',*,*,#3247,.F.);
#1405=ORIENTED_EDGE('',*,*,#3248,.T.);
#1406=ORIENTED_EDGE('',*,*,#2943,.F.);
#1407=ORIENTED_EDGE('',*,*,#3249,.F.);
#1408=ORIENTED_EDGE('',*,*,#3250,.F.);
#1409=ORIENTED_EDGE('',*,*,#3251,.F.);
#1410=ORIENTED_EDGE('',*,*,#3252,.F.);
#1411=ORIENTED_EDGE('',*,*,#3253,.T.);
#1412=ORIENTED_EDGE('',*,*,#2939,.F.);
#1413=ORIENTED_EDGE('',*,*,#3254,.F.);
#1414=ORIENTED_EDGE('',*,*,#3255,.F.);
#1415=ORIENTED_EDGE('',*,*,#3256,.F.);
#1416=ORIENTED_EDGE('',*,*,#3257,.F.);
#1417=ORIENTED_EDGE('',*,*,#3258,.T.);
#1418=ORIENTED_EDGE('',*,*,#2932,.F.);
#1419=ORIENTED_EDGE('',*,*,#3259,.F.);
#1420=ORIENTED_EDGE('',*,*,#3260,.F.);
#1421=ORIENTED_EDGE('',*,*,#3261,.F.);
#1422=ORIENTED_EDGE('',*,*,#3262,.F.);
#1423=ORIENTED_EDGE('',*,*,#3263,.T.);
#1424=ORIENTED_EDGE('',*,*,#2935,.F.);
#1425=ORIENTED_EDGE('',*,*,#3264,.F.);
#1426=ORIENTED_EDGE('',*,*,#3265,.F.);
#1427=ORIENTED_EDGE('',*,*,#3266,.F.);
#1428=ORIENTED_EDGE('',*,*,#3267,.F.);
#1429=ORIENTED_EDGE('',*,*,#3268,.T.);
#1430=ORIENTED_EDGE('',*,*,#2924,.F.);
#1431=ORIENTED_EDGE('',*,*,#3269,.F.);
#1432=ORIENTED_EDGE('',*,*,#3270,.F.);
#1433=ORIENTED_EDGE('',*,*,#3271,.F.);
#1434=ORIENTED_EDGE('',*,*,#3272,.F.);
#1435=ORIENTED_EDGE('',*,*,#3273,.T.);
#1436=ORIENTED_EDGE('',*,*,#2927,.F.);
#1437=ORIENTED_EDGE('',*,*,#3274,.F.);
#1438=ORIENTED_EDGE('',*,*,#3275,.F.);
#1439=ORIENTED_EDGE('',*,*,#3276,.F.);
#1440=ORIENTED_EDGE('',*,*,#3277,.F.);
#1441=ORIENTED_EDGE('',*,*,#3278,.T.);
#1442=ORIENTED_EDGE('',*,*,#2919,.F.);
#1443=ORIENTED_EDGE('',*,*,#3279,.F.);
#1444=ORIENTED_EDGE('',*,*,#3280,.F.);
#1445=ORIENTED_EDGE('',*,*,#3281,.F.);
#1446=ORIENTED_EDGE('',*,*,#3282,.F.);
#1447=ORIENTED_EDGE('',*,*,#3283,.T.);
#1448=ORIENTED_EDGE('',*,*,#2916,.F.);
#1449=ORIENTED_EDGE('',*,*,#3284,.F.);
#1450=ORIENTED_EDGE('',*,*,#3285,.F.);
#1451=ORIENTED_EDGE('',*,*,#3286,.F.);
#1452=ORIENTED_EDGE('',*,*,#3287,.F.);
#1453=ORIENTED_EDGE('',*,*,#3288,.T.);
#1454=ORIENTED_EDGE('',*,*,#3139,.F.);
#1455=ORIENTED_EDGE('',*,*,#3289,.F.);
#1456=ORIENTED_EDGE('',*,*,#3290,.F.);
#1457=ORIENTED_EDGE('',*,*,#3291,.F.);
#1458=ORIENTED_EDGE('',*,*,#3292,.F.);
#1459=ORIENTED_EDGE('',*,*,#3293,.T.);
#1460=ORIENTED_EDGE('',*,*,#2955,.F.);
#1461=ORIENTED_EDGE('',*,*,#3294,.F.);
#1462=ORIENTED_EDGE('',*,*,#3295,.F.);
#1463=ORIENTED_EDGE('',*,*,#3296,.F.);
#1464=ORIENTED_EDGE('',*,*,#3297,.F.);
#1465=ORIENTED_EDGE('',*,*,#3298,.T.);
#1466=ORIENTED_EDGE('',*,*,#2951,.F.);
#1467=ORIENTED_EDGE('',*,*,#3299,.F.);
#1468=ORIENTED_EDGE('',*,*,#3300,.F.);
#1469=ORIENTED_EDGE('',*,*,#3301,.F.);
#1470=ORIENTED_EDGE('',*,*,#3302,.F.);
#1471=ORIENTED_EDGE('',*,*,#3303,.T.);
#1472=ORIENTED_EDGE('',*,*,#2947,.F.);
#1473=ORIENTED_EDGE('',*,*,#3304,.F.);
#1474=ORIENTED_EDGE('',*,*,#3305,.F.);
#1475=ORIENTED_EDGE('',*,*,#3306,.F.);
#1476=ORIENTED_EDGE('',*,*,#3307,.F.);
#1477=ORIENTED_EDGE('',*,*,#3308,.T.);
#1478=ORIENTED_EDGE('',*,*,#2828,.F.);
#1479=ORIENTED_EDGE('',*,*,#3309,.F.);
#1480=ORIENTED_EDGE('',*,*,#3310,.F.);
#1481=ORIENTED_EDGE('',*,*,#3311,.F.);
#1482=ORIENTED_EDGE('',*,*,#3312,.F.);
#1483=ORIENTED_EDGE('',*,*,#3313,.T.);
#1484=ORIENTED_EDGE('',*,*,#2831,.F.);
#1485=ORIENTED_EDGE('',*,*,#3314,.F.);
#1486=ORIENTED_EDGE('',*,*,#3315,.F.);
#1487=ORIENTED_EDGE('',*,*,#3316,.F.);
#1488=ORIENTED_EDGE('',*,*,#3317,.F.);
#1489=ORIENTED_EDGE('',*,*,#3318,.T.);
#1490=ORIENTED_EDGE('',*,*,#2823,.F.);
#1491=ORIENTED_EDGE('',*,*,#3319,.F.);
#1492=ORIENTED_EDGE('',*,*,#3320,.F.);
#1493=ORIENTED_EDGE('',*,*,#3321,.F.);
#1494=ORIENTED_EDGE('',*,*,#2990,.T.);
#1495=ORIENTED_EDGE('',*,*,#3140,.T.);
#1496=ORIENTED_EDGE('',*,*,#3288,.F.);
#1497=ORIENTED_EDGE('',*,*,#3322,.F.);
#1498=ORIENTED_EDGE('',*,*,#3284,.T.);
#1499=ORIENTED_EDGE('',*,*,#2915,.F.);
#1500=ORIENTED_EDGE('',*,*,#2994,.F.);
#1501=ORIENTED_EDGE('',*,*,#3323,.F.);
#1502=ORIENTED_EDGE('',*,*,#3286,.T.);
#1503=ORIENTED_EDGE('',*,*,#3324,.F.);
#1504=ORIENTED_EDGE('',*,*,#2992,.F.);
#1505=ORIENTED_EDGE('',*,*,#3325,.F.);
#1506=ORIENTED_EDGE('',*,*,#2991,.T.);
#1507=ORIENTED_EDGE('',*,*,#3322,.T.);
#1508=ORIENTED_EDGE('',*,*,#3287,.T.);
#1509=ORIENTED_EDGE('',*,*,#3325,.T.);
#1510=ORIENTED_EDGE('',*,*,#2993,.T.);
#1511=ORIENTED_EDGE('',*,*,#3324,.T.);
#1512=ORIENTED_EDGE('',*,*,#3285,.T.);
#1513=ORIENTED_EDGE('',*,*,#3323,.T.);
#1514=ORIENTED_EDGE('',*,*,#2984,.T.);
#1515=ORIENTED_EDGE('',*,*,#2956,.T.);
#1516=ORIENTED_EDGE('',*,*,#3293,.F.);
#1517=ORIENTED_EDGE('',*,*,#3326,.F.);
#1518=ORIENTED_EDGE('',*,*,#3289,.T.);
#1519=ORIENTED_EDGE('',*,*,#3138,.F.);
#1520=ORIENTED_EDGE('',*,*,#2988,.F.);
#1521=ORIENTED_EDGE('',*,*,#3327,.F.);
#1522=ORIENTED_EDGE('',*,*,#3291,.T.);
#1523=ORIENTED_EDGE('',*,*,#3328,.F.);
#1524=ORIENTED_EDGE('',*,*,#2986,.F.);
#1525=ORIENTED_EDGE('',*,*,#3329,.F.);
#1526=ORIENTED_EDGE('',*,*,#2985,.T.);
#1527=ORIENTED_EDGE('',*,*,#3326,.T.);
#1528=ORIENTED_EDGE('',*,*,#3292,.T.);
#1529=ORIENTED_EDGE('',*,*,#3329,.T.);
#1530=ORIENTED_EDGE('',*,*,#2987,.T.);
#1531=ORIENTED_EDGE('',*,*,#3328,.T.);
#1532=ORIENTED_EDGE('',*,*,#3290,.T.);
#1533=ORIENTED_EDGE('',*,*,#3327,.T.);
#1534=ORIENTED_EDGE('',*,*,#2979,.T.);
#1535=ORIENTED_EDGE('',*,*,#2952,.T.);
#1536=ORIENTED_EDGE('',*,*,#3298,.F.);
#1537=ORIENTED_EDGE('',*,*,#3330,.F.);
#1538=ORIENTED_EDGE('',*,*,#3294,.T.);
#1539=ORIENTED_EDGE('',*,*,#2954,.F.);
#1540=ORIENTED_EDGE('',*,*,#2983,.F.);
#1541=ORIENTED_EDGE('',*,*,#3331,.F.);
#1542=ORIENTED_EDGE('',*,*,#3296,.T.);
#1543=ORIENTED_EDGE('',*,*,#3332,.F.);
#1544=ORIENTED_EDGE('',*,*,#2981,.F.);
#1545=ORIENTED_EDGE('',*,*,#3333,.F.);
#1546=ORIENTED_EDGE('',*,*,#2980,.T.);
#1547=ORIENTED_EDGE('',*,*,#3330,.T.);
#1548=ORIENTED_EDGE('',*,*,#3297,.T.);
#1549=ORIENTED_EDGE('',*,*,#3333,.T.);
#1550=ORIENTED_EDGE('',*,*,#2982,.T.);
#1551=ORIENTED_EDGE('',*,*,#3332,.T.);
#1552=ORIENTED_EDGE('',*,*,#3295,.T.);
#1553=ORIENTED_EDGE('',*,*,#3331,.T.);
#1554=ORIENTED_EDGE('',*,*,#2974,.T.);
#1555=ORIENTED_EDGE('',*,*,#2948,.T.);
#1556=ORIENTED_EDGE('',*,*,#3303,.F.);
#1557=ORIENTED_EDGE('',*,*,#3334,.F.);
#1558=ORIENTED_EDGE('',*,*,#3299,.T.);
#1559=ORIENTED_EDGE('',*,*,#2950,.F.);
#1560=ORIENTED_EDGE('',*,*,#2978,.F.);
#1561=ORIENTED_EDGE('',*,*,#3335,.F.);
#1562=ORIENTED_EDGE('',*,*,#3301,.T.);
#1563=ORIENTED_EDGE('',*,*,#3336,.F.);
#1564=ORIENTED_EDGE('',*,*,#2976,.F.);
#1565=ORIENTED_EDGE('',*,*,#3337,.F.);
#1566=ORIENTED_EDGE('',*,*,#2975,.T.);
#1567=ORIENTED_EDGE('',*,*,#3334,.T.);
#1568=ORIENTED_EDGE('',*,*,#3302,.T.);
#1569=ORIENTED_EDGE('',*,*,#3337,.T.);
#1570=ORIENTED_EDGE('',*,*,#2977,.T.);
#1571=ORIENTED_EDGE('',*,*,#3336,.T.);
#1572=ORIENTED_EDGE('',*,*,#3300,.T.);
#1573=ORIENTED_EDGE('',*,*,#3335,.T.);
#1574=ORIENTED_EDGE('',*,*,#3030,.T.);
#1575=ORIENTED_EDGE('',*,*,#2944,.T.);
#1576=ORIENTED_EDGE('',*,*,#3248,.F.);
#1577=ORIENTED_EDGE('',*,*,#3338,.F.);
#1578=ORIENTED_EDGE('',*,*,#3244,.T.);
#1579=ORIENTED_EDGE('',*,*,#2883,.F.);
#1580=ORIENTED_EDGE('',*,*,#3034,.F.);
#1581=ORIENTED_EDGE('',*,*,#3339,.F.);
#1582=ORIENTED_EDGE('',*,*,#3246,.T.);
#1583=ORIENTED_EDGE('',*,*,#3340,.F.);
#1584=ORIENTED_EDGE('',*,*,#3032,.F.);
#1585=ORIENTED_EDGE('',*,*,#3341,.F.);
#1586=ORIENTED_EDGE('',*,*,#3031,.T.);
#1587=ORIENTED_EDGE('',*,*,#3338,.T.);
#1588=ORIENTED_EDGE('',*,*,#3247,.T.);
#1589=ORIENTED_EDGE('',*,*,#3341,.T.);
#1590=ORIENTED_EDGE('',*,*,#3033,.T.);
#1591=ORIENTED_EDGE('',*,*,#3340,.T.);
#1592=ORIENTED_EDGE('',*,*,#3245,.T.);
#1593=ORIENTED_EDGE('',*,*,#3339,.T.);
#1594=ORIENTED_EDGE('',*,*,#3025,.T.);
#1595=ORIENTED_EDGE('',*,*,#2940,.T.);
#1596=ORIENTED_EDGE('',*,*,#3253,.F.);
#1597=ORIENTED_EDGE('',*,*,#3342,.F.);
#1598=ORIENTED_EDGE('',*,*,#3249,.T.);
#1599=ORIENTED_EDGE('',*,*,#2942,.F.);
#1600=ORIENTED_EDGE('',*,*,#3029,.F.);
#1601=ORIENTED_EDGE('',*,*,#3343,.F.);
#1602=ORIENTED_EDGE('',*,*,#3251,.T.);
#1603=ORIENTED_EDGE('',*,*,#3344,.F.);
#1604=ORIENTED_EDGE('',*,*,#3027,.F.);
#1605=ORIENTED_EDGE('',*,*,#3345,.F.);
#1606=ORIENTED_EDGE('',*,*,#3026,.T.);
#1607=ORIENTED_EDGE('',*,*,#3342,.T.);
#1608=ORIENTED_EDGE('',*,*,#3252,.T.);
#1609=ORIENTED_EDGE('',*,*,#3345,.T.);
#1610=ORIENTED_EDGE('',*,*,#3028,.T.);
#1611=ORIENTED_EDGE('',*,*,#3344,.T.);
#1612=ORIENTED_EDGE('',*,*,#3250,.T.);
#1613=ORIENTED_EDGE('',*,*,#3343,.T.);
#1614=ORIENTED_EDGE('',*,*,#3015,.T.);
#1615=ORIENTED_EDGE('',*,*,#2936,.T.);
#1616=ORIENTED_EDGE('',*,*,#3263,.F.);
#1617=ORIENTED_EDGE('',*,*,#3346,.F.);
#1618=ORIENTED_EDGE('',*,*,#3259,.T.);
#1619=ORIENTED_EDGE('',*,*,#2931,.F.);
#1620=ORIENTED_EDGE('',*,*,#3019,.F.);
#1621=ORIENTED_EDGE('',*,*,#3347,.F.);
#1622=ORIENTED_EDGE('',*,*,#3261,.T.);
#1623=ORIENTED_EDGE('',*,*,#3348,.F.);
#1624=ORIENTED_EDGE('',*,*,#3017,.F.);
#1625=ORIENTED_EDGE('',*,*,#3349,.F.);
#1626=ORIENTED_EDGE('',*,*,#3016,.T.);
#1627=ORIENTED_EDGE('',*,*,#3346,.T.);
#1628=ORIENTED_EDGE('',*,*,#3262,.T.);
#1629=ORIENTED_EDGE('',*,*,#3349,.T.);
#1630=ORIENTED_EDGE('',*,*,#3018,.T.);
#1631=ORIENTED_EDGE('',*,*,#3348,.T.);
#1632=ORIENTED_EDGE('',*,*,#3260,.T.);
#1633=ORIENTED_EDGE('',*,*,#3347,.T.);
#1634=ORIENTED_EDGE('',*,*,#3020,.T.);
#1635=ORIENTED_EDGE('',*,*,#2929,.T.);
#1636=ORIENTED_EDGE('',*,*,#3258,.F.);
#1637=ORIENTED_EDGE('',*,*,#3350,.F.);
#1638=ORIENTED_EDGE('',*,*,#3254,.T.);
#1639=ORIENTED_EDGE('',*,*,#2938,.F.);
#1640=ORIENTED_EDGE('',*,*,#3024,.F.);
#1641=ORIENTED_EDGE('',*,*,#3351,.F.);
#1642=ORIENTED_EDGE('',*,*,#3256,.T.);
#1643=ORIENTED_EDGE('',*,*,#3352,.F.);
#1644=ORIENTED_EDGE('',*,*,#3022,.F.);
#1645=ORIENTED_EDGE('',*,*,#3353,.F.);
#1646=ORIENTED_EDGE('',*,*,#3021,.T.);
#1647=ORIENTED_EDGE('',*,*,#3350,.T.);
#1648=ORIENTED_EDGE('',*,*,#3257,.T.);
#1649=ORIENTED_EDGE('',*,*,#3353,.T.);
#1650=ORIENTED_EDGE('',*,*,#3023,.T.);
#1651=ORIENTED_EDGE('',*,*,#3352,.T.);
#1652=ORIENTED_EDGE('',*,*,#3255,.T.);
#1653=ORIENTED_EDGE('',*,*,#3351,.T.);
#1654=ORIENTED_EDGE('',*,*,#3005,.T.);
#1655=ORIENTED_EDGE('',*,*,#2928,.T.);
#1656=ORIENTED_EDGE('',*,*,#3273,.F.);
#1657=ORIENTED_EDGE('',*,*,#3354,.F.);
#1658=ORIENTED_EDGE('',*,*,#3269,.T.);
#1659=ORIENTED_EDGE('',*,*,#2923,.F.);
#1660=ORIENTED_EDGE('',*,*,#3009,.F.);
#1661=ORIENTED_EDGE('',*,*,#3355,.F.);
#1662=ORIENTED_EDGE('',*,*,#3271,.T.);
#1663=ORIENTED_EDGE('',*,*,#3356,.F.);
#1664=ORIENTED_EDGE('',*,*,#3007,.F.);
#1665=ORIENTED_EDGE('',*,*,#3357,.F.);
#1666=ORIENTED_EDGE('',*,*,#3006,.T.);
#1667=ORIENTED_EDGE('',*,*,#3354,.T.);
#1668=ORIENTED_EDGE('',*,*,#3272,.T.);
#1669=ORIENTED_EDGE('',*,*,#3357,.T.);
#1670=ORIENTED_EDGE('',*,*,#3008,.T.);
#1671=ORIENTED_EDGE('',*,*,#3356,.T.);
#1672=ORIENTED_EDGE('',*,*,#3270,.T.);
#1673=ORIENTED_EDGE('',*,*,#3355,.T.);
#1674=ORIENTED_EDGE('',*,*,#3010,.T.);
#1675=ORIENTED_EDGE('',*,*,#2921,.T.);
#1676=ORIENTED_EDGE('',*,*,#3268,.F.);
#1677=ORIENTED_EDGE('',*,*,#3358,.F.);
#1678=ORIENTED_EDGE('',*,*,#3264,.T.);
#1679=ORIENTED_EDGE('',*,*,#2934,.F.);
#1680=ORIENTED_EDGE('',*,*,#3014,.F.);
#1681=ORIENTED_EDGE('',*,*,#3359,.F.);
#1682=ORIENTED_EDGE('',*,*,#3266,.T.);
#1683=ORIENTED_EDGE('',*,*,#3360,.F.);
#1684=ORIENTED_EDGE('',*,*,#3012,.F.);
#1685=ORIENTED_EDGE('',*,*,#3361,.F.);
#1686=ORIENTED_EDGE('',*,*,#3011,.T.);
#1687=ORIENTED_EDGE('',*,*,#3358,.T.);
#1688=ORIENTED_EDGE('',*,*,#3267,.T.);
#1689=ORIENTED_EDGE('',*,*,#3361,.T.);
#1690=ORIENTED_EDGE('',*,*,#3013,.T.);
#1691=ORIENTED_EDGE('',*,*,#3360,.T.);
#1692=ORIENTED_EDGE('',*,*,#3265,.T.);
#1693=ORIENTED_EDGE('',*,*,#3359,.T.);
#1694=ORIENTED_EDGE('',*,*,#3000,.T.);
#1695=ORIENTED_EDGE('',*,*,#2920,.T.);
#1696=ORIENTED_EDGE('',*,*,#3278,.F.);
#1697=ORIENTED_EDGE('',*,*,#3362,.F.);
#1698=ORIENTED_EDGE('',*,*,#3274,.T.);
#1699=ORIENTED_EDGE('',*,*,#2926,.F.);
#1700=ORIENTED_EDGE('',*,*,#3004,.F.);
#1701=ORIENTED_EDGE('',*,*,#3363,.F.);
#1702=ORIENTED_EDGE('',*,*,#3276,.T.);
#1703=ORIENTED_EDGE('',*,*,#3364,.F.);
#1704=ORIENTED_EDGE('',*,*,#3002,.F.);
#1705=ORIENTED_EDGE('',*,*,#3365,.F.);
#1706=ORIENTED_EDGE('',*,*,#3001,.T.);
#1707=ORIENTED_EDGE('',*,*,#3362,.T.);
#1708=ORIENTED_EDGE('',*,*,#3277,.T.);
#1709=ORIENTED_EDGE('',*,*,#3365,.T.);
#1710=ORIENTED_EDGE('',*,*,#3003,.T.);
#1711=ORIENTED_EDGE('',*,*,#3364,.T.);
#1712=ORIENTED_EDGE('',*,*,#3275,.T.);
#1713=ORIENTED_EDGE('',*,*,#3363,.T.);
#1714=ORIENTED_EDGE('',*,*,#2995,.T.);
#1715=ORIENTED_EDGE('',*,*,#2913,.T.);
#1716=ORIENTED_EDGE('',*,*,#3283,.F.);
#1717=ORIENTED_EDGE('',*,*,#3366,.F.);
#1718=ORIENTED_EDGE('',*,*,#3279,.T.);
#1719=ORIENTED_EDGE('',*,*,#2918,.F.);
#1720=ORIENTED_EDGE('',*,*,#2999,.F.);
#1721=ORIENTED_EDGE('',*,*,#3367,.F.);
#1722=ORIENTED_EDGE('',*,*,#3281,.T.);
#1723=ORIENTED_EDGE('',*,*,#3368,.F.);
#1724=ORIENTED_EDGE('',*,*,#2997,.F.);
#1725=ORIENTED_EDGE('',*,*,#3369,.F.);
#1726=ORIENTED_EDGE('',*,*,#2996,.T.);
#1727=ORIENTED_EDGE('',*,*,#3366,.T.);
#1728=ORIENTED_EDGE('',*,*,#3282,.T.);
#1729=ORIENTED_EDGE('',*,*,#3369,.T.);
#1730=ORIENTED_EDGE('',*,*,#2998,.T.);
#1731=ORIENTED_EDGE('',*,*,#3368,.T.);
#1732=ORIENTED_EDGE('',*,*,#3280,.T.);
#1733=ORIENTED_EDGE('',*,*,#3367,.T.);
#1734=ORIENTED_EDGE('',*,*,#3060,.T.);
#1735=ORIENTED_EDGE('',*,*,#2912,.T.);
#1736=ORIENTED_EDGE('',*,*,#3218,.F.);
#1737=ORIENTED_EDGE('',*,*,#3370,.F.);
#1738=ORIENTED_EDGE('',*,*,#3214,.T.);
#1739=ORIENTED_EDGE('',*,*,#2903,.F.);
#1740=ORIENTED_EDGE('',*,*,#3064,.F.);
#1741=ORIENTED_EDGE('',*,*,#3371,.F.);
#1742=ORIENTED_EDGE('',*,*,#3216,.T.);
#1743=ORIENTED_EDGE('',*,*,#3372,.F.);
#1744=ORIENTED_EDGE('',*,*,#3062,.F.);
#1745=ORIENTED_EDGE('',*,*,#3373,.F.);
#1746=ORIENTED_EDGE('',*,*,#3061,.T.);
#1747=ORIENTED_EDGE('',*,*,#3370,.T.);
#1748=ORIENTED_EDGE('',*,*,#3217,.T.);
#1749=ORIENTED_EDGE('',*,*,#3373,.T.);
#1750=ORIENTED_EDGE('',*,*,#3063,.T.);
#1751=ORIENTED_EDGE('',*,*,#3372,.T.);
#1752=ORIENTED_EDGE('',*,*,#3215,.T.);
#1753=ORIENTED_EDGE('',*,*,#3371,.T.);
#1754=ORIENTED_EDGE('',*,*,#3055,.T.);
#1755=ORIENTED_EDGE('',*,*,#2908,.T.);
#1756=ORIENTED_EDGE('',*,*,#3223,.F.);
#1757=ORIENTED_EDGE('',*,*,#3374,.F.);
#1758=ORIENTED_EDGE('',*,*,#3219,.T.);
#1759=ORIENTED_EDGE('',*,*,#2910,.F.);
#1760=ORIENTED_EDGE('',*,*,#3059,.F.);
#1761=ORIENTED_EDGE('',*,*,#3375,.F.);
#1762=ORIENTED_EDGE('',*,*,#3221,.T.);
#1763=ORIENTED_EDGE('',*,*,#3376,.F.);
#1764=ORIENTED_EDGE('',*,*,#3057,.F.);
#1765=ORIENTED_EDGE('',*,*,#3377,.F.);
#1766=ORIENTED_EDGE('',*,*,#3056,.T.);
#1767=ORIENTED_EDGE('',*,*,#3374,.T.);
#1768=ORIENTED_EDGE('',*,*,#3222,.T.);
#1769=ORIENTED_EDGE('',*,*,#3377,.T.);
#1770=ORIENTED_EDGE('',*,*,#3058,.T.);
#1771=ORIENTED_EDGE('',*,*,#3376,.T.);
#1772=ORIENTED_EDGE('',*,*,#3220,.T.);
#1773=ORIENTED_EDGE('',*,*,#3375,.T.);
#1774=ORIENTED_EDGE('',*,*,#3065,.T.);
#1775=ORIENTED_EDGE('',*,*,#2901,.T.);
#1776=ORIENTED_EDGE('',*,*,#3213,.F.);
#1777=ORIENTED_EDGE('',*,*,#3378,.F.);
#1778=ORIENTED_EDGE('',*,*,#3209,.T.);
#1779=ORIENTED_EDGE('',*,*,#2899,.F.);
#1780=ORIENTED_EDGE('',*,*,#3069,.F.);
#1781=ORIENTED_EDGE('',*,*,#3379,.F.);
#1782=ORIENTED_EDGE('',*,*,#3211,.T.);
#1783=ORIENTED_EDGE('',*,*,#3380,.F.);
#1784=ORIENTED_EDGE('',*,*,#3067,.F.);
#1785=ORIENTED_EDGE('',*,*,#3381,.F.);
#1786=ORIENTED_EDGE('',*,*,#3066,.T.);
#1787=ORIENTED_EDGE('',*,*,#3378,.T.);
#1788=ORIENTED_EDGE('',*,*,#3212,.T.);
#1789=ORIENTED_EDGE('',*,*,#3381,.T.);
#1790=ORIENTED_EDGE('',*,*,#3068,.T.);
#1791=ORIENTED_EDGE('',*,*,#3380,.T.);
#1792=ORIENTED_EDGE('',*,*,#3210,.T.);
#1793=ORIENTED_EDGE('',*,*,#3379,.T.);
#1794=ORIENTED_EDGE('',*,*,#3070,.T.);
#1795=ORIENTED_EDGE('',*,*,#2897,.T.);
#1796=ORIENTED_EDGE('',*,*,#3208,.F.);
#1797=ORIENTED_EDGE('',*,*,#3382,.F.);
#1798=ORIENTED_EDGE('',*,*,#3204,.T.);
#1799=ORIENTED_EDGE('',*,*,#2879,.F.);
#1800=ORIENTED_EDGE('',*,*,#3074,.F.);
#1801=ORIENTED_EDGE('',*,*,#3383,.F.);
#1802=ORIENTED_EDGE('',*,*,#3206,.T.);
#1803=ORIENTED_EDGE('',*,*,#3384,.F.);
#1804=ORIENTED_EDGE('',*,*,#3072,.F.);
#1805=ORIENTED_EDGE('',*,*,#3385,.F.);
#1806=ORIENTED_EDGE('',*,*,#3071,.T.);
#1807=ORIENTED_EDGE('',*,*,#3382,.T.);
#1808=ORIENTED_EDGE('',*,*,#3207,.T.);
#1809=ORIENTED_EDGE('',*,*,#3385,.T.);
#1810=ORIENTED_EDGE('',*,*,#3073,.T.);
#1811=ORIENTED_EDGE('',*,*,#3384,.T.);
#1812=ORIENTED_EDGE('',*,*,#3205,.T.);
#1813=ORIENTED_EDGE('',*,*,#3383,.T.);
#1814=ORIENTED_EDGE('',*,*,#3050,.T.);
#1815=ORIENTED_EDGE('',*,*,#2896,.T.);
#1816=ORIENTED_EDGE('',*,*,#3228,.F.);
#1817=ORIENTED_EDGE('',*,*,#3386,.F.);
#1818=ORIENTED_EDGE('',*,*,#3224,.T.);
#1819=ORIENTED_EDGE('',*,*,#2906,.F.);
#1820=ORIENTED_EDGE('',*,*,#3054,.F.);
#1821=ORIENTED_EDGE('',*,*,#3387,.F.);
#1822=ORIENTED_EDGE('',*,*,#3226,.T.);
#1823=ORIENTED_EDGE('',*,*,#3388,.F.);
#1824=ORIENTED_EDGE('',*,*,#3052,.F.);
#1825=ORIENTED_EDGE('',*,*,#3389,.F.);
#1826=ORIENTED_EDGE('',*,*,#3051,.T.);
#1827=ORIENTED_EDGE('',*,*,#3386,.T.);
#1828=ORIENTED_EDGE('',*,*,#3227,.T.);
#1829=ORIENTED_EDGE('',*,*,#3389,.T.);
#1830=ORIENTED_EDGE('',*,*,#3053,.T.);
#1831=ORIENTED_EDGE('',*,*,#3388,.T.);
#1832=ORIENTED_EDGE('',*,*,#3225,.T.);
#1833=ORIENTED_EDGE('',*,*,#3387,.T.);
#1834=ORIENTED_EDGE('',*,*,#3045,.T.);
#1835=ORIENTED_EDGE('',*,*,#2892,.T.);
#1836=ORIENTED_EDGE('',*,*,#3233,.F.);
#1837=ORIENTED_EDGE('',*,*,#3390,.F.);
#1838=ORIENTED_EDGE('',*,*,#3229,.T.);
#1839=ORIENTED_EDGE('',*,*,#2894,.F.);
#1840=ORIENTED_EDGE('',*,*,#3049,.F.);
#1841=ORIENTED_EDGE('',*,*,#3391,.F.);
#1842=ORIENTED_EDGE('',*,*,#3231,.T.);
#1843=ORIENTED_EDGE('',*,*,#3392,.F.);
#1844=ORIENTED_EDGE('',*,*,#3047,.F.);
#1845=ORIENTED_EDGE('',*,*,#3393,.F.);
#1846=ORIENTED_EDGE('',*,*,#3046,.T.);
#1847=ORIENTED_EDGE('',*,*,#3390,.T.);
#1848=ORIENTED_EDGE('',*,*,#3232,.T.);
#1849=ORIENTED_EDGE('',*,*,#3393,.T.);
#1850=ORIENTED_EDGE('',*,*,#3048,.T.);
#1851=ORIENTED_EDGE('',*,*,#3392,.T.);
#1852=ORIENTED_EDGE('',*,*,#3230,.T.);
#1853=ORIENTED_EDGE('',*,*,#3391,.T.);
#1854=ORIENTED_EDGE('',*,*,#3040,.T.);
#1855=ORIENTED_EDGE('',*,*,#2888,.T.);
#1856=ORIENTED_EDGE('',*,*,#3238,.F.);
#1857=ORIENTED_EDGE('',*,*,#3394,.F.);
#1858=ORIENTED_EDGE('',*,*,#3234,.T.);
#1859=ORIENTED_EDGE('',*,*,#2890,.F.);
#1860=ORIENTED_EDGE('',*,*,#3044,.F.);
#1861=ORIENTED_EDGE('',*,*,#3395,.F.);
#1862=ORIENTED_EDGE('',*,*,#3236,.T.);
#1863=ORIENTED_EDGE('',*,*,#3396,.F.);
#1864=ORIENTED_EDGE('',*,*,#3042,.F.);
#1865=ORIENTED_EDGE('',*,*,#3397,.F.);
#1866=ORIENTED_EDGE('',*,*,#3041,.T.);
#1867=ORIENTED_EDGE('',*,*,#3394,.T.);
#1868=ORIENTED_EDGE('',*,*,#3237,.T.);
#1869=ORIENTED_EDGE('',*,*,#3397,.T.);
#1870=ORIENTED_EDGE('',*,*,#3043,.T.);
#1871=ORIENTED_EDGE('',*,*,#3396,.T.);
#1872=ORIENTED_EDGE('',*,*,#3235,.T.);
#1873=ORIENTED_EDGE('',*,*,#3395,.T.);
#1874=ORIENTED_EDGE('',*,*,#3035,.T.);
#1875=ORIENTED_EDGE('',*,*,#2881,.T.);
#1876=ORIENTED_EDGE('',*,*,#3243,.F.);
#1877=ORIENTED_EDGE('',*,*,#3398,.F.);
#1878=ORIENTED_EDGE('',*,*,#3239,.T.);
#1879=ORIENTED_EDGE('',*,*,#2886,.F.);
#1880=ORIENTED_EDGE('',*,*,#3039,.F.);
#1881=ORIENTED_EDGE('',*,*,#3399,.F.);
#1882=ORIENTED_EDGE('',*,*,#3241,.T.);
#1883=ORIENTED_EDGE('',*,*,#3400,.F.);
#1884=ORIENTED_EDGE('',*,*,#3037,.F.);
#1885=ORIENTED_EDGE('',*,*,#3401,.F.);
#1886=ORIENTED_EDGE('',*,*,#3036,.T.);
#1887=ORIENTED_EDGE('',*,*,#3398,.T.);
#1888=ORIENTED_EDGE('',*,*,#3242,.T.);
#1889=ORIENTED_EDGE('',*,*,#3401,.T.);
#1890=ORIENTED_EDGE('',*,*,#3038,.T.);
#1891=ORIENTED_EDGE('',*,*,#3400,.T.);
#1892=ORIENTED_EDGE('',*,*,#3240,.T.);
#1893=ORIENTED_EDGE('',*,*,#3399,.T.);
#1894=ORIENTED_EDGE('',*,*,#3075,.T.);
#1895=ORIENTED_EDGE('',*,*,#2877,.T.);
#1896=ORIENTED_EDGE('',*,*,#3203,.F.);
#1897=ORIENTED_EDGE('',*,*,#3402,.F.);
#1898=ORIENTED_EDGE('',*,*,#3199,.T.);
#1899=ORIENTED_EDGE('',*,*,#2875,.F.);
#1900=ORIENTED_EDGE('',*,*,#3079,.F.);
#1901=ORIENTED_EDGE('',*,*,#3403,.F.);
#1902=ORIENTED_EDGE('',*,*,#3201,.T.);
#1903=ORIENTED_EDGE('',*,*,#3404,.F.);
#1904=ORIENTED_EDGE('',*,*,#3077,.F.);
#1905=ORIENTED_EDGE('',*,*,#3405,.F.);
#1906=ORIENTED_EDGE('',*,*,#3076,.T.);
#1907=ORIENTED_EDGE('',*,*,#3402,.T.);
#1908=ORIENTED_EDGE('',*,*,#3202,.T.);
#1909=ORIENTED_EDGE('',*,*,#3405,.T.);
#1910=ORIENTED_EDGE('',*,*,#3078,.T.);
#1911=ORIENTED_EDGE('',*,*,#3404,.T.);
#1912=ORIENTED_EDGE('',*,*,#3200,.T.);
#1913=ORIENTED_EDGE('',*,*,#3403,.T.);
#1914=ORIENTED_EDGE('',*,*,#3080,.T.);
#1915=ORIENTED_EDGE('',*,*,#2873,.T.);
#1916=ORIENTED_EDGE('',*,*,#3198,.F.);
#1917=ORIENTED_EDGE('',*,*,#3406,.F.);
#1918=ORIENTED_EDGE('',*,*,#3194,.T.);
#1919=ORIENTED_EDGE('',*,*,#2871,.F.);
#1920=ORIENTED_EDGE('',*,*,#3084,.F.);
#1921=ORIENTED_EDGE('',*,*,#3407,.F.);
#1922=ORIENTED_EDGE('',*,*,#3196,.T.);
#1923=ORIENTED_EDGE('',*,*,#3408,.F.);
#1924=ORIENTED_EDGE('',*,*,#3082,.F.);
#1925=ORIENTED_EDGE('',*,*,#3409,.F.);
#1926=ORIENTED_EDGE('',*,*,#3081,.T.);
#1927=ORIENTED_EDGE('',*,*,#3406,.T.);
#1928=ORIENTED_EDGE('',*,*,#3197,.T.);
#1929=ORIENTED_EDGE('',*,*,#3409,.T.);
#1930=ORIENTED_EDGE('',*,*,#3083,.T.);
#1931=ORIENTED_EDGE('',*,*,#3408,.T.);
#1932=ORIENTED_EDGE('',*,*,#3195,.T.);
#1933=ORIENTED_EDGE('',*,*,#3407,.T.);
#1934=ORIENTED_EDGE('',*,*,#3085,.T.);
#1935=ORIENTED_EDGE('',*,*,#2869,.T.);
#1936=ORIENTED_EDGE('',*,*,#3193,.F.);
#1937=ORIENTED_EDGE('',*,*,#3410,.F.);
#1938=ORIENTED_EDGE('',*,*,#3189,.T.);
#1939=ORIENTED_EDGE('',*,*,#2867,.F.);
#1940=ORIENTED_EDGE('',*,*,#3089,.F.);
#1941=ORIENTED_EDGE('',*,*,#3411,.F.);
#1942=ORIENTED_EDGE('',*,*,#3191,.T.);
#1943=ORIENTED_EDGE('',*,*,#3412,.F.);
#1944=ORIENTED_EDGE('',*,*,#3087,.F.);
#1945=ORIENTED_EDGE('',*,*,#3413,.F.);
#1946=ORIENTED_EDGE('',*,*,#3086,.T.);
#1947=ORIENTED_EDGE('',*,*,#3410,.T.);
#1948=ORIENTED_EDGE('',*,*,#3192,.T.);
#1949=ORIENTED_EDGE('',*,*,#3413,.T.);
#1950=ORIENTED_EDGE('',*,*,#3088,.T.);
#1951=ORIENTED_EDGE('',*,*,#3412,.T.);
#1952=ORIENTED_EDGE('',*,*,#3190,.T.);
#1953=ORIENTED_EDGE('',*,*,#3411,.T.);
#1954=ORIENTED_EDGE('',*,*,#3090,.T.);
#1955=ORIENTED_EDGE('',*,*,#2865,.T.);
#1956=ORIENTED_EDGE('',*,*,#3188,.F.);
#1957=ORIENTED_EDGE('',*,*,#3414,.F.);
#1958=ORIENTED_EDGE('',*,*,#3184,.T.);
#1959=ORIENTED_EDGE('',*,*,#2855,.F.);
#1960=ORIENTED_EDGE('',*,*,#3094,.F.);
#1961=ORIENTED_EDGE('',*,*,#3415,.F.);
#1962=ORIENTED_EDGE('',*,*,#3186,.T.);
#1963=ORIENTED_EDGE('',*,*,#3416,.F.);
#1964=ORIENTED_EDGE('',*,*,#3092,.F.);
#1965=ORIENTED_EDGE('',*,*,#3417,.F.);
#1966=ORIENTED_EDGE('',*,*,#3091,.T.);
#1967=ORIENTED_EDGE('',*,*,#3414,.T.);
#1968=ORIENTED_EDGE('',*,*,#3187,.T.);
#1969=ORIENTED_EDGE('',*,*,#3417,.T.);
#1970=ORIENTED_EDGE('',*,*,#3093,.T.);
#1971=ORIENTED_EDGE('',*,*,#3416,.T.);
#1972=ORIENTED_EDGE('',*,*,#3185,.T.);
#1973=ORIENTED_EDGE('',*,*,#3415,.T.);
#1974=ORIENTED_EDGE('',*,*,#3105,.T.);
#1975=ORIENTED_EDGE('',*,*,#2864,.T.);
#1976=ORIENTED_EDGE('',*,*,#3173,.F.);
#1977=ORIENTED_EDGE('',*,*,#3418,.F.);
#1978=ORIENTED_EDGE('',*,*,#3169,.T.);
#1979=ORIENTED_EDGE('',*,*,#2859,.F.);
#1980=ORIENTED_EDGE('',*,*,#3109,.F.);
#1981=ORIENTED_EDGE('',*,*,#3419,.F.);
#1982=ORIENTED_EDGE('',*,*,#3171,.T.);
#1983=ORIENTED_EDGE('',*,*,#3420,.F.);
#1984=ORIENTED_EDGE('',*,*,#3107,.F.);
#1985=ORIENTED_EDGE('',*,*,#3421,.F.);
#1986=ORIENTED_EDGE('',*,*,#3106,.T.);
#1987=ORIENTED_EDGE('',*,*,#3418,.T.);
#1988=ORIENTED_EDGE('',*,*,#3172,.T.);
#1989=ORIENTED_EDGE('',*,*,#3421,.T.);
#1990=ORIENTED_EDGE('',*,*,#3108,.T.);
#1991=ORIENTED_EDGE('',*,*,#3420,.T.);
#1992=ORIENTED_EDGE('',*,*,#3170,.T.);
#1993=ORIENTED_EDGE('',*,*,#3419,.T.);
#1994=ORIENTED_EDGE('',*,*,#3110,.T.);
#1995=ORIENTED_EDGE('',*,*,#2857,.T.);
#1996=ORIENTED_EDGE('',*,*,#3168,.F.);
#1997=ORIENTED_EDGE('',*,*,#3422,.F.);
#1998=ORIENTED_EDGE('',*,*,#3164,.T.);
#1999=ORIENTED_EDGE('',*,*,#2847,.F.);
#2000=ORIENTED_EDGE('',*,*,#3114,.F.);
#2001=ORIENTED_EDGE('',*,*,#3423,.F.);
#2002=ORIENTED_EDGE('',*,*,#3166,.T.);
#2003=ORIENTED_EDGE('',*,*,#3424,.F.);
#2004=ORIENTED_EDGE('',*,*,#3112,.F.);
#2005=ORIENTED_EDGE('',*,*,#3425,.F.);
#2006=ORIENTED_EDGE('',*,*,#3111,.T.);
#2007=ORIENTED_EDGE('',*,*,#3422,.T.);
#2008=ORIENTED_EDGE('',*,*,#3167,.T.);
#2009=ORIENTED_EDGE('',*,*,#3425,.T.);
#2010=ORIENTED_EDGE('',*,*,#3113,.T.);
#2011=ORIENTED_EDGE('',*,*,#3424,.T.);
#2012=ORIENTED_EDGE('',*,*,#3165,.T.);
#2013=ORIENTED_EDGE('',*,*,#3423,.T.);
#2014=ORIENTED_EDGE('',*,*,#3095,.T.);
#2015=ORIENTED_EDGE('',*,*,#2853,.T.);
#2016=ORIENTED_EDGE('',*,*,#3183,.F.);
#2017=ORIENTED_EDGE('',*,*,#3426,.F.);
#2018=ORIENTED_EDGE('',*,*,#3179,.T.);
#2019=ORIENTED_EDGE('',*,*,#2851,.F.);
#2020=ORIENTED_EDGE('',*,*,#3099,.F.);
#2021=ORIENTED_EDGE('',*,*,#3427,.F.);
#2022=ORIENTED_EDGE('',*,*,#3181,.T.);
#2023=ORIENTED_EDGE('',*,*,#3428,.F.);
#2024=ORIENTED_EDGE('',*,*,#3097,.F.);
#2025=ORIENTED_EDGE('',*,*,#3429,.F.);
#2026=ORIENTED_EDGE('',*,*,#3096,.T.);
#2027=ORIENTED_EDGE('',*,*,#3426,.T.);
#2028=ORIENTED_EDGE('',*,*,#3182,.T.);
#2029=ORIENTED_EDGE('',*,*,#3429,.T.);
#2030=ORIENTED_EDGE('',*,*,#3098,.T.);
#2031=ORIENTED_EDGE('',*,*,#3428,.T.);
#2032=ORIENTED_EDGE('',*,*,#3180,.T.);
#2033=ORIENTED_EDGE('',*,*,#3427,.T.);
#2034=ORIENTED_EDGE('',*,*,#3100,.T.);
#2035=ORIENTED_EDGE('',*,*,#2849,.T.);
#2036=ORIENTED_EDGE('',*,*,#3178,.F.);
#2037=ORIENTED_EDGE('',*,*,#3430,.F.);
#2038=ORIENTED_EDGE('',*,*,#3174,.T.);
#2039=ORIENTED_EDGE('',*,*,#2862,.F.);
#2040=ORIENTED_EDGE('',*,*,#3104,.F.);
#2041=ORIENTED_EDGE('',*,*,#3431,.F.);
#2042=ORIENTED_EDGE('',*,*,#3176,.T.);
#2043=ORIENTED_EDGE('',*,*,#3432,.F.);
#2044=ORIENTED_EDGE('',*,*,#3102,.F.);
#2045=ORIENTED_EDGE('',*,*,#3433,.F.);
#2046=ORIENTED_EDGE('',*,*,#3101,.T.);
#2047=ORIENTED_EDGE('',*,*,#3430,.T.);
#2048=ORIENTED_EDGE('',*,*,#3177,.T.);
#2049=ORIENTED_EDGE('',*,*,#3433,.T.);
#2050=ORIENTED_EDGE('',*,*,#3103,.T.);
#2051=ORIENTED_EDGE('',*,*,#3432,.T.);
#2052=ORIENTED_EDGE('',*,*,#3175,.T.);
#2053=ORIENTED_EDGE('',*,*,#3431,.T.);
#2054=ORIENTED_EDGE('',*,*,#3115,.T.);
#2055=ORIENTED_EDGE('',*,*,#2845,.T.);
#2056=ORIENTED_EDGE('',*,*,#3163,.F.);
#2057=ORIENTED_EDGE('',*,*,#3434,.F.);
#2058=ORIENTED_EDGE('',*,*,#3159,.T.);
#2059=ORIENTED_EDGE('',*,*,#2843,.F.);
#2060=ORIENTED_EDGE('',*,*,#3119,.F.);
#2061=ORIENTED_EDGE('',*,*,#3435,.F.);
#2062=ORIENTED_EDGE('',*,*,#3161,.T.);
#2063=ORIENTED_EDGE('',*,*,#3436,.F.);
#2064=ORIENTED_EDGE('',*,*,#3117,.F.);
#2065=ORIENTED_EDGE('',*,*,#3437,.F.);
#2066=ORIENTED_EDGE('',*,*,#3116,.T.);
#2067=ORIENTED_EDGE('',*,*,#3434,.T.);
#2068=ORIENTED_EDGE('',*,*,#3162,.T.);
#2069=ORIENTED_EDGE('',*,*,#3437,.T.);
#2070=ORIENTED_EDGE('',*,*,#3118,.T.);
#2071=ORIENTED_EDGE('',*,*,#3436,.T.);
#2072=ORIENTED_EDGE('',*,*,#3160,.T.);
#2073=ORIENTED_EDGE('',*,*,#3435,.T.);
#2074=ORIENTED_EDGE('',*,*,#3120,.T.);
#2075=ORIENTED_EDGE('',*,*,#2841,.T.);
#2076=ORIENTED_EDGE('',*,*,#3158,.F.);
#2077=ORIENTED_EDGE('',*,*,#3438,.F.);
#2078=ORIENTED_EDGE('',*,*,#3154,.T.);
#2079=ORIENTED_EDGE('',*,*,#2839,.F.);
#2080=ORIENTED_EDGE('',*,*,#3124,.F.);
#2081=ORIENTED_EDGE('',*,*,#3439,.F.);
#2082=ORIENTED_EDGE('',*,*,#3156,.T.);
#2083=ORIENTED_EDGE('',*,*,#3440,.F.);
#2084=ORIENTED_EDGE('',*,*,#3122,.F.);
#2085=ORIENTED_EDGE('',*,*,#3441,.F.);
#2086=ORIENTED_EDGE('',*,*,#3121,.T.);
#2087=ORIENTED_EDGE('',*,*,#3438,.T.);
#2088=ORIENTED_EDGE('',*,*,#3157,.T.);
#2089=ORIENTED_EDGE('',*,*,#3441,.T.);
#2090=ORIENTED_EDGE('',*,*,#3123,.T.);
#2091=ORIENTED_EDGE('',*,*,#3440,.T.);
#2092=ORIENTED_EDGE('',*,*,#3155,.T.);
#2093=ORIENTED_EDGE('',*,*,#3439,.T.);
#2094=ORIENTED_EDGE('',*,*,#3125,.T.);
#2095=ORIENTED_EDGE('',*,*,#2837,.T.);
#2096=ORIENTED_EDGE('',*,*,#3153,.F.);
#2097=ORIENTED_EDGE('',*,*,#3442,.F.);
#2098=ORIENTED_EDGE('',*,*,#3149,.T.);
#2099=ORIENTED_EDGE('',*,*,#2835,.F.);
#2100=ORIENTED_EDGE('',*,*,#3129,.F.);
#2101=ORIENTED_EDGE('',*,*,#3443,.F.);
#2102=ORIENTED_EDGE('',*,*,#3151,.T.);
#2103=ORIENTED_EDGE('',*,*,#3444,.F.);
#2104=ORIENTED_EDGE('',*,*,#3127,.F.);
#2105=ORIENTED_EDGE('',*,*,#3445,.F.);
#2106=ORIENTED_EDGE('',*,*,#3126,.T.);
#2107=ORIENTED_EDGE('',*,*,#3442,.T.);
#2108=ORIENTED_EDGE('',*,*,#3152,.T.);
#2109=ORIENTED_EDGE('',*,*,#3445,.T.);
#2110=ORIENTED_EDGE('',*,*,#3128,.T.);
#2111=ORIENTED_EDGE('',*,*,#3444,.T.);
#2112=ORIENTED_EDGE('',*,*,#3150,.T.);
#2113=ORIENTED_EDGE('',*,*,#3443,.T.);
#2114=ORIENTED_EDGE('',*,*,#3130,.T.);
#2115=ORIENTED_EDGE('',*,*,#2833,.T.);
#2116=ORIENTED_EDGE('',*,*,#3148,.F.);
#2117=ORIENTED_EDGE('',*,*,#3446,.F.);
#2118=ORIENTED_EDGE('',*,*,#3144,.T.);
#2119=ORIENTED_EDGE('',*,*,#2819,.F.);
#2120=ORIENTED_EDGE('',*,*,#3134,.F.);
#2121=ORIENTED_EDGE('',*,*,#3447,.F.);
#2122=ORIENTED_EDGE('',*,*,#3146,.T.);
#2123=ORIENTED_EDGE('',*,*,#3448,.F.);
#2124=ORIENTED_EDGE('',*,*,#3132,.F.);
#2125=ORIENTED_EDGE('',*,*,#3449,.F.);
#2126=ORIENTED_EDGE('',*,*,#3131,.T.);
#2127=ORIENTED_EDGE('',*,*,#3446,.T.);
#2128=ORIENTED_EDGE('',*,*,#3147,.T.);
#2129=ORIENTED_EDGE('',*,*,#3449,.T.);
#2130=ORIENTED_EDGE('',*,*,#3133,.T.);
#2131=ORIENTED_EDGE('',*,*,#3448,.T.);
#2132=ORIENTED_EDGE('',*,*,#3145,.T.);
#2133=ORIENTED_EDGE('',*,*,#3447,.T.);
#2134=ORIENTED_EDGE('',*,*,#2964,.T.);
#2135=ORIENTED_EDGE('',*,*,#2832,.T.);
#2136=ORIENTED_EDGE('',*,*,#3313,.F.);
#2137=ORIENTED_EDGE('',*,*,#3450,.F.);
#2138=ORIENTED_EDGE('',*,*,#3309,.T.);
#2139=ORIENTED_EDGE('',*,*,#2827,.F.);
#2140=ORIENTED_EDGE('',*,*,#2968,.F.);
#2141=ORIENTED_EDGE('',*,*,#3451,.F.);
#2142=ORIENTED_EDGE('',*,*,#3311,.T.);
#2143=ORIENTED_EDGE('',*,*,#3452,.F.);
#2144=ORIENTED_EDGE('',*,*,#2966,.F.);
#2145=ORIENTED_EDGE('',*,*,#3453,.F.);
#2146=ORIENTED_EDGE('',*,*,#2965,.T.);
#2147=ORIENTED_EDGE('',*,*,#3450,.T.);
#2148=ORIENTED_EDGE('',*,*,#3312,.T.);
#2149=ORIENTED_EDGE('',*,*,#3453,.T.);
#2150=ORIENTED_EDGE('',*,*,#2967,.T.);
#2151=ORIENTED_EDGE('',*,*,#3452,.T.);
#2152=ORIENTED_EDGE('',*,*,#3310,.T.);
#2153=ORIENTED_EDGE('',*,*,#3451,.T.);
#2154=ORIENTED_EDGE('',*,*,#2969,.T.);
#2155=ORIENTED_EDGE('',*,*,#2825,.T.);
#2156=ORIENTED_EDGE('',*,*,#3308,.F.);
#2157=ORIENTED_EDGE('',*,*,#3454,.F.);
#2158=ORIENTED_EDGE('',*,*,#3304,.T.);
#2159=ORIENTED_EDGE('',*,*,#2946,.F.);
#2160=ORIENTED_EDGE('',*,*,#2973,.F.);
#2161=ORIENTED_EDGE('',*,*,#3455,.F.);
#2162=ORIENTED_EDGE('',*,*,#3306,.T.);
#2163=ORIENTED_EDGE('',*,*,#3456,.F.);
#2164=ORIENTED_EDGE('',*,*,#2971,.F.);
#2165=ORIENTED_EDGE('',*,*,#3457,.F.);
#2166=ORIENTED_EDGE('',*,*,#2970,.T.);
#2167=ORIENTED_EDGE('',*,*,#3454,.T.);
#2168=ORIENTED_EDGE('',*,*,#3307,.T.);
#2169=ORIENTED_EDGE('',*,*,#3457,.T.);
#2170=ORIENTED_EDGE('',*,*,#2972,.T.);
#2171=ORIENTED_EDGE('',*,*,#3456,.T.);
#2172=ORIENTED_EDGE('',*,*,#3305,.T.);
#2173=ORIENTED_EDGE('',*,*,#3455,.T.);
#2174=ORIENTED_EDGE('',*,*,#2959,.T.);
#2175=ORIENTED_EDGE('',*,*,#2824,.T.);
#2176=ORIENTED_EDGE('',*,*,#3318,.F.);
#2177=ORIENTED_EDGE('',*,*,#3458,.F.);
#2178=ORIENTED_EDGE('',*,*,#3314,.T.);
#2179=ORIENTED_EDGE('',*,*,#2830,.F.);
#2180=ORIENTED_EDGE('',*,*,#2963,.F.);
#2181=ORIENTED_EDGE('',*,*,#3459,.F.);
#2182=ORIENTED_EDGE('',*,*,#3316,.T.);
#2183=ORIENTED_EDGE('',*,*,#3460,.F.);
#2184=ORIENTED_EDGE('',*,*,#2961,.F.);
#2185=ORIENTED_EDGE('',*,*,#3461,.F.);
#2186=ORIENTED_EDGE('',*,*,#2960,.T.);
#2187=ORIENTED_EDGE('',*,*,#3458,.T.);
#2188=ORIENTED_EDGE('',*,*,#3317,.T.);
#2189=ORIENTED_EDGE('',*,*,#3461,.T.);
#2190=ORIENTED_EDGE('',*,*,#2962,.T.);
#2191=ORIENTED_EDGE('',*,*,#3460,.T.);
#2192=ORIENTED_EDGE('',*,*,#3315,.T.);
#2193=ORIENTED_EDGE('',*,*,#3459,.T.);
#2194=ORIENTED_EDGE('',*,*,#3135,.T.);
#2195=ORIENTED_EDGE('',*,*,#2817,.T.);
#2196=ORIENTED_EDGE('',*,*,#3143,.F.);
#2197=ORIENTED_EDGE('',*,*,#3462,.F.);
#2198=ORIENTED_EDGE('',*,*,#3319,.T.);
#2199=ORIENTED_EDGE('',*,*,#2822,.F.);
#2200=ORIENTED_EDGE('',*,*,#2958,.F.);
#2201=ORIENTED_EDGE('',*,*,#3463,.F.);
#2202=ORIENTED_EDGE('',*,*,#3321,.T.);
#2203=ORIENTED_EDGE('',*,*,#3464,.F.);
#2204=ORIENTED_EDGE('',*,*,#3137,.F.);
#2205=ORIENTED_EDGE('',*,*,#3465,.F.);
#2206=ORIENTED_EDGE('',*,*,#3136,.T.);
#2207=ORIENTED_EDGE('',*,*,#3462,.T.);
#2208=ORIENTED_EDGE('',*,*,#3142,.T.);
#2209=ORIENTED_EDGE('',*,*,#3465,.T.);
#2210=ORIENTED_EDGE('',*,*,#2957,.T.);
#2211=ORIENTED_EDGE('',*,*,#3464,.T.);
#2212=ORIENTED_EDGE('',*,*,#3320,.T.);
#2213=ORIENTED_EDGE('',*,*,#3463,.T.);
#2214=ORIENTED_EDGE('',*,*,#3466,.T.);
#2215=ORIENTED_EDGE('',*,*,#3467,.T.);
#2216=ORIENTED_EDGE('',*,*,#3468,.T.);
#2217=ORIENTED_EDGE('',*,*,#3469,.T.);
#2218=ORIENTED_EDGE('',*,*,#3470,.T.);
#2219=ORIENTED_EDGE('',*,*,#3471,.T.);
#2220=ORIENTED_EDGE('',*,*,#3472,.F.);
#2221=ORIENTED_EDGE('',*,*,#3473,.F.);
#2222=ORIENTED_EDGE('',*,*,#3474,.T.);
#2223=ORIENTED_EDGE('',*,*,#3475,.T.);
#2224=ORIENTED_EDGE('',*,*,#3476,.T.);
#2225=ORIENTED_EDGE('',*,*,#3477,.T.);
#2226=ORIENTED_EDGE('',*,*,#3478,.T.);
#2227=ORIENTED_EDGE('',*,*,#3479,.T.);
#2228=ORIENTED_EDGE('',*,*,#3480,.F.);
#2229=ORIENTED_EDGE('',*,*,#3481,.F.);
#2230=ORIENTED_EDGE('',*,*,#3482,.T.);
#2231=ORIENTED_EDGE('',*,*,#3483,.T.);
#2232=ORIENTED_EDGE('',*,*,#3484,.T.);
#2233=ORIENTED_EDGE('',*,*,#3485,.T.);
#2234=ORIENTED_EDGE('',*,*,#3486,.T.);
#2235=ORIENTED_EDGE('',*,*,#3487,.T.);
#2236=ORIENTED_EDGE('',*,*,#3488,.F.);
#2237=ORIENTED_EDGE('',*,*,#3489,.F.);
#2238=ORIENTED_EDGE('',*,*,#3490,.T.);
#2239=ORIENTED_EDGE('',*,*,#3491,.T.);
#2240=ORIENTED_EDGE('',*,*,#3492,.T.);
#2241=ORIENTED_EDGE('',*,*,#3493,.T.);
#2242=ORIENTED_EDGE('',*,*,#3494,.T.);
#2243=ORIENTED_EDGE('',*,*,#3495,.T.);
#2244=ORIENTED_EDGE('',*,*,#3496,.F.);
#2245=ORIENTED_EDGE('',*,*,#3497,.F.);
#2246=ORIENTED_EDGE('',*,*,#3498,.T.);
#2247=ORIENTED_EDGE('',*,*,#3499,.T.);
#2248=ORIENTED_EDGE('',*,*,#3500,.T.);
#2249=ORIENTED_EDGE('',*,*,#3501,.T.);
#2250=ORIENTED_EDGE('',*,*,#3502,.T.);
#2251=ORIENTED_EDGE('',*,*,#3503,.T.);
#2252=ORIENTED_EDGE('',*,*,#3504,.F.);
#2253=ORIENTED_EDGE('',*,*,#3505,.F.);
#2254=ORIENTED_EDGE('',*,*,#3506,.T.);
#2255=ORIENTED_EDGE('',*,*,#3507,.T.);
#2256=ORIENTED_EDGE('',*,*,#3508,.T.);
#2257=ORIENTED_EDGE('',*,*,#3509,.T.);
#2258=ORIENTED_EDGE('',*,*,#3510,.T.);
#2259=ORIENTED_EDGE('',*,*,#3511,.T.);
#2260=ORIENTED_EDGE('',*,*,#3512,.F.);
#2261=ORIENTED_EDGE('',*,*,#3513,.F.);
#2262=ORIENTED_EDGE('',*,*,#3514,.T.);
#2263=ORIENTED_EDGE('',*,*,#3515,.T.);
#2264=ORIENTED_EDGE('',*,*,#3516,.T.);
#2265=ORIENTED_EDGE('',*,*,#3517,.T.);
#2266=ORIENTED_EDGE('',*,*,#3518,.T.);
#2267=ORIENTED_EDGE('',*,*,#3519,.T.);
#2268=ORIENTED_EDGE('',*,*,#3520,.F.);
#2269=ORIENTED_EDGE('',*,*,#3521,.F.);
#2270=ORIENTED_EDGE('',*,*,#3522,.T.);
#2271=ORIENTED_EDGE('',*,*,#3523,.T.);
#2272=ORIENTED_EDGE('',*,*,#3524,.T.);
#2273=ORIENTED_EDGE('',*,*,#3525,.T.);
#2274=ORIENTED_EDGE('',*,*,#3526,.T.);
#2275=ORIENTED_EDGE('',*,*,#3527,.T.);
#2276=ORIENTED_EDGE('',*,*,#3528,.F.);
#2277=ORIENTED_EDGE('',*,*,#3529,.F.);
#2278=ORIENTED_EDGE('',*,*,#3530,.T.);
#2279=ORIENTED_EDGE('',*,*,#3531,.T.);
#2280=ORIENTED_EDGE('',*,*,#3532,.T.);
#2281=ORIENTED_EDGE('',*,*,#3533,.T.);
#2282=ORIENTED_EDGE('',*,*,#3534,.T.);
#2283=ORIENTED_EDGE('',*,*,#3535,.T.);
#2284=ORIENTED_EDGE('',*,*,#3536,.F.);
#2285=ORIENTED_EDGE('',*,*,#3537,.F.);
#2286=ORIENTED_EDGE('',*,*,#3538,.T.);
#2287=ORIENTED_EDGE('',*,*,#3539,.T.);
#2288=ORIENTED_EDGE('',*,*,#3540,.T.);
#2289=ORIENTED_EDGE('',*,*,#3541,.T.);
#2290=ORIENTED_EDGE('',*,*,#3542,.T.);
#2291=ORIENTED_EDGE('',*,*,#3543,.T.);
#2292=ORIENTED_EDGE('',*,*,#3544,.F.);
#2293=ORIENTED_EDGE('',*,*,#3545,.F.);
#2294=ORIENTED_EDGE('',*,*,#3546,.T.);
#2295=ORIENTED_EDGE('',*,*,#3547,.T.);
#2296=ORIENTED_EDGE('',*,*,#3548,.T.);
#2297=ORIENTED_EDGE('',*,*,#3549,.T.);
#2298=ORIENTED_EDGE('',*,*,#3550,.T.);
#2299=ORIENTED_EDGE('',*,*,#3551,.T.);
#2300=ORIENTED_EDGE('',*,*,#3552,.F.);
#2301=ORIENTED_EDGE('',*,*,#3553,.F.);
#2302=ORIENTED_EDGE('',*,*,#3554,.T.);
#2303=ORIENTED_EDGE('',*,*,#3555,.T.);
#2304=ORIENTED_EDGE('',*,*,#3556,.T.);
#2305=ORIENTED_EDGE('',*,*,#3557,.T.);
#2306=ORIENTED_EDGE('',*,*,#3558,.T.);
#2307=ORIENTED_EDGE('',*,*,#3559,.T.);
#2308=ORIENTED_EDGE('',*,*,#3560,.F.);
#2309=ORIENTED_EDGE('',*,*,#3561,.F.);
#2310=ORIENTED_EDGE('',*,*,#3562,.T.);
#2311=ORIENTED_EDGE('',*,*,#3563,.T.);
#2312=ORIENTED_EDGE('',*,*,#3564,.T.);
#2313=ORIENTED_EDGE('',*,*,#3565,.T.);
#2314=ORIENTED_EDGE('',*,*,#3566,.T.);
#2315=ORIENTED_EDGE('',*,*,#3567,.T.);
#2316=ORIENTED_EDGE('',*,*,#3568,.F.);
#2317=ORIENTED_EDGE('',*,*,#3569,.F.);
#2318=ORIENTED_EDGE('',*,*,#3570,.T.);
#2319=ORIENTED_EDGE('',*,*,#3571,.T.);
#2320=ORIENTED_EDGE('',*,*,#3572,.T.);
#2321=ORIENTED_EDGE('',*,*,#3573,.T.);
#2322=ORIENTED_EDGE('',*,*,#3574,.T.);
#2323=ORIENTED_EDGE('',*,*,#3575,.T.);
#2324=ORIENTED_EDGE('',*,*,#3576,.F.);
#2325=ORIENTED_EDGE('',*,*,#3577,.F.);
#2326=ORIENTED_EDGE('',*,*,#3578,.T.);
#2327=ORIENTED_EDGE('',*,*,#3579,.T.);
#2328=ORIENTED_EDGE('',*,*,#3580,.T.);
#2329=ORIENTED_EDGE('',*,*,#3581,.T.);
#2330=ORIENTED_EDGE('',*,*,#3582,.T.);
#2331=ORIENTED_EDGE('',*,*,#3583,.T.);
#2332=ORIENTED_EDGE('',*,*,#3584,.F.);
#2333=ORIENTED_EDGE('',*,*,#3585,.F.);
#2334=ORIENTED_EDGE('',*,*,#3586,.T.);
#2335=ORIENTED_EDGE('',*,*,#3587,.T.);
#2336=ORIENTED_EDGE('',*,*,#3588,.T.);
#2337=ORIENTED_EDGE('',*,*,#3589,.T.);
#2338=ORIENTED_EDGE('',*,*,#3590,.T.);
#2339=ORIENTED_EDGE('',*,*,#3591,.T.);
#2340=ORIENTED_EDGE('',*,*,#3592,.F.);
#2341=ORIENTED_EDGE('',*,*,#3593,.F.);
#2342=ORIENTED_EDGE('',*,*,#3594,.T.);
#2343=ORIENTED_EDGE('',*,*,#3595,.T.);
#2344=ORIENTED_EDGE('',*,*,#3596,.T.);
#2345=ORIENTED_EDGE('',*,*,#3597,.T.);
#2346=ORIENTED_EDGE('',*,*,#3598,.T.);
#2347=ORIENTED_EDGE('',*,*,#3599,.T.);
#2348=ORIENTED_EDGE('',*,*,#3600,.F.);
#2349=ORIENTED_EDGE('',*,*,#3601,.F.);
#2350=ORIENTED_EDGE('',*,*,#3602,.T.);
#2351=ORIENTED_EDGE('',*,*,#3603,.T.);
#2352=ORIENTED_EDGE('',*,*,#3604,.T.);
#2353=ORIENTED_EDGE('',*,*,#3605,.T.);
#2354=ORIENTED_EDGE('',*,*,#3606,.T.);
#2355=ORIENTED_EDGE('',*,*,#3607,.T.);
#2356=ORIENTED_EDGE('',*,*,#3608,.F.);
#2357=ORIENTED_EDGE('',*,*,#3609,.F.);
#2358=ORIENTED_EDGE('',*,*,#3610,.T.);
#2359=ORIENTED_EDGE('',*,*,#3611,.T.);
#2360=ORIENTED_EDGE('',*,*,#3612,.T.);
#2361=ORIENTED_EDGE('',*,*,#3613,.T.);
#2362=ORIENTED_EDGE('',*,*,#3614,.T.);
#2363=ORIENTED_EDGE('',*,*,#3615,.T.);
#2364=ORIENTED_EDGE('',*,*,#3616,.F.);
#2365=ORIENTED_EDGE('',*,*,#3617,.F.);
#2366=ORIENTED_EDGE('',*,*,#3618,.T.);
#2367=ORIENTED_EDGE('',*,*,#3619,.T.);
#2368=ORIENTED_EDGE('',*,*,#3620,.T.);
#2369=ORIENTED_EDGE('',*,*,#3621,.T.);
#2370=ORIENTED_EDGE('',*,*,#3622,.T.);
#2371=ORIENTED_EDGE('',*,*,#3623,.T.);
#2372=ORIENTED_EDGE('',*,*,#3624,.F.);
#2373=ORIENTED_EDGE('',*,*,#3625,.F.);
#2374=ORIENTED_EDGE('',*,*,#3626,.F.);
#2375=ORIENTED_EDGE('',*,*,#3627,.T.);
#2376=ORIENTED_EDGE('',*,*,#3628,.T.);
#2377=ORIENTED_EDGE('',*,*,#3629,.T.);
#2378=ORIENTED_EDGE('',*,*,#3519,.F.);
#2379=ORIENTED_EDGE('',*,*,#3630,.F.);
#2380=ORIENTED_EDGE('',*,*,#3623,.F.);
#2381=ORIENTED_EDGE('',*,*,#3631,.F.);
#2382=ORIENTED_EDGE('',*,*,#3516,.F.);
#2383=ORIENTED_EDGE('',*,*,#3627,.F.);
#2384=ORIENTED_EDGE('',*,*,#3618,.F.);
#2385=ORIENTED_EDGE('',*,*,#3632,.F.);
#2386=ORIENTED_EDGE('',*,*,#3514,.F.);
#2387=ORIENTED_EDGE('',*,*,#3633,.F.);
#2388=ORIENTED_EDGE('',*,*,#3620,.F.);
#2389=ORIENTED_EDGE('',*,*,#3634,.F.);
#2390=ORIENTED_EDGE('',*,*,#3621,.F.);
#2391=ORIENTED_EDGE('',*,*,#3633,.T.);
#2392=ORIENTED_EDGE('',*,*,#3521,.T.);
#2393=ORIENTED_EDGE('',*,*,#3635,.T.);
#2394=ORIENTED_EDGE('',*,*,#3517,.F.);
#2395=ORIENTED_EDGE('',*,*,#3632,.T.);
#2396=ORIENTED_EDGE('',*,*,#3625,.T.);
#2397=ORIENTED_EDGE('',*,*,#3636,.F.);
#2398=ORIENTED_EDGE('',*,*,#3624,.T.);
#2399=ORIENTED_EDGE('',*,*,#3630,.T.);
#2400=ORIENTED_EDGE('',*,*,#3518,.F.);
#2401=ORIENTED_EDGE('',*,*,#3636,.T.);
#2402=ORIENTED_EDGE('',*,*,#3520,.T.);
#2403=ORIENTED_EDGE('',*,*,#3631,.T.);
#2404=ORIENTED_EDGE('',*,*,#3622,.F.);
#2405=ORIENTED_EDGE('',*,*,#3635,.F.);
#2406=ORIENTED_EDGE('',*,*,#3637,.F.);
#2407=ORIENTED_EDGE('',*,*,#3638,.T.);
#2408=ORIENTED_EDGE('',*,*,#3639,.T.);
#2409=ORIENTED_EDGE('',*,*,#3640,.T.);
#2410=ORIENTED_EDGE('',*,*,#3527,.F.);
#2411=ORIENTED_EDGE('',*,*,#3641,.F.);
#2412=ORIENTED_EDGE('',*,*,#3615,.F.);
#2413=ORIENTED_EDGE('',*,*,#3642,.F.);
#2414=ORIENTED_EDGE('',*,*,#3524,.F.);
#2415=ORIENTED_EDGE('',*,*,#3638,.F.);
#2416=ORIENTED_EDGE('',*,*,#3610,.F.);
#2417=ORIENTED_EDGE('',*,*,#3643,.F.);
#2418=ORIENTED_EDGE('',*,*,#3522,.F.);
#2419=ORIENTED_EDGE('',*,*,#3644,.F.);
#2420=ORIENTED_EDGE('',*,*,#3612,.F.);
#2421=ORIENTED_EDGE('',*,*,#3629,.F.);
#2422=ORIENTED_EDGE('',*,*,#3613,.F.);
#2423=ORIENTED_EDGE('',*,*,#3644,.T.);
#2424=ORIENTED_EDGE('',*,*,#3529,.T.);
#2425=ORIENTED_EDGE('',*,*,#3645,.T.);
#2426=ORIENTED_EDGE('',*,*,#3525,.F.);
#2427=ORIENTED_EDGE('',*,*,#3643,.T.);
#2428=ORIENTED_EDGE('',*,*,#3617,.T.);
#2429=ORIENTED_EDGE('',*,*,#3646,.F.);
#2430=ORIENTED_EDGE('',*,*,#3616,.T.);
#2431=ORIENTED_EDGE('',*,*,#3641,.T.);
#2432=ORIENTED_EDGE('',*,*,#3526,.F.);
#2433=ORIENTED_EDGE('',*,*,#3646,.T.);
#2434=ORIENTED_EDGE('',*,*,#3528,.T.);
#2435=ORIENTED_EDGE('',*,*,#3642,.T.);
#2436=ORIENTED_EDGE('',*,*,#3614,.F.);
#2437=ORIENTED_EDGE('',*,*,#3645,.F.);
#2438=ORIENTED_EDGE('',*,*,#3647,.F.);
#2439=ORIENTED_EDGE('',*,*,#3648,.T.);
#2440=ORIENTED_EDGE('',*,*,#3649,.T.);
#2441=ORIENTED_EDGE('',*,*,#3650,.T.);
#2442=ORIENTED_EDGE('',*,*,#3535,.F.);
#2443=ORIENTED_EDGE('',*,*,#3651,.F.);
#2444=ORIENTED_EDGE('',*,*,#3607,.F.);
#2445=ORIENTED_EDGE('',*,*,#3652,.F.);
#2446=ORIENTED_EDGE('',*,*,#3532,.F.);
#2447=ORIENTED_EDGE('',*,*,#3648,.F.);
#2448=ORIENTED_EDGE('',*,*,#3602,.F.);
#2449=ORIENTED_EDGE('',*,*,#3653,.F.);
#2450=ORIENTED_EDGE('',*,*,#3530,.F.);
#2451=ORIENTED_EDGE('',*,*,#3654,.F.);
#2452=ORIENTED_EDGE('',*,*,#3604,.F.);
#2453=ORIENTED_EDGE('',*,*,#3640,.F.);
#2454=ORIENTED_EDGE('',*,*,#3605,.F.);
#2455=ORIENTED_EDGE('',*,*,#3654,.T.);
#2456=ORIENTED_EDGE('',*,*,#3537,.T.);
#2457=ORIENTED_EDGE('',*,*,#3655,.T.);
#2458=ORIENTED_EDGE('',*,*,#3533,.F.);
#2459=ORIENTED_EDGE('',*,*,#3653,.T.);
#2460=ORIENTED_EDGE('',*,*,#3609,.T.);
#2461=ORIENTED_EDGE('',*,*,#3656,.F.);
#2462=ORIENTED_EDGE('',*,*,#3608,.T.);
#2463=ORIENTED_EDGE('',*,*,#3651,.T.);
#2464=ORIENTED_EDGE('',*,*,#3534,.F.);
#2465=ORIENTED_EDGE('',*,*,#3656,.T.);
#2466=ORIENTED_EDGE('',*,*,#3536,.T.);
#2467=ORIENTED_EDGE('',*,*,#3652,.T.);
#2468=ORIENTED_EDGE('',*,*,#3606,.F.);
#2469=ORIENTED_EDGE('',*,*,#3655,.F.);
#2470=ORIENTED_EDGE('',*,*,#3657,.F.);
#2471=ORIENTED_EDGE('',*,*,#3658,.T.);
#2472=ORIENTED_EDGE('',*,*,#3659,.T.);
#2473=ORIENTED_EDGE('',*,*,#3660,.T.);
#2474=ORIENTED_EDGE('',*,*,#3543,.F.);
#2475=ORIENTED_EDGE('',*,*,#3661,.F.);
#2476=ORIENTED_EDGE('',*,*,#3599,.F.);
#2477=ORIENTED_EDGE('',*,*,#3662,.F.);
#2478=ORIENTED_EDGE('',*,*,#3540,.F.);
#2479=ORIENTED_EDGE('',*,*,#3658,.F.);
#2480=ORIENTED_EDGE('',*,*,#3594,.F.);
#2481=ORIENTED_EDGE('',*,*,#3663,.F.);
#2482=ORIENTED_EDGE('',*,*,#3538,.F.);
#2483=ORIENTED_EDGE('',*,*,#3664,.F.);
#2484=ORIENTED_EDGE('',*,*,#3596,.F.);
#2485=ORIENTED_EDGE('',*,*,#3650,.F.);
#2486=ORIENTED_EDGE('',*,*,#3597,.F.);
#2487=ORIENTED_EDGE('',*,*,#3664,.T.);
#2488=ORIENTED_EDGE('',*,*,#3545,.T.);
#2489=ORIENTED_EDGE('',*,*,#3665,.T.);
#2490=ORIENTED_EDGE('',*,*,#3541,.F.);
#2491=ORIENTED_EDGE('',*,*,#3663,.T.);
#2492=ORIENTED_EDGE('',*,*,#3601,.T.);
#2493=ORIENTED_EDGE('',*,*,#3666,.F.);
#2494=ORIENTED_EDGE('',*,*,#3600,.T.);
#2495=ORIENTED_EDGE('',*,*,#3661,.T.);
#2496=ORIENTED_EDGE('',*,*,#3542,.F.);
#2497=ORIENTED_EDGE('',*,*,#3666,.T.);
#2498=ORIENTED_EDGE('',*,*,#3544,.T.);
#2499=ORIENTED_EDGE('',*,*,#3662,.T.);
#2500=ORIENTED_EDGE('',*,*,#3598,.F.);
#2501=ORIENTED_EDGE('',*,*,#3665,.F.);
#2502=ORIENTED_EDGE('',*,*,#3667,.F.);
#2503=ORIENTED_EDGE('',*,*,#3668,.T.);
#2504=ORIENTED_EDGE('',*,*,#3669,.T.);
#2505=ORIENTED_EDGE('',*,*,#3670,.T.);
#2506=ORIENTED_EDGE('',*,*,#3671,.F.);
#2507=ORIENTED_EDGE('',*,*,#3672,.F.);
#2508=ORIENTED_EDGE('',*,*,#3591,.F.);
#2509=ORIENTED_EDGE('',*,*,#3673,.F.);
#2510=ORIENTED_EDGE('',*,*,#3674,.F.);
#2511=ORIENTED_EDGE('',*,*,#3668,.F.);
#2512=ORIENTED_EDGE('',*,*,#3586,.F.);
#2513=ORIENTED_EDGE('',*,*,#3675,.F.);
#2514=ORIENTED_EDGE('',*,*,#3676,.F.);
#2515=ORIENTED_EDGE('',*,*,#3677,.F.);
#2516=ORIENTED_EDGE('',*,*,#3588,.F.);
#2517=ORIENTED_EDGE('',*,*,#3660,.F.);
#2518=ORIENTED_EDGE('',*,*,#3589,.F.);
#2519=ORIENTED_EDGE('',*,*,#3677,.T.);
#2520=ORIENTED_EDGE('',*,*,#3678,.T.);
#2521=ORIENTED_EDGE('',*,*,#3679,.T.);
#2522=ORIENTED_EDGE('',*,*,#3680,.F.);
#2523=ORIENTED_EDGE('',*,*,#3675,.T.);
#2524=ORIENTED_EDGE('',*,*,#3593,.T.);
#2525=ORIENTED_EDGE('',*,*,#3681,.F.);
#2526=ORIENTED_EDGE('',*,*,#3592,.T.);
#2527=ORIENTED_EDGE('',*,*,#3672,.T.);
#2528=ORIENTED_EDGE('',*,*,#3682,.F.);
#2529=ORIENTED_EDGE('',*,*,#3681,.T.);
#2530=ORIENTED_EDGE('',*,*,#3683,.T.);
#2531=ORIENTED_EDGE('',*,*,#3673,.T.);
#2532=ORIENTED_EDGE('',*,*,#3590,.F.);
#2533=ORIENTED_EDGE('',*,*,#3679,.F.);
#2534=ORIENTED_EDGE('',*,*,#3684,.F.);
#2535=ORIENTED_EDGE('',*,*,#3685,.T.);
#2536=ORIENTED_EDGE('',*,*,#3686,.T.);
#2537=ORIENTED_EDGE('',*,*,#3687,.T.);
#2538=ORIENTED_EDGE('',*,*,#3471,.F.);
#2539=ORIENTED_EDGE('',*,*,#3688,.F.);
#2540=ORIENTED_EDGE('',*,*,#3583,.F.);
#2541=ORIENTED_EDGE('',*,*,#3689,.F.);
#2542=ORIENTED_EDGE('',*,*,#3468,.F.);
#2543=ORIENTED_EDGE('',*,*,#3685,.F.);
#2544=ORIENTED_EDGE('',*,*,#3578,.F.);
#2545=ORIENTED_EDGE('',*,*,#3690,.F.);
#2546=ORIENTED_EDGE('',*,*,#3466,.F.);
#2547=ORIENTED_EDGE('',*,*,#3691,.F.);
#2548=ORIENTED_EDGE('',*,*,#3580,.F.);
#2549=ORIENTED_EDGE('',*,*,#3670,.F.);
#2550=ORIENTED_EDGE('',*,*,#3581,.F.);
#2551=ORIENTED_EDGE('',*,*,#3691,.T.);
#2552=ORIENTED_EDGE('',*,*,#3473,.T.);
#2553=ORIENTED_EDGE('',*,*,#3692,.T.);
#2554=ORIENTED_EDGE('',*,*,#3469,.F.);
#2555=ORIENTED_EDGE('',*,*,#3690,.T.);
#2556=ORIENTED_EDGE('',*,*,#3585,.T.);
#2557=ORIENTED_EDGE('',*,*,#3693,.F.);
#2558=ORIENTED_EDGE('',*,*,#3584,.T.);
#2559=ORIENTED_EDGE('',*,*,#3688,.T.);
#2560=ORIENTED_EDGE('',*,*,#3470,.F.);
#2561=ORIENTED_EDGE('',*,*,#3693,.T.);
#2562=ORIENTED_EDGE('',*,*,#3472,.T.);
#2563=ORIENTED_EDGE('',*,*,#3689,.T.);
#2564=ORIENTED_EDGE('',*,*,#3582,.F.);
#2565=ORIENTED_EDGE('',*,*,#3692,.F.);
#2566=ORIENTED_EDGE('',*,*,#3694,.F.);
#2567=ORIENTED_EDGE('',*,*,#3695,.T.);
#2568=ORIENTED_EDGE('',*,*,#3696,.T.);
#2569=ORIENTED_EDGE('',*,*,#3697,.T.);
#2570=ORIENTED_EDGE('',*,*,#3479,.F.);
#2571=ORIENTED_EDGE('',*,*,#3698,.F.);
#2572=ORIENTED_EDGE('',*,*,#3575,.F.);
#2573=ORIENTED_EDGE('',*,*,#3699,.F.);
#2574=ORIENTED_EDGE('',*,*,#3476,.F.);
#2575=ORIENTED_EDGE('',*,*,#3695,.F.);
#2576=ORIENTED_EDGE('',*,*,#3570,.F.);
#2577=ORIENTED_EDGE('',*,*,#3700,.F.);
#2578=ORIENTED_EDGE('',*,*,#3474,.F.);
#2579=ORIENTED_EDGE('',*,*,#3701,.F.);
#2580=ORIENTED_EDGE('',*,*,#3572,.F.);
#2581=ORIENTED_EDGE('',*,*,#3687,.F.);
#2582=ORIENTED_EDGE('',*,*,#3573,.F.);
#2583=ORIENTED_EDGE('',*,*,#3701,.T.);
#2584=ORIENTED_EDGE('',*,*,#3481,.T.);
#2585=ORIENTED_EDGE('',*,*,#3702,.T.);
#2586=ORIENTED_EDGE('',*,*,#3477,.F.);
#2587=ORIENTED_EDGE('',*,*,#3700,.T.);
#2588=ORIENTED_EDGE('',*,*,#3577,.T.);
#2589=ORIENTED_EDGE('',*,*,#3703,.F.);
#2590=ORIENTED_EDGE('',*,*,#3576,.T.);
#2591=ORIENTED_EDGE('',*,*,#3698,.T.);
#2592=ORIENTED_EDGE('',*,*,#3478,.F.);
#2593=ORIENTED_EDGE('',*,*,#3703,.T.);
#2594=ORIENTED_EDGE('',*,*,#3480,.T.);
#2595=ORIENTED_EDGE('',*,*,#3699,.T.);
#2596=ORIENTED_EDGE('',*,*,#3574,.F.);
#2597=ORIENTED_EDGE('',*,*,#3702,.F.);
#2598=ORIENTED_EDGE('',*,*,#3704,.F.);
#2599=ORIENTED_EDGE('',*,*,#3705,.T.);
#2600=ORIENTED_EDGE('',*,*,#3706,.T.);
#2601=ORIENTED_EDGE('',*,*,#3707,.T.);
#2602=ORIENTED_EDGE('',*,*,#3487,.F.);
#2603=ORIENTED_EDGE('',*,*,#3708,.F.);
#2604=ORIENTED_EDGE('',*,*,#3567,.F.);
#2605=ORIENTED_EDGE('',*,*,#3709,.F.);
#2606=ORIENTED_EDGE('',*,*,#3484,.F.);
#2607=ORIENTED_EDGE('',*,*,#3705,.F.);
#2608=ORIENTED_EDGE('',*,*,#3562,.F.);
#2609=ORIENTED_EDGE('',*,*,#3710,.F.);
#2610=ORIENTED_EDGE('',*,*,#3482,.F.);
#2611=ORIENTED_EDGE('',*,*,#3711,.F.);
#2612=ORIENTED_EDGE('',*,*,#3564,.F.);
#2613=ORIENTED_EDGE('',*,*,#3697,.F.);
#2614=ORIENTED_EDGE('',*,*,#3565,.F.);
#2615=ORIENTED_EDGE('',*,*,#3711,.T.);
#2616=ORIENTED_EDGE('',*,*,#3489,.T.);
#2617=ORIENTED_EDGE('',*,*,#3712,.T.);
#2618=ORIENTED_EDGE('',*,*,#3485,.F.);
#2619=ORIENTED_EDGE('',*,*,#3710,.T.);
#2620=ORIENTED_EDGE('',*,*,#3569,.T.);
#2621=ORIENTED_EDGE('',*,*,#3713,.F.);
#2622=ORIENTED_EDGE('',*,*,#3568,.T.);
#2623=ORIENTED_EDGE('',*,*,#3708,.T.);
#2624=ORIENTED_EDGE('',*,*,#3486,.F.);
#2625=ORIENTED_EDGE('',*,*,#3713,.T.);
#2626=ORIENTED_EDGE('',*,*,#3488,.T.);
#2627=ORIENTED_EDGE('',*,*,#3709,.T.);
#2628=ORIENTED_EDGE('',*,*,#3566,.F.);
#2629=ORIENTED_EDGE('',*,*,#3712,.F.);
#2630=ORIENTED_EDGE('',*,*,#3714,.F.);
#2631=ORIENTED_EDGE('',*,*,#3715,.T.);
#2632=ORIENTED_EDGE('',*,*,#3716,.T.);
#2633=ORIENTED_EDGE('',*,*,#3717,.T.);
#2634=ORIENTED_EDGE('',*,*,#3495,.F.);
#2635=ORIENTED_EDGE('',*,*,#3718,.F.);
#2636=ORIENTED_EDGE('',*,*,#3559,.F.);
#2637=ORIENTED_EDGE('',*,*,#3719,.F.);
#2638=ORIENTED_EDGE('',*,*,#3492,.F.);
#2639=ORIENTED_EDGE('',*,*,#3715,.F.);
#2640=ORIENTED_EDGE('',*,*,#3554,.F.);
#2641=ORIENTED_EDGE('',*,*,#3720,.F.);
#2642=ORIENTED_EDGE('',*,*,#3490,.F.);
#2643=ORIENTED_EDGE('',*,*,#3721,.F.);
#2644=ORIENTED_EDGE('',*,*,#3556,.F.);
#2645=ORIENTED_EDGE('',*,*,#3707,.F.);
#2646=ORIENTED_EDGE('',*,*,#3557,.F.);
#2647=ORIENTED_EDGE('',*,*,#3721,.T.);
#2648=ORIENTED_EDGE('',*,*,#3497,.T.);
#2649=ORIENTED_EDGE('',*,*,#3722,.T.);
#2650=ORIENTED_EDGE('',*,*,#3493,.F.);
#2651=ORIENTED_EDGE('',*,*,#3720,.T.);
#2652=ORIENTED_EDGE('',*,*,#3561,.T.);
#2653=ORIENTED_EDGE('',*,*,#3723,.F.);
#2654=ORIENTED_EDGE('',*,*,#3560,.T.);
#2655=ORIENTED_EDGE('',*,*,#3718,.T.);
#2656=ORIENTED_EDGE('',*,*,#3494,.F.);
#2657=ORIENTED_EDGE('',*,*,#3723,.T.);
#2658=ORIENTED_EDGE('',*,*,#3496,.T.);
#2659=ORIENTED_EDGE('',*,*,#3719,.T.);
#2660=ORIENTED_EDGE('',*,*,#3558,.F.);
#2661=ORIENTED_EDGE('',*,*,#3722,.F.);
#2662=ORIENTED_EDGE('',*,*,#3724,.F.);
#2663=ORIENTED_EDGE('',*,*,#3725,.T.);
#2664=ORIENTED_EDGE('',*,*,#3726,.T.);
#2665=ORIENTED_EDGE('',*,*,#3727,.T.);
#2666=ORIENTED_EDGE('',*,*,#3503,.F.);
#2667=ORIENTED_EDGE('',*,*,#3728,.F.);
#2668=ORIENTED_EDGE('',*,*,#3551,.F.);
#2669=ORIENTED_EDGE('',*,*,#3729,.F.);
#2670=ORIENTED_EDGE('',*,*,#3500,.F.);
#2671=ORIENTED_EDGE('',*,*,#3725,.F.);
#2672=ORIENTED_EDGE('',*,*,#3546,.F.);
#2673=ORIENTED_EDGE('',*,*,#3730,.F.);
#2674=ORIENTED_EDGE('',*,*,#3498,.F.);
#2675=ORIENTED_EDGE('',*,*,#3731,.F.);
#2676=ORIENTED_EDGE('',*,*,#3548,.F.);
#2677=ORIENTED_EDGE('',*,*,#3717,.F.);
#2678=ORIENTED_EDGE('',*,*,#3549,.F.);
#2679=ORIENTED_EDGE('',*,*,#3731,.T.);
#2680=ORIENTED_EDGE('',*,*,#3505,.T.);
#2681=ORIENTED_EDGE('',*,*,#3732,.T.);
#2682=ORIENTED_EDGE('',*,*,#3501,.F.);
#2683=ORIENTED_EDGE('',*,*,#3730,.T.);
#2684=ORIENTED_EDGE('',*,*,#3553,.T.);
#2685=ORIENTED_EDGE('',*,*,#3733,.F.);
#2686=ORIENTED_EDGE('',*,*,#3552,.T.);
#2687=ORIENTED_EDGE('',*,*,#3728,.T.);
#2688=ORIENTED_EDGE('',*,*,#3502,.F.);
#2689=ORIENTED_EDGE('',*,*,#3733,.T.);
#2690=ORIENTED_EDGE('',*,*,#3504,.T.);
#2691=ORIENTED_EDGE('',*,*,#3729,.T.);
#2692=ORIENTED_EDGE('',*,*,#3550,.F.);
#2693=ORIENTED_EDGE('',*,*,#3732,.F.);
#2694=ORIENTED_EDGE('',*,*,#3734,.F.);
#2695=ORIENTED_EDGE('',*,*,#3735,.T.);
#2696=ORIENTED_EDGE('',*,*,#3736,.T.);
#2697=ORIENTED_EDGE('',*,*,#3634,.T.);
#2698=ORIENTED_EDGE('',*,*,#3737,.F.);
#2699=ORIENTED_EDGE('',*,*,#3738,.T.);
#2700=ORIENTED_EDGE('',*,*,#3513,.T.);
#2701=ORIENTED_EDGE('',*,*,#3739,.T.);
#2702=ORIENTED_EDGE('',*,*,#3509,.F.);
#2703=ORIENTED_EDGE('',*,*,#3740,.T.);
#2704=ORIENTED_EDGE('',*,*,#3741,.T.);
#2705=ORIENTED_EDGE('',*,*,#3742,.F.);
#2706=ORIENTED_EDGE('',*,*,#3743,.T.);
#2707=ORIENTED_EDGE('',*,*,#3744,.T.);
#2708=ORIENTED_EDGE('',*,*,#3510,.F.);
#2709=ORIENTED_EDGE('',*,*,#3742,.T.);
#2710=ORIENTED_EDGE('',*,*,#3512,.T.);
#2711=ORIENTED_EDGE('',*,*,#3745,.T.);
#2712=ORIENTED_EDGE('',*,*,#3746,.F.);
#2713=ORIENTED_EDGE('',*,*,#3739,.F.);
#2714=ORIENTED_EDGE('',*,*,#3506,.F.);
#2715=ORIENTED_EDGE('',*,*,#3738,.F.);
#2716=ORIENTED_EDGE('',*,*,#3747,.F.);
#2717=ORIENTED_EDGE('',*,*,#3727,.F.);
#2718=ORIENTED_EDGE('',*,*,#3508,.F.);
#2719=ORIENTED_EDGE('',*,*,#3735,.F.);
#2720=ORIENTED_EDGE('',*,*,#3748,.F.);
#2721=ORIENTED_EDGE('',*,*,#3740,.F.);
#2722=ORIENTED_EDGE('',*,*,#3511,.F.);
#2723=ORIENTED_EDGE('',*,*,#3744,.F.);
#2724=ORIENTED_EDGE('',*,*,#3749,.F.);
#2725=ORIENTED_EDGE('',*,*,#3745,.F.);
#2726=ORIENTED_EDGE('',*,*,#3750,.F.);
#2727=ORIENTED_EDGE('',*,*,#3751,.F.);
#2728=ORIENTED_EDGE('',*,*,#3676,.T.);
#2729=ORIENTED_EDGE('',*,*,#3752,.T.);
#2730=ORIENTED_EDGE('',*,*,#3674,.T.);
#2731=ORIENTED_EDGE('',*,*,#3680,.T.);
#2732=ORIENTED_EDGE('',*,*,#3682,.T.);
#2733=ORIENTED_EDGE('',*,*,#3671,.T.);
#2734=ORIENTED_EDGE('',*,*,#3683,.F.);
#2735=ORIENTED_EDGE('',*,*,#3678,.F.);
#2736=ORIENTED_EDGE('',*,*,#3748,.T.);
#2737=ORIENTED_EDGE('',*,*,#3753,.T.);
#2738=ORIENTED_EDGE('',*,*,#3747,.T.);
#2739=ORIENTED_EDGE('',*,*,#3737,.T.);
#2740=ORIENTED_EDGE('',*,*,#3746,.T.);
#2741=ORIENTED_EDGE('',*,*,#3749,.T.);
#2742=ORIENTED_EDGE('',*,*,#3743,.F.);
#2743=ORIENTED_EDGE('',*,*,#3741,.F.);
#2744=ORIENTED_EDGE('',*,*,#3547,.F.);
#2745=ORIENTED_EDGE('',*,*,#3724,.T.);
#2746=ORIENTED_EDGE('',*,*,#3753,.F.);
#2747=ORIENTED_EDGE('',*,*,#3734,.T.);
#2748=ORIENTED_EDGE('',*,*,#3619,.F.);
#2749=ORIENTED_EDGE('',*,*,#3626,.T.);
#2750=ORIENTED_EDGE('',*,*,#3611,.F.);
#2751=ORIENTED_EDGE('',*,*,#3637,.T.);
#2752=ORIENTED_EDGE('',*,*,#3603,.F.);
#2753=ORIENTED_EDGE('',*,*,#3647,.T.);
#2754=ORIENTED_EDGE('',*,*,#3595,.F.);
#2755=ORIENTED_EDGE('',*,*,#3657,.T.);
#2756=ORIENTED_EDGE('',*,*,#3587,.F.);
#2757=ORIENTED_EDGE('',*,*,#3667,.T.);
#2758=ORIENTED_EDGE('',*,*,#3579,.F.);
#2759=ORIENTED_EDGE('',*,*,#3684,.T.);
#2760=ORIENTED_EDGE('',*,*,#3571,.F.);
#2761=ORIENTED_EDGE('',*,*,#3694,.T.);
#2762=ORIENTED_EDGE('',*,*,#3563,.F.);
#2763=ORIENTED_EDGE('',*,*,#3704,.T.);
#2764=ORIENTED_EDGE('',*,*,#3555,.F.);
#2765=ORIENTED_EDGE('',*,*,#3714,.T.);
#2766=ORIENTED_EDGE('',*,*,#3141,.F.);
#2767=ORIENTED_EDGE('',*,*,#3751,.T.);
#2768=ORIENTED_EDGE('',*,*,#3686,.F.);
#2769=ORIENTED_EDGE('',*,*,#3467,.F.);
#2770=ORIENTED_EDGE('',*,*,#3669,.F.);
#2771=ORIENTED_EDGE('',*,*,#3752,.F.);
#2772=ORIENTED_EDGE('',*,*,#3659,.F.);
#2773=ORIENTED_EDGE('',*,*,#3539,.F.);
#2774=ORIENTED_EDGE('',*,*,#3649,.F.);
#2775=ORIENTED_EDGE('',*,*,#3531,.F.);
#2776=ORIENTED_EDGE('',*,*,#3639,.F.);
#2777=ORIENTED_EDGE('',*,*,#3523,.F.);
#2778=ORIENTED_EDGE('',*,*,#3628,.F.);
#2779=ORIENTED_EDGE('',*,*,#3515,.F.);
#2780=ORIENTED_EDGE('',*,*,#3736,.F.);
#2781=ORIENTED_EDGE('',*,*,#3507,.F.);
#2782=ORIENTED_EDGE('',*,*,#3726,.F.);
#2783=ORIENTED_EDGE('',*,*,#3499,.F.);
#2784=ORIENTED_EDGE('',*,*,#3716,.F.);
#2785=ORIENTED_EDGE('',*,*,#3491,.F.);
#2786=ORIENTED_EDGE('',*,*,#3706,.F.);
#2787=ORIENTED_EDGE('',*,*,#3483,.F.);
#2788=ORIENTED_EDGE('',*,*,#3696,.F.);
#2789=ORIENTED_EDGE('',*,*,#3475,.F.);
#2790=ORIENTED_EDGE('',*,*,#3754,.F.);
#2791=ORIENTED_EDGE('',*,*,#3750,.T.);
#2792=ORIENTED_EDGE('',*,*,#2816,.F.);
#2793=ORIENTED_EDGE('',*,*,#2813,.F.);
#2794=ORIENTED_EDGE('',*,*,#2810,.F.);
#2795=ORIENTED_EDGE('',*,*,#2807,.F.);
#2796=ORIENTED_EDGE('',*,*,#2804,.F.);
#2797=ORIENTED_EDGE('',*,*,#2801,.F.);
#2798=ORIENTED_EDGE('',*,*,#3754,.T.);
#2799=EDGE_CURVE('',#3755,#3756,#4379,.T.);
#2800=EDGE_CURVE('',#3757,#3756,#4380,.T.);
#2801=EDGE_CURVE('',#3757,#3758,#4381,.T.);
#2802=EDGE_CURVE('',#3758,#3755,#4382,.T.);
#2803=EDGE_CURVE('',#3759,#3755,#4383,.T.);
#2804=EDGE_CURVE('',#3758,#3760,#4384,.T.);
#2805=EDGE_CURVE('',#3760,#3759,#4385,.T.);
#2806=EDGE_CURVE('',#3761,#3759,#4386,.T.);
#2807=EDGE_CURVE('',#3760,#3762,#4387,.T.);
#2808=EDGE_CURVE('',#3762,#3761,#4388,.T.);
#2809=EDGE_CURVE('',#3763,#3761,#4389,.T.);
#2810=EDGE_CURVE('',#3762,#3764,#4390,.T.);
#2811=EDGE_CURVE('',#3764,#3763,#4391,.T.);
#2812=EDGE_CURVE('',#3765,#3763,#4392,.T.);
#2813=EDGE_CURVE('',#3764,#3766,#4393,.T.);
#2814=EDGE_CURVE('',#3766,#3765,#4394,.T.);
#2815=EDGE_CURVE('',#3756,#3765,#4395,.T.);
#2816=EDGE_CURVE('',#3766,#3757,#4396,.T.);
#2817=EDGE_CURVE('',#3767,#3768,#4397,.T.);
#2818=EDGE_CURVE('',#3769,#3767,#230,.T.);
#2819=EDGE_CURVE('',#3769,#3770,#4398,.T.);
#2820=EDGE_CURVE('',#3770,#3768,#231,.T.);
#2821=EDGE_CURVE('',#3771,#3772,#232,.T.);
#2822=EDGE_CURVE('',#3771,#3773,#4399,.T.);
#2823=EDGE_CURVE('',#3773,#3774,#233,.T.);
#2824=EDGE_CURVE('',#3772,#3774,#4400,.T.);
#2825=EDGE_CURVE('',#3775,#3776,#4401,.T.);
#2826=EDGE_CURVE('',#3777,#3775,#234,.T.);
#2827=EDGE_CURVE('',#3777,#3778,#4402,.T.);
#2828=EDGE_CURVE('',#3778,#3776,#235,.T.);
#2829=EDGE_CURVE('',#3779,#3780,#236,.T.);
#2830=EDGE_CURVE('',#3779,#3781,#4403,.T.);
#2831=EDGE_CURVE('',#3781,#3782,#237,.T.);
#2832=EDGE_CURVE('',#3780,#3782,#4404,.T.);
#2833=EDGE_CURVE('',#3783,#3784,#4405,.T.);
#2834=EDGE_CURVE('',#3785,#3783,#238,.T.);
#2835=EDGE_CURVE('',#3785,#3786,#4406,.T.);
#2836=EDGE_CURVE('',#3786,#3784,#239,.T.);
#2837=EDGE_CURVE('',#3787,#3788,#4407,.T.);
#2838=EDGE_CURVE('',#3789,#3787,#240,.T.);
#2839=EDGE_CURVE('',#3789,#3790,#4408,.T.);
#2840=EDGE_CURVE('',#3790,#3788,#241,.T.);
#2841=EDGE_CURVE('',#3791,#3792,#4409,.T.);
#2842=EDGE_CURVE('',#3793,#3791,#242,.T.);
#2843=EDGE_CURVE('',#3793,#3794,#4410,.T.);
#2844=EDGE_CURVE('',#3794,#3792,#243,.T.);
#2845=EDGE_CURVE('',#3795,#3796,#4411,.T.);
#2846=EDGE_CURVE('',#3797,#3795,#244,.T.);
#2847=EDGE_CURVE('',#3797,#3798,#4412,.T.);
#2848=EDGE_CURVE('',#3798,#3796,#245,.T.);
#2849=EDGE_CURVE('',#3799,#3800,#4413,.T.);
#2850=EDGE_CURVE('',#3801,#3799,#246,.T.);
#2851=EDGE_CURVE('',#3801,#3802,#4414,.T.);
#2852=EDGE_CURVE('',#3802,#3800,#247,.T.);
#2853=EDGE_CURVE('',#3803,#3804,#4415,.T.);
#2854=EDGE_CURVE('',#3805,#3803,#248,.T.);
#2855=EDGE_CURVE('',#3805,#3806,#4416,.T.);
#2856=EDGE_CURVE('',#3806,#3804,#249,.T.);
#2857=EDGE_CURVE('',#3807,#3808,#4417,.T.);
#2858=EDGE_CURVE('',#3809,#3807,#250,.T.);
#2859=EDGE_CURVE('',#3809,#3810,#4418,.T.);
#2860=EDGE_CURVE('',#3810,#3808,#251,.T.);
#2861=EDGE_CURVE('',#3811,#3812,#252,.T.);
#2862=EDGE_CURVE('',#3811,#3813,#4419,.T.);
#2863=EDGE_CURVE('',#3813,#3814,#253,.T.);
#2864=EDGE_CURVE('',#3812,#3814,#4420,.T.);
#2865=EDGE_CURVE('',#3815,#3816,#4421,.T.);
#2866=EDGE_CURVE('',#3817,#3815,#254,.T.);
#2867=EDGE_CURVE('',#3817,#3818,#4422,.T.);
#2868=EDGE_CURVE('',#3818,#3816,#255,.T.);
#2869=EDGE_CURVE('',#3819,#3820,#4423,.T.);
#2870=EDGE_CURVE('',#3821,#3819,#256,.T.);
#2871=EDGE_CURVE('',#3821,#3822,#4424,.T.);
#2872=EDGE_CURVE('',#3822,#3820,#257,.T.);
#2873=EDGE_CURVE('',#3823,#3824,#4425,.T.);
#2874=EDGE_CURVE('',#3825,#3823,#258,.T.);
#2875=EDGE_CURVE('',#3825,#3826,#4426,.T.);
#2876=EDGE_CURVE('',#3826,#3824,#259,.T.);
#2877=EDGE_CURVE('',#3827,#3828,#4427,.T.);
#2878=EDGE_CURVE('',#3829,#3827,#260,.T.);
#2879=EDGE_CURVE('',#3829,#3830,#4428,.T.);
#2880=EDGE_CURVE('',#3830,#3828,#261,.T.);
#2881=EDGE_CURVE('',#3831,#3832,#4429,.T.);
#2882=EDGE_CURVE('',#3833,#3831,#262,.T.);
#2883=EDGE_CURVE('',#3833,#3834,#4430,.T.);
#2884=EDGE_CURVE('',#3834,#3832,#263,.T.);
#2885=EDGE_CURVE('',#3835,#3836,#264,.T.);
#2886=EDGE_CURVE('',#3835,#3837,#4431,.T.);
#2887=EDGE_CURVE('',#3837,#3838,#265,.T.);
#2888=EDGE_CURVE('',#3836,#3838,#4432,.T.);
#2889=EDGE_CURVE('',#3839,#3840,#266,.T.);
#2890=EDGE_CURVE('',#3839,#3841,#4433,.T.);
#2891=EDGE_CURVE('',#3841,#3842,#267,.T.);
#2892=EDGE_CURVE('',#3840,#3842,#4434,.T.);
#2893=EDGE_CURVE('',#3843,#3844,#268,.T.);
#2894=EDGE_CURVE('',#3843,#3845,#4435,.T.);
#2895=EDGE_CURVE('',#3845,#3846,#269,.T.);
#2896=EDGE_CURVE('',#3844,#3846,#4436,.T.);
#2897=EDGE_CURVE('',#3847,#3848,#4437,.T.);
#2898=EDGE_CURVE('',#3849,#3847,#270,.T.);
#2899=EDGE_CURVE('',#3849,#3850,#4438,.T.);
#2900=EDGE_CURVE('',#3850,#3848,#271,.T.);
#2901=EDGE_CURVE('',#3851,#3852,#4439,.T.);
#2902=EDGE_CURVE('',#3853,#3851,#272,.T.);
#2903=EDGE_CURVE('',#3853,#3854,#4440,.T.);
#2904=EDGE_CURVE('',#3854,#3852,#273,.T.);
#2905=EDGE_CURVE('',#3855,#3856,#274,.T.);
#2906=EDGE_CURVE('',#3855,#3857,#4441,.T.);
#2907=EDGE_CURVE('',#3857,#3858,#275,.T.);
#2908=EDGE_CURVE('',#3856,#3858,#4442,.T.);
#2909=EDGE_CURVE('',#3859,#3860,#276,.T.);
#2910=EDGE_CURVE('',#3859,#3861,#4443,.T.);
#2911=EDGE_CURVE('',#3861,#3862,#277,.T.);
#2912=EDGE_CURVE('',#3860,#3862,#4444,.T.);
#2913=EDGE_CURVE('',#3863,#3864,#4445,.T.);
#2914=EDGE_CURVE('',#3865,#3863,#278,.T.);
#2915=EDGE_CURVE('',#3865,#3866,#4446,.T.);
#2916=EDGE_CURVE('',#3866,#3864,#279,.T.);
#2917=EDGE_CURVE('',#3867,#3868,#280,.T.);
#2918=EDGE_CURVE('',#3867,#3869,#4447,.T.);
#2919=EDGE_CURVE('',#3869,#3870,#281,.T.);
#2920=EDGE_CURVE('',#3868,#3870,#4448,.T.);
#2921=EDGE_CURVE('',#3871,#3872,#4449,.T.);
#2922=EDGE_CURVE('',#3873,#3871,#282,.T.);
#2923=EDGE_CURVE('',#3873,#3874,#4450,.T.);
#2924=EDGE_CURVE('',#3874,#3872,#283,.T.);
#2925=EDGE_CURVE('',#3875,#3876,#284,.T.);
#2926=EDGE_CURVE('',#3875,#3877,#4451,.T.);
#2927=EDGE_CURVE('',#3877,#3878,#285,.T.);
#2928=EDGE_CURVE('',#3876,#3878,#4452,.T.);
#2929=EDGE_CURVE('',#3879,#3880,#4453,.T.);
#2930=EDGE_CURVE('',#3881,#3879,#286,.T.);
#2931=EDGE_CURVE('',#3881,#3882,#4454,.T.);
#2932=EDGE_CURVE('',#3882,#3880,#287,.T.);
#2933=EDGE_CURVE('',#3883,#3884,#288,.T.);
#2934=EDGE_CURVE('',#3883,#3885,#4455,.T.);
#2935=EDGE_CURVE('',#3885,#3886,#289,.T.);
#2936=EDGE_CURVE('',#3884,#3886,#4456,.T.);
#2937=EDGE_CURVE('',#3887,#3888,#290,.T.);
#2938=EDGE_CURVE('',#3887,#3889,#4457,.T.);
#2939=EDGE_CURVE('',#3889,#3890,#291,.T.);
#2940=EDGE_CURVE('',#3888,#3890,#4458,.T.);
#2941=EDGE_CURVE('',#3891,#3892,#292,.T.);
#2942=EDGE_CURVE('',#3891,#3893,#4459,.T.);
#2943=EDGE_CURVE('',#3893,#3894,#293,.T.);
#2944=EDGE_CURVE('',#3892,#3894,#4460,.T.);
#2945=EDGE_CURVE('',#3895,#3896,#294,.T.);
#2946=EDGE_CURVE('',#3895,#3897,#4461,.T.);
#2947=EDGE_CURVE('',#3897,#3898,#295,.T.);
#2948=EDGE_CURVE('',#3896,#3898,#4462,.T.);
#2949=EDGE_CURVE('',#3899,#3900,#296,.T.);
#2950=EDGE_CURVE('',#3899,#3901,#4463,.T.);
#2951=EDGE_CURVE('',#3901,#3902,#297,.T.);
#2952=EDGE_CURVE('',#3900,#3902,#4464,.T.);
#2953=EDGE_CURVE('',#3903,#3904,#298,.T.);
#2954=EDGE_CURVE('',#3903,#3905,#4465,.T.);
#2955=EDGE_CURVE('',#3905,#3906,#299,.T.);
#2956=EDGE_CURVE('',#3904,#3906,#4466,.T.);
#2957=EDGE_CURVE('',#3907,#3908,#300,.T.);
#2958=EDGE_CURVE('',#3907,#3771,#86,.T.);
#2959=EDGE_CURVE('',#3909,#3772,#87,.T.);
#2960=EDGE_CURVE('',#3910,#3909,#301,.T.);
#2961=EDGE_CURVE('',#3910,#3911,#302,.T.);
#2962=EDGE_CURVE('',#3912,#3911,#303,.T.);
#2963=EDGE_CURVE('',#3912,#3779,#88,.T.);
#2964=EDGE_CURVE('',#3913,#3780,#89,.T.);
#2965=EDGE_CURVE('',#3914,#3913,#304,.T.);
#2966=EDGE_CURVE('',#3914,#3915,#305,.T.);
#2967=EDGE_CURVE('',#3916,#3915,#306,.T.);
#2968=EDGE_CURVE('',#3916,#3777,#90,.T.);
#2969=EDGE_CURVE('',#3917,#3775,#91,.T.);
#2970=EDGE_CURVE('',#3918,#3917,#307,.T.);
#2971=EDGE_CURVE('',#3918,#3919,#308,.T.);
#2972=EDGE_CURVE('',#3920,#3919,#309,.T.);
#2973=EDGE_CURVE('',#3920,#3895,#92,.T.);
#2974=EDGE_CURVE('',#3921,#3896,#93,.T.);
#2975=EDGE_CURVE('',#3922,#3921,#310,.T.);
#2976=EDGE_CURVE('',#3922,#3923,#311,.T.);
#2977=EDGE_CURVE('',#3924,#3923,#312,.T.);
#2978=EDGE_CURVE('',#3924,#3899,#94,.T.);
#2979=EDGE_CURVE('',#3925,#3900,#95,.T.);
#2980=EDGE_CURVE('',#3926,#3925,#313,.T.);
#2981=EDGE_CURVE('',#3926,#3927,#314,.T.);
#2982=EDGE_CURVE('',#3928,#3927,#315,.T.);
#2983=EDGE_CURVE('',#3928,#3903,#96,.T.);
#2984=EDGE_CURVE('',#3929,#3904,#97,.T.);
#2985=EDGE_CURVE('',#3930,#3929,#316,.T.);
#2986=EDGE_CURVE('',#3930,#3931,#317,.T.);
#2987=EDGE_CURVE('',#3932,#3931,#318,.T.);
#2988=EDGE_CURVE('',#3932,#3933,#98,.T.);
#2989=EDGE_CURVE('',#3933,#3934,#319,.T.);
#2990=EDGE_CURVE('',#3935,#3934,#99,.T.);
#2991=EDGE_CURVE('',#3936,#3935,#320,.T.);
#2992=EDGE_CURVE('',#3936,#3937,#321,.T.);
#2993=EDGE_CURVE('',#3938,#3937,#322,.T.);
#2994=EDGE_CURVE('',#3938,#3865,#100,.T.);
#2995=EDGE_CURVE('',#3939,#3863,#101,.T.);
#2996=EDGE_CURVE('',#3940,#3939,#323,.T.);
#2997=EDGE_CURVE('',#3940,#3941,#324,.T.);
#2998=EDGE_CURVE('',#3942,#3941,#325,.T.);
#2999=EDGE_CURVE('',#3942,#3867,#102,.T.);
#3000=EDGE_CURVE('',#3943,#3868,#103,.T.);
#3001=EDGE_CURVE('',#3944,#3943,#326,.T.);
#3002=EDGE_CURVE('',#3944,#3945,#327,.T.);
#3003=EDGE_CURVE('',#3946,#3945,#328,.T.);
#3004=EDGE_CURVE('',#3946,#3875,#104,.T.);
#3005=EDGE_CURVE('',#3947,#3876,#105,.T.);
#3006=EDGE_CURVE('',#3948,#3947,#329,.T.);
#3007=EDGE_CURVE('',#3948,#3949,#330,.T.);
#3008=EDGE_CURVE('',#3950,#3949,#331,.T.);
#3009=EDGE_CURVE('',#3950,#3873,#106,.T.);
#3010=EDGE_CURVE('',#3951,#3871,#107,.T.);
#3011=EDGE_CURVE('',#3952,#3951,#332,.T.);
#3012=EDGE_CURVE('',#3952,#3953,#333,.T.);
#3013=EDGE_CURVE('',#3954,#3953,#334,.T.);
#3014=EDGE_CURVE('',#3954,#3883,#108,.T.);
#3015=EDGE_CURVE('',#3955,#3884,#109,.T.);
#3016=EDGE_CURVE('',#3956,#3955,#335,.T.);
#3017=EDGE_CURVE('',#3956,#3957,#336,.T.);
#3018=EDGE_CURVE('',#3958,#3957,#337,.T.);
#3019=EDGE_CURVE('',#3958,#3881,#110,.T.);
#3020=EDGE_CURVE('',#3959,#3879,#111,.T.);
#3021=EDGE_CURVE('',#3960,#3959,#338,.T.);
#3022=EDGE_CURVE('',#3960,#3961,#339,.T.);
#3023=EDGE_CURVE('',#3962,#3961,#340,.T.);
#3024=EDGE_CURVE('',#3962,#3887,#112,.T.);
#3025=EDGE_CURVE('',#3963,#3888,#113,.T.);
#3026=EDGE_CURVE('',#3964,#3963,#341,.T.);
#3027=EDGE_CURVE('',#3964,#3965,#342,.T.);
#3028=EDGE_CURVE('',#3966,#3965,#343,.T.);
#3029=EDGE_CURVE('',#3966,#3891,#114,.T.);
#3030=EDGE_CURVE('',#3967,#3892,#115,.T.);
#3031=EDGE_CURVE('',#3968,#3967,#344,.T.);
#3032=EDGE_CURVE('',#3968,#3969,#345,.T.);
#3033=EDGE_CURVE('',#3970,#3969,#346,.T.);
#3034=EDGE_CURVE('',#3970,#3833,#116,.T.);
#3035=EDGE_CURVE('',#3971,#3831,#117,.T.);
#3036=EDGE_CURVE('',#3972,#3971,#347,.T.);
#3037=EDGE_CURVE('',#3972,#3973,#348,.T.);
#3038=EDGE_CURVE('',#3974,#3973,#349,.T.);
#3039=EDGE_CURVE('',#3974,#3835,#118,.T.);
#3040=EDGE_CURVE('',#3975,#3836,#119,.T.);
#3041=EDGE_CURVE('',#3976,#3975,#350,.T.);
#3042=EDGE_CURVE('',#3976,#3977,#351,.T.);
#3043=EDGE_CURVE('',#3978,#3977,#352,.T.);
#3044=EDGE_CURVE('',#3978,#3839,#120,.T.);
#3045=EDGE_CURVE('',#3979,#3840,#121,.T.);
#3046=EDGE_CURVE('',#3980,#3979,#353,.T.);
#3047=EDGE_CURVE('',#3980,#3981,#354,.T.);
#3048=EDGE_CURVE('',#3982,#3981,#355,.T.);
#3049=EDGE_CURVE('',#3982,#3843,#122,.T.);
#3050=EDGE_CURVE('',#3983,#3844,#123,.T.);
#3051=EDGE_CURVE('',#3984,#3983,#356,.T.);
#3052=EDGE_CURVE('',#3984,#3985,#357,.T.);
#3053=EDGE_CURVE('',#3986,#3985,#358,.T.);
#3054=EDGE_CURVE('',#3986,#3855,#124,.T.);
#3055=EDGE_CURVE('',#3987,#3856,#125,.T.);
#3056=EDGE_CURVE('',#3988,#3987,#359,.T.);
#3057=EDGE_CURVE('',#3988,#3989,#360,.T.);
#3058=EDGE_CURVE('',#3990,#3989,#361,.T.);
#3059=EDGE_CURVE('',#3990,#3859,#126,.T.);
#3060=EDGE_CURVE('',#3991,#3860,#127,.T.);
#3061=EDGE_CURVE('',#3992,#3991,#362,.T.);
#3062=EDGE_CURVE('',#3992,#3993,#363,.T.);
#3063=EDGE_CURVE('',#3994,#3993,#364,.T.);
#3064=EDGE_CURVE('',#3994,#3853,#128,.T.);
#3065=EDGE_CURVE('',#3995,#3851,#129,.T.);
#3066=EDGE_CURVE('',#3996,#3995,#365,.T.);
#3067=EDGE_CURVE('',#3996,#3997,#366,.T.);
#3068=EDGE_CURVE('',#3998,#3997,#367,.T.);
#3069=EDGE_CURVE('',#3998,#3849,#130,.T.);
#3070=EDGE_CURVE('',#3999,#3847,#131,.T.);
#3071=EDGE_CURVE('',#4000,#3999,#368,.T.);
#3072=EDGE_CURVE('',#4000,#4001,#369,.T.);
#3073=EDGE_CURVE('',#4002,#4001,#370,.T.);
#3074=EDGE_CURVE('',#4002,#3829,#132,.T.);
#3075=EDGE_CURVE('',#4003,#3827,#133,.T.);
#3076=EDGE_CURVE('',#4004,#4003,#371,.T.);
#3077=EDGE_CURVE('',#4004,#4005,#372,.T.);
#3078=EDGE_CURVE('',#4006,#4005,#373,.T.);
#3079=EDGE_CURVE('',#4006,#3825,#134,.T.);
#3080=EDGE_CURVE('',#4007,#3823,#135,.T.);
#3081=EDGE_CURVE('',#4008,#4007,#374,.T.);
#3082=EDGE_CURVE('',#4008,#4009,#375,.T.);
#3083=EDGE_CURVE('',#4010,#4009,#376,.T.);
#3084=EDGE_CURVE('',#4010,#3821,#136,.T.);
#3085=EDGE_CURVE('',#4011,#3819,#137,.T.);
#3086=EDGE_CURVE('',#4012,#4011,#377,.T.);
#3087=EDGE_CURVE('',#4012,#4013,#378,.T.);
#3088=EDGE_CURVE('',#4014,#4013,#379,.T.);
#3089=EDGE_CURVE('',#4014,#3817,#138,.T.);
#3090=EDGE_CURVE('',#4015,#3815,#139,.T.);
#3091=EDGE_CURVE('',#4016,#4015,#380,.T.);
#3092=EDGE_CURVE('',#4016,#4017,#381,.T.);
#3093=EDGE_CURVE('',#4018,#4017,#382,.T.);
#3094=EDGE_CURVE('',#4018,#3805,#140,.T.);
#3095=EDGE_CURVE('',#4019,#3803,#141,.T.);
#3096=EDGE_CURVE('',#4020,#4019,#383,.T.);
#3097=EDGE_CURVE('',#4020,#4021,#384,.T.);
#3098=EDGE_CURVE('',#4022,#4021,#385,.T.);
#3099=EDGE_CURVE('',#4022,#3801,#142,.T.);
#3100=EDGE_CURVE('',#4023,#3799,#143,.T.);
#3101=EDGE_CURVE('',#4024,#4023,#386,.T.);
#3102=EDGE_CURVE('',#4024,#4025,#387,.T.);
#3103=EDGE_CURVE('',#4026,#4025,#388,.T.);
#3104=EDGE_CURVE('',#4026,#3811,#144,.T.);
#3105=EDGE_CURVE('',#4027,#3812,#145,.T.);
#3106=EDGE_CURVE('',#4028,#4027,#389,.T.);
#3107=EDGE_CURVE('',#4028,#4029,#390,.T.);
#3108=EDGE_CURVE('',#4030,#4029,#391,.T.);
#3109=EDGE_CURVE('',#4030,#3809,#146,.T.);
#3110=EDGE_CURVE('',#4031,#3807,#147,.T.);
#3111=EDGE_CURVE('',#4032,#4031,#392,.T.);
#3112=EDGE_CURVE('',#4032,#4033,#393,.T.);
#3113=EDGE_CURVE('',#4034,#4033,#394,.T.);
#3114=EDGE_CURVE('',#4034,#3797,#148,.T.);
#3115=EDGE_CURVE('',#4035,#3795,#149,.T.);
#3116=EDGE_CURVE('',#4036,#4035,#395,.T.);
#3117=EDGE_CURVE('',#4036,#4037,#396,.T.);
#3118=EDGE_CURVE('',#4038,#4037,#397,.T.);
#3119=EDGE_CURVE('',#4038,#3793,#150,.T.);
#3120=EDGE_CURVE('',#4039,#3791,#151,.T.);
#3121=EDGE_CURVE('',#4040,#4039,#398,.T.);
#3122=EDGE_CURVE('',#4040,#4041,#399,.T.);
#3123=EDGE_CURVE('',#4042,#4041,#400,.T.);
#3124=EDGE_CURVE('',#4042,#3789,#152,.T.);
#3125=EDGE_CURVE('',#4043,#3787,#153,.T.);
#3126=EDGE_CURVE('',#4044,#4043,#401,.T.);
#3127=EDGE_CURVE('',#4044,#4045,#402,.T.);
#3128=EDGE_CURVE('',#4046,#4045,#403,.T.);
#3129=EDGE_CURVE('',#4046,#3785,#154,.T.);
#3130=EDGE_CURVE('',#4047,#3783,#155,.T.);
#3131=EDGE_CURVE('',#4048,#4047,#404,.T.);
#3132=EDGE_CURVE('',#4048,#4049,#405,.T.);
#3133=EDGE_CURVE('',#4050,#4049,#406,.T.);
#3134=EDGE_CURVE('',#4050,#3769,#156,.T.);
#3135=EDGE_CURVE('',#4051,#3767,#157,.T.);
#3136=EDGE_CURVE('',#4052,#4051,#407,.T.);
#3137=EDGE_CURVE('',#4052,#3908,#408,.T.);
#3138=EDGE_CURVE('',#3933,#4053,#4467,.T.);
#3139=EDGE_CURVE('',#4053,#4054,#409,.T.);
#3140=EDGE_CURVE('',#3934,#4054,#4468,.T.);
#3141=EDGE_CURVE('',#4055,#4055,#410,.F.);
#3142=EDGE_CURVE('',#4056,#4057,#411,.F.);
#3143=EDGE_CURVE('',#4056,#3768,#158,.T.);
#3144=EDGE_CURVE('',#4058,#3770,#159,.T.);
#3145=EDGE_CURVE('',#4059,#4058,#412,.F.);
#3146=EDGE_CURVE('',#4060,#4059,#413,.T.);
#3147=EDGE_CURVE('',#4061,#4060,#414,.F.);
#3148=EDGE_CURVE('',#4061,#3784,#160,.T.);
#3149=EDGE_CURVE('',#4062,#3786,#161,.T.);
#3150=EDGE_CURVE('',#4063,#4062,#415,.F.);
#3151=EDGE_CURVE('',#4064,#4063,#416,.T.);
#3152=EDGE_CURVE('',#4065,#4064,#417,.F.);
#3153=EDGE_CURVE('',#4065,#3788,#162,.T.);
#3154=EDGE_CURVE('',#4066,#3790,#163,.T.);
#3155=EDGE_CURVE('',#4067,#4066,#418,.F.);
#3156=EDGE_CURVE('',#4068,#4067,#419,.T.);
#3157=EDGE_CURVE('',#4069,#4068,#420,.F.);
#3158=EDGE_CURVE('',#4069,#3792,#164,.T.);
#3159=EDGE_CURVE('',#4070,#3794,#165,.T.);
#3160=EDGE_CURVE('',#4071,#4070,#421,.F.);
#3161=EDGE_CURVE('',#4072,#4071,#422,.T.);
#3162=EDGE_CURVE('',#4073,#4072,#423,.F.);
#3163=EDGE_CURVE('',#4073,#3796,#166,.T.);
#3164=EDGE_CURVE('',#4074,#3798,#167,.T.);
#3165=EDGE_CURVE('',#4075,#4074,#424,.F.);
#3166=EDGE_CURVE('',#4076,#4075,#425,.T.);
#3167=EDGE_CURVE('',#4077,#4076,#426,.F.);
#3168=EDGE_CURVE('',#4077,#3808,#168,.T.);
#3169=EDGE_CURVE('',#4078,#3810,#169,.T.);
#3170=EDGE_CURVE('',#4079,#4078,#427,.F.);
#3171=EDGE_CURVE('',#4080,#4079,#428,.T.);
#3172=EDGE_CURVE('',#4081,#4080,#429,.F.);
#3173=EDGE_CURVE('',#4081,#3814,#170,.T.);
#3174=EDGE_CURVE('',#4082,#3813,#171,.T.);
#3175=EDGE_CURVE('',#4083,#4082,#430,.F.);
#3176=EDGE_CURVE('',#4084,#4083,#431,.T.);
#3177=EDGE_CURVE('',#4085,#4084,#432,.F.);
#3178=EDGE_CURVE('',#4085,#3800,#172,.T.);
#3179=EDGE_CURVE('',#4086,#3802,#173,.T.);
#3180=EDGE_CURVE('',#4087,#4086,#433,.F.);
#3181=EDGE_CURVE('',#4088,#4087,#434,.T.);
#3182=EDGE_CURVE('',#4089,#4088,#435,.F.);
#3183=EDGE_CURVE('',#4089,#3804,#174,.T.);
#3184=EDGE_CURVE('',#4090,#3806,#175,.T.);
#3185=EDGE_CURVE('',#4091,#4090,#436,.F.);
#3186=EDGE_CURVE('',#4092,#4091,#437,.T.);
#3187=EDGE_CURVE('',#4093,#4092,#438,.F.);
#3188=EDGE_CURVE('',#4093,#3816,#176,.T.);
#3189=EDGE_CURVE('',#4094,#3818,#177,.T.);
#3190=EDGE_CURVE('',#4095,#4094,#439,.F.);
#3191=EDGE_CURVE('',#4096,#4095,#440,.T.);
#3192=EDGE_CURVE('',#4097,#4096,#441,.F.);
#3193=EDGE_CURVE('',#4097,#3820,#178,.T.);
#3194=EDGE_CURVE('',#4098,#3822,#179,.T.);
#3195=EDGE_CURVE('',#4099,#4098,#442,.F.);
#3196=EDGE_CURVE('',#4100,#4099,#443,.T.);
#3197=EDGE_CURVE('',#4101,#4100,#444,.F.);
#3198=EDGE_CURVE('',#4101,#3824,#180,.T.);
#3199=EDGE_CURVE('',#4102,#3826,#181,.T.);
#3200=EDGE_CURVE('',#4103,#4102,#445,.F.);
#3201=EDGE_CURVE('',#4104,#4103,#446,.T.);
#3202=EDGE_CURVE('',#4105,#4104,#447,.F.);
#3203=EDGE_CURVE('',#4105,#3828,#182,.T.);
#3204=EDGE_CURVE('',#4106,#3830,#183,.T.);
#3205=EDGE_CURVE('',#4107,#4106,#448,.F.);
#3206=EDGE_CURVE('',#4108,#4107,#449,.T.);
#3207=EDGE_CURVE('',#4109,#4108,#450,.F.);
#3208=EDGE_CURVE('',#4109,#3848,#184,.T.);
#3209=EDGE_CURVE('',#4110,#3850,#185,.T.);
#3210=EDGE_CURVE('',#4111,#4110,#451,.F.);
#3211=EDGE_CURVE('',#4112,#4111,#452,.T.);
#3212=EDGE_CURVE('',#4113,#4112,#453,.F.);
#3213=EDGE_CURVE('',#4113,#3852,#186,.T.);
#3214=EDGE_CURVE('',#4114,#3854,#187,.T.);
#3215=EDGE_CURVE('',#4115,#4114,#454,.F.);
#3216=EDGE_CURVE('',#4116,#4115,#455,.T.);
#3217=EDGE_CURVE('',#4117,#4116,#456,.F.);
#3218=EDGE_CURVE('',#4117,#3862,#188,.T.);
#3219=EDGE_CURVE('',#4118,#3861,#189,.T.);
#3220=EDGE_CURVE('',#4119,#4118,#457,.F.);
#3221=EDGE_CURVE('',#4120,#4119,#458,.T.);
#3222=EDGE_CURVE('',#4121,#4120,#459,.F.);
#3223=EDGE_CURVE('',#4121,#3858,#190,.T.);
#3224=EDGE_CURVE('',#4122,#3857,#191,.T.);
#3225=EDGE_CURVE('',#4123,#4122,#460,.F.);
#3226=EDGE_CURVE('',#4124,#4123,#461,.T.);
#3227=EDGE_CURVE('',#4125,#4124,#462,.F.);
#3228=EDGE_CURVE('',#4125,#3846,#192,.T.);
#3229=EDGE_CURVE('',#4126,#3845,#193,.T.);
#3230=EDGE_CURVE('',#4127,#4126,#463,.F.);
#3231=EDGE_CURVE('',#4128,#4127,#464,.T.);
#3232=EDGE_CURVE('',#4129,#4128,#465,.F.);
#3233=EDGE_CURVE('',#4129,#3842,#194,.T.);
#3234=EDGE_CURVE('',#4130,#3841,#195,.T.);
#3235=EDGE_CURVE('',#4131,#4130,#466,.F.);
#3236=EDGE_CURVE('',#4132,#4131,#467,.T.);
#3237=EDGE_CURVE('',#4133,#4132,#468,.F.);
#3238=EDGE_CURVE('',#4133,#3838,#196,.T.);
#3239=EDGE_CURVE('',#4134,#3837,#197,.T.);
#3240=EDGE_CURVE('',#4135,#4134,#469,.F.);
#3241=EDGE_CURVE('',#4136,#4135,#470,.T.);
#3242=EDGE_CURVE('',#4137,#4136,#471,.F.);
#3243=EDGE_CURVE('',#4137,#3832,#198,.T.);
#3244=EDGE_CURVE('',#4138,#3834,#199,.T.);
#3245=EDGE_CURVE('',#4139,#4138,#472,.F.);
#3246=EDGE_CURVE('',#4140,#4139,#473,.T.);
#3247=EDGE_CURVE('',#4141,#4140,#474,.F.);
#3248=EDGE_CURVE('',#4141,#3894,#200,.T.);
#3249=EDGE_CURVE('',#4142,#3893,#201,.T.);
#3250=EDGE_CURVE('',#4143,#4142,#475,.F.);
#3251=EDGE_CURVE('',#4144,#4143,#476,.T.);
#3252=EDGE_CURVE('',#4145,#4144,#477,.F.);
#3253=EDGE_CURVE('',#4145,#3890,#202,.T.);
#3254=EDGE_CURVE('',#4146,#3889,#203,.T.);
#3255=EDGE_CURVE('',#4147,#4146,#478,.F.);
#3256=EDGE_CURVE('',#4148,#4147,#479,.T.);
#3257=EDGE_CURVE('',#4149,#4148,#480,.F.);
#3258=EDGE_CURVE('',#4149,#3880,#204,.T.);
#3259=EDGE_CURVE('',#4150,#3882,#205,.T.);
#3260=EDGE_CURVE('',#4151,#4150,#481,.F.);
#3261=EDGE_CURVE('',#4152,#4151,#482,.T.);
#3262=EDGE_CURVE('',#4153,#4152,#483,.F.);
#3263=EDGE_CURVE('',#4153,#3886,#206,.T.);
#3264=EDGE_CURVE('',#4154,#3885,#207,.T.);
#3265=EDGE_CURVE('',#4155,#4154,#484,.F.);
#3266=EDGE_CURVE('',#4156,#4155,#485,.T.);
#3267=EDGE_CURVE('',#4157,#4156,#486,.F.);
#3268=EDGE_CURVE('',#4157,#3872,#208,.T.);
#3269=EDGE_CURVE('',#4158,#3874,#209,.T.);
#3270=EDGE_CURVE('',#4159,#4158,#487,.F.);
#3271=EDGE_CURVE('',#4160,#4159,#488,.T.);
#3272=EDGE_CURVE('',#4161,#4160,#489,.F.);
#3273=EDGE_CURVE('',#4161,#3878,#210,.T.);
#3274=EDGE_CURVE('',#4162,#3877,#211,.T.);
#3275=EDGE_CURVE('',#4163,#4162,#490,.F.);
#3276=EDGE_CURVE('',#4164,#4163,#491,.T.);
#3277=EDGE_CURVE('',#4165,#4164,#492,.F.);
#3278=EDGE_CURVE('',#4165,#3870,#212,.T.);
#3279=EDGE_CURVE('',#4166,#3869,#213,.T.);
#3280=EDGE_CURVE('',#4167,#4166,#493,.F.);
#3281=EDGE_CURVE('',#4168,#4167,#494,.T.);
#3282=EDGE_CURVE('',#4169,#4168,#495,.F.);
#3283=EDGE_CURVE('',#4169,#3864,#214,.T.);
#3284=EDGE_CURVE('',#4170,#3866,#215,.T.);
#3285=EDGE_CURVE('',#4171,#4170,#496,.F.);
#3286=EDGE_CURVE('',#4172,#4171,#497,.T.);
#3287=EDGE_CURVE('',#4173,#4172,#498,.F.);
#3288=EDGE_CURVE('',#4173,#4054,#216,.T.);
#3289=EDGE_CURVE('',#4174,#4053,#217,.T.);
#3290=EDGE_CURVE('',#4175,#4174,#499,.F.);
#3291=EDGE_CURVE('',#4176,#4175,#500,.T.);
#3292=EDGE_CURVE('',#4177,#4176,#501,.F.);
#3293=EDGE_CURVE('',#4177,#3906,#218,.T.);
#3294=EDGE_CURVE('',#4178,#3905,#219,.T.);
#3295=EDGE_CURVE('',#4179,#4178,#502,.F.);
#3296=EDGE_CURVE('',#4180,#4179,#503,.T.);
#3297=EDGE_CURVE('',#4181,#4180,#504,.F.);
#3298=EDGE_CURVE('',#4181,#3902,#220,.T.);
#3299=EDGE_CURVE('',#4182,#3901,#221,.T.);
#3300=EDGE_CURVE('',#4183,#4182,#505,.F.);
#3301=EDGE_CURVE('',#4184,#4183,#506,.T.);
#3302=EDGE_CURVE('',#4185,#4184,#507,.F.);
#3303=EDGE_CURVE('',#4185,#3898,#222,.T.);
#3304=EDGE_CURVE('',#4186,#3897,#223,.T.);
#3305=EDGE_CURVE('',#4187,#4186,#508,.F.);
#3306=EDGE_CURVE('',#4188,#4187,#509,.T.);
#3307=EDGE_CURVE('',#4189,#4188,#510,.F.);
#3308=EDGE_CURVE('',#4189,#3776,#224,.T.);
#3309=EDGE_CURVE('',#4190,#3778,#225,.T.);
#3310=EDGE_CURVE('',#4191,#4190,#511,.F.);
#3311=EDGE_CURVE('',#4192,#4191,#512,.T.);
#3312=EDGE_CURVE('',#4193,#4192,#513,.F.);
#3313=EDGE_CURVE('',#4193,#3782,#226,.T.);
#3314=EDGE_CURVE('',#4194,#3781,#227,.T.);
#3315=EDGE_CURVE('',#4195,#4194,#514,.F.);
#3316=EDGE_CURVE('',#4196,#4195,#515,.T.);
#3317=EDGE_CURVE('',#4197,#4196,#516,.F.);
#3318=EDGE_CURVE('',#4197,#3774,#228,.T.);
#3319=EDGE_CURVE('',#4198,#3773,#229,.T.);
#3320=EDGE_CURVE('',#4199,#4198,#517,.F.);
#3321=EDGE_CURVE('',#4057,#4199,#518,.T.);
#3322=EDGE_CURVE('',#3935,#4173,#4469,.T.);
#3323=EDGE_CURVE('',#4170,#3938,#4470,.F.);
#3324=EDGE_CURVE('',#3937,#4171,#4471,.T.);
#3325=EDGE_CURVE('',#4172,#3936,#4472,.F.);
#3326=EDGE_CURVE('',#3929,#4177,#4473,.T.);
#3327=EDGE_CURVE('',#4174,#3932,#4474,.F.);
#3328=EDGE_CURVE('',#3931,#4175,#4475,.T.);
#3329=EDGE_CURVE('',#4176,#3930,#4476,.F.);
#3330=EDGE_CURVE('',#3925,#4181,#4477,.T.);
#3331=EDGE_CURVE('',#4178,#3928,#4478,.F.);
#3332=EDGE_CURVE('',#3927,#4179,#4479,.T.);
#3333=EDGE_CURVE('',#4180,#3926,#4480,.F.);
#3334=EDGE_CURVE('',#3921,#4185,#4481,.T.);
#3335=EDGE_CURVE('',#4182,#3924,#4482,.F.);
#3336=EDGE_CURVE('',#3923,#4183,#4483,.T.);
#3337=EDGE_CURVE('',#4184,#3922,#4484,.F.);
#3338=EDGE_CURVE('',#3967,#4141,#4485,.T.);
#3339=EDGE_CURVE('',#4138,#3970,#4486,.F.);
#3340=EDGE_CURVE('',#3969,#4139,#4487,.T.);
#3341=EDGE_CURVE('',#4140,#3968,#4488,.F.);
#3342=EDGE_CURVE('',#3963,#4145,#4489,.T.);
#3343=EDGE_CURVE('',#4142,#3966,#4490,.F.);
#3344=EDGE_CURVE('',#3965,#4143,#4491,.T.);
#3345=EDGE_CURVE('',#4144,#3964,#4492,.F.);
#3346=EDGE_CURVE('',#3955,#4153,#4493,.T.);
#3347=EDGE_CURVE('',#4150,#3958,#4494,.F.);
#3348=EDGE_CURVE('',#3957,#4151,#4495,.T.);
#3349=EDGE_CURVE('',#4152,#3956,#4496,.F.);
#3350=EDGE_CURVE('',#3959,#4149,#4497,.T.);
#3351=EDGE_CURVE('',#4146,#3962,#4498,.F.);
#3352=EDGE_CURVE('',#3961,#4147,#4499,.T.);
#3353=EDGE_CURVE('',#4148,#3960,#4500,.F.);
#3354=EDGE_CURVE('',#3947,#4161,#4501,.T.);
#3355=EDGE_CURVE('',#4158,#3950,#4502,.F.);
#3356=EDGE_CURVE('',#3949,#4159,#4503,.T.);
#3357=EDGE_CURVE('',#4160,#3948,#4504,.F.);
#3358=EDGE_CURVE('',#3951,#4157,#4505,.T.);
#3359=EDGE_CURVE('',#4154,#3954,#4506,.F.);
#3360=EDGE_CURVE('',#3953,#4155,#4507,.T.);
#3361=EDGE_CURVE('',#4156,#3952,#4508,.F.);
#3362=EDGE_CURVE('',#3943,#4165,#4509,.T.);
#3363=EDGE_CURVE('',#4162,#3946,#4510,.F.);
#3364=EDGE_CURVE('',#3945,#4163,#4511,.T.);
#3365=EDGE_CURVE('',#4164,#3944,#4512,.F.);
#3366=EDGE_CURVE('',#3939,#4169,#4513,.T.);
#3367=EDGE_CURVE('',#4166,#3942,#4514,.F.);
#3368=EDGE_CURVE('',#3941,#4167,#4515,.T.);
#3369=EDGE_CURVE('',#4168,#3940,#4516,.F.);
#3370=EDGE_CURVE('',#3991,#4117,#4517,.T.);
#3371=EDGE_CURVE('',#4114,#3994,#4518,.F.);
#3372=EDGE_CURVE('',#3993,#4115,#4519,.T.);
#3373=EDGE_CURVE('',#4116,#3992,#4520,.F.);
#3374=EDGE_CURVE('',#3987,#4121,#4521,.T.);
#3375=EDGE_CURVE('',#4118,#3990,#4522,.F.);
#3376=EDGE_CURVE('',#3989,#4119,#4523,.T.);
#3377=EDGE_CURVE('',#4120,#3988,#4524,.F.);
#3378=EDGE_CURVE('',#3995,#4113,#4525,.T.);
#3379=EDGE_CURVE('',#4110,#3998,#4526,.F.);
#3380=EDGE_CURVE('',#3997,#4111,#4527,.T.);
#3381=EDGE_CURVE('',#4112,#3996,#4528,.F.);
#3382=EDGE_CURVE('',#3999,#4109,#4529,.T.);
#3383=EDGE_CURVE('',#4106,#4002,#4530,.F.);
#3384=EDGE_CURVE('',#4001,#4107,#4531,.T.);
#3385=EDGE_CURVE('',#4108,#4000,#4532,.F.);
#3386=EDGE_CURVE('',#3983,#4125,#4533,.T.);
#3387=EDGE_CURVE('',#4122,#3986,#4534,.F.);
#3388=EDGE_CURVE('',#3985,#4123,#4535,.T.);
#3389=EDGE_CURVE('',#4124,#3984,#4536,.F.);
#3390=EDGE_CURVE('',#3979,#4129,#4537,.T.);
#3391=EDGE_CURVE('',#4126,#3982,#4538,.F.);
#3392=EDGE_CURVE('',#3981,#4127,#4539,.T.);
#3393=EDGE_CURVE('',#4128,#3980,#4540,.F.);
#3394=EDGE_CURVE('',#3975,#4133,#4541,.T.);
#3395=EDGE_CURVE('',#4130,#3978,#4542,.F.);
#3396=EDGE_CURVE('',#3977,#4131,#4543,.T.);
#3397=EDGE_CURVE('',#4132,#3976,#4544,.F.);
#3398=EDGE_CURVE('',#3971,#4137,#4545,.T.);
#3399=EDGE_CURVE('',#4134,#3974,#4546,.F.);
#3400=EDGE_CURVE('',#3973,#4135,#4547,.T.);
#3401=EDGE_CURVE('',#4136,#3972,#4548,.F.);
#3402=EDGE_CURVE('',#4003,#4105,#4549,.T.);
#3403=EDGE_CURVE('',#4102,#4006,#4550,.F.);
#3404=EDGE_CURVE('',#4005,#4103,#4551,.T.);
#3405=EDGE_CURVE('',#4104,#4004,#4552,.F.);
#3406=EDGE_CURVE('',#4007,#4101,#4553,.T.);
#3407=EDGE_CURVE('',#4098,#4010,#4554,.F.);
#3408=EDGE_CURVE('',#4009,#4099,#4555,.T.);
#3409=EDGE_CURVE('',#4100,#4008,#4556,.F.);
#3410=EDGE_CURVE('',#4011,#4097,#4557,.T.);
#3411=EDGE_CURVE('',#4094,#4014,#4558,.F.);
#3412=EDGE_CURVE('',#4013,#4095,#4559,.T.);
#3413=EDGE_CURVE('',#4096,#4012,#4560,.F.);
#3414=EDGE_CURVE('',#4015,#4093,#4561,.T.);
#3415=EDGE_CURVE('',#4090,#4018,#4562,.F.);
#3416=EDGE_CURVE('',#4017,#4091,#4563,.T.);
#3417=EDGE_CURVE('',#4092,#4016,#4564,.F.);
#3418=EDGE_CURVE('',#4027,#4081,#4565,.T.);
#3419=EDGE_CURVE('',#4078,#4030,#4566,.F.);
#3420=EDGE_CURVE('',#4029,#4079,#4567,.T.);
#3421=EDGE_CURVE('',#4080,#4028,#4568,.F.);
#3422=EDGE_CURVE('',#4031,#4077,#4569,.T.);
#3423=EDGE_CURVE('',#4074,#4034,#4570,.F.);
#3424=EDGE_CURVE('',#4033,#4075,#4571,.T.);
#3425=EDGE_CURVE('',#4076,#4032,#4572,.F.);
#3426=EDGE_CURVE('',#4019,#4089,#4573,.T.);
#3427=EDGE_CURVE('',#4086,#4022,#4574,.F.);
#3428=EDGE_CURVE('',#4021,#4087,#4575,.T.);
#3429=EDGE_CURVE('',#4088,#4020,#4576,.F.);
#3430=EDGE_CURVE('',#4023,#4085,#4577,.T.);
#3431=EDGE_CURVE('',#4082,#4026,#4578,.F.);
#3432=EDGE_CURVE('',#4025,#4083,#4579,.T.);
#3433=EDGE_CURVE('',#4084,#4024,#4580,.F.);
#3434=EDGE_CURVE('',#4035,#4073,#4581,.T.);
#3435=EDGE_CURVE('',#4070,#4038,#4582,.F.);
#3436=EDGE_CURVE('',#4037,#4071,#4583,.T.);
#3437=EDGE_CURVE('',#4072,#4036,#4584,.F.);
#3438=EDGE_CURVE('',#4039,#4069,#4585,.T.);
#3439=EDGE_CURVE('',#4066,#4042,#4586,.F.);
#3440=EDGE_CURVE('',#4041,#4067,#4587,.T.);
#3441=EDGE_CURVE('',#4068,#4040,#4588,.F.);
#3442=EDGE_CURVE('',#4043,#4065,#4589,.T.);
#3443=EDGE_CURVE('',#4062,#4046,#4590,.F.);
#3444=EDGE_CURVE('',#4045,#4063,#4591,.T.);
#3445=EDGE_CURVE('',#4064,#4044,#4592,.F.);
#3446=EDGE_CURVE('',#4047,#4061,#4593,.T.);
#3447=EDGE_CURVE('',#4058,#4050,#4594,.F.);
#3448=EDGE_CURVE('',#4049,#4059,#4595,.T.);
#3449=EDGE_CURVE('',#4060,#4048,#4596,.F.);
#3450=EDGE_CURVE('',#3913,#4193,#4597,.T.);
#3451=EDGE_CURVE('',#4190,#3916,#4598,.F.);
#3452=EDGE_CURVE('',#3915,#4191,#4599,.T.);
#3453=EDGE_CURVE('',#4192,#3914,#4600,.F.);
#3454=EDGE_CURVE('',#3917,#4189,#4601,.T.);
#3455=EDGE_CURVE('',#4186,#3920,#4602,.F.);
#3456=EDGE_CURVE('',#3919,#4187,#4603,.T.);
#3457=EDGE_CURVE('',#4188,#3918,#4604,.F.);
#3458=EDGE_CURVE('',#3909,#4197,#4605,.T.);
#3459=EDGE_CURVE('',#4194,#3912,#4606,.F.);
#3460=EDGE_CURVE('',#3911,#4195,#4607,.T.);
#3461=EDGE_CURVE('',#4196,#3910,#4608,.F.);
#3462=EDGE_CURVE('',#4051,#4056,#4609,.T.);
#3463=EDGE_CURVE('',#4198,#3907,#4610,.F.);
#3464=EDGE_CURVE('',#3908,#4199,#4611,.T.);
#3465=EDGE_CURVE('',#4057,#4052,#4612,.F.);
#3466=EDGE_CURVE('',#4200,#4201,#519,.T.);
#3467=EDGE_CURVE('',#4201,#4202,#520,.F.);
#3468=EDGE_CURVE('',#4202,#4203,#521,.T.);
#3469=EDGE_CURVE('',#4203,#4204,#4613,.T.);
#3470=EDGE_CURVE('',#4204,#4205,#522,.T.);
#3471=EDGE_CURVE('',#4205,#4206,#523,.F.);
#3472=EDGE_CURVE('',#4207,#4206,#524,.F.);
#3473=EDGE_CURVE('',#4200,#4207,#4614,.F.);
#3474=EDGE_CURVE('',#4208,#4209,#525,.T.);
#3475=EDGE_CURVE('',#4209,#4210,#526,.F.);
#3476=EDGE_CURVE('',#4210,#4211,#527,.T.);
#3477=EDGE_CURVE('',#4211,#4212,#4615,.T.);
#3478=EDGE_CURVE('',#4212,#4213,#528,.T.);
#3479=EDGE_CURVE('',#4213,#4214,#529,.F.);
#3480=EDGE_CURVE('',#4215,#4214,#530,.F.);
#3481=EDGE_CURVE('',#4208,#4215,#4616,.F.);
#3482=EDGE_CURVE('',#4216,#4217,#531,.T.);
#3483=EDGE_CURVE('',#4217,#4218,#532,.F.);
#3484=EDGE_CURVE('',#4218,#4219,#533,.T.);
#3485=EDGE_CURVE('',#4219,#4220,#4617,.T.);
#3486=EDGE_CURVE('',#4220,#4221,#534,.T.);
#3487=EDGE_CURVE('',#4221,#4222,#535,.F.);
#3488=EDGE_CURVE('',#4223,#4222,#536,.F.);
#3489=EDGE_CURVE('',#4216,#4223,#4618,.F.);
#3490=EDGE_CURVE('',#4224,#4225,#537,.T.);
#3491=EDGE_CURVE('',#4225,#4226,#538,.F.);
#3492=EDGE_CURVE('',#4226,#4227,#539,.T.);
#3493=EDGE_CURVE('',#4227,#4228,#4619,.T.);
#3494=EDGE_CURVE('',#4228,#4229,#540,.T.);
#3495=EDGE_CURVE('',#4229,#4230,#541,.F.);
#3496=EDGE_CURVE('',#4231,#4230,#542,.F.);
#3497=EDGE_CURVE('',#4224,#4231,#4620,.F.);
#3498=EDGE_CURVE('',#4232,#4233,#543,.T.);
#3499=EDGE_CURVE('',#4233,#4234,#544,.F.);
#3500=EDGE_CURVE('',#4234,#4235,#545,.T.);
#3501=EDGE_CURVE('',#4235,#4236,#4621,.T.);
#3502=EDGE_CURVE('',#4236,#4237,#546,.T.);
#3503=EDGE_CURVE('',#4237,#4238,#547,.F.);
#3504=EDGE_CURVE('',#4239,#4238,#548,.F.);
#3505=EDGE_CURVE('',#4232,#4239,#4622,.F.);
#3506=EDGE_CURVE('',#4240,#4241,#549,.T.);
#3507=EDGE_CURVE('',#4241,#4242,#550,.F.);
#3508=EDGE_CURVE('',#4242,#4243,#551,.T.);
#3509=EDGE_CURVE('',#4243,#4244,#4623,.T.);
#3510=EDGE_CURVE('',#4244,#4245,#552,.T.);
#3511=EDGE_CURVE('',#4245,#4246,#553,.F.);
#3512=EDGE_CURVE('',#4247,#4246,#554,.F.);
#3513=EDGE_CURVE('',#4240,#4247,#4624,.F.);
#3514=EDGE_CURVE('',#4248,#4249,#555,.T.);
#3515=EDGE_CURVE('',#4249,#4250,#556,.F.);
#3516=EDGE_CURVE('',#4250,#4251,#557,.T.);
#3517=EDGE_CURVE('',#4251,#4252,#4625,.T.);
#3518=EDGE_CURVE('',#4252,#4253,#558,.T.);
#3519=EDGE_CURVE('',#4253,#4254,#559,.F.);
#3520=EDGE_CURVE('',#4255,#4254,#560,.F.);
#3521=EDGE_CURVE('',#4248,#4255,#4626,.F.);
#3522=EDGE_CURVE('',#4256,#4257,#561,.T.);
#3523=EDGE_CURVE('',#4257,#4258,#562,.F.);
#3524=EDGE_CURVE('',#4258,#4259,#563,.T.);
#3525=EDGE_CURVE('',#4259,#4260,#4627,.T.);
#3526=EDGE_CURVE('',#4260,#4261,#564,.T.);
#3527=EDGE_CURVE('',#4261,#4262,#565,.F.);
#3528=EDGE_CURVE('',#4263,#4262,#566,.F.);
#3529=EDGE_CURVE('',#4256,#4263,#4628,.F.);
#3530=EDGE_CURVE('',#4264,#4265,#567,.T.);
#3531=EDGE_CURVE('',#4265,#4266,#568,.F.);
#3532=EDGE_CURVE('',#4266,#4267,#569,.T.);
#3533=EDGE_CURVE('',#4267,#4268,#4629,.T.);
#3534=EDGE_CURVE('',#4268,#4269,#570,.T.);
#3535=EDGE_CURVE('',#4269,#4270,#571,.F.);
#3536=EDGE_CURVE('',#4271,#4270,#572,.F.);
#3537=EDGE_CURVE('',#4264,#4271,#4630,.F.);
#3538=EDGE_CURVE('',#4272,#4273,#573,.T.);
#3539=EDGE_CURVE('',#4273,#4274,#574,.F.);
#3540=EDGE_CURVE('',#4274,#4275,#575,.T.);
#3541=EDGE_CURVE('',#4275,#4276,#4631,.T.);
#3542=EDGE_CURVE('',#4276,#4277,#576,.T.);
#3543=EDGE_CURVE('',#4277,#4278,#577,.F.);
#3544=EDGE_CURVE('',#4279,#4278,#578,.F.);
#3545=EDGE_CURVE('',#4272,#4279,#4632,.F.);
#3546=EDGE_CURVE('',#4280,#4281,#579,.F.);
#3547=EDGE_CURVE('',#4281,#4282,#580,.F.);
#3548=EDGE_CURVE('',#4282,#4283,#581,.F.);
#3549=EDGE_CURVE('',#4283,#4284,#4633,.T.);
#3550=EDGE_CURVE('',#4284,#4285,#582,.F.);
#3551=EDGE_CURVE('',#4285,#4286,#583,.T.);
#3552=EDGE_CURVE('',#4287,#4286,#584,.T.);
#3553=EDGE_CURVE('',#4280,#4287,#4634,.F.);
#3554=EDGE_CURVE('',#4288,#4289,#585,.F.);
#3555=EDGE_CURVE('',#4289,#4290,#586,.F.);
#3556=EDGE_CURVE('',#4290,#4291,#587,.F.);
#3557=EDGE_CURVE('',#4291,#4292,#4635,.T.);
#3558=EDGE_CURVE('',#4292,#4293,#588,.F.);
#3559=EDGE_CURVE('',#4293,#4294,#589,.T.);
#3560=EDGE_CURVE('',#4295,#4294,#590,.T.);
#3561=EDGE_CURVE('',#4288,#4295,#4636,.F.);
#3562=EDGE_CURVE('',#4296,#4297,#591,.F.);
#3563=EDGE_CURVE('',#4297,#4298,#592,.F.);
#3564=EDGE_CURVE('',#4298,#4299,#593,.F.);
#3565=EDGE_CURVE('',#4299,#4300,#4637,.T.);
#3566=EDGE_CURVE('',#4300,#4301,#594,.F.);
#3567=EDGE_CURVE('',#4301,#4302,#595,.T.);
#3568=EDGE_CURVE('',#4303,#4302,#596,.T.);
#3569=EDGE_CURVE('',#4296,#4303,#4638,.F.);
#3570=EDGE_CURVE('',#4304,#4305,#597,.F.);
#3571=EDGE_CURVE('',#4305,#4306,#598,.F.);
#3572=EDGE_CURVE('',#4306,#4307,#599,.F.);
#3573=EDGE_CURVE('',#4307,#4308,#4639,.T.);
#3574=EDGE_CURVE('',#4308,#4309,#600,.F.);
#3575=EDGE_CURVE('',#4309,#4310,#601,.T.);
#3576=EDGE_CURVE('',#4311,#4310,#602,.T.);
#3577=EDGE_CURVE('',#4304,#4311,#4640,.F.);
#3578=EDGE_CURVE('',#4312,#4313,#603,.F.);
#3579=EDGE_CURVE('',#4313,#4314,#604,.F.);
#3580=EDGE_CURVE('',#4314,#4315,#605,.F.);
#3581=EDGE_CURVE('',#4315,#4316,#4641,.T.);
#3582=EDGE_CURVE('',#4316,#4317,#606,.F.);
#3583=EDGE_CURVE('',#4317,#4318,#607,.T.);
#3584=EDGE_CURVE('',#4319,#4318,#608,.T.);
#3585=EDGE_CURVE('',#4312,#4319,#4642,.F.);
#3586=EDGE_CURVE('',#4320,#4321,#609,.F.);
#3587=EDGE_CURVE('',#4321,#4322,#610,.F.);
#3588=EDGE_CURVE('',#4322,#4323,#611,.F.);
#3589=EDGE_CURVE('',#4323,#4324,#4643,.T.);
#3590=EDGE_CURVE('',#4324,#4325,#612,.F.);
#3591=EDGE_CURVE('',#4325,#4326,#613,.T.);
#3592=EDGE_CURVE('',#4327,#4326,#614,.T.);
#3593=EDGE_CURVE('',#4320,#4327,#4644,.F.);
#3594=EDGE_CURVE('',#4328,#4329,#615,.F.);
#3595=EDGE_CURVE('',#4329,#4330,#616,.F.);
#3596=EDGE_CURVE('',#4330,#4331,#617,.F.);
#3597=EDGE_CURVE('',#4331,#4332,#4645,.T.);
#3598=EDGE_CURVE('',#4332,#4333,#618,.F.);
#3599=EDGE_CURVE('',#4333,#4334,#619,.T.);
#3600=EDGE_CURVE('',#4335,#4334,#620,.T.);
#3601=EDGE_CURVE('',#4328,#4335,#4646,.F.);
#3602=EDGE_CURVE('',#4336,#4337,#621,.F.);
#3603=EDGE_CURVE('',#4337,#4338,#622,.F.);
#3604=EDGE_CURVE('',#4338,#4339,#623,.F.);
#3605=EDGE_CURVE('',#4339,#4340,#4647,.T.);
#3606=EDGE_CURVE('',#4340,#4341,#624,.F.);
#3607=EDGE_CURVE('',#4341,#4342,#625,.T.);
#3608=EDGE_CURVE('',#4343,#4342,#626,.T.);
#3609=EDGE_CURVE('',#4336,#4343,#4648,.F.);
#3610=EDGE_CURVE('',#4344,#4345,#627,.F.);
#3611=EDGE_CURVE('',#4345,#4346,#628,.F.);
#3612=EDGE_CURVE('',#4346,#4347,#629,.F.);
#3613=EDGE_CURVE('',#4347,#4348,#4649,.T.);
#3614=EDGE_CURVE('',#4348,#4349,#630,.F.);
#3615=EDGE_CURVE('',#4349,#4350,#631,.T.);
#3616=EDGE_CURVE('',#4351,#4350,#632,.T.);
#3617=EDGE_CURVE('',#4344,#4351,#4650,.F.);
#3618=EDGE_CURVE('',#4352,#4353,#633,.F.);
#3619=EDGE_CURVE('',#4353,#4354,#634,.F.);
#3620=EDGE_CURVE('',#4354,#4355,#635,.F.);
#3621=EDGE_CURVE('',#4355,#4356,#4651,.T.);
#3622=EDGE_CURVE('',#4356,#4357,#636,.F.);
#3623=EDGE_CURVE('',#4357,#4358,#637,.T.);
#3624=EDGE_CURVE('',#4359,#4358,#638,.T.);
#3625=EDGE_CURVE('',#4352,#4359,#4652,.F.);
#3626=EDGE_CURVE('',#4353,#4346,#639,.F.);
#3627=EDGE_CURVE('',#4353,#4250,#4653,.T.);
#3628=EDGE_CURVE('',#4250,#4257,#640,.F.);
#3629=EDGE_CURVE('',#4257,#4346,#4654,.F.);
#3630=EDGE_CURVE('',#4358,#4253,#4655,.F.);
#3631=EDGE_CURVE('',#4254,#4357,#4656,.T.);
#3632=EDGE_CURVE('',#4251,#4352,#4657,.F.);
#3633=EDGE_CURVE('',#4355,#4248,#4658,.T.);
#3634=EDGE_CURVE('',#4249,#4354,#4659,.F.);
#3635=EDGE_CURVE('',#4255,#4356,#4660,.F.);
#3636=EDGE_CURVE('',#4252,#4359,#4661,.T.);
#3637=EDGE_CURVE('',#4345,#4338,#641,.F.);
#3638=EDGE_CURVE('',#4345,#4258,#4662,.T.);
#3639=EDGE_CURVE('',#4258,#4265,#642,.F.);
#3640=EDGE_CURVE('',#4265,#4338,#4663,.F.);
#3641=EDGE_CURVE('',#4350,#4261,#4664,.F.);
#3642=EDGE_CURVE('',#4262,#4349,#4665,.T.);
#3643=EDGE_CURVE('',#4259,#4344,#4666,.F.);
#3644=EDGE_CURVE('',#4347,#4256,#4667,.T.);
#3645=EDGE_CURVE('',#4263,#4348,#4668,.F.);
#3646=EDGE_CURVE('',#4260,#4351,#4669,.T.);
#3647=EDGE_CURVE('',#4337,#4330,#643,.F.);
#3648=EDGE_CURVE('',#4337,#4266,#4670,.T.);
#3649=EDGE_CURVE('',#4266,#4273,#644,.F.);
#3650=EDGE_CURVE('',#4273,#4330,#4671,.F.);
#3651=EDGE_CURVE('',#4342,#4269,#4672,.F.);
#3652=EDGE_CURVE('',#4270,#4341,#4673,.T.);
#3653=EDGE_CURVE('',#4267,#4336,#4674,.F.);
#3654=EDGE_CURVE('',#4339,#4264,#4675,.T.);
#3655=EDGE_CURVE('',#4271,#4340,#4676,.F.);
#3656=EDGE_CURVE('',#4268,#4343,#4677,.T.);
#3657=EDGE_CURVE('',#4329,#4322,#645,.F.);
#3658=EDGE_CURVE('',#4329,#4274,#4678,.T.);
#3659=EDGE_CURVE('',#4274,#4360,#646,.F.);
#3660=EDGE_CURVE('',#4360,#4322,#4679,.F.);
#3661=EDGE_CURVE('',#4334,#4277,#4680,.F.);
#3662=EDGE_CURVE('',#4278,#4333,#4681,.T.);
#3663=EDGE_CURVE('',#4275,#4328,#4682,.F.);
#3664=EDGE_CURVE('',#4331,#4272,#4683,.T.);
#3665=EDGE_CURVE('',#4279,#4332,#4684,.F.);
#3666=EDGE_CURVE('',#4276,#4335,#4685,.T.);
#3667=EDGE_CURVE('',#4321,#4314,#647,.F.);
#3668=EDGE_CURVE('',#4321,#4361,#4686,.T.);
#3669=EDGE_CURVE('',#4361,#4201,#648,.F.);
#3670=EDGE_CURVE('',#4201,#4314,#4687,.F.);
#3671=EDGE_CURVE('',#4362,#4363,#649,.F.);
#3672=EDGE_CURVE('',#4326,#4362,#4688,.F.);
#3673=EDGE_CURVE('',#4363,#4325,#4689,.T.);
#3674=EDGE_CURVE('',#4361,#4364,#650,.T.);
#3675=EDGE_CURVE('',#4364,#4320,#4690,.F.);
#3676=EDGE_CURVE('',#4365,#4360,#651,.T.);
#3677=EDGE_CURVE('',#4323,#4365,#4691,.T.);
#3678=EDGE_CURVE('',#4365,#4366,#4692,.F.);
#3679=EDGE_CURVE('',#4366,#4324,#4693,.F.);
#3680=EDGE_CURVE('',#4364,#4367,#4694,.T.);
#3681=EDGE_CURVE('',#4367,#4327,#4695,.T.);
#3682=EDGE_CURVE('',#4367,#4362,#652,.T.);
#3683=EDGE_CURVE('',#4366,#4363,#653,.F.);
#3684=EDGE_CURVE('',#4313,#4306,#654,.F.);
#3685=EDGE_CURVE('',#4313,#4202,#4696,.T.);
#3686=EDGE_CURVE('',#4202,#4209,#655,.F.);
#3687=EDGE_CURVE('',#4209,#4306,#4697,.F.);
#3688=EDGE_CURVE('',#4318,#4205,#4698,.F.);
#3689=EDGE_CURVE('',#4206,#4317,#4699,.T.);
#3690=EDGE_CURVE('',#4203,#4312,#4700,.F.);
#3691=EDGE_CURVE('',#4315,#4200,#4701,.T.);
#3692=EDGE_CURVE('',#4207,#4316,#4702,.F.);
#3693=EDGE_CURVE('',#4204,#4319,#4703,.T.);
#3694=EDGE_CURVE('',#4305,#4298,#656,.F.);
#3695=EDGE_CURVE('',#4305,#4210,#4704,.T.);
#3696=EDGE_CURVE('',#4210,#4217,#657,.F.);
#3697=EDGE_CURVE('',#4217,#4298,#4705,.F.);
#3698=EDGE_CURVE('',#4310,#4213,#4706,.F.);
#3699=EDGE_CURVE('',#4214,#4309,#4707,.T.);
#3700=EDGE_CURVE('',#4211,#4304,#4708,.F.);
#3701=EDGE_CURVE('',#4307,#4208,#4709,.T.);
#3702=EDGE_CURVE('',#4215,#4308,#4710,.F.);
#3703=EDGE_CURVE('',#4212,#4311,#4711,.T.);
#3704=EDGE_CURVE('',#4297,#4290,#658,.F.);
#3705=EDGE_CURVE('',#4297,#4218,#4712,.T.);
#3706=EDGE_CURVE('',#4218,#4225,#659,.F.);
#3707=EDGE_CURVE('',#4225,#4290,#4713,.F.);
#3708=EDGE_CURVE('',#4302,#4221,#4714,.F.);
#3709=EDGE_CURVE('',#4222,#4301,#4715,.T.);
#3710=EDGE_CURVE('',#4219,#4296,#4716,.F.);
#3711=EDGE_CURVE('',#4299,#4216,#4717,.T.);
#3712=EDGE_CURVE('',#4223,#4300,#4718,.F.);
#3713=EDGE_CURVE('',#4220,#4303,#4719,.T.);
#3714=EDGE_CURVE('',#4289,#4282,#660,.F.);
#3715=EDGE_CURVE('',#4289,#4226,#4720,.T.);
#3716=EDGE_CURVE('',#4226,#4233,#661,.F.);
#3717=EDGE_CURVE('',#4233,#4282,#4721,.F.);
#3718=EDGE_CURVE('',#4294,#4229,#4722,.F.);
#3719=EDGE_CURVE('',#4230,#4293,#4723,.T.);
#3720=EDGE_CURVE('',#4227,#4288,#4724,.F.);
#3721=EDGE_CURVE('',#4291,#4224,#4725,.T.);
#3722=EDGE_CURVE('',#4231,#4292,#4726,.F.);
#3723=EDGE_CURVE('',#4228,#4295,#4727,.T.);
#3724=EDGE_CURVE('',#4281,#4368,#662,.F.);
#3725=EDGE_CURVE('',#4281,#4234,#4728,.T.);
#3726=EDGE_CURVE('',#4234,#4241,#663,.F.);
#3727=EDGE_CURVE('',#4241,#4368,#4729,.F.);
#3728=EDGE_CURVE('',#4286,#4237,#4730,.F.);
#3729=EDGE_CURVE('',#4238,#4285,#4731,.T.);
#3730=EDGE_CURVE('',#4235,#4280,#4732,.F.);
#3731=EDGE_CURVE('',#4283,#4232,#4733,.T.);
#3732=EDGE_CURVE('',#4239,#4284,#4734,.F.);
#3733=EDGE_CURVE('',#4236,#4287,#4735,.T.);
#3734=EDGE_CURVE('',#4369,#4354,#664,.F.);
#3735=EDGE_CURVE('',#4369,#4242,#4736,.T.);
#3736=EDGE_CURVE('',#4242,#4249,#665,.F.);
#3737=EDGE_CURVE('',#4370,#4371,#4737,.T.);
#3738=EDGE_CURVE('',#4370,#4240,#4738,.T.);
#3739=EDGE_CURVE('',#4247,#4371,#4739,.F.);
#3740=EDGE_CURVE('',#4243,#4372,#4740,.F.);
#3741=EDGE_CURVE('',#4372,#4373,#4741,.F.);
#3742=EDGE_CURVE('',#4244,#4373,#4742,.T.);
#3743=EDGE_CURVE('',#4373,#4374,#666,.T.);
#3744=EDGE_CURVE('',#4374,#4245,#4743,.F.);
#3745=EDGE_CURVE('',#4246,#4375,#4744,.T.);
#3746=EDGE_CURVE('',#4371,#4375,#667,.F.);
#3747=EDGE_CURVE('',#4368,#4370,#668,.F.);
#3748=EDGE_CURVE('',#4372,#4369,#669,.F.);
#3749=EDGE_CURVE('',#4375,#4374,#670,.T.);
#3750=EDGE_CURVE('',#4376,#4376,#671,.T.);
#3751=EDGE_CURVE('',#4377,#4377,#672,.T.);
#3752=EDGE_CURVE('',#4360,#4361,#673,.F.);
#3753=EDGE_CURVE('',#4369,#4368,#674,.F.);
#3754=EDGE_CURVE('',#4378,#4378,#675,.T.);
#3755=VERTEX_POINT('',#8719);
#3756=VERTEX_POINT('',#8720);
#3757=VERTEX_POINT('',#8722);
#3758=VERTEX_POINT('',#8724);
#3759=VERTEX_POINT('',#8728);
#3760=VERTEX_POINT('',#8730);
#3761=VERTEX_POINT('',#8734);
#3762=VERTEX_POINT('',#8736);
#3763=VERTEX_POINT('',#8740);
#3764=VERTEX_POINT('',#8742);
#3765=VERTEX_POINT('',#8746);
#3766=VERTEX_POINT('',#8748);
#3767=VERTEX_POINT('',#8755);
#3768=VERTEX_POINT('',#8756);
#3769=VERTEX_POINT('',#8758);
#3770=VERTEX_POINT('',#8760);
#3771=VERTEX_POINT('',#8764);
#3772=VERTEX_POINT('',#8765);
#3773=VERTEX_POINT('',#8767);
#3774=VERTEX_POINT('',#8769);
#3775=VERTEX_POINT('',#8773);
#3776=VERTEX_POINT('',#8774);
#3777=VERTEX_POINT('',#8776);
#3778=VERTEX_POINT('',#8778);
#3779=VERTEX_POINT('',#8782);
#3780=VERTEX_POINT('',#8783);
#3781=VERTEX_POINT('',#8785);
#3782=VERTEX_POINT('',#8787);
#3783=VERTEX_POINT('',#8791);
#3784=VERTEX_POINT('',#8792);
#3785=VERTEX_POINT('',#8794);
#3786=VERTEX_POINT('',#8796);
#3787=VERTEX_POINT('',#8800);
#3788=VERTEX_POINT('',#8801);
#3789=VERTEX_POINT('',#8803);
#3790=VERTEX_POINT('',#8805);
#3791=VERTEX_POINT('',#8809);
#3792=VERTEX_POINT('',#8810);
#3793=VERTEX_POINT('',#8812);
#3794=VERTEX_POINT('',#8814);
#3795=VERTEX_POINT('',#8818);
#3796=VERTEX_POINT('',#8819);
#3797=VERTEX_POINT('',#8821);
#3798=VERTEX_POINT('',#8823);
#3799=VERTEX_POINT('',#8827);
#3800=VERTEX_POINT('',#8828);
#3801=VERTEX_POINT('',#8830);
#3802=VERTEX_POINT('',#8832);
#3803=VERTEX_POINT('',#8836);
#3804=VERTEX_POINT('',#8837);
#3805=VERTEX_POINT('',#8839);
#3806=VERTEX_POINT('',#8841);
#3807=VERTEX_POINT('',#8845);
#3808=VERTEX_POINT('',#8846);
#3809=VERTEX_POINT('',#8848);
#3810=VERTEX_POINT('',#8850);
#3811=VERTEX_POINT('',#8854);
#3812=VERTEX_POINT('',#8855);
#3813=VERTEX_POINT('',#8857);
#3814=VERTEX_POINT('',#8859);
#3815=VERTEX_POINT('',#8863);
#3816=VERTEX_POINT('',#8864);
#3817=VERTEX_POINT('',#8866);
#3818=VERTEX_POINT('',#8868);
#3819=VERTEX_POINT('',#8872);
#3820=VERTEX_POINT('',#8873);
#3821=VERTEX_POINT('',#8875);
#3822=VERTEX_POINT('',#8877);
#3823=VERTEX_POINT('',#8881);
#3824=VERTEX_POINT('',#8882);
#3825=VERTEX_POINT('',#8884);
#3826=VERTEX_POINT('',#8886);
#3827=VERTEX_POINT('',#8890);
#3828=VERTEX_POINT('',#8891);
#3829=VERTEX_POINT('',#8893);
#3830=VERTEX_POINT('',#8895);
#3831=VERTEX_POINT('',#8899);
#3832=VERTEX_POINT('',#8900);
#3833=VERTEX_POINT('',#8902);
#3834=VERTEX_POINT('',#8904);
#3835=VERTEX_POINT('',#8908);
#3836=VERTEX_POINT('',#8909);
#3837=VERTEX_POINT('',#8911);
#3838=VERTEX_POINT('',#8913);
#3839=VERTEX_POINT('',#8917);
#3840=VERTEX_POINT('',#8918);
#3841=VERTEX_POINT('',#8920);
#3842=VERTEX_POINT('',#8922);
#3843=VERTEX_POINT('',#8926);
#3844=VERTEX_POINT('',#8927);
#3845=VERTEX_POINT('',#8929);
#3846=VERTEX_POINT('',#8931);
#3847=VERTEX_POINT('',#8935);
#3848=VERTEX_POINT('',#8936);
#3849=VERTEX_POINT('',#8938);
#3850=VERTEX_POINT('',#8940);
#3851=VERTEX_POINT('',#8944);
#3852=VERTEX_POINT('',#8945);
#3853=VERTEX_POINT('',#8947);
#3854=VERTEX_POINT('',#8949);
#3855=VERTEX_POINT('',#8953);
#3856=VERTEX_POINT('',#8954);
#3857=VERTEX_POINT('',#8956);
#3858=VERTEX_POINT('',#8958);
#3859=VERTEX_POINT('',#8962);
#3860=VERTEX_POINT('',#8963);
#3861=VERTEX_POINT('',#8965);
#3862=VERTEX_POINT('',#8967);
#3863=VERTEX_POINT('',#8971);
#3864=VERTEX_POINT('',#8972);
#3865=VERTEX_POINT('',#8974);
#3866=VERTEX_POINT('',#8976);
#3867=VERTEX_POINT('',#8980);
#3868=VERTEX_POINT('',#8981);
#3869=VERTEX_POINT('',#8983);
#3870=VERTEX_POINT('',#8985);
#3871=VERTEX_POINT('',#8989);
#3872=VERTEX_POINT('',#8990);
#3873=VERTEX_POINT('',#8992);
#3874=VERTEX_POINT('',#8994);
#3875=VERTEX_POINT('',#8998);
#3876=VERTEX_POINT('',#8999);
#3877=VERTEX_POINT('',#9001);
#3878=VERTEX_POINT('',#9003);
#3879=VERTEX_POINT('',#9007);
#3880=VERTEX_POINT('',#9008);
#3881=VERTEX_POINT('',#9010);
#3882=VERTEX_POINT('',#9012);
#3883=VERTEX_POINT('',#9016);
#3884=VERTEX_POINT('',#9017);
#3885=VERTEX_POINT('',#9019);
#3886=VERTEX_POINT('',#9021);
#3887=VERTEX_POINT('',#9025);
#3888=VERTEX_POINT('',#9026);
#3889=VERTEX_POINT('',#9028);
#3890=VERTEX_POINT('',#9030);
#3891=VERTEX_POINT('',#9034);
#3892=VERTEX_POINT('',#9035);
#3893=VERTEX_POINT('',#9037);
#3894=VERTEX_POINT('',#9039);
#3895=VERTEX_POINT('',#9043);
#3896=VERTEX_POINT('',#9044);
#3897=VERTEX_POINT('',#9046);
#3898=VERTEX_POINT('',#9048);
#3899=VERTEX_POINT('',#9052);
#3900=VERTEX_POINT('',#9053);
#3901=VERTEX_POINT('',#9055);
#3902=VERTEX_POINT('',#9057);
#3903=VERTEX_POINT('',#9061);
#3904=VERTEX_POINT('',#9062);
#3905=VERTEX_POINT('',#9064);
#3906=VERTEX_POINT('',#9066);
#3907=VERTEX_POINT('',#9070);
#3908=VERTEX_POINT('',#9071);
#3909=VERTEX_POINT('',#9130);
#3910=VERTEX_POINT('',#9132);
#3911=VERTEX_POINT('',#9134);
#3912=VERTEX_POINT('',#9136);
#3913=VERTEX_POINT('',#9195);
#3914=VERTEX_POINT('',#9197);
#3915=VERTEX_POINT('',#9199);
#3916=VERTEX_POINT('',#9201);
#3917=VERTEX_POINT('',#9260);
#3918=VERTEX_POINT('',#9262);
#3919=VERTEX_POINT('',#9264);
#3920=VERTEX_POINT('',#9266);
#3921=VERTEX_POINT('',#9325);
#3922=VERTEX_POINT('',#9327);
#3923=VERTEX_POINT('',#9329);
#3924=VERTEX_POINT('',#9331);
#3925=VERTEX_POINT('',#9390);
#3926=VERTEX_POINT('',#9392);
#3927=VERTEX_POINT('',#9394);
#3928=VERTEX_POINT('',#9396);
#3929=VERTEX_POINT('',#9455);
#3930=VERTEX_POINT('',#9457);
#3931=VERTEX_POINT('',#9459);
#3932=VERTEX_POINT('',#9461);
#3933=VERTEX_POINT('',#9491);
#3934=VERTEX_POINT('',#9493);
#3935=VERTEX_POINT('',#9523);
#3936=VERTEX_POINT('',#9525);
#3937=VERTEX_POINT('',#9527);
#3938=VERTEX_POINT('',#9529);
#3939=VERTEX_POINT('',#9588);
#3940=VERTEX_POINT('',#9590);
#3941=VERTEX_POINT('',#9592);
#3942=VERTEX_POINT('',#9594);
#3943=VERTEX_POINT('',#9653);
#3944=VERTEX_POINT('',#9655);
#3945=VERTEX_POINT('',#9657);
#3946=VERTEX_POINT('',#9659);
#3947=VERTEX_POINT('',#9718);
#3948=VERTEX_POINT('',#9720);
#3949=VERTEX_POINT('',#9722);
#3950=VERTEX_POINT('',#9724);
#3951=VERTEX_POINT('',#9783);
#3952=VERTEX_POINT('',#9785);
#3953=VERTEX_POINT('',#9787);
#3954=VERTEX_POINT('',#9789);
#3955=VERTEX_POINT('',#9848);
#3956=VERTEX_POINT('',#9850);
#3957=VERTEX_POINT('',#9852);
#3958=VERTEX_POINT('',#9854);
#3959=VERTEX_POINT('',#9913);
#3960=VERTEX_POINT('',#9915);
#3961=VERTEX_POINT('',#9917);
#3962=VERTEX_POINT('',#9919);
#3963=VERTEX_POINT('',#9978);
#3964=VERTEX_POINT('',#9980);
#3965=VERTEX_POINT('',#9982);
#3966=VERTEX_POINT('',#9984);
#3967=VERTEX_POINT('',#10043);
#3968=VERTEX_POINT('',#10045);
#3969=VERTEX_POINT('',#10047);
#3970=VERTEX_POINT('',#10049);
#3971=VERTEX_POINT('',#10108);
#3972=VERTEX_POINT('',#10110);
#3973=VERTEX_POINT('',#10112);
#3974=VERTEX_POINT('',#10114);
#3975=VERTEX_POINT('',#10173);
#3976=VERTEX_POINT('',#10175);
#3977=VERTEX_POINT('',#10177);
#3978=VERTEX_POINT('',#10179);
#3979=VERTEX_POINT('',#10238);
#3980=VERTEX_POINT('',#10240);
#3981=VERTEX_POINT('',#10242);
#3982=VERTEX_POINT('',#10244);
#3983=VERTEX_POINT('',#10303);
#3984=VERTEX_POINT('',#10305);
#3985=VERTEX_POINT('',#10307);
#3986=VERTEX_POINT('',#10309);
#3987=VERTEX_POINT('',#10368);
#3988=VERTEX_POINT('',#10370);
#3989=VERTEX_POINT('',#10372);
#3990=VERTEX_POINT('',#10374);
#3991=VERTEX_POINT('',#10433);
#3992=VERTEX_POINT('',#10435);
#3993=VERTEX_POINT('',#10437);
#3994=VERTEX_POINT('',#10439);
#3995=VERTEX_POINT('',#10498);
#3996=VERTEX_POINT('',#10500);
#3997=VERTEX_POINT('',#10502);
#3998=VERTEX_POINT('',#10504);
#3999=VERTEX_POINT('',#10563);
#4000=VERTEX_POINT('',#10565);
#4001=VERTEX_POINT('',#10567);
#4002=VERTEX_POINT('',#10569);
#4003=VERTEX_POINT('',#10628);
#4004=VERTEX_POINT('',#10630);
#4005=VERTEX_POINT('',#10632);
#4006=VERTEX_POINT('',#10634);
#4007=VERTEX_POINT('',#10693);
#4008=VERTEX_POINT('',#10695);
#4009=VERTEX_POINT('',#10697);
#4010=VERTEX_POINT('',#10699);
#4011=VERTEX_POINT('',#10758);
#4012=VERTEX_POINT('',#10760);
#4013=VERTEX_POINT('',#10762);
#4014=VERTEX_POINT('',#10764);
#4015=VERTEX_POINT('',#10823);
#4016=VERTEX_POINT('',#10825);
#4017=VERTEX_POINT('',#10827);
#4018=VERTEX_POINT('',#10829);
#4019=VERTEX_POINT('',#10888);
#4020=VERTEX_POINT('',#10890);
#4021=VERTEX_POINT('',#10892);
#4022=VERTEX_POINT('',#10894);
#4023=VERTEX_POINT('',#10953);
#4024=VERTEX_POINT('',#10955);
#4025=VERTEX_POINT('',#10957);
#4026=VERTEX_POINT('',#10959);
#4027=VERTEX_POINT('',#11018);
#4028=VERTEX_POINT('',#11020);
#4029=VERTEX_POINT('',#11022);
#4030=VERTEX_POINT('',#11024);
#4031=VERTEX_POINT('',#11083);
#4032=VERTEX_POINT('',#11085);
#4033=VERTEX_POINT('',#11087);
#4034=VERTEX_POINT('',#11089);
#4035=VERTEX_POINT('',#11148);
#4036=VERTEX_POINT('',#11150);
#4037=VERTEX_POINT('',#11152);
#4038=VERTEX_POINT('',#11154);
#4039=VERTEX_POINT('',#11213);
#4040=VERTEX_POINT('',#11215);
#4041=VERTEX_POINT('',#11217);
#4042=VERTEX_POINT('',#11219);
#4043=VERTEX_POINT('',#11278);
#4044=VERTEX_POINT('',#11280);
#4045=VERTEX_POINT('',#11282);
#4046=VERTEX_POINT('',#11284);
#4047=VERTEX_POINT('',#11343);
#4048=VERTEX_POINT('',#11345);
#4049=VERTEX_POINT('',#11347);
#4050=VERTEX_POINT('',#11349);
#4051=VERTEX_POINT('',#11408);
#4052=VERTEX_POINT('',#11410);
#4053=VERTEX_POINT('',#11414);
#4054=VERTEX_POINT('',#11416);
#4055=VERTEX_POINT('',#11420);
#4056=VERTEX_POINT('',#11422);
#4057=VERTEX_POINT('',#11423);
#4058=VERTEX_POINT('',#11482);
#4059=VERTEX_POINT('',#11484);
#4060=VERTEX_POINT('',#11486);
#4061=VERTEX_POINT('',#11488);
#4062=VERTEX_POINT('',#11547);
#4063=VERTEX_POINT('',#11549);
#4064=VERTEX_POINT('',#11551);
#4065=VERTEX_POINT('',#11553);
#4066=VERTEX_POINT('',#11612);
#4067=VERTEX_POINT('',#11614);
#4068=VERTEX_POINT('',#11616);
#4069=VERTEX_POINT('',#11618);
#4070=VERTEX_POINT('',#11677);
#4071=VERTEX_POINT('',#11679);
#4072=VERTEX_POINT('',#11681);
#4073=VERTEX_POINT('',#11683);
#4074=VERTEX_POINT('',#11742);
#4075=VERTEX_POINT('',#11744);
#4076=VERTEX_POINT('',#11746);
#4077=VERTEX_POINT('',#11748);
#4078=VERTEX_POINT('',#11807);
#4079=VERTEX_POINT('',#11809);
#4080=VERTEX_POINT('',#11811);
#4081=VERTEX_POINT('',#11813);
#4082=VERTEX_POINT('',#11872);
#4083=VERTEX_POINT('',#11874);
#4084=VERTEX_POINT('',#11876);
#4085=VERTEX_POINT('',#11878);
#4086=VERTEX_POINT('',#11937);
#4087=VERTEX_POINT('',#11939);
#4088=VERTEX_POINT('',#11941);
#4089=VERTEX_POINT('',#11943);
#4090=VERTEX_POINT('',#12002);
#4091=VERTEX_POINT('',#12004);
#4092=VERTEX_POINT('',#12006);
#4093=VERTEX_POINT('',#12008);
#4094=VERTEX_POINT('',#12067);
#4095=VERTEX_POINT('',#12069);
#4096=VERTEX_POINT('',#12071);
#4097=VERTEX_POINT('',#12073);
#4098=VERTEX_POINT('',#12132);
#4099=VERTEX_POINT('',#12134);
#4100=VERTEX_POINT('',#12136);
#4101=VERTEX_POINT('',#12138);
#4102=VERTEX_POINT('',#12197);
#4103=VERTEX_POINT('',#12199);
#4104=VERTEX_POINT('',#12201);
#4105=VERTEX_POINT('',#12203);
#4106=VERTEX_POINT('',#12262);
#4107=VERTEX_POINT('',#12264);
#4108=VERTEX_POINT('',#12266);
#4109=VERTEX_POINT('',#12268);
#4110=VERTEX_POINT('',#12327);
#4111=VERTEX_POINT('',#12329);
#4112=VERTEX_POINT('',#12331);
#4113=VERTEX_POINT('',#12333);
#4114=VERTEX_POINT('',#12392);
#4115=VERTEX_POINT('',#12394);
#4116=VERTEX_POINT('',#12396);
#4117=VERTEX_POINT('',#12398);
#4118=VERTEX_POINT('',#12457);
#4119=VERTEX_POINT('',#12459);
#4120=VERTEX_POINT('',#12461);
#4121=VERTEX_POINT('',#12463);
#4122=VERTEX_POINT('',#12522);
#4123=VERTEX_POINT('',#12524);
#4124=VERTEX_POINT('',#12526);
#4125=VERTEX_POINT('',#12528);
#4126=VERTEX_POINT('',#12587);
#4127=VERTEX_POINT('',#12589);
#4128=VERTEX_POINT('',#12591);
#4129=VERTEX_POINT('',#12593);
#4130=VERTEX_POINT('',#12652);
#4131=VERTEX_POINT('',#12654);
#4132=VERTEX_POINT('',#12656);
#4133=VERTEX_POINT('',#12658);
#4134=VERTEX_POINT('',#12717);
#4135=VERTEX_POINT('',#12719);
#4136=VERTEX_POINT('',#12721);
#4137=VERTEX_POINT('',#12723);
#4138=VERTEX_POINT('',#12782);
#4139=VERTEX_POINT('',#12784);
#4140=VERTEX_POINT('',#12786);
#4141=VERTEX_POINT('',#12788);
#4142=VERTEX_POINT('',#12847);
#4143=VERTEX_POINT('',#12849);
#4144=VERTEX_POINT('',#12851);
#4145=VERTEX_POINT('',#12853);
#4146=VERTEX_POINT('',#12912);
#4147=VERTEX_POINT('',#12914);
#4148=VERTEX_POINT('',#12916);
#4149=VERTEX_POINT('',#12918);
#4150=VERTEX_POINT('',#12977);
#4151=VERTEX_POINT('',#12979);
#4152=VERTEX_POINT('',#12981);
#4153=VERTEX_POINT('',#12983);
#4154=VERTEX_POINT('',#13042);
#4155=VERTEX_POINT('',#13044);
#4156=VERTEX_POINT('',#13046);
#4157=VERTEX_POINT('',#13048);
#4158=VERTEX_POINT('',#13107);
#4159=VERTEX_POINT('',#13109);
#4160=VERTEX_POINT('',#13111);
#4161=VERTEX_POINT('',#13113);
#4162=VERTEX_POINT('',#13172);
#4163=VERTEX_POINT('',#13174);
#4164=VERTEX_POINT('',#13176);
#4165=VERTEX_POINT('',#13178);
#4166=VERTEX_POINT('',#13237);
#4167=VERTEX_POINT('',#13239);
#4168=VERTEX_POINT('',#13241);
#4169=VERTEX_POINT('',#13243);
#4170=VERTEX_POINT('',#13302);
#4171=VERTEX_POINT('',#13304);
#4172=VERTEX_POINT('',#13306);
#4173=VERTEX_POINT('',#13308);
#4174=VERTEX_POINT('',#13367);
#4175=VERTEX_POINT('',#13369);
#4176=VERTEX_POINT('',#13371);
#4177=VERTEX_POINT('',#13373);
#4178=VERTEX_POINT('',#13432);
#4179=VERTEX_POINT('',#13434);
#4180=VERTEX_POINT('',#13436);
#4181=VERTEX_POINT('',#13438);
#4182=VERTEX_POINT('',#13497);
#4183=VERTEX_POINT('',#13499);
#4184=VERTEX_POINT('',#13501);
#4185=VERTEX_POINT('',#13503);
#4186=VERTEX_POINT('',#13562);
#4187=VERTEX_POINT('',#13564);
#4188=VERTEX_POINT('',#13566);
#4189=VERTEX_POINT('',#13568);
#4190=VERTEX_POINT('',#13627);
#4191=VERTEX_POINT('',#13629);
#4192=VERTEX_POINT('',#13631);
#4193=VERTEX_POINT('',#13633);
#4194=VERTEX_POINT('',#13692);
#4195=VERTEX_POINT('',#13694);
#4196=VERTEX_POINT('',#13696);
#4197=VERTEX_POINT('',#13698);
#4198=VERTEX_POINT('',#13757);
#4199=VERTEX_POINT('',#13759);
#4200=VERTEX_POINT('',#14735);
#4201=VERTEX_POINT('',#14736);
#4202=VERTEX_POINT('',#14738);
#4203=VERTEX_POINT('',#14740);
#4204=VERTEX_POINT('',#14742);
#4205=VERTEX_POINT('',#14744);
#4206=VERTEX_POINT('',#14746);
#4207=VERTEX_POINT('',#14748);
#4208=VERTEX_POINT('',#14752);
#4209=VERTEX_POINT('',#14753);
#4210=VERTEX_POINT('',#14755);
#4211=VERTEX_POINT('',#14757);
#4212=VERTEX_POINT('',#14759);
#4213=VERTEX_POINT('',#14761);
#4214=VERTEX_POINT('',#14763);
#4215=VERTEX_POINT('',#14765);
#4216=VERTEX_POINT('',#14769);
#4217=VERTEX_POINT('',#14770);
#4218=VERTEX_POINT('',#14772);
#4219=VERTEX_POINT('',#14774);
#4220=VERTEX_POINT('',#14776);
#4221=VERTEX_POINT('',#14778);
#4222=VERTEX_POINT('',#14780);
#4223=VERTEX_POINT('',#14782);
#4224=VERTEX_POINT('',#14786);
#4225=VERTEX_POINT('',#14787);
#4226=VERTEX_POINT('',#14789);
#4227=VERTEX_POINT('',#14791);
#4228=VERTEX_POINT('',#14793);
#4229=VERTEX_POINT('',#14795);
#4230=VERTEX_POINT('',#14797);
#4231=VERTEX_POINT('',#14799);
#4232=VERTEX_POINT('',#14803);
#4233=VERTEX_POINT('',#14804);
#4234=VERTEX_POINT('',#14806);
#4235=VERTEX_POINT('',#14808);
#4236=VERTEX_POINT('',#14810);
#4237=VERTEX_POINT('',#14812);
#4238=VERTEX_POINT('',#14814);
#4239=VERTEX_POINT('',#14816);
#4240=VERTEX_POINT('',#14820);
#4241=VERTEX_POINT('',#14821);
#4242=VERTEX_POINT('',#14823);
#4243=VERTEX_POINT('',#14825);
#4244=VERTEX_POINT('',#14827);
#4245=VERTEX_POINT('',#14829);
#4246=VERTEX_POINT('',#14831);
#4247=VERTEX_POINT('',#14833);
#4248=VERTEX_POINT('',#14837);
#4249=VERTEX_POINT('',#14838);
#4250=VERTEX_POINT('',#14840);
#4251=VERTEX_POINT('',#14842);
#4252=VERTEX_POINT('',#14844);
#4253=VERTEX_POINT('',#14846);
#4254=VERTEX_POINT('',#14848);
#4255=VERTEX_POINT('',#14850);
#4256=VERTEX_POINT('',#14854);
#4257=VERTEX_POINT('',#14855);
#4258=VERTEX_POINT('',#14857);
#4259=VERTEX_POINT('',#14859);
#4260=VERTEX_POINT('',#14861);
#4261=VERTEX_POINT('',#14863);
#4262=VERTEX_POINT('',#14865);
#4263=VERTEX_POINT('',#14867);
#4264=VERTEX_POINT('',#14871);
#4265=VERTEX_POINT('',#14872);
#4266=VERTEX_POINT('',#14874);
#4267=VERTEX_POINT('',#14876);
#4268=VERTEX_POINT('',#14878);
#4269=VERTEX_POINT('',#14880);
#4270=VERTEX_POINT('',#14882);
#4271=VERTEX_POINT('',#14884);
#4272=VERTEX_POINT('',#14888);
#4273=VERTEX_POINT('',#14889);
#4274=VERTEX_POINT('',#14891);
#4275=VERTEX_POINT('',#14893);
#4276=VERTEX_POINT('',#14895);
#4277=VERTEX_POINT('',#14897);
#4278=VERTEX_POINT('',#14899);
#4279=VERTEX_POINT('',#14901);
#4280=VERTEX_POINT('',#14905);
#4281=VERTEX_POINT('',#14906);
#4282=VERTEX_POINT('',#14908);
#4283=VERTEX_POINT('',#14910);
#4284=VERTEX_POINT('',#14912);
#4285=VERTEX_POINT('',#14914);
#4286=VERTEX_POINT('',#14916);
#4287=VERTEX_POINT('',#14918);
#4288=VERTEX_POINT('',#14922);
#4289=VERTEX_POINT('',#14923);
#4290=VERTEX_POINT('',#14925);
#4291=VERTEX_POINT('',#14927);
#4292=VERTEX_POINT('',#14929);
#4293=VERTEX_POINT('',#14931);
#4294=VERTEX_POINT('',#14933);
#4295=VERTEX_POINT('',#14935);
#4296=VERTEX_POINT('',#14939);
#4297=VERTEX_POINT('',#14940);
#4298=VERTEX_POINT('',#14942);
#4299=VERTEX_POINT('',#14944);
#4300=VERTEX_POINT('',#14946);
#4301=VERTEX_POINT('',#14948);
#4302=VERTEX_POINT('',#14950);
#4303=VERTEX_POINT('',#14952);
#4304=VERTEX_POINT('',#14956);
#4305=VERTEX_POINT('',#14957);
#4306=VERTEX_POINT('',#14959);
#4307=VERTEX_POINT('',#14961);
#4308=VERTEX_POINT('',#14963);
#4309=VERTEX_POINT('',#14965);
#4310=VERTEX_POINT('',#14967);
#4311=VERTEX_POINT('',#14969);
#4312=VERTEX_POINT('',#14973);
#4313=VERTEX_POINT('',#14974);
#4314=VERTEX_POINT('',#14976);
#4315=VERTEX_POINT('',#14978);
#4316=VERTEX_POINT('',#14980);
#4317=VERTEX_POINT('',#14982);
#4318=VERTEX_POINT('',#14984);
#4319=VERTEX_POINT('',#14986);
#4320=VERTEX_POINT('',#14990);
#4321=VERTEX_POINT('',#14991);
#4322=VERTEX_POINT('',#14993);
#4323=VERTEX_POINT('',#14995);
#4324=VERTEX_POINT('',#14997);
#4325=VERTEX_POINT('',#14999);
#4326=VERTEX_POINT('',#15001);
#4327=VERTEX_POINT('',#15003);
#4328=VERTEX_POINT('',#15007);
#4329=VERTEX_POINT('',#15008);
#4330=VERTEX_POINT('',#15010);
#4331=VERTEX_POINT('',#15012);
#4332=VERTEX_POINT('',#15014);
#4333=VERTEX_POINT('',#15016);
#4334=VERTEX_POINT('',#15018);
#4335=VERTEX_POINT('',#15020);
#4336=VERTEX_POINT('',#15024);
#4337=VERTEX_POINT('',#15025);
#4338=VERTEX_POINT('',#15027);
#4339=VERTEX_POINT('',#15029);
#4340=VERTEX_POINT('',#15031);
#4341=VERTEX_POINT('',#15033);
#4342=VERTEX_POINT('',#15035);
#4343=VERTEX_POINT('',#15037);
#4344=VERTEX_POINT('',#15041);
#4345=VERTEX_POINT('',#15042);
#4346=VERTEX_POINT('',#15044);
#4347=VERTEX_POINT('',#15046);
#4348=VERTEX_POINT('',#15048);
#4349=VERTEX_POINT('',#15050);
#4350=VERTEX_POINT('',#15052);
#4351=VERTEX_POINT('',#15054);
#4352=VERTEX_POINT('',#15058);
#4353=VERTEX_POINT('',#15059);
#4354=VERTEX_POINT('',#15061);
#4355=VERTEX_POINT('',#15063);
#4356=VERTEX_POINT('',#15065);
#4357=VERTEX_POINT('',#15067);
#4358=VERTEX_POINT('',#15069);
#4359=VERTEX_POINT('',#15071);
#4360=VERTEX_POINT('',#15132);
#4361=VERTEX_POINT('',#15150);
#4362=VERTEX_POINT('',#15155);
#4363=VERTEX_POINT('',#15156);
#4364=VERTEX_POINT('',#15161);
#4365=VERTEX_POINT('',#15165);
#4366=VERTEX_POINT('',#15169);
#4367=VERTEX_POINT('',#15173);
#4368=VERTEX_POINT('',#15253);
#4369=VERTEX_POINT('',#15272);
#4370=VERTEX_POINT('',#15277);
#4371=VERTEX_POINT('',#15278);
#4372=VERTEX_POINT('',#15283);
#4373=VERTEX_POINT('',#15285);
#4374=VERTEX_POINT('',#15289);
#4375=VERTEX_POINT('',#15293);
#4376=VERTEX_POINT('',#15303);
#4377=VERTEX_POINT('',#15305);
#4378=VERTEX_POINT('',#15314);
#4379=LINE('',#8718,#4745);
#4380=LINE('',#8721,#4746);
#4381=LINE('',#8723,#4747);
#4382=LINE('',#8725,#4748);
#4383=LINE('',#8727,#4749);
#4384=LINE('',#8729,#4750);
#4385=LINE('',#8731,#4751);
#4386=LINE('',#8733,#4752);
#4387=LINE('',#8735,#4753);
#4388=LINE('',#8737,#4754);
#4389=LINE('',#8739,#4755);
#4390=LINE('',#8741,#4756);
#4391=LINE('',#8743,#4757);
#4392=LINE('',#8745,#4758);
#4393=LINE('',#8747,#4759);
#4394=LINE('',#8749,#4760);
#4395=LINE('',#8751,#4761);
#4396=LINE('',#8752,#4762);
#4397=LINE('',#8754,#4763);
#4398=LINE('',#8759,#4764);
#4399=LINE('',#8766,#4765);
#4400=LINE('',#8770,#4766);
#4401=LINE('',#8772,#4767);
#4402=LINE('',#8777,#4768);
#4403=LINE('',#8784,#4769);
#4404=LINE('',#8788,#4770);
#4405=LINE('',#8790,#4771);
#4406=LINE('',#8795,#4772);
#4407=LINE('',#8799,#4773);
#4408=LINE('',#8804,#4774);
#4409=LINE('',#8808,#4775);
#4410=LINE('',#8813,#4776);
#4411=LINE('',#8817,#4777);
#4412=LINE('',#8822,#4778);
#4413=LINE('',#8826,#4779);
#4414=LINE('',#8831,#4780);
#4415=LINE('',#8835,#4781);
#4416=LINE('',#8840,#4782);
#4417=LINE('',#8844,#4783);
#4418=LINE('',#8849,#4784);
#4419=LINE('',#8856,#4785);
#4420=LINE('',#8860,#4786);
#4421=LINE('',#8862,#4787);
#4422=LINE('',#8867,#4788);
#4423=LINE('',#8871,#4789);
#4424=LINE('',#8876,#4790);
#4425=LINE('',#8880,#4791);
#4426=LINE('',#8885,#4792);
#4427=LINE('',#8889,#4793);
#4428=LINE('',#8894,#4794);
#4429=LINE('',#8898,#4795);
#4430=LINE('',#8903,#4796);
#4431=LINE('',#8910,#4797);
#4432=LINE('',#8914,#4798);
#4433=LINE('',#8919,#4799);
#4434=LINE('',#8923,#4800);
#4435=LINE('',#8928,#4801);
#4436=LINE('',#8932,#4802);
#4437=LINE('',#8934,#4803);
#4438=LINE('',#8939,#4804);
#4439=LINE('',#8943,#4805);
#4440=LINE('',#8948,#4806);
#4441=LINE('',#8955,#4807);
#4442=LINE('',#8959,#4808);
#4443=LINE('',#8964,#4809);
#4444=LINE('',#8968,#4810);
#4445=LINE('',#8970,#4811);
#4446=LINE('',#8975,#4812);
#4447=LINE('',#8982,#4813);
#4448=LINE('',#8986,#4814);
#4449=LINE('',#8988,#4815);
#4450=LINE('',#8993,#4816);
#4451=LINE('',#9000,#4817);
#4452=LINE('',#9004,#4818);
#4453=LINE('',#9006,#4819);
#4454=LINE('',#9011,#4820);
#4455=LINE('',#9018,#4821);
#4456=LINE('',#9022,#4822);
#4457=LINE('',#9027,#4823);
#4458=LINE('',#9031,#4824);
#4459=LINE('',#9036,#4825);
#4460=LINE('',#9040,#4826);
#4461=LINE('',#9045,#4827);
#4462=LINE('',#9049,#4828);
#4463=LINE('',#9054,#4829);
#4464=LINE('',#9058,#4830);
#4465=LINE('',#9063,#4831);
#4466=LINE('',#9067,#4832);
#4467=LINE('',#11413,#4833);
#4468=LINE('',#11417,#4834);
#4469=LINE('',#13771,#4835);
#4470=LINE('',#13782,#4836);
#4471=LINE('',#13784,#4837);
#4472=LINE('',#13785,#4838);
#4473=LINE('',#13798,#4839);
#4474=LINE('',#13809,#4840);
#4475=LINE('',#13811,#4841);
#4476=LINE('',#13812,#4842);
#4477=LINE('',#13825,#4843);
#4478=LINE('',#13836,#4844);
#4479=LINE('',#13838,#4845);
#4480=LINE('',#13839,#4846);
#4481=LINE('',#13852,#4847);
#4482=LINE('',#13863,#4848);
#4483=LINE('',#13865,#4849);
#4484=LINE('',#13866,#4850);
#4485=LINE('',#13879,#4851);
#4486=LINE('',#13890,#4852);
#4487=LINE('',#13892,#4853);
#4488=LINE('',#13893,#4854);
#4489=LINE('',#13906,#4855);
#4490=LINE('',#13917,#4856);
#4491=LINE('',#13919,#4857);
#4492=LINE('',#13920,#4858);
#4493=LINE('',#13933,#4859);
#4494=LINE('',#13944,#4860);
#4495=LINE('',#13946,#4861);
#4496=LINE('',#13947,#4862);
#4497=LINE('',#13960,#4863);
#4498=LINE('',#13971,#4864);
#4499=LINE('',#13973,#4865);
#4500=LINE('',#13974,#4866);
#4501=LINE('',#13987,#4867);
#4502=LINE('',#13998,#4868);
#4503=LINE('',#14000,#4869);
#4504=LINE('',#14001,#4870);
#4505=LINE('',#14014,#4871);
#4506=LINE('',#14025,#4872);
#4507=LINE('',#14027,#4873);
#4508=LINE('',#14028,#4874);
#4509=LINE('',#14041,#4875);
#4510=LINE('',#14052,#4876);
#4511=LINE('',#14054,#4877);
#4512=LINE('',#14055,#4878);
#4513=LINE('',#14068,#4879);
#4514=LINE('',#14079,#4880);
#4515=LINE('',#14081,#4881);
#4516=LINE('',#14082,#4882);
#4517=LINE('',#14095,#4883);
#4518=LINE('',#14106,#4884);
#4519=LINE('',#14108,#4885);
#4520=LINE('',#14109,#4886);
#4521=LINE('',#14122,#4887);
#4522=LINE('',#14133,#4888);
#4523=LINE('',#14135,#4889);
#4524=LINE('',#14136,#4890);
#4525=LINE('',#14149,#4891);
#4526=LINE('',#14160,#4892);
#4527=LINE('',#14162,#4893);
#4528=LINE('',#14163,#4894);
#4529=LINE('',#14176,#4895);
#4530=LINE('',#14187,#4896);
#4531=LINE('',#14189,#4897);
#4532=LINE('',#14190,#4898);
#4533=LINE('',#14203,#4899);
#4534=LINE('',#14214,#4900);
#4535=LINE('',#14216,#4901);
#4536=LINE('',#14217,#4902);
#4537=LINE('',#14230,#4903);
#4538=LINE('',#14241,#4904);
#4539=LINE('',#14243,#4905);
#4540=LINE('',#14244,#4906);
#4541=LINE('',#14257,#4907);
#4542=LINE('',#14268,#4908);
#4543=LINE('',#14270,#4909);
#4544=LINE('',#14271,#4910);
#4545=LINE('',#14284,#4911);
#4546=LINE('',#14295,#4912);
#4547=LINE('',#14297,#4913);
#4548=LINE('',#14298,#4914);
#4549=LINE('',#14311,#4915);
#4550=LINE('',#14322,#4916);
#4551=LINE('',#14324,#4917);
#4552=LINE('',#14325,#4918);
#4553=LINE('',#14338,#4919);
#4554=LINE('',#14349,#4920);
#4555=LINE('',#14351,#4921);
#4556=LINE('',#14352,#4922);
#4557=LINE('',#14365,#4923);
#4558=LINE('',#14376,#4924);
#4559=LINE('',#14378,#4925);
#4560=LINE('',#14379,#4926);
#4561=LINE('',#14392,#4927);
#4562=LINE('',#14403,#4928);
#4563=LINE('',#14405,#4929);
#4564=LINE('',#14406,#4930);
#4565=LINE('',#14419,#4931);
#4566=LINE('',#14430,#4932);
#4567=LINE('',#14432,#4933);
#4568=LINE('',#14433,#4934);
#4569=LINE('',#14446,#4935);
#4570=LINE('',#14457,#4936);
#4571=LINE('',#14459,#4937);
#4572=LINE('',#14460,#4938);
#4573=LINE('',#14473,#4939);
#4574=LINE('',#14484,#4940);
#4575=LINE('',#14486,#4941);
#4576=LINE('',#14487,#4942);
#4577=LINE('',#14500,#4943);
#4578=LINE('',#14511,#4944);
#4579=LINE('',#14513,#4945);
#4580=LINE('',#14514,#4946);
#4581=LINE('',#14527,#4947);
#4582=LINE('',#14538,#4948);
#4583=LINE('',#14540,#4949);
#4584=LINE('',#14541,#4950);
#4585=LINE('',#14554,#4951);
#4586=LINE('',#14565,#4952);
#4587=LINE('',#14567,#4953);
#4588=LINE('',#14568,#4954);
#4589=LINE('',#14581,#4955);
#4590=LINE('',#14592,#4956);
#4591=LINE('',#14594,#4957);
#4592=LINE('',#14595,#4958);
#4593=LINE('',#14608,#4959);
#4594=LINE('',#14619,#4960);
#4595=LINE('',#14621,#4961);
#4596=LINE('',#14622,#4962);
#4597=LINE('',#14635,#4963);
#4598=LINE('',#14646,#4964);
#4599=LINE('',#14648,#4965);
#4600=LINE('',#14649,#4966);
#4601=LINE('',#14662,#4967);
#4602=LINE('',#14673,#4968);
#4603=LINE('',#14675,#4969);
#4604=LINE('',#14676,#4970);
#4605=LINE('',#14689,#4971);
#4606=LINE('',#14700,#4972);
#4607=LINE('',#14702,#4973);
#4608=LINE('',#14703,#4974);
#4609=LINE('',#14716,#4975);
#4610=LINE('',#14727,#4976);
#4611=LINE('',#14729,#4977);
#4612=LINE('',#14730,#4978);
#4613=LINE('',#14741,#4979);
#4614=LINE('',#14749,#4980);
#4615=LINE('',#14758,#4981);
#4616=LINE('',#14766,#4982);
#4617=LINE('',#14775,#4983);
#4618=LINE('',#14783,#4984);
#4619=LINE('',#14792,#4985);
#4620=LINE('',#14800,#4986);
#4621=LINE('',#14809,#4987);
#4622=LINE('',#14817,#4988);
#4623=LINE('',#14826,#4989);
#4624=LINE('',#14834,#4990);
#4625=LINE('',#14843,#4991);
#4626=LINE('',#14851,#4992);
#4627=LINE('',#14860,#4993);
#4628=LINE('',#14868,#4994);
#4629=LINE('',#14877,#4995);
#4630=LINE('',#14885,#4996);
#4631=LINE('',#14894,#4997);
#4632=LINE('',#14902,#4998);
#4633=LINE('',#14911,#4999);
#4634=LINE('',#14919,#5000);
#4635=LINE('',#14928,#5001);
#4636=LINE('',#14936,#5002);
#4637=LINE('',#14945,#5003);
#4638=LINE('',#14953,#5004);
#4639=LINE('',#14962,#5005);
#4640=LINE('',#14970,#5006);
#4641=LINE('',#14979,#5007);
#4642=LINE('',#14987,#5008);
#4643=LINE('',#14996,#5009);
#4644=LINE('',#15004,#5010);
#4645=LINE('',#15013,#5011);
#4646=LINE('',#15021,#5012);
#4647=LINE('',#15030,#5013);
#4648=LINE('',#15038,#5014);
#4649=LINE('',#15047,#5015);
#4650=LINE('',#15055,#5016);
#4651=LINE('',#15064,#5017);
#4652=LINE('',#15072,#5018);
#4653=LINE('',#15075,#5019);
#4654=LINE('',#15077,#5020);
#4655=LINE('',#15079,#5021);
#4656=LINE('',#15080,#5022);
#4657=LINE('',#15082,#5023);
#4658=LINE('',#15084,#5024);
#4659=LINE('',#15085,#5025);
#4660=LINE('',#15087,#5026);
#4661=LINE('',#15089,#5027);
#4662=LINE('',#15094,#5028);
#4663=LINE('',#15096,#5029);
#4664=LINE('',#15098,#5030);
#4665=LINE('',#15099,#5031);
#4666=LINE('',#15101,#5032);
#4667=LINE('',#15103,#5033);
#4668=LINE('',#15105,#5034);
#4669=LINE('',#15107,#5035);
#4670=LINE('',#15112,#5036);
#4671=LINE('',#15114,#5037);
#4672=LINE('',#15116,#5038);
#4673=LINE('',#15117,#5039);
#4674=LINE('',#15119,#5040);
#4675=LINE('',#15121,#5041);
#4676=LINE('',#15123,#5042);
#4677=LINE('',#15125,#5043);
#4678=LINE('',#15130,#5044);
#4679=LINE('',#15133,#5045);
#4680=LINE('',#15135,#5046);
#4681=LINE('',#15136,#5047);
#4682=LINE('',#15138,#5048);
#4683=LINE('',#15140,#5049);
#4684=LINE('',#15142,#5050);
#4685=LINE('',#15144,#5051);
#4686=LINE('',#15149,#5052);
#4687=LINE('',#15152,#5053);
#4688=LINE('',#15157,#5054);
#4689=LINE('',#15158,#5055);
#4690=LINE('',#15162,#5056);
#4691=LINE('',#15166,#5057);
#4692=LINE('',#15168,#5058);
#4693=LINE('',#15170,#5059);
#4694=LINE('',#15172,#5060);
#4695=LINE('',#15174,#5061);
#4696=LINE('',#15181,#5062);
#4697=LINE('',#15183,#5063);
#4698=LINE('',#15185,#5064);
#4699=LINE('',#15186,#5065);
#4700=LINE('',#15188,#5066);
#4701=LINE('',#15190,#5067);
#4702=LINE('',#15192,#5068);
#4703=LINE('',#15194,#5069);
#4704=LINE('',#15199,#5070);
#4705=LINE('',#15201,#5071);
#4706=LINE('',#15203,#5072);
#4707=LINE('',#15204,#5073);
#4708=LINE('',#15206,#5074);
#4709=LINE('',#15208,#5075);
#4710=LINE('',#15210,#5076);
#4711=LINE('',#15212,#5077);
#4712=LINE('',#15217,#5078);
#4713=LINE('',#15219,#5079);
#4714=LINE('',#15221,#5080);
#4715=LINE('',#15222,#5081);
#4716=LINE('',#15224,#5082);
#4717=LINE('',#15226,#5083);
#4718=LINE('',#15228,#5084);
#4719=LINE('',#15230,#5085);
#4720=LINE('',#15235,#5086);
#4721=LINE('',#15237,#5087);
#4722=LINE('',#15239,#5088);
#4723=LINE('',#15240,#5089);
#4724=LINE('',#15242,#5090);
#4725=LINE('',#15244,#5091);
#4726=LINE('',#15246,#5092);
#4727=LINE('',#15248,#5093);
#4728=LINE('',#15254,#5094);
#4729=LINE('',#15256,#5095);
#4730=LINE('',#15258,#5096);
#4731=LINE('',#15259,#5097);
#4732=LINE('',#15261,#5098);
#4733=LINE('',#15263,#5099);
#4734=LINE('',#15265,#5100);
#4735=LINE('',#15267,#5101);
#4736=LINE('',#15273,#5102);
#4737=LINE('',#15276,#5103);
#4738=LINE('',#15279,#5104);
#4739=LINE('',#15280,#5105);
#4740=LINE('',#15282,#5106);
#4741=LINE('',#15284,#5107);
#4742=LINE('',#15286,#5108);
#4743=LINE('',#15290,#5109);
#4744=LINE('',#15292,#5110);
#4745=VECTOR('',#6926,1.);
#4746=VECTOR('',#6927,1.);
#4747=VECTOR('',#6928,1.);
#4748=VECTOR('',#6929,1.);
#4749=VECTOR('',#6932,1.);
#4750=VECTOR('',#6933,1.);
#4751=VECTOR('',#6934,1.);
#4752=VECTOR('',#6937,1.);
#4753=VECTOR('',#6938,1.);
#4754=VECTOR('',#6939,1.);
#4755=VECTOR('',#6942,1.);
#4756=VECTOR('',#6943,1.);
#4757=VECTOR('',#6944,1.);
#4758=VECTOR('',#6947,1.);
#4759=VECTOR('',#6948,1.);
#4760=VECTOR('',#6949,1.);
#4761=VECTOR('',#6952,1.);
#4762=VECTOR('',#6953,1.);
#4763=VECTOR('',#6956,1.);
#4764=VECTOR('',#6959,1.);
#4765=VECTOR('',#6966,1.);
#4766=VECTOR('',#6969,1.);
#4767=VECTOR('',#6972,1.);
#4768=VECTOR('',#6975,1.);
#4769=VECTOR('',#6982,1.);
#4770=VECTOR('',#6985,1.);
#4771=VECTOR('',#6988,1.);
#4772=VECTOR('',#6991,1.);
#4773=VECTOR('',#6996,1.);
#4774=VECTOR('',#6999,1.);
#4775=VECTOR('',#7004,1.);
#4776=VECTOR('',#7007,1.);
#4777=VECTOR('',#7012,1.);
#4778=VECTOR('',#7015,1.);
#4779=VECTOR('',#7020,1.);
#4780=VECTOR('',#7023,1.);
#4781=VECTOR('',#7028,1.);
#4782=VECTOR('',#7031,1.);
#4783=VECTOR('',#7036,1.);
#4784=VECTOR('',#7039,1.);
#4785=VECTOR('',#7046,1.);
#4786=VECTOR('',#7049,1.);
#4787=VECTOR('',#7052,1.);
#4788=VECTOR('',#7055,1.);
#4789=VECTOR('',#7060,1.);
#4790=VECTOR('',#7063,1.);
#4791=VECTOR('',#7068,1.);
#4792=VECTOR('',#7071,1.);
#4793=VECTOR('',#7076,1.);
#4794=VECTOR('',#7079,1.);
#4795=VECTOR('',#7084,1.);
#4796=VECTOR('',#7087,1.);
#4797=VECTOR('',#7094,1.);
#4798=VECTOR('',#7097,1.);
#4799=VECTOR('',#7102,1.);
#4800=VECTOR('',#7105,1.);
#4801=VECTOR('',#7110,1.);
#4802=VECTOR('',#7113,1.);
#4803=VECTOR('',#7116,1.);
#4804=VECTOR('',#7119,1.);
#4805=VECTOR('',#7124,1.);
#4806=VECTOR('',#7127,1.);
#4807=VECTOR('',#7134,1.);
#4808=VECTOR('',#7137,1.);
#4809=VECTOR('',#7142,1.);
#4810=VECTOR('',#7145,1.);
#4811=VECTOR('',#7148,1.);
#4812=VECTOR('',#7151,1.);
#4813=VECTOR('',#7158,1.);
#4814=VECTOR('',#7161,1.);
#4815=VECTOR('',#7164,1.);
#4816=VECTOR('',#7167,1.);
#4817=VECTOR('',#7174,1.);
#4818=VECTOR('',#7177,1.);
#4819=VECTOR('',#7180,1.);
#4820=VECTOR('',#7183,1.);
#4821=VECTOR('',#7190,1.);
#4822=VECTOR('',#7193,1.);
#4823=VECTOR('',#7198,1.);
#4824=VECTOR('',#7201,1.);
#4825=VECTOR('',#7206,1.);
#4826=VECTOR('',#7209,1.);
#4827=VECTOR('',#7214,1.);
#4828=VECTOR('',#7217,1.);
#4829=VECTOR('',#7222,1.);
#4830=VECTOR('',#7225,1.);
#4831=VECTOR('',#7230,1.);
#4832=VECTOR('',#7233,1.);
#4833=VECTOR('',#7456,1.);
#4834=VECTOR('',#7459,1.);
#4835=VECTOR('',#7680,1.);
#4836=VECTOR('',#7681,1.);
#4837=VECTOR('',#7684,1.);
#4838=VECTOR('',#7685,1.);
#4839=VECTOR('',#7690,1.);
#4840=VECTOR('',#7691,1.);
#4841=VECTOR('',#7694,1.);
#4842=VECTOR('',#7695,1.);
#4843=VECTOR('',#7700,1.);
#4844=VECTOR('',#7701,1.);
#4845=VECTOR('',#7704,1.);
#4846=VECTOR('',#7705,1.);
#4847=VECTOR('',#7710,1.);
#4848=VECTOR('',#7711,1.);
#4849=VECTOR('',#7714,1.);
#4850=VECTOR('',#7715,1.);
#4851=VECTOR('',#7720,1.);
#4852=VECTOR('',#7721,1.);
#4853=VECTOR('',#7724,1.);
#4854=VECTOR('',#7725,1.);
#4855=VECTOR('',#7730,1.);
#4856=VECTOR('',#7731,1.);
#4857=VECTOR('',#7734,1.);
#4858=VECTOR('',#7735,1.);
#4859=VECTOR('',#7740,1.);
#4860=VECTOR('',#7741,1.);
#4861=VECTOR('',#7744,1.);
#4862=VECTOR('',#7745,1.);
#4863=VECTOR('',#7750,1.);
#4864=VECTOR('',#7751,1.);
#4865=VECTOR('',#7754,1.);
#4866=VECTOR('',#7755,1.);
#4867=VECTOR('',#7760,1.);
#4868=VECTOR('',#7761,1.);
#4869=VECTOR('',#7764,1.);
#4870=VECTOR('',#7765,1.);
#4871=VECTOR('',#7770,1.);
#4872=VECTOR('',#7771,1.);
#4873=VECTOR('',#7774,1.);
#4874=VECTOR('',#7775,1.);
#4875=VECTOR('',#7780,1.);
#4876=VECTOR('',#7781,1.);
#4877=VECTOR('',#7784,1.);
#4878=VECTOR('',#7785,1.);
#4879=VECTOR('',#7790,1.);
#4880=VECTOR('',#7791,1.);
#4881=VECTOR('',#7794,1.);
#4882=VECTOR('',#7795,1.);
#4883=VECTOR('',#7800,1.);
#4884=VECTOR('',#7801,1.);
#4885=VECTOR('',#7804,1.);
#4886=VECTOR('',#7805,1.);
#4887=VECTOR('',#7810,1.);
#4888=VECTOR('',#7811,1.);
#4889=VECTOR('',#7814,1.);
#4890=VECTOR('',#7815,1.);
#4891=VECTOR('',#7820,1.);
#4892=VECTOR('',#7821,1.);
#4893=VECTOR('',#7824,1.);
#4894=VECTOR('',#7825,1.);
#4895=VECTOR('',#7830,1.);
#4896=VECTOR('',#7831,1.);
#4897=VECTOR('',#7834,1.);
#4898=VECTOR('',#7835,1.);
#4899=VECTOR('',#7840,1.);
#4900=VECTOR('',#7841,1.);
#4901=VECTOR('',#7844,1.);
#4902=VECTOR('',#7845,1.);
#4903=VECTOR('',#7850,1.);
#4904=VECTOR('',#7851,1.);
#4905=VECTOR('',#7854,1.);
#4906=VECTOR('',#7855,1.);
#4907=VECTOR('',#7860,1.);
#4908=VECTOR('',#7861,1.);
#4909=VECTOR('',#7864,1.);
#4910=VECTOR('',#7865,1.);
#4911=VECTOR('',#7870,1.);
#4912=VECTOR('',#7871,1.);
#4913=VECTOR('',#7874,1.);
#4914=VECTOR('',#7875,1.);
#4915=VECTOR('',#7880,1.);
#4916=VECTOR('',#7881,1.);
#4917=VECTOR('',#7884,1.);
#4918=VECTOR('',#7885,1.);
#4919=VECTOR('',#7890,1.);
#4920=VECTOR('',#7891,1.);
#4921=VECTOR('',#7894,1.);
#4922=VECTOR('',#7895,1.);
#4923=VECTOR('',#7900,1.);
#4924=VECTOR('',#7901,1.);
#4925=VECTOR('',#7904,1.);
#4926=VECTOR('',#7905,1.);
#4927=VECTOR('',#7910,1.);
#4928=VECTOR('',#7911,1.);
#4929=VECTOR('',#7914,1.);
#4930=VECTOR('',#7915,1.);
#4931=VECTOR('',#7920,1.);
#4932=VECTOR('',#7921,1.);
#4933=VECTOR('',#7924,1.);
#4934=VECTOR('',#7925,1.);
#4935=VECTOR('',#7930,1.);
#4936=VECTOR('',#7931,1.);
#4937=VECTOR('',#7934,1.);
#4938=VECTOR('',#7935,1.);
#4939=VECTOR('',#7940,1.);
#4940=VECTOR('',#7941,1.);
#4941=VECTOR('',#7944,1.);
#4942=VECTOR('',#7945,1.);
#4943=VECTOR('',#7950,1.);
#4944=VECTOR('',#7951,1.);
#4945=VECTOR('',#7954,1.);
#4946=VECTOR('',#7955,1.);
#4947=VECTOR('',#7960,1.);
#4948=VECTOR('',#7961,1.);
#4949=VECTOR('',#7964,1.);
#4950=VECTOR('',#7965,1.);
#4951=VECTOR('',#7970,1.);
#4952=VECTOR('',#7971,1.);
#4953=VECTOR('',#7974,1.);
#4954=VECTOR('',#7975,1.);
#4955=VECTOR('',#7980,1.);
#4956=VECTOR('',#7981,1.);
#4957=VECTOR('',#7984,1.);
#4958=VECTOR('',#7985,1.);
#4959=VECTOR('',#7990,1.);
#4960=VECTOR('',#7991,1.);
#4961=VECTOR('',#7994,1.);
#4962=VECTOR('',#7995,1.);
#4963=VECTOR('',#8000,1.);
#4964=VECTOR('',#8001,1.);
#4965=VECTOR('',#8004,1.);
#4966=VECTOR('',#8005,1.);
#4967=VECTOR('',#8010,1.);
#4968=VECTOR('',#8011,1.);
#4969=VECTOR('',#8014,1.);
#4970=VECTOR('',#8015,1.);
#4971=VECTOR('',#8020,1.);
#4972=VECTOR('',#8021,1.);
#4973=VECTOR('',#8024,1.);
#4974=VECTOR('',#8025,1.);
#4975=VECTOR('',#8030,1.);
#4976=VECTOR('',#8031,1.);
#4977=VECTOR('',#8034,1.);
#4978=VECTOR('',#8035,1.);
#4979=VECTOR('',#8048,1.);
#4980=VECTOR('',#8055,1.);
#4981=VECTOR('',#8064,1.);
#4982=VECTOR('',#8071,1.);
#4983=VECTOR('',#8080,1.);
#4984=VECTOR('',#8087,1.);
#4985=VECTOR('',#8096,1.);
#4986=VECTOR('',#8103,1.);
#4987=VECTOR('',#8112,1.);
#4988=VECTOR('',#8119,1.);
#4989=VECTOR('',#8128,1.);
#4990=VECTOR('',#8135,1.);
#4991=VECTOR('',#8144,1.);
#4992=VECTOR('',#8151,1.);
#4993=VECTOR('',#8160,1.);
#4994=VECTOR('',#8167,1.);
#4995=VECTOR('',#8176,1.);
#4996=VECTOR('',#8183,1.);
#4997=VECTOR('',#8192,1.);
#4998=VECTOR('',#8199,1.);
#4999=VECTOR('',#8208,1.);
#5000=VECTOR('',#8215,1.);
#5001=VECTOR('',#8224,1.);
#5002=VECTOR('',#8231,1.);
#5003=VECTOR('',#8240,1.);
#5004=VECTOR('',#8247,1.);
#5005=VECTOR('',#8256,1.);
#5006=VECTOR('',#8263,1.);
#5007=VECTOR('',#8272,1.);
#5008=VECTOR('',#8279,1.);
#5009=VECTOR('',#8288,1.);
#5010=VECTOR('',#8295,1.);
#5011=VECTOR('',#8304,1.);
#5012=VECTOR('',#8311,1.);
#5013=VECTOR('',#8320,1.);
#5014=VECTOR('',#8327,1.);
#5015=VECTOR('',#8336,1.);
#5016=VECTOR('',#8343,1.);
#5017=VECTOR('',#8352,1.);
#5018=VECTOR('',#8359,1.);
#5019=VECTOR('',#8364,1.);
#5020=VECTOR('',#8367,1.);
#5021=VECTOR('',#8370,1.);
#5022=VECTOR('',#8371,1.);
#5023=VECTOR('',#8374,1.);
#5024=VECTOR('',#8377,1.);
#5025=VECTOR('',#8378,1.);
#5026=VECTOR('',#8381,1.);
#5027=VECTOR('',#8384,1.);
#5028=VECTOR('',#8393,1.);
#5029=VECTOR('',#8396,1.);
#5030=VECTOR('',#8399,1.);
#5031=VECTOR('',#8400,1.);
#5032=VECTOR('',#8403,1.);
#5033=VECTOR('',#8406,1.);
#5034=VECTOR('',#8409,1.);
#5035=VECTOR('',#8412,1.);
#5036=VECTOR('',#8421,1.);
#5037=VECTOR('',#8424,1.);
#5038=VECTOR('',#8427,1.);
#5039=VECTOR('',#8428,1.);
#5040=VECTOR('',#8431,1.);
#5041=VECTOR('',#8434,1.);
#5042=VECTOR('',#8437,1.);
#5043=VECTOR('',#8440,1.);
#5044=VECTOR('',#8449,1.);
#5045=VECTOR('',#8452,1.);
#5046=VECTOR('',#8455,1.);
#5047=VECTOR('',#8456,1.);
#5048=VECTOR('',#8459,1.);
#5049=VECTOR('',#8462,1.);
#5050=VECTOR('',#8465,1.);
#5051=VECTOR('',#8468,1.);
#5052=VECTOR('',#8477,1.);
#5053=VECTOR('',#8480,1.);
#5054=VECTOR('',#8485,1.);
#5055=VECTOR('',#8486,1.);
#5056=VECTOR('',#8491,1.);
#5057=VECTOR('',#8496,1.);
#5058=VECTOR('',#8499,1.);
#5059=VECTOR('',#8500,1.);
#5060=VECTOR('',#8503,1.);
#5061=VECTOR('',#8504,1.);
#5062=VECTOR('',#8517,1.);
#5063=VECTOR('',#8520,1.);
#5064=VECTOR('',#8523,1.);
#5065=VECTOR('',#8524,1.);
#5066=VECTOR('',#8527,1.);
#5067=VECTOR('',#8530,1.);
#5068=VECTOR('',#8533,1.);
#5069=VECTOR('',#8536,1.);
#5070=VECTOR('',#8545,1.);
#5071=VECTOR('',#8548,1.);
#5072=VECTOR('',#8551,1.);
#5073=VECTOR('',#8552,1.);
#5074=VECTOR('',#8555,1.);
#5075=VECTOR('',#8558,1.);
#5076=VECTOR('',#8561,1.);
#5077=VECTOR('',#8564,1.);
#5078=VECTOR('',#8573,1.);
#5079=VECTOR('',#8576,1.);
#5080=VECTOR('',#8579,1.);
#5081=VECTOR('',#8580,1.);
#5082=VECTOR('',#8583,1.);
#5083=VECTOR('',#8586,1.);
#5084=VECTOR('',#8589,1.);
#5085=VECTOR('',#8592,1.);
#5086=VECTOR('',#8601,1.);
#5087=VECTOR('',#8604,1.);
#5088=VECTOR('',#8607,1.);
#5089=VECTOR('',#8608,1.);
#5090=VECTOR('',#8611,1.);
#5091=VECTOR('',#8614,1.);
#5092=VECTOR('',#8617,1.);
#5093=VECTOR('',#8620,1.);
#5094=VECTOR('',#8629,1.);
#5095=VECTOR('',#8632,1.);
#5096=VECTOR('',#8635,1.);
#5097=VECTOR('',#8636,1.);
#5098=VECTOR('',#8639,1.);
#5099=VECTOR('',#8642,1.);
#5100=VECTOR('',#8645,1.);
#5101=VECTOR('',#8648,1.);
#5102=VECTOR('',#8657,1.);
#5103=VECTOR('',#8662,1.);
#5104=VECTOR('',#8663,1.);
#5105=VECTOR('',#8664,1.);
#5106=VECTOR('',#8667,1.);
#5107=VECTOR('',#8668,1.);
#5108=VECTOR('',#8669,1.);
#5109=VECTOR('',#8674,1.);
#5110=VECTOR('',#8677,1.);
#5111=EDGE_LOOP('',(#887,#888,#889,#890));
#5112=EDGE_LOOP('',(#891,#892,#893,#894));
#5113=EDGE_LOOP('',(#895,#896,#897,#898));
#5114=EDGE_LOOP('',(#899,#900,#901,#902));
#5115=EDGE_LOOP('',(#903,#904,#905,#906));
#5116=EDGE_LOOP('',(#907,#908,#909,#910));
#5117=EDGE_LOOP('',(#911,#912,#913,#914));
#5118=EDGE_LOOP('',(#915,#916,#917,#918));
#5119=EDGE_LOOP('',(#919,#920,#921,#922));
#5120=EDGE_LOOP('',(#923,#924,#925,#926));
#5121=EDGE_LOOP('',(#927,#928,#929,#930));
#5122=EDGE_LOOP('',(#931,#932,#933,#934));
#5123=EDGE_LOOP('',(#935,#936,#937,#938));
#5124=EDGE_LOOP('',(#939,#940,#941,#942));
#5125=EDGE_LOOP('',(#943,#944,#945,#946));
#5126=EDGE_LOOP('',(#947,#948,#949,#950));
#5127=EDGE_LOOP('',(#951,#952,#953,#954));
#5128=EDGE_LOOP('',(#955,#956,#957,#958));
#5129=EDGE_LOOP('',(#959,#960,#961,#962));
#5130=EDGE_LOOP('',(#963,#964,#965,#966));
#5131=EDGE_LOOP('',(#967,#968,#969,#970));
#5132=EDGE_LOOP('',(#971,#972,#973,#974));
#5133=EDGE_LOOP('',(#975,#976,#977,#978));
#5134=EDGE_LOOP('',(#979,#980,#981,#982));
#5135=EDGE_LOOP('',(#983,#984,#985,#986));
#5136=EDGE_LOOP('',(#987,#988,#989,#990));
#5137=EDGE_LOOP('',(#991,#992,#993,#994));
#5138=EDGE_LOOP('',(#995,#996,#997,#998));
#5139=EDGE_LOOP('',(#999,#1000,#1001,#1002));
#5140=EDGE_LOOP('',(#1003,#1004,#1005,#1006));
#5141=EDGE_LOOP('',(#1007,#1008,#1009,#1010));
#5142=EDGE_LOOP('',(#1011,#1012,#1013,#1014));
#5143=EDGE_LOOP('',(#1015,#1016,#1017,#1018));
#5144=EDGE_LOOP('',(#1019,#1020,#1021,#1022));
#5145=EDGE_LOOP('',(#1023,#1024,#1025,#1026));
#5146=EDGE_LOOP('',(#1027,#1028,#1029,#1030));
#5147=EDGE_LOOP('',(#1031,#1032,#1033,#1034));
#5148=EDGE_LOOP('',(#1035,#1036,#1037,#1038));
#5149=EDGE_LOOP('',(#1039,#1040,#1041,#1042));
#5150=EDGE_LOOP('',(#1043,#1044,#1045,#1046));
#5151=EDGE_LOOP('',(#1047,#1048,#1049,#1050));
#5152=EDGE_LOOP('',(#1051,#1052,#1053,#1054,#1055,#1056,#1057,#1058,#1059,
#1060,#1061,#1062,#1063,#1064,#1065,#1066,#1067,#1068,#1069,#1070,#1071,
#1072,#1073,#1074,#1075,#1076,#1077,#1078,#1079,#1080,#1081,#1082,#1083,
#1084,#1085,#1086,#1087,#1088,#1089,#1090,#1091,#1092,#1093,#1094,#1095,
#1096,#1097,#1098,#1099,#1100,#1101,#1102,#1103,#1104,#1105,#1106,#1107,
#1108,#1109,#1110,#1111,#1112,#1113,#1114,#1115,#1116,#1117,#1118,#1119,
#1120,#1121,#1122,#1123,#1124,#1125,#1126,#1127,#1128,#1129,#1130,#1131,
#1132,#1133,#1134,#1135,#1136,#1137,#1138,#1139,#1140,#1141,#1142,#1143,
#1144,#1145,#1146,#1147,#1148,#1149,#1150,#1151,#1152,#1153,#1154,#1155,
#1156,#1157,#1158,#1159,#1160,#1161,#1162,#1163,#1164,#1165,#1166,#1167,
#1168,#1169,#1170,#1171,#1172,#1173,#1174,#1175,#1176,#1177,#1178,#1179,
#1180,#1181,#1182,#1183,#1184,#1185,#1186,#1187,#1188,#1189,#1190,#1191,
#1192,#1193,#1194,#1195,#1196,#1197,#1198,#1199,#1200,#1201,#1202,#1203,
#1204,#1205,#1206,#1207,#1208,#1209,#1210,#1211,#1212,#1213,#1214,#1215,
#1216,#1217,#1218,#1219,#1220,#1221,#1222,#1223,#1224,#1225,#1226,#1227,
#1228,#1229,#1230,#1231,#1232,#1233,#1234,#1235,#1236,#1237,#1238,#1239,
#1240,#1241,#1242,#1243,#1244,#1245,#1246,#1247,#1248,#1249,#1250,#1251,
#1252,#1253,#1254,#1255,#1256,#1257,#1258,#1259,#1260,#1261,#1262,#1263,
#1264,#1265,#1266));
#5153=EDGE_LOOP('',(#1267,#1268,#1269,#1270,#1271,#1272));
#5154=EDGE_LOOP('',(#1273,#1274,#1275,#1276));
#5155=EDGE_LOOP('',(#1277));
#5156=EDGE_LOOP('',(#1278,#1279,#1280,#1281,#1282,#1283,#1284,#1285,#1286,
#1287,#1288,#1289,#1290,#1291,#1292,#1293,#1294,#1295,#1296,#1297,#1298,
#1299,#1300,#1301,#1302,#1303,#1304,#1305,#1306,#1307,#1308,#1309,#1310,
#1311,#1312,#1313,#1314,#1315,#1316,#1317,#1318,#1319,#1320,#1321,#1322,
#1323,#1324,#1325,#1326,#1327,#1328,#1329,#1330,#1331,#1332,#1333,#1334,
#1335,#1336,#1337,#1338,#1339,#1340,#1341,#1342,#1343,#1344,#1345,#1346,
#1347,#1348,#1349,#1350,#1351,#1352,#1353,#1354,#1355,#1356,#1357,#1358,
#1359,#1360,#1361,#1362,#1363,#1364,#1365,#1366,#1367,#1368,#1369,#1370,
#1371,#1372,#1373,#1374,#1375,#1376,#1377,#1378,#1379,#1380,#1381,#1382,
#1383,#1384,#1385,#1386,#1387,#1388,#1389,#1390,#1391,#1392,#1393,#1394,
#1395,#1396,#1397,#1398,#1399,#1400,#1401,#1402,#1403,#1404,#1405,#1406,
#1407,#1408,#1409,#1410,#1411,#1412,#1413,#1414,#1415,#1416,#1417,#1418,
#1419,#1420,#1421,#1422,#1423,#1424,#1425,#1426,#1427,#1428,#1429,#1430,
#1431,#1432,#1433,#1434,#1435,#1436,#1437,#1438,#1439,#1440,#1441,#1442,
#1443,#1444,#1445,#1446,#1447,#1448,#1449,#1450,#1451,#1452,#1453,#1454,
#1455,#1456,#1457,#1458,#1459,#1460,#1461,#1462,#1463,#1464,#1465,#1466,
#1467,#1468,#1469,#1470,#1471,#1472,#1473,#1474,#1475,#1476,#1477,#1478,
#1479,#1480,#1481,#1482,#1483,#1484,#1485,#1486,#1487,#1488,#1489,#1490,
#1491,#1492,#1493));
#5157=EDGE_LOOP('',(#1494,#1495,#1496,#1497));
#5158=EDGE_LOOP('',(#1498,#1499,#1500,#1501));
#5159=EDGE_LOOP('',(#1502,#1503,#1504,#1505));
#5160=EDGE_LOOP('',(#1506,#1507,#1508,#1509));
#5161=EDGE_LOOP('',(#1510,#1511,#1512,#1513));
#5162=EDGE_LOOP('',(#1514,#1515,#1516,#1517));
#5163=EDGE_LOOP('',(#1518,#1519,#1520,#1521));
#5164=EDGE_LOOP('',(#1522,#1523,#1524,#1525));
#5165=EDGE_LOOP('',(#1526,#1527,#1528,#1529));
#5166=EDGE_LOOP('',(#1530,#1531,#1532,#1533));
#5167=EDGE_LOOP('',(#1534,#1535,#1536,#1537));
#5168=EDGE_LOOP('',(#1538,#1539,#1540,#1541));
#5169=EDGE_LOOP('',(#1542,#1543,#1544,#1545));
#5170=EDGE_LOOP('',(#1546,#1547,#1548,#1549));
#5171=EDGE_LOOP('',(#1550,#1551,#1552,#1553));
#5172=EDGE_LOOP('',(#1554,#1555,#1556,#1557));
#5173=EDGE_LOOP('',(#1558,#1559,#1560,#1561));
#5174=EDGE_LOOP('',(#1562,#1563,#1564,#1565));
#5175=EDGE_LOOP('',(#1566,#1567,#1568,#1569));
#5176=EDGE_LOOP('',(#1570,#1571,#1572,#1573));
#5177=EDGE_LOOP('',(#1574,#1575,#1576,#1577));
#5178=EDGE_LOOP('',(#1578,#1579,#1580,#1581));
#5179=EDGE_LOOP('',(#1582,#1583,#1584,#1585));
#5180=EDGE_LOOP('',(#1586,#1587,#1588,#1589));
#5181=EDGE_LOOP('',(#1590,#1591,#1592,#1593));
#5182=EDGE_LOOP('',(#1594,#1595,#1596,#1597));
#5183=EDGE_LOOP('',(#1598,#1599,#1600,#1601));
#5184=EDGE_LOOP('',(#1602,#1603,#1604,#1605));
#5185=EDGE_LOOP('',(#1606,#1607,#1608,#1609));
#5186=EDGE_LOOP('',(#1610,#1611,#1612,#1613));
#5187=EDGE_LOOP('',(#1614,#1615,#1616,#1617));
#5188=EDGE_LOOP('',(#1618,#1619,#1620,#1621));
#5189=EDGE_LOOP('',(#1622,#1623,#1624,#1625));
#5190=EDGE_LOOP('',(#1626,#1627,#1628,#1629));
#5191=EDGE_LOOP('',(#1630,#1631,#1632,#1633));
#5192=EDGE_LOOP('',(#1634,#1635,#1636,#1637));
#5193=EDGE_LOOP('',(#1638,#1639,#1640,#1641));
#5194=EDGE_LOOP('',(#1642,#1643,#1644,#1645));
#5195=EDGE_LOOP('',(#1646,#1647,#1648,#1649));
#5196=EDGE_LOOP('',(#1650,#1651,#1652,#1653));
#5197=EDGE_LOOP('',(#1654,#1655,#1656,#1657));
#5198=EDGE_LOOP('',(#1658,#1659,#1660,#1661));
#5199=EDGE_LOOP('',(#1662,#1663,#1664,#1665));
#5200=EDGE_LOOP('',(#1666,#1667,#1668,#1669));
#5201=EDGE_LOOP('',(#1670,#1671,#1672,#1673));
#5202=EDGE_LOOP('',(#1674,#1675,#1676,#1677));
#5203=EDGE_LOOP('',(#1678,#1679,#1680,#1681));
#5204=EDGE_LOOP('',(#1682,#1683,#1684,#1685));
#5205=EDGE_LOOP('',(#1686,#1687,#1688,#1689));
#5206=EDGE_LOOP('',(#1690,#1691,#1692,#1693));
#5207=EDGE_LOOP('',(#1694,#1695,#1696,#1697));
#5208=EDGE_LOOP('',(#1698,#1699,#1700,#1701));
#5209=EDGE_LOOP('',(#1702,#1703,#1704,#1705));
#5210=EDGE_LOOP('',(#1706,#1707,#1708,#1709));
#5211=EDGE_LOOP('',(#1710,#1711,#1712,#1713));
#5212=EDGE_LOOP('',(#1714,#1715,#1716,#1717));
#5213=EDGE_LOOP('',(#1718,#1719,#1720,#1721));
#5214=EDGE_LOOP('',(#1722,#1723,#1724,#1725));
#5215=EDGE_LOOP('',(#1726,#1727,#1728,#1729));
#5216=EDGE_LOOP('',(#1730,#1731,#1732,#1733));
#5217=EDGE_LOOP('',(#1734,#1735,#1736,#1737));
#5218=EDGE_LOOP('',(#1738,#1739,#1740,#1741));
#5219=EDGE_LOOP('',(#1742,#1743,#1744,#1745));
#5220=EDGE_LOOP('',(#1746,#1747,#1748,#1749));
#5221=EDGE_LOOP('',(#1750,#1751,#1752,#1753));
#5222=EDGE_LOOP('',(#1754,#1755,#1756,#1757));
#5223=EDGE_LOOP('',(#1758,#1759,#1760,#1761));
#5224=EDGE_LOOP('',(#1762,#1763,#1764,#1765));
#5225=EDGE_LOOP('',(#1766,#1767,#1768,#1769));
#5226=EDGE_LOOP('',(#1770,#1771,#1772,#1773));
#5227=EDGE_LOOP('',(#1774,#1775,#1776,#1777));
#5228=EDGE_LOOP('',(#1778,#1779,#1780,#1781));
#5229=EDGE_LOOP('',(#1782,#1783,#1784,#1785));
#5230=EDGE_LOOP('',(#1786,#1787,#1788,#1789));
#5231=EDGE_LOOP('',(#1790,#1791,#1792,#1793));
#5232=EDGE_LOOP('',(#1794,#1795,#1796,#1797));
#5233=EDGE_LOOP('',(#1798,#1799,#1800,#1801));
#5234=EDGE_LOOP('',(#1802,#1803,#1804,#1805));
#5235=EDGE_LOOP('',(#1806,#1807,#1808,#1809));
#5236=EDGE_LOOP('',(#1810,#1811,#1812,#1813));
#5237=EDGE_LOOP('',(#1814,#1815,#1816,#1817));
#5238=EDGE_LOOP('',(#1818,#1819,#1820,#1821));
#5239=EDGE_LOOP('',(#1822,#1823,#1824,#1825));
#5240=EDGE_LOOP('',(#1826,#1827,#1828,#1829));
#5241=EDGE_LOOP('',(#1830,#1831,#1832,#1833));
#5242=EDGE_LOOP('',(#1834,#1835,#1836,#1837));
#5243=EDGE_LOOP('',(#1838,#1839,#1840,#1841));
#5244=EDGE_LOOP('',(#1842,#1843,#1844,#1845));
#5245=EDGE_LOOP('',(#1846,#1847,#1848,#1849));
#5246=EDGE_LOOP('',(#1850,#1851,#1852,#1853));
#5247=EDGE_LOOP('',(#1854,#1855,#1856,#1857));
#5248=EDGE_LOOP('',(#1858,#1859,#1860,#1861));
#5249=EDGE_LOOP('',(#1862,#1863,#1864,#1865));
#5250=EDGE_LOOP('',(#1866,#1867,#1868,#1869));
#5251=EDGE_LOOP('',(#1870,#1871,#1872,#1873));
#5252=EDGE_LOOP('',(#1874,#1875,#1876,#1877));
#5253=EDGE_LOOP('',(#1878,#1879,#1880,#1881));
#5254=EDGE_LOOP('',(#1882,#1883,#1884,#1885));
#5255=EDGE_LOOP('',(#1886,#1887,#1888,#1889));
#5256=EDGE_LOOP('',(#1890,#1891,#1892,#1893));
#5257=EDGE_LOOP('',(#1894,#1895,#1896,#1897));
#5258=EDGE_LOOP('',(#1898,#1899,#1900,#1901));
#5259=EDGE_LOOP('',(#1902,#1903,#1904,#1905));
#5260=EDGE_LOOP('',(#1906,#1907,#1908,#1909));
#5261=EDGE_LOOP('',(#1910,#1911,#1912,#1913));
#5262=EDGE_LOOP('',(#1914,#1915,#1916,#1917));
#5263=EDGE_LOOP('',(#1918,#1919,#1920,#1921));
#5264=EDGE_LOOP('',(#1922,#1923,#1924,#1925));
#5265=EDGE_LOOP('',(#1926,#1927,#1928,#1929));
#5266=EDGE_LOOP('',(#1930,#1931,#1932,#1933));
#5267=EDGE_LOOP('',(#1934,#1935,#1936,#1937));
#5268=EDGE_LOOP('',(#1938,#1939,#1940,#1941));
#5269=EDGE_LOOP('',(#1942,#1943,#1944,#1945));
#5270=EDGE_LOOP('',(#1946,#1947,#1948,#1949));
#5271=EDGE_LOOP('',(#1950,#1951,#1952,#1953));
#5272=EDGE_LOOP('',(#1954,#1955,#1956,#1957));
#5273=EDGE_LOOP('',(#1958,#1959,#1960,#1961));
#5274=EDGE_LOOP('',(#1962,#1963,#1964,#1965));
#5275=EDGE_LOOP('',(#1966,#1967,#1968,#1969));
#5276=EDGE_LOOP('',(#1970,#1971,#1972,#1973));
#5277=EDGE_LOOP('',(#1974,#1975,#1976,#1977));
#5278=EDGE_LOOP('',(#1978,#1979,#1980,#1981));
#5279=EDGE_LOOP('',(#1982,#1983,#1984,#1985));
#5280=EDGE_LOOP('',(#1986,#1987,#1988,#1989));
#5281=EDGE_LOOP('',(#1990,#1991,#1992,#1993));
#5282=EDGE_LOOP('',(#1994,#1995,#1996,#1997));
#5283=EDGE_LOOP('',(#1998,#1999,#2000,#2001));
#5284=EDGE_LOOP('',(#2002,#2003,#2004,#2005));
#5285=EDGE_LOOP('',(#2006,#2007,#2008,#2009));
#5286=EDGE_LOOP('',(#2010,#2011,#2012,#2013));
#5287=EDGE_LOOP('',(#2014,#2015,#2016,#2017));
#5288=EDGE_LOOP('',(#2018,#2019,#2020,#2021));
#5289=EDGE_LOOP('',(#2022,#2023,#2024,#2025));
#5290=EDGE_LOOP('',(#2026,#2027,#2028,#2029));
#5291=EDGE_LOOP('',(#2030,#2031,#2032,#2033));
#5292=EDGE_LOOP('',(#2034,#2035,#2036,#2037));
#5293=EDGE_LOOP('',(#2038,#2039,#2040,#2041));
#5294=EDGE_LOOP('',(#2042,#2043,#2044,#2045));
#5295=EDGE_LOOP('',(#2046,#2047,#2048,#2049));
#5296=EDGE_LOOP('',(#2050,#2051,#2052,#2053));
#5297=EDGE_LOOP('',(#2054,#2055,#2056,#2057));
#5298=EDGE_LOOP('',(#2058,#2059,#2060,#2061));
#5299=EDGE_LOOP('',(#2062,#2063,#2064,#2065));
#5300=EDGE_LOOP('',(#2066,#2067,#2068,#2069));
#5301=EDGE_LOOP('',(#2070,#2071,#2072,#2073));
#5302=EDGE_LOOP('',(#2074,#2075,#2076,#2077));
#5303=EDGE_LOOP('',(#2078,#2079,#2080,#2081));
#5304=EDGE_LOOP('',(#2082,#2083,#2084,#2085));
#5305=EDGE_LOOP('',(#2086,#2087,#2088,#2089));
#5306=EDGE_LOOP('',(#2090,#2091,#2092,#2093));
#5307=EDGE_LOOP('',(#2094,#2095,#2096,#2097));
#5308=EDGE_LOOP('',(#2098,#2099,#2100,#2101));
#5309=EDGE_LOOP('',(#2102,#2103,#2104,#2105));
#5310=EDGE_LOOP('',(#2106,#2107,#2108,#2109));
#5311=EDGE_LOOP('',(#2110,#2111,#2112,#2113));
#5312=EDGE_LOOP('',(#2114,#2115,#2116,#2117));
#5313=EDGE_LOOP('',(#2118,#2119,#2120,#2121));
#5314=EDGE_LOOP('',(#2122,#2123,#2124,#2125));
#5315=EDGE_LOOP('',(#2126,#2127,#2128,#2129));
#5316=EDGE_LOOP('',(#2130,#2131,#2132,#2133));
#5317=EDGE_LOOP('',(#2134,#2135,#2136,#2137));
#5318=EDGE_LOOP('',(#2138,#2139,#2140,#2141));
#5319=EDGE_LOOP('',(#2142,#2143,#2144,#2145));
#5320=EDGE_LOOP('',(#2146,#2147,#2148,#2149));
#5321=EDGE_LOOP('',(#2150,#2151,#2152,#2153));
#5322=EDGE_LOOP('',(#2154,#2155,#2156,#2157));
#5323=EDGE_LOOP('',(#2158,#2159,#2160,#2161));
#5324=EDGE_LOOP('',(#2162,#2163,#2164,#2165));
#5325=EDGE_LOOP('',(#2166,#2167,#2168,#2169));
#5326=EDGE_LOOP('',(#2170,#2171,#2172,#2173));
#5327=EDGE_LOOP('',(#2174,#2175,#2176,#2177));
#5328=EDGE_LOOP('',(#2178,#2179,#2180,#2181));
#5329=EDGE_LOOP('',(#2182,#2183,#2184,#2185));
#5330=EDGE_LOOP('',(#2186,#2187,#2188,#2189));
#5331=EDGE_LOOP('',(#2190,#2191,#2192,#2193));
#5332=EDGE_LOOP('',(#2194,#2195,#2196,#2197));
#5333=EDGE_LOOP('',(#2198,#2199,#2200,#2201));
#5334=EDGE_LOOP('',(#2202,#2203,#2204,#2205));
#5335=EDGE_LOOP('',(#2206,#2207,#2208,#2209));
#5336=EDGE_LOOP('',(#2210,#2211,#2212,#2213));
#5337=EDGE_LOOP('',(#2214,#2215,#2216,#2217,#2218,#2219,#2220,#2221));
#5338=EDGE_LOOP('',(#2222,#2223,#2224,#2225,#2226,#2227,#2228,#2229));
#5339=EDGE_LOOP('',(#2230,#2231,#2232,#2233,#2234,#2235,#2236,#2237));
#5340=EDGE_LOOP('',(#2238,#2239,#2240,#2241,#2242,#2243,#2244,#2245));
#5341=EDGE_LOOP('',(#2246,#2247,#2248,#2249,#2250,#2251,#2252,#2253));
#5342=EDGE_LOOP('',(#2254,#2255,#2256,#2257,#2258,#2259,#2260,#2261));
#5343=EDGE_LOOP('',(#2262,#2263,#2264,#2265,#2266,#2267,#2268,#2269));
#5344=EDGE_LOOP('',(#2270,#2271,#2272,#2273,#2274,#2275,#2276,#2277));
#5345=EDGE_LOOP('',(#2278,#2279,#2280,#2281,#2282,#2283,#2284,#2285));
#5346=EDGE_LOOP('',(#2286,#2287,#2288,#2289,#2290,#2291,#2292,#2293));
#5347=EDGE_LOOP('',(#2294,#2295,#2296,#2297,#2298,#2299,#2300,#2301));
#5348=EDGE_LOOP('',(#2302,#2303,#2304,#2305,#2306,#2307,#2308,#2309));
#5349=EDGE_LOOP('',(#2310,#2311,#2312,#2313,#2314,#2315,#2316,#2317));
#5350=EDGE_LOOP('',(#2318,#2319,#2320,#2321,#2322,#2323,#2324,#2325));
#5351=EDGE_LOOP('',(#2326,#2327,#2328,#2329,#2330,#2331,#2332,#2333));
#5352=EDGE_LOOP('',(#2334,#2335,#2336,#2337,#2338,#2339,#2340,#2341));
#5353=EDGE_LOOP('',(#2342,#2343,#2344,#2345,#2346,#2347,#2348,#2349));
#5354=EDGE_LOOP('',(#2350,#2351,#2352,#2353,#2354,#2355,#2356,#2357));
#5355=EDGE_LOOP('',(#2358,#2359,#2360,#2361,#2362,#2363,#2364,#2365));
#5356=EDGE_LOOP('',(#2366,#2367,#2368,#2369,#2370,#2371,#2372,#2373));
#5357=EDGE_LOOP('',(#2374,#2375,#2376,#2377));
#5358=EDGE_LOOP('',(#2378,#2379,#2380,#2381));
#5359=EDGE_LOOP('',(#2382,#2383,#2384,#2385));
#5360=EDGE_LOOP('',(#2386,#2387,#2388,#2389));
#5361=EDGE_LOOP('',(#2390,#2391,#2392,#2393));
#5362=EDGE_LOOP('',(#2394,#2395,#2396,#2397));
#5363=EDGE_LOOP('',(#2398,#2399,#2400,#2401));
#5364=EDGE_LOOP('',(#2402,#2403,#2404,#2405));
#5365=EDGE_LOOP('',(#2406,#2407,#2408,#2409));
#5366=EDGE_LOOP('',(#2410,#2411,#2412,#2413));
#5367=EDGE_LOOP('',(#2414,#2415,#2416,#2417));
#5368=EDGE_LOOP('',(#2418,#2419,#2420,#2421));
#5369=EDGE_LOOP('',(#2422,#2423,#2424,#2425));
#5370=EDGE_LOOP('',(#2426,#2427,#2428,#2429));
#5371=EDGE_LOOP('',(#2430,#2431,#2432,#2433));
#5372=EDGE_LOOP('',(#2434,#2435,#2436,#2437));
#5373=EDGE_LOOP('',(#2438,#2439,#2440,#2441));
#5374=EDGE_LOOP('',(#2442,#2443,#2444,#2445));
#5375=EDGE_LOOP('',(#2446,#2447,#2448,#2449));
#5376=EDGE_LOOP('',(#2450,#2451,#2452,#2453));
#5377=EDGE_LOOP('',(#2454,#2455,#2456,#2457));
#5378=EDGE_LOOP('',(#2458,#2459,#2460,#2461));
#5379=EDGE_LOOP('',(#2462,#2463,#2464,#2465));
#5380=EDGE_LOOP('',(#2466,#2467,#2468,#2469));
#5381=EDGE_LOOP('',(#2470,#2471,#2472,#2473));
#5382=EDGE_LOOP('',(#2474,#2475,#2476,#2477));
#5383=EDGE_LOOP('',(#2478,#2479,#2480,#2481));
#5384=EDGE_LOOP('',(#2482,#2483,#2484,#2485));
#5385=EDGE_LOOP('',(#2486,#2487,#2488,#2489));
#5386=EDGE_LOOP('',(#2490,#2491,#2492,#2493));
#5387=EDGE_LOOP('',(#2494,#2495,#2496,#2497));
#5388=EDGE_LOOP('',(#2498,#2499,#2500,#2501));
#5389=EDGE_LOOP('',(#2502,#2503,#2504,#2505));
#5390=EDGE_LOOP('',(#2506,#2507,#2508,#2509));
#5391=EDGE_LOOP('',(#2510,#2511,#2512,#2513));
#5392=EDGE_LOOP('',(#2514,#2515,#2516,#2517));
#5393=EDGE_LOOP('',(#2518,#2519,#2520,#2521));
#5394=EDGE_LOOP('',(#2522,#2523,#2524,#2525));
#5395=EDGE_LOOP('',(#2526,#2527,#2528,#2529));
#5396=EDGE_LOOP('',(#2530,#2531,#2532,#2533));
#5397=EDGE_LOOP('',(#2534,#2535,#2536,#2537));
#5398=EDGE_LOOP('',(#2538,#2539,#2540,#2541));
#5399=EDGE_LOOP('',(#2542,#2543,#2544,#2545));
#5400=EDGE_LOOP('',(#2546,#2547,#2548,#2549));
#5401=EDGE_LOOP('',(#2550,#2551,#2552,#2553));
#5402=EDGE_LOOP('',(#2554,#2555,#2556,#2557));
#5403=EDGE_LOOP('',(#2558,#2559,#2560,#2561));
#5404=EDGE_LOOP('',(#2562,#2563,#2564,#2565));
#5405=EDGE_LOOP('',(#2566,#2567,#2568,#2569));
#5406=EDGE_LOOP('',(#2570,#2571,#2572,#2573));
#5407=EDGE_LOOP('',(#2574,#2575,#2576,#2577));
#5408=EDGE_LOOP('',(#2578,#2579,#2580,#2581));
#5409=EDGE_LOOP('',(#2582,#2583,#2584,#2585));
#5410=EDGE_LOOP('',(#2586,#2587,#2588,#2589));
#5411=EDGE_LOOP('',(#2590,#2591,#2592,#2593));
#5412=EDGE_LOOP('',(#2594,#2595,#2596,#2597));
#5413=EDGE_LOOP('',(#2598,#2599,#2600,#2601));
#5414=EDGE_LOOP('',(#2602,#2603,#2604,#2605));
#5415=EDGE_LOOP('',(#2606,#2607,#2608,#2609));
#5416=EDGE_LOOP('',(#2610,#2611,#2612,#2613));
#5417=EDGE_LOOP('',(#2614,#2615,#2616,#2617));
#5418=EDGE_LOOP('',(#2618,#2619,#2620,#2621));
#5419=EDGE_LOOP('',(#2622,#2623,#2624,#2625));
#5420=EDGE_LOOP('',(#2626,#2627,#2628,#2629));
#5421=EDGE_LOOP('',(#2630,#2631,#2632,#2633));
#5422=EDGE_LOOP('',(#2634,#2635,#2636,#2637));
#5423=EDGE_LOOP('',(#2638,#2639,#2640,#2641));
#5424=EDGE_LOOP('',(#2642,#2643,#2644,#2645));
#5425=EDGE_LOOP('',(#2646,#2647,#2648,#2649));
#5426=EDGE_LOOP('',(#2650,#2651,#2652,#2653));
#5427=EDGE_LOOP('',(#2654,#2655,#2656,#2657));
#5428=EDGE_LOOP('',(#2658,#2659,#2660,#2661));
#5429=EDGE_LOOP('',(#2662,#2663,#2664,#2665));
#5430=EDGE_LOOP('',(#2666,#2667,#2668,#2669));
#5431=EDGE_LOOP('',(#2670,#2671,#2672,#2673));
#5432=EDGE_LOOP('',(#2674,#2675,#2676,#2677));
#5433=EDGE_LOOP('',(#2678,#2679,#2680,#2681));
#5434=EDGE_LOOP('',(#2682,#2683,#2684,#2685));
#5435=EDGE_LOOP('',(#2686,#2687,#2688,#2689));
#5436=EDGE_LOOP('',(#2690,#2691,#2692,#2693));
#5437=EDGE_LOOP('',(#2694,#2695,#2696,#2697));
#5438=EDGE_LOOP('',(#2698,#2699,#2700,#2701));
#5439=EDGE_LOOP('',(#2702,#2703,#2704,#2705));
#5440=EDGE_LOOP('',(#2706,#2707,#2708,#2709));
#5441=EDGE_LOOP('',(#2710,#2711,#2712,#2713));
#5442=EDGE_LOOP('',(#2714,#2715,#2716,#2717));
#5443=EDGE_LOOP('',(#2718,#2719,#2720,#2721));
#5444=EDGE_LOOP('',(#2722,#2723,#2724,#2725));
#5445=EDGE_LOOP('',(#2726));
#5446=EDGE_LOOP('',(#2727));
#5447=EDGE_LOOP('',(#2728,#2729,#2730,#2731,#2732,#2733,#2734,#2735));
#5448=EDGE_LOOP('',(#2736,#2737,#2738,#2739,#2740,#2741,#2742,#2743));
#5449=EDGE_LOOP('',(#2744,#2745,#2746,#2747,#2748,#2749,#2750,#2751,#2752,
#2753,#2754,#2755,#2756,#2757,#2758,#2759,#2760,#2761,#2762,#2763,#2764,
#2765));
#5450=EDGE_LOOP('',(#2766));
#5451=EDGE_LOOP('',(#2767));
#5452=EDGE_LOOP('',(#2768,#2769,#2770,#2771,#2772,#2773,#2774,#2775,#2776,
#2777,#2778,#2779,#2780,#2781,#2782,#2783,#2784,#2785,#2786,#2787,#2788,
#2789));
#5453=EDGE_LOOP('',(#2790));
#5454=EDGE_LOOP('',(#2791));
#5455=EDGE_LOOP('',(#2792,#2793,#2794,#2795,#2796,#2797));
#5456=EDGE_LOOP('',(#2798));
#5457=FACE_BOUND('',#5111,.T.);
#5458=FACE_BOUND('',#5112,.T.);
#5459=FACE_BOUND('',#5113,.T.);
#5460=FACE_BOUND('',#5114,.T.);
#5461=FACE_BOUND('',#5115,.T.);
#5462=FACE_BOUND('',#5116,.T.);
#5463=FACE_BOUND('',#5117,.T.);
#5464=FACE_BOUND('',#5118,.T.);
#5465=FACE_BOUND('',#5119,.T.);
#5466=FACE_BOUND('',#5120,.T.);
#5467=FACE_BOUND('',#5121,.T.);
#5468=FACE_BOUND('',#5122,.T.);
#5469=FACE_BOUND('',#5123,.T.);
#5470=FACE_BOUND('',#5124,.T.);
#5471=FACE_BOUND('',#5125,.T.);
#5472=FACE_BOUND('',#5126,.T.);
#5473=FACE_BOUND('',#5127,.T.);
#5474=FACE_BOUND('',#5128,.T.);
#5475=FACE_BOUND('',#5129,.T.);
#5476=FACE_BOUND('',#5130,.T.);
#5477=FACE_BOUND('',#5131,.T.);
#5478=FACE_BOUND('',#5132,.T.);
#5479=FACE_BOUND('',#5133,.T.);
#5480=FACE_BOUND('',#5134,.T.);
#5481=FACE_BOUND('',#5135,.T.);
#5482=FACE_BOUND('',#5136,.T.);
#5483=FACE_BOUND('',#5137,.T.);
#5484=FACE_BOUND('',#5138,.T.);
#5485=FACE_BOUND('',#5139,.T.);
#5486=FACE_BOUND('',#5140,.T.);
#5487=FACE_BOUND('',#5141,.T.);
#5488=FACE_BOUND('',#5142,.T.);
#5489=FACE_BOUND('',#5143,.T.);
#5490=FACE_BOUND('',#5144,.T.);
#5491=FACE_BOUND('',#5145,.T.);
#5492=FACE_BOUND('',#5146,.T.);
#5493=FACE_BOUND('',#5147,.T.);
#5494=FACE_BOUND('',#5148,.T.);
#5495=FACE_BOUND('',#5149,.T.);
#5496=FACE_BOUND('',#5150,.T.);
#5497=FACE_BOUND('',#5151,.T.);
#5498=FACE_BOUND('',#5152,.T.);
#5499=FACE_BOUND('',#5153,.T.);
#5500=FACE_BOUND('',#5154,.T.);
#5501=FACE_BOUND('',#5155,.T.);
#5502=FACE_BOUND('',#5156,.T.);
#5503=FACE_BOUND('',#5157,.T.);
#5504=FACE_BOUND('',#5158,.T.);
#5505=FACE_BOUND('',#5159,.T.);
#5506=FACE_BOUND('',#5160,.T.);
#5507=FACE_BOUND('',#5161,.T.);
#5508=FACE_BOUND('',#5162,.T.);
#5509=FACE_BOUND('',#5163,.T.);
#5510=FACE_BOUND('',#5164,.T.);
#5511=FACE_BOUND('',#5165,.T.);
#5512=FACE_BOUND('',#5166,.T.);
#5513=FACE_BOUND('',#5167,.T.);
#5514=FACE_BOUND('',#5168,.T.);
#5515=FACE_BOUND('',#5169,.T.);
#5516=FACE_BOUND('',#5170,.T.);
#5517=FACE_BOUND('',#5171,.T.);
#5518=FACE_BOUND('',#5172,.T.);
#5519=FACE_BOUND('',#5173,.T.);
#5520=FACE_BOUND('',#5174,.T.);
#5521=FACE_BOUND('',#5175,.T.);
#5522=FACE_BOUND('',#5176,.T.);
#5523=FACE_BOUND('',#5177,.T.);
#5524=FACE_BOUND('',#5178,.T.);
#5525=FACE_BOUND('',#5179,.T.);
#5526=FACE_BOUND('',#5180,.T.);
#5527=FACE_BOUND('',#5181,.T.);
#5528=FACE_BOUND('',#5182,.T.);
#5529=FACE_BOUND('',#5183,.T.);
#5530=FACE_BOUND('',#5184,.T.);
#5531=FACE_BOUND('',#5185,.T.);
#5532=FACE_BOUND('',#5186,.T.);
#5533=FACE_BOUND('',#5187,.T.);
#5534=FACE_BOUND('',#5188,.T.);
#5535=FACE_BOUND('',#5189,.T.);
#5536=FACE_BOUND('',#5190,.T.);
#5537=FACE_BOUND('',#5191,.T.);
#5538=FACE_BOUND('',#5192,.T.);
#5539=FACE_BOUND('',#5193,.T.);
#5540=FACE_BOUND('',#5194,.T.);
#5541=FACE_BOUND('',#5195,.T.);
#5542=FACE_BOUND('',#5196,.T.);
#5543=FACE_BOUND('',#5197,.T.);
#5544=FACE_BOUND('',#5198,.T.);
#5545=FACE_BOUND('',#5199,.T.);
#5546=FACE_BOUND('',#5200,.T.);
#5547=FACE_BOUND('',#5201,.T.);
#5548=FACE_BOUND('',#5202,.T.);
#5549=FACE_BOUND('',#5203,.T.);
#5550=FACE_BOUND('',#5204,.T.);
#5551=FACE_BOUND('',#5205,.T.);
#5552=FACE_BOUND('',#5206,.T.);
#5553=FACE_BOUND('',#5207,.T.);
#5554=FACE_BOUND('',#5208,.T.);
#5555=FACE_BOUND('',#5209,.T.);
#5556=FACE_BOUND('',#5210,.T.);
#5557=FACE_BOUND('',#5211,.T.);
#5558=FACE_BOUND('',#5212,.T.);
#5559=FACE_BOUND('',#5213,.T.);
#5560=FACE_BOUND('',#5214,.T.);
#5561=FACE_BOUND('',#5215,.T.);
#5562=FACE_BOUND('',#5216,.T.);
#5563=FACE_BOUND('',#5217,.T.);
#5564=FACE_BOUND('',#5218,.T.);
#5565=FACE_BOUND('',#5219,.T.);
#5566=FACE_BOUND('',#5220,.T.);
#5567=FACE_BOUND('',#5221,.T.);
#5568=FACE_BOUND('',#5222,.T.);
#5569=FACE_BOUND('',#5223,.T.);
#5570=FACE_BOUND('',#5224,.T.);
#5571=FACE_BOUND('',#5225,.T.);
#5572=FACE_BOUND('',#5226,.T.);
#5573=FACE_BOUND('',#5227,.T.);
#5574=FACE_BOUND('',#5228,.T.);
#5575=FACE_BOUND('',#5229,.T.);
#5576=FACE_BOUND('',#5230,.T.);
#5577=FACE_BOUND('',#5231,.T.);
#5578=FACE_BOUND('',#5232,.T.);
#5579=FACE_BOUND('',#5233,.T.);
#5580=FACE_BOUND('',#5234,.T.);
#5581=FACE_BOUND('',#5235,.T.);
#5582=FACE_BOUND('',#5236,.T.);
#5583=FACE_BOUND('',#5237,.T.);
#5584=FACE_BOUND('',#5238,.T.);
#5585=FACE_BOUND('',#5239,.T.);
#5586=FACE_BOUND('',#5240,.T.);
#5587=FACE_BOUND('',#5241,.T.);
#5588=FACE_BOUND('',#5242,.T.);
#5589=FACE_BOUND('',#5243,.T.);
#5590=FACE_BOUND('',#5244,.T.);
#5591=FACE_BOUND('',#5245,.T.);
#5592=FACE_BOUND('',#5246,.T.);
#5593=FACE_BOUND('',#5247,.T.);
#5594=FACE_BOUND('',#5248,.T.);
#5595=FACE_BOUND('',#5249,.T.);
#5596=FACE_BOUND('',#5250,.T.);
#5597=FACE_BOUND('',#5251,.T.);
#5598=FACE_BOUND('',#5252,.T.);
#5599=FACE_BOUND('',#5253,.T.);
#5600=FACE_BOUND('',#5254,.T.);
#5601=FACE_BOUND('',#5255,.T.);
#5602=FACE_BOUND('',#5256,.T.);
#5603=FACE_BOUND('',#5257,.T.);
#5604=FACE_BOUND('',#5258,.T.);
#5605=FACE_BOUND('',#5259,.T.);
#5606=FACE_BOUND('',#5260,.T.);
#5607=FACE_BOUND('',#5261,.T.);
#5608=FACE_BOUND('',#5262,.T.);
#5609=FACE_BOUND('',#5263,.T.);
#5610=FACE_BOUND('',#5264,.T.);
#5611=FACE_BOUND('',#5265,.T.);
#5612=FACE_BOUND('',#5266,.T.);
#5613=FACE_BOUND('',#5267,.T.);
#5614=FACE_BOUND('',#5268,.T.);
#5615=FACE_BOUND('',#5269,.T.);
#5616=FACE_BOUND('',#5270,.T.);
#5617=FACE_BOUND('',#5271,.T.);
#5618=FACE_BOUND('',#5272,.T.);
#5619=FACE_BOUND('',#5273,.T.);
#5620=FACE_BOUND('',#5274,.T.);
#5621=FACE_BOUND('',#5275,.T.);
#5622=FACE_BOUND('',#5276,.T.);
#5623=FACE_BOUND('',#5277,.T.);
#5624=FACE_BOUND('',#5278,.T.);
#5625=FACE_BOUND('',#5279,.T.);
#5626=FACE_BOUND('',#5280,.T.);
#5627=FACE_BOUND('',#5281,.T.);
#5628=FACE_BOUND('',#5282,.T.);
#5629=FACE_BOUND('',#5283,.T.);
#5630=FACE_BOUND('',#5284,.T.);
#5631=FACE_BOUND('',#5285,.T.);
#5632=FACE_BOUND('',#5286,.T.);
#5633=FACE_BOUND('',#5287,.T.);
#5634=FACE_BOUND('',#5288,.T.);
#5635=FACE_BOUND('',#5289,.T.);
#5636=FACE_BOUND('',#5290,.T.);
#5637=FACE_BOUND('',#5291,.T.);
#5638=FACE_BOUND('',#5292,.T.);
#5639=FACE_BOUND('',#5293,.T.);
#5640=FACE_BOUND('',#5294,.T.);
#5641=FACE_BOUND('',#5295,.T.);
#5642=FACE_BOUND('',#5296,.T.);
#5643=FACE_BOUND('',#5297,.T.);
#5644=FACE_BOUND('',#5298,.T.);
#5645=FACE_BOUND('',#5299,.T.);
#5646=FACE_BOUND('',#5300,.T.);
#5647=FACE_BOUND('',#5301,.T.);
#5648=FACE_BOUND('',#5302,.T.);
#5649=FACE_BOUND('',#5303,.T.);
#5650=FACE_BOUND('',#5304,.T.);
#5651=FACE_BOUND('',#5305,.T.);
#5652=FACE_BOUND('',#5306,.T.);
#5653=FACE_BOUND('',#5307,.T.);
#5654=FACE_BOUND('',#5308,.T.);
#5655=FACE_BOUND('',#5309,.T.);
#5656=FACE_BOUND('',#5310,.T.);
#5657=FACE_BOUND('',#5311,.T.);
#5658=FACE_BOUND('',#5312,.T.);
#5659=FACE_BOUND('',#5313,.T.);
#5660=FACE_BOUND('',#5314,.T.);
#5661=FACE_BOUND('',#5315,.T.);
#5662=FACE_BOUND('',#5316,.T.);
#5663=FACE_BOUND('',#5317,.T.);
#5664=FACE_BOUND('',#5318,.T.);
#5665=FACE_BOUND('',#5319,.T.);
#5666=FACE_BOUND('',#5320,.T.);
#5667=FACE_BOUND('',#5321,.T.);
#5668=FACE_BOUND('',#5322,.T.);
#5669=FACE_BOUND('',#5323,.T.);
#5670=FACE_BOUND('',#5324,.T.);
#5671=FACE_BOUND('',#5325,.T.);
#5672=FACE_BOUND('',#5326,.T.);
#5673=FACE_BOUND('',#5327,.T.);
#5674=FACE_BOUND('',#5328,.T.);
#5675=FACE_BOUND('',#5329,.T.);
#5676=FACE_BOUND('',#5330,.T.);
#5677=FACE_BOUND('',#5331,.T.);
#5678=FACE_BOUND('',#5332,.T.);
#5679=FACE_BOUND('',#5333,.T.);
#5680=FACE_BOUND('',#5334,.T.);
#5681=FACE_BOUND('',#5335,.T.);
#5682=FACE_BOUND('',#5336,.T.);
#5683=FACE_BOUND('',#5337,.T.);
#5684=FACE_BOUND('',#5338,.T.);
#5685=FACE_BOUND('',#5339,.T.);
#5686=FACE_BOUND('',#5340,.T.);
#5687=FACE_BOUND('',#5341,.T.);
#5688=FACE_BOUND('',#5342,.T.);
#5689=FACE_BOUND('',#5343,.T.);
#5690=FACE_BOUND('',#5344,.T.);
#5691=FACE_BOUND('',#5345,.T.);
#5692=FACE_BOUND('',#5346,.T.);
#5693=FACE_BOUND('',#5347,.T.);
#5694=FACE_BOUND('',#5348,.T.);
#5695=FACE_BOUND('',#5349,.T.);
#5696=FACE_BOUND('',#5350,.T.);
#5697=FACE_BOUND('',#5351,.T.);
#5698=FACE_BOUND('',#5352,.T.);
#5699=FACE_BOUND('',#5353,.T.);
#5700=FACE_BOUND('',#5354,.T.);
#5701=FACE_BOUND('',#5355,.T.);
#5702=FACE_BOUND('',#5356,.T.);
#5703=FACE_BOUND('',#5357,.T.);
#5704=FACE_BOUND('',#5358,.T.);
#5705=FACE_BOUND('',#5359,.T.);
#5706=FACE_BOUND('',#5360,.T.);
#5707=FACE_BOUND('',#5361,.T.);
#5708=FACE_BOUND('',#5362,.T.);
#5709=FACE_BOUND('',#5363,.T.);
#5710=FACE_BOUND('',#5364,.T.);
#5711=FACE_BOUND('',#5365,.T.);
#5712=FACE_BOUND('',#5366,.T.);
#5713=FACE_BOUND('',#5367,.T.);
#5714=FACE_BOUND('',#5368,.T.);
#5715=FACE_BOUND('',#5369,.T.);
#5716=FACE_BOUND('',#5370,.T.);
#5717=FACE_BOUND('',#5371,.T.);
#5718=FACE_BOUND('',#5372,.T.);
#5719=FACE_BOUND('',#5373,.T.);
#5720=FACE_BOUND('',#5374,.T.);
#5721=FACE_BOUND('',#5375,.T.);
#5722=FACE_BOUND('',#5376,.T.);
#5723=FACE_BOUND('',#5377,.T.);
#5724=FACE_BOUND('',#5378,.T.);
#5725=FACE_BOUND('',#5379,.T.);
#5726=FACE_BOUND('',#5380,.T.);
#5727=FACE_BOUND('',#5381,.T.);
#5728=FACE_BOUND('',#5382,.T.);
#5729=FACE_BOUND('',#5383,.T.);
#5730=FACE_BOUND('',#5384,.T.);
#5731=FACE_BOUND('',#5385,.T.);
#5732=FACE_BOUND('',#5386,.T.);
#5733=FACE_BOUND('',#5387,.T.);
#5734=FACE_BOUND('',#5388,.T.);
#5735=FACE_BOUND('',#5389,.T.);
#5736=FACE_BOUND('',#5390,.T.);
#5737=FACE_BOUND('',#5391,.T.);
#5738=FACE_BOUND('',#5392,.T.);
#5739=FACE_BOUND('',#5393,.T.);
#5740=FACE_BOUND('',#5394,.T.);
#5741=FACE_BOUND('',#5395,.T.);
#5742=FACE_BOUND('',#5396,.T.);
#5743=FACE_BOUND('',#5397,.T.);
#5744=FACE_BOUND('',#5398,.T.);
#5745=FACE_BOUND('',#5399,.T.);
#5746=FACE_BOUND('',#5400,.T.);
#5747=FACE_BOUND('',#5401,.T.);
#5748=FACE_BOUND('',#5402,.T.);
#5749=FACE_BOUND('',#5403,.T.);
#5750=FACE_BOUND('',#5404,.T.);
#5751=FACE_BOUND('',#5405,.T.);
#5752=FACE_BOUND('',#5406,.T.);
#5753=FACE_BOUND('',#5407,.T.);
#5754=FACE_BOUND('',#5408,.T.);
#5755=FACE_BOUND('',#5409,.T.);
#5756=FACE_BOUND('',#5410,.T.);
#5757=FACE_BOUND('',#5411,.T.);
#5758=FACE_BOUND('',#5412,.T.);
#5759=FACE_BOUND('',#5413,.T.);
#5760=FACE_BOUND('',#5414,.T.);
#5761=FACE_BOUND('',#5415,.T.);
#5762=FACE_BOUND('',#5416,.T.);
#5763=FACE_BOUND('',#5417,.T.);
#5764=FACE_BOUND('',#5418,.T.);
#5765=FACE_BOUND('',#5419,.T.);
#5766=FACE_BOUND('',#5420,.T.);
#5767=FACE_BOUND('',#5421,.T.);
#5768=FACE_BOUND('',#5422,.T.);
#5769=FACE_BOUND('',#5423,.T.);
#5770=FACE_BOUND('',#5424,.T.);
#5771=FACE_BOUND('',#5425,.T.);
#5772=FACE_BOUND('',#5426,.T.);
#5773=FACE_BOUND('',#5427,.T.);
#5774=FACE_BOUND('',#5428,.T.);
#5775=FACE_BOUND('',#5429,.T.);
#5776=FACE_BOUND('',#5430,.T.);
#5777=FACE_BOUND('',#5431,.T.);
#5778=FACE_BOUND('',#5432,.T.);
#5779=FACE_BOUND('',#5433,.T.);
#5780=FACE_BOUND('',#5434,.T.);
#5781=FACE_BOUND('',#5435,.T.);
#5782=FACE_BOUND('',#5436,.T.);
#5783=FACE_BOUND('',#5437,.T.);
#5784=FACE_BOUND('',#5438,.T.);
#5785=FACE_BOUND('',#5439,.T.);
#5786=FACE_BOUND('',#5440,.T.);
#5787=FACE_BOUND('',#5441,.T.);
#5788=FACE_BOUND('',#5442,.T.);
#5789=FACE_BOUND('',#5443,.T.);
#5790=FACE_BOUND('',#5444,.T.);
#5791=FACE_BOUND('',#5445,.T.);
#5792=FACE_BOUND('',#5446,.T.);
#5793=FACE_BOUND('',#5447,.T.);
#5794=FACE_BOUND('',#5448,.T.);
#5795=FACE_BOUND('',#5449,.T.);
#5796=FACE_BOUND('',#5450,.T.);
#5797=FACE_BOUND('',#5451,.T.);
#5798=FACE_BOUND('',#5452,.T.);
#5799=FACE_BOUND('',#5453,.T.);
#5800=FACE_BOUND('',#5454,.T.);
#5801=FACE_BOUND('',#5455,.T.);
#5802=FACE_BOUND('',#5456,.T.);
#5803=PLANE('',#6209);
#5804=PLANE('',#6210);
#5805=PLANE('',#6211);
#5806=PLANE('',#6212);
#5807=PLANE('',#6213);
#5808=PLANE('',#6214);
#5809=PLANE('',#6320);
#5810=PLANE('',#6432);
#5811=PLANE('',#6650);
#5812=PLANE('',#6657);
#5813=PLANE('',#6664);
#5814=PLANE('',#6671);
#5815=PLANE('',#6678);
#5816=PLANE('',#6685);
#5817=PLANE('',#6692);
#5818=PLANE('',#6699);
#5819=PLANE('',#6706);
#5820=PLANE('',#6713);
#5821=PLANE('',#6720);
#5822=PLANE('',#6727);
#5823=PLANE('',#6734);
#5824=PLANE('',#6741);
#5825=PLANE('',#6748);
#5826=PLANE('',#6755);
#5827=PLANE('',#6762);
#5828=PLANE('',#6769);
#5829=PLANE('',#6776);
#5830=PLANE('',#6783);
#5831=PLANE('',#6796);
#5832=PLANE('',#6797);
#5833=PLANE('',#6806);
#5834=PLANE('',#6807);
#5835=PLANE('',#6816);
#5836=PLANE('',#6817);
#5837=PLANE('',#6826);
#5838=PLANE('',#6827);
#5839=PLANE('',#6839);
#5840=PLANE('',#6840);
#5841=PLANE('',#6851);
#5842=PLANE('',#6852);
#5843=PLANE('',#6861);
#5844=PLANE('',#6862);
#5845=PLANE('',#6871);
#5846=PLANE('',#6872);
#5847=PLANE('',#6881);
#5848=PLANE('',#6882);
#5849=PLANE('',#6891);
#5850=PLANE('',#6892);
#5851=PLANE('',#6898);
#5852=PLANE('',#6899);
#5853=PLANE('',#6910);
#5854=PLANE('',#6913);
#5855=PLANE('',#6915);
#5856=PLANE('',#6921);
#5857=ADVANCED_FACE('',(#5457),#5803,.F.);
#5858=ADVANCED_FACE('',(#5458),#5804,.F.);
#5859=ADVANCED_FACE('',(#5459),#5805,.F.);
#5860=ADVANCED_FACE('',(#5460),#5806,.F.);
#5861=ADVANCED_FACE('',(#5461),#5807,.F.);
#5862=ADVANCED_FACE('',(#5462),#5808,.F.);
#5863=ADVANCED_FACE('',(#5463),#676,.T.);
#5864=ADVANCED_FACE('',(#5464),#677,.T.);
#5865=ADVANCED_FACE('',(#5465),#678,.T.);
#5866=ADVANCED_FACE('',(#5466),#679,.T.);
#5867=ADVANCED_FACE('',(#5467),#680,.T.);
#5868=ADVANCED_FACE('',(#5468),#681,.T.);
#5869=ADVANCED_FACE('',(#5469),#682,.T.);
#5870=ADVANCED_FACE('',(#5470),#683,.T.);
#5871=ADVANCED_FACE('',(#5471),#684,.T.);
#5872=ADVANCED_FACE('',(#5472),#685,.T.);
#5873=ADVANCED_FACE('',(#5473),#686,.T.);
#5874=ADVANCED_FACE('',(#5474),#687,.T.);
#5875=ADVANCED_FACE('',(#5475),#688,.T.);
#5876=ADVANCED_FACE('',(#5476),#689,.T.);
#5877=ADVANCED_FACE('',(#5477),#690,.T.);
#5878=ADVANCED_FACE('',(#5478),#691,.T.);
#5879=ADVANCED_FACE('',(#5479),#692,.T.);
#5880=ADVANCED_FACE('',(#5480),#693,.T.);
#5881=ADVANCED_FACE('',(#5481),#694,.T.);
#5882=ADVANCED_FACE('',(#5482),#695,.T.);
#5883=ADVANCED_FACE('',(#5483),#696,.T.);
#5884=ADVANCED_FACE('',(#5484),#697,.T.);
#5885=ADVANCED_FACE('',(#5485),#698,.T.);
#5886=ADVANCED_FACE('',(#5486),#699,.T.);
#5887=ADVANCED_FACE('',(#5487),#700,.T.);
#5888=ADVANCED_FACE('',(#5488),#701,.T.);
#5889=ADVANCED_FACE('',(#5489),#702,.T.);
#5890=ADVANCED_FACE('',(#5490),#703,.T.);
#5891=ADVANCED_FACE('',(#5491),#704,.T.);
#5892=ADVANCED_FACE('',(#5492),#705,.T.);
#5893=ADVANCED_FACE('',(#5493),#706,.T.);
#5894=ADVANCED_FACE('',(#5494),#707,.T.);
#5895=ADVANCED_FACE('',(#5495),#708,.T.);
#5896=ADVANCED_FACE('',(#5496),#709,.T.);
#5897=ADVANCED_FACE('',(#5497),#710,.T.);
#5898=ADVANCED_FACE('',(#5498,#5499),#5809,.T.);
#5899=ADVANCED_FACE('',(#5500),#711,.T.);
#5900=ADVANCED_FACE('',(#5501,#5502),#5810,.F.);
#5901=ADVANCED_FACE('',(#5503),#14,.T.);
#5902=ADVANCED_FACE('',(#5504),#15,.F.);
#5903=ADVANCED_FACE('',(#5505),#712,.T.);
#5904=ADVANCED_FACE('',(#5506),#713,.F.);
#5905=ADVANCED_FACE('',(#5507),#714,.F.);
#5906=ADVANCED_FACE('',(#5508),#16,.T.);
#5907=ADVANCED_FACE('',(#5509),#17,.F.);
#5908=ADVANCED_FACE('',(#5510),#715,.T.);
#5909=ADVANCED_FACE('',(#5511),#716,.F.);
#5910=ADVANCED_FACE('',(#5512),#717,.F.);
#5911=ADVANCED_FACE('',(#5513),#18,.T.);
#5912=ADVANCED_FACE('',(#5514),#19,.F.);
#5913=ADVANCED_FACE('',(#5515),#718,.T.);
#5914=ADVANCED_FACE('',(#5516),#719,.F.);
#5915=ADVANCED_FACE('',(#5517),#720,.F.);
#5916=ADVANCED_FACE('',(#5518),#20,.T.);
#5917=ADVANCED_FACE('',(#5519),#21,.F.);
#5918=ADVANCED_FACE('',(#5520),#721,.T.);
#5919=ADVANCED_FACE('',(#5521),#722,.F.);
#5920=ADVANCED_FACE('',(#5522),#723,.F.);
#5921=ADVANCED_FACE('',(#5523),#22,.T.);
#5922=ADVANCED_FACE('',(#5524),#23,.F.);
#5923=ADVANCED_FACE('',(#5525),#724,.T.);
#5924=ADVANCED_FACE('',(#5526),#725,.F.);
#5925=ADVANCED_FACE('',(#5527),#726,.F.);
#5926=ADVANCED_FACE('',(#5528),#24,.T.);
#5927=ADVANCED_FACE('',(#5529),#25,.F.);
#5928=ADVANCED_FACE('',(#5530),#727,.T.);
#5929=ADVANCED_FACE('',(#5531),#728,.F.);
#5930=ADVANCED_FACE('',(#5532),#729,.F.);
#5931=ADVANCED_FACE('',(#5533),#26,.T.);
#5932=ADVANCED_FACE('',(#5534),#27,.F.);
#5933=ADVANCED_FACE('',(#5535),#730,.T.);
#5934=ADVANCED_FACE('',(#5536),#731,.F.);
#5935=ADVANCED_FACE('',(#5537),#732,.F.);
#5936=ADVANCED_FACE('',(#5538),#28,.T.);
#5937=ADVANCED_FACE('',(#5539),#29,.F.);
#5938=ADVANCED_FACE('',(#5540),#733,.T.);
#5939=ADVANCED_FACE('',(#5541),#734,.F.);
#5940=ADVANCED_FACE('',(#5542),#735,.F.);
#5941=ADVANCED_FACE('',(#5543),#30,.T.);
#5942=ADVANCED_FACE('',(#5544),#31,.F.);
#5943=ADVANCED_FACE('',(#5545),#736,.T.);
#5944=ADVANCED_FACE('',(#5546),#737,.F.);
#5945=ADVANCED_FACE('',(#5547),#738,.F.);
#5946=ADVANCED_FACE('',(#5548),#32,.T.);
#5947=ADVANCED_FACE('',(#5549),#33,.F.);
#5948=ADVANCED_FACE('',(#5550),#739,.T.);
#5949=ADVANCED_FACE('',(#5551),#740,.F.);
#5950=ADVANCED_FACE('',(#5552),#741,.F.);
#5951=ADVANCED_FACE('',(#5553),#34,.T.);
#5952=ADVANCED_FACE('',(#5554),#35,.F.);
#5953=ADVANCED_FACE('',(#5555),#742,.T.);
#5954=ADVANCED_FACE('',(#5556),#743,.F.);
#5955=ADVANCED_FACE('',(#5557),#744,.F.);
#5956=ADVANCED_FACE('',(#5558),#36,.T.);
#5957=ADVANCED_FACE('',(#5559),#37,.F.);
#5958=ADVANCED_FACE('',(#5560),#745,.T.);
#5959=ADVANCED_FACE('',(#5561),#746,.F.);
#5960=ADVANCED_FACE('',(#5562),#747,.F.);
#5961=ADVANCED_FACE('',(#5563),#38,.T.);
#5962=ADVANCED_FACE('',(#5564),#39,.F.);
#5963=ADVANCED_FACE('',(#5565),#748,.T.);
#5964=ADVANCED_FACE('',(#5566),#749,.F.);
#5965=ADVANCED_FACE('',(#5567),#750,.F.);
#5966=ADVANCED_FACE('',(#5568),#40,.T.);
#5967=ADVANCED_FACE('',(#5569),#41,.F.);
#5968=ADVANCED_FACE('',(#5570),#751,.T.);
#5969=ADVANCED_FACE('',(#5571),#752,.F.);
#5970=ADVANCED_FACE('',(#5572),#753,.F.);
#5971=ADVANCED_FACE('',(#5573),#42,.T.);
#5972=ADVANCED_FACE('',(#5574),#43,.F.);
#5973=ADVANCED_FACE('',(#5575),#754,.T.);
#5974=ADVANCED_FACE('',(#5576),#755,.F.);
#5975=ADVANCED_FACE('',(#5577),#756,.F.);
#5976=ADVANCED_FACE('',(#5578),#44,.T.);
#5977=ADVANCED_FACE('',(#5579),#45,.F.);
#5978=ADVANCED_FACE('',(#5580),#757,.T.);
#5979=ADVANCED_FACE('',(#5581),#758,.F.);
#5980=ADVANCED_FACE('',(#5582),#759,.F.);
#5981=ADVANCED_FACE('',(#5583),#46,.T.);
#5982=ADVANCED_FACE('',(#5584),#47,.F.);
#5983=ADVANCED_FACE('',(#5585),#760,.T.);
#5984=ADVANCED_FACE('',(#5586),#761,.F.);
#5985=ADVANCED_FACE('',(#5587),#762,.F.);
#5986=ADVANCED_FACE('',(#5588),#48,.T.);
#5987=ADVANCED_FACE('',(#5589),#49,.F.);
#5988=ADVANCED_FACE('',(#5590),#763,.T.);
#5989=ADVANCED_FACE('',(#5591),#764,.F.);
#5990=ADVANCED_FACE('',(#5592),#765,.F.);
#5991=ADVANCED_FACE('',(#5593),#50,.T.);
#5992=ADVANCED_FACE('',(#5594),#51,.F.);
#5993=ADVANCED_FACE('',(#5595),#766,.T.);
#5994=ADVANCED_FACE('',(#5596),#767,.F.);
#5995=ADVANCED_FACE('',(#5597),#768,.F.);
#5996=ADVANCED_FACE('',(#5598),#52,.T.);
#5997=ADVANCED_FACE('',(#5599),#53,.F.);
#5998=ADVANCED_FACE('',(#5600),#769,.T.);
#5999=ADVANCED_FACE('',(#5601),#770,.F.);
#6000=ADVANCED_FACE('',(#5602),#771,.F.);
#6001=ADVANCED_FACE('',(#5603),#54,.T.);
#6002=ADVANCED_FACE('',(#5604),#55,.F.);
#6003=ADVANCED_FACE('',(#5605),#772,.T.);
#6004=ADVANCED_FACE('',(#5606),#773,.F.);
#6005=ADVANCED_FACE('',(#5607),#774,.F.);
#6006=ADVANCED_FACE('',(#5608),#56,.T.);
#6007=ADVANCED_FACE('',(#5609),#57,.F.);
#6008=ADVANCED_FACE('',(#5610),#775,.T.);
#6009=ADVANCED_FACE('',(#5611),#776,.F.);
#6010=ADVANCED_FACE('',(#5612),#777,.F.);
#6011=ADVANCED_FACE('',(#5613),#58,.T.);
#6012=ADVANCED_FACE('',(#5614),#59,.F.);
#6013=ADVANCED_FACE('',(#5615),#778,.T.);
#6014=ADVANCED_FACE('',(#5616),#779,.F.);
#6015=ADVANCED_FACE('',(#5617),#780,.F.);
#6016=ADVANCED_FACE('',(#5618),#60,.T.);
#6017=ADVANCED_FACE('',(#5619),#61,.F.);
#6018=ADVANCED_FACE('',(#5620),#781,.T.);
#6019=ADVANCED_FACE('',(#5621),#782,.F.);
#6020=ADVANCED_FACE('',(#5622),#783,.F.);
#6021=ADVANCED_FACE('',(#5623),#62,.T.);
#6022=ADVANCED_FACE('',(#5624),#63,.F.);
#6023=ADVANCED_FACE('',(#5625),#784,.T.);
#6024=ADVANCED_FACE('',(#5626),#785,.F.);
#6025=ADVANCED_FACE('',(#5627),#786,.F.);
#6026=ADVANCED_FACE('',(#5628),#64,.T.);
#6027=ADVANCED_FACE('',(#5629),#65,.F.);
#6028=ADVANCED_FACE('',(#5630),#787,.T.);
#6029=ADVANCED_FACE('',(#5631),#788,.F.);
#6030=ADVANCED_FACE('',(#5632),#789,.F.);
#6031=ADVANCED_FACE('',(#5633),#66,.T.);
#6032=ADVANCED_FACE('',(#5634),#67,.F.);
#6033=ADVANCED_FACE('',(#5635),#790,.T.);
#6034=ADVANCED_FACE('',(#5636),#791,.F.);
#6035=ADVANCED_FACE('',(#5637),#792,.F.);
#6036=ADVANCED_FACE('',(#5638),#68,.T.);
#6037=ADVANCED_FACE('',(#5639),#69,.F.);
#6038=ADVANCED_FACE('',(#5640),#793,.T.);
#6039=ADVANCED_FACE('',(#5641),#794,.F.);
#6040=ADVANCED_FACE('',(#5642),#795,.F.);
#6041=ADVANCED_FACE('',(#5643),#70,.T.);
#6042=ADVANCED_FACE('',(#5644),#71,.F.);
#6043=ADVANCED_FACE('',(#5645),#796,.T.);
#6044=ADVANCED_FACE('',(#5646),#797,.F.);
#6045=ADVANCED_FACE('',(#5647),#798,.F.);
#6046=ADVANCED_FACE('',(#5648),#72,.T.);
#6047=ADVANCED_FACE('',(#5649),#73,.F.);
#6048=ADVANCED_FACE('',(#5650),#799,.T.);
#6049=ADVANCED_FACE('',(#5651),#800,.F.);
#6050=ADVANCED_FACE('',(#5652),#801,.F.);
#6051=ADVANCED_FACE('',(#5653),#74,.T.);
#6052=ADVANCED_FACE('',(#5654),#75,.F.);
#6053=ADVANCED_FACE('',(#5655),#802,.T.);
#6054=ADVANCED_FACE('',(#5656),#803,.F.);
#6055=ADVANCED_FACE('',(#5657),#804,.F.);
#6056=ADVANCED_FACE('',(#5658),#76,.T.);
#6057=ADVANCED_FACE('',(#5659),#77,.F.);
#6058=ADVANCED_FACE('',(#5660),#805,.T.);
#6059=ADVANCED_FACE('',(#5661),#806,.F.);
#6060=ADVANCED_FACE('',(#5662),#807,.F.);
#6061=ADVANCED_FACE('',(#5663),#78,.T.);
#6062=ADVANCED_FACE('',(#5664),#79,.F.);
#6063=ADVANCED_FACE('',(#5665),#808,.T.);
#6064=ADVANCED_FACE('',(#5666),#809,.F.);
#6065=ADVANCED_FACE('',(#5667),#810,.F.);
#6066=ADVANCED_FACE('',(#5668),#80,.T.);
#6067=ADVANCED_FACE('',(#5669),#81,.F.);
#6068=ADVANCED_FACE('',(#5670),#811,.T.);
#6069=ADVANCED_FACE('',(#5671),#812,.F.);
#6070=ADVANCED_FACE('',(#5672),#813,.F.);
#6071=ADVANCED_FACE('',(#5673),#82,.T.);
#6072=ADVANCED_FACE('',(#5674),#83,.F.);
#6073=ADVANCED_FACE('',(#5675),#814,.T.);
#6074=ADVANCED_FACE('',(#5676),#815,.F.);
#6075=ADVANCED_FACE('',(#5677),#816,.F.);
#6076=ADVANCED_FACE('',(#5678),#84,.T.);
#6077=ADVANCED_FACE('',(#5679),#85,.F.);
#6078=ADVANCED_FACE('',(#5680),#817,.T.);
#6079=ADVANCED_FACE('',(#5681),#818,.F.);
#6080=ADVANCED_FACE('',(#5682),#819,.F.);
#6081=ADVANCED_FACE('',(#5683),#5811,.F.);
#6082=ADVANCED_FACE('',(#5684),#5812,.F.);
#6083=ADVANCED_FACE('',(#5685),#5813,.F.);
#6084=ADVANCED_FACE('',(#5686),#5814,.F.);
#6085=ADVANCED_FACE('',(#5687),#5815,.F.);
#6086=ADVANCED_FACE('',(#5688),#5816,.F.);
#6087=ADVANCED_FACE('',(#5689),#5817,.F.);
#6088=ADVANCED_FACE('',(#5690),#5818,.F.);
#6089=ADVANCED_FACE('',(#5691),#5819,.F.);
#6090=ADVANCED_FACE('',(#5692),#5820,.F.);
#6091=ADVANCED_FACE('',(#5693),#5821,.F.);
#6092=ADVANCED_FACE('',(#5694),#5822,.F.);
#6093=ADVANCED_FACE('',(#5695),#5823,.F.);
#6094=ADVANCED_FACE('',(#5696),#5824,.F.);
#6095=ADVANCED_FACE('',(#5697),#5825,.F.);
#6096=ADVANCED_FACE('',(#5698),#5826,.F.);
#6097=ADVANCED_FACE('',(#5699),#5827,.F.);
#6098=ADVANCED_FACE('',(#5700),#5828,.F.);
#6099=ADVANCED_FACE('',(#5701),#5829,.F.);
#6100=ADVANCED_FACE('',(#5702),#5830,.F.);
#6101=ADVANCED_FACE('',(#5703),#820,.T.);
#6102=ADVANCED_FACE('',(#5704),#821,.F.);
#6103=ADVANCED_FACE('',(#5705),#822,.T.);
#6104=ADVANCED_FACE('',(#5706),#823,.T.);
#6105=ADVANCED_FACE('',(#5707),#5831,.T.);
#6106=ADVANCED_FACE('',(#5708),#5832,.F.);
#6107=ADVANCED_FACE('',(#5709),#824,.F.);
#6108=ADVANCED_FACE('',(#5710),#825,.F.);
#6109=ADVANCED_FACE('',(#5711),#826,.T.);
#6110=ADVANCED_FACE('',(#5712),#827,.F.);
#6111=ADVANCED_FACE('',(#5713),#828,.T.);
#6112=ADVANCED_FACE('',(#5714),#829,.T.);
#6113=ADVANCED_FACE('',(#5715),#5833,.T.);
#6114=ADVANCED_FACE('',(#5716),#5834,.F.);
#6115=ADVANCED_FACE('',(#5717),#830,.F.);
#6116=ADVANCED_FACE('',(#5718),#831,.F.);
#6117=ADVANCED_FACE('',(#5719),#832,.T.);
#6118=ADVANCED_FACE('',(#5720),#833,.F.);
#6119=ADVANCED_FACE('',(#5721),#834,.T.);
#6120=ADVANCED_FACE('',(#5722),#835,.T.);
#6121=ADVANCED_FACE('',(#5723),#5835,.T.);
#6122=ADVANCED_FACE('',(#5724),#5836,.F.);
#6123=ADVANCED_FACE('',(#5725),#836,.F.);
#6124=ADVANCED_FACE('',(#5726),#837,.F.);
#6125=ADVANCED_FACE('',(#5727),#838,.T.);
#6126=ADVANCED_FACE('',(#5728),#839,.F.);
#6127=ADVANCED_FACE('',(#5729),#840,.T.);
#6128=ADVANCED_FACE('',(#5730),#841,.T.);
#6129=ADVANCED_FACE('',(#5731),#5837,.T.);
#6130=ADVANCED_FACE('',(#5732),#5838,.F.);
#6131=ADVANCED_FACE('',(#5733),#842,.F.);
#6132=ADVANCED_FACE('',(#5734),#843,.F.);
#6133=ADVANCED_FACE('',(#5735),#844,.T.);
#6134=ADVANCED_FACE('',(#5736),#845,.F.);
#6135=ADVANCED_FACE('',(#5737),#846,.T.);
#6136=ADVANCED_FACE('',(#5738),#847,.T.);
#6137=ADVANCED_FACE('',(#5739),#5839,.T.);
#6138=ADVANCED_FACE('',(#5740),#5840,.F.);
#6139=ADVANCED_FACE('',(#5741),#848,.F.);
#6140=ADVANCED_FACE('',(#5742),#849,.F.);
#6141=ADVANCED_FACE('',(#5743),#850,.T.);
#6142=ADVANCED_FACE('',(#5744),#851,.F.);
#6143=ADVANCED_FACE('',(#5745),#852,.T.);
#6144=ADVANCED_FACE('',(#5746),#853,.T.);
#6145=ADVANCED_FACE('',(#5747),#5841,.T.);
#6146=ADVANCED_FACE('',(#5748),#5842,.F.);
#6147=ADVANCED_FACE('',(#5749),#854,.F.);
#6148=ADVANCED_FACE('',(#5750),#855,.F.);
#6149=ADVANCED_FACE('',(#5751),#856,.T.);
#6150=ADVANCED_FACE('',(#5752),#857,.F.);
#6151=ADVANCED_FACE('',(#5753),#858,.T.);
#6152=ADVANCED_FACE('',(#5754),#859,.T.);
#6153=ADVANCED_FACE('',(#5755),#5843,.T.);
#6154=ADVANCED_FACE('',(#5756),#5844,.F.);
#6155=ADVANCED_FACE('',(#5757),#860,.F.);
#6156=ADVANCED_FACE('',(#5758),#861,.F.);
#6157=ADVANCED_FACE('',(#5759),#862,.T.);
#6158=ADVANCED_FACE('',(#5760),#863,.F.);
#6159=ADVANCED_FACE('',(#5761),#864,.T.);
#6160=ADVANCED_FACE('',(#5762),#865,.T.);
#6161=ADVANCED_FACE('',(#5763),#5845,.T.);
#6162=ADVANCED_FACE('',(#5764),#5846,.F.);
#6163=ADVANCED_FACE('',(#5765),#866,.F.);
#6164=ADVANCED_FACE('',(#5766),#867,.F.);
#6165=ADVANCED_FACE('',(#5767),#868,.T.);
#6166=ADVANCED_FACE('',(#5768),#869,.F.);
#6167=ADVANCED_FACE('',(#5769),#870,.T.);
#6168=ADVANCED_FACE('',(#5770),#871,.T.);
#6169=ADVANCED_FACE('',(#5771),#5847,.T.);
#6170=ADVANCED_FACE('',(#5772),#5848,.F.);
#6171=ADVANCED_FACE('',(#5773),#872,.F.);
#6172=ADVANCED_FACE('',(#5774),#873,.F.);
#6173=ADVANCED_FACE('',(#5775),#874,.T.);
#6174=ADVANCED_FACE('',(#5776),#875,.F.);
#6175=ADVANCED_FACE('',(#5777),#876,.T.);
#6176=ADVANCED_FACE('',(#5778),#877,.T.);
#6177=ADVANCED_FACE('',(#5779),#5849,.T.);
#6178=ADVANCED_FACE('',(#5780),#5850,.F.);
#6179=ADVANCED_FACE('',(#5781),#878,.F.);
#6180=ADVANCED_FACE('',(#5782),#879,.F.);
#6181=ADVANCED_FACE('',(#5783),#880,.T.);
#6182=ADVANCED_FACE('',(#5784),#5851,.T.);
#6183=ADVANCED_FACE('',(#5785),#5852,.F.);
#6184=ADVANCED_FACE('',(#5786),#881,.F.);
#6185=ADVANCED_FACE('',(#5787),#882,.F.);
#6186=ADVANCED_FACE('',(#5788),#883,.T.);
#6187=ADVANCED_FACE('',(#5789),#884,.T.);
#6188=ADVANCED_FACE('',(#5790),#885,.F.);
#6189=ADVANCED_FACE('',(#5791,#5792),#5853,.T.);
#6190=ADVANCED_FACE('',(#5793),#5854,.F.);
#6191=ADVANCED_FACE('',(#5794),#5855,.F.);
#6192=ADVANCED_FACE('',(#5795,#5796),#12,.T.);
#6193=ADVANCED_FACE('',(#5797,#5798),#13,.T.);
#6194=ADVANCED_FACE('',(#5799,#5800),#886,.T.);
#6195=ADVANCED_FACE('',(#5801,#5802),#5856,.T.);
#6196=CLOSED_SHELL('',(#5857,#5858,#5859,#5860,#5861,#5862,#5863,#5864,
#5865,#5866,#5867,#5868,#5869,#5870,#5871,#5872,#5873,#5874,#5875,#5876,
#5877,#5878,#5879,#5880,#5881,#5882,#5883,#5884,#5885,#5886,#5887,#5888,
#5889,#5890,#5891,#5892,#5893,#5894,#5895,#5896,#5897,#5898,#5899,#5900,
#5901,#5902,#5903,#5904,#5905,#5906,#5907,#5908,#5909,#5910,#5911,#5912,
#5913,#5914,#5915,#5916,#5917,#5918,#5919,#5920,#5921,#5922,#5923,#5924,
#5925,#5926,#5927,#5928,#5929,#5930,#5931,#5932,#5933,#5934,#5935,#5936,
#5937,#5938,#5939,#5940,#5941,#5942,#5943,#5944,#5945,#5946,#5947,#5948,
#5949,#5950,#5951,#5952,#5953,#5954,#5955,#5956,#5957,#5958,#5959,#5960,
#5961,#5962,#5963,#5964,#5965,#5966,#5967,#5968,#5969,#5970,#5971,#5972,
#5973,#5974,#5975,#5976,#5977,#5978,#5979,#5980,#5981,#5982,#5983,#5984,
#5985,#5986,#5987,#5988,#5989,#5990,#5991,#5992,#5993,#5994,#5995,#5996,
#5997,#5998,#5999,#6000,#6001,#6002,#6003,#6004,#6005,#6006,#6007,#6008,
#6009,#6010,#6011,#6012,#6013,#6014,#6015,#6016,#6017,#6018,#6019,#6020,
#6021,#6022,#6023,#6024,#6025,#6026,#6027,#6028,#6029,#6030,#6031,#6032,
#6033,#6034,#6035,#6036,#6037,#6038,#6039,#6040,#6041,#6042,#6043,#6044,
#6045,#6046,#6047,#6048,#6049,#6050,#6051,#6052,#6053,#6054,#6055,#6056,
#6057,#6058,#6059,#6060,#6061,#6062,#6063,#6064,#6065,#6066,#6067,#6068,
#6069,#6070,#6071,#6072,#6073,#6074,#6075,#6076,#6077,#6078,#6079,#6080,
#6081,#6082,#6083,#6084,#6085,#6086,#6087,#6088,#6089,#6090,#6091,#6092,
#6093,#6094,#6095,#6096,#6097,#6098,#6099,#6100,#6101,#6102,#6103,#6104,
#6105,#6106,#6107,#6108,#6109,#6110,#6111,#6112,#6113,#6114,#6115,#6116,
#6117,#6118,#6119,#6120,#6121,#6122,#6123,#6124,#6125,#6126,#6127,#6128,
#6129,#6130,#6131,#6132,#6133,#6134,#6135,#6136,#6137,#6138,#6139,#6140,
#6141,#6142,#6143,#6144,#6145,#6146,#6147,#6148,#6149,#6150,#6151,#6152,
#6153,#6154,#6155,#6156,#6157,#6158,#6159,#6160,#6161,#6162,#6163,#6164,
#6165,#6166,#6167,#6168,#6169,#6170,#6171,#6172,#6173,#6174,#6175,#6176,
#6177,#6178,#6179,#6180,#6181,#6182,#6183,#6184,#6185,#6186,#6187,#6188,
#6189,#6190,#6191,#6192,#6193,#6194,#6195));
#6197=STYLED_ITEM('',(#6198),#6205);
#6198=PRESENTATION_STYLE_ASSIGNMENT((#6199));
#6199=SURFACE_STYLE_USAGE(.BOTH.,#6200);
#6200=SURFACE_SIDE_STYLE('',(#6201));
#6201=SURFACE_STYLE_FILL_AREA(#6202);
#6202=FILL_AREA_STYLE('',(#6203));
#6203=FILL_AREA_STYLE_COLOUR('',#6204);
#6204=COLOUR_RGB('',0.0862745098039216,0.31764705882353,0.690196078431373);
#6205=MANIFOLD_SOLID_BREP('Drive input gear 4',#6196);
#6206=SHAPE_DEFINITION_REPRESENTATION(#15322,#6207);
#6207=SHAPE_REPRESENTATION('Drive input gear 4',(#6208),#15317);
#6208=AXIS2_PLACEMENT_3D('',#8716,#6922,#6923);
#6209=AXIS2_PLACEMENT_3D('',#8717,#6924,#6925);
#6210=AXIS2_PLACEMENT_3D('',#8726,#6930,#6931);
#6211=AXIS2_PLACEMENT_3D('',#8732,#6935,#6936);
#6212=AXIS2_PLACEMENT_3D('',#8738,#6940,#6941);
#6213=AXIS2_PLACEMENT_3D('',#8744,#6945,#6946);
#6214=AXIS2_PLACEMENT_3D('',#8750,#6950,#6951);
#6215=AXIS2_PLACEMENT_3D('',#8753,#6954,#6955);
#6216=AXIS2_PLACEMENT_3D('',#8757,#6957,#6958);
#6217=AXIS2_PLACEMENT_3D('',#8761,#6960,#6961);
#6218=AXIS2_PLACEMENT_3D('',#8762,#6962,#6963);
#6219=AXIS2_PLACEMENT_3D('',#8763,#6964,#6965);
#6220=AXIS2_PLACEMENT_3D('',#8768,#6967,#6968);
#6221=AXIS2_PLACEMENT_3D('',#8771,#6970,#6971);
#6222=AXIS2_PLACEMENT_3D('',#8775,#6973,#6974);
#6223=AXIS2_PLACEMENT_3D('',#8779,#6976,#6977);
#6224=AXIS2_PLACEMENT_3D('',#8780,#6978,#6979);
#6225=AXIS2_PLACEMENT_3D('',#8781,#6980,#6981);
#6226=AXIS2_PLACEMENT_3D('',#8786,#6983,#6984);
#6227=AXIS2_PLACEMENT_3D('',#8789,#6986,#6987);
#6228=AXIS2_PLACEMENT_3D('',#8793,#6989,#6990);
#6229=AXIS2_PLACEMENT_3D('',#8797,#6992,#6993);
#6230=AXIS2_PLACEMENT_3D('',#8798,#6994,#6995);
#6231=AXIS2_PLACEMENT_3D('',#8802,#6997,#6998);
#6232=AXIS2_PLACEMENT_3D('',#8806,#7000,#7001);
#6233=AXIS2_PLACEMENT_3D('',#8807,#7002,#7003);
#6234=AXIS2_PLACEMENT_3D('',#8811,#7005,#7006);
#6235=AXIS2_PLACEMENT_3D('',#8815,#7008,#7009);
#6236=AXIS2_PLACEMENT_3D('',#8816,#7010,#7011);
#6237=AXIS2_PLACEMENT_3D('',#8820,#7013,#7014);
#6238=AXIS2_PLACEMENT_3D('',#8824,#7016,#7017);
#6239=AXIS2_PLACEMENT_3D('',#8825,#7018,#7019);
#6240=AXIS2_PLACEMENT_3D('',#8829,#7021,#7022);
#6241=AXIS2_PLACEMENT_3D('',#8833,#7024,#7025);
#6242=AXIS2_PLACEMENT_3D('',#8834,#7026,#7027);
#6243=AXIS2_PLACEMENT_3D('',#8838,#7029,#7030);
#6244=AXIS2_PLACEMENT_3D('',#8842,#7032,#7033);
#6245=AXIS2_PLACEMENT_3D('',#8843,#7034,#7035);
#6246=AXIS2_PLACEMENT_3D('',#8847,#7037,#7038);
#6247=AXIS2_PLACEMENT_3D('',#8851,#7040,#7041);
#6248=AXIS2_PLACEMENT_3D('',#8852,#7042,#7043);
#6249=AXIS2_PLACEMENT_3D('',#8853,#7044,#7045);
#6250=AXIS2_PLACEMENT_3D('',#8858,#7047,#7048);
#6251=AXIS2_PLACEMENT_3D('',#8861,#7050,#7051);
#6252=AXIS2_PLACEMENT_3D('',#8865,#7053,#7054);
#6253=AXIS2_PLACEMENT_3D('',#8869,#7056,#7057);
#6254=AXIS2_PLACEMENT_3D('',#8870,#7058,#7059);
#6255=AXIS2_PLACEMENT_3D('',#8874,#7061,#7062);
#6256=AXIS2_PLACEMENT_3D('',#8878,#7064,#7065);
#6257=AXIS2_PLACEMENT_3D('',#8879,#7066,#7067);
#6258=AXIS2_PLACEMENT_3D('',#8883,#7069,#7070);
#6259=AXIS2_PLACEMENT_3D('',#8887,#7072,#7073);
#6260=AXIS2_PLACEMENT_3D('',#8888,#7074,#7075);
#6261=AXIS2_PLACEMENT_3D('',#8892,#7077,#7078);
#6262=AXIS2_PLACEMENT_3D('',#8896,#7080,#7081);
#6263=AXIS2_PLACEMENT_3D('',#8897,#7082,#7083);
#6264=AXIS2_PLACEMENT_3D('',#8901,#7085,#7086);
#6265=AXIS2_PLACEMENT_3D('',#8905,#7088,#7089);
#6266=AXIS2_PLACEMENT_3D('',#8906,#7090,#7091);
#6267=AXIS2_PLACEMENT_3D('',#8907,#7092,#7093);
#6268=AXIS2_PLACEMENT_3D('',#8912,#7095,#7096);
#6269=AXIS2_PLACEMENT_3D('',#8915,#7098,#7099);
#6270=AXIS2_PLACEMENT_3D('',#8916,#7100,#7101);
#6271=AXIS2_PLACEMENT_3D('',#8921,#7103,#7104);
#6272=AXIS2_PLACEMENT_3D('',#8924,#7106,#7107);
#6273=AXIS2_PLACEMENT_3D('',#8925,#7108,#7109);
#6274=AXIS2_PLACEMENT_3D('',#8930,#7111,#7112);
#6275=AXIS2_PLACEMENT_3D('',#8933,#7114,#7115);
#6276=AXIS2_PLACEMENT_3D('',#8937,#7117,#7118);
#6277=AXIS2_PLACEMENT_3D('',#8941,#7120,#7121);
#6278=AXIS2_PLACEMENT_3D('',#8942,#7122,#7123);
#6279=AXIS2_PLACEMENT_3D('',#8946,#7125,#7126);
#6280=AXIS2_PLACEMENT_3D('',#8950,#7128,#7129);
#6281=AXIS2_PLACEMENT_3D('',#8951,#7130,#7131);
#6282=AXIS2_PLACEMENT_3D('',#8952,#7132,#7133);
#6283=AXIS2_PLACEMENT_3D('',#8957,#7135,#7136);
#6284=AXIS2_PLACEMENT_3D('',#8960,#7138,#7139);
#6285=AXIS2_PLACEMENT_3D('',#8961,#7140,#7141);
#6286=AXIS2_PLACEMENT_3D('',#8966,#7143,#7144);
#6287=AXIS2_PLACEMENT_3D('',#8969,#7146,#7147);
#6288=AXIS2_PLACEMENT_3D('',#8973,#7149,#7150);
#6289=AXIS2_PLACEMENT_3D('',#8977,#7152,#7153);
#6290=AXIS2_PLACEMENT_3D('',#8978,#7154,#7155);
#6291=AXIS2_PLACEMENT_3D('',#8979,#7156,#7157);
#6292=AXIS2_PLACEMENT_3D('',#8984,#7159,#7160);
#6293=AXIS2_PLACEMENT_3D('',#8987,#7162,#7163);
#6294=AXIS2_PLACEMENT_3D('',#8991,#7165,#7166);
#6295=AXIS2_PLACEMENT_3D('',#8995,#7168,#7169);
#6296=AXIS2_PLACEMENT_3D('',#8996,#7170,#7171);
#6297=AXIS2_PLACEMENT_3D('',#8997,#7172,#7173);
#6298=AXIS2_PLACEMENT_3D('',#9002,#7175,#7176);
#6299=AXIS2_PLACEMENT_3D('',#9005,#7178,#7179);
#6300=AXIS2_PLACEMENT_3D('',#9009,#7181,#7182);
#6301=AXIS2_PLACEMENT_3D('',#9013,#7184,#7185);
#6302=AXIS2_PLACEMENT_3D('',#9014,#7186,#7187);
#6303=AXIS2_PLACEMENT_3D('',#9015,#7188,#7189);
#6304=AXIS2_PLACEMENT_3D('',#9020,#7191,#7192);
#6305=AXIS2_PLACEMENT_3D('',#9023,#7194,#7195);
#6306=AXIS2_PLACEMENT_3D('',#9024,#7196,#7197);
#6307=AXIS2_PLACEMENT_3D('',#9029,#7199,#7200);
#6308=AXIS2_PLACEMENT_3D('',#9032,#7202,#7203);
#6309=AXIS2_PLACEMENT_3D('',#9033,#7204,#7205);
#6310=AXIS2_PLACEMENT_3D('',#9038,#7207,#7208);
#6311=AXIS2_PLACEMENT_3D('',#9041,#7210,#7211);
#6312=AXIS2_PLACEMENT_3D('',#9042,#7212,#7213);
#6313=AXIS2_PLACEMENT_3D('',#9047,#7215,#7216);
#6314=AXIS2_PLACEMENT_3D('',#9050,#7218,#7219);
#6315=AXIS2_PLACEMENT_3D('',#9051,#7220,#7221);
#6316=AXIS2_PLACEMENT_3D('',#9056,#7223,#7224);
#6317=AXIS2_PLACEMENT_3D('',#9059,#7226,#7227);
#6318=AXIS2_PLACEMENT_3D('',#9060,#7228,#7229);
#6319=AXIS2_PLACEMENT_3D('',#9065,#7231,#7232);
#6320=AXIS2_PLACEMENT_3D('',#9068,#7234,#7235);
#6321=AXIS2_PLACEMENT_3D('',#9069,#7236,#7237);
#6322=AXIS2_PLACEMENT_3D('',#9131,#7238,#7239);
#6323=AXIS2_PLACEMENT_3D('',#9133,#7240,#7241);
#6324=AXIS2_PLACEMENT_3D('',#9135,#7242,#7243);
#6325=AXIS2_PLACEMENT_3D('',#9196,#7244,#7245);
#6326=AXIS2_PLACEMENT_3D('',#9198,#7246,#7247);
#6327=AXIS2_PLACEMENT_3D('',#9200,#7248,#7249);
#6328=AXIS2_PLACEMENT_3D('',#9261,#7250,#7251);
#6329=AXIS2_PLACEMENT_3D('',#9263,#7252,#7253);
#6330=AXIS2_PLACEMENT_3D('',#9265,#7254,#7255);
#6331=AXIS2_PLACEMENT_3D('',#9326,#7256,#7257);
#6332=AXIS2_PLACEMENT_3D('',#9328,#7258,#7259);
#6333=AXIS2_PLACEMENT_3D('',#9330,#7260,#7261);
#6334=AXIS2_PLACEMENT_3D('',#9391,#7262,#7263);
#6335=AXIS2_PLACEMENT_3D('',#9393,#7264,#7265);
#6336=AXIS2_PLACEMENT_3D('',#9395,#7266,#7267);
#6337=AXIS2_PLACEMENT_3D('',#9456,#7268,#7269);
#6338=AXIS2_PLACEMENT_3D('',#9458,#7270,#7271);
#6339=AXIS2_PLACEMENT_3D('',#9460,#7272,#7273);
#6340=AXIS2_PLACEMENT_3D('',#9492,#7274,#7275);
#6341=AXIS2_PLACEMENT_3D('',#9524,#7276,#7277);
#6342=AXIS2_PLACEMENT_3D('',#9526,#7278,#7279);
#6343=AXIS2_PLACEMENT_3D('',#9528,#7280,#7281);
#6344=AXIS2_PLACEMENT_3D('',#9589,#7282,#7283);
#6345=AXIS2_PLACEMENT_3D('',#9591,#7284,#7285);
#6346=AXIS2_PLACEMENT_3D('',#9593,#7286,#7287);
#6347=AXIS2_PLACEMENT_3D('',#9654,#7288,#7289);
#6348=AXIS2_PLACEMENT_3D('',#9656,#7290,#7291);
#6349=AXIS2_PLACEMENT_3D('',#9658,#7292,#7293);
#6350=AXIS2_PLACEMENT_3D('',#9719,#7294,#7295);
#6351=AXIS2_PLACEMENT_3D('',#9721,#7296,#7297);
#6352=AXIS2_PLACEMENT_3D('',#9723,#7298,#7299);
#6353=AXIS2_PLACEMENT_3D('',#9784,#7300,#7301);
#6354=AXIS2_PLACEMENT_3D('',#9786,#7302,#7303);
#6355=AXIS2_PLACEMENT_3D('',#9788,#7304,#7305);
#6356=AXIS2_PLACEMENT_3D('',#9849,#7306,#7307);
#6357=AXIS2_PLACEMENT_3D('',#9851,#7308,#7309);
#6358=AXIS2_PLACEMENT_3D('',#9853,#7310,#7311);
#6359=AXIS2_PLACEMENT_3D('',#9914,#7312,#7313);
#6360=AXIS2_PLACEMENT_3D('',#9916,#7314,#7315);
#6361=AXIS2_PLACEMENT_3D('',#9918,#7316,#7317);
#6362=AXIS2_PLACEMENT_3D('',#9979,#7318,#7319);
#6363=AXIS2_PLACEMENT_3D('',#9981,#7320,#7321);
#6364=AXIS2_PLACEMENT_3D('',#9983,#7322,#7323);
#6365=AXIS2_PLACEMENT_3D('',#10044,#7324,#7325);
#6366=AXIS2_PLACEMENT_3D('',#10046,#7326,#7327);
#6367=AXIS2_PLACEMENT_3D('',#10048,#7328,#7329);
#6368=AXIS2_PLACEMENT_3D('',#10109,#7330,#7331);
#6369=AXIS2_PLACEMENT_3D('',#10111,#7332,#7333);
#6370=AXIS2_PLACEMENT_3D('',#10113,#7334,#7335);
#6371=AXIS2_PLACEMENT_3D('',#10174,#7336,#7337);
#6372=AXIS2_PLACEMENT_3D('',#10176,#7338,#7339);
#6373=AXIS2_PLACEMENT_3D('',#10178,#7340,#7341);
#6374=AXIS2_PLACEMENT_3D('',#10239,#7342,#7343);
#6375=AXIS2_PLACEMENT_3D('',#10241,#7344,#7345);
#6376=AXIS2_PLACEMENT_3D('',#10243,#7346,#7347);
#6377=AXIS2_PLACEMENT_3D('',#10304,#7348,#7349);
#6378=AXIS2_PLACEMENT_3D('',#10306,#7350,#7351);
#6379=AXIS2_PLACEMENT_3D('',#10308,#7352,#7353);
#6380=AXIS2_PLACEMENT_3D('',#10369,#7354,#7355);
#6381=AXIS2_PLACEMENT_3D('',#10371,#7356,#7357);
#6382=AXIS2_PLACEMENT_3D('',#10373,#7358,#7359);
#6383=AXIS2_PLACEMENT_3D('',#10434,#7360,#7361);
#6384=AXIS2_PLACEMENT_3D('',#10436,#7362,#7363);
#6385=AXIS2_PLACEMENT_3D('',#10438,#7364,#7365);
#6386=AXIS2_PLACEMENT_3D('',#10499,#7366,#7367);
#6387=AXIS2_PLACEMENT_3D('',#10501,#7368,#7369);
#6388=AXIS2_PLACEMENT_3D('',#10503,#7370,#7371);
#6389=AXIS2_PLACEMENT_3D('',#10564,#7372,#7373);
#6390=AXIS2_PLACEMENT_3D('',#10566,#7374,#7375);
#6391=AXIS2_PLACEMENT_3D('',#10568,#7376,#7377);
#6392=AXIS2_PLACEMENT_3D('',#10629,#7378,#7379);
#6393=AXIS2_PLACEMENT_3D('',#10631,#7380,#7381);
#6394=AXIS2_PLACEMENT_3D('',#10633,#7382,#7383);
#6395=AXIS2_PLACEMENT_3D('',#10694,#7384,#7385);
#6396=AXIS2_PLACEMENT_3D('',#10696,#7386,#7387);
#6397=AXIS2_PLACEMENT_3D('',#10698,#7388,#7389);
#6398=AXIS2_PLACEMENT_3D('',#10759,#7390,#7391);
#6399=AXIS2_PLACEMENT_3D('',#10761,#7392,#7393);
#6400=AXIS2_PLACEMENT_3D('',#10763,#7394,#7395);
#6401=AXIS2_PLACEMENT_3D('',#10824,#7396,#7397);
#6402=AXIS2_PLACEMENT_3D('',#10826,#7398,#7399);
#6403=AXIS2_PLACEMENT_3D('',#10828,#7400,#7401);
#6404=AXIS2_PLACEMENT_3D('',#10889,#7402,#7403);
#6405=AXIS2_PLACEMENT_3D('',#10891,#7404,#7405);
#6406=AXIS2_PLACEMENT_3D('',#10893,#7406,#7407);
#6407=AXIS2_PLACEMENT_3D('',#10954,#7408,#7409);
#6408=AXIS2_PLACEMENT_3D('',#10956,#7410,#7411);
#6409=AXIS2_PLACEMENT_3D('',#10958,#7412,#7413);
#6410=AXIS2_PLACEMENT_3D('',#11019,#7414,#7415);
#6411=AXIS2_PLACEMENT_3D('',#11021,#7416,#7417);
#6412=AXIS2_PLACEMENT_3D('',#11023,#7418,#7419);
#6413=AXIS2_PLACEMENT_3D('',#11084,#7420,#7421);
#6414=AXIS2_PLACEMENT_3D('',#11086,#7422,#7423);
#6415=AXIS2_PLACEMENT_3D('',#11088,#7424,#7425);
#6416=AXIS2_PLACEMENT_3D('',#11149,#7426,#7427);
#6417=AXIS2_PLACEMENT_3D('',#11151,#7428,#7429);
#6418=AXIS2_PLACEMENT_3D('',#11153,#7430,#7431);
#6419=AXIS2_PLACEMENT_3D('',#11214,#7432,#7433);
#6420=AXIS2_PLACEMENT_3D('',#11216,#7434,#7435);
#6421=AXIS2_PLACEMENT_3D('',#11218,#7436,#7437);
#6422=AXIS2_PLACEMENT_3D('',#11279,#7438,#7439);
#6423=AXIS2_PLACEMENT_3D('',#11281,#7440,#7441);
#6424=AXIS2_PLACEMENT_3D('',#11283,#7442,#7443);
#6425=AXIS2_PLACEMENT_3D('',#11344,#7444,#7445);
#6426=AXIS2_PLACEMENT_3D('',#11346,#7446,#7447);
#6427=AXIS2_PLACEMENT_3D('',#11348,#7448,#7449);
#6428=AXIS2_PLACEMENT_3D('',#11409,#7450,#7451);
#6429=AXIS2_PLACEMENT_3D('',#11411,#7452,#7453);
#6430=AXIS2_PLACEMENT_3D('',#11412,#7454,#7455);
#6431=AXIS2_PLACEMENT_3D('',#11415,#7457,#7458);
#6432=AXIS2_PLACEMENT_3D('',#11418,#7460,#7461);
#6433=AXIS2_PLACEMENT_3D('',#11419,#7462,#7463);
#6434=AXIS2_PLACEMENT_3D('',#11421,#7464,#7465);
#6435=AXIS2_PLACEMENT_3D('',#11483,#7466,#7467);
#6436=AXIS2_PLACEMENT_3D('',#11485,#7468,#7469);
#6437=AXIS2_PLACEMENT_3D('',#11487,#7470,#7471);
#6438=AXIS2_PLACEMENT_3D('',#11548,#7472,#7473);
#6439=AXIS2_PLACEMENT_3D('',#11550,#7474,#7475);
#6440=AXIS2_PLACEMENT_3D('',#11552,#7476,#7477);
#6441=AXIS2_PLACEMENT_3D('',#11613,#7478,#7479);
#6442=AXIS2_PLACEMENT_3D('',#11615,#7480,#7481);
#6443=AXIS2_PLACEMENT_3D('',#11617,#7482,#7483);
#6444=AXIS2_PLACEMENT_3D('',#11678,#7484,#7485);
#6445=AXIS2_PLACEMENT_3D('',#11680,#7486,#7487);
#6446=AXIS2_PLACEMENT_3D('',#11682,#7488,#7489);
#6447=AXIS2_PLACEMENT_3D('',#11743,#7490,#7491);
#6448=AXIS2_PLACEMENT_3D('',#11745,#7492,#7493);
#6449=AXIS2_PLACEMENT_3D('',#11747,#7494,#7495);
#6450=AXIS2_PLACEMENT_3D('',#11808,#7496,#7497);
#6451=AXIS2_PLACEMENT_3D('',#11810,#7498,#7499);
#6452=AXIS2_PLACEMENT_3D('',#11812,#7500,#7501);
#6453=AXIS2_PLACEMENT_3D('',#11873,#7502,#7503);
#6454=AXIS2_PLACEMENT_3D('',#11875,#7504,#7505);
#6455=AXIS2_PLACEMENT_3D('',#11877,#7506,#7507);
#6456=AXIS2_PLACEMENT_3D('',#11938,#7508,#7509);
#6457=AXIS2_PLACEMENT_3D('',#11940,#7510,#7511);
#6458=AXIS2_PLACEMENT_3D('',#11942,#7512,#7513);
#6459=AXIS2_PLACEMENT_3D('',#12003,#7514,#7515);
#6460=AXIS2_PLACEMENT_3D('',#12005,#7516,#7517);
#6461=AXIS2_PLACEMENT_3D('',#12007,#7518,#7519);
#6462=AXIS2_PLACEMENT_3D('',#12068,#7520,#7521);
#6463=AXIS2_PLACEMENT_3D('',#12070,#7522,#7523);
#6464=AXIS2_PLACEMENT_3D('',#12072,#7524,#7525);
#6465=AXIS2_PLACEMENT_3D('',#12133,#7526,#7527);
#6466=AXIS2_PLACEMENT_3D('',#12135,#7528,#7529);
#6467=AXIS2_PLACEMENT_3D('',#12137,#7530,#7531);
#6468=AXIS2_PLACEMENT_3D('',#12198,#7532,#7533);
#6469=AXIS2_PLACEMENT_3D('',#12200,#7534,#7535);
#6470=AXIS2_PLACEMENT_3D('',#12202,#7536,#7537);
#6471=AXIS2_PLACEMENT_3D('',#12263,#7538,#7539);
#6472=AXIS2_PLACEMENT_3D('',#12265,#7540,#7541);
#6473=AXIS2_PLACEMENT_3D('',#12267,#7542,#7543);
#6474=AXIS2_PLACEMENT_3D('',#12328,#7544,#7545);
#6475=AXIS2_PLACEMENT_3D('',#12330,#7546,#7547);
#6476=AXIS2_PLACEMENT_3D('',#12332,#7548,#7549);
#6477=AXIS2_PLACEMENT_3D('',#12393,#7550,#7551);
#6478=AXIS2_PLACEMENT_3D('',#12395,#7552,#7553);
#6479=AXIS2_PLACEMENT_3D('',#12397,#7554,#7555);
#6480=AXIS2_PLACEMENT_3D('',#12458,#7556,#7557);
#6481=AXIS2_PLACEMENT_3D('',#12460,#7558,#7559);
#6482=AXIS2_PLACEMENT_3D('',#12462,#7560,#7561);
#6483=AXIS2_PLACEMENT_3D('',#12523,#7562,#7563);
#6484=AXIS2_PLACEMENT_3D('',#12525,#7564,#7565);
#6485=AXIS2_PLACEMENT_3D('',#12527,#7566,#7567);
#6486=AXIS2_PLACEMENT_3D('',#12588,#7568,#7569);
#6487=AXIS2_PLACEMENT_3D('',#12590,#7570,#7571);
#6488=AXIS2_PLACEMENT_3D('',#12592,#7572,#7573);
#6489=AXIS2_PLACEMENT_3D('',#12653,#7574,#7575);
#6490=AXIS2_PLACEMENT_3D('',#12655,#7576,#7577);
#6491=AXIS2_PLACEMENT_3D('',#12657,#7578,#7579);
#6492=AXIS2_PLACEMENT_3D('',#12718,#7580,#7581);
#6493=AXIS2_PLACEMENT_3D('',#12720,#7582,#7583);
#6494=AXIS2_PLACEMENT_3D('',#12722,#7584,#7585);
#6495=AXIS2_PLACEMENT_3D('',#12783,#7586,#7587);
#6496=AXIS2_PLACEMENT_3D('',#12785,#7588,#7589);
#6497=AXIS2_PLACEMENT_3D('',#12787,#7590,#7591);
#6498=AXIS2_PLACEMENT_3D('',#12848,#7592,#7593);
#6499=AXIS2_PLACEMENT_3D('',#12850,#7594,#7595);
#6500=AXIS2_PLACEMENT_3D('',#12852,#7596,#7597);
#6501=AXIS2_PLACEMENT_3D('',#12913,#7598,#7599);
#6502=AXIS2_PLACEMENT_3D('',#12915,#7600,#7601);
#6503=AXIS2_PLACEMENT_3D('',#12917,#7602,#7603);
#6504=AXIS2_PLACEMENT_3D('',#12978,#7604,#7605);
#6505=AXIS2_PLACEMENT_3D('',#12980,#7606,#7607);
#6506=AXIS2_PLACEMENT_3D('',#12982,#7608,#7609);
#6507=AXIS2_PLACEMENT_3D('',#13043,#7610,#7611);
#6508=AXIS2_PLACEMENT_3D('',#13045,#7612,#7613);
#6509=AXIS2_PLACEMENT_3D('',#13047,#7614,#7615);
#6510=AXIS2_PLACEMENT_3D('',#13108,#7616,#7617);
#6511=AXIS2_PLACEMENT_3D('',#13110,#7618,#7619);
#6512=AXIS2_PLACEMENT_3D('',#13112,#7620,#7621);
#6513=AXIS2_PLACEMENT_3D('',#13173,#7622,#7623);
#6514=AXIS2_PLACEMENT_3D('',#13175,#7624,#7625);
#6515=AXIS2_PLACEMENT_3D('',#13177,#7626,#7627);
#6516=AXIS2_PLACEMENT_3D('',#13238,#7628,#7629);
#6517=AXIS2_PLACEMENT_3D('',#13240,#7630,#7631);
#6518=AXIS2_PLACEMENT_3D('',#13242,#7632,#7633);
#6519=AXIS2_PLACEMENT_3D('',#13303,#7634,#7635);
#6520=AXIS2_PLACEMENT_3D('',#13305,#7636,#7637);
#6521=AXIS2_PLACEMENT_3D('',#13307,#7638,#7639);
#6522=AXIS2_PLACEMENT_3D('',#13368,#7640,#7641);
#6523=AXIS2_PLACEMENT_3D('',#13370,#7642,#7643);
#6524=AXIS2_PLACEMENT_3D('',#13372,#7644,#7645);
#6525=AXIS2_PLACEMENT_3D('',#13433,#7646,#7647);
#6526=AXIS2_PLACEMENT_3D('',#13435,#7648,#7649);
#6527=AXIS2_PLACEMENT_3D('',#13437,#7650,#7651);
#6528=AXIS2_PLACEMENT_3D('',#13498,#7652,#7653);
#6529=AXIS2_PLACEMENT_3D('',#13500,#7654,#7655);
#6530=AXIS2_PLACEMENT_3D('',#13502,#7656,#7657);
#6531=AXIS2_PLACEMENT_3D('',#13563,#7658,#7659);
#6532=AXIS2_PLACEMENT_3D('',#13565,#7660,#7661);
#6533=AXIS2_PLACEMENT_3D('',#13567,#7662,#7663);
#6534=AXIS2_PLACEMENT_3D('',#13628,#7664,#7665);
#6535=AXIS2_PLACEMENT_3D('',#13630,#7666,#7667);
#6536=AXIS2_PLACEMENT_3D('',#13632,#7668,#7669);
#6537=AXIS2_PLACEMENT_3D('',#13693,#7670,#7671);
#6538=AXIS2_PLACEMENT_3D('',#13695,#7672,#7673);
#6539=AXIS2_PLACEMENT_3D('',#13697,#7674,#7675);
#6540=AXIS2_PLACEMENT_3D('',#13758,#7676,#7677);
#6541=AXIS2_PLACEMENT_3D('',#13760,#7678,#7679);
#6542=AXIS2_PLACEMENT_3D('',#13783,#7682,#7683);
#6543=AXIS2_PLACEMENT_3D('',#13786,#7686,#7687);
#6544=AXIS2_PLACEMENT_3D('',#13787,#7688,#7689);
#6545=AXIS2_PLACEMENT_3D('',#13810,#7692,#7693);
#6546=AXIS2_PLACEMENT_3D('',#13813,#7696,#7697);
#6547=AXIS2_PLACEMENT_3D('',#13814,#7698,#7699);
#6548=AXIS2_PLACEMENT_3D('',#13837,#7702,#7703);
#6549=AXIS2_PLACEMENT_3D('',#13840,#7706,#7707);
#6550=AXIS2_PLACEMENT_3D('',#13841,#7708,#7709);
#6551=AXIS2_PLACEMENT_3D('',#13864,#7712,#7713);
#6552=AXIS2_PLACEMENT_3D('',#13867,#7716,#7717);
#6553=AXIS2_PLACEMENT_3D('',#13868,#7718,#7719);
#6554=AXIS2_PLACEMENT_3D('',#13891,#7722,#7723);
#6555=AXIS2_PLACEMENT_3D('',#13894,#7726,#7727);
#6556=AXIS2_PLACEMENT_3D('',#13895,#7728,#7729);
#6557=AXIS2_PLACEMENT_3D('',#13918,#7732,#7733);
#6558=AXIS2_PLACEMENT_3D('',#13921,#7736,#7737);
#6559=AXIS2_PLACEMENT_3D('',#13922,#7738,#7739);
#6560=AXIS2_PLACEMENT_3D('',#13945,#7742,#7743);
#6561=AXIS2_PLACEMENT_3D('',#13948,#7746,#7747);
#6562=AXIS2_PLACEMENT_3D('',#13949,#7748,#7749);
#6563=AXIS2_PLACEMENT_3D('',#13972,#7752,#7753);
#6564=AXIS2_PLACEMENT_3D('',#13975,#7756,#7757);
#6565=AXIS2_PLACEMENT_3D('',#13976,#7758,#7759);
#6566=AXIS2_PLACEMENT_3D('',#13999,#7762,#7763);
#6567=AXIS2_PLACEMENT_3D('',#14002,#7766,#7767);
#6568=AXIS2_PLACEMENT_3D('',#14003,#7768,#7769);
#6569=AXIS2_PLACEMENT_3D('',#14026,#7772,#7773);
#6570=AXIS2_PLACEMENT_3D('',#14029,#7776,#7777);
#6571=AXIS2_PLACEMENT_3D('',#14030,#7778,#7779);
#6572=AXIS2_PLACEMENT_3D('',#14053,#7782,#7783);
#6573=AXIS2_PLACEMENT_3D('',#14056,#7786,#7787);
#6574=AXIS2_PLACEMENT_3D('',#14057,#7788,#7789);
#6575=AXIS2_PLACEMENT_3D('',#14080,#7792,#7793);
#6576=AXIS2_PLACEMENT_3D('',#14083,#7796,#7797);
#6577=AXIS2_PLACEMENT_3D('',#14084,#7798,#7799);
#6578=AXIS2_PLACEMENT_3D('',#14107,#7802,#7803);
#6579=AXIS2_PLACEMENT_3D('',#14110,#7806,#7807);
#6580=AXIS2_PLACEMENT_3D('',#14111,#7808,#7809);
#6581=AXIS2_PLACEMENT_3D('',#14134,#7812,#7813);
#6582=AXIS2_PLACEMENT_3D('',#14137,#7816,#7817);
#6583=AXIS2_PLACEMENT_3D('',#14138,#7818,#7819);
#6584=AXIS2_PLACEMENT_3D('',#14161,#7822,#7823);
#6585=AXIS2_PLACEMENT_3D('',#14164,#7826,#7827);
#6586=AXIS2_PLACEMENT_3D('',#14165,#7828,#7829);
#6587=AXIS2_PLACEMENT_3D('',#14188,#7832,#7833);
#6588=AXIS2_PLACEMENT_3D('',#14191,#7836,#7837);
#6589=AXIS2_PLACEMENT_3D('',#14192,#7838,#7839);
#6590=AXIS2_PLACEMENT_3D('',#14215,#7842,#7843);
#6591=AXIS2_PLACEMENT_3D('',#14218,#7846,#7847);
#6592=AXIS2_PLACEMENT_3D('',#14219,#7848,#7849);
#6593=AXIS2_PLACEMENT_3D('',#14242,#7852,#7853);
#6594=AXIS2_PLACEMENT_3D('',#14245,#7856,#7857);
#6595=AXIS2_PLACEMENT_3D('',#14246,#7858,#7859);
#6596=AXIS2_PLACEMENT_3D('',#14269,#7862,#7863);
#6597=AXIS2_PLACEMENT_3D('',#14272,#7866,#7867);
#6598=AXIS2_PLACEMENT_3D('',#14273,#7868,#7869);
#6599=AXIS2_PLACEMENT_3D('',#14296,#7872,#7873);
#6600=AXIS2_PLACEMENT_3D('',#14299,#7876,#7877);
#6601=AXIS2_PLACEMENT_3D('',#14300,#7878,#7879);
#6602=AXIS2_PLACEMENT_3D('',#14323,#7882,#7883);
#6603=AXIS2_PLACEMENT_3D('',#14326,#7886,#7887);
#6604=AXIS2_PLACEMENT_3D('',#14327,#7888,#7889);
#6605=AXIS2_PLACEMENT_3D('',#14350,#7892,#7893);
#6606=AXIS2_PLACEMENT_3D('',#14353,#7896,#7897);
#6607=AXIS2_PLACEMENT_3D('',#14354,#7898,#7899);
#6608=AXIS2_PLACEMENT_3D('',#14377,#7902,#7903);
#6609=AXIS2_PLACEMENT_3D('',#14380,#7906,#7907);
#6610=AXIS2_PLACEMENT_3D('',#14381,#7908,#7909);
#6611=AXIS2_PLACEMENT_3D('',#14404,#7912,#7913);
#6612=AXIS2_PLACEMENT_3D('',#14407,#7916,#7917);
#6613=AXIS2_PLACEMENT_3D('',#14408,#7918,#7919);
#6614=AXIS2_PLACEMENT_3D('',#14431,#7922,#7923);
#6615=AXIS2_PLACEMENT_3D('',#14434,#7926,#7927);
#6616=AXIS2_PLACEMENT_3D('',#14435,#7928,#7929);
#6617=AXIS2_PLACEMENT_3D('',#14458,#7932,#7933);
#6618=AXIS2_PLACEMENT_3D('',#14461,#7936,#7937);
#6619=AXIS2_PLACEMENT_3D('',#14462,#7938,#7939);
#6620=AXIS2_PLACEMENT_3D('',#14485,#7942,#7943);
#6621=AXIS2_PLACEMENT_3D('',#14488,#7946,#7947);
#6622=AXIS2_PLACEMENT_3D('',#14489,#7948,#7949);
#6623=AXIS2_PLACEMENT_3D('',#14512,#7952,#7953);
#6624=AXIS2_PLACEMENT_3D('',#14515,#7956,#7957);
#6625=AXIS2_PLACEMENT_3D('',#14516,#7958,#7959);
#6626=AXIS2_PLACEMENT_3D('',#14539,#7962,#7963);
#6627=AXIS2_PLACEMENT_3D('',#14542,#7966,#7967);
#6628=AXIS2_PLACEMENT_3D('',#14543,#7968,#7969);
#6629=AXIS2_PLACEMENT_3D('',#14566,#7972,#7973);
#6630=AXIS2_PLACEMENT_3D('',#14569,#7976,#7977);
#6631=AXIS2_PLACEMENT_3D('',#14570,#7978,#7979);
#6632=AXIS2_PLACEMENT_3D('',#14593,#7982,#7983);
#6633=AXIS2_PLACEMENT_3D('',#14596,#7986,#7987);
#6634=AXIS2_PLACEMENT_3D('',#14597,#7988,#7989);
#6635=AXIS2_PLACEMENT_3D('',#14620,#7992,#7993);
#6636=AXIS2_PLACEMENT_3D('',#14623,#7996,#7997);
#6637=AXIS2_PLACEMENT_3D('',#14624,#7998,#7999);
#6638=AXIS2_PLACEMENT_3D('',#14647,#8002,#8003);
#6639=AXIS2_PLACEMENT_3D('',#14650,#8006,#8007);
#6640=AXIS2_PLACEMENT_3D('',#14651,#8008,#8009);
#6641=AXIS2_PLACEMENT_3D('',#14674,#8012,#8013);
#6642=AXIS2_PLACEMENT_3D('',#14677,#8016,#8017);
#6643=AXIS2_PLACEMENT_3D('',#14678,#8018,#8019);
#6644=AXIS2_PLACEMENT_3D('',#14701,#8022,#8023);
#6645=AXIS2_PLACEMENT_3D('',#14704,#8026,#8027);
#6646=AXIS2_PLACEMENT_3D('',#14705,#8028,#8029);
#6647=AXIS2_PLACEMENT_3D('',#14728,#8032,#8033);
#6648=AXIS2_PLACEMENT_3D('',#14731,#8036,#8037);
#6649=AXIS2_PLACEMENT_3D('',#14732,#8038,#8039);
#6650=AXIS2_PLACEMENT_3D('',#14733,#8040,#8041);
#6651=AXIS2_PLACEMENT_3D('',#14734,#8042,#8043);
#6652=AXIS2_PLACEMENT_3D('',#14737,#8044,#8045);
#6653=AXIS2_PLACEMENT_3D('',#14739,#8046,#8047);
#6654=AXIS2_PLACEMENT_3D('',#14743,#8049,#8050);
#6655=AXIS2_PLACEMENT_3D('',#14745,#8051,#8052);
#6656=AXIS2_PLACEMENT_3D('',#14747,#8053,#8054);
#6657=AXIS2_PLACEMENT_3D('',#14750,#8056,#8057);
#6658=AXIS2_PLACEMENT_3D('',#14751,#8058,#8059);
#6659=AXIS2_PLACEMENT_3D('',#14754,#8060,#8061);
#6660=AXIS2_PLACEMENT_3D('',#14756,#8062,#8063);
#6661=AXIS2_PLACEMENT_3D('',#14760,#8065,#8066);
#6662=AXIS2_PLACEMENT_3D('',#14762,#8067,#8068);
#6663=AXIS2_PLACEMENT_3D('',#14764,#8069,#8070);
#6664=AXIS2_PLACEMENT_3D('',#14767,#8072,#8073);
#6665=AXIS2_PLACEMENT_3D('',#14768,#8074,#8075);
#6666=AXIS2_PLACEMENT_3D('',#14771,#8076,#8077);
#6667=AXIS2_PLACEMENT_3D('',#14773,#8078,#8079);
#6668=AXIS2_PLACEMENT_3D('',#14777,#8081,#8082);
#6669=AXIS2_PLACEMENT_3D('',#14779,#8083,#8084);
#6670=AXIS2_PLACEMENT_3D('',#14781,#8085,#8086);
#6671=AXIS2_PLACEMENT_3D('',#14784,#8088,#8089);
#6672=AXIS2_PLACEMENT_3D('',#14785,#8090,#8091);
#6673=AXIS2_PLACEMENT_3D('',#14788,#8092,#8093);
#6674=AXIS2_PLACEMENT_3D('',#14790,#8094,#8095);
#6675=AXIS2_PLACEMENT_3D('',#14794,#8097,#8098);
#6676=AXIS2_PLACEMENT_3D('',#14796,#8099,#8100);
#6677=AXIS2_PLACEMENT_3D('',#14798,#8101,#8102);
#6678=AXIS2_PLACEMENT_3D('',#14801,#8104,#8105);
#6679=AXIS2_PLACEMENT_3D('',#14802,#8106,#8107);
#6680=AXIS2_PLACEMENT_3D('',#14805,#8108,#8109);
#6681=AXIS2_PLACEMENT_3D('',#14807,#8110,#8111);
#6682=AXIS2_PLACEMENT_3D('',#14811,#8113,#8114);
#6683=AXIS2_PLACEMENT_3D('',#14813,#8115,#8116);
#6684=AXIS2_PLACEMENT_3D('',#14815,#8117,#8118);
#6685=AXIS2_PLACEMENT_3D('',#14818,#8120,#8121);
#6686=AXIS2_PLACEMENT_3D('',#14819,#8122,#8123);
#6687=AXIS2_PLACEMENT_3D('',#14822,#8124,#8125);
#6688=AXIS2_PLACEMENT_3D('',#14824,#8126,#8127);
#6689=AXIS2_PLACEMENT_3D('',#14828,#8129,#8130);
#6690=AXIS2_PLACEMENT_3D('',#14830,#8131,#8132);
#6691=AXIS2_PLACEMENT_3D('',#14832,#8133,#8134);
#6692=AXIS2_PLACEMENT_3D('',#14835,#8136,#8137);
#6693=AXIS2_PLACEMENT_3D('',#14836,#8138,#8139);
#6694=AXIS2_PLACEMENT_3D('',#14839,#8140,#8141);
#6695=AXIS2_PLACEMENT_3D('',#14841,#8142,#8143);
#6696=AXIS2_PLACEMENT_3D('',#14845,#8145,#8146);
#6697=AXIS2_PLACEMENT_3D('',#14847,#8147,#8148);
#6698=AXIS2_PLACEMENT_3D('',#14849,#8149,#8150);
#6699=AXIS2_PLACEMENT_3D('',#14852,#8152,#8153);
#6700=AXIS2_PLACEMENT_3D('',#14853,#8154,#8155);
#6701=AXIS2_PLACEMENT_3D('',#14856,#8156,#8157);
#6702=AXIS2_PLACEMENT_3D('',#14858,#8158,#8159);
#6703=AXIS2_PLACEMENT_3D('',#14862,#8161,#8162);
#6704=AXIS2_PLACEMENT_3D('',#14864,#8163,#8164);
#6705=AXIS2_PLACEMENT_3D('',#14866,#8165,#8166);
#6706=AXIS2_PLACEMENT_3D('',#14869,#8168,#8169);
#6707=AXIS2_PLACEMENT_3D('',#14870,#8170,#8171);
#6708=AXIS2_PLACEMENT_3D('',#14873,#8172,#8173);
#6709=AXIS2_PLACEMENT_3D('',#14875,#8174,#8175);
#6710=AXIS2_PLACEMENT_3D('',#14879,#8177,#8178);
#6711=AXIS2_PLACEMENT_3D('',#14881,#8179,#8180);
#6712=AXIS2_PLACEMENT_3D('',#14883,#8181,#8182);
#6713=AXIS2_PLACEMENT_3D('',#14886,#8184,#8185);
#6714=AXIS2_PLACEMENT_3D('',#14887,#8186,#8187);
#6715=AXIS2_PLACEMENT_3D('',#14890,#8188,#8189);
#6716=AXIS2_PLACEMENT_3D('',#14892,#8190,#8191);
#6717=AXIS2_PLACEMENT_3D('',#14896,#8193,#8194);
#6718=AXIS2_PLACEMENT_3D('',#14898,#8195,#8196);
#6719=AXIS2_PLACEMENT_3D('',#14900,#8197,#8198);
#6720=AXIS2_PLACEMENT_3D('',#14903,#8200,#8201);
#6721=AXIS2_PLACEMENT_3D('',#14904,#8202,#8203);
#6722=AXIS2_PLACEMENT_3D('',#14907,#8204,#8205);
#6723=AXIS2_PLACEMENT_3D('',#14909,#8206,#8207);
#6724=AXIS2_PLACEMENT_3D('',#14913,#8209,#8210);
#6725=AXIS2_PLACEMENT_3D('',#14915,#8211,#8212);
#6726=AXIS2_PLACEMENT_3D('',#14917,#8213,#8214);
#6727=AXIS2_PLACEMENT_3D('',#14920,#8216,#8217);
#6728=AXIS2_PLACEMENT_3D('',#14921,#8218,#8219);
#6729=AXIS2_PLACEMENT_3D('',#14924,#8220,#8221);
#6730=AXIS2_PLACEMENT_3D('',#14926,#8222,#8223);
#6731=AXIS2_PLACEMENT_3D('',#14930,#8225,#8226);
#6732=AXIS2_PLACEMENT_3D('',#14932,#8227,#8228);
#6733=AXIS2_PLACEMENT_3D('',#14934,#8229,#8230);
#6734=AXIS2_PLACEMENT_3D('',#14937,#8232,#8233);
#6735=AXIS2_PLACEMENT_3D('',#14938,#8234,#8235);
#6736=AXIS2_PLACEMENT_3D('',#14941,#8236,#8237);
#6737=AXIS2_PLACEMENT_3D('',#14943,#8238,#8239);
#6738=AXIS2_PLACEMENT_3D('',#14947,#8241,#8242);
#6739=AXIS2_PLACEMENT_3D('',#14949,#8243,#8244);
#6740=AXIS2_PLACEMENT_3D('',#14951,#8245,#8246);
#6741=AXIS2_PLACEMENT_3D('',#14954,#8248,#8249);
#6742=AXIS2_PLACEMENT_3D('',#14955,#8250,#8251);
#6743=AXIS2_PLACEMENT_3D('',#14958,#8252,#8253);
#6744=AXIS2_PLACEMENT_3D('',#14960,#8254,#8255);
#6745=AXIS2_PLACEMENT_3D('',#14964,#8257,#8258);
#6746=AXIS2_PLACEMENT_3D('',#14966,#8259,#8260);
#6747=AXIS2_PLACEMENT_3D('',#14968,#8261,#8262);
#6748=AXIS2_PLACEMENT_3D('',#14971,#8264,#8265);
#6749=AXIS2_PLACEMENT_3D('',#14972,#8266,#8267);
#6750=AXIS2_PLACEMENT_3D('',#14975,#8268,#8269);
#6751=AXIS2_PLACEMENT_3D('',#14977,#8270,#8271);
#6752=AXIS2_PLACEMENT_3D('',#14981,#8273,#8274);
#6753=AXIS2_PLACEMENT_3D('',#14983,#8275,#8276);
#6754=AXIS2_PLACEMENT_3D('',#14985,#8277,#8278);
#6755=AXIS2_PLACEMENT_3D('',#14988,#8280,#8281);
#6756=AXIS2_PLACEMENT_3D('',#14989,#8282,#8283);
#6757=AXIS2_PLACEMENT_3D('',#14992,#8284,#8285);
#6758=AXIS2_PLACEMENT_3D('',#14994,#8286,#8287);
#6759=AXIS2_PLACEMENT_3D('',#14998,#8289,#8290);
#6760=AXIS2_PLACEMENT_3D('',#15000,#8291,#8292);
#6761=AXIS2_PLACEMENT_3D('',#15002,#8293,#8294);
#6762=AXIS2_PLACEMENT_3D('',#15005,#8296,#8297);
#6763=AXIS2_PLACEMENT_3D('',#15006,#8298,#8299);
#6764=AXIS2_PLACEMENT_3D('',#15009,#8300,#8301);
#6765=AXIS2_PLACEMENT_3D('',#15011,#8302,#8303);
#6766=AXIS2_PLACEMENT_3D('',#15015,#8305,#8306);
#6767=AXIS2_PLACEMENT_3D('',#15017,#8307,#8308);
#6768=AXIS2_PLACEMENT_3D('',#15019,#8309,#8310);
#6769=AXIS2_PLACEMENT_3D('',#15022,#8312,#8313);
#6770=AXIS2_PLACEMENT_3D('',#15023,#8314,#8315);
#6771=AXIS2_PLACEMENT_3D('',#15026,#8316,#8317);
#6772=AXIS2_PLACEMENT_3D('',#15028,#8318,#8319);
#6773=AXIS2_PLACEMENT_3D('',#15032,#8321,#8322);
#6774=AXIS2_PLACEMENT_3D('',#15034,#8323,#8324);
#6775=AXIS2_PLACEMENT_3D('',#15036,#8325,#8326);
#6776=AXIS2_PLACEMENT_3D('',#15039,#8328,#8329);
#6777=AXIS2_PLACEMENT_3D('',#15040,#8330,#8331);
#6778=AXIS2_PLACEMENT_3D('',#15043,#8332,#8333);
#6779=AXIS2_PLACEMENT_3D('',#15045,#8334,#8335);
#6780=AXIS2_PLACEMENT_3D('',#15049,#8337,#8338);
#6781=AXIS2_PLACEMENT_3D('',#15051,#8339,#8340);
#6782=AXIS2_PLACEMENT_3D('',#15053,#8341,#8342);
#6783=AXIS2_PLACEMENT_3D('',#15056,#8344,#8345);
#6784=AXIS2_PLACEMENT_3D('',#15057,#8346,#8347);
#6785=AXIS2_PLACEMENT_3D('',#15060,#8348,#8349);
#6786=AXIS2_PLACEMENT_3D('',#15062,#8350,#8351);
#6787=AXIS2_PLACEMENT_3D('',#15066,#8353,#8354);
#6788=AXIS2_PLACEMENT_3D('',#15068,#8355,#8356);
#6789=AXIS2_PLACEMENT_3D('',#15070,#8357,#8358);
#6790=AXIS2_PLACEMENT_3D('',#15073,#8360,#8361);
#6791=AXIS2_PLACEMENT_3D('',#15074,#8362,#8363);
#6792=AXIS2_PLACEMENT_3D('',#15076,#8365,#8366);
#6793=AXIS2_PLACEMENT_3D('',#15078,#8368,#8369);
#6794=AXIS2_PLACEMENT_3D('',#15081,#8372,#8373);
#6795=AXIS2_PLACEMENT_3D('',#15083,#8375,#8376);
#6796=AXIS2_PLACEMENT_3D('',#15086,#8379,#8380);
#6797=AXIS2_PLACEMENT_3D('',#15088,#8382,#8383);
#6798=AXIS2_PLACEMENT_3D('',#15090,#8385,#8386);
#6799=AXIS2_PLACEMENT_3D('',#15091,#8387,#8388);
#6800=AXIS2_PLACEMENT_3D('',#15092,#8389,#8390);
#6801=AXIS2_PLACEMENT_3D('',#15093,#8391,#8392);
#6802=AXIS2_PLACEMENT_3D('',#15095,#8394,#8395);
#6803=AXIS2_PLACEMENT_3D('',#15097,#8397,#8398);
#6804=AXIS2_PLACEMENT_3D('',#15100,#8401,#8402);
#6805=AXIS2_PLACEMENT_3D('',#15102,#8404,#8405);
#6806=AXIS2_PLACEMENT_3D('',#15104,#8407,#8408);
#6807=AXIS2_PLACEMENT_3D('',#15106,#8410,#8411);
#6808=AXIS2_PLACEMENT_3D('',#15108,#8413,#8414);
#6809=AXIS2_PLACEMENT_3D('',#15109,#8415,#8416);
#6810=AXIS2_PLACEMENT_3D('',#15110,#8417,#8418);
#6811=AXIS2_PLACEMENT_3D('',#15111,#8419,#8420);
#6812=AXIS2_PLACEMENT_3D('',#15113,#8422,#8423);
#6813=AXIS2_PLACEMENT_3D('',#15115,#8425,#8426);
#6814=AXIS2_PLACEMENT_3D('',#15118,#8429,#8430);
#6815=AXIS2_PLACEMENT_3D('',#15120,#8432,#8433);
#6816=AXIS2_PLACEMENT_3D('',#15122,#8435,#8436);
#6817=AXIS2_PLACEMENT_3D('',#15124,#8438,#8439);
#6818=AXIS2_PLACEMENT_3D('',#15126,#8441,#8442);
#6819=AXIS2_PLACEMENT_3D('',#15127,#8443,#8444);
#6820=AXIS2_PLACEMENT_3D('',#15128,#8445,#8446);
#6821=AXIS2_PLACEMENT_3D('',#15129,#8447,#8448);
#6822=AXIS2_PLACEMENT_3D('',#15131,#8450,#8451);
#6823=AXIS2_PLACEMENT_3D('',#15134,#8453,#8454);
#6824=AXIS2_PLACEMENT_3D('',#15137,#8457,#8458);
#6825=AXIS2_PLACEMENT_3D('',#15139,#8460,#8461);
#6826=AXIS2_PLACEMENT_3D('',#15141,#8463,#8464);
#6827=AXIS2_PLACEMENT_3D('',#15143,#8466,#8467);
#6828=AXIS2_PLACEMENT_3D('',#15145,#8469,#8470);
#6829=AXIS2_PLACEMENT_3D('',#15146,#8471,#8472);
#6830=AXIS2_PLACEMENT_3D('',#15147,#8473,#8474);
#6831=AXIS2_PLACEMENT_3D('',#15148,#8475,#8476);
#6832=AXIS2_PLACEMENT_3D('',#15151,#8478,#8479);
#6833=AXIS2_PLACEMENT_3D('',#15153,#8481,#8482);
#6834=AXIS2_PLACEMENT_3D('',#15154,#8483,#8484);
#6835=AXIS2_PLACEMENT_3D('',#15159,#8487,#8488);
#6836=AXIS2_PLACEMENT_3D('',#15160,#8489,#8490);
#6837=AXIS2_PLACEMENT_3D('',#15163,#8492,#8493);
#6838=AXIS2_PLACEMENT_3D('',#15164,#8494,#8495);
#6839=AXIS2_PLACEMENT_3D('',#15167,#8497,#8498);
#6840=AXIS2_PLACEMENT_3D('',#15171,#8501,#8502);
#6841=AXIS2_PLACEMENT_3D('',#15175,#8505,#8506);
#6842=AXIS2_PLACEMENT_3D('',#15176,#8507,#8508);
#6843=AXIS2_PLACEMENT_3D('',#15177,#8509,#8510);
#6844=AXIS2_PLACEMENT_3D('',#15178,#8511,#8512);
#6845=AXIS2_PLACEMENT_3D('',#15179,#8513,#8514);
#6846=AXIS2_PLACEMENT_3D('',#15180,#8515,#8516);
#6847=AXIS2_PLACEMENT_3D('',#15182,#8518,#8519);
#6848=AXIS2_PLACEMENT_3D('',#15184,#8521,#8522);
#6849=AXIS2_PLACEMENT_3D('',#15187,#8525,#8526);
#6850=AXIS2_PLACEMENT_3D('',#15189,#8528,#8529);
#6851=AXIS2_PLACEMENT_3D('',#15191,#8531,#8532);
#6852=AXIS2_PLACEMENT_3D('',#15193,#8534,#8535);
#6853=AXIS2_PLACEMENT_3D('',#15195,#8537,#8538);
#6854=AXIS2_PLACEMENT_3D('',#15196,#8539,#8540);
#6855=AXIS2_PLACEMENT_3D('',#15197,#8541,#8542);
#6856=AXIS2_PLACEMENT_3D('',#15198,#8543,#8544);
#6857=AXIS2_PLACEMENT_3D('',#15200,#8546,#8547);
#6858=AXIS2_PLACEMENT_3D('',#15202,#8549,#8550);
#6859=AXIS2_PLACEMENT_3D('',#15205,#8553,#8554);
#6860=AXIS2_PLACEMENT_3D('',#15207,#8556,#8557);
#6861=AXIS2_PLACEMENT_3D('',#15209,#8559,#8560);
#6862=AXIS2_PLACEMENT_3D('',#15211,#8562,#8563);
#6863=AXIS2_PLACEMENT_3D('',#15213,#8565,#8566);
#6864=AXIS2_PLACEMENT_3D('',#15214,#8567,#8568);
#6865=AXIS2_PLACEMENT_3D('',#15215,#8569,#8570);
#6866=AXIS2_PLACEMENT_3D('',#15216,#8571,#8572);
#6867=AXIS2_PLACEMENT_3D('',#15218,#8574,#8575);
#6868=AXIS2_PLACEMENT_3D('',#15220,#8577,#8578);
#6869=AXIS2_PLACEMENT_3D('',#15223,#8581,#8582);
#6870=AXIS2_PLACEMENT_3D('',#15225,#8584,#8585);
#6871=AXIS2_PLACEMENT_3D('',#15227,#8587,#8588);
#6872=AXIS2_PLACEMENT_3D('',#15229,#8590,#8591);
#6873=AXIS2_PLACEMENT_3D('',#15231,#8593,#8594);
#6874=AXIS2_PLACEMENT_3D('',#15232,#8595,#8596);
#6875=AXIS2_PLACEMENT_3D('',#15233,#8597,#8598);
#6876=AXIS2_PLACEMENT_3D('',#15234,#8599,#8600);
#6877=AXIS2_PLACEMENT_3D('',#15236,#8602,#8603);
#6878=AXIS2_PLACEMENT_3D('',#15238,#8605,#8606);
#6879=AXIS2_PLACEMENT_3D('',#15241,#8609,#8610);
#6880=AXIS2_PLACEMENT_3D('',#15243,#8612,#8613);
#6881=AXIS2_PLACEMENT_3D('',#15245,#8615,#8616);
#6882=AXIS2_PLACEMENT_3D('',#15247,#8618,#8619);
#6883=AXIS2_PLACEMENT_3D('',#15249,#8621,#8622);
#6884=AXIS2_PLACEMENT_3D('',#15250,#8623,#8624);
#6885=AXIS2_PLACEMENT_3D('',#15251,#8625,#8626);
#6886=AXIS2_PLACEMENT_3D('',#15252,#8627,#8628);
#6887=AXIS2_PLACEMENT_3D('',#15255,#8630,#8631);
#6888=AXIS2_PLACEMENT_3D('',#15257,#8633,#8634);
#6889=AXIS2_PLACEMENT_3D('',#15260,#8637,#8638);
#6890=AXIS2_PLACEMENT_3D('',#15262,#8640,#8641);
#6891=AXIS2_PLACEMENT_3D('',#15264,#8643,#8644);
#6892=AXIS2_PLACEMENT_3D('',#15266,#8646,#8647);
#6893=AXIS2_PLACEMENT_3D('',#15268,#8649,#8650);
#6894=AXIS2_PLACEMENT_3D('',#15269,#8651,#8652);
#6895=AXIS2_PLACEMENT_3D('',#15270,#8653,#8654);
#6896=AXIS2_PLACEMENT_3D('',#15271,#8655,#8656);
#6897=AXIS2_PLACEMENT_3D('',#15274,#8658,#8659);
#6898=AXIS2_PLACEMENT_3D('',#15275,#8660,#8661);
#6899=AXIS2_PLACEMENT_3D('',#15281,#8665,#8666);
#6900=AXIS2_PLACEMENT_3D('',#15287,#8670,#8671);
#6901=AXIS2_PLACEMENT_3D('',#15288,#8672,#8673);
#6902=AXIS2_PLACEMENT_3D('',#15291,#8675,#8676);
#6903=AXIS2_PLACEMENT_3D('',#15294,#8678,#8679);
#6904=AXIS2_PLACEMENT_3D('',#15295,#8680,#8681);
#6905=AXIS2_PLACEMENT_3D('',#15296,#8682,#8683);
#6906=AXIS2_PLACEMENT_3D('',#15297,#8684,#8685);
#6907=AXIS2_PLACEMENT_3D('',#15298,#8686,#8687);
#6908=AXIS2_PLACEMENT_3D('',#15299,#8688,#8689);
#6909=AXIS2_PLACEMENT_3D('',#15300,#8690,#8691);
#6910=AXIS2_PLACEMENT_3D('',#15301,#8692,#8693);
#6911=AXIS2_PLACEMENT_3D('',#15302,#8694,#8695);
#6912=AXIS2_PLACEMENT_3D('',#15304,#8696,#8697);
#6913=AXIS2_PLACEMENT_3D('',#15306,#8698,#8699);
#6914=AXIS2_PLACEMENT_3D('',#15307,#8700,#8701);
#6915=AXIS2_PLACEMENT_3D('',#15308,#8702,#8703);
#6916=AXIS2_PLACEMENT_3D('',#15309,#8704,#8705);
#6917=AXIS2_PLACEMENT_3D('',#15310,#8706,#8707);
#6918=AXIS2_PLACEMENT_3D('',#15311,#8708,#8709);
#6919=AXIS2_PLACEMENT_3D('',#15312,#8710,#8711);
#6920=AXIS2_PLACEMENT_3D('',#15313,#8712,#8713);
#6921=AXIS2_PLACEMENT_3D('',#15315,#8714,#8715);
#6922=DIRECTION('',(0.,0.,1.));
#6923=DIRECTION('',(1.,0.,0.));
#6924=DIRECTION('',(-0.866025403784439,0.,0.5));
#6925=DIRECTION('',(0.5,0.,0.866025403784439));
#6926=DIRECTION('',(-0.5,0.,-0.866025403784439));
#6927=DIRECTION('',(0.,-1.,0.));
#6928=DIRECTION('',(0.5,0.,0.866025403784439));
#6929=DIRECTION('',(0.,-1.,0.));
#6930=DIRECTION('',(-1.04327402690081E-16,0.,1.));
#6931=DIRECTION('',(1.,0.,1.04327402690081E-16));
#6932=DIRECTION('',(-1.,0.,-1.04327402690081E-16));
#6933=DIRECTION('',(1.,0.,1.04327402690081E-16));
#6934=DIRECTION('',(0.,-1.,0.));
#6935=DIRECTION('',(0.866025403784439,0.,0.5));
#6936=DIRECTION('',(0.5,0.,-0.866025403784439));
#6937=DIRECTION('',(-0.5,0.,0.866025403784439));
#6938=DIRECTION('',(0.5,0.,-0.866025403784439));
#6939=DIRECTION('',(0.,-1.,0.));
#6940=DIRECTION('',(0.866025403784439,0.,-0.5));
#6941=DIRECTION('',(-0.5,0.,-0.866025403784439));
#6942=DIRECTION('',(0.5,0.,0.866025403784439));
#6943=DIRECTION('',(-0.5,0.,-0.866025403784439));
#6944=DIRECTION('',(0.,-1.,0.));
#6945=DIRECTION('',(2.08654805380161E-16,0.,-1.));
#6946=DIRECTION('',(-1.,0.,-2.08654805380161E-16));
#6947=DIRECTION('',(1.,0.,2.08654805380161E-16));
#6948=DIRECTION('',(-1.,0.,-2.08654805380161E-16));
#6949=DIRECTION('',(0.,-1.,0.));
#6950=DIRECTION('',(-0.866025403784439,0.,-0.5));
#6951=DIRECTION('',(-0.5,0.,0.866025403784439));
#6952=DIRECTION('',(0.5,0.,-0.866025403784439));
#6953=DIRECTION('',(-0.5,0.,0.866025403784439));
#6954=DIRECTION('',(0.,1.,0.));
#6955=DIRECTION('',(0.,0.,1.));
#6956=DIRECTION('',(0.,1.,0.));
#6957=DIRECTION('',(0.,-1.,0.));
#6958=DIRECTION('',(0.,0.,-1.));
#6959=DIRECTION('',(0.,1.,0.));
#6960=DIRECTION('',(0.,-1.,0.));
#6961=DIRECTION('',(0.,0.,-1.));
#6962=DIRECTION('',(0.,1.,0.));
#6963=DIRECTION('',(0.,0.,1.));
#6964=DIRECTION('',(0.,-1.,0.));
#6965=DIRECTION('',(0.,0.,-1.));
#6966=DIRECTION('',(0.,1.,0.));
#6967=DIRECTION('',(0.,-1.,0.));
#6968=DIRECTION('',(0.,0.,-1.));
#6969=DIRECTION('',(0.,1.,0.));
#6970=DIRECTION('',(0.,1.,0.));
#6971=DIRECTION('',(0.,0.,1.));
#6972=DIRECTION('',(0.,1.,0.));
#6973=DIRECTION('',(0.,-1.,0.));
#6974=DIRECTION('',(0.,0.,-1.));
#6975=DIRECTION('',(0.,1.,0.));
#6976=DIRECTION('',(0.,-1.,0.));
#6977=DIRECTION('',(0.,0.,-1.));
#6978=DIRECTION('',(0.,1.,0.));
#6979=DIRECTION('',(0.,0.,1.));
#6980=DIRECTION('',(0.,-1.,0.));
#6981=DIRECTION('',(0.,0.,-1.));
#6982=DIRECTION('',(0.,1.,0.));
#6983=DIRECTION('',(0.,-1.,0.));
#6984=DIRECTION('',(0.,0.,-1.));
#6985=DIRECTION('',(0.,1.,0.));
#6986=DIRECTION('',(0.,1.,0.));
#6987=DIRECTION('',(0.,0.,1.));
#6988=DIRECTION('',(0.,1.,0.));
#6989=DIRECTION('',(0.,-1.,0.));
#6990=DIRECTION('',(0.,0.,-1.));
#6991=DIRECTION('',(0.,1.,0.));
#6992=DIRECTION('',(0.,-1.,0.));
#6993=DIRECTION('',(0.,0.,-1.));
#6994=DIRECTION('',(0.,1.,0.));
#6995=DIRECTION('',(0.,0.,1.));
#6996=DIRECTION('',(0.,1.,0.));
#6997=DIRECTION('',(0.,-1.,0.));
#6998=DIRECTION('',(0.,0.,-1.));
#6999=DIRECTION('',(0.,1.,0.));
#7000=DIRECTION('',(0.,-1.,0.));
#7001=DIRECTION('',(0.,0.,-1.));
#7002=DIRECTION('',(0.,1.,0.));
#7003=DIRECTION('',(0.,0.,1.));
#7004=DIRECTION('',(0.,1.,0.));
#7005=DIRECTION('',(0.,-1.,0.));
#7006=DIRECTION('',(0.,0.,-1.));
#7007=DIRECTION('',(0.,1.,0.));
#7008=DIRECTION('',(0.,-1.,0.));
#7009=DIRECTION('',(0.,0.,-1.));
#7010=DIRECTION('',(0.,1.,0.));
#7011=DIRECTION('',(0.,0.,1.));
#7012=DIRECTION('',(0.,1.,0.));
#7013=DIRECTION('',(0.,-1.,0.));
#7014=DIRECTION('',(0.,0.,-1.));
#7015=DIRECTION('',(0.,1.,0.));
#7016=DIRECTION('',(0.,-1.,0.));
#7017=DIRECTION('',(0.,0.,-1.));
#7018=DIRECTION('',(0.,1.,0.));
#7019=DIRECTION('',(0.,0.,1.));
#7020=DIRECTION('',(0.,1.,0.));
#7021=DIRECTION('',(0.,-1.,0.));
#7022=DIRECTION('',(0.,0.,-1.));
#7023=DIRECTION('',(0.,1.,0.));
#7024=DIRECTION('',(0.,-1.,0.));
#7025=DIRECTION('',(0.,0.,-1.));
#7026=DIRECTION('',(0.,1.,0.));
#7027=DIRECTION('',(0.,0.,1.));
#7028=DIRECTION('',(0.,1.,0.));
#7029=DIRECTION('',(0.,-1.,0.));
#7030=DIRECTION('',(0.,0.,-1.));
#7031=DIRECTION('',(0.,1.,0.));
#7032=DIRECTION('',(0.,-1.,0.));
#7033=DIRECTION('',(0.,0.,-1.));
#7034=DIRECTION('',(0.,1.,0.));
#7035=DIRECTION('',(0.,0.,1.));
#7036=DIRECTION('',(0.,1.,0.));
#7037=DIRECTION('',(0.,-1.,0.));
#7038=DIRECTION('',(0.,0.,-1.));
#7039=DIRECTION('',(0.,1.,0.));
#7040=DIRECTION('',(0.,-1.,0.));
#7041=DIRECTION('',(0.,0.,-1.));
#7042=DIRECTION('',(0.,1.,0.));
#7043=DIRECTION('',(0.,0.,1.));
#7044=DIRECTION('',(0.,-1.,0.));
#7045=DIRECTION('',(0.,0.,-1.));
#7046=DIRECTION('',(0.,1.,0.));
#7047=DIRECTION('',(0.,-1.,0.));
#7048=DIRECTION('',(0.,0.,-1.));
#7049=DIRECTION('',(0.,1.,0.));
#7050=DIRECTION('',(0.,1.,0.));
#7051=DIRECTION('',(0.,0.,1.));
#7052=DIRECTION('',(0.,1.,0.));
#7053=DIRECTION('',(0.,-1.,0.));
#7054=DIRECTION('',(0.,0.,-1.));
#7055=DIRECTION('',(0.,1.,0.));
#7056=DIRECTION('',(0.,-1.,0.));
#7057=DIRECTION('',(0.,0.,-1.));
#7058=DIRECTION('',(0.,1.,0.));
#7059=DIRECTION('',(0.,0.,1.));
#7060=DIRECTION('',(0.,1.,0.));
#7061=DIRECTION('',(0.,-1.,0.));
#7062=DIRECTION('',(0.,0.,-1.));
#7063=DIRECTION('',(0.,1.,0.));
#7064=DIRECTION('',(0.,-1.,0.));
#7065=DIRECTION('',(0.,0.,-1.));
#7066=DIRECTION('',(0.,1.,0.));
#7067=DIRECTION('',(0.,0.,1.));
#7068=DIRECTION('',(0.,1.,0.));
#7069=DIRECTION('',(0.,-1.,0.));
#7070=DIRECTION('',(0.,0.,-1.));
#7071=DIRECTION('',(0.,1.,0.));
#7072=DIRECTION('',(0.,-1.,0.));
#7073=DIRECTION('',(0.,0.,-1.));
#7074=DIRECTION('',(0.,1.,0.));
#7075=DIRECTION('',(0.,0.,1.));
#7076=DIRECTION('',(0.,1.,0.));
#7077=DIRECTION('',(0.,-1.,0.));
#7078=DIRECTION('',(0.,0.,-1.));
#7079=DIRECTION('',(0.,1.,0.));
#7080=DIRECTION('',(0.,-1.,0.));
#7081=DIRECTION('',(0.,0.,-1.));
#7082=DIRECTION('',(0.,1.,0.));
#7083=DIRECTION('',(0.,0.,1.));
#7084=DIRECTION('',(0.,1.,0.));
#7085=DIRECTION('',(0.,-1.,0.));
#7086=DIRECTION('',(0.,0.,-1.));
#7087=DIRECTION('',(0.,1.,0.));
#7088=DIRECTION('',(0.,-1.,0.));
#7089=DIRECTION('',(0.,0.,-1.));
#7090=DIRECTION('',(0.,1.,0.));
#7091=DIRECTION('',(0.,0.,1.));
#7092=DIRECTION('',(0.,-1.,0.));
#7093=DIRECTION('',(0.,0.,-1.));
#7094=DIRECTION('',(0.,1.,0.));
#7095=DIRECTION('',(0.,-1.,0.));
#7096=DIRECTION('',(0.,0.,-1.));
#7097=DIRECTION('',(0.,1.,0.));
#7098=DIRECTION('',(0.,1.,0.));
#7099=DIRECTION('',(0.,0.,1.));
#7100=DIRECTION('',(0.,-1.,0.));
#7101=DIRECTION('',(0.,0.,-1.));
#7102=DIRECTION('',(0.,1.,0.));
#7103=DIRECTION('',(0.,-1.,0.));
#7104=DIRECTION('',(0.,0.,-1.));
#7105=DIRECTION('',(0.,1.,0.));
#7106=DIRECTION('',(0.,1.,0.));
#7107=DIRECTION('',(0.,0.,1.));
#7108=DIRECTION('',(0.,-1.,0.));
#7109=DIRECTION('',(0.,0.,-1.));
#7110=DIRECTION('',(0.,1.,0.));
#7111=DIRECTION('',(0.,-1.,0.));
#7112=DIRECTION('',(0.,0.,-1.));
#7113=DIRECTION('',(0.,1.,0.));
#7114=DIRECTION('',(0.,1.,0.));
#7115=DIRECTION('',(0.,0.,1.));
#7116=DIRECTION('',(0.,1.,0.));
#7117=DIRECTION('',(0.,-1.,0.));
#7118=DIRECTION('',(0.,0.,-1.));
#7119=DIRECTION('',(0.,1.,0.));
#7120=DIRECTION('',(0.,-1.,0.));
#7121=DIRECTION('',(0.,0.,-1.));
#7122=DIRECTION('',(0.,1.,0.));
#7123=DIRECTION('',(0.,0.,1.));
#7124=DIRECTION('',(0.,1.,0.));
#7125=DIRECTION('',(0.,-1.,0.));
#7126=DIRECTION('',(0.,0.,-1.));
#7127=DIRECTION('',(0.,1.,0.));
#7128=DIRECTION('',(0.,-1.,0.));
#7129=DIRECTION('',(0.,0.,-1.));
#7130=DIRECTION('',(0.,1.,0.));
#7131=DIRECTION('',(0.,0.,1.));
#7132=DIRECTION('',(0.,-1.,0.));
#7133=DIRECTION('',(0.,0.,-1.));
#7134=DIRECTION('',(0.,1.,0.));
#7135=DIRECTION('',(0.,-1.,0.));
#7136=DIRECTION('',(0.,0.,-1.));
#7137=DIRECTION('',(0.,1.,0.));
#7138=DIRECTION('',(0.,1.,0.));
#7139=DIRECTION('',(0.,0.,1.));
#7140=DIRECTION('',(0.,-1.,0.));
#7141=DIRECTION('',(0.,0.,-1.));
#7142=DIRECTION('',(0.,1.,0.));
#7143=DIRECTION('',(0.,-1.,0.));
#7144=DIRECTION('',(0.,0.,-1.));
#7145=DIRECTION('',(0.,1.,0.));
#7146=DIRECTION('',(0.,1.,0.));
#7147=DIRECTION('',(0.,0.,1.));
#7148=DIRECTION('',(0.,1.,0.));
#7149=DIRECTION('',(0.,-1.,0.));
#7150=DIRECTION('',(0.,0.,-1.));
#7151=DIRECTION('',(0.,1.,0.));
#7152=DIRECTION('',(0.,-1.,0.));
#7153=DIRECTION('',(0.,0.,-1.));
#7154=DIRECTION('',(0.,1.,0.));
#7155=DIRECTION('',(0.,0.,1.));
#7156=DIRECTION('',(0.,-1.,0.));
#7157=DIRECTION('',(0.,0.,-1.));
#7158=DIRECTION('',(0.,1.,0.));
#7159=DIRECTION('',(0.,-1.,0.));
#7160=DIRECTION('',(0.,0.,-1.));
#7161=DIRECTION('',(0.,1.,0.));
#7162=DIRECTION('',(0.,1.,0.));
#7163=DIRECTION('',(0.,0.,1.));
#7164=DIRECTION('',(0.,1.,0.));
#7165=DIRECTION('',(0.,-1.,0.));
#7166=DIRECTION('',(0.,0.,-1.));
#7167=DIRECTION('',(0.,1.,0.));
#7168=DIRECTION('',(0.,-1.,0.));
#7169=DIRECTION('',(0.,0.,-1.));
#7170=DIRECTION('',(0.,1.,0.));
#7171=DIRECTION('',(0.,0.,1.));
#7172=DIRECTION('',(0.,-1.,0.));
#7173=DIRECTION('',(0.,0.,-1.));
#7174=DIRECTION('',(0.,1.,0.));
#7175=DIRECTION('',(0.,-1.,0.));
#7176=DIRECTION('',(0.,0.,-1.));
#7177=DIRECTION('',(0.,1.,0.));
#7178=DIRECTION('',(0.,1.,0.));
#7179=DIRECTION('',(0.,0.,1.));
#7180=DIRECTION('',(0.,1.,0.));
#7181=DIRECTION('',(0.,-1.,0.));
#7182=DIRECTION('',(0.,0.,-1.));
#7183=DIRECTION('',(0.,1.,0.));
#7184=DIRECTION('',(0.,-1.,0.));
#7185=DIRECTION('',(0.,0.,-1.));
#7186=DIRECTION('',(0.,1.,0.));
#7187=DIRECTION('',(0.,0.,1.));
#7188=DIRECTION('',(0.,-1.,0.));
#7189=DIRECTION('',(0.,0.,-1.));
#7190=DIRECTION('',(0.,1.,0.));
#7191=DIRECTION('',(0.,-1.,0.));
#7192=DIRECTION('',(0.,0.,-1.));
#7193=DIRECTION('',(0.,1.,0.));
#7194=DIRECTION('',(0.,1.,0.));
#7195=DIRECTION('',(0.,0.,1.));
#7196=DIRECTION('',(0.,-1.,0.));
#7197=DIRECTION('',(0.,0.,-1.));
#7198=DIRECTION('',(0.,1.,0.));
#7199=DIRECTION('',(0.,-1.,0.));
#7200=DIRECTION('',(0.,0.,-1.));
#7201=DIRECTION('',(0.,1.,0.));
#7202=DIRECTION('',(0.,1.,0.));
#7203=DIRECTION('',(0.,0.,1.));
#7204=DIRECTION('',(0.,-1.,0.));
#7205=DIRECTION('',(0.,0.,-1.));
#7206=DIRECTION('',(0.,1.,0.));
#7207=DIRECTION('',(0.,-1.,0.));
#7208=DIRECTION('',(0.,0.,-1.));
#7209=DIRECTION('',(0.,1.,0.));
#7210=DIRECTION('',(0.,1.,0.));
#7211=DIRECTION('',(0.,0.,1.));
#7212=DIRECTION('',(0.,-1.,0.));
#7213=DIRECTION('',(0.,0.,-1.));
#7214=DIRECTION('',(0.,1.,0.));
#7215=DIRECTION('',(0.,-1.,0.));
#7216=DIRECTION('',(0.,0.,-1.));
#7217=DIRECTION('',(0.,1.,0.));
#7218=DIRECTION('',(0.,1.,0.));
#7219=DIRECTION('',(0.,0.,1.));
#7220=DIRECTION('',(0.,-1.,0.));
#7221=DIRECTION('',(0.,0.,-1.));
#7222=DIRECTION('',(0.,1.,0.));
#7223=DIRECTION('',(0.,-1.,0.));
#7224=DIRECTION('',(0.,0.,-1.));
#7225=DIRECTION('',(0.,1.,0.));
#7226=DIRECTION('',(0.,1.,0.));
#7227=DIRECTION('',(0.,0.,1.));
#7228=DIRECTION('',(0.,-1.,0.));
#7229=DIRECTION('',(0.,0.,-1.));
#7230=DIRECTION('',(0.,1.,0.));
#7231=DIRECTION('',(0.,-1.,0.));
#7232=DIRECTION('',(0.,0.,-1.));
#7233=DIRECTION('',(0.,1.,0.));
#7234=DIRECTION('',(0.,-1.,0.));
#7235=DIRECTION('',(1.,0.,0.));
#7236=DIRECTION('',(0.,-1.,0.));
#7237=DIRECTION('',(-0.939692620785908,0.,-0.342020143325669));
#7238=DIRECTION('',(0.,-1.,0.));
#7239=DIRECTION('',(-0.866025403784439,0.,-0.5));
#7240=DIRECTION('',(0.,-1.,0.));
#7241=DIRECTION('',(-0.866025403784439,0.,-0.5));
#7242=DIRECTION('',(0.,-1.,0.));
#7243=DIRECTION('',(-0.866025403784439,0.,-0.5));
#7244=DIRECTION('',(0.,-1.,0.));
#7245=DIRECTION('',(-0.766044443118978,0.,-0.642787609686539));
#7246=DIRECTION('',(0.,-1.,0.));
#7247=DIRECTION('',(-0.766044443118978,0.,-0.642787609686539));
#7248=DIRECTION('',(0.,-1.,0.));
#7249=DIRECTION('',(-0.766044443118978,0.,-0.642787609686539));
#7250=DIRECTION('',(0.,-1.,0.));
#7251=DIRECTION('',(-0.64278760968654,0.,-0.766044443118978));
#7252=DIRECTION('',(0.,-1.,0.));
#7253=DIRECTION('',(-0.64278760968654,0.,-0.766044443118978));
#7254=DIRECTION('',(0.,-1.,0.));
#7255=DIRECTION('',(-0.64278760968654,0.,-0.766044443118978));
#7256=DIRECTION('',(0.,-1.,0.));
#7257=DIRECTION('',(-0.5,0.,-0.866025403784438));
#7258=DIRECTION('',(0.,-1.,0.));
#7259=DIRECTION('',(-0.5,0.,-0.866025403784438));
#7260=DIRECTION('',(0.,-1.,0.));
#7261=DIRECTION('',(-0.5,0.,-0.866025403784438));
#7262=DIRECTION('',(0.,-1.,0.));
#7263=DIRECTION('',(-0.342020143325668,0.,-0.939692620785908));
#7264=DIRECTION('',(0.,-1.,0.));
#7265=DIRECTION('',(-0.342020143325668,0.,-0.939692620785908));
#7266=DIRECTION('',(0.,-1.,0.));
#7267=DIRECTION('',(-0.342020143325668,0.,-0.939692620785908));
#7268=DIRECTION('',(0.,-1.,0.));
#7269=DIRECTION('',(-0.17364817766693,0.,-0.984807753012208));
#7270=DIRECTION('',(0.,-1.,0.));
#7271=DIRECTION('',(-0.17364817766693,0.,-0.984807753012208));
#7272=DIRECTION('',(0.,-1.,0.));
#7273=DIRECTION('',(-0.17364817766693,0.,-0.984807753012208));
#7274=DIRECTION('',(0.,-1.,0.));
#7275=DIRECTION('',(0.,0.,-1.));
#7276=DIRECTION('',(0.,-1.,0.));
#7277=DIRECTION('',(0.,0.,-1.));
#7278=DIRECTION('',(0.,-1.,0.));
#7279=DIRECTION('',(0.,0.,-1.));
#7280=DIRECTION('',(0.,-1.,0.));
#7281=DIRECTION('',(0.,0.,-1.));
#7282=DIRECTION('',(0.,-1.,0.));
#7283=DIRECTION('',(0.17364817766693,0.,-0.984807753012208));
#7284=DIRECTION('',(0.,-1.,0.));
#7285=DIRECTION('',(0.17364817766693,0.,-0.984807753012208));
#7286=DIRECTION('',(0.,-1.,0.));
#7287=DIRECTION('',(0.17364817766693,0.,-0.984807753012208));
#7288=DIRECTION('',(0.,-1.,0.));
#7289=DIRECTION('',(0.342020143325668,0.,-0.939692620785908));
#7290=DIRECTION('',(0.,-1.,0.));
#7291=DIRECTION('',(0.342020143325668,0.,-0.939692620785908));
#7292=DIRECTION('',(0.,-1.,0.));
#7293=DIRECTION('',(0.342020143325668,0.,-0.939692620785908));
#7294=DIRECTION('',(0.,-1.,0.));
#7295=DIRECTION('',(0.5,0.,-0.866025403784439));
#7296=DIRECTION('',(0.,-1.,0.));
#7297=DIRECTION('',(0.5,0.,-0.866025403784439));
#7298=DIRECTION('',(0.,-1.,0.));
#7299=DIRECTION('',(0.5,0.,-0.866025403784439));
#7300=DIRECTION('',(0.,-1.,0.));
#7301=DIRECTION('',(0.642787609686539,0.,-0.766044443118978));
#7302=DIRECTION('',(0.,-1.,0.));
#7303=DIRECTION('',(0.642787609686539,0.,-0.766044443118978));
#7304=DIRECTION('',(0.,-1.,0.));
#7305=DIRECTION('',(0.642787609686539,0.,-0.766044443118978));
#7306=DIRECTION('',(0.,-1.,0.));
#7307=DIRECTION('',(0.766044443118978,0.,-0.642787609686539));
#7308=DIRECTION('',(0.,-1.,0.));
#7309=DIRECTION('',(0.766044443118978,0.,-0.642787609686539));
#7310=DIRECTION('',(0.,-1.,0.));
#7311=DIRECTION('',(0.766044443118978,0.,-0.642787609686539));
#7312=DIRECTION('',(0.,-1.,0.));
#7313=DIRECTION('',(0.866025403784439,0.,-0.5));
#7314=DIRECTION('',(0.,-1.,0.));
#7315=DIRECTION('',(0.866025403784439,0.,-0.5));
#7316=DIRECTION('',(0.,-1.,0.));
#7317=DIRECTION('',(0.866025403784439,0.,-0.5));
#7318=DIRECTION('',(0.,-1.,0.));
#7319=DIRECTION('',(0.939692620785908,0.,-0.342020143325669));
#7320=DIRECTION('',(0.,-1.,0.));
#7321=DIRECTION('',(0.939692620785908,0.,-0.342020143325669));
#7322=DIRECTION('',(0.,-1.,0.));
#7323=DIRECTION('',(0.939692620785908,0.,-0.342020143325669));
#7324=DIRECTION('',(0.,-1.,0.));
#7325=DIRECTION('',(0.984807753012208,0.,-0.17364817766693));
#7326=DIRECTION('',(0.,-1.,0.));
#7327=DIRECTION('',(0.984807753012208,0.,-0.17364817766693));
#7328=DIRECTION('',(0.,-1.,0.));
#7329=DIRECTION('',(0.984807753012208,0.,-0.17364817766693));
#7330=DIRECTION('',(0.,-1.,0.));
#7331=DIRECTION('',(1.,0.,-6.12323399573677E-17));
#7332=DIRECTION('',(0.,-1.,0.));
#7333=DIRECTION('',(1.,0.,-6.12323399573677E-17));
#7334=DIRECTION('',(0.,-1.,0.));
#7335=DIRECTION('',(1.,0.,-6.12323399573677E-17));
#7336=DIRECTION('',(0.,-1.,0.));
#7337=DIRECTION('',(0.984807753012208,0.,0.17364817766693));
#7338=DIRECTION('',(0.,-1.,0.));
#7339=DIRECTION('',(0.984807753012208,0.,0.17364817766693));
#7340=DIRECTION('',(0.,-1.,0.));
#7341=DIRECTION('',(0.984807753012208,0.,0.17364817766693));
#7342=DIRECTION('',(0.,-1.,0.));
#7343=DIRECTION('',(0.939692620785908,0.,0.342020143325668));
#7344=DIRECTION('',(0.,-1.,0.));
#7345=DIRECTION('',(0.939692620785908,0.,0.342020143325668));
#7346=DIRECTION('',(0.,-1.,0.));
#7347=DIRECTION('',(0.939692620785908,0.,0.342020143325668));
#7348=DIRECTION('',(0.,-1.,0.));
#7349=DIRECTION('',(0.866025403784439,0.,0.5));
#7350=DIRECTION('',(0.,-1.,0.));
#7351=DIRECTION('',(0.866025403784439,0.,0.5));
#7352=DIRECTION('',(0.,-1.,0.));
#7353=DIRECTION('',(0.866025403784439,0.,0.5));
#7354=DIRECTION('',(0.,-1.,0.));
#7355=DIRECTION('',(0.766044443118978,0.,0.64278760968654));
#7356=DIRECTION('',(0.,-1.,0.));
#7357=DIRECTION('',(0.766044443118978,0.,0.64278760968654));
#7358=DIRECTION('',(0.,-1.,0.));
#7359=DIRECTION('',(0.766044443118978,0.,0.64278760968654));
#7360=DIRECTION('',(0.,-1.,0.));
#7361=DIRECTION('',(0.64278760968654,0.,0.766044443118978));
#7362=DIRECTION('',(0.,-1.,0.));
#7363=DIRECTION('',(0.64278760968654,0.,0.766044443118978));
#7364=DIRECTION('',(0.,-1.,0.));
#7365=DIRECTION('',(0.64278760968654,0.,0.766044443118978));
#7366=DIRECTION('',(0.,-1.,0.));
#7367=DIRECTION('',(0.5,0.,0.866025403784439));
#7368=DIRECTION('',(0.,-1.,0.));
#7369=DIRECTION('',(0.5,0.,0.866025403784439));
#7370=DIRECTION('',(0.,-1.,0.));
#7371=DIRECTION('',(0.5,0.,0.866025403784439));
#7372=DIRECTION('',(0.,-1.,0.));
#7373=DIRECTION('',(0.342020143325669,0.,0.939692620785908));
#7374=DIRECTION('',(0.,-1.,0.));
#7375=DIRECTION('',(0.342020143325669,0.,0.939692620785908));
#7376=DIRECTION('',(0.,-1.,0.));
#7377=DIRECTION('',(0.342020143325669,0.,0.939692620785908));
#7378=DIRECTION('',(0.,-1.,0.));
#7379=DIRECTION('',(0.17364817766693,0.,0.984807753012208));
#7380=DIRECTION('',(0.,-1.,0.));
#7381=DIRECTION('',(0.17364817766693,0.,0.984807753012208));
#7382=DIRECTION('',(0.,-1.,0.));
#7383=DIRECTION('',(0.17364817766693,0.,0.984807753012208));
#7384=DIRECTION('',(0.,-1.,0.));
#7385=DIRECTION('',(1.22464679914735E-16,0.,1.));
#7386=DIRECTION('',(0.,-1.,0.));
#7387=DIRECTION('',(1.22464679914735E-16,0.,1.));
#7388=DIRECTION('',(0.,-1.,0.));
#7389=DIRECTION('',(1.22464679914735E-16,0.,1.));
#7390=DIRECTION('',(0.,-1.,0.));
#7391=DIRECTION('',(-0.17364817766693,0.,0.984807753012208));
#7392=DIRECTION('',(0.,-1.,0.));
#7393=DIRECTION('',(-0.17364817766693,0.,0.984807753012208));
#7394=DIRECTION('',(0.,-1.,0.));
#7395=DIRECTION('',(-0.17364817766693,0.,0.984807753012208));
#7396=DIRECTION('',(0.,-1.,0.));
#7397=DIRECTION('',(-0.342020143325668,0.,0.939692620785908));
#7398=DIRECTION('',(0.,-1.,0.));
#7399=DIRECTION('',(-0.342020143325668,0.,0.939692620785908));
#7400=DIRECTION('',(0.,-1.,0.));
#7401=DIRECTION('',(-0.342020143325668,0.,0.939692620785908));
#7402=DIRECTION('',(0.,-1.,0.));
#7403=DIRECTION('',(-0.5,0.,0.866025403784439));
#7404=DIRECTION('',(0.,-1.,0.));
#7405=DIRECTION('',(-0.5,0.,0.866025403784439));
#7406=DIRECTION('',(0.,-1.,0.));
#7407=DIRECTION('',(-0.5,0.,0.866025403784439));
#7408=DIRECTION('',(0.,-1.,0.));
#7409=DIRECTION('',(-0.642787609686539,0.,0.766044443118978));
#7410=DIRECTION('',(0.,-1.,0.));
#7411=DIRECTION('',(-0.642787609686539,0.,0.766044443118978));
#7412=DIRECTION('',(0.,-1.,0.));
#7413=DIRECTION('',(-0.642787609686539,0.,0.766044443118978));
#7414=DIRECTION('',(0.,-1.,0.));
#7415=DIRECTION('',(-0.766044443118978,0.,0.64278760968654));
#7416=DIRECTION('',(0.,-1.,0.));
#7417=DIRECTION('',(-0.766044443118978,0.,0.64278760968654));
#7418=DIRECTION('',(0.,-1.,0.));
#7419=DIRECTION('',(-0.766044443118978,0.,0.64278760968654));
#7420=DIRECTION('',(0.,-1.,0.));
#7421=DIRECTION('',(-0.866025403784438,0.,0.5));
#7422=DIRECTION('',(0.,-1.,0.));
#7423=DIRECTION('',(-0.866025403784438,0.,0.5));
#7424=DIRECTION('',(0.,-1.,0.));
#7425=DIRECTION('',(-0.866025403784438,0.,0.5));
#7426=DIRECTION('',(0.,-1.,0.));
#7427=DIRECTION('',(-0.939692620785909,0.,0.342020143325668));
#7428=DIRECTION('',(0.,-1.,0.));
#7429=DIRECTION('',(-0.939692620785909,0.,0.342020143325668));
#7430=DIRECTION('',(0.,-1.,0.));
#7431=DIRECTION('',(-0.939692620785909,0.,0.342020143325668));
#7432=DIRECTION('',(0.,-1.,0.));
#7433=DIRECTION('',(-0.984807753012208,0.,0.17364817766693));
#7434=DIRECTION('',(0.,-1.,0.));
#7435=DIRECTION('',(-0.984807753012208,0.,0.17364817766693));
#7436=DIRECTION('',(0.,-1.,0.));
#7437=DIRECTION('',(-0.984807753012208,0.,0.17364817766693));
#7438=DIRECTION('',(0.,-1.,0.));
#7439=DIRECTION('',(-1.,0.,1.83697019872103E-16));
#7440=DIRECTION('',(0.,-1.,0.));
#7441=DIRECTION('',(-1.,0.,1.83697019872103E-16));
#7442=DIRECTION('',(0.,-1.,0.));
#7443=DIRECTION('',(-1.,0.,1.83697019872103E-16));
#7444=DIRECTION('',(0.,-1.,0.));
#7445=DIRECTION('',(-0.984807753012208,0.,-0.17364817766693));
#7446=DIRECTION('',(0.,-1.,0.));
#7447=DIRECTION('',(-0.984807753012208,0.,-0.17364817766693));
#7448=DIRECTION('',(0.,-1.,0.));
#7449=DIRECTION('',(-0.984807753012208,0.,-0.17364817766693));
#7450=DIRECTION('',(0.,-1.,0.));
#7451=DIRECTION('',(-0.939692620785908,0.,-0.342020143325669));
#7452=DIRECTION('',(0.,-1.,0.));
#7453=DIRECTION('',(-0.939692620785908,0.,-0.342020143325669));
#7454=DIRECTION('',(0.,1.,0.));
#7455=DIRECTION('',(0.,0.,1.));
#7456=DIRECTION('',(0.,1.,0.));
#7457=DIRECTION('',(0.,-1.,0.));
#7458=DIRECTION('',(0.,0.,-1.));
#7459=DIRECTION('',(0.,1.,0.));
#7460=DIRECTION('',(0.,-1.,0.));
#7461=DIRECTION('',(1.,0.,0.));
#7462=DIRECTION('',(0.,1.,0.));
#7463=DIRECTION('',(0.,0.,1.));
#7464=DIRECTION('',(0.,-1.,0.));
#7465=DIRECTION('',(-0.939692620785908,0.,-0.342020143325669));
#7466=DIRECTION('',(0.,-1.,0.));
#7467=DIRECTION('',(-0.984807753012208,0.,-0.17364817766693));
#7468=DIRECTION('',(0.,-1.,0.));
#7469=DIRECTION('',(-0.984807753012208,0.,-0.17364817766693));
#7470=DIRECTION('',(0.,-1.,0.));
#7471=DIRECTION('',(-0.984807753012208,0.,-0.17364817766693));
#7472=DIRECTION('',(0.,-1.,0.));
#7473=DIRECTION('',(-1.,0.,1.83697019872103E-16));
#7474=DIRECTION('',(0.,-1.,0.));
#7475=DIRECTION('',(-1.,0.,1.83697019872103E-16));
#7476=DIRECTION('',(0.,-1.,0.));
#7477=DIRECTION('',(-1.,0.,1.83697019872103E-16));
#7478=DIRECTION('',(0.,-1.,0.));
#7479=DIRECTION('',(-0.984807753012208,0.,0.17364817766693));
#7480=DIRECTION('',(0.,-1.,0.));
#7481=DIRECTION('',(-0.984807753012208,0.,0.17364817766693));
#7482=DIRECTION('',(0.,-1.,0.));
#7483=DIRECTION('',(-0.984807753012208,0.,0.17364817766693));
#7484=DIRECTION('',(0.,-1.,0.));
#7485=DIRECTION('',(-0.939692620785909,0.,0.342020143325668));
#7486=DIRECTION('',(0.,-1.,0.));
#7487=DIRECTION('',(-0.939692620785909,0.,0.342020143325668));
#7488=DIRECTION('',(0.,-1.,0.));
#7489=DIRECTION('',(-0.939692620785909,0.,0.342020143325668));
#7490=DIRECTION('',(0.,-1.,0.));
#7491=DIRECTION('',(-0.866025403784438,0.,0.5));
#7492=DIRECTION('',(0.,-1.,0.));
#7493=DIRECTION('',(-0.866025403784438,0.,0.5));
#7494=DIRECTION('',(0.,-1.,0.));
#7495=DIRECTION('',(-0.866025403784438,0.,0.5));
#7496=DIRECTION('',(0.,-1.,0.));
#7497=DIRECTION('',(-0.766044443118978,0.,0.64278760968654));
#7498=DIRECTION('',(0.,-1.,0.));
#7499=DIRECTION('',(-0.766044443118978,0.,0.64278760968654));
#7500=DIRECTION('',(0.,-1.,0.));
#7501=DIRECTION('',(-0.766044443118978,0.,0.64278760968654));
#7502=DIRECTION('',(0.,-1.,0.));
#7503=DIRECTION('',(-0.642787609686539,0.,0.766044443118978));
#7504=DIRECTION('',(0.,-1.,0.));
#7505=DIRECTION('',(-0.642787609686539,0.,0.766044443118978));
#7506=DIRECTION('',(0.,-1.,0.));
#7507=DIRECTION('',(-0.642787609686539,0.,0.766044443118978));
#7508=DIRECTION('',(0.,-1.,0.));
#7509=DIRECTION('',(-0.5,0.,0.866025403784439));
#7510=DIRECTION('',(0.,-1.,0.));
#7511=DIRECTION('',(-0.5,0.,0.866025403784439));
#7512=DIRECTION('',(0.,-1.,0.));
#7513=DIRECTION('',(-0.5,0.,0.866025403784439));
#7514=DIRECTION('',(0.,-1.,0.));
#7515=DIRECTION('',(-0.342020143325668,0.,0.939692620785908));
#7516=DIRECTION('',(0.,-1.,0.));
#7517=DIRECTION('',(-0.342020143325668,0.,0.939692620785908));
#7518=DIRECTION('',(0.,-1.,0.));
#7519=DIRECTION('',(-0.342020143325668,0.,0.939692620785908));
#7520=DIRECTION('',(0.,-1.,0.));
#7521=DIRECTION('',(-0.17364817766693,0.,0.984807753012208));
#7522=DIRECTION('',(0.,-1.,0.));
#7523=DIRECTION('',(-0.17364817766693,0.,0.984807753012208));
#7524=DIRECTION('',(0.,-1.,0.));
#7525=DIRECTION('',(-0.17364817766693,0.,0.984807753012208));
#7526=DIRECTION('',(0.,-1.,0.));
#7527=DIRECTION('',(1.22464679914735E-16,0.,1.));
#7528=DIRECTION('',(0.,-1.,0.));
#7529=DIRECTION('',(1.22464679914735E-16,0.,1.));
#7530=DIRECTION('',(0.,-1.,0.));
#7531=DIRECTION('',(1.22464679914735E-16,0.,1.));
#7532=DIRECTION('',(0.,-1.,0.));
#7533=DIRECTION('',(0.17364817766693,0.,0.984807753012208));
#7534=DIRECTION('',(0.,-1.,0.));
#7535=DIRECTION('',(0.17364817766693,0.,0.984807753012208));
#7536=DIRECTION('',(0.,-1.,0.));
#7537=DIRECTION('',(0.17364817766693,0.,0.984807753012208));
#7538=DIRECTION('',(0.,-1.,0.));
#7539=DIRECTION('',(0.342020143325669,0.,0.939692620785908));
#7540=DIRECTION('',(0.,-1.,0.));
#7541=DIRECTION('',(0.342020143325669,0.,0.939692620785908));
#7542=DIRECTION('',(0.,-1.,0.));
#7543=DIRECTION('',(0.342020143325669,0.,0.939692620785908));
#7544=DIRECTION('',(0.,-1.,0.));
#7545=DIRECTION('',(0.5,0.,0.866025403784439));
#7546=DIRECTION('',(0.,-1.,0.));
#7547=DIRECTION('',(0.5,0.,0.866025403784439));
#7548=DIRECTION('',(0.,-1.,0.));
#7549=DIRECTION('',(0.5,0.,0.866025403784439));
#7550=DIRECTION('',(0.,-1.,0.));
#7551=DIRECTION('',(0.64278760968654,0.,0.766044443118978));
#7552=DIRECTION('',(0.,-1.,0.));
#7553=DIRECTION('',(0.64278760968654,0.,0.766044443118978));
#7554=DIRECTION('',(0.,-1.,0.));
#7555=DIRECTION('',(0.64278760968654,0.,0.766044443118978));
#7556=DIRECTION('',(0.,-1.,0.));
#7557=DIRECTION('',(0.766044443118978,0.,0.64278760968654));
#7558=DIRECTION('',(0.,-1.,0.));
#7559=DIRECTION('',(0.766044443118978,0.,0.64278760968654));
#7560=DIRECTION('',(0.,-1.,0.));
#7561=DIRECTION('',(0.766044443118978,0.,0.64278760968654));
#7562=DIRECTION('',(0.,-1.,0.));
#7563=DIRECTION('',(0.866025403784439,0.,0.5));
#7564=DIRECTION('',(0.,-1.,0.));
#7565=DIRECTION('',(0.866025403784439,0.,0.5));
#7566=DIRECTION('',(0.,-1.,0.));
#7567=DIRECTION('',(0.866025403784439,0.,0.5));
#7568=DIRECTION('',(0.,-1.,0.));
#7569=DIRECTION('',(0.939692620785908,0.,0.342020143325668));
#7570=DIRECTION('',(0.,-1.,0.));
#7571=DIRECTION('',(0.939692620785908,0.,0.342020143325668));
#7572=DIRECTION('',(0.,-1.,0.));
#7573=DIRECTION('',(0.939692620785908,0.,0.342020143325668));
#7574=DIRECTION('',(0.,-1.,0.));
#7575=DIRECTION('',(0.984807753012208,0.,0.17364817766693));
#7576=DIRECTION('',(0.,-1.,0.));
#7577=DIRECTION('',(0.984807753012208,0.,0.17364817766693));
#7578=DIRECTION('',(0.,-1.,0.));
#7579=DIRECTION('',(0.984807753012208,0.,0.17364817766693));
#7580=DIRECTION('',(0.,-1.,0.));
#7581=DIRECTION('',(1.,0.,-6.12323399573677E-17));
#7582=DIRECTION('',(0.,-1.,0.));
#7583=DIRECTION('',(1.,0.,-6.12323399573677E-17));
#7584=DIRECTION('',(0.,-1.,0.));
#7585=DIRECTION('',(1.,0.,-6.12323399573677E-17));
#7586=DIRECTION('',(0.,-1.,0.));
#7587=DIRECTION('',(0.984807753012208,0.,-0.17364817766693));
#7588=DIRECTION('',(0.,-1.,0.));
#7589=DIRECTION('',(0.984807753012208,0.,-0.17364817766693));
#7590=DIRECTION('',(0.,-1.,0.));
#7591=DIRECTION('',(0.984807753012208,0.,-0.17364817766693));
#7592=DIRECTION('',(0.,-1.,0.));
#7593=DIRECTION('',(0.939692620785908,0.,-0.342020143325669));
#7594=DIRECTION('',(0.,-1.,0.));
#7595=DIRECTION('',(0.939692620785908,0.,-0.342020143325669));
#7596=DIRECTION('',(0.,-1.,0.));
#7597=DIRECTION('',(0.939692620785908,0.,-0.342020143325669));
#7598=DIRECTION('',(0.,-1.,0.));
#7599=DIRECTION('',(0.866025403784439,0.,-0.5));
#7600=DIRECTION('',(0.,-1.,0.));
#7601=DIRECTION('',(0.866025403784439,0.,-0.5));
#7602=DIRECTION('',(0.,-1.,0.));
#7603=DIRECTION('',(0.866025403784439,0.,-0.5));
#7604=DIRECTION('',(0.,-1.,0.));
#7605=DIRECTION('',(0.766044443118978,0.,-0.642787609686539));
#7606=DIRECTION('',(0.,-1.,0.));
#7607=DIRECTION('',(0.766044443118978,0.,-0.642787609686539));
#7608=DIRECTION('',(0.,-1.,0.));
#7609=DIRECTION('',(0.766044443118978,0.,-0.642787609686539));
#7610=DIRECTION('',(0.,-1.,0.));
#7611=DIRECTION('',(0.642787609686539,0.,-0.766044443118978));
#7612=DIRECTION('',(0.,-1.,0.));
#7613=DIRECTION('',(0.642787609686539,0.,-0.766044443118978));
#7614=DIRECTION('',(0.,-1.,0.));
#7615=DIRECTION('',(0.642787609686539,0.,-0.766044443118978));
#7616=DIRECTION('',(0.,-1.,0.));
#7617=DIRECTION('',(0.5,0.,-0.866025403784439));
#7618=DIRECTION('',(0.,-1.,0.));
#7619=DIRECTION('',(0.5,0.,-0.866025403784439));
#7620=DIRECTION('',(0.,-1.,0.));
#7621=DIRECTION('',(0.5,0.,-0.866025403784439));
#7622=DIRECTION('',(0.,-1.,0.));
#7623=DIRECTION('',(0.342020143325668,0.,-0.939692620785908));
#7624=DIRECTION('',(0.,-1.,0.));
#7625=DIRECTION('',(0.342020143325668,0.,-0.939692620785908));
#7626=DIRECTION('',(0.,-1.,0.));
#7627=DIRECTION('',(0.342020143325668,0.,-0.939692620785908));
#7628=DIRECTION('',(0.,-1.,0.));
#7629=DIRECTION('',(0.17364817766693,0.,-0.984807753012208));
#7630=DIRECTION('',(0.,-1.,0.));
#7631=DIRECTION('',(0.17364817766693,0.,-0.984807753012208));
#7632=DIRECTION('',(0.,-1.,0.));
#7633=DIRECTION('',(0.17364817766693,0.,-0.984807753012208));
#7634=DIRECTION('',(0.,-1.,0.));
#7635=DIRECTION('',(0.,0.,-1.));
#7636=DIRECTION('',(0.,-1.,0.));
#7637=DIRECTION('',(0.,0.,-1.));
#7638=DIRECTION('',(0.,-1.,0.));
#7639=DIRECTION('',(0.,0.,-1.));
#7640=DIRECTION('',(0.,-1.,0.));
#7641=DIRECTION('',(-0.17364817766693,0.,-0.984807753012208));
#7642=DIRECTION('',(0.,-1.,0.));
#7643=DIRECTION('',(-0.17364817766693,0.,-0.984807753012208));
#7644=DIRECTION('',(0.,-1.,0.));
#7645=DIRECTION('',(-0.17364817766693,0.,-0.984807753012208));
#7646=DIRECTION('',(0.,-1.,0.));
#7647=DIRECTION('',(-0.342020143325668,0.,-0.939692620785908));
#7648=DIRECTION('',(0.,-1.,0.));
#7649=DIRECTION('',(-0.342020143325668,0.,-0.939692620785908));
#7650=DIRECTION('',(0.,-1.,0.));
#7651=DIRECTION('',(-0.342020143325668,0.,-0.939692620785908));
#7652=DIRECTION('',(0.,-1.,0.));
#7653=DIRECTION('',(-0.5,0.,-0.866025403784438));
#7654=DIRECTION('',(0.,-1.,0.));
#7655=DIRECTION('',(-0.5,0.,-0.866025403784438));
#7656=DIRECTION('',(0.,-1.,0.));
#7657=DIRECTION('',(-0.5,0.,-0.866025403784438));
#7658=DIRECTION('',(0.,-1.,0.));
#7659=DIRECTION('',(-0.64278760968654,0.,-0.766044443118978));
#7660=DIRECTION('',(0.,-1.,0.));
#7661=DIRECTION('',(-0.64278760968654,0.,-0.766044443118978));
#7662=DIRECTION('',(0.,-1.,0.));
#7663=DIRECTION('',(-0.64278760968654,0.,-0.766044443118978));
#7664=DIRECTION('',(0.,-1.,0.));
#7665=DIRECTION('',(-0.766044443118978,0.,-0.642787609686539));
#7666=DIRECTION('',(0.,-1.,0.));
#7667=DIRECTION('',(-0.766044443118978,0.,-0.642787609686539));
#7668=DIRECTION('',(0.,-1.,0.));
#7669=DIRECTION('',(-0.766044443118978,0.,-0.642787609686539));
#7670=DIRECTION('',(0.,-1.,0.));
#7671=DIRECTION('',(-0.866025403784439,0.,-0.5));
#7672=DIRECTION('',(0.,-1.,0.));
#7673=DIRECTION('',(-0.866025403784439,0.,-0.5));
#7674=DIRECTION('',(0.,-1.,0.));
#7675=DIRECTION('',(-0.866025403784439,0.,-0.5));
#7676=DIRECTION('',(0.,-1.,0.));
#7677=DIRECTION('',(-0.939692620785908,0.,-0.342020143325669));
#7678=DIRECTION('',(0.,-1.,0.));
#7679=DIRECTION('',(-0.939692620785908,0.,-0.342020143325669));
#7680=DIRECTION('',(0.,1.,0.));
#7681=DIRECTION('',(0.,1.,0.));
#7682=DIRECTION('',(0.,1.,0.));
#7683=DIRECTION('',(0.,0.,1.));
#7684=DIRECTION('',(0.,1.,0.));
#7685=DIRECTION('',(0.,1.,0.));
#7686=DIRECTION('',(0.,1.,0.));
#7687=DIRECTION('',(0.,0.,1.));
#7688=DIRECTION('',(0.,1.,0.));
#7689=DIRECTION('',(0.,0.,1.));
#7690=DIRECTION('',(0.,1.,0.));
#7691=DIRECTION('',(0.,1.,0.));
#7692=DIRECTION('',(0.,1.,0.));
#7693=DIRECTION('',(0.17364817766693,0.,0.984807753012208));
#7694=DIRECTION('',(0.,1.,0.));
#7695=DIRECTION('',(0.,1.,0.));
#7696=DIRECTION('',(0.,1.,0.));
#7697=DIRECTION('',(0.17364817766693,0.,0.984807753012208));
#7698=DIRECTION('',(0.,1.,0.));
#7699=DIRECTION('',(0.17364817766693,0.,0.984807753012208));
#7700=DIRECTION('',(0.,1.,0.));
#7701=DIRECTION('',(0.,1.,0.));
#7702=DIRECTION('',(0.,1.,0.));
#7703=DIRECTION('',(0.342020143325668,0.,0.939692620785908));
#7704=DIRECTION('',(0.,1.,0.));
#7705=DIRECTION('',(0.,1.,0.));
#7706=DIRECTION('',(0.,1.,0.));
#7707=DIRECTION('',(0.342020143325668,0.,0.939692620785908));
#7708=DIRECTION('',(0.,1.,0.));
#7709=DIRECTION('',(0.342020143325668,0.,0.939692620785908));
#7710=DIRECTION('',(0.,1.,0.));
#7711=DIRECTION('',(0.,1.,0.));
#7712=DIRECTION('',(0.,1.,0.));
#7713=DIRECTION('',(0.5,0.,0.866025403784438));
#7714=DIRECTION('',(0.,1.,0.));
#7715=DIRECTION('',(0.,1.,0.));
#7716=DIRECTION('',(0.,1.,0.));
#7717=DIRECTION('',(0.5,0.,0.866025403784438));
#7718=DIRECTION('',(0.,1.,0.));
#7719=DIRECTION('',(0.5,0.,0.866025403784438));
#7720=DIRECTION('',(0.,1.,0.));
#7721=DIRECTION('',(0.,1.,0.));
#7722=DIRECTION('',(0.,1.,0.));
#7723=DIRECTION('',(-0.984807753012208,0.,0.17364817766693));
#7724=DIRECTION('',(0.,1.,0.));
#7725=DIRECTION('',(0.,1.,0.));
#7726=DIRECTION('',(0.,1.,0.));
#7727=DIRECTION('',(-0.984807753012208,0.,0.17364817766693));
#7728=DIRECTION('',(0.,1.,0.));
#7729=DIRECTION('',(-0.984807753012208,0.,0.17364817766693));
#7730=DIRECTION('',(0.,1.,0.));
#7731=DIRECTION('',(0.,1.,0.));
#7732=DIRECTION('',(0.,1.,0.));
#7733=DIRECTION('',(-0.939692620785908,0.,0.342020143325669));
#7734=DIRECTION('',(0.,1.,0.));
#7735=DIRECTION('',(0.,1.,0.));
#7736=DIRECTION('',(0.,1.,0.));
#7737=DIRECTION('',(-0.939692620785908,0.,0.342020143325669));
#7738=DIRECTION('',(0.,1.,0.));
#7739=DIRECTION('',(-0.939692620785908,0.,0.342020143325669));
#7740=DIRECTION('',(0.,1.,0.));
#7741=DIRECTION('',(0.,1.,0.));
#7742=DIRECTION('',(0.,1.,0.));
#7743=DIRECTION('',(-0.766044443118978,0.,0.642787609686539));
#7744=DIRECTION('',(0.,1.,0.));
#7745=DIRECTION('',(0.,1.,0.));
#7746=DIRECTION('',(0.,1.,0.));
#7747=DIRECTION('',(-0.766044443118978,0.,0.642787609686539));
#7748=DIRECTION('',(0.,1.,0.));
#7749=DIRECTION('',(-0.766044443118978,0.,0.642787609686539));
#7750=DIRECTION('',(0.,1.,0.));
#7751=DIRECTION('',(0.,1.,0.));
#7752=DIRECTION('',(0.,1.,0.));
#7753=DIRECTION('',(-0.866025403784439,0.,0.5));
#7754=DIRECTION('',(0.,1.,0.));
#7755=DIRECTION('',(0.,1.,0.));
#7756=DIRECTION('',(0.,1.,0.));
#7757=DIRECTION('',(-0.866025403784439,0.,0.5));
#7758=DIRECTION('',(0.,1.,0.));
#7759=DIRECTION('',(-0.866025403784439,0.,0.5));
#7760=DIRECTION('',(0.,1.,0.));
#7761=DIRECTION('',(0.,1.,0.));
#7762=DIRECTION('',(0.,1.,0.));
#7763=DIRECTION('',(-0.5,0.,0.866025403784439));
#7764=DIRECTION('',(0.,1.,0.));
#7765=DIRECTION('',(0.,1.,0.));
#7766=DIRECTION('',(0.,1.,0.));
#7767=DIRECTION('',(-0.5,0.,0.866025403784439));
#7768=DIRECTION('',(0.,1.,0.));
#7769=DIRECTION('',(-0.5,0.,0.866025403784439));
#7770=DIRECTION('',(0.,1.,0.));
#7771=DIRECTION('',(0.,1.,0.));
#7772=DIRECTION('',(0.,1.,0.));
#7773=DIRECTION('',(-0.642787609686539,0.,0.766044443118978));
#7774=DIRECTION('',(0.,1.,0.));
#7775=DIRECTION('',(0.,1.,0.));
#7776=DIRECTION('',(0.,1.,0.));
#7777=DIRECTION('',(-0.642787609686539,0.,0.766044443118978));
#7778=DIRECTION('',(0.,1.,0.));
#7779=DIRECTION('',(-0.642787609686539,0.,0.766044443118978));
#7780=DIRECTION('',(0.,1.,0.));
#7781=DIRECTION('',(0.,1.,0.));
#7782=DIRECTION('',(0.,1.,0.));
#7783=DIRECTION('',(-0.342020143325668,0.,0.939692620785908));
#7784=DIRECTION('',(0.,1.,0.));
#7785=DIRECTION('',(0.,1.,0.));
#7786=DIRECTION('',(0.,1.,0.));
#7787=DIRECTION('',(-0.342020143325668,0.,0.939692620785908));
#7788=DIRECTION('',(0.,1.,0.));
#7789=DIRECTION('',(-0.342020143325668,0.,0.939692620785908));
#7790=DIRECTION('',(0.,1.,0.));
#7791=DIRECTION('',(0.,1.,0.));
#7792=DIRECTION('',(0.,1.,0.));
#7793=DIRECTION('',(-0.17364817766693,0.,0.984807753012208));
#7794=DIRECTION('',(0.,1.,0.));
#7795=DIRECTION('',(0.,1.,0.));
#7796=DIRECTION('',(0.,1.,0.));
#7797=DIRECTION('',(-0.17364817766693,0.,0.984807753012208));
#7798=DIRECTION('',(0.,1.,0.));
#7799=DIRECTION('',(-0.17364817766693,0.,0.984807753012208));
#7800=DIRECTION('',(0.,1.,0.));
#7801=DIRECTION('',(0.,1.,0.));
#7802=DIRECTION('',(0.,1.,0.));
#7803=DIRECTION('',(-0.64278760968654,0.,-0.766044443118978));
#7804=DIRECTION('',(0.,1.,0.));
#7805=DIRECTION('',(0.,1.,0.));
#7806=DIRECTION('',(0.,1.,0.));
#7807=DIRECTION('',(-0.64278760968654,0.,-0.766044443118978));
#7808=DIRECTION('',(0.,1.,0.));
#7809=DIRECTION('',(-0.64278760968654,0.,-0.766044443118978));
#7810=DIRECTION('',(0.,1.,0.));
#7811=DIRECTION('',(0.,1.,0.));
#7812=DIRECTION('',(0.,1.,0.));
#7813=DIRECTION('',(-0.766044443118978,0.,-0.64278760968654));
#7814=DIRECTION('',(0.,1.,0.));
#7815=DIRECTION('',(0.,1.,0.));
#7816=DIRECTION('',(0.,1.,0.));
#7817=DIRECTION('',(-0.766044443118978,0.,-0.64278760968654));
#7818=DIRECTION('',(0.,1.,0.));
#7819=DIRECTION('',(-0.766044443118978,0.,-0.64278760968654));
#7820=DIRECTION('',(0.,1.,0.));
#7821=DIRECTION('',(0.,1.,0.));
#7822=DIRECTION('',(0.,1.,0.));
#7823=DIRECTION('',(-0.5,0.,-0.866025403784439));
#7824=DIRECTION('',(0.,1.,0.));
#7825=DIRECTION('',(0.,1.,0.));
#7826=DIRECTION('',(0.,1.,0.));
#7827=DIRECTION('',(-0.5,0.,-0.866025403784439));
#7828=DIRECTION('',(0.,1.,0.));
#7829=DIRECTION('',(-0.5,0.,-0.866025403784439));
#7830=DIRECTION('',(0.,1.,0.));
#7831=DIRECTION('',(0.,1.,0.));
#7832=DIRECTION('',(0.,1.,0.));
#7833=DIRECTION('',(-0.342020143325669,0.,-0.939692620785908));
#7834=DIRECTION('',(0.,1.,0.));
#7835=DIRECTION('',(0.,1.,0.));
#7836=DIRECTION('',(0.,1.,0.));
#7837=DIRECTION('',(-0.342020143325669,0.,-0.939692620785908));
#7838=DIRECTION('',(0.,1.,0.));
#7839=DIRECTION('',(-0.342020143325669,0.,-0.939692620785908));
#7840=DIRECTION('',(0.,1.,0.));
#7841=DIRECTION('',(0.,1.,0.));
#7842=DIRECTION('',(0.,1.,0.));
#7843=DIRECTION('',(-0.866025403784439,0.,-0.5));
#7844=DIRECTION('',(0.,1.,0.));
#7845=DIRECTION('',(0.,1.,0.));
#7846=DIRECTION('',(0.,1.,0.));
#7847=DIRECTION('',(-0.866025403784439,0.,-0.5));
#7848=DIRECTION('',(0.,1.,0.));
#7849=DIRECTION('',(-0.866025403784439,0.,-0.5));
#7850=DIRECTION('',(0.,1.,0.));
#7851=DIRECTION('',(0.,1.,0.));
#7852=DIRECTION('',(0.,1.,0.));
#7853=DIRECTION('',(-0.939692620785908,0.,-0.342020143325668));
#7854=DIRECTION('',(0.,1.,0.));
#7855=DIRECTION('',(0.,1.,0.));
#7856=DIRECTION('',(0.,1.,0.));
#7857=DIRECTION('',(-0.939692620785908,0.,-0.342020143325668));
#7858=DIRECTION('',(0.,1.,0.));
#7859=DIRECTION('',(-0.939692620785908,0.,-0.342020143325668));
#7860=DIRECTION('',(0.,1.,0.));
#7861=DIRECTION('',(0.,1.,0.));
#7862=DIRECTION('',(0.,1.,0.));
#7863=DIRECTION('',(-0.984807753012208,0.,-0.17364817766693));
#7864=DIRECTION('',(0.,1.,0.));
#7865=DIRECTION('',(0.,1.,0.));
#7866=DIRECTION('',(0.,1.,0.));
#7867=DIRECTION('',(-0.984807753012208,0.,-0.17364817766693));
#7868=DIRECTION('',(0.,1.,0.));
#7869=DIRECTION('',(-0.984807753012208,0.,-0.17364817766693));
#7870=DIRECTION('',(0.,1.,0.));
#7871=DIRECTION('',(0.,1.,0.));
#7872=DIRECTION('',(0.,1.,0.));
#7873=DIRECTION('',(-1.,0.,6.12323399573677E-17));
#7874=DIRECTION('',(0.,1.,0.));
#7875=DIRECTION('',(0.,1.,0.));
#7876=DIRECTION('',(0.,1.,0.));
#7877=DIRECTION('',(-1.,0.,6.12323399573677E-17));
#7878=DIRECTION('',(0.,1.,0.));
#7879=DIRECTION('',(-1.,0.,6.12323399573677E-17));
#7880=DIRECTION('',(0.,1.,0.));
#7881=DIRECTION('',(0.,1.,0.));
#7882=DIRECTION('',(0.,1.,0.));
#7883=DIRECTION('',(-0.17364817766693,0.,-0.984807753012208));
#7884=DIRECTION('',(0.,1.,0.));
#7885=DIRECTION('',(0.,1.,0.));
#7886=DIRECTION('',(0.,1.,0.));
#7887=DIRECTION('',(-0.17364817766693,0.,-0.984807753012208));
#7888=DIRECTION('',(0.,1.,0.));
#7889=DIRECTION('',(-0.17364817766693,0.,-0.984807753012208));
#7890=DIRECTION('',(0.,1.,0.));
#7891=DIRECTION('',(0.,1.,0.));
#7892=DIRECTION('',(0.,1.,0.));
#7893=DIRECTION('',(-1.22464679914735E-16,0.,-1.));
#7894=DIRECTION('',(0.,1.,0.));
#7895=DIRECTION('',(0.,1.,0.));
#7896=DIRECTION('',(0.,1.,0.));
#7897=DIRECTION('',(-1.22464679914735E-16,0.,-1.));
#7898=DIRECTION('',(0.,1.,0.));
#7899=DIRECTION('',(-1.22464679914735E-16,0.,-1.));
#7900=DIRECTION('',(0.,1.,0.));
#7901=DIRECTION('',(0.,1.,0.));
#7902=DIRECTION('',(0.,1.,0.));
#7903=DIRECTION('',(0.17364817766693,0.,-0.984807753012208));
#7904=DIRECTION('',(0.,1.,0.));
#7905=DIRECTION('',(0.,1.,0.));
#7906=DIRECTION('',(0.,1.,0.));
#7907=DIRECTION('',(0.17364817766693,0.,-0.984807753012208));
#7908=DIRECTION('',(0.,1.,0.));
#7909=DIRECTION('',(0.17364817766693,0.,-0.984807753012208));
#7910=DIRECTION('',(0.,1.,0.));
#7911=DIRECTION('',(0.,1.,0.));
#7912=DIRECTION('',(0.,1.,0.));
#7913=DIRECTION('',(0.342020143325668,0.,-0.939692620785908));
#7914=DIRECTION('',(0.,1.,0.));
#7915=DIRECTION('',(0.,1.,0.));
#7916=DIRECTION('',(0.,1.,0.));
#7917=DIRECTION('',(0.342020143325668,0.,-0.939692620785908));
#7918=DIRECTION('',(0.,1.,0.));
#7919=DIRECTION('',(0.342020143325668,0.,-0.939692620785908));
#7920=DIRECTION('',(0.,1.,0.));
#7921=DIRECTION('',(0.,1.,0.));
#7922=DIRECTION('',(0.,1.,0.));
#7923=DIRECTION('',(0.766044443118978,0.,-0.64278760968654));
#7924=DIRECTION('',(0.,1.,0.));
#7925=DIRECTION('',(0.,1.,0.));
#7926=DIRECTION('',(0.,1.,0.));
#7927=DIRECTION('',(0.766044443118978,0.,-0.64278760968654));
#7928=DIRECTION('',(0.,1.,0.));
#7929=DIRECTION('',(0.766044443118978,0.,-0.64278760968654));
#7930=DIRECTION('',(0.,1.,0.));
#7931=DIRECTION('',(0.,1.,0.));
#7932=DIRECTION('',(0.,1.,0.));
#7933=DIRECTION('',(0.866025403784438,0.,-0.5));
#7934=DIRECTION('',(0.,1.,0.));
#7935=DIRECTION('',(0.,1.,0.));
#7936=DIRECTION('',(0.,1.,0.));
#7937=DIRECTION('',(0.866025403784438,0.,-0.5));
#7938=DIRECTION('',(0.,1.,0.));
#7939=DIRECTION('',(0.866025403784438,0.,-0.5));
#7940=DIRECTION('',(0.,1.,0.));
#7941=DIRECTION('',(0.,1.,0.));
#7942=DIRECTION('',(0.,1.,0.));
#7943=DIRECTION('',(0.5,0.,-0.866025403784439));
#7944=DIRECTION('',(0.,1.,0.));
#7945=DIRECTION('',(0.,1.,0.));
#7946=DIRECTION('',(0.,1.,0.));
#7947=DIRECTION('',(0.5,0.,-0.866025403784439));
#7948=DIRECTION('',(0.,1.,0.));
#7949=DIRECTION('',(0.5,0.,-0.866025403784439));
#7950=DIRECTION('',(0.,1.,0.));
#7951=DIRECTION('',(0.,1.,0.));
#7952=DIRECTION('',(0.,1.,0.));
#7953=DIRECTION('',(0.642787609686539,0.,-0.766044443118978));
#7954=DIRECTION('',(0.,1.,0.));
#7955=DIRECTION('',(0.,1.,0.));
#7956=DIRECTION('',(0.,1.,0.));
#7957=DIRECTION('',(0.642787609686539,0.,-0.766044443118978));
#7958=DIRECTION('',(0.,1.,0.));
#7959=DIRECTION('',(0.642787609686539,0.,-0.766044443118978));
#7960=DIRECTION('',(0.,1.,0.));
#7961=DIRECTION('',(0.,1.,0.));
#7962=DIRECTION('',(0.,1.,0.));
#7963=DIRECTION('',(0.939692620785909,0.,-0.342020143325668));
#7964=DIRECTION('',(0.,1.,0.));
#7965=DIRECTION('',(0.,1.,0.));
#7966=DIRECTION('',(0.,1.,0.));
#7967=DIRECTION('',(0.939692620785909,0.,-0.342020143325668));
#7968=DIRECTION('',(0.,1.,0.));
#7969=DIRECTION('',(0.939692620785909,0.,-0.342020143325668));
#7970=DIRECTION('',(0.,1.,0.));
#7971=DIRECTION('',(0.,1.,0.));
#7972=DIRECTION('',(0.,1.,0.));
#7973=DIRECTION('',(0.984807753012208,0.,-0.17364817766693));
#7974=DIRECTION('',(0.,1.,0.));
#7975=DIRECTION('',(0.,1.,0.));
#7976=DIRECTION('',(0.,1.,0.));
#7977=DIRECTION('',(0.984807753012208,0.,-0.17364817766693));
#7978=DIRECTION('',(0.,1.,0.));
#7979=DIRECTION('',(0.984807753012208,0.,-0.17364817766693));
#7980=DIRECTION('',(0.,1.,0.));
#7981=DIRECTION('',(0.,1.,0.));
#7982=DIRECTION('',(0.,1.,0.));
#7983=DIRECTION('',(1.,0.,-1.83697019872103E-16));
#7984=DIRECTION('',(0.,1.,0.));
#7985=DIRECTION('',(0.,1.,0.));
#7986=DIRECTION('',(0.,1.,0.));
#7987=DIRECTION('',(1.,0.,-1.83697019872103E-16));
#7988=DIRECTION('',(0.,1.,0.));
#7989=DIRECTION('',(1.,0.,-1.83697019872103E-16));
#7990=DIRECTION('',(0.,1.,0.));
#7991=DIRECTION('',(0.,1.,0.));
#7992=DIRECTION('',(0.,1.,0.));
#7993=DIRECTION('',(0.984807753012208,0.,0.17364817766693));
#7994=DIRECTION('',(0.,1.,0.));
#7995=DIRECTION('',(0.,1.,0.));
#7996=DIRECTION('',(0.,1.,0.));
#7997=DIRECTION('',(0.984807753012208,0.,0.17364817766693));
#7998=DIRECTION('',(0.,1.,0.));
#7999=DIRECTION('',(0.984807753012208,0.,0.17364817766693));
#8000=DIRECTION('',(0.,1.,0.));
#8001=DIRECTION('',(0.,1.,0.));
#8002=DIRECTION('',(0.,1.,0.));
#8003=DIRECTION('',(0.766044443118978,0.,0.642787609686539));
#8004=DIRECTION('',(0.,1.,0.));
#8005=DIRECTION('',(0.,1.,0.));
#8006=DIRECTION('',(0.,1.,0.));
#8007=DIRECTION('',(0.766044443118978,0.,0.642787609686539));
#8008=DIRECTION('',(0.,1.,0.));
#8009=DIRECTION('',(0.766044443118978,0.,0.642787609686539));
#8010=DIRECTION('',(0.,1.,0.));
#8011=DIRECTION('',(0.,1.,0.));
#8012=DIRECTION('',(0.,1.,0.));
#8013=DIRECTION('',(0.64278760968654,0.,0.766044443118978));
#8014=DIRECTION('',(0.,1.,0.));
#8015=DIRECTION('',(0.,1.,0.));
#8016=DIRECTION('',(0.,1.,0.));
#8017=DIRECTION('',(0.64278760968654,0.,0.766044443118978));
#8018=DIRECTION('',(0.,1.,0.));
#8019=DIRECTION('',(0.64278760968654,0.,0.766044443118978));
#8020=DIRECTION('',(0.,1.,0.));
#8021=DIRECTION('',(0.,1.,0.));
#8022=DIRECTION('',(0.,1.,0.));
#8023=DIRECTION('',(0.866025403784439,0.,0.5));
#8024=DIRECTION('',(0.,1.,0.));
#8025=DIRECTION('',(0.,1.,0.));
#8026=DIRECTION('',(0.,1.,0.));
#8027=DIRECTION('',(0.866025403784439,0.,0.5));
#8028=DIRECTION('',(0.,1.,0.));
#8029=DIRECTION('',(0.866025403784439,0.,0.5));
#8030=DIRECTION('',(0.,1.,0.));
#8031=DIRECTION('',(0.,1.,0.));
#8032=DIRECTION('',(0.,1.,0.));
#8033=DIRECTION('',(0.939692620785908,0.,0.342020143325669));
#8034=DIRECTION('',(0.,1.,0.));
#8035=DIRECTION('',(0.,1.,0.));
#8036=DIRECTION('',(0.,1.,0.));
#8037=DIRECTION('',(0.939692620785908,0.,0.342020143325669));
#8038=DIRECTION('',(0.,1.,0.));
#8039=DIRECTION('',(0.939692620785908,0.,0.342020143325669));
#8040=DIRECTION('',(0.,1.,0.));
#8041=DIRECTION('',(1.,0.,0.));
#8042=DIRECTION('',(0.,1.,0.));
#8043=DIRECTION('',(0.,0.,1.));
#8044=DIRECTION('',(0.,1.,0.));
#8045=DIRECTION('',(0.,0.,1.));
#8046=DIRECTION('',(0.,1.,0.));
#8047=DIRECTION('',(0.,0.,1.));
#8048=DIRECTION('',(-0.596355344991427,0.,0.802720563147697));
#8049=DIRECTION('',(0.,-1.,0.));
#8050=DIRECTION('',(0.,0.,-1.));
#8051=DIRECTION('',(0.,1.,0.));
#8052=DIRECTION('',(0.,0.,1.));
#8053=DIRECTION('',(0.,-1.,0.));
#8054=DIRECTION('',(0.,0.,-1.));
#8055=DIRECTION('',(-0.0677025393482012,0.,-0.997705550834416));
#8056=DIRECTION('',(0.,1.,0.));
#8057=DIRECTION('',(1.,0.,0.));
#8058=DIRECTION('',(0.,1.,0.));
#8059=DIRECTION('',(0.,0.,1.));
#8060=DIRECTION('',(0.,1.,0.));
#8061=DIRECTION('',(0.,0.,1.));
#8062=DIRECTION('',(0.,1.,0.));
#8063=DIRECTION('',(0.,0.,1.));
#8064=DIRECTION('',(-0.935669542245383,0.,0.352877468414061));
#8065=DIRECTION('',(0.,-1.,0.));
#8066=DIRECTION('',(0.,0.,-1.));
#8067=DIRECTION('',(0.,1.,0.));
#8068=DIRECTION('',(0.,0.,1.));
#8069=DIRECTION('',(0.,-1.,0.));
#8070=DIRECTION('',(0.,0.,-1.));
#8071=DIRECTION('',(0.48244534417479,0.,-0.875926075581763));
#8072=DIRECTION('',(0.,1.,0.));
#8073=DIRECTION('',(1.,0.,0.));
#8074=DIRECTION('',(0.,1.,0.));
#8075=DIRECTION('',(0.,0.,1.));
#8076=DIRECTION('',(0.,1.,0.));
#8077=DIRECTION('',(0.,0.,1.));
#8078=DIRECTION('',(0.,1.,0.));
#8079=DIRECTION('',(0.,0.,1.));
#8080=DIRECTION('',(-0.977915270961501,0.,-0.209001729227998));
#8081=DIRECTION('',(0.,-1.,0.));
#8082=DIRECTION('',(0.,0.,-1.));
#8083=DIRECTION('',(0.,1.,0.));
#8084=DIRECTION('',(0.,0.,1.));
#8085=DIRECTION('',(0.,-1.,0.));
#8086=DIRECTION('',(0.,0.,-1.));
#8087=DIRECTION('',(0.879420239718195,0.,-0.476046260329805));
#8088=DIRECTION('',(0.,1.,0.));
#8089=DIRECTION('',(1.,0.,0.));
#8090=DIRECTION('',(0.,1.,0.));
#8091=DIRECTION('',(0.,0.,1.));
#8092=DIRECTION('',(0.,1.,0.));
#8093=DIRECTION('',(0.,0.,1.));
#8094=DIRECTION('',(0.,1.,0.));
#8095=DIRECTION('',(0.,0.,1.));
#8096=DIRECTION('',(-0.709679810766481,0.,-0.704524354575803));
#8097=DIRECTION('',(0.,-1.,0.));
#8098=DIRECTION('',(0.,0.,-1.));
#8099=DIRECTION('',(0.,1.,0.));
#8100=DIRECTION('',(0.,0.,1.));
#8101=DIRECTION('',(0.,-1.,0.));
#8102=DIRECTION('',(0.,0.,-1.));
#8103=DIRECTION('',(0.997185422837562,0.,0.0749748789947217));
#8104=DIRECTION('',(0.,1.,0.));
#8105=DIRECTION('',(1.,0.,0.));
#8106=DIRECTION('',(0.,1.,0.));
#8107=DIRECTION('',(0.,0.,1.));
#8108=DIRECTION('',(0.,1.,0.));
#8109=DIRECTION('',(0.,0.,1.));
#8110=DIRECTION('',(0.,1.,0.));
#8111=DIRECTION('',(0.,0.,1.));
#8112=DIRECTION('',(-0.216126025011024,0.,-0.976365475277027));
#8113=DIRECTION('',(0.,-1.,0.));
#8114=DIRECTION('',(0.,0.,-1.));
#8115=DIRECTION('',(0.,1.,0.));
#8116=DIRECTION('',(0.,0.,1.));
#8117=DIRECTION('',(0.,-1.,0.));
#8118=DIRECTION('',(0.,0.,-1.));
#8119=DIRECTION('',(0.798351279981513,0.,0.602192023985605));
#8120=DIRECTION('',(0.,1.,0.));
#8121=DIRECTION('',(1.,0.,0.));
#8122=DIRECTION('',(0.,1.,0.));
#8123=DIRECTION('',(0.,0.,1.));
#8124=DIRECTION('',(0.,1.,0.));
#8125=DIRECTION('',(0.,0.,1.));
#8126=DIRECTION('',(0.,1.,0.));
#8127=DIRECTION('',(0.,0.,1.));
#8128=DIRECTION('',(0.346046246611932,0.,-0.938217456246575));
#8129=DIRECTION('',(0.,-1.,0.));
#8130=DIRECTION('',(0.,0.,-1.));
#8131=DIRECTION('',(0.,1.,0.));
#8132=DIRECTION('',(0.,0.,1.));
#8133=DIRECTION('',(0.,-1.,0.));
#8134=DIRECTION('',(0.,0.,-1.));
#8135=DIRECTION('',(0.346046246611925,0.,0.938217456246578));
#8136=DIRECTION('',(0.,1.,0.));
#8137=DIRECTION('',(1.,0.,0.));
#8138=DIRECTION('',(0.,1.,0.));
#8139=DIRECTION('',(0.,0.,1.));
#8140=DIRECTION('',(0.,1.,0.));
#8141=DIRECTION('',(0.,0.,1.));
#8142=DIRECTION('',(0.,1.,0.));
#8143=DIRECTION('',(0.,0.,1.));
#8144=DIRECTION('',(0.798351279981514,0.,-0.602192023985604));
#8145=DIRECTION('',(0.,-1.,0.));
#8146=DIRECTION('',(0.,0.,-1.));
#8147=DIRECTION('',(0.,1.,0.));
#8148=DIRECTION('',(0.,0.,1.));
#8149=DIRECTION('',(0.,-1.,0.));
#8150=DIRECTION('',(0.,0.,-1.));
#8151=DIRECTION('',(-0.216126025011009,0.,0.97636547527703));
#8152=DIRECTION('',(0.,1.,0.));
#8153=DIRECTION('',(1.,0.,0.));
#8154=DIRECTION('',(0.,1.,0.));
#8155=DIRECTION('',(0.,0.,1.));
#8156=DIRECTION('',(0.,1.,0.));
#8157=DIRECTION('',(0.,0.,1.));
#8158=DIRECTION('',(0.,1.,0.));
#8159=DIRECTION('',(0.,0.,1.));
#8160=DIRECTION('',(0.997185422837561,0.,-0.0749748789947325));
#8161=DIRECTION('',(0.,-1.,0.));
#8162=DIRECTION('',(0.,0.,-1.));
#8163=DIRECTION('',(0.,1.,0.));
#8164=DIRECTION('',(0.,0.,1.));
#8165=DIRECTION('',(0.,-1.,0.));
#8166=DIRECTION('',(0.,0.,-1.));
#8167=DIRECTION('',(-0.709679810766468,0.,0.704524354575816));
#8168=DIRECTION('',(0.,1.,0.));
#8169=DIRECTION('',(1.,0.,0.));
#8170=DIRECTION('',(0.,1.,0.));
#8171=DIRECTION('',(0.,0.,1.));
#8172=DIRECTION('',(0.,1.,0.));
#8173=DIRECTION('',(0.,0.,1.));
#8174=DIRECTION('',(0.,1.,0.));
#8175=DIRECTION('',(0.,0.,1.));
#8176=DIRECTION('',(0.879420239718198,0.,0.4760462603298));
#8177=DIRECTION('',(0.,-1.,0.));
#8178=DIRECTION('',(0.,0.,-1.));
#8179=DIRECTION('',(0.,1.,0.));
#8180=DIRECTION('',(0.,0.,1.));
#8181=DIRECTION('',(0.,-1.,0.));
#8182=DIRECTION('',(0.,0.,-1.));
#8183=DIRECTION('',(-0.977915270961502,0.,0.209001729227996));
#8184=DIRECTION('',(0.,1.,0.));
#8185=DIRECTION('',(1.,0.,0.));
#8186=DIRECTION('',(0.,1.,0.));
#8187=DIRECTION('',(0.,0.,1.));
#8188=DIRECTION('',(0.,1.,0.));
#8189=DIRECTION('',(0.,0.,1.));
#8190=DIRECTION('',(0.,1.,0.));
#8191=DIRECTION('',(0.,0.,1.));
#8192=DIRECTION('',(0.482445344174803,0.,0.875926075581756));
#8193=DIRECTION('',(0.,-1.,0.));
#8194=DIRECTION('',(0.,0.,-1.));
#8195=DIRECTION('',(0.,1.,0.));
#8196=DIRECTION('',(0.,0.,1.));
#8197=DIRECTION('',(0.,-1.,0.));
#8198=DIRECTION('',(0.,0.,-1.));
#8199=DIRECTION('',(-0.935669542245382,0.,-0.352877468414062));
#8200=DIRECTION('',(0.,-1.,0.));
#8201=DIRECTION('',(1.,0.,0.));
#8202=DIRECTION('',(0.,1.,0.));
#8203=DIRECTION('',(0.,0.,1.));
#8204=DIRECTION('',(0.,-1.,0.));
#8205=DIRECTION('',(0.,0.,-1.));
#8206=DIRECTION('',(0.,1.,0.));
#8207=DIRECTION('',(0.,0.,1.));
#8208=DIRECTION('',(-0.798351279981506,0.,-0.602192023985614));
#8209=DIRECTION('',(0.,-1.,0.));
#8210=DIRECTION('',(0.,0.,-1.));
#8211=DIRECTION('',(0.,1.,0.));
#8212=DIRECTION('',(0.,0.,1.));
#8213=DIRECTION('',(0.,-1.,0.));
#8214=DIRECTION('',(0.,0.,-1.));
#8215=DIRECTION('',(0.216126025011009,0.,0.97636547527703));
#8216=DIRECTION('',(0.,-1.,0.));
#8217=DIRECTION('',(1.,0.,0.));
#8218=DIRECTION('',(0.,1.,0.));
#8219=DIRECTION('',(0.,0.,1.));
#8220=DIRECTION('',(0.,-1.,0.));
#8221=DIRECTION('',(0.,0.,-1.));
#8222=DIRECTION('',(0.,1.,0.));
#8223=DIRECTION('',(0.,0.,1.));
#8224=DIRECTION('',(-0.997185422837562,0.,-0.0749748789947232));
#8225=DIRECTION('',(0.,-1.,0.));
#8226=DIRECTION('',(0.,0.,-1.));
#8227=DIRECTION('',(0.,1.,0.));
#8228=DIRECTION('',(0.,0.,1.));
#8229=DIRECTION('',(0.,-1.,0.));
#8230=DIRECTION('',(0.,0.,-1.));
#8231=DIRECTION('',(0.709679810766468,0.,0.704524354575816));
#8232=DIRECTION('',(0.,-1.,0.));
#8233=DIRECTION('',(1.,0.,0.));
#8234=DIRECTION('',(0.,1.,0.));
#8235=DIRECTION('',(0.,0.,1.));
#8236=DIRECTION('',(0.,-1.,0.));
#8237=DIRECTION('',(0.,0.,-1.));
#8238=DIRECTION('',(0.,1.,0.));
#8239=DIRECTION('',(0.,0.,1.));
#8240=DIRECTION('',(-0.879420239718202,0.,0.476046260329792));
#8241=DIRECTION('',(0.,-1.,0.));
#8242=DIRECTION('',(0.,0.,-1.));
#8243=DIRECTION('',(0.,1.,0.));
#8244=DIRECTION('',(0.,0.,1.));
#8245=DIRECTION('',(0.,-1.,0.));
#8246=DIRECTION('',(0.,0.,-1.));
#8247=DIRECTION('',(0.977915270961502,0.,0.209001729227996));
#8248=DIRECTION('',(0.,-1.,0.));
#8249=DIRECTION('',(1.,0.,0.));
#8250=DIRECTION('',(0.,1.,0.));
#8251=DIRECTION('',(0.,0.,1.));
#8252=DIRECTION('',(0.,-1.,0.));
#8253=DIRECTION('',(0.,0.,-1.));
#8254=DIRECTION('',(0.,1.,0.));
#8255=DIRECTION('',(0.,0.,1.));
#8256=DIRECTION('',(-0.482445344174797,0.,0.875926075581759));
#8257=DIRECTION('',(0.,-1.,0.));
#8258=DIRECTION('',(0.,0.,-1.));
#8259=DIRECTION('',(0.,1.,0.));
#8260=DIRECTION('',(0.,0.,1.));
#8261=DIRECTION('',(0.,-1.,0.));
#8262=DIRECTION('',(0.,0.,-1.));
#8263=DIRECTION('',(0.935669542245382,0.,-0.352877468414062));
#8264=DIRECTION('',(0.,-1.,0.));
#8265=DIRECTION('',(1.,0.,0.));
#8266=DIRECTION('',(0.,1.,0.));
#8267=DIRECTION('',(0.,0.,1.));
#8268=DIRECTION('',(0.,-1.,0.));
#8269=DIRECTION('',(0.,0.,-1.));
#8270=DIRECTION('',(0.,1.,0.));
#8271=DIRECTION('',(0.,0.,1.));
#8272=DIRECTION('',(0.0677025393481901,0.,0.997705550834417));
#8273=DIRECTION('',(0.,-1.,0.));
#8274=DIRECTION('',(0.,0.,-1.));
#8275=DIRECTION('',(0.,1.,0.));
#8276=DIRECTION('',(0.,0.,1.));
#8277=DIRECTION('',(0.,-1.,0.));
#8278=DIRECTION('',(0.,0.,-1.));
#8279=DIRECTION('',(0.596355344991422,0.,-0.8027205631477));
#8280=DIRECTION('',(0.,-1.,0.));
#8281=DIRECTION('',(1.,0.,0.));
#8282=DIRECTION('',(0.,1.,0.));
#8283=DIRECTION('',(0.,0.,1.));
#8284=DIRECTION('',(0.,-1.,0.));
#8285=DIRECTION('',(0.,0.,-1.));
#8286=DIRECTION('',(0.,1.,0.));
#8287=DIRECTION('',(0.,0.,1.));
#8288=DIRECTION('',(0.596355344991427,0.,0.802720563147697));
#8289=DIRECTION('',(0.,-1.,0.));
#8290=DIRECTION('',(0.,0.,-1.));
#8291=DIRECTION('',(0.,1.,0.));
#8292=DIRECTION('',(0.,0.,1.));
#8293=DIRECTION('',(0.,-1.,0.));
#8294=DIRECTION('',(0.,0.,-1.));
#8295=DIRECTION('',(0.0677025393482013,0.,-0.997705550834416));
#8296=DIRECTION('',(0.,-1.,0.));
#8297=DIRECTION('',(1.,0.,0.));
#8298=DIRECTION('',(0.,1.,0.));
#8299=DIRECTION('',(0.,0.,1.));
#8300=DIRECTION('',(0.,-1.,0.));
#8301=DIRECTION('',(0.,0.,-1.));
#8302=DIRECTION('',(0.,1.,0.));
#8303=DIRECTION('',(0.,0.,1.));
#8304=DIRECTION('',(0.935669542245387,0.,0.352877468414049));
#8305=DIRECTION('',(0.,-1.,0.));
#8306=DIRECTION('',(0.,0.,-1.));
#8307=DIRECTION('',(0.,1.,0.));
#8308=DIRECTION('',(0.,0.,1.));
#8309=DIRECTION('',(0.,-1.,0.));
#8310=DIRECTION('',(0.,0.,-1.));
#8311=DIRECTION('',(-0.48244534417479,0.,-0.875926075581763));
#8312=DIRECTION('',(0.,-1.,0.));
#8313=DIRECTION('',(1.,0.,0.));
#8314=DIRECTION('',(0.,1.,0.));
#8315=DIRECTION('',(0.,0.,1.));
#8316=DIRECTION('',(0.,-1.,0.));
#8317=DIRECTION('',(0.,0.,-1.));
#8318=DIRECTION('',(0.,1.,0.));
#8319=DIRECTION('',(0.,0.,1.));
#8320=DIRECTION('',(0.977915270961505,0.,-0.209001729227983));
#8321=DIRECTION('',(0.,-1.,0.));
#8322=DIRECTION('',(0.,0.,-1.));
#8323=DIRECTION('',(0.,1.,0.));
#8324=DIRECTION('',(0.,0.,1.));
#8325=DIRECTION('',(0.,-1.,0.));
#8326=DIRECTION('',(0.,0.,-1.));
#8327=DIRECTION('',(-0.879420239718195,0.,-0.476046260329805));
#8328=DIRECTION('',(0.,-1.,0.));
#8329=DIRECTION('',(1.,0.,0.));
#8330=DIRECTION('',(0.,1.,0.));
#8331=DIRECTION('',(0.,0.,1.));
#8332=DIRECTION('',(0.,-1.,0.));
#8333=DIRECTION('',(0.,0.,-1.));
#8334=DIRECTION('',(0.,1.,0.));
#8335=DIRECTION('',(0.,0.,1.));
#8336=DIRECTION('',(0.709679810766467,0.,-0.704524354575818));
#8337=DIRECTION('',(0.,-1.,0.));
#8338=DIRECTION('',(0.,0.,-1.));
#8339=DIRECTION('',(0.,1.,0.));
#8340=DIRECTION('',(0.,0.,1.));
#8341=DIRECTION('',(0.,-1.,0.));
#8342=DIRECTION('',(0.,0.,-1.));
#8343=DIRECTION('',(-0.997185422837562,0.,0.0749748789947215));
#8344=DIRECTION('',(0.,-1.,0.));
#8345=DIRECTION('',(1.,0.,0.));
#8346=DIRECTION('',(0.,1.,0.));
#8347=DIRECTION('',(0.,0.,1.));
#8348=DIRECTION('',(0.,-1.,0.));
#8349=DIRECTION('',(0.,0.,-1.));
#8350=DIRECTION('',(0.,1.,0.));
#8351=DIRECTION('',(0.,0.,1.));
#8352=DIRECTION('',(0.216126025011024,0.,-0.976365475277027));
#8353=DIRECTION('',(0.,-1.,0.));
#8354=DIRECTION('',(0.,0.,-1.));
#8355=DIRECTION('',(0.,1.,0.));
#8356=DIRECTION('',(0.,0.,1.));
#8357=DIRECTION('',(0.,-1.,0.));
#8358=DIRECTION('',(0.,0.,-1.));
#8359=DIRECTION('',(-0.798351279981513,0.,0.602192023985605));
#8360=DIRECTION('',(0.,1.,0.));
#8361=DIRECTION('',(0.,0.,1.));
#8362=DIRECTION('',(0.,1.,0.));
#8363=DIRECTION('',(0.,0.,1.));
#8364=DIRECTION('',(0.,1.,0.));
#8365=DIRECTION('',(0.,1.,0.));
#8366=DIRECTION('',(0.,0.,1.));
#8367=DIRECTION('',(0.,1.,0.));
#8368=DIRECTION('',(0.,1.,0.));
#8369=DIRECTION('',(-0.540640817455597,0.,0.841253532831181));
#8370=DIRECTION('',(0.,-1.,0.));
#8371=DIRECTION('',(0.,-1.,0.));
#8372=DIRECTION('',(0.,1.,0.));
#8373=DIRECTION('',(-0.540640817455597,0.,0.841253532831181));
#8374=DIRECTION('',(0.,1.,0.));
#8375=DIRECTION('',(0.,1.,0.));
#8376=DIRECTION('',(-0.540640817455597,0.,0.841253532831181));
#8377=DIRECTION('',(0.,1.,0.));
#8378=DIRECTION('',(0.,1.,0.));
#8379=DIRECTION('',(-0.97636547527703,0.,-0.216126025011009));
#8380=DIRECTION('',(-0.216126025011009,0.,0.97636547527703));
#8381=DIRECTION('',(0.,1.,0.));
#8382=DIRECTION('',(-0.602192023985605,0.,-0.798351279981513));
#8383=DIRECTION('',(-0.798351279981513,0.,0.602192023985605));
#8384=DIRECTION('',(0.,-1.,0.));
#8385=DIRECTION('',(0.,-1.,0.));
#8386=DIRECTION('',(0.540640817455597,0.,-0.841253532831181));
#8387=DIRECTION('',(0.,-1.,0.));
#8388=DIRECTION('',(0.540640817455597,0.,-0.841253532831181));
#8389=DIRECTION('',(0.,1.,0.));
#8390=DIRECTION('',(0.,0.,1.));
#8391=DIRECTION('',(0.,1.,0.));
#8392=DIRECTION('',(0.,0.,1.));
#8393=DIRECTION('',(0.,1.,0.));
#8394=DIRECTION('',(0.,1.,0.));
#8395=DIRECTION('',(0.,0.,1.));
#8396=DIRECTION('',(0.,1.,0.));
#8397=DIRECTION('',(0.,1.,0.));
#8398=DIRECTION('',(-0.909631995354519,0.,0.415415013001886));
#8399=DIRECTION('',(0.,-1.,0.));
#8400=DIRECTION('',(0.,-1.,0.));
#8401=DIRECTION('',(0.,1.,0.));
#8402=DIRECTION('',(-0.909631995354519,0.,0.415415013001886));
#8403=DIRECTION('',(0.,1.,0.));
#8404=DIRECTION('',(0.,1.,0.));
#8405=DIRECTION('',(-0.909631995354519,0.,0.415415013001886));
#8406=DIRECTION('',(0.,1.,0.));
#8407=DIRECTION('',(-0.704524354575816,0.,-0.709679810766468));
#8408=DIRECTION('',(-0.709679810766468,0.,0.704524354575816));
#8409=DIRECTION('',(0.,1.,0.));
#8410=DIRECTION('',(-0.0749748789947215,0.,-0.997185422837562));
#8411=DIRECTION('',(-0.997185422837562,0.,0.0749748789947215));
#8412=DIRECTION('',(0.,-1.,0.));
#8413=DIRECTION('',(0.,-1.,0.));
#8414=DIRECTION('',(0.909631995354519,0.,-0.415415013001886));
#8415=DIRECTION('',(0.,-1.,0.));
#8416=DIRECTION('',(0.909631995354519,0.,-0.415415013001886));
#8417=DIRECTION('',(0.,1.,0.));
#8418=DIRECTION('',(0.,0.,1.));
#8419=DIRECTION('',(0.,1.,0.));
#8420=DIRECTION('',(0.,0.,1.));
#8421=DIRECTION('',(0.,1.,0.));
#8422=DIRECTION('',(0.,1.,0.));
#8423=DIRECTION('',(0.,0.,1.));
#8424=DIRECTION('',(0.,1.,0.));
#8425=DIRECTION('',(0.,1.,0.));
#8426=DIRECTION('',(-0.989821441880933,0.,-0.142314838273285));
#8427=DIRECTION('',(0.,-1.,0.));
#8428=DIRECTION('',(0.,-1.,0.));
#8429=DIRECTION('',(0.,1.,0.));
#8430=DIRECTION('',(-0.989821441880933,0.,-0.142314838273285));
#8431=DIRECTION('',(0.,1.,0.));
#8432=DIRECTION('',(0.,1.,0.));
#8433=DIRECTION('',(-0.989821441880933,0.,-0.142314838273285));
#8434=DIRECTION('',(0.,1.,0.));
#8435=DIRECTION('',(-0.209001729227996,0.,-0.977915270961502));
#8436=DIRECTION('',(-0.977915270961502,0.,0.209001729227996));
#8437=DIRECTION('',(0.,1.,0.));
#8438=DIRECTION('',(0.476046260329805,0.,-0.879420239718195));
#8439=DIRECTION('',(-0.879420239718195,0.,-0.476046260329805));
#8440=DIRECTION('',(0.,-1.,0.));
#8441=DIRECTION('',(0.,-1.,0.));
#8442=DIRECTION('',(0.989821441880933,0.,0.142314838273285));
#8443=DIRECTION('',(0.,-1.,0.));
#8444=DIRECTION('',(0.989821441880933,0.,0.142314838273285));
#8445=DIRECTION('',(0.,1.,0.));
#8446=DIRECTION('',(0.,0.,1.));
#8447=DIRECTION('',(0.,1.,0.));
#8448=DIRECTION('',(0.,0.,1.));
#8449=DIRECTION('',(0.,1.,0.));
#8450=DIRECTION('',(0.,1.,0.));
#8451=DIRECTION('',(0.,0.,1.));
#8452=DIRECTION('',(0.,1.,0.));
#8453=DIRECTION('',(0.,1.,0.));
#8454=DIRECTION('',(-0.755749574354258,0.,-0.654860733945285));
#8455=DIRECTION('',(0.,-1.,0.));
#8456=DIRECTION('',(0.,-1.,0.));
#8457=DIRECTION('',(0.,1.,0.));
#8458=DIRECTION('',(-0.755749574354258,0.,-0.654860733945285));
#8459=DIRECTION('',(0.,1.,0.));
#8460=DIRECTION('',(0.,1.,0.));
#8461=DIRECTION('',(-0.755749574354258,0.,-0.654860733945285));
#8462=DIRECTION('',(0.,1.,0.));
#8463=DIRECTION('',(0.352877468414062,0.,-0.935669542245382));
#8464=DIRECTION('',(-0.935669542245382,0.,-0.352877468414062));
#8465=DIRECTION('',(0.,1.,0.));
#8466=DIRECTION('',(0.875926075581763,0.,-0.48244534417479));
#8467=DIRECTION('',(-0.48244534417479,0.,-0.875926075581763));
#8468=DIRECTION('',(0.,-1.,0.));
#8469=DIRECTION('',(0.,-1.,0.));
#8470=DIRECTION('',(0.755749574354258,0.,0.654860733945285));
#8471=DIRECTION('',(0.,-1.,0.));
#8472=DIRECTION('',(0.755749574354258,0.,0.654860733945285));
#8473=DIRECTION('',(0.,1.,0.));
#8474=DIRECTION('',(0.,0.,1.));
#8475=DIRECTION('',(0.,1.,0.));
#8476=DIRECTION('',(0.,0.,1.));
#8477=DIRECTION('',(0.,1.,0.));
#8478=DIRECTION('',(0.,1.,0.));
#8479=DIRECTION('',(0.,0.,1.));
#8480=DIRECTION('',(0.,1.,0.));
#8481=DIRECTION('',(0.,1.,0.));
#8482=DIRECTION('',(-0.28173255684143,0.,-0.959492973614497));
#8483=DIRECTION('',(0.,1.,0.));
#8484=DIRECTION('',(0.,0.,1.));
#8485=DIRECTION('',(0.,-1.,0.));
#8486=DIRECTION('',(0.,-1.,0.));
#8487=DIRECTION('',(0.,1.,0.));
#8488=DIRECTION('',(-0.28173255684143,0.,-0.959492973614497));
#8489=DIRECTION('',(0.,1.,0.));
#8490=DIRECTION('',(0.,0.,1.));
#8491=DIRECTION('',(0.,1.,0.));
#8492=DIRECTION('',(0.,1.,0.));
#8493=DIRECTION('',(-0.28173255684143,0.,-0.959492973614497));
#8494=DIRECTION('',(0.,1.,0.));
#8495=DIRECTION('',(0.,0.,1.));
#8496=DIRECTION('',(0.,1.,0.));
#8497=DIRECTION('',(0.802720563147701,0.,-0.596355344991422));
#8498=DIRECTION('',(-0.596355344991422,0.,-0.8027205631477));
#8499=DIRECTION('',(-0.596355344991422,0.,-0.8027205631477));
#8500=DIRECTION('',(0.,1.,0.));
#8501=DIRECTION('',(0.997705550834416,0.,0.0677025393482013));
#8502=DIRECTION('',(0.0677025393482013,0.,-0.997705550834416));
#8503=DIRECTION('',(-0.0677025393481946,0.,0.997705550834416));
#8504=DIRECTION('',(0.,-1.,0.));
#8505=DIRECTION('',(0.,-1.,0.));
#8506=DIRECTION('',(0.28173255684143,0.,0.959492973614497));
#8507=DIRECTION('',(0.,-1.,0.));
#8508=DIRECTION('',(0.,0.,-1.));
#8509=DIRECTION('',(0.,-1.,0.));
#8510=DIRECTION('',(0.28173255684143,0.,0.959492973614497));
#8511=DIRECTION('',(0.,-1.,0.));
#8512=DIRECTION('',(0.,0.,-1.));
#8513=DIRECTION('',(0.,1.,0.));
#8514=DIRECTION('',(0.,0.,1.));
#8515=DIRECTION('',(0.,1.,0.));
#8516=DIRECTION('',(0.,0.,1.));
#8517=DIRECTION('',(0.,1.,0.));
#8518=DIRECTION('',(0.,1.,0.));
#8519=DIRECTION('',(0.,0.,1.));
#8520=DIRECTION('',(0.,1.,0.));
#8521=DIRECTION('',(0.,1.,0.));
#8522=DIRECTION('',(0.28173255684143,0.,-0.959492973614497));
#8523=DIRECTION('',(0.,-1.,0.));
#8524=DIRECTION('',(0.,-1.,0.));
#8525=DIRECTION('',(0.,1.,0.));
#8526=DIRECTION('',(0.28173255684143,0.,-0.959492973614497));
#8527=DIRECTION('',(0.,1.,0.));
#8528=DIRECTION('',(0.,1.,0.));
#8529=DIRECTION('',(0.28173255684143,0.,-0.959492973614497));
#8530=DIRECTION('',(0.,1.,0.));
#8531=DIRECTION('',(0.997705550834416,0.,-0.0677025393482012));
#8532=DIRECTION('',(-0.0677025393482012,0.,-0.997705550834416));
#8533=DIRECTION('',(0.,1.,0.));
#8534=DIRECTION('',(0.802720563147701,0.,0.596355344991422));
#8535=DIRECTION('',(0.596355344991422,0.,-0.8027205631477));
#8536=DIRECTION('',(0.,-1.,0.));
#8537=DIRECTION('',(0.,-1.,0.));
#8538=DIRECTION('',(-0.28173255684143,0.,0.959492973614497));
#8539=DIRECTION('',(0.,-1.,0.));
#8540=DIRECTION('',(-0.28173255684143,0.,0.959492973614497));
#8541=DIRECTION('',(0.,1.,0.));
#8542=DIRECTION('',(0.,0.,1.));
#8543=DIRECTION('',(0.,1.,0.));
#8544=DIRECTION('',(0.,0.,1.));
#8545=DIRECTION('',(0.,1.,0.));
#8546=DIRECTION('',(0.,1.,0.));
#8547=DIRECTION('',(0.,0.,1.));
#8548=DIRECTION('',(0.,1.,0.));
#8549=DIRECTION('',(0.,1.,0.));
#8550=DIRECTION('',(0.755749574354258,0.,-0.654860733945285));
#8551=DIRECTION('',(0.,-1.,0.));
#8552=DIRECTION('',(0.,-1.,0.));
#8553=DIRECTION('',(0.,1.,0.));
#8554=DIRECTION('',(0.755749574354258,0.,-0.654860733945285));
#8555=DIRECTION('',(0.,1.,0.));
#8556=DIRECTION('',(0.,1.,0.));
#8557=DIRECTION('',(0.755749574354258,0.,-0.654860733945285));
#8558=DIRECTION('',(0.,1.,0.));
#8559=DIRECTION('',(0.875926075581763,0.,0.48244534417479));
#8560=DIRECTION('',(0.48244534417479,0.,-0.875926075581763));
#8561=DIRECTION('',(0.,1.,0.));
#8562=DIRECTION('',(0.352877468414062,0.,0.935669542245382));
#8563=DIRECTION('',(0.935669542245382,0.,-0.352877468414062));
#8564=DIRECTION('',(0.,-1.,0.));
#8565=DIRECTION('',(0.,-1.,0.));
#8566=DIRECTION('',(-0.755749574354258,0.,0.654860733945285));
#8567=DIRECTION('',(0.,-1.,0.));
#8568=DIRECTION('',(-0.755749574354258,0.,0.654860733945285));
#8569=DIRECTION('',(0.,1.,0.));
#8570=DIRECTION('',(0.,0.,1.));
#8571=DIRECTION('',(0.,1.,0.));
#8572=DIRECTION('',(0.,0.,1.));
#8573=DIRECTION('',(0.,1.,0.));
#8574=DIRECTION('',(0.,1.,0.));
#8575=DIRECTION('',(0.,0.,1.));
#8576=DIRECTION('',(0.,1.,0.));
#8577=DIRECTION('',(0.,1.,0.));
#8578=DIRECTION('',(0.989821441880933,0.,-0.142314838273285));
#8579=DIRECTION('',(0.,-1.,0.));
#8580=DIRECTION('',(0.,-1.,0.));
#8581=DIRECTION('',(0.,1.,0.));
#8582=DIRECTION('',(0.989821441880933,0.,-0.142314838273285));
#8583=DIRECTION('',(0.,1.,0.));
#8584=DIRECTION('',(0.,1.,0.));
#8585=DIRECTION('',(0.989821441880933,0.,-0.142314838273285));
#8586=DIRECTION('',(0.,1.,0.));
#8587=DIRECTION('',(0.476046260329805,0.,0.879420239718195));
#8588=DIRECTION('',(0.879420239718195,0.,-0.476046260329805));
#8589=DIRECTION('',(0.,1.,0.));
#8590=DIRECTION('',(-0.209001729227996,0.,0.977915270961502));
#8591=DIRECTION('',(0.977915270961502,0.,0.209001729227996));
#8592=DIRECTION('',(0.,-1.,0.));
#8593=DIRECTION('',(0.,-1.,0.));
#8594=DIRECTION('',(-0.989821441880933,0.,0.142314838273285));
#8595=DIRECTION('',(0.,-1.,0.));
#8596=DIRECTION('',(-0.989821441880933,0.,0.142314838273285));
#8597=DIRECTION('',(0.,1.,0.));
#8598=DIRECTION('',(0.,0.,1.));
#8599=DIRECTION('',(0.,1.,0.));
#8600=DIRECTION('',(0.,0.,1.));
#8601=DIRECTION('',(0.,1.,0.));
#8602=DIRECTION('',(0.,1.,0.));
#8603=DIRECTION('',(0.,0.,1.));
#8604=DIRECTION('',(0.,1.,0.));
#8605=DIRECTION('',(0.,1.,0.));
#8606=DIRECTION('',(0.909631995354519,0.,0.415415013001886));
#8607=DIRECTION('',(0.,-1.,0.));
#8608=DIRECTION('',(0.,-1.,0.));
#8609=DIRECTION('',(0.,1.,0.));
#8610=DIRECTION('',(0.909631995354519,0.,0.415415013001886));
#8611=DIRECTION('',(0.,1.,0.));
#8612=DIRECTION('',(0.,1.,0.));
#8613=DIRECTION('',(0.909631995354519,0.,0.415415013001886));
#8614=DIRECTION('',(0.,1.,0.));
#8615=DIRECTION('',(-0.0749748789947217,0.,0.997185422837562));
#8616=DIRECTION('',(0.997185422837562,0.,0.0749748789947217));
#8617=DIRECTION('',(0.,1.,0.));
#8618=DIRECTION('',(-0.704524354575816,0.,0.709679810766468));
#8619=DIRECTION('',(0.709679810766468,0.,0.704524354575816));
#8620=DIRECTION('',(0.,-1.,0.));
#8621=DIRECTION('',(0.,-1.,0.));
#8622=DIRECTION('',(-0.909631995354519,0.,-0.415415013001886));
#8623=DIRECTION('',(0.,-1.,0.));
#8624=DIRECTION('',(-0.909631995354519,0.,-0.415415013001886));
#8625=DIRECTION('',(0.,1.,0.));
#8626=DIRECTION('',(0.,0.,1.));
#8627=DIRECTION('',(0.,1.,0.));
#8628=DIRECTION('',(0.,0.,1.));
#8629=DIRECTION('',(0.,1.,0.));
#8630=DIRECTION('',(0.,1.,0.));
#8631=DIRECTION('',(0.,0.,1.));
#8632=DIRECTION('',(0.,1.,0.));
#8633=DIRECTION('',(0.,1.,0.));
#8634=DIRECTION('',(0.540640817455598,0.,0.841253532831181));
#8635=DIRECTION('',(0.,-1.,0.));
#8636=DIRECTION('',(0.,-1.,0.));
#8637=DIRECTION('',(0.,1.,0.));
#8638=DIRECTION('',(0.540640817455598,0.,0.841253532831181));
#8639=DIRECTION('',(0.,1.,0.));
#8640=DIRECTION('',(0.,1.,0.));
#8641=DIRECTION('',(0.540640817455598,0.,0.841253532831181));
#8642=DIRECTION('',(0.,1.,0.));
#8643=DIRECTION('',(-0.602192023985605,0.,0.798351279981513));
#8644=DIRECTION('',(0.798351279981513,0.,0.602192023985605));
#8645=DIRECTION('',(0.,1.,0.));
#8646=DIRECTION('',(-0.97636547527703,0.,0.216126025011009));
#8647=DIRECTION('',(0.216126025011009,0.,0.97636547527703));
#8648=DIRECTION('',(0.,-1.,0.));
#8649=DIRECTION('',(0.,-1.,0.));
#8650=DIRECTION('',(-0.540640817455598,0.,-0.841253532831181));
#8651=DIRECTION('',(0.,-1.,0.));
#8652=DIRECTION('',(-0.540640817455598,0.,-0.841253532831181));
#8653=DIRECTION('',(0.,1.,0.));
#8654=DIRECTION('',(0.,0.,1.));
#8655=DIRECTION('',(0.,1.,0.));
#8656=DIRECTION('',(0.,0.,1.));
#8657=DIRECTION('',(0.,1.,0.));
#8658=DIRECTION('',(0.,1.,0.));
#8659=DIRECTION('',(0.,0.,1.));
#8660=DIRECTION('',(-0.938217456246578,0.,0.346046246611925));
#8661=DIRECTION('',(0.346046246611925,0.,0.938217456246578));
#8662=DIRECTION('',(-0.346046246611917,0.,-0.938217456246581));
#8663=DIRECTION('',(0.,1.,0.));
#8664=DIRECTION('',(0.,1.,0.));
#8665=DIRECTION('',(-0.938217456246578,0.,-0.346046246611925));
#8666=DIRECTION('',(-0.346046246611925,0.,0.938217456246578));
#8667=DIRECTION('',(0.,1.,0.));
#8668=DIRECTION('',(-0.346046246611925,0.,0.938217456246578));
#8669=DIRECTION('',(0.,-1.,0.));
#8670=DIRECTION('',(0.,-1.,0.));
#8671=DIRECTION('',(0.,0.,-1.));
#8672=DIRECTION('',(0.,-1.,0.));
#8673=DIRECTION('',(0.,0.,-1.));
#8674=DIRECTION('',(0.,-1.,0.));
#8675=DIRECTION('',(0.,-1.,0.));
#8676=DIRECTION('',(0.,0.,-1.));
#8677=DIRECTION('',(0.,-1.,0.));
#8678=DIRECTION('',(0.,-1.,0.));
#8679=DIRECTION('',(0.,0.,-1.));
#8680=DIRECTION('',(0.,1.,0.));
#8681=DIRECTION('',(0.,0.,1.));
#8682=DIRECTION('',(0.,1.,0.));
#8683=DIRECTION('',(0.,0.,1.));
#8684=DIRECTION('',(0.,1.,0.));
#8685=DIRECTION('',(0.,0.,1.));
#8686=DIRECTION('',(0.,1.,0.));
#8687=DIRECTION('',(0.,0.,1.));
#8688=DIRECTION('',(0.,1.,0.));
#8689=DIRECTION('',(0.,0.,1.));
#8690=DIRECTION('',(0.,1.,0.));
#8691=DIRECTION('',(0.,0.,1.));
#8692=DIRECTION('',(0.,1.,0.));
#8693=DIRECTION('',(1.,0.,0.));
#8694=DIRECTION('',(0.,1.,0.));
#8695=DIRECTION('',(0.,0.,1.));
#8696=DIRECTION('',(0.,-1.,0.));
#8697=DIRECTION('',(0.,0.,-1.));
#8698=DIRECTION('',(0.,1.,0.));
#8699=DIRECTION('',(1.,0.,0.));
#8700=DIRECTION('',(0.,1.,0.));
#8701=DIRECTION('',(0.,0.,1.));
#8702=DIRECTION('',(0.,-1.,0.));
#8703=DIRECTION('',(1.,0.,0.));
#8704=DIRECTION('',(0.,-1.,0.));
#8705=DIRECTION('',(0.,0.,-1.));
#8706=DIRECTION('',(0.,-1.,0.));
#8707=DIRECTION('',(0.,0.,-1.));
#8708=DIRECTION('',(0.,1.,0.));
#8709=DIRECTION('',(0.,0.,1.));
#8710=DIRECTION('',(0.,-1.,0.));
#8711=DIRECTION('',(0.,0.,-1.));
#8712=DIRECTION('',(0.,1.,0.));
#8713=DIRECTION('',(0.,0.,1.));
#8714=DIRECTION('',(0.,1.,0.));
#8715=DIRECTION('',(-1.,0.,0.));
#8716=CARTESIAN_POINT('',(0.,0.,0.));
#8717=CARTESIAN_POINT('',(-0.00311769145362398,0.0075,0.0018));
#8718=CARTESIAN_POINT('',(-0.00311769145362398,-0.012,0.0018));
#8719=CARTESIAN_POINT('',(-0.00207846096908265,-0.012,0.0036));
#8720=CARTESIAN_POINT('',(-0.00415692193816531,-0.012,-1.0842021724855E-18));
#8721=CARTESIAN_POINT('',(-0.00415692193816531,0.0075,-1.0842021724855E-18));
#8722=CARTESIAN_POINT('',(-0.00415692193816531,0.0015,-8.67361737988404E-19));
#8723=CARTESIAN_POINT('',(-0.00311769145362398,0.0015,0.0018));
#8724=CARTESIAN_POINT('',(-0.00207846096908265,0.0015,0.0036));
#8725=CARTESIAN_POINT('',(-0.00207846096908265,0.0075,0.0036));
#8726=CARTESIAN_POINT('',(8.67361737988404E-19,0.0075,0.0036));
#8727=CARTESIAN_POINT('',(-3.7557864968429E-19,-0.012,0.0036));
#8728=CARTESIAN_POINT('',(0.00207846096908265,-0.012,0.0036));
#8729=CARTESIAN_POINT('',(-3.7557864968429E-19,0.0015,0.0036));
#8730=CARTESIAN_POINT('',(0.00207846096908265,0.0015,0.0036));
#8731=CARTESIAN_POINT('',(0.00207846096908265,0.0075,0.0036));
#8732=CARTESIAN_POINT('',(0.00311769145362398,0.0075,0.0018));
#8733=CARTESIAN_POINT('',(0.00311769145362398,-0.012,0.0018));
#8734=CARTESIAN_POINT('',(0.00415692193816531,-0.012,-2.16840434497101E-19));
#8735=CARTESIAN_POINT('',(0.00311769145362398,0.0015,0.0018));
#8736=CARTESIAN_POINT('',(0.00415692193816531,0.0015,-2.16840434497101E-19));
#8737=CARTESIAN_POINT('',(0.00415692193816531,0.0075,-2.16840434497101E-19));
#8738=CARTESIAN_POINT('',(0.00311769145362398,0.0075,-0.0018));
#8739=CARTESIAN_POINT('',(0.00311769145362398,-0.012,-0.0018));
#8740=CARTESIAN_POINT('',(0.00207846096908265,-0.012,-0.0036));
#8741=CARTESIAN_POINT('',(0.00311769145362398,0.0015,-0.0018));
#8742=CARTESIAN_POINT('',(0.00207846096908265,0.0015,-0.0036));
#8743=CARTESIAN_POINT('',(0.00207846096908265,0.0075,-0.0036));
#8744=CARTESIAN_POINT('',(0.,0.0075,-0.0036));
#8745=CARTESIAN_POINT('',(7.5115729936858E-19,-0.012,-0.0036));
#8746=CARTESIAN_POINT('',(-0.00207846096908265,-0.012,-0.0036));
#8747=CARTESIAN_POINT('',(7.5115729936858E-19,0.0015,-0.0036));
#8748=CARTESIAN_POINT('',(-0.00207846096908265,0.0015,-0.0036));
#8749=CARTESIAN_POINT('',(-0.00207846096908265,0.0075,-0.0036));
#8750=CARTESIAN_POINT('',(-0.00311769145362398,0.0075,-0.0018));
#8751=CARTESIAN_POINT('',(-0.00311769145362398,-0.012,-0.0018));
#8752=CARTESIAN_POINT('',(-0.00311769145362398,0.0015,-0.0018));
#8753=CARTESIAN_POINT('',(0.,-0.012,1.72563491726305E-18));
#8754=CARTESIAN_POINT('',(0.00527993407207589,-0.012,-0.0182516381783809));
#8755=CARTESIAN_POINT('',(0.00527993407207589,-0.012,-0.0182516381783809));
#8756=CARTESIAN_POINT('',(0.00527993407207589,-0.007,-0.0182516381783809));
#8757=CARTESIAN_POINT('',(0.,-0.012,1.72563491726305E-18));
#8758=CARTESIAN_POINT('',(0.00455326205246572,-0.012,-0.0184463493591977));
#8759=CARTESIAN_POINT('',(0.00455326205246572,-0.012,-0.0184463493591977));
#8760=CARTESIAN_POINT('',(0.00455326205246572,-0.007,-0.0184463493591977));
#8761=CARTESIAN_POINT('',(0.,-0.007,1.72563491726305E-18));
#8762=CARTESIAN_POINT('',(0.,-0.012,1.72563491726305E-18));
#8763=CARTESIAN_POINT('',(0.,-0.012,1.72563491726305E-18));
#8764=CARTESIAN_POINT('',(0.00768726272159678,-0.012,-0.017375442205859));
#8765=CARTESIAN_POINT('',(0.00836908371868567,-0.012,-0.0170575038534256));
#8766=CARTESIAN_POINT('',(0.00768726272159678,-0.012,-0.017375442205859));
#8767=CARTESIAN_POINT('',(0.00768726272159678,-0.007,-0.017375442205859));
#8768=CARTESIAN_POINT('',(0.,-0.007,1.72563491726305E-18));
#8769=CARTESIAN_POINT('',(0.00836908371868567,-0.007,-0.0170575038534256));
#8770=CARTESIAN_POINT('',(0.00836908371868567,-0.012,-0.0170575038534256));
#8771=CARTESIAN_POINT('',(0.,-0.012,1.72563491726305E-18));
#8772=CARTESIAN_POINT('',(0.0136983761259152,-0.012,-0.0131664152871219));
#8773=CARTESIAN_POINT('',(0.0136983761259152,-0.012,-0.0131664152871219));
#8774=CARTESIAN_POINT('',(0.0136983761259152,-0.007,-0.0131664152871219));
#8775=CARTESIAN_POINT('',(0.,-0.012,1.72563491726305E-18));
#8776=CARTESIAN_POINT('',(0.0131664152871219,-0.012,-0.0136983761259152));
#8777=CARTESIAN_POINT('',(0.0131664152871219,-0.012,-0.0136983761259152));
#8778=CARTESIAN_POINT('',(0.0131664152871219,-0.007,-0.0136983761259152));
#8779=CARTESIAN_POINT('',(0.,-0.007,1.72563491726305E-18));
#8780=CARTESIAN_POINT('',(0.,-0.012,1.72563491726305E-18));
#8781=CARTESIAN_POINT('',(0.,-0.012,1.72563491726305E-18));
#8782=CARTESIAN_POINT('',(0.0105876898028747,-0.012,-0.0157765910334933));
#8783=CARTESIAN_POINT('',(0.0112039429914639,-0.012,-0.0153450859053974));
#8784=CARTESIAN_POINT('',(0.0105876898028747,-0.012,-0.0157765910334933));
#8785=CARTESIAN_POINT('',(0.0105876898028747,-0.007,-0.0157765910334933));
#8786=CARTESIAN_POINT('',(0.,-0.007,1.72563491726305E-18));
#8787=CARTESIAN_POINT('',(0.0112039429914639,-0.007,-0.0153450859053974));
#8788=CARTESIAN_POINT('',(0.0112039429914639,-0.012,-0.0153450859053974));
#8789=CARTESIAN_POINT('',(0.,-0.012,1.72563491726305E-18));
#8790=CARTESIAN_POINT('',(0.00203035630046162,-0.012,-0.0188912057130606));
#8791=CARTESIAN_POINT('',(0.00203035630046162,-0.012,-0.0188912057130606));
#8792=CARTESIAN_POINT('',(0.00203035630046162,-0.007,-0.0188912057130606));
#8793=CARTESIAN_POINT('',(0.,-0.012,1.72563491726305E-18));
#8794=CARTESIAN_POINT('',(0.00128091281993229,-0.012,-0.0189567735215604));
#8795=CARTESIAN_POINT('',(0.00128091281993229,-0.012,-0.0189567735215604));
#8796=CARTESIAN_POINT('',(0.00128091281993229,-0.007,-0.0189567735215604));
#8797=CARTESIAN_POINT('',(0.,-0.007,1.72563491726305E-18));
#8798=CARTESIAN_POINT('',(0.,-0.012,1.72563491726305E-18));
#8799=CARTESIAN_POINT('',(-0.0012809128199323,-0.012,-0.0189567735215604));
#8800=CARTESIAN_POINT('',(-0.0012809128199323,-0.012,-0.0189567735215604));
#8801=CARTESIAN_POINT('',(-0.0012809128199323,-0.007,-0.0189567735215604));
#8802=CARTESIAN_POINT('',(0.,-0.012,1.72563491726305E-18));
#8803=CARTESIAN_POINT('',(-0.00203035630046163,-0.012,-0.0188912057130606));
#8804=CARTESIAN_POINT('',(-0.00203035630046163,-0.012,-0.0188912057130606));
#8805=CARTESIAN_POINT('',(-0.00203035630046163,-0.007,-0.0188912057130606));
#8806=CARTESIAN_POINT('',(0.,-0.007,1.72563491726305E-18));
#8807=CARTESIAN_POINT('',(0.,-0.012,1.72563491726305E-18));
#8808=CARTESIAN_POINT('',(-0.00455326205246573,-0.012,-0.0184463493591977));
#8809=CARTESIAN_POINT('',(-0.00455326205246573,-0.012,-0.0184463493591977));
#8810=CARTESIAN_POINT('',(-0.00455326205246573,-0.007,-0.0184463493591977));
#8811=CARTESIAN_POINT('',(0.,-0.012,1.72563491726305E-18));
#8812=CARTESIAN_POINT('',(-0.00527993407207588,-0.012,-0.0182516381783809));
#8813=CARTESIAN_POINT('',(-0.00527993407207588,-0.012,-0.0182516381783809));
#8814=CARTESIAN_POINT('',(-0.00527993407207588,-0.007,-0.0182516381783809));
#8815=CARTESIAN_POINT('',(0.,-0.007,1.72563491726305E-18));
#8816=CARTESIAN_POINT('',(0.,-0.012,1.72563491726305E-18));
#8817=CARTESIAN_POINT('',(-0.00768726272159677,-0.012,-0.0173754422058591));
#8818=CARTESIAN_POINT('',(-0.00768726272159677,-0.012,-0.0173754422058591));
#8819=CARTESIAN_POINT('',(-0.00768726272159677,-0.007,-0.0173754422058591));
#8820=CARTESIAN_POINT('',(0.,-0.012,1.72563491726305E-18));
#8821=CARTESIAN_POINT('',(-0.00836908371868568,-0.012,-0.0170575038534256));
#8822=CARTESIAN_POINT('',(-0.00836908371868568,-0.012,-0.0170575038534256));
#8823=CARTESIAN_POINT('',(-0.00836908371868568,-0.007,-0.0170575038534256));
#8824=CARTESIAN_POINT('',(0.,-0.007,1.72563491726305E-18));
#8825=CARTESIAN_POINT('',(0.,-0.012,1.72563491726305E-18));
#8826=CARTESIAN_POINT('',(-0.0153450859053974,-0.012,-0.0112039429914639));
#8827=CARTESIAN_POINT('',(-0.0153450859053974,-0.012,-0.0112039429914639));
#8828=CARTESIAN_POINT('',(-0.0153450859053974,-0.007,-0.0112039429914639));
#8829=CARTESIAN_POINT('',(0.,-0.012,1.72563491726305E-18));
#8830=CARTESIAN_POINT('',(-0.0157765910334933,-0.012,-0.0105876898028747));
#8831=CARTESIAN_POINT('',(-0.0157765910334933,-0.012,-0.0105876898028747));
#8832=CARTESIAN_POINT('',(-0.0157765910334933,-0.007,-0.0105876898028747));
#8833=CARTESIAN_POINT('',(0.,-0.007,1.72563491726305E-18));
#8834=CARTESIAN_POINT('',(0.,-0.012,1.72563491726305E-18));
#8835=CARTESIAN_POINT('',(-0.0170575038534256,-0.012,-0.00836908371868567));
#8836=CARTESIAN_POINT('',(-0.0170575038534256,-0.012,-0.00836908371868567));
#8837=CARTESIAN_POINT('',(-0.0170575038534256,-0.007,-0.00836908371868567));
#8838=CARTESIAN_POINT('',(0.,-0.012,1.72563491726305E-18));
#8839=CARTESIAN_POINT('',(-0.0173754422058591,-0.012,-0.00768726272159677));
#8840=CARTESIAN_POINT('',(-0.0173754422058591,-0.012,-0.00768726272159677));
#8841=CARTESIAN_POINT('',(-0.0173754422058591,-0.007,-0.00768726272159677));
#8842=CARTESIAN_POINT('',(0.,-0.007,1.72563491726305E-18));
#8843=CARTESIAN_POINT('',(0.,-0.012,1.72563491726305E-18));
#8844=CARTESIAN_POINT('',(-0.0105876898028747,-0.012,-0.0157765910334933));
#8845=CARTESIAN_POINT('',(-0.0105876898028747,-0.012,-0.0157765910334933));
#8846=CARTESIAN_POINT('',(-0.0105876898028747,-0.007,-0.0157765910334933));
#8847=CARTESIAN_POINT('',(0.,-0.012,1.72563491726305E-18));
#8848=CARTESIAN_POINT('',(-0.0112039429914639,-0.012,-0.0153450859053974));
#8849=CARTESIAN_POINT('',(-0.0112039429914639,-0.012,-0.0153450859053974));
#8850=CARTESIAN_POINT('',(-0.0112039429914639,-0.007,-0.0153450859053974));
#8851=CARTESIAN_POINT('',(0.,-0.007,1.72563491726305E-18));
#8852=CARTESIAN_POINT('',(0.,-0.012,1.72563491726305E-18));
#8853=CARTESIAN_POINT('',(0.,-0.012,1.72563491726305E-18));
#8854=CARTESIAN_POINT('',(-0.0136983761259152,-0.012,-0.0131664152871219));
#8855=CARTESIAN_POINT('',(-0.0131664152871219,-0.012,-0.0136983761259152));
#8856=CARTESIAN_POINT('',(-0.0136983761259152,-0.012,-0.0131664152871219));
#8857=CARTESIAN_POINT('',(-0.0136983761259152,-0.007,-0.0131664152871219));
#8858=CARTESIAN_POINT('',(0.,-0.007,1.72563491726305E-18));
#8859=CARTESIAN_POINT('',(-0.0131664152871219,-0.007,-0.0136983761259152));
#8860=CARTESIAN_POINT('',(-0.0131664152871219,-0.012,-0.0136983761259152));
#8861=CARTESIAN_POINT('',(0.,-0.012,1.72563491726305E-18));
#8862=CARTESIAN_POINT('',(-0.0182516381783809,-0.012,-0.00527993407207588));
#8863=CARTESIAN_POINT('',(-0.0182516381783809,-0.012,-0.00527993407207588));
#8864=CARTESIAN_POINT('',(-0.0182516381783809,-0.007,-0.00527993407207588));
#8865=CARTESIAN_POINT('',(0.,-0.012,1.72563491726305E-18));
#8866=CARTESIAN_POINT('',(-0.0184463493591977,-0.012,-0.00455326205246573));
#8867=CARTESIAN_POINT('',(-0.0184463493591977,-0.012,-0.00455326205246573));
#8868=CARTESIAN_POINT('',(-0.0184463493591977,-0.007,-0.00455326205246573));
#8869=CARTESIAN_POINT('',(0.,-0.007,1.72563491726305E-18));
#8870=CARTESIAN_POINT('',(0.,-0.012,1.72563491726305E-18));
#8871=CARTESIAN_POINT('',(-0.0188912057130606,-0.012,-0.00203035630046163));
#8872=CARTESIAN_POINT('',(-0.0188912057130606,-0.012,-0.00203035630046163));
#8873=CARTESIAN_POINT('',(-0.0188912057130606,-0.007,-0.00203035630046163));
#8874=CARTESIAN_POINT('',(0.,-0.012,1.72563491726305E-18));
#8875=CARTESIAN_POINT('',(-0.0189567735215604,-0.012,-0.00128091281993229));
#8876=CARTESIAN_POINT('',(-0.0189567735215604,-0.012,-0.00128091281993229));
#8877=CARTESIAN_POINT('',(-0.0189567735215604,-0.007,-0.00128091281993229));
#8878=CARTESIAN_POINT('',(0.,-0.007,1.72563491726305E-18));
#8879=CARTESIAN_POINT('',(0.,-0.012,1.72563491726305E-18));
#8880=CARTESIAN_POINT('',(-0.0189567735215604,-0.012,0.00128091281993229));
#8881=CARTESIAN_POINT('',(-0.0189567735215604,-0.012,0.00128091281993229));
#8882=CARTESIAN_POINT('',(-0.0189567735215604,-0.007,0.00128091281993229));
#8883=CARTESIAN_POINT('',(0.,-0.012,1.72563491726305E-18));
#8884=CARTESIAN_POINT('',(-0.0188912057130606,-0.012,0.00203035630046163));
#8885=CARTESIAN_POINT('',(-0.0188912057130606,-0.012,0.00203035630046163));
#8886=CARTESIAN_POINT('',(-0.0188912057130606,-0.007,0.00203035630046163));
#8887=CARTESIAN_POINT('',(0.,-0.007,1.72563491726305E-18));
#8888=CARTESIAN_POINT('',(0.,-0.012,1.72563491726305E-18));
#8889=CARTESIAN_POINT('',(-0.0184463493591977,-0.012,0.00455326205246573));
#8890=CARTESIAN_POINT('',(-0.0184463493591977,-0.012,0.00455326205246573));
#8891=CARTESIAN_POINT('',(-0.0184463493591977,-0.007,0.00455326205246573));
#8892=CARTESIAN_POINT('',(0.,-0.012,1.72563491726305E-18));
#8893=CARTESIAN_POINT('',(-0.0182516381783809,-0.012,0.00527993407207589));
#8894=CARTESIAN_POINT('',(-0.0182516381783809,-0.012,0.00527993407207589));
#8895=CARTESIAN_POINT('',(-0.0182516381783809,-0.007,0.00527993407207589));
#8896=CARTESIAN_POINT('',(0.,-0.007,1.72563491726305E-18));
#8897=CARTESIAN_POINT('',(0.,-0.012,1.72563491726305E-18));
#8898=CARTESIAN_POINT('',(0.00128091281993229,-0.012,0.0189567735215604));
#8899=CARTESIAN_POINT('',(0.00128091281993229,-0.012,0.0189567735215604));
#8900=CARTESIAN_POINT('',(0.00128091281993229,-0.007,0.0189567735215604));
#8901=CARTESIAN_POINT('',(0.,-0.012,1.72563491726305E-18));
#8902=CARTESIAN_POINT('',(0.00203035630046163,-0.012,0.0188912057130606));
#8903=CARTESIAN_POINT('',(0.00203035630046163,-0.012,0.0188912057130606));
#8904=CARTESIAN_POINT('',(0.00203035630046163,-0.007,0.0188912057130606));
#8905=CARTESIAN_POINT('',(0.,-0.007,1.72563491726305E-18));
#8906=CARTESIAN_POINT('',(0.,-0.012,1.72563491726305E-18));
#8907=CARTESIAN_POINT('',(0.,-0.012,1.72563491726305E-18));
#8908=CARTESIAN_POINT('',(-0.00128091281993229,-0.012,0.0189567735215604));
#8909=CARTESIAN_POINT('',(-0.00203035630046163,-0.012,0.0188912057130606));
#8910=CARTESIAN_POINT('',(-0.00128091281993229,-0.012,0.0189567735215604));
#8911=CARTESIAN_POINT('',(-0.00128091281993229,-0.007,0.0189567735215604));
#8912=CARTESIAN_POINT('',(0.,-0.007,1.72563491726305E-18));
#8913=CARTESIAN_POINT('',(-0.00203035630046163,-0.007,0.0188912057130606));
#8914=CARTESIAN_POINT('',(-0.00203035630046163,-0.012,0.0188912057130606));
#8915=CARTESIAN_POINT('',(0.,-0.012,1.72563491726305E-18));
#8916=CARTESIAN_POINT('',(0.,-0.012,1.72563491726305E-18));
#8917=CARTESIAN_POINT('',(-0.00455326205246573,-0.012,0.0184463493591977));
#8918=CARTESIAN_POINT('',(-0.00527993407207588,-0.012,0.0182516381783809));
#8919=CARTESIAN_POINT('',(-0.00455326205246573,-0.012,0.0184463493591977));
#8920=CARTESIAN_POINT('',(-0.00455326205246573,-0.007,0.0184463493591977));
#8921=CARTESIAN_POINT('',(0.,-0.007,1.72563491726305E-18));
#8922=CARTESIAN_POINT('',(-0.00527993407207588,-0.007,0.0182516381783809));
#8923=CARTESIAN_POINT('',(-0.00527993407207588,-0.012,0.0182516381783809));
#8924=CARTESIAN_POINT('',(0.,-0.012,1.72563491726305E-18));
#8925=CARTESIAN_POINT('',(0.,-0.012,1.72563491726305E-18));
#8926=CARTESIAN_POINT('',(-0.00768726272159677,-0.012,0.0173754422058591));
#8927=CARTESIAN_POINT('',(-0.00836908371868567,-0.012,0.0170575038534256));
#8928=CARTESIAN_POINT('',(-0.00768726272159677,-0.012,0.0173754422058591));
#8929=CARTESIAN_POINT('',(-0.00768726272159677,-0.007,0.0173754422058591));
#8930=CARTESIAN_POINT('',(0.,-0.007,1.72563491726305E-18));
#8931=CARTESIAN_POINT('',(-0.00836908371868567,-0.007,0.0170575038534256));
#8932=CARTESIAN_POINT('',(-0.00836908371868567,-0.012,0.0170575038534256));
#8933=CARTESIAN_POINT('',(0.,-0.012,1.72563491726305E-18));
#8934=CARTESIAN_POINT('',(-0.017375442205859,-0.012,0.00768726272159678));
#8935=CARTESIAN_POINT('',(-0.017375442205859,-0.012,0.00768726272159678));
#8936=CARTESIAN_POINT('',(-0.017375442205859,-0.007,0.00768726272159678));
#8937=CARTESIAN_POINT('',(0.,-0.012,1.72563491726305E-18));
#8938=CARTESIAN_POINT('',(-0.0170575038534256,-0.012,0.00836908371868567));
#8939=CARTESIAN_POINT('',(-0.0170575038534256,-0.012,0.00836908371868567));
#8940=CARTESIAN_POINT('',(-0.0170575038534256,-0.007,0.00836908371868567));
#8941=CARTESIAN_POINT('',(0.,-0.007,1.72563491726305E-18));
#8942=CARTESIAN_POINT('',(0.,-0.012,1.72563491726305E-18));
#8943=CARTESIAN_POINT('',(-0.0157765910334933,-0.012,0.0105876898028747));
#8944=CARTESIAN_POINT('',(-0.0157765910334933,-0.012,0.0105876898028747));
#8945=CARTESIAN_POINT('',(-0.0157765910334933,-0.007,0.0105876898028747));
#8946=CARTESIAN_POINT('',(0.,-0.012,1.72563491726305E-18));
#8947=CARTESIAN_POINT('',(-0.0153450859053974,-0.012,0.0112039429914639));
#8948=CARTESIAN_POINT('',(-0.0153450859053974,-0.012,0.0112039429914639));
#8949=CARTESIAN_POINT('',(-0.0153450859053974,-0.007,0.0112039429914639));
#8950=CARTESIAN_POINT('',(0.,-0.007,1.72563491726305E-18));
#8951=CARTESIAN_POINT('',(0.,-0.012,1.72563491726305E-18));
#8952=CARTESIAN_POINT('',(0.,-0.012,1.72563491726305E-18));
#8953=CARTESIAN_POINT('',(-0.0105876898028747,-0.012,0.0157765910334933));
#8954=CARTESIAN_POINT('',(-0.0112039429914639,-0.012,0.0153450859053974));
#8955=CARTESIAN_POINT('',(-0.0105876898028747,-0.012,0.0157765910334933));
#8956=CARTESIAN_POINT('',(-0.0105876898028747,-0.007,0.0157765910334933));
#8957=CARTESIAN_POINT('',(0.,-0.007,1.72563491726305E-18));
#8958=CARTESIAN_POINT('',(-0.0112039429914639,-0.007,0.0153450859053974));
#8959=CARTESIAN_POINT('',(-0.0112039429914639,-0.012,0.0153450859053974));
#8960=CARTESIAN_POINT('',(0.,-0.012,1.72563491726305E-18));
#8961=CARTESIAN_POINT('',(0.,-0.012,1.72563491726305E-18));
#8962=CARTESIAN_POINT('',(-0.0131664152871219,-0.012,0.0136983761259152));
#8963=CARTESIAN_POINT('',(-0.0136983761259152,-0.012,0.0131664152871219));
#8964=CARTESIAN_POINT('',(-0.0131664152871219,-0.012,0.0136983761259152));
#8965=CARTESIAN_POINT('',(-0.0131664152871219,-0.007,0.0136983761259152));
#8966=CARTESIAN_POINT('',(0.,-0.007,1.72563491726305E-18));
#8967=CARTESIAN_POINT('',(-0.0136983761259152,-0.007,0.0131664152871219));
#8968=CARTESIAN_POINT('',(-0.0136983761259152,-0.012,0.0131664152871219));
#8969=CARTESIAN_POINT('',(0.,-0.012,1.72563491726305E-18));
#8970=CARTESIAN_POINT('',(0.0188912057130606,-0.012,0.00203035630046163));
#8971=CARTESIAN_POINT('',(0.0188912057130606,-0.012,0.00203035630046163));
#8972=CARTESIAN_POINT('',(0.0188912057130606,-0.007,0.00203035630046163));
#8973=CARTESIAN_POINT('',(0.,-0.012,1.72563491726305E-18));
#8974=CARTESIAN_POINT('',(0.0189567735215604,-0.012,0.00128091281993229));
#8975=CARTESIAN_POINT('',(0.0189567735215604,-0.012,0.00128091281993229));
#8976=CARTESIAN_POINT('',(0.0189567735215604,-0.007,0.00128091281993229));
#8977=CARTESIAN_POINT('',(0.,-0.007,1.72563491726305E-18));
#8978=CARTESIAN_POINT('',(0.,-0.012,1.72563491726305E-18));
#8979=CARTESIAN_POINT('',(0.,-0.012,1.72563491726305E-18));
#8980=CARTESIAN_POINT('',(0.0184463493591977,-0.012,0.00455326205246573));
#8981=CARTESIAN_POINT('',(0.0182516381783809,-0.012,0.00527993407207588));
#8982=CARTESIAN_POINT('',(0.0184463493591977,-0.012,0.00455326205246573));
#8983=CARTESIAN_POINT('',(0.0184463493591977,-0.007,0.00455326205246573));
#8984=CARTESIAN_POINT('',(0.,-0.007,1.72563491726305E-18));
#8985=CARTESIAN_POINT('',(0.0182516381783809,-0.007,0.00527993407207588));
#8986=CARTESIAN_POINT('',(0.0182516381783809,-0.012,0.00527993407207588));
#8987=CARTESIAN_POINT('',(0.,-0.012,1.72563491726305E-18));
#8988=CARTESIAN_POINT('',(0.0153450859053974,-0.012,0.0112039429914639));
#8989=CARTESIAN_POINT('',(0.0153450859053974,-0.012,0.0112039429914639));
#8990=CARTESIAN_POINT('',(0.0153450859053974,-0.007,0.0112039429914639));
#8991=CARTESIAN_POINT('',(0.,-0.012,1.72563491726305E-18));
#8992=CARTESIAN_POINT('',(0.0157765910334933,-0.012,0.0105876898028747));
#8993=CARTESIAN_POINT('',(0.0157765910334933,-0.012,0.0105876898028747));
#8994=CARTESIAN_POINT('',(0.0157765910334933,-0.007,0.0105876898028747));
#8995=CARTESIAN_POINT('',(0.,-0.007,1.72563491726305E-18));
#8996=CARTESIAN_POINT('',(0.,-0.012,1.72563491726305E-18));
#8997=CARTESIAN_POINT('',(0.,-0.012,1.72563491726305E-18));
#8998=CARTESIAN_POINT('',(0.0173754422058591,-0.012,0.00768726272159677));
#8999=CARTESIAN_POINT('',(0.0170575038534256,-0.012,0.00836908371868567));
#9000=CARTESIAN_POINT('',(0.0173754422058591,-0.012,0.00768726272159677));
#9001=CARTESIAN_POINT('',(0.0173754422058591,-0.007,0.00768726272159677));
#9002=CARTESIAN_POINT('',(0.,-0.007,1.72563491726305E-18));
#9003=CARTESIAN_POINT('',(0.0170575038534256,-0.007,0.00836908371868567));
#9004=CARTESIAN_POINT('',(0.0170575038534256,-0.012,0.00836908371868567));
#9005=CARTESIAN_POINT('',(0.,-0.012,1.72563491726305E-18));
#9006=CARTESIAN_POINT('',(0.0105876898028747,-0.012,0.0157765910334933));
#9007=CARTESIAN_POINT('',(0.0105876898028747,-0.012,0.0157765910334933));
#9008=CARTESIAN_POINT('',(0.0105876898028747,-0.007,0.0157765910334933));
#9009=CARTESIAN_POINT('',(0.,-0.012,1.72563491726305E-18));
#9010=CARTESIAN_POINT('',(0.0112039429914639,-0.012,0.0153450859053974));
#9011=CARTESIAN_POINT('',(0.0112039429914639,-0.012,0.0153450859053974));
#9012=CARTESIAN_POINT('',(0.0112039429914639,-0.007,0.0153450859053974));
#9013=CARTESIAN_POINT('',(0.,-0.007,1.72563491726305E-18));
#9014=CARTESIAN_POINT('',(0.,-0.012,1.72563491726305E-18));
#9015=CARTESIAN_POINT('',(0.,-0.012,1.72563491726305E-18));
#9016=CARTESIAN_POINT('',(0.0136983761259152,-0.012,0.0131664152871219));
#9017=CARTESIAN_POINT('',(0.0131664152871219,-0.012,0.0136983761259152));
#9018=CARTESIAN_POINT('',(0.0136983761259152,-0.012,0.0131664152871219));
#9019=CARTESIAN_POINT('',(0.0136983761259152,-0.007,0.0131664152871219));
#9020=CARTESIAN_POINT('',(0.,-0.007,1.72563491726305E-18));
#9021=CARTESIAN_POINT('',(0.0131664152871219,-0.007,0.0136983761259152));
#9022=CARTESIAN_POINT('',(0.0131664152871219,-0.012,0.0136983761259152));
#9023=CARTESIAN_POINT('',(0.,-0.012,1.72563491726305E-18));
#9024=CARTESIAN_POINT('',(0.,-0.012,1.72563491726305E-18));
#9025=CARTESIAN_POINT('',(0.00836908371868567,-0.012,0.0170575038534256));
#9026=CARTESIAN_POINT('',(0.00768726272159677,-0.012,0.017375442205859));
#9027=CARTESIAN_POINT('',(0.00836908371868567,-0.012,0.0170575038534256));
#9028=CARTESIAN_POINT('',(0.00836908371868567,-0.007,0.0170575038534256));
#9029=CARTESIAN_POINT('',(0.,-0.007,1.72563491726305E-18));
#9030=CARTESIAN_POINT('',(0.00768726272159677,-0.007,0.017375442205859));
#9031=CARTESIAN_POINT('',(0.00768726272159677,-0.012,0.017375442205859));
#9032=CARTESIAN_POINT('',(0.,-0.012,1.72563491726305E-18));
#9033=CARTESIAN_POINT('',(0.,-0.012,1.72563491726305E-18));
#9034=CARTESIAN_POINT('',(0.00527993407207589,-0.012,0.0182516381783809));
#9035=CARTESIAN_POINT('',(0.00455326205246573,-0.012,0.0184463493591977));
#9036=CARTESIAN_POINT('',(0.00527993407207589,-0.012,0.0182516381783809));
#9037=CARTESIAN_POINT('',(0.00527993407207589,-0.007,0.0182516381783809));
#9038=CARTESIAN_POINT('',(0.,-0.007,1.72563491726305E-18));
#9039=CARTESIAN_POINT('',(0.00455326205246573,-0.007,0.0184463493591977));
#9040=CARTESIAN_POINT('',(0.00455326205246573,-0.012,0.0184463493591977));
#9041=CARTESIAN_POINT('',(0.,-0.012,1.72563491726305E-18));
#9042=CARTESIAN_POINT('',(0.,-0.012,1.72563491726305E-18));
#9043=CARTESIAN_POINT('',(0.0153450859053974,-0.012,-0.0112039429914639));
#9044=CARTESIAN_POINT('',(0.0157765910334933,-0.012,-0.0105876898028747));
#9045=CARTESIAN_POINT('',(0.0153450859053974,-0.012,-0.0112039429914639));
#9046=CARTESIAN_POINT('',(0.0153450859053974,-0.007,-0.0112039429914639));
#9047=CARTESIAN_POINT('',(0.,-0.007,1.72563491726305E-18));
#9048=CARTESIAN_POINT('',(0.0157765910334933,-0.007,-0.0105876898028747));
#9049=CARTESIAN_POINT('',(0.0157765910334933,-0.012,-0.0105876898028747));
#9050=CARTESIAN_POINT('',(0.,-0.012,1.72563491726305E-18));
#9051=CARTESIAN_POINT('',(0.,-0.012,1.72563491726305E-18));
#9052=CARTESIAN_POINT('',(0.0170575038534256,-0.012,-0.00836908371868568));
#9053=CARTESIAN_POINT('',(0.0173754422058591,-0.012,-0.00768726272159677));
#9054=CARTESIAN_POINT('',(0.0170575038534256,-0.012,-0.00836908371868568));
#9055=CARTESIAN_POINT('',(0.0170575038534256,-0.007,-0.00836908371868568));
#9056=CARTESIAN_POINT('',(0.,-0.007,1.72563491726305E-18));
#9057=CARTESIAN_POINT('',(0.0173754422058591,-0.007,-0.00768726272159677));
#9058=CARTESIAN_POINT('',(0.0173754422058591,-0.012,-0.00768726272159677));
#9059=CARTESIAN_POINT('',(0.,-0.012,1.72563491726305E-18));
#9060=CARTESIAN_POINT('',(0.,-0.012,1.72563491726305E-18));
#9061=CARTESIAN_POINT('',(0.0182516381783809,-0.012,-0.00527993407207588));
#9062=CARTESIAN_POINT('',(0.0184463493591977,-0.012,-0.00455326205246573));
#9063=CARTESIAN_POINT('',(0.0182516381783809,-0.012,-0.00527993407207588));
#9064=CARTESIAN_POINT('',(0.0182516381783809,-0.007,-0.00527993407207588));
#9065=CARTESIAN_POINT('',(0.,-0.007,1.72563491726305E-18));
#9066=CARTESIAN_POINT('',(0.0184463493591977,-0.007,-0.00455326205246573));
#9067=CARTESIAN_POINT('',(0.0184463493591977,-0.012,-0.00455326205246573));
#9068=CARTESIAN_POINT('',(0.,-0.012,5.62220458073058E-19));
#9069=CARTESIAN_POINT('',(0.00599089659102889,-0.012,-0.0160252486894073));
#9070=CARTESIAN_POINT('',(0.00630400763249849,-0.012,-0.0158507329060484));
#9071=CARTESIAN_POINT('',(0.00586537374375537,-0.012,-0.0156894834473944));
#9072=CARTESIAN_POINT('',(0.00617859901490094,-0.012,-0.0155687961709653));
#9073=CARTESIAN_POINT('',(0.00620563939329057,-0.012,-0.0156372571469023));
#9074=CARTESIAN_POINT('',(0.00623932873190692,-0.012,-0.0157225519962241));
#9075=CARTESIAN_POINT('',(0.00624427491469915,-0.012,-0.0157333871120055));
#9076=CARTESIAN_POINT('',(0.00625199156385788,-0.012,-0.0157505080137377));
#9077=CARTESIAN_POINT('',(0.00626199434944499,-0.012,-0.0157712355796845));
#9078=CARTESIAN_POINT('',(0.00627580210290946,-0.012,-0.0157986063223435));
#9079=CARTESIAN_POINT('',(0.0062932172849269,-0.012,-0.0158314156291532));
#9080=CARTESIAN_POINT('',(0.00631460950155383,-0.012,-0.0158698635462482));
#9081=CARTESIAN_POINT('',(0.00634016393880598,-0.012,-0.015913697495329));
#9082=CARTESIAN_POINT('',(0.00637011692583026,-0.012,-0.0159627951905818));
#9083=CARTESIAN_POINT('',(0.00640468365185267,-0.012,-0.0160169865273855));
#9084=CARTESIAN_POINT('',(0.00644407954318655,-0.012,-0.0160761069970888));
#9085=CARTESIAN_POINT('',(0.00648851370750815,-0.012,-0.0161399820454673));
#9086=CARTESIAN_POINT('',(0.0065381906147201,-0.012,-0.0162084317884409));
#9087=CARTESIAN_POINT('',(0.00659330938612678,-0.012,-0.0162812698105748));
#9088=CARTESIAN_POINT('',(0.00665406377956151,-0.012,-0.0163583036824676));
#9089=CARTESIAN_POINT('',(0.00672064198391726,-0.012,-0.0164393349917973));
#9090=CARTESIAN_POINT('',(0.00679322645811627,-0.012,-0.0165241595214099));
#9091=CARTESIAN_POINT('',(0.00687199382079361,-0.012,-0.016612567383646));
#9092=CARTESIAN_POINT('',(0.00695711450269855,-0.012,-0.0167043432027397));
#9093=CARTESIAN_POINT('',(0.00704875335768618,-0.012,-0.016799266170884));
#9094=CARTESIAN_POINT('',(0.00714706656642802,-0.012,-0.0168971106026384));
#9095=CARTESIAN_POINT('',(0.0072522129260866,-0.012,-0.0169976445800637));
#9096=CARTESIAN_POINT('',(0.0073643095154541,-0.012,-0.0171006359998227));
#9097=CARTESIAN_POINT('',(0.00748360218209629,-0.012,-0.017205830054162));
#9098=CARTESIAN_POINT('',(0.00759179651679696,-0.012,-0.0172977370434909));
#9099=CARTESIAN_POINT('',(0.00766127747716068,-0.012,-0.0173543879342806));
#9100=CARTESIAN_POINT('',(0.00768726272159678,-0.012,-0.017375442205859));
#9101=CARTESIAN_POINT('',(0.00795486290082025,-0.012,-0.014740510718057));
#9102=CARTESIAN_POINT('',(0.00798992583081719,-0.012,-0.0148052307167416));
#9103=CARTESIAN_POINT('',(0.00803361038672567,-0.012,-0.0148858647196951));
#9104=CARTESIAN_POINT('',(0.00803873122194653,-0.012,-0.0148966183937116));
#9105=CARTESIAN_POINT('',(0.00804688642711207,-0.012,-0.0149135347934192));
#9106=CARTESIAN_POINT('',(0.00805633499718733,-0.012,-0.0149345207943035));
#9107=CARTESIAN_POINT('',(0.00806842674966067,-0.012,-0.014962691721366));
#9108=CARTESIAN_POINT('',(0.00808236587360357,-0.012,-0.014997121940676));
#9109=CARTESIAN_POINT('',(0.00809806803505219,-0.012,-0.0150382231740761));
#9110=CARTESIAN_POINT('',(0.00811522071252734,-0.012,-0.0150859749280829));
#9111=CARTESIAN_POINT('',(0.00813357832021334,-0.012,-0.0151404796375203));
#9112=CARTESIAN_POINT('',(0.00815287222944238,-0.012,-0.0152017928057564));
#9113=CARTESIAN_POINT('',(0.00817283794591121,-0.012,-0.0152699737147985));
#9114=CARTESIAN_POINT('',(0.00819320734150277,-0.012,-0.0153450703491275));
#9115=CARTESIAN_POINT('',(0.00821371118629724,-0.012,-0.0154271237145182));
#9116=CARTESIAN_POINT('',(0.00823407868507937,-0.012,-0.0155161665212076));
#9117=CARTESIAN_POINT('',(0.00825403788324095,-0.012,-0.0156122235050722));
#9118=CARTESIAN_POINT('',(0.00827331582263658,-0.012,-0.0157153112901856));
#9119=CARTESIAN_POINT('',(0.00829163878151572,-0.012,-0.0158254383799349));
#9120=CARTESIAN_POINT('',(0.00830873244833299,-0.012,-0.0159426051588572));
#9121=CARTESIAN_POINT('',(0.00832432228490588,-0.012,-0.0160668037436073));
#9122=CARTESIAN_POINT('',(0.00833813317662526,-0.012,-0.0161980184870422));
#9123=CARTESIAN_POINT('',(0.00834989184741305,-0.012,-0.0163362239626927));
#9124=CARTESIAN_POINT('',(0.0083593185649722,-0.012,-0.0164813927422648));
#9125=CARTESIAN_POINT('',(0.00836616027103391,-0.012,-0.0166334653201674));
#9126=CARTESIAN_POINT('',(0.00837006374376565,-0.012,-0.0167924662392955));
#9127=CARTESIAN_POINT('',(0.00837092260444098,-0.012,-0.0169344245821541));
#9128=CARTESIAN_POINT('',(0.0083696582040973,-0.012,-0.0170240645764207));
#9129=CARTESIAN_POINT('',(0.00836908371868567,-0.012,-0.0170575038534256));
#9130=CARTESIAN_POINT('',(0.00809022786450207,-0.012,-0.0150178047327137));
#9131=CARTESIAN_POINT('',(0.00842517860849344,-0.012,-0.0148901243425546));
#9132=CARTESIAN_POINT('',(0.00824865204161702,-0.012,-0.014578142525587));
#9133=CARTESIAN_POINT('',(4.88791804020764E-16,-0.012,-8.49539584752923E-16));
#9134=CARTESIAN_POINT('',(0.00850071574634005,-0.012,-0.0144326134778122));
#9135=CARTESIAN_POINT('',(0.00868263664191459,-0.012,-0.0147414808776538));
#9136=CARTESIAN_POINT('',(0.00896068647535319,-0.012,-0.0145152452194204));
#9137=CARTESIAN_POINT('',(0.00878822529618405,-0.012,-0.0142593687147612));
#9138=CARTESIAN_POINT('',(0.00882674299417929,-0.012,-0.0143220941022119));
#9139=CARTESIAN_POINT('',(0.00887473181119163,-0.012,-0.0144002430388585));
#9140=CARTESIAN_POINT('',(0.00888148434846349,-0.012,-0.0144100546492566));
#9141=CARTESIAN_POINT('',(0.00889205677776809,-0.012,-0.0144255754639568));
#9142=CARTESIAN_POINT('',(0.00890550690262014,-0.012,-0.0144442511661136));
#9143=CARTESIAN_POINT('',(0.00892385776486775,-0.012,-0.0144688083944631));
#9144=CARTESIAN_POINT('',(0.00894670564747665,-0.012,-0.0144980951395591));
#9145=CARTESIAN_POINT('',(0.00897444927900362,-0.012,-0.0145322442269679));
#9146=CARTESIAN_POINT('',(0.00900722717231123,-0.012,-0.0145709747584078));
#9147=CARTESIAN_POINT('',(0.0090452508314669,-0.012,-0.0146141252677352));
#9148=CARTESIAN_POINT('',(0.00908870263813132,-0.012,-0.0146614908673839));
#9149=CARTESIAN_POINT('',(0.00913776617918054,-0.012,-0.0147128721395718));
#9150=CARTESIAN_POINT('',(0.00919261707445237,-0.012,-0.0147680608707783));
#9151=CARTESIAN_POINT('',(0.00925342545094951,-0.012,-0.0148268444039409));
#9152=CARTESIAN_POINT('',(0.00932035503417574,-0.012,-0.0148890045786425));
#9153=CARTESIAN_POINT('',(0.00939356322333263,-0.012,-0.0149543182432219));
#9154=CARTESIAN_POINT('',(0.00947320089436287,-0.012,-0.0150225573210278));
#9155=CARTESIAN_POINT('',(0.00955941227229105,-0.012,-0.0150934890137643));
#9156=CARTESIAN_POINT('',(0.00965233484590873,-0.012,-0.015166875952933));
#9157=CARTESIAN_POINT('',(0.00975209905712993,-0.012,-0.0152424764398211));
#9158=CARTESIAN_POINT('',(0.0098588289124359,-0.012,-0.0153200443946164));
#9159=CARTESIAN_POINT('',(0.00997263902989738,-0.012,-0.0153993304400586));
#9160=CARTESIAN_POINT('',(0.0100936455220637,-0.012,-0.0154800786067252));
#9161=CARTESIAN_POINT('',(0.0102219233847155,-0.012,-0.0155620399869311));
#9162=CARTESIAN_POINT('',(0.0103576704835396,-0.012,-0.0156449209530439));
#9163=CARTESIAN_POINT('',(0.0104801805843967,-0.012,-0.0157166439196364));
#9164=CARTESIAN_POINT('',(0.0105584432967984,-0.012,-0.0157603689139514));
#9165=CARTESIAN_POINT('',(0.0105876898028747,-0.012,-0.0157765910334933));
#9166=CARTESIAN_POINT('',(0.0103936734829474,-0.012,-0.0131352217921844));
#9167=CARTESIAN_POINT('',(0.0104394422380819,-0.012,-0.0131928699347662));
#9168=CARTESIAN_POINT('',(0.0104964650750983,-0.012,-0.0132646931825056));
#9169=CARTESIAN_POINT('',(0.0105033754692219,-0.012,-0.0132743942603461));
#9170=CARTESIAN_POINT('',(0.0105143442804783,-0.012,-0.0132896375254158));
#9171=CARTESIAN_POINT('',(0.0105272934863533,-0.012,-0.0133086639748163));
#9172=CARTESIAN_POINT('',(0.0105440933680842,-0.012,-0.0133343072114151));
#9173=CARTESIAN_POINT('',(0.0105637994702532,-0.012,-0.0133657938548586));
#9174=CARTESIAN_POINT('',(0.0105864002348666,-0.012,-0.0134035440164483));
#9175=CARTESIAN_POINT('',(0.0106115843296928,-0.012,-0.0134475917828285));
#9176=CARTESIAN_POINT('',(0.0106391276875368,-0.012,-0.0134980806781371));
#9177=CARTESIAN_POINT('',(0.0106687753988626,-0.012,-0.0135551120094001));
#9178=CARTESIAN_POINT('',(0.0107002772818424,-0.012,-0.0136187900869516));
#9179=CARTESIAN_POINT('',(0.0107333776142453,-0.012,-0.0136892087262392));
#9180=CARTESIAN_POINT('',(0.010767818376937,-0.012,-0.013766455061353));
#9181=CARTESIAN_POINT('',(0.0108033385687631,-0.012,-0.0138506083286836));
#9182=CARTESIAN_POINT('',(0.0108396746620568,-0.012,-0.013941740112736));
#9183=CARTESIAN_POINT('',(0.0108765607322603,-0.012,-0.0140399141837113));
#9184=CARTESIAN_POINT('',(0.0109137286926694,-0.012,-0.0141451864470942));
#9185=CARTESIAN_POINT('',(0.0109509084659214,-0.012,-0.0142576049152799));
#9186=CARTESIAN_POINT('',(0.0109878283157572,-0.012,-0.0143772094977439));
#9187=CARTESIAN_POINT('',(0.011024214590079,-0.012,-0.0145040325582091));
#9188=CARTESIAN_POINT('',(0.0110597937492262,-0.012,-0.0146380965103843));
#9189=CARTESIAN_POINT('',(0.0110942855477907,-0.012,-0.0147794229176767));
#9190=CARTESIAN_POINT('',(0.0111274304389901,-0.012,-0.014927997121626));
#9191=CARTESIAN_POINT('',(0.0111588848290539,-0.012,-0.015083904628593));
#9192=CARTESIAN_POINT('',(0.0111843814492477,-0.012,-0.0152235571656538));
#9193=CARTESIAN_POINT('',(0.0111987020796368,-0.012,-0.015312054887803));
#9194=CARTESIAN_POINT('',(0.0112039429914639,-0.012,-0.0153450859053974));
#9195=CARTESIAN_POINT('',(0.0105751335489906,-0.012,-0.0133847972084189));
#9196=CARTESIAN_POINT('',(0.0108828241714755,-0.012,-0.0132008929839802));
#9197=CARTESIAN_POINT('',(0.0106548043658214,-0.012,-0.0129243043884796));
#9198=CARTESIAN_POINT('',(6.28886958956737E-16,-0.012,-7.51755363528713E-16));
#9199=CARTESIAN_POINT('',(0.0108777678025419,-0.012,-0.0127372158509614));
#9200=CARTESIAN_POINT('',(0.0111105591720619,-0.012,-0.0130098006289821));
#9201=CARTESIAN_POINT('',(0.0113450993939804,-0.012,-0.0127387191518688));
#9202=CARTESIAN_POINT('',(0.0111308257988992,-0.012,-0.0125166775557478));
#9203=CARTESIAN_POINT('',(0.0111796504757373,-0.012,-0.0125717614755552));
#9204=CARTESIAN_POINT('',(0.0112404806552243,-0.012,-0.0126403899836318));
#9205=CARTESIAN_POINT('',(0.0112488343745477,-0.012,-0.0126488799678295));
#9206=CARTESIAN_POINT('',(0.0112619413460837,-0.012,-0.0126623291033971));
#9207=CARTESIAN_POINT('',(0.0112784301349631,-0.012,-0.0126783854900041));
#9208=CARTESIAN_POINT('',(0.0113007665243304,-0.012,-0.0126993830450872));
#9209=CARTESIAN_POINT('',(0.0113283528861793,-0.012,-0.0127242573655397));
#9210=CARTESIAN_POINT('',(0.0113616049564013,-0.012,-0.0127530700205217));
#9211=CARTESIAN_POINT('',(0.0114006103660627,-0.012,-0.0127855203267213));
#9212=CARTESIAN_POINT('',(0.0114455493677072,-0.012,-0.0128214125437328));
#9213=CARTESIAN_POINT('',(0.0114965659938558,-0.012,-0.0128605132264493));
#9214=CARTESIAN_POINT('',(0.0115538064137529,-0.012,-0.0129025941071664));
#9215=CARTESIAN_POINT('',(0.011617407423278,-0.012,-0.0129474196395301));
#9216=CARTESIAN_POINT('',(0.011687499637311,-0.012,-0.0129947508549725));
#9217=CARTESIAN_POINT('',(0.0117642064108385,-0.012,-0.013044344476788));
#9218=CARTESIAN_POINT('',(0.0118476440019351,-0.012,-0.013095953411406));
#9219=CARTESIAN_POINT('',(0.0119379213893042,-0.012,-0.0131493268478397));
#9220=CARTESIAN_POINT('',(0.0120351401818683,-0.012,-0.0132042104801095));
#9221=CARTESIAN_POINT('',(0.012139394561048,-0.012,-0.0132603466711998));
#9222=CARTESIAN_POINT('',(0.0122507710165106,-0.012,-0.0133174747433437));
#9223=CARTESIAN_POINT('',(0.0123693489394894,-0.012,-0.0133753308217349));
#9224=CARTESIAN_POINT('',(0.0124951979028421,-0.012,-0.0134336494144948));
#9225=CARTESIAN_POINT('',(0.0126283878064839,-0.012,-0.0134921582782191));
#9226=CARTESIAN_POINT('',(0.0127689492844751,-0.012,-0.013550599263809));
#9227=CARTESIAN_POINT('',(0.0129170262085748,-0.012,-0.0136086488454796));
#9228=CARTESIAN_POINT('',(0.0130501296681667,-0.012,-0.0136580085232892));
#9229=CARTESIAN_POINT('',(0.0131347961596931,-0.012,-0.0136874790593033));
#9230=CARTESIAN_POINT('',(0.0131664152871219,-0.012,-0.0136983761259152));
#9231=CARTESIAN_POINT('',(0.0125166775557478,-0.012,-0.0111308257988992));
#9232=CARTESIAN_POINT('',(0.0125717614755552,-0.012,-0.0111796504757374));
#9233=CARTESIAN_POINT('',(0.0126403899836318,-0.012,-0.0112404806552243));
#9234=CARTESIAN_POINT('',(0.0126488799678295,-0.012,-0.0112488343745477));
#9235=CARTESIAN_POINT('',(0.0126623291033971,-0.012,-0.0112619413460837));
#9236=CARTESIAN_POINT('',(0.0126783854900041,-0.012,-0.0112784301349631));
#9237=CARTESIAN_POINT('',(0.0126993830450872,-0.012,-0.0113007665243304));
#9238=CARTESIAN_POINT('',(0.0127242573655397,-0.012,-0.0113283528861793));
#9239=CARTESIAN_POINT('',(0.0127530700205217,-0.012,-0.0113616049564013));
#9240=CARTESIAN_POINT('',(0.0127855203267212,-0.012,-0.0114006103660627));
#9241=CARTESIAN_POINT('',(0.0128214125437328,-0.012,-0.0114455493677072));
#9242=CARTESIAN_POINT('',(0.0128605132264493,-0.012,-0.0114965659938558));
#9243=CARTESIAN_POINT('',(0.0129025941071664,-0.012,-0.0115538064137529));
#9244=CARTESIAN_POINT('',(0.0129474196395301,-0.012,-0.0116174074232781));
#9245=CARTESIAN_POINT('',(0.0129947508549725,-0.012,-0.011687499637311));
#9246=CARTESIAN_POINT('',(0.013044344476788,-0.012,-0.0117642064108385));
#9247=CARTESIAN_POINT('',(0.013095953411406,-0.012,-0.0118476440019351));
#9248=CARTESIAN_POINT('',(0.0131493268478397,-0.012,-0.0119379213893042));
#9249=CARTESIAN_POINT('',(0.0132042104801095,-0.012,-0.0120351401818683));
#9250=CARTESIAN_POINT('',(0.0132603466711998,-0.012,-0.012139394561048));
#9251=CARTESIAN_POINT('',(0.0133174747433437,-0.012,-0.0122507710165106));
#9252=CARTESIAN_POINT('',(0.0133753308217349,-0.012,-0.0123693489394894));
#9253=CARTESIAN_POINT('',(0.0134336494144948,-0.012,-0.0124951979028421));
#9254=CARTESIAN_POINT('',(0.013492158278219,-0.012,-0.0126283878064839));
#9255=CARTESIAN_POINT('',(0.013550599263809,-0.012,-0.0127689492844751));
#9256=CARTESIAN_POINT('',(0.0136086488454796,-0.012,-0.0129170262085748));
#9257=CARTESIAN_POINT('',(0.0136580085232892,-0.012,-0.0130501296681667));
#9258=CARTESIAN_POINT('',(0.0136874790593033,-0.012,-0.0131347961596931));
#9259=CARTESIAN_POINT('',(0.0136983761259152,-0.012,-0.0131664152871219));
#9260=CARTESIAN_POINT('',(0.0127387191518688,-0.012,-0.0113450993939804));
#9261=CARTESIAN_POINT('',(0.0130098006289821,-0.012,-0.0111105591720619));
#9262=CARTESIAN_POINT('',(0.0127372158509614,-0.012,-0.0108777678025419));
#9263=CARTESIAN_POINT('',(7.49873701876967E-16,-0.012,-6.31129435990253E-16));
#9264=CARTESIAN_POINT('',(0.0129243043884796,-0.012,-0.0106548043658214));
#9265=CARTESIAN_POINT('',(0.0132008929839802,-0.012,-0.0108828241714755));
#9266=CARTESIAN_POINT('',(0.0133847972084189,-0.012,-0.0105751335489906));
#9267=CARTESIAN_POINT('',(0.0131352217921844,-0.012,-0.0103936734829474));
#9268=CARTESIAN_POINT('',(0.0131928699347662,-0.012,-0.0104394422380819));
#9269=CARTESIAN_POINT('',(0.0132646931825056,-0.012,-0.0104964650750983));
#9270=CARTESIAN_POINT('',(0.0132743942603461,-0.012,-0.0105033754692219));
#9271=CARTESIAN_POINT('',(0.0132896375254158,-0.012,-0.0105143442804783));
#9272=CARTESIAN_POINT('',(0.0133086639748162,-0.012,-0.0105272934863533));
#9273=CARTESIAN_POINT('',(0.0133343072114151,-0.012,-0.0105440933680842));
#9274=CARTESIAN_POINT('',(0.0133657938548586,-0.012,-0.0105637994702532));
#9275=CARTESIAN_POINT('',(0.0134035440164483,-0.012,-0.0105864002348666));
#9276=CARTESIAN_POINT('',(0.0134475917828285,-0.012,-0.0106115843296928));
#9277=CARTESIAN_POINT('',(0.0134980806781371,-0.012,-0.0106391276875368));
#9278=CARTESIAN_POINT('',(0.0135551120094001,-0.012,-0.0106687753988626));
#9279=CARTESIAN_POINT('',(0.0136187900869516,-0.012,-0.0107002772818424));
#9280=CARTESIAN_POINT('',(0.0136892087262392,-0.012,-0.0107333776142453));
#9281=CARTESIAN_POINT('',(0.013766455061353,-0.012,-0.010767818376937));
#9282=CARTESIAN_POINT('',(0.0138506083286836,-0.012,-0.0108033385687631));
#9283=CARTESIAN_POINT('',(0.013941740112736,-0.012,-0.0108396746620568));
#9284=CARTESIAN_POINT('',(0.0140399141837113,-0.012,-0.0108765607322603));
#9285=CARTESIAN_POINT('',(0.0141451864470942,-0.012,-0.0109137286926694));
#9286=CARTESIAN_POINT('',(0.0142576049152799,-0.012,-0.0109509084659214));
#9287=CARTESIAN_POINT('',(0.0143772094977439,-0.012,-0.0109878283157572));
#9288=CARTESIAN_POINT('',(0.0145040325582091,-0.012,-0.011024214590079));
#9289=CARTESIAN_POINT('',(0.0146380965103843,-0.012,-0.0110597937492262));
#9290=CARTESIAN_POINT('',(0.0147794229176767,-0.012,-0.0110942855477908));
#9291=CARTESIAN_POINT('',(0.014927997121626,-0.012,-0.0111274304389901));
#9292=CARTESIAN_POINT('',(0.015083904628593,-0.012,-0.0111588848290539));
#9293=CARTESIAN_POINT('',(0.0152235571656538,-0.012,-0.0111843814492478));
#9294=CARTESIAN_POINT('',(0.015312054887803,-0.012,-0.0111987020796368));
#9295=CARTESIAN_POINT('',(0.0153450859053974,-0.012,-0.0112039429914639));
#9296=CARTESIAN_POINT('',(0.0142593687147612,-0.012,-0.00878822529618405));
#9297=CARTESIAN_POINT('',(0.0143220941022119,-0.012,-0.0088267429941793));
#9298=CARTESIAN_POINT('',(0.0144002430388585,-0.012,-0.00887473181119164));
#9299=CARTESIAN_POINT('',(0.0144100546492566,-0.012,-0.0088814843484635));
#9300=CARTESIAN_POINT('',(0.0144255754639568,-0.012,-0.0088920567777681));
#9301=CARTESIAN_POINT('',(0.0144442511661136,-0.012,-0.00890550690262015));
#9302=CARTESIAN_POINT('',(0.014468808394463,-0.012,-0.00892385776486776));
#9303=CARTESIAN_POINT('',(0.0144980951395591,-0.012,-0.00894670564747666));
#9304=CARTESIAN_POINT('',(0.0145322442269679,-0.012,-0.00897444927900362));
#9305=CARTESIAN_POINT('',(0.0145709747584078,-0.012,-0.00900722717231124));
#9306=CARTESIAN_POINT('',(0.0146141252677352,-0.012,-0.0090452508314669));
#9307=CARTESIAN_POINT('',(0.0146614908673839,-0.012,-0.00908870263813133));
#9308=CARTESIAN_POINT('',(0.0147128721395718,-0.012,-0.00913776617918055));
#9309=CARTESIAN_POINT('',(0.0147680608707783,-0.012,-0.00919261707445238));
#9310=CARTESIAN_POINT('',(0.0148268444039409,-0.012,-0.00925342545094952));
#9311=CARTESIAN_POINT('',(0.0148890045786425,-0.012,-0.00932035503417574));
#9312=CARTESIAN_POINT('',(0.0149543182432219,-0.012,-0.00939356322333264));
#9313=CARTESIAN_POINT('',(0.0150225573210278,-0.012,-0.00947320089436288));
#9314=CARTESIAN_POINT('',(0.0150934890137643,-0.012,-0.00955941227229105));
#9315=CARTESIAN_POINT('',(0.015166875952933,-0.012,-0.00965233484590874));
#9316=CARTESIAN_POINT('',(0.0152424764398211,-0.012,-0.00975209905712993));
#9317=CARTESIAN_POINT('',(0.0153200443946164,-0.012,-0.00985882891243591));
#9318=CARTESIAN_POINT('',(0.0153993304400586,-0.012,-0.00997263902989738));
#9319=CARTESIAN_POINT('',(0.0154800786067252,-0.012,-0.0100936455220637));
#9320=CARTESIAN_POINT('',(0.0155620399869311,-0.012,-0.0102219233847155));
#9321=CARTESIAN_POINT('',(0.0156449209530439,-0.012,-0.0103576704835396));
#9322=CARTESIAN_POINT('',(0.0157166439196364,-0.012,-0.0104801805843967));
#9323=CARTESIAN_POINT('',(0.0157603689139514,-0.012,-0.0105584432967984));
#9324=CARTESIAN_POINT('',(0.0157765910334933,-0.012,-0.0105876898028747));
#9325=CARTESIAN_POINT('',(0.0145152452194204,-0.012,-0.00896068647535319));
#9326=CARTESIAN_POINT('',(0.0147414808776538,-0.012,-0.0086826366419146));
#9327=CARTESIAN_POINT('',(0.0144326134778122,-0.012,-0.00850071574634005));
#9328=CARTESIAN_POINT('',(8.48075911820067E-16,-0.012,-4.91326959906133E-16));
#9329=CARTESIAN_POINT('',(0.014578142525587,-0.012,-0.00824865204161702));
#9330=CARTESIAN_POINT('',(0.0148901243425545,-0.012,-0.00842517860849345));
#9331=CARTESIAN_POINT('',(0.0150178047327137,-0.012,-0.00809022786450208));
#9332=CARTESIAN_POINT('',(0.014740510718057,-0.012,-0.00795486290082026));
#9333=CARTESIAN_POINT('',(0.0148052307167416,-0.012,-0.00798992583081719));
#9334=CARTESIAN_POINT('',(0.0148858647196951,-0.012,-0.00803361038672568));
#9335=CARTESIAN_POINT('',(0.0148966183937116,-0.012,-0.00803873122194653));
#9336=CARTESIAN_POINT('',(0.0149135347934192,-0.012,-0.00804688642711207));
#9337=CARTESIAN_POINT('',(0.0149345207943035,-0.012,-0.00805633499718733));
#9338=CARTESIAN_POINT('',(0.014962691721366,-0.012,-0.00806842674966067));
#9339=CARTESIAN_POINT('',(0.014997121940676,-0.012,-0.00808236587360357));
#9340=CARTESIAN_POINT('',(0.0150382231740761,-0.012,-0.00809806803505219));
#9341=CARTESIAN_POINT('',(0.0150859749280829,-0.012,-0.00811522071252734));
#9342=CARTESIAN_POINT('',(0.0151404796375203,-0.012,-0.00813357832021335));
#9343=CARTESIAN_POINT('',(0.0152017928057564,-0.012,-0.00815287222944239));
#9344=CARTESIAN_POINT('',(0.0152699737147985,-0.012,-0.00817283794591121));
#9345=CARTESIAN_POINT('',(0.0153450703491275,-0.012,-0.00819320734150278));
#9346=CARTESIAN_POINT('',(0.0154271237145182,-0.012,-0.00821371118629724));
#9347=CARTESIAN_POINT('',(0.0155161665212076,-0.012,-0.00823407868507938));
#9348=CARTESIAN_POINT('',(0.0156122235050722,-0.012,-0.00825403788324096));
#9349=CARTESIAN_POINT('',(0.0157153112901856,-0.012,-0.00827331582263658));
#9350=CARTESIAN_POINT('',(0.0158254383799349,-0.012,-0.00829163878151572));
#9351=CARTESIAN_POINT('',(0.0159426051588572,-0.012,-0.008308732448333));
#9352=CARTESIAN_POINT('',(0.0160668037436073,-0.012,-0.00832432228490589));
#9353=CARTESIAN_POINT('',(0.0161980184870422,-0.012,-0.00833813317662527));
#9354=CARTESIAN_POINT('',(0.0163362239626926,-0.012,-0.00834989184741306));
#9355=CARTESIAN_POINT('',(0.0164813927422648,-0.012,-0.00835931856497221));
#9356=CARTESIAN_POINT('',(0.0166334653201674,-0.012,-0.00836616027103391));
#9357=CARTESIAN_POINT('',(0.0167924662392955,-0.012,-0.00837006374376566));
#9358=CARTESIAN_POINT('',(0.0169344245821541,-0.012,-0.00837092260444099));
#9359=CARTESIAN_POINT('',(0.0170240645764207,-0.012,-0.0083696582040973));
#9360=CARTESIAN_POINT('',(0.0170575038534256,-0.012,-0.00836908371868568));
#9361=CARTESIAN_POINT('',(0.0155687961709653,-0.012,-0.00617859901490093));
#9362=CARTESIAN_POINT('',(0.0156372571469023,-0.012,-0.00620563939329056));
#9363=CARTESIAN_POINT('',(0.0157225519962241,-0.012,-0.00623932873190691));
#9364=CARTESIAN_POINT('',(0.0157333871120055,-0.012,-0.00624427491469914));
#9365=CARTESIAN_POINT('',(0.0157505080137377,-0.012,-0.00625199156385788));
#9366=CARTESIAN_POINT('',(0.0157712355796845,-0.012,-0.00626199434944498));
#9367=CARTESIAN_POINT('',(0.0157986063223435,-0.012,-0.00627580210290946));
#9368=CARTESIAN_POINT('',(0.0158314156291532,-0.012,-0.00629321728492689));
#9369=CARTESIAN_POINT('',(0.0158698635462482,-0.012,-0.00631460950155382));
#9370=CARTESIAN_POINT('',(0.015913697495329,-0.012,-0.00634016393880598));
#9371=CARTESIAN_POINT('',(0.0159627951905818,-0.012,-0.00637011692583025));
#9372=CARTESIAN_POINT('',(0.0160169865273855,-0.012,-0.00640468365185267));
#9373=CARTESIAN_POINT('',(0.0160761069970888,-0.012,-0.00644407954318654));
#9374=CARTESIAN_POINT('',(0.0161399820454673,-0.012,-0.00648851370750814));
#9375=CARTESIAN_POINT('',(0.0162084317884409,-0.012,-0.0065381906147201));
#9376=CARTESIAN_POINT('',(0.0162812698105748,-0.012,-0.00659330938612677));
#9377=CARTESIAN_POINT('',(0.0163583036824676,-0.012,-0.0066540637795615));
#9378=CARTESIAN_POINT('',(0.0164393349917973,-0.012,-0.00672064198391725));
#9379=CARTESIAN_POINT('',(0.01652415952141,-0.012,-0.00679322645811626));
#9380=CARTESIAN_POINT('',(0.016612567383646,-0.012,-0.0068719938207936));
#9381=CARTESIAN_POINT('',(0.0167043432027397,-0.012,-0.00695711450269854));
#9382=CARTESIAN_POINT('',(0.016799266170884,-0.012,-0.00704875335768617));
#9383=CARTESIAN_POINT('',(0.0168971106026384,-0.012,-0.00714706656642802));
#9384=CARTESIAN_POINT('',(0.0169976445800637,-0.012,-0.00725221292608659));
#9385=CARTESIAN_POINT('',(0.0171006359998227,-0.012,-0.00736430951545409));
#9386=CARTESIAN_POINT('',(0.017205830054162,-0.012,-0.00748360218209628));
#9387=CARTESIAN_POINT('',(0.0172977370434909,-0.012,-0.00759179651679695));
#9388=CARTESIAN_POINT('',(0.0173543879342806,-0.012,-0.00766127747716067));
#9389=CARTESIAN_POINT('',(0.0173754422058591,-0.012,-0.00768726272159677));
#9390=CARTESIAN_POINT('',(0.0158507329060484,-0.012,-0.00630400763249848));
#9391=CARTESIAN_POINT('',(0.0160252486894073,-0.012,-0.00599089659102888));
#9392=CARTESIAN_POINT('',(0.0156894834473944,-0.012,-0.00586537374375537));
#9393=CARTESIAN_POINT('',(9.20509764329633E-16,-0.012,-3.36595762768703E-16));
#9394=CARTESIAN_POINT('',(0.0157890311789504,-0.012,-0.00559186859914746));
#9395=CARTESIAN_POINT('',(0.0161269268077468,-0.012,-0.00571153825683835));
#9396=CARTESIAN_POINT('',(0.0161945038595809,-0.012,-0.0053595047002035));
#9397=CARTESIAN_POINT('',(0.0158979166848198,-0.012,-0.00527434783480651));
#9398=CARTESIAN_POINT('',(0.0159677420551969,-0.012,-0.00529763957028064));
#9399=CARTESIAN_POINT('',(0.0160547367899876,-0.012,-0.00532665851195534));
#9400=CARTESIAN_POINT('',(0.0160662163152367,-0.012,-0.00532983419428655));
#9401=CARTESIAN_POINT('',(0.0160842918533373,-0.012,-0.00533492800157907));
#9402=CARTESIAN_POINT('',(0.016106599756688,-0.012,-0.00534058884583398));
#9403=CARTESIAN_POINT('',(0.0161364424148505,-0.012,-0.00534760506726964));
#9404=CARTESIAN_POINT('',(0.0161727700652359,-0.012,-0.00535535367975895));
#9405=CARTESIAN_POINT('',(0.0162159735302676,-0.012,-0.00536368013581282));
#9406=CARTESIAN_POINT('',(0.0162659783590191,-0.012,-0.00537228022051158));
#9407=CARTESIAN_POINT('',(0.0163228427845698,-0.012,-0.00538089429141945));
#9408=CARTESIAN_POINT('',(0.0163865748201881,-0.012,-0.00538924816288294));
#9409=CARTESIAN_POINT('',(0.0164571869183008,-0.012,-0.00539707106464903));
#9410=CARTESIAN_POINT('',(0.0165346797744378,-0.012,-0.00540409060965163));
#9411=CARTESIAN_POINT('',(0.0166190470201191,-0.012,-0.00541003453760024));
#9412=CARTESIAN_POINT('',(0.0167102738455439,-0.012,-0.00541463048719439));
#9413=CARTESIAN_POINT('',(0.0168083373863732,-0.012,-0.00541760634008754));
#9414=CARTESIAN_POINT('',(0.0169132066154389,-0.012,-0.0054186903982418));
#9415=CARTESIAN_POINT('',(0.0170248423756596,-0.012,-0.00541761162175737));
#9416=CARTESIAN_POINT('',(0.0171431974120302,-0.012,-0.00541409979972346));
#9417=CARTESIAN_POINT('',(0.0172682162879162,-0.012,-0.00540788593373798));
#9418=CARTESIAN_POINT('',(0.0173998358207394,-0.012,-0.00539870180589874));
#9419=CARTESIAN_POINT('',(0.0175379835164228,-0.012,-0.00538628270706539));
#9420=CARTESIAN_POINT('',(0.0176825837883662,-0.012,-0.00537035791757625));
#9421=CARTESIAN_POINT('',(0.017833534091895,-0.012,-0.00535068855672375));
#9422=CARTESIAN_POINT('',(0.0179907972607149,-0.012,-0.00532692250707968));
#9423=CARTESIAN_POINT('',(0.018130748076958,-0.012,-0.00530311751218948));
#9424=CARTESIAN_POINT('',(0.0182188066774762,-0.012,-0.00528630649927765));
#9425=CARTESIAN_POINT('',(0.0182516381783809,-0.012,-0.00527993407207588));
#9426=CARTESIAN_POINT('',(0.0164051736337057,-0.012,-0.00338123912907201));
#9427=CARTESIAN_POINT('',(0.016477290046018,-0.012,-0.00339598057964175));
#9428=CARTESIAN_POINT('',(0.0165671391671796,-0.012,-0.00341434680635589));
#9429=CARTESIAN_POINT('',(0.0165786685688342,-0.012,-0.00341733634740722));
#9430=CARTESIAN_POINT('',(0.0165968693476627,-0.012,-0.00342196274994023));
#9431=CARTESIAN_POINT('',(0.0166190189807971,-0.012,-0.00342821426668398));
#9432=CARTESIAN_POINT('',(0.0166483715916001,-0.012,-0.00343705936976336));
#9433=CARTESIAN_POINT('',(0.0166837065659383,-0.012,-0.00344851269969623));
#9434=CARTESIAN_POINT('',(0.0167252850922141,-0.012,-0.00346290350974591));
#9435=CARTESIAN_POINT('',(0.0167728905865743,-0.012,-0.00348045803229786));
#9436=CARTESIAN_POINT('',(0.0168264436591267,-0.012,-0.00350143024083696));
#9437=CARTESIAN_POINT('',(0.0168858141567387,-0.012,-0.00352606159373878));
#9438=CARTESIAN_POINT('',(0.0169508774784019,-0.012,-0.00355459281113442));
#9439=CARTESIAN_POINT('',(0.0170214980329297,-0.012,-0.00358726013490764));
#9440=CARTESIAN_POINT('',(0.0170975341749113,-0.012,-0.00362429616514651));
#9441=CARTESIAN_POINT('',(0.0171788368980329,-0.012,-0.00366592936875588));
#9442=CARTESIAN_POINT('',(0.0172652503420227,-0.012,-0.00371238397496715));
#9443=CARTESIAN_POINT('',(0.0173566117875461,-0.012,-0.00376387976759924));
#9444=CARTESIAN_POINT('',(0.0174527518036256,-0.012,-0.00382063189555007));
#9445=CARTESIAN_POINT('',(0.0175534943607715,-0.012,-0.00388285074083031));
#9446=CARTESIAN_POINT('',(0.0176586569502486,-0.012,-0.00395074154457247));
#9447=CARTESIAN_POINT('',(0.0177680507453882,-0.012,-0.00402450499900446));
#9448=CARTESIAN_POINT('',(0.0178814806099075,-0.012,-0.00410433410192793));
#9449=CARTESIAN_POINT('',(0.0179987457240602,-0.012,-0.00419042551014719));
#9450=CARTESIAN_POINT('',(0.0181196378411989,-0.012,-0.00428293482808606));
#9451=CARTESIAN_POINT('',(0.0182439487156544,-0.012,-0.00438214841523536));
#9452=CARTESIAN_POINT('',(0.0183532471803563,-0.012,-0.00447273955366877));
#9453=CARTESIAN_POINT('',(0.0184211026589708,-0.012,-0.00453132761817284));
#9454=CARTESIAN_POINT('',(0.0184463493591977,-0.012,-0.00455326205246573));
#9455=CARTESIAN_POINT('',(0.0167046040941839,-0.012,-0.0034557847077121));
#9456=CARTESIAN_POINT('',(0.0168220974289002,-0.012,-0.00311712617876472));
#9457=CARTESIAN_POINT('',(0.0164696364016894,-0.012,-0.00305181532798901));
#9458=CARTESIAN_POINT('',(9.64974393450458E-16,-0.012,-1.7163727370522E-16));
#9459=CARTESIAN_POINT('',(0.0165201781095768,-0.012,-0.00276517905891484));
#9460=CARTESIAN_POINT('',(0.0168737207625045,-0.012,-0.00282435570542704));
#9461=CARTESIAN_POINT('',(0.016879141181489,-0.012,-0.0024659356976295));
#9462=CARTESIAN_POINT('',(0.0165722724978484,-0.012,-0.00243357437878096));
#9463=CARTESIAN_POINT('',(0.0166450816313724,-0.012,-0.00244438721213609));
#9464=CARTESIAN_POINT('',(0.0167357938070052,-0.012,-0.00245785881371851));
#9465=CARTESIAN_POINT('',(0.0167476503839211,-0.012,-0.00245899285165942));
#9466=CARTESIAN_POINT('',(0.0167663358443361,-0.012,-0.00246087048832192));
#9467=CARTESIAN_POINT('',(0.0167892878357984,-0.012,-0.00246257160486832));
#9468=CARTESIAN_POINT('',(0.0168198954709936,-0.012,-0.00246429911092836));
#9469=CARTESIAN_POINT('',(0.0168570167551801,-0.012,-0.00246562177429457));
#9470=CARTESIAN_POINT('',(0.0169010097364205,-0.012,-0.0024663195297999));
#9471=CARTESIAN_POINT('',(0.0169517482684988,-0.012,-0.00246610571250054));
#9472=CARTESIAN_POINT('',(0.0170092446133671,-0.012,-0.00246471451244467));
#9473=CARTESIAN_POINT('',(0.0170734590507153,-0.012,-0.00246187451798546));
#9474=CARTESIAN_POINT('',(0.017144356825029,-0.012,-0.00245731691013724));
#9475=CARTESIAN_POINT('',(0.0172218913217534,-0.012,-0.00245077331922802));
#9476=CARTESIAN_POINT('',(0.0173060089916571,-0.012,-0.00244197672708784));
#9477=CARTESIAN_POINT('',(0.0173966479548898,-0.012,-0.00243066148189124));
#9478=CARTESIAN_POINT('',(0.0174937384416183,-0.012,-0.00241656356973167));
#9479=CARTESIAN_POINT('',(0.0175972027161776,-0.012,-0.0023994208080861));
#9480=CARTESIAN_POINT('',(0.0177069551507856,-0.012,-0.0023789730743157));
#9481=CARTESIAN_POINT('',(0.017822902286715,-0.012,-0.00235496246836604));
#9482=CARTESIAN_POINT('',(0.0179449428184558,-0.012,-0.00232713370499578));
#9483=CARTESIAN_POINT('',(0.0180729679477651,-0.012,-0.00229523361267491));
#9484=CARTESIAN_POINT('',(0.0182068603156543,-0.012,-0.0022590140922541));
#9485=CARTESIAN_POINT('',(0.0183464984738773,-0.012,-0.00221822166238699));
#9486=CARTESIAN_POINT('',(0.0184917399544441,-0.012,-0.00217263887819661));
#9487=CARTESIAN_POINT('',(0.0186424870111502,-0.012,-0.00212192542556895));
#9488=CARTESIAN_POINT('',(0.0187761779660447,-0.012,-0.00207417987783706));
#9489=CARTESIAN_POINT('',(0.0188599795567975,-0.012,-0.00204233304647763));
#9490=CARTESIAN_POINT('',(0.0188912057130606,-0.012,-0.00203035630046163));
#9491=CARTESIAN_POINT('',(0.0188912057130606,-0.012,-0.00203035630046163));
#9492=CARTESIAN_POINT('',(0.,-0.012,1.72563491726305E-18));
#9493=CARTESIAN_POINT('',(0.0189567735215604,-0.012,-0.00128091281993229));
#9494=CARTESIAN_POINT('',(0.0167430881970043,-0.012,-0.000481142003295795));
#9495=CARTESIAN_POINT('',(0.0168166688249965,-0.012,-0.000483136614529609));
#9496=CARTESIAN_POINT('',(0.0169083421979173,-0.012,-0.000485621680836585));
#9497=CARTESIAN_POINT('',(0.01692021557041,-0.012,-0.000486563744454967));
#9498=CARTESIAN_POINT('',(0.0169389432048801,-0.012,-0.000487959329462345));
#9499=CARTESIAN_POINT('',(0.0169618418998074,-0.012,-0.000490269628189902));
#9500=CARTESIAN_POINT('',(0.0169922845145284,-0.012,-0.000493883326902963));
#9501=CARTESIAN_POINT('',(0.0170290715210802,-0.012,-0.000499026801116925));
#9502=CARTESIAN_POINT('',(0.0170725173140558,-0.012,-0.000505978947108097));
#9503=CARTESIAN_POINT('',(0.0171224478848385,-0.012,-0.000515000169675116));
#9504=CARTESIAN_POINT('',(0.0171788291516803,-0.012,-0.00052635436978502));
#9505=CARTESIAN_POINT('',(0.0172415748675737,-0.012,-0.000540301938372397));
#9506=CARTESIAN_POINT('',(0.0173106041250917,-0.012,-0.000557101575226721));
#9507=CARTESIAN_POINT('',(0.0173858244159551,-0.012,-0.000577009478349185));
#9508=CARTESIAN_POINT('',(0.0174671366372467,-0.012,-0.000600279310577284));
#9509=CARTESIAN_POINT('',(0.0175544337192551,-0.012,-0.00062716194256511));
#9510=CARTESIAN_POINT('',(0.0176476011065736,-0.012,-0.000657905261850335));
#9511=CARTESIAN_POINT('',(0.0177465167169994,-0.012,-0.00069275396915779));
#9512=CARTESIAN_POINT('',(0.0178510510538068,-0.012,-0.000731949366170608));
#9513=CARTESIAN_POINT('',(0.0179610672942417,-0.012,-0.000775729205924182));
#9514=CARTESIAN_POINT('',(0.0180764213420358,-0.012,-0.000824327303786247));
#9515=CARTESIAN_POINT('',(0.0181969620890612,-0.012,-0.000877974092425787));
#9516=CARTESIAN_POINT('',(0.0183225308773105,-0.012,-0.000936893522634031));
#9517=CARTESIAN_POINT('',(0.0184529640870358,-0.012,-0.00100131413553958));
#9518=CARTESIAN_POINT('',(0.0185880836557494,-0.012,-0.00107142533323623));
#9519=CARTESIAN_POINT('',(0.0187277342273053,-0.012,-0.00114754528625162));
#9520=CARTESIAN_POINT('',(0.0188511031888376,-0.012,-0.00121778066251778));
#9521=CARTESIAN_POINT('',(0.0189281015008957,-0.012,-0.00126369566246924));
#9522=CARTESIAN_POINT('',(0.0189567735215604,-0.012,-0.00128091281993229));
#9523=CARTESIAN_POINT('',(0.0170509143398552,-0.012,-0.000502559513293319));
#9524=CARTESIAN_POINT('',(0.017107815250408,-0.012,-0.000148643464900734));
#9525=CARTESIAN_POINT('',(0.0167493677879571,-0.012,-0.000145529047774776));
#9526=CARTESIAN_POINT('',(9.80118763926896E-16,-0.012,-1.46367293285543E-18));
#9527=CARTESIAN_POINT('',(0.0167493677879571,-0.012,0.000145529047774775));
#9528=CARTESIAN_POINT('',(0.017107815250408,-0.012,0.000148643464900733));
#9529=CARTESIAN_POINT('',(0.0170509143398552,-0.012,0.00050255951329332));
#9530=CARTESIAN_POINT('',(0.0167430881970043,-0.012,0.000481142003295797));
#9531=CARTESIAN_POINT('',(0.0168166688249965,-0.012,0.00048313661452961));
#9532=CARTESIAN_POINT('',(0.0169083421979173,-0.012,0.000485621680836586));
#9533=CARTESIAN_POINT('',(0.01692021557041,-0.012,0.000486563744454968));
#9534=CARTESIAN_POINT('',(0.0169389432048801,-0.012,0.000487959329462346));
#9535=CARTESIAN_POINT('',(0.0169618418998074,-0.012,0.000490269628189903));
#9536=CARTESIAN_POINT('',(0.0169922845145284,-0.012,0.000493883326902964));
#9537=CARTESIAN_POINT('',(0.0170290715210802,-0.012,0.000499026801116926));
#9538=CARTESIAN_POINT('',(0.0170725173140558,-0.012,0.000505978947108098));
#9539=CARTESIAN_POINT('',(0.0171224478848385,-0.012,0.000515000169675117));
#9540=CARTESIAN_POINT('',(0.0171788291516803,-0.012,0.000526354369785021));
#9541=CARTESIAN_POINT('',(0.0172415748675737,-0.012,0.000540301938372398));
#9542=CARTESIAN_POINT('',(0.0173106041250917,-0.012,0.000557101575226722));
#9543=CARTESIAN_POINT('',(0.0173858244159551,-0.012,0.000577009478349186));
#9544=CARTESIAN_POINT('',(0.0174671366372467,-0.012,0.000600279310577285));
#9545=CARTESIAN_POINT('',(0.0175544337192551,-0.012,0.000627161942565111));
#9546=CARTESIAN_POINT('',(0.0176476011065736,-0.012,0.000657905261850336));
#9547=CARTESIAN_POINT('',(0.0177465167169994,-0.012,0.000692753969157792));
#9548=CARTESIAN_POINT('',(0.0178510510538068,-0.012,0.000731949366170609));
#9549=CARTESIAN_POINT('',(0.0179610672942417,-0.012,0.000775729205924183));
#9550=CARTESIAN_POINT('',(0.0180764213420358,-0.012,0.000824327303786248));
#9551=CARTESIAN_POINT('',(0.0181969620890612,-0.012,0.000877974092425789));
#9552=CARTESIAN_POINT('',(0.0183225308773105,-0.012,0.000936893522634032));
#9553=CARTESIAN_POINT('',(0.0184529640870358,-0.012,0.00100131413553958));
#9554=CARTESIAN_POINT('',(0.0185880836557494,-0.012,0.00107142533323623));
#9555=CARTESIAN_POINT('',(0.0187277342273053,-0.012,0.00114754528625162));
#9556=CARTESIAN_POINT('',(0.0188511031888376,-0.012,0.00121778066251778));
#9557=CARTESIAN_POINT('',(0.0189281015008957,-0.012,0.00126369566246924));
#9558=CARTESIAN_POINT('',(0.0189567735215604,-0.012,0.00128091281993229));
#9559=CARTESIAN_POINT('',(0.0165722724978484,-0.012,0.00243357437878096));
#9560=CARTESIAN_POINT('',(0.0166450816313724,-0.012,0.00244438721213609));
#9561=CARTESIAN_POINT('',(0.0167357938070052,-0.012,0.00245785881371851));
#9562=CARTESIAN_POINT('',(0.0167476503839211,-0.012,0.00245899285165942));
#9563=CARTESIAN_POINT('',(0.0167663358443361,-0.012,0.00246087048832192));
#9564=CARTESIAN_POINT('',(0.0167892878357984,-0.012,0.00246257160486832));
#9565=CARTESIAN_POINT('',(0.0168198954709936,-0.012,0.00246429911092836));
#9566=CARTESIAN_POINT('',(0.0168570167551801,-0.012,0.00246562177429457));
#9567=CARTESIAN_POINT('',(0.0169010097364205,-0.012,0.0024663195297999));
#9568=CARTESIAN_POINT('',(0.0169517482684988,-0.012,0.00246610571250054));
#9569=CARTESIAN_POINT('',(0.0170092446133671,-0.012,0.00246471451244467));
#9570=CARTESIAN_POINT('',(0.0170734590507153,-0.012,0.00246187451798546));
#9571=CARTESIAN_POINT('',(0.017144356825029,-0.012,0.00245731691013724));
#9572=CARTESIAN_POINT('',(0.0172218913217534,-0.012,0.00245077331922802));
#9573=CARTESIAN_POINT('',(0.0173060089916571,-0.012,0.00244197672708784));
#9574=CARTESIAN_POINT('',(0.0173966479548898,-0.012,0.00243066148189124));
#9575=CARTESIAN_POINT('',(0.0174937384416183,-0.012,0.00241656356973167));
#9576=CARTESIAN_POINT('',(0.0175972027161776,-0.012,0.0023994208080861));
#9577=CARTESIAN_POINT('',(0.0177069551507856,-0.012,0.0023789730743157));
#9578=CARTESIAN_POINT('',(0.017822902286715,-0.012,0.00235496246836604));
#9579=CARTESIAN_POINT('',(0.0179449428184558,-0.012,0.00232713370499578));
#9580=CARTESIAN_POINT('',(0.0180729679477651,-0.012,0.00229523361267491));
#9581=CARTESIAN_POINT('',(0.0182068603156543,-0.012,0.0022590140922541));
#9582=CARTESIAN_POINT('',(0.0183464984738773,-0.012,0.00221822166238699));
#9583=CARTESIAN_POINT('',(0.0184917399544441,-0.012,0.00217263887819661));
#9584=CARTESIAN_POINT('',(0.0186424870111502,-0.012,0.00212192542556895));
#9585=CARTESIAN_POINT('',(0.0187761779660447,-0.012,0.00207417987783706));
#9586=CARTESIAN_POINT('',(0.0188599795567975,-0.012,0.00204233304647763));
#9587=CARTESIAN_POINT('',(0.0188912057130606,-0.012,0.00203035630046163));
#9588=CARTESIAN_POINT('',(0.016879141181489,-0.012,0.0024659356976295));
#9589=CARTESIAN_POINT('',(0.0168737207625045,-0.012,0.00282435570542704));
#9590=CARTESIAN_POINT('',(0.0165201781095768,-0.012,0.00276517905891484));
#9591=CARTESIAN_POINT('',(9.6548272172544E-16,-0.012,1.68754400800919E-16));
#9592=CARTESIAN_POINT('',(0.0164696364016894,-0.012,0.00305181532798901));
#9593=CARTESIAN_POINT('',(0.0168220974289002,-0.012,0.00311712617876472));
#9594=CARTESIAN_POINT('',(0.0167046040941839,-0.012,0.0034557847077121));
#9595=CARTESIAN_POINT('',(0.0164051736337057,-0.012,0.00338123912907201));
#9596=CARTESIAN_POINT('',(0.016477290046018,-0.012,0.00339598057964175));
#9597=CARTESIAN_POINT('',(0.0165671391671796,-0.012,0.00341434680635589));
#9598=CARTESIAN_POINT('',(0.0165786685688342,-0.012,0.00341733634740722));
#9599=CARTESIAN_POINT('',(0.0165968693476627,-0.012,0.00342196274994023));
#9600=CARTESIAN_POINT('',(0.0166190189807971,-0.012,0.00342821426668398));
#9601=CARTESIAN_POINT('',(0.0166483715916001,-0.012,0.00343705936976336));
#9602=CARTESIAN_POINT('',(0.0166837065659383,-0.012,0.00344851269969623));
#9603=CARTESIAN_POINT('',(0.0167252850922141,-0.012,0.00346290350974591));
#9604=CARTESIAN_POINT('',(0.0167728905865743,-0.012,0.00348045803229786));
#9605=CARTESIAN_POINT('',(0.0168264436591267,-0.012,0.00350143024083696));
#9606=CARTESIAN_POINT('',(0.0168858141567387,-0.012,0.00352606159373878));
#9607=CARTESIAN_POINT('',(0.0169508774784019,-0.012,0.00355459281113442));
#9608=CARTESIAN_POINT('',(0.0170214980329297,-0.012,0.00358726013490764));
#9609=CARTESIAN_POINT('',(0.0170975341749113,-0.012,0.00362429616514651));
#9610=CARTESIAN_POINT('',(0.0171788368980329,-0.012,0.00366592936875588));
#9611=CARTESIAN_POINT('',(0.0172652503420227,-0.012,0.00371238397496715));
#9612=CARTESIAN_POINT('',(0.0173566117875461,-0.012,0.00376387976759924));
#9613=CARTESIAN_POINT('',(0.0174527518036256,-0.012,0.00382063189555007));
#9614=CARTESIAN_POINT('',(0.0175534943607715,-0.012,0.00388285074083031));
#9615=CARTESIAN_POINT('',(0.0176586569502486,-0.012,0.00395074154457247));
#9616=CARTESIAN_POINT('',(0.0177680507453882,-0.012,0.00402450499900446));
#9617=CARTESIAN_POINT('',(0.0178814806099075,-0.012,0.00410433410192793));
#9618=CARTESIAN_POINT('',(0.0179987457240602,-0.012,0.00419042551014719));
#9619=CARTESIAN_POINT('',(0.0181196378411989,-0.012,0.00428293482808606));
#9620=CARTESIAN_POINT('',(0.0182439487156544,-0.012,0.00438214841523536));
#9621=CARTESIAN_POINT('',(0.0183532471803562,-0.012,0.00447273955366877));
#9622=CARTESIAN_POINT('',(0.0184211026589708,-0.012,0.00453132761817284));
#9623=CARTESIAN_POINT('',(0.0184463493591977,-0.012,0.00455326205246573));
#9624=CARTESIAN_POINT('',(0.0158979166848198,-0.012,0.00527434783480651));
#9625=CARTESIAN_POINT('',(0.0159677420551969,-0.012,0.00529763957028064));
#9626=CARTESIAN_POINT('',(0.0160547367899876,-0.012,0.00532665851195534));
#9627=CARTESIAN_POINT('',(0.0160662163152367,-0.012,0.00532983419428655));
#9628=CARTESIAN_POINT('',(0.0160842918533373,-0.012,0.00533492800157907));
#9629=CARTESIAN_POINT('',(0.016106599756688,-0.012,0.00534058884583398));
#9630=CARTESIAN_POINT('',(0.0161364424148505,-0.012,0.00534760506726964));
#9631=CARTESIAN_POINT('',(0.0161727700652359,-0.012,0.00535535367975895));
#9632=CARTESIAN_POINT('',(0.0162159735302676,-0.012,0.00536368013581282));
#9633=CARTESIAN_POINT('',(0.0162659783590191,-0.012,0.00537228022051158));
#9634=CARTESIAN_POINT('',(0.0163228427845698,-0.012,0.00538089429141945));
#9635=CARTESIAN_POINT('',(0.0163865748201881,-0.012,0.00538924816288294));
#9636=CARTESIAN_POINT('',(0.0164571869183008,-0.012,0.00539707106464904));
#9637=CARTESIAN_POINT('',(0.0165346797744378,-0.012,0.00540409060965163));
#9638=CARTESIAN_POINT('',(0.0166190470201191,-0.012,0.00541003453760025));
#9639=CARTESIAN_POINT('',(0.0167102738455439,-0.012,0.00541463048719439));
#9640=CARTESIAN_POINT('',(0.0168083373863732,-0.012,0.00541760634008755));
#9641=CARTESIAN_POINT('',(0.0169132066154389,-0.012,0.0054186903982418));
#9642=CARTESIAN_POINT('',(0.0170248423756596,-0.012,0.00541761162175738));
#9643=CARTESIAN_POINT('',(0.0171431974120302,-0.012,0.00541409979972347));
#9644=CARTESIAN_POINT('',(0.0172682162879162,-0.012,0.00540788593373798));
#9645=CARTESIAN_POINT('',(0.0173998358207394,-0.012,0.00539870180589874));
#9646=CARTESIAN_POINT('',(0.0175379835164228,-0.012,0.00538628270706539));
#9647=CARTESIAN_POINT('',(0.0176825837883662,-0.012,0.00537035791757626));
#9648=CARTESIAN_POINT('',(0.017833534091895,-0.012,0.00535068855672375));
#9649=CARTESIAN_POINT('',(0.0179907972607149,-0.012,0.00532692250707968));
#9650=CARTESIAN_POINT('',(0.018130748076958,-0.012,0.00530311751218949));
#9651=CARTESIAN_POINT('',(0.0182188066774762,-0.012,0.00528630649927766));
#9652=CARTESIAN_POINT('',(0.0182516381783809,-0.012,0.00527993407207588));
#9653=CARTESIAN_POINT('',(0.0161945038595808,-0.012,0.00535950470020351));
#9654=CARTESIAN_POINT('',(0.0161269268077468,-0.012,0.00571153825683835));
#9655=CARTESIAN_POINT('',(0.0157890311789504,-0.012,0.00559186859914746));
#9656=CARTESIAN_POINT('',(9.21510975582187E-16,-0.012,3.33844957460206E-16));
#9657=CARTESIAN_POINT('',(0.0156894834473944,-0.012,0.00586537374375537));
#9658=CARTESIAN_POINT('',(0.0160252486894073,-0.012,0.00599089659102888));
#9659=CARTESIAN_POINT('',(0.0158507329060484,-0.012,0.00630400763249849));
#9660=CARTESIAN_POINT('',(0.0155687961709653,-0.012,0.00617859901490093));
#9661=CARTESIAN_POINT('',(0.0156372571469023,-0.012,0.00620563939329056));
#9662=CARTESIAN_POINT('',(0.0157225519962241,-0.012,0.00623932873190692));
#9663=CARTESIAN_POINT('',(0.0157333871120055,-0.012,0.00624427491469914));
#9664=CARTESIAN_POINT('',(0.0157505080137377,-0.012,0.00625199156385788));
#9665=CARTESIAN_POINT('',(0.0157712355796845,-0.012,0.00626199434944499));
#9666=CARTESIAN_POINT('',(0.0157986063223435,-0.012,0.00627580210290946));
#9667=CARTESIAN_POINT('',(0.0158314156291532,-0.012,0.00629321728492689));
#9668=CARTESIAN_POINT('',(0.0158698635462482,-0.012,0.00631460950155383));
#9669=CARTESIAN_POINT('',(0.015913697495329,-0.012,0.00634016393880598));
#9670=CARTESIAN_POINT('',(0.0159627951905818,-0.012,0.00637011692583025));
#9671=CARTESIAN_POINT('',(0.0160169865273855,-0.012,0.00640468365185267));
#9672=CARTESIAN_POINT('',(0.0160761069970888,-0.012,0.00644407954318655));
#9673=CARTESIAN_POINT('',(0.0161399820454673,-0.012,0.00648851370750815));
#9674=CARTESIAN_POINT('',(0.0162084317884409,-0.012,0.0065381906147201));
#9675=CARTESIAN_POINT('',(0.0162812698105748,-0.012,0.00659330938612677));
#9676=CARTESIAN_POINT('',(0.0163583036824676,-0.012,0.00665406377956151));
#9677=CARTESIAN_POINT('',(0.0164393349917973,-0.012,0.00672064198391725));
#9678=CARTESIAN_POINT('',(0.0165241595214099,-0.012,0.00679322645811626));
#9679=CARTESIAN_POINT('',(0.016612567383646,-0.012,0.0068719938207936));
#9680=CARTESIAN_POINT('',(0.0167043432027397,-0.012,0.00695711450269854));
#9681=CARTESIAN_POINT('',(0.016799266170884,-0.012,0.00704875335768618));
#9682=CARTESIAN_POINT('',(0.0168971106026384,-0.012,0.00714706656642802));
#9683=CARTESIAN_POINT('',(0.0169976445800637,-0.012,0.00725221292608659));
#9684=CARTESIAN_POINT('',(0.0171006359998227,-0.012,0.00736430951545409));
#9685=CARTESIAN_POINT('',(0.017205830054162,-0.012,0.00748360218209628));
#9686=CARTESIAN_POINT('',(0.0172977370434909,-0.012,0.00759179651679695));
#9687=CARTESIAN_POINT('',(0.0173543879342806,-0.012,0.00766127747716067));
#9688=CARTESIAN_POINT('',(0.0173754422058591,-0.012,0.00768726272159677));
#9689=CARTESIAN_POINT('',(0.014740510718057,-0.012,0.00795486290082025));
#9690=CARTESIAN_POINT('',(0.0148052307167416,-0.012,0.00798992583081719));
#9691=CARTESIAN_POINT('',(0.0148858647196951,-0.012,0.00803361038672567));
#9692=CARTESIAN_POINT('',(0.0148966183937116,-0.012,0.00803873122194653));
#9693=CARTESIAN_POINT('',(0.0149135347934192,-0.012,0.00804688642711206));
#9694=CARTESIAN_POINT('',(0.0149345207943035,-0.012,0.00805633499718732));
#9695=CARTESIAN_POINT('',(0.014962691721366,-0.012,0.00806842674966067));
#9696=CARTESIAN_POINT('',(0.014997121940676,-0.012,0.00808236587360357));
#9697=CARTESIAN_POINT('',(0.0150382231740761,-0.012,0.00809806803505218));
#9698=CARTESIAN_POINT('',(0.0150859749280829,-0.012,0.00811522071252734));
#9699=CARTESIAN_POINT('',(0.0151404796375203,-0.012,0.00813357832021334));
#9700=CARTESIAN_POINT('',(0.0152017928057564,-0.012,0.00815287222944238));
#9701=CARTESIAN_POINT('',(0.0152699737147985,-0.012,0.0081728379459112));
#9702=CARTESIAN_POINT('',(0.0153450703491275,-0.012,0.00819320734150277));
#9703=CARTESIAN_POINT('',(0.0154271237145182,-0.012,0.00821371118629724));
#9704=CARTESIAN_POINT('',(0.0155161665212076,-0.012,0.00823407868507937));
#9705=CARTESIAN_POINT('',(0.0156122235050722,-0.012,0.00825403788324094));
#9706=CARTESIAN_POINT('',(0.0157153112901856,-0.012,0.00827331582263657));
#9707=CARTESIAN_POINT('',(0.0158254383799349,-0.012,0.00829163878151571));
#9708=CARTESIAN_POINT('',(0.0159426051588572,-0.012,0.00830873244833299));
#9709=CARTESIAN_POINT('',(0.0160668037436074,-0.012,0.00832432228490588));
#9710=CARTESIAN_POINT('',(0.0161980184870422,-0.012,0.00833813317662526));
#9711=CARTESIAN_POINT('',(0.0163362239626927,-0.012,0.00834989184741305));
#9712=CARTESIAN_POINT('',(0.0164813927422648,-0.012,0.0083593185649722));
#9713=CARTESIAN_POINT('',(0.0166334653201674,-0.012,0.00836616027103391));
#9714=CARTESIAN_POINT('',(0.0167924662392955,-0.012,0.00837006374376565));
#9715=CARTESIAN_POINT('',(0.0169344245821541,-0.012,0.00837092260444098));
#9716=CARTESIAN_POINT('',(0.0170240645764207,-0.012,0.00836965820409729));
#9717=CARTESIAN_POINT('',(0.0170575038534256,-0.012,0.00836908371868567));
#9718=CARTESIAN_POINT('',(0.0150178047327137,-0.012,0.00809022786450207));
#9719=CARTESIAN_POINT('',(0.0148901243425546,-0.012,0.00842517860849344));
#9720=CARTESIAN_POINT('',(0.014578142525587,-0.012,0.00824865204161701));
#9721=CARTESIAN_POINT('',(8.49539584752923E-16,-0.012,4.88791804020763E-16));
#9722=CARTESIAN_POINT('',(0.0144326134778122,-0.012,0.00850071574634004));
#9723=CARTESIAN_POINT('',(0.0147414808776538,-0.012,0.00868263664191459));
#9724=CARTESIAN_POINT('',(0.0145152452194204,-0.012,0.00896068647535319));
#9725=CARTESIAN_POINT('',(0.0142593687147612,-0.012,0.00878822529618404));
#9726=CARTESIAN_POINT('',(0.0143220941022119,-0.012,0.00882674299417929));
#9727=CARTESIAN_POINT('',(0.0144002430388585,-0.012,0.00887473181119163));
#9728=CARTESIAN_POINT('',(0.0144100546492566,-0.012,0.00888148434846349));
#9729=CARTESIAN_POINT('',(0.0144255754639568,-0.012,0.00889205677776809));
#9730=CARTESIAN_POINT('',(0.0144442511661136,-0.012,0.00890550690262014));
#9731=CARTESIAN_POINT('',(0.0144688083944631,-0.012,0.00892385776486775));
#9732=CARTESIAN_POINT('',(0.0144980951395591,-0.012,0.00894670564747665));
#9733=CARTESIAN_POINT('',(0.0145322442269679,-0.012,0.00897444927900361));
#9734=CARTESIAN_POINT('',(0.0145709747584078,-0.012,0.00900722717231123));
#9735=CARTESIAN_POINT('',(0.0146141252677352,-0.012,0.00904525083146689));
#9736=CARTESIAN_POINT('',(0.0146614908673839,-0.012,0.00908870263813132));
#9737=CARTESIAN_POINT('',(0.0147128721395718,-0.012,0.00913776617918054));
#9738=CARTESIAN_POINT('',(0.0147680608707783,-0.012,0.00919261707445237));
#9739=CARTESIAN_POINT('',(0.0148268444039409,-0.012,0.00925342545094951));
#9740=CARTESIAN_POINT('',(0.0148890045786425,-0.012,0.00932035503417574));
#9741=CARTESIAN_POINT('',(0.0149543182432219,-0.012,0.00939356322333263));
#9742=CARTESIAN_POINT('',(0.0150225573210278,-0.012,0.00947320089436287));
#9743=CARTESIAN_POINT('',(0.0150934890137644,-0.012,0.00955941227229104));
#9744=CARTESIAN_POINT('',(0.015166875952933,-0.012,0.00965233484590873));
#9745=CARTESIAN_POINT('',(0.0152424764398211,-0.012,0.00975209905712992));
#9746=CARTESIAN_POINT('',(0.0153200443946164,-0.012,0.0098588289124359));
#9747=CARTESIAN_POINT('',(0.0153993304400586,-0.012,0.00997263902989737));
#9748=CARTESIAN_POINT('',(0.0154800786067252,-0.012,0.0100936455220637));
#9749=CARTESIAN_POINT('',(0.0155620399869311,-0.012,0.0102219233847155));
#9750=CARTESIAN_POINT('',(0.0156449209530439,-0.012,0.0103576704835396));
#9751=CARTESIAN_POINT('',(0.0157166439196364,-0.012,0.0104801805843967));
#9752=CARTESIAN_POINT('',(0.0157603689139514,-0.012,0.0105584432967984));
#9753=CARTESIAN_POINT('',(0.0157765910334933,-0.012,0.0105876898028747));
#9754=CARTESIAN_POINT('',(0.0131352217921844,-0.012,0.0103936734829474));
#9755=CARTESIAN_POINT('',(0.0131928699347662,-0.012,0.0104394422380819));
#9756=CARTESIAN_POINT('',(0.0132646931825056,-0.012,0.0104964650750983));
#9757=CARTESIAN_POINT('',(0.0132743942603461,-0.012,0.0105033754692219));
#9758=CARTESIAN_POINT('',(0.0132896375254158,-0.012,0.0105143442804783));
#9759=CARTESIAN_POINT('',(0.0133086639748162,-0.012,0.0105272934863533));
#9760=CARTESIAN_POINT('',(0.0133343072114151,-0.012,0.0105440933680842));
#9761=CARTESIAN_POINT('',(0.0133657938548586,-0.012,0.0105637994702532));
#9762=CARTESIAN_POINT('',(0.0134035440164483,-0.012,0.0105864002348666));
#9763=CARTESIAN_POINT('',(0.0134475917828285,-0.012,0.0106115843296928));
#9764=CARTESIAN_POINT('',(0.0134980806781371,-0.012,0.0106391276875368));
#9765=CARTESIAN_POINT('',(0.0135551120094001,-0.012,0.0106687753988626));
#9766=CARTESIAN_POINT('',(0.0136187900869516,-0.012,0.0107002772818424));
#9767=CARTESIAN_POINT('',(0.0136892087262392,-0.012,0.0107333776142453));
#9768=CARTESIAN_POINT('',(0.013766455061353,-0.012,0.010767818376937));
#9769=CARTESIAN_POINT('',(0.0138506083286836,-0.012,0.0108033385687631));
#9770=CARTESIAN_POINT('',(0.013941740112736,-0.012,0.0108396746620568));
#9771=CARTESIAN_POINT('',(0.0140399141837113,-0.012,0.0108765607322603));
#9772=CARTESIAN_POINT('',(0.0141451864470942,-0.012,0.0109137286926694));
#9773=CARTESIAN_POINT('',(0.0142576049152799,-0.012,0.0109509084659214));
#9774=CARTESIAN_POINT('',(0.0143772094977439,-0.012,0.0109878283157572));
#9775=CARTESIAN_POINT('',(0.0145040325582091,-0.012,0.011024214590079));
#9776=CARTESIAN_POINT('',(0.0146380965103843,-0.012,0.0110597937492262));
#9777=CARTESIAN_POINT('',(0.0147794229176767,-0.012,0.0110942855477907));
#9778=CARTESIAN_POINT('',(0.014927997121626,-0.012,0.0111274304389901));
#9779=CARTESIAN_POINT('',(0.015083904628593,-0.012,0.0111588848290539));
#9780=CARTESIAN_POINT('',(0.0152235571656538,-0.012,0.0111843814492477));
#9781=CARTESIAN_POINT('',(0.015312054887803,-0.012,0.0111987020796368));
#9782=CARTESIAN_POINT('',(0.0153450859053974,-0.012,0.0112039429914639));
#9783=CARTESIAN_POINT('',(0.0133847972084189,-0.012,0.0105751335489906));
#9784=CARTESIAN_POINT('',(0.0132008929839802,-0.012,0.0108828241714755));
#9785=CARTESIAN_POINT('',(0.0129243043884796,-0.012,0.0106548043658214));
#9786=CARTESIAN_POINT('',(7.51755363528713E-16,-0.012,6.28886958956737E-16));
#9787=CARTESIAN_POINT('',(0.0127372158509614,-0.012,0.0108777678025419));
#9788=CARTESIAN_POINT('',(0.0130098006289821,-0.012,0.0111105591720619));
#9789=CARTESIAN_POINT('',(0.0127387191518688,-0.012,0.0113450993939804));
#9790=CARTESIAN_POINT('',(0.0125166775557478,-0.012,0.0111308257988992));
#9791=CARTESIAN_POINT('',(0.0125717614755552,-0.012,0.0111796504757373));
#9792=CARTESIAN_POINT('',(0.0126403899836318,-0.012,0.0112404806552243));
#9793=CARTESIAN_POINT('',(0.0126488799678295,-0.012,0.0112488343745477));
#9794=CARTESIAN_POINT('',(0.0126623291033971,-0.012,0.0112619413460837));
#9795=CARTESIAN_POINT('',(0.0126783854900041,-0.012,0.0112784301349631));
#9796=CARTESIAN_POINT('',(0.0126993830450872,-0.012,0.0113007665243304));
#9797=CARTESIAN_POINT('',(0.0127242573655397,-0.012,0.0113283528861793));
#9798=CARTESIAN_POINT('',(0.0127530700205217,-0.012,0.0113616049564013));
#9799=CARTESIAN_POINT('',(0.0127855203267212,-0.012,0.0114006103660627));
#9800=CARTESIAN_POINT('',(0.0128214125437328,-0.012,0.0114455493677072));
#9801=CARTESIAN_POINT('',(0.0128605132264493,-0.012,0.0114965659938558));
#9802=CARTESIAN_POINT('',(0.0129025941071664,-0.012,0.0115538064137529));
#9803=CARTESIAN_POINT('',(0.0129474196395301,-0.012,0.011617407423278));
#9804=CARTESIAN_POINT('',(0.0129947508549725,-0.012,0.011687499637311));
#9805=CARTESIAN_POINT('',(0.013044344476788,-0.012,0.0117642064108385));
#9806=CARTESIAN_POINT('',(0.013095953411406,-0.012,0.0118476440019351));
#9807=CARTESIAN_POINT('',(0.0131493268478397,-0.012,0.0119379213893042));
#9808=CARTESIAN_POINT('',(0.0132042104801095,-0.012,0.0120351401818683));
#9809=CARTESIAN_POINT('',(0.0132603466711998,-0.012,0.012139394561048));
#9810=CARTESIAN_POINT('',(0.0133174747433437,-0.012,0.0122507710165106));
#9811=CARTESIAN_POINT('',(0.0133753308217349,-0.012,0.0123693489394894));
#9812=CARTESIAN_POINT('',(0.0134336494144948,-0.012,0.0124951979028421));
#9813=CARTESIAN_POINT('',(0.0134921582782191,-0.012,0.0126283878064839));
#9814=CARTESIAN_POINT('',(0.013550599263809,-0.012,0.0127689492844751));
#9815=CARTESIAN_POINT('',(0.0136086488454796,-0.012,0.0129170262085748));
#9816=CARTESIAN_POINT('',(0.0136580085232892,-0.012,0.0130501296681667));
#9817=CARTESIAN_POINT('',(0.0136874790593033,-0.012,0.0131347961596931));
#9818=CARTESIAN_POINT('',(0.0136983761259152,-0.012,0.0131664152871219));
#9819=CARTESIAN_POINT('',(0.0111308257988992,-0.012,0.0125166775557478));
#9820=CARTESIAN_POINT('',(0.0111796504757373,-0.012,0.0125717614755552));
#9821=CARTESIAN_POINT('',(0.0112404806552243,-0.012,0.0126403899836318));
#9822=CARTESIAN_POINT('',(0.0112488343745477,-0.012,0.0126488799678295));
#9823=CARTESIAN_POINT('',(0.0112619413460837,-0.012,0.0126623291033971));
#9824=CARTESIAN_POINT('',(0.0112784301349631,-0.012,0.0126783854900041));
#9825=CARTESIAN_POINT('',(0.0113007665243304,-0.012,0.0126993830450872));
#9826=CARTESIAN_POINT('',(0.0113283528861793,-0.012,0.0127242573655397));
#9827=CARTESIAN_POINT('',(0.0113616049564013,-0.012,0.0127530700205217));
#9828=CARTESIAN_POINT('',(0.0114006103660627,-0.012,0.0127855203267212));
#9829=CARTESIAN_POINT('',(0.0114455493677072,-0.012,0.0128214125437328));
#9830=CARTESIAN_POINT('',(0.0114965659938558,-0.012,0.0128605132264493));
#9831=CARTESIAN_POINT('',(0.0115538064137529,-0.012,0.0129025941071664));
#9832=CARTESIAN_POINT('',(0.011617407423278,-0.012,0.0129474196395301));
#9833=CARTESIAN_POINT('',(0.011687499637311,-0.012,0.0129947508549725));
#9834=CARTESIAN_POINT('',(0.0117642064108385,-0.012,0.013044344476788));
#9835=CARTESIAN_POINT('',(0.0118476440019351,-0.012,0.013095953411406));
#9836=CARTESIAN_POINT('',(0.0119379213893042,-0.012,0.0131493268478397));
#9837=CARTESIAN_POINT('',(0.0120351401818683,-0.012,0.0132042104801095));
#9838=CARTESIAN_POINT('',(0.012139394561048,-0.012,0.0132603466711998));
#9839=CARTESIAN_POINT('',(0.0122507710165106,-0.012,0.0133174747433437));
#9840=CARTESIAN_POINT('',(0.0123693489394894,-0.012,0.0133753308217349));
#9841=CARTESIAN_POINT('',(0.0124951979028421,-0.012,0.0134336494144948));
#9842=CARTESIAN_POINT('',(0.0126283878064839,-0.012,0.0134921582782191));
#9843=CARTESIAN_POINT('',(0.0127689492844751,-0.012,0.013550599263809));
#9844=CARTESIAN_POINT('',(0.0129170262085748,-0.012,0.0136086488454796));
#9845=CARTESIAN_POINT('',(0.0130501296681667,-0.012,0.0136580085232892));
#9846=CARTESIAN_POINT('',(0.0131347961596931,-0.012,0.0136874790593033));
#9847=CARTESIAN_POINT('',(0.0131664152871219,-0.012,0.0136983761259152));
#9848=CARTESIAN_POINT('',(0.0113450993939804,-0.012,0.0127387191518688));
#9849=CARTESIAN_POINT('',(0.0111105591720619,-0.012,0.0130098006289821));
#9850=CARTESIAN_POINT('',(0.0108777678025419,-0.012,0.0127372158509614));
#9851=CARTESIAN_POINT('',(6.31129435990253E-16,-0.012,7.49873701876967E-16));
#9852=CARTESIAN_POINT('',(0.0106548043658214,-0.012,0.0129243043884796));
#9853=CARTESIAN_POINT('',(0.0108828241714755,-0.012,0.0132008929839802));
#9854=CARTESIAN_POINT('',(0.0105751335489906,-0.012,0.0133847972084189));
#9855=CARTESIAN_POINT('',(0.0103936734829474,-0.012,0.0131352217921844));
#9856=CARTESIAN_POINT('',(0.0104394422380819,-0.012,0.0131928699347662));
#9857=CARTESIAN_POINT('',(0.0104964650750983,-0.012,0.0132646931825056));
#9858=CARTESIAN_POINT('',(0.0105033754692219,-0.012,0.0132743942603461));
#9859=CARTESIAN_POINT('',(0.0105143442804783,-0.012,0.0132896375254158));
#9860=CARTESIAN_POINT('',(0.0105272934863533,-0.012,0.0133086639748162));
#9861=CARTESIAN_POINT('',(0.0105440933680842,-0.012,0.0133343072114151));
#9862=CARTESIAN_POINT('',(0.0105637994702532,-0.012,0.0133657938548586));
#9863=CARTESIAN_POINT('',(0.0105864002348666,-0.012,0.0134035440164483));
#9864=CARTESIAN_POINT('',(0.0106115843296928,-0.012,0.0134475917828285));
#9865=CARTESIAN_POINT('',(0.0106391276875368,-0.012,0.0134980806781371));
#9866=CARTESIAN_POINT('',(0.0106687753988626,-0.012,0.0135551120094001));
#9867=CARTESIAN_POINT('',(0.0107002772818424,-0.012,0.0136187900869516));
#9868=CARTESIAN_POINT('',(0.0107333776142453,-0.012,0.0136892087262392));
#9869=CARTESIAN_POINT('',(0.010767818376937,-0.012,0.013766455061353));
#9870=CARTESIAN_POINT('',(0.0108033385687631,-0.012,0.0138506083286836));
#9871=CARTESIAN_POINT('',(0.0108396746620568,-0.012,0.013941740112736));
#9872=CARTESIAN_POINT('',(0.0108765607322603,-0.012,0.0140399141837113));
#9873=CARTESIAN_POINT('',(0.0109137286926694,-0.012,0.0141451864470942));
#9874=CARTESIAN_POINT('',(0.0109509084659214,-0.012,0.0142576049152799));
#9875=CARTESIAN_POINT('',(0.0109878283157572,-0.012,0.0143772094977439));
#9876=CARTESIAN_POINT('',(0.011024214590079,-0.012,0.0145040325582091));
#9877=CARTESIAN_POINT('',(0.0110597937492262,-0.012,0.0146380965103843));
#9878=CARTESIAN_POINT('',(0.0110942855477907,-0.012,0.0147794229176767));
#9879=CARTESIAN_POINT('',(0.0111274304389901,-0.012,0.014927997121626));
#9880=CARTESIAN_POINT('',(0.0111588848290539,-0.012,0.015083904628593));
#9881=CARTESIAN_POINT('',(0.0111843814492477,-0.012,0.0152235571656538));
#9882=CARTESIAN_POINT('',(0.0111987020796368,-0.012,0.015312054887803));
#9883=CARTESIAN_POINT('',(0.0112039429914639,-0.012,0.0153450859053974));
#9884=CARTESIAN_POINT('',(0.00878822529618405,-0.012,0.0142593687147612));
#9885=CARTESIAN_POINT('',(0.00882674299417929,-0.012,0.0143220941022119));
#9886=CARTESIAN_POINT('',(0.00887473181119163,-0.012,0.0144002430388585));
#9887=CARTESIAN_POINT('',(0.00888148434846349,-0.012,0.0144100546492566));
#9888=CARTESIAN_POINT('',(0.00889205677776809,-0.012,0.0144255754639568));
#9889=CARTESIAN_POINT('',(0.00890550690262014,-0.012,0.0144442511661136));
#9890=CARTESIAN_POINT('',(0.00892385776486775,-0.012,0.0144688083944631));
#9891=CARTESIAN_POINT('',(0.00894670564747665,-0.012,0.0144980951395591));
#9892=CARTESIAN_POINT('',(0.00897444927900361,-0.012,0.0145322442269679));
#9893=CARTESIAN_POINT('',(0.00900722717231123,-0.012,0.0145709747584078));
#9894=CARTESIAN_POINT('',(0.0090452508314669,-0.012,0.0146141252677352));
#9895=CARTESIAN_POINT('',(0.00908870263813132,-0.012,0.0146614908673839));
#9896=CARTESIAN_POINT('',(0.00913776617918054,-0.012,0.0147128721395718));
#9897=CARTESIAN_POINT('',(0.00919261707445237,-0.012,0.0147680608707783));
#9898=CARTESIAN_POINT('',(0.00925342545094951,-0.012,0.0148268444039409));
#9899=CARTESIAN_POINT('',(0.00932035503417574,-0.012,0.0148890045786425));
#9900=CARTESIAN_POINT('',(0.00939356322333263,-0.012,0.0149543182432219));
#9901=CARTESIAN_POINT('',(0.00947320089436287,-0.012,0.0150225573210278));
#9902=CARTESIAN_POINT('',(0.00955941227229105,-0.012,0.0150934890137644));
#9903=CARTESIAN_POINT('',(0.00965233484590873,-0.012,0.015166875952933));
#9904=CARTESIAN_POINT('',(0.00975209905712993,-0.012,0.0152424764398211));
#9905=CARTESIAN_POINT('',(0.0098588289124359,-0.012,0.0153200443946164));
#9906=CARTESIAN_POINT('',(0.00997263902989738,-0.012,0.0153993304400586));
#9907=CARTESIAN_POINT('',(0.0100936455220637,-0.012,0.0154800786067252));
#9908=CARTESIAN_POINT('',(0.0102219233847155,-0.012,0.0155620399869311));
#9909=CARTESIAN_POINT('',(0.0103576704835396,-0.012,0.0156449209530439));
#9910=CARTESIAN_POINT('',(0.0104801805843967,-0.012,0.0157166439196364));
#9911=CARTESIAN_POINT('',(0.0105584432967984,-0.012,0.0157603689139514));
#9912=CARTESIAN_POINT('',(0.0105876898028747,-0.012,0.0157765910334933));
#9913=CARTESIAN_POINT('',(0.00896068647535319,-0.012,0.0145152452194204));
#9914=CARTESIAN_POINT('',(0.00868263664191459,-0.012,0.0147414808776538));
#9915=CARTESIAN_POINT('',(0.00850071574634005,-0.012,0.0144326134778122));
#9916=CARTESIAN_POINT('',(4.91326959906133E-16,-0.012,8.48075911820067E-16));
#9917=CARTESIAN_POINT('',(0.00824865204161702,-0.012,0.014578142525587));
#9918=CARTESIAN_POINT('',(0.00842517860849344,-0.012,0.0148901243425546));
#9919=CARTESIAN_POINT('',(0.00809022786450207,-0.012,0.0150178047327137));
#9920=CARTESIAN_POINT('',(0.00795486290082025,-0.012,0.014740510718057));
#9921=CARTESIAN_POINT('',(0.00798992583081719,-0.012,0.0148052307167416));
#9922=CARTESIAN_POINT('',(0.00803361038672567,-0.012,0.0148858647196951));
#9923=CARTESIAN_POINT('',(0.00803873122194653,-0.012,0.0148966183937116));
#9924=CARTESIAN_POINT('',(0.00804688642711207,-0.012,0.0149135347934192));
#9925=CARTESIAN_POINT('',(0.00805633499718733,-0.012,0.0149345207943035));
#9926=CARTESIAN_POINT('',(0.00806842674966067,-0.012,0.014962691721366));
#9927=CARTESIAN_POINT('',(0.00808236587360357,-0.012,0.014997121940676));
#9928=CARTESIAN_POINT('',(0.00809806803505219,-0.012,0.0150382231740761));
#9929=CARTESIAN_POINT('',(0.00811522071252734,-0.012,0.0150859749280829));
#9930=CARTESIAN_POINT('',(0.00813357832021334,-0.012,0.0151404796375203));
#9931=CARTESIAN_POINT('',(0.00815287222944238,-0.012,0.0152017928057564));
#9932=CARTESIAN_POINT('',(0.00817283794591121,-0.012,0.0152699737147985));
#9933=CARTESIAN_POINT('',(0.00819320734150277,-0.012,0.0153450703491275));
#9934=CARTESIAN_POINT('',(0.00821371118629724,-0.012,0.0154271237145182));
#9935=CARTESIAN_POINT('',(0.00823407868507937,-0.012,0.0155161665212076));
#9936=CARTESIAN_POINT('',(0.00825403788324095,-0.012,0.0156122235050722));
#9937=CARTESIAN_POINT('',(0.00827331582263658,-0.012,0.0157153112901856));
#9938=CARTESIAN_POINT('',(0.00829163878151572,-0.012,0.0158254383799349));
#9939=CARTESIAN_POINT('',(0.00830873244833299,-0.012,0.0159426051588572));
#9940=CARTESIAN_POINT('',(0.00832432228490588,-0.012,0.0160668037436073));
#9941=CARTESIAN_POINT('',(0.00833813317662526,-0.012,0.0161980184870422));
#9942=CARTESIAN_POINT('',(0.00834989184741305,-0.012,0.0163362239626927));
#9943=CARTESIAN_POINT('',(0.0083593185649722,-0.012,0.0164813927422648));
#9944=CARTESIAN_POINT('',(0.00836616027103391,-0.012,0.0166334653201674));
#9945=CARTESIAN_POINT('',(0.00837006374376565,-0.012,0.0167924662392955));
#9946=CARTESIAN_POINT('',(0.00837092260444098,-0.012,0.0169344245821541));
#9947=CARTESIAN_POINT('',(0.0083696582040973,-0.012,0.0170240645764207));
#9948=CARTESIAN_POINT('',(0.00836908371868567,-0.012,0.0170575038534256));
#9949=CARTESIAN_POINT('',(0.00617859901490093,-0.012,0.0155687961709653));
#9950=CARTESIAN_POINT('',(0.00620563939329056,-0.012,0.0156372571469023));
#9951=CARTESIAN_POINT('',(0.00623932873190692,-0.012,0.0157225519962241));
#9952=CARTESIAN_POINT('',(0.00624427491469914,-0.012,0.0157333871120055));
#9953=CARTESIAN_POINT('',(0.00625199156385788,-0.012,0.0157505080137377));
#9954=CARTESIAN_POINT('',(0.00626199434944499,-0.012,0.0157712355796845));
#9955=CARTESIAN_POINT('',(0.00627580210290946,-0.012,0.0157986063223435));
#9956=CARTESIAN_POINT('',(0.00629321728492689,-0.012,0.0158314156291532));
#9957=CARTESIAN_POINT('',(0.00631460950155383,-0.012,0.0158698635462482));
#9958=CARTESIAN_POINT('',(0.00634016393880598,-0.012,0.015913697495329));
#9959=CARTESIAN_POINT('',(0.00637011692583025,-0.012,0.0159627951905818));
#9960=CARTESIAN_POINT('',(0.00640468365185267,-0.012,0.0160169865273855));
#9961=CARTESIAN_POINT('',(0.00644407954318655,-0.012,0.0160761069970888));
#9962=CARTESIAN_POINT('',(0.00648851370750815,-0.012,0.0161399820454673));
#9963=CARTESIAN_POINT('',(0.0065381906147201,-0.012,0.0162084317884409));
#9964=CARTESIAN_POINT('',(0.00659330938612678,-0.012,0.0162812698105748));
#9965=CARTESIAN_POINT('',(0.00665406377956151,-0.012,0.0163583036824676));
#9966=CARTESIAN_POINT('',(0.00672064198391725,-0.012,0.0164393349917973));
#9967=CARTESIAN_POINT('',(0.00679322645811626,-0.012,0.0165241595214099));
#9968=CARTESIAN_POINT('',(0.0068719938207936,-0.012,0.016612567383646));
#9969=CARTESIAN_POINT('',(0.00695711450269855,-0.012,0.0167043432027397));
#9970=CARTESIAN_POINT('',(0.00704875335768618,-0.012,0.016799266170884));
#9971=CARTESIAN_POINT('',(0.00714706656642802,-0.012,0.0168971106026384));
#9972=CARTESIAN_POINT('',(0.00725221292608659,-0.012,0.0169976445800637));
#9973=CARTESIAN_POINT('',(0.00736430951545409,-0.012,0.0171006359998227));
#9974=CARTESIAN_POINT('',(0.00748360218209628,-0.012,0.017205830054162));
#9975=CARTESIAN_POINT('',(0.00759179651679696,-0.012,0.0172977370434909));
#9976=CARTESIAN_POINT('',(0.00766127747716067,-0.012,0.0173543879342806));
#9977=CARTESIAN_POINT('',(0.00768726272159677,-0.012,0.017375442205859));
#9978=CARTESIAN_POINT('',(0.00630400763249849,-0.012,0.0158507329060484));
#9979=CARTESIAN_POINT('',(0.00599089659102889,-0.012,0.0160252486894073));
#9980=CARTESIAN_POINT('',(0.00586537374375537,-0.012,0.0156894834473944));
#9981=CARTESIAN_POINT('',(3.36595762768703E-16,-0.012,9.20509764329633E-16));
#9982=CARTESIAN_POINT('',(0.00559186859914746,-0.012,0.0157890311789504));
#9983=CARTESIAN_POINT('',(0.00571153825683835,-0.012,0.0161269268077468));
#9984=CARTESIAN_POINT('',(0.00535950470020351,-0.012,0.0161945038595809));
#9985=CARTESIAN_POINT('',(0.00527434783480651,-0.012,0.0158979166848198));
#9986=CARTESIAN_POINT('',(0.00529763957028064,-0.012,0.0159677420551969));
#9987=CARTESIAN_POINT('',(0.00532665851195534,-0.012,0.0160547367899876));
#9988=CARTESIAN_POINT('',(0.00532983419428655,-0.012,0.0160662163152367));
#9989=CARTESIAN_POINT('',(0.00533492800157907,-0.012,0.0160842918533373));
#9990=CARTESIAN_POINT('',(0.00534058884583398,-0.012,0.016106599756688));
#9991=CARTESIAN_POINT('',(0.00534760506726964,-0.012,0.0161364424148505));
#9992=CARTESIAN_POINT('',(0.00535535367975895,-0.012,0.0161727700652359));
#9993=CARTESIAN_POINT('',(0.00536368013581282,-0.012,0.0162159735302676));
#9994=CARTESIAN_POINT('',(0.00537228022051158,-0.012,0.0162659783590191));
#9995=CARTESIAN_POINT('',(0.00538089429141945,-0.012,0.0163228427845698));
#9996=CARTESIAN_POINT('',(0.00538924816288294,-0.012,0.0163865748201881));
#9997=CARTESIAN_POINT('',(0.00539707106464904,-0.012,0.0164571869183008));
#9998=CARTESIAN_POINT('',(0.00540409060965163,-0.012,0.0165346797744378));
#9999=CARTESIAN_POINT('',(0.00541003453760025,-0.012,0.0166190470201191));
#10000=CARTESIAN_POINT('',(0.0054146304871944,-0.012,0.0167102738455439));
#10001=CARTESIAN_POINT('',(0.00541760634008755,-0.012,0.0168083373863732));
#10002=CARTESIAN_POINT('',(0.0054186903982418,-0.012,0.0169132066154389));
#10003=CARTESIAN_POINT('',(0.00541761162175738,-0.012,0.0170248423756596));
#10004=CARTESIAN_POINT('',(0.00541409979972347,-0.012,0.0171431974120302));
#10005=CARTESIAN_POINT('',(0.00540788593373798,-0.012,0.0172682162879162));
#10006=CARTESIAN_POINT('',(0.00539870180589874,-0.012,0.0173998358207394));
#10007=CARTESIAN_POINT('',(0.00538628270706539,-0.012,0.0175379835164228));
#10008=CARTESIAN_POINT('',(0.00537035791757626,-0.012,0.0176825837883662));
#10009=CARTESIAN_POINT('',(0.00535068855672376,-0.012,0.017833534091895));
#10010=CARTESIAN_POINT('',(0.00532692250707969,-0.012,0.0179907972607149));
#10011=CARTESIAN_POINT('',(0.00530311751218949,-0.012,0.018130748076958));
#10012=CARTESIAN_POINT('',(0.00528630649927766,-0.012,0.0182188066774762));
#10013=CARTESIAN_POINT('',(0.00527993407207589,-0.012,0.0182516381783809));
#10014=CARTESIAN_POINT('',(0.00338123912907201,-0.012,0.0164051736337057));
#10015=CARTESIAN_POINT('',(0.00339598057964175,-0.012,0.016477290046018));
#10016=CARTESIAN_POINT('',(0.00341434680635589,-0.012,0.0165671391671796));
#10017=CARTESIAN_POINT('',(0.00341733634740722,-0.012,0.0165786685688342));
#10018=CARTESIAN_POINT('',(0.00342196274994023,-0.012,0.0165968693476627));
#10019=CARTESIAN_POINT('',(0.00342821426668398,-0.012,0.0166190189807971));
#10020=CARTESIAN_POINT('',(0.00343705936976336,-0.012,0.0166483715916001));
#10021=CARTESIAN_POINT('',(0.00344851269969623,-0.012,0.0166837065659383));
#10022=CARTESIAN_POINT('',(0.00346290350974591,-0.012,0.0167252850922141));
#10023=CARTESIAN_POINT('',(0.00348045803229786,-0.012,0.0167728905865743));
#10024=CARTESIAN_POINT('',(0.00350143024083696,-0.012,0.0168264436591267));
#10025=CARTESIAN_POINT('',(0.00352606159373878,-0.012,0.0168858141567387));
#10026=CARTESIAN_POINT('',(0.00355459281113442,-0.012,0.0169508774784019));
#10027=CARTESIAN_POINT('',(0.00358726013490764,-0.012,0.0170214980329297));
#10028=CARTESIAN_POINT('',(0.00362429616514651,-0.012,0.0170975341749113));
#10029=CARTESIAN_POINT('',(0.00366592936875588,-0.012,0.0171788368980329));
#10030=CARTESIAN_POINT('',(0.00371238397496715,-0.012,0.0172652503420227));
#10031=CARTESIAN_POINT('',(0.00376387976759924,-0.012,0.0173566117875461));
#10032=CARTESIAN_POINT('',(0.00382063189555007,-0.012,0.0174527518036256));
#10033=CARTESIAN_POINT('',(0.00388285074083031,-0.012,0.0175534943607715));
#10034=CARTESIAN_POINT('',(0.00395074154457247,-0.012,0.0176586569502486));
#10035=CARTESIAN_POINT('',(0.00402450499900446,-0.012,0.0177680507453882));
#10036=CARTESIAN_POINT('',(0.00410433410192793,-0.012,0.0178814806099075));
#10037=CARTESIAN_POINT('',(0.00419042551014719,-0.012,0.0179987457240602));
#10038=CARTESIAN_POINT('',(0.00428293482808606,-0.012,0.0181196378411989));
#10039=CARTESIAN_POINT('',(0.00438214841523536,-0.012,0.0182439487156544));
#10040=CARTESIAN_POINT('',(0.00447273955366877,-0.012,0.0183532471803563));
#10041=CARTESIAN_POINT('',(0.00453132761817284,-0.012,0.0184211026589708));
#10042=CARTESIAN_POINT('',(0.00455326205246573,-0.012,0.0184463493591977));
#10043=CARTESIAN_POINT('',(0.0034557847077121,-0.012,0.0167046040941839));
#10044=CARTESIAN_POINT('',(0.00311712617876472,-0.012,0.0168220974289002));
#10045=CARTESIAN_POINT('',(0.00305181532798901,-0.012,0.0164696364016894));
#10046=CARTESIAN_POINT('',(1.7163727370522E-16,-0.012,9.64974393450458E-16));
#10047=CARTESIAN_POINT('',(0.00276517905891484,-0.012,0.0165201781095768));
#10048=CARTESIAN_POINT('',(0.00282435570542704,-0.012,0.0168737207625045));
#10049=CARTESIAN_POINT('',(0.0024659356976295,-0.012,0.016879141181489));
#10050=CARTESIAN_POINT('',(0.00243357437878096,-0.012,0.0165722724978484));
#10051=CARTESIAN_POINT('',(0.00244438721213609,-0.012,0.0166450816313724));
#10052=CARTESIAN_POINT('',(0.00245785881371851,-0.012,0.0167357938070052));
#10053=CARTESIAN_POINT('',(0.00245899285165942,-0.012,0.0167476503839211));
#10054=CARTESIAN_POINT('',(0.00246087048832192,-0.012,0.0167663358443361));
#10055=CARTESIAN_POINT('',(0.00246257160486832,-0.012,0.0167892878357984));
#10056=CARTESIAN_POINT('',(0.00246429911092836,-0.012,0.0168198954709936));
#10057=CARTESIAN_POINT('',(0.00246562177429457,-0.012,0.0168570167551801));
#10058=CARTESIAN_POINT('',(0.0024663195297999,-0.012,0.0169010097364205));
#10059=CARTESIAN_POINT('',(0.00246610571250054,-0.012,0.0169517482684988));
#10060=CARTESIAN_POINT('',(0.00246471451244467,-0.012,0.0170092446133671));
#10061=CARTESIAN_POINT('',(0.00246187451798546,-0.012,0.0170734590507153));
#10062=CARTESIAN_POINT('',(0.00245731691013724,-0.012,0.017144356825029));
#10063=CARTESIAN_POINT('',(0.00245077331922802,-0.012,0.0172218913217534));
#10064=CARTESIAN_POINT('',(0.00244197672708784,-0.012,0.0173060089916571));
#10065=CARTESIAN_POINT('',(0.00243066148189124,-0.012,0.0173966479548898));
#10066=CARTESIAN_POINT('',(0.00241656356973167,-0.012,0.0174937384416183));
#10067=CARTESIAN_POINT('',(0.0023994208080861,-0.012,0.0175972027161776));
#10068=CARTESIAN_POINT('',(0.0023789730743157,-0.012,0.0177069551507856));
#10069=CARTESIAN_POINT('',(0.00235496246836604,-0.012,0.017822902286715));
#10070=CARTESIAN_POINT('',(0.00232713370499578,-0.012,0.0179449428184558));
#10071=CARTESIAN_POINT('',(0.00229523361267491,-0.012,0.0180729679477651));
#10072=CARTESIAN_POINT('',(0.0022590140922541,-0.012,0.0182068603156543));
#10073=CARTESIAN_POINT('',(0.00221822166238699,-0.012,0.0183464984738773));
#10074=CARTESIAN_POINT('',(0.00217263887819661,-0.012,0.0184917399544441));
#10075=CARTESIAN_POINT('',(0.00212192542556895,-0.012,0.0186424870111502));
#10076=CARTESIAN_POINT('',(0.00207417987783706,-0.012,0.0187761779660447));
#10077=CARTESIAN_POINT('',(0.00204233304647763,-0.012,0.0188599795567975));
#10078=CARTESIAN_POINT('',(0.00203035630046163,-0.012,0.0188912057130606));
#10079=CARTESIAN_POINT('',(0.000481142003295796,-0.012,0.0167430881970043));
#10080=CARTESIAN_POINT('',(0.00048313661452961,-0.012,0.0168166688249965));
#10081=CARTESIAN_POINT('',(0.000485621680836586,-0.012,0.0169083421979173));
#10082=CARTESIAN_POINT('',(0.000486563744454968,-0.012,0.01692021557041));
#10083=CARTESIAN_POINT('',(0.000487959329462346,-0.012,0.0169389432048801));
#10084=CARTESIAN_POINT('',(0.000490269628189903,-0.012,0.0169618418998074));
#10085=CARTESIAN_POINT('',(0.000493883326902964,-0.012,0.0169922845145284));
#10086=CARTESIAN_POINT('',(0.000499026801116926,-0.012,0.0170290715210802));
#10087=CARTESIAN_POINT('',(0.000505978947108098,-0.012,0.0170725173140558));
#10088=CARTESIAN_POINT('',(0.000515000169675117,-0.012,0.0171224478848385));
#10089=CARTESIAN_POINT('',(0.000526354369785021,-0.012,0.0171788291516803));
#10090=CARTESIAN_POINT('',(0.000540301938372398,-0.012,0.0172415748675737));
#10091=CARTESIAN_POINT('',(0.000557101575226722,-0.012,0.0173106041250917));
#10092=CARTESIAN_POINT('',(0.000577009478349186,-0.012,0.0173858244159551));
#10093=CARTESIAN_POINT('',(0.000600279310577285,-0.012,0.0174671366372467));
#10094=CARTESIAN_POINT('',(0.000627161942565111,-0.012,0.0175544337192551));
#10095=CARTESIAN_POINT('',(0.000657905261850336,-0.012,0.0176476011065736));
#10096=CARTESIAN_POINT('',(0.000692753969157792,-0.012,0.0177465167169994));
#10097=CARTESIAN_POINT('',(0.000731949366170609,-0.012,0.0178510510538068));
#10098=CARTESIAN_POINT('',(0.000775729205924183,-0.012,0.0179610672942417));
#10099=CARTESIAN_POINT('',(0.000824327303786248,-0.012,0.0180764213420358));
#10100=CARTESIAN_POINT('',(0.000877974092425789,-0.012,0.0181969620890612));
#10101=CARTESIAN_POINT('',(0.000936893522634032,-0.012,0.0183225308773105));
#10102=CARTESIAN_POINT('',(0.00100131413553958,-0.012,0.0184529640870358));
#10103=CARTESIAN_POINT('',(0.00107142533323623,-0.012,0.0185880836557494));
#10104=CARTESIAN_POINT('',(0.00114754528625162,-0.012,0.0187277342273053));
#10105=CARTESIAN_POINT('',(0.00121778066251778,-0.012,0.0188511031888376));
#10106=CARTESIAN_POINT('',(0.00126369566246924,-0.012,0.0189281015008957));
#10107=CARTESIAN_POINT('',(0.00128091281993229,-0.012,0.0189567735215604));
#10108=CARTESIAN_POINT('',(0.00050255951329332,-0.012,0.0170509143398552));
#10109=CARTESIAN_POINT('',(0.000148643464900735,-0.012,0.017107815250408));
#10110=CARTESIAN_POINT('',(0.000145529047774777,-0.012,0.0167493677879571));
#10111=CARTESIAN_POINT('',(1.46367293285549E-18,-0.012,9.80118763926896E-16));
#10112=CARTESIAN_POINT('',(-0.000145529047774774,-0.012,0.0167493677879571));
#10113=CARTESIAN_POINT('',(-0.000148643464900732,-0.012,0.017107815250408));
#10114=CARTESIAN_POINT('',(-0.000502559513293319,-0.012,0.0170509143398552));
#10115=CARTESIAN_POINT('',(-0.000481142003295795,-0.012,0.0167430881970043));
#10116=CARTESIAN_POINT('',(-0.000483136614529609,-0.012,0.0168166688249965));
#10117=CARTESIAN_POINT('',(-0.000485621680836585,-0.012,0.0169083421979173));
#10118=CARTESIAN_POINT('',(-0.000486563744454967,-0.012,0.01692021557041));
#10119=CARTESIAN_POINT('',(-0.000487959329462345,-0.012,0.0169389432048801));
#10120=CARTESIAN_POINT('',(-0.000490269628189902,-0.012,0.0169618418998074));
#10121=CARTESIAN_POINT('',(-0.000493883326902963,-0.012,0.0169922845145284));
#10122=CARTESIAN_POINT('',(-0.000499026801116925,-0.012,0.0170290715210802));
#10123=CARTESIAN_POINT('',(-0.000505978947108097,-0.012,0.0170725173140558));
#10124=CARTESIAN_POINT('',(-0.000515000169675116,-0.012,0.0171224478848385));
#10125=CARTESIAN_POINT('',(-0.00052635436978502,-0.012,0.0171788291516803));
#10126=CARTESIAN_POINT('',(-0.000540301938372397,-0.012,0.0172415748675737));
#10127=CARTESIAN_POINT('',(-0.000557101575226721,-0.012,0.0173106041250917));
#10128=CARTESIAN_POINT('',(-0.000577009478349185,-0.012,0.0173858244159551));
#10129=CARTESIAN_POINT('',(-0.000600279310577284,-0.012,0.0174671366372467));
#10130=CARTESIAN_POINT('',(-0.00062716194256511,-0.012,0.0175544337192551));
#10131=CARTESIAN_POINT('',(-0.000657905261850335,-0.012,0.0176476011065736));
#10132=CARTESIAN_POINT('',(-0.00069275396915779,-0.012,0.0177465167169994));
#10133=CARTESIAN_POINT('',(-0.000731949366170608,-0.012,0.0178510510538068));
#10134=CARTESIAN_POINT('',(-0.000775729205924182,-0.012,0.0179610672942417));
#10135=CARTESIAN_POINT('',(-0.000824327303786247,-0.012,0.0180764213420358));
#10136=CARTESIAN_POINT('',(-0.000877974092425787,-0.012,0.0181969620890612));
#10137=CARTESIAN_POINT('',(-0.000936893522634031,-0.012,0.0183225308773105));
#10138=CARTESIAN_POINT('',(-0.00100131413553958,-0.012,0.0184529640870358));
#10139=CARTESIAN_POINT('',(-0.00107142533323623,-0.012,0.0185880836557494));
#10140=CARTESIAN_POINT('',(-0.00114754528625162,-0.012,0.0187277342273053));
#10141=CARTESIAN_POINT('',(-0.00121778066251778,-0.012,0.0188511031888376));
#10142=CARTESIAN_POINT('',(-0.00126369566246924,-0.012,0.0189281015008957));
#10143=CARTESIAN_POINT('',(-0.00128091281993229,-0.012,0.0189567735215604));
#10144=CARTESIAN_POINT('',(-0.00243357437878096,-0.012,0.0165722724978484));
#10145=CARTESIAN_POINT('',(-0.00244438721213609,-0.012,0.0166450816313724));
#10146=CARTESIAN_POINT('',(-0.00245785881371851,-0.012,0.0167357938070052));
#10147=CARTESIAN_POINT('',(-0.00245899285165942,-0.012,0.0167476503839211));
#10148=CARTESIAN_POINT('',(-0.00246087048832192,-0.012,0.0167663358443361));
#10149=CARTESIAN_POINT('',(-0.00246257160486832,-0.012,0.0167892878357984));
#10150=CARTESIAN_POINT('',(-0.00246429911092836,-0.012,0.0168198954709936));
#10151=CARTESIAN_POINT('',(-0.00246562177429457,-0.012,0.0168570167551801));
#10152=CARTESIAN_POINT('',(-0.0024663195297999,-0.012,0.0169010097364205));
#10153=CARTESIAN_POINT('',(-0.00246610571250054,-0.012,0.0169517482684988));
#10154=CARTESIAN_POINT('',(-0.00246471451244467,-0.012,0.0170092446133671));
#10155=CARTESIAN_POINT('',(-0.00246187451798546,-0.012,0.0170734590507153));
#10156=CARTESIAN_POINT('',(-0.00245731691013724,-0.012,0.017144356825029));
#10157=CARTESIAN_POINT('',(-0.00245077331922802,-0.012,0.0172218913217534));
#10158=CARTESIAN_POINT('',(-0.00244197672708784,-0.012,0.0173060089916571));
#10159=CARTESIAN_POINT('',(-0.00243066148189124,-0.012,0.0173966479548898));
#10160=CARTESIAN_POINT('',(-0.00241656356973167,-0.012,0.0174937384416183));
#10161=CARTESIAN_POINT('',(-0.0023994208080861,-0.012,0.0175972027161776));
#10162=CARTESIAN_POINT('',(-0.0023789730743157,-0.012,0.0177069551507856));
#10163=CARTESIAN_POINT('',(-0.00235496246836604,-0.012,0.017822902286715));
#10164=CARTESIAN_POINT('',(-0.00232713370499578,-0.012,0.0179449428184558));
#10165=CARTESIAN_POINT('',(-0.00229523361267491,-0.012,0.0180729679477651));
#10166=CARTESIAN_POINT('',(-0.0022590140922541,-0.012,0.0182068603156543));
#10167=CARTESIAN_POINT('',(-0.00221822166238699,-0.012,0.0183464984738773));
#10168=CARTESIAN_POINT('',(-0.00217263887819661,-0.012,0.0184917399544441));
#10169=CARTESIAN_POINT('',(-0.00212192542556895,-0.012,0.0186424870111502));
#10170=CARTESIAN_POINT('',(-0.00207417987783706,-0.012,0.0187761779660447));
#10171=CARTESIAN_POINT('',(-0.00204233304647763,-0.012,0.0188599795567975));
#10172=CARTESIAN_POINT('',(-0.00203035630046163,-0.012,0.0188912057130606));
#10173=CARTESIAN_POINT('',(-0.0024659356976295,-0.012,0.016879141181489));
#10174=CARTESIAN_POINT('',(-0.00282435570542704,-0.012,0.0168737207625045));
#10175=CARTESIAN_POINT('',(-0.00276517905891484,-0.012,0.0165201781095768));
#10176=CARTESIAN_POINT('',(-1.68754400800919E-16,-0.012,9.6548272172544E-16));
#10177=CARTESIAN_POINT('',(-0.00305181532798901,-0.012,0.0164696364016894));
#10178=CARTESIAN_POINT('',(-0.00311712617876472,-0.012,0.0168220974289002));
#10179=CARTESIAN_POINT('',(-0.0034557847077121,-0.012,0.0167046040941839));
#10180=CARTESIAN_POINT('',(-0.00338123912907201,-0.012,0.0164051736337057));
#10181=CARTESIAN_POINT('',(-0.00339598057964175,-0.012,0.016477290046018));
#10182=CARTESIAN_POINT('',(-0.00341434680635589,-0.012,0.0165671391671796));
#10183=CARTESIAN_POINT('',(-0.00341733634740722,-0.012,0.0165786685688342));
#10184=CARTESIAN_POINT('',(-0.00342196274994023,-0.012,0.0165968693476627));
#10185=CARTESIAN_POINT('',(-0.00342821426668398,-0.012,0.0166190189807971));
#10186=CARTESIAN_POINT('',(-0.00343705936976336,-0.012,0.0166483715916001));
#10187=CARTESIAN_POINT('',(-0.00344851269969623,-0.012,0.0166837065659383));
#10188=CARTESIAN_POINT('',(-0.00346290350974591,-0.012,0.0167252850922141));
#10189=CARTESIAN_POINT('',(-0.00348045803229786,-0.012,0.0167728905865743));
#10190=CARTESIAN_POINT('',(-0.00350143024083696,-0.012,0.0168264436591267));
#10191=CARTESIAN_POINT('',(-0.00352606159373878,-0.012,0.0168858141567387));
#10192=CARTESIAN_POINT('',(-0.00355459281113442,-0.012,0.0169508774784019));
#10193=CARTESIAN_POINT('',(-0.00358726013490764,-0.012,0.0170214980329297));
#10194=CARTESIAN_POINT('',(-0.00362429616514651,-0.012,0.0170975341749113));
#10195=CARTESIAN_POINT('',(-0.00366592936875588,-0.012,0.0171788368980329));
#10196=CARTESIAN_POINT('',(-0.00371238397496715,-0.012,0.0172652503420227));
#10197=CARTESIAN_POINT('',(-0.00376387976759924,-0.012,0.0173566117875461));
#10198=CARTESIAN_POINT('',(-0.00382063189555007,-0.012,0.0174527518036256));
#10199=CARTESIAN_POINT('',(-0.00388285074083031,-0.012,0.0175534943607715));
#10200=CARTESIAN_POINT('',(-0.00395074154457247,-0.012,0.0176586569502486));
#10201=CARTESIAN_POINT('',(-0.00402450499900446,-0.012,0.0177680507453882));
#10202=CARTESIAN_POINT('',(-0.00410433410192793,-0.012,0.0178814806099075));
#10203=CARTESIAN_POINT('',(-0.00419042551014719,-0.012,0.0179987457240602));
#10204=CARTESIAN_POINT('',(-0.00428293482808606,-0.012,0.0181196378411989));
#10205=CARTESIAN_POINT('',(-0.00438214841523536,-0.012,0.0182439487156544));
#10206=CARTESIAN_POINT('',(-0.00447273955366877,-0.012,0.0183532471803562));
#10207=CARTESIAN_POINT('',(-0.00453132761817284,-0.012,0.0184211026589708));
#10208=CARTESIAN_POINT('',(-0.00455326205246573,-0.012,0.0184463493591977));
#10209=CARTESIAN_POINT('',(-0.00527434783480651,-0.012,0.0158979166848198));
#10210=CARTESIAN_POINT('',(-0.00529763957028064,-0.012,0.0159677420551969));
#10211=CARTESIAN_POINT('',(-0.00532665851195534,-0.012,0.0160547367899876));
#10212=CARTESIAN_POINT('',(-0.00532983419428655,-0.012,0.0160662163152367));
#10213=CARTESIAN_POINT('',(-0.00533492800157907,-0.012,0.0160842918533373));
#10214=CARTESIAN_POINT('',(-0.00534058884583398,-0.012,0.016106599756688));
#10215=CARTESIAN_POINT('',(-0.00534760506726964,-0.012,0.0161364424148505));
#10216=CARTESIAN_POINT('',(-0.00535535367975895,-0.012,0.0161727700652359));
#10217=CARTESIAN_POINT('',(-0.00536368013581282,-0.012,0.0162159735302676));
#10218=CARTESIAN_POINT('',(-0.00537228022051158,-0.012,0.0162659783590191));
#10219=CARTESIAN_POINT('',(-0.00538089429141945,-0.012,0.0163228427845698));
#10220=CARTESIAN_POINT('',(-0.00538924816288294,-0.012,0.0163865748201881));
#10221=CARTESIAN_POINT('',(-0.00539707106464904,-0.012,0.0164571869183008));
#10222=CARTESIAN_POINT('',(-0.00540409060965163,-0.012,0.0165346797744378));
#10223=CARTESIAN_POINT('',(-0.00541003453760025,-0.012,0.0166190470201191));
#10224=CARTESIAN_POINT('',(-0.00541463048719439,-0.012,0.0167102738455439));
#10225=CARTESIAN_POINT('',(-0.00541760634008755,-0.012,0.0168083373863732));
#10226=CARTESIAN_POINT('',(-0.0054186903982418,-0.012,0.0169132066154389));
#10227=CARTESIAN_POINT('',(-0.00541761162175738,-0.012,0.0170248423756596));
#10228=CARTESIAN_POINT('',(-0.00541409979972347,-0.012,0.0171431974120302));
#10229=CARTESIAN_POINT('',(-0.00540788593373798,-0.012,0.0172682162879162));
#10230=CARTESIAN_POINT('',(-0.00539870180589874,-0.012,0.0173998358207394));
#10231=CARTESIAN_POINT('',(-0.00538628270706539,-0.012,0.0175379835164228));
#10232=CARTESIAN_POINT('',(-0.00537035791757626,-0.012,0.0176825837883662));
#10233=CARTESIAN_POINT('',(-0.00535068855672375,-0.012,0.017833534091895));
#10234=CARTESIAN_POINT('',(-0.00532692250707968,-0.012,0.0179907972607149));
#10235=CARTESIAN_POINT('',(-0.00530311751218949,-0.012,0.018130748076958));
#10236=CARTESIAN_POINT('',(-0.00528630649927766,-0.012,0.0182188066774762));
#10237=CARTESIAN_POINT('',(-0.00527993407207588,-0.012,0.0182516381783809));
#10238=CARTESIAN_POINT('',(-0.00535950470020351,-0.012,0.0161945038595808));
#10239=CARTESIAN_POINT('',(-0.00571153825683835,-0.012,0.0161269268077468));
#10240=CARTESIAN_POINT('',(-0.00559186859914746,-0.012,0.0157890311789504));
#10241=CARTESIAN_POINT('',(-3.33844957460206E-16,-0.012,9.21510975582187E-16));
#10242=CARTESIAN_POINT('',(-0.00586537374375537,-0.012,0.0156894834473944));
#10243=CARTESIAN_POINT('',(-0.00599089659102888,-0.012,0.0160252486894073));
#10244=CARTESIAN_POINT('',(-0.00630400763249849,-0.012,0.0158507329060484));
#10245=CARTESIAN_POINT('',(-0.00617859901490093,-0.012,0.0155687961709653));
#10246=CARTESIAN_POINT('',(-0.00620563939329056,-0.012,0.0156372571469023));
#10247=CARTESIAN_POINT('',(-0.00623932873190692,-0.012,0.0157225519962241));
#10248=CARTESIAN_POINT('',(-0.00624427491469914,-0.012,0.0157333871120055));
#10249=CARTESIAN_POINT('',(-0.00625199156385788,-0.012,0.0157505080137377));
#10250=CARTESIAN_POINT('',(-0.00626199434944499,-0.012,0.0157712355796845));
#10251=CARTESIAN_POINT('',(-0.00627580210290946,-0.012,0.0157986063223435));
#10252=CARTESIAN_POINT('',(-0.00629321728492689,-0.012,0.0158314156291532));
#10253=CARTESIAN_POINT('',(-0.00631460950155383,-0.012,0.0158698635462482));
#10254=CARTESIAN_POINT('',(-0.00634016393880598,-0.012,0.015913697495329));
#10255=CARTESIAN_POINT('',(-0.00637011692583025,-0.012,0.0159627951905818));
#10256=CARTESIAN_POINT('',(-0.00640468365185267,-0.012,0.0160169865273855));
#10257=CARTESIAN_POINT('',(-0.00644407954318655,-0.012,0.0160761069970888));
#10258=CARTESIAN_POINT('',(-0.00648851370750815,-0.012,0.0161399820454673));
#10259=CARTESIAN_POINT('',(-0.0065381906147201,-0.012,0.0162084317884409));
#10260=CARTESIAN_POINT('',(-0.00659330938612677,-0.012,0.0162812698105748));
#10261=CARTESIAN_POINT('',(-0.00665406377956151,-0.012,0.0163583036824676));
#10262=CARTESIAN_POINT('',(-0.00672064198391725,-0.012,0.0164393349917973));
#10263=CARTESIAN_POINT('',(-0.00679322645811626,-0.012,0.0165241595214099));
#10264=CARTESIAN_POINT('',(-0.0068719938207936,-0.012,0.016612567383646));
#10265=CARTESIAN_POINT('',(-0.00695711450269854,-0.012,0.0167043432027397));
#10266=CARTESIAN_POINT('',(-0.00704875335768618,-0.012,0.016799266170884));
#10267=CARTESIAN_POINT('',(-0.00714706656642802,-0.012,0.0168971106026384));
#10268=CARTESIAN_POINT('',(-0.00725221292608659,-0.012,0.0169976445800637));
#10269=CARTESIAN_POINT('',(-0.00736430951545409,-0.012,0.0171006359998227));
#10270=CARTESIAN_POINT('',(-0.00748360218209628,-0.012,0.017205830054162));
#10271=CARTESIAN_POINT('',(-0.00759179651679695,-0.012,0.0172977370434909));
#10272=CARTESIAN_POINT('',(-0.00766127747716067,-0.012,0.0173543879342806));
#10273=CARTESIAN_POINT('',(-0.00768726272159677,-0.012,0.0173754422058591));
#10274=CARTESIAN_POINT('',(-0.00795486290082025,-0.012,0.014740510718057));
#10275=CARTESIAN_POINT('',(-0.00798992583081718,-0.012,0.0148052307167416));
#10276=CARTESIAN_POINT('',(-0.00803361038672567,-0.012,0.0148858647196951));
#10277=CARTESIAN_POINT('',(-0.00803873122194653,-0.012,0.0148966183937116));
#10278=CARTESIAN_POINT('',(-0.00804688642711206,-0.012,0.0149135347934192));
#10279=CARTESIAN_POINT('',(-0.00805633499718732,-0.012,0.0149345207943035));
#10280=CARTESIAN_POINT('',(-0.00806842674966066,-0.012,0.014962691721366));
#10281=CARTESIAN_POINT('',(-0.00808236587360356,-0.012,0.014997121940676));
#10282=CARTESIAN_POINT('',(-0.00809806803505218,-0.012,0.0150382231740761));
#10283=CARTESIAN_POINT('',(-0.00811522071252733,-0.012,0.0150859749280829));
#10284=CARTESIAN_POINT('',(-0.00813357832021334,-0.012,0.0151404796375203));
#10285=CARTESIAN_POINT('',(-0.00815287222944238,-0.012,0.0152017928057564));
#10286=CARTESIAN_POINT('',(-0.0081728379459112,-0.012,0.0152699737147985));
#10287=CARTESIAN_POINT('',(-0.00819320734150277,-0.012,0.0153450703491275));
#10288=CARTESIAN_POINT('',(-0.00821371118629723,-0.012,0.0154271237145182));
#10289=CARTESIAN_POINT('',(-0.00823407868507937,-0.012,0.0155161665212076));
#10290=CARTESIAN_POINT('',(-0.00825403788324094,-0.012,0.0156122235050722));
#10291=CARTESIAN_POINT('',(-0.00827331582263657,-0.012,0.0157153112901856));
#10292=CARTESIAN_POINT('',(-0.00829163878151571,-0.012,0.0158254383799349));
#10293=CARTESIAN_POINT('',(-0.00830873244833299,-0.012,0.0159426051588572));
#10294=CARTESIAN_POINT('',(-0.00832432228490588,-0.012,0.0160668037436074));
#10295=CARTESIAN_POINT('',(-0.00833813317662526,-0.012,0.0161980184870422));
#10296=CARTESIAN_POINT('',(-0.00834989184741305,-0.012,0.0163362239626926));
#10297=CARTESIAN_POINT('',(-0.0083593185649722,-0.012,0.0164813927422648));
#10298=CARTESIAN_POINT('',(-0.0083661602710339,-0.012,0.0166334653201674));
#10299=CARTESIAN_POINT('',(-0.00837006374376565,-0.012,0.0167924662392955));
#10300=CARTESIAN_POINT('',(-0.00837092260444098,-0.012,0.0169344245821541));
#10301=CARTESIAN_POINT('',(-0.00836965820409729,-0.012,0.0170240645764207));
#10302=CARTESIAN_POINT('',(-0.00836908371868567,-0.012,0.0170575038534256));
#10303=CARTESIAN_POINT('',(-0.00809022786450207,-0.012,0.0150178047327137));
#10304=CARTESIAN_POINT('',(-0.00842517860849344,-0.012,0.0148901243425546));
#10305=CARTESIAN_POINT('',(-0.00824865204161701,-0.012,0.014578142525587));
#10306=CARTESIAN_POINT('',(-4.88791804020763E-16,-0.012,8.49539584752923E-16));
#10307=CARTESIAN_POINT('',(-0.00850071574634004,-0.012,0.0144326134778122));
#10308=CARTESIAN_POINT('',(-0.00868263664191459,-0.012,0.0147414808776538));
#10309=CARTESIAN_POINT('',(-0.00896068647535319,-0.012,0.0145152452194204));
#10310=CARTESIAN_POINT('',(-0.00878822529618404,-0.012,0.0142593687147612));
#10311=CARTESIAN_POINT('',(-0.00882674299417929,-0.012,0.0143220941022119));
#10312=CARTESIAN_POINT('',(-0.00887473181119163,-0.012,0.0144002430388585));
#10313=CARTESIAN_POINT('',(-0.00888148434846349,-0.012,0.0144100546492566));
#10314=CARTESIAN_POINT('',(-0.00889205677776809,-0.012,0.0144255754639568));
#10315=CARTESIAN_POINT('',(-0.00890550690262014,-0.012,0.0144442511661136));
#10316=CARTESIAN_POINT('',(-0.00892385776486775,-0.012,0.0144688083944631));
#10317=CARTESIAN_POINT('',(-0.00894670564747665,-0.012,0.0144980951395591));
#10318=CARTESIAN_POINT('',(-0.00897444927900361,-0.012,0.0145322442269679));
#10319=CARTESIAN_POINT('',(-0.00900722717231123,-0.012,0.0145709747584078));
#10320=CARTESIAN_POINT('',(-0.00904525083146689,-0.012,0.0146141252677352));
#10321=CARTESIAN_POINT('',(-0.00908870263813132,-0.012,0.0146614908673839));
#10322=CARTESIAN_POINT('',(-0.00913776617918054,-0.012,0.0147128721395718));
#10323=CARTESIAN_POINT('',(-0.00919261707445237,-0.012,0.0147680608707783));
#10324=CARTESIAN_POINT('',(-0.00925342545094951,-0.012,0.0148268444039409));
#10325=CARTESIAN_POINT('',(-0.00932035503417573,-0.012,0.0148890045786425));
#10326=CARTESIAN_POINT('',(-0.00939356322333263,-0.012,0.0149543182432219));
#10327=CARTESIAN_POINT('',(-0.00947320089436287,-0.012,0.0150225573210278));
#10328=CARTESIAN_POINT('',(-0.00955941227229104,-0.012,0.0150934890137644));
#10329=CARTESIAN_POINT('',(-0.00965233484590873,-0.012,0.015166875952933));
#10330=CARTESIAN_POINT('',(-0.00975209905712992,-0.012,0.0152424764398211));
#10331=CARTESIAN_POINT('',(-0.0098588289124359,-0.012,0.0153200443946164));
#10332=CARTESIAN_POINT('',(-0.00997263902989737,-0.012,0.0153993304400586));
#10333=CARTESIAN_POINT('',(-0.0100936455220637,-0.012,0.0154800786067252));
#10334=CARTESIAN_POINT('',(-0.0102219233847155,-0.012,0.0155620399869311));
#10335=CARTESIAN_POINT('',(-0.0103576704835396,-0.012,0.0156449209530439));
#10336=CARTESIAN_POINT('',(-0.0104801805843967,-0.012,0.0157166439196364));
#10337=CARTESIAN_POINT('',(-0.0105584432967984,-0.012,0.0157603689139514));
#10338=CARTESIAN_POINT('',(-0.0105876898028747,-0.012,0.0157765910334933));
#10339=CARTESIAN_POINT('',(-0.0103936734829474,-0.012,0.0131352217921844));
#10340=CARTESIAN_POINT('',(-0.0104394422380819,-0.012,0.0131928699347662));
#10341=CARTESIAN_POINT('',(-0.0104964650750983,-0.012,0.0132646931825056));
#10342=CARTESIAN_POINT('',(-0.0105033754692219,-0.012,0.0132743942603461));
#10343=CARTESIAN_POINT('',(-0.0105143442804783,-0.012,0.0132896375254158));
#10344=CARTESIAN_POINT('',(-0.0105272934863533,-0.012,0.0133086639748163));
#10345=CARTESIAN_POINT('',(-0.0105440933680842,-0.012,0.0133343072114151));
#10346=CARTESIAN_POINT('',(-0.0105637994702532,-0.012,0.0133657938548586));
#10347=CARTESIAN_POINT('',(-0.0105864002348666,-0.012,0.0134035440164483));
#10348=CARTESIAN_POINT('',(-0.0106115843296928,-0.012,0.0134475917828285));
#10349=CARTESIAN_POINT('',(-0.0106391276875368,-0.012,0.0134980806781371));
#10350=CARTESIAN_POINT('',(-0.0106687753988626,-0.012,0.0135551120094001));
#10351=CARTESIAN_POINT('',(-0.0107002772818424,-0.012,0.0136187900869516));
#10352=CARTESIAN_POINT('',(-0.0107333776142453,-0.012,0.0136892087262392));
#10353=CARTESIAN_POINT('',(-0.010767818376937,-0.012,0.013766455061353));
#10354=CARTESIAN_POINT('',(-0.0108033385687631,-0.012,0.0138506083286836));
#10355=CARTESIAN_POINT('',(-0.0108396746620568,-0.012,0.013941740112736));
#10356=CARTESIAN_POINT('',(-0.0108765607322603,-0.012,0.0140399141837113));
#10357=CARTESIAN_POINT('',(-0.0109137286926694,-0.012,0.0141451864470942));
#10358=CARTESIAN_POINT('',(-0.0109509084659214,-0.012,0.0142576049152799));
#10359=CARTESIAN_POINT('',(-0.0109878283157572,-0.012,0.0143772094977439));
#10360=CARTESIAN_POINT('',(-0.011024214590079,-0.012,0.0145040325582091));
#10361=CARTESIAN_POINT('',(-0.0110597937492262,-0.012,0.0146380965103843));
#10362=CARTESIAN_POINT('',(-0.0110942855477908,-0.012,0.0147794229176767));
#10363=CARTESIAN_POINT('',(-0.0111274304389901,-0.012,0.014927997121626));
#10364=CARTESIAN_POINT('',(-0.0111588848290539,-0.012,0.015083904628593));
#10365=CARTESIAN_POINT('',(-0.0111843814492478,-0.012,0.0152235571656538));
#10366=CARTESIAN_POINT('',(-0.0111987020796368,-0.012,0.015312054887803));
#10367=CARTESIAN_POINT('',(-0.0112039429914639,-0.012,0.0153450859053974));
#10368=CARTESIAN_POINT('',(-0.0105751335489906,-0.012,0.0133847972084189));
#10369=CARTESIAN_POINT('',(-0.0108828241714755,-0.012,0.0132008929839802));
#10370=CARTESIAN_POINT('',(-0.0106548043658214,-0.012,0.0129243043884796));
#10371=CARTESIAN_POINT('',(-6.28886958956738E-16,-0.012,7.51755363528713E-16));
#10372=CARTESIAN_POINT('',(-0.0108777678025419,-0.012,0.0127372158509614));
#10373=CARTESIAN_POINT('',(-0.0111105591720619,-0.012,0.0130098006289821));
#10374=CARTESIAN_POINT('',(-0.0113450993939804,-0.012,0.0127387191518688));
#10375=CARTESIAN_POINT('',(-0.0111308257988992,-0.012,0.0125166775557478));
#10376=CARTESIAN_POINT('',(-0.0111796504757374,-0.012,0.0125717614755552));
#10377=CARTESIAN_POINT('',(-0.0112404806552243,-0.012,0.0126403899836318));
#10378=CARTESIAN_POINT('',(-0.0112488343745477,-0.012,0.0126488799678295));
#10379=CARTESIAN_POINT('',(-0.0112619413460837,-0.012,0.0126623291033971));
#10380=CARTESIAN_POINT('',(-0.0112784301349631,-0.012,0.0126783854900041));
#10381=CARTESIAN_POINT('',(-0.0113007665243304,-0.012,0.0126993830450872));
#10382=CARTESIAN_POINT('',(-0.0113283528861793,-0.012,0.0127242573655397));
#10383=CARTESIAN_POINT('',(-0.0113616049564013,-0.012,0.0127530700205217));
#10384=CARTESIAN_POINT('',(-0.0114006103660627,-0.012,0.0127855203267212));
#10385=CARTESIAN_POINT('',(-0.0114455493677072,-0.012,0.0128214125437328));
#10386=CARTESIAN_POINT('',(-0.0114965659938558,-0.012,0.0128605132264493));
#10387=CARTESIAN_POINT('',(-0.0115538064137529,-0.012,0.0129025941071664));
#10388=CARTESIAN_POINT('',(-0.0116174074232781,-0.012,0.0129474196395301));
#10389=CARTESIAN_POINT('',(-0.011687499637311,-0.012,0.0129947508549725));
#10390=CARTESIAN_POINT('',(-0.0117642064108385,-0.012,0.013044344476788));
#10391=CARTESIAN_POINT('',(-0.0118476440019351,-0.012,0.013095953411406));
#10392=CARTESIAN_POINT('',(-0.0119379213893042,-0.012,0.0131493268478397));
#10393=CARTESIAN_POINT('',(-0.0120351401818683,-0.012,0.0132042104801095));
#10394=CARTESIAN_POINT('',(-0.012139394561048,-0.012,0.0132603466711998));
#10395=CARTESIAN_POINT('',(-0.0122507710165106,-0.012,0.0133174747433437));
#10396=CARTESIAN_POINT('',(-0.0123693489394894,-0.012,0.0133753308217349));
#10397=CARTESIAN_POINT('',(-0.0124951979028421,-0.012,0.0134336494144948));
#10398=CARTESIAN_POINT('',(-0.0126283878064839,-0.012,0.0134921582782191));
#10399=CARTESIAN_POINT('',(-0.0127689492844751,-0.012,0.013550599263809));
#10400=CARTESIAN_POINT('',(-0.0129170262085748,-0.012,0.0136086488454796));
#10401=CARTESIAN_POINT('',(-0.0130501296681667,-0.012,0.0136580085232892));
#10402=CARTESIAN_POINT('',(-0.0131347961596931,-0.012,0.0136874790593033));
#10403=CARTESIAN_POINT('',(-0.0131664152871219,-0.012,0.0136983761259152));
#10404=CARTESIAN_POINT('',(-0.0125166775557478,-0.012,0.0111308257988992));
#10405=CARTESIAN_POINT('',(-0.0125717614755552,-0.012,0.0111796504757374));
#10406=CARTESIAN_POINT('',(-0.0126403899836318,-0.012,0.0112404806552243));
#10407=CARTESIAN_POINT('',(-0.0126488799678295,-0.012,0.0112488343745477));
#10408=CARTESIAN_POINT('',(-0.0126623291033971,-0.012,0.0112619413460837));
#10409=CARTESIAN_POINT('',(-0.0126783854900041,-0.012,0.0112784301349631));
#10410=CARTESIAN_POINT('',(-0.0126993830450872,-0.012,0.0113007665243304));
#10411=CARTESIAN_POINT('',(-0.0127242573655397,-0.012,0.0113283528861793));
#10412=CARTESIAN_POINT('',(-0.0127530700205217,-0.012,0.0113616049564013));
#10413=CARTESIAN_POINT('',(-0.0127855203267212,-0.012,0.0114006103660627));
#10414=CARTESIAN_POINT('',(-0.0128214125437328,-0.012,0.0114455493677072));
#10415=CARTESIAN_POINT('',(-0.0128605132264493,-0.012,0.0114965659938558));
#10416=CARTESIAN_POINT('',(-0.0129025941071664,-0.012,0.0115538064137529));
#10417=CARTESIAN_POINT('',(-0.0129474196395301,-0.012,0.0116174074232781));
#10418=CARTESIAN_POINT('',(-0.0129947508549725,-0.012,0.011687499637311));
#10419=CARTESIAN_POINT('',(-0.013044344476788,-0.012,0.0117642064108385));
#10420=CARTESIAN_POINT('',(-0.013095953411406,-0.012,0.0118476440019351));
#10421=CARTESIAN_POINT('',(-0.0131493268478397,-0.012,0.0119379213893042));
#10422=CARTESIAN_POINT('',(-0.0132042104801095,-0.012,0.0120351401818683));
#10423=CARTESIAN_POINT('',(-0.0132603466711998,-0.012,0.012139394561048));
#10424=CARTESIAN_POINT('',(-0.0133174747433437,-0.012,0.0122507710165106));
#10425=CARTESIAN_POINT('',(-0.0133753308217349,-0.012,0.0123693489394894));
#10426=CARTESIAN_POINT('',(-0.0134336494144948,-0.012,0.0124951979028421));
#10427=CARTESIAN_POINT('',(-0.0134921582782191,-0.012,0.0126283878064839));
#10428=CARTESIAN_POINT('',(-0.013550599263809,-0.012,0.0127689492844751));
#10429=CARTESIAN_POINT('',(-0.0136086488454796,-0.012,0.0129170262085748));
#10430=CARTESIAN_POINT('',(-0.0136580085232892,-0.012,0.0130501296681667));
#10431=CARTESIAN_POINT('',(-0.0136874790593033,-0.012,0.0131347961596931));
#10432=CARTESIAN_POINT('',(-0.0136983761259152,-0.012,0.0131664152871219));
#10433=CARTESIAN_POINT('',(-0.0127387191518688,-0.012,0.0113450993939804));
#10434=CARTESIAN_POINT('',(-0.0130098006289821,-0.012,0.0111105591720619));
#10435=CARTESIAN_POINT('',(-0.0127372158509614,-0.012,0.0108777678025419));
#10436=CARTESIAN_POINT('',(-7.49873701876967E-16,-0.012,6.31129435990253E-16));
#10437=CARTESIAN_POINT('',(-0.0129243043884796,-0.012,0.0106548043658214));
#10438=CARTESIAN_POINT('',(-0.0132008929839802,-0.012,0.0108828241714755));
#10439=CARTESIAN_POINT('',(-0.0133847972084189,-0.012,0.0105751335489906));
#10440=CARTESIAN_POINT('',(-0.0131352217921844,-0.012,0.0103936734829474));
#10441=CARTESIAN_POINT('',(-0.0131928699347662,-0.012,0.0104394422380819));
#10442=CARTESIAN_POINT('',(-0.0132646931825056,-0.012,0.0104964650750983));
#10443=CARTESIAN_POINT('',(-0.0132743942603461,-0.012,0.0105033754692219));
#10444=CARTESIAN_POINT('',(-0.0132896375254158,-0.012,0.0105143442804783));
#10445=CARTESIAN_POINT('',(-0.0133086639748162,-0.012,0.0105272934863533));
#10446=CARTESIAN_POINT('',(-0.0133343072114151,-0.012,0.0105440933680842));
#10447=CARTESIAN_POINT('',(-0.0133657938548586,-0.012,0.0105637994702532));
#10448=CARTESIAN_POINT('',(-0.0134035440164483,-0.012,0.0105864002348666));
#10449=CARTESIAN_POINT('',(-0.0134475917828285,-0.012,0.0106115843296928));
#10450=CARTESIAN_POINT('',(-0.0134980806781371,-0.012,0.0106391276875368));
#10451=CARTESIAN_POINT('',(-0.0135551120094001,-0.012,0.0106687753988626));
#10452=CARTESIAN_POINT('',(-0.0136187900869516,-0.012,0.0107002772818424));
#10453=CARTESIAN_POINT('',(-0.0136892087262392,-0.012,0.0107333776142453));
#10454=CARTESIAN_POINT('',(-0.013766455061353,-0.012,0.010767818376937));
#10455=CARTESIAN_POINT('',(-0.0138506083286836,-0.012,0.0108033385687631));
#10456=CARTESIAN_POINT('',(-0.013941740112736,-0.012,0.0108396746620568));
#10457=CARTESIAN_POINT('',(-0.0140399141837113,-0.012,0.0108765607322603));
#10458=CARTESIAN_POINT('',(-0.0141451864470942,-0.012,0.0109137286926694));
#10459=CARTESIAN_POINT('',(-0.0142576049152799,-0.012,0.0109509084659214));
#10460=CARTESIAN_POINT('',(-0.0143772094977439,-0.012,0.0109878283157572));
#10461=CARTESIAN_POINT('',(-0.0145040325582091,-0.012,0.011024214590079));
#10462=CARTESIAN_POINT('',(-0.0146380965103843,-0.012,0.0110597937492262));
#10463=CARTESIAN_POINT('',(-0.0147794229176767,-0.012,0.0110942855477908));
#10464=CARTESIAN_POINT('',(-0.014927997121626,-0.012,0.0111274304389901));
#10465=CARTESIAN_POINT('',(-0.015083904628593,-0.012,0.0111588848290539));
#10466=CARTESIAN_POINT('',(-0.0152235571656538,-0.012,0.0111843814492477));
#10467=CARTESIAN_POINT('',(-0.015312054887803,-0.012,0.0111987020796368));
#10468=CARTESIAN_POINT('',(-0.0153450859053974,-0.012,0.0112039429914639));
#10469=CARTESIAN_POINT('',(-0.0142593687147612,-0.012,0.00878822529618404));
#10470=CARTESIAN_POINT('',(-0.0143220941022119,-0.012,0.00882674299417929));
#10471=CARTESIAN_POINT('',(-0.0144002430388585,-0.012,0.00887473181119163));
#10472=CARTESIAN_POINT('',(-0.0144100546492566,-0.012,0.00888148434846349));
#10473=CARTESIAN_POINT('',(-0.0144255754639568,-0.012,0.00889205677776809));
#10474=CARTESIAN_POINT('',(-0.0144442511661136,-0.012,0.00890550690262014));
#10475=CARTESIAN_POINT('',(-0.0144688083944631,-0.012,0.00892385776486775));
#10476=CARTESIAN_POINT('',(-0.0144980951395591,-0.012,0.00894670564747665));
#10477=CARTESIAN_POINT('',(-0.0145322442269679,-0.012,0.00897444927900361));
#10478=CARTESIAN_POINT('',(-0.0145709747584078,-0.012,0.00900722717231123));
#10479=CARTESIAN_POINT('',(-0.0146141252677353,-0.012,0.00904525083146689));
#10480=CARTESIAN_POINT('',(-0.0146614908673839,-0.012,0.00908870263813132));
#10481=CARTESIAN_POINT('',(-0.0147128721395718,-0.012,0.00913776617918054));
#10482=CARTESIAN_POINT('',(-0.0147680608707783,-0.012,0.00919261707445237));
#10483=CARTESIAN_POINT('',(-0.0148268444039409,-0.012,0.00925342545094951));
#10484=CARTESIAN_POINT('',(-0.0148890045786425,-0.012,0.00932035503417573));
#10485=CARTESIAN_POINT('',(-0.0149543182432219,-0.012,0.00939356322333263));
#10486=CARTESIAN_POINT('',(-0.0150225573210278,-0.012,0.00947320089436287));
#10487=CARTESIAN_POINT('',(-0.0150934890137644,-0.012,0.00955941227229104));
#10488=CARTESIAN_POINT('',(-0.015166875952933,-0.012,0.00965233484590873));
#10489=CARTESIAN_POINT('',(-0.0152424764398211,-0.012,0.00975209905712992));
#10490=CARTESIAN_POINT('',(-0.0153200443946164,-0.012,0.0098588289124359));
#10491=CARTESIAN_POINT('',(-0.0153993304400586,-0.012,0.00997263902989737));
#10492=CARTESIAN_POINT('',(-0.0154800786067252,-0.012,0.0100936455220637));
#10493=CARTESIAN_POINT('',(-0.0155620399869311,-0.012,0.0102219233847155));
#10494=CARTESIAN_POINT('',(-0.0156449209530439,-0.012,0.0103576704835396));
#10495=CARTESIAN_POINT('',(-0.0157166439196364,-0.012,0.0104801805843967));
#10496=CARTESIAN_POINT('',(-0.0157603689139514,-0.012,0.0105584432967984));
#10497=CARTESIAN_POINT('',(-0.0157765910334933,-0.012,0.0105876898028747));
#10498=CARTESIAN_POINT('',(-0.0145152452194204,-0.012,0.00896068647535318));
#10499=CARTESIAN_POINT('',(-0.0147414808776538,-0.012,0.00868263664191459));
#10500=CARTESIAN_POINT('',(-0.0144326134778122,-0.012,0.00850071574634004));
#10501=CARTESIAN_POINT('',(-8.48075911820067E-16,-0.012,4.91326959906132E-16));
#10502=CARTESIAN_POINT('',(-0.014578142525587,-0.012,0.00824865204161701));
#10503=CARTESIAN_POINT('',(-0.0148901243425546,-0.012,0.00842517860849344));
#10504=CARTESIAN_POINT('',(-0.0150178047327137,-0.012,0.00809022786450207));
#10505=CARTESIAN_POINT('',(-0.014740510718057,-0.012,0.00795486290082025));
#10506=CARTESIAN_POINT('',(-0.0148052307167416,-0.012,0.00798992583081718));
#10507=CARTESIAN_POINT('',(-0.0148858647196951,-0.012,0.00803361038672567));
#10508=CARTESIAN_POINT('',(-0.0148966183937116,-0.012,0.00803873122194653));
#10509=CARTESIAN_POINT('',(-0.0149135347934192,-0.012,0.00804688642711206));
#10510=CARTESIAN_POINT('',(-0.0149345207943035,-0.012,0.00805633499718732));
#10511=CARTESIAN_POINT('',(-0.014962691721366,-0.012,0.00806842674966067));
#10512=CARTESIAN_POINT('',(-0.014997121940676,-0.012,0.00808236587360356));
#10513=CARTESIAN_POINT('',(-0.0150382231740761,-0.012,0.00809806803505218));
#10514=CARTESIAN_POINT('',(-0.0150859749280829,-0.012,0.00811522071252733));
#10515=CARTESIAN_POINT('',(-0.0151404796375203,-0.012,0.00813357832021334));
#10516=CARTESIAN_POINT('',(-0.0152017928057564,-0.012,0.00815287222944238));
#10517=CARTESIAN_POINT('',(-0.0152699737147985,-0.012,0.0081728379459112));
#10518=CARTESIAN_POINT('',(-0.0153450703491275,-0.012,0.00819320734150277));
#10519=CARTESIAN_POINT('',(-0.0154271237145182,-0.012,0.00821371118629723));
#10520=CARTESIAN_POINT('',(-0.0155161665212076,-0.012,0.00823407868507937));
#10521=CARTESIAN_POINT('',(-0.0156122235050722,-0.012,0.00825403788324094));
#10522=CARTESIAN_POINT('',(-0.0157153112901856,-0.012,0.00827331582263657));
#10523=CARTESIAN_POINT('',(-0.0158254383799349,-0.012,0.00829163878151571));
#10524=CARTESIAN_POINT('',(-0.0159426051588572,-0.012,0.00830873244833299));
#10525=CARTESIAN_POINT('',(-0.0160668037436074,-0.012,0.00832432228490588));
#10526=CARTESIAN_POINT('',(-0.0161980184870422,-0.012,0.00833813317662526));
#10527=CARTESIAN_POINT('',(-0.0163362239626927,-0.012,0.00834989184741305));
#10528=CARTESIAN_POINT('',(-0.0164813927422648,-0.012,0.0083593185649722));
#10529=CARTESIAN_POINT('',(-0.0166334653201674,-0.012,0.0083661602710339));
#10530=CARTESIAN_POINT('',(-0.0167924662392955,-0.012,0.00837006374376565));
#10531=CARTESIAN_POINT('',(-0.0169344245821541,-0.012,0.00837092260444097));
#10532=CARTESIAN_POINT('',(-0.0170240645764207,-0.012,0.00836965820409729));
#10533=CARTESIAN_POINT('',(-0.0170575038534256,-0.012,0.00836908371868567));
#10534=CARTESIAN_POINT('',(-0.0155687961709653,-0.012,0.00617859901490093));
#10535=CARTESIAN_POINT('',(-0.0156372571469023,-0.012,0.00620563939329056));
#10536=CARTESIAN_POINT('',(-0.0157225519962241,-0.012,0.00623932873190692));
#10537=CARTESIAN_POINT('',(-0.0157333871120055,-0.012,0.00624427491469914));
#10538=CARTESIAN_POINT('',(-0.0157505080137377,-0.012,0.00625199156385788));
#10539=CARTESIAN_POINT('',(-0.0157712355796845,-0.012,0.00626199434944499));
#10540=CARTESIAN_POINT('',(-0.0157986063223435,-0.012,0.00627580210290946));
#10541=CARTESIAN_POINT('',(-0.0158314156291532,-0.012,0.00629321728492689));
#10542=CARTESIAN_POINT('',(-0.0158698635462482,-0.012,0.00631460950155383));
#10543=CARTESIAN_POINT('',(-0.015913697495329,-0.012,0.00634016393880598));
#10544=CARTESIAN_POINT('',(-0.0159627951905818,-0.012,0.00637011692583025));
#10545=CARTESIAN_POINT('',(-0.0160169865273855,-0.012,0.00640468365185267));
#10546=CARTESIAN_POINT('',(-0.0160761069970888,-0.012,0.00644407954318655));
#10547=CARTESIAN_POINT('',(-0.0161399820454673,-0.012,0.00648851370750815));
#10548=CARTESIAN_POINT('',(-0.0162084317884409,-0.012,0.0065381906147201));
#10549=CARTESIAN_POINT('',(-0.0162812698105748,-0.012,0.00659330938612678));
#10550=CARTESIAN_POINT('',(-0.0163583036824676,-0.012,0.00665406377956151));
#10551=CARTESIAN_POINT('',(-0.0164393349917973,-0.012,0.00672064198391725));
#10552=CARTESIAN_POINT('',(-0.0165241595214099,-0.012,0.00679322645811626));
#10553=CARTESIAN_POINT('',(-0.016612567383646,-0.012,0.0068719938207936));
#10554=CARTESIAN_POINT('',(-0.0167043432027397,-0.012,0.00695711450269855));
#10555=CARTESIAN_POINT('',(-0.016799266170884,-0.012,0.00704875335768618));
#10556=CARTESIAN_POINT('',(-0.0168971106026384,-0.012,0.00714706656642802));
#10557=CARTESIAN_POINT('',(-0.0169976445800637,-0.012,0.00725221292608659));
#10558=CARTESIAN_POINT('',(-0.0171006359998227,-0.012,0.00736430951545409));
#10559=CARTESIAN_POINT('',(-0.017205830054162,-0.012,0.00748360218209628));
#10560=CARTESIAN_POINT('',(-0.0172977370434909,-0.012,0.00759179651679696));
#10561=CARTESIAN_POINT('',(-0.0173543879342806,-0.012,0.00766127747716067));
#10562=CARTESIAN_POINT('',(-0.017375442205859,-0.012,0.00768726272159678));
#10563=CARTESIAN_POINT('',(-0.0158507329060484,-0.012,0.00630400763249849));
#10564=CARTESIAN_POINT('',(-0.0160252486894073,-0.012,0.00599089659102889));
#10565=CARTESIAN_POINT('',(-0.0156894834473944,-0.012,0.00586537374375537));
#10566=CARTESIAN_POINT('',(-9.20509764329633E-16,-0.012,3.36595762768703E-16));
#10567=CARTESIAN_POINT('',(-0.0157890311789504,-0.012,0.00559186859914746));
#10568=CARTESIAN_POINT('',(-0.0161269268077468,-0.012,0.00571153825683835));
#10569=CARTESIAN_POINT('',(-0.0161945038595809,-0.012,0.00535950470020351));
#10570=CARTESIAN_POINT('',(-0.0158979166848198,-0.012,0.00527434783480651));
#10571=CARTESIAN_POINT('',(-0.0159677420551969,-0.012,0.00529763957028064));
#10572=CARTESIAN_POINT('',(-0.0160547367899876,-0.012,0.00532665851195534));
#10573=CARTESIAN_POINT('',(-0.0160662163152367,-0.012,0.00532983419428656));
#10574=CARTESIAN_POINT('',(-0.0160842918533373,-0.012,0.00533492800157907));
#10575=CARTESIAN_POINT('',(-0.016106599756688,-0.012,0.00534058884583398));
#10576=CARTESIAN_POINT('',(-0.0161364424148505,-0.012,0.00534760506726964));
#10577=CARTESIAN_POINT('',(-0.0161727700652359,-0.012,0.00535535367975895));
#10578=CARTESIAN_POINT('',(-0.0162159735302676,-0.012,0.00536368013581282));
#10579=CARTESIAN_POINT('',(-0.0162659783590191,-0.012,0.00537228022051158));
#10580=CARTESIAN_POINT('',(-0.0163228427845698,-0.012,0.00538089429141945));
#10581=CARTESIAN_POINT('',(-0.0163865748201881,-0.012,0.00538924816288294));
#10582=CARTESIAN_POINT('',(-0.0164571869183008,-0.012,0.00539707106464904));
#10583=CARTESIAN_POINT('',(-0.0165346797744378,-0.012,0.00540409060965163));
#10584=CARTESIAN_POINT('',(-0.0166190470201191,-0.012,0.00541003453760025));
#10585=CARTESIAN_POINT('',(-0.0167102738455439,-0.012,0.0054146304871944));
#10586=CARTESIAN_POINT('',(-0.0168083373863732,-0.012,0.00541760634008755));
#10587=CARTESIAN_POINT('',(-0.0169132066154389,-0.012,0.0054186903982418));
#10588=CARTESIAN_POINT('',(-0.0170248423756596,-0.012,0.00541761162175738));
#10589=CARTESIAN_POINT('',(-0.0171431974120302,-0.012,0.00541409979972347));
#10590=CARTESIAN_POINT('',(-0.0172682162879162,-0.012,0.00540788593373799));
#10591=CARTESIAN_POINT('',(-0.0173998358207394,-0.012,0.00539870180589874));
#10592=CARTESIAN_POINT('',(-0.0175379835164228,-0.012,0.00538628270706539));
#10593=CARTESIAN_POINT('',(-0.0176825837883662,-0.012,0.00537035791757626));
#10594=CARTESIAN_POINT('',(-0.017833534091895,-0.012,0.00535068855672376));
#10595=CARTESIAN_POINT('',(-0.0179907972607149,-0.012,0.00532692250707969));
#10596=CARTESIAN_POINT('',(-0.018130748076958,-0.012,0.00530311751218949));
#10597=CARTESIAN_POINT('',(-0.0182188066774762,-0.012,0.00528630649927766));
#10598=CARTESIAN_POINT('',(-0.0182516381783809,-0.012,0.00527993407207589));
#10599=CARTESIAN_POINT('',(-0.0164051736337057,-0.012,0.00338123912907201));
#10600=CARTESIAN_POINT('',(-0.016477290046018,-0.012,0.00339598057964175));
#10601=CARTESIAN_POINT('',(-0.0165671391671796,-0.012,0.00341434680635588));
#10602=CARTESIAN_POINT('',(-0.0165786685688342,-0.012,0.00341733634740722));
#10603=CARTESIAN_POINT('',(-0.0165968693476627,-0.012,0.00342196274994022));
#10604=CARTESIAN_POINT('',(-0.0166190189807971,-0.012,0.00342821426668397));
#10605=CARTESIAN_POINT('',(-0.0166483715916001,-0.012,0.00343705936976336));
#10606=CARTESIAN_POINT('',(-0.0166837065659383,-0.012,0.00344851269969623));
#10607=CARTESIAN_POINT('',(-0.0167252850922141,-0.012,0.00346290350974591));
#10608=CARTESIAN_POINT('',(-0.0167728905865743,-0.012,0.00348045803229786));
#10609=CARTESIAN_POINT('',(-0.0168264436591267,-0.012,0.00350143024083696));
#10610=CARTESIAN_POINT('',(-0.0168858141567387,-0.012,0.00352606159373878));
#10611=CARTESIAN_POINT('',(-0.0169508774784019,-0.012,0.00355459281113441));
#10612=CARTESIAN_POINT('',(-0.0170214980329297,-0.012,0.00358726013490764));
#10613=CARTESIAN_POINT('',(-0.0170975341749113,-0.012,0.00362429616514651));
#10614=CARTESIAN_POINT('',(-0.0171788368980329,-0.012,0.00366592936875588));
#10615=CARTESIAN_POINT('',(-0.0172652503420227,-0.012,0.00371238397496714));
#10616=CARTESIAN_POINT('',(-0.0173566117875461,-0.012,0.00376387976759924));
#10617=CARTESIAN_POINT('',(-0.0174527518036256,-0.012,0.00382063189555007));
#10618=CARTESIAN_POINT('',(-0.0175534943607715,-0.012,0.00388285074083031));
#10619=CARTESIAN_POINT('',(-0.0176586569502486,-0.012,0.00395074154457247));
#10620=CARTESIAN_POINT('',(-0.0177680507453882,-0.012,0.00402450499900446));
#10621=CARTESIAN_POINT('',(-0.0178814806099075,-0.012,0.00410433410192793));
#10622=CARTESIAN_POINT('',(-0.0179987457240602,-0.012,0.00419042551014719));
#10623=CARTESIAN_POINT('',(-0.0181196378411989,-0.012,0.00428293482808606));
#10624=CARTESIAN_POINT('',(-0.0182439487156544,-0.012,0.00438214841523536));
#10625=CARTESIAN_POINT('',(-0.0183532471803563,-0.012,0.00447273955366877));
#10626=CARTESIAN_POINT('',(-0.0184211026589708,-0.012,0.00453132761817284));
#10627=CARTESIAN_POINT('',(-0.0184463493591977,-0.012,0.00455326205246573));
#10628=CARTESIAN_POINT('',(-0.0167046040941839,-0.012,0.0034557847077121));
#10629=CARTESIAN_POINT('',(-0.0168220974289002,-0.012,0.00311712617876472));
#10630=CARTESIAN_POINT('',(-0.0164696364016894,-0.012,0.00305181532798901));
#10631=CARTESIAN_POINT('',(-9.64974393450458E-16,-0.012,1.7163727370522E-16));
#10632=CARTESIAN_POINT('',(-0.0165201781095768,-0.012,0.00276517905891484));
#10633=CARTESIAN_POINT('',(-0.0168737207625045,-0.012,0.00282435570542704));
#10634=CARTESIAN_POINT('',(-0.016879141181489,-0.012,0.00246593569762949));
#10635=CARTESIAN_POINT('',(-0.0165722724978484,-0.012,0.00243357437878096));
#10636=CARTESIAN_POINT('',(-0.0166450816313724,-0.012,0.00244438721213609));
#10637=CARTESIAN_POINT('',(-0.0167357938070052,-0.012,0.00245785881371851));
#10638=CARTESIAN_POINT('',(-0.0167476503839211,-0.012,0.00245899285165941));
#10639=CARTESIAN_POINT('',(-0.0167663358443361,-0.012,0.00246087048832192));
#10640=CARTESIAN_POINT('',(-0.0167892878357984,-0.012,0.00246257160486832));
#10641=CARTESIAN_POINT('',(-0.0168198954709936,-0.012,0.00246429911092836));
#10642=CARTESIAN_POINT('',(-0.0168570167551801,-0.012,0.00246562177429457));
#10643=CARTESIAN_POINT('',(-0.0169010097364205,-0.012,0.00246631952979989));
#10644=CARTESIAN_POINT('',(-0.0169517482684988,-0.012,0.00246610571250054));
#10645=CARTESIAN_POINT('',(-0.0170092446133671,-0.012,0.00246471451244467));
#10646=CARTESIAN_POINT('',(-0.0170734590507153,-0.012,0.00246187451798546));
#10647=CARTESIAN_POINT('',(-0.017144356825029,-0.012,0.00245731691013724));
#10648=CARTESIAN_POINT('',(-0.0172218913217534,-0.012,0.00245077331922802));
#10649=CARTESIAN_POINT('',(-0.0173060089916571,-0.012,0.00244197672708784));
#10650=CARTESIAN_POINT('',(-0.0173966479548898,-0.012,0.00243066148189124));
#10651=CARTESIAN_POINT('',(-0.0174937384416183,-0.012,0.00241656356973167));
#10652=CARTESIAN_POINT('',(-0.0175972027161776,-0.012,0.0023994208080861));
#10653=CARTESIAN_POINT('',(-0.0177069551507856,-0.012,0.0023789730743157));
#10654=CARTESIAN_POINT('',(-0.017822902286715,-0.012,0.00235496246836604));
#10655=CARTESIAN_POINT('',(-0.0179449428184558,-0.012,0.00232713370499578));
#10656=CARTESIAN_POINT('',(-0.0180729679477651,-0.012,0.00229523361267491));
#10657=CARTESIAN_POINT('',(-0.0182068603156543,-0.012,0.0022590140922541));
#10658=CARTESIAN_POINT('',(-0.0183464984738773,-0.012,0.00221822166238699));
#10659=CARTESIAN_POINT('',(-0.0184917399544441,-0.012,0.0021726388781966));
#10660=CARTESIAN_POINT('',(-0.0186424870111502,-0.012,0.00212192542556895));
#10661=CARTESIAN_POINT('',(-0.0187761779660447,-0.012,0.00207417987783706));
#10662=CARTESIAN_POINT('',(-0.0188599795567975,-0.012,0.00204233304647762));
#10663=CARTESIAN_POINT('',(-0.0188912057130606,-0.012,0.00203035630046163));
#10664=CARTESIAN_POINT('',(-0.0167430881970043,-0.012,0.000481142003295797));
#10665=CARTESIAN_POINT('',(-0.0168166688249965,-0.012,0.000483136614529611));
#10666=CARTESIAN_POINT('',(-0.0169083421979173,-0.012,0.000485621680836587));
#10667=CARTESIAN_POINT('',(-0.01692021557041,-0.012,0.000486563744454969));
#10668=CARTESIAN_POINT('',(-0.0169389432048801,-0.012,0.000487959329462347));
#10669=CARTESIAN_POINT('',(-0.0169618418998074,-0.012,0.000490269628189904));
#10670=CARTESIAN_POINT('',(-0.0169922845145284,-0.012,0.000493883326902965));
#10671=CARTESIAN_POINT('',(-0.0170290715210802,-0.012,0.000499026801116927));
#10672=CARTESIAN_POINT('',(-0.0170725173140558,-0.012,0.000505978947108099));
#10673=CARTESIAN_POINT('',(-0.0171224478848385,-0.012,0.000515000169675118));
#10674=CARTESIAN_POINT('',(-0.0171788291516803,-0.012,0.000526354369785022));
#10675=CARTESIAN_POINT('',(-0.0172415748675737,-0.012,0.000540301938372399));
#10676=CARTESIAN_POINT('',(-0.0173106041250917,-0.012,0.000557101575226723));
#10677=CARTESIAN_POINT('',(-0.0173858244159551,-0.012,0.000577009478349188));
#10678=CARTESIAN_POINT('',(-0.0174671366372467,-0.012,0.000600279310577286));
#10679=CARTESIAN_POINT('',(-0.0175544337192551,-0.012,0.000627161942565112));
#10680=CARTESIAN_POINT('',(-0.0176476011065736,-0.012,0.000657905261850337));
#10681=CARTESIAN_POINT('',(-0.0177465167169994,-0.012,0.000692753969157793));
#10682=CARTESIAN_POINT('',(-0.0178510510538068,-0.012,0.00073194936617061));
#10683=CARTESIAN_POINT('',(-0.0179610672942417,-0.012,0.000775729205924184));
#10684=CARTESIAN_POINT('',(-0.0180764213420358,-0.012,0.000824327303786249));
#10685=CARTESIAN_POINT('',(-0.0181969620890612,-0.012,0.00087797409242579));
#10686=CARTESIAN_POINT('',(-0.0183225308773105,-0.012,0.000936893522634033));
#10687=CARTESIAN_POINT('',(-0.0184529640870358,-0.012,0.00100131413553958));
#10688=CARTESIAN_POINT('',(-0.0185880836557494,-0.012,0.00107142533323623));
#10689=CARTESIAN_POINT('',(-0.0187277342273053,-0.012,0.00114754528625162));
#10690=CARTESIAN_POINT('',(-0.0188511031888376,-0.012,0.00121778066251778));
#10691=CARTESIAN_POINT('',(-0.0189281015008957,-0.012,0.00126369566246925));
#10692=CARTESIAN_POINT('',(-0.0189567735215604,-0.012,0.00128091281993229));
#10693=CARTESIAN_POINT('',(-0.0170509143398552,-0.012,0.000502559513293321));
#10694=CARTESIAN_POINT('',(-0.017107815250408,-0.012,0.000148643464900736));
#10695=CARTESIAN_POINT('',(-0.0167493677879571,-0.012,0.000145529047774778));
#10696=CARTESIAN_POINT('',(-9.80118763926896E-16,-0.012,1.46367293285555E-18));
#10697=CARTESIAN_POINT('',(-0.0167493677879571,-0.012,-0.000145529047774773));
#10698=CARTESIAN_POINT('',(-0.017107815250408,-0.012,-0.000148643464900731));
#10699=CARTESIAN_POINT('',(-0.0170509143398552,-0.012,-0.000502559513293318));
#10700=CARTESIAN_POINT('',(-0.0167430881970043,-0.012,-0.000481142003295794));
#10701=CARTESIAN_POINT('',(-0.0168166688249965,-0.012,-0.000483136614529608));
#10702=CARTESIAN_POINT('',(-0.0169083421979173,-0.012,-0.000485621680836584));
#10703=CARTESIAN_POINT('',(-0.01692021557041,-0.012,-0.000486563744454966));
#10704=CARTESIAN_POINT('',(-0.0169389432048801,-0.012,-0.000487959329462344));
#10705=CARTESIAN_POINT('',(-0.0169618418998074,-0.012,-0.000490269628189901));
#10706=CARTESIAN_POINT('',(-0.0169922845145284,-0.012,-0.000493883326902962));
#10707=CARTESIAN_POINT('',(-0.0170290715210802,-0.012,-0.000499026801116924));
#10708=CARTESIAN_POINT('',(-0.0170725173140558,-0.012,-0.000505978947108096));
#10709=CARTESIAN_POINT('',(-0.0171224478848385,-0.012,-0.000515000169675115));
#10710=CARTESIAN_POINT('',(-0.0171788291516803,-0.012,-0.000526354369785019));
#10711=CARTESIAN_POINT('',(-0.0172415748675737,-0.012,-0.000540301938372396));
#10712=CARTESIAN_POINT('',(-0.0173106041250917,-0.012,-0.00055710157522672));
#10713=CARTESIAN_POINT('',(-0.0173858244159551,-0.012,-0.000577009478349184));
#10714=CARTESIAN_POINT('',(-0.0174671366372467,-0.012,-0.000600279310577283));
#10715=CARTESIAN_POINT('',(-0.0175544337192551,-0.012,-0.000627161942565109));
#10716=CARTESIAN_POINT('',(-0.0176476011065736,-0.012,-0.000657905261850334));
#10717=CARTESIAN_POINT('',(-0.0177465167169994,-0.012,-0.000692753969157789));
#10718=CARTESIAN_POINT('',(-0.0178510510538068,-0.012,-0.000731949366170606));
#10719=CARTESIAN_POINT('',(-0.0179610672942417,-0.012,-0.000775729205924181));
#10720=CARTESIAN_POINT('',(-0.0180764213420358,-0.012,-0.000824327303786246));
#10721=CARTESIAN_POINT('',(-0.0181969620890612,-0.012,-0.000877974092425786));
#10722=CARTESIAN_POINT('',(-0.0183225308773105,-0.012,-0.00093689352263403));
#10723=CARTESIAN_POINT('',(-0.0184529640870358,-0.012,-0.00100131413553958));
#10724=CARTESIAN_POINT('',(-0.0185880836557494,-0.012,-0.00107142533323623));
#10725=CARTESIAN_POINT('',(-0.0187277342273053,-0.012,-0.00114754528625162));
#10726=CARTESIAN_POINT('',(-0.0188511031888376,-0.012,-0.00121778066251778));
#10727=CARTESIAN_POINT('',(-0.0189281015008957,-0.012,-0.00126369566246924));
#10728=CARTESIAN_POINT('',(-0.0189567735215604,-0.012,-0.00128091281993229));
#10729=CARTESIAN_POINT('',(-0.0165722724978484,-0.012,-0.00243357437878096));
#10730=CARTESIAN_POINT('',(-0.0166450816313724,-0.012,-0.00244438721213609));
#10731=CARTESIAN_POINT('',(-0.0167357938070052,-0.012,-0.00245785881371851));
#10732=CARTESIAN_POINT('',(-0.0167476503839211,-0.012,-0.00245899285165942));
#10733=CARTESIAN_POINT('',(-0.0167663358443361,-0.012,-0.00246087048832192));
#10734=CARTESIAN_POINT('',(-0.0167892878357984,-0.012,-0.00246257160486832));
#10735=CARTESIAN_POINT('',(-0.0168198954709936,-0.012,-0.00246429911092836));
#10736=CARTESIAN_POINT('',(-0.0168570167551801,-0.012,-0.00246562177429457));
#10737=CARTESIAN_POINT('',(-0.0169010097364205,-0.012,-0.0024663195297999));
#10738=CARTESIAN_POINT('',(-0.0169517482684988,-0.012,-0.00246610571250055));
#10739=CARTESIAN_POINT('',(-0.0170092446133671,-0.012,-0.00246471451244467));
#10740=CARTESIAN_POINT('',(-0.0170734590507153,-0.012,-0.00246187451798546));
#10741=CARTESIAN_POINT('',(-0.017144356825029,-0.012,-0.00245731691013724));
#10742=CARTESIAN_POINT('',(-0.0172218913217534,-0.012,-0.00245077331922803));
#10743=CARTESIAN_POINT('',(-0.0173060089916571,-0.012,-0.00244197672708784));
#10744=CARTESIAN_POINT('',(-0.0173966479548898,-0.012,-0.00243066148189125));
#10745=CARTESIAN_POINT('',(-0.0174937384416183,-0.012,-0.00241656356973167));
#10746=CARTESIAN_POINT('',(-0.0175972027161776,-0.012,-0.0023994208080861));
#10747=CARTESIAN_POINT('',(-0.0177069551507856,-0.012,-0.0023789730743157));
#10748=CARTESIAN_POINT('',(-0.017822902286715,-0.012,-0.00235496246836604));
#10749=CARTESIAN_POINT('',(-0.0179449428184558,-0.012,-0.00232713370499578));
#10750=CARTESIAN_POINT('',(-0.0180729679477651,-0.012,-0.00229523361267492));
#10751=CARTESIAN_POINT('',(-0.0182068603156543,-0.012,-0.00225901409225411));
#10752=CARTESIAN_POINT('',(-0.0183464984738773,-0.012,-0.00221822166238699));
#10753=CARTESIAN_POINT('',(-0.0184917399544441,-0.012,-0.00217263887819661));
#10754=CARTESIAN_POINT('',(-0.0186424870111502,-0.012,-0.00212192542556895));
#10755=CARTESIAN_POINT('',(-0.0187761779660447,-0.012,-0.00207417987783706));
#10756=CARTESIAN_POINT('',(-0.0188599795567975,-0.012,-0.00204233304647763));
#10757=CARTESIAN_POINT('',(-0.0188912057130606,-0.012,-0.00203035630046163));
#10758=CARTESIAN_POINT('',(-0.016879141181489,-0.012,-0.0024659356976295));
#10759=CARTESIAN_POINT('',(-0.0168737207625045,-0.012,-0.00282435570542704));
#10760=CARTESIAN_POINT('',(-0.0165201781095768,-0.012,-0.00276517905891484));
#10761=CARTESIAN_POINT('',(-9.6548272172544E-16,-0.012,-1.6875440080092E-16));
#10762=CARTESIAN_POINT('',(-0.0164696364016894,-0.012,-0.00305181532798901));
#10763=CARTESIAN_POINT('',(-0.0168220974289002,-0.012,-0.00311712617876472));
#10764=CARTESIAN_POINT('',(-0.0167046040941839,-0.012,-0.0034557847077121));
#10765=CARTESIAN_POINT('',(-0.0164051736337057,-0.012,-0.00338123912907201));
#10766=CARTESIAN_POINT('',(-0.016477290046018,-0.012,-0.00339598057964175));
#10767=CARTESIAN_POINT('',(-0.0165671391671796,-0.012,-0.00341434680635589));
#10768=CARTESIAN_POINT('',(-0.0165786685688342,-0.012,-0.00341733634740722));
#10769=CARTESIAN_POINT('',(-0.0165968693476627,-0.012,-0.00342196274994023));
#10770=CARTESIAN_POINT('',(-0.0166190189807971,-0.012,-0.00342821426668398));
#10771=CARTESIAN_POINT('',(-0.0166483715916001,-0.012,-0.00343705936976337));
#10772=CARTESIAN_POINT('',(-0.0166837065659383,-0.012,-0.00344851269969624));
#10773=CARTESIAN_POINT('',(-0.0167252850922141,-0.012,-0.00346290350974591));
#10774=CARTESIAN_POINT('',(-0.0167728905865743,-0.012,-0.00348045803229786));
#10775=CARTESIAN_POINT('',(-0.0168264436591267,-0.012,-0.00350143024083696));
#10776=CARTESIAN_POINT('',(-0.0168858141567387,-0.012,-0.00352606159373878));
#10777=CARTESIAN_POINT('',(-0.0169508774784019,-0.012,-0.00355459281113442));
#10778=CARTESIAN_POINT('',(-0.0170214980329297,-0.012,-0.00358726013490765));
#10779=CARTESIAN_POINT('',(-0.0170975341749113,-0.012,-0.00362429616514651));
#10780=CARTESIAN_POINT('',(-0.0171788368980329,-0.012,-0.00366592936875588));
#10781=CARTESIAN_POINT('',(-0.0172652503420227,-0.012,-0.00371238397496715));
#10782=CARTESIAN_POINT('',(-0.0173566117875461,-0.012,-0.00376387976759924));
#10783=CARTESIAN_POINT('',(-0.0174527518036256,-0.012,-0.00382063189555007));
#10784=CARTESIAN_POINT('',(-0.0175534943607715,-0.012,-0.00388285074083032));
#10785=CARTESIAN_POINT('',(-0.0176586569502486,-0.012,-0.00395074154457248));
#10786=CARTESIAN_POINT('',(-0.0177680507453882,-0.012,-0.00402450499900447));
#10787=CARTESIAN_POINT('',(-0.0178814806099075,-0.012,-0.00410433410192794));
#10788=CARTESIAN_POINT('',(-0.0179987457240602,-0.012,-0.00419042551014719));
#10789=CARTESIAN_POINT('',(-0.0181196378411989,-0.012,-0.00428293482808606));
#10790=CARTESIAN_POINT('',(-0.0182439487156544,-0.012,-0.00438214841523537));
#10791=CARTESIAN_POINT('',(-0.0183532471803562,-0.012,-0.00447273955366877));
#10792=CARTESIAN_POINT('',(-0.0184211026589708,-0.012,-0.00453132761817285));
#10793=CARTESIAN_POINT('',(-0.0184463493591977,-0.012,-0.00455326205246573));
#10794=CARTESIAN_POINT('',(-0.0158979166848198,-0.012,-0.00527434783480651));
#10795=CARTESIAN_POINT('',(-0.0159677420551969,-0.012,-0.00529763957028064));
#10796=CARTESIAN_POINT('',(-0.0160547367899876,-0.012,-0.00532665851195534));
#10797=CARTESIAN_POINT('',(-0.0160662163152367,-0.012,-0.00532983419428655));
#10798=CARTESIAN_POINT('',(-0.0160842918533373,-0.012,-0.00533492800157907));
#10799=CARTESIAN_POINT('',(-0.016106599756688,-0.012,-0.00534058884583398));
#10800=CARTESIAN_POINT('',(-0.0161364424148505,-0.012,-0.00534760506726964));
#10801=CARTESIAN_POINT('',(-0.0161727700652359,-0.012,-0.00535535367975895));
#10802=CARTESIAN_POINT('',(-0.0162159735302676,-0.012,-0.00536368013581282));
#10803=CARTESIAN_POINT('',(-0.0162659783590191,-0.012,-0.00537228022051158));
#10804=CARTESIAN_POINT('',(-0.0163228427845698,-0.012,-0.00538089429141945));
#10805=CARTESIAN_POINT('',(-0.0163865748201881,-0.012,-0.00538924816288294));
#10806=CARTESIAN_POINT('',(-0.0164571869183008,-0.012,-0.00539707106464904));
#10807=CARTESIAN_POINT('',(-0.0165346797744378,-0.012,-0.00540409060965163));
#10808=CARTESIAN_POINT('',(-0.0166190470201191,-0.012,-0.00541003453760024));
#10809=CARTESIAN_POINT('',(-0.0167102738455439,-0.012,-0.00541463048719439));
#10810=CARTESIAN_POINT('',(-0.0168083373863732,-0.012,-0.00541760634008754));
#10811=CARTESIAN_POINT('',(-0.0169132066154389,-0.012,-0.0054186903982418));
#10812=CARTESIAN_POINT('',(-0.0170248423756596,-0.012,-0.00541761162175737));
#10813=CARTESIAN_POINT('',(-0.0171431974120302,-0.012,-0.00541409979972347));
#10814=CARTESIAN_POINT('',(-0.0172682162879162,-0.012,-0.00540788593373798));
#10815=CARTESIAN_POINT('',(-0.0173998358207394,-0.012,-0.00539870180589874));
#10816=CARTESIAN_POINT('',(-0.0175379835164228,-0.012,-0.00538628270706539));
#10817=CARTESIAN_POINT('',(-0.0176825837883662,-0.012,-0.00537035791757626));
#10818=CARTESIAN_POINT('',(-0.017833534091895,-0.012,-0.00535068855672375));
#10819=CARTESIAN_POINT('',(-0.0179907972607149,-0.012,-0.00532692250707968));
#10820=CARTESIAN_POINT('',(-0.018130748076958,-0.012,-0.00530311751218949));
#10821=CARTESIAN_POINT('',(-0.0182188066774762,-0.012,-0.00528630649927765));
#10822=CARTESIAN_POINT('',(-0.0182516381783809,-0.012,-0.00527993407207588));
#10823=CARTESIAN_POINT('',(-0.0161945038595808,-0.012,-0.0053595047002035));
#10824=CARTESIAN_POINT('',(-0.0161269268077468,-0.012,-0.00571153825683835));
#10825=CARTESIAN_POINT('',(-0.0157890311789504,-0.012,-0.00559186859914746));
#10826=CARTESIAN_POINT('',(-9.21510975582187E-16,-0.012,-3.33844957460206E-16));
#10827=CARTESIAN_POINT('',(-0.0156894834473944,-0.012,-0.00586537374375537));
#10828=CARTESIAN_POINT('',(-0.0160252486894073,-0.012,-0.00599089659102888));
#10829=CARTESIAN_POINT('',(-0.0158507329060484,-0.012,-0.00630400763249849));
#10830=CARTESIAN_POINT('',(-0.0155687961709653,-0.012,-0.00617859901490093));
#10831=CARTESIAN_POINT('',(-0.0156372571469023,-0.012,-0.00620563939329056));
#10832=CARTESIAN_POINT('',(-0.0157225519962241,-0.012,-0.00623932873190692));
#10833=CARTESIAN_POINT('',(-0.0157333871120055,-0.012,-0.00624427491469914));
#10834=CARTESIAN_POINT('',(-0.0157505080137377,-0.012,-0.00625199156385788));
#10835=CARTESIAN_POINT('',(-0.0157712355796845,-0.012,-0.00626199434944498));
#10836=CARTESIAN_POINT('',(-0.0157986063223435,-0.012,-0.00627580210290946));
#10837=CARTESIAN_POINT('',(-0.0158314156291532,-0.012,-0.00629321728492689));
#10838=CARTESIAN_POINT('',(-0.0158698635462482,-0.012,-0.00631460950155383));
#10839=CARTESIAN_POINT('',(-0.015913697495329,-0.012,-0.00634016393880598));
#10840=CARTESIAN_POINT('',(-0.0159627951905818,-0.012,-0.00637011692583025));
#10841=CARTESIAN_POINT('',(-0.0160169865273855,-0.012,-0.00640468365185267));
#10842=CARTESIAN_POINT('',(-0.0160761069970888,-0.012,-0.00644407954318655));
#10843=CARTESIAN_POINT('',(-0.0161399820454673,-0.012,-0.00648851370750814));
#10844=CARTESIAN_POINT('',(-0.0162084317884409,-0.012,-0.0065381906147201));
#10845=CARTESIAN_POINT('',(-0.0162812698105748,-0.012,-0.00659330938612677));
#10846=CARTESIAN_POINT('',(-0.0163583036824676,-0.012,-0.00665406377956151));
#10847=CARTESIAN_POINT('',(-0.0164393349917973,-0.012,-0.00672064198391725));
#10848=CARTESIAN_POINT('',(-0.0165241595214099,-0.012,-0.00679322645811626));
#10849=CARTESIAN_POINT('',(-0.016612567383646,-0.012,-0.0068719938207936));
#10850=CARTESIAN_POINT('',(-0.0167043432027397,-0.012,-0.00695711450269854));
#10851=CARTESIAN_POINT('',(-0.016799266170884,-0.012,-0.00704875335768618));
#10852=CARTESIAN_POINT('',(-0.0168971106026384,-0.012,-0.00714706656642802));
#10853=CARTESIAN_POINT('',(-0.0169976445800637,-0.012,-0.00725221292608659));
#10854=CARTESIAN_POINT('',(-0.0171006359998227,-0.012,-0.00736430951545409));
#10855=CARTESIAN_POINT('',(-0.017205830054162,-0.012,-0.00748360218209628));
#10856=CARTESIAN_POINT('',(-0.0172977370434909,-0.012,-0.00759179651679695));
#10857=CARTESIAN_POINT('',(-0.0173543879342806,-0.012,-0.00766127747716067));
#10858=CARTESIAN_POINT('',(-0.0173754422058591,-0.012,-0.00768726272159677));
#10859=CARTESIAN_POINT('',(-0.014740510718057,-0.012,-0.00795486290082025));
#10860=CARTESIAN_POINT('',(-0.0148052307167416,-0.012,-0.00798992583081719));
#10861=CARTESIAN_POINT('',(-0.0148858647196951,-0.012,-0.00803361038672567));
#10862=CARTESIAN_POINT('',(-0.0148966183937116,-0.012,-0.00803873122194653));
#10863=CARTESIAN_POINT('',(-0.0149135347934192,-0.012,-0.00804688642711207));
#10864=CARTESIAN_POINT('',(-0.0149345207943035,-0.012,-0.00805633499718733));
#10865=CARTESIAN_POINT('',(-0.014962691721366,-0.012,-0.00806842674966067));
#10866=CARTESIAN_POINT('',(-0.014997121940676,-0.012,-0.00808236587360357));
#10867=CARTESIAN_POINT('',(-0.0150382231740761,-0.012,-0.00809806803505219));
#10868=CARTESIAN_POINT('',(-0.0150859749280829,-0.012,-0.00811522071252734));
#10869=CARTESIAN_POINT('',(-0.0151404796375203,-0.012,-0.00813357832021334));
#10870=CARTESIAN_POINT('',(-0.0152017928057564,-0.012,-0.00815287222944238));
#10871=CARTESIAN_POINT('',(-0.0152699737147985,-0.012,-0.00817283794591121));
#10872=CARTESIAN_POINT('',(-0.0153450703491275,-0.012,-0.00819320734150277));
#10873=CARTESIAN_POINT('',(-0.0154271237145182,-0.012,-0.00821371118629724));
#10874=CARTESIAN_POINT('',(-0.0155161665212076,-0.012,-0.00823407868507937));
#10875=CARTESIAN_POINT('',(-0.0156122235050722,-0.012,-0.00825403788324095));
#10876=CARTESIAN_POINT('',(-0.0157153112901856,-0.012,-0.00827331582263658));
#10877=CARTESIAN_POINT('',(-0.0158254383799349,-0.012,-0.00829163878151572));
#10878=CARTESIAN_POINT('',(-0.0159426051588572,-0.012,-0.00830873244833299));
#10879=CARTESIAN_POINT('',(-0.0160668037436073,-0.012,-0.00832432228490588));
#10880=CARTESIAN_POINT('',(-0.0161980184870422,-0.012,-0.00833813317662526));
#10881=CARTESIAN_POINT('',(-0.0163362239626927,-0.012,-0.00834989184741305));
#10882=CARTESIAN_POINT('',(-0.0164813927422648,-0.012,-0.0083593185649722));
#10883=CARTESIAN_POINT('',(-0.0166334653201674,-0.012,-0.00836616027103391));
#10884=CARTESIAN_POINT('',(-0.0167924662392955,-0.012,-0.00837006374376565));
#10885=CARTESIAN_POINT('',(-0.0169344245821541,-0.012,-0.00837092260444098));
#10886=CARTESIAN_POINT('',(-0.0170240645764207,-0.012,-0.0083696582040973));
#10887=CARTESIAN_POINT('',(-0.0170575038534256,-0.012,-0.00836908371868567));
#10888=CARTESIAN_POINT('',(-0.0150178047327137,-0.012,-0.00809022786450207));
#10889=CARTESIAN_POINT('',(-0.0148901243425546,-0.012,-0.00842517860849344));
#10890=CARTESIAN_POINT('',(-0.014578142525587,-0.012,-0.00824865204161702));
#10891=CARTESIAN_POINT('',(-8.49539584752923E-16,-0.012,-4.88791804020764E-16));
#10892=CARTESIAN_POINT('',(-0.0144326134778122,-0.012,-0.00850071574634005));
#10893=CARTESIAN_POINT('',(-0.0147414808776538,-0.012,-0.00868263664191459));
#10894=CARTESIAN_POINT('',(-0.0145152452194204,-0.012,-0.00896068647535319));
#10895=CARTESIAN_POINT('',(-0.0142593687147612,-0.012,-0.00878822529618405));
#10896=CARTESIAN_POINT('',(-0.0143220941022119,-0.012,-0.00882674299417929));
#10897=CARTESIAN_POINT('',(-0.0144002430388585,-0.012,-0.00887473181119163));
#10898=CARTESIAN_POINT('',(-0.0144100546492566,-0.012,-0.00888148434846349));
#10899=CARTESIAN_POINT('',(-0.0144255754639568,-0.012,-0.00889205677776809));
#10900=CARTESIAN_POINT('',(-0.0144442511661136,-0.012,-0.00890550690262014));
#10901=CARTESIAN_POINT('',(-0.0144688083944631,-0.012,-0.00892385776486775));
#10902=CARTESIAN_POINT('',(-0.0144980951395591,-0.012,-0.00894670564747665));
#10903=CARTESIAN_POINT('',(-0.0145322442269679,-0.012,-0.00897444927900362));
#10904=CARTESIAN_POINT('',(-0.0145709747584078,-0.012,-0.00900722717231123));
#10905=CARTESIAN_POINT('',(-0.0146141252677352,-0.012,-0.0090452508314669));
#10906=CARTESIAN_POINT('',(-0.0146614908673839,-0.012,-0.00908870263813132));
#10907=CARTESIAN_POINT('',(-0.0147128721395718,-0.012,-0.00913776617918054));
#10908=CARTESIAN_POINT('',(-0.0147680608707783,-0.012,-0.00919261707445237));
#10909=CARTESIAN_POINT('',(-0.0148268444039409,-0.012,-0.00925342545094951));
#10910=CARTESIAN_POINT('',(-0.0148890045786425,-0.012,-0.00932035503417574));
#10911=CARTESIAN_POINT('',(-0.0149543182432219,-0.012,-0.00939356322333263));
#10912=CARTESIAN_POINT('',(-0.0150225573210278,-0.012,-0.00947320089436287));
#10913=CARTESIAN_POINT('',(-0.0150934890137643,-0.012,-0.00955941227229105));
#10914=CARTESIAN_POINT('',(-0.015166875952933,-0.012,-0.00965233484590873));
#10915=CARTESIAN_POINT('',(-0.0152424764398211,-0.012,-0.00975209905712993));
#10916=CARTESIAN_POINT('',(-0.0153200443946164,-0.012,-0.0098588289124359));
#10917=CARTESIAN_POINT('',(-0.0153993304400586,-0.012,-0.00997263902989738));
#10918=CARTESIAN_POINT('',(-0.0154800786067252,-0.012,-0.0100936455220637));
#10919=CARTESIAN_POINT('',(-0.0155620399869311,-0.012,-0.0102219233847155));
#10920=CARTESIAN_POINT('',(-0.0156449209530439,-0.012,-0.0103576704835396));
#10921=CARTESIAN_POINT('',(-0.0157166439196364,-0.012,-0.0104801805843967));
#10922=CARTESIAN_POINT('',(-0.0157603689139514,-0.012,-0.0105584432967984));
#10923=CARTESIAN_POINT('',(-0.0157765910334933,-0.012,-0.0105876898028747));
#10924=CARTESIAN_POINT('',(-0.0131352217921844,-0.012,-0.0103936734829474));
#10925=CARTESIAN_POINT('',(-0.0131928699347662,-0.012,-0.0104394422380819));
#10926=CARTESIAN_POINT('',(-0.0132646931825056,-0.012,-0.0104964650750983));
#10927=CARTESIAN_POINT('',(-0.0132743942603461,-0.012,-0.0105033754692219));
#10928=CARTESIAN_POINT('',(-0.0132896375254158,-0.012,-0.0105143442804783));
#10929=CARTESIAN_POINT('',(-0.0133086639748163,-0.012,-0.0105272934863533));
#10930=CARTESIAN_POINT('',(-0.0133343072114151,-0.012,-0.0105440933680842));
#10931=CARTESIAN_POINT('',(-0.0133657938548586,-0.012,-0.0105637994702532));
#10932=CARTESIAN_POINT('',(-0.0134035440164483,-0.012,-0.0105864002348666));
#10933=CARTESIAN_POINT('',(-0.0134475917828285,-0.012,-0.0106115843296928));
#10934=CARTESIAN_POINT('',(-0.0134980806781371,-0.012,-0.0106391276875368));
#10935=CARTESIAN_POINT('',(-0.0135551120094001,-0.012,-0.0106687753988626));
#10936=CARTESIAN_POINT('',(-0.0136187900869516,-0.012,-0.0107002772818424));
#10937=CARTESIAN_POINT('',(-0.0136892087262392,-0.012,-0.0107333776142453));
#10938=CARTESIAN_POINT('',(-0.013766455061353,-0.012,-0.010767818376937));
#10939=CARTESIAN_POINT('',(-0.0138506083286836,-0.012,-0.0108033385687631));
#10940=CARTESIAN_POINT('',(-0.013941740112736,-0.012,-0.0108396746620568));
#10941=CARTESIAN_POINT('',(-0.0140399141837113,-0.012,-0.0108765607322603));
#10942=CARTESIAN_POINT('',(-0.0141451864470942,-0.012,-0.0109137286926694));
#10943=CARTESIAN_POINT('',(-0.0142576049152799,-0.012,-0.0109509084659214));
#10944=CARTESIAN_POINT('',(-0.0143772094977439,-0.012,-0.0109878283157572));
#10945=CARTESIAN_POINT('',(-0.0145040325582091,-0.012,-0.011024214590079));
#10946=CARTESIAN_POINT('',(-0.0146380965103843,-0.012,-0.0110597937492262));
#10947=CARTESIAN_POINT('',(-0.0147794229176767,-0.012,-0.0110942855477908));
#10948=CARTESIAN_POINT('',(-0.014927997121626,-0.012,-0.0111274304389901));
#10949=CARTESIAN_POINT('',(-0.015083904628593,-0.012,-0.0111588848290539));
#10950=CARTESIAN_POINT('',(-0.0152235571656538,-0.012,-0.0111843814492477));
#10951=CARTESIAN_POINT('',(-0.015312054887803,-0.012,-0.0111987020796368));
#10952=CARTESIAN_POINT('',(-0.0153450859053974,-0.012,-0.0112039429914639));
#10953=CARTESIAN_POINT('',(-0.0133847972084189,-0.012,-0.0105751335489906));
#10954=CARTESIAN_POINT('',(-0.0132008929839802,-0.012,-0.0108828241714755));
#10955=CARTESIAN_POINT('',(-0.0129243043884796,-0.012,-0.0106548043658214));
#10956=CARTESIAN_POINT('',(-7.51755363528713E-16,-0.012,-6.28886958956737E-16));
#10957=CARTESIAN_POINT('',(-0.0127372158509614,-0.012,-0.0108777678025419));
#10958=CARTESIAN_POINT('',(-0.0130098006289821,-0.012,-0.0111105591720619));
#10959=CARTESIAN_POINT('',(-0.0127387191518688,-0.012,-0.0113450993939804));
#10960=CARTESIAN_POINT('',(-0.0125166775557478,-0.012,-0.0111308257988992));
#10961=CARTESIAN_POINT('',(-0.0125717614755552,-0.012,-0.0111796504757373));
#10962=CARTESIAN_POINT('',(-0.0126403899836318,-0.012,-0.0112404806552243));
#10963=CARTESIAN_POINT('',(-0.0126488799678295,-0.012,-0.0112488343745477));
#10964=CARTESIAN_POINT('',(-0.0126623291033971,-0.012,-0.0112619413460837));
#10965=CARTESIAN_POINT('',(-0.0126783854900041,-0.012,-0.0112784301349631));
#10966=CARTESIAN_POINT('',(-0.0126993830450872,-0.012,-0.0113007665243304));
#10967=CARTESIAN_POINT('',(-0.0127242573655397,-0.012,-0.0113283528861793));
#10968=CARTESIAN_POINT('',(-0.0127530700205217,-0.012,-0.0113616049564013));
#10969=CARTESIAN_POINT('',(-0.0127855203267212,-0.012,-0.0114006103660627));
#10970=CARTESIAN_POINT('',(-0.0128214125437328,-0.012,-0.0114455493677072));
#10971=CARTESIAN_POINT('',(-0.0128605132264493,-0.012,-0.0114965659938558));
#10972=CARTESIAN_POINT('',(-0.0129025941071664,-0.012,-0.0115538064137529));
#10973=CARTESIAN_POINT('',(-0.0129474196395301,-0.012,-0.011617407423278));
#10974=CARTESIAN_POINT('',(-0.0129947508549725,-0.012,-0.011687499637311));
#10975=CARTESIAN_POINT('',(-0.013044344476788,-0.012,-0.0117642064108385));
#10976=CARTESIAN_POINT('',(-0.013095953411406,-0.012,-0.0118476440019351));
#10977=CARTESIAN_POINT('',(-0.0131493268478397,-0.012,-0.0119379213893042));
#10978=CARTESIAN_POINT('',(-0.0132042104801095,-0.012,-0.0120351401818683));
#10979=CARTESIAN_POINT('',(-0.0132603466711998,-0.012,-0.012139394561048));
#10980=CARTESIAN_POINT('',(-0.0133174747433437,-0.012,-0.0122507710165106));
#10981=CARTESIAN_POINT('',(-0.0133753308217349,-0.012,-0.0123693489394894));
#10982=CARTESIAN_POINT('',(-0.0134336494144948,-0.012,-0.0124951979028421));
#10983=CARTESIAN_POINT('',(-0.0134921582782191,-0.012,-0.0126283878064839));
#10984=CARTESIAN_POINT('',(-0.013550599263809,-0.012,-0.0127689492844751));
#10985=CARTESIAN_POINT('',(-0.0136086488454796,-0.012,-0.0129170262085748));
#10986=CARTESIAN_POINT('',(-0.0136580085232892,-0.012,-0.0130501296681667));
#10987=CARTESIAN_POINT('',(-0.0136874790593033,-0.012,-0.0131347961596931));
#10988=CARTESIAN_POINT('',(-0.0136983761259152,-0.012,-0.0131664152871219));
#10989=CARTESIAN_POINT('',(-0.0111308257988992,-0.012,-0.0125166775557478));
#10990=CARTESIAN_POINT('',(-0.0111796504757374,-0.012,-0.0125717614755552));
#10991=CARTESIAN_POINT('',(-0.0112404806552243,-0.012,-0.0126403899836318));
#10992=CARTESIAN_POINT('',(-0.0112488343745477,-0.012,-0.0126488799678295));
#10993=CARTESIAN_POINT('',(-0.0112619413460837,-0.012,-0.0126623291033971));
#10994=CARTESIAN_POINT('',(-0.0112784301349631,-0.012,-0.0126783854900041));
#10995=CARTESIAN_POINT('',(-0.0113007665243304,-0.012,-0.0126993830450872));
#10996=CARTESIAN_POINT('',(-0.0113283528861793,-0.012,-0.0127242573655397));
#10997=CARTESIAN_POINT('',(-0.0113616049564013,-0.012,-0.0127530700205217));
#10998=CARTESIAN_POINT('',(-0.0114006103660627,-0.012,-0.0127855203267212));
#10999=CARTESIAN_POINT('',(-0.0114455493677072,-0.012,-0.0128214125437328));
#11000=CARTESIAN_POINT('',(-0.0114965659938558,-0.012,-0.0128605132264493));
#11001=CARTESIAN_POINT('',(-0.0115538064137529,-0.012,-0.0129025941071664));
#11002=CARTESIAN_POINT('',(-0.0116174074232781,-0.012,-0.0129474196395301));
#11003=CARTESIAN_POINT('',(-0.011687499637311,-0.012,-0.0129947508549725));
#11004=CARTESIAN_POINT('',(-0.0117642064108385,-0.012,-0.013044344476788));
#11005=CARTESIAN_POINT('',(-0.0118476440019351,-0.012,-0.013095953411406));
#11006=CARTESIAN_POINT('',(-0.0119379213893042,-0.012,-0.0131493268478397));
#11007=CARTESIAN_POINT('',(-0.0120351401818683,-0.012,-0.0132042104801095));
#11008=CARTESIAN_POINT('',(-0.012139394561048,-0.012,-0.0132603466711998));
#11009=CARTESIAN_POINT('',(-0.0122507710165106,-0.012,-0.0133174747433437));
#11010=CARTESIAN_POINT('',(-0.0123693489394894,-0.012,-0.0133753308217349));
#11011=CARTESIAN_POINT('',(-0.0124951979028421,-0.012,-0.0134336494144948));
#11012=CARTESIAN_POINT('',(-0.0126283878064839,-0.012,-0.0134921582782191));
#11013=CARTESIAN_POINT('',(-0.0127689492844751,-0.012,-0.013550599263809));
#11014=CARTESIAN_POINT('',(-0.0129170262085748,-0.012,-0.0136086488454796));
#11015=CARTESIAN_POINT('',(-0.0130501296681667,-0.012,-0.0136580085232892));
#11016=CARTESIAN_POINT('',(-0.0131347961596931,-0.012,-0.0136874790593033));
#11017=CARTESIAN_POINT('',(-0.0131664152871219,-0.012,-0.0136983761259152));
#11018=CARTESIAN_POINT('',(-0.0113450993939804,-0.012,-0.0127387191518688));
#11019=CARTESIAN_POINT('',(-0.0111105591720619,-0.012,-0.0130098006289821));
#11020=CARTESIAN_POINT('',(-0.0108777678025419,-0.012,-0.0127372158509614));
#11021=CARTESIAN_POINT('',(-6.31129435990253E-16,-0.012,-7.49873701876967E-16));
#11022=CARTESIAN_POINT('',(-0.0106548043658214,-0.012,-0.0129243043884796));
#11023=CARTESIAN_POINT('',(-0.0108828241714755,-0.012,-0.0132008929839802));
#11024=CARTESIAN_POINT('',(-0.0105751335489906,-0.012,-0.0133847972084189));
#11025=CARTESIAN_POINT('',(-0.0103936734829474,-0.012,-0.0131352217921844));
#11026=CARTESIAN_POINT('',(-0.0104394422380819,-0.012,-0.0131928699347662));
#11027=CARTESIAN_POINT('',(-0.0104964650750983,-0.012,-0.0132646931825056));
#11028=CARTESIAN_POINT('',(-0.0105033754692219,-0.012,-0.0132743942603461));
#11029=CARTESIAN_POINT('',(-0.0105143442804783,-0.012,-0.0132896375254158));
#11030=CARTESIAN_POINT('',(-0.0105272934863533,-0.012,-0.0133086639748162));
#11031=CARTESIAN_POINT('',(-0.0105440933680842,-0.012,-0.0133343072114151));
#11032=CARTESIAN_POINT('',(-0.0105637994702532,-0.012,-0.0133657938548586));
#11033=CARTESIAN_POINT('',(-0.0105864002348666,-0.012,-0.0134035440164483));
#11034=CARTESIAN_POINT('',(-0.0106115843296928,-0.012,-0.0134475917828285));
#11035=CARTESIAN_POINT('',(-0.0106391276875368,-0.012,-0.0134980806781371));
#11036=CARTESIAN_POINT('',(-0.0106687753988626,-0.012,-0.0135551120094001));
#11037=CARTESIAN_POINT('',(-0.0107002772818424,-0.012,-0.0136187900869516));
#11038=CARTESIAN_POINT('',(-0.0107333776142453,-0.012,-0.0136892087262392));
#11039=CARTESIAN_POINT('',(-0.010767818376937,-0.012,-0.013766455061353));
#11040=CARTESIAN_POINT('',(-0.0108033385687631,-0.012,-0.0138506083286836));
#11041=CARTESIAN_POINT('',(-0.0108396746620568,-0.012,-0.013941740112736));
#11042=CARTESIAN_POINT('',(-0.0108765607322603,-0.012,-0.0140399141837113));
#11043=CARTESIAN_POINT('',(-0.0109137286926694,-0.012,-0.0141451864470942));
#11044=CARTESIAN_POINT('',(-0.0109509084659214,-0.012,-0.0142576049152799));
#11045=CARTESIAN_POINT('',(-0.0109878283157572,-0.012,-0.0143772094977439));
#11046=CARTESIAN_POINT('',(-0.011024214590079,-0.012,-0.0145040325582091));
#11047=CARTESIAN_POINT('',(-0.0110597937492262,-0.012,-0.0146380965103843));
#11048=CARTESIAN_POINT('',(-0.0110942855477908,-0.012,-0.0147794229176767));
#11049=CARTESIAN_POINT('',(-0.0111274304389901,-0.012,-0.014927997121626));
#11050=CARTESIAN_POINT('',(-0.0111588848290539,-0.012,-0.015083904628593));
#11051=CARTESIAN_POINT('',(-0.0111843814492477,-0.012,-0.0152235571656538));
#11052=CARTESIAN_POINT('',(-0.0111987020796368,-0.012,-0.015312054887803));
#11053=CARTESIAN_POINT('',(-0.0112039429914639,-0.012,-0.0153450859053974));
#11054=CARTESIAN_POINT('',(-0.00878822529618405,-0.012,-0.0142593687147612));
#11055=CARTESIAN_POINT('',(-0.0088267429941793,-0.012,-0.0143220941022119));
#11056=CARTESIAN_POINT('',(-0.00887473181119164,-0.012,-0.0144002430388585));
#11057=CARTESIAN_POINT('',(-0.0088814843484635,-0.012,-0.0144100546492566));
#11058=CARTESIAN_POINT('',(-0.0088920567777681,-0.012,-0.0144255754639568));
#11059=CARTESIAN_POINT('',(-0.00890550690262015,-0.012,-0.0144442511661136));
#11060=CARTESIAN_POINT('',(-0.00892385776486776,-0.012,-0.014468808394463));
#11061=CARTESIAN_POINT('',(-0.00894670564747666,-0.012,-0.0144980951395591));
#11062=CARTESIAN_POINT('',(-0.00897444927900362,-0.012,-0.0145322442269679));
#11063=CARTESIAN_POINT('',(-0.00900722717231124,-0.012,-0.0145709747584078));
#11064=CARTESIAN_POINT('',(-0.0090452508314669,-0.012,-0.0146141252677352));
#11065=CARTESIAN_POINT('',(-0.00908870263813133,-0.012,-0.0146614908673839));
#11066=CARTESIAN_POINT('',(-0.00913776617918055,-0.012,-0.0147128721395718));
#11067=CARTESIAN_POINT('',(-0.00919261707445238,-0.012,-0.0147680608707783));
#11068=CARTESIAN_POINT('',(-0.00925342545094952,-0.012,-0.0148268444039409));
#11069=CARTESIAN_POINT('',(-0.00932035503417574,-0.012,-0.0148890045786425));
#11070=CARTESIAN_POINT('',(-0.00939356322333264,-0.012,-0.0149543182432219));
#11071=CARTESIAN_POINT('',(-0.00947320089436288,-0.012,-0.0150225573210278));
#11072=CARTESIAN_POINT('',(-0.00955941227229105,-0.012,-0.0150934890137643));
#11073=CARTESIAN_POINT('',(-0.00965233484590874,-0.012,-0.015166875952933));
#11074=CARTESIAN_POINT('',(-0.00975209905712993,-0.012,-0.0152424764398211));
#11075=CARTESIAN_POINT('',(-0.00985882891243591,-0.012,-0.0153200443946164));
#11076=CARTESIAN_POINT('',(-0.00997263902989738,-0.012,-0.0153993304400586));
#11077=CARTESIAN_POINT('',(-0.0100936455220637,-0.012,-0.0154800786067252));
#11078=CARTESIAN_POINT('',(-0.0102219233847155,-0.012,-0.0155620399869311));
#11079=CARTESIAN_POINT('',(-0.0103576704835396,-0.012,-0.0156449209530439));
#11080=CARTESIAN_POINT('',(-0.0104801805843967,-0.012,-0.0157166439196364));
#11081=CARTESIAN_POINT('',(-0.0105584432967984,-0.012,-0.0157603689139514));
#11082=CARTESIAN_POINT('',(-0.0105876898028747,-0.012,-0.0157765910334933));
#11083=CARTESIAN_POINT('',(-0.00896068647535319,-0.012,-0.0145152452194204));
#11084=CARTESIAN_POINT('',(-0.0086826366419146,-0.012,-0.0147414808776538));
#11085=CARTESIAN_POINT('',(-0.00850071574634005,-0.012,-0.0144326134778122));
#11086=CARTESIAN_POINT('',(-4.91326959906133E-16,-0.012,-8.48075911820067E-16));
#11087=CARTESIAN_POINT('',(-0.00824865204161702,-0.012,-0.014578142525587));
#11088=CARTESIAN_POINT('',(-0.00842517860849345,-0.012,-0.0148901243425545));
#11089=CARTESIAN_POINT('',(-0.00809022786450208,-0.012,-0.0150178047327137));
#11090=CARTESIAN_POINT('',(-0.00795486290082026,-0.012,-0.014740510718057));
#11091=CARTESIAN_POINT('',(-0.00798992583081719,-0.012,-0.0148052307167416));
#11092=CARTESIAN_POINT('',(-0.00803361038672568,-0.012,-0.0148858647196951));
#11093=CARTESIAN_POINT('',(-0.00803873122194653,-0.012,-0.0148966183937116));
#11094=CARTESIAN_POINT('',(-0.00804688642711207,-0.012,-0.0149135347934192));
#11095=CARTESIAN_POINT('',(-0.00805633499718733,-0.012,-0.0149345207943035));
#11096=CARTESIAN_POINT('',(-0.00806842674966067,-0.012,-0.014962691721366));
#11097=CARTESIAN_POINT('',(-0.00808236587360357,-0.012,-0.014997121940676));
#11098=CARTESIAN_POINT('',(-0.00809806803505219,-0.012,-0.0150382231740761));
#11099=CARTESIAN_POINT('',(-0.00811522071252734,-0.012,-0.0150859749280829));
#11100=CARTESIAN_POINT('',(-0.00813357832021335,-0.012,-0.0151404796375203));
#11101=CARTESIAN_POINT('',(-0.00815287222944239,-0.012,-0.0152017928057564));
#11102=CARTESIAN_POINT('',(-0.00817283794591121,-0.012,-0.0152699737147985));
#11103=CARTESIAN_POINT('',(-0.00819320734150278,-0.012,-0.0153450703491275));
#11104=CARTESIAN_POINT('',(-0.00821371118629724,-0.012,-0.0154271237145182));
#11105=CARTESIAN_POINT('',(-0.00823407868507938,-0.012,-0.0155161665212076));
#11106=CARTESIAN_POINT('',(-0.00825403788324096,-0.012,-0.0156122235050722));
#11107=CARTESIAN_POINT('',(-0.00827331582263658,-0.012,-0.0157153112901856));
#11108=CARTESIAN_POINT('',(-0.00829163878151572,-0.012,-0.0158254383799349));
#11109=CARTESIAN_POINT('',(-0.008308732448333,-0.012,-0.0159426051588572));
#11110=CARTESIAN_POINT('',(-0.00832432228490589,-0.012,-0.0160668037436073));
#11111=CARTESIAN_POINT('',(-0.00833813317662527,-0.012,-0.0161980184870422));
#11112=CARTESIAN_POINT('',(-0.00834989184741306,-0.012,-0.0163362239626926));
#11113=CARTESIAN_POINT('',(-0.00835931856497221,-0.012,-0.0164813927422648));
#11114=CARTESIAN_POINT('',(-0.00836616027103391,-0.012,-0.0166334653201674));
#11115=CARTESIAN_POINT('',(-0.00837006374376566,-0.012,-0.0167924662392955));
#11116=CARTESIAN_POINT('',(-0.00837092260444099,-0.012,-0.0169344245821541));
#11117=CARTESIAN_POINT('',(-0.0083696582040973,-0.012,-0.0170240645764207));
#11118=CARTESIAN_POINT('',(-0.00836908371868568,-0.012,-0.0170575038534256));
#11119=CARTESIAN_POINT('',(-0.00617859901490093,-0.012,-0.0155687961709653));
#11120=CARTESIAN_POINT('',(-0.00620563939329056,-0.012,-0.0156372571469023));
#11121=CARTESIAN_POINT('',(-0.00623932873190691,-0.012,-0.0157225519962241));
#11122=CARTESIAN_POINT('',(-0.00624427491469914,-0.012,-0.0157333871120055));
#11123=CARTESIAN_POINT('',(-0.00625199156385788,-0.012,-0.0157505080137377));
#11124=CARTESIAN_POINT('',(-0.00626199434944498,-0.012,-0.0157712355796846));
#11125=CARTESIAN_POINT('',(-0.00627580210290946,-0.012,-0.0157986063223435));
#11126=CARTESIAN_POINT('',(-0.00629321728492689,-0.012,-0.0158314156291532));
#11127=CARTESIAN_POINT('',(-0.00631460950155383,-0.012,-0.0158698635462482));
#11128=CARTESIAN_POINT('',(-0.00634016393880598,-0.012,-0.015913697495329));
#11129=CARTESIAN_POINT('',(-0.00637011692583025,-0.012,-0.0159627951905818));
#11130=CARTESIAN_POINT('',(-0.00640468365185267,-0.012,-0.0160169865273855));
#11131=CARTESIAN_POINT('',(-0.00644407954318654,-0.012,-0.0160761069970888));
#11132=CARTESIAN_POINT('',(-0.00648851370750814,-0.012,-0.0161399820454673));
#11133=CARTESIAN_POINT('',(-0.0065381906147201,-0.012,-0.0162084317884409));
#11134=CARTESIAN_POINT('',(-0.00659330938612677,-0.012,-0.0162812698105748));
#11135=CARTESIAN_POINT('',(-0.0066540637795615,-0.012,-0.0163583036824676));
#11136=CARTESIAN_POINT('',(-0.00672064198391725,-0.012,-0.0164393349917973));
#11137=CARTESIAN_POINT('',(-0.00679322645811626,-0.012,-0.01652415952141));
#11138=CARTESIAN_POINT('',(-0.0068719938207936,-0.012,-0.016612567383646));
#11139=CARTESIAN_POINT('',(-0.00695711450269854,-0.012,-0.0167043432027397));
#11140=CARTESIAN_POINT('',(-0.00704875335768617,-0.012,-0.016799266170884));
#11141=CARTESIAN_POINT('',(-0.00714706656642802,-0.012,-0.0168971106026384));
#11142=CARTESIAN_POINT('',(-0.00725221292608659,-0.012,-0.0169976445800637));
#11143=CARTESIAN_POINT('',(-0.00736430951545409,-0.012,-0.0171006359998227));
#11144=CARTESIAN_POINT('',(-0.00748360218209628,-0.012,-0.017205830054162));
#11145=CARTESIAN_POINT('',(-0.00759179651679695,-0.012,-0.0172977370434909));
#11146=CARTESIAN_POINT('',(-0.00766127747716067,-0.012,-0.0173543879342806));
#11147=CARTESIAN_POINT('',(-0.00768726272159677,-0.012,-0.0173754422058591));
#11148=CARTESIAN_POINT('',(-0.00630400763249848,-0.012,-0.0158507329060484));
#11149=CARTESIAN_POINT('',(-0.00599089659102888,-0.012,-0.0160252486894073));
#11150=CARTESIAN_POINT('',(-0.00586537374375537,-0.012,-0.0156894834473944));
#11151=CARTESIAN_POINT('',(-3.36595762768703E-16,-0.012,-9.20509764329633E-16));
#11152=CARTESIAN_POINT('',(-0.00559186859914746,-0.012,-0.0157890311789504));
#11153=CARTESIAN_POINT('',(-0.00571153825683835,-0.012,-0.0161269268077468));
#11154=CARTESIAN_POINT('',(-0.0053595047002035,-0.012,-0.0161945038595809));
#11155=CARTESIAN_POINT('',(-0.00527434783480651,-0.012,-0.0158979166848198));
#11156=CARTESIAN_POINT('',(-0.00529763957028064,-0.012,-0.0159677420551969));
#11157=CARTESIAN_POINT('',(-0.00532665851195534,-0.012,-0.0160547367899876));
#11158=CARTESIAN_POINT('',(-0.00532983419428655,-0.012,-0.0160662163152367));
#11159=CARTESIAN_POINT('',(-0.00533492800157907,-0.012,-0.0160842918533373));
#11160=CARTESIAN_POINT('',(-0.00534058884583398,-0.012,-0.016106599756688));
#11161=CARTESIAN_POINT('',(-0.00534760506726964,-0.012,-0.0161364424148506));
#11162=CARTESIAN_POINT('',(-0.00535535367975895,-0.012,-0.0161727700652359));
#11163=CARTESIAN_POINT('',(-0.00536368013581282,-0.012,-0.0162159735302676));
#11164=CARTESIAN_POINT('',(-0.00537228022051158,-0.012,-0.0162659783590191));
#11165=CARTESIAN_POINT('',(-0.00538089429141945,-0.012,-0.0163228427845698));
#11166=CARTESIAN_POINT('',(-0.00538924816288294,-0.012,-0.0163865748201881));
#11167=CARTESIAN_POINT('',(-0.00539707106464903,-0.012,-0.0164571869183008));
#11168=CARTESIAN_POINT('',(-0.00540409060965163,-0.012,-0.0165346797744378));
#11169=CARTESIAN_POINT('',(-0.00541003453760024,-0.012,-0.0166190470201191));
#11170=CARTESIAN_POINT('',(-0.00541463048719439,-0.012,-0.0167102738455439));
#11171=CARTESIAN_POINT('',(-0.00541760634008754,-0.012,-0.0168083373863732));
#11172=CARTESIAN_POINT('',(-0.0054186903982418,-0.012,-0.0169132066154389));
#11173=CARTESIAN_POINT('',(-0.00541761162175737,-0.012,-0.0170248423756596));
#11174=CARTESIAN_POINT('',(-0.00541409979972346,-0.012,-0.0171431974120302));
#11175=CARTESIAN_POINT('',(-0.00540788593373798,-0.012,-0.0172682162879162));
#11176=CARTESIAN_POINT('',(-0.00539870180589874,-0.012,-0.0173998358207394));
#11177=CARTESIAN_POINT('',(-0.00538628270706539,-0.012,-0.0175379835164228));
#11178=CARTESIAN_POINT('',(-0.00537035791757625,-0.012,-0.0176825837883662));
#11179=CARTESIAN_POINT('',(-0.00535068855672375,-0.012,-0.017833534091895));
#11180=CARTESIAN_POINT('',(-0.00532692250707968,-0.012,-0.0179907972607149));
#11181=CARTESIAN_POINT('',(-0.00530311751218948,-0.012,-0.018130748076958));
#11182=CARTESIAN_POINT('',(-0.00528630649927765,-0.012,-0.0182188066774762));
#11183=CARTESIAN_POINT('',(-0.00527993407207588,-0.012,-0.0182516381783809));
#11184=CARTESIAN_POINT('',(-0.00338123912907201,-0.012,-0.0164051736337057));
#11185=CARTESIAN_POINT('',(-0.00339598057964175,-0.012,-0.016477290046018));
#11186=CARTESIAN_POINT('',(-0.00341434680635589,-0.012,-0.0165671391671796));
#11187=CARTESIAN_POINT('',(-0.00341733634740722,-0.012,-0.0165786685688342));
#11188=CARTESIAN_POINT('',(-0.00342196274994023,-0.012,-0.0165968693476627));
#11189=CARTESIAN_POINT('',(-0.00342821426668398,-0.012,-0.0166190189807971));
#11190=CARTESIAN_POINT('',(-0.00343705936976336,-0.012,-0.0166483715916001));
#11191=CARTESIAN_POINT('',(-0.00344851269969623,-0.012,-0.0166837065659383));
#11192=CARTESIAN_POINT('',(-0.00346290350974591,-0.012,-0.0167252850922141));
#11193=CARTESIAN_POINT('',(-0.00348045803229786,-0.012,-0.0167728905865743));
#11194=CARTESIAN_POINT('',(-0.00350143024083696,-0.012,-0.0168264436591267));
#11195=CARTESIAN_POINT('',(-0.00352606159373878,-0.012,-0.0168858141567387));
#11196=CARTESIAN_POINT('',(-0.00355459281113441,-0.012,-0.0169508774784019));
#11197=CARTESIAN_POINT('',(-0.00358726013490764,-0.012,-0.0170214980329297));
#11198=CARTESIAN_POINT('',(-0.00362429616514651,-0.012,-0.0170975341749113));
#11199=CARTESIAN_POINT('',(-0.00366592936875588,-0.012,-0.0171788368980329));
#11200=CARTESIAN_POINT('',(-0.00371238397496714,-0.012,-0.0172652503420227));
#11201=CARTESIAN_POINT('',(-0.00376387976759924,-0.012,-0.0173566117875461));
#11202=CARTESIAN_POINT('',(-0.00382063189555007,-0.012,-0.0174527518036256));
#11203=CARTESIAN_POINT('',(-0.00388285074083031,-0.012,-0.0175534943607715));
#11204=CARTESIAN_POINT('',(-0.00395074154457247,-0.012,-0.0176586569502486));
#11205=CARTESIAN_POINT('',(-0.00402450499900446,-0.012,-0.0177680507453882));
#11206=CARTESIAN_POINT('',(-0.00410433410192793,-0.012,-0.0178814806099075));
#11207=CARTESIAN_POINT('',(-0.00419042551014719,-0.012,-0.0179987457240602));
#11208=CARTESIAN_POINT('',(-0.00428293482808606,-0.012,-0.0181196378411989));
#11209=CARTESIAN_POINT('',(-0.00438214841523536,-0.012,-0.0182439487156544));
#11210=CARTESIAN_POINT('',(-0.00447273955366877,-0.012,-0.0183532471803563));
#11211=CARTESIAN_POINT('',(-0.00453132761817284,-0.012,-0.0184211026589708));
#11212=CARTESIAN_POINT('',(-0.00455326205246573,-0.012,-0.0184463493591977));
#11213=CARTESIAN_POINT('',(-0.0034557847077121,-0.012,-0.0167046040941839));
#11214=CARTESIAN_POINT('',(-0.00311712617876472,-0.012,-0.0168220974289002));
#11215=CARTESIAN_POINT('',(-0.00305181532798901,-0.012,-0.0164696364016894));
#11216=CARTESIAN_POINT('',(-1.7163727370522E-16,-0.012,-9.64974393450458E-16));
#11217=CARTESIAN_POINT('',(-0.00276517905891484,-0.012,-0.0165201781095768));
#11218=CARTESIAN_POINT('',(-0.00282435570542704,-0.012,-0.0168737207625045));
#11219=CARTESIAN_POINT('',(-0.0024659356976295,-0.012,-0.016879141181489));
#11220=CARTESIAN_POINT('',(-0.00243357437878096,-0.012,-0.0165722724978484));
#11221=CARTESIAN_POINT('',(-0.00244438721213609,-0.012,-0.0166450816313724));
#11222=CARTESIAN_POINT('',(-0.00245785881371851,-0.012,-0.0167357938070052));
#11223=CARTESIAN_POINT('',(-0.00245899285165941,-0.012,-0.0167476503839211));
#11224=CARTESIAN_POINT('',(-0.00246087048832192,-0.012,-0.0167663358443361));
#11225=CARTESIAN_POINT('',(-0.00246257160486832,-0.012,-0.0167892878357984));
#11226=CARTESIAN_POINT('',(-0.00246429911092836,-0.012,-0.0168198954709936));
#11227=CARTESIAN_POINT('',(-0.00246562177429457,-0.012,-0.0168570167551801));
#11228=CARTESIAN_POINT('',(-0.00246631952979989,-0.012,-0.0169010097364205));
#11229=CARTESIAN_POINT('',(-0.00246610571250054,-0.012,-0.0169517482684988));
#11230=CARTESIAN_POINT('',(-0.00246471451244467,-0.012,-0.0170092446133671));
#11231=CARTESIAN_POINT('',(-0.00246187451798546,-0.012,-0.0170734590507153));
#11232=CARTESIAN_POINT('',(-0.00245731691013724,-0.012,-0.017144356825029));
#11233=CARTESIAN_POINT('',(-0.00245077331922802,-0.012,-0.0172218913217534));
#11234=CARTESIAN_POINT('',(-0.00244197672708784,-0.012,-0.0173060089916571));
#11235=CARTESIAN_POINT('',(-0.00243066148189124,-0.012,-0.0173966479548898));
#11236=CARTESIAN_POINT('',(-0.00241656356973167,-0.012,-0.0174937384416183));
#11237=CARTESIAN_POINT('',(-0.0023994208080861,-0.012,-0.0175972027161776));
#11238=CARTESIAN_POINT('',(-0.0023789730743157,-0.012,-0.0177069551507856));
#11239=CARTESIAN_POINT('',(-0.00235496246836604,-0.012,-0.017822902286715));
#11240=CARTESIAN_POINT('',(-0.00232713370499578,-0.012,-0.0179449428184558));
#11241=CARTESIAN_POINT('',(-0.00229523361267491,-0.012,-0.0180729679477651));
#11242=CARTESIAN_POINT('',(-0.0022590140922541,-0.012,-0.0182068603156543));
#11243=CARTESIAN_POINT('',(-0.00221822166238699,-0.012,-0.0183464984738773));
#11244=CARTESIAN_POINT('',(-0.00217263887819661,-0.012,-0.0184917399544441));
#11245=CARTESIAN_POINT('',(-0.00212192542556895,-0.012,-0.0186424870111502));
#11246=CARTESIAN_POINT('',(-0.00207417987783706,-0.012,-0.0187761779660447));
#11247=CARTESIAN_POINT('',(-0.00204233304647763,-0.012,-0.0188599795567975));
#11248=CARTESIAN_POINT('',(-0.00203035630046163,-0.012,-0.0188912057130606));
#11249=CARTESIAN_POINT('',(-0.000481142003295799,-0.012,-0.0167430881970043));
#11250=CARTESIAN_POINT('',(-0.000483136614529612,-0.012,-0.0168166688249965));
#11251=CARTESIAN_POINT('',(-0.000485621680836588,-0.012,-0.0169083421979173));
#11252=CARTESIAN_POINT('',(-0.00048656374445497,-0.012,-0.01692021557041));
#11253=CARTESIAN_POINT('',(-0.000487959329462348,-0.012,-0.0169389432048801));
#11254=CARTESIAN_POINT('',(-0.000490269628189906,-0.012,-0.0169618418998074));
#11255=CARTESIAN_POINT('',(-0.000493883326902966,-0.012,-0.0169922845145284));
#11256=CARTESIAN_POINT('',(-0.000499026801116928,-0.012,-0.0170290715210802));
#11257=CARTESIAN_POINT('',(-0.0005059789471081,-0.012,-0.0170725173140558));
#11258=CARTESIAN_POINT('',(-0.000515000169675119,-0.012,-0.0171224478848385));
#11259=CARTESIAN_POINT('',(-0.000526354369785023,-0.012,-0.0171788291516803));
#11260=CARTESIAN_POINT('',(-0.0005403019383724,-0.012,-0.0172415748675737));
#11261=CARTESIAN_POINT('',(-0.000557101575226724,-0.012,-0.0173106041250917));
#11262=CARTESIAN_POINT('',(-0.000577009478349189,-0.012,-0.0173858244159551));
#11263=CARTESIAN_POINT('',(-0.000600279310577287,-0.012,-0.0174671366372467));
#11264=CARTESIAN_POINT('',(-0.000627161942565113,-0.012,-0.0175544337192551));
#11265=CARTESIAN_POINT('',(-0.000657905261850338,-0.012,-0.0176476011065736));
#11266=CARTESIAN_POINT('',(-0.000692753969157794,-0.012,-0.0177465167169994));
#11267=CARTESIAN_POINT('',(-0.000731949366170611,-0.012,-0.0178510510538068));
#11268=CARTESIAN_POINT('',(-0.000775729205924185,-0.012,-0.0179610672942417));
#11269=CARTESIAN_POINT('',(-0.000824327303786251,-0.012,-0.0180764213420358));
#11270=CARTESIAN_POINT('',(-0.000877974092425791,-0.012,-0.0181969620890612));
#11271=CARTESIAN_POINT('',(-0.000936893522634035,-0.012,-0.0183225308773105));
#11272=CARTESIAN_POINT('',(-0.00100131413553959,-0.012,-0.0184529640870358));
#11273=CARTESIAN_POINT('',(-0.00107142533323623,-0.012,-0.0185880836557494));
#11274=CARTESIAN_POINT('',(-0.00114754528625162,-0.012,-0.0187277342273053));
#11275=CARTESIAN_POINT('',(-0.00121778066251778,-0.012,-0.0188511031888376));
#11276=CARTESIAN_POINT('',(-0.00126369566246925,-0.012,-0.0189281015008957));
#11277=CARTESIAN_POINT('',(-0.0012809128199323,-0.012,-0.0189567735215604));
#11278=CARTESIAN_POINT('',(-0.000502559513293322,-0.012,-0.0170509143398552));
#11279=CARTESIAN_POINT('',(-0.000148643464900737,-0.012,-0.017107815250408));
#11280=CARTESIAN_POINT('',(-0.000145529047774779,-0.012,-0.0167493677879571));
#11281=CARTESIAN_POINT('',(-1.46367293285561E-18,-0.012,-9.80118763926896E-16));
#11282=CARTESIAN_POINT('',(0.000145529047774772,-0.012,-0.0167493677879571));
#11283=CARTESIAN_POINT('',(0.00014864346490073,-0.012,-0.017107815250408));
#11284=CARTESIAN_POINT('',(0.000502559513293317,-0.012,-0.0170509143398552));
#11285=CARTESIAN_POINT('',(0.000481142003295793,-0.012,-0.0167430881970043));
#11286=CARTESIAN_POINT('',(0.000483136614529607,-0.012,-0.0168166688249965));
#11287=CARTESIAN_POINT('',(0.000485621680836583,-0.012,-0.0169083421979173));
#11288=CARTESIAN_POINT('',(0.000486563744454965,-0.012,-0.01692021557041));
#11289=CARTESIAN_POINT('',(0.000487959329462343,-0.012,-0.0169389432048801));
#11290=CARTESIAN_POINT('',(0.0004902696281899,-0.012,-0.0169618418998074));
#11291=CARTESIAN_POINT('',(0.000493883326902961,-0.012,-0.0169922845145284));
#11292=CARTESIAN_POINT('',(0.000499026801116923,-0.012,-0.0170290715210802));
#11293=CARTESIAN_POINT('',(0.000505978947108095,-0.012,-0.0170725173140558));
#11294=CARTESIAN_POINT('',(0.000515000169675114,-0.012,-0.0171224478848385));
#11295=CARTESIAN_POINT('',(0.000526354369785018,-0.012,-0.0171788291516803));
#11296=CARTESIAN_POINT('',(0.000540301938372394,-0.012,-0.0172415748675737));
#11297=CARTESIAN_POINT('',(0.000557101575226719,-0.012,-0.0173106041250917));
#11298=CARTESIAN_POINT('',(0.000577009478349183,-0.012,-0.0173858244159551));
#11299=CARTESIAN_POINT('',(0.000600279310577282,-0.012,-0.0174671366372467));
#11300=CARTESIAN_POINT('',(0.000627161942565108,-0.012,-0.0175544337192551));
#11301=CARTESIAN_POINT('',(0.000657905261850333,-0.012,-0.0176476011065736));
#11302=CARTESIAN_POINT('',(0.000692753969157788,-0.012,-0.0177465167169994));
#11303=CARTESIAN_POINT('',(0.000731949366170605,-0.012,-0.0178510510538068));
#11304=CARTESIAN_POINT('',(0.00077572920592418,-0.012,-0.0179610672942417));
#11305=CARTESIAN_POINT('',(0.000824327303786245,-0.012,-0.0180764213420358));
#11306=CARTESIAN_POINT('',(0.000877974092425785,-0.012,-0.0181969620890612));
#11307=CARTESIAN_POINT('',(0.000936893522634029,-0.012,-0.0183225308773105));
#11308=CARTESIAN_POINT('',(0.00100131413553958,-0.012,-0.0184529640870358));
#11309=CARTESIAN_POINT('',(0.00107142533323623,-0.012,-0.0185880836557494));
#11310=CARTESIAN_POINT('',(0.00114754528625162,-0.012,-0.0187277342273053));
#11311=CARTESIAN_POINT('',(0.00121778066251778,-0.012,-0.0188511031888376));
#11312=CARTESIAN_POINT('',(0.00126369566246924,-0.012,-0.0189281015008957));
#11313=CARTESIAN_POINT('',(0.00128091281993229,-0.012,-0.0189567735215604));
#11314=CARTESIAN_POINT('',(0.00243357437878095,-0.012,-0.0165722724978484));
#11315=CARTESIAN_POINT('',(0.00244438721213608,-0.012,-0.0166450816313724));
#11316=CARTESIAN_POINT('',(0.00245785881371851,-0.012,-0.0167357938070052));
#11317=CARTESIAN_POINT('',(0.00245899285165941,-0.012,-0.0167476503839211));
#11318=CARTESIAN_POINT('',(0.00246087048832191,-0.012,-0.0167663358443361));
#11319=CARTESIAN_POINT('',(0.00246257160486831,-0.012,-0.0167892878357984));
#11320=CARTESIAN_POINT('',(0.00246429911092836,-0.012,-0.0168198954709936));
#11321=CARTESIAN_POINT('',(0.00246562177429456,-0.012,-0.0168570167551801));
#11322=CARTESIAN_POINT('',(0.00246631952979989,-0.012,-0.0169010097364205));
#11323=CARTESIAN_POINT('',(0.00246610571250054,-0.012,-0.0169517482684988));
#11324=CARTESIAN_POINT('',(0.00246471451244467,-0.012,-0.017009244613367));
#11325=CARTESIAN_POINT('',(0.00246187451798545,-0.012,-0.0170734590507153));
#11326=CARTESIAN_POINT('',(0.00245731691013723,-0.012,-0.017144356825029));
#11327=CARTESIAN_POINT('',(0.00245077331922802,-0.012,-0.0172218913217534));
#11328=CARTESIAN_POINT('',(0.00244197672708784,-0.012,-0.0173060089916571));
#11329=CARTESIAN_POINT('',(0.00243066148189124,-0.012,-0.0173966479548898));
#11330=CARTESIAN_POINT('',(0.00241656356973166,-0.012,-0.0174937384416183));
#11331=CARTESIAN_POINT('',(0.00239942080808609,-0.012,-0.0175972027161776));
#11332=CARTESIAN_POINT('',(0.00237897307431569,-0.012,-0.0177069551507856));
#11333=CARTESIAN_POINT('',(0.00235496246836603,-0.012,-0.017822902286715));
#11334=CARTESIAN_POINT('',(0.00232713370499577,-0.012,-0.0179449428184558));
#11335=CARTESIAN_POINT('',(0.00229523361267491,-0.012,-0.0180729679477651));
#11336=CARTESIAN_POINT('',(0.0022590140922541,-0.012,-0.0182068603156543));
#11337=CARTESIAN_POINT('',(0.00221822166238698,-0.012,-0.0183464984738773));
#11338=CARTESIAN_POINT('',(0.0021726388781966,-0.012,-0.0184917399544441));
#11339=CARTESIAN_POINT('',(0.00212192542556894,-0.012,-0.0186424870111502));
#11340=CARTESIAN_POINT('',(0.00207417987783705,-0.012,-0.0187761779660447));
#11341=CARTESIAN_POINT('',(0.00204233304647762,-0.012,-0.0188599795567975));
#11342=CARTESIAN_POINT('',(0.00203035630046162,-0.012,-0.0188912057130606));
#11343=CARTESIAN_POINT('',(0.00246593569762949,-0.012,-0.016879141181489));
#11344=CARTESIAN_POINT('',(0.00282435570542703,-0.012,-0.0168737207625045));
#11345=CARTESIAN_POINT('',(0.00276517905891484,-0.012,-0.0165201781095768));
#11346=CARTESIAN_POINT('',(1.68754400800919E-16,-0.012,-9.6548272172544E-16));
#11347=CARTESIAN_POINT('',(0.003051815327989,-0.012,-0.0164696364016894));
#11348=CARTESIAN_POINT('',(0.00311712617876471,-0.012,-0.0168220974289002));
#11349=CARTESIAN_POINT('',(0.0034557847077121,-0.012,-0.0167046040941839));
#11350=CARTESIAN_POINT('',(0.003381239129072,-0.012,-0.0164051736337057));
#11351=CARTESIAN_POINT('',(0.00339598057964174,-0.012,-0.016477290046018));
#11352=CARTESIAN_POINT('',(0.00341434680635588,-0.012,-0.0165671391671796));
#11353=CARTESIAN_POINT('',(0.00341733634740721,-0.012,-0.0165786685688342));
#11354=CARTESIAN_POINT('',(0.00342196274994022,-0.012,-0.0165968693476627));
#11355=CARTESIAN_POINT('',(0.00342821426668397,-0.012,-0.0166190189807971));
#11356=CARTESIAN_POINT('',(0.00343705936976336,-0.012,-0.0166483715916001));
#11357=CARTESIAN_POINT('',(0.00344851269969623,-0.012,-0.0166837065659383));
#11358=CARTESIAN_POINT('',(0.00346290350974591,-0.012,-0.0167252850922141));
#11359=CARTESIAN_POINT('',(0.00348045803229786,-0.012,-0.0167728905865743));
#11360=CARTESIAN_POINT('',(0.00350143024083695,-0.012,-0.0168264436591267));
#11361=CARTESIAN_POINT('',(0.00352606159373877,-0.012,-0.0168858141567387));
#11362=CARTESIAN_POINT('',(0.00355459281113441,-0.012,-0.0169508774784019));
#11363=CARTESIAN_POINT('',(0.00358726013490764,-0.012,-0.0170214980329297));
#11364=CARTESIAN_POINT('',(0.0036242961651465,-0.012,-0.0170975341749113));
#11365=CARTESIAN_POINT('',(0.00366592936875587,-0.012,-0.0171788368980329));
#11366=CARTESIAN_POINT('',(0.00371238397496714,-0.012,-0.0172652503420227));
#11367=CARTESIAN_POINT('',(0.00376387976759923,-0.012,-0.0173566117875461));
#11368=CARTESIAN_POINT('',(0.00382063189555006,-0.012,-0.0174527518036256));
#11369=CARTESIAN_POINT('',(0.00388285074083031,-0.012,-0.0175534943607715));
#11370=CARTESIAN_POINT('',(0.00395074154457247,-0.012,-0.0176586569502486));
#11371=CARTESIAN_POINT('',(0.00402450499900446,-0.012,-0.0177680507453882));
#11372=CARTESIAN_POINT('',(0.00410433410192792,-0.012,-0.0178814806099075));
#11373=CARTESIAN_POINT('',(0.00419042551014718,-0.012,-0.0179987457240602));
#11374=CARTESIAN_POINT('',(0.00428293482808605,-0.012,-0.0181196378411989));
#11375=CARTESIAN_POINT('',(0.00438214841523536,-0.012,-0.0182439487156544));
#11376=CARTESIAN_POINT('',(0.00447273955366877,-0.012,-0.0183532471803563));
#11377=CARTESIAN_POINT('',(0.00453132761817284,-0.012,-0.0184211026589708));
#11378=CARTESIAN_POINT('',(0.00455326205246572,-0.012,-0.0184463493591977));
#11379=CARTESIAN_POINT('',(0.00527434783480652,-0.012,-0.0158979166848198));
#11380=CARTESIAN_POINT('',(0.00529763957028065,-0.012,-0.0159677420551969));
#11381=CARTESIAN_POINT('',(0.00532665851195534,-0.012,-0.0160547367899876));
#11382=CARTESIAN_POINT('',(0.00532983419428656,-0.012,-0.0160662163152367));
#11383=CARTESIAN_POINT('',(0.00533492800157907,-0.012,-0.0160842918533373));
#11384=CARTESIAN_POINT('',(0.00534058884583398,-0.012,-0.016106599756688));
#11385=CARTESIAN_POINT('',(0.00534760506726965,-0.012,-0.0161364424148505));
#11386=CARTESIAN_POINT('',(0.00535535367975895,-0.012,-0.0161727700652359));
#11387=CARTESIAN_POINT('',(0.00536368013581283,-0.012,-0.0162159735302676));
#11388=CARTESIAN_POINT('',(0.00537228022051159,-0.012,-0.0162659783590191));
#11389=CARTESIAN_POINT('',(0.00538089429141946,-0.012,-0.0163228427845698));
#11390=CARTESIAN_POINT('',(0.00538924816288295,-0.012,-0.0163865748201881));
#11391=CARTESIAN_POINT('',(0.00539707106464904,-0.012,-0.0164571869183008));
#11392=CARTESIAN_POINT('',(0.00540409060965164,-0.012,-0.0165346797744378));
#11393=CARTESIAN_POINT('',(0.00541003453760025,-0.012,-0.0166190470201191));
#11394=CARTESIAN_POINT('',(0.0054146304871944,-0.012,-0.0167102738455439));
#11395=CARTESIAN_POINT('',(0.00541760634008755,-0.012,-0.0168083373863732));
#11396=CARTESIAN_POINT('',(0.00541869039824181,-0.012,-0.0169132066154389));
#11397=CARTESIAN_POINT('',(0.00541761162175738,-0.012,-0.0170248423756596));
#11398=CARTESIAN_POINT('',(0.00541409979972347,-0.012,-0.0171431974120302));
#11399=CARTESIAN_POINT('',(0.00540788593373799,-0.012,-0.0172682162879162));
#11400=CARTESIAN_POINT('',(0.00539870180589875,-0.012,-0.0173998358207394));
#11401=CARTESIAN_POINT('',(0.00538628270706539,-0.012,-0.0175379835164228));
#11402=CARTESIAN_POINT('',(0.00537035791757626,-0.012,-0.0176825837883662));
#11403=CARTESIAN_POINT('',(0.00535068855672376,-0.012,-0.017833534091895));
#11404=CARTESIAN_POINT('',(0.00532692250707969,-0.012,-0.0179907972607149));
#11405=CARTESIAN_POINT('',(0.00530311751218949,-0.012,-0.018130748076958));
#11406=CARTESIAN_POINT('',(0.00528630649927766,-0.012,-0.0182188066774762));
#11407=CARTESIAN_POINT('',(0.00527993407207589,-0.012,-0.0182516381783809));
#11408=CARTESIAN_POINT('',(0.00535950470020351,-0.012,-0.0161945038595808));
#11409=CARTESIAN_POINT('',(0.00571153825683835,-0.012,-0.0161269268077468));
#11410=CARTESIAN_POINT('',(0.00559186859914746,-0.012,-0.0157890311789504));
#11411=CARTESIAN_POINT('',(3.33844957460206E-16,-0.012,-9.21510975582187E-16));
#11412=CARTESIAN_POINT('',(0.,-0.012,1.72563491726305E-18));
#11413=CARTESIAN_POINT('',(0.0188912057130606,-0.012,-0.00203035630046163));
#11414=CARTESIAN_POINT('',(0.0188912057130606,-0.007,-0.00203035630046163));
#11415=CARTESIAN_POINT('',(0.,-0.007,1.72563491726305E-18));
#11416=CARTESIAN_POINT('',(0.0189567735215604,-0.007,-0.00128091281993229));
#11417=CARTESIAN_POINT('',(0.0189567735215604,-0.012,-0.00128091281993229));
#11418=CARTESIAN_POINT('',(0.,-0.007,5.62220458073058E-19));
#11419=CARTESIAN_POINT('',(0.,-0.007,5.62220458073058E-19));
#11420=CARTESIAN_POINT('',(0.,-0.007,0.00918175687005424));
#11421=CARTESIAN_POINT('',(0.00571153825683835,-0.007,-0.0161269268077468));
#11422=CARTESIAN_POINT('',(0.00535950470020351,-0.007,-0.0161945038595808));
#11423=CARTESIAN_POINT('',(0.00559186859914746,-0.007,-0.0157890311789504));
#11424=CARTESIAN_POINT('',(0.00527434783480652,-0.007,-0.0158979166848198));
#11425=CARTESIAN_POINT('',(0.00529763957028065,-0.007,-0.0159677420551969));
#11426=CARTESIAN_POINT('',(0.00532665851195534,-0.007,-0.0160547367899876));
#11427=CARTESIAN_POINT('',(0.00532983419428656,-0.007,-0.0160662163152367));
#11428=CARTESIAN_POINT('',(0.00533492800157907,-0.007,-0.0160842918533373));
#11429=CARTESIAN_POINT('',(0.00534058884583398,-0.007,-0.016106599756688));
#11430=CARTESIAN_POINT('',(0.00534760506726965,-0.007,-0.0161364424148505));
#11431=CARTESIAN_POINT('',(0.00535535367975895,-0.007,-0.0161727700652359));
#11432=CARTESIAN_POINT('',(0.00536368013581283,-0.007,-0.0162159735302676));
#11433=CARTESIAN_POINT('',(0.00537228022051159,-0.007,-0.0162659783590191));
#11434=CARTESIAN_POINT('',(0.00538089429141946,-0.007,-0.0163228427845698));
#11435=CARTESIAN_POINT('',(0.00538924816288295,-0.007,-0.0163865748201881));
#11436=CARTESIAN_POINT('',(0.00539707106464904,-0.007,-0.0164571869183008));
#11437=CARTESIAN_POINT('',(0.00540409060965164,-0.007,-0.0165346797744378));
#11438=CARTESIAN_POINT('',(0.00541003453760025,-0.007,-0.0166190470201191));
#11439=CARTESIAN_POINT('',(0.0054146304871944,-0.007,-0.0167102738455439));
#11440=CARTESIAN_POINT('',(0.00541760634008755,-0.007,-0.0168083373863732));
#11441=CARTESIAN_POINT('',(0.00541869039824181,-0.007,-0.0169132066154389));
#11442=CARTESIAN_POINT('',(0.00541761162175738,-0.007,-0.0170248423756596));
#11443=CARTESIAN_POINT('',(0.00541409979972347,-0.007,-0.0171431974120302));
#11444=CARTESIAN_POINT('',(0.00540788593373799,-0.007,-0.0172682162879162));
#11445=CARTESIAN_POINT('',(0.00539870180589875,-0.007,-0.0173998358207394));
#11446=CARTESIAN_POINT('',(0.00538628270706539,-0.007,-0.0175379835164228));
#11447=CARTESIAN_POINT('',(0.00537035791757626,-0.007,-0.0176825837883662));
#11448=CARTESIAN_POINT('',(0.00535068855672376,-0.007,-0.017833534091895));
#11449=CARTESIAN_POINT('',(0.00532692250707969,-0.007,-0.0179907972607149));
#11450=CARTESIAN_POINT('',(0.00530311751218949,-0.007,-0.018130748076958));
#11451=CARTESIAN_POINT('',(0.00528630649927766,-0.007,-0.0182188066774762));
#11452=CARTESIAN_POINT('',(0.00527993407207589,-0.007,-0.0182516381783809));
#11453=CARTESIAN_POINT('',(0.003381239129072,-0.007,-0.0164051736337057));
#11454=CARTESIAN_POINT('',(0.00339598057964174,-0.007,-0.016477290046018));
#11455=CARTESIAN_POINT('',(0.00341434680635588,-0.007,-0.0165671391671796));
#11456=CARTESIAN_POINT('',(0.00341733634740721,-0.007,-0.0165786685688342));
#11457=CARTESIAN_POINT('',(0.00342196274994022,-0.007,-0.0165968693476627));
#11458=CARTESIAN_POINT('',(0.00342821426668397,-0.007,-0.0166190189807971));
#11459=CARTESIAN_POINT('',(0.00343705936976336,-0.007,-0.0166483715916001));
#11460=CARTESIAN_POINT('',(0.00344851269969623,-0.007,-0.0166837065659383));
#11461=CARTESIAN_POINT('',(0.00346290350974591,-0.007,-0.0167252850922141));
#11462=CARTESIAN_POINT('',(0.00348045803229786,-0.007,-0.0167728905865743));
#11463=CARTESIAN_POINT('',(0.00350143024083695,-0.007,-0.0168264436591267));
#11464=CARTESIAN_POINT('',(0.00352606159373877,-0.007,-0.0168858141567387));
#11465=CARTESIAN_POINT('',(0.00355459281113441,-0.007,-0.0169508774784019));
#11466=CARTESIAN_POINT('',(0.00358726013490764,-0.007,-0.0170214980329297));
#11467=CARTESIAN_POINT('',(0.0036242961651465,-0.007,-0.0170975341749113));
#11468=CARTESIAN_POINT('',(0.00366592936875587,-0.007,-0.0171788368980329));
#11469=CARTESIAN_POINT('',(0.00371238397496714,-0.007,-0.0172652503420227));
#11470=CARTESIAN_POINT('',(0.00376387976759923,-0.007,-0.0173566117875461));
#11471=CARTESIAN_POINT('',(0.00382063189555006,-0.007,-0.0174527518036256));
#11472=CARTESIAN_POINT('',(0.00388285074083031,-0.007,-0.0175534943607715));
#11473=CARTESIAN_POINT('',(0.00395074154457247,-0.007,-0.0176586569502486));
#11474=CARTESIAN_POINT('',(0.00402450499900446,-0.007,-0.0177680507453882));
#11475=CARTESIAN_POINT('',(0.00410433410192792,-0.007,-0.0178814806099075));
#11476=CARTESIAN_POINT('',(0.00419042551014718,-0.007,-0.0179987457240602));
#11477=CARTESIAN_POINT('',(0.00428293482808605,-0.007,-0.0181196378411989));
#11478=CARTESIAN_POINT('',(0.00438214841523536,-0.007,-0.0182439487156544));
#11479=CARTESIAN_POINT('',(0.00447273955366877,-0.007,-0.0183532471803563));
#11480=CARTESIAN_POINT('',(0.00453132761817284,-0.007,-0.0184211026589708));
#11481=CARTESIAN_POINT('',(0.00455326205246572,-0.007,-0.0184463493591977));
#11482=CARTESIAN_POINT('',(0.0034557847077121,-0.007,-0.0167046040941839));
#11483=CARTESIAN_POINT('',(0.00311712617876471,-0.007,-0.0168220974289002));
#11484=CARTESIAN_POINT('',(0.00305181532798901,-0.007,-0.0164696364016894));
#11485=CARTESIAN_POINT('',(1.68754400800919E-16,-0.007,-9.6548272172544E-16));
#11486=CARTESIAN_POINT('',(0.00276517905891484,-0.007,-0.0165201781095768));
#11487=CARTESIAN_POINT('',(0.00282435570542703,-0.007,-0.0168737207625045));
#11488=CARTESIAN_POINT('',(0.00246593569762949,-0.007,-0.016879141181489));
#11489=CARTESIAN_POINT('',(0.00243357437878095,-0.007,-0.0165722724978484));
#11490=CARTESIAN_POINT('',(0.00244438721213608,-0.007,-0.0166450816313724));
#11491=CARTESIAN_POINT('',(0.00245785881371851,-0.007,-0.0167357938070052));
#11492=CARTESIAN_POINT('',(0.00245899285165941,-0.007,-0.0167476503839211));
#11493=CARTESIAN_POINT('',(0.00246087048832191,-0.007,-0.0167663358443361));
#11494=CARTESIAN_POINT('',(0.00246257160486831,-0.007,-0.0167892878357984));
#11495=CARTESIAN_POINT('',(0.00246429911092836,-0.007,-0.0168198954709936));
#11496=CARTESIAN_POINT('',(0.00246562177429456,-0.007,-0.0168570167551801));
#11497=CARTESIAN_POINT('',(0.00246631952979989,-0.007,-0.0169010097364205));
#11498=CARTESIAN_POINT('',(0.00246610571250054,-0.007,-0.0169517482684988));
#11499=CARTESIAN_POINT('',(0.00246471451244467,-0.007,-0.017009244613367));
#11500=CARTESIAN_POINT('',(0.00246187451798545,-0.007,-0.0170734590507153));
#11501=CARTESIAN_POINT('',(0.00245731691013723,-0.007,-0.017144356825029));
#11502=CARTESIAN_POINT('',(0.00245077331922802,-0.007,-0.0172218913217534));
#11503=CARTESIAN_POINT('',(0.00244197672708784,-0.007,-0.0173060089916571));
#11504=CARTESIAN_POINT('',(0.00243066148189124,-0.007,-0.0173966479548898));
#11505=CARTESIAN_POINT('',(0.00241656356973166,-0.007,-0.0174937384416183));
#11506=CARTESIAN_POINT('',(0.00239942080808609,-0.007,-0.0175972027161776));
#11507=CARTESIAN_POINT('',(0.00237897307431569,-0.007,-0.0177069551507856));
#11508=CARTESIAN_POINT('',(0.00235496246836603,-0.007,-0.017822902286715));
#11509=CARTESIAN_POINT('',(0.00232713370499577,-0.007,-0.0179449428184558));
#11510=CARTESIAN_POINT('',(0.00229523361267491,-0.007,-0.0180729679477651));
#11511=CARTESIAN_POINT('',(0.0022590140922541,-0.007,-0.0182068603156543));
#11512=CARTESIAN_POINT('',(0.00221822166238698,-0.007,-0.0183464984738773));
#11513=CARTESIAN_POINT('',(0.0021726388781966,-0.007,-0.0184917399544441));
#11514=CARTESIAN_POINT('',(0.00212192542556894,-0.007,-0.0186424870111502));
#11515=CARTESIAN_POINT('',(0.00207417987783705,-0.007,-0.0187761779660447));
#11516=CARTESIAN_POINT('',(0.00204233304647762,-0.007,-0.0188599795567975));
#11517=CARTESIAN_POINT('',(0.00203035630046162,-0.007,-0.0188912057130606));
#11518=CARTESIAN_POINT('',(0.000481142003295793,-0.007,-0.0167430881970043));
#11519=CARTESIAN_POINT('',(0.000483136614529607,-0.007,-0.0168166688249965));
#11520=CARTESIAN_POINT('',(0.000485621680836583,-0.007,-0.0169083421979173));
#11521=CARTESIAN_POINT('',(0.000486563744454965,-0.007,-0.01692021557041));
#11522=CARTESIAN_POINT('',(0.000487959329462343,-0.007,-0.0169389432048801));
#11523=CARTESIAN_POINT('',(0.0004902696281899,-0.007,-0.0169618418998074));
#11524=CARTESIAN_POINT('',(0.000493883326902961,-0.007,-0.0169922845145284));
#11525=CARTESIAN_POINT('',(0.000499026801116923,-0.007,-0.0170290715210802));
#11526=CARTESIAN_POINT('',(0.000505978947108095,-0.007,-0.0170725173140558));
#11527=CARTESIAN_POINT('',(0.000515000169675114,-0.007,-0.0171224478848385));
#11528=CARTESIAN_POINT('',(0.000526354369785018,-0.007,-0.0171788291516803));
#11529=CARTESIAN_POINT('',(0.000540301938372394,-0.007,-0.0172415748675737));
#11530=CARTESIAN_POINT('',(0.000557101575226719,-0.007,-0.0173106041250917));
#11531=CARTESIAN_POINT('',(0.000577009478349183,-0.007,-0.0173858244159551));
#11532=CARTESIAN_POINT('',(0.000600279310577282,-0.007,-0.0174671366372467));
#11533=CARTESIAN_POINT('',(0.000627161942565108,-0.007,-0.0175544337192551));
#11534=CARTESIAN_POINT('',(0.000657905261850333,-0.007,-0.0176476011065736));
#11535=CARTESIAN_POINT('',(0.000692753969157788,-0.007,-0.0177465167169994));
#11536=CARTESIAN_POINT('',(0.000731949366170605,-0.007,-0.0178510510538068));
#11537=CARTESIAN_POINT('',(0.00077572920592418,-0.007,-0.0179610672942417));
#11538=CARTESIAN_POINT('',(0.000824327303786245,-0.007,-0.0180764213420358));
#11539=CARTESIAN_POINT('',(0.000877974092425785,-0.007,-0.0181969620890612));
#11540=CARTESIAN_POINT('',(0.000936893522634029,-0.007,-0.0183225308773105));
#11541=CARTESIAN_POINT('',(0.00100131413553958,-0.007,-0.0184529640870358));
#11542=CARTESIAN_POINT('',(0.00107142533323623,-0.007,-0.0185880836557494));
#11543=CARTESIAN_POINT('',(0.00114754528625162,-0.007,-0.0187277342273053));
#11544=CARTESIAN_POINT('',(0.00121778066251778,-0.007,-0.0188511031888376));
#11545=CARTESIAN_POINT('',(0.00126369566246924,-0.007,-0.0189281015008957));
#11546=CARTESIAN_POINT('',(0.00128091281993229,-0.007,-0.0189567735215604));
#11547=CARTESIAN_POINT('',(0.000502559513293317,-0.007,-0.0170509143398552));
#11548=CARTESIAN_POINT('',(0.00014864346490073,-0.007,-0.017107815250408));
#11549=CARTESIAN_POINT('',(0.000145529047774772,-0.007,-0.0167493677879571));
#11550=CARTESIAN_POINT('',(-1.46367293285561E-18,-0.007,-9.80118763926896E-16));
#11551=CARTESIAN_POINT('',(-0.000145529047774779,-0.007,-0.0167493677879571));
#11552=CARTESIAN_POINT('',(-0.000148643464900737,-0.007,-0.017107815250408));
#11553=CARTESIAN_POINT('',(-0.000502559513293322,-0.007,-0.0170509143398552));
#11554=CARTESIAN_POINT('',(-0.000481142003295799,-0.007,-0.0167430881970043));
#11555=CARTESIAN_POINT('',(-0.000483136614529612,-0.007,-0.0168166688249965));
#11556=CARTESIAN_POINT('',(-0.000485621680836588,-0.007,-0.0169083421979173));
#11557=CARTESIAN_POINT('',(-0.00048656374445497,-0.007,-0.01692021557041));
#11558=CARTESIAN_POINT('',(-0.000487959329462348,-0.007,-0.0169389432048801));
#11559=CARTESIAN_POINT('',(-0.000490269628189906,-0.007,-0.0169618418998074));
#11560=CARTESIAN_POINT('',(-0.000493883326902966,-0.007,-0.0169922845145284));
#11561=CARTESIAN_POINT('',(-0.000499026801116928,-0.007,-0.0170290715210802));
#11562=CARTESIAN_POINT('',(-0.0005059789471081,-0.007,-0.0170725173140558));
#11563=CARTESIAN_POINT('',(-0.000515000169675119,-0.007,-0.0171224478848385));
#11564=CARTESIAN_POINT('',(-0.000526354369785023,-0.007,-0.0171788291516803));
#11565=CARTESIAN_POINT('',(-0.0005403019383724,-0.007,-0.0172415748675737));
#11566=CARTESIAN_POINT('',(-0.000557101575226724,-0.007,-0.0173106041250917));
#11567=CARTESIAN_POINT('',(-0.000577009478349189,-0.007,-0.0173858244159551));
#11568=CARTESIAN_POINT('',(-0.000600279310577287,-0.007,-0.0174671366372467));
#11569=CARTESIAN_POINT('',(-0.000627161942565113,-0.007,-0.0175544337192551));
#11570=CARTESIAN_POINT('',(-0.000657905261850338,-0.007,-0.0176476011065736));
#11571=CARTESIAN_POINT('',(-0.000692753969157794,-0.007,-0.0177465167169994));
#11572=CARTESIAN_POINT('',(-0.000731949366170611,-0.007,-0.0178510510538068));
#11573=CARTESIAN_POINT('',(-0.000775729205924185,-0.007,-0.0179610672942417));
#11574=CARTESIAN_POINT('',(-0.000824327303786251,-0.007,-0.0180764213420358));
#11575=CARTESIAN_POINT('',(-0.000877974092425791,-0.007,-0.0181969620890612));
#11576=CARTESIAN_POINT('',(-0.000936893522634035,-0.007,-0.0183225308773105));
#11577=CARTESIAN_POINT('',(-0.00100131413553959,-0.007,-0.0184529640870358));
#11578=CARTESIAN_POINT('',(-0.00107142533323623,-0.007,-0.0185880836557494));
#11579=CARTESIAN_POINT('',(-0.00114754528625162,-0.007,-0.0187277342273053));
#11580=CARTESIAN_POINT('',(-0.00121778066251778,-0.007,-0.0188511031888376));
#11581=CARTESIAN_POINT('',(-0.00126369566246925,-0.007,-0.0189281015008957));
#11582=CARTESIAN_POINT('',(-0.0012809128199323,-0.007,-0.0189567735215604));
#11583=CARTESIAN_POINT('',(-0.00243357437878096,-0.007,-0.0165722724978484));
#11584=CARTESIAN_POINT('',(-0.00244438721213609,-0.007,-0.0166450816313724));
#11585=CARTESIAN_POINT('',(-0.00245785881371851,-0.007,-0.0167357938070052));
#11586=CARTESIAN_POINT('',(-0.00245899285165941,-0.007,-0.0167476503839211));
#11587=CARTESIAN_POINT('',(-0.00246087048832192,-0.007,-0.0167663358443361));
#11588=CARTESIAN_POINT('',(-0.00246257160486832,-0.007,-0.0167892878357984));
#11589=CARTESIAN_POINT('',(-0.00246429911092836,-0.007,-0.0168198954709936));
#11590=CARTESIAN_POINT('',(-0.00246562177429457,-0.007,-0.0168570167551801));
#11591=CARTESIAN_POINT('',(-0.00246631952979989,-0.007,-0.0169010097364205));
#11592=CARTESIAN_POINT('',(-0.00246610571250054,-0.007,-0.0169517482684988));
#11593=CARTESIAN_POINT('',(-0.00246471451244467,-0.007,-0.0170092446133671));
#11594=CARTESIAN_POINT('',(-0.00246187451798546,-0.007,-0.0170734590507153));
#11595=CARTESIAN_POINT('',(-0.00245731691013724,-0.007,-0.017144356825029));
#11596=CARTESIAN_POINT('',(-0.00245077331922802,-0.007,-0.0172218913217534));
#11597=CARTESIAN_POINT('',(-0.00244197672708784,-0.007,-0.0173060089916571));
#11598=CARTESIAN_POINT('',(-0.00243066148189124,-0.007,-0.0173966479548898));
#11599=CARTESIAN_POINT('',(-0.00241656356973167,-0.007,-0.0174937384416183));
#11600=CARTESIAN_POINT('',(-0.0023994208080861,-0.007,-0.0175972027161776));
#11601=CARTESIAN_POINT('',(-0.0023789730743157,-0.007,-0.0177069551507856));
#11602=CARTESIAN_POINT('',(-0.00235496246836604,-0.007,-0.017822902286715));
#11603=CARTESIAN_POINT('',(-0.00232713370499578,-0.007,-0.0179449428184558));
#11604=CARTESIAN_POINT('',(-0.00229523361267491,-0.007,-0.0180729679477651));
#11605=CARTESIAN_POINT('',(-0.0022590140922541,-0.007,-0.0182068603156543));
#11606=CARTESIAN_POINT('',(-0.00221822166238699,-0.007,-0.0183464984738773));
#11607=CARTESIAN_POINT('',(-0.00217263887819661,-0.007,-0.0184917399544441));
#11608=CARTESIAN_POINT('',(-0.00212192542556895,-0.007,-0.0186424870111502));
#11609=CARTESIAN_POINT('',(-0.00207417987783706,-0.007,-0.0187761779660447));
#11610=CARTESIAN_POINT('',(-0.00204233304647763,-0.007,-0.0188599795567975));
#11611=CARTESIAN_POINT('',(-0.00203035630046163,-0.007,-0.0188912057130606));
#11612=CARTESIAN_POINT('',(-0.0024659356976295,-0.007,-0.016879141181489));
#11613=CARTESIAN_POINT('',(-0.00282435570542704,-0.007,-0.0168737207625045));
#11614=CARTESIAN_POINT('',(-0.00276517905891485,-0.007,-0.0165201781095768));
#11615=CARTESIAN_POINT('',(-1.7163727370522E-16,-0.007,-9.64974393450458E-16));
#11616=CARTESIAN_POINT('',(-0.00305181532798901,-0.007,-0.0164696364016894));
#11617=CARTESIAN_POINT('',(-0.00311712617876472,-0.007,-0.0168220974289002));
#11618=CARTESIAN_POINT('',(-0.0034557847077121,-0.007,-0.0167046040941839));
#11619=CARTESIAN_POINT('',(-0.00338123912907201,-0.007,-0.0164051736337057));
#11620=CARTESIAN_POINT('',(-0.00339598057964175,-0.007,-0.016477290046018));
#11621=CARTESIAN_POINT('',(-0.00341434680635589,-0.007,-0.0165671391671796));
#11622=CARTESIAN_POINT('',(-0.00341733634740722,-0.007,-0.0165786685688342));
#11623=CARTESIAN_POINT('',(-0.00342196274994023,-0.007,-0.0165968693476627));
#11624=CARTESIAN_POINT('',(-0.00342821426668398,-0.007,-0.0166190189807971));
#11625=CARTESIAN_POINT('',(-0.00343705936976336,-0.007,-0.0166483715916001));
#11626=CARTESIAN_POINT('',(-0.00344851269969623,-0.007,-0.0166837065659383));
#11627=CARTESIAN_POINT('',(-0.00346290350974591,-0.007,-0.0167252850922141));
#11628=CARTESIAN_POINT('',(-0.00348045803229786,-0.007,-0.0167728905865743));
#11629=CARTESIAN_POINT('',(-0.00350143024083696,-0.007,-0.0168264436591267));
#11630=CARTESIAN_POINT('',(-0.00352606159373878,-0.007,-0.0168858141567387));
#11631=CARTESIAN_POINT('',(-0.00355459281113441,-0.007,-0.0169508774784019));
#11632=CARTESIAN_POINT('',(-0.00358726013490764,-0.007,-0.0170214980329297));
#11633=CARTESIAN_POINT('',(-0.00362429616514651,-0.007,-0.0170975341749113));
#11634=CARTESIAN_POINT('',(-0.00366592936875588,-0.007,-0.0171788368980329));
#11635=CARTESIAN_POINT('',(-0.00371238397496714,-0.007,-0.0172652503420227));
#11636=CARTESIAN_POINT('',(-0.00376387976759924,-0.007,-0.0173566117875461));
#11637=CARTESIAN_POINT('',(-0.00382063189555007,-0.007,-0.0174527518036256));
#11638=CARTESIAN_POINT('',(-0.00388285074083031,-0.007,-0.0175534943607715));
#11639=CARTESIAN_POINT('',(-0.00395074154457247,-0.007,-0.0176586569502486));
#11640=CARTESIAN_POINT('',(-0.00402450499900446,-0.007,-0.0177680507453882));
#11641=CARTESIAN_POINT('',(-0.00410433410192793,-0.007,-0.0178814806099075));
#11642=CARTESIAN_POINT('',(-0.00419042551014719,-0.007,-0.0179987457240602));
#11643=CARTESIAN_POINT('',(-0.00428293482808606,-0.007,-0.0181196378411989));
#11644=CARTESIAN_POINT('',(-0.00438214841523536,-0.007,-0.0182439487156544));
#11645=CARTESIAN_POINT('',(-0.00447273955366877,-0.007,-0.0183532471803563));
#11646=CARTESIAN_POINT('',(-0.00453132761817284,-0.007,-0.0184211026589708));
#11647=CARTESIAN_POINT('',(-0.00455326205246573,-0.007,-0.0184463493591977));
#11648=CARTESIAN_POINT('',(-0.00527434783480651,-0.007,-0.0158979166848198));
#11649=CARTESIAN_POINT('',(-0.00529763957028064,-0.007,-0.0159677420551969));
#11650=CARTESIAN_POINT('',(-0.00532665851195534,-0.007,-0.0160547367899876));
#11651=CARTESIAN_POINT('',(-0.00532983419428655,-0.007,-0.0160662163152367));
#11652=CARTESIAN_POINT('',(-0.00533492800157907,-0.007,-0.0160842918533373));
#11653=CARTESIAN_POINT('',(-0.00534058884583398,-0.007,-0.016106599756688));
#11654=CARTESIAN_POINT('',(-0.00534760506726964,-0.007,-0.0161364424148506));
#11655=CARTESIAN_POINT('',(-0.00535535367975895,-0.007,-0.0161727700652359));
#11656=CARTESIAN_POINT('',(-0.00536368013581282,-0.007,-0.0162159735302676));
#11657=CARTESIAN_POINT('',(-0.00537228022051158,-0.007,-0.0162659783590191));
#11658=CARTESIAN_POINT('',(-0.00538089429141945,-0.007,-0.0163228427845698));
#11659=CARTESIAN_POINT('',(-0.00538924816288294,-0.007,-0.0163865748201881));
#11660=CARTESIAN_POINT('',(-0.00539707106464903,-0.007,-0.0164571869183008));
#11661=CARTESIAN_POINT('',(-0.00540409060965163,-0.007,-0.0165346797744378));
#11662=CARTESIAN_POINT('',(-0.00541003453760024,-0.007,-0.0166190470201191));
#11663=CARTESIAN_POINT('',(-0.00541463048719439,-0.007,-0.0167102738455439));
#11664=CARTESIAN_POINT('',(-0.00541760634008754,-0.007,-0.0168083373863732));
#11665=CARTESIAN_POINT('',(-0.0054186903982418,-0.007,-0.0169132066154389));
#11666=CARTESIAN_POINT('',(-0.00541761162175737,-0.007,-0.0170248423756596));
#11667=CARTESIAN_POINT('',(-0.00541409979972346,-0.007,-0.0171431974120302));
#11668=CARTESIAN_POINT('',(-0.00540788593373798,-0.007,-0.0172682162879162));
#11669=CARTESIAN_POINT('',(-0.00539870180589874,-0.007,-0.0173998358207394));
#11670=CARTESIAN_POINT('',(-0.00538628270706539,-0.007,-0.0175379835164228));
#11671=CARTESIAN_POINT('',(-0.00537035791757625,-0.007,-0.0176825837883662));
#11672=CARTESIAN_POINT('',(-0.00535068855672375,-0.007,-0.017833534091895));
#11673=CARTESIAN_POINT('',(-0.00532692250707968,-0.007,-0.0179907972607149));
#11674=CARTESIAN_POINT('',(-0.00530311751218948,-0.007,-0.018130748076958));
#11675=CARTESIAN_POINT('',(-0.00528630649927765,-0.007,-0.0182188066774762));
#11676=CARTESIAN_POINT('',(-0.00527993407207588,-0.007,-0.0182516381783809));
#11677=CARTESIAN_POINT('',(-0.0053595047002035,-0.007,-0.0161945038595809));
#11678=CARTESIAN_POINT('',(-0.00571153825683835,-0.007,-0.0161269268077468));
#11679=CARTESIAN_POINT('',(-0.00559186859914746,-0.007,-0.0157890311789505));
#11680=CARTESIAN_POINT('',(-3.36595762768703E-16,-0.007,-9.20509764329633E-16));
#11681=CARTESIAN_POINT('',(-0.00586537374375537,-0.007,-0.0156894834473944));
#11682=CARTESIAN_POINT('',(-0.00599089659102888,-0.007,-0.0160252486894073));
#11683=CARTESIAN_POINT('',(-0.00630400763249848,-0.007,-0.0158507329060484));
#11684=CARTESIAN_POINT('',(-0.00617859901490093,-0.007,-0.0155687961709653));
#11685=CARTESIAN_POINT('',(-0.00620563939329056,-0.007,-0.0156372571469023));
#11686=CARTESIAN_POINT('',(-0.00623932873190691,-0.007,-0.0157225519962241));
#11687=CARTESIAN_POINT('',(-0.00624427491469914,-0.007,-0.0157333871120055));
#11688=CARTESIAN_POINT('',(-0.00625199156385788,-0.007,-0.0157505080137377));
#11689=CARTESIAN_POINT('',(-0.00626199434944498,-0.007,-0.0157712355796846));
#11690=CARTESIAN_POINT('',(-0.00627580210290946,-0.007,-0.0157986063223435));
#11691=CARTESIAN_POINT('',(-0.00629321728492689,-0.007,-0.0158314156291532));
#11692=CARTESIAN_POINT('',(-0.00631460950155383,-0.007,-0.0158698635462482));
#11693=CARTESIAN_POINT('',(-0.00634016393880598,-0.007,-0.015913697495329));
#11694=CARTESIAN_POINT('',(-0.00637011692583025,-0.007,-0.0159627951905818));
#11695=CARTESIAN_POINT('',(-0.00640468365185267,-0.007,-0.0160169865273855));
#11696=CARTESIAN_POINT('',(-0.00644407954318654,-0.007,-0.0160761069970888));
#11697=CARTESIAN_POINT('',(-0.00648851370750814,-0.007,-0.0161399820454673));
#11698=CARTESIAN_POINT('',(-0.0065381906147201,-0.007,-0.0162084317884409));
#11699=CARTESIAN_POINT('',(-0.00659330938612677,-0.007,-0.0162812698105748));
#11700=CARTESIAN_POINT('',(-0.0066540637795615,-0.007,-0.0163583036824676));
#11701=CARTESIAN_POINT('',(-0.00672064198391725,-0.007,-0.0164393349917973));
#11702=CARTESIAN_POINT('',(-0.00679322645811626,-0.007,-0.01652415952141));
#11703=CARTESIAN_POINT('',(-0.0068719938207936,-0.007,-0.016612567383646));
#11704=CARTESIAN_POINT('',(-0.00695711450269854,-0.007,-0.0167043432027397));
#11705=CARTESIAN_POINT('',(-0.00704875335768617,-0.007,-0.016799266170884));
#11706=CARTESIAN_POINT('',(-0.00714706656642802,-0.007,-0.0168971106026384));
#11707=CARTESIAN_POINT('',(-0.00725221292608659,-0.007,-0.0169976445800637));
#11708=CARTESIAN_POINT('',(-0.00736430951545409,-0.007,-0.0171006359998227));
#11709=CARTESIAN_POINT('',(-0.00748360218209628,-0.007,-0.017205830054162));
#11710=CARTESIAN_POINT('',(-0.00759179651679695,-0.007,-0.0172977370434909));
#11711=CARTESIAN_POINT('',(-0.00766127747716067,-0.007,-0.0173543879342806));
#11712=CARTESIAN_POINT('',(-0.00768726272159677,-0.007,-0.0173754422058591));
#11713=CARTESIAN_POINT('',(-0.00795486290082026,-0.007,-0.014740510718057));
#11714=CARTESIAN_POINT('',(-0.00798992583081719,-0.007,-0.0148052307167416));
#11715=CARTESIAN_POINT('',(-0.00803361038672568,-0.007,-0.0148858647196951));
#11716=CARTESIAN_POINT('',(-0.00803873122194653,-0.007,-0.0148966183937116));
#11717=CARTESIAN_POINT('',(-0.00804688642711207,-0.007,-0.0149135347934192));
#11718=CARTESIAN_POINT('',(-0.00805633499718733,-0.007,-0.0149345207943035));
#11719=CARTESIAN_POINT('',(-0.00806842674966067,-0.007,-0.014962691721366));
#11720=CARTESIAN_POINT('',(-0.00808236587360357,-0.007,-0.014997121940676));
#11721=CARTESIAN_POINT('',(-0.00809806803505219,-0.007,-0.0150382231740761));
#11722=CARTESIAN_POINT('',(-0.00811522071252734,-0.007,-0.0150859749280829));
#11723=CARTESIAN_POINT('',(-0.00813357832021335,-0.007,-0.0151404796375203));
#11724=CARTESIAN_POINT('',(-0.00815287222944239,-0.007,-0.0152017928057564));
#11725=CARTESIAN_POINT('',(-0.00817283794591121,-0.007,-0.0152699737147985));
#11726=CARTESIAN_POINT('',(-0.00819320734150278,-0.007,-0.0153450703491275));
#11727=CARTESIAN_POINT('',(-0.00821371118629724,-0.007,-0.0154271237145182));
#11728=CARTESIAN_POINT('',(-0.00823407868507938,-0.007,-0.0155161665212076));
#11729=CARTESIAN_POINT('',(-0.00825403788324096,-0.007,-0.0156122235050722));
#11730=CARTESIAN_POINT('',(-0.00827331582263658,-0.007,-0.0157153112901856));
#11731=CARTESIAN_POINT('',(-0.00829163878151572,-0.007,-0.0158254383799349));
#11732=CARTESIAN_POINT('',(-0.008308732448333,-0.007,-0.0159426051588572));
#11733=CARTESIAN_POINT('',(-0.00832432228490589,-0.007,-0.0160668037436073));
#11734=CARTESIAN_POINT('',(-0.00833813317662527,-0.007,-0.0161980184870422));
#11735=CARTESIAN_POINT('',(-0.00834989184741306,-0.007,-0.0163362239626926));
#11736=CARTESIAN_POINT('',(-0.00835931856497221,-0.007,-0.0164813927422648));
#11737=CARTESIAN_POINT('',(-0.00836616027103391,-0.007,-0.0166334653201674));
#11738=CARTESIAN_POINT('',(-0.00837006374376566,-0.007,-0.0167924662392955));
#11739=CARTESIAN_POINT('',(-0.00837092260444099,-0.007,-0.0169344245821541));
#11740=CARTESIAN_POINT('',(-0.0083696582040973,-0.007,-0.0170240645764207));
#11741=CARTESIAN_POINT('',(-0.00836908371868568,-0.007,-0.0170575038534256));
#11742=CARTESIAN_POINT('',(-0.00809022786450208,-0.007,-0.0150178047327137));
#11743=CARTESIAN_POINT('',(-0.00842517860849345,-0.007,-0.0148901243425545));
#11744=CARTESIAN_POINT('',(-0.00824865204161703,-0.007,-0.014578142525587));
#11745=CARTESIAN_POINT('',(-4.91326959906133E-16,-0.007,-8.48075911820067E-16));
#11746=CARTESIAN_POINT('',(-0.00850071574634005,-0.007,-0.0144326134778122));
#11747=CARTESIAN_POINT('',(-0.0086826366419146,-0.007,-0.0147414808776538));
#11748=CARTESIAN_POINT('',(-0.00896068647535319,-0.007,-0.0145152452194204));
#11749=CARTESIAN_POINT('',(-0.00878822529618405,-0.007,-0.0142593687147612));
#11750=CARTESIAN_POINT('',(-0.0088267429941793,-0.007,-0.0143220941022119));
#11751=CARTESIAN_POINT('',(-0.00887473181119164,-0.007,-0.0144002430388585));
#11752=CARTESIAN_POINT('',(-0.0088814843484635,-0.007,-0.0144100546492566));
#11753=CARTESIAN_POINT('',(-0.0088920567777681,-0.007,-0.0144255754639568));
#11754=CARTESIAN_POINT('',(-0.00890550690262015,-0.007,-0.0144442511661136));
#11755=CARTESIAN_POINT('',(-0.00892385776486776,-0.007,-0.014468808394463));
#11756=CARTESIAN_POINT('',(-0.00894670564747666,-0.007,-0.0144980951395591));
#11757=CARTESIAN_POINT('',(-0.00897444927900362,-0.007,-0.0145322442269679));
#11758=CARTESIAN_POINT('',(-0.00900722717231124,-0.007,-0.0145709747584078));
#11759=CARTESIAN_POINT('',(-0.0090452508314669,-0.007,-0.0146141252677352));
#11760=CARTESIAN_POINT('',(-0.00908870263813133,-0.007,-0.0146614908673839));
#11761=CARTESIAN_POINT('',(-0.00913776617918055,-0.007,-0.0147128721395718));
#11762=CARTESIAN_POINT('',(-0.00919261707445238,-0.007,-0.0147680608707783));
#11763=CARTESIAN_POINT('',(-0.00925342545094952,-0.007,-0.0148268444039409));
#11764=CARTESIAN_POINT('',(-0.00932035503417574,-0.007,-0.0148890045786425));
#11765=CARTESIAN_POINT('',(-0.00939356322333264,-0.007,-0.0149543182432219));
#11766=CARTESIAN_POINT('',(-0.00947320089436288,-0.007,-0.0150225573210278));
#11767=CARTESIAN_POINT('',(-0.00955941227229105,-0.007,-0.0150934890137643));
#11768=CARTESIAN_POINT('',(-0.00965233484590874,-0.007,-0.015166875952933));
#11769=CARTESIAN_POINT('',(-0.00975209905712993,-0.007,-0.0152424764398211));
#11770=CARTESIAN_POINT('',(-0.00985882891243591,-0.007,-0.0153200443946164));
#11771=CARTESIAN_POINT('',(-0.00997263902989738,-0.007,-0.0153993304400586));
#11772=CARTESIAN_POINT('',(-0.0100936455220637,-0.007,-0.0154800786067252));
#11773=CARTESIAN_POINT('',(-0.0102219233847155,-0.007,-0.0155620399869311));
#11774=CARTESIAN_POINT('',(-0.0103576704835396,-0.007,-0.0156449209530439));
#11775=CARTESIAN_POINT('',(-0.0104801805843967,-0.007,-0.0157166439196364));
#11776=CARTESIAN_POINT('',(-0.0105584432967984,-0.007,-0.0157603689139514));
#11777=CARTESIAN_POINT('',(-0.0105876898028747,-0.007,-0.0157765910334933));
#11778=CARTESIAN_POINT('',(-0.0103936734829474,-0.007,-0.0131352217921844));
#11779=CARTESIAN_POINT('',(-0.0104394422380819,-0.007,-0.0131928699347662));
#11780=CARTESIAN_POINT('',(-0.0104964650750983,-0.007,-0.0132646931825056));
#11781=CARTESIAN_POINT('',(-0.0105033754692219,-0.007,-0.0132743942603461));
#11782=CARTESIAN_POINT('',(-0.0105143442804783,-0.007,-0.0132896375254158));
#11783=CARTESIAN_POINT('',(-0.0105272934863533,-0.007,-0.0133086639748162));
#11784=CARTESIAN_POINT('',(-0.0105440933680842,-0.007,-0.0133343072114151));
#11785=CARTESIAN_POINT('',(-0.0105637994702532,-0.007,-0.0133657938548586));
#11786=CARTESIAN_POINT('',(-0.0105864002348666,-0.007,-0.0134035440164483));
#11787=CARTESIAN_POINT('',(-0.0106115843296928,-0.007,-0.0134475917828285));
#11788=CARTESIAN_POINT('',(-0.0106391276875368,-0.007,-0.0134980806781371));
#11789=CARTESIAN_POINT('',(-0.0106687753988626,-0.007,-0.0135551120094001));
#11790=CARTESIAN_POINT('',(-0.0107002772818424,-0.007,-0.0136187900869516));
#11791=CARTESIAN_POINT('',(-0.0107333776142453,-0.007,-0.0136892087262392));
#11792=CARTESIAN_POINT('',(-0.010767818376937,-0.007,-0.013766455061353));
#11793=CARTESIAN_POINT('',(-0.0108033385687631,-0.007,-0.0138506083286836));
#11794=CARTESIAN_POINT('',(-0.0108396746620568,-0.007,-0.013941740112736));
#11795=CARTESIAN_POINT('',(-0.0108765607322603,-0.007,-0.0140399141837113));
#11796=CARTESIAN_POINT('',(-0.0109137286926694,-0.007,-0.0141451864470942));
#11797=CARTESIAN_POINT('',(-0.0109509084659214,-0.007,-0.0142576049152799));
#11798=CARTESIAN_POINT('',(-0.0109878283157572,-0.007,-0.0143772094977439));
#11799=CARTESIAN_POINT('',(-0.011024214590079,-0.007,-0.0145040325582091));
#11800=CARTESIAN_POINT('',(-0.0110597937492262,-0.007,-0.0146380965103843));
#11801=CARTESIAN_POINT('',(-0.0110942855477908,-0.007,-0.0147794229176767));
#11802=CARTESIAN_POINT('',(-0.0111274304389901,-0.007,-0.014927997121626));
#11803=CARTESIAN_POINT('',(-0.0111588848290539,-0.007,-0.015083904628593));
#11804=CARTESIAN_POINT('',(-0.0111843814492477,-0.007,-0.0152235571656538));
#11805=CARTESIAN_POINT('',(-0.0111987020796368,-0.007,-0.015312054887803));
#11806=CARTESIAN_POINT('',(-0.0112039429914639,-0.007,-0.0153450859053974));
#11807=CARTESIAN_POINT('',(-0.0105751335489906,-0.007,-0.0133847972084189));
#11808=CARTESIAN_POINT('',(-0.0108828241714755,-0.007,-0.0132008929839802));
#11809=CARTESIAN_POINT('',(-0.0106548043658214,-0.007,-0.0129243043884796));
#11810=CARTESIAN_POINT('',(-6.31129435990253E-16,-0.007,-7.49873701876967E-16));
#11811=CARTESIAN_POINT('',(-0.0108777678025419,-0.007,-0.0127372158509614));
#11812=CARTESIAN_POINT('',(-0.0111105591720619,-0.007,-0.0130098006289821));
#11813=CARTESIAN_POINT('',(-0.0113450993939804,-0.007,-0.0127387191518688));
#11814=CARTESIAN_POINT('',(-0.0111308257988992,-0.007,-0.0125166775557478));
#11815=CARTESIAN_POINT('',(-0.0111796504757374,-0.007,-0.0125717614755552));
#11816=CARTESIAN_POINT('',(-0.0112404806552243,-0.007,-0.0126403899836318));
#11817=CARTESIAN_POINT('',(-0.0112488343745477,-0.007,-0.0126488799678295));
#11818=CARTESIAN_POINT('',(-0.0112619413460837,-0.007,-0.0126623291033971));
#11819=CARTESIAN_POINT('',(-0.0112784301349631,-0.007,-0.0126783854900041));
#11820=CARTESIAN_POINT('',(-0.0113007665243304,-0.007,-0.0126993830450872));
#11821=CARTESIAN_POINT('',(-0.0113283528861793,-0.007,-0.0127242573655397));
#11822=CARTESIAN_POINT('',(-0.0113616049564013,-0.007,-0.0127530700205217));
#11823=CARTESIAN_POINT('',(-0.0114006103660627,-0.007,-0.0127855203267212));
#11824=CARTESIAN_POINT('',(-0.0114455493677072,-0.007,-0.0128214125437328));
#11825=CARTESIAN_POINT('',(-0.0114965659938558,-0.007,-0.0128605132264493));
#11826=CARTESIAN_POINT('',(-0.0115538064137529,-0.007,-0.0129025941071664));
#11827=CARTESIAN_POINT('',(-0.0116174074232781,-0.007,-0.0129474196395301));
#11828=CARTESIAN_POINT('',(-0.011687499637311,-0.007,-0.0129947508549725));
#11829=CARTESIAN_POINT('',(-0.0117642064108385,-0.007,-0.013044344476788));
#11830=CARTESIAN_POINT('',(-0.0118476440019351,-0.007,-0.013095953411406));
#11831=CARTESIAN_POINT('',(-0.0119379213893042,-0.007,-0.0131493268478397));
#11832=CARTESIAN_POINT('',(-0.0120351401818683,-0.007,-0.0132042104801095));
#11833=CARTESIAN_POINT('',(-0.012139394561048,-0.007,-0.0132603466711998));
#11834=CARTESIAN_POINT('',(-0.0122507710165106,-0.007,-0.0133174747433437));
#11835=CARTESIAN_POINT('',(-0.0123693489394894,-0.007,-0.0133753308217349));
#11836=CARTESIAN_POINT('',(-0.0124951979028421,-0.007,-0.0134336494144948));
#11837=CARTESIAN_POINT('',(-0.0126283878064839,-0.007,-0.0134921582782191));
#11838=CARTESIAN_POINT('',(-0.0127689492844751,-0.007,-0.013550599263809));
#11839=CARTESIAN_POINT('',(-0.0129170262085748,-0.007,-0.0136086488454796));
#11840=CARTESIAN_POINT('',(-0.0130501296681667,-0.007,-0.0136580085232892));
#11841=CARTESIAN_POINT('',(-0.0131347961596931,-0.007,-0.0136874790593033));
#11842=CARTESIAN_POINT('',(-0.0131664152871219,-0.007,-0.0136983761259152));
#11843=CARTESIAN_POINT('',(-0.0125166775557478,-0.007,-0.0111308257988992));
#11844=CARTESIAN_POINT('',(-0.0125717614755552,-0.007,-0.0111796504757373));
#11845=CARTESIAN_POINT('',(-0.0126403899836318,-0.007,-0.0112404806552243));
#11846=CARTESIAN_POINT('',(-0.0126488799678295,-0.007,-0.0112488343745477));
#11847=CARTESIAN_POINT('',(-0.0126623291033971,-0.007,-0.0112619413460837));
#11848=CARTESIAN_POINT('',(-0.0126783854900041,-0.007,-0.0112784301349631));
#11849=CARTESIAN_POINT('',(-0.0126993830450872,-0.007,-0.0113007665243304));
#11850=CARTESIAN_POINT('',(-0.0127242573655397,-0.007,-0.0113283528861793));
#11851=CARTESIAN_POINT('',(-0.0127530700205217,-0.007,-0.0113616049564013));
#11852=CARTESIAN_POINT('',(-0.0127855203267212,-0.007,-0.0114006103660627));
#11853=CARTESIAN_POINT('',(-0.0128214125437328,-0.007,-0.0114455493677072));
#11854=CARTESIAN_POINT('',(-0.0128605132264493,-0.007,-0.0114965659938558));
#11855=CARTESIAN_POINT('',(-0.0129025941071664,-0.007,-0.0115538064137529));
#11856=CARTESIAN_POINT('',(-0.0129474196395301,-0.007,-0.011617407423278));
#11857=CARTESIAN_POINT('',(-0.0129947508549725,-0.007,-0.011687499637311));
#11858=CARTESIAN_POINT('',(-0.013044344476788,-0.007,-0.0117642064108385));
#11859=CARTESIAN_POINT('',(-0.013095953411406,-0.007,-0.0118476440019351));
#11860=CARTESIAN_POINT('',(-0.0131493268478397,-0.007,-0.0119379213893042));
#11861=CARTESIAN_POINT('',(-0.0132042104801095,-0.007,-0.0120351401818683));
#11862=CARTESIAN_POINT('',(-0.0132603466711998,-0.007,-0.012139394561048));
#11863=CARTESIAN_POINT('',(-0.0133174747433437,-0.007,-0.0122507710165106));
#11864=CARTESIAN_POINT('',(-0.0133753308217349,-0.007,-0.0123693489394894));
#11865=CARTESIAN_POINT('',(-0.0134336494144948,-0.007,-0.0124951979028421));
#11866=CARTESIAN_POINT('',(-0.0134921582782191,-0.007,-0.0126283878064839));
#11867=CARTESIAN_POINT('',(-0.013550599263809,-0.007,-0.0127689492844751));
#11868=CARTESIAN_POINT('',(-0.0136086488454796,-0.007,-0.0129170262085748));
#11869=CARTESIAN_POINT('',(-0.0136580085232892,-0.007,-0.0130501296681667));
#11870=CARTESIAN_POINT('',(-0.0136874790593033,-0.007,-0.0131347961596931));
#11871=CARTESIAN_POINT('',(-0.0136983761259152,-0.007,-0.0131664152871219));
#11872=CARTESIAN_POINT('',(-0.0127387191518688,-0.007,-0.0113450993939804));
#11873=CARTESIAN_POINT('',(-0.0130098006289821,-0.007,-0.0111105591720619));
#11874=CARTESIAN_POINT('',(-0.0127372158509614,-0.007,-0.0108777678025419));
#11875=CARTESIAN_POINT('',(-7.51755363528713E-16,-0.007,-6.28886958956737E-16));
#11876=CARTESIAN_POINT('',(-0.0129243043884796,-0.007,-0.0106548043658214));
#11877=CARTESIAN_POINT('',(-0.0132008929839802,-0.007,-0.0108828241714755));
#11878=CARTESIAN_POINT('',(-0.0133847972084189,-0.007,-0.0105751335489906));
#11879=CARTESIAN_POINT('',(-0.0131352217921844,-0.007,-0.0103936734829474));
#11880=CARTESIAN_POINT('',(-0.0131928699347662,-0.007,-0.0104394422380819));
#11881=CARTESIAN_POINT('',(-0.0132646931825056,-0.007,-0.0104964650750983));
#11882=CARTESIAN_POINT('',(-0.0132743942603461,-0.007,-0.0105033754692219));
#11883=CARTESIAN_POINT('',(-0.0132896375254158,-0.007,-0.0105143442804783));
#11884=CARTESIAN_POINT('',(-0.0133086639748163,-0.007,-0.0105272934863533));
#11885=CARTESIAN_POINT('',(-0.0133343072114151,-0.007,-0.0105440933680842));
#11886=CARTESIAN_POINT('',(-0.0133657938548586,-0.007,-0.0105637994702532));
#11887=CARTESIAN_POINT('',(-0.0134035440164483,-0.007,-0.0105864002348666));
#11888=CARTESIAN_POINT('',(-0.0134475917828285,-0.007,-0.0106115843296928));
#11889=CARTESIAN_POINT('',(-0.0134980806781371,-0.007,-0.0106391276875368));
#11890=CARTESIAN_POINT('',(-0.0135551120094001,-0.007,-0.0106687753988626));
#11891=CARTESIAN_POINT('',(-0.0136187900869516,-0.007,-0.0107002772818424));
#11892=CARTESIAN_POINT('',(-0.0136892087262392,-0.007,-0.0107333776142453));
#11893=CARTESIAN_POINT('',(-0.013766455061353,-0.007,-0.010767818376937));
#11894=CARTESIAN_POINT('',(-0.0138506083286836,-0.007,-0.0108033385687631));
#11895=CARTESIAN_POINT('',(-0.013941740112736,-0.007,-0.0108396746620568));
#11896=CARTESIAN_POINT('',(-0.0140399141837113,-0.007,-0.0108765607322603));
#11897=CARTESIAN_POINT('',(-0.0141451864470942,-0.007,-0.0109137286926694));
#11898=CARTESIAN_POINT('',(-0.0142576049152799,-0.007,-0.0109509084659214));
#11899=CARTESIAN_POINT('',(-0.0143772094977439,-0.007,-0.0109878283157572));
#11900=CARTESIAN_POINT('',(-0.0145040325582091,-0.007,-0.011024214590079));
#11901=CARTESIAN_POINT('',(-0.0146380965103843,-0.007,-0.0110597937492262));
#11902=CARTESIAN_POINT('',(-0.0147794229176767,-0.007,-0.0110942855477908));
#11903=CARTESIAN_POINT('',(-0.014927997121626,-0.007,-0.0111274304389901));
#11904=CARTESIAN_POINT('',(-0.015083904628593,-0.007,-0.0111588848290539));
#11905=CARTESIAN_POINT('',(-0.0152235571656538,-0.007,-0.0111843814492477));
#11906=CARTESIAN_POINT('',(-0.015312054887803,-0.007,-0.0111987020796368));
#11907=CARTESIAN_POINT('',(-0.0153450859053974,-0.007,-0.0112039429914639));
#11908=CARTESIAN_POINT('',(-0.0142593687147612,-0.007,-0.00878822529618405));
#11909=CARTESIAN_POINT('',(-0.0143220941022119,-0.007,-0.00882674299417929));
#11910=CARTESIAN_POINT('',(-0.0144002430388585,-0.007,-0.00887473181119163));
#11911=CARTESIAN_POINT('',(-0.0144100546492566,-0.007,-0.00888148434846349));
#11912=CARTESIAN_POINT('',(-0.0144255754639568,-0.007,-0.00889205677776809));
#11913=CARTESIAN_POINT('',(-0.0144442511661136,-0.007,-0.00890550690262014));
#11914=CARTESIAN_POINT('',(-0.0144688083944631,-0.007,-0.00892385776486775));
#11915=CARTESIAN_POINT('',(-0.0144980951395591,-0.007,-0.00894670564747665));
#11916=CARTESIAN_POINT('',(-0.0145322442269679,-0.007,-0.00897444927900362));
#11917=CARTESIAN_POINT('',(-0.0145709747584078,-0.007,-0.00900722717231123));
#11918=CARTESIAN_POINT('',(-0.0146141252677352,-0.007,-0.0090452508314669));
#11919=CARTESIAN_POINT('',(-0.0146614908673839,-0.007,-0.00908870263813132));
#11920=CARTESIAN_POINT('',(-0.0147128721395718,-0.007,-0.00913776617918054));
#11921=CARTESIAN_POINT('',(-0.0147680608707783,-0.007,-0.00919261707445237));
#11922=CARTESIAN_POINT('',(-0.0148268444039409,-0.007,-0.00925342545094951));
#11923=CARTESIAN_POINT('',(-0.0148890045786425,-0.007,-0.00932035503417574));
#11924=CARTESIAN_POINT('',(-0.0149543182432219,-0.007,-0.00939356322333263));
#11925=CARTESIAN_POINT('',(-0.0150225573210278,-0.007,-0.00947320089436287));
#11926=CARTESIAN_POINT('',(-0.0150934890137643,-0.007,-0.00955941227229105));
#11927=CARTESIAN_POINT('',(-0.015166875952933,-0.007,-0.00965233484590873));
#11928=CARTESIAN_POINT('',(-0.0152424764398211,-0.007,-0.00975209905712993));
#11929=CARTESIAN_POINT('',(-0.0153200443946164,-0.007,-0.0098588289124359));
#11930=CARTESIAN_POINT('',(-0.0153993304400586,-0.007,-0.00997263902989738));
#11931=CARTESIAN_POINT('',(-0.0154800786067252,-0.007,-0.0100936455220637));
#11932=CARTESIAN_POINT('',(-0.0155620399869311,-0.007,-0.0102219233847155));
#11933=CARTESIAN_POINT('',(-0.0156449209530439,-0.007,-0.0103576704835396));
#11934=CARTESIAN_POINT('',(-0.0157166439196364,-0.007,-0.0104801805843967));
#11935=CARTESIAN_POINT('',(-0.0157603689139514,-0.007,-0.0105584432967984));
#11936=CARTESIAN_POINT('',(-0.0157765910334933,-0.007,-0.0105876898028747));
#11937=CARTESIAN_POINT('',(-0.0145152452194204,-0.007,-0.00896068647535319));
#11938=CARTESIAN_POINT('',(-0.0147414808776538,-0.007,-0.00868263664191459));
#11939=CARTESIAN_POINT('',(-0.0144326134778122,-0.007,-0.00850071574634006));
#11940=CARTESIAN_POINT('',(-8.49539584752923E-16,-0.007,-4.88791804020764E-16));
#11941=CARTESIAN_POINT('',(-0.014578142525587,-0.007,-0.00824865204161702));
#11942=CARTESIAN_POINT('',(-0.0148901243425546,-0.007,-0.00842517860849344));
#11943=CARTESIAN_POINT('',(-0.0150178047327137,-0.007,-0.00809022786450207));
#11944=CARTESIAN_POINT('',(-0.014740510718057,-0.007,-0.00795486290082025));
#11945=CARTESIAN_POINT('',(-0.0148052307167416,-0.007,-0.00798992583081719));
#11946=CARTESIAN_POINT('',(-0.0148858647196951,-0.007,-0.00803361038672567));
#11947=CARTESIAN_POINT('',(-0.0148966183937116,-0.007,-0.00803873122194653));
#11948=CARTESIAN_POINT('',(-0.0149135347934192,-0.007,-0.00804688642711207));
#11949=CARTESIAN_POINT('',(-0.0149345207943035,-0.007,-0.00805633499718733));
#11950=CARTESIAN_POINT('',(-0.014962691721366,-0.007,-0.00806842674966067));
#11951=CARTESIAN_POINT('',(-0.014997121940676,-0.007,-0.00808236587360357));
#11952=CARTESIAN_POINT('',(-0.0150382231740761,-0.007,-0.00809806803505219));
#11953=CARTESIAN_POINT('',(-0.0150859749280829,-0.007,-0.00811522071252734));
#11954=CARTESIAN_POINT('',(-0.0151404796375203,-0.007,-0.00813357832021334));
#11955=CARTESIAN_POINT('',(-0.0152017928057564,-0.007,-0.00815287222944238));
#11956=CARTESIAN_POINT('',(-0.0152699737147985,-0.007,-0.00817283794591121));
#11957=CARTESIAN_POINT('',(-0.0153450703491275,-0.007,-0.00819320734150277));
#11958=CARTESIAN_POINT('',(-0.0154271237145182,-0.007,-0.00821371118629724));
#11959=CARTESIAN_POINT('',(-0.0155161665212076,-0.007,-0.00823407868507937));
#11960=CARTESIAN_POINT('',(-0.0156122235050722,-0.007,-0.00825403788324095));
#11961=CARTESIAN_POINT('',(-0.0157153112901856,-0.007,-0.00827331582263658));
#11962=CARTESIAN_POINT('',(-0.0158254383799349,-0.007,-0.00829163878151572));
#11963=CARTESIAN_POINT('',(-0.0159426051588572,-0.007,-0.00830873244833299));
#11964=CARTESIAN_POINT('',(-0.0160668037436073,-0.007,-0.00832432228490588));
#11965=CARTESIAN_POINT('',(-0.0161980184870422,-0.007,-0.00833813317662526));
#11966=CARTESIAN_POINT('',(-0.0163362239626927,-0.007,-0.00834989184741305));
#11967=CARTESIAN_POINT('',(-0.0164813927422648,-0.007,-0.0083593185649722));
#11968=CARTESIAN_POINT('',(-0.0166334653201674,-0.007,-0.00836616027103391));
#11969=CARTESIAN_POINT('',(-0.0167924662392955,-0.007,-0.00837006374376565));
#11970=CARTESIAN_POINT('',(-0.0169344245821541,-0.007,-0.00837092260444098));
#11971=CARTESIAN_POINT('',(-0.0170240645764207,-0.007,-0.0083696582040973));
#11972=CARTESIAN_POINT('',(-0.0170575038534256,-0.007,-0.00836908371868567));
#11973=CARTESIAN_POINT('',(-0.0155687961709653,-0.007,-0.00617859901490093));
#11974=CARTESIAN_POINT('',(-0.0156372571469023,-0.007,-0.00620563939329056));
#11975=CARTESIAN_POINT('',(-0.0157225519962241,-0.007,-0.00623932873190692));
#11976=CARTESIAN_POINT('',(-0.0157333871120055,-0.007,-0.00624427491469914));
#11977=CARTESIAN_POINT('',(-0.0157505080137377,-0.007,-0.00625199156385788));
#11978=CARTESIAN_POINT('',(-0.0157712355796845,-0.007,-0.00626199434944498));
#11979=CARTESIAN_POINT('',(-0.0157986063223435,-0.007,-0.00627580210290946));
#11980=CARTESIAN_POINT('',(-0.0158314156291532,-0.007,-0.00629321728492689));
#11981=CARTESIAN_POINT('',(-0.0158698635462482,-0.007,-0.00631460950155383));
#11982=CARTESIAN_POINT('',(-0.015913697495329,-0.007,-0.00634016393880598));
#11983=CARTESIAN_POINT('',(-0.0159627951905818,-0.007,-0.00637011692583025));
#11984=CARTESIAN_POINT('',(-0.0160169865273855,-0.007,-0.00640468365185267));
#11985=CARTESIAN_POINT('',(-0.0160761069970888,-0.007,-0.00644407954318655));
#11986=CARTESIAN_POINT('',(-0.0161399820454673,-0.007,-0.00648851370750814));
#11987=CARTESIAN_POINT('',(-0.0162084317884409,-0.007,-0.0065381906147201));
#11988=CARTESIAN_POINT('',(-0.0162812698105748,-0.007,-0.00659330938612677));
#11989=CARTESIAN_POINT('',(-0.0163583036824676,-0.007,-0.00665406377956151));
#11990=CARTESIAN_POINT('',(-0.0164393349917973,-0.007,-0.00672064198391725));
#11991=CARTESIAN_POINT('',(-0.0165241595214099,-0.007,-0.00679322645811626));
#11992=CARTESIAN_POINT('',(-0.016612567383646,-0.007,-0.0068719938207936));
#11993=CARTESIAN_POINT('',(-0.0167043432027397,-0.007,-0.00695711450269854));
#11994=CARTESIAN_POINT('',(-0.016799266170884,-0.007,-0.00704875335768618));
#11995=CARTESIAN_POINT('',(-0.0168971106026384,-0.007,-0.00714706656642802));
#11996=CARTESIAN_POINT('',(-0.0169976445800637,-0.007,-0.00725221292608659));
#11997=CARTESIAN_POINT('',(-0.0171006359998227,-0.007,-0.00736430951545409));
#11998=CARTESIAN_POINT('',(-0.017205830054162,-0.007,-0.00748360218209628));
#11999=CARTESIAN_POINT('',(-0.0172977370434909,-0.007,-0.00759179651679695));
#12000=CARTESIAN_POINT('',(-0.0173543879342806,-0.007,-0.00766127747716067));
#12001=CARTESIAN_POINT('',(-0.0173754422058591,-0.007,-0.00768726272159677));
#12002=CARTESIAN_POINT('',(-0.0158507329060484,-0.007,-0.00630400763249849));
#12003=CARTESIAN_POINT('',(-0.0160252486894073,-0.007,-0.00599089659102888));
#12004=CARTESIAN_POINT('',(-0.0156894834473945,-0.007,-0.00586537374375538));
#12005=CARTESIAN_POINT('',(-9.21510975582187E-16,-0.007,-3.33844957460206E-16));
#12006=CARTESIAN_POINT('',(-0.0157890311789504,-0.007,-0.00559186859914746));
#12007=CARTESIAN_POINT('',(-0.0161269268077468,-0.007,-0.00571153825683835));
#12008=CARTESIAN_POINT('',(-0.0161945038595808,-0.007,-0.0053595047002035));
#12009=CARTESIAN_POINT('',(-0.0158979166848198,-0.007,-0.00527434783480651));
#12010=CARTESIAN_POINT('',(-0.0159677420551969,-0.007,-0.00529763957028064));
#12011=CARTESIAN_POINT('',(-0.0160547367899876,-0.007,-0.00532665851195534));
#12012=CARTESIAN_POINT('',(-0.0160662163152367,-0.007,-0.00532983419428655));
#12013=CARTESIAN_POINT('',(-0.0160842918533373,-0.007,-0.00533492800157907));
#12014=CARTESIAN_POINT('',(-0.016106599756688,-0.007,-0.00534058884583398));
#12015=CARTESIAN_POINT('',(-0.0161364424148505,-0.007,-0.00534760506726964));
#12016=CARTESIAN_POINT('',(-0.0161727700652359,-0.007,-0.00535535367975895));
#12017=CARTESIAN_POINT('',(-0.0162159735302676,-0.007,-0.00536368013581282));
#12018=CARTESIAN_POINT('',(-0.0162659783590191,-0.007,-0.00537228022051158));
#12019=CARTESIAN_POINT('',(-0.0163228427845698,-0.007,-0.00538089429141945));
#12020=CARTESIAN_POINT('',(-0.0163865748201881,-0.007,-0.00538924816288294));
#12021=CARTESIAN_POINT('',(-0.0164571869183008,-0.007,-0.00539707106464904));
#12022=CARTESIAN_POINT('',(-0.0165346797744378,-0.007,-0.00540409060965163));
#12023=CARTESIAN_POINT('',(-0.0166190470201191,-0.007,-0.00541003453760024));
#12024=CARTESIAN_POINT('',(-0.0167102738455439,-0.007,-0.00541463048719439));
#12025=CARTESIAN_POINT('',(-0.0168083373863732,-0.007,-0.00541760634008754));
#12026=CARTESIAN_POINT('',(-0.0169132066154389,-0.007,-0.0054186903982418));
#12027=CARTESIAN_POINT('',(-0.0170248423756596,-0.007,-0.00541761162175737));
#12028=CARTESIAN_POINT('',(-0.0171431974120302,-0.007,-0.00541409979972347));
#12029=CARTESIAN_POINT('',(-0.0172682162879162,-0.007,-0.00540788593373798));
#12030=CARTESIAN_POINT('',(-0.0173998358207394,-0.007,-0.00539870180589874));
#12031=CARTESIAN_POINT('',(-0.0175379835164228,-0.007,-0.00538628270706539));
#12032=CARTESIAN_POINT('',(-0.0176825837883662,-0.007,-0.00537035791757626));
#12033=CARTESIAN_POINT('',(-0.017833534091895,-0.007,-0.00535068855672375));
#12034=CARTESIAN_POINT('',(-0.0179907972607149,-0.007,-0.00532692250707968));
#12035=CARTESIAN_POINT('',(-0.018130748076958,-0.007,-0.00530311751218949));
#12036=CARTESIAN_POINT('',(-0.0182188066774762,-0.007,-0.00528630649927765));
#12037=CARTESIAN_POINT('',(-0.0182516381783809,-0.007,-0.00527993407207588));
#12038=CARTESIAN_POINT('',(-0.0164051736337057,-0.007,-0.00338123912907201));
#12039=CARTESIAN_POINT('',(-0.016477290046018,-0.007,-0.00339598057964175));
#12040=CARTESIAN_POINT('',(-0.0165671391671796,-0.007,-0.00341434680635589));
#12041=CARTESIAN_POINT('',(-0.0165786685688342,-0.007,-0.00341733634740722));
#12042=CARTESIAN_POINT('',(-0.0165968693476627,-0.007,-0.00342196274994023));
#12043=CARTESIAN_POINT('',(-0.0166190189807971,-0.007,-0.00342821426668398));
#12044=CARTESIAN_POINT('',(-0.0166483715916001,-0.007,-0.00343705936976337));
#12045=CARTESIAN_POINT('',(-0.0166837065659383,-0.007,-0.00344851269969624));
#12046=CARTESIAN_POINT('',(-0.0167252850922141,-0.007,-0.00346290350974591));
#12047=CARTESIAN_POINT('',(-0.0167728905865743,-0.007,-0.00348045803229786));
#12048=CARTESIAN_POINT('',(-0.0168264436591267,-0.007,-0.00350143024083696));
#12049=CARTESIAN_POINT('',(-0.0168858141567387,-0.007,-0.00352606159373878));
#12050=CARTESIAN_POINT('',(-0.0169508774784019,-0.007,-0.00355459281113442));
#12051=CARTESIAN_POINT('',(-0.0170214980329297,-0.007,-0.00358726013490765));
#12052=CARTESIAN_POINT('',(-0.0170975341749113,-0.007,-0.00362429616514651));
#12053=CARTESIAN_POINT('',(-0.0171788368980329,-0.007,-0.00366592936875588));
#12054=CARTESIAN_POINT('',(-0.0172652503420227,-0.007,-0.00371238397496715));
#12055=CARTESIAN_POINT('',(-0.0173566117875461,-0.007,-0.00376387976759924));
#12056=CARTESIAN_POINT('',(-0.0174527518036256,-0.007,-0.00382063189555007));
#12057=CARTESIAN_POINT('',(-0.0175534943607715,-0.007,-0.00388285074083032));
#12058=CARTESIAN_POINT('',(-0.0176586569502486,-0.007,-0.00395074154457248));
#12059=CARTESIAN_POINT('',(-0.0177680507453882,-0.007,-0.00402450499900447));
#12060=CARTESIAN_POINT('',(-0.0178814806099075,-0.007,-0.00410433410192794));
#12061=CARTESIAN_POINT('',(-0.0179987457240602,-0.007,-0.00419042551014719));
#12062=CARTESIAN_POINT('',(-0.0181196378411989,-0.007,-0.00428293482808606));
#12063=CARTESIAN_POINT('',(-0.0182439487156544,-0.007,-0.00438214841523537));
#12064=CARTESIAN_POINT('',(-0.0183532471803562,-0.007,-0.00447273955366877));
#12065=CARTESIAN_POINT('',(-0.0184211026589708,-0.007,-0.00453132761817285));
#12066=CARTESIAN_POINT('',(-0.0184463493591977,-0.007,-0.00455326205246573));
#12067=CARTESIAN_POINT('',(-0.0167046040941839,-0.007,-0.0034557847077121));
#12068=CARTESIAN_POINT('',(-0.0168220974289002,-0.007,-0.00311712617876472));
#12069=CARTESIAN_POINT('',(-0.0164696364016894,-0.007,-0.00305181532798901));
#12070=CARTESIAN_POINT('',(-9.6548272172544E-16,-0.007,-1.6875440080092E-16));
#12071=CARTESIAN_POINT('',(-0.0165201781095768,-0.007,-0.00276517905891484));
#12072=CARTESIAN_POINT('',(-0.0168737207625045,-0.007,-0.00282435570542704));
#12073=CARTESIAN_POINT('',(-0.016879141181489,-0.007,-0.0024659356976295));
#12074=CARTESIAN_POINT('',(-0.0165722724978484,-0.007,-0.00243357437878096));
#12075=CARTESIAN_POINT('',(-0.0166450816313724,-0.007,-0.00244438721213609));
#12076=CARTESIAN_POINT('',(-0.0167357938070052,-0.007,-0.00245785881371851));
#12077=CARTESIAN_POINT('',(-0.0167476503839211,-0.007,-0.00245899285165942));
#12078=CARTESIAN_POINT('',(-0.0167663358443361,-0.007,-0.00246087048832192));
#12079=CARTESIAN_POINT('',(-0.0167892878357984,-0.007,-0.00246257160486832));
#12080=CARTESIAN_POINT('',(-0.0168198954709936,-0.007,-0.00246429911092836));
#12081=CARTESIAN_POINT('',(-0.0168570167551801,-0.007,-0.00246562177429457));
#12082=CARTESIAN_POINT('',(-0.0169010097364205,-0.007,-0.0024663195297999));
#12083=CARTESIAN_POINT('',(-0.0169517482684988,-0.007,-0.00246610571250055));
#12084=CARTESIAN_POINT('',(-0.0170092446133671,-0.007,-0.00246471451244467));
#12085=CARTESIAN_POINT('',(-0.0170734590507153,-0.007,-0.00246187451798546));
#12086=CARTESIAN_POINT('',(-0.017144356825029,-0.007,-0.00245731691013724));
#12087=CARTESIAN_POINT('',(-0.0172218913217534,-0.007,-0.00245077331922803));
#12088=CARTESIAN_POINT('',(-0.0173060089916571,-0.007,-0.00244197672708784));
#12089=CARTESIAN_POINT('',(-0.0173966479548898,-0.007,-0.00243066148189125));
#12090=CARTESIAN_POINT('',(-0.0174937384416183,-0.007,-0.00241656356973167));
#12091=CARTESIAN_POINT('',(-0.0175972027161776,-0.007,-0.0023994208080861));
#12092=CARTESIAN_POINT('',(-0.0177069551507856,-0.007,-0.0023789730743157));
#12093=CARTESIAN_POINT('',(-0.017822902286715,-0.007,-0.00235496246836604));
#12094=CARTESIAN_POINT('',(-0.0179449428184558,-0.007,-0.00232713370499578));
#12095=CARTESIAN_POINT('',(-0.0180729679477651,-0.007,-0.00229523361267492));
#12096=CARTESIAN_POINT('',(-0.0182068603156543,-0.007,-0.00225901409225411));
#12097=CARTESIAN_POINT('',(-0.0183464984738773,-0.007,-0.00221822166238699));
#12098=CARTESIAN_POINT('',(-0.0184917399544441,-0.007,-0.00217263887819661));
#12099=CARTESIAN_POINT('',(-0.0186424870111502,-0.007,-0.00212192542556895));
#12100=CARTESIAN_POINT('',(-0.0187761779660447,-0.007,-0.00207417987783706));
#12101=CARTESIAN_POINT('',(-0.0188599795567975,-0.007,-0.00204233304647763));
#12102=CARTESIAN_POINT('',(-0.0188912057130606,-0.007,-0.00203035630046163));
#12103=CARTESIAN_POINT('',(-0.0167430881970043,-0.007,-0.000481142003295794));
#12104=CARTESIAN_POINT('',(-0.0168166688249965,-0.007,-0.000483136614529608));
#12105=CARTESIAN_POINT('',(-0.0169083421979173,-0.007,-0.000485621680836584));
#12106=CARTESIAN_POINT('',(-0.01692021557041,-0.007,-0.000486563744454966));
#12107=CARTESIAN_POINT('',(-0.0169389432048801,-0.007,-0.000487959329462344));
#12108=CARTESIAN_POINT('',(-0.0169618418998074,-0.007,-0.000490269628189901));
#12109=CARTESIAN_POINT('',(-0.0169922845145284,-0.007,-0.000493883326902962));
#12110=CARTESIAN_POINT('',(-0.0170290715210802,-0.007,-0.000499026801116924));
#12111=CARTESIAN_POINT('',(-0.0170725173140558,-0.007,-0.000505978947108096));
#12112=CARTESIAN_POINT('',(-0.0171224478848385,-0.007,-0.000515000169675115));
#12113=CARTESIAN_POINT('',(-0.0171788291516803,-0.007,-0.000526354369785019));
#12114=CARTESIAN_POINT('',(-0.0172415748675737,-0.007,-0.000540301938372396));
#12115=CARTESIAN_POINT('',(-0.0173106041250917,-0.007,-0.00055710157522672));
#12116=CARTESIAN_POINT('',(-0.0173858244159551,-0.007,-0.000577009478349184));
#12117=CARTESIAN_POINT('',(-0.0174671366372467,-0.007,-0.000600279310577283));
#12118=CARTESIAN_POINT('',(-0.0175544337192551,-0.007,-0.000627161942565109));
#12119=CARTESIAN_POINT('',(-0.0176476011065736,-0.007,-0.000657905261850334));
#12120=CARTESIAN_POINT('',(-0.0177465167169994,-0.007,-0.000692753969157789));
#12121=CARTESIAN_POINT('',(-0.0178510510538068,-0.007,-0.000731949366170606));
#12122=CARTESIAN_POINT('',(-0.0179610672942417,-0.007,-0.000775729205924181));
#12123=CARTESIAN_POINT('',(-0.0180764213420358,-0.007,-0.000824327303786246));
#12124=CARTESIAN_POINT('',(-0.0181969620890612,-0.007,-0.000877974092425786));
#12125=CARTESIAN_POINT('',(-0.0183225308773105,-0.007,-0.00093689352263403));
#12126=CARTESIAN_POINT('',(-0.0184529640870358,-0.007,-0.00100131413553958));
#12127=CARTESIAN_POINT('',(-0.0185880836557494,-0.007,-0.00107142533323623));
#12128=CARTESIAN_POINT('',(-0.0187277342273053,-0.007,-0.00114754528625162));
#12129=CARTESIAN_POINT('',(-0.0188511031888376,-0.007,-0.00121778066251778));
#12130=CARTESIAN_POINT('',(-0.0189281015008957,-0.007,-0.00126369566246924));
#12131=CARTESIAN_POINT('',(-0.0189567735215604,-0.007,-0.00128091281993229));
#12132=CARTESIAN_POINT('',(-0.0170509143398552,-0.007,-0.000502559513293318));
#12133=CARTESIAN_POINT('',(-0.017107815250408,-0.007,-0.000148643464900731));
#12134=CARTESIAN_POINT('',(-0.0167493677879571,-0.007,-0.000145529047774773));
#12135=CARTESIAN_POINT('',(-9.80118763926896E-16,-0.007,1.46367293285555E-18));
#12136=CARTESIAN_POINT('',(-0.0167493677879571,-0.007,0.000145529047774778));
#12137=CARTESIAN_POINT('',(-0.017107815250408,-0.007,0.000148643464900736));
#12138=CARTESIAN_POINT('',(-0.0170509143398552,-0.007,0.000502559513293321));
#12139=CARTESIAN_POINT('',(-0.0167430881970043,-0.007,0.000481142003295797));
#12140=CARTESIAN_POINT('',(-0.0168166688249965,-0.007,0.000483136614529611));
#12141=CARTESIAN_POINT('',(-0.0169083421979173,-0.007,0.000485621680836587));
#12142=CARTESIAN_POINT('',(-0.01692021557041,-0.007,0.000486563744454969));
#12143=CARTESIAN_POINT('',(-0.0169389432048801,-0.007,0.000487959329462347));
#12144=CARTESIAN_POINT('',(-0.0169618418998074,-0.007,0.000490269628189904));
#12145=CARTESIAN_POINT('',(-0.0169922845145284,-0.007,0.000493883326902965));
#12146=CARTESIAN_POINT('',(-0.0170290715210802,-0.007,0.000499026801116927));
#12147=CARTESIAN_POINT('',(-0.0170725173140558,-0.007,0.000505978947108099));
#12148=CARTESIAN_POINT('',(-0.0171224478848385,-0.007,0.000515000169675118));
#12149=CARTESIAN_POINT('',(-0.0171788291516803,-0.007,0.000526354369785022));
#12150=CARTESIAN_POINT('',(-0.0172415748675737,-0.007,0.000540301938372399));
#12151=CARTESIAN_POINT('',(-0.0173106041250917,-0.007,0.000557101575226723));
#12152=CARTESIAN_POINT('',(-0.0173858244159551,-0.007,0.000577009478349188));
#12153=CARTESIAN_POINT('',(-0.0174671366372467,-0.007,0.000600279310577286));
#12154=CARTESIAN_POINT('',(-0.0175544337192551,-0.007,0.000627161942565112));
#12155=CARTESIAN_POINT('',(-0.0176476011065736,-0.007,0.000657905261850337));
#12156=CARTESIAN_POINT('',(-0.0177465167169994,-0.007,0.000692753969157793));
#12157=CARTESIAN_POINT('',(-0.0178510510538068,-0.007,0.00073194936617061));
#12158=CARTESIAN_POINT('',(-0.0179610672942417,-0.007,0.000775729205924184));
#12159=CARTESIAN_POINT('',(-0.0180764213420358,-0.007,0.000824327303786249));
#12160=CARTESIAN_POINT('',(-0.0181969620890612,-0.007,0.00087797409242579));
#12161=CARTESIAN_POINT('',(-0.0183225308773105,-0.007,0.000936893522634033));
#12162=CARTESIAN_POINT('',(-0.0184529640870358,-0.007,0.00100131413553958));
#12163=CARTESIAN_POINT('',(-0.0185880836557494,-0.007,0.00107142533323623));
#12164=CARTESIAN_POINT('',(-0.0187277342273053,-0.007,0.00114754528625162));
#12165=CARTESIAN_POINT('',(-0.0188511031888376,-0.007,0.00121778066251778));
#12166=CARTESIAN_POINT('',(-0.0189281015008957,-0.007,0.00126369566246925));
#12167=CARTESIAN_POINT('',(-0.0189567735215604,-0.007,0.00128091281993229));
#12168=CARTESIAN_POINT('',(-0.0165722724978484,-0.007,0.00243357437878096));
#12169=CARTESIAN_POINT('',(-0.0166450816313724,-0.007,0.00244438721213609));
#12170=CARTESIAN_POINT('',(-0.0167357938070052,-0.007,0.00245785881371851));
#12171=CARTESIAN_POINT('',(-0.0167476503839211,-0.007,0.00245899285165941));
#12172=CARTESIAN_POINT('',(-0.0167663358443361,-0.007,0.00246087048832192));
#12173=CARTESIAN_POINT('',(-0.0167892878357984,-0.007,0.00246257160486832));
#12174=CARTESIAN_POINT('',(-0.0168198954709936,-0.007,0.00246429911092836));
#12175=CARTESIAN_POINT('',(-0.0168570167551801,-0.007,0.00246562177429457));
#12176=CARTESIAN_POINT('',(-0.0169010097364205,-0.007,0.00246631952979989));
#12177=CARTESIAN_POINT('',(-0.0169517482684988,-0.007,0.00246610571250054));
#12178=CARTESIAN_POINT('',(-0.0170092446133671,-0.007,0.00246471451244467));
#12179=CARTESIAN_POINT('',(-0.0170734590507153,-0.007,0.00246187451798546));
#12180=CARTESIAN_POINT('',(-0.017144356825029,-0.007,0.00245731691013724));
#12181=CARTESIAN_POINT('',(-0.0172218913217534,-0.007,0.00245077331922802));
#12182=CARTESIAN_POINT('',(-0.0173060089916571,-0.007,0.00244197672708784));
#12183=CARTESIAN_POINT('',(-0.0173966479548898,-0.007,0.00243066148189124));
#12184=CARTESIAN_POINT('',(-0.0174937384416183,-0.007,0.00241656356973167));
#12185=CARTESIAN_POINT('',(-0.0175972027161776,-0.007,0.0023994208080861));
#12186=CARTESIAN_POINT('',(-0.0177069551507856,-0.007,0.0023789730743157));
#12187=CARTESIAN_POINT('',(-0.017822902286715,-0.007,0.00235496246836604));
#12188=CARTESIAN_POINT('',(-0.0179449428184558,-0.007,0.00232713370499578));
#12189=CARTESIAN_POINT('',(-0.0180729679477651,-0.007,0.00229523361267491));
#12190=CARTESIAN_POINT('',(-0.0182068603156543,-0.007,0.0022590140922541));
#12191=CARTESIAN_POINT('',(-0.0183464984738773,-0.007,0.00221822166238699));
#12192=CARTESIAN_POINT('',(-0.0184917399544441,-0.007,0.0021726388781966));
#12193=CARTESIAN_POINT('',(-0.0186424870111502,-0.007,0.00212192542556895));
#12194=CARTESIAN_POINT('',(-0.0187761779660447,-0.007,0.00207417987783706));
#12195=CARTESIAN_POINT('',(-0.0188599795567975,-0.007,0.00204233304647762));
#12196=CARTESIAN_POINT('',(-0.0188912057130606,-0.007,0.00203035630046163));
#12197=CARTESIAN_POINT('',(-0.016879141181489,-0.007,0.00246593569762949));
#12198=CARTESIAN_POINT('',(-0.0168737207625045,-0.007,0.00282435570542704));
#12199=CARTESIAN_POINT('',(-0.0165201781095768,-0.007,0.00276517905891484));
#12200=CARTESIAN_POINT('',(-9.64974393450458E-16,-0.007,1.7163727370522E-16));
#12201=CARTESIAN_POINT('',(-0.0164696364016894,-0.007,0.00305181532798901));
#12202=CARTESIAN_POINT('',(-0.0168220974289002,-0.007,0.00311712617876472));
#12203=CARTESIAN_POINT('',(-0.0167046040941839,-0.007,0.0034557847077121));
#12204=CARTESIAN_POINT('',(-0.0164051736337057,-0.007,0.00338123912907201));
#12205=CARTESIAN_POINT('',(-0.016477290046018,-0.007,0.00339598057964175));
#12206=CARTESIAN_POINT('',(-0.0165671391671796,-0.007,0.00341434680635588));
#12207=CARTESIAN_POINT('',(-0.0165786685688342,-0.007,0.00341733634740722));
#12208=CARTESIAN_POINT('',(-0.0165968693476627,-0.007,0.00342196274994022));
#12209=CARTESIAN_POINT('',(-0.0166190189807971,-0.007,0.00342821426668397));
#12210=CARTESIAN_POINT('',(-0.0166483715916001,-0.007,0.00343705936976336));
#12211=CARTESIAN_POINT('',(-0.0166837065659383,-0.007,0.00344851269969623));
#12212=CARTESIAN_POINT('',(-0.0167252850922141,-0.007,0.00346290350974591));
#12213=CARTESIAN_POINT('',(-0.0167728905865743,-0.007,0.00348045803229786));
#12214=CARTESIAN_POINT('',(-0.0168264436591267,-0.007,0.00350143024083696));
#12215=CARTESIAN_POINT('',(-0.0168858141567387,-0.007,0.00352606159373878));
#12216=CARTESIAN_POINT('',(-0.0169508774784019,-0.007,0.00355459281113441));
#12217=CARTESIAN_POINT('',(-0.0170214980329297,-0.007,0.00358726013490764));
#12218=CARTESIAN_POINT('',(-0.0170975341749113,-0.007,0.00362429616514651));
#12219=CARTESIAN_POINT('',(-0.0171788368980329,-0.007,0.00366592936875588));
#12220=CARTESIAN_POINT('',(-0.0172652503420227,-0.007,0.00371238397496714));
#12221=CARTESIAN_POINT('',(-0.0173566117875461,-0.007,0.00376387976759924));
#12222=CARTESIAN_POINT('',(-0.0174527518036256,-0.007,0.00382063189555007));
#12223=CARTESIAN_POINT('',(-0.0175534943607715,-0.007,0.00388285074083031));
#12224=CARTESIAN_POINT('',(-0.0176586569502486,-0.007,0.00395074154457247));
#12225=CARTESIAN_POINT('',(-0.0177680507453882,-0.007,0.00402450499900446));
#12226=CARTESIAN_POINT('',(-0.0178814806099075,-0.007,0.00410433410192793));
#12227=CARTESIAN_POINT('',(-0.0179987457240602,-0.007,0.00419042551014719));
#12228=CARTESIAN_POINT('',(-0.0181196378411989,-0.007,0.00428293482808606));
#12229=CARTESIAN_POINT('',(-0.0182439487156544,-0.007,0.00438214841523536));
#12230=CARTESIAN_POINT('',(-0.0183532471803563,-0.007,0.00447273955366877));
#12231=CARTESIAN_POINT('',(-0.0184211026589708,-0.007,0.00453132761817284));
#12232=CARTESIAN_POINT('',(-0.0184463493591977,-0.007,0.00455326205246573));
#12233=CARTESIAN_POINT('',(-0.0158979166848198,-0.007,0.00527434783480651));
#12234=CARTESIAN_POINT('',(-0.0159677420551969,-0.007,0.00529763957028064));
#12235=CARTESIAN_POINT('',(-0.0160547367899876,-0.007,0.00532665851195534));
#12236=CARTESIAN_POINT('',(-0.0160662163152367,-0.007,0.00532983419428656));
#12237=CARTESIAN_POINT('',(-0.0160842918533373,-0.007,0.00533492800157907));
#12238=CARTESIAN_POINT('',(-0.016106599756688,-0.007,0.00534058884583398));
#12239=CARTESIAN_POINT('',(-0.0161364424148505,-0.007,0.00534760506726964));
#12240=CARTESIAN_POINT('',(-0.0161727700652359,-0.007,0.00535535367975895));
#12241=CARTESIAN_POINT('',(-0.0162159735302676,-0.007,0.00536368013581282));
#12242=CARTESIAN_POINT('',(-0.0162659783590191,-0.007,0.00537228022051158));
#12243=CARTESIAN_POINT('',(-0.0163228427845698,-0.007,0.00538089429141945));
#12244=CARTESIAN_POINT('',(-0.0163865748201881,-0.007,0.00538924816288294));
#12245=CARTESIAN_POINT('',(-0.0164571869183008,-0.007,0.00539707106464904));
#12246=CARTESIAN_POINT('',(-0.0165346797744378,-0.007,0.00540409060965163));
#12247=CARTESIAN_POINT('',(-0.0166190470201191,-0.007,0.00541003453760025));
#12248=CARTESIAN_POINT('',(-0.0167102738455439,-0.007,0.0054146304871944));
#12249=CARTESIAN_POINT('',(-0.0168083373863732,-0.007,0.00541760634008755));
#12250=CARTESIAN_POINT('',(-0.0169132066154389,-0.007,0.0054186903982418));
#12251=CARTESIAN_POINT('',(-0.0170248423756596,-0.007,0.00541761162175738));
#12252=CARTESIAN_POINT('',(-0.0171431974120302,-0.007,0.00541409979972347));
#12253=CARTESIAN_POINT('',(-0.0172682162879162,-0.007,0.00540788593373799));
#12254=CARTESIAN_POINT('',(-0.0173998358207394,-0.007,0.00539870180589874));
#12255=CARTESIAN_POINT('',(-0.0175379835164228,-0.007,0.00538628270706539));
#12256=CARTESIAN_POINT('',(-0.0176825837883662,-0.007,0.00537035791757626));
#12257=CARTESIAN_POINT('',(-0.017833534091895,-0.007,0.00535068855672376));
#12258=CARTESIAN_POINT('',(-0.0179907972607149,-0.007,0.00532692250707969));
#12259=CARTESIAN_POINT('',(-0.018130748076958,-0.007,0.00530311751218949));
#12260=CARTESIAN_POINT('',(-0.0182188066774762,-0.007,0.00528630649927766));
#12261=CARTESIAN_POINT('',(-0.0182516381783809,-0.007,0.00527993407207589));
#12262=CARTESIAN_POINT('',(-0.0161945038595809,-0.007,0.00535950470020351));
#12263=CARTESIAN_POINT('',(-0.0161269268077468,-0.007,0.00571153825683835));
#12264=CARTESIAN_POINT('',(-0.0157890311789505,-0.007,0.00559186859914747));
#12265=CARTESIAN_POINT('',(-9.20509764329633E-16,-0.007,3.36595762768703E-16));
#12266=CARTESIAN_POINT('',(-0.0156894834473944,-0.007,0.00586537374375537));
#12267=CARTESIAN_POINT('',(-0.0160252486894073,-0.007,0.00599089659102889));
#12268=CARTESIAN_POINT('',(-0.0158507329060484,-0.007,0.00630400763249849));
#12269=CARTESIAN_POINT('',(-0.0155687961709653,-0.007,0.00617859901490093));
#12270=CARTESIAN_POINT('',(-0.0156372571469023,-0.007,0.00620563939329056));
#12271=CARTESIAN_POINT('',(-0.0157225519962241,-0.007,0.00623932873190692));
#12272=CARTESIAN_POINT('',(-0.0157333871120055,-0.007,0.00624427491469914));
#12273=CARTESIAN_POINT('',(-0.0157505080137377,-0.007,0.00625199156385788));
#12274=CARTESIAN_POINT('',(-0.0157712355796845,-0.007,0.00626199434944499));
#12275=CARTESIAN_POINT('',(-0.0157986063223435,-0.007,0.00627580210290946));
#12276=CARTESIAN_POINT('',(-0.0158314156291532,-0.007,0.00629321728492689));
#12277=CARTESIAN_POINT('',(-0.0158698635462482,-0.007,0.00631460950155383));
#12278=CARTESIAN_POINT('',(-0.015913697495329,-0.007,0.00634016393880598));
#12279=CARTESIAN_POINT('',(-0.0159627951905818,-0.007,0.00637011692583025));
#12280=CARTESIAN_POINT('',(-0.0160169865273855,-0.007,0.00640468365185267));
#12281=CARTESIAN_POINT('',(-0.0160761069970888,-0.007,0.00644407954318655));
#12282=CARTESIAN_POINT('',(-0.0161399820454673,-0.007,0.00648851370750815));
#12283=CARTESIAN_POINT('',(-0.0162084317884409,-0.007,0.0065381906147201));
#12284=CARTESIAN_POINT('',(-0.0162812698105748,-0.007,0.00659330938612678));
#12285=CARTESIAN_POINT('',(-0.0163583036824676,-0.007,0.00665406377956151));
#12286=CARTESIAN_POINT('',(-0.0164393349917973,-0.007,0.00672064198391725));
#12287=CARTESIAN_POINT('',(-0.0165241595214099,-0.007,0.00679322645811626));
#12288=CARTESIAN_POINT('',(-0.016612567383646,-0.007,0.0068719938207936));
#12289=CARTESIAN_POINT('',(-0.0167043432027397,-0.007,0.00695711450269855));
#12290=CARTESIAN_POINT('',(-0.016799266170884,-0.007,0.00704875335768618));
#12291=CARTESIAN_POINT('',(-0.0168971106026384,-0.007,0.00714706656642802));
#12292=CARTESIAN_POINT('',(-0.0169976445800637,-0.007,0.00725221292608659));
#12293=CARTESIAN_POINT('',(-0.0171006359998227,-0.007,0.00736430951545409));
#12294=CARTESIAN_POINT('',(-0.017205830054162,-0.007,0.00748360218209628));
#12295=CARTESIAN_POINT('',(-0.0172977370434909,-0.007,0.00759179651679696));
#12296=CARTESIAN_POINT('',(-0.0173543879342806,-0.007,0.00766127747716067));
#12297=CARTESIAN_POINT('',(-0.017375442205859,-0.007,0.00768726272159678));
#12298=CARTESIAN_POINT('',(-0.014740510718057,-0.007,0.00795486290082025));
#12299=CARTESIAN_POINT('',(-0.0148052307167416,-0.007,0.00798992583081718));
#12300=CARTESIAN_POINT('',(-0.0148858647196951,-0.007,0.00803361038672567));
#12301=CARTESIAN_POINT('',(-0.0148966183937116,-0.007,0.00803873122194653));
#12302=CARTESIAN_POINT('',(-0.0149135347934192,-0.007,0.00804688642711206));
#12303=CARTESIAN_POINT('',(-0.0149345207943035,-0.007,0.00805633499718732));
#12304=CARTESIAN_POINT('',(-0.014962691721366,-0.007,0.00806842674966067));
#12305=CARTESIAN_POINT('',(-0.014997121940676,-0.007,0.00808236587360356));
#12306=CARTESIAN_POINT('',(-0.0150382231740761,-0.007,0.00809806803505218));
#12307=CARTESIAN_POINT('',(-0.0150859749280829,-0.007,0.00811522071252733));
#12308=CARTESIAN_POINT('',(-0.0151404796375203,-0.007,0.00813357832021334));
#12309=CARTESIAN_POINT('',(-0.0152017928057564,-0.007,0.00815287222944238));
#12310=CARTESIAN_POINT('',(-0.0152699737147985,-0.007,0.0081728379459112));
#12311=CARTESIAN_POINT('',(-0.0153450703491275,-0.007,0.00819320734150277));
#12312=CARTESIAN_POINT('',(-0.0154271237145182,-0.007,0.00821371118629723));
#12313=CARTESIAN_POINT('',(-0.0155161665212076,-0.007,0.00823407868507937));
#12314=CARTESIAN_POINT('',(-0.0156122235050722,-0.007,0.00825403788324094));
#12315=CARTESIAN_POINT('',(-0.0157153112901856,-0.007,0.00827331582263657));
#12316=CARTESIAN_POINT('',(-0.0158254383799349,-0.007,0.00829163878151571));
#12317=CARTESIAN_POINT('',(-0.0159426051588572,-0.007,0.00830873244833299));
#12318=CARTESIAN_POINT('',(-0.0160668037436074,-0.007,0.00832432228490588));
#12319=CARTESIAN_POINT('',(-0.0161980184870422,-0.007,0.00833813317662526));
#12320=CARTESIAN_POINT('',(-0.0163362239626927,-0.007,0.00834989184741305));
#12321=CARTESIAN_POINT('',(-0.0164813927422648,-0.007,0.0083593185649722));
#12322=CARTESIAN_POINT('',(-0.0166334653201674,-0.007,0.0083661602710339));
#12323=CARTESIAN_POINT('',(-0.0167924662392955,-0.007,0.00837006374376565));
#12324=CARTESIAN_POINT('',(-0.0169344245821541,-0.007,0.00837092260444097));
#12325=CARTESIAN_POINT('',(-0.0170240645764207,-0.007,0.00836965820409729));
#12326=CARTESIAN_POINT('',(-0.0170575038534256,-0.007,0.00836908371868567));
#12327=CARTESIAN_POINT('',(-0.0150178047327137,-0.007,0.00809022786450207));
#12328=CARTESIAN_POINT('',(-0.0148901243425546,-0.007,0.00842517860849344));
#12329=CARTESIAN_POINT('',(-0.014578142525587,-0.007,0.00824865204161702));
#12330=CARTESIAN_POINT('',(-8.48075911820067E-16,-0.007,4.91326959906132E-16));
#12331=CARTESIAN_POINT('',(-0.0144326134778122,-0.007,0.00850071574634004));
#12332=CARTESIAN_POINT('',(-0.0147414808776538,-0.007,0.00868263664191459));
#12333=CARTESIAN_POINT('',(-0.0145152452194204,-0.007,0.00896068647535318));
#12334=CARTESIAN_POINT('',(-0.0142593687147612,-0.007,0.00878822529618404));
#12335=CARTESIAN_POINT('',(-0.0143220941022119,-0.007,0.00882674299417929));
#12336=CARTESIAN_POINT('',(-0.0144002430388585,-0.007,0.00887473181119163));
#12337=CARTESIAN_POINT('',(-0.0144100546492566,-0.007,0.00888148434846349));
#12338=CARTESIAN_POINT('',(-0.0144255754639568,-0.007,0.00889205677776809));
#12339=CARTESIAN_POINT('',(-0.0144442511661136,-0.007,0.00890550690262014));
#12340=CARTESIAN_POINT('',(-0.0144688083944631,-0.007,0.00892385776486775));
#12341=CARTESIAN_POINT('',(-0.0144980951395591,-0.007,0.00894670564747665));
#12342=CARTESIAN_POINT('',(-0.0145322442269679,-0.007,0.00897444927900361));
#12343=CARTESIAN_POINT('',(-0.0145709747584078,-0.007,0.00900722717231123));
#12344=CARTESIAN_POINT('',(-0.0146141252677353,-0.007,0.00904525083146689));
#12345=CARTESIAN_POINT('',(-0.0146614908673839,-0.007,0.00908870263813132));
#12346=CARTESIAN_POINT('',(-0.0147128721395718,-0.007,0.00913776617918054));
#12347=CARTESIAN_POINT('',(-0.0147680608707783,-0.007,0.00919261707445237));
#12348=CARTESIAN_POINT('',(-0.0148268444039409,-0.007,0.00925342545094951));
#12349=CARTESIAN_POINT('',(-0.0148890045786425,-0.007,0.00932035503417573));
#12350=CARTESIAN_POINT('',(-0.0149543182432219,-0.007,0.00939356322333263));
#12351=CARTESIAN_POINT('',(-0.0150225573210278,-0.007,0.00947320089436287));
#12352=CARTESIAN_POINT('',(-0.0150934890137644,-0.007,0.00955941227229104));
#12353=CARTESIAN_POINT('',(-0.015166875952933,-0.007,0.00965233484590873));
#12354=CARTESIAN_POINT('',(-0.0152424764398211,-0.007,0.00975209905712992));
#12355=CARTESIAN_POINT('',(-0.0153200443946164,-0.007,0.0098588289124359));
#12356=CARTESIAN_POINT('',(-0.0153993304400586,-0.007,0.00997263902989737));
#12357=CARTESIAN_POINT('',(-0.0154800786067252,-0.007,0.0100936455220637));
#12358=CARTESIAN_POINT('',(-0.0155620399869311,-0.007,0.0102219233847155));
#12359=CARTESIAN_POINT('',(-0.0156449209530439,-0.007,0.0103576704835396));
#12360=CARTESIAN_POINT('',(-0.0157166439196364,-0.007,0.0104801805843967));
#12361=CARTESIAN_POINT('',(-0.0157603689139514,-0.007,0.0105584432967984));
#12362=CARTESIAN_POINT('',(-0.0157765910334933,-0.007,0.0105876898028747));
#12363=CARTESIAN_POINT('',(-0.0131352217921844,-0.007,0.0103936734829474));
#12364=CARTESIAN_POINT('',(-0.0131928699347662,-0.007,0.0104394422380819));
#12365=CARTESIAN_POINT('',(-0.0132646931825056,-0.007,0.0104964650750983));
#12366=CARTESIAN_POINT('',(-0.0132743942603461,-0.007,0.0105033754692219));
#12367=CARTESIAN_POINT('',(-0.0132896375254158,-0.007,0.0105143442804783));
#12368=CARTESIAN_POINT('',(-0.0133086639748162,-0.007,0.0105272934863533));
#12369=CARTESIAN_POINT('',(-0.0133343072114151,-0.007,0.0105440933680842));
#12370=CARTESIAN_POINT('',(-0.0133657938548586,-0.007,0.0105637994702532));
#12371=CARTESIAN_POINT('',(-0.0134035440164483,-0.007,0.0105864002348666));
#12372=CARTESIAN_POINT('',(-0.0134475917828285,-0.007,0.0106115843296928));
#12373=CARTESIAN_POINT('',(-0.0134980806781371,-0.007,0.0106391276875368));
#12374=CARTESIAN_POINT('',(-0.0135551120094001,-0.007,0.0106687753988626));
#12375=CARTESIAN_POINT('',(-0.0136187900869516,-0.007,0.0107002772818424));
#12376=CARTESIAN_POINT('',(-0.0136892087262392,-0.007,0.0107333776142453));
#12377=CARTESIAN_POINT('',(-0.013766455061353,-0.007,0.010767818376937));
#12378=CARTESIAN_POINT('',(-0.0138506083286836,-0.007,0.0108033385687631));
#12379=CARTESIAN_POINT('',(-0.013941740112736,-0.007,0.0108396746620568));
#12380=CARTESIAN_POINT('',(-0.0140399141837113,-0.007,0.0108765607322603));
#12381=CARTESIAN_POINT('',(-0.0141451864470942,-0.007,0.0109137286926694));
#12382=CARTESIAN_POINT('',(-0.0142576049152799,-0.007,0.0109509084659214));
#12383=CARTESIAN_POINT('',(-0.0143772094977439,-0.007,0.0109878283157572));
#12384=CARTESIAN_POINT('',(-0.0145040325582091,-0.007,0.011024214590079));
#12385=CARTESIAN_POINT('',(-0.0146380965103843,-0.007,0.0110597937492262));
#12386=CARTESIAN_POINT('',(-0.0147794229176767,-0.007,0.0110942855477908));
#12387=CARTESIAN_POINT('',(-0.014927997121626,-0.007,0.0111274304389901));
#12388=CARTESIAN_POINT('',(-0.015083904628593,-0.007,0.0111588848290539));
#12389=CARTESIAN_POINT('',(-0.0152235571656538,-0.007,0.0111843814492477));
#12390=CARTESIAN_POINT('',(-0.015312054887803,-0.007,0.0111987020796368));
#12391=CARTESIAN_POINT('',(-0.0153450859053974,-0.007,0.0112039429914639));
#12392=CARTESIAN_POINT('',(-0.0133847972084189,-0.007,0.0105751335489906));
#12393=CARTESIAN_POINT('',(-0.0132008929839802,-0.007,0.0108828241714755));
#12394=CARTESIAN_POINT('',(-0.0129243043884796,-0.007,0.0106548043658214));
#12395=CARTESIAN_POINT('',(-7.49873701876967E-16,-0.007,6.31129435990253E-16));
#12396=CARTESIAN_POINT('',(-0.0127372158509614,-0.007,0.0108777678025419));
#12397=CARTESIAN_POINT('',(-0.0130098006289821,-0.007,0.0111105591720619));
#12398=CARTESIAN_POINT('',(-0.0127387191518688,-0.007,0.0113450993939804));
#12399=CARTESIAN_POINT('',(-0.0125166775557478,-0.007,0.0111308257988992));
#12400=CARTESIAN_POINT('',(-0.0125717614755552,-0.007,0.0111796504757374));
#12401=CARTESIAN_POINT('',(-0.0126403899836318,-0.007,0.0112404806552243));
#12402=CARTESIAN_POINT('',(-0.0126488799678295,-0.007,0.0112488343745477));
#12403=CARTESIAN_POINT('',(-0.0126623291033971,-0.007,0.0112619413460837));
#12404=CARTESIAN_POINT('',(-0.0126783854900041,-0.007,0.0112784301349631));
#12405=CARTESIAN_POINT('',(-0.0126993830450872,-0.007,0.0113007665243304));
#12406=CARTESIAN_POINT('',(-0.0127242573655397,-0.007,0.0113283528861793));
#12407=CARTESIAN_POINT('',(-0.0127530700205217,-0.007,0.0113616049564013));
#12408=CARTESIAN_POINT('',(-0.0127855203267212,-0.007,0.0114006103660627));
#12409=CARTESIAN_POINT('',(-0.0128214125437328,-0.007,0.0114455493677072));
#12410=CARTESIAN_POINT('',(-0.0128605132264493,-0.007,0.0114965659938558));
#12411=CARTESIAN_POINT('',(-0.0129025941071664,-0.007,0.0115538064137529));
#12412=CARTESIAN_POINT('',(-0.0129474196395301,-0.007,0.0116174074232781));
#12413=CARTESIAN_POINT('',(-0.0129947508549725,-0.007,0.011687499637311));
#12414=CARTESIAN_POINT('',(-0.013044344476788,-0.007,0.0117642064108385));
#12415=CARTESIAN_POINT('',(-0.013095953411406,-0.007,0.0118476440019351));
#12416=CARTESIAN_POINT('',(-0.0131493268478397,-0.007,0.0119379213893042));
#12417=CARTESIAN_POINT('',(-0.0132042104801095,-0.007,0.0120351401818683));
#12418=CARTESIAN_POINT('',(-0.0132603466711998,-0.007,0.012139394561048));
#12419=CARTESIAN_POINT('',(-0.0133174747433437,-0.007,0.0122507710165106));
#12420=CARTESIAN_POINT('',(-0.0133753308217349,-0.007,0.0123693489394894));
#12421=CARTESIAN_POINT('',(-0.0134336494144948,-0.007,0.0124951979028421));
#12422=CARTESIAN_POINT('',(-0.0134921582782191,-0.007,0.0126283878064839));
#12423=CARTESIAN_POINT('',(-0.013550599263809,-0.007,0.0127689492844751));
#12424=CARTESIAN_POINT('',(-0.0136086488454796,-0.007,0.0129170262085748));
#12425=CARTESIAN_POINT('',(-0.0136580085232892,-0.007,0.0130501296681667));
#12426=CARTESIAN_POINT('',(-0.0136874790593033,-0.007,0.0131347961596931));
#12427=CARTESIAN_POINT('',(-0.0136983761259152,-0.007,0.0131664152871219));
#12428=CARTESIAN_POINT('',(-0.0111308257988992,-0.007,0.0125166775557478));
#12429=CARTESIAN_POINT('',(-0.0111796504757374,-0.007,0.0125717614755552));
#12430=CARTESIAN_POINT('',(-0.0112404806552243,-0.007,0.0126403899836318));
#12431=CARTESIAN_POINT('',(-0.0112488343745477,-0.007,0.0126488799678295));
#12432=CARTESIAN_POINT('',(-0.0112619413460837,-0.007,0.0126623291033971));
#12433=CARTESIAN_POINT('',(-0.0112784301349631,-0.007,0.0126783854900041));
#12434=CARTESIAN_POINT('',(-0.0113007665243304,-0.007,0.0126993830450872));
#12435=CARTESIAN_POINT('',(-0.0113283528861793,-0.007,0.0127242573655397));
#12436=CARTESIAN_POINT('',(-0.0113616049564013,-0.007,0.0127530700205217));
#12437=CARTESIAN_POINT('',(-0.0114006103660627,-0.007,0.0127855203267212));
#12438=CARTESIAN_POINT('',(-0.0114455493677072,-0.007,0.0128214125437328));
#12439=CARTESIAN_POINT('',(-0.0114965659938558,-0.007,0.0128605132264493));
#12440=CARTESIAN_POINT('',(-0.0115538064137529,-0.007,0.0129025941071664));
#12441=CARTESIAN_POINT('',(-0.0116174074232781,-0.007,0.0129474196395301));
#12442=CARTESIAN_POINT('',(-0.011687499637311,-0.007,0.0129947508549725));
#12443=CARTESIAN_POINT('',(-0.0117642064108385,-0.007,0.013044344476788));
#12444=CARTESIAN_POINT('',(-0.0118476440019351,-0.007,0.013095953411406));
#12445=CARTESIAN_POINT('',(-0.0119379213893042,-0.007,0.0131493268478397));
#12446=CARTESIAN_POINT('',(-0.0120351401818683,-0.007,0.0132042104801095));
#12447=CARTESIAN_POINT('',(-0.012139394561048,-0.007,0.0132603466711998));
#12448=CARTESIAN_POINT('',(-0.0122507710165106,-0.007,0.0133174747433437));
#12449=CARTESIAN_POINT('',(-0.0123693489394894,-0.007,0.0133753308217349));
#12450=CARTESIAN_POINT('',(-0.0124951979028421,-0.007,0.0134336494144948));
#12451=CARTESIAN_POINT('',(-0.0126283878064839,-0.007,0.0134921582782191));
#12452=CARTESIAN_POINT('',(-0.0127689492844751,-0.007,0.013550599263809));
#12453=CARTESIAN_POINT('',(-0.0129170262085748,-0.007,0.0136086488454796));
#12454=CARTESIAN_POINT('',(-0.0130501296681667,-0.007,0.0136580085232892));
#12455=CARTESIAN_POINT('',(-0.0131347961596931,-0.007,0.0136874790593033));
#12456=CARTESIAN_POINT('',(-0.0131664152871219,-0.007,0.0136983761259152));
#12457=CARTESIAN_POINT('',(-0.0113450993939804,-0.007,0.0127387191518688));
#12458=CARTESIAN_POINT('',(-0.0111105591720619,-0.007,0.0130098006289821));
#12459=CARTESIAN_POINT('',(-0.0108777678025419,-0.007,0.0127372158509614));
#12460=CARTESIAN_POINT('',(-6.28886958956738E-16,-0.007,7.51755363528713E-16));
#12461=CARTESIAN_POINT('',(-0.0106548043658214,-0.007,0.0129243043884796));
#12462=CARTESIAN_POINT('',(-0.0108828241714755,-0.007,0.0132008929839802));
#12463=CARTESIAN_POINT('',(-0.0105751335489906,-0.007,0.0133847972084189));
#12464=CARTESIAN_POINT('',(-0.0103936734829474,-0.007,0.0131352217921844));
#12465=CARTESIAN_POINT('',(-0.0104394422380819,-0.007,0.0131928699347662));
#12466=CARTESIAN_POINT('',(-0.0104964650750983,-0.007,0.0132646931825056));
#12467=CARTESIAN_POINT('',(-0.0105033754692219,-0.007,0.0132743942603461));
#12468=CARTESIAN_POINT('',(-0.0105143442804783,-0.007,0.0132896375254158));
#12469=CARTESIAN_POINT('',(-0.0105272934863533,-0.007,0.0133086639748163));
#12470=CARTESIAN_POINT('',(-0.0105440933680842,-0.007,0.0133343072114151));
#12471=CARTESIAN_POINT('',(-0.0105637994702532,-0.007,0.0133657938548586));
#12472=CARTESIAN_POINT('',(-0.0105864002348666,-0.007,0.0134035440164483));
#12473=CARTESIAN_POINT('',(-0.0106115843296928,-0.007,0.0134475917828285));
#12474=CARTESIAN_POINT('',(-0.0106391276875368,-0.007,0.0134980806781371));
#12475=CARTESIAN_POINT('',(-0.0106687753988626,-0.007,0.0135551120094001));
#12476=CARTESIAN_POINT('',(-0.0107002772818424,-0.007,0.0136187900869516));
#12477=CARTESIAN_POINT('',(-0.0107333776142453,-0.007,0.0136892087262392));
#12478=CARTESIAN_POINT('',(-0.010767818376937,-0.007,0.013766455061353));
#12479=CARTESIAN_POINT('',(-0.0108033385687631,-0.007,0.0138506083286836));
#12480=CARTESIAN_POINT('',(-0.0108396746620568,-0.007,0.013941740112736));
#12481=CARTESIAN_POINT('',(-0.0108765607322603,-0.007,0.0140399141837113));
#12482=CARTESIAN_POINT('',(-0.0109137286926694,-0.007,0.0141451864470942));
#12483=CARTESIAN_POINT('',(-0.0109509084659214,-0.007,0.0142576049152799));
#12484=CARTESIAN_POINT('',(-0.0109878283157572,-0.007,0.0143772094977439));
#12485=CARTESIAN_POINT('',(-0.011024214590079,-0.007,0.0145040325582091));
#12486=CARTESIAN_POINT('',(-0.0110597937492262,-0.007,0.0146380965103843));
#12487=CARTESIAN_POINT('',(-0.0110942855477908,-0.007,0.0147794229176767));
#12488=CARTESIAN_POINT('',(-0.0111274304389901,-0.007,0.014927997121626));
#12489=CARTESIAN_POINT('',(-0.0111588848290539,-0.007,0.015083904628593));
#12490=CARTESIAN_POINT('',(-0.0111843814492478,-0.007,0.0152235571656538));
#12491=CARTESIAN_POINT('',(-0.0111987020796368,-0.007,0.015312054887803));
#12492=CARTESIAN_POINT('',(-0.0112039429914639,-0.007,0.0153450859053974));
#12493=CARTESIAN_POINT('',(-0.00878822529618404,-0.007,0.0142593687147612));
#12494=CARTESIAN_POINT('',(-0.00882674299417929,-0.007,0.0143220941022119));
#12495=CARTESIAN_POINT('',(-0.00887473181119163,-0.007,0.0144002430388585));
#12496=CARTESIAN_POINT('',(-0.00888148434846349,-0.007,0.0144100546492566));
#12497=CARTESIAN_POINT('',(-0.00889205677776809,-0.007,0.0144255754639568));
#12498=CARTESIAN_POINT('',(-0.00890550690262014,-0.007,0.0144442511661136));
#12499=CARTESIAN_POINT('',(-0.00892385776486775,-0.007,0.0144688083944631));
#12500=CARTESIAN_POINT('',(-0.00894670564747665,-0.007,0.0144980951395591));
#12501=CARTESIAN_POINT('',(-0.00897444927900361,-0.007,0.0145322442269679));
#12502=CARTESIAN_POINT('',(-0.00900722717231123,-0.007,0.0145709747584078));
#12503=CARTESIAN_POINT('',(-0.00904525083146689,-0.007,0.0146141252677352));
#12504=CARTESIAN_POINT('',(-0.00908870263813132,-0.007,0.0146614908673839));
#12505=CARTESIAN_POINT('',(-0.00913776617918054,-0.007,0.0147128721395718));
#12506=CARTESIAN_POINT('',(-0.00919261707445237,-0.007,0.0147680608707783));
#12507=CARTESIAN_POINT('',(-0.00925342545094951,-0.007,0.0148268444039409));
#12508=CARTESIAN_POINT('',(-0.00932035503417573,-0.007,0.0148890045786425));
#12509=CARTESIAN_POINT('',(-0.00939356322333263,-0.007,0.0149543182432219));
#12510=CARTESIAN_POINT('',(-0.00947320089436287,-0.007,0.0150225573210278));
#12511=CARTESIAN_POINT('',(-0.00955941227229104,-0.007,0.0150934890137644));
#12512=CARTESIAN_POINT('',(-0.00965233484590873,-0.007,0.015166875952933));
#12513=CARTESIAN_POINT('',(-0.00975209905712992,-0.007,0.0152424764398211));
#12514=CARTESIAN_POINT('',(-0.0098588289124359,-0.007,0.0153200443946164));
#12515=CARTESIAN_POINT('',(-0.00997263902989737,-0.007,0.0153993304400586));
#12516=CARTESIAN_POINT('',(-0.0100936455220637,-0.007,0.0154800786067252));
#12517=CARTESIAN_POINT('',(-0.0102219233847155,-0.007,0.0155620399869311));
#12518=CARTESIAN_POINT('',(-0.0103576704835396,-0.007,0.0156449209530439));
#12519=CARTESIAN_POINT('',(-0.0104801805843967,-0.007,0.0157166439196364));
#12520=CARTESIAN_POINT('',(-0.0105584432967984,-0.007,0.0157603689139514));
#12521=CARTESIAN_POINT('',(-0.0105876898028747,-0.007,0.0157765910334933));
#12522=CARTESIAN_POINT('',(-0.00896068647535319,-0.007,0.0145152452194204));
#12523=CARTESIAN_POINT('',(-0.00868263664191459,-0.007,0.0147414808776538));
#12524=CARTESIAN_POINT('',(-0.00850071574634005,-0.007,0.0144326134778122));
#12525=CARTESIAN_POINT('',(-4.88791804020763E-16,-0.007,8.49539584752923E-16));
#12526=CARTESIAN_POINT('',(-0.00824865204161701,-0.007,0.014578142525587));
#12527=CARTESIAN_POINT('',(-0.00842517860849344,-0.007,0.0148901243425546));
#12528=CARTESIAN_POINT('',(-0.00809022786450207,-0.007,0.0150178047327137));
#12529=CARTESIAN_POINT('',(-0.00795486290082025,-0.007,0.014740510718057));
#12530=CARTESIAN_POINT('',(-0.00798992583081718,-0.007,0.0148052307167416));
#12531=CARTESIAN_POINT('',(-0.00803361038672567,-0.007,0.0148858647196951));
#12532=CARTESIAN_POINT('',(-0.00803873122194653,-0.007,0.0148966183937116));
#12533=CARTESIAN_POINT('',(-0.00804688642711206,-0.007,0.0149135347934192));
#12534=CARTESIAN_POINT('',(-0.00805633499718732,-0.007,0.0149345207943035));
#12535=CARTESIAN_POINT('',(-0.00806842674966066,-0.007,0.014962691721366));
#12536=CARTESIAN_POINT('',(-0.00808236587360356,-0.007,0.014997121940676));
#12537=CARTESIAN_POINT('',(-0.00809806803505218,-0.007,0.0150382231740761));
#12538=CARTESIAN_POINT('',(-0.00811522071252733,-0.007,0.0150859749280829));
#12539=CARTESIAN_POINT('',(-0.00813357832021334,-0.007,0.0151404796375203));
#12540=CARTESIAN_POINT('',(-0.00815287222944238,-0.007,0.0152017928057564));
#12541=CARTESIAN_POINT('',(-0.0081728379459112,-0.007,0.0152699737147985));
#12542=CARTESIAN_POINT('',(-0.00819320734150277,-0.007,0.0153450703491275));
#12543=CARTESIAN_POINT('',(-0.00821371118629723,-0.007,0.0154271237145182));
#12544=CARTESIAN_POINT('',(-0.00823407868507937,-0.007,0.0155161665212076));
#12545=CARTESIAN_POINT('',(-0.00825403788324094,-0.007,0.0156122235050722));
#12546=CARTESIAN_POINT('',(-0.00827331582263657,-0.007,0.0157153112901856));
#12547=CARTESIAN_POINT('',(-0.00829163878151571,-0.007,0.0158254383799349));
#12548=CARTESIAN_POINT('',(-0.00830873244833299,-0.007,0.0159426051588572));
#12549=CARTESIAN_POINT('',(-0.00832432228490588,-0.007,0.0160668037436074));
#12550=CARTESIAN_POINT('',(-0.00833813317662526,-0.007,0.0161980184870422));
#12551=CARTESIAN_POINT('',(-0.00834989184741305,-0.007,0.0163362239626926));
#12552=CARTESIAN_POINT('',(-0.0083593185649722,-0.007,0.0164813927422648));
#12553=CARTESIAN_POINT('',(-0.0083661602710339,-0.007,0.0166334653201674));
#12554=CARTESIAN_POINT('',(-0.00837006374376565,-0.007,0.0167924662392955));
#12555=CARTESIAN_POINT('',(-0.00837092260444098,-0.007,0.0169344245821541));
#12556=CARTESIAN_POINT('',(-0.00836965820409729,-0.007,0.0170240645764207));
#12557=CARTESIAN_POINT('',(-0.00836908371868567,-0.007,0.0170575038534256));
#12558=CARTESIAN_POINT('',(-0.00617859901490093,-0.007,0.0155687961709653));
#12559=CARTESIAN_POINT('',(-0.00620563939329056,-0.007,0.0156372571469023));
#12560=CARTESIAN_POINT('',(-0.00623932873190692,-0.007,0.0157225519962241));
#12561=CARTESIAN_POINT('',(-0.00624427491469914,-0.007,0.0157333871120055));
#12562=CARTESIAN_POINT('',(-0.00625199156385788,-0.007,0.0157505080137377));
#12563=CARTESIAN_POINT('',(-0.00626199434944499,-0.007,0.0157712355796845));
#12564=CARTESIAN_POINT('',(-0.00627580210290946,-0.007,0.0157986063223435));
#12565=CARTESIAN_POINT('',(-0.00629321728492689,-0.007,0.0158314156291532));
#12566=CARTESIAN_POINT('',(-0.00631460950155383,-0.007,0.0158698635462482));
#12567=CARTESIAN_POINT('',(-0.00634016393880598,-0.007,0.015913697495329));
#12568=CARTESIAN_POINT('',(-0.00637011692583025,-0.007,0.0159627951905818));
#12569=CARTESIAN_POINT('',(-0.00640468365185267,-0.007,0.0160169865273855));
#12570=CARTESIAN_POINT('',(-0.00644407954318655,-0.007,0.0160761069970888));
#12571=CARTESIAN_POINT('',(-0.00648851370750815,-0.007,0.0161399820454673));
#12572=CARTESIAN_POINT('',(-0.0065381906147201,-0.007,0.0162084317884409));
#12573=CARTESIAN_POINT('',(-0.00659330938612677,-0.007,0.0162812698105748));
#12574=CARTESIAN_POINT('',(-0.00665406377956151,-0.007,0.0163583036824676));
#12575=CARTESIAN_POINT('',(-0.00672064198391725,-0.007,0.0164393349917973));
#12576=CARTESIAN_POINT('',(-0.00679322645811626,-0.007,0.0165241595214099));
#12577=CARTESIAN_POINT('',(-0.0068719938207936,-0.007,0.016612567383646));
#12578=CARTESIAN_POINT('',(-0.00695711450269854,-0.007,0.0167043432027397));
#12579=CARTESIAN_POINT('',(-0.00704875335768618,-0.007,0.016799266170884));
#12580=CARTESIAN_POINT('',(-0.00714706656642802,-0.007,0.0168971106026384));
#12581=CARTESIAN_POINT('',(-0.00725221292608659,-0.007,0.0169976445800637));
#12582=CARTESIAN_POINT('',(-0.00736430951545409,-0.007,0.0171006359998227));
#12583=CARTESIAN_POINT('',(-0.00748360218209628,-0.007,0.017205830054162));
#12584=CARTESIAN_POINT('',(-0.00759179651679695,-0.007,0.0172977370434909));
#12585=CARTESIAN_POINT('',(-0.00766127747716067,-0.007,0.0173543879342806));
#12586=CARTESIAN_POINT('',(-0.00768726272159677,-0.007,0.0173754422058591));
#12587=CARTESIAN_POINT('',(-0.00630400763249849,-0.007,0.0158507329060484));
#12588=CARTESIAN_POINT('',(-0.00599089659102888,-0.007,0.0160252486894073));
#12589=CARTESIAN_POINT('',(-0.00586537374375538,-0.007,0.0156894834473945));
#12590=CARTESIAN_POINT('',(-3.33844957460206E-16,-0.007,9.21510975582187E-16));
#12591=CARTESIAN_POINT('',(-0.00559186859914746,-0.007,0.0157890311789504));
#12592=CARTESIAN_POINT('',(-0.00571153825683835,-0.007,0.0161269268077468));
#12593=CARTESIAN_POINT('',(-0.00535950470020351,-0.007,0.0161945038595808));
#12594=CARTESIAN_POINT('',(-0.00527434783480651,-0.007,0.0158979166848198));
#12595=CARTESIAN_POINT('',(-0.00529763957028064,-0.007,0.0159677420551969));
#12596=CARTESIAN_POINT('',(-0.00532665851195534,-0.007,0.0160547367899876));
#12597=CARTESIAN_POINT('',(-0.00532983419428655,-0.007,0.0160662163152367));
#12598=CARTESIAN_POINT('',(-0.00533492800157907,-0.007,0.0160842918533373));
#12599=CARTESIAN_POINT('',(-0.00534058884583398,-0.007,0.016106599756688));
#12600=CARTESIAN_POINT('',(-0.00534760506726964,-0.007,0.0161364424148505));
#12601=CARTESIAN_POINT('',(-0.00535535367975895,-0.007,0.0161727700652359));
#12602=CARTESIAN_POINT('',(-0.00536368013581282,-0.007,0.0162159735302676));
#12603=CARTESIAN_POINT('',(-0.00537228022051158,-0.007,0.0162659783590191));
#12604=CARTESIAN_POINT('',(-0.00538089429141945,-0.007,0.0163228427845698));
#12605=CARTESIAN_POINT('',(-0.00538924816288294,-0.007,0.0163865748201881));
#12606=CARTESIAN_POINT('',(-0.00539707106464904,-0.007,0.0164571869183008));
#12607=CARTESIAN_POINT('',(-0.00540409060965163,-0.007,0.0165346797744378));
#12608=CARTESIAN_POINT('',(-0.00541003453760025,-0.007,0.0166190470201191));
#12609=CARTESIAN_POINT('',(-0.00541463048719439,-0.007,0.0167102738455439));
#12610=CARTESIAN_POINT('',(-0.00541760634008755,-0.007,0.0168083373863732));
#12611=CARTESIAN_POINT('',(-0.0054186903982418,-0.007,0.0169132066154389));
#12612=CARTESIAN_POINT('',(-0.00541761162175738,-0.007,0.0170248423756596));
#12613=CARTESIAN_POINT('',(-0.00541409979972347,-0.007,0.0171431974120302));
#12614=CARTESIAN_POINT('',(-0.00540788593373798,-0.007,0.0172682162879162));
#12615=CARTESIAN_POINT('',(-0.00539870180589874,-0.007,0.0173998358207394));
#12616=CARTESIAN_POINT('',(-0.00538628270706539,-0.007,0.0175379835164228));
#12617=CARTESIAN_POINT('',(-0.00537035791757626,-0.007,0.0176825837883662));
#12618=CARTESIAN_POINT('',(-0.00535068855672375,-0.007,0.017833534091895));
#12619=CARTESIAN_POINT('',(-0.00532692250707968,-0.007,0.0179907972607149));
#12620=CARTESIAN_POINT('',(-0.00530311751218949,-0.007,0.018130748076958));
#12621=CARTESIAN_POINT('',(-0.00528630649927766,-0.007,0.0182188066774762));
#12622=CARTESIAN_POINT('',(-0.00527993407207588,-0.007,0.0182516381783809));
#12623=CARTESIAN_POINT('',(-0.00338123912907201,-0.007,0.0164051736337057));
#12624=CARTESIAN_POINT('',(-0.00339598057964175,-0.007,0.016477290046018));
#12625=CARTESIAN_POINT('',(-0.00341434680635589,-0.007,0.0165671391671796));
#12626=CARTESIAN_POINT('',(-0.00341733634740722,-0.007,0.0165786685688342));
#12627=CARTESIAN_POINT('',(-0.00342196274994023,-0.007,0.0165968693476627));
#12628=CARTESIAN_POINT('',(-0.00342821426668398,-0.007,0.0166190189807971));
#12629=CARTESIAN_POINT('',(-0.00343705936976336,-0.007,0.0166483715916001));
#12630=CARTESIAN_POINT('',(-0.00344851269969623,-0.007,0.0166837065659383));
#12631=CARTESIAN_POINT('',(-0.00346290350974591,-0.007,0.0167252850922141));
#12632=CARTESIAN_POINT('',(-0.00348045803229786,-0.007,0.0167728905865743));
#12633=CARTESIAN_POINT('',(-0.00350143024083696,-0.007,0.0168264436591267));
#12634=CARTESIAN_POINT('',(-0.00352606159373878,-0.007,0.0168858141567387));
#12635=CARTESIAN_POINT('',(-0.00355459281113442,-0.007,0.0169508774784019));
#12636=CARTESIAN_POINT('',(-0.00358726013490764,-0.007,0.0170214980329297));
#12637=CARTESIAN_POINT('',(-0.00362429616514651,-0.007,0.0170975341749113));
#12638=CARTESIAN_POINT('',(-0.00366592936875588,-0.007,0.0171788368980329));
#12639=CARTESIAN_POINT('',(-0.00371238397496715,-0.007,0.0172652503420227));
#12640=CARTESIAN_POINT('',(-0.00376387976759924,-0.007,0.0173566117875461));
#12641=CARTESIAN_POINT('',(-0.00382063189555007,-0.007,0.0174527518036256));
#12642=CARTESIAN_POINT('',(-0.00388285074083031,-0.007,0.0175534943607715));
#12643=CARTESIAN_POINT('',(-0.00395074154457247,-0.007,0.0176586569502486));
#12644=CARTESIAN_POINT('',(-0.00402450499900446,-0.007,0.0177680507453882));
#12645=CARTESIAN_POINT('',(-0.00410433410192793,-0.007,0.0178814806099075));
#12646=CARTESIAN_POINT('',(-0.00419042551014719,-0.007,0.0179987457240602));
#12647=CARTESIAN_POINT('',(-0.00428293482808606,-0.007,0.0181196378411989));
#12648=CARTESIAN_POINT('',(-0.00438214841523536,-0.007,0.0182439487156544));
#12649=CARTESIAN_POINT('',(-0.00447273955366877,-0.007,0.0183532471803562));
#12650=CARTESIAN_POINT('',(-0.00453132761817284,-0.007,0.0184211026589708));
#12651=CARTESIAN_POINT('',(-0.00455326205246573,-0.007,0.0184463493591977));
#12652=CARTESIAN_POINT('',(-0.0034557847077121,-0.007,0.0167046040941839));
#12653=CARTESIAN_POINT('',(-0.00311712617876472,-0.007,0.0168220974289002));
#12654=CARTESIAN_POINT('',(-0.00305181532798901,-0.007,0.0164696364016894));
#12655=CARTESIAN_POINT('',(-1.68754400800919E-16,-0.007,9.6548272172544E-16));
#12656=CARTESIAN_POINT('',(-0.00276517905891484,-0.007,0.0165201781095768));
#12657=CARTESIAN_POINT('',(-0.00282435570542704,-0.007,0.0168737207625045));
#12658=CARTESIAN_POINT('',(-0.0024659356976295,-0.007,0.016879141181489));
#12659=CARTESIAN_POINT('',(-0.00243357437878096,-0.007,0.0165722724978484));
#12660=CARTESIAN_POINT('',(-0.00244438721213609,-0.007,0.0166450816313724));
#12661=CARTESIAN_POINT('',(-0.00245785881371851,-0.007,0.0167357938070052));
#12662=CARTESIAN_POINT('',(-0.00245899285165942,-0.007,0.0167476503839211));
#12663=CARTESIAN_POINT('',(-0.00246087048832192,-0.007,0.0167663358443361));
#12664=CARTESIAN_POINT('',(-0.00246257160486832,-0.007,0.0167892878357984));
#12665=CARTESIAN_POINT('',(-0.00246429911092836,-0.007,0.0168198954709936));
#12666=CARTESIAN_POINT('',(-0.00246562177429457,-0.007,0.0168570167551801));
#12667=CARTESIAN_POINT('',(-0.0024663195297999,-0.007,0.0169010097364205));
#12668=CARTESIAN_POINT('',(-0.00246610571250054,-0.007,0.0169517482684988));
#12669=CARTESIAN_POINT('',(-0.00246471451244467,-0.007,0.0170092446133671));
#12670=CARTESIAN_POINT('',(-0.00246187451798546,-0.007,0.0170734590507153));
#12671=CARTESIAN_POINT('',(-0.00245731691013724,-0.007,0.017144356825029));
#12672=CARTESIAN_POINT('',(-0.00245077331922802,-0.007,0.0172218913217534));
#12673=CARTESIAN_POINT('',(-0.00244197672708784,-0.007,0.0173060089916571));
#12674=CARTESIAN_POINT('',(-0.00243066148189124,-0.007,0.0173966479548898));
#12675=CARTESIAN_POINT('',(-0.00241656356973167,-0.007,0.0174937384416183));
#12676=CARTESIAN_POINT('',(-0.0023994208080861,-0.007,0.0175972027161776));
#12677=CARTESIAN_POINT('',(-0.0023789730743157,-0.007,0.0177069551507856));
#12678=CARTESIAN_POINT('',(-0.00235496246836604,-0.007,0.017822902286715));
#12679=CARTESIAN_POINT('',(-0.00232713370499578,-0.007,0.0179449428184558));
#12680=CARTESIAN_POINT('',(-0.00229523361267491,-0.007,0.0180729679477651));
#12681=CARTESIAN_POINT('',(-0.0022590140922541,-0.007,0.0182068603156543));
#12682=CARTESIAN_POINT('',(-0.00221822166238699,-0.007,0.0183464984738773));
#12683=CARTESIAN_POINT('',(-0.00217263887819661,-0.007,0.0184917399544441));
#12684=CARTESIAN_POINT('',(-0.00212192542556895,-0.007,0.0186424870111502));
#12685=CARTESIAN_POINT('',(-0.00207417987783706,-0.007,0.0187761779660447));
#12686=CARTESIAN_POINT('',(-0.00204233304647763,-0.007,0.0188599795567975));
#12687=CARTESIAN_POINT('',(-0.00203035630046163,-0.007,0.0188912057130606));
#12688=CARTESIAN_POINT('',(-0.000481142003295795,-0.007,0.0167430881970043));
#12689=CARTESIAN_POINT('',(-0.000483136614529609,-0.007,0.0168166688249965));
#12690=CARTESIAN_POINT('',(-0.000485621680836585,-0.007,0.0169083421979173));
#12691=CARTESIAN_POINT('',(-0.000486563744454967,-0.007,0.01692021557041));
#12692=CARTESIAN_POINT('',(-0.000487959329462345,-0.007,0.0169389432048801));
#12693=CARTESIAN_POINT('',(-0.000490269628189902,-0.007,0.0169618418998074));
#12694=CARTESIAN_POINT('',(-0.000493883326902963,-0.007,0.0169922845145284));
#12695=CARTESIAN_POINT('',(-0.000499026801116925,-0.007,0.0170290715210802));
#12696=CARTESIAN_POINT('',(-0.000505978947108097,-0.007,0.0170725173140558));
#12697=CARTESIAN_POINT('',(-0.000515000169675116,-0.007,0.0171224478848385));
#12698=CARTESIAN_POINT('',(-0.00052635436978502,-0.007,0.0171788291516803));
#12699=CARTESIAN_POINT('',(-0.000540301938372397,-0.007,0.0172415748675737));
#12700=CARTESIAN_POINT('',(-0.000557101575226721,-0.007,0.0173106041250917));
#12701=CARTESIAN_POINT('',(-0.000577009478349185,-0.007,0.0173858244159551));
#12702=CARTESIAN_POINT('',(-0.000600279310577284,-0.007,0.0174671366372467));
#12703=CARTESIAN_POINT('',(-0.00062716194256511,-0.007,0.0175544337192551));
#12704=CARTESIAN_POINT('',(-0.000657905261850335,-0.007,0.0176476011065736));
#12705=CARTESIAN_POINT('',(-0.00069275396915779,-0.007,0.0177465167169994));
#12706=CARTESIAN_POINT('',(-0.000731949366170608,-0.007,0.0178510510538068));
#12707=CARTESIAN_POINT('',(-0.000775729205924182,-0.007,0.0179610672942417));
#12708=CARTESIAN_POINT('',(-0.000824327303786247,-0.007,0.0180764213420358));
#12709=CARTESIAN_POINT('',(-0.000877974092425787,-0.007,0.0181969620890612));
#12710=CARTESIAN_POINT('',(-0.000936893522634031,-0.007,0.0183225308773105));
#12711=CARTESIAN_POINT('',(-0.00100131413553958,-0.007,0.0184529640870358));
#12712=CARTESIAN_POINT('',(-0.00107142533323623,-0.007,0.0185880836557494));
#12713=CARTESIAN_POINT('',(-0.00114754528625162,-0.007,0.0187277342273053));
#12714=CARTESIAN_POINT('',(-0.00121778066251778,-0.007,0.0188511031888376));
#12715=CARTESIAN_POINT('',(-0.00126369566246924,-0.007,0.0189281015008957));
#12716=CARTESIAN_POINT('',(-0.00128091281993229,-0.007,0.0189567735215604));
#12717=CARTESIAN_POINT('',(-0.000502559513293319,-0.007,0.0170509143398552));
#12718=CARTESIAN_POINT('',(-0.000148643464900732,-0.007,0.017107815250408));
#12719=CARTESIAN_POINT('',(-0.000145529047774774,-0.007,0.0167493677879571));
#12720=CARTESIAN_POINT('',(1.46367293285549E-18,-0.007,9.80118763926896E-16));
#12721=CARTESIAN_POINT('',(0.000145529047774777,-0.007,0.0167493677879571));
#12722=CARTESIAN_POINT('',(0.000148643464900735,-0.007,0.017107815250408));
#12723=CARTESIAN_POINT('',(0.00050255951329332,-0.007,0.0170509143398552));
#12724=CARTESIAN_POINT('',(0.000481142003295796,-0.007,0.0167430881970043));
#12725=CARTESIAN_POINT('',(0.00048313661452961,-0.007,0.0168166688249965));
#12726=CARTESIAN_POINT('',(0.000485621680836586,-0.007,0.0169083421979173));
#12727=CARTESIAN_POINT('',(0.000486563744454968,-0.007,0.01692021557041));
#12728=CARTESIAN_POINT('',(0.000487959329462346,-0.007,0.0169389432048801));
#12729=CARTESIAN_POINT('',(0.000490269628189903,-0.007,0.0169618418998074));
#12730=CARTESIAN_POINT('',(0.000493883326902964,-0.007,0.0169922845145284));
#12731=CARTESIAN_POINT('',(0.000499026801116926,-0.007,0.0170290715210802));
#12732=CARTESIAN_POINT('',(0.000505978947108098,-0.007,0.0170725173140558));
#12733=CARTESIAN_POINT('',(0.000515000169675117,-0.007,0.0171224478848385));
#12734=CARTESIAN_POINT('',(0.000526354369785021,-0.007,0.0171788291516803));
#12735=CARTESIAN_POINT('',(0.000540301938372398,-0.007,0.0172415748675737));
#12736=CARTESIAN_POINT('',(0.000557101575226722,-0.007,0.0173106041250917));
#12737=CARTESIAN_POINT('',(0.000577009478349186,-0.007,0.0173858244159551));
#12738=CARTESIAN_POINT('',(0.000600279310577285,-0.007,0.0174671366372467));
#12739=CARTESIAN_POINT('',(0.000627161942565111,-0.007,0.0175544337192551));
#12740=CARTESIAN_POINT('',(0.000657905261850336,-0.007,0.0176476011065736));
#12741=CARTESIAN_POINT('',(0.000692753969157792,-0.007,0.0177465167169994));
#12742=CARTESIAN_POINT('',(0.000731949366170609,-0.007,0.0178510510538068));
#12743=CARTESIAN_POINT('',(0.000775729205924183,-0.007,0.0179610672942417));
#12744=CARTESIAN_POINT('',(0.000824327303786248,-0.007,0.0180764213420358));
#12745=CARTESIAN_POINT('',(0.000877974092425789,-0.007,0.0181969620890612));
#12746=CARTESIAN_POINT('',(0.000936893522634032,-0.007,0.0183225308773105));
#12747=CARTESIAN_POINT('',(0.00100131413553958,-0.007,0.0184529640870358));
#12748=CARTESIAN_POINT('',(0.00107142533323623,-0.007,0.0185880836557494));
#12749=CARTESIAN_POINT('',(0.00114754528625162,-0.007,0.0187277342273053));
#12750=CARTESIAN_POINT('',(0.00121778066251778,-0.007,0.0188511031888376));
#12751=CARTESIAN_POINT('',(0.00126369566246924,-0.007,0.0189281015008957));
#12752=CARTESIAN_POINT('',(0.00128091281993229,-0.007,0.0189567735215604));
#12753=CARTESIAN_POINT('',(0.00243357437878096,-0.007,0.0165722724978484));
#12754=CARTESIAN_POINT('',(0.00244438721213609,-0.007,0.0166450816313724));
#12755=CARTESIAN_POINT('',(0.00245785881371851,-0.007,0.0167357938070052));
#12756=CARTESIAN_POINT('',(0.00245899285165942,-0.007,0.0167476503839211));
#12757=CARTESIAN_POINT('',(0.00246087048832192,-0.007,0.0167663358443361));
#12758=CARTESIAN_POINT('',(0.00246257160486832,-0.007,0.0167892878357984));
#12759=CARTESIAN_POINT('',(0.00246429911092836,-0.007,0.0168198954709936));
#12760=CARTESIAN_POINT('',(0.00246562177429457,-0.007,0.0168570167551801));
#12761=CARTESIAN_POINT('',(0.0024663195297999,-0.007,0.0169010097364205));
#12762=CARTESIAN_POINT('',(0.00246610571250054,-0.007,0.0169517482684988));
#12763=CARTESIAN_POINT('',(0.00246471451244467,-0.007,0.0170092446133671));
#12764=CARTESIAN_POINT('',(0.00246187451798546,-0.007,0.0170734590507153));
#12765=CARTESIAN_POINT('',(0.00245731691013724,-0.007,0.017144356825029));
#12766=CARTESIAN_POINT('',(0.00245077331922802,-0.007,0.0172218913217534));
#12767=CARTESIAN_POINT('',(0.00244197672708784,-0.007,0.0173060089916571));
#12768=CARTESIAN_POINT('',(0.00243066148189124,-0.007,0.0173966479548898));
#12769=CARTESIAN_POINT('',(0.00241656356973167,-0.007,0.0174937384416183));
#12770=CARTESIAN_POINT('',(0.0023994208080861,-0.007,0.0175972027161776));
#12771=CARTESIAN_POINT('',(0.0023789730743157,-0.007,0.0177069551507856));
#12772=CARTESIAN_POINT('',(0.00235496246836604,-0.007,0.017822902286715));
#12773=CARTESIAN_POINT('',(0.00232713370499578,-0.007,0.0179449428184558));
#12774=CARTESIAN_POINT('',(0.00229523361267491,-0.007,0.0180729679477651));
#12775=CARTESIAN_POINT('',(0.0022590140922541,-0.007,0.0182068603156543));
#12776=CARTESIAN_POINT('',(0.00221822166238699,-0.007,0.0183464984738773));
#12777=CARTESIAN_POINT('',(0.00217263887819661,-0.007,0.0184917399544441));
#12778=CARTESIAN_POINT('',(0.00212192542556895,-0.007,0.0186424870111502));
#12779=CARTESIAN_POINT('',(0.00207417987783706,-0.007,0.0187761779660447));
#12780=CARTESIAN_POINT('',(0.00204233304647763,-0.007,0.0188599795567975));
#12781=CARTESIAN_POINT('',(0.00203035630046163,-0.007,0.0188912057130606));
#12782=CARTESIAN_POINT('',(0.0024659356976295,-0.007,0.016879141181489));
#12783=CARTESIAN_POINT('',(0.00282435570542704,-0.007,0.0168737207625045));
#12784=CARTESIAN_POINT('',(0.00276517905891485,-0.007,0.0165201781095768));
#12785=CARTESIAN_POINT('',(1.7163727370522E-16,-0.007,9.64974393450458E-16));
#12786=CARTESIAN_POINT('',(0.00305181532798901,-0.007,0.0164696364016894));
#12787=CARTESIAN_POINT('',(0.00311712617876472,-0.007,0.0168220974289002));
#12788=CARTESIAN_POINT('',(0.0034557847077121,-0.007,0.0167046040941839));
#12789=CARTESIAN_POINT('',(0.00338123912907201,-0.007,0.0164051736337057));
#12790=CARTESIAN_POINT('',(0.00339598057964175,-0.007,0.016477290046018));
#12791=CARTESIAN_POINT('',(0.00341434680635589,-0.007,0.0165671391671796));
#12792=CARTESIAN_POINT('',(0.00341733634740722,-0.007,0.0165786685688342));
#12793=CARTESIAN_POINT('',(0.00342196274994023,-0.007,0.0165968693476627));
#12794=CARTESIAN_POINT('',(0.00342821426668398,-0.007,0.0166190189807971));
#12795=CARTESIAN_POINT('',(0.00343705936976336,-0.007,0.0166483715916001));
#12796=CARTESIAN_POINT('',(0.00344851269969623,-0.007,0.0166837065659383));
#12797=CARTESIAN_POINT('',(0.00346290350974591,-0.007,0.0167252850922141));
#12798=CARTESIAN_POINT('',(0.00348045803229786,-0.007,0.0167728905865743));
#12799=CARTESIAN_POINT('',(0.00350143024083696,-0.007,0.0168264436591267));
#12800=CARTESIAN_POINT('',(0.00352606159373878,-0.007,0.0168858141567387));
#12801=CARTESIAN_POINT('',(0.00355459281113442,-0.007,0.0169508774784019));
#12802=CARTESIAN_POINT('',(0.00358726013490764,-0.007,0.0170214980329297));
#12803=CARTESIAN_POINT('',(0.00362429616514651,-0.007,0.0170975341749113));
#12804=CARTESIAN_POINT('',(0.00366592936875588,-0.007,0.0171788368980329));
#12805=CARTESIAN_POINT('',(0.00371238397496715,-0.007,0.0172652503420227));
#12806=CARTESIAN_POINT('',(0.00376387976759924,-0.007,0.0173566117875461));
#12807=CARTESIAN_POINT('',(0.00382063189555007,-0.007,0.0174527518036256));
#12808=CARTESIAN_POINT('',(0.00388285074083031,-0.007,0.0175534943607715));
#12809=CARTESIAN_POINT('',(0.00395074154457247,-0.007,0.0176586569502486));
#12810=CARTESIAN_POINT('',(0.00402450499900446,-0.007,0.0177680507453882));
#12811=CARTESIAN_POINT('',(0.00410433410192793,-0.007,0.0178814806099075));
#12812=CARTESIAN_POINT('',(0.00419042551014719,-0.007,0.0179987457240602));
#12813=CARTESIAN_POINT('',(0.00428293482808606,-0.007,0.0181196378411989));
#12814=CARTESIAN_POINT('',(0.00438214841523536,-0.007,0.0182439487156544));
#12815=CARTESIAN_POINT('',(0.00447273955366877,-0.007,0.0183532471803563));
#12816=CARTESIAN_POINT('',(0.00453132761817284,-0.007,0.0184211026589708));
#12817=CARTESIAN_POINT('',(0.00455326205246573,-0.007,0.0184463493591977));
#12818=CARTESIAN_POINT('',(0.00527434783480651,-0.007,0.0158979166848198));
#12819=CARTESIAN_POINT('',(0.00529763957028064,-0.007,0.0159677420551969));
#12820=CARTESIAN_POINT('',(0.00532665851195534,-0.007,0.0160547367899876));
#12821=CARTESIAN_POINT('',(0.00532983419428655,-0.007,0.0160662163152367));
#12822=CARTESIAN_POINT('',(0.00533492800157907,-0.007,0.0160842918533373));
#12823=CARTESIAN_POINT('',(0.00534058884583398,-0.007,0.016106599756688));
#12824=CARTESIAN_POINT('',(0.00534760506726964,-0.007,0.0161364424148505));
#12825=CARTESIAN_POINT('',(0.00535535367975895,-0.007,0.0161727700652359));
#12826=CARTESIAN_POINT('',(0.00536368013581282,-0.007,0.0162159735302676));
#12827=CARTESIAN_POINT('',(0.00537228022051158,-0.007,0.0162659783590191));
#12828=CARTESIAN_POINT('',(0.00538089429141945,-0.007,0.0163228427845698));
#12829=CARTESIAN_POINT('',(0.00538924816288294,-0.007,0.0163865748201881));
#12830=CARTESIAN_POINT('',(0.00539707106464904,-0.007,0.0164571869183008));
#12831=CARTESIAN_POINT('',(0.00540409060965163,-0.007,0.0165346797744378));
#12832=CARTESIAN_POINT('',(0.00541003453760025,-0.007,0.0166190470201191));
#12833=CARTESIAN_POINT('',(0.0054146304871944,-0.007,0.0167102738455439));
#12834=CARTESIAN_POINT('',(0.00541760634008755,-0.007,0.0168083373863732));
#12835=CARTESIAN_POINT('',(0.0054186903982418,-0.007,0.0169132066154389));
#12836=CARTESIAN_POINT('',(0.00541761162175738,-0.007,0.0170248423756596));
#12837=CARTESIAN_POINT('',(0.00541409979972347,-0.007,0.0171431974120302));
#12838=CARTESIAN_POINT('',(0.00540788593373798,-0.007,0.0172682162879162));
#12839=CARTESIAN_POINT('',(0.00539870180589874,-0.007,0.0173998358207394));
#12840=CARTESIAN_POINT('',(0.00538628270706539,-0.007,0.0175379835164228));
#12841=CARTESIAN_POINT('',(0.00537035791757626,-0.007,0.0176825837883662));
#12842=CARTESIAN_POINT('',(0.00535068855672376,-0.007,0.017833534091895));
#12843=CARTESIAN_POINT('',(0.00532692250707969,-0.007,0.0179907972607149));
#12844=CARTESIAN_POINT('',(0.00530311751218949,-0.007,0.018130748076958));
#12845=CARTESIAN_POINT('',(0.00528630649927766,-0.007,0.0182188066774762));
#12846=CARTESIAN_POINT('',(0.00527993407207589,-0.007,0.0182516381783809));
#12847=CARTESIAN_POINT('',(0.00535950470020351,-0.007,0.0161945038595809));
#12848=CARTESIAN_POINT('',(0.00571153825683835,-0.007,0.0161269268077468));
#12849=CARTESIAN_POINT('',(0.00559186859914747,-0.007,0.0157890311789505));
#12850=CARTESIAN_POINT('',(3.36595762768703E-16,-0.007,9.20509764329633E-16));
#12851=CARTESIAN_POINT('',(0.00586537374375537,-0.007,0.0156894834473944));
#12852=CARTESIAN_POINT('',(0.00599089659102889,-0.007,0.0160252486894073));
#12853=CARTESIAN_POINT('',(0.00630400763249849,-0.007,0.0158507329060484));
#12854=CARTESIAN_POINT('',(0.00617859901490093,-0.007,0.0155687961709653));
#12855=CARTESIAN_POINT('',(0.00620563939329056,-0.007,0.0156372571469023));
#12856=CARTESIAN_POINT('',(0.00623932873190692,-0.007,0.0157225519962241));
#12857=CARTESIAN_POINT('',(0.00624427491469914,-0.007,0.0157333871120055));
#12858=CARTESIAN_POINT('',(0.00625199156385788,-0.007,0.0157505080137377));
#12859=CARTESIAN_POINT('',(0.00626199434944499,-0.007,0.0157712355796845));
#12860=CARTESIAN_POINT('',(0.00627580210290946,-0.007,0.0157986063223435));
#12861=CARTESIAN_POINT('',(0.00629321728492689,-0.007,0.0158314156291532));
#12862=CARTESIAN_POINT('',(0.00631460950155383,-0.007,0.0158698635462482));
#12863=CARTESIAN_POINT('',(0.00634016393880598,-0.007,0.015913697495329));
#12864=CARTESIAN_POINT('',(0.00637011692583025,-0.007,0.0159627951905818));
#12865=CARTESIAN_POINT('',(0.00640468365185267,-0.007,0.0160169865273855));
#12866=CARTESIAN_POINT('',(0.00644407954318655,-0.007,0.0160761069970888));
#12867=CARTESIAN_POINT('',(0.00648851370750815,-0.007,0.0161399820454673));
#12868=CARTESIAN_POINT('',(0.0065381906147201,-0.007,0.0162084317884409));
#12869=CARTESIAN_POINT('',(0.00659330938612678,-0.007,0.0162812698105748));
#12870=CARTESIAN_POINT('',(0.00665406377956151,-0.007,0.0163583036824676));
#12871=CARTESIAN_POINT('',(0.00672064198391725,-0.007,0.0164393349917973));
#12872=CARTESIAN_POINT('',(0.00679322645811626,-0.007,0.0165241595214099));
#12873=CARTESIAN_POINT('',(0.0068719938207936,-0.007,0.016612567383646));
#12874=CARTESIAN_POINT('',(0.00695711450269855,-0.007,0.0167043432027397));
#12875=CARTESIAN_POINT('',(0.00704875335768618,-0.007,0.016799266170884));
#12876=CARTESIAN_POINT('',(0.00714706656642802,-0.007,0.0168971106026384));
#12877=CARTESIAN_POINT('',(0.00725221292608659,-0.007,0.0169976445800637));
#12878=CARTESIAN_POINT('',(0.00736430951545409,-0.007,0.0171006359998227));
#12879=CARTESIAN_POINT('',(0.00748360218209628,-0.007,0.017205830054162));
#12880=CARTESIAN_POINT('',(0.00759179651679696,-0.007,0.0172977370434909));
#12881=CARTESIAN_POINT('',(0.00766127747716067,-0.007,0.0173543879342806));
#12882=CARTESIAN_POINT('',(0.00768726272159677,-0.007,0.017375442205859));
#12883=CARTESIAN_POINT('',(0.00795486290082025,-0.007,0.014740510718057));
#12884=CARTESIAN_POINT('',(0.00798992583081719,-0.007,0.0148052307167416));
#12885=CARTESIAN_POINT('',(0.00803361038672567,-0.007,0.0148858647196951));
#12886=CARTESIAN_POINT('',(0.00803873122194653,-0.007,0.0148966183937116));
#12887=CARTESIAN_POINT('',(0.00804688642711207,-0.007,0.0149135347934192));
#12888=CARTESIAN_POINT('',(0.00805633499718733,-0.007,0.0149345207943035));
#12889=CARTESIAN_POINT('',(0.00806842674966067,-0.007,0.014962691721366));
#12890=CARTESIAN_POINT('',(0.00808236587360357,-0.007,0.014997121940676));
#12891=CARTESIAN_POINT('',(0.00809806803505219,-0.007,0.0150382231740761));
#12892=CARTESIAN_POINT('',(0.00811522071252734,-0.007,0.0150859749280829));
#12893=CARTESIAN_POINT('',(0.00813357832021334,-0.007,0.0151404796375203));
#12894=CARTESIAN_POINT('',(0.00815287222944238,-0.007,0.0152017928057564));
#12895=CARTESIAN_POINT('',(0.00817283794591121,-0.007,0.0152699737147985));
#12896=CARTESIAN_POINT('',(0.00819320734150277,-0.007,0.0153450703491275));
#12897=CARTESIAN_POINT('',(0.00821371118629724,-0.007,0.0154271237145182));
#12898=CARTESIAN_POINT('',(0.00823407868507937,-0.007,0.0155161665212076));
#12899=CARTESIAN_POINT('',(0.00825403788324095,-0.007,0.0156122235050722));
#12900=CARTESIAN_POINT('',(0.00827331582263658,-0.007,0.0157153112901856));
#12901=CARTESIAN_POINT('',(0.00829163878151572,-0.007,0.0158254383799349));
#12902=CARTESIAN_POINT('',(0.00830873244833299,-0.007,0.0159426051588572));
#12903=CARTESIAN_POINT('',(0.00832432228490588,-0.007,0.0160668037436073));
#12904=CARTESIAN_POINT('',(0.00833813317662526,-0.007,0.0161980184870422));
#12905=CARTESIAN_POINT('',(0.00834989184741305,-0.007,0.0163362239626927));
#12906=CARTESIAN_POINT('',(0.0083593185649722,-0.007,0.0164813927422648));
#12907=CARTESIAN_POINT('',(0.00836616027103391,-0.007,0.0166334653201674));
#12908=CARTESIAN_POINT('',(0.00837006374376565,-0.007,0.0167924662392955));
#12909=CARTESIAN_POINT('',(0.00837092260444098,-0.007,0.0169344245821541));
#12910=CARTESIAN_POINT('',(0.0083696582040973,-0.007,0.0170240645764207));
#12911=CARTESIAN_POINT('',(0.00836908371868567,-0.007,0.0170575038534256));
#12912=CARTESIAN_POINT('',(0.00809022786450207,-0.007,0.0150178047327137));
#12913=CARTESIAN_POINT('',(0.00842517860849344,-0.007,0.0148901243425546));
#12914=CARTESIAN_POINT('',(0.00824865204161703,-0.007,0.014578142525587));
#12915=CARTESIAN_POINT('',(4.91326959906133E-16,-0.007,8.48075911820067E-16));
#12916=CARTESIAN_POINT('',(0.00850071574634005,-0.007,0.0144326134778122));
#12917=CARTESIAN_POINT('',(0.00868263664191459,-0.007,0.0147414808776538));
#12918=CARTESIAN_POINT('',(0.00896068647535319,-0.007,0.0145152452194204));
#12919=CARTESIAN_POINT('',(0.00878822529618405,-0.007,0.0142593687147612));
#12920=CARTESIAN_POINT('',(0.00882674299417929,-0.007,0.0143220941022119));
#12921=CARTESIAN_POINT('',(0.00887473181119163,-0.007,0.0144002430388585));
#12922=CARTESIAN_POINT('',(0.00888148434846349,-0.007,0.0144100546492566));
#12923=CARTESIAN_POINT('',(0.00889205677776809,-0.007,0.0144255754639568));
#12924=CARTESIAN_POINT('',(0.00890550690262014,-0.007,0.0144442511661136));
#12925=CARTESIAN_POINT('',(0.00892385776486775,-0.007,0.0144688083944631));
#12926=CARTESIAN_POINT('',(0.00894670564747665,-0.007,0.0144980951395591));
#12927=CARTESIAN_POINT('',(0.00897444927900361,-0.007,0.0145322442269679));
#12928=CARTESIAN_POINT('',(0.00900722717231123,-0.007,0.0145709747584078));
#12929=CARTESIAN_POINT('',(0.0090452508314669,-0.007,0.0146141252677352));
#12930=CARTESIAN_POINT('',(0.00908870263813132,-0.007,0.0146614908673839));
#12931=CARTESIAN_POINT('',(0.00913776617918054,-0.007,0.0147128721395718));
#12932=CARTESIAN_POINT('',(0.00919261707445237,-0.007,0.0147680608707783));
#12933=CARTESIAN_POINT('',(0.00925342545094951,-0.007,0.0148268444039409));
#12934=CARTESIAN_POINT('',(0.00932035503417574,-0.007,0.0148890045786425));
#12935=CARTESIAN_POINT('',(0.00939356322333263,-0.007,0.0149543182432219));
#12936=CARTESIAN_POINT('',(0.00947320089436287,-0.007,0.0150225573210278));
#12937=CARTESIAN_POINT('',(0.00955941227229105,-0.007,0.0150934890137644));
#12938=CARTESIAN_POINT('',(0.00965233484590873,-0.007,0.015166875952933));
#12939=CARTESIAN_POINT('',(0.00975209905712993,-0.007,0.0152424764398211));
#12940=CARTESIAN_POINT('',(0.0098588289124359,-0.007,0.0153200443946164));
#12941=CARTESIAN_POINT('',(0.00997263902989738,-0.007,0.0153993304400586));
#12942=CARTESIAN_POINT('',(0.0100936455220637,-0.007,0.0154800786067252));
#12943=CARTESIAN_POINT('',(0.0102219233847155,-0.007,0.0155620399869311));
#12944=CARTESIAN_POINT('',(0.0103576704835396,-0.007,0.0156449209530439));
#12945=CARTESIAN_POINT('',(0.0104801805843967,-0.007,0.0157166439196364));
#12946=CARTESIAN_POINT('',(0.0105584432967984,-0.007,0.0157603689139514));
#12947=CARTESIAN_POINT('',(0.0105876898028747,-0.007,0.0157765910334933));
#12948=CARTESIAN_POINT('',(0.0103936734829474,-0.007,0.0131352217921844));
#12949=CARTESIAN_POINT('',(0.0104394422380819,-0.007,0.0131928699347662));
#12950=CARTESIAN_POINT('',(0.0104964650750983,-0.007,0.0132646931825056));
#12951=CARTESIAN_POINT('',(0.0105033754692219,-0.007,0.0132743942603461));
#12952=CARTESIAN_POINT('',(0.0105143442804783,-0.007,0.0132896375254158));
#12953=CARTESIAN_POINT('',(0.0105272934863533,-0.007,0.0133086639748162));
#12954=CARTESIAN_POINT('',(0.0105440933680842,-0.007,0.0133343072114151));
#12955=CARTESIAN_POINT('',(0.0105637994702532,-0.007,0.0133657938548586));
#12956=CARTESIAN_POINT('',(0.0105864002348666,-0.007,0.0134035440164483));
#12957=CARTESIAN_POINT('',(0.0106115843296928,-0.007,0.0134475917828285));
#12958=CARTESIAN_POINT('',(0.0106391276875368,-0.007,0.0134980806781371));
#12959=CARTESIAN_POINT('',(0.0106687753988626,-0.007,0.0135551120094001));
#12960=CARTESIAN_POINT('',(0.0107002772818424,-0.007,0.0136187900869516));
#12961=CARTESIAN_POINT('',(0.0107333776142453,-0.007,0.0136892087262392));
#12962=CARTESIAN_POINT('',(0.010767818376937,-0.007,0.013766455061353));
#12963=CARTESIAN_POINT('',(0.0108033385687631,-0.007,0.0138506083286836));
#12964=CARTESIAN_POINT('',(0.0108396746620568,-0.007,0.013941740112736));
#12965=CARTESIAN_POINT('',(0.0108765607322603,-0.007,0.0140399141837113));
#12966=CARTESIAN_POINT('',(0.0109137286926694,-0.007,0.0141451864470942));
#12967=CARTESIAN_POINT('',(0.0109509084659214,-0.007,0.0142576049152799));
#12968=CARTESIAN_POINT('',(0.0109878283157572,-0.007,0.0143772094977439));
#12969=CARTESIAN_POINT('',(0.011024214590079,-0.007,0.0145040325582091));
#12970=CARTESIAN_POINT('',(0.0110597937492262,-0.007,0.0146380965103843));
#12971=CARTESIAN_POINT('',(0.0110942855477907,-0.007,0.0147794229176767));
#12972=CARTESIAN_POINT('',(0.0111274304389901,-0.007,0.014927997121626));
#12973=CARTESIAN_POINT('',(0.0111588848290539,-0.007,0.015083904628593));
#12974=CARTESIAN_POINT('',(0.0111843814492477,-0.007,0.0152235571656538));
#12975=CARTESIAN_POINT('',(0.0111987020796368,-0.007,0.015312054887803));
#12976=CARTESIAN_POINT('',(0.0112039429914639,-0.007,0.0153450859053974));
#12977=CARTESIAN_POINT('',(0.0105751335489906,-0.007,0.0133847972084189));
#12978=CARTESIAN_POINT('',(0.0108828241714755,-0.007,0.0132008929839802));
#12979=CARTESIAN_POINT('',(0.0106548043658214,-0.007,0.0129243043884796));
#12980=CARTESIAN_POINT('',(6.31129435990253E-16,-0.007,7.49873701876967E-16));
#12981=CARTESIAN_POINT('',(0.0108777678025419,-0.007,0.0127372158509614));
#12982=CARTESIAN_POINT('',(0.0111105591720619,-0.007,0.0130098006289821));
#12983=CARTESIAN_POINT('',(0.0113450993939804,-0.007,0.0127387191518688));
#12984=CARTESIAN_POINT('',(0.0111308257988992,-0.007,0.0125166775557478));
#12985=CARTESIAN_POINT('',(0.0111796504757373,-0.007,0.0125717614755552));
#12986=CARTESIAN_POINT('',(0.0112404806552243,-0.007,0.0126403899836318));
#12987=CARTESIAN_POINT('',(0.0112488343745477,-0.007,0.0126488799678295));
#12988=CARTESIAN_POINT('',(0.0112619413460837,-0.007,0.0126623291033971));
#12989=CARTESIAN_POINT('',(0.0112784301349631,-0.007,0.0126783854900041));
#12990=CARTESIAN_POINT('',(0.0113007665243304,-0.007,0.0126993830450872));
#12991=CARTESIAN_POINT('',(0.0113283528861793,-0.007,0.0127242573655397));
#12992=CARTESIAN_POINT('',(0.0113616049564013,-0.007,0.0127530700205217));
#12993=CARTESIAN_POINT('',(0.0114006103660627,-0.007,0.0127855203267212));
#12994=CARTESIAN_POINT('',(0.0114455493677072,-0.007,0.0128214125437328));
#12995=CARTESIAN_POINT('',(0.0114965659938558,-0.007,0.0128605132264493));
#12996=CARTESIAN_POINT('',(0.0115538064137529,-0.007,0.0129025941071664));
#12997=CARTESIAN_POINT('',(0.011617407423278,-0.007,0.0129474196395301));
#12998=CARTESIAN_POINT('',(0.011687499637311,-0.007,0.0129947508549725));
#12999=CARTESIAN_POINT('',(0.0117642064108385,-0.007,0.013044344476788));
#13000=CARTESIAN_POINT('',(0.0118476440019351,-0.007,0.013095953411406));
#13001=CARTESIAN_POINT('',(0.0119379213893042,-0.007,0.0131493268478397));
#13002=CARTESIAN_POINT('',(0.0120351401818683,-0.007,0.0132042104801095));
#13003=CARTESIAN_POINT('',(0.012139394561048,-0.007,0.0132603466711998));
#13004=CARTESIAN_POINT('',(0.0122507710165106,-0.007,0.0133174747433437));
#13005=CARTESIAN_POINT('',(0.0123693489394894,-0.007,0.0133753308217349));
#13006=CARTESIAN_POINT('',(0.0124951979028421,-0.007,0.0134336494144948));
#13007=CARTESIAN_POINT('',(0.0126283878064839,-0.007,0.0134921582782191));
#13008=CARTESIAN_POINT('',(0.0127689492844751,-0.007,0.013550599263809));
#13009=CARTESIAN_POINT('',(0.0129170262085748,-0.007,0.0136086488454796));
#13010=CARTESIAN_POINT('',(0.0130501296681667,-0.007,0.0136580085232892));
#13011=CARTESIAN_POINT('',(0.0131347961596931,-0.007,0.0136874790593033));
#13012=CARTESIAN_POINT('',(0.0131664152871219,-0.007,0.0136983761259152));
#13013=CARTESIAN_POINT('',(0.0125166775557478,-0.007,0.0111308257988992));
#13014=CARTESIAN_POINT('',(0.0125717614755552,-0.007,0.0111796504757373));
#13015=CARTESIAN_POINT('',(0.0126403899836318,-0.007,0.0112404806552243));
#13016=CARTESIAN_POINT('',(0.0126488799678295,-0.007,0.0112488343745477));
#13017=CARTESIAN_POINT('',(0.0126623291033971,-0.007,0.0112619413460837));
#13018=CARTESIAN_POINT('',(0.0126783854900041,-0.007,0.0112784301349631));
#13019=CARTESIAN_POINT('',(0.0126993830450872,-0.007,0.0113007665243304));
#13020=CARTESIAN_POINT('',(0.0127242573655397,-0.007,0.0113283528861793));
#13021=CARTESIAN_POINT('',(0.0127530700205217,-0.007,0.0113616049564013));
#13022=CARTESIAN_POINT('',(0.0127855203267212,-0.007,0.0114006103660627));
#13023=CARTESIAN_POINT('',(0.0128214125437328,-0.007,0.0114455493677072));
#13024=CARTESIAN_POINT('',(0.0128605132264493,-0.007,0.0114965659938558));
#13025=CARTESIAN_POINT('',(0.0129025941071664,-0.007,0.0115538064137529));
#13026=CARTESIAN_POINT('',(0.0129474196395301,-0.007,0.011617407423278));
#13027=CARTESIAN_POINT('',(0.0129947508549725,-0.007,0.011687499637311));
#13028=CARTESIAN_POINT('',(0.013044344476788,-0.007,0.0117642064108385));
#13029=CARTESIAN_POINT('',(0.013095953411406,-0.007,0.0118476440019351));
#13030=CARTESIAN_POINT('',(0.0131493268478397,-0.007,0.0119379213893042));
#13031=CARTESIAN_POINT('',(0.0132042104801095,-0.007,0.0120351401818683));
#13032=CARTESIAN_POINT('',(0.0132603466711998,-0.007,0.012139394561048));
#13033=CARTESIAN_POINT('',(0.0133174747433437,-0.007,0.0122507710165106));
#13034=CARTESIAN_POINT('',(0.0133753308217349,-0.007,0.0123693489394894));
#13035=CARTESIAN_POINT('',(0.0134336494144948,-0.007,0.0124951979028421));
#13036=CARTESIAN_POINT('',(0.0134921582782191,-0.007,0.0126283878064839));
#13037=CARTESIAN_POINT('',(0.013550599263809,-0.007,0.0127689492844751));
#13038=CARTESIAN_POINT('',(0.0136086488454796,-0.007,0.0129170262085748));
#13039=CARTESIAN_POINT('',(0.0136580085232892,-0.007,0.0130501296681667));
#13040=CARTESIAN_POINT('',(0.0136874790593033,-0.007,0.0131347961596931));
#13041=CARTESIAN_POINT('',(0.0136983761259152,-0.007,0.0131664152871219));
#13042=CARTESIAN_POINT('',(0.0127387191518688,-0.007,0.0113450993939804));
#13043=CARTESIAN_POINT('',(0.0130098006289821,-0.007,0.0111105591720619));
#13044=CARTESIAN_POINT('',(0.0127372158509614,-0.007,0.0108777678025419));
#13045=CARTESIAN_POINT('',(7.51755363528713E-16,-0.007,6.28886958956737E-16));
#13046=CARTESIAN_POINT('',(0.0129243043884796,-0.007,0.0106548043658214));
#13047=CARTESIAN_POINT('',(0.0132008929839802,-0.007,0.0108828241714755));
#13048=CARTESIAN_POINT('',(0.0133847972084189,-0.007,0.0105751335489906));
#13049=CARTESIAN_POINT('',(0.0131352217921844,-0.007,0.0103936734829474));
#13050=CARTESIAN_POINT('',(0.0131928699347662,-0.007,0.0104394422380819));
#13051=CARTESIAN_POINT('',(0.0132646931825056,-0.007,0.0104964650750983));
#13052=CARTESIAN_POINT('',(0.0132743942603461,-0.007,0.0105033754692219));
#13053=CARTESIAN_POINT('',(0.0132896375254158,-0.007,0.0105143442804783));
#13054=CARTESIAN_POINT('',(0.0133086639748162,-0.007,0.0105272934863533));
#13055=CARTESIAN_POINT('',(0.0133343072114151,-0.007,0.0105440933680842));
#13056=CARTESIAN_POINT('',(0.0133657938548586,-0.007,0.0105637994702532));
#13057=CARTESIAN_POINT('',(0.0134035440164483,-0.007,0.0105864002348666));
#13058=CARTESIAN_POINT('',(0.0134475917828285,-0.007,0.0106115843296928));
#13059=CARTESIAN_POINT('',(0.0134980806781371,-0.007,0.0106391276875368));
#13060=CARTESIAN_POINT('',(0.0135551120094001,-0.007,0.0106687753988626));
#13061=CARTESIAN_POINT('',(0.0136187900869516,-0.007,0.0107002772818424));
#13062=CARTESIAN_POINT('',(0.0136892087262392,-0.007,0.0107333776142453));
#13063=CARTESIAN_POINT('',(0.013766455061353,-0.007,0.010767818376937));
#13064=CARTESIAN_POINT('',(0.0138506083286836,-0.007,0.0108033385687631));
#13065=CARTESIAN_POINT('',(0.013941740112736,-0.007,0.0108396746620568));
#13066=CARTESIAN_POINT('',(0.0140399141837113,-0.007,0.0108765607322603));
#13067=CARTESIAN_POINT('',(0.0141451864470942,-0.007,0.0109137286926694));
#13068=CARTESIAN_POINT('',(0.0142576049152799,-0.007,0.0109509084659214));
#13069=CARTESIAN_POINT('',(0.0143772094977439,-0.007,0.0109878283157572));
#13070=CARTESIAN_POINT('',(0.0145040325582091,-0.007,0.011024214590079));
#13071=CARTESIAN_POINT('',(0.0146380965103843,-0.007,0.0110597937492262));
#13072=CARTESIAN_POINT('',(0.0147794229176767,-0.007,0.0110942855477907));
#13073=CARTESIAN_POINT('',(0.014927997121626,-0.007,0.0111274304389901));
#13074=CARTESIAN_POINT('',(0.015083904628593,-0.007,0.0111588848290539));
#13075=CARTESIAN_POINT('',(0.0152235571656538,-0.007,0.0111843814492477));
#13076=CARTESIAN_POINT('',(0.015312054887803,-0.007,0.0111987020796368));
#13077=CARTESIAN_POINT('',(0.0153450859053974,-0.007,0.0112039429914639));
#13078=CARTESIAN_POINT('',(0.0142593687147612,-0.007,0.00878822529618404));
#13079=CARTESIAN_POINT('',(0.0143220941022119,-0.007,0.00882674299417929));
#13080=CARTESIAN_POINT('',(0.0144002430388585,-0.007,0.00887473181119163));
#13081=CARTESIAN_POINT('',(0.0144100546492566,-0.007,0.00888148434846349));
#13082=CARTESIAN_POINT('',(0.0144255754639568,-0.007,0.00889205677776809));
#13083=CARTESIAN_POINT('',(0.0144442511661136,-0.007,0.00890550690262014));
#13084=CARTESIAN_POINT('',(0.0144688083944631,-0.007,0.00892385776486775));
#13085=CARTESIAN_POINT('',(0.0144980951395591,-0.007,0.00894670564747665));
#13086=CARTESIAN_POINT('',(0.0145322442269679,-0.007,0.00897444927900361));
#13087=CARTESIAN_POINT('',(0.0145709747584078,-0.007,0.00900722717231123));
#13088=CARTESIAN_POINT('',(0.0146141252677352,-0.007,0.00904525083146689));
#13089=CARTESIAN_POINT('',(0.0146614908673839,-0.007,0.00908870263813132));
#13090=CARTESIAN_POINT('',(0.0147128721395718,-0.007,0.00913776617918054));
#13091=CARTESIAN_POINT('',(0.0147680608707783,-0.007,0.00919261707445237));
#13092=CARTESIAN_POINT('',(0.0148268444039409,-0.007,0.00925342545094951));
#13093=CARTESIAN_POINT('',(0.0148890045786425,-0.007,0.00932035503417574));
#13094=CARTESIAN_POINT('',(0.0149543182432219,-0.007,0.00939356322333263));
#13095=CARTESIAN_POINT('',(0.0150225573210278,-0.007,0.00947320089436287));
#13096=CARTESIAN_POINT('',(0.0150934890137644,-0.007,0.00955941227229104));
#13097=CARTESIAN_POINT('',(0.015166875952933,-0.007,0.00965233484590873));
#13098=CARTESIAN_POINT('',(0.0152424764398211,-0.007,0.00975209905712992));
#13099=CARTESIAN_POINT('',(0.0153200443946164,-0.007,0.0098588289124359));
#13100=CARTESIAN_POINT('',(0.0153993304400586,-0.007,0.00997263902989737));
#13101=CARTESIAN_POINT('',(0.0154800786067252,-0.007,0.0100936455220637));
#13102=CARTESIAN_POINT('',(0.0155620399869311,-0.007,0.0102219233847155));
#13103=CARTESIAN_POINT('',(0.0156449209530439,-0.007,0.0103576704835396));
#13104=CARTESIAN_POINT('',(0.0157166439196364,-0.007,0.0104801805843967));
#13105=CARTESIAN_POINT('',(0.0157603689139514,-0.007,0.0105584432967984));
#13106=CARTESIAN_POINT('',(0.0157765910334933,-0.007,0.0105876898028747));
#13107=CARTESIAN_POINT('',(0.0145152452194204,-0.007,0.00896068647535319));
#13108=CARTESIAN_POINT('',(0.0147414808776538,-0.007,0.00868263664191459));
#13109=CARTESIAN_POINT('',(0.0144326134778122,-0.007,0.00850071574634006));
#13110=CARTESIAN_POINT('',(8.49539584752923E-16,-0.007,4.88791804020763E-16));
#13111=CARTESIAN_POINT('',(0.014578142525587,-0.007,0.00824865204161701));
#13112=CARTESIAN_POINT('',(0.0148901243425546,-0.007,0.00842517860849344));
#13113=CARTESIAN_POINT('',(0.0150178047327137,-0.007,0.00809022786450207));
#13114=CARTESIAN_POINT('',(0.014740510718057,-0.007,0.00795486290082025));
#13115=CARTESIAN_POINT('',(0.0148052307167416,-0.007,0.00798992583081719));
#13116=CARTESIAN_POINT('',(0.0148858647196951,-0.007,0.00803361038672567));
#13117=CARTESIAN_POINT('',(0.0148966183937116,-0.007,0.00803873122194653));
#13118=CARTESIAN_POINT('',(0.0149135347934192,-0.007,0.00804688642711206));
#13119=CARTESIAN_POINT('',(0.0149345207943035,-0.007,0.00805633499718732));
#13120=CARTESIAN_POINT('',(0.014962691721366,-0.007,0.00806842674966067));
#13121=CARTESIAN_POINT('',(0.014997121940676,-0.007,0.00808236587360357));
#13122=CARTESIAN_POINT('',(0.0150382231740761,-0.007,0.00809806803505218));
#13123=CARTESIAN_POINT('',(0.0150859749280829,-0.007,0.00811522071252734));
#13124=CARTESIAN_POINT('',(0.0151404796375203,-0.007,0.00813357832021334));
#13125=CARTESIAN_POINT('',(0.0152017928057564,-0.007,0.00815287222944238));
#13126=CARTESIAN_POINT('',(0.0152699737147985,-0.007,0.0081728379459112));
#13127=CARTESIAN_POINT('',(0.0153450703491275,-0.007,0.00819320734150277));
#13128=CARTESIAN_POINT('',(0.0154271237145182,-0.007,0.00821371118629724));
#13129=CARTESIAN_POINT('',(0.0155161665212076,-0.007,0.00823407868507937));
#13130=CARTESIAN_POINT('',(0.0156122235050722,-0.007,0.00825403788324094));
#13131=CARTESIAN_POINT('',(0.0157153112901856,-0.007,0.00827331582263657));
#13132=CARTESIAN_POINT('',(0.0158254383799349,-0.007,0.00829163878151571));
#13133=CARTESIAN_POINT('',(0.0159426051588572,-0.007,0.00830873244833299));
#13134=CARTESIAN_POINT('',(0.0160668037436074,-0.007,0.00832432228490588));
#13135=CARTESIAN_POINT('',(0.0161980184870422,-0.007,0.00833813317662526));
#13136=CARTESIAN_POINT('',(0.0163362239626927,-0.007,0.00834989184741305));
#13137=CARTESIAN_POINT('',(0.0164813927422648,-0.007,0.0083593185649722));
#13138=CARTESIAN_POINT('',(0.0166334653201674,-0.007,0.00836616027103391));
#13139=CARTESIAN_POINT('',(0.0167924662392955,-0.007,0.00837006374376565));
#13140=CARTESIAN_POINT('',(0.0169344245821541,-0.007,0.00837092260444098));
#13141=CARTESIAN_POINT('',(0.0170240645764207,-0.007,0.00836965820409729));
#13142=CARTESIAN_POINT('',(0.0170575038534256,-0.007,0.00836908371868567));
#13143=CARTESIAN_POINT('',(0.0155687961709653,-0.007,0.00617859901490093));
#13144=CARTESIAN_POINT('',(0.0156372571469023,-0.007,0.00620563939329056));
#13145=CARTESIAN_POINT('',(0.0157225519962241,-0.007,0.00623932873190692));
#13146=CARTESIAN_POINT('',(0.0157333871120055,-0.007,0.00624427491469914));
#13147=CARTESIAN_POINT('',(0.0157505080137377,-0.007,0.00625199156385788));
#13148=CARTESIAN_POINT('',(0.0157712355796845,-0.007,0.00626199434944499));
#13149=CARTESIAN_POINT('',(0.0157986063223435,-0.007,0.00627580210290946));
#13150=CARTESIAN_POINT('',(0.0158314156291532,-0.007,0.00629321728492689));
#13151=CARTESIAN_POINT('',(0.0158698635462482,-0.007,0.00631460950155383));
#13152=CARTESIAN_POINT('',(0.015913697495329,-0.007,0.00634016393880598));
#13153=CARTESIAN_POINT('',(0.0159627951905818,-0.007,0.00637011692583025));
#13154=CARTESIAN_POINT('',(0.0160169865273855,-0.007,0.00640468365185267));
#13155=CARTESIAN_POINT('',(0.0160761069970888,-0.007,0.00644407954318655));
#13156=CARTESIAN_POINT('',(0.0161399820454673,-0.007,0.00648851370750815));
#13157=CARTESIAN_POINT('',(0.0162084317884409,-0.007,0.0065381906147201));
#13158=CARTESIAN_POINT('',(0.0162812698105748,-0.007,0.00659330938612677));
#13159=CARTESIAN_POINT('',(0.0163583036824676,-0.007,0.00665406377956151));
#13160=CARTESIAN_POINT('',(0.0164393349917973,-0.007,0.00672064198391725));
#13161=CARTESIAN_POINT('',(0.0165241595214099,-0.007,0.00679322645811626));
#13162=CARTESIAN_POINT('',(0.016612567383646,-0.007,0.0068719938207936));
#13163=CARTESIAN_POINT('',(0.0167043432027397,-0.007,0.00695711450269854));
#13164=CARTESIAN_POINT('',(0.016799266170884,-0.007,0.00704875335768618));
#13165=CARTESIAN_POINT('',(0.0168971106026384,-0.007,0.00714706656642802));
#13166=CARTESIAN_POINT('',(0.0169976445800637,-0.007,0.00725221292608659));
#13167=CARTESIAN_POINT('',(0.0171006359998227,-0.007,0.00736430951545409));
#13168=CARTESIAN_POINT('',(0.017205830054162,-0.007,0.00748360218209628));
#13169=CARTESIAN_POINT('',(0.0172977370434909,-0.007,0.00759179651679695));
#13170=CARTESIAN_POINT('',(0.0173543879342806,-0.007,0.00766127747716067));
#13171=CARTESIAN_POINT('',(0.0173754422058591,-0.007,0.00768726272159677));
#13172=CARTESIAN_POINT('',(0.0158507329060484,-0.007,0.00630400763249849));
#13173=CARTESIAN_POINT('',(0.0160252486894073,-0.007,0.00599089659102888));
#13174=CARTESIAN_POINT('',(0.0156894834473945,-0.007,0.00586537374375538));
#13175=CARTESIAN_POINT('',(9.21510975582187E-16,-0.007,3.33844957460206E-16));
#13176=CARTESIAN_POINT('',(0.0157890311789504,-0.007,0.00559186859914746));
#13177=CARTESIAN_POINT('',(0.0161269268077468,-0.007,0.00571153825683835));
#13178=CARTESIAN_POINT('',(0.0161945038595808,-0.007,0.00535950470020351));
#13179=CARTESIAN_POINT('',(0.0158979166848198,-0.007,0.00527434783480651));
#13180=CARTESIAN_POINT('',(0.0159677420551969,-0.007,0.00529763957028064));
#13181=CARTESIAN_POINT('',(0.0160547367899876,-0.007,0.00532665851195534));
#13182=CARTESIAN_POINT('',(0.0160662163152367,-0.007,0.00532983419428655));
#13183=CARTESIAN_POINT('',(0.0160842918533373,-0.007,0.00533492800157907));
#13184=CARTESIAN_POINT('',(0.016106599756688,-0.007,0.00534058884583398));
#13185=CARTESIAN_POINT('',(0.0161364424148505,-0.007,0.00534760506726964));
#13186=CARTESIAN_POINT('',(0.0161727700652359,-0.007,0.00535535367975895));
#13187=CARTESIAN_POINT('',(0.0162159735302676,-0.007,0.00536368013581282));
#13188=CARTESIAN_POINT('',(0.0162659783590191,-0.007,0.00537228022051158));
#13189=CARTESIAN_POINT('',(0.0163228427845698,-0.007,0.00538089429141945));
#13190=CARTESIAN_POINT('',(0.0163865748201881,-0.007,0.00538924816288294));
#13191=CARTESIAN_POINT('',(0.0164571869183008,-0.007,0.00539707106464904));
#13192=CARTESIAN_POINT('',(0.0165346797744378,-0.007,0.00540409060965163));
#13193=CARTESIAN_POINT('',(0.0166190470201191,-0.007,0.00541003453760025));
#13194=CARTESIAN_POINT('',(0.0167102738455439,-0.007,0.00541463048719439));
#13195=CARTESIAN_POINT('',(0.0168083373863732,-0.007,0.00541760634008755));
#13196=CARTESIAN_POINT('',(0.0169132066154389,-0.007,0.0054186903982418));
#13197=CARTESIAN_POINT('',(0.0170248423756596,-0.007,0.00541761162175738));
#13198=CARTESIAN_POINT('',(0.0171431974120302,-0.007,0.00541409979972347));
#13199=CARTESIAN_POINT('',(0.0172682162879162,-0.007,0.00540788593373798));
#13200=CARTESIAN_POINT('',(0.0173998358207394,-0.007,0.00539870180589874));
#13201=CARTESIAN_POINT('',(0.0175379835164228,-0.007,0.00538628270706539));
#13202=CARTESIAN_POINT('',(0.0176825837883662,-0.007,0.00537035791757626));
#13203=CARTESIAN_POINT('',(0.017833534091895,-0.007,0.00535068855672375));
#13204=CARTESIAN_POINT('',(0.0179907972607149,-0.007,0.00532692250707968));
#13205=CARTESIAN_POINT('',(0.018130748076958,-0.007,0.00530311751218949));
#13206=CARTESIAN_POINT('',(0.0182188066774762,-0.007,0.00528630649927766));
#13207=CARTESIAN_POINT('',(0.0182516381783809,-0.007,0.00527993407207588));
#13208=CARTESIAN_POINT('',(0.0164051736337057,-0.007,0.00338123912907201));
#13209=CARTESIAN_POINT('',(0.016477290046018,-0.007,0.00339598057964175));
#13210=CARTESIAN_POINT('',(0.0165671391671796,-0.007,0.00341434680635589));
#13211=CARTESIAN_POINT('',(0.0165786685688342,-0.007,0.00341733634740722));
#13212=CARTESIAN_POINT('',(0.0165968693476627,-0.007,0.00342196274994023));
#13213=CARTESIAN_POINT('',(0.0166190189807971,-0.007,0.00342821426668398));
#13214=CARTESIAN_POINT('',(0.0166483715916001,-0.007,0.00343705936976336));
#13215=CARTESIAN_POINT('',(0.0166837065659383,-0.007,0.00344851269969623));
#13216=CARTESIAN_POINT('',(0.0167252850922141,-0.007,0.00346290350974591));
#13217=CARTESIAN_POINT('',(0.0167728905865743,-0.007,0.00348045803229786));
#13218=CARTESIAN_POINT('',(0.0168264436591267,-0.007,0.00350143024083696));
#13219=CARTESIAN_POINT('',(0.0168858141567387,-0.007,0.00352606159373878));
#13220=CARTESIAN_POINT('',(0.0169508774784019,-0.007,0.00355459281113442));
#13221=CARTESIAN_POINT('',(0.0170214980329297,-0.007,0.00358726013490764));
#13222=CARTESIAN_POINT('',(0.0170975341749113,-0.007,0.00362429616514651));
#13223=CARTESIAN_POINT('',(0.0171788368980329,-0.007,0.00366592936875588));
#13224=CARTESIAN_POINT('',(0.0172652503420227,-0.007,0.00371238397496715));
#13225=CARTESIAN_POINT('',(0.0173566117875461,-0.007,0.00376387976759924));
#13226=CARTESIAN_POINT('',(0.0174527518036256,-0.007,0.00382063189555007));
#13227=CARTESIAN_POINT('',(0.0175534943607715,-0.007,0.00388285074083031));
#13228=CARTESIAN_POINT('',(0.0176586569502486,-0.007,0.00395074154457247));
#13229=CARTESIAN_POINT('',(0.0177680507453882,-0.007,0.00402450499900446));
#13230=CARTESIAN_POINT('',(0.0178814806099075,-0.007,0.00410433410192793));
#13231=CARTESIAN_POINT('',(0.0179987457240602,-0.007,0.00419042551014719));
#13232=CARTESIAN_POINT('',(0.0181196378411989,-0.007,0.00428293482808606));
#13233=CARTESIAN_POINT('',(0.0182439487156544,-0.007,0.00438214841523536));
#13234=CARTESIAN_POINT('',(0.0183532471803562,-0.007,0.00447273955366877));
#13235=CARTESIAN_POINT('',(0.0184211026589708,-0.007,0.00453132761817284));
#13236=CARTESIAN_POINT('',(0.0184463493591977,-0.007,0.00455326205246573));
#13237=CARTESIAN_POINT('',(0.0167046040941839,-0.007,0.0034557847077121));
#13238=CARTESIAN_POINT('',(0.0168220974289002,-0.007,0.00311712617876472));
#13239=CARTESIAN_POINT('',(0.0164696364016894,-0.007,0.00305181532798901));
#13240=CARTESIAN_POINT('',(9.6548272172544E-16,-0.007,1.68754400800919E-16));
#13241=CARTESIAN_POINT('',(0.0165201781095768,-0.007,0.00276517905891484));
#13242=CARTESIAN_POINT('',(0.0168737207625045,-0.007,0.00282435570542704));
#13243=CARTESIAN_POINT('',(0.016879141181489,-0.007,0.0024659356976295));
#13244=CARTESIAN_POINT('',(0.0165722724978484,-0.007,0.00243357437878096));
#13245=CARTESIAN_POINT('',(0.0166450816313724,-0.007,0.00244438721213609));
#13246=CARTESIAN_POINT('',(0.0167357938070052,-0.007,0.00245785881371851));
#13247=CARTESIAN_POINT('',(0.0167476503839211,-0.007,0.00245899285165942));
#13248=CARTESIAN_POINT('',(0.0167663358443361,-0.007,0.00246087048832192));
#13249=CARTESIAN_POINT('',(0.0167892878357984,-0.007,0.00246257160486832));
#13250=CARTESIAN_POINT('',(0.0168198954709936,-0.007,0.00246429911092836));
#13251=CARTESIAN_POINT('',(0.0168570167551801,-0.007,0.00246562177429457));
#13252=CARTESIAN_POINT('',(0.0169010097364205,-0.007,0.0024663195297999));
#13253=CARTESIAN_POINT('',(0.0169517482684988,-0.007,0.00246610571250054));
#13254=CARTESIAN_POINT('',(0.0170092446133671,-0.007,0.00246471451244467));
#13255=CARTESIAN_POINT('',(0.0170734590507153,-0.007,0.00246187451798546));
#13256=CARTESIAN_POINT('',(0.017144356825029,-0.007,0.00245731691013724));
#13257=CARTESIAN_POINT('',(0.0172218913217534,-0.007,0.00245077331922802));
#13258=CARTESIAN_POINT('',(0.0173060089916571,-0.007,0.00244197672708784));
#13259=CARTESIAN_POINT('',(0.0173966479548898,-0.007,0.00243066148189124));
#13260=CARTESIAN_POINT('',(0.0174937384416183,-0.007,0.00241656356973167));
#13261=CARTESIAN_POINT('',(0.0175972027161776,-0.007,0.0023994208080861));
#13262=CARTESIAN_POINT('',(0.0177069551507856,-0.007,0.0023789730743157));
#13263=CARTESIAN_POINT('',(0.017822902286715,-0.007,0.00235496246836604));
#13264=CARTESIAN_POINT('',(0.0179449428184558,-0.007,0.00232713370499578));
#13265=CARTESIAN_POINT('',(0.0180729679477651,-0.007,0.00229523361267491));
#13266=CARTESIAN_POINT('',(0.0182068603156543,-0.007,0.0022590140922541));
#13267=CARTESIAN_POINT('',(0.0183464984738773,-0.007,0.00221822166238699));
#13268=CARTESIAN_POINT('',(0.0184917399544441,-0.007,0.00217263887819661));
#13269=CARTESIAN_POINT('',(0.0186424870111502,-0.007,0.00212192542556895));
#13270=CARTESIAN_POINT('',(0.0187761779660447,-0.007,0.00207417987783706));
#13271=CARTESIAN_POINT('',(0.0188599795567975,-0.007,0.00204233304647763));
#13272=CARTESIAN_POINT('',(0.0188912057130606,-0.007,0.00203035630046163));
#13273=CARTESIAN_POINT('',(0.0167430881970043,-0.007,0.000481142003295797));
#13274=CARTESIAN_POINT('',(0.0168166688249965,-0.007,0.00048313661452961));
#13275=CARTESIAN_POINT('',(0.0169083421979173,-0.007,0.000485621680836586));
#13276=CARTESIAN_POINT('',(0.01692021557041,-0.007,0.000486563744454968));
#13277=CARTESIAN_POINT('',(0.0169389432048801,-0.007,0.000487959329462346));
#13278=CARTESIAN_POINT('',(0.0169618418998074,-0.007,0.000490269628189903));
#13279=CARTESIAN_POINT('',(0.0169922845145284,-0.007,0.000493883326902964));
#13280=CARTESIAN_POINT('',(0.0170290715210802,-0.007,0.000499026801116926));
#13281=CARTESIAN_POINT('',(0.0170725173140558,-0.007,0.000505978947108098));
#13282=CARTESIAN_POINT('',(0.0171224478848385,-0.007,0.000515000169675117));
#13283=CARTESIAN_POINT('',(0.0171788291516803,-0.007,0.000526354369785021));
#13284=CARTESIAN_POINT('',(0.0172415748675737,-0.007,0.000540301938372398));
#13285=CARTESIAN_POINT('',(0.0173106041250917,-0.007,0.000557101575226722));
#13286=CARTESIAN_POINT('',(0.0173858244159551,-0.007,0.000577009478349186));
#13287=CARTESIAN_POINT('',(0.0174671366372467,-0.007,0.000600279310577285));
#13288=CARTESIAN_POINT('',(0.0175544337192551,-0.007,0.000627161942565111));
#13289=CARTESIAN_POINT('',(0.0176476011065736,-0.007,0.000657905261850336));
#13290=CARTESIAN_POINT('',(0.0177465167169994,-0.007,0.000692753969157792));
#13291=CARTESIAN_POINT('',(0.0178510510538068,-0.007,0.000731949366170609));
#13292=CARTESIAN_POINT('',(0.0179610672942417,-0.007,0.000775729205924183));
#13293=CARTESIAN_POINT('',(0.0180764213420358,-0.007,0.000824327303786248));
#13294=CARTESIAN_POINT('',(0.0181969620890612,-0.007,0.000877974092425789));
#13295=CARTESIAN_POINT('',(0.0183225308773105,-0.007,0.000936893522634032));
#13296=CARTESIAN_POINT('',(0.0184529640870358,-0.007,0.00100131413553958));
#13297=CARTESIAN_POINT('',(0.0185880836557494,-0.007,0.00107142533323623));
#13298=CARTESIAN_POINT('',(0.0187277342273053,-0.007,0.00114754528625162));
#13299=CARTESIAN_POINT('',(0.0188511031888376,-0.007,0.00121778066251778));
#13300=CARTESIAN_POINT('',(0.0189281015008957,-0.007,0.00126369566246924));
#13301=CARTESIAN_POINT('',(0.0189567735215604,-0.007,0.00128091281993229));
#13302=CARTESIAN_POINT('',(0.0170509143398552,-0.007,0.00050255951329332));
#13303=CARTESIAN_POINT('',(0.017107815250408,-0.007,0.000148643464900733));
#13304=CARTESIAN_POINT('',(0.0167493677879571,-0.007,0.000145529047774775));
#13305=CARTESIAN_POINT('',(9.80118763926896E-16,-0.007,-1.46367293285543E-18));
#13306=CARTESIAN_POINT('',(0.0167493677879571,-0.007,-0.000145529047774776));
#13307=CARTESIAN_POINT('',(0.017107815250408,-0.007,-0.000148643464900734));
#13308=CARTESIAN_POINT('',(0.0170509143398552,-0.007,-0.000502559513293319));
#13309=CARTESIAN_POINT('',(0.0167430881970043,-0.007,-0.000481142003295795));
#13310=CARTESIAN_POINT('',(0.0168166688249965,-0.007,-0.000483136614529609));
#13311=CARTESIAN_POINT('',(0.0169083421979173,-0.007,-0.000485621680836585));
#13312=CARTESIAN_POINT('',(0.01692021557041,-0.007,-0.000486563744454967));
#13313=CARTESIAN_POINT('',(0.0169389432048801,-0.007,-0.000487959329462345));
#13314=CARTESIAN_POINT('',(0.0169618418998074,-0.007,-0.000490269628189902));
#13315=CARTESIAN_POINT('',(0.0169922845145284,-0.007,-0.000493883326902963));
#13316=CARTESIAN_POINT('',(0.0170290715210802,-0.007,-0.000499026801116925));
#13317=CARTESIAN_POINT('',(0.0170725173140558,-0.007,-0.000505978947108097));
#13318=CARTESIAN_POINT('',(0.0171224478848385,-0.007,-0.000515000169675116));
#13319=CARTESIAN_POINT('',(0.0171788291516803,-0.007,-0.00052635436978502));
#13320=CARTESIAN_POINT('',(0.0172415748675737,-0.007,-0.000540301938372397));
#13321=CARTESIAN_POINT('',(0.0173106041250917,-0.007,-0.000557101575226721));
#13322=CARTESIAN_POINT('',(0.0173858244159551,-0.007,-0.000577009478349185));
#13323=CARTESIAN_POINT('',(0.0174671366372467,-0.007,-0.000600279310577284));
#13324=CARTESIAN_POINT('',(0.0175544337192551,-0.007,-0.00062716194256511));
#13325=CARTESIAN_POINT('',(0.0176476011065736,-0.007,-0.000657905261850335));
#13326=CARTESIAN_POINT('',(0.0177465167169994,-0.007,-0.00069275396915779));
#13327=CARTESIAN_POINT('',(0.0178510510538068,-0.007,-0.000731949366170608));
#13328=CARTESIAN_POINT('',(0.0179610672942417,-0.007,-0.000775729205924182));
#13329=CARTESIAN_POINT('',(0.0180764213420358,-0.007,-0.000824327303786247));
#13330=CARTESIAN_POINT('',(0.0181969620890612,-0.007,-0.000877974092425787));
#13331=CARTESIAN_POINT('',(0.0183225308773105,-0.007,-0.000936893522634031));
#13332=CARTESIAN_POINT('',(0.0184529640870358,-0.007,-0.00100131413553958));
#13333=CARTESIAN_POINT('',(0.0185880836557494,-0.007,-0.00107142533323623));
#13334=CARTESIAN_POINT('',(0.0187277342273053,-0.007,-0.00114754528625162));
#13335=CARTESIAN_POINT('',(0.0188511031888376,-0.007,-0.00121778066251778));
#13336=CARTESIAN_POINT('',(0.0189281015008957,-0.007,-0.00126369566246924));
#13337=CARTESIAN_POINT('',(0.0189567735215604,-0.007,-0.00128091281993229));
#13338=CARTESIAN_POINT('',(0.0165722724978484,-0.007,-0.00243357437878096));
#13339=CARTESIAN_POINT('',(0.0166450816313724,-0.007,-0.00244438721213609));
#13340=CARTESIAN_POINT('',(0.0167357938070052,-0.007,-0.00245785881371851));
#13341=CARTESIAN_POINT('',(0.0167476503839211,-0.007,-0.00245899285165942));
#13342=CARTESIAN_POINT('',(0.0167663358443361,-0.007,-0.00246087048832192));
#13343=CARTESIAN_POINT('',(0.0167892878357984,-0.007,-0.00246257160486832));
#13344=CARTESIAN_POINT('',(0.0168198954709936,-0.007,-0.00246429911092836));
#13345=CARTESIAN_POINT('',(0.0168570167551801,-0.007,-0.00246562177429457));
#13346=CARTESIAN_POINT('',(0.0169010097364205,-0.007,-0.0024663195297999));
#13347=CARTESIAN_POINT('',(0.0169517482684988,-0.007,-0.00246610571250054));
#13348=CARTESIAN_POINT('',(0.0170092446133671,-0.007,-0.00246471451244467));
#13349=CARTESIAN_POINT('',(0.0170734590507153,-0.007,-0.00246187451798546));
#13350=CARTESIAN_POINT('',(0.017144356825029,-0.007,-0.00245731691013724));
#13351=CARTESIAN_POINT('',(0.0172218913217534,-0.007,-0.00245077331922802));
#13352=CARTESIAN_POINT('',(0.0173060089916571,-0.007,-0.00244197672708784));
#13353=CARTESIAN_POINT('',(0.0173966479548898,-0.007,-0.00243066148189124));
#13354=CARTESIAN_POINT('',(0.0174937384416183,-0.007,-0.00241656356973167));
#13355=CARTESIAN_POINT('',(0.0175972027161776,-0.007,-0.0023994208080861));
#13356=CARTESIAN_POINT('',(0.0177069551507856,-0.007,-0.0023789730743157));
#13357=CARTESIAN_POINT('',(0.017822902286715,-0.007,-0.00235496246836604));
#13358=CARTESIAN_POINT('',(0.0179449428184558,-0.007,-0.00232713370499578));
#13359=CARTESIAN_POINT('',(0.0180729679477651,-0.007,-0.00229523361267491));
#13360=CARTESIAN_POINT('',(0.0182068603156543,-0.007,-0.0022590140922541));
#13361=CARTESIAN_POINT('',(0.0183464984738773,-0.007,-0.00221822166238699));
#13362=CARTESIAN_POINT('',(0.0184917399544441,-0.007,-0.00217263887819661));
#13363=CARTESIAN_POINT('',(0.0186424870111502,-0.007,-0.00212192542556895));
#13364=CARTESIAN_POINT('',(0.0187761779660447,-0.007,-0.00207417987783706));
#13365=CARTESIAN_POINT('',(0.0188599795567975,-0.007,-0.00204233304647763));
#13366=CARTESIAN_POINT('',(0.0188912057130606,-0.007,-0.00203035630046163));
#13367=CARTESIAN_POINT('',(0.016879141181489,-0.007,-0.0024659356976295));
#13368=CARTESIAN_POINT('',(0.0168737207625045,-0.007,-0.00282435570542704));
#13369=CARTESIAN_POINT('',(0.0165201781095768,-0.007,-0.00276517905891485));
#13370=CARTESIAN_POINT('',(9.64974393450458E-16,-0.007,-1.7163727370522E-16));
#13371=CARTESIAN_POINT('',(0.0164696364016894,-0.007,-0.00305181532798901));
#13372=CARTESIAN_POINT('',(0.0168220974289002,-0.007,-0.00311712617876472));
#13373=CARTESIAN_POINT('',(0.0167046040941839,-0.007,-0.0034557847077121));
#13374=CARTESIAN_POINT('',(0.0164051736337057,-0.007,-0.00338123912907201));
#13375=CARTESIAN_POINT('',(0.016477290046018,-0.007,-0.00339598057964175));
#13376=CARTESIAN_POINT('',(0.0165671391671796,-0.007,-0.00341434680635589));
#13377=CARTESIAN_POINT('',(0.0165786685688342,-0.007,-0.00341733634740722));
#13378=CARTESIAN_POINT('',(0.0165968693476627,-0.007,-0.00342196274994023));
#13379=CARTESIAN_POINT('',(0.0166190189807971,-0.007,-0.00342821426668398));
#13380=CARTESIAN_POINT('',(0.0166483715916001,-0.007,-0.00343705936976336));
#13381=CARTESIAN_POINT('',(0.0166837065659383,-0.007,-0.00344851269969623));
#13382=CARTESIAN_POINT('',(0.0167252850922141,-0.007,-0.00346290350974591));
#13383=CARTESIAN_POINT('',(0.0167728905865743,-0.007,-0.00348045803229786));
#13384=CARTESIAN_POINT('',(0.0168264436591267,-0.007,-0.00350143024083696));
#13385=CARTESIAN_POINT('',(0.0168858141567387,-0.007,-0.00352606159373878));
#13386=CARTESIAN_POINT('',(0.0169508774784019,-0.007,-0.00355459281113442));
#13387=CARTESIAN_POINT('',(0.0170214980329297,-0.007,-0.00358726013490764));
#13388=CARTESIAN_POINT('',(0.0170975341749113,-0.007,-0.00362429616514651));
#13389=CARTESIAN_POINT('',(0.0171788368980329,-0.007,-0.00366592936875588));
#13390=CARTESIAN_POINT('',(0.0172652503420227,-0.007,-0.00371238397496715));
#13391=CARTESIAN_POINT('',(0.0173566117875461,-0.007,-0.00376387976759924));
#13392=CARTESIAN_POINT('',(0.0174527518036256,-0.007,-0.00382063189555007));
#13393=CARTESIAN_POINT('',(0.0175534943607715,-0.007,-0.00388285074083031));
#13394=CARTESIAN_POINT('',(0.0176586569502486,-0.007,-0.00395074154457247));
#13395=CARTESIAN_POINT('',(0.0177680507453882,-0.007,-0.00402450499900446));
#13396=CARTESIAN_POINT('',(0.0178814806099075,-0.007,-0.00410433410192793));
#13397=CARTESIAN_POINT('',(0.0179987457240602,-0.007,-0.00419042551014719));
#13398=CARTESIAN_POINT('',(0.0181196378411989,-0.007,-0.00428293482808606));
#13399=CARTESIAN_POINT('',(0.0182439487156544,-0.007,-0.00438214841523536));
#13400=CARTESIAN_POINT('',(0.0183532471803563,-0.007,-0.00447273955366877));
#13401=CARTESIAN_POINT('',(0.0184211026589708,-0.007,-0.00453132761817284));
#13402=CARTESIAN_POINT('',(0.0184463493591977,-0.007,-0.00455326205246573));
#13403=CARTESIAN_POINT('',(0.0158979166848198,-0.007,-0.00527434783480651));
#13404=CARTESIAN_POINT('',(0.0159677420551969,-0.007,-0.00529763957028064));
#13405=CARTESIAN_POINT('',(0.0160547367899876,-0.007,-0.00532665851195534));
#13406=CARTESIAN_POINT('',(0.0160662163152367,-0.007,-0.00532983419428655));
#13407=CARTESIAN_POINT('',(0.0160842918533373,-0.007,-0.00533492800157907));
#13408=CARTESIAN_POINT('',(0.016106599756688,-0.007,-0.00534058884583398));
#13409=CARTESIAN_POINT('',(0.0161364424148505,-0.007,-0.00534760506726964));
#13410=CARTESIAN_POINT('',(0.0161727700652359,-0.007,-0.00535535367975895));
#13411=CARTESIAN_POINT('',(0.0162159735302676,-0.007,-0.00536368013581282));
#13412=CARTESIAN_POINT('',(0.0162659783590191,-0.007,-0.00537228022051158));
#13413=CARTESIAN_POINT('',(0.0163228427845698,-0.007,-0.00538089429141945));
#13414=CARTESIAN_POINT('',(0.0163865748201881,-0.007,-0.00538924816288294));
#13415=CARTESIAN_POINT('',(0.0164571869183008,-0.007,-0.00539707106464903));
#13416=CARTESIAN_POINT('',(0.0165346797744378,-0.007,-0.00540409060965163));
#13417=CARTESIAN_POINT('',(0.0166190470201191,-0.007,-0.00541003453760024));
#13418=CARTESIAN_POINT('',(0.0167102738455439,-0.007,-0.00541463048719439));
#13419=CARTESIAN_POINT('',(0.0168083373863732,-0.007,-0.00541760634008754));
#13420=CARTESIAN_POINT('',(0.0169132066154389,-0.007,-0.0054186903982418));
#13421=CARTESIAN_POINT('',(0.0170248423756596,-0.007,-0.00541761162175737));
#13422=CARTESIAN_POINT('',(0.0171431974120302,-0.007,-0.00541409979972346));
#13423=CARTESIAN_POINT('',(0.0172682162879162,-0.007,-0.00540788593373798));
#13424=CARTESIAN_POINT('',(0.0173998358207394,-0.007,-0.00539870180589874));
#13425=CARTESIAN_POINT('',(0.0175379835164228,-0.007,-0.00538628270706539));
#13426=CARTESIAN_POINT('',(0.0176825837883662,-0.007,-0.00537035791757625));
#13427=CARTESIAN_POINT('',(0.017833534091895,-0.007,-0.00535068855672375));
#13428=CARTESIAN_POINT('',(0.0179907972607149,-0.007,-0.00532692250707968));
#13429=CARTESIAN_POINT('',(0.018130748076958,-0.007,-0.00530311751218948));
#13430=CARTESIAN_POINT('',(0.0182188066774762,-0.007,-0.00528630649927765));
#13431=CARTESIAN_POINT('',(0.0182516381783809,-0.007,-0.00527993407207588));
#13432=CARTESIAN_POINT('',(0.0161945038595809,-0.007,-0.0053595047002035));
#13433=CARTESIAN_POINT('',(0.0161269268077468,-0.007,-0.00571153825683835));
#13434=CARTESIAN_POINT('',(0.0157890311789505,-0.007,-0.00559186859914746));
#13435=CARTESIAN_POINT('',(9.20509764329633E-16,-0.007,-3.36595762768703E-16));
#13436=CARTESIAN_POINT('',(0.0156894834473944,-0.007,-0.00586537374375537));
#13437=CARTESIAN_POINT('',(0.0160252486894073,-0.007,-0.00599089659102888));
#13438=CARTESIAN_POINT('',(0.0158507329060484,-0.007,-0.00630400763249848));
#13439=CARTESIAN_POINT('',(0.0155687961709653,-0.007,-0.00617859901490093));
#13440=CARTESIAN_POINT('',(0.0156372571469023,-0.007,-0.00620563939329056));
#13441=CARTESIAN_POINT('',(0.0157225519962241,-0.007,-0.00623932873190691));
#13442=CARTESIAN_POINT('',(0.0157333871120055,-0.007,-0.00624427491469914));
#13443=CARTESIAN_POINT('',(0.0157505080137377,-0.007,-0.00625199156385788));
#13444=CARTESIAN_POINT('',(0.0157712355796845,-0.007,-0.00626199434944498));
#13445=CARTESIAN_POINT('',(0.0157986063223435,-0.007,-0.00627580210290946));
#13446=CARTESIAN_POINT('',(0.0158314156291532,-0.007,-0.00629321728492689));
#13447=CARTESIAN_POINT('',(0.0158698635462482,-0.007,-0.00631460950155382));
#13448=CARTESIAN_POINT('',(0.015913697495329,-0.007,-0.00634016393880598));
#13449=CARTESIAN_POINT('',(0.0159627951905818,-0.007,-0.00637011692583025));
#13450=CARTESIAN_POINT('',(0.0160169865273855,-0.007,-0.00640468365185267));
#13451=CARTESIAN_POINT('',(0.0160761069970888,-0.007,-0.00644407954318654));
#13452=CARTESIAN_POINT('',(0.0161399820454673,-0.007,-0.00648851370750814));
#13453=CARTESIAN_POINT('',(0.0162084317884409,-0.007,-0.0065381906147201));
#13454=CARTESIAN_POINT('',(0.0162812698105748,-0.007,-0.00659330938612677));
#13455=CARTESIAN_POINT('',(0.0163583036824676,-0.007,-0.0066540637795615));
#13456=CARTESIAN_POINT('',(0.0164393349917973,-0.007,-0.00672064198391725));
#13457=CARTESIAN_POINT('',(0.01652415952141,-0.007,-0.00679322645811626));
#13458=CARTESIAN_POINT('',(0.016612567383646,-0.007,-0.0068719938207936));
#13459=CARTESIAN_POINT('',(0.0167043432027397,-0.007,-0.00695711450269854));
#13460=CARTESIAN_POINT('',(0.016799266170884,-0.007,-0.00704875335768617));
#13461=CARTESIAN_POINT('',(0.0168971106026384,-0.007,-0.00714706656642802));
#13462=CARTESIAN_POINT('',(0.0169976445800637,-0.007,-0.00725221292608659));
#13463=CARTESIAN_POINT('',(0.0171006359998227,-0.007,-0.00736430951545409));
#13464=CARTESIAN_POINT('',(0.017205830054162,-0.007,-0.00748360218209628));
#13465=CARTESIAN_POINT('',(0.0172977370434909,-0.007,-0.00759179651679695));
#13466=CARTESIAN_POINT('',(0.0173543879342806,-0.007,-0.00766127747716067));
#13467=CARTESIAN_POINT('',(0.0173754422058591,-0.007,-0.00768726272159677));
#13468=CARTESIAN_POINT('',(0.014740510718057,-0.007,-0.00795486290082026));
#13469=CARTESIAN_POINT('',(0.0148052307167416,-0.007,-0.00798992583081719));
#13470=CARTESIAN_POINT('',(0.0148858647196951,-0.007,-0.00803361038672568));
#13471=CARTESIAN_POINT('',(0.0148966183937116,-0.007,-0.00803873122194653));
#13472=CARTESIAN_POINT('',(0.0149135347934192,-0.007,-0.00804688642711207));
#13473=CARTESIAN_POINT('',(0.0149345207943035,-0.007,-0.00805633499718733));
#13474=CARTESIAN_POINT('',(0.014962691721366,-0.007,-0.00806842674966067));
#13475=CARTESIAN_POINT('',(0.014997121940676,-0.007,-0.00808236587360357));
#13476=CARTESIAN_POINT('',(0.0150382231740761,-0.007,-0.00809806803505219));
#13477=CARTESIAN_POINT('',(0.0150859749280829,-0.007,-0.00811522071252734));
#13478=CARTESIAN_POINT('',(0.0151404796375203,-0.007,-0.00813357832021335));
#13479=CARTESIAN_POINT('',(0.0152017928057564,-0.007,-0.00815287222944239));
#13480=CARTESIAN_POINT('',(0.0152699737147985,-0.007,-0.00817283794591121));
#13481=CARTESIAN_POINT('',(0.0153450703491275,-0.007,-0.00819320734150278));
#13482=CARTESIAN_POINT('',(0.0154271237145182,-0.007,-0.00821371118629724));
#13483=CARTESIAN_POINT('',(0.0155161665212076,-0.007,-0.00823407868507938));
#13484=CARTESIAN_POINT('',(0.0156122235050722,-0.007,-0.00825403788324096));
#13485=CARTESIAN_POINT('',(0.0157153112901856,-0.007,-0.00827331582263658));
#13486=CARTESIAN_POINT('',(0.0158254383799349,-0.007,-0.00829163878151572));
#13487=CARTESIAN_POINT('',(0.0159426051588572,-0.007,-0.008308732448333));
#13488=CARTESIAN_POINT('',(0.0160668037436073,-0.007,-0.00832432228490589));
#13489=CARTESIAN_POINT('',(0.0161980184870422,-0.007,-0.00833813317662527));
#13490=CARTESIAN_POINT('',(0.0163362239626926,-0.007,-0.00834989184741306));
#13491=CARTESIAN_POINT('',(0.0164813927422648,-0.007,-0.00835931856497221));
#13492=CARTESIAN_POINT('',(0.0166334653201674,-0.007,-0.00836616027103391));
#13493=CARTESIAN_POINT('',(0.0167924662392955,-0.007,-0.00837006374376566));
#13494=CARTESIAN_POINT('',(0.0169344245821541,-0.007,-0.00837092260444099));
#13495=CARTESIAN_POINT('',(0.0170240645764207,-0.007,-0.0083696582040973));
#13496=CARTESIAN_POINT('',(0.0170575038534256,-0.007,-0.00836908371868568));
#13497=CARTESIAN_POINT('',(0.0150178047327137,-0.007,-0.00809022786450208));
#13498=CARTESIAN_POINT('',(0.0148901243425545,-0.007,-0.00842517860849345));
#13499=CARTESIAN_POINT('',(0.014578142525587,-0.007,-0.00824865204161703));
#13500=CARTESIAN_POINT('',(8.48075911820067E-16,-0.007,-4.91326959906133E-16));
#13501=CARTESIAN_POINT('',(0.0144326134778122,-0.007,-0.00850071574634005));
#13502=CARTESIAN_POINT('',(0.0147414808776538,-0.007,-0.0086826366419146));
#13503=CARTESIAN_POINT('',(0.0145152452194204,-0.007,-0.00896068647535319));
#13504=CARTESIAN_POINT('',(0.0142593687147612,-0.007,-0.00878822529618405));
#13505=CARTESIAN_POINT('',(0.0143220941022119,-0.007,-0.0088267429941793));
#13506=CARTESIAN_POINT('',(0.0144002430388585,-0.007,-0.00887473181119164));
#13507=CARTESIAN_POINT('',(0.0144100546492566,-0.007,-0.0088814843484635));
#13508=CARTESIAN_POINT('',(0.0144255754639568,-0.007,-0.0088920567777681));
#13509=CARTESIAN_POINT('',(0.0144442511661136,-0.007,-0.00890550690262015));
#13510=CARTESIAN_POINT('',(0.014468808394463,-0.007,-0.00892385776486776));
#13511=CARTESIAN_POINT('',(0.0144980951395591,-0.007,-0.00894670564747666));
#13512=CARTESIAN_POINT('',(0.0145322442269679,-0.007,-0.00897444927900362));
#13513=CARTESIAN_POINT('',(0.0145709747584078,-0.007,-0.00900722717231124));
#13514=CARTESIAN_POINT('',(0.0146141252677352,-0.007,-0.0090452508314669));
#13515=CARTESIAN_POINT('',(0.0146614908673839,-0.007,-0.00908870263813133));
#13516=CARTESIAN_POINT('',(0.0147128721395718,-0.007,-0.00913776617918055));
#13517=CARTESIAN_POINT('',(0.0147680608707783,-0.007,-0.00919261707445238));
#13518=CARTESIAN_POINT('',(0.0148268444039409,-0.007,-0.00925342545094952));
#13519=CARTESIAN_POINT('',(0.0148890045786425,-0.007,-0.00932035503417574));
#13520=CARTESIAN_POINT('',(0.0149543182432219,-0.007,-0.00939356322333264));
#13521=CARTESIAN_POINT('',(0.0150225573210278,-0.007,-0.00947320089436288));
#13522=CARTESIAN_POINT('',(0.0150934890137643,-0.007,-0.00955941227229105));
#13523=CARTESIAN_POINT('',(0.015166875952933,-0.007,-0.00965233484590874));
#13524=CARTESIAN_POINT('',(0.0152424764398211,-0.007,-0.00975209905712993));
#13525=CARTESIAN_POINT('',(0.0153200443946164,-0.007,-0.00985882891243591));
#13526=CARTESIAN_POINT('',(0.0153993304400586,-0.007,-0.00997263902989738));
#13527=CARTESIAN_POINT('',(0.0154800786067252,-0.007,-0.0100936455220637));
#13528=CARTESIAN_POINT('',(0.0155620399869311,-0.007,-0.0102219233847155));
#13529=CARTESIAN_POINT('',(0.0156449209530439,-0.007,-0.0103576704835396));
#13530=CARTESIAN_POINT('',(0.0157166439196364,-0.007,-0.0104801805843967));
#13531=CARTESIAN_POINT('',(0.0157603689139514,-0.007,-0.0105584432967984));
#13532=CARTESIAN_POINT('',(0.0157765910334933,-0.007,-0.0105876898028747));
#13533=CARTESIAN_POINT('',(0.0131352217921844,-0.007,-0.0103936734829474));
#13534=CARTESIAN_POINT('',(0.0131928699347662,-0.007,-0.0104394422380819));
#13535=CARTESIAN_POINT('',(0.0132646931825056,-0.007,-0.0104964650750983));
#13536=CARTESIAN_POINT('',(0.0132743942603461,-0.007,-0.0105033754692219));
#13537=CARTESIAN_POINT('',(0.0132896375254158,-0.007,-0.0105143442804783));
#13538=CARTESIAN_POINT('',(0.0133086639748162,-0.007,-0.0105272934863533));
#13539=CARTESIAN_POINT('',(0.0133343072114151,-0.007,-0.0105440933680842));
#13540=CARTESIAN_POINT('',(0.0133657938548586,-0.007,-0.0105637994702532));
#13541=CARTESIAN_POINT('',(0.0134035440164483,-0.007,-0.0105864002348666));
#13542=CARTESIAN_POINT('',(0.0134475917828285,-0.007,-0.0106115843296928));
#13543=CARTESIAN_POINT('',(0.0134980806781371,-0.007,-0.0106391276875368));
#13544=CARTESIAN_POINT('',(0.0135551120094001,-0.007,-0.0106687753988626));
#13545=CARTESIAN_POINT('',(0.0136187900869516,-0.007,-0.0107002772818424));
#13546=CARTESIAN_POINT('',(0.0136892087262392,-0.007,-0.0107333776142453));
#13547=CARTESIAN_POINT('',(0.013766455061353,-0.007,-0.010767818376937));
#13548=CARTESIAN_POINT('',(0.0138506083286836,-0.007,-0.0108033385687631));
#13549=CARTESIAN_POINT('',(0.013941740112736,-0.007,-0.0108396746620568));
#13550=CARTESIAN_POINT('',(0.0140399141837113,-0.007,-0.0108765607322603));
#13551=CARTESIAN_POINT('',(0.0141451864470942,-0.007,-0.0109137286926694));
#13552=CARTESIAN_POINT('',(0.0142576049152799,-0.007,-0.0109509084659214));
#13553=CARTESIAN_POINT('',(0.0143772094977439,-0.007,-0.0109878283157572));
#13554=CARTESIAN_POINT('',(0.0145040325582091,-0.007,-0.011024214590079));
#13555=CARTESIAN_POINT('',(0.0146380965103843,-0.007,-0.0110597937492262));
#13556=CARTESIAN_POINT('',(0.0147794229176767,-0.007,-0.0110942855477908));
#13557=CARTESIAN_POINT('',(0.014927997121626,-0.007,-0.0111274304389901));
#13558=CARTESIAN_POINT('',(0.015083904628593,-0.007,-0.0111588848290539));
#13559=CARTESIAN_POINT('',(0.0152235571656538,-0.007,-0.0111843814492478));
#13560=CARTESIAN_POINT('',(0.015312054887803,-0.007,-0.0111987020796368));
#13561=CARTESIAN_POINT('',(0.0153450859053974,-0.007,-0.0112039429914639));
#13562=CARTESIAN_POINT('',(0.0133847972084189,-0.007,-0.0105751335489906));
#13563=CARTESIAN_POINT('',(0.0132008929839802,-0.007,-0.0108828241714755));
#13564=CARTESIAN_POINT('',(0.0129243043884796,-0.007,-0.0106548043658214));
#13565=CARTESIAN_POINT('',(7.49873701876967E-16,-0.007,-6.31129435990253E-16));
#13566=CARTESIAN_POINT('',(0.0127372158509614,-0.007,-0.0108777678025419));
#13567=CARTESIAN_POINT('',(0.0130098006289821,-0.007,-0.0111105591720619));
#13568=CARTESIAN_POINT('',(0.0127387191518688,-0.007,-0.0113450993939804));
#13569=CARTESIAN_POINT('',(0.0125166775557478,-0.007,-0.0111308257988992));
#13570=CARTESIAN_POINT('',(0.0125717614755552,-0.007,-0.0111796504757374));
#13571=CARTESIAN_POINT('',(0.0126403899836318,-0.007,-0.0112404806552243));
#13572=CARTESIAN_POINT('',(0.0126488799678295,-0.007,-0.0112488343745477));
#13573=CARTESIAN_POINT('',(0.0126623291033971,-0.007,-0.0112619413460837));
#13574=CARTESIAN_POINT('',(0.0126783854900041,-0.007,-0.0112784301349631));
#13575=CARTESIAN_POINT('',(0.0126993830450872,-0.007,-0.0113007665243304));
#13576=CARTESIAN_POINT('',(0.0127242573655397,-0.007,-0.0113283528861793));
#13577=CARTESIAN_POINT('',(0.0127530700205217,-0.007,-0.0113616049564013));
#13578=CARTESIAN_POINT('',(0.0127855203267212,-0.007,-0.0114006103660627));
#13579=CARTESIAN_POINT('',(0.0128214125437328,-0.007,-0.0114455493677072));
#13580=CARTESIAN_POINT('',(0.0128605132264493,-0.007,-0.0114965659938558));
#13581=CARTESIAN_POINT('',(0.0129025941071664,-0.007,-0.0115538064137529));
#13582=CARTESIAN_POINT('',(0.0129474196395301,-0.007,-0.0116174074232781));
#13583=CARTESIAN_POINT('',(0.0129947508549725,-0.007,-0.011687499637311));
#13584=CARTESIAN_POINT('',(0.013044344476788,-0.007,-0.0117642064108385));
#13585=CARTESIAN_POINT('',(0.013095953411406,-0.007,-0.0118476440019351));
#13586=CARTESIAN_POINT('',(0.0131493268478397,-0.007,-0.0119379213893042));
#13587=CARTESIAN_POINT('',(0.0132042104801095,-0.007,-0.0120351401818683));
#13588=CARTESIAN_POINT('',(0.0132603466711998,-0.007,-0.012139394561048));
#13589=CARTESIAN_POINT('',(0.0133174747433437,-0.007,-0.0122507710165106));
#13590=CARTESIAN_POINT('',(0.0133753308217349,-0.007,-0.0123693489394894));
#13591=CARTESIAN_POINT('',(0.0134336494144948,-0.007,-0.0124951979028421));
#13592=CARTESIAN_POINT('',(0.013492158278219,-0.007,-0.0126283878064839));
#13593=CARTESIAN_POINT('',(0.013550599263809,-0.007,-0.0127689492844751));
#13594=CARTESIAN_POINT('',(0.0136086488454796,-0.007,-0.0129170262085748));
#13595=CARTESIAN_POINT('',(0.0136580085232892,-0.007,-0.0130501296681667));
#13596=CARTESIAN_POINT('',(0.0136874790593033,-0.007,-0.0131347961596931));
#13597=CARTESIAN_POINT('',(0.0136983761259152,-0.007,-0.0131664152871219));
#13598=CARTESIAN_POINT('',(0.0111308257988992,-0.007,-0.0125166775557478));
#13599=CARTESIAN_POINT('',(0.0111796504757373,-0.007,-0.0125717614755552));
#13600=CARTESIAN_POINT('',(0.0112404806552243,-0.007,-0.0126403899836318));
#13601=CARTESIAN_POINT('',(0.0112488343745477,-0.007,-0.0126488799678295));
#13602=CARTESIAN_POINT('',(0.0112619413460837,-0.007,-0.0126623291033971));
#13603=CARTESIAN_POINT('',(0.0112784301349631,-0.007,-0.0126783854900041));
#13604=CARTESIAN_POINT('',(0.0113007665243304,-0.007,-0.0126993830450872));
#13605=CARTESIAN_POINT('',(0.0113283528861793,-0.007,-0.0127242573655397));
#13606=CARTESIAN_POINT('',(0.0113616049564013,-0.007,-0.0127530700205217));
#13607=CARTESIAN_POINT('',(0.0114006103660627,-0.007,-0.0127855203267213));
#13608=CARTESIAN_POINT('',(0.0114455493677072,-0.007,-0.0128214125437328));
#13609=CARTESIAN_POINT('',(0.0114965659938558,-0.007,-0.0128605132264493));
#13610=CARTESIAN_POINT('',(0.0115538064137529,-0.007,-0.0129025941071664));
#13611=CARTESIAN_POINT('',(0.011617407423278,-0.007,-0.0129474196395301));
#13612=CARTESIAN_POINT('',(0.011687499637311,-0.007,-0.0129947508549725));
#13613=CARTESIAN_POINT('',(0.0117642064108385,-0.007,-0.013044344476788));
#13614=CARTESIAN_POINT('',(0.0118476440019351,-0.007,-0.013095953411406));
#13615=CARTESIAN_POINT('',(0.0119379213893042,-0.007,-0.0131493268478397));
#13616=CARTESIAN_POINT('',(0.0120351401818683,-0.007,-0.0132042104801095));
#13617=CARTESIAN_POINT('',(0.012139394561048,-0.007,-0.0132603466711998));
#13618=CARTESIAN_POINT('',(0.0122507710165106,-0.007,-0.0133174747433437));
#13619=CARTESIAN_POINT('',(0.0123693489394894,-0.007,-0.0133753308217349));
#13620=CARTESIAN_POINT('',(0.0124951979028421,-0.007,-0.0134336494144948));
#13621=CARTESIAN_POINT('',(0.0126283878064839,-0.007,-0.0134921582782191));
#13622=CARTESIAN_POINT('',(0.0127689492844751,-0.007,-0.013550599263809));
#13623=CARTESIAN_POINT('',(0.0129170262085748,-0.007,-0.0136086488454796));
#13624=CARTESIAN_POINT('',(0.0130501296681667,-0.007,-0.0136580085232892));
#13625=CARTESIAN_POINT('',(0.0131347961596931,-0.007,-0.0136874790593033));
#13626=CARTESIAN_POINT('',(0.0131664152871219,-0.007,-0.0136983761259152));
#13627=CARTESIAN_POINT('',(0.0113450993939804,-0.007,-0.0127387191518688));
#13628=CARTESIAN_POINT('',(0.0111105591720619,-0.007,-0.0130098006289821));
#13629=CARTESIAN_POINT('',(0.0108777678025419,-0.007,-0.0127372158509614));
#13630=CARTESIAN_POINT('',(6.28886958956737E-16,-0.007,-7.51755363528713E-16));
#13631=CARTESIAN_POINT('',(0.0106548043658214,-0.007,-0.0129243043884796));
#13632=CARTESIAN_POINT('',(0.0108828241714755,-0.007,-0.0132008929839802));
#13633=CARTESIAN_POINT('',(0.0105751335489906,-0.007,-0.0133847972084189));
#13634=CARTESIAN_POINT('',(0.0103936734829474,-0.007,-0.0131352217921844));
#13635=CARTESIAN_POINT('',(0.0104394422380819,-0.007,-0.0131928699347662));
#13636=CARTESIAN_POINT('',(0.0104964650750983,-0.007,-0.0132646931825056));
#13637=CARTESIAN_POINT('',(0.0105033754692219,-0.007,-0.0132743942603461));
#13638=CARTESIAN_POINT('',(0.0105143442804783,-0.007,-0.0132896375254158));
#13639=CARTESIAN_POINT('',(0.0105272934863533,-0.007,-0.0133086639748163));
#13640=CARTESIAN_POINT('',(0.0105440933680842,-0.007,-0.0133343072114151));
#13641=CARTESIAN_POINT('',(0.0105637994702532,-0.007,-0.0133657938548586));
#13642=CARTESIAN_POINT('',(0.0105864002348666,-0.007,-0.0134035440164483));
#13643=CARTESIAN_POINT('',(0.0106115843296928,-0.007,-0.0134475917828285));
#13644=CARTESIAN_POINT('',(0.0106391276875368,-0.007,-0.0134980806781371));
#13645=CARTESIAN_POINT('',(0.0106687753988626,-0.007,-0.0135551120094001));
#13646=CARTESIAN_POINT('',(0.0107002772818424,-0.007,-0.0136187900869516));
#13647=CARTESIAN_POINT('',(0.0107333776142453,-0.007,-0.0136892087262392));
#13648=CARTESIAN_POINT('',(0.010767818376937,-0.007,-0.013766455061353));
#13649=CARTESIAN_POINT('',(0.0108033385687631,-0.007,-0.0138506083286836));
#13650=CARTESIAN_POINT('',(0.0108396746620568,-0.007,-0.013941740112736));
#13651=CARTESIAN_POINT('',(0.0108765607322603,-0.007,-0.0140399141837113));
#13652=CARTESIAN_POINT('',(0.0109137286926694,-0.007,-0.0141451864470942));
#13653=CARTESIAN_POINT('',(0.0109509084659214,-0.007,-0.0142576049152799));
#13654=CARTESIAN_POINT('',(0.0109878283157572,-0.007,-0.0143772094977439));
#13655=CARTESIAN_POINT('',(0.011024214590079,-0.007,-0.0145040325582091));
#13656=CARTESIAN_POINT('',(0.0110597937492262,-0.007,-0.0146380965103843));
#13657=CARTESIAN_POINT('',(0.0110942855477907,-0.007,-0.0147794229176767));
#13658=CARTESIAN_POINT('',(0.0111274304389901,-0.007,-0.014927997121626));
#13659=CARTESIAN_POINT('',(0.0111588848290539,-0.007,-0.015083904628593));
#13660=CARTESIAN_POINT('',(0.0111843814492477,-0.007,-0.0152235571656538));
#13661=CARTESIAN_POINT('',(0.0111987020796368,-0.007,-0.015312054887803));
#13662=CARTESIAN_POINT('',(0.0112039429914639,-0.007,-0.0153450859053974));
#13663=CARTESIAN_POINT('',(0.00878822529618405,-0.007,-0.0142593687147612));
#13664=CARTESIAN_POINT('',(0.00882674299417929,-0.007,-0.0143220941022119));
#13665=CARTESIAN_POINT('',(0.00887473181119163,-0.007,-0.0144002430388585));
#13666=CARTESIAN_POINT('',(0.00888148434846349,-0.007,-0.0144100546492566));
#13667=CARTESIAN_POINT('',(0.00889205677776809,-0.007,-0.0144255754639568));
#13668=CARTESIAN_POINT('',(0.00890550690262014,-0.007,-0.0144442511661136));
#13669=CARTESIAN_POINT('',(0.00892385776486775,-0.007,-0.0144688083944631));
#13670=CARTESIAN_POINT('',(0.00894670564747665,-0.007,-0.0144980951395591));
#13671=CARTESIAN_POINT('',(0.00897444927900362,-0.007,-0.0145322442269679));
#13672=CARTESIAN_POINT('',(0.00900722717231123,-0.007,-0.0145709747584078));
#13673=CARTESIAN_POINT('',(0.0090452508314669,-0.007,-0.0146141252677352));
#13674=CARTESIAN_POINT('',(0.00908870263813132,-0.007,-0.0146614908673839));
#13675=CARTESIAN_POINT('',(0.00913776617918054,-0.007,-0.0147128721395718));
#13676=CARTESIAN_POINT('',(0.00919261707445237,-0.007,-0.0147680608707783));
#13677=CARTESIAN_POINT('',(0.00925342545094951,-0.007,-0.0148268444039409));
#13678=CARTESIAN_POINT('',(0.00932035503417574,-0.007,-0.0148890045786425));
#13679=CARTESIAN_POINT('',(0.00939356322333263,-0.007,-0.0149543182432219));
#13680=CARTESIAN_POINT('',(0.00947320089436287,-0.007,-0.0150225573210278));
#13681=CARTESIAN_POINT('',(0.00955941227229105,-0.007,-0.0150934890137643));
#13682=CARTESIAN_POINT('',(0.00965233484590873,-0.007,-0.015166875952933));
#13683=CARTESIAN_POINT('',(0.00975209905712993,-0.007,-0.0152424764398211));
#13684=CARTESIAN_POINT('',(0.0098588289124359,-0.007,-0.0153200443946164));
#13685=CARTESIAN_POINT('',(0.00997263902989738,-0.007,-0.0153993304400586));
#13686=CARTESIAN_POINT('',(0.0100936455220637,-0.007,-0.0154800786067252));
#13687=CARTESIAN_POINT('',(0.0102219233847155,-0.007,-0.0155620399869311));
#13688=CARTESIAN_POINT('',(0.0103576704835396,-0.007,-0.0156449209530439));
#13689=CARTESIAN_POINT('',(0.0104801805843967,-0.007,-0.0157166439196364));
#13690=CARTESIAN_POINT('',(0.0105584432967984,-0.007,-0.0157603689139514));
#13691=CARTESIAN_POINT('',(0.0105876898028747,-0.007,-0.0157765910334933));
#13692=CARTESIAN_POINT('',(0.00896068647535319,-0.007,-0.0145152452194204));
#13693=CARTESIAN_POINT('',(0.00868263664191459,-0.007,-0.0147414808776538));
#13694=CARTESIAN_POINT('',(0.00850071574634006,-0.007,-0.0144326134778122));
#13695=CARTESIAN_POINT('',(4.88791804020764E-16,-0.007,-8.49539584752923E-16));
#13696=CARTESIAN_POINT('',(0.00824865204161702,-0.007,-0.014578142525587));
#13697=CARTESIAN_POINT('',(0.00842517860849344,-0.007,-0.0148901243425546));
#13698=CARTESIAN_POINT('',(0.00809022786450207,-0.007,-0.0150178047327137));
#13699=CARTESIAN_POINT('',(0.00795486290082025,-0.007,-0.014740510718057));
#13700=CARTESIAN_POINT('',(0.00798992583081719,-0.007,-0.0148052307167416));
#13701=CARTESIAN_POINT('',(0.00803361038672567,-0.007,-0.0148858647196951));
#13702=CARTESIAN_POINT('',(0.00803873122194653,-0.007,-0.0148966183937116));
#13703=CARTESIAN_POINT('',(0.00804688642711207,-0.007,-0.0149135347934192));
#13704=CARTESIAN_POINT('',(0.00805633499718733,-0.007,-0.0149345207943035));
#13705=CARTESIAN_POINT('',(0.00806842674966067,-0.007,-0.014962691721366));
#13706=CARTESIAN_POINT('',(0.00808236587360357,-0.007,-0.014997121940676));
#13707=CARTESIAN_POINT('',(0.00809806803505219,-0.007,-0.0150382231740761));
#13708=CARTESIAN_POINT('',(0.00811522071252734,-0.007,-0.0150859749280829));
#13709=CARTESIAN_POINT('',(0.00813357832021334,-0.007,-0.0151404796375203));
#13710=CARTESIAN_POINT('',(0.00815287222944238,-0.007,-0.0152017928057564));
#13711=CARTESIAN_POINT('',(0.00817283794591121,-0.007,-0.0152699737147985));
#13712=CARTESIAN_POINT('',(0.00819320734150277,-0.007,-0.0153450703491275));
#13713=CARTESIAN_POINT('',(0.00821371118629724,-0.007,-0.0154271237145182));
#13714=CARTESIAN_POINT('',(0.00823407868507937,-0.007,-0.0155161665212076));
#13715=CARTESIAN_POINT('',(0.00825403788324095,-0.007,-0.0156122235050722));
#13716=CARTESIAN_POINT('',(0.00827331582263658,-0.007,-0.0157153112901856));
#13717=CARTESIAN_POINT('',(0.00829163878151572,-0.007,-0.0158254383799349));
#13718=CARTESIAN_POINT('',(0.00830873244833299,-0.007,-0.0159426051588572));
#13719=CARTESIAN_POINT('',(0.00832432228490588,-0.007,-0.0160668037436073));
#13720=CARTESIAN_POINT('',(0.00833813317662526,-0.007,-0.0161980184870422));
#13721=CARTESIAN_POINT('',(0.00834989184741305,-0.007,-0.0163362239626927));
#13722=CARTESIAN_POINT('',(0.0083593185649722,-0.007,-0.0164813927422648));
#13723=CARTESIAN_POINT('',(0.00836616027103391,-0.007,-0.0166334653201674));
#13724=CARTESIAN_POINT('',(0.00837006374376565,-0.007,-0.0167924662392955));
#13725=CARTESIAN_POINT('',(0.00837092260444098,-0.007,-0.0169344245821541));
#13726=CARTESIAN_POINT('',(0.0083696582040973,-0.007,-0.0170240645764207));
#13727=CARTESIAN_POINT('',(0.00836908371868567,-0.007,-0.0170575038534256));
#13728=CARTESIAN_POINT('',(0.00617859901490094,-0.007,-0.0155687961709653));
#13729=CARTESIAN_POINT('',(0.00620563939329057,-0.007,-0.0156372571469023));
#13730=CARTESIAN_POINT('',(0.00623932873190692,-0.007,-0.0157225519962241));
#13731=CARTESIAN_POINT('',(0.00624427491469915,-0.007,-0.0157333871120055));
#13732=CARTESIAN_POINT('',(0.00625199156385788,-0.007,-0.0157505080137377));
#13733=CARTESIAN_POINT('',(0.00626199434944499,-0.007,-0.0157712355796845));
#13734=CARTESIAN_POINT('',(0.00627580210290946,-0.007,-0.0157986063223435));
#13735=CARTESIAN_POINT('',(0.0062932172849269,-0.007,-0.0158314156291532));
#13736=CARTESIAN_POINT('',(0.00631460950155383,-0.007,-0.0158698635462482));
#13737=CARTESIAN_POINT('',(0.00634016393880598,-0.007,-0.015913697495329));
#13738=CARTESIAN_POINT('',(0.00637011692583026,-0.007,-0.0159627951905818));
#13739=CARTESIAN_POINT('',(0.00640468365185267,-0.007,-0.0160169865273855));
#13740=CARTESIAN_POINT('',(0.00644407954318655,-0.007,-0.0160761069970888));
#13741=CARTESIAN_POINT('',(0.00648851370750815,-0.007,-0.0161399820454673));
#13742=CARTESIAN_POINT('',(0.0065381906147201,-0.007,-0.0162084317884409));
#13743=CARTESIAN_POINT('',(0.00659330938612678,-0.007,-0.0162812698105748));
#13744=CARTESIAN_POINT('',(0.00665406377956151,-0.007,-0.0163583036824676));
#13745=CARTESIAN_POINT('',(0.00672064198391726,-0.007,-0.0164393349917973));
#13746=CARTESIAN_POINT('',(0.00679322645811627,-0.007,-0.0165241595214099));
#13747=CARTESIAN_POINT('',(0.00687199382079361,-0.007,-0.016612567383646));
#13748=CARTESIAN_POINT('',(0.00695711450269855,-0.007,-0.0167043432027397));
#13749=CARTESIAN_POINT('',(0.00704875335768618,-0.007,-0.016799266170884));
#13750=CARTESIAN_POINT('',(0.00714706656642802,-0.007,-0.0168971106026384));
#13751=CARTESIAN_POINT('',(0.0072522129260866,-0.007,-0.0169976445800637));
#13752=CARTESIAN_POINT('',(0.0073643095154541,-0.007,-0.0171006359998227));
#13753=CARTESIAN_POINT('',(0.00748360218209629,-0.007,-0.017205830054162));
#13754=CARTESIAN_POINT('',(0.00759179651679696,-0.007,-0.0172977370434909));
#13755=CARTESIAN_POINT('',(0.00766127747716068,-0.007,-0.0173543879342806));
#13756=CARTESIAN_POINT('',(0.00768726272159678,-0.007,-0.017375442205859));
#13757=CARTESIAN_POINT('',(0.00630400763249849,-0.007,-0.0158507329060484));
#13758=CARTESIAN_POINT('',(0.00599089659102889,-0.007,-0.0160252486894073));
#13759=CARTESIAN_POINT('',(0.00586537374375538,-0.007,-0.0156894834473945));
#13760=CARTESIAN_POINT('',(3.33844957460206E-16,-0.007,-9.21510975582187E-16));
#13761=CARTESIAN_POINT('',(0.0170509143397461,-0.012,-0.000502559513275769));
#13762=CARTESIAN_POINT('',(0.0170509143397461,-0.00700000000000001,-0.000502559513275769));
#13763=CARTESIAN_POINT('',(0.0172647199831814,-0.012,-0.000536934150549749));
#13764=CARTESIAN_POINT('',(0.0172647199831814,-0.00700000000000001,-0.000536934150549749));
#13765=CARTESIAN_POINT('',(0.0178768683070005,-0.012,-0.000706023662133441));
#13766=CARTESIAN_POINT('',(0.0178768683070005,-0.00700000000000001,-0.000706023662133441));
#13767=CARTESIAN_POINT('',(0.0185892777502748,-0.012,-0.00106023662011957));
#13768=CARTESIAN_POINT('',(0.0185892777502748,-0.00700000000000001,-0.00106023662011957));
#13769=CARTESIAN_POINT('',(0.0189567735215604,-0.012,-0.00128091281993229));
#13770=CARTESIAN_POINT('',(0.0189567735215604,-0.00700000000000001,-0.00128091281993229));
#13771=CARTESIAN_POINT('',(0.0170509143398552,-0.012,-0.000502559513293319));
#13772=CARTESIAN_POINT('',(0.0170509143397461,-0.012,0.00050255951327577));
#13773=CARTESIAN_POINT('',(0.0170509143397461,-0.007,0.00050255951327577));
#13774=CARTESIAN_POINT('',(0.0172647199831814,-0.012,0.00053693415054975));
#13775=CARTESIAN_POINT('',(0.0172647199831814,-0.007,0.00053693415054975));
#13776=CARTESIAN_POINT('',(0.0178768683070005,-0.012,0.000706023662133442));
#13777=CARTESIAN_POINT('',(0.0178768683070005,-0.00700000000000001,0.000706023662133442));
#13778=CARTESIAN_POINT('',(0.0185892777502748,-0.012,0.00106023662011957));
#13779=CARTESIAN_POINT('',(0.0185892777502748,-0.00700000000000001,0.00106023662011957));
#13780=CARTESIAN_POINT('',(0.0189567735215604,-0.012,0.00128091281993229));
#13781=CARTESIAN_POINT('',(0.0189567735215604,-0.00700000000000001,0.00128091281993229));
#13782=CARTESIAN_POINT('',(0.0170509143398552,-0.007,0.000502559513293319));
#13783=CARTESIAN_POINT('',(9.80118763926896E-16,-0.012,-1.46367293285543E-18));
#13784=CARTESIAN_POINT('',(0.0167493677879571,-0.012,0.000145529047774775));
#13785=CARTESIAN_POINT('',(0.0167493677879571,-0.012,-0.000145529047774776));
#13786=CARTESIAN_POINT('',(0.017107815250408,-0.0095,-0.000148643464900734));
#13787=CARTESIAN_POINT('',(0.017107815250408,-0.0095,0.000148643464900733));
#13788=CARTESIAN_POINT('',(0.0167046040940795,-0.012,-0.00345578470767586));
#13789=CARTESIAN_POINT('',(0.0167046040940795,-0.00700000000000001,-0.00345578470767586));
#13790=CARTESIAN_POINT('',(0.0169091924562517,-0.012,-0.0035267640773277));
#13791=CARTESIAN_POINT('',(0.0169091924562517,-0.00700000000000001,-0.0035267640773277));
#13792=CARTESIAN_POINT('',(0.0174826787859931,-0.012,-0.00379958318018145));
#13793=CARTESIAN_POINT('',(0.0174826787859931,-0.00700000000000001,-0.00379958318018145));
#13794=CARTESIAN_POINT('',(0.0181227566943887,-0.012,-0.00427212344900082));
#13795=CARTESIAN_POINT('',(0.0181227566943887,-0.00700000000000001,-0.00427212344900082));
#13796=CARTESIAN_POINT('',(0.0184463493591977,-0.012,-0.00455326205246573));
#13797=CARTESIAN_POINT('',(0.0184463493591977,-0.00700000000000001,-0.00455326205246573));
#13798=CARTESIAN_POINT('',(0.0167046040941839,-0.012,-0.0034557847077121));
#13799=CARTESIAN_POINT('',(0.0168791411813785,-0.012,-0.00246593569762782));
#13800=CARTESIAN_POINT('',(0.0168791411813785,-0.00700000000000002,-0.00246593569762782));
#13801=CARTESIAN_POINT('',(0.0170956677297919,-0.012,-0.00246921024869087));
#13802=CARTESIAN_POINT('',(0.0170956677297919,-0.00700000000000002,-0.00246921024869087));
#13803=CARTESIAN_POINT('',(0.0177278782306316,-0.012,-0.00240898802762326));
#13804=CARTESIAN_POINT('',(0.0177278782306316,-0.00700000000000001,-0.00240898802762326));
#13805=CARTESIAN_POINT('',(0.0184909730083474,-0.012,-0.00218386496195841));
#13806=CARTESIAN_POINT('',(0.0184909730083474,-0.00700000000000002,-0.00218386496195841));
#13807=CARTESIAN_POINT('',(0.0188912057130606,-0.012,-0.00203035630046163));
#13808=CARTESIAN_POINT('',(0.0188912057130606,-0.00700000000000002,-0.00203035630046163));
#13809=CARTESIAN_POINT('',(0.016879141181489,-0.007,-0.0024659356976295));
#13810=CARTESIAN_POINT('',(9.64974393450458E-16,-0.012,-1.7163727370522E-16));
#13811=CARTESIAN_POINT('',(0.0165201781095768,-0.012,-0.00276517905891484));
#13812=CARTESIAN_POINT('',(0.0164696364016894,-0.012,-0.00305181532798901));
#13813=CARTESIAN_POINT('',(0.0168220974289002,-0.0095,-0.00311712617876472));
#13814=CARTESIAN_POINT('',(0.0168737207625045,-0.0095,-0.00282435570542704));
#13815=CARTESIAN_POINT('',(0.0158507329059518,-0.012,-0.00630400763244465));
#13816=CARTESIAN_POINT('',(0.0158507329059518,-0.00700000000000002,-0.00630400763244465));
#13817=CARTESIAN_POINT('',(0.0160398876730029,-0.012,-0.00640943506224474));
#13818=CARTESIAN_POINT('',(0.0160398876730029,-0.00700000000000002,-0.00640943506224474));
#13819=CARTESIAN_POINT('',(0.0165572869167359,-0.012,-0.00677769428598149));
#13820=CARTESIAN_POINT('',(0.0165572869167359,-0.00700000000000001,-0.00677769428598149));
#13821=CARTESIAN_POINT('',(0.0171055848469002,-0.012,-0.00735420396868298));
#13822=CARTESIAN_POINT('',(0.0171055848469002,-0.00700000000000002,-0.00735420396868298));
#13823=CARTESIAN_POINT('',(0.0173754422058591,-0.012,-0.00768726272159677));
#13824=CARTESIAN_POINT('',(0.0173754422058591,-0.00700000000000002,-0.00768726272159677));
#13825=CARTESIAN_POINT('',(0.0158507329060484,-0.012,-0.00630400763249849));
#13826=CARTESIAN_POINT('',(0.0161945038594723,-0.012,-0.00535950470018267));
#13827=CARTESIAN_POINT('',(0.0161945038594723,-0.00699999999999999,-0.00535950470018267));
#13828=CARTESIAN_POINT('',(0.016407172263258,-0.012,-0.00540032894400568));
#13829=CARTESIAN_POINT('',(0.016407172263258,-0.00699999999999999,-0.00540032894400568));
#13830=CARTESIAN_POINT('',(0.0170402355449643,-0.012,-0.0054508038351674));
#13831=CARTESIAN_POINT('',(0.0170402355449643,-0.00699999999999999,-0.0054508038351674));
#13832=CARTESIAN_POINT('',(0.017830829408445,-0.012,-0.00536161091225625));
#13833=CARTESIAN_POINT('',(0.017830829408445,-0.00699999999999998,-0.00536161091225625));
#13834=CARTESIAN_POINT('',(0.0182516381783809,-0.012,-0.00527993407207588));
#13835=CARTESIAN_POINT('',(0.0182516381783809,-0.00699999999999998,-0.00527993407207588));
#13836=CARTESIAN_POINT('',(0.0161945038595808,-0.007,-0.0053595047002035));
#13837=CARTESIAN_POINT('',(9.20509764329633E-16,-0.012,-3.36595762768703E-16));
#13838=CARTESIAN_POINT('',(0.0157890311789505,-0.012,-0.00559186859914746));
#13839=CARTESIAN_POINT('',(0.0156894834473945,-0.012,-0.00586537374375537));
#13840=CARTESIAN_POINT('',(0.0160252486894073,-0.0095,-0.00599089659102888));
#13841=CARTESIAN_POINT('',(0.0161269268077468,-0.0095,-0.00571153825683835));
#13842=CARTESIAN_POINT('',(0.0145152452193346,-0.012,-0.00896068647528342));
#13843=CARTESIAN_POINT('',(0.0145152452193346,-0.00700000000000002,-0.00896068647528342));
#13844=CARTESIAN_POINT('',(0.0146832190193851,-0.012,-0.00909735860612621));
#13845=CARTESIAN_POINT('',(0.0146832190193851,-0.00700000000000002,-0.00909735860612621));
#13846=CARTESIAN_POINT('',(0.0151288102629046,-0.012,-0.00954986858058072));
#13847=CARTESIAN_POINT('',(0.0151288102629046,-0.00700000000000002,-0.00954986858058072));
#13848=CARTESIAN_POINT('',(0.015568668459683,-0.012,-0.0102128307221836));
#13849=CARTESIAN_POINT('',(0.015568668459683,-0.00700000000000002,-0.0102128307221836));
#13850=CARTESIAN_POINT('',(0.0157765910334933,-0.012,-0.0105876898028747));
#13851=CARTESIAN_POINT('',(0.0157765910334933,-0.00700000000000002,-0.0105876898028747));
#13852=CARTESIAN_POINT('',(0.0145152452194204,-0.012,-0.0089606864753532));
#13853=CARTESIAN_POINT('',(0.0150178047326104,-0.012,-0.0080902278644627));
#13854=CARTESIAN_POINT('',(0.0150178047326104,-0.00699999999999997,-0.0080902278644627));
#13855=CARTESIAN_POINT('',(0.0152201531699348,-0.012,-0.00816736137705519));
#13856=CARTESIAN_POINT('',(0.0152201531699348,-0.00699999999999997,-0.00816736137705519));
#13857=CARTESIAN_POINT('',(0.0158348339250381,-0.012,-0.00832699972641985));
#13858=CARTESIAN_POINT('',(0.0158348339250381,-0.00699999999999997,-0.00832699972641985));
#13859=CARTESIAN_POINT('',(0.0166289050798027,-0.012,-0.00837644702809121));
#13860=CARTESIAN_POINT('',(0.0166289050798027,-0.00699999999999997,-0.00837644702809121));
#13861=CARTESIAN_POINT('',(0.0170575038534256,-0.012,-0.00836908371868568));
#13862=CARTESIAN_POINT('',(0.0170575038534256,-0.00699999999999997,-0.00836908371868568));
#13863=CARTESIAN_POINT('',(0.0150178047327137,-0.007,-0.00809022786450208));
#13864=CARTESIAN_POINT('',(8.48075911820067E-16,-0.012,-4.91326959906133E-16));
#13865=CARTESIAN_POINT('',(0.014578142525587,-0.012,-0.00824865204161703));
#13866=CARTESIAN_POINT('',(0.0144326134778122,-0.012,-0.00850071574634006));
#13867=CARTESIAN_POINT('',(0.0147414808776538,-0.0095,-0.0086826366419146));
#13868=CARTESIAN_POINT('',(0.0148901243425545,-0.0095,-0.00842517860849345));
#13869=CARTESIAN_POINT('',(0.00345578470767586,-0.012,0.0167046040940795));
#13870=CARTESIAN_POINT('',(0.00345578470767586,-0.00699999999999997,0.0167046040940795));
#13871=CARTESIAN_POINT('',(0.0035267640773277,-0.012,0.0169091924562517));
#13872=CARTESIAN_POINT('',(0.0035267640773277,-0.00699999999999997,0.0169091924562517));
#13873=CARTESIAN_POINT('',(0.00379958318018146,-0.012,0.0174826787859931));
#13874=CARTESIAN_POINT('',(0.00379958318018146,-0.00699999999999997,0.0174826787859931));
#13875=CARTESIAN_POINT('',(0.00427212344900082,-0.012,0.0181227566943887));
#13876=CARTESIAN_POINT('',(0.00427212344900082,-0.00699999999999997,0.0181227566943887));
#13877=CARTESIAN_POINT('',(0.00455326205246573,-0.012,0.0184463493591977));
#13878=CARTESIAN_POINT('',(0.00455326205246573,-0.00699999999999997,0.0184463493591977));
#13879=CARTESIAN_POINT('',(0.0034557847077121,-0.012,0.0167046040941839));
#13880=CARTESIAN_POINT('',(0.00246593569762782,-0.012,0.0168791411813785));
#13881=CARTESIAN_POINT('',(0.00246593569762782,-0.007,0.0168791411813785));
#13882=CARTESIAN_POINT('',(0.00246921024869087,-0.012,0.0170956677297919));
#13883=CARTESIAN_POINT('',(0.00246921024869087,-0.007,0.0170956677297919));
#13884=CARTESIAN_POINT('',(0.00240898802762326,-0.012,0.0177278782306316));
#13885=CARTESIAN_POINT('',(0.00240898802762326,-0.007,0.0177278782306316));
#13886=CARTESIAN_POINT('',(0.00218386496195841,-0.012,0.0184909730083474));
#13887=CARTESIAN_POINT('',(0.00218386496195841,-0.007,0.0184909730083474));
#13888=CARTESIAN_POINT('',(0.00203035630046163,-0.012,0.0188912057130606));
#13889=CARTESIAN_POINT('',(0.00203035630046163,-0.007,0.0188912057130606));
#13890=CARTESIAN_POINT('',(0.0024659356976295,-0.007,0.016879141181489));
#13891=CARTESIAN_POINT('',(1.7163727370522E-16,-0.012,9.64974393450458E-16));
#13892=CARTESIAN_POINT('',(0.00276517905891485,-0.012,0.0165201781095768));
#13893=CARTESIAN_POINT('',(0.00305181532798901,-0.012,0.0164696364016894));
#13894=CARTESIAN_POINT('',(0.00311712617876472,-0.0095,0.0168220974289002));
#13895=CARTESIAN_POINT('',(0.00282435570542704,-0.0095,0.0168737207625045));
#13896=CARTESIAN_POINT('',(0.00630400763244466,-0.012,0.0158507329059518));
#13897=CARTESIAN_POINT('',(0.00630400763244466,-0.007,0.0158507329059518));
#13898=CARTESIAN_POINT('',(0.00640943506224479,-0.012,0.016039887673003));
#13899=CARTESIAN_POINT('',(0.00640943506224479,-0.007,0.016039887673003));
#13900=CARTESIAN_POINT('',(0.00677769428598147,-0.012,0.0165572869167355));
#13901=CARTESIAN_POINT('',(0.00677769428598147,-0.007,0.0165572869167355));
#13902=CARTESIAN_POINT('',(0.00735420396868298,-0.012,0.0171055848469008));
#13903=CARTESIAN_POINT('',(0.00735420396868298,-0.007,0.0171055848469008));
#13904=CARTESIAN_POINT('',(0.00768726272159677,-0.012,0.017375442205859));
#13905=CARTESIAN_POINT('',(0.00768726272159677,-0.007,0.017375442205859));
#13906=CARTESIAN_POINT('',(0.00630400763249849,-0.012,0.0158507329060484));
#13907=CARTESIAN_POINT('',(0.00535950470018267,-0.012,0.0161945038594723));
#13908=CARTESIAN_POINT('',(0.00535950470018267,-0.00700000000000002,0.0161945038594723));
#13909=CARTESIAN_POINT('',(0.00540032894400568,-0.012,0.016407172263258));
#13910=CARTESIAN_POINT('',(0.00540032894400568,-0.00700000000000002,0.016407172263258));
#13911=CARTESIAN_POINT('',(0.00545080383516741,-0.012,0.0170402355449643));
#13912=CARTESIAN_POINT('',(0.00545080383516741,-0.00700000000000002,0.0170402355449643));
#13913=CARTESIAN_POINT('',(0.00536161091225628,-0.012,0.017830829408445));
#13914=CARTESIAN_POINT('',(0.00536161091225628,-0.00700000000000002,0.017830829408445));
#13915=CARTESIAN_POINT('',(0.00527993407207589,-0.012,0.0182516381783809));
#13916=CARTESIAN_POINT('',(0.00527993407207589,-0.00700000000000002,0.0182516381783809));
#13917=CARTESIAN_POINT('',(0.00535950470020351,-0.007,0.0161945038595808));
#13918=CARTESIAN_POINT('',(3.36595762768703E-16,-0.012,9.20509764329633E-16));
#13919=CARTESIAN_POINT('',(0.00559186859914746,-0.012,0.0157890311789505));
#13920=CARTESIAN_POINT('',(0.00586537374375537,-0.012,0.0156894834473944));
#13921=CARTESIAN_POINT('',(0.00599089659102889,-0.0095,0.0160252486894073));
#13922=CARTESIAN_POINT('',(0.00571153825683835,-0.0095,0.0161269268077468));
#13923=CARTESIAN_POINT('',(0.0113450993938968,-0.012,0.0127387191517964));
#13924=CARTESIAN_POINT('',(0.0113450993938968,-0.00700000000000002,0.0127387191517964));
#13925=CARTESIAN_POINT('',(0.011508863512246,-0.012,0.0128804081859303));
#13926=CARTESIAN_POINT('',(0.011508863512246,-0.00700000000000002,0.0128804081859303));
#13927=CARTESIAN_POINT('',(0.0120318749508257,-0.012,0.0132406523647827));
#13928=CARTESIAN_POINT('',(0.0120318749508257,-0.00700000000000002,0.0132406523647827));
#13929=CARTESIAN_POINT('',(0.0127611457821323,-0.012,0.0135587059594443));
#13930=CARTESIAN_POINT('',(0.0127611457821323,-0.00700000000000002,0.0135587059594443));
#13931=CARTESIAN_POINT('',(0.0131664152871219,-0.012,0.0136983761259152));
#13932=CARTESIAN_POINT('',(0.0131664152871219,-0.00700000000000002,0.0136983761259152));
#13933=CARTESIAN_POINT('',(0.0113450993939804,-0.012,0.0127387191518688));
#13934=CARTESIAN_POINT('',(0.0105751335489338,-0.012,0.013384797208324));
#13935=CARTESIAN_POINT('',(0.0105751335489338,-0.00699999999999998,0.013384797208324));
#13936=CARTESIAN_POINT('',(0.0106862326675471,-0.012,0.0135706774243122));
#13937=CARTESIAN_POINT('',(0.0106862326675471,-0.00699999999999998,0.0135706774243122));
#13938=CARTESIAN_POINT('',(0.0109501839446502,-0.012,0.0141482988891126));
#13939=CARTESIAN_POINT('',(0.0109501839446502,-0.00699999999999999,0.0141482988891126));
#13940=CARTESIAN_POINT('',(0.0111367690396643,-0.012,0.0149217198849417));
#13941=CARTESIAN_POINT('',(0.0111367690396643,-0.00699999999999998,0.0149217198849417));
#13942=CARTESIAN_POINT('',(0.0112039429914639,-0.012,0.0153450859053974));
#13943=CARTESIAN_POINT('',(0.0112039429914639,-0.00699999999999998,0.0153450859053974));
#13944=CARTESIAN_POINT('',(0.0105751335489906,-0.007,0.0133847972084189));
#13945=CARTESIAN_POINT('',(6.31129435990253E-16,-0.012,7.49873701876967E-16));
#13946=CARTESIAN_POINT('',(0.0106548043658214,-0.012,0.0129243043884796));
#13947=CARTESIAN_POINT('',(0.0108777678025419,-0.012,0.0127372158509614));
#13948=CARTESIAN_POINT('',(0.0111105591720619,-0.0095,0.0130098006289821));
#13949=CARTESIAN_POINT('',(0.0108828241714755,-0.0095,0.0132008929839802));
#13950=CARTESIAN_POINT('',(0.00896068647528341,-0.012,0.0145152452193346));
#13951=CARTESIAN_POINT('',(0.00896068647528341,-0.007,0.0145152452193346));
#13952=CARTESIAN_POINT('',(0.0090973586061262,-0.012,0.014683219019385));
#13953=CARTESIAN_POINT('',(0.0090973586061262,-0.007,0.014683219019385));
#13954=CARTESIAN_POINT('',(0.00954986858058071,-0.012,0.0151288102629047));
#13955=CARTESIAN_POINT('',(0.00954986858058071,-0.00700000000000001,0.0151288102629047));
#13956=CARTESIAN_POINT('',(0.0102128307221836,-0.012,0.015568668459683));
#13957=CARTESIAN_POINT('',(0.0102128307221836,-0.007,0.015568668459683));
#13958=CARTESIAN_POINT('',(0.0105876898028747,-0.012,0.0157765910334933));
#13959=CARTESIAN_POINT('',(0.0105876898028747,-0.007,0.0157765910334933));
#13960=CARTESIAN_POINT('',(0.00896068647535319,-0.012,0.0145152452194204));
#13961=CARTESIAN_POINT('',(0.0080902278644627,-0.012,0.0150178047326104));
#13962=CARTESIAN_POINT('',(0.0080902278644627,-0.00700000000000002,0.0150178047326104));
#13963=CARTESIAN_POINT('',(0.0081673613770552,-0.012,0.0152201531699348));
#13964=CARTESIAN_POINT('',(0.0081673613770552,-0.00700000000000002,0.0152201531699348));
#13965=CARTESIAN_POINT('',(0.00832699972641978,-0.012,0.0158348339250381));
#13966=CARTESIAN_POINT('',(0.00832699972641978,-0.00700000000000002,0.0158348339250381));
#13967=CARTESIAN_POINT('',(0.00837644702809134,-0.012,0.0166289050798027));
#13968=CARTESIAN_POINT('',(0.00837644702809134,-0.00700000000000002,0.0166289050798027));
#13969=CARTESIAN_POINT('',(0.00836908371868567,-0.012,0.0170575038534256));
#13970=CARTESIAN_POINT('',(0.00836908371868567,-0.00700000000000002,0.0170575038534256));
#13971=CARTESIAN_POINT('',(0.00809022786450207,-0.007,0.0150178047327137));
#13972=CARTESIAN_POINT('',(4.91326959906133E-16,-0.012,8.48075911820067E-16));
#13973=CARTESIAN_POINT('',(0.00824865204161702,-0.012,0.014578142525587));
#13974=CARTESIAN_POINT('',(0.00850071574634005,-0.012,0.0144326134778122));
#13975=CARTESIAN_POINT('',(0.00868263664191459,-0.0095,0.0147414808776538));
#13976=CARTESIAN_POINT('',(0.00842517860849344,-0.0095,0.0148901243425546));
#13977=CARTESIAN_POINT('',(0.0150178047326104,-0.012,0.0080902278644627));
#13978=CARTESIAN_POINT('',(0.0150178047326104,-0.007,0.0080902278644627));
#13979=CARTESIAN_POINT('',(0.0152201531699348,-0.012,0.00816736137705514));
#13980=CARTESIAN_POINT('',(0.0152201531699348,-0.007,0.00816736137705514));
#13981=CARTESIAN_POINT('',(0.0158348339250381,-0.012,0.00832699972641986));
#13982=CARTESIAN_POINT('',(0.0158348339250381,-0.00700000000000001,0.00832699972641986));
#13983=CARTESIAN_POINT('',(0.0166289050798027,-0.012,0.00837644702809121));
#13984=CARTESIAN_POINT('',(0.0166289050798027,-0.007,0.00837644702809121));
#13985=CARTESIAN_POINT('',(0.0170575038534257,-0.012,0.00836908371868567));
#13986=CARTESIAN_POINT('',(0.0170575038534257,-0.007,0.00836908371868567));
#13987=CARTESIAN_POINT('',(0.0150178047327137,-0.012,0.00809022786450207));
#13988=CARTESIAN_POINT('',(0.0145152452193346,-0.012,0.00896068647528341));
#13989=CARTESIAN_POINT('',(0.0145152452193346,-0.007,0.00896068647528341));
#13990=CARTESIAN_POINT('',(0.014683219019385,-0.012,0.0090973586061262));
#13991=CARTESIAN_POINT('',(0.014683219019385,-0.007,0.0090973586061262));
#13992=CARTESIAN_POINT('',(0.0151288102629047,-0.012,0.00954986858058083));
#13993=CARTESIAN_POINT('',(0.0151288102629047,-0.007,0.00954986858058083));
#13994=CARTESIAN_POINT('',(0.015568668459683,-0.012,0.0102128307221833));
#13995=CARTESIAN_POINT('',(0.015568668459683,-0.007,0.0102128307221833));
#13996=CARTESIAN_POINT('',(0.0157765910334933,-0.012,0.0105876898028747));
#13997=CARTESIAN_POINT('',(0.0157765910334933,-0.007,0.0105876898028747));
#13998=CARTESIAN_POINT('',(0.0145152452194204,-0.007,0.00896068647535319));
#13999=CARTESIAN_POINT('',(8.49539584752923E-16,-0.012,4.88791804020763E-16));
#14000=CARTESIAN_POINT('',(0.0144326134778122,-0.012,0.00850071574634005));
#14001=CARTESIAN_POINT('',(0.014578142525587,-0.012,0.00824865204161702));
#14002=CARTESIAN_POINT('',(0.0148901243425546,-0.0095,0.00842517860849344));
#14003=CARTESIAN_POINT('',(0.0147414808776538,-0.0095,0.00868263664191459));
#14004=CARTESIAN_POINT('',(0.013384797208324,-0.012,0.0105751335489338));
#14005=CARTESIAN_POINT('',(0.013384797208324,-0.007,0.0105751335489338));
#14006=CARTESIAN_POINT('',(0.0135706774243122,-0.012,0.0106862326675471));
#14007=CARTESIAN_POINT('',(0.0135706774243122,-0.007,0.0106862326675471));
#14008=CARTESIAN_POINT('',(0.0141482988891126,-0.012,0.0109501839446502));
#14009=CARTESIAN_POINT('',(0.0141482988891126,-0.007,0.0109501839446502));
#14010=CARTESIAN_POINT('',(0.0149217198849417,-0.012,0.0111367690396643));
#14011=CARTESIAN_POINT('',(0.0149217198849417,-0.007,0.0111367690396643));
#14012=CARTESIAN_POINT('',(0.0153450859053974,-0.012,0.0112039429914639));
#14013=CARTESIAN_POINT('',(0.0153450859053974,-0.007,0.0112039429914639));
#14014=CARTESIAN_POINT('',(0.0133847972084189,-0.012,0.0105751335489906));
#14015=CARTESIAN_POINT('',(0.0127387191517964,-0.012,0.0113450993938968));
#14016=CARTESIAN_POINT('',(0.0127387191517964,-0.00699999999999999,0.0113450993938968));
#14017=CARTESIAN_POINT('',(0.0128804081859303,-0.012,0.011508863512246));
#14018=CARTESIAN_POINT('',(0.0128804081859303,-0.00699999999999999,0.011508863512246));
#14019=CARTESIAN_POINT('',(0.0132406523647828,-0.012,0.0120318749508258));
#14020=CARTESIAN_POINT('',(0.0132406523647828,-0.007,0.0120318749508258));
#14021=CARTESIAN_POINT('',(0.0135587059594443,-0.012,0.012761145782132));
#14022=CARTESIAN_POINT('',(0.0135587059594443,-0.00699999999999999,0.012761145782132));
#14023=CARTESIAN_POINT('',(0.0136983761259152,-0.012,0.0131664152871219));
#14024=CARTESIAN_POINT('',(0.0136983761259152,-0.00699999999999999,0.0131664152871219));
#14025=CARTESIAN_POINT('',(0.0127387191518688,-0.007,0.0113450993939804));
#14026=CARTESIAN_POINT('',(7.51755363528713E-16,-0.012,6.28886958956737E-16));
#14027=CARTESIAN_POINT('',(0.0127372158509614,-0.012,0.0108777678025419));
#14028=CARTESIAN_POINT('',(0.0129243043884796,-0.012,0.0106548043658214));
#14029=CARTESIAN_POINT('',(0.0132008929839802,-0.0095,0.0108828241714755));
#14030=CARTESIAN_POINT('',(0.0130098006289821,-0.0095,0.0111105591720619));
#14031=CARTESIAN_POINT('',(0.0161945038594723,-0.012,0.00535950470018266));
#14032=CARTESIAN_POINT('',(0.0161945038594723,-0.00699999999999999,0.00535950470018266));
#14033=CARTESIAN_POINT('',(0.016407172263258,-0.012,0.00540032894400566));
#14034=CARTESIAN_POINT('',(0.016407172263258,-0.00699999999999999,0.00540032894400566));
#14035=CARTESIAN_POINT('',(0.0170402355449643,-0.012,0.00545080383516736));
#14036=CARTESIAN_POINT('',(0.0170402355449643,-0.00699999999999999,0.00545080383516736));
#14037=CARTESIAN_POINT('',(0.017830829408445,-0.012,0.00536161091225639));
#14038=CARTESIAN_POINT('',(0.017830829408445,-0.00699999999999999,0.00536161091225639));
#14039=CARTESIAN_POINT('',(0.0182516381783809,-0.012,0.00527993407207588));
#14040=CARTESIAN_POINT('',(0.0182516381783809,-0.00699999999999999,0.00527993407207588));
#14041=CARTESIAN_POINT('',(0.0161945038595809,-0.012,0.00535950470020351));
#14042=CARTESIAN_POINT('',(0.0158507329059518,-0.012,0.00630400763244466));
#14043=CARTESIAN_POINT('',(0.0158507329059518,-0.007,0.00630400763244466));
#14044=CARTESIAN_POINT('',(0.016039887673003,-0.012,0.00640943506224479));
#14045=CARTESIAN_POINT('',(0.016039887673003,-0.007,0.00640943506224479));
#14046=CARTESIAN_POINT('',(0.0165572869167358,-0.012,0.00677769428598147));
#14047=CARTESIAN_POINT('',(0.0165572869167358,-0.007,0.00677769428598147));
#14048=CARTESIAN_POINT('',(0.0171055848469002,-0.012,0.00735420396868298));
#14049=CARTESIAN_POINT('',(0.0171055848469002,-0.007,0.00735420396868298));
#14050=CARTESIAN_POINT('',(0.0173754422058591,-0.012,0.00768726272159677));
#14051=CARTESIAN_POINT('',(0.0173754422058591,-0.007,0.00768726272159677));
#14052=CARTESIAN_POINT('',(0.0158507329060484,-0.007,0.00630400763249849));
#14053=CARTESIAN_POINT('',(9.21510975582187E-16,-0.012,3.33844957460206E-16));
#14054=CARTESIAN_POINT('',(0.0156894834473945,-0.012,0.00586537374375537));
#14055=CARTESIAN_POINT('',(0.0157890311789505,-0.012,0.00559186859914746));
#14056=CARTESIAN_POINT('',(0.0161269268077468,-0.0095,0.00571153825683835));
#14057=CARTESIAN_POINT('',(0.0160252486894073,-0.0095,0.00599089659102888));
#14058=CARTESIAN_POINT('',(0.0168791411813785,-0.012,0.00246593569762782));
#14059=CARTESIAN_POINT('',(0.0168791411813785,-0.00700000000000002,0.00246593569762782));
#14060=CARTESIAN_POINT('',(0.0170956677297919,-0.012,0.00246921024869087));
#14061=CARTESIAN_POINT('',(0.0170956677297919,-0.00700000000000002,0.00246921024869087));
#14062=CARTESIAN_POINT('',(0.0177278782306316,-0.012,0.00240898802762326));
#14063=CARTESIAN_POINT('',(0.0177278782306316,-0.00700000000000001,0.00240898802762326));
#14064=CARTESIAN_POINT('',(0.0184909730083474,-0.012,0.00218386496195841));
#14065=CARTESIAN_POINT('',(0.0184909730083474,-0.00700000000000002,0.00218386496195841));
#14066=CARTESIAN_POINT('',(0.0188912057130606,-0.012,0.00203035630046163));
#14067=CARTESIAN_POINT('',(0.0188912057130606,-0.00700000000000002,0.00203035630046163));
#14068=CARTESIAN_POINT('',(0.016879141181489,-0.012,0.0024659356976295));
#14069=CARTESIAN_POINT('',(0.0167046040940795,-0.012,0.00345578470767586));
#14070=CARTESIAN_POINT('',(0.0167046040940795,-0.00700000000000001,0.00345578470767586));
#14071=CARTESIAN_POINT('',(0.0169091924562517,-0.012,0.0035267640773277));
#14072=CARTESIAN_POINT('',(0.0169091924562517,-0.00700000000000001,0.0035267640773277));
#14073=CARTESIAN_POINT('',(0.0174826787859931,-0.012,0.00379958318018146));
#14074=CARTESIAN_POINT('',(0.0174826787859931,-0.00700000000000001,0.00379958318018146));
#14075=CARTESIAN_POINT('',(0.0181227566943887,-0.012,0.00427212344900082));
#14076=CARTESIAN_POINT('',(0.0181227566943887,-0.00700000000000001,0.00427212344900082));
#14077=CARTESIAN_POINT('',(0.0184463493591977,-0.012,0.00455326205246573));
#14078=CARTESIAN_POINT('',(0.0184463493591977,-0.00700000000000001,0.00455326205246573));
#14079=CARTESIAN_POINT('',(0.0167046040941839,-0.007,0.0034557847077121));
#14080=CARTESIAN_POINT('',(9.6548272172544E-16,-0.012,1.68754400800919E-16));
#14081=CARTESIAN_POINT('',(0.0164696364016894,-0.012,0.00305181532798901));
#14082=CARTESIAN_POINT('',(0.0165201781095768,-0.012,0.00276517905891484));
#14083=CARTESIAN_POINT('',(0.0168737207625045,-0.0095,0.00282435570542704));
#14084=CARTESIAN_POINT('',(0.0168220974289002,-0.0095,0.00311712617876472));
#14085=CARTESIAN_POINT('',(-0.0127387191517964,-0.012,0.0113450993938968));
#14086=CARTESIAN_POINT('',(-0.0127387191517964,-0.007,0.0113450993938968));
#14087=CARTESIAN_POINT('',(-0.0128804081859303,-0.012,0.011508863512246));
#14088=CARTESIAN_POINT('',(-0.0128804081859303,-0.007,0.011508863512246));
#14089=CARTESIAN_POINT('',(-0.0132406523647827,-0.012,0.0120318749508257));
#14090=CARTESIAN_POINT('',(-0.0132406523647827,-0.00700000000000001,0.0120318749508257));
#14091=CARTESIAN_POINT('',(-0.0135587059594443,-0.012,0.0127611457821323));
#14092=CARTESIAN_POINT('',(-0.0135587059594443,-0.007,0.0127611457821323));
#14093=CARTESIAN_POINT('',(-0.0136983761259152,-0.012,0.0131664152871219));
#14094=CARTESIAN_POINT('',(-0.0136983761259152,-0.007,0.0131664152871219));
#14095=CARTESIAN_POINT('',(-0.0127387191518688,-0.012,0.0113450993939804));
#14096=CARTESIAN_POINT('',(-0.013384797208324,-0.012,0.0105751335489339));
#14097=CARTESIAN_POINT('',(-0.013384797208324,-0.007,0.0105751335489339));
#14098=CARTESIAN_POINT('',(-0.0135706774243122,-0.012,0.0106862326675471));
#14099=CARTESIAN_POINT('',(-0.0135706774243122,-0.007,0.0106862326675471));
#14100=CARTESIAN_POINT('',(-0.0141482988891126,-0.012,0.0109501839446502));
#14101=CARTESIAN_POINT('',(-0.0141482988891126,-0.00700000000000001,0.0109501839446502));
#14102=CARTESIAN_POINT('',(-0.0149217198849417,-0.012,0.0111367690396643));
#14103=CARTESIAN_POINT('',(-0.0149217198849417,-0.007,0.0111367690396643));
#14104=CARTESIAN_POINT('',(-0.0153450859053974,-0.012,0.0112039429914639));
#14105=CARTESIAN_POINT('',(-0.0153450859053974,-0.007,0.0112039429914639));
#14106=CARTESIAN_POINT('',(-0.0133847972084189,-0.007,0.0105751335489906));
#14107=CARTESIAN_POINT('',(-7.49873701876967E-16,-0.012,6.31129435990253E-16));
#14108=CARTESIAN_POINT('',(-0.0129243043884796,-0.012,0.0106548043658214));
#14109=CARTESIAN_POINT('',(-0.0127372158509614,-0.012,0.0108777678025419));
#14110=CARTESIAN_POINT('',(-0.0130098006289821,-0.0095,0.0111105591720619));
#14111=CARTESIAN_POINT('',(-0.0132008929839802,-0.0095,0.0108828241714755));
#14112=CARTESIAN_POINT('',(-0.0105751335489339,-0.012,0.013384797208324));
#14113=CARTESIAN_POINT('',(-0.0105751335489339,-0.00700000000000002,0.013384797208324));
#14114=CARTESIAN_POINT('',(-0.0106862326675471,-0.012,0.0135706774243123));
#14115=CARTESIAN_POINT('',(-0.0106862326675471,-0.00700000000000002,0.0135706774243123));
#14116=CARTESIAN_POINT('',(-0.0109501839446502,-0.012,0.0141482988891125));
#14117=CARTESIAN_POINT('',(-0.0109501839446502,-0.00700000000000002,0.0141482988891125));
#14118=CARTESIAN_POINT('',(-0.0111367690396643,-0.012,0.0149217198849417));
#14119=CARTESIAN_POINT('',(-0.0111367690396643,-0.00700000000000002,0.0149217198849417));
#14120=CARTESIAN_POINT('',(-0.0112039429914639,-0.012,0.0153450859053975));
#14121=CARTESIAN_POINT('',(-0.0112039429914639,-0.00700000000000002,0.0153450859053975));
#14122=CARTESIAN_POINT('',(-0.0105751335489906,-0.012,0.0133847972084189));
#14123=CARTESIAN_POINT('',(-0.0113450993938968,-0.012,0.0127387191517964));
#14124=CARTESIAN_POINT('',(-0.0113450993938968,-0.00700000000000002,0.0127387191517964));
#14125=CARTESIAN_POINT('',(-0.011508863512246,-0.012,0.0128804081859303));
#14126=CARTESIAN_POINT('',(-0.011508863512246,-0.00700000000000007,0.0128804081859303));
#14127=CARTESIAN_POINT('',(-0.0120318749508257,-0.012,0.0132406523647828));
#14128=CARTESIAN_POINT('',(-0.0120318749508257,-0.007,0.0132406523647828));
#14129=CARTESIAN_POINT('',(-0.0127611457821323,-0.012,0.0135587059594443));
#14130=CARTESIAN_POINT('',(-0.0127611457821323,-0.00700000000000002,0.0135587059594443));
#14131=CARTESIAN_POINT('',(-0.0131664152871219,-0.012,0.0136983761259152));
#14132=CARTESIAN_POINT('',(-0.0131664152871219,-0.00700000000000002,0.0136983761259152));
#14133=CARTESIAN_POINT('',(-0.0113450993939804,-0.007,0.0127387191518688));
#14134=CARTESIAN_POINT('',(-6.28886958956738E-16,-0.012,7.51755363528713E-16));
#14135=CARTESIAN_POINT('',(-0.0108777678025419,-0.012,0.0127372158509614));
#14136=CARTESIAN_POINT('',(-0.0106548043658214,-0.012,0.0129243043884796));
#14137=CARTESIAN_POINT('',(-0.0108828241714755,-0.0095,0.0132008929839802));
#14138=CARTESIAN_POINT('',(-0.0111105591720619,-0.0095,0.0130098006289821));
#14139=CARTESIAN_POINT('',(-0.0145152452193346,-0.012,0.00896068647528341));
#14140=CARTESIAN_POINT('',(-0.0145152452193346,-0.007,0.00896068647528341));
#14141=CARTESIAN_POINT('',(-0.014683219019385,-0.012,0.00909735860612614));
#14142=CARTESIAN_POINT('',(-0.014683219019385,-0.007,0.00909735860612614));
#14143=CARTESIAN_POINT('',(-0.0151288102629047,-0.012,0.00954986858058085));
#14144=CARTESIAN_POINT('',(-0.0151288102629047,-0.00700000000000001,0.00954986858058085));
#14145=CARTESIAN_POINT('',(-0.015568668459683,-0.012,0.0102128307221833));
#14146=CARTESIAN_POINT('',(-0.015568668459683,-0.007,0.0102128307221833));
#14147=CARTESIAN_POINT('',(-0.0157765910334933,-0.012,0.0105876898028747));
#14148=CARTESIAN_POINT('',(-0.0157765910334933,-0.007,0.0105876898028747));
#14149=CARTESIAN_POINT('',(-0.0145152452194204,-0.012,0.00896068647535319));
#14150=CARTESIAN_POINT('',(-0.0150178047326104,-0.012,0.00809022786446269));
#14151=CARTESIAN_POINT('',(-0.0150178047326104,-0.00699999999999999,0.00809022786446269));
#14152=CARTESIAN_POINT('',(-0.0152201531699349,-0.0120000000000001,0.00816736137705523));
#14153=CARTESIAN_POINT('',(-0.0152201531699349,-0.00700000000000003,0.00816736137705523));
#14154=CARTESIAN_POINT('',(-0.0158348339250381,-0.012,0.00832699972641982));
#14155=CARTESIAN_POINT('',(-0.0158348339250381,-0.00699999999999996,0.00832699972641982));
#14156=CARTESIAN_POINT('',(-0.0166289050798027,-0.012,0.0083764470280912));
#14157=CARTESIAN_POINT('',(-0.0166289050798027,-0.00699999999999998,0.0083764470280912));
#14158=CARTESIAN_POINT('',(-0.0170575038534256,-0.012,0.00836908371868567));
#14159=CARTESIAN_POINT('',(-0.0170575038534256,-0.00699999999999998,0.00836908371868567));
#14160=CARTESIAN_POINT('',(-0.0150178047327137,-0.007,0.00809022786450207));
#14161=CARTESIAN_POINT('',(-8.48075911820067E-16,-0.012,4.91326959906132E-16));
#14162=CARTESIAN_POINT('',(-0.014578142525587,-0.012,0.00824865204161702));
#14163=CARTESIAN_POINT('',(-0.0144326134778122,-0.012,0.00850071574634005));
#14164=CARTESIAN_POINT('',(-0.0147414808776538,-0.0095,0.00868263664191459));
#14165=CARTESIAN_POINT('',(-0.0148901243425546,-0.0095,0.00842517860849344));
#14166=CARTESIAN_POINT('',(-0.0158507329059518,-0.012,0.00630400763244466));
#14167=CARTESIAN_POINT('',(-0.0158507329059518,-0.007,0.00630400763244466));
#14168=CARTESIAN_POINT('',(-0.016039887673003,-0.012,0.00640943506224479));
#14169=CARTESIAN_POINT('',(-0.016039887673003,-0.00700000000000005,0.00640943506224479));
#14170=CARTESIAN_POINT('',(-0.0165572869167355,-0.012,0.00677769428598153));
#14171=CARTESIAN_POINT('',(-0.0165572869167355,-0.00699999999999997,0.00677769428598153));
#14172=CARTESIAN_POINT('',(-0.0171055848469008,-0.012,0.00735420396868286));
#14173=CARTESIAN_POINT('',(-0.0171055848469008,-0.007,0.00735420396868286));
#14174=CARTESIAN_POINT('',(-0.017375442205859,-0.012,0.00768726272159678));
#14175=CARTESIAN_POINT('',(-0.017375442205859,-0.007,0.00768726272159678));
#14176=CARTESIAN_POINT('',(-0.0158507329060484,-0.012,0.00630400763249849));
#14177=CARTESIAN_POINT('',(-0.0161945038594723,-0.012,0.00535950470018267));
#14178=CARTESIAN_POINT('',(-0.0161945038594723,-0.00699999999999998,0.00535950470018267));
#14179=CARTESIAN_POINT('',(-0.016407172263258,-0.012,0.00540032894400568));
#14180=CARTESIAN_POINT('',(-0.016407172263258,-0.00699999999999998,0.00540032894400568));
#14181=CARTESIAN_POINT('',(-0.0170402355449643,-0.012,0.00545080383516741));
#14182=CARTESIAN_POINT('',(-0.0170402355449643,-0.00699999999999999,0.00545080383516741));
#14183=CARTESIAN_POINT('',(-0.017830829408445,-0.012,0.00536161091225628));
#14184=CARTESIAN_POINT('',(-0.017830829408445,-0.00699999999999998,0.00536161091225628));
#14185=CARTESIAN_POINT('',(-0.0182516381783809,-0.012,0.00527993407207589));
#14186=CARTESIAN_POINT('',(-0.0182516381783809,-0.00699999999999998,0.00527993407207589));
#14187=CARTESIAN_POINT('',(-0.0161945038595808,-0.007,0.00535950470020351));
#14188=CARTESIAN_POINT('',(-9.20509764329633E-16,-0.012,3.36595762768703E-16));
#14189=CARTESIAN_POINT('',(-0.0157890311789505,-0.012,0.00559186859914746));
#14190=CARTESIAN_POINT('',(-0.0156894834473944,-0.012,0.00586537374375538));
#14191=CARTESIAN_POINT('',(-0.0160252486894073,-0.0095,0.00599089659102889));
#14192=CARTESIAN_POINT('',(-0.0161269268077468,-0.0095,0.00571153825683835));
#14193=CARTESIAN_POINT('',(-0.00809022786446269,-0.012,0.0150178047326104));
#14194=CARTESIAN_POINT('',(-0.00809022786446269,-0.007,0.0150178047326104));
#14195=CARTESIAN_POINT('',(-0.00816736137705518,-0.012,0.0152201531699349));
#14196=CARTESIAN_POINT('',(-0.00816736137705518,-0.007,0.0152201531699349));
#14197=CARTESIAN_POINT('',(-0.00832699972641984,-0.012,0.0158348339250381));
#14198=CARTESIAN_POINT('',(-0.00832699972641984,-0.007,0.0158348339250381));
#14199=CARTESIAN_POINT('',(-0.0083764470280912,-0.012,0.0166289050798027));
#14200=CARTESIAN_POINT('',(-0.0083764470280912,-0.007,0.0166289050798027));
#14201=CARTESIAN_POINT('',(-0.00836908371868567,-0.012,0.0170575038534256));
#14202=CARTESIAN_POINT('',(-0.00836908371868567,-0.007,0.0170575038534256));
#14203=CARTESIAN_POINT('',(-0.00809022786450207,-0.012,0.0150178047327137));
#14204=CARTESIAN_POINT('',(-0.00896068647528341,-0.012,0.0145152452193346));
#14205=CARTESIAN_POINT('',(-0.00896068647528341,-0.007,0.0145152452193346));
#14206=CARTESIAN_POINT('',(-0.0090973586061262,-0.012,0.014683219019385));
#14207=CARTESIAN_POINT('',(-0.0090973586061262,-0.007,0.014683219019385));
#14208=CARTESIAN_POINT('',(-0.00954986858058083,-0.012,0.0151288102629047));
#14209=CARTESIAN_POINT('',(-0.00954986858058083,-0.007,0.0151288102629047));
#14210=CARTESIAN_POINT('',(-0.0102128307221833,-0.012,0.015568668459683));
#14211=CARTESIAN_POINT('',(-0.0102128307221833,-0.007,0.015568668459683));
#14212=CARTESIAN_POINT('',(-0.0105876898028747,-0.012,0.0157765910334933));
#14213=CARTESIAN_POINT('',(-0.0105876898028747,-0.007,0.0157765910334933));
#14214=CARTESIAN_POINT('',(-0.00896068647535318,-0.007,0.0145152452194204));
#14215=CARTESIAN_POINT('',(-4.88791804020763E-16,-0.012,8.49539584752923E-16));
#14216=CARTESIAN_POINT('',(-0.00850071574634005,-0.012,0.0144326134778122));
#14217=CARTESIAN_POINT('',(-0.00824865204161702,-0.012,0.014578142525587));
#14218=CARTESIAN_POINT('',(-0.00842517860849344,-0.0095,0.0148901243425546));
#14219=CARTESIAN_POINT('',(-0.00868263664191459,-0.0095,0.0147414808776538));
#14220=CARTESIAN_POINT('',(-0.00535950470018266,-0.012,0.0161945038594723));
#14221=CARTESIAN_POINT('',(-0.00535950470018266,-0.00699999999999999,0.0161945038594723));
#14222=CARTESIAN_POINT('',(-0.00540032894400566,-0.012,0.016407172263258));
#14223=CARTESIAN_POINT('',(-0.00540032894400566,-0.00699999999999999,0.016407172263258));
#14224=CARTESIAN_POINT('',(-0.00545080383516736,-0.012,0.0170402355449643));
#14225=CARTESIAN_POINT('',(-0.00545080383516736,-0.00699999999999999,0.0170402355449643));
#14226=CARTESIAN_POINT('',(-0.00536161091225639,-0.012,0.017830829408445));
#14227=CARTESIAN_POINT('',(-0.00536161091225639,-0.00699999999999999,0.017830829408445));
#14228=CARTESIAN_POINT('',(-0.00527993407207588,-0.012,0.0182516381783809));
#14229=CARTESIAN_POINT('',(-0.00527993407207588,-0.00699999999999999,0.0182516381783809));
#14230=CARTESIAN_POINT('',(-0.00535950470020351,-0.012,0.0161945038595809));
#14231=CARTESIAN_POINT('',(-0.00630400763244466,-0.012,0.0158507329059518));
#14232=CARTESIAN_POINT('',(-0.00630400763244466,-0.007,0.0158507329059518));
#14233=CARTESIAN_POINT('',(-0.00640943506224479,-0.012,0.016039887673003));
#14234=CARTESIAN_POINT('',(-0.00640943506224479,-0.007,0.016039887673003));
#14235=CARTESIAN_POINT('',(-0.00677769428598147,-0.012,0.0165572869167358));
#14236=CARTESIAN_POINT('',(-0.00677769428598147,-0.007,0.0165572869167358));
#14237=CARTESIAN_POINT('',(-0.00735420396868298,-0.012,0.0171055848469002));
#14238=CARTESIAN_POINT('',(-0.00735420396868298,-0.007,0.0171055848469002));
#14239=CARTESIAN_POINT('',(-0.00768726272159677,-0.012,0.0173754422058591));
#14240=CARTESIAN_POINT('',(-0.00768726272159677,-0.007,0.0173754422058591));
#14241=CARTESIAN_POINT('',(-0.00630400763249849,-0.007,0.0158507329060484));
#14242=CARTESIAN_POINT('',(-3.33844957460206E-16,-0.012,9.21510975582187E-16));
#14243=CARTESIAN_POINT('',(-0.00586537374375537,-0.012,0.0156894834473945));
#14244=CARTESIAN_POINT('',(-0.00559186859914746,-0.012,0.0157890311789505));
#14245=CARTESIAN_POINT('',(-0.00571153825683835,-0.0095,0.0161269268077468));
#14246=CARTESIAN_POINT('',(-0.00599089659102888,-0.0095,0.0160252486894073));
#14247=CARTESIAN_POINT('',(-0.00246593569762782,-0.012,0.0168791411813785));
#14248=CARTESIAN_POINT('',(-0.00246593569762782,-0.00700000000000001,0.0168791411813785));
#14249=CARTESIAN_POINT('',(-0.00246921024869088,-0.012,0.0170956677297919));
#14250=CARTESIAN_POINT('',(-0.00246921024869088,-0.00700000000000001,0.0170956677297919));
#14251=CARTESIAN_POINT('',(-0.00240898802762325,-0.012,0.0177278782306316));
#14252=CARTESIAN_POINT('',(-0.00240898802762325,-0.007,0.0177278782306316));
#14253=CARTESIAN_POINT('',(-0.00218386496195841,-0.012,0.0184909730083474));
#14254=CARTESIAN_POINT('',(-0.00218386496195841,-0.00700000000000001,0.0184909730083474));
#14255=CARTESIAN_POINT('',(-0.00203035630046163,-0.012,0.0188912057130606));
#14256=CARTESIAN_POINT('',(-0.00203035630046163,-0.00700000000000001,0.0188912057130606));
#14257=CARTESIAN_POINT('',(-0.0024659356976295,-0.012,0.016879141181489));
#14258=CARTESIAN_POINT('',(-0.00345578470767586,-0.012,0.0167046040940795));
#14259=CARTESIAN_POINT('',(-0.00345578470767586,-0.00700000000000001,0.0167046040940795));
#14260=CARTESIAN_POINT('',(-0.0035267640773277,-0.012,0.0169091924562517));
#14261=CARTESIAN_POINT('',(-0.0035267640773277,-0.00700000000000001,0.0169091924562517));
#14262=CARTESIAN_POINT('',(-0.00379958318018145,-0.012,0.0174826787859931));
#14263=CARTESIAN_POINT('',(-0.00379958318018145,-0.00700000000000001,0.0174826787859931));
#14264=CARTESIAN_POINT('',(-0.00427212344900082,-0.012,0.0181227566943887));
#14265=CARTESIAN_POINT('',(-0.00427212344900082,-0.00700000000000001,0.0181227566943887));
#14266=CARTESIAN_POINT('',(-0.00455326205246573,-0.012,0.0184463493591977));
#14267=CARTESIAN_POINT('',(-0.00455326205246573,-0.00700000000000001,0.0184463493591977));
#14268=CARTESIAN_POINT('',(-0.0034557847077121,-0.007,0.0167046040941839));
#14269=CARTESIAN_POINT('',(-1.68754400800919E-16,-0.012,9.6548272172544E-16));
#14270=CARTESIAN_POINT('',(-0.00305181532798901,-0.012,0.0164696364016894));
#14271=CARTESIAN_POINT('',(-0.00276517905891484,-0.012,0.0165201781095768));
#14272=CARTESIAN_POINT('',(-0.00282435570542704,-0.0095,0.0168737207625045));
#14273=CARTESIAN_POINT('',(-0.00311712617876472,-0.0095,0.0168220974289002));
#14274=CARTESIAN_POINT('',(0.00050255951327577,-0.012,0.0170509143397461));
#14275=CARTESIAN_POINT('',(0.00050255951327577,-0.007,0.0170509143397461));
#14276=CARTESIAN_POINT('',(0.000536934150549747,-0.012,0.0172647199831814));
#14277=CARTESIAN_POINT('',(0.000536934150549747,-0.007,0.0172647199831814));
#14278=CARTESIAN_POINT('',(0.000706023662133444,-0.012,0.0178768683070005));
#14279=CARTESIAN_POINT('',(0.000706023662133444,-0.00699999999999999,0.0178768683070005));
#14280=CARTESIAN_POINT('',(0.00106023662011957,-0.012,0.0185892777502748));
#14281=CARTESIAN_POINT('',(0.00106023662011957,-0.007,0.0185892777502748));
#14282=CARTESIAN_POINT('',(0.00128091281993229,-0.012,0.0189567735215604));
#14283=CARTESIAN_POINT('',(0.00128091281993229,-0.007,0.0189567735215604));
#14284=CARTESIAN_POINT('',(0.000502559513293321,-0.012,0.0170509143398552));
#14285=CARTESIAN_POINT('',(-0.000502559513275769,-0.012,0.0170509143397461));
#14286=CARTESIAN_POINT('',(-0.000502559513275769,-0.00700000000000001,0.0170509143397461));
#14287=CARTESIAN_POINT('',(-0.000536934150549749,-0.012,0.0172647199831814));
#14288=CARTESIAN_POINT('',(-0.000536934150549749,-0.00700000000000001,0.0172647199831814));
#14289=CARTESIAN_POINT('',(-0.000706023662133441,-0.012,0.0178768683070005));
#14290=CARTESIAN_POINT('',(-0.000706023662133441,-0.00700000000000001,0.0178768683070005));
#14291=CARTESIAN_POINT('',(-0.00106023662011957,-0.012,0.0185892777502748));
#14292=CARTESIAN_POINT('',(-0.00106023662011957,-0.00700000000000001,0.0185892777502748));
#14293=CARTESIAN_POINT('',(-0.00128091281993229,-0.012,0.0189567735215604));
#14294=CARTESIAN_POINT('',(-0.00128091281993229,-0.00700000000000001,0.0189567735215604));
#14295=CARTESIAN_POINT('',(-0.000502559513293318,-0.007,0.0170509143398552));
#14296=CARTESIAN_POINT('',(1.46367293285549E-18,-0.012,9.80118763926896E-16));
#14297=CARTESIAN_POINT('',(-0.000145529047774774,-0.012,0.0167493677879571));
#14298=CARTESIAN_POINT('',(0.000145529047774777,-0.012,0.0167493677879571));
#14299=CARTESIAN_POINT('',(0.000148643464900735,-0.0095,0.017107815250408));
#14300=CARTESIAN_POINT('',(-0.000148643464900732,-0.0095,0.017107815250408));
#14301=CARTESIAN_POINT('',(-0.0167046040940795,-0.012,0.00345578470767586));
#14302=CARTESIAN_POINT('',(-0.0167046040940795,-0.00700000000000002,0.00345578470767586));
#14303=CARTESIAN_POINT('',(-0.0169091924562516,-0.012,0.00352676407732769));
#14304=CARTESIAN_POINT('',(-0.0169091924562516,-0.00699999999999997,0.00352676407732769));
#14305=CARTESIAN_POINT('',(-0.0174826787859931,-0.012,0.00379958318018145));
#14306=CARTESIAN_POINT('',(-0.0174826787859931,-0.00700000000000004,0.00379958318018145));
#14307=CARTESIAN_POINT('',(-0.0181227566943887,-0.012,0.00427212344900083));
#14308=CARTESIAN_POINT('',(-0.0181227566943887,-0.00700000000000002,0.00427212344900083));
#14309=CARTESIAN_POINT('',(-0.0184463493591977,-0.012,0.00455326205246573));
#14310=CARTESIAN_POINT('',(-0.0184463493591977,-0.00700000000000002,0.00455326205246573));
#14311=CARTESIAN_POINT('',(-0.0167046040941839,-0.012,0.0034557847077121));
#14312=CARTESIAN_POINT('',(-0.0168791411813785,-0.012,0.00246593569762782));
#14313=CARTESIAN_POINT('',(-0.0168791411813785,-0.00700000000000001,0.00246593569762782));
#14314=CARTESIAN_POINT('',(-0.0170956677297919,-0.012,0.00246921024869087));
#14315=CARTESIAN_POINT('',(-0.0170956677297919,-0.00700000000000001,0.00246921024869087));
#14316=CARTESIAN_POINT('',(-0.0177278782306316,-0.012,0.00240898802762329));
#14317=CARTESIAN_POINT('',(-0.0177278782306316,-0.00700000000000001,0.00240898802762329));
#14318=CARTESIAN_POINT('',(-0.0184909730083474,-0.012,0.00218386496195835));
#14319=CARTESIAN_POINT('',(-0.0184909730083474,-0.00700000000000001,0.00218386496195835));
#14320=CARTESIAN_POINT('',(-0.0188912057130606,-0.012,0.00203035630046163));
#14321=CARTESIAN_POINT('',(-0.0188912057130606,-0.00700000000000001,0.00203035630046163));
#14322=CARTESIAN_POINT('',(-0.016879141181489,-0.007,0.00246593569762949));
#14323=CARTESIAN_POINT('',(-9.64974393450458E-16,-0.012,1.7163727370522E-16));
#14324=CARTESIAN_POINT('',(-0.0165201781095768,-0.012,0.00276517905891484));
#14325=CARTESIAN_POINT('',(-0.0164696364016894,-0.012,0.00305181532798901));
#14326=CARTESIAN_POINT('',(-0.0168220974289002,-0.0095,0.00311712617876472));
#14327=CARTESIAN_POINT('',(-0.0168737207625045,-0.0095,0.00282435570542704));
#14328=CARTESIAN_POINT('',(-0.0170509143397461,-0.012,0.000502559513275771));
#14329=CARTESIAN_POINT('',(-0.0170509143397461,-0.00699999999999999,0.000502559513275771));
#14330=CARTESIAN_POINT('',(-0.0172647199831813,-0.012,0.000536934150549748));
#14331=CARTESIAN_POINT('',(-0.0172647199831813,-0.00699999999999999,0.000536934150549748));
#14332=CARTESIAN_POINT('',(-0.0178768683070005,-0.012,0.000706023662133444));
#14333=CARTESIAN_POINT('',(-0.0178768683070005,-0.00699999999999999,0.000706023662133444));
#14334=CARTESIAN_POINT('',(-0.0185892777502748,-0.012,0.00106023662011958));
#14335=CARTESIAN_POINT('',(-0.0185892777502748,-0.00699999999999998,0.00106023662011958));
#14336=CARTESIAN_POINT('',(-0.0189567735215604,-0.012,0.00128091281993229));
#14337=CARTESIAN_POINT('',(-0.0189567735215604,-0.00699999999999998,0.00128091281993229));
#14338=CARTESIAN_POINT('',(-0.0170509143398552,-0.012,0.000502559513293321));
#14339=CARTESIAN_POINT('',(-0.0170509143397461,-0.012,-0.000502559513275768));
#14340=CARTESIAN_POINT('',(-0.0170509143397461,-0.007,-0.000502559513275768));
#14341=CARTESIAN_POINT('',(-0.0172647199831814,-0.012,-0.000536934150549745));
#14342=CARTESIAN_POINT('',(-0.0172647199831814,-0.007,-0.000536934150549745));
#14343=CARTESIAN_POINT('',(-0.0178768683070005,-0.012,-0.000706023662133441));
#14344=CARTESIAN_POINT('',(-0.0178768683070005,-0.007,-0.000706023662133441));
#14345=CARTESIAN_POINT('',(-0.0185892777502748,-0.012,-0.00106023662011957));
#14346=CARTESIAN_POINT('',(-0.0185892777502748,-0.007,-0.00106023662011957));
#14347=CARTESIAN_POINT('',(-0.0189567735215604,-0.012,-0.00128091281993229));
#14348=CARTESIAN_POINT('',(-0.0189567735215604,-0.007,-0.00128091281993229));
#14349=CARTESIAN_POINT('',(-0.0170509143398552,-0.007,-0.000502559513293317));
#14350=CARTESIAN_POINT('',(-9.80118763926896E-16,-0.012,1.46367293285555E-18));
#14351=CARTESIAN_POINT('',(-0.0167493677879571,-0.012,-0.000145529047774773));
#14352=CARTESIAN_POINT('',(-0.0167493677879571,-0.012,0.000145529047774778));
#14353=CARTESIAN_POINT('',(-0.017107815250408,-0.0095,0.000148643464900736));
#14354=CARTESIAN_POINT('',(-0.017107815250408,-0.0095,-0.000148643464900731));
#14355=CARTESIAN_POINT('',(-0.0168791411813785,-0.012,-0.00246593569762782));
#14356=CARTESIAN_POINT('',(-0.0168791411813785,-0.00700000000000002,-0.00246593569762782));
#14357=CARTESIAN_POINT('',(-0.0170956677297919,-0.012,-0.00246921024869086));
#14358=CARTESIAN_POINT('',(-0.0170956677297919,-0.00700000000000002,-0.00246921024869086));
#14359=CARTESIAN_POINT('',(-0.0177278782306316,-0.012,-0.00240898802762327));
#14360=CARTESIAN_POINT('',(-0.0177278782306316,-0.00700000000000002,-0.00240898802762327));
#14361=CARTESIAN_POINT('',(-0.0184909730083474,-0.012,-0.00218386496195841));
#14362=CARTESIAN_POINT('',(-0.0184909730083474,-0.00700000000000001,-0.00218386496195841));
#14363=CARTESIAN_POINT('',(-0.0188912057130606,-0.012,-0.00203035630046163));
#14364=CARTESIAN_POINT('',(-0.0188912057130606,-0.00700000000000002,-0.00203035630046163));
#14365=CARTESIAN_POINT('',(-0.016879141181489,-0.012,-0.0024659356976295));
#14366=CARTESIAN_POINT('',(-0.0167046040940795,-0.012,-0.00345578470767587));
#14367=CARTESIAN_POINT('',(-0.0167046040940795,-0.00700000000000002,-0.00345578470767587));
#14368=CARTESIAN_POINT('',(-0.0169091924562516,-0.012,-0.00352676407732769));
#14369=CARTESIAN_POINT('',(-0.0169091924562516,-0.00700000000000002,-0.00352676407732769));
#14370=CARTESIAN_POINT('',(-0.0174826787859931,-0.012,-0.00379958318018139));
#14371=CARTESIAN_POINT('',(-0.0174826787859931,-0.00700000000000002,-0.00379958318018139));
#14372=CARTESIAN_POINT('',(-0.0181227566943887,-0.012,-0.00427212344900096));
#14373=CARTESIAN_POINT('',(-0.0181227566943887,-0.00700000000000002,-0.00427212344900096));
#14374=CARTESIAN_POINT('',(-0.0184463493591977,-0.012,-0.00455326205246573));
#14375=CARTESIAN_POINT('',(-0.0184463493591977,-0.00700000000000002,-0.00455326205246573));
#14376=CARTESIAN_POINT('',(-0.0167046040941839,-0.007,-0.0034557847077121));
#14377=CARTESIAN_POINT('',(-9.6548272172544E-16,-0.012,-1.6875440080092E-16));
#14378=CARTESIAN_POINT('',(-0.0164696364016894,-0.012,-0.00305181532798901));
#14379=CARTESIAN_POINT('',(-0.0165201781095768,-0.012,-0.00276517905891485));
#14380=CARTESIAN_POINT('',(-0.0168737207625045,-0.0095,-0.00282435570542704));
#14381=CARTESIAN_POINT('',(-0.0168220974289002,-0.0095,-0.00311712617876472));
#14382=CARTESIAN_POINT('',(-0.0161945038594723,-0.012,-0.00535950470018266));
#14383=CARTESIAN_POINT('',(-0.0161945038594723,-0.007,-0.00535950470018266));
#14384=CARTESIAN_POINT('',(-0.016407172263258,-0.012,-0.00540032894400566));
#14385=CARTESIAN_POINT('',(-0.016407172263258,-0.007,-0.00540032894400566));
#14386=CARTESIAN_POINT('',(-0.0170402355449642,-0.012,-0.00545080383516742));
#14387=CARTESIAN_POINT('',(-0.0170402355449642,-0.007,-0.00545080383516742));
#14388=CARTESIAN_POINT('',(-0.017830829408445,-0.012,-0.00536161091225626));
#14389=CARTESIAN_POINT('',(-0.017830829408445,-0.007,-0.00536161091225626));
#14390=CARTESIAN_POINT('',(-0.018251638178381,-0.012,-0.00527993407207588));
#14391=CARTESIAN_POINT('',(-0.018251638178381,-0.007,-0.00527993407207588));
#14392=CARTESIAN_POINT('',(-0.0161945038595809,-0.012,-0.00535950470020351));
#14393=CARTESIAN_POINT('',(-0.0158507329059518,-0.012,-0.00630400763244466));
#14394=CARTESIAN_POINT('',(-0.0158507329059518,-0.007,-0.00630400763244466));
#14395=CARTESIAN_POINT('',(-0.016039887673003,-0.012,-0.00640943506224479));
#14396=CARTESIAN_POINT('',(-0.016039887673003,-0.007,-0.00640943506224479));
#14397=CARTESIAN_POINT('',(-0.0165572869167358,-0.012,-0.00677769428598147));
#14398=CARTESIAN_POINT('',(-0.0165572869167358,-0.007,-0.00677769428598147));
#14399=CARTESIAN_POINT('',(-0.0171055848469002,-0.012,-0.00735420396868298));
#14400=CARTESIAN_POINT('',(-0.0171055848469002,-0.007,-0.00735420396868298));
#14401=CARTESIAN_POINT('',(-0.0173754422058591,-0.012,-0.00768726272159677));
#14402=CARTESIAN_POINT('',(-0.0173754422058591,-0.007,-0.00768726272159677));
#14403=CARTESIAN_POINT('',(-0.0158507329060484,-0.007,-0.00630400763249848));
#14404=CARTESIAN_POINT('',(-9.21510975582187E-16,-0.012,-3.33844957460206E-16));
#14405=CARTESIAN_POINT('',(-0.0156894834473945,-0.012,-0.00586537374375537));
#14406=CARTESIAN_POINT('',(-0.0157890311789505,-0.012,-0.00559186859914746));
#14407=CARTESIAN_POINT('',(-0.0161269268077468,-0.0095,-0.00571153825683835));
#14408=CARTESIAN_POINT('',(-0.0160252486894073,-0.0095,-0.00599089659102888));
#14409=CARTESIAN_POINT('',(-0.0113450993938968,-0.012,-0.0127387191517964));
#14410=CARTESIAN_POINT('',(-0.0113450993938968,-0.007,-0.0127387191517964));
#14411=CARTESIAN_POINT('',(-0.011508863512246,-0.012,-0.0128804081859303));
#14412=CARTESIAN_POINT('',(-0.011508863512246,-0.007,-0.0128804081859303));
#14413=CARTESIAN_POINT('',(-0.0120318749508257,-0.012,-0.0132406523647827));
#14414=CARTESIAN_POINT('',(-0.0120318749508257,-0.00700000000000001,-0.0132406523647827));
#14415=CARTESIAN_POINT('',(-0.0127611457821323,-0.012,-0.0135587059594443));
#14416=CARTESIAN_POINT('',(-0.0127611457821323,-0.007,-0.0135587059594443));
#14417=CARTESIAN_POINT('',(-0.0131664152871219,-0.012,-0.0136983761259152));
#14418=CARTESIAN_POINT('',(-0.0131664152871219,-0.007,-0.0136983761259152));
#14419=CARTESIAN_POINT('',(-0.0113450993939804,-0.012,-0.0127387191518688));
#14420=CARTESIAN_POINT('',(-0.0105751335489339,-0.012,-0.013384797208324));
#14421=CARTESIAN_POINT('',(-0.0105751335489339,-0.007,-0.013384797208324));
#14422=CARTESIAN_POINT('',(-0.0106862326675471,-0.012,-0.0135706774243122));
#14423=CARTESIAN_POINT('',(-0.0106862326675471,-0.007,-0.0135706774243122));
#14424=CARTESIAN_POINT('',(-0.0109501839446502,-0.012,-0.0141482988891126));
#14425=CARTESIAN_POINT('',(-0.0109501839446502,-0.00700000000000001,-0.0141482988891126));
#14426=CARTESIAN_POINT('',(-0.0111367690396643,-0.012,-0.0149217198849417));
#14427=CARTESIAN_POINT('',(-0.0111367690396643,-0.007,-0.0149217198849417));
#14428=CARTESIAN_POINT('',(-0.0112039429914639,-0.012,-0.0153450859053974));
#14429=CARTESIAN_POINT('',(-0.0112039429914639,-0.007,-0.0153450859053974));
#14430=CARTESIAN_POINT('',(-0.0105751335489906,-0.007,-0.0133847972084189));
#14431=CARTESIAN_POINT('',(-6.31129435990253E-16,-0.012,-7.49873701876967E-16));
#14432=CARTESIAN_POINT('',(-0.0106548043658214,-0.012,-0.0129243043884796));
#14433=CARTESIAN_POINT('',(-0.0108777678025419,-0.012,-0.0127372158509614));
#14434=CARTESIAN_POINT('',(-0.0111105591720619,-0.0095,-0.0130098006289821));
#14435=CARTESIAN_POINT('',(-0.0108828241714755,-0.0095,-0.0132008929839802));
#14436=CARTESIAN_POINT('',(-0.00896068647528342,-0.012,-0.0145152452193346));
#14437=CARTESIAN_POINT('',(-0.00896068647528342,-0.00700000000000002,-0.0145152452193346));
#14438=CARTESIAN_POINT('',(-0.00909735860612621,-0.012,-0.0146832190193851));
#14439=CARTESIAN_POINT('',(-0.00909735860612621,-0.00700000000000002,-0.0146832190193851));
#14440=CARTESIAN_POINT('',(-0.00954986858058072,-0.012,-0.0151288102629046));
#14441=CARTESIAN_POINT('',(-0.00954986858058072,-0.00700000000000002,-0.0151288102629046));
#14442=CARTESIAN_POINT('',(-0.0102128307221836,-0.012,-0.015568668459683));
#14443=CARTESIAN_POINT('',(-0.0102128307221836,-0.00700000000000002,-0.015568668459683));
#14444=CARTESIAN_POINT('',(-0.0105876898028747,-0.012,-0.0157765910334933));
#14445=CARTESIAN_POINT('',(-0.0105876898028747,-0.00700000000000002,-0.0157765910334933));
#14446=CARTESIAN_POINT('',(-0.0089606864753532,-0.012,-0.0145152452194204));
#14447=CARTESIAN_POINT('',(-0.0080902278644627,-0.012,-0.0150178047326104));
#14448=CARTESIAN_POINT('',(-0.0080902278644627,-0.00699999999999997,-0.0150178047326104));
#14449=CARTESIAN_POINT('',(-0.00816736137705519,-0.012,-0.0152201531699348));
#14450=CARTESIAN_POINT('',(-0.00816736137705519,-0.00699999999999997,-0.0152201531699348));
#14451=CARTESIAN_POINT('',(-0.00832699972641985,-0.012,-0.0158348339250381));
#14452=CARTESIAN_POINT('',(-0.00832699972641985,-0.00699999999999997,-0.0158348339250381));
#14453=CARTESIAN_POINT('',(-0.00837644702809121,-0.012,-0.0166289050798027));
#14454=CARTESIAN_POINT('',(-0.00837644702809121,-0.00699999999999997,-0.0166289050798027));
#14455=CARTESIAN_POINT('',(-0.00836908371868568,-0.012,-0.0170575038534256));
#14456=CARTESIAN_POINT('',(-0.00836908371868568,-0.00699999999999997,-0.0170575038534256));
#14457=CARTESIAN_POINT('',(-0.00809022786450208,-0.007,-0.0150178047327137));
#14458=CARTESIAN_POINT('',(-4.91326959906133E-16,-0.012,-8.48075911820067E-16));
#14459=CARTESIAN_POINT('',(-0.00824865204161703,-0.012,-0.014578142525587));
#14460=CARTESIAN_POINT('',(-0.00850071574634006,-0.012,-0.0144326134778122));
#14461=CARTESIAN_POINT('',(-0.0086826366419146,-0.0095,-0.0147414808776538));
#14462=CARTESIAN_POINT('',(-0.00842517860849345,-0.0095,-0.0148901243425545));
#14463=CARTESIAN_POINT('',(-0.0150178047326104,-0.012,-0.0080902278644627));
#14464=CARTESIAN_POINT('',(-0.0150178047326104,-0.007,-0.0080902278644627));
#14465=CARTESIAN_POINT('',(-0.0152201531699348,-0.012,-0.0081673613770552));
#14466=CARTESIAN_POINT('',(-0.0152201531699348,-0.007,-0.0081673613770552));
#14467=CARTESIAN_POINT('',(-0.0158348339250381,-0.012,-0.00832699972641978));
#14468=CARTESIAN_POINT('',(-0.0158348339250381,-0.00700000000000001,-0.00832699972641978));
#14469=CARTESIAN_POINT('',(-0.0166289050798027,-0.012,-0.00837644702809134));
#14470=CARTESIAN_POINT('',(-0.0166289050798027,-0.007,-0.00837644702809134));
#14471=CARTESIAN_POINT('',(-0.0170575038534256,-0.012,-0.00836908371868567));
#14472=CARTESIAN_POINT('',(-0.0170575038534256,-0.007,-0.00836908371868567));
#14473=CARTESIAN_POINT('',(-0.0150178047327137,-0.012,-0.00809022786450207));
#14474=CARTESIAN_POINT('',(-0.0145152452193346,-0.012,-0.00896068647528341));
#14475=CARTESIAN_POINT('',(-0.0145152452193346,-0.00699999999999999,-0.00896068647528341));
#14476=CARTESIAN_POINT('',(-0.014683219019385,-0.012,-0.00909735860612622));
#14477=CARTESIAN_POINT('',(-0.014683219019385,-0.00699999999999999,-0.00909735860612622));
#14478=CARTESIAN_POINT('',(-0.0151288102629046,-0.012,-0.00954986858058069));
#14479=CARTESIAN_POINT('',(-0.0151288102629046,-0.00699999999999999,-0.00954986858058069));
#14480=CARTESIAN_POINT('',(-0.0155686684596831,-0.012,-0.0102128307221836));
#14481=CARTESIAN_POINT('',(-0.0155686684596831,-0.00699999999999999,-0.0102128307221836));
#14482=CARTESIAN_POINT('',(-0.0157765910334934,-0.012,-0.0105876898028747));
#14483=CARTESIAN_POINT('',(-0.0157765910334934,-0.00699999999999999,-0.0105876898028747));
#14484=CARTESIAN_POINT('',(-0.0145152452194204,-0.007,-0.00896068647535319));
#14485=CARTESIAN_POINT('',(-8.49539584752923E-16,-0.012,-4.88791804020764E-16));
#14486=CARTESIAN_POINT('',(-0.0144326134778122,-0.012,-0.00850071574634005));
#14487=CARTESIAN_POINT('',(-0.014578142525587,-0.012,-0.00824865204161702));
#14488=CARTESIAN_POINT('',(-0.0148901243425546,-0.0095,-0.00842517860849344));
#14489=CARTESIAN_POINT('',(-0.0147414808776538,-0.0095,-0.00868263664191459));
#14490=CARTESIAN_POINT('',(-0.013384797208324,-0.012,-0.0105751335489339));
#14491=CARTESIAN_POINT('',(-0.013384797208324,-0.007,-0.0105751335489339));
#14492=CARTESIAN_POINT('',(-0.0135706774243122,-0.012,-0.0106862326675471));
#14493=CARTESIAN_POINT('',(-0.0135706774243122,-0.007,-0.0106862326675471));
#14494=CARTESIAN_POINT('',(-0.0141482988891126,-0.012,-0.0109501839446502));
#14495=CARTESIAN_POINT('',(-0.0141482988891126,-0.007,-0.0109501839446502));
#14496=CARTESIAN_POINT('',(-0.0149217198849417,-0.012,-0.0111367690396643));
#14497=CARTESIAN_POINT('',(-0.0149217198849417,-0.007,-0.0111367690396643));
#14498=CARTESIAN_POINT('',(-0.0153450859053974,-0.012,-0.0112039429914639));
#14499=CARTESIAN_POINT('',(-0.0153450859053974,-0.007,-0.0112039429914639));
#14500=CARTESIAN_POINT('',(-0.0133847972084189,-0.012,-0.0105751335489906));
#14501=CARTESIAN_POINT('',(-0.0127387191517964,-0.012,-0.0113450993938968));
#14502=CARTESIAN_POINT('',(-0.0127387191517964,-0.00700000000000002,-0.0113450993938968));
#14503=CARTESIAN_POINT('',(-0.0128804081859303,-0.012,-0.011508863512246));
#14504=CARTESIAN_POINT('',(-0.0128804081859303,-0.00700000000000002,-0.011508863512246));
#14505=CARTESIAN_POINT('',(-0.0132406523647828,-0.012,-0.0120318749508257));
#14506=CARTESIAN_POINT('',(-0.0132406523647828,-0.00700000000000002,-0.0120318749508257));
#14507=CARTESIAN_POINT('',(-0.0135587059594443,-0.012,-0.0127611457821323));
#14508=CARTESIAN_POINT('',(-0.0135587059594443,-0.00700000000000002,-0.0127611457821323));
#14509=CARTESIAN_POINT('',(-0.0136983761259152,-0.012,-0.0131664152871219));
#14510=CARTESIAN_POINT('',(-0.0136983761259152,-0.00700000000000002,-0.0131664152871219));
#14511=CARTESIAN_POINT('',(-0.0127387191518688,-0.007,-0.0113450993939804));
#14512=CARTESIAN_POINT('',(-7.51755363528713E-16,-0.012,-6.28886958956737E-16));
#14513=CARTESIAN_POINT('',(-0.0127372158509614,-0.012,-0.0108777678025419));
#14514=CARTESIAN_POINT('',(-0.0129243043884796,-0.012,-0.0106548043658214));
#14515=CARTESIAN_POINT('',(-0.0132008929839802,-0.0095,-0.0108828241714755));
#14516=CARTESIAN_POINT('',(-0.0130098006289821,-0.0095,-0.0111105591720619));
#14517=CARTESIAN_POINT('',(-0.00630400763244466,-0.012,-0.0158507329059518));
#14518=CARTESIAN_POINT('',(-0.00630400763244466,-0.007,-0.0158507329059518));
#14519=CARTESIAN_POINT('',(-0.00640943506224481,-0.012,-0.0160398876730029));
#14520=CARTESIAN_POINT('',(-0.00640943506224481,-0.007,-0.0160398876730029));
#14521=CARTESIAN_POINT('',(-0.00677769428598145,-0.012,-0.0165572869167359));
#14522=CARTESIAN_POINT('',(-0.00677769428598145,-0.00700000000000001,-0.0165572869167359));
#14523=CARTESIAN_POINT('',(-0.00735420396868298,-0.012,-0.0171055848469002));
#14524=CARTESIAN_POINT('',(-0.00735420396868298,-0.007,-0.0171055848469002));
#14525=CARTESIAN_POINT('',(-0.00768726272159677,-0.012,-0.0173754422058591));
#14526=CARTESIAN_POINT('',(-0.00768726272159677,-0.007,-0.0173754422058591));
#14527=CARTESIAN_POINT('',(-0.00630400763249849,-0.012,-0.0158507329060484));
#14528=CARTESIAN_POINT('',(-0.00535950470018267,-0.012,-0.0161945038594723));
#14529=CARTESIAN_POINT('',(-0.00535950470018267,-0.00700000000000002,-0.0161945038594723));
#14530=CARTESIAN_POINT('',(-0.00540032894400569,-0.012,-0.0164071722632582));
#14531=CARTESIAN_POINT('',(-0.00540032894400569,-0.00700000000000002,-0.0164071722632582));
#14532=CARTESIAN_POINT('',(-0.00545080383516739,-0.012,-0.0170402355449642));
#14533=CARTESIAN_POINT('',(-0.00545080383516739,-0.00700000000000002,-0.0170402355449642));
#14534=CARTESIAN_POINT('',(-0.00536161091225626,-0.012,-0.017830829408445));
#14535=CARTESIAN_POINT('',(-0.00536161091225626,-0.00700000000000002,-0.017830829408445));
#14536=CARTESIAN_POINT('',(-0.00527993407207588,-0.012,-0.0182516381783809));
#14537=CARTESIAN_POINT('',(-0.00527993407207588,-0.00700000000000002,-0.0182516381783809));
#14538=CARTESIAN_POINT('',(-0.0053595047002035,-0.007,-0.0161945038595809));
#14539=CARTESIAN_POINT('',(-3.36595762768703E-16,-0.012,-9.20509764329633E-16));
#14540=CARTESIAN_POINT('',(-0.00559186859914746,-0.012,-0.0157890311789505));
#14541=CARTESIAN_POINT('',(-0.00586537374375537,-0.012,-0.0156894834473945));
#14542=CARTESIAN_POINT('',(-0.00599089659102888,-0.0095,-0.0160252486894073));
#14543=CARTESIAN_POINT('',(-0.00571153825683835,-0.0095,-0.0161269268077468));
#14544=CARTESIAN_POINT('',(-0.00345578470767586,-0.012,-0.0167046040940795));
#14545=CARTESIAN_POINT('',(-0.00345578470767586,-0.00699999999999999,-0.0167046040940795));
#14546=CARTESIAN_POINT('',(-0.0035267640773277,-0.012,-0.0169091924562517));
#14547=CARTESIAN_POINT('',(-0.0035267640773277,-0.00699999999999999,-0.0169091924562517));
#14548=CARTESIAN_POINT('',(-0.00379958318018145,-0.012,-0.0174826787859931));
#14549=CARTESIAN_POINT('',(-0.00379958318018145,-0.00699999999999999,-0.0174826787859931));
#14550=CARTESIAN_POINT('',(-0.00427212344900082,-0.012,-0.0181227566943887));
#14551=CARTESIAN_POINT('',(-0.00427212344900082,-0.00699999999999999,-0.0181227566943887));
#14552=CARTESIAN_POINT('',(-0.00455326205246573,-0.012,-0.0184463493591977));
#14553=CARTESIAN_POINT('',(-0.00455326205246573,-0.00699999999999999,-0.0184463493591977));
#14554=CARTESIAN_POINT('',(-0.0034557847077121,-0.012,-0.0167046040941839));
#14555=CARTESIAN_POINT('',(-0.00246593569762782,-0.012,-0.0168791411813785));
#14556=CARTESIAN_POINT('',(-0.00246593569762782,-0.007,-0.0168791411813785));
#14557=CARTESIAN_POINT('',(-0.00246921024869086,-0.012,-0.0170956677297918));
#14558=CARTESIAN_POINT('',(-0.00246921024869086,-0.007,-0.0170956677297918));
#14559=CARTESIAN_POINT('',(-0.00240898802762327,-0.012,-0.0177278782306317));
#14560=CARTESIAN_POINT('',(-0.00240898802762327,-0.007,-0.0177278782306317));
#14561=CARTESIAN_POINT('',(-0.00218386496195841,-0.012,-0.0184909730083474));
#14562=CARTESIAN_POINT('',(-0.00218386496195841,-0.007,-0.0184909730083474));
#14563=CARTESIAN_POINT('',(-0.00203035630046163,-0.012,-0.0188912057130606));
#14564=CARTESIAN_POINT('',(-0.00203035630046163,-0.007,-0.0188912057130606));
#14565=CARTESIAN_POINT('',(-0.0024659356976295,-0.007,-0.016879141181489));
#14566=CARTESIAN_POINT('',(-1.7163727370522E-16,-0.012,-9.64974393450458E-16));
#14567=CARTESIAN_POINT('',(-0.00276517905891484,-0.012,-0.0165201781095768));
#14568=CARTESIAN_POINT('',(-0.00305181532798901,-0.012,-0.0164696364016894));
#14569=CARTESIAN_POINT('',(-0.00311712617876472,-0.0095,-0.0168220974289002));
#14570=CARTESIAN_POINT('',(-0.00282435570542704,-0.0095,-0.0168737207625045));
#14571=CARTESIAN_POINT('',(-0.000502559513275772,-0.012,-0.0170509143397461));
#14572=CARTESIAN_POINT('',(-0.000502559513275772,-0.00700000000000001,-0.0170509143397461));
#14573=CARTESIAN_POINT('',(-0.000536934150549752,-0.012,-0.0172647199831814));
#14574=CARTESIAN_POINT('',(-0.000536934150549752,-0.00700000000000001,-0.0172647199831814));
#14575=CARTESIAN_POINT('',(-0.000706023662133456,-0.012,-0.0178768683070005));
#14576=CARTESIAN_POINT('',(-0.000706023662133456,-0.00700000000000001,-0.0178768683070005));
#14577=CARTESIAN_POINT('',(-0.00106023662011955,-0.012,-0.0185892777502748));
#14578=CARTESIAN_POINT('',(-0.00106023662011955,-0.00700000000000001,-0.0185892777502748));
#14579=CARTESIAN_POINT('',(-0.0012809128199323,-0.012,-0.0189567735215604));
#14580=CARTESIAN_POINT('',(-0.0012809128199323,-0.00700000000000001,-0.0189567735215604));
#14581=CARTESIAN_POINT('',(-0.000502559513293323,-0.012,-0.0170509143398552));
#14582=CARTESIAN_POINT('',(0.000502559513275767,-0.012,-0.0170509143397461));
#14583=CARTESIAN_POINT('',(0.000502559513275767,-0.00699999999999999,-0.0170509143397461));
#14584=CARTESIAN_POINT('',(0.000536934150549744,-0.012,-0.0172647199831814));
#14585=CARTESIAN_POINT('',(0.000536934150549744,-0.00699999999999999,-0.0172647199831814));
#14586=CARTESIAN_POINT('',(0.000706023662133439,-0.012,-0.0178768683070004));
#14587=CARTESIAN_POINT('',(0.000706023662133439,-0.00699999999999999,-0.0178768683070004));
#14588=CARTESIAN_POINT('',(0.00106023662011957,-0.012,-0.0185892777502749));
#14589=CARTESIAN_POINT('',(0.00106023662011957,-0.00699999999999999,-0.0185892777502749));
#14590=CARTESIAN_POINT('',(0.00128091281993229,-0.012,-0.0189567735215604));
#14591=CARTESIAN_POINT('',(0.00128091281993229,-0.00699999999999999,-0.0189567735215604));
#14592=CARTESIAN_POINT('',(0.000502559513293316,-0.007,-0.0170509143398552));
#14593=CARTESIAN_POINT('',(-1.46367293285561E-18,-0.012,-9.80118763926896E-16));
#14594=CARTESIAN_POINT('',(0.000145529047774772,-0.012,-0.0167493677879571));
#14595=CARTESIAN_POINT('',(-0.000145529047774779,-0.012,-0.0167493677879571));
#14596=CARTESIAN_POINT('',(-0.000148643464900737,-0.0095,-0.017107815250408));
#14597=CARTESIAN_POINT('',(0.00014864346490073,-0.0095,-0.017107815250408));
#14598=CARTESIAN_POINT('',(0.00246593569762781,-0.012,-0.0168791411813785));
#14599=CARTESIAN_POINT('',(0.00246593569762781,-0.00699999999999998,-0.0168791411813785));
#14600=CARTESIAN_POINT('',(0.00246921024869085,-0.012,-0.017095667729792));
#14601=CARTESIAN_POINT('',(0.00246921024869085,-0.00699999999999998,-0.017095667729792));
#14602=CARTESIAN_POINT('',(0.00240898802762327,-0.012,-0.0177278782306316));
#14603=CARTESIAN_POINT('',(0.00240898802762327,-0.00699999999999999,-0.0177278782306316));
#14604=CARTESIAN_POINT('',(0.0021838649619584,-0.012,-0.0184909730083474));
#14605=CARTESIAN_POINT('',(0.0021838649619584,-0.00699999999999998,-0.0184909730083474));
#14606=CARTESIAN_POINT('',(0.00203035630046162,-0.012,-0.0188912057130606));
#14607=CARTESIAN_POINT('',(0.00203035630046162,-0.00699999999999998,-0.0188912057130606));
#14608=CARTESIAN_POINT('',(0.00246593569762949,-0.012,-0.016879141181489));
#14609=CARTESIAN_POINT('',(0.00345578470767586,-0.012,-0.0167046040940795));
#14610=CARTESIAN_POINT('',(0.00345578470767586,-0.007,-0.0167046040940795));
#14611=CARTESIAN_POINT('',(0.0035267640773277,-0.012,-0.0169091924562517));
#14612=CARTESIAN_POINT('',(0.0035267640773277,-0.007,-0.0169091924562517));
#14613=CARTESIAN_POINT('',(0.00379958318018139,-0.012,-0.0174826787859931));
#14614=CARTESIAN_POINT('',(0.00379958318018139,-0.007,-0.0174826787859931));
#14615=CARTESIAN_POINT('',(0.00427212344900094,-0.012,-0.0181227566943887));
#14616=CARTESIAN_POINT('',(0.00427212344900094,-0.007,-0.0181227566943887));
#14617=CARTESIAN_POINT('',(0.00455326205246572,-0.012,-0.0184463493591977));
#14618=CARTESIAN_POINT('',(0.00455326205246572,-0.007,-0.0184463493591977));
#14619=CARTESIAN_POINT('',(0.0034557847077121,-0.007,-0.0167046040941839));
#14620=CARTESIAN_POINT('',(1.68754400800919E-16,-0.012,-9.6548272172544E-16));
#14621=CARTESIAN_POINT('',(0.003051815327989,-0.012,-0.0164696364016894));
#14622=CARTESIAN_POINT('',(0.00276517905891484,-0.012,-0.0165201781095768));
#14623=CARTESIAN_POINT('',(0.00282435570542703,-0.0095,-0.0168737207625045));
#14624=CARTESIAN_POINT('',(0.00311712617876471,-0.0095,-0.0168220974289002));
#14625=CARTESIAN_POINT('',(0.0105751335489338,-0.012,-0.013384797208324));
#14626=CARTESIAN_POINT('',(0.0105751335489338,-0.00700000000000002,-0.013384797208324));
#14627=CARTESIAN_POINT('',(0.0106862326675471,-0.012,-0.0135706774243122));
#14628=CARTESIAN_POINT('',(0.0106862326675471,-0.00700000000000002,-0.0135706774243122));
#14629=CARTESIAN_POINT('',(0.0109501839446502,-0.012,-0.0141482988891126));
#14630=CARTESIAN_POINT('',(0.0109501839446502,-0.00700000000000002,-0.0141482988891126));
#14631=CARTESIAN_POINT('',(0.0111367690396643,-0.012,-0.0149217198849417));
#14632=CARTESIAN_POINT('',(0.0111367690396643,-0.00700000000000002,-0.0149217198849417));
#14633=CARTESIAN_POINT('',(0.0112039429914639,-0.012,-0.0153450859053974));
#14634=CARTESIAN_POINT('',(0.0112039429914639,-0.00700000000000002,-0.0153450859053974));
#14635=CARTESIAN_POINT('',(0.0105751335489906,-0.012,-0.0133847972084189));
#14636=CARTESIAN_POINT('',(0.0113450993938968,-0.012,-0.0127387191517964));
#14637=CARTESIAN_POINT('',(0.0113450993938968,-0.007,-0.0127387191517964));
#14638=CARTESIAN_POINT('',(0.011508863512246,-0.012,-0.0128804081859303));
#14639=CARTESIAN_POINT('',(0.011508863512246,-0.007,-0.0128804081859303));
#14640=CARTESIAN_POINT('',(0.0120318749508258,-0.012,-0.0132406523647827));
#14641=CARTESIAN_POINT('',(0.0120318749508258,-0.007,-0.0132406523647827));
#14642=CARTESIAN_POINT('',(0.012761145782132,-0.012,-0.0135587059594443));
#14643=CARTESIAN_POINT('',(0.012761145782132,-0.007,-0.0135587059594443));
#14644=CARTESIAN_POINT('',(0.0131664152871219,-0.012,-0.0136983761259152));
#14645=CARTESIAN_POINT('',(0.0131664152871219,-0.007,-0.0136983761259152));
#14646=CARTESIAN_POINT('',(0.0113450993939804,-0.007,-0.0127387191518688));
#14647=CARTESIAN_POINT('',(6.28886958956737E-16,-0.012,-7.51755363528713E-16));
#14648=CARTESIAN_POINT('',(0.0108777678025419,-0.012,-0.0127372158509614));
#14649=CARTESIAN_POINT('',(0.0106548043658214,-0.012,-0.0129243043884796));
#14650=CARTESIAN_POINT('',(0.0108828241714755,-0.0095,-0.0132008929839802));
#14651=CARTESIAN_POINT('',(0.0111105591720619,-0.0095,-0.0130098006289821));
#14652=CARTESIAN_POINT('',(0.0127387191517964,-0.012,-0.0113450993938968));
#14653=CARTESIAN_POINT('',(0.0127387191517964,-0.00699999999999998,-0.0113450993938968));
#14654=CARTESIAN_POINT('',(0.0128804081859303,-0.012,-0.011508863512246));
#14655=CARTESIAN_POINT('',(0.0128804081859303,-0.00699999999999998,-0.011508863512246));
#14656=CARTESIAN_POINT('',(0.0132406523647827,-0.012,-0.0120318749508258));
#14657=CARTESIAN_POINT('',(0.0132406523647827,-0.00699999999999999,-0.0120318749508258));
#14658=CARTESIAN_POINT('',(0.0135587059594443,-0.012,-0.0127611457821321));
#14659=CARTESIAN_POINT('',(0.0135587059594443,-0.00699999999999999,-0.0127611457821321));
#14660=CARTESIAN_POINT('',(0.0136983761259152,-0.012,-0.0131664152871219));
#14661=CARTESIAN_POINT('',(0.0136983761259152,-0.00699999999999998,-0.0131664152871219));
#14662=CARTESIAN_POINT('',(0.0127387191518688,-0.012,-0.0113450993939804));
#14663=CARTESIAN_POINT('',(0.013384797208324,-0.012,-0.0105751335489339));
#14664=CARTESIAN_POINT('',(0.013384797208324,-0.007,-0.0105751335489339));
#14665=CARTESIAN_POINT('',(0.0135706774243122,-0.012,-0.0106862326675471));
#14666=CARTESIAN_POINT('',(0.0135706774243122,-0.007,-0.0106862326675471));
#14667=CARTESIAN_POINT('',(0.0141482988891126,-0.012,-0.0109501839446502));
#14668=CARTESIAN_POINT('',(0.0141482988891126,-0.007,-0.0109501839446502));
#14669=CARTESIAN_POINT('',(0.0149217198849417,-0.012,-0.0111367690396643));
#14670=CARTESIAN_POINT('',(0.0149217198849417,-0.007,-0.0111367690396643));
#14671=CARTESIAN_POINT('',(0.0153450859053974,-0.012,-0.0112039429914639));
#14672=CARTESIAN_POINT('',(0.0153450859053974,-0.007,-0.0112039429914639));
#14673=CARTESIAN_POINT('',(0.0133847972084189,-0.007,-0.0105751335489906));
#14674=CARTESIAN_POINT('',(7.49873701876967E-16,-0.012,-6.31129435990253E-16));
#14675=CARTESIAN_POINT('',(0.0129243043884796,-0.012,-0.0106548043658214));
#14676=CARTESIAN_POINT('',(0.0127372158509614,-0.012,-0.0108777678025419));
#14677=CARTESIAN_POINT('',(0.0130098006289821,-0.0095,-0.0111105591720619));
#14678=CARTESIAN_POINT('',(0.0132008929839802,-0.0095,-0.0108828241714755));
#14679=CARTESIAN_POINT('',(0.0080902278644627,-0.012,-0.0150178047326104));
#14680=CARTESIAN_POINT('',(0.0080902278644627,-0.007,-0.0150178047326104));
#14681=CARTESIAN_POINT('',(0.0081673613770552,-0.012,-0.0152201531699348));
#14682=CARTESIAN_POINT('',(0.0081673613770552,-0.007,-0.0152201531699348));
#14683=CARTESIAN_POINT('',(0.00832699972641978,-0.012,-0.0158348339250381));
#14684=CARTESIAN_POINT('',(0.00832699972641978,-0.00700000000000001,-0.0158348339250381));
#14685=CARTESIAN_POINT('',(0.00837644702809134,-0.012,-0.0166289050798027));
#14686=CARTESIAN_POINT('',(0.00837644702809134,-0.007,-0.0166289050798027));
#14687=CARTESIAN_POINT('',(0.00836908371868567,-0.012,-0.0170575038534256));
#14688=CARTESIAN_POINT('',(0.00836908371868567,-0.007,-0.0170575038534256));
#14689=CARTESIAN_POINT('',(0.00809022786450207,-0.012,-0.0150178047327137));
#14690=CARTESIAN_POINT('',(0.00896068647528341,-0.012,-0.0145152452193346));
#14691=CARTESIAN_POINT('',(0.00896068647528341,-0.00699999999999999,-0.0145152452193346));
#14692=CARTESIAN_POINT('',(0.00909735860612622,-0.012,-0.014683219019385));
#14693=CARTESIAN_POINT('',(0.00909735860612622,-0.00699999999999999,-0.014683219019385));
#14694=CARTESIAN_POINT('',(0.00954986858058069,-0.012,-0.0151288102629046));
#14695=CARTESIAN_POINT('',(0.00954986858058069,-0.00699999999999999,-0.0151288102629046));
#14696=CARTESIAN_POINT('',(0.0102128307221836,-0.012,-0.0155686684596831));
#14697=CARTESIAN_POINT('',(0.0102128307221836,-0.00699999999999999,-0.0155686684596831));
#14698=CARTESIAN_POINT('',(0.0105876898028747,-0.012,-0.0157765910334934));
#14699=CARTESIAN_POINT('',(0.0105876898028747,-0.00699999999999999,-0.0157765910334934));
#14700=CARTESIAN_POINT('',(0.00896068647535319,-0.007,-0.0145152452194204));
#14701=CARTESIAN_POINT('',(4.88791804020764E-16,-0.012,-8.49539584752923E-16));
#14702=CARTESIAN_POINT('',(0.00850071574634005,-0.012,-0.0144326134778122));
#14703=CARTESIAN_POINT('',(0.00824865204161702,-0.012,-0.014578142525587));
#14704=CARTESIAN_POINT('',(0.00842517860849344,-0.0095,-0.0148901243425546));
#14705=CARTESIAN_POINT('',(0.00868263664191459,-0.0095,-0.0147414808776538));
#14706=CARTESIAN_POINT('',(0.00535950470018267,-0.012,-0.0161945038594723));
#14707=CARTESIAN_POINT('',(0.00535950470018267,-0.007,-0.0161945038594723));
#14708=CARTESIAN_POINT('',(0.00540032894400571,-0.012,-0.016407172263258));
#14709=CARTESIAN_POINT('',(0.00540032894400571,-0.007,-0.016407172263258));
#14710=CARTESIAN_POINT('',(0.00545080383516739,-0.012,-0.0170402355449642));
#14711=CARTESIAN_POINT('',(0.00545080383516739,-0.007,-0.0170402355449642));
#14712=CARTESIAN_POINT('',(0.00536161091225628,-0.012,-0.017830829408445));
#14713=CARTESIAN_POINT('',(0.00536161091225628,-0.007,-0.017830829408445));
#14714=CARTESIAN_POINT('',(0.00527993407207589,-0.012,-0.0182516381783809));
#14715=CARTESIAN_POINT('',(0.00527993407207589,-0.007,-0.0182516381783809));
#14716=CARTESIAN_POINT('',(0.00535950470020351,-0.012,-0.0161945038595809));
#14717=CARTESIAN_POINT('',(0.00630400763244466,-0.012,-0.0158507329059518));
#14718=CARTESIAN_POINT('',(0.00630400763244466,-0.007,-0.0158507329059518));
#14719=CARTESIAN_POINT('',(0.00640943506224478,-0.012,-0.016039887673003));
#14720=CARTESIAN_POINT('',(0.00640943506224478,-0.007,-0.016039887673003));
#14721=CARTESIAN_POINT('',(0.00677769428598149,-0.012,-0.0165572869167355));
#14722=CARTESIAN_POINT('',(0.00677769428598149,-0.007,-0.0165572869167355));
#14723=CARTESIAN_POINT('',(0.00735420396868299,-0.012,-0.0171055848469008));
#14724=CARTESIAN_POINT('',(0.00735420396868299,-0.007,-0.0171055848469008));
#14725=CARTESIAN_POINT('',(0.00768726272159678,-0.012,-0.017375442205859));
#14726=CARTESIAN_POINT('',(0.00768726272159678,-0.007,-0.017375442205859));
#14727=CARTESIAN_POINT('',(0.00630400763249849,-0.007,-0.0158507329060484));
#14728=CARTESIAN_POINT('',(3.33844957460206E-16,-0.012,-9.21510975582187E-16));
#14729=CARTESIAN_POINT('',(0.00586537374375538,-0.012,-0.0156894834473944));
#14730=CARTESIAN_POINT('',(0.00559186859914746,-0.012,-0.0157890311789505));
#14731=CARTESIAN_POINT('',(0.00571153825683835,-0.0095,-0.0161269268077468));
#14732=CARTESIAN_POINT('',(0.00599089659102889,-0.0095,-0.0160252486894073));
#14733=CARTESIAN_POINT('',(0.,0.,0.));
#14734=CARTESIAN_POINT('',(0.000100903409024451,0.,-0.00775110012027199));
#14735=CARTESIAN_POINT('',(0.00052991679588325,-3.46944695195361E-18,-0.00778021221219172));
#14736=CARTESIAN_POINT('',(0.000106500651895695,0.,-0.00818106368951041));
#14737=CARTESIAN_POINT('',(0.,0.,5.62220458073058E-19));
#14738=CARTESIAN_POINT('',(0.00433342291109714,0.,-0.00693992733061797));
#14739=CARTESIAN_POINT('',(0.0041056757558875,0.,-0.00657519286104604));
#14740=CARTESIAN_POINT('',(0.00376050591373399,5.20417042793042E-18,-0.00683162565939235));
#14741=CARTESIAN_POINT('',(0.00376050591373399,0.,-0.00683162565939235));
#14742=CARTESIAN_POINT('',(0.00354074524682948,0.,-0.00653581812152608));
#14743=CARTESIAN_POINT('',(0.002129972015548,0.,-0.00758390657929084));
#14744=CARTESIAN_POINT('',(0.00175410607830679,0.,-0.00586707947016719));
#14745=CARTESIAN_POINT('',(0.00184606811965527,0.,-0.00628713063723023));
#14746=CARTESIAN_POINT('',(0.0016963347054919,0.,-0.00588404267575906));
#14747=CARTESIAN_POINT('',(0.00230832296962337,0.,-0.00753153801413348));
#14748=CARTESIAN_POINT('',(0.000554865604212457,-8.67361737988404E-19,-0.00741255148932379));
#14749=CARTESIAN_POINT('',(0.00052929375470291,-3.46944695195361E-18,-0.0077893937236979));
#14750=CARTESIAN_POINT('',(0.,0.,0.));
#14751=CARTESIAN_POINT('',(0.00427544645452056,0.,-0.00646608785796797));
#14752=CARTESIAN_POINT('',(0.00465209466702072,0.,-0.00625863635997281));
#14753=CARTESIAN_POINT('',(0.00451261101040929,0.,-0.00682477013161708));
#14754=CARTESIAN_POINT('',(0.,0.,5.62220458073058E-19));
#14755=CARTESIAN_POINT('',(0.00739751531831979,0.,-0.00349541307943765));
#14756=CARTESIAN_POINT('',(0.00700873187762383,0.,-0.00331170832653069));
#14757=CARTESIAN_POINT('',(0.00685699456620578,0.,-0.00371404622969621));
#14758=CARTESIAN_POINT('',(0.00685699456620578,0.,-0.00371404622969621));
#14759=CARTESIAN_POINT('',(0.00651219449971349,0.,-0.00358400868002796));
#14760=CARTESIAN_POINT('',(0.005892015935446,0.,-0.00522843839084664));
#14761=CARTESIAN_POINT('',(0.00464763057616439,0.,-0.00398735998759983));
#14762=CARTESIAN_POINT('',(0.0049520907746693,0.,-0.00429101108265194));
#14763=CARTESIAN_POINT('',(0.00460820120602521,0.,-0.00403286390645631));
#14764=CARTESIAN_POINT('',(0.00601374172177006,0.,-0.00508795934479342));
#14765=CARTESIAN_POINT('',(0.00447431054640996,0.,-0.00593585213384726));
#14766=CARTESIAN_POINT('',(0.00465653443131284,0.,-0.00626669718045716));
#14767=CARTESIAN_POINT('',(0.,0.,0.));
#14768=CARTESIAN_POINT('',(0.00709256545956748,0.,-0.00312813838795272));
#14769=CARTESIAN_POINT('',(0.00729726535150929,-3.46944695195361E-18,-0.0027499876848739));
#14770=CARTESIAN_POINT('',(0.0074859992577037,0.,-0.00330166027845679));
#14771=CARTESIAN_POINT('',(0.,0.,5.62220458073058E-19));
#14772=CARTESIAN_POINT('',(0.00811294888032146,0.,0.00105887012705547));
#14773=CARTESIAN_POINT('',(0.00768656514954763,0.,0.00100322020224527));
#14774=CARTESIAN_POINT('',(0.00777643589311567,0.,0.000582716635731823));
#14775=CARTESIAN_POINT('',(0.00777643589311567,0.,0.000582716635731823));
#14776=CARTESIAN_POINT('',(0.00741606801190603,0.,0.000505698193983807));
#14777=CARTESIAN_POINT('',(0.00778338642683512,0.,-0.00121297795568898));
#14778=CARTESIAN_POINT('',(0.00606556520467822,0.,-0.000841681882308905));
#14779=CARTESIAN_POINT('',(0.00648585959852723,0.,-0.000932525828167166));
#14780=CARTESIAN_POINT('',(0.00605699638363933,0.,-0.000901279341708385));
#14781=CARTESIAN_POINT('',(0.00780983996832329,0.,-0.00102898953328428));
#14782=CARTESIAN_POINT('',(0.00697319350408992,-8.67361737988404E-19,-0.00257456166660123));
#14783=CARTESIAN_POINT('',(0.007305358327481,-3.46944695195361E-18,-0.00275436856078768));
#14784=CARTESIAN_POINT('',(0.,0.,0.));
#14785=CARTESIAN_POINT('',(0.00765784504487455,0.,0.00120297291786783));
#14786=CARTESIAN_POINT('',(0.00762560584690682,-3.46944695195361E-18,0.00163176264968799));
#14787=CARTESIAN_POINT('',(0.0080826356342204,0.,0.00126970338469677));
#14788=CARTESIAN_POINT('',(0.,0.,5.62220458073058E-19));
#14789=CARTESIAN_POINT('',(0.00625257849617863,0.,0.00527696954982729));
#14790=CARTESIAN_POINT('',(0.00592396829716413,0.,0.00499963340522358));
#14791=CARTESIAN_POINT('',(0.00622691376963173,0.,0.004694471086594));
#14792=CARTESIAN_POINT('',(0.00622691376963173,0.,0.004694471086594));
#14793=CARTESIAN_POINT('',(0.00596539232975105,0.,0.00443484946449843));
#14794=CARTESIAN_POINT('',(0.00720358672248461,0.,0.00318759440990725));
#14795=CARTESIAN_POINT('',(0.00555772573794248,0.,0.0025712242735751));
#14796=CARTESIAN_POINT('',(0.00596041382674681,0.,0.00272202978784804));
#14797=CARTESIAN_POINT('',(0.00558273800613934,0.,0.00251645504589643));
#14798=CARTESIAN_POINT('',(0.0071263692066262,0.,0.00335667718454999));
#14799=CARTESIAN_POINT('',(0.00725813679445222,-8.67361737988404E-19,0.00160413393880722));
#14800=CARTESIAN_POINT('',(0.00763478257186934,-3.46944695195361E-18,0.00163245261549362));
#14801=CARTESIAN_POINT('',(0.,0.,0.));
#14802=CARTESIAN_POINT('',(0.00579181293618146,0.,0.00515214882206582));
#14803=CARTESIAN_POINT('',(0.00553287036586766,-3.46944695195361E-18,0.00549543987245787));
#14804=CARTESIAN_POINT('',(0.0061130923060465,0.,0.00543794519450453));
#14805=CARTESIAN_POINT('',(0.,0.,5.62220458073058E-19));
#14806=CARTESIAN_POINT('',(0.00240705861810762,0.,0.00781966842581408));
#14807=CARTESIAN_POINT('',(0.00228055336719085,0.,0.00740869832776498));
#14808=CARTESIAN_POINT('',(0.00270039052155997,1.7347234759768E-18,0.00731576413701024));
#14809=CARTESIAN_POINT('',(0.00270039052155997,0.,0.00731576413701025));
#14810=CARTESIAN_POINT('',(0.00262074673234814,0.,0.00695596736518373));
#14811=CARTESIAN_POINT('',(0.00433669913185682,0.,0.00657612807282377));
#14812=CARTESIAN_POINT('',(0.00328534761842359,0.,0.00516778489000158));
#14813=CARTESIAN_POINT('',(0.00354257877924592,0.,0.00551236017916492));
#14814=CARTESIAN_POINT('',(0.00333599975743192,0.,0.00513523273685082));
#14815=CARTESIAN_POINT('',(0.00418032657434397,0.,0.00667662261343729));
#14816=CARTESIAN_POINT('',(0.00523867293611992,-8.67361737988404E-19,0.00527352835291317));
#14817=CARTESIAN_POINT('',(0.00554021729448502,-3.46944695195361E-18,0.00550098162071469));
#14818=CARTESIAN_POINT('',(0.,0.,0.));
#14819=CARTESIAN_POINT('',(0.00208692114324543,0.,0.00746555387860193));
#14820=CARTESIAN_POINT('',(0.00168348763705941,3.46944695195361E-18,0.00761435376464506));
#14821=CARTESIAN_POINT('',(0.00220268536374906,0.,0.00787967782774178));
#14822=CARTESIAN_POINT('',(0.,0.,5.62220458073058E-19));
#14823=CARTESIAN_POINT('',(-0.00220268536374906,0.,0.00787967782774178));
#14824=CARTESIAN_POINT('',(-0.00208692114324543,0.,0.00746555387860193));
#14825=CARTESIAN_POINT('',(-0.00168348763705941,8.67361737988404E-19,0.00761435376464506));
#14826=CARTESIAN_POINT('',(-0.00168348763705941,0.,0.00761435376464506));
#14827=CARTESIAN_POINT('',(-0.00155596743526372,0.,0.00726861477593998));
#14828=CARTESIAN_POINT('',(9.29402085163271E-5,0.,0.00787678753731935));
#14829=CARTESIAN_POINT('',(-3.01051567877887E-5,0.,0.00612361031767575));
#14830=CARTESIAN_POINT('',(0.,0.,0.00655255516207278));
#14831=CARTESIAN_POINT('',(3.01051567877878E-5,0.,0.00612361031767576));
#14832=CARTESIAN_POINT('',(-9.29402085163271E-5,0.,0.00787678753731935));
#14833=CARTESIAN_POINT('',(0.00155596743526372,1.7347234759768E-18,0.00726861477593999));
#14834=CARTESIAN_POINT('',(0.00168667217140652,3.46944695195361E-18,0.00762298782943765));
#14835=CARTESIAN_POINT('',(0.,0.,0.));
#14836=CARTESIAN_POINT('',(-0.00228055336719085,0.,0.00740869832776498));
#14837=CARTESIAN_POINT('',(-0.00270039052155997,3.46944695195361E-18,0.00731576413701025));
#14838=CARTESIAN_POINT('',(-0.00240705861810762,0.,0.00781966842581408));
#14839=CARTESIAN_POINT('',(0.,0.,5.62220458073058E-19));
#14840=CARTESIAN_POINT('',(-0.0061130923060465,0.,0.00543794519450452));
#14841=CARTESIAN_POINT('',(-0.00579181293618146,0.,0.00515214882206582));
#14842=CARTESIAN_POINT('',(-0.00553287036586765,-1.7347234759768E-18,0.00549543987245787));
#14843=CARTESIAN_POINT('',(-0.00553287036586765,0.,0.00549543987245788));
#14844=CARTESIAN_POINT('',(-0.00523867293611991,0.,0.00527352835291318));
#14845=CARTESIAN_POINT('',(-0.00418032657434397,0.,0.00667662261343729));
#14846=CARTESIAN_POINT('',(-0.00333599975743192,0.,0.00513523273685082));
#14847=CARTESIAN_POINT('',(-0.00354257877924592,0.,0.00551236017916492));
#14848=CARTESIAN_POINT('',(-0.00328534761842359,0.,0.00516778489000158));
#14849=CARTESIAN_POINT('',(-0.00433669913185682,0.,0.00657612807282377));
#14850=CARTESIAN_POINT('',(-0.00262074673234815,1.7347234759768E-18,0.00695596736518371));
#14851=CARTESIAN_POINT('',(-0.00270237944863747,3.46944695195361E-18,0.00732474926377235));
#14852=CARTESIAN_POINT('',(0.,0.,0.));
#14853=CARTESIAN_POINT('',(-0.00592396829716413,0.,0.00499963340522358));
#14854=CARTESIAN_POINT('',(-0.00622691376963173,0.,0.004694471086594));
#14855=CARTESIAN_POINT('',(-0.00625257849617864,0.,0.00527696954982728));
#14856=CARTESIAN_POINT('',(0.,0.,5.62220458073058E-19));
#14857=CARTESIAN_POINT('',(-0.0080826356342204,0.,0.00126970338469677));
#14858=CARTESIAN_POINT('',(-0.00765784504487455,0.,0.00120297291786783));
#14859=CARTESIAN_POINT('',(-0.00762560584690682,0.,0.00163176264968798));
#14860=CARTESIAN_POINT('',(-0.00762560584690683,0.,0.00163176264968798));
#14861=CARTESIAN_POINT('',(-0.00725813679445223,0.,0.00160413393880721));
#14862=CARTESIAN_POINT('',(-0.0071263692066262,0.,0.00335667718454998));
#14863=CARTESIAN_POINT('',(-0.00558273800613933,0.,0.00251645504589643));
#14864=CARTESIAN_POINT('',(-0.00596041382674681,0.,0.00272202978784804));
#14865=CARTESIAN_POINT('',(-0.00555772573794249,0.,0.0025712242735751));
#14866=CARTESIAN_POINT('',(-0.00720358672248462,0.,0.00318759440990724));
#14867=CARTESIAN_POINT('',(-0.00596539232975104,0.,0.00443484946449841));
#14868=CARTESIAN_POINT('',(-0.00623344468783982,0.,0.00470095456106451));
#14869=CARTESIAN_POINT('',(0.,0.,0.));
#14870=CARTESIAN_POINT('',(-0.00768656514954763,0.,0.00100322020224526));
#14871=CARTESIAN_POINT('',(-0.00777643589311567,0.,0.000582716635731818));
#14872=CARTESIAN_POINT('',(-0.00811294888032147,0.,0.00105887012705546));
#14873=CARTESIAN_POINT('',(0.,0.,5.62220458073058E-19));
#14874=CARTESIAN_POINT('',(-0.00748599925770371,0.,-0.00330166027845679));
#14875=CARTESIAN_POINT('',(-0.00709256545956748,0.,-0.00312813838795273));
#14876=CARTESIAN_POINT('',(-0.0072972653515093,-1.7347234759768E-18,-0.00274998768487391));
#14877=CARTESIAN_POINT('',(-0.0072972653515093,0.,-0.00274998768487391));
#14878=CARTESIAN_POINT('',(-0.00697319350408992,0.,-0.00257456166660124));
#14879=CARTESIAN_POINT('',(-0.00780983996832329,0.,-0.00102898953328429));
#14880=CARTESIAN_POINT('',(-0.00605699638363932,0.,-0.000901279341708385));
#14881=CARTESIAN_POINT('',(-0.00648585959852722,0.,-0.000932525828167168));
#14882=CARTESIAN_POINT('',(-0.00606556520467822,0.,-0.000841681882308906));
#14883=CARTESIAN_POINT('',(-0.00778338642683512,0.,-0.00121297795568898));
#14884=CARTESIAN_POINT('',(-0.00741606801190603,0.,0.000505698193983802));
#14885=CARTESIAN_POINT('',(-0.00778543528206855,0.,0.0005846400005764));
#14886=CARTESIAN_POINT('',(0.,0.,0.));
#14887=CARTESIAN_POINT('',(-0.00700873187762383,0.,-0.00331170832653069));
#14888=CARTESIAN_POINT('',(-0.00685699456620578,0.,-0.00371404622969622));
#14889=CARTESIAN_POINT('',(-0.00739751531831979,0.,-0.00349541307943766));
#14890=CARTESIAN_POINT('',(0.,0.,5.62220458073058E-19));
#14891=CARTESIAN_POINT('',(-0.00451261101040929,0.,-0.00682477013161708));
#14892=CARTESIAN_POINT('',(-0.00427544645452056,0.,-0.00646608785796797));
#14893=CARTESIAN_POINT('',(-0.00465209466702072,0.,-0.00625863635997281));
#14894=CARTESIAN_POINT('',(-0.00465209466702072,0.,-0.00625863635997281));
#14895=CARTESIAN_POINT('',(-0.00447431054640996,0.,-0.00593585213384727));
#14896=CARTESIAN_POINT('',(-0.00601374172177006,0.,-0.00508795934479342));
#14897=CARTESIAN_POINT('',(-0.00460820120602521,0.,-0.00403286390645631));
#14898=CARTESIAN_POINT('',(-0.0049520907746693,0.,-0.00429101108265194));
#14899=CARTESIAN_POINT('',(-0.00464763057616439,0.,-0.00398735998759983));
#14900=CARTESIAN_POINT('',(-0.005892015935446,0.,-0.00522843839084664));
#14901=CARTESIAN_POINT('',(-0.00651219449971349,0.,-0.00358400868002797));
#14902=CARTESIAN_POINT('',(-0.00686560518349755,0.,-0.00371729362922587));
#14903=CARTESIAN_POINT('',(0.,-0.006,0.));
#14904=CARTESIAN_POINT('',(0.00228055336719085,-0.006,0.00740869832776498));
#14905=CARTESIAN_POINT('',(0.00270039052155997,-0.006,0.00731576413701025));
#14906=CARTESIAN_POINT('',(0.00240705861810762,-0.006,0.00781966842581408));
#14907=CARTESIAN_POINT('',(0.,-0.006,5.62220458073058E-19));
#14908=CARTESIAN_POINT('',(0.0061130923060465,-0.006,0.00543794519450453));
#14909=CARTESIAN_POINT('',(0.00579181293618146,-0.006,0.00515214882206582));
#14910=CARTESIAN_POINT('',(0.00553287036586765,-0.006,0.00549543987245787));
#14911=CARTESIAN_POINT('',(0.00553287036586765,-0.006,0.00549543987245788));
#14912=CARTESIAN_POINT('',(0.00523867293611992,-0.006,0.00527352835291318));
#14913=CARTESIAN_POINT('',(0.00418032657434397,-0.006,0.00667662261343729));
#14914=CARTESIAN_POINT('',(0.00333599975743192,-0.006,0.00513523273685082));
#14915=CARTESIAN_POINT('',(0.00354257877924592,-0.006,0.00551236017916492));
#14916=CARTESIAN_POINT('',(0.00328534761842359,-0.006,0.00516778489000158));
#14917=CARTESIAN_POINT('',(0.00433669913185682,-0.006,0.00657612807282377));
#14918=CARTESIAN_POINT('',(0.00262074673234815,-0.006,0.00695596736518372));
#14919=CARTESIAN_POINT('',(0.00270237944863747,-0.006,0.00732474926377234));
#14920=CARTESIAN_POINT('',(0.,-0.006,0.));
#14921=CARTESIAN_POINT('',(0.00592396829716413,-0.006,0.00499963340522358));
#14922=CARTESIAN_POINT('',(0.00622691376963173,-0.006,0.004694471086594));
#14923=CARTESIAN_POINT('',(0.00625257849617863,-0.006,0.00527696954982729));
#14924=CARTESIAN_POINT('',(0.,-0.006,5.62220458073058E-19));
#14925=CARTESIAN_POINT('',(0.00808263563422039,-0.006,0.00126970338469677));
#14926=CARTESIAN_POINT('',(0.00765784504487455,-0.006,0.00120297291786783));
#14927=CARTESIAN_POINT('',(0.00762560584690682,-0.006,0.00163176264968798));
#14928=CARTESIAN_POINT('',(0.00762560584690682,-0.006,0.00163176264968798));
#14929=CARTESIAN_POINT('',(0.00725813679445222,-0.006,0.00160413393880722));
#14930=CARTESIAN_POINT('',(0.0071263692066262,-0.006,0.00335667718454999));
#14931=CARTESIAN_POINT('',(0.00558273800613933,-0.006,0.00251645504589643));
#14932=CARTESIAN_POINT('',(0.00596041382674681,-0.006,0.00272202978784804));
#14933=CARTESIAN_POINT('',(0.00555772573794249,-0.006,0.0025712242735751));
#14934=CARTESIAN_POINT('',(0.00720358672248461,-0.006,0.00318759440990725));
#14935=CARTESIAN_POINT('',(0.00596539232975104,-0.006,0.00443484946449841));
#14936=CARTESIAN_POINT('',(0.00623344468783982,-0.006,0.00470095456106451));
#14937=CARTESIAN_POINT('',(0.,-0.006,0.));
#14938=CARTESIAN_POINT('',(0.00768656514954763,-0.006,0.00100322020224527));
#14939=CARTESIAN_POINT('',(0.00777643589311567,-0.006,0.000582716635731822));
#14940=CARTESIAN_POINT('',(0.00811294888032147,-0.006,0.00105887012705547));
#14941=CARTESIAN_POINT('',(0.,-0.006,5.62220458073058E-19));
#14942=CARTESIAN_POINT('',(0.00748599925770371,-0.006,-0.00330166027845679));
#14943=CARTESIAN_POINT('',(0.00709256545956748,-0.006,-0.00312813838795272));
#14944=CARTESIAN_POINT('',(0.00729726535150929,-0.006,-0.0027499876848739));
#14945=CARTESIAN_POINT('',(0.0072972653515093,-0.006,-0.0027499876848739));
#14946=CARTESIAN_POINT('',(0.00697319350408993,-0.006,-0.00257456166660123));
#14947=CARTESIAN_POINT('',(0.00780983996832329,-0.006,-0.00102898953328428));
#14948=CARTESIAN_POINT('',(0.00605699638363932,-0.006,-0.000901279341708384));
#14949=CARTESIAN_POINT('',(0.00648585959852723,-0.006,-0.000932525828167166));
#14950=CARTESIAN_POINT('',(0.00606556520467822,-0.006,-0.000841681882308906));
#14951=CARTESIAN_POINT('',(0.00778338642683512,-0.006,-0.00121297795568898));
#14952=CARTESIAN_POINT('',(0.00741606801190603,-0.006,0.000505698193983807));
#14953=CARTESIAN_POINT('',(0.00778543528206854,-0.006,0.000584640000576402));
#14954=CARTESIAN_POINT('',(0.,-0.006,0.));
#14955=CARTESIAN_POINT('',(0.00700873187762383,-0.006,-0.00331170832653069));
#14956=CARTESIAN_POINT('',(0.00685699456620578,-0.006,-0.00371404622969621));
#14957=CARTESIAN_POINT('',(0.00739751531831979,-0.006,-0.00349541307943765));
#14958=CARTESIAN_POINT('',(0.,-0.006,5.62220458073058E-19));
#14959=CARTESIAN_POINT('',(0.00451261101040929,-0.006,-0.00682477013161708));
#14960=CARTESIAN_POINT('',(0.00427544645452056,-0.006,-0.00646608785796797));
#14961=CARTESIAN_POINT('',(0.00465209466702072,-0.006,-0.00625863635997281));
#14962=CARTESIAN_POINT('',(0.00465209466702072,-0.006,-0.00625863635997281));
#14963=CARTESIAN_POINT('',(0.00447431054640996,-0.006,-0.00593585213384726));
#14964=CARTESIAN_POINT('',(0.00601374172177006,-0.006,-0.00508795934479342));
#14965=CARTESIAN_POINT('',(0.00460820120602521,-0.006,-0.00403286390645631));
#14966=CARTESIAN_POINT('',(0.0049520907746693,-0.006,-0.00429101108265194));
#14967=CARTESIAN_POINT('',(0.00464763057616439,-0.006,-0.00398735998759983));
#14968=CARTESIAN_POINT('',(0.005892015935446,-0.006,-0.00522843839084664));
#14969=CARTESIAN_POINT('',(0.00651219449971349,-0.006,-0.00358400868002796));
#14970=CARTESIAN_POINT('',(0.00686560518349755,-0.006,-0.00371729362922586));
#14971=CARTESIAN_POINT('',(0.,-0.006,0.));
#14972=CARTESIAN_POINT('',(0.0041056757558875,-0.006,-0.00657519286104604));
#14973=CARTESIAN_POINT('',(0.00376050591373399,-0.006,-0.00683162565939235));
#14974=CARTESIAN_POINT('',(0.00433342291109714,-0.006,-0.00693992733061797));
#14975=CARTESIAN_POINT('',(0.,-0.006,5.62220458073058E-19));
#14976=CARTESIAN_POINT('',(0.000106500651895695,-0.006,-0.0081810636895104));
#14977=CARTESIAN_POINT('',(0.000100903409024451,-0.006,-0.00775110012027199));
#14978=CARTESIAN_POINT('',(0.00052991679588325,-0.006,-0.00778021221219172));
#14979=CARTESIAN_POINT('',(0.000529916795883249,-0.006,-0.00778021221219172));
#14980=CARTESIAN_POINT('',(0.000554865604212453,-0.006,-0.0074125514893238));
#14981=CARTESIAN_POINT('',(0.00230832296962337,-0.006,-0.00753153801413348));
#14982=CARTESIAN_POINT('',(0.0016963347054919,-0.006,-0.00588404267575906));
#14983=CARTESIAN_POINT('',(0.00184606811965527,-0.006,-0.00628713063723023));
#14984=CARTESIAN_POINT('',(0.00175410607830679,-0.006,-0.00586707947016719));
#14985=CARTESIAN_POINT('',(0.002129972015548,-0.006,-0.00758390657929084));
#14986=CARTESIAN_POINT('',(0.00354074524682948,-0.006,-0.00653581812152609));
#14987=CARTESIAN_POINT('',(0.00376599394921423,-0.006,-0.00683901279689061));
#14988=CARTESIAN_POINT('',(0.,-0.006,0.));
#14989=CARTESIAN_POINT('',(-0.000100903409024448,-0.006,-0.00775110012027199));
#14990=CARTESIAN_POINT('',(-0.000529916795883247,-0.006,-0.00778021221219172));
#14991=CARTESIAN_POINT('',(-0.000106500651895689,-0.006,-0.00818106368951041));
#14992=CARTESIAN_POINT('',(0.,-0.006,5.62220458073058E-19));
#14993=CARTESIAN_POINT('',(-0.00433342291109714,-0.006,-0.00693992733061796));
#14994=CARTESIAN_POINT('',(-0.0041056757558875,-0.006,-0.00657519286104604));
#14995=CARTESIAN_POINT('',(-0.00376050591373399,-0.006,-0.00683162565939235));
#14996=CARTESIAN_POINT('',(-0.00376050591373399,-0.006,-0.00683162565939235));
#14997=CARTESIAN_POINT('',(-0.00354074524682948,-0.006,-0.00653581812152608));
#14998=CARTESIAN_POINT('',(-0.002129972015548,-0.006,-0.00758390657929084));
#14999=CARTESIAN_POINT('',(-0.00175410607830679,-0.006,-0.00586707947016719));
#15000=CARTESIAN_POINT('',(-0.00184606811965527,-0.006,-0.00628713063723023));
#15001=CARTESIAN_POINT('',(-0.0016963347054919,-0.006,-0.00588404267575906));
#15002=CARTESIAN_POINT('',(-0.00230832296962337,-0.006,-0.00753153801413348));
#15003=CARTESIAN_POINT('',(-0.000554865604212451,-0.006,-0.00741255148932379));
#15004=CARTESIAN_POINT('',(-0.000529293754702908,-0.006,-0.00778939372369789));
#15005=CARTESIAN_POINT('',(0.,-0.006,0.));
#15006=CARTESIAN_POINT('',(-0.00427544645452056,-0.006,-0.00646608785796797));
#15007=CARTESIAN_POINT('',(-0.00465209466702071,-0.006,-0.00625863635997281));
#15008=CARTESIAN_POINT('',(-0.00451261101040929,-0.006,-0.00682477013161708));
#15009=CARTESIAN_POINT('',(0.,-0.006,5.62220458073058E-19));
#15010=CARTESIAN_POINT('',(-0.00739751531831979,-0.006,-0.00349541307943766));
#15011=CARTESIAN_POINT('',(-0.00700873187762383,-0.006,-0.00331170832653069));
#15012=CARTESIAN_POINT('',(-0.00685699456620578,-0.006,-0.00371404622969621));
#15013=CARTESIAN_POINT('',(-0.00685699456620578,-0.006,-0.00371404622969621));
#15014=CARTESIAN_POINT('',(-0.00651219449971348,-0.006,-0.00358400868002796));
#15015=CARTESIAN_POINT('',(-0.005892015935446,-0.006,-0.00522843839084664));
#15016=CARTESIAN_POINT('',(-0.00464763057616439,-0.006,-0.00398735998759983));
#15017=CARTESIAN_POINT('',(-0.0049520907746693,-0.006,-0.00429101108265194));
#15018=CARTESIAN_POINT('',(-0.00460820120602521,-0.006,-0.00403286390645631));
#15019=CARTESIAN_POINT('',(-0.00601374172177006,-0.006,-0.00508795934479342));
#15020=CARTESIAN_POINT('',(-0.00447431054640996,-0.006,-0.00593585213384726));
#15021=CARTESIAN_POINT('',(-0.00465653443131283,-0.006,-0.00626669718045716));
#15022=CARTESIAN_POINT('',(0.,-0.006,0.));
#15023=CARTESIAN_POINT('',(-0.00709256545956748,-0.006,-0.00312813838795273));
#15024=CARTESIAN_POINT('',(-0.0072972653515093,-0.006,-0.00274998768487391));
#15025=CARTESIAN_POINT('',(-0.00748599925770371,-0.006,-0.00330166027845679));
#15026=CARTESIAN_POINT('',(0.,-0.006,5.62220458073058E-19));
#15027=CARTESIAN_POINT('',(-0.00811294888032147,-0.006,0.00105887012705545));
#15028=CARTESIAN_POINT('',(-0.00768656514954763,-0.006,0.00100322020224526));
#15029=CARTESIAN_POINT('',(-0.00777643589311567,-0.006,0.000582716635731816));
#15030=CARTESIAN_POINT('',(-0.00777643589311567,-0.006,0.000582716635731817));
#15031=CARTESIAN_POINT('',(-0.00741606801190604,-0.006,0.000505698193983808));
#15032=CARTESIAN_POINT('',(-0.00778338642683512,-0.006,-0.00121297795568898));
#15033=CARTESIAN_POINT('',(-0.00606556520467822,-0.006,-0.000841681882308907));
#15034=CARTESIAN_POINT('',(-0.00648585959852722,-0.006,-0.000932525828167168));
#15035=CARTESIAN_POINT('',(-0.00605699638363932,-0.006,-0.000901279341708385));
#15036=CARTESIAN_POINT('',(-0.00780983996832329,-0.006,-0.00102898953328429));
#15037=CARTESIAN_POINT('',(-0.00697319350408992,-0.006,-0.00257456166660123));
#15038=CARTESIAN_POINT('',(-0.007305358327481,-0.006,-0.00275436856078768));
#15039=CARTESIAN_POINT('',(0.,-0.006,0.));
#15040=CARTESIAN_POINT('',(-0.00765784504487455,-0.006,0.00120297291786783));
#15041=CARTESIAN_POINT('',(-0.00762560584690683,-0.006,0.00163176264968798));
#15042=CARTESIAN_POINT('',(-0.0080826356342204,-0.006,0.00126970338469677));
#15043=CARTESIAN_POINT('',(0.,-0.006,5.62220458073058E-19));
#15044=CARTESIAN_POINT('',(-0.00625257849617863,-0.006,0.00527696954982728));
#15045=CARTESIAN_POINT('',(-0.00592396829716413,-0.006,0.00499963340522358));
#15046=CARTESIAN_POINT('',(-0.00622691376963173,-0.006,0.004694471086594));
#15047=CARTESIAN_POINT('',(-0.00622691376963173,-0.006,0.004694471086594));
#15048=CARTESIAN_POINT('',(-0.00596539232975104,-0.006,0.00443484946449841));
#15049=CARTESIAN_POINT('',(-0.00720358672248462,-0.006,0.00318759440990724));
#15050=CARTESIAN_POINT('',(-0.00555772573794249,-0.006,0.0025712242735751));
#15051=CARTESIAN_POINT('',(-0.00596041382674681,-0.006,0.00272202978784804));
#15052=CARTESIAN_POINT('',(-0.00558273800613933,-0.006,0.00251645504589643));
#15053=CARTESIAN_POINT('',(-0.0071263692066262,-0.006,0.00335667718454998));
#15054=CARTESIAN_POINT('',(-0.00725813679445222,-0.006,0.00160413393880721));
#15055=CARTESIAN_POINT('',(-0.00763478257186933,-0.006,0.00163245261549361));
#15056=CARTESIAN_POINT('',(0.,-0.006,0.));
#15057=CARTESIAN_POINT('',(-0.00579181293618146,-0.006,0.00515214882206582));
#15058=CARTESIAN_POINT('',(-0.00553287036586764,-0.006,0.00549543987245788));
#15059=CARTESIAN_POINT('',(-0.0061130923060465,-0.006,0.00543794519450452));
#15060=CARTESIAN_POINT('',(0.,-0.006,5.62220458073058E-19));
#15061=CARTESIAN_POINT('',(-0.00240705861810762,-0.006,0.00781966842581407));
#15062=CARTESIAN_POINT('',(-0.00228055336719085,-0.006,0.00740869832776498));
#15063=CARTESIAN_POINT('',(-0.00270039052155997,-0.006,0.00731576413701024));
#15064=CARTESIAN_POINT('',(-0.00270039052155997,-0.006,0.00731576413701025));
#15065=CARTESIAN_POINT('',(-0.00262074673234815,-0.006,0.00695596736518373));
#15066=CARTESIAN_POINT('',(-0.00433669913185682,-0.006,0.00657612807282377));
#15067=CARTESIAN_POINT('',(-0.00328534761842359,-0.006,0.00516778489000158));
#15068=CARTESIAN_POINT('',(-0.00354257877924592,-0.006,0.00551236017916492));
#15069=CARTESIAN_POINT('',(-0.00333599975743192,-0.006,0.00513523273685082));
#15070=CARTESIAN_POINT('',(-0.00418032657434397,-0.006,0.00667662261343729));
#15071=CARTESIAN_POINT('',(-0.00523867293611991,-0.006,0.00527352835291318));
#15072=CARTESIAN_POINT('',(-0.005540217294485,-0.006,0.00550098162071469));
#15073=CARTESIAN_POINT('',(0.,-0.006,5.0098811811569E-19));
#15074=CARTESIAN_POINT('',(0.,-0.006,5.0098811811569E-19));
#15075=CARTESIAN_POINT('',(-0.0061130923060465,-0.006,0.00543794519450452));
#15076=CARTESIAN_POINT('',(0.,0.,5.0098811811569E-19));
#15077=CARTESIAN_POINT('',(-0.00625257849617864,-0.006,0.00527696954982728));
#15078=CARTESIAN_POINT('',(-0.00354257877924592,0.017916676135453,0.00551236017916492));
#15079=CARTESIAN_POINT('',(-0.00333599975743192,0.017916676135453,0.00513523273685082));
#15080=CARTESIAN_POINT('',(-0.00328534761842359,0.017916676135453,0.00516778489000158));
#15081=CARTESIAN_POINT('',(-0.00579181293618146,-0.006,0.00515214882206582));
#15082=CARTESIAN_POINT('',(-0.00553287036586764,0.017916676135453,0.00549543987245788));
#15083=CARTESIAN_POINT('',(-0.00228055336719085,-0.006,0.00740869832776498));
#15084=CARTESIAN_POINT('',(-0.00270039052155997,0.017916676135453,0.00731576413701025));
#15085=CARTESIAN_POINT('',(-0.00240705861810762,-0.006,0.00781966842581408));
#15086=CARTESIAN_POINT('',(-0.00270237944863747,0.017916676135453,0.00732474926377235));
#15087=CARTESIAN_POINT('',(-0.00262074673234815,0.017916676135453,0.00695596736518371));
#15088=CARTESIAN_POINT('',(-0.005540217294485,0.017916676135453,0.00550098162071469));
#15089=CARTESIAN_POINT('',(-0.00523867293611992,0.017916676135453,0.00527352835291318));
#15090=CARTESIAN_POINT('',(-0.00418032657434397,0.017916676135453,0.00667662261343729));
#15091=CARTESIAN_POINT('',(-0.00433669913185682,0.017916676135453,0.00657612807282377));
#15092=CARTESIAN_POINT('',(0.,-0.006,5.0098811811569E-19));
#15093=CARTESIAN_POINT('',(0.,-0.006,5.0098811811569E-19));
#15094=CARTESIAN_POINT('',(-0.0080826356342204,-0.006,0.00126970338469677));
#15095=CARTESIAN_POINT('',(0.,0.,5.0098811811569E-19));
#15096=CARTESIAN_POINT('',(-0.00811294888032147,-0.006,0.00105887012705545));
#15097=CARTESIAN_POINT('',(-0.00596041382674681,0.017916676135453,0.00272202978784804));
#15098=CARTESIAN_POINT('',(-0.00558273800613933,0.017916676135453,0.00251645504589643));
#15099=CARTESIAN_POINT('',(-0.00555772573794249,0.017916676135453,0.0025712242735751));
#15100=CARTESIAN_POINT('',(-0.00765784504487455,-0.006,0.00120297291786783));
#15101=CARTESIAN_POINT('',(-0.00762560584690683,0.017916676135453,0.00163176264968798));
#15102=CARTESIAN_POINT('',(-0.00592396829716413,-0.006,0.00499963340522358));
#15103=CARTESIAN_POINT('',(-0.00622691376963173,0.017916676135453,0.004694471086594));
#15104=CARTESIAN_POINT('',(-0.00623344468783982,0.017916676135453,0.00470095456106451));
#15105=CARTESIAN_POINT('',(-0.00596539232975104,0.017916676135453,0.00443484946449841));
#15106=CARTESIAN_POINT('',(-0.00763478257186933,0.017916676135453,0.00163245261549361));
#15107=CARTESIAN_POINT('',(-0.00725813679445222,0.017916676135453,0.00160413393880721));
#15108=CARTESIAN_POINT('',(-0.0071263692066262,0.017916676135453,0.00335667718454998));
#15109=CARTESIAN_POINT('',(-0.00720358672248462,0.017916676135453,0.00318759440990724));
#15110=CARTESIAN_POINT('',(0.,-0.006,5.0098811811569E-19));
#15111=CARTESIAN_POINT('',(0.,-0.006,5.0098811811569E-19));
#15112=CARTESIAN_POINT('',(-0.00748599925770371,-0.006,-0.00330166027845678));
#15113=CARTESIAN_POINT('',(0.,0.,5.0098811811569E-19));
#15114=CARTESIAN_POINT('',(-0.00739751531831979,-0.006,-0.00349541307943766));
#15115=CARTESIAN_POINT('',(-0.00648585959852722,0.017916676135453,-0.000932525828167168));
#15116=CARTESIAN_POINT('',(-0.00605699638363932,0.017916676135453,-0.000901279341708385));
#15117=CARTESIAN_POINT('',(-0.00606556520467822,0.017916676135453,-0.000841681882308906));
#15118=CARTESIAN_POINT('',(-0.00709256545956748,-0.006,-0.00312813838795273));
#15119=CARTESIAN_POINT('',(-0.0072972653515093,0.017916676135453,-0.00274998768487391));
#15120=CARTESIAN_POINT('',(-0.00768656514954763,-0.006,0.00100322020224526));
#15121=CARTESIAN_POINT('',(-0.00777643589311567,0.017916676135453,0.000582716635731818));
#15122=CARTESIAN_POINT('',(-0.00778543528206855,0.017916676135453,0.0005846400005764));
#15123=CARTESIAN_POINT('',(-0.00741606801190603,0.017916676135453,0.000505698193983802));
#15124=CARTESIAN_POINT('',(-0.007305358327481,0.017916676135453,-0.00275436856078768));
#15125=CARTESIAN_POINT('',(-0.00697319350408992,0.017916676135453,-0.00257456166660124));
#15126=CARTESIAN_POINT('',(-0.00780983996832329,0.017916676135453,-0.00102898953328429));
#15127=CARTESIAN_POINT('',(-0.00778338642683512,0.017916676135453,-0.00121297795568898));
#15128=CARTESIAN_POINT('',(0.,-0.006,5.0098811811569E-19));
#15129=CARTESIAN_POINT('',(0.,-0.006,5.0098811811569E-19));
#15130=CARTESIAN_POINT('',(-0.00451261101040929,-0.006,-0.00682477013161708));
#15131=CARTESIAN_POINT('',(0.,0.,5.0098811811569E-19));
#15132=CARTESIAN_POINT('',(-0.00433342291109714,0.,-0.00693992733061797));
#15133=CARTESIAN_POINT('',(-0.00433342291109714,-0.006,-0.00693992733061796));
#15134=CARTESIAN_POINT('',(-0.0049520907746693,0.017916676135453,-0.00429101108265194));
#15135=CARTESIAN_POINT('',(-0.00460820120602521,0.017916676135453,-0.00403286390645631));
#15136=CARTESIAN_POINT('',(-0.00464763057616439,0.017916676135453,-0.00398735998759983));
#15137=CARTESIAN_POINT('',(-0.00427544645452056,-0.006,-0.00646608785796797));
#15138=CARTESIAN_POINT('',(-0.00465209466702071,0.017916676135453,-0.00625863635997281));
#15139=CARTESIAN_POINT('',(-0.00700873187762383,-0.006,-0.00331170832653069));
#15140=CARTESIAN_POINT('',(-0.00685699456620578,0.017916676135453,-0.00371404622969622));
#15141=CARTESIAN_POINT('',(-0.00686560518349755,0.017916676135453,-0.00371729362922587));
#15142=CARTESIAN_POINT('',(-0.00651219449971349,0.017916676135453,-0.00358400868002797));
#15143=CARTESIAN_POINT('',(-0.00465653443131283,0.017916676135453,-0.00626669718045716));
#15144=CARTESIAN_POINT('',(-0.00447431054640996,0.017916676135453,-0.00593585213384726));
#15145=CARTESIAN_POINT('',(-0.00601374172177006,0.017916676135453,-0.00508795934479342));
#15146=CARTESIAN_POINT('',(-0.005892015935446,0.017916676135453,-0.00522843839084664));
#15147=CARTESIAN_POINT('',(0.,-0.006,5.0098811811569E-19));
#15148=CARTESIAN_POINT('',(0.,-0.006,5.0098811811569E-19));
#15149=CARTESIAN_POINT('',(-0.000106500651895688,-0.006,-0.0081810636895104));
#15150=CARTESIAN_POINT('',(-0.000106500651895689,0.,-0.0081810636895104));
#15151=CARTESIAN_POINT('',(0.,0.,5.0098811811569E-19));
#15152=CARTESIAN_POINT('',(0.000106500651895697,-0.006,-0.0081810636895104));
#15153=CARTESIAN_POINT('',(-0.00184606811965527,0.017916676135453,-0.00628713063723023));
#15154=CARTESIAN_POINT('',(-0.00184606811965527,0.,-0.00628713063723023));
#15155=CARTESIAN_POINT('',(-0.0016963347054919,0.,-0.00588404267575906));
#15156=CARTESIAN_POINT('',(-0.00175410607830679,0.,-0.00586707947016719));
#15157=CARTESIAN_POINT('',(-0.0016963347054919,0.017916676135453,-0.00588404267575906));
#15158=CARTESIAN_POINT('',(-0.00175410607830679,0.017916676135453,-0.00586707947016719));
#15159=CARTESIAN_POINT('',(-0.000100903409024448,-0.006,-0.00775110012027199));
#15160=CARTESIAN_POINT('',(-0.000100903409024448,0.,-0.00775110012027199));
#15161=CARTESIAN_POINT('',(-0.000529916795883247,-1.7347234759768E-18,-0.00778021221219172));
#15162=CARTESIAN_POINT('',(-0.000529916795883247,0.017916676135453,-0.00778021221219172));
#15163=CARTESIAN_POINT('',(-0.0041056757558875,-0.006,-0.00657519286104604));
#15164=CARTESIAN_POINT('',(-0.0041056757558875,0.,-0.00657519286104604));
#15165=CARTESIAN_POINT('',(-0.00376050591373399,1.04083408558608E-17,-0.00683162565939235));
#15166=CARTESIAN_POINT('',(-0.00376050591373399,0.017916676135453,-0.00683162565939235));
#15167=CARTESIAN_POINT('',(-0.00376599394921423,0.017916676135453,-0.00683901279689061));
#15168=CARTESIAN_POINT('',(-0.00376599394921423,1.04083408558608E-17,-0.00683901279689061));
#15169=CARTESIAN_POINT('',(-0.00354074524682948,-2.60208521396521E-18,-0.00653581812152609));
#15170=CARTESIAN_POINT('',(-0.00354074524682948,0.017916676135453,-0.00653581812152609));
#15171=CARTESIAN_POINT('',(-0.000529293754702908,0.017916676135453,-0.00778939372369789));
#15172=CARTESIAN_POINT('',(-0.000529916795883247,0.,-0.00778021221219172));
#15173=CARTESIAN_POINT('',(-0.00055486560421245,0.,-0.0074125514893238));
#15174=CARTESIAN_POINT('',(-0.000554865604212449,0.017916676135453,-0.00741255148932379));
#15175=CARTESIAN_POINT('',(-0.00230832296962337,0.017916676135453,-0.00753153801413348));
#15176=CARTESIAN_POINT('',(-0.00230832296962337,0.,-0.00753153801413348));
#15177=CARTESIAN_POINT('',(-0.002129972015548,0.017916676135453,-0.00758390657929084));
#15178=CARTESIAN_POINT('',(-0.002129972015548,0.,-0.00758390657929084));
#15179=CARTESIAN_POINT('',(0.,-0.006,5.0098811811569E-19));
#15180=CARTESIAN_POINT('',(0.,-0.006,5.0098811811569E-19));
#15181=CARTESIAN_POINT('',(0.00433342291109713,-0.006,-0.00693992733061797));
#15182=CARTESIAN_POINT('',(0.,0.,5.0098811811569E-19));
#15183=CARTESIAN_POINT('',(0.00451261101040929,-0.006,-0.00682477013161708));
#15184=CARTESIAN_POINT('',(0.00184606811965527,0.017916676135453,-0.00628713063723023));
#15185=CARTESIAN_POINT('',(0.00175410607830678,0.017916676135453,-0.00586707947016719));
#15186=CARTESIAN_POINT('',(0.0016963347054919,0.017916676135453,-0.00588404267575906));
#15187=CARTESIAN_POINT('',(0.0041056757558875,-0.006,-0.00657519286104604));
#15188=CARTESIAN_POINT('',(0.00376050591373399,0.017916676135453,-0.00683162565939235));
#15189=CARTESIAN_POINT('',(0.000100903409024451,-0.006,-0.00775110012027199));
#15190=CARTESIAN_POINT('',(0.00052991679588325,0.017916676135453,-0.00778021221219172));
#15191=CARTESIAN_POINT('',(0.00052929375470291,0.017916676135453,-0.0077893937236979));
#15192=CARTESIAN_POINT('',(0.000554865604212457,0.017916676135453,-0.00741255148932379));
#15193=CARTESIAN_POINT('',(0.00376599394921423,0.017916676135453,-0.00683901279689061));
#15194=CARTESIAN_POINT('',(0.00354074524682948,0.017916676135453,-0.00653581812152609));
#15195=CARTESIAN_POINT('',(0.002129972015548,0.017916676135453,-0.00758390657929084));
#15196=CARTESIAN_POINT('',(0.00230832296962337,0.017916676135453,-0.00753153801413348));
#15197=CARTESIAN_POINT('',(0.,-0.006,5.0098811811569E-19));
#15198=CARTESIAN_POINT('',(0.,-0.006,5.0098811811569E-19));
#15199=CARTESIAN_POINT('',(0.00739751531831979,-0.006,-0.00349541307943766));
#15200=CARTESIAN_POINT('',(0.,0.,5.0098811811569E-19));
#15201=CARTESIAN_POINT('',(0.0074859992577037,-0.006,-0.00330166027845679));
#15202=CARTESIAN_POINT('',(0.0049520907746693,0.017916676135453,-0.00429101108265194));
#15203=CARTESIAN_POINT('',(0.00464763057616439,0.017916676135453,-0.00398735998759983));
#15204=CARTESIAN_POINT('',(0.00460820120602521,0.017916676135453,-0.00403286390645631));
#15205=CARTESIAN_POINT('',(0.00700873187762383,-0.006,-0.00331170832653069));
#15206=CARTESIAN_POINT('',(0.00685699456620578,0.017916676135453,-0.00371404622969621));
#15207=CARTESIAN_POINT('',(0.00427544645452056,-0.006,-0.00646608785796797));
#15208=CARTESIAN_POINT('',(0.00465209466702072,0.017916676135453,-0.00625863635997281));
#15209=CARTESIAN_POINT('',(0.00465653443131284,0.017916676135453,-0.00626669718045716));
#15210=CARTESIAN_POINT('',(0.00447431054640996,0.017916676135453,-0.00593585213384725));
#15211=CARTESIAN_POINT('',(0.00686560518349755,0.017916676135453,-0.00371729362922586));
#15212=CARTESIAN_POINT('',(0.00651219449971349,0.017916676135453,-0.00358400868002796));
#15213=CARTESIAN_POINT('',(0.005892015935446,0.017916676135453,-0.00522843839084664));
#15214=CARTESIAN_POINT('',(0.00601374172177006,0.017916676135453,-0.00508795934479342));
#15215=CARTESIAN_POINT('',(0.,-0.006,5.0098811811569E-19));
#15216=CARTESIAN_POINT('',(0.,-0.006,5.0098811811569E-19));
#15217=CARTESIAN_POINT('',(0.00811294888032146,-0.006,0.00105887012705547));
#15218=CARTESIAN_POINT('',(0.,0.,5.0098811811569E-19));
#15219=CARTESIAN_POINT('',(0.00808263563422039,-0.006,0.00126970338469677));
#15220=CARTESIAN_POINT('',(0.00648585959852723,0.017916676135453,-0.000932525828167166));
#15221=CARTESIAN_POINT('',(0.00606556520467822,0.017916676135453,-0.000841681882308907));
#15222=CARTESIAN_POINT('',(0.00605699638363932,0.017916676135453,-0.000901279341708383));
#15223=CARTESIAN_POINT('',(0.00768656514954763,-0.006,0.00100322020224527));
#15224=CARTESIAN_POINT('',(0.00777643589311567,0.017916676135453,0.000582716635731822));
#15225=CARTESIAN_POINT('',(0.00709256545956748,-0.006,-0.00312813838795272));
#15226=CARTESIAN_POINT('',(0.00729726535150929,0.017916676135453,-0.0027499876848739));
#15227=CARTESIAN_POINT('',(0.007305358327481,0.017916676135453,-0.00275436856078768));
#15228=CARTESIAN_POINT('',(0.00697319350408991,0.017916676135453,-0.00257456166660123));
#15229=CARTESIAN_POINT('',(0.00778543528206854,0.017916676135453,0.000584640000576402));
#15230=CARTESIAN_POINT('',(0.00741606801190603,0.017916676135453,0.000505698193983808));
#15231=CARTESIAN_POINT('',(0.00778338642683512,0.017916676135453,-0.00121297795568898));
#15232=CARTESIAN_POINT('',(0.00780983996832329,0.017916676135453,-0.00102898953328428));
#15233=CARTESIAN_POINT('',(0.,-0.006,5.0098811811569E-19));
#15234=CARTESIAN_POINT('',(0.,-0.006,5.0098811811569E-19));
#15235=CARTESIAN_POINT('',(0.00625257849617863,-0.006,0.00527696954982729));
#15236=CARTESIAN_POINT('',(0.,0.,5.0098811811569E-19));
#15237=CARTESIAN_POINT('',(0.0061130923060465,-0.006,0.00543794519450453));
#15238=CARTESIAN_POINT('',(0.00596041382674681,0.017916676135453,0.00272202978784804));
#15239=CARTESIAN_POINT('',(0.00555772573794248,0.017916676135453,0.0025712242735751));
#15240=CARTESIAN_POINT('',(0.00558273800613933,0.017916676135453,0.00251645504589643));
#15241=CARTESIAN_POINT('',(0.00592396829716413,-0.006,0.00499963340522358));
#15242=CARTESIAN_POINT('',(0.00622691376963173,0.017916676135453,0.004694471086594));
#15243=CARTESIAN_POINT('',(0.00765784504487455,-0.006,0.00120297291786783));
#15244=CARTESIAN_POINT('',(0.00762560584690682,0.017916676135453,0.00163176264968799));
#15245=CARTESIAN_POINT('',(0.00763478257186934,0.017916676135453,0.00163245261549362));
#15246=CARTESIAN_POINT('',(0.00725813679445222,0.017916676135453,0.00160413393880722));
#15247=CARTESIAN_POINT('',(0.00623344468783982,0.017916676135453,0.00470095456106451));
#15248=CARTESIAN_POINT('',(0.00596539232975103,0.017916676135453,0.00443484946449842));
#15249=CARTESIAN_POINT('',(0.00720358672248461,0.017916676135453,0.00318759440990725));
#15250=CARTESIAN_POINT('',(0.0071263692066262,0.017916676135453,0.00335667718454999));
#15251=CARTESIAN_POINT('',(0.,-0.006,5.0098811811569E-19));
#15252=CARTESIAN_POINT('',(0.,-0.006,5.0098811811569E-19));
#15253=CARTESIAN_POINT('',(0.00220268536374906,-0.006,0.00787967782774178));
#15254=CARTESIAN_POINT('',(0.00240705861810762,-0.006,0.00781966842581408));
#15255=CARTESIAN_POINT('',(0.,0.,5.0098811811569E-19));
#15256=CARTESIAN_POINT('',(0.00220268536374906,-0.006,0.00787967782774178));
#15257=CARTESIAN_POINT('',(0.00354257877924592,0.017916676135453,0.00551236017916492));
#15258=CARTESIAN_POINT('',(0.00328534761842359,0.017916676135453,0.00516778489000158));
#15259=CARTESIAN_POINT('',(0.00333599975743192,0.017916676135453,0.00513523273685082));
#15260=CARTESIAN_POINT('',(0.00228055336719085,-0.006,0.00740869832776498));
#15261=CARTESIAN_POINT('',(0.00270039052155997,0.017916676135453,0.00731576413701025));
#15262=CARTESIAN_POINT('',(0.00579181293618146,-0.006,0.00515214882206582));
#15263=CARTESIAN_POINT('',(0.00553287036586766,0.017916676135453,0.00549543987245787));
#15264=CARTESIAN_POINT('',(0.00554021729448502,0.017916676135453,0.00550098162071469));
#15265=CARTESIAN_POINT('',(0.00523867293611992,0.017916676135453,0.00527352835291317));
#15266=CARTESIAN_POINT('',(0.00270237944863747,0.017916676135453,0.00732474926377234));
#15267=CARTESIAN_POINT('',(0.00262074673234814,0.017916676135453,0.00695596736518371));
#15268=CARTESIAN_POINT('',(0.00433669913185682,0.017916676135453,0.00657612807282377));
#15269=CARTESIAN_POINT('',(0.00418032657434397,0.017916676135453,0.00667662261343729));
#15270=CARTESIAN_POINT('',(0.,-0.006,5.0098811811569E-19));
#15271=CARTESIAN_POINT('',(0.,-0.006,5.0098811811569E-19));
#15272=CARTESIAN_POINT('',(-0.00220268536374906,-0.006,0.00787967782774178));
#15273=CARTESIAN_POINT('',(-0.00220268536374905,-0.006,0.00787967782774178));
#15274=CARTESIAN_POINT('',(0.,0.,5.0098811811569E-19));
#15275=CARTESIAN_POINT('',(0.00168667217140652,0.017916676135453,0.00762298782943765));
#15276=CARTESIAN_POINT('',(0.0016834876370594,-0.006,0.00761435376464506));
#15277=CARTESIAN_POINT('',(0.0016834876370594,-0.006,0.00761435376464506));
#15278=CARTESIAN_POINT('',(0.00155596743526373,-0.006,0.00726861477594));
#15279=CARTESIAN_POINT('',(0.00168348763705941,0.017916676135453,0.00761435376464506));
#15280=CARTESIAN_POINT('',(0.00155596743526372,0.017916676135453,0.00726861477593999));
#15281=CARTESIAN_POINT('',(-0.00168667217140652,0.017916676135453,0.00762298782943765));
#15282=CARTESIAN_POINT('',(-0.00168348763705941,0.017916676135453,0.00761435376464506));
#15283=CARTESIAN_POINT('',(-0.00168348763705941,-0.006,0.00761435376464506));
#15284=CARTESIAN_POINT('',(-0.00168667217140652,-0.006,0.00762298782943765));
#15285=CARTESIAN_POINT('',(-0.00155596743526373,-0.006,0.00726861477593999));
#15286=CARTESIAN_POINT('',(-0.00155596743526373,0.017916676135453,0.00726861477593999));
#15287=CARTESIAN_POINT('',(9.29402085163271E-5,0.017916676135453,0.00787678753731935));
#15288=CARTESIAN_POINT('',(9.29402085163271E-5,-0.006,0.00787678753731935));
#15289=CARTESIAN_POINT('',(-3.01051567877882E-5,-0.006,0.00612361031767576));
#15290=CARTESIAN_POINT('',(-3.01051567877889E-5,0.017916676135453,0.00612361031767575));
#15291=CARTESIAN_POINT('',(-9.29402085163271E-5,0.017916676135453,0.00787678753731935));
#15292=CARTESIAN_POINT('',(3.0105156787788E-5,0.017916676135453,0.00612361031767575));
#15293=CARTESIAN_POINT('',(3.01051567877883E-5,-0.006,0.00612361031767575));
#15294=CARTESIAN_POINT('',(-9.29402085163271E-5,-0.006,0.00787678753731935));
#15295=CARTESIAN_POINT('',(0.00208692114324543,-0.006,0.00746555387860193));
#15296=CARTESIAN_POINT('',(0.00208692114324543,-0.006,0.00746555387860193));
#15297=CARTESIAN_POINT('',(-0.00208692114324543,-0.006,0.00746555387860193));
#15298=CARTESIAN_POINT('',(-0.00208692114324543,-0.006,0.00746555387860193));
#15299=CARTESIAN_POINT('',(0.,0.017916676135453,0.00655255516207278));
#15300=CARTESIAN_POINT('',(0.,-0.006,0.00655255516207278));
#15301=CARTESIAN_POINT('',(0.,0.001,0.));
#15302=CARTESIAN_POINT('',(0.,0.001,8.68382157859896E-19));
#15303=CARTESIAN_POINT('',(0.,0.001,0.005));
#15304=CARTESIAN_POINT('',(0.,0.001,5.62220458073058E-19));
#15305=CARTESIAN_POINT('',(0.,0.001,-0.00918175687005424));
#15306=CARTESIAN_POINT('',(0.,0.,0.));
#15307=CARTESIAN_POINT('',(0.,0.,5.62220458073058E-19));
#15308=CARTESIAN_POINT('',(0.,-0.006,0.));
#15309=CARTESIAN_POINT('',(0.,-0.006,5.62220458073058E-19));
#15310=CARTESIAN_POINT('',(0.,-0.007,5.62220458073058E-19));
#15311=CARTESIAN_POINT('',(0.,0.,5.62220458073058E-19));
#15312=CARTESIAN_POINT('',(0.,0.0015,8.68382157859896E-19));
#15313=CARTESIAN_POINT('',(0.,0.0015,8.68382157859896E-19));
#15314=CARTESIAN_POINT('',(0.,0.0015,0.005));
#15315=CARTESIAN_POINT('',(0.,0.0015,0.));
#15316=MECHANICAL_DESIGN_GEOMETRIC_PRESENTATION_REPRESENTATION('',(#6197),
#15317);
#15317=(
GEOMETRIC_REPRESENTATION_CONTEXT(3)
GLOBAL_UNCERTAINTY_ASSIGNED_CONTEXT((#15318))
GLOBAL_UNIT_ASSIGNED_CONTEXT((#15321,#15320,#15319))
REPRESENTATION_CONTEXT('Drive input gear 4','TOP_LEVEL_ASSEMBLY_PART')
);
#15318=UNCERTAINTY_MEASURE_WITH_UNIT(LENGTH_MEASURE(2.E-5),#15321,
'DISTANCE_ACCURACY_VALUE','Maximum Tolerance applied to model');
#15319=(
NAMED_UNIT(*)
SI_UNIT($,.STERADIAN.)
SOLID_ANGLE_UNIT()
);
#15320=(
NAMED_UNIT(*)
PLANE_ANGLE_UNIT()
SI_UNIT($,.RADIAN.)
);
#15321=(
LENGTH_UNIT()
NAMED_UNIT(*)
SI_UNIT($,.METRE.)
);
#15322=PRODUCT_DEFINITION_SHAPE('','',#15323);
#15323=PRODUCT_DEFINITION('','',#15325,#15324);
#15324=PRODUCT_DEFINITION_CONTEXT('',#15331,'design');
#15325=PRODUCT_DEFINITION_FORMATION_WITH_SPECIFIED_SOURCE('','',#15327,
 .NOT_KNOWN.);
#15326=PRODUCT_RELATED_PRODUCT_CATEGORY('','',(#15327));
#15327=PRODUCT('Drive input gear 4','Drive input gear 4',
'Drive input gear 4',(#15329));
#15328=PRODUCT_CATEGORY('','');
#15329=PRODUCT_CONTEXT('',#15331,'mechanical');
#15330=APPLICATION_PROTOCOL_DEFINITION('international standard',
'ap242_managed_model_based_3d_engineering',2020,#15331);
#15331=APPLICATION_CONTEXT('managed model based 3d engineering');
ENDSEC;
END-ISO-10303-21;
